# Joint_A_Angle(deg), Cam_X(mm), Cam_Y(mm), Cam_Z(mm), Torso_X(mm), Torso_Y(mm), Torso_Z(mm), EE_X(mm), EE_Y(mm), EE_Z(mm), T_cam2marker_flat(16), T_torso2marker_flat(16), T_ee2marker_flat(16)
0.0000, 65.2018, -10.9154, 222.2317, 293.7317, -32.7018, 267.9888, 3.9614, -44.0955, -43.8112, 0.932640, 0.060706, -0.355664, 0.065202, -0.083226, 0.995357, -0.048347, -0.010915, 0.351078, 0.074690, 0.933363, 0.222232, 0.000000, 0.000000, 0.000000, 1.000000, 0.351078, 0.074690, 0.933363, 0.293732, -0.932640, -0.060706, 0.355664, -0.032702, 0.083226, -0.995357, 0.048347, 0.267989, 0.000000, 0.000000, 0.000000, 1.000000, -0.998571, 0.022612, 0.048414, 0.003961, 0.048020, -0.017668, 0.998690, -0.044096, 0.023438, 0.999588, 0.016557, -0.043811, 0.000000, 0.000000, 0.000000, 1.000000
0.0905, 65.1728, -10.9108, 222.2020, 293.7020, -32.6728, 267.9843, 3.9286, -44.1213, -43.8118, 0.932889, 0.060244, -0.355089, 0.065173, -0.082870, 0.995363, -0.048846, -0.010911, 0.350499, 0.074994, 0.933556, 0.222202, 0.000000, 0.000000, 0.000000, 1.000000, 0.350499, 0.074994, 0.933556, 0.293702, -0.932889, -0.060244, 0.355089, -0.032673, 0.082870, -0.995363, 0.048846, 0.267984, 0.000000, 0.000000, 0.000000, 1.000000, -0.998519, 0.022931, 0.049337, 0.003929, 0.048947, -0.017272, 0.998652, -0.044121, 0.023752, 0.999588, 0.016124, -0.043812, 0.000000, 0.000000, 0.000000, 1.000000
0.4157, 64.9374, -10.8782, 222.0635, 293.5635, -32.4374, 267.9516, 3.9466, -44.2047, -43.8112, 0.934338, 0.059891, -0.351320, 0.064937, -0.082619, 0.995324, -0.050050, -0.010878, 0.346679, 0.075789, 0.934917, 0.222063, 0.000000, 0.000000, 0.000000, 1.000000, 0.346679, 0.075789, 0.934917, 0.293563, -0.934338, -0.059891, 0.351320, -0.032437, 0.082619, -0.995324, 0.050050, 0.267952, 0.000000, 0.000000, 0.000000, 1.000000, -0.998441, 0.022924, 0.050898, 0.003947, 0.050526, -0.016538, 0.998586, -0.044205, 0.023733, 0.999600, 0.015354, -0.043811, 0.000000, 0.000000, 0.000000, 1.000000
0.6658, 64.8444, -10.8824, 222.0666, 293.5666, -32.3444, 267.9558, 3.8408, -44.1903, -43.8222, 0.935004, 0.060117, -0.349506, 0.064844, -0.082503, 0.995361, -0.049504, -0.010882, 0.344908, 0.075122, 0.935626, 0.222067, 0.000000, 0.000000, 0.000000, 1.000000, 0.344908, 0.075122, 0.935626, 0.293567, -0.935004, -0.060117, 0.349506, -0.032344, 0.082503, -0.995361, 0.049504, 0.267956, 0.000000, 0.000000, 0.000000, 1.000000, -0.998313, 0.022836, 0.053380, 0.003841, 0.052990, -0.017344, 0.998444, -0.044190, 0.023726, 0.999589, 0.016104, -0.043822, 0.000000, 0.000000, 0.000000, 1.000000
0.8314, 64.6640, -10.8653, 222.0263, 293.5263, -32.1640, 267.9387, 3.8980, -44.1871, -43.8230, 0.936390, 0.060206, -0.345760, 0.064664, -0.082282, 0.995378, -0.049512, -0.010865, 0.341181, 0.074812, 0.937016, 0.222026, 0.000000, 0.000000, 0.000000, 1.000000, 0.341181, 0.074812, 0.937016, 0.293526, -0.936390, -0.060206, 0.345760, -0.032164, 0.082282, -0.995378, 0.049512, 0.267939, 0.000000, 0.000000, 0.000000, 1.000000, -0.998371, 0.022792, 0.052298, 0.003898, 0.051900, -0.017732, 0.998495, -0.044187, 0.023685, 0.999583, 0.016520, -0.043823, 0.000000, 0.000000, 0.000000, 1.000000
0.9303, 64.5504, -10.8541, 221.9191, 293.4191, -32.0504, 267.9276, 3.9620, -44.2631, -43.8312, 0.936886, 0.059803, -0.344482, 0.064550, -0.081900, 0.995389, -0.049940, -0.010854, 0.339907, 0.075001, 0.937464, 0.221919, 0.000000, 0.000000, 0.000000, 1.000000, 0.339907, 0.075001, 0.937464, 0.293419, -0.936886, -0.059803, 0.344482, -0.032050, 0.081900, -0.995389, 0.049940, 0.267928, 0.000000, 0.000000, 0.000000, 1.000000, -0.998347, 0.023092, 0.052632, 0.003962, 0.052235, -0.017473, 0.998482, -0.044263, 0.023977, 0.999581, 0.016238, -0.043831, 0.000000, 0.000000, 0.000000, 1.000000
1.0485, 64.4813, -10.8483, 221.9310, 293.4310, -31.9813, 267.9217, 3.9337, -44.2398, -43.8295, 0.937808, 0.059886, -0.341951, 0.064481, -0.081613, 0.995434, -0.049493, -0.010848, 0.337426, 0.074323, 0.938413, 0.221931, 0.000000, 0.000000, 0.000000, 1.000000, 0.337426, 0.074323, 0.938413, 0.293431, -0.937808, -0.059886, 0.341951, -0.031981, 0.081613, -0.995434, 0.049493, 0.267922, 0.000000, 0.000000, 0.000000, 1.000000, -0.998375, 0.023176, 0.052054, 0.003934, 0.051639, -0.018195, 0.998500, -0.044240, 0.024088, 0.999566, 0.016969, -0.043830, 0.000000, 0.000000, 0.000000, 1.000000
1.5170, 63.9776, -10.8118, 221.7519, 293.2519, -31.4776, 267.8852, 4.1071, -44.2997, -43.8496, 0.940794, 0.059687, -0.333683, 0.063978, -0.081209, 0.995396, -0.050911, -0.010812, 0.329108, 0.074995, 0.941310, 0.221752, 0.000000, 0.000000, 0.000000, 1.000000, 0.329108, 0.074995, 0.941310, 0.293252, -0.940794, -0.059687, 0.333683, -0.031478, 0.081209, -0.995396, 0.050911, 0.267885, 0.000000, 0.000000, 0.000000, 1.000000, -0.998414, 0.023022, 0.051369, 0.004107, 0.050968, -0.017684, 0.998544, -0.044300, 0.023897, 0.999579, 0.016483, -0.043850, 0.000000, 0.000000, 0.000000, 1.000000
2.0000, 63.5844, -10.7774, 221.6619, 293.1619, -31.0844, 267.8509, 4.1384, -44.3119, -43.8546, 0.943632, 0.059724, -0.325564, 0.063584, -0.080752, 0.995405, -0.051452, -0.010777, 0.320995, 0.074841, 0.944119, 0.221662, 0.000000, 0.000000, 0.000000, 1.000000, 0.320995, 0.074841, 0.944119, 0.293162, -0.943632, -0.059724, 0.325564, -0.031084, 0.080752, -0.995405, 0.051452, 0.267851, 0.000000, 0.000000, 0.000000, 1.000000, -0.998427, 0.022876, 0.051196, 0.004138, 0.050789, -0.018037, 0.998547, -0.044312, 0.023766, 0.999576, 0.016847, -0.043855, 0.000000, 0.000000, 0.000000, 1.000000
2.1995, 63.4897, -10.7653, 221.6162, 293.1162, -30.9897, 267.8388, 4.0882, -44.3447, -43.8543, 0.944084, 0.059921, -0.324215, 0.063490, -0.080845, 0.995398, -0.051444, -0.010765, 0.319641, 0.074779, 0.944584, 0.221616, 0.000000, 0.000000, 0.000000, 1.000000, 0.319641, 0.074779, 0.944584, 0.293116, -0.944084, -0.059921, 0.324215, -0.030990, 0.080845, -0.995398, 0.051444, 0.267839, 0.000000, 0.000000, 0.000000, 1.000000, -0.998324, 0.022640, 0.053257, 0.004088, 0.052850, -0.018230, 0.998436, -0.044345, 0.023575, 0.999577, 0.017003, -0.043854, 0.000000, 0.000000, 0.000000, 1.000000
2.6082, 62.9784, -10.7211, 221.4112, 292.9112, -30.4784, 267.7946, 4.3207, -44.4359, -43.8698, 0.947190, 0.059786, -0.315050, 0.062978, -0.080073, 0.995440, -0.051837, -0.010721, 0.310514, 0.074326, 0.947659, 0.221411, 0.000000, 0.000000, 0.000000, 1.000000, 0.310514, 0.074326, 0.947659, 0.292911, -0.947190, -0.059786, 0.315050, -0.030478, 0.080073, -0.995440, 0.051837, 0.267795, 0.000000, 0.000000, 0.000000, 1.000000, -0.998453, 0.022761, 0.050736, 0.004321, 0.050313, -0.018793, 0.998557, -0.044436, 0.023682, 0.999564, 0.017619, -0.043870, 0.000000, 0.000000, 0.000000, 1.000000
2.8613, 62.8718, -10.7112, 221.3581, 292.8581, -30.3718, 267.7847, 4.2419, -44.4778, -43.8734, 0.947716, 0.059670, -0.313488, 0.062872, -0.080130, 0.995386, -0.052779, -0.010711, 0.308892, 0.075139, 0.948124, 0.221358, 0.000000, 0.000000, 0.000000, 1.000000, 0.308892, 0.075139, 0.948124, 0.292858, -0.947716, -0.059670, 0.313488, -0.030372, 0.080130, -0.995386, 0.052779, 0.267785, 0.000000, 0.000000, 0.000000, 1.000000, -0.998316, 0.022572, 0.053432, 0.004242, 0.053029, -0.018079, 0.998429, -0.044478, 0.023503, 0.999582, 0.016851, -0.043873, 0.000000, 0.000000, 0.000000, 1.000000
3.2928, 62.3847, -10.6751, 221.2092, 292.7092, -29.8847, 267.7486, 4.4167, -44.5298, -43.8896, 0.950559, 0.059505, -0.304790, 0.062385, -0.079251, 0.995455, -0.052817, -0.010675, 0.300262, 0.074360, 0.950954, 0.221209, 0.000000, 0.000000, 0.000000, 1.000000, 0.300262, 0.074360, 0.950954, 0.292709, -0.950559, -0.059505, 0.304790, -0.029885, 0.079251, -0.995455, 0.052817, 0.267749, 0.000000, 0.000000, 0.000000, 1.000000, -0.998394, 0.022795, 0.051863, 0.004417, 0.051435, -0.018961, 0.998496, -0.044530, 0.023744, 0.999560, 0.017758, -0.043890, 0.000000, 0.000000, 0.000000, 1.000000
3.5020, 62.2735, -10.6568, 221.1315, 292.6315, -29.7735, 267.7302, 4.3823, -44.5938, -43.8876, 0.951094, 0.059466, -0.303125, 0.062273, -0.079128, 0.995455, -0.052987, -0.010657, 0.298597, 0.074381, 0.951477, 0.221132, 0.000000, 0.000000, 0.000000, 1.000000, 0.298597, 0.074381, 0.951477, 0.292632, -0.951094, -0.059466, 0.303125, -0.029773, 0.079128, -0.995455, 0.052987, 0.267730, 0.000000, 0.000000, 0.000000, 1.000000, -0.998295, 0.022758, 0.053757, 0.004382, 0.053329, -0.019015, 0.998396, -0.044594, 0.023744, 0.999560, 0.017768, -0.043888, 0.000000, 0.000000, 0.000000, 1.000000
3.9810, 61.7730, -10.6200, 220.9445, 292.4445, -29.2730, 267.6935, 4.5416, -44.6895, -43.9079, 0.954005, 0.059121, -0.293903, 0.061773, -0.078265, 0.995480, -0.053798, -0.010620, 0.289394, 0.074326, 0.954320, 0.220945, 0.000000, 0.000000, 0.000000, 1.000000, 0.289394, 0.074326, 0.954320, 0.292445, -0.954005, -0.059121, 0.293903, -0.029273, 0.078265, -0.995480, 0.053798, 0.267693, 0.000000, 0.000000, 0.000000, 1.000000, -0.998361, 0.022944, 0.052435, 0.004542, 0.051999, -0.019177, 0.998463, -0.044690, 0.023914, 0.999553, 0.017952, -0.043908, 0.000000, 0.000000, 0.000000, 1.000000
4.1968, 61.6743, -10.6208, 220.9626, 292.4626, -29.1743, 267.6943, 4.4645, -44.6650, -43.9145, 0.954744, 0.059218, -0.291475, 0.061674, -0.078039, 0.995521, -0.053363, -0.010621, 0.287009, 0.073694, 0.955089, 0.220963, 0.000000, 0.000000, 0.000000, 1.000000, 0.287009, 0.073694, 0.955089, 0.292463, -0.954744, -0.059218, 0.291475, -0.029174, 0.078039, -0.995521, 0.053363, 0.267694, 0.000000, 0.000000, 0.000000, 1.000000, -0.998293, 0.022929, 0.053708, 0.004464, 0.053256, -0.019901, 0.998383, -0.044665, 0.023961, 0.999539, 0.018646, -0.043914, 0.000000, 0.000000, 0.000000, 1.000000
4.6547, 61.2744, -10.5747, 220.8622, 292.3622, -28.7744, 267.6482, 4.5221, -44.7067, -43.9092, 0.956916, 0.059181, -0.284270, 0.061274, -0.077652, 0.995509, -0.054145, -0.010575, 0.279789, 0.073886, 0.957214, 0.220862, 0.000000, 0.000000, 0.000000, 1.000000, 0.279789, 0.073886, 0.957214, 0.292362, -0.956916, -0.059181, 0.284270, -0.028774, 0.077652, -0.995509, 0.054145, 0.267648, 0.000000, 0.000000, 0.000000, 1.000000, -0.998274, 0.022761, 0.054146, 0.004522, 0.053697, -0.019887, 0.998359, -0.044707, 0.023800, 0.999543, 0.018631, -0.043909, 0.000000, 0.000000, 0.000000, 1.000000
4.7435, 61.1812, -10.5726, 220.8359, 292.3359, -28.6812, 267.6461, 4.5499, -44.7174, -43.9169, 0.957540, 0.059378, -0.282118, 0.061181, -0.077919, 0.995444, -0.054954, -0.010573, 0.277570, 0.074603, 0.957805, 0.220836, 0.000000, 0.000000, 0.000000, 1.000000, 0.277570, 0.074603, 0.957805, 0.292336, -0.957540, -0.059378, 0.282118, -0.028681, 0.077919, -0.995444, 0.054954, 0.267646, 0.000000, 0.000000, 0.000000, 1.000000, -0.998323, 0.022369, 0.053395, 0.004550, 0.052968, -0.019270, 0.998410, -0.044717, 0.023362, 0.999564, 0.018053, -0.043917, 0.000000, 0.000000, 0.000000, 1.000000
4.8586, 61.1045, -10.5665, 220.8732, 292.3732, -28.6045, 267.6400, 4.5267, -44.6731, -43.9131, 0.958302, 0.059534, -0.279488, 0.061105, -0.077570, 0.995528, -0.053910, -0.010567, 0.275029, 0.073342, 0.958634, 0.220873, 0.000000, 0.000000, 0.000000, 1.000000, 0.275029, 0.073342, 0.958634, 0.292373, -0.958302, -0.059534, 0.279488, -0.028605, 0.077570, -0.995528, 0.053910, 0.267640, 0.000000, 0.000000, 0.000000, 1.000000, -0.998354, 0.022467, 0.052767, 0.004527, 0.052307, -0.020581, 0.998419, -0.044673, 0.023517, 0.999536, 0.019372, -0.043913, 0.000000, 0.000000, 0.000000, 1.000000
5.3380, 60.6858, -10.5285, 220.7320, 292.2320, -28.1858, 267.6020, 4.5936, -44.7567, -43.9214, 0.960187, 0.059296, -0.272993, 0.060686, -0.077047, 0.995523, -0.054758, -0.010529, 0.268523, 0.073611, 0.960456, 0.220732, 0.000000, 0.000000, 0.000000, 1.000000, 0.268523, 0.073611, 0.960456, 0.292232, -0.960187, -0.059296, 0.272993, -0.028186, 0.077047, -0.995523, 0.054758, 0.267602, 0.000000, 0.000000, 0.000000, 1.000000, -0.998270, 0.022467, 0.054333, 0.004594, 0.053877, -0.020453, 0.998338, -0.044757, 0.023541, 0.999538, 0.019207, -0.043921, 0.000000, 0.000000, 0.000000, 1.000000
5.4237, 60.5783, -10.5143, 220.7034, 292.2034, -28.0783, 267.5877, 4.6387, -44.7687, -43.9183, 0.960965, 0.059099, -0.270284, 0.060578, -0.076675, 0.995542, -0.054927, -0.010514, 0.265833, 0.073507, 0.961213, 0.220703, 0.000000, 0.000000, 0.000000, 1.000000, 0.265833, 0.073507, 0.961213, 0.292203, -0.960965, -0.059099, 0.270284, -0.028078, 0.076675, -0.995542, 0.054927, 0.267588, 0.000000, 0.000000, 0.000000, 1.000000, -0.998337, 0.022652, 0.053016, 0.004639, 0.052553, -0.020546, 0.998407, -0.044769, 0.023705, 0.999532, 0.019321, -0.043918, 0.000000, 0.000000, 0.000000, 1.000000
5.5512, 60.3646, -10.5043, 220.6120, 292.1120, -27.8646, 267.5778, 4.7672, -44.8220, -43.9338, 0.961891, 0.059328, -0.266920, 0.060365, -0.076679, 0.995535, -0.055047, -0.010504, 0.262463, 0.073416, 0.962145, 0.220612, 0.000000, 0.000000, 0.000000, 1.000000, 0.262463, 0.073416, 0.962145, 0.292112, -0.961891, -0.059328, 0.266920, -0.027865, 0.076679, -0.995535, 0.055047, 0.267578, 0.000000, 0.000000, 0.000000, 1.000000, -0.998408, 0.022401, 0.051756, 0.004767, 0.051294, -0.020734, 0.998468, -0.044822, 0.023440, 0.999534, 0.019552, -0.043934, 0.000000, 0.000000, 0.000000, 1.000000
6.0732, 59.8805, -10.4679, 220.4715, 291.9715, -27.3805, 267.5414, 4.8628, -44.9016, -43.9486, 0.964484, 0.059483, -0.257355, 0.059881, -0.076220, 0.995542, -0.055549, -0.010468, 0.252903, 0.073192, 0.964719, 0.220472, 0.000000, 0.000000, 0.000000, 1.000000, 0.252903, 0.073192, 0.964719, 0.291972, -0.964484, -0.059483, 0.257355, -0.027381, 0.076220, -0.995542, 0.055549, 0.267541, 0.000000, 0.000000, 0.000000, 1.000000, -0.998456, 0.022104, 0.050960, 0.004863, 0.050493, -0.021190, 0.998500, -0.044902, 0.023150, 0.999531, 0.020042, -0.043949, 0.000000, 0.000000, 0.000000, 1.000000
6.2402, 59.7723, -10.4558, 220.4796, 291.9796, -27.2723, 267.5293, 4.8371, -44.8864, -43.9441, 0.965015, 0.058916, -0.255489, 0.059772, -0.075556, 0.995579, -0.055803, -0.010456, 0.251072, 0.073155, 0.965200, 0.220480, 0.000000, 0.000000, 0.000000, 1.000000, 0.251072, 0.073155, 0.965200, 0.291980, -0.965015, -0.058916, 0.255489, -0.027272, 0.075556, -0.995579, 0.055803, 0.267529, 0.000000, 0.000000, 0.000000, 1.000000, -0.998395, 0.022605, 0.051930, 0.004837, 0.051454, -0.021177, 0.998451, -0.044886, 0.023670, 0.999520, 0.019980, -0.043944, 0.000000, 0.000000, 0.000000, 1.000000
6.6437, 59.4556, -10.4311, 220.3147, 291.8147, -26.9556, 267.5045, 4.8643, -45.0190, -43.9600, 0.966028, 0.058765, -0.251666, 0.059456, -0.075166, 0.995594, -0.056051, -0.010431, 0.247264, 0.073063, 0.966190, 0.220315, 0.000000, 0.000000, 0.000000, 1.000000, 0.247264, 0.073063, 0.966190, 0.291815, -0.966028, -0.058765, 0.251666, -0.026956, 0.075166, -0.995594, 0.056051, 0.267505, 0.000000, 0.000000, 0.000000, 1.000000, -0.998229, 0.022622, 0.055012, 0.004864, 0.054530, -0.021396, 0.998283, -0.045019, 0.023760, 0.999515, 0.020124, -0.043960, 0.000000, 0.000000, 0.000000, 1.000000
6.7228, 59.3408, -10.4262, 220.2782, 291.7782, -26.8408, 267.4997, 4.9217, -45.0390, -43.9676, 0.966547, 0.058795, -0.249660, 0.059341, -0.075014, 0.995612, -0.055948, -0.010426, 0.245275, 0.072805, 0.966716, 0.220278, 0.000000, 0.000000, 0.000000, 1.000000, 0.245275, 0.072805, 0.966716, 0.291778, -0.966547, -0.058795, 0.249660, -0.026841, 0.075014, -0.995612, 0.055948, 0.267500, 0.000000, 0.000000, 0.000000, 1.000000, -0.998266, 0.022614, 0.054339, 0.004922, 0.053850, -0.021687, 0.998314, -0.045039, 0.023755, 0.999509, 0.020431, -0.043968, 0.000000, 0.000000, 0.000000, 1.000000
6.8796, 59.2489, -10.4128, 220.3038, 291.8038, -26.7489, 267.4863, 4.8847, -45.0104, -43.9588, 0.967190, 0.058747, -0.247170, 0.059249, -0.074926, 0.995584, -0.056557, -0.010413, 0.242755, 0.073221, 0.967320, 0.220304, 0.000000, 0.000000, 0.000000, 1.000000, 0.242755, 0.073221, 0.967320, 0.291804, -0.967190, -0.058747, 0.247170, -0.026749, 0.074926, -0.995584, 0.056557, 0.267486, 0.000000, 0.000000, 0.000000, 1.000000, -0.998262, 0.022521, 0.054466, 0.004885, 0.053988, -0.021330, 0.998314, -0.045010, 0.023644, 0.999519, 0.020077, -0.043959, 0.000000, 0.000000, 0.000000, 1.000000
6.9825, 59.1641, -10.3948, 220.3266, 291.8266, -26.6641, 267.4682, 4.8843, -44.9818, -43.9452, 0.967802, 0.058967, -0.244709, 0.059164, -0.074918, 0.995594, -0.056390, -0.010395, 0.240306, 0.072908, 0.967955, 0.220327, 0.000000, 0.000000, 0.000000, 1.000000, 0.240306, 0.072908, 0.967955, 0.291827, -0.967802, -0.058967, 0.244709, -0.026664, 0.074918, -0.995594, 0.056390, 0.267468, 0.000000, 0.000000, 0.000000, 1.000000, -0.998305, 0.022327, 0.053749, 0.004884, 0.053265, -0.021720, 0.998344, -0.044982, 0.023458, 0.999515, 0.020494, -0.043945, 0.000000, 0.000000, 0.000000, 1.000000
7.0937, 59.0786, -10.3977, 220.2884, 291.7884, -26.5786, 267.4712, 4.8874, -45.0119, -43.9584, 0.968328, 0.059009, -0.242609, 0.059079, -0.074888, 0.995576, -0.056749, -0.010398, 0.238187, 0.073120, 0.968463, 0.220288, 0.000000, 0.000000, 0.000000, 1.000000, 0.238187, 0.073120, 0.968463, 0.291788, -0.968328, -0.059009, 0.242609, -0.026579, 0.074888, -0.995576, 0.056749, 0.267471, 0.000000, 0.000000, 0.000000, 1.000000, -0.998321, 0.022203, 0.053505, 0.004887, 0.053027, -0.021563, 0.998360, -0.045012, 0.023320, 0.999521, 0.020349, -0.043958, 0.000000, 0.000000, 0.000000, 1.000000
7.2347, 58.8547, -10.3807, 220.2523, 291.7523, -26.3547, 267.4541, 5.0045, -45.0178, -43.9622, 0.969378, 0.058869, -0.238413, 0.058855, -0.074443, 0.995604, -0.056845, -0.010381, 0.234019, 0.072853, 0.969499, 0.220252, 0.000000, 0.000000, 0.000000, 1.000000, 0.234019, 0.072853, 0.969499, 0.291752, -0.969378, -0.058869, 0.238413, -0.026355, 0.074443, -0.995604, 0.056845, 0.267454, 0.000000, 0.000000, 0.000000, 1.000000, -0.998415, 0.022334, 0.051657, 0.005005, 0.051170, -0.021856, 0.998451, -0.045018, 0.023428, 0.999512, 0.020679, -0.043962, 0.000000, 0.000000, 0.000000, 1.000000
7.4404, 58.7687, -10.3731, 220.2493, 291.7493, -26.2687, 267.4466, 4.9283, -45.0230, -43.9616, 0.969632, 0.058714, -0.237416, 0.058769, -0.074277, 0.995600, -0.057136, -0.010373, 0.233016, 0.073036, 0.969726, 0.220249, 0.000000, 0.000000, 0.000000, 1.000000, 0.233016, 0.073036, 0.969726, 0.291749, -0.969632, -0.058714, 0.237416, -0.026269, 0.074277, -0.995600, 0.057136, 0.267447, 0.000000, 0.000000, 0.000000, 1.000000, -0.998280, 0.022374, 0.054196, 0.004928, 0.053712, -0.021728, 0.998320, -0.045023, 0.023514, 0.999514, 0.020489, -0.043962, 0.000000, 0.000000, 0.000000, 1.000000
7.5757, 58.6549, -10.3608, 220.2346, 291.7346, -26.1549, 267.4342, 4.9372, -45.0290, -43.9596, 0.970373, 0.058700, -0.234371, 0.058655, -0.074207, 0.995561, -0.057896, -0.010361, 0.229932, 0.073572, 0.970422, 0.220235, 0.000000, 0.000000, 0.000000, 1.000000, 0.229932, 0.073572, 0.970422, 0.291735, -0.970373, -0.058700, 0.234371, -0.026155, 0.074207, -0.995561, 0.057896, 0.267434, 0.000000, 0.000000, 0.000000, 1.000000, -0.998327, 0.022239, 0.053378, 0.004937, 0.052907, -0.021249, 0.998373, -0.045029, 0.023337, 0.999527, 0.020037, -0.043960, 0.000000, 0.000000, 0.000000, 1.000000
7.6614, 58.5642, -10.3645, 220.1691, 291.6691, -26.0642, 267.4379, 4.9699, -45.0837, -43.9766, 0.970465, 0.058879, -0.233946, 0.058564, -0.074266, 0.995579, -0.057506, -0.010364, 0.229526, 0.073181, 0.970547, 0.220169, 0.000000, 0.000000, 0.000000, 1.000000, 0.229526, 0.073181, 0.970547, 0.291669, -0.970465, -0.058879, 0.233946, -0.026064, 0.074266, -0.995579, 0.057506, 0.267438, 0.000000, 0.000000, 0.000000, 1.000000, -0.998271, 0.022101, 0.054469, 0.004970, 0.053990, -0.021700, 0.998306, -0.045084, 0.023246, 0.999520, 0.020469, -0.043977, 0.000000, 0.000000, 0.000000, 1.000000
7.7739, 58.4505, -10.3577, 220.1819, 291.6819, -25.9505, 267.4312, 4.9912, -45.0608, -43.9774, 0.971194, 0.059064, -0.230855, 0.058450, -0.074123, 0.995613, -0.057101, -0.010358, 0.226469, 0.072568, 0.971311, 0.220182, 0.000000, 0.000000, 0.000000, 1.000000, 0.226469, 0.072568, 0.971311, 0.291682, -0.971194, -0.059064, 0.230855, -0.025950, 0.074123, -0.995613, 0.057101, 0.267431, 0.000000, 0.000000, 0.000000, 1.000000, -0.998336, 0.021986, 0.053303, 0.004991, 0.052811, -0.022380, 0.998354, -0.045061, 0.023143, 0.999508, 0.021182, -0.043977, 0.000000, 0.000000, 0.000000, 1.000000
7.9581, 58.1639, -10.3385, 220.0981, 291.5981, -25.6639, 267.4119, 5.1436, -45.1095, -43.9885, 0.972383, 0.058687, -0.225892, 0.058164, -0.073562, 0.995603, -0.057997, -0.010338, 0.221495, 0.073012, 0.972424, 0.220098, 0.000000, 0.000000, 0.000000, 1.000000, 0.221495, 0.073012, 0.972424, 0.291598, -0.972383, -0.058687, 0.225892, -0.025664, 0.073562, -0.995603, 0.057997, 0.267412, 0.000000, 0.000000, 0.000000, 1.000000, -0.998433, 0.022208, 0.051370, 0.005144, 0.050883, -0.021948, 0.998463, -0.045110, 0.023301, 0.999512, 0.020783, -0.043988, 0.000000, 0.000000, 0.000000, 1.000000
8.1628, 58.0605, -10.3322, 220.0765, 291.5765, -25.5605, 267.4056, 5.0880, -45.1314, -43.9923, 0.973127, 0.058904, -0.222607, 0.058061, -0.073483, 0.995621, -0.057779, -0.010332, 0.218229, 0.072584, 0.973194, 0.220076, 0.000000, 0.000000, 0.000000, 1.000000, 0.218229, 0.072584, 0.973194, 0.291576, -0.973127, -0.058904, 0.222607, -0.025561, 0.073483, -0.995621, 0.057779, 0.267406, 0.000000, 0.000000, 0.000000, 1.000000, -0.998425, 0.021989, 0.051606, 0.005088, 0.051111, -0.022486, 0.998440, -0.045131, 0.023115, 0.999505, 0.021326, -0.043992, 0.000000, 0.000000, 0.000000, 1.000000
8.2890, 57.9428, -10.3143, 220.0036, 291.5036, -25.4428, 267.3878, 5.1179, -45.1953, -43.9907, 0.973102, 0.058630, -0.222791, 0.057943, -0.073211, 0.995643, -0.057755, -0.010314, 0.218434, 0.072512, 0.973154, 0.220004, 0.000000, 0.000000, 0.000000, 1.000000, 0.218434, 0.072512, 0.973154, 0.291504, -0.973102, -0.058630, 0.222791, -0.025443, 0.073211, -0.995643, 0.057755, 0.267388, 0.000000, 0.000000, 0.000000, 1.000000, -0.998294, 0.022222, 0.053993, 0.005118, 0.053492, -0.022560, 0.998313, -0.045195, 0.023403, 0.999498, 0.021333, -0.043991, 0.000000, 0.000000, 0.000000, 1.000000
8.4647, 57.8285, -10.3115, 219.9823, 291.4823, -25.3285, 267.3850, 5.0958, -45.2125, -43.9989, 0.973660, 0.058533, -0.220362, 0.057829, -0.072972, 0.995649, -0.057956, -0.010312, 0.216011, 0.072509, 0.973695, 0.219982, 0.000000, 0.000000, 0.000000, 1.000000, 0.216011, 0.072509, 0.973695, 0.291482, -0.973660, -0.058533, 0.220362, -0.025329, 0.072972, -0.995649, 0.057956, 0.267385, 0.000000, 0.000000, 0.000000, 1.000000, -0.998263, 0.022246, 0.054563, 0.005096, 0.054060, -0.022616, 0.998282, -0.045213, 0.023441, 0.999497, 0.021374, -0.043999, 0.000000, 0.000000, 0.000000, 1.000000
8.6423, 57.6176, -10.2949, 219.8734, 291.3734, -25.1176, 267.3683, 5.1817, -45.3016, -44.0092, 0.974439, 0.058495, -0.216905, 0.057618, -0.072771, 0.995636, -0.058417, -0.010295, 0.212541, 0.072708, 0.974443, 0.219873, 0.000000, 0.000000, 0.000000, 1.000000, 0.212541, 0.072708, 0.974443, 0.291373, -0.974439, -0.058495, 0.216905, -0.025118, 0.072771, -0.995636, 0.058417, 0.267368, 0.000000, 0.000000, 0.000000, 1.000000, -0.998289, 0.022181, 0.054096, 0.005182, 0.053598, -0.022483, 0.998309, -0.045302, 0.023359, 0.999501, 0.021255, -0.044009, 0.000000, 0.000000, 0.000000, 1.000000
8.7161, 57.5183, -10.2871, 219.8312, 291.3312, -25.0183, 267.3605, 5.2283, -45.3340, -44.0133, 0.974527, 0.058656, -0.216465, 0.057518, -0.072881, 0.995634, -0.058323, -0.010287, 0.212099, 0.072613, 0.974547, 0.219831, 0.000000, 0.000000, 0.000000, 1.000000, 0.212099, 0.072613, 0.974547, 0.291331, -0.974527, -0.058656, 0.216465, -0.025018, 0.072881, -0.995634, 0.058323, 0.267361, 0.000000, 0.000000, 0.000000, 1.000000, -0.998247, 0.022008, 0.054943, 0.005228, 0.054444, -0.022630, 0.998260, -0.045334, 0.023213, 0.999502, 0.021392, -0.044013, 0.000000, 0.000000, 0.000000, 1.000000
8.8431, 57.4338, -10.2746, 219.9108, 291.4108, -24.9338, 267.3480, 5.1998, -45.2545, -43.9995, 0.975233, 0.058405, -0.213328, 0.057434, -0.072540, 0.995617, -0.059038, -0.010275, 0.208945, 0.073050, 0.975195, 0.219911, 0.000000, 0.000000, 0.000000, 1.000000, 0.208945, 0.073050, 0.975195, 0.291411, -0.975233, -0.058405, 0.213328, -0.024934, 0.072540, -0.995617, 0.059038, 0.267348, 0.000000, 0.000000, 0.000000, 1.000000, -0.998301, 0.022136, 0.053904, 0.005200, 0.053413, -0.022207, 0.998326, -0.045255, 0.023296, 0.999508, 0.020987, -0.043999, 0.000000, 0.000000, 0.000000, 1.000000
8.9297, 57.3209, -10.2835, 219.8347, 291.3347, -24.8209, 267.3570, 5.2533, -45.3183, -44.0245, 0.975549, 0.058577, -0.211834, 0.057321, -0.072405, 0.995681, -0.058117, -0.010284, 0.207515, 0.072034, 0.975576, 0.219835, 0.000000, 0.000000, 0.000000, 1.000000, 0.207515, 0.072034, 0.975576, 0.291335, -0.975549, -0.058577, 0.211834, -0.024821, 0.072405, -0.995681, 0.058117, 0.267357, 0.000000, 0.000000, 0.000000, 1.000000, -0.998298, 0.022094, 0.053968, 0.005253, 0.053453, -0.023273, 0.998299, -0.045318, 0.023313, 0.999485, 0.022053, -0.044025, 0.000000, 0.000000, 0.000000, 1.000000
9.1644, 57.1214, -10.2514, 219.7770, 291.2770, -24.6214, 267.3249, 5.2757, -45.3677, -44.0136, 0.976392, 0.058735, -0.207868, 0.057121, -0.072474, 0.995618, -0.059102, -0.010251, 0.203486, 0.072772, 0.976370, 0.219777, 0.000000, 0.000000, 0.000000, 1.000000, 0.203486, 0.072772, 0.976370, 0.291277, -0.976392, -0.058735, 0.207868, -0.024621, 0.072474, -0.995618, 0.059102, 0.267325, 0.000000, 0.000000, 0.000000, 1.000000, -0.998308, 0.021728, 0.053943, 0.005276, 0.053450, -0.022656, 0.998313, -0.045368, 0.022913, 0.999507, 0.021457, -0.044014, 0.000000, 0.000000, 0.000000, 1.000000
9.3384, 57.0016, -10.2462, 219.7563, 291.2563, -24.5016, 267.3196, 5.2593, -45.3859, -44.0196, 0.976733, 0.058489, -0.206328, 0.057002, -0.072090, 0.995650, -0.059028, -0.010246, 0.201978, 0.072528, 0.976701, 0.219756, 0.000000, 0.000000, 0.000000, 1.000000, 0.201978, 0.072528, 0.976701, 0.291256, -0.976733, -0.058489, 0.206328, -0.024502, 0.072090, -0.995650, 0.059028, 0.267320, 0.000000, 0.000000, 0.000000, 1.000000, -0.998222, 0.021940, 0.055416, 0.005259, 0.054913, -0.022927, 0.998228, -0.045386, 0.023171, 0.999496, 0.021682, -0.044020, 0.000000, 0.000000, 0.000000, 1.000000
9.4645, 56.9010, -10.2284, 219.7005, 291.2005, -24.4010, 267.3019, 5.2682, -45.4386, -44.0152, 0.976914, 0.058308, -0.205523, 0.056901, -0.071861, 0.995662, -0.059106, -0.010228, 0.201185, 0.072510, 0.976866, 0.219700, 0.000000, 0.000000, 0.000000, 1.000000, 0.201185, 0.072510, 0.976866, 0.291200, -0.976914, -0.058308, 0.205523, -0.024401, 0.071861, -0.995662, 0.059106, 0.267302, 0.000000, 0.000000, 0.000000, 1.000000, -0.998142, 0.022071, 0.056790, 0.005268, 0.056282, -0.022967, 0.998151, -0.045439, 0.023334, 0.999493, 0.021682, -0.044015, 0.000000, 0.000000, 0.000000, 1.000000
9.5427, 56.8144, -10.2276, 219.7869, 291.2869, -24.3144, 267.3010, 5.2792, -45.3478, -44.0125, 0.977703, 0.058577, -0.201656, 0.056814, -0.071896, 0.995644, -0.059366, -0.010228, 0.197300, 0.072541, 0.977656, 0.219787, 0.000000, 0.000000, 0.000000, 1.000000, 0.197300, 0.072541, 0.977656, 0.291287, -0.977703, -0.058577, 0.201656, -0.024314, 0.071896, -0.995644, 0.059366, 0.267301, 0.000000, 0.000000, 0.000000, 1.000000, -0.998293, 0.021769, 0.054205, 0.005279, 0.053703, -0.023006, 0.998292, -0.045348, 0.022978, 0.999498, 0.021797, -0.044012, 0.000000, 0.000000, 0.000000, 1.000000
9.6104, 56.5870, -10.2105, 219.6508, 291.1508, -24.0870, 267.2839, 5.4707, -45.4556, -44.0263, 0.978214, 0.058313, -0.199240, 0.056587, -0.071503, 0.995655, -0.059655, -0.010210, 0.194896, 0.072602, 0.978133, 0.219651, 0.000000, 0.000000, 0.000000, 1.000000, 0.194896, 0.072602, 0.978133, 0.291151, -0.978214, -0.058313, 0.199240, -0.024087, 0.071503, -0.995655, 0.059655, 0.267284, 0.000000, 0.000000, 0.000000, 1.000000, -0.998357, 0.021994, 0.052908, 0.005471, 0.052403, -0.022933, 0.998363, -0.045456, 0.023172, 0.999495, 0.021743, -0.044026, 0.000000, 0.000000, 0.000000, 1.000000
9.8336, 56.4978, -10.2021, 219.7134, 291.2134, -23.9978, 267.2756, 5.3737, -45.4026, -44.0188, 0.978783, 0.058628, -0.196334, 0.056498, -0.071591, 0.995652, -0.059589, -0.010202, 0.191987, 0.072381, 0.978725, 0.219713, 0.000000, 0.000000, 0.000000, 1.000000, 0.191987, 0.072381, 0.978725, 0.291213, -0.978783, -0.058628, 0.196334, -0.023998, 0.071591, -0.995652, 0.059589, 0.267276, 0.000000, 0.000000, 0.000000, 1.000000, -0.998315, 0.021624, 0.053856, 0.005374, 0.053351, -0.023282, 0.998304, -0.045403, 0.022841, 0.999495, 0.022089, -0.044019, 0.000000, 0.000000, 0.000000, 1.000000
10.0129, 56.3125, -10.1928, 219.6628, 291.1628, -23.8125, 267.2662, 5.4230, -45.4442, -44.0298, 0.979715, 0.058266, -0.191739, 0.056313, -0.070989, 0.995661, -0.060165, -0.010193, 0.187402, 0.072556, 0.979600, 0.219663, 0.000000, 0.000000, 0.000000, 1.000000, 0.187402, 0.072556, 0.979600, 0.291163, -0.979715, -0.058266, 0.191739, -0.023813, 0.070989, -0.995661, 0.060165, 0.267266, 0.000000, 0.000000, 0.000000, 1.000000, -0.998393, 0.021882, 0.052277, 0.005423, 0.051770, -0.023124, 0.998391, -0.045444, 0.023055, 0.999493, 0.021954, -0.044030, 0.000000, 0.000000, 0.000000, 1.000000
10.1531, 56.1901, -10.1829, 219.6016, 291.1016, -23.6901, 267.2563, 5.4417, -45.5014, -44.0354, 0.979813, 0.058414, -0.191189, 0.056190, -0.071023, 0.995682, -0.059771, -0.010183, 0.186872, 0.072143, 0.979732, 0.219602, 0.000000, 0.000000, 0.000000, 1.000000, 0.186872, 0.072143, 0.979732, 0.291102, -0.979813, -0.058414, 0.191189, -0.023690, 0.071023, -0.995682, 0.059771, 0.267256, 0.000000, 0.000000, 0.000000, 1.000000, -0.998294, 0.021735, 0.054194, 0.005442, 0.053680, -0.023607, 0.998279, -0.045501, 0.022977, 0.999485, 0.022400, -0.044035, 0.000000, 0.000000, 0.000000, 1.000000
10.2612, 56.0954, -10.1814, 219.6248, 291.1248, -23.5954, 267.2549, 5.4464, -45.4758, -44.0389, 0.980229, 0.058211, -0.189109, 0.056095, -0.070689, 0.995697, -0.059917, -0.010181, 0.184807, 0.072101, 0.980126, 0.219625, 0.000000, 0.000000, 0.000000, 1.000000, 0.184807, 0.072101, 0.980126, 0.291125, -0.980229, -0.058211, 0.189109, -0.023595, 0.070689, -0.995697, 0.059917, 0.267255, 0.000000, 0.000000, 0.000000, 1.000000, -0.998303, 0.021898, 0.053959, 0.005446, 0.053439, -0.023663, 0.998291, -0.045476, 0.023137, 0.999480, 0.022453, -0.044039, 0.000000, 0.000000, 0.000000, 1.000000
10.3658, 55.9977, -10.1771, 219.6405, 291.1405, -23.4977, 267.2505, 5.4582, -45.4573, -44.0406, 0.980728, 0.058235, -0.186496, 0.055998, -0.070545, 0.995699, -0.060056, -0.010177, 0.182196, 0.072055, 0.980619, 0.219640, 0.000000, 0.000000, 0.000000, 1.000000, 0.182196, 0.072055, 0.980619, 0.291140, -0.980728, -0.058235, 0.186496, -0.023498, 0.070545, -0.995699, 0.060056, 0.267251, 0.000000, 0.000000, 0.000000, 1.000000, -0.998349, 0.021836, 0.053125, 0.005458, 0.052604, -0.023752, 0.998333, -0.045457, 0.023062, 0.999479, 0.022564, -0.044041, 0.000000, 0.000000, 0.000000, 1.000000
10.5130, 55.9079, -10.1699, 219.6280, 291.1280, -23.4079, 267.2434, 5.4324, -45.4722, -44.0416, 0.981058, 0.058359, -0.184717, 0.055908, -0.070562, 0.995690, -0.060190, -0.010170, 0.180408, 0.072084, 0.980947, 0.219628, 0.000000, 0.000000, 0.000000, 1.000000, 0.180408, 0.072084, 0.980947, 0.291128, -0.981058, -0.058359, 0.184717, -0.023408, 0.070562, -0.995690, 0.060190, 0.267243, 0.000000, 0.000000, 0.000000, 1.000000, -0.998313, 0.021648, 0.053879, 0.005432, 0.053362, -0.023795, 0.998292, -0.045472, 0.022893, 0.999482, 0.022600, -0.044042, 0.000000, 0.000000, 0.000000, 1.000000
10.6937, 55.6791, -10.1508, 219.5565, 291.0565, -23.1791, 267.2242, 5.5256, -45.5315, -44.0471, 0.981741, 0.058237, -0.181089, 0.055679, -0.070100, 0.995745, -0.059813, -0.010151, 0.176835, 0.071415, 0.981646, 0.219557, 0.000000, 0.000000, 0.000000, 1.000000, 0.176835, 0.071415, 0.981646, 0.291057, -0.981741, -0.058237, 0.181089, -0.023179, 0.070100, -0.995745, 0.059813, 0.267224, 0.000000, 0.000000, 0.000000, 1.000000, -0.998336, 0.021781, 0.053387, 0.005526, 0.052850, -0.024513, 0.998302, -0.045532, 0.023053, 0.999462, 0.023321, -0.044047, 0.000000, 0.000000, 0.000000, 1.000000
10.8264, 55.5835, -10.1430, 219.5136, 291.0136, -23.0835, 267.2164, 5.5205, -45.5750, -44.0509, 0.982098, 0.058003, -0.179219, 0.055584, -0.069793, 0.995744, -0.060191, -0.010143, 0.174965, 0.071621, 0.981966, 0.219514, 0.000000, 0.000000, 0.000000, 1.000000, 0.174965, 0.071621, 0.981966, 0.291014, -0.982098, -0.058003, 0.179219, -0.023084, 0.069793, -0.995744, 0.060191, 0.267216, 0.000000, 0.000000, 0.000000, 1.000000, -0.998312, 0.021930, 0.053778, 0.005521, 0.053242, -0.024329, 0.998285, -0.045575, 0.023201, 0.999463, 0.023120, -0.044051, 0.000000, 0.000000, 0.000000, 1.000000
11.0140, 55.3727, -10.1255, 219.4722, 290.9722, -22.8727, 267.1990, 5.5862, -45.6090, -44.0538, 0.982699, 0.058101, -0.175860, 0.055373, -0.069768, 0.995702, -0.060902, -0.010126, 0.171565, 0.072118, 0.982530, 0.219472, 0.000000, 0.000000, 0.000000, 1.000000, 0.171565, 0.072118, 0.982530, 0.290972, -0.982699, -0.058101, 0.175860, -0.022873, 0.069768, -0.995702, 0.060902, 0.267199, 0.000000, 0.000000, 0.000000, 1.000000, -0.998327, 0.021692, 0.053596, 0.005586, 0.053075, -0.023919, 0.998304, -0.045609, 0.022937, 0.999479, 0.022727, -0.044054, 0.000000, 0.000000, 0.000000, 1.000000
11.2122, 55.2615, -10.1207, 219.4539, 290.9539, -22.7615, 267.1942, 5.5409, -45.6331, -44.0594, 0.983009, 0.058071, -0.174130, 0.055262, -0.069444, 0.995783, -0.059942, -0.010121, 0.169915, 0.071016, 0.982897, 0.219454, 0.000000, 0.000000, 0.000000, 1.000000, 0.169915, 0.071016, 0.982897, 0.290954, -0.983009, -0.058071, 0.174130, -0.022762, 0.069444, -0.995783, 0.059942, 0.267194, 0.000000, 0.000000, 0.000000, 1.000000, -0.998228, 0.021771, 0.055379, 0.005541, 0.054829, -0.025086, 0.998181, -0.045633, 0.023121, 0.999448, 0.023848, -0.044059, 0.000000, 0.000000, 0.000000, 1.000000
11.3845, 55.0508, -10.1075, 219.3858, 290.8858, -22.5508, 267.1809, 5.6216, -45.6929, -44.0691, 0.983607, 0.058134, -0.170700, 0.055051, -0.069185, 0.995827, -0.059517, -0.010107, 0.166528, 0.070351, 0.983524, 0.219386, 0.000000, 0.000000, 0.000000, 1.000000, 0.166528, 0.070351, 0.983524, 0.290886, -0.983607, -0.058134, 0.170700, -0.022551, 0.069185, -0.995827, 0.059517, 0.267181, 0.000000, 0.000000, 0.000000, 1.000000, -0.998253, 0.021707, 0.054952, 0.005622, 0.054387, -0.025822, 0.998186, -0.045693, 0.023087, 0.999431, 0.024596, -0.044069, 0.000000, 0.000000, 0.000000, 1.000000
11.4662, 54.9435, -10.1020, 219.3519, 290.8519, -22.4435, 267.1755, 5.6669, -45.7223, -44.0753, 0.983839, 0.057765, -0.169483, 0.054943, -0.068925, 0.995773, -0.060716, -0.010102, 0.165259, 0.071416, 0.983661, 0.219352, 0.000000, 0.000000, 0.000000, 1.000000, 0.165259, 0.071416, 0.983661, 0.290852, -0.983839, -0.057765, 0.169483, -0.022443, 0.068925, -0.995773, 0.060716, 0.267175, 0.000000, 0.000000, 0.000000, 1.000000, -0.998243, 0.021914, 0.055051, 0.005667, 0.054506, -0.024751, 0.998207, -0.045722, 0.023237, 0.999453, 0.023513, -0.044075, 0.000000, 0.000000, 0.000000, 1.000000
11.5967, 54.8463, -10.1005, 219.3531, 290.8531, -22.3463, 267.1740, 5.6589, -45.7229, -44.0811, 0.984298, 0.058054, -0.166696, 0.054846, -0.068899, 0.995816, -0.060028, -0.010101, 0.162514, 0.070571, 0.984179, 0.219353, 0.000000, 0.000000, 0.000000, 1.000000, 0.162514, 0.070571, 0.984179, 0.290853, -0.984298, -0.058054, 0.166696, -0.022346, 0.068899, -0.995816, 0.060028, 0.267174, 0.000000, 0.000000, 0.000000, 1.000000, -0.998275, 0.021666, 0.054569, 0.005659, 0.054009, -0.025674, 0.998210, -0.045723, 0.023028, 0.999436, 0.024460, -0.044081, 0.000000, 0.000000, 0.000000, 1.000000
11.7207, 54.7726, -10.0890, 219.4397, 290.9397, -22.2726, 267.1625, 5.6250, -45.6421, -44.0668, 0.984923, 0.057829, -0.163044, 0.054773, -0.068581, 0.995773, -0.061103, -0.010089, 0.158821, 0.071363, 0.984725, 0.219440, 0.000000, 0.000000, 0.000000, 1.000000, 0.158821, 0.071363, 0.984725, 0.290940, -0.984923, -0.057829, 0.163044, -0.022273, 0.068581, -0.995773, 0.061103, 0.267162, 0.000000, 0.000000, 0.000000, 1.000000, -0.998360, 0.021746, 0.052960, 0.005625, 0.052415, -0.024908, 0.998315, -0.045642, 0.023029, 0.999453, 0.023727, -0.044067, 0.000000, 0.000000, 0.000000, 1.000000
11.8793, 54.6561, -10.0788, 219.3776, 290.8776, -22.1561, 267.1522, 5.6213, -45.7071, -44.0717, 0.985269, 0.058060, -0.160857, 0.054656, -0.068752, 0.995723, -0.061714, -0.010079, 0.156586, 0.071864, 0.985046, 0.219378, 0.000000, 0.000000, 0.000000, 1.000000, 0.156586, 0.071864, 0.985046, 0.290878, -0.985269, -0.058060, 0.160857, -0.022156, 0.068752, -0.995723, 0.061714, 0.267152, 0.000000, 0.000000, 0.000000, 1.000000, -0.998340, 0.021393, 0.053470, 0.005621, 0.052943, -0.024493, 0.998297, -0.045707, 0.022666, 0.999471, 0.023320, -0.044072, 0.000000, 0.000000, 0.000000, 1.000000
12.0608, 54.4482, -10.0595, 219.3638, 290.8638, -21.9482, 267.1329, 5.6856, -45.7178, -44.0698, 0.985736, 0.058085, -0.157955, 0.054448, -0.068486, 0.995772, -0.061217, -0.010059, 0.153732, 0.071162, 0.985547, 0.219364, 0.000000, 0.000000, 0.000000, 1.000000, 0.153732, 0.071162, 0.985547, 0.290864, -0.985736, -0.058085, 0.157955, -0.021948, 0.068486, -0.995772, 0.061217, 0.267133, 0.000000, 0.000000, 0.000000, 1.000000, -0.998326, 0.021364, 0.053749, 0.005686, 0.053205, -0.025263, 0.998264, -0.045718, 0.022685, 0.999453, 0.024084, -0.044070, 0.000000, 0.000000, 0.000000, 1.000000
12.1605, 54.3449, -10.0541, 219.3008, 290.8008, -21.8449, 267.1275, 5.7150, -45.7798, -44.0786, 0.985854, 0.057891, -0.157294, 0.054345, -0.068288, 0.995767, -0.061516, -0.010054, 0.153067, 0.071387, 0.985634, 0.219301, 0.000000, 0.000000, 0.000000, 1.000000, 0.153067, 0.071387, 0.985634, 0.290801, -0.985854, -0.057891, 0.157294, -0.021845, 0.068288, -0.995767, 0.061516, 0.267128, 0.000000, 0.000000, 0.000000, 1.000000, -0.998266, 0.021490, 0.054797, 0.005715, 0.054255, -0.025056, 0.998213, -0.045780, 0.022825, 0.999455, 0.023847, -0.044079, 0.000000, 0.000000, 0.000000, 1.000000
12.2533, 54.2495, -10.0514, 219.3574, 290.8574, -21.7495, 267.1249, 5.7303, -45.7232, -44.0777, 0.986341, 0.057831, -0.154230, 0.054249, -0.067842, 0.995863, -0.060456, -0.010051, 0.150095, 0.070093, 0.986184, 0.219357, 0.000000, 0.000000, 0.000000, 1.000000, 0.150095, 0.070093, 0.986184, 0.290857, -0.986341, -0.057831, 0.154230, -0.021749, 0.067842, -0.995863, 0.060456, 0.267125, 0.000000, 0.000000, 0.000000, 1.000000, -0.998338, 0.021641, 0.053412, 0.005730, 0.052836, -0.026375, 0.998255, -0.045723, 0.023012, 0.999418, 0.025188, -0.044078, 0.000000, 0.000000, 0.000000, 1.000000
12.4000, 54.1262, -10.0327, 219.2226, 290.7226, -21.6262, 267.1062, 5.7496, -45.8606, -44.0819, 0.986331, 0.057580, -0.154389, 0.054126, -0.067715, 0.995826, -0.061204, -0.010033, 0.150221, 0.070822, 0.986113, 0.219223, 0.000000, 0.000000, 0.000000, 1.000000, 0.150221, 0.070822, 0.986113, 0.290723, -0.986331, -0.057580, 0.154389, -0.021626, 0.067715, -0.995826, 0.061204, 0.267106, 0.000000, 0.000000, 0.000000, 1.000000, -0.998190, 0.021751, 0.056070, 0.005750, 0.055507, -0.025680, 0.998128, -0.045861, 0.023150, 0.999434, 0.024426, -0.044082, 0.000000, 0.000000, 0.000000, 1.000000
12.5662, 54.0244, -10.0292, 219.2227, 290.7227, -21.5244, 267.1027, 5.7179, -45.8673, -44.0862, 0.986729, 0.057800, -0.151740, 0.054024, -0.067687, 0.995851, -0.060814, -0.010029, 0.147596, 0.070278, 0.986548, 0.219223, 0.000000, 0.000000, 0.000000, 1.000000, 0.147596, 0.070278, 0.986548, 0.290723, -0.986729, -0.057800, 0.151740, -0.021524, 0.067687, -0.995851, 0.060814, 0.267103, 0.000000, 0.000000, 0.000000, 1.000000, -0.998181, 0.021510, 0.056329, 0.005718, 0.055758, -0.026306, 0.998098, -0.045867, 0.022951, 0.999422, 0.025059, -0.044086, 0.000000, 0.000000, 0.000000, 1.000000
12.6461, 53.9362, -10.0246, 219.2469, 290.7469, -21.4362, 267.0981, 5.7397, -45.8432, -44.0860, 0.987214, 0.057667, -0.148604, 0.053936, -0.067440, 0.995821, -0.061586, -0.010025, 0.144432, 0.070821, 0.986977, 0.219247, 0.000000, 0.000000, 0.000000, 1.000000, 0.144432, 0.070821, 0.986977, 0.290747, -0.987214, -0.057667, 0.148604, -0.021436, 0.067440, -0.995821, 0.061586, 0.267098, 0.000000, 0.000000, 0.000000, 1.000000, -0.998281, 0.021554, 0.054507, 0.005740, 0.053946, -0.025782, 0.998211, -0.045843, 0.022921, 0.999435, 0.024575, -0.044086, 0.000000, 0.000000, 0.000000, 1.000000
12.7261, 53.8235, -10.0256, 219.2640, 290.7640, -21.3235, 267.0990, 5.7866, -45.8232, -44.0939, 0.987648, 0.057955, -0.145580, 0.053823, -0.067394, 0.995875, -0.060759, -0.010026, 0.141458, 0.069820, 0.987479, 0.219264, 0.000000, 0.000000, 0.000000, 1.000000, 0.141458, 0.069820, 0.987479, 0.290764, -0.987648, -0.057955, 0.145580, -0.021323, 0.067394, -0.995875, 0.060759, 0.267099, 0.000000, 0.000000, 0.000000, 1.000000, -0.998371, 0.021321, 0.052924, 0.005787, 0.052346, -0.026838, 0.998268, -0.045823, 0.022704, 0.999412, 0.025678, -0.044094, 0.000000, 0.000000, 0.000000, 1.000000
12.8215, 53.7115, -10.0065, 219.2025, 290.7025, -21.2115, 267.0799, 5.8284, -45.8850, -44.0896, 0.987519, 0.057420, -0.146663, 0.053712, -0.067034, 0.995855, -0.061473, -0.010006, 0.142526, 0.070537, 0.987275, 0.219203, 0.000000, 0.000000, 0.000000, 1.000000, 0.142526, 0.070537, 0.987275, 0.290703, -0.987519, -0.057420, 0.146663, -0.021212, 0.067034, -0.995855, 0.061473, 0.267080, 0.000000, 0.000000, 0.000000, 1.000000, -0.998215, 0.021744, 0.055618, 0.005828, 0.055045, -0.026111, 0.998142, -0.045885, 0.023156, 0.999423, 0.024867, -0.044090, 0.000000, 0.000000, 0.000000, 1.000000
12.9160, 53.6135, -10.0053, 219.2136, 290.7136, -21.1135, 267.0787, 5.8492, -45.8747, -44.0948, 0.988070, 0.057457, -0.142888, 0.053613, -0.066739, 0.995902, -0.061032, -0.010005, 0.138796, 0.069840, 0.987855, 0.219214, 0.000000, 0.000000, 0.000000, 1.000000, 0.138796, 0.069840, 0.987855, 0.290714, -0.988070, -0.057457, 0.142888, -0.021113, 0.066739, -0.995902, 0.061032, 0.267079, 0.000000, 0.000000, 0.000000, 1.000000, -0.998331, 0.021727, 0.053505, 0.005849, 0.052915, -0.026845, 0.998238, -0.045875, 0.023125, 0.999403, 0.025650, -0.044095, 0.000000, 0.000000, 0.000000, 1.000000
13.0355, 53.5038, -9.9964, 219.1567, 290.6567, -21.0038, 267.0699, 5.8678, -45.9341, -44.1000, 0.988194, 0.057647, -0.141950, 0.053504, -0.066859, 0.995896, -0.061003, -0.009996, 0.137851, 0.069773, 0.987992, 0.219157, 0.000000, 0.000000, 0.000000, 1.000000, 0.137851, 0.069773, 0.987992, 0.290657, -0.988194, -0.057647, 0.141950, -0.021004, 0.066859, -0.995896, 0.061003, 0.267070, 0.000000, 0.000000, 0.000000, 1.000000, -0.998275, 0.021487, 0.054647, 0.005868, 0.054061, -0.026973, 0.998173, -0.045934, 0.022922, 0.999405, 0.025765, -0.044100, 0.000000, 0.000000, 0.000000, 1.000000
13.1414, 53.3914, -9.9965, 219.1287, 290.6287, -20.8914, 267.0700, 5.8967, -45.9627, -44.1115, 0.988392, 0.057540, -0.140609, 0.053391, -0.066662, 0.995906, -0.061048, -0.009997, 0.136521, 0.069712, 0.988181, 0.219129, 0.000000, 0.000000, 0.000000, 1.000000, 0.136521, 0.069712, 0.988181, 0.290629, -0.988392, -0.057540, 0.140609, -0.020891, 0.066662, -0.995906, 0.061048, 0.267070, 0.000000, 0.000000, 0.000000, 1.000000, -0.998246, 0.021550, 0.055141, 0.005897, 0.054551, -0.027065, 0.998144, -0.045963, 0.023002, 0.999401, 0.025842, -0.044111, 0.000000, 0.000000, 0.000000, 1.000000
13.2636, 53.3008, -9.9863, 219.1518, 290.6518, -20.8008, 267.0597, 5.8878, -45.9455, -44.1060, 0.988791, 0.057257, -0.137894, 0.053301, -0.066359, 0.995847, -0.062335, -0.009986, 0.133752, 0.070786, 0.988484, 0.219152, 0.000000, 0.000000, 0.000000, 1.000000, 0.133752, 0.070786, 0.988484, 0.290652, -0.988791, -0.057257, 0.137894, -0.020801, 0.066359, -0.995847, 0.062335, 0.267060, 0.000000, 0.000000, 0.000000, 1.000000, -0.998282, 0.021684, 0.054440, 0.005888, 0.053871, -0.026016, 0.998209, -0.045945, 0.023061, 0.999426, 0.024803, -0.044106, 0.000000, 0.000000, 0.000000, 1.000000
13.3594, 53.2130, -9.9834, 219.2071, 290.7071, -20.7130, 267.0568, 5.8942, -45.8933, -44.1044, 0.989360, 0.057430, -0.133672, 0.053213, -0.066105, 0.995923, -0.061380, -0.009983, 0.129602, 0.069563, 0.989123, 0.219207, 0.000000, 0.000000, 0.000000, 1.000000, 0.129602, 0.069563, 0.989123, 0.290707, -0.989360, -0.057430, 0.133672, -0.020713, 0.066105, -0.995923, 0.061380, 0.267057, 0.000000, 0.000000, 0.000000, 1.000000, -0.998417, 0.021568, 0.051946, 0.005894, 0.051351, -0.027287, 0.998308, -0.045893, 0.022949, 0.999395, 0.026136, -0.044104, 0.000000, 0.000000, 0.000000, 1.000000
13.4754, 53.1102, -9.9871, 219.1623, 290.6623, -20.6102, 267.0605, 5.9064, -45.9407, -44.1203, 0.989360, 0.057608, -0.133594, 0.053110, -0.066179, 0.995964, -0.060624, -0.009987, 0.129563, 0.068821, 0.989180, 0.219162, 0.000000, 0.000000, 0.000000, 1.000000, 0.129563, 0.068821, 0.989180, 0.290662, -0.989360, -0.057608, 0.133594, -0.020610, 0.066179, -0.995964, 0.060624, 0.267061, 0.000000, 0.000000, 0.000000, 1.000000, -0.998314, 0.021395, 0.053949, 0.005906, 0.053340, -0.028086, 0.998181, -0.045941, 0.022871, 0.999377, 0.026897, -0.044120, 0.000000, 0.000000, 0.000000, 1.000000
13.5962, 52.9907, -9.9733, 219.1487, 290.6487, -20.4907, 267.0468, 5.9304, -45.9583, -44.1172, 0.989720, 0.057517, -0.130939, 0.052991, -0.065964, 0.995949, -0.061105, -0.009973, 0.126894, 0.069115, 0.989505, 0.219149, 0.000000, 0.000000, 0.000000, 1.000000, 0.126894, 0.069115, 0.989505, 0.290649, -0.989720, -0.057517, 0.130939, -0.020491, 0.065964, -0.995949, 0.061105, 0.267047, 0.000000, 0.000000, 0.000000, 1.000000, -0.998346, 0.021403, 0.053352, 0.005930, 0.052748, -0.027831, 0.998220, -0.045958, 0.022850, 0.999383, 0.026655, -0.044117, 0.000000, 0.000000, 0.000000, 1.000000
13.7298, 52.8942, -9.9628, 219.0911, 290.5911, -20.3942, 267.0362, 5.9241, -46.0227, -44.1198, 0.989793, 0.057382, -0.130450, 0.052894, -0.066005, 0.995844, -0.062759, -0.009963, 0.126307, 0.070729, 0.989466, 0.219091, 0.000000, 0.000000, 0.000000, 1.000000, 0.126307, 0.070729, 0.989466, 0.290591, -0.989793, -0.057382, 0.130450, -0.020394, 0.066005, -0.995844, 0.062759, 0.267036, 0.000000, 0.000000, 0.000000, 1.000000, -0.998255, 0.021350, 0.055058, 0.005924, 0.054491, -0.026257, 0.998169, -0.046023, 0.022757, 0.999427, 0.025048, -0.044120, 0.000000, 0.000000, 0.000000, 1.000000
13.8116, 52.7856, -9.9668, 219.1121, 290.6121, -20.2856, 267.0402, 5.9646, -46.0015, -44.1300, 0.990054, 0.057631, -0.128345, 0.052786, -0.065767, 0.996025, -0.060078, -0.009967, 0.124373, 0.067922, 0.989908, 0.219112, 0.000000, 0.000000, 0.000000, 1.000000, 0.124373, 0.067922, 0.989908, 0.290612, -0.990054, -0.057631, 0.128345, -0.020286, 0.065767, -0.996025, 0.060078, 0.267040, 0.000000, 0.000000, 0.000000, 1.000000, -0.998283, 0.021274, 0.054583, 0.005965, 0.053953, -0.029111, 0.998119, -0.046002, 0.022823, 0.999350, 0.027913, -0.044130, 0.000000, 0.000000, 0.000000, 1.000000
13.9307, 52.6829, -9.9566, 219.0863, 290.5863, -20.1829, 267.0301, 5.9743, -46.0326, -44.1304, 0.990322, 0.057308, -0.126405, 0.052683, -0.065492, 0.995952, -0.061567, -0.009957, 0.122365, 0.069250, 0.990066, 0.219086, 0.000000, 0.000000, 0.000000, 1.000000, 0.122365, 0.069250, 0.990066, 0.290586, -0.990322, -0.057308, 0.126405, -0.020183, 0.065492, -0.995952, 0.061567, 0.267030, 0.000000, 0.000000, 0.000000, 1.000000, -0.998279, 0.021437, 0.054593, 0.005974, 0.053989, -0.027807, 0.998154, -0.046033, 0.022915, 0.999383, 0.026601, -0.044130, 0.000000, 0.000000, 0.000000, 1.000000
14.0427, 52.5675, -9.9392, 218.9869, 290.4869, -20.0675, 267.0127, 6.0069, -46.1361, -44.1317, 0.990412, 0.057301, -0.125703, 0.052568, -0.065446, 0.995950, -0.061653, -0.009939, 0.121661, 0.069288, 0.990150, 0.218987, 0.000000, 0.000000, 0.000000, 1.000000, 0.121661, 0.069288, 0.990150, 0.290487, -0.990412, -0.057301, 0.125703, -0.020068, 0.065446, -0.995950, 0.061653, 0.267013, 0.000000, 0.000000, 0.000000, 1.000000, -0.998211, 0.021386, 0.055835, 0.006007, 0.055232, -0.027809, 0.998086, -0.046136, 0.022898, 0.999384, 0.026579, -0.044132, 0.000000, 0.000000, 0.000000, 1.000000
14.1486, 52.4891, -9.9248, 219.0810, 290.5810, -19.9891, 266.9982, 5.9949, -46.0495, -44.1141, 0.990932, 0.057183, -0.121591, 0.052489, -0.065189, 0.995887, -0.062920, -0.009925, 0.117493, 0.070276, 0.990584, 0.219081, 0.000000, 0.000000, 0.000000, 1.000000, 0.117493, 0.070276, 0.990584, 0.290581, -0.990932, -0.057183, 0.121591, -0.019989, 0.065189, -0.995887, 0.062920, 0.266998, 0.000000, 0.000000, 0.000000, 1.000000, -0.998341, 0.021385, 0.053458, 0.005995, 0.052877, -0.026854, 0.998240, -0.046050, 0.022783, 0.999411, 0.025678, -0.044114, 0.000000, 0.000000, 0.000000, 1.000000
14.2708, 52.3820, -9.9228, 219.0942, 290.5942, -19.8820, 266.9962, 6.0026, -46.0420, -44.1191, 0.991228, 0.057673, -0.118919, 0.052382, -0.065366, 0.995943, -0.061839, -0.009923, 0.114870, 0.069070, 0.990976, 0.219094, 0.000000, 0.000000, 0.000000, 1.000000, 0.114870, 0.069070, 0.990976, 0.290594, -0.991228, -0.057673, 0.118919, -0.019882, 0.065366, -0.995943, 0.061839, 0.266996, 0.000000, 0.000000, 0.000000, 1.000000, -0.998376, 0.020918, 0.052993, 0.006003, 0.052396, -0.028136, 0.998230, -0.046042, 0.022372, 0.999385, 0.026994, -0.044119, 0.000000, 0.000000, 0.000000, 1.000000
14.3767, 52.2659, -9.9093, 219.0367, 290.5367, -19.7659, 266.9827, 6.0375, -46.1037, -44.1202, 0.991170, 0.057229, -0.119613, 0.052266, -0.065037, 0.995928, -0.062425, -0.009909, 0.115553, 0.069653, 0.990856, 0.219037, 0.000000, 0.000000, 0.000000, 1.000000, 0.115553, 0.069653, 0.990856, 0.290537, -0.991170, -0.057229, 0.119613, -0.019766, 0.065037, -0.995928, 0.062425, 0.266983, 0.000000, 0.000000, 0.000000, 1.000000, -0.998233, 0.021272, 0.055488, 0.006038, 0.054894, -0.027564, 0.998112, -0.046104, 0.022761, 0.999394, 0.026348, -0.044120, 0.000000, 0.000000, 0.000000, 1.000000
14.4699, 52.1547, -9.9036, 219.0254, 290.5254, -19.6547, 266.9770, 6.0743, -46.1180, -44.1242, 0.991541, 0.057285, -0.116469, 0.052155, -0.064875, 0.995937, -0.062452, -0.009904, 0.112418, 0.069480, 0.991229, 0.219025, 0.000000, 0.000000, 0.000000, 1.000000, 0.112418, 0.069480, 0.991229, 0.290525, -0.991541, -0.057285, 0.116469, -0.019655, 0.064875, -0.995937, 0.062452, 0.266977, 0.000000, 0.000000, 0.000000, 1.000000, -0.998318, 0.021182, 0.053959, 0.006074, 0.053362, -0.027776, 0.998189, -0.046118, 0.022642, 0.999390, 0.026599, -0.044124, 0.000000, 0.000000, 0.000000, 1.000000
14.5881, 52.0547, -9.9008, 218.9808, 290.4808, -19.5547, 266.9743, 6.0813, -46.1687, -44.1335, 0.991643, 0.057350, -0.115568, 0.052055, -0.064856, 0.995950, -0.062270, -0.009901, 0.111529, 0.069245, 0.991346, 0.218981, 0.000000, 0.000000, 0.000000, 1.000000, 0.111529, 0.069245, 0.991346, 0.290481, -0.991643, -0.057350, 0.115568, -0.019555, 0.064856, -0.995950, 0.062270, 0.266974, 0.000000, 0.000000, 0.000000, 1.000000, -0.998257, 0.021074, 0.055131, 0.006081, 0.054531, -0.028058, 0.998118, -0.046169, 0.022582, 0.999384, 0.026860, -0.044134, 0.000000, 0.000000, 0.000000, 1.000000
14.7054, 51.9509, -9.8909, 218.9734, 290.4734, -19.4509, 266.9644, 6.0912, -46.1830, -44.1324, 0.991811, 0.057346, -0.114113, 0.051951, -0.064667, 0.996008, -0.061526, -0.009891, 0.110129, 0.068402, 0.991561, 0.218973, 0.000000, 0.000000, 0.000000, 1.000000, 0.110129, 0.068402, 0.991561, 0.290473, -0.991811, -0.057346, 0.114113, -0.019451, 0.064667, -0.996008, 0.061526, 0.266964, 0.000000, 0.000000, 0.000000, 1.000000, -0.998221, 0.021070, 0.055776, 0.006091, 0.055156, -0.028944, 0.998058, -0.046183, 0.022644, 0.999359, 0.027730, -0.044132, 0.000000, 0.000000, 0.000000, 1.000000
14.8052, 51.8489, -9.8842, 218.9677, 290.4677, -19.3489, 266.9576, 6.1131, -46.1938, -44.1341, 0.992109, 0.057194, -0.111574, 0.051849, -0.064499, 0.995927, -0.063000, -0.009884, 0.107516, 0.069699, 0.991757, 0.218968, 0.000000, 0.000000, 0.000000, 1.000000, 0.107516, 0.069699, 0.991757, 0.290468, -0.992109, -0.057194, 0.111574, -0.019349, 0.064499, -0.995927, 0.063000, 0.266958, 0.000000, 0.000000, 0.000000, 1.000000, -0.998271, 0.021098, 0.054855, 0.006113, 0.054263, -0.027675, 0.998143, -0.046194, 0.022577, 0.999394, 0.026482, -0.044134, 0.000000, 0.000000, 0.000000, 1.000000
14.9155, 51.7572, -9.8783, 218.9770, 290.4770, -19.2572, 266.9517, 6.1156, -46.1915, -44.1343, 0.992405, 0.057227, -0.108890, 0.051757, -0.064324, 0.995950, -0.062820, -0.009878, 0.104854, 0.069347, 0.992067, 0.218977, 0.000000, 0.000000, 0.000000, 1.000000, 0.104854, 0.069347, 0.992067, 0.290477, -0.992405, -0.057227, 0.108890, -0.019257, 0.064324, -0.995950, 0.062820, 0.266952, 0.000000, 0.000000, 0.000000, 1.000000, -0.998314, 0.021031, 0.054104, 0.006116, 0.053506, -0.028069, 0.998173, -0.046192, 0.022511, 0.999385, 0.026897, -0.044134, 0.000000, 0.000000, 0.000000, 1.000000
15.0381, 51.6540, -9.8749, 218.9912, 290.4912, -19.1540, 266.9484, 6.1197, -46.1849, -44.1375, 0.992638, 0.057295, -0.106715, 0.051654, -0.064185, 0.995992, -0.062285, -0.009875, 0.102718, 0.068676, 0.992337, 0.218991, 0.000000, 0.000000, 0.000000, 1.000000, 0.102718, 0.068676, 0.992337, 0.290491, -0.992638, -0.057295, 0.106715, -0.019154, 0.064185, -0.995992, 0.062285, 0.266948, 0.000000, 0.000000, 0.000000, 1.000000, -0.998316, 0.020934, 0.054105, 0.006120, 0.053493, -0.028790, 0.998153, -0.046185, 0.022453, 0.999366, 0.027622, -0.044138, 0.000000, 0.000000, 0.000000, 1.000000
15.1537, 51.5390, -9.8662, 218.9346, 290.4346, -19.0390, 266.9397, 6.1442, -46.2481, -44.1432, 0.992722, 0.057233, -0.105957, 0.051539, -0.064042, 0.996019, -0.062007, -0.009866, 0.101986, 0.068341, 0.992436, 0.218935, 0.000000, 0.000000, 0.000000, 1.000000, 0.101986, 0.068341, 0.992436, 0.290435, -0.992722, -0.057233, 0.105957, -0.019039, 0.064042, -0.996019, 0.062007, 0.266940, 0.000000, 0.000000, 0.000000, 1.000000, -0.998245, 0.020955, 0.055383, 0.006144, 0.054761, -0.029164, 0.998073, -0.046248, 0.022530, 0.999355, 0.027966, -0.044143, 0.000000, 0.000000, 0.000000, 1.000000
15.2714, 51.4351, -9.8565, 218.9251, 290.4251, -18.9351, 266.9300, 6.1538, -46.2657, -44.1425, 0.992851, 0.057146, -0.104788, 0.051435, -0.063938, 0.995986, -0.062648, -0.009857, 0.100787, 0.068900, 0.992519, 0.218925, 0.000000, 0.000000, 0.000000, 1.000000, 0.100787, 0.068900, 0.992519, 0.290425, -0.992851, -0.057146, 0.104788, -0.018935, 0.063938, -0.995986, 0.062648, 0.266930, 0.000000, 0.000000, 0.000000, 1.000000, -0.998199, 0.020955, 0.056214, 0.006154, 0.055604, -0.028644, 0.998042, -0.046266, 0.022525, 0.999370, 0.027427, -0.044143, 0.000000, 0.000000, 0.000000, 1.000000
15.3580, 51.3228, -9.8574, 218.9211, 290.4211, -18.8228, 266.9309, 6.1959, -46.2733, -44.1524, 0.993114, 0.057218, -0.102231, 0.051323, -0.063705, 0.996081, -0.061352, -0.009857, 0.098320, 0.067442, 0.992867, 0.218921, 0.000000, 0.000000, 0.000000, 1.000000, 0.098320, 0.067442, 0.992867, 0.290421, -0.993114, -0.057218, 0.102231, -0.018823, 0.063705, -0.996081, 0.061352, 0.266931, 0.000000, 0.000000, 0.000000, 1.000000, -0.998253, 0.020909, 0.055266, 0.006196, 0.054624, -0.030138, 0.998052, -0.046273, 0.022533, 0.999327, 0.028943, -0.044152, 0.000000, 0.000000, 0.000000, 1.000000
15.4789, 51.2102, -9.8296, 218.8511, 290.3511, -18.7102, 266.9030, 6.2154, -46.3531, -44.1402, 0.993217, 0.056749, -0.101487, 0.051210, -0.063366, 0.995987, -0.063210, -0.009830, 0.097493, 0.069212, 0.992827, 0.218851, 0.000000, 0.000000, 0.000000, 1.000000, 0.097493, 0.069212, 0.992827, 0.290351, -0.993217, -0.056749, 0.101487, -0.018710, 0.063366, -0.995987, 0.063210, 0.266903, 0.000000, 0.000000, 0.000000, 1.000000, -0.998178, 0.021235, 0.056482, 0.006215, 0.055870, -0.028391, 0.998034, -0.046353, 0.022797, 0.999371, 0.027153, -0.044140, 0.000000, 0.000000, 0.000000, 1.000000
15.6054, 51.1264, -9.8338, 218.8926, 290.3926, -18.6264, 266.9073, 6.1946, -46.3213, -44.1468, 0.993482, 0.056867, -0.098795, 0.051126, -0.063245, 0.996029, -0.062665, -0.009834, 0.094839, 0.068505, 0.993133, 0.218893, 0.000000, 0.000000, 0.000000, 1.000000, 0.094839, 0.068505, 0.993133, 0.290393, -0.993482, -0.056867, 0.098795, -0.018626, 0.063245, -0.996029, 0.062665, 0.266907, 0.000000, 0.000000, 0.000000, 1.000000, -0.998206, 0.021084, 0.056037, 0.006195, 0.055412, -0.029150, 0.998038, -0.046321, 0.022676, 0.999353, 0.027930, -0.044147, 0.000000, 0.000000, 0.000000, 1.000000
15.6924, 51.0202, -9.8224, 218.9031, 290.4031, -18.5202, 266.8958, 6.2305, -46.3167, -44.1426, 0.993832, 0.057009, -0.095124, 0.051020, -0.063175, 0.996005, -0.063118, -0.009822, 0.091146, 0.068738, 0.993462, 0.218903, 0.000000, 0.000000, 0.000000, 1.000000, 0.091146, 0.068738, 0.993462, 0.290403, -0.993832, -0.057009, 0.095124, -0.018520, 0.063175, -0.996005, 0.063118, 0.266896, 0.000000, 0.000000, 0.000000, 1.000000, -0.998331, 0.020888, 0.053848, 0.006231, 0.053233, -0.028954, 0.998162, -0.046317, 0.022409, 0.999362, 0.027794, -0.044143, 0.000000, 0.000000, 0.000000, 1.000000
15.8186, 50.9177, -9.8370, 218.8643, 290.3643, -18.4177, 266.9104, 6.2308, -46.3632, -44.1687, 0.993861, 0.057086, -0.094767, 0.050918, -0.062950, 0.996206, -0.060086, -0.009837, 0.090978, 0.065682, 0.993685, 0.218864, 0.000000, 0.000000, 0.000000, 1.000000, 0.090978, 0.065682, 0.993685, 0.290364, -0.993861, -0.057086, 0.094767, -0.018418, 0.062950, -0.996206, 0.060086, 0.266910, 0.000000, 0.000000, 0.000000, 1.000000, -0.998217, 0.020867, 0.055925, 0.006231, 0.055241, -0.032062, 0.997958, -0.046363, 0.022618, 0.999268, 0.030852, -0.044169, 0.000000, 0.000000, 0.000000, 1.000000
15.9363, 50.8146, -9.8128, 218.8650, 290.3650, -18.3146, 266.8862, 6.2401, -46.3734, -44.1525, 0.994023, 0.056983, -0.093116, 0.050815, -0.062923, 0.996081, -0.062152, -0.009813, 0.089209, 0.067640, 0.993714, 0.218865, 0.000000, 0.000000, 0.000000, 1.000000, 0.089209, 0.067640, 0.993714, 0.290365, -0.994023, -0.056983, 0.093116, -0.018315, 0.062923, -0.996081, 0.062152, 0.266886, 0.000000, 0.000000, 0.000000, 1.000000, -0.998204, 0.020831, 0.056165, 0.006240, 0.055524, -0.030141, 0.998002, -0.046373, 0.022483, 0.999329, 0.028931, -0.044153, 0.000000, 0.000000, 0.000000, 1.000000
16.0458, 50.6897, -9.8114, 218.8359, 290.3359, -18.1897, 266.8848, 6.2769, -46.4097, -44.1636, 0.994202, 0.057016, -0.091165, 0.050690, -0.062802, 0.996104, -0.061914, -0.009811, 0.087279, 0.067280, 0.993909, 0.218836, 0.000000, 0.000000, 0.000000, 1.000000, 0.087279, 0.067280, 0.993909, 0.290336, -0.994202, -0.057016, 0.091165, -0.018190, 0.062802, -0.996104, 0.061914, 0.266885, 0.000000, 0.000000, 0.000000, 1.000000, -0.998207, 0.020754, 0.056140, 0.006277, 0.055493, -0.030542, 0.997992, -0.046410, 0.022427, 0.999318, 0.029336, -0.044164, 0.000000, 0.000000, 0.000000, 1.000000
16.1525, 50.5987, -9.8105, 218.8687, 290.3687, -18.0987, 266.8840, 6.2803, -46.3855, -44.1665, 0.994439, 0.057135, -0.088469, 0.050599, -0.062786, 0.996070, -0.062462, -0.009811, 0.084553, 0.067669, 0.994119, 0.218869, 0.000000, 0.000000, 0.000000, 1.000000, 0.084553, 0.067669, 0.994119, 0.290369, -0.994439, -0.057135, 0.088469, -0.018099, 0.062786, -0.996070, 0.062462, 0.266884, 0.000000, 0.000000, 0.000000, 1.000000, -0.998260, 0.020564, 0.055265, 0.006280, 0.054631, -0.030195, 0.998050, -0.046386, 0.022193, 0.999332, 0.029019, -0.044166, 0.000000, 0.000000, 0.000000, 1.000000
16.2567, 50.4890, -9.8022, 218.7803, 290.2803, -17.9890, 266.8757, 6.3089, -46.4817, -44.1753, 0.994475, 0.056544, -0.088440, 0.050489, -0.062153, 0.996138, -0.062011, -0.009802, 0.084592, 0.067165, 0.994149, 0.218780, 0.000000, 0.000000, 0.000000, 1.000000, 0.084592, 0.067165, 0.994149, 0.290280, -0.994475, -0.056544, 0.088440, -0.017989, 0.062153, -0.996138, 0.062011, 0.266876, 0.000000, 0.000000, 0.000000, 1.000000, -0.998146, 0.021114, 0.057085, 0.006309, 0.056423, -0.030721, 0.997934, -0.046482, 0.022824, 0.999305, 0.029473, -0.044175, 0.000000, 0.000000, 0.000000, 1.000000
16.3920, 50.3779, -9.7917, 218.7951, 290.2951, -17.8779, 266.8651, 6.3103, -46.4793, -44.1719, 0.994812, 0.056634, -0.084510, 0.050378, -0.062097, 0.996050, -0.063474, -0.009792, 0.080582, 0.068392, 0.994399, 0.218795, 0.000000, 0.000000, 0.000000, 1.000000, 0.080582, 0.068392, 0.994399, 0.290295, -0.994812, -0.056634, 0.084510, -0.017878, 0.062097, -0.996050, 0.063474, 0.266865, 0.000000, 0.000000, 0.000000, 1.000000, -0.998245, 0.020915, 0.055404, 0.006310, 0.054775, -0.029544, 0.998062, -0.046479, 0.022511, 0.999345, 0.028347, -0.044172, 0.000000, 0.000000, 0.000000, 1.000000
16.4865, 50.2978, -9.7884, 218.8500, 290.3500, -17.7978, 266.8618, 6.3125, -46.4330, -44.1694, 0.994966, 0.056865, -0.082519, 0.050298, -0.062139, 0.996088, -0.062823, -0.009788, 0.078624, 0.067635, 0.994607, 0.218850, 0.000000, 0.000000, 0.000000, 1.000000, 0.078624, 0.067635, 0.994607, 0.290350, -0.994966, -0.056865, 0.082519, -0.017798, 0.062139, -0.996088, 0.062823, 0.266862, 0.000000, 0.000000, 0.000000, 1.000000, -0.998267, 0.020656, 0.055112, 0.006313, 0.054472, -0.030343, 0.998054, -0.046433, 0.022288, 0.999326, 0.029165, -0.044169, 0.000000, 0.000000, 0.000000, 1.000000
16.5858, 50.1858, -9.7848, 218.8305, 290.3305, -17.6858, 266.8582, 6.3443, -46.4604, -44.1763, 0.995137, 0.056981, -0.080352, 0.050186, -0.062011, 0.996175, -0.061563, -0.009785, 0.076537, 0.066246, 0.994864, 0.218831, 0.000000, 0.000000, 0.000000, 1.000000, 0.076537, 0.066246, 0.994864, 0.290331, -0.995137, -0.056981, 0.080352, -0.017686, 0.062011, -0.996175, 0.061563, 0.266858, 0.000000, 0.000000, 0.000000, 1.000000, -0.998288, 0.020523, 0.054776, 0.006344, 0.054109, -0.031772, 0.998029, -0.046460, 0.022223, 0.999284, 0.030607, -0.044176, 0.000000, 0.000000, 0.000000, 1.000000
16.7045, 50.0819, -9.7734, 218.8258, 290.3258, -17.5819, 266.8469, 6.3526, -46.4765, -44.1735, 0.995212, 0.056662, -0.079641, 0.050082, -0.061771, 0.996086, -0.063218, -0.009773, 0.075748, 0.067835, 0.994817, 0.218826, 0.000000, 0.000000, 0.000000, 1.000000, 0.075748, 0.067835, 0.994817, 0.290326, -0.995212, -0.056662, 0.079641, -0.017582, 0.061771, -0.996086, 0.063218, 0.266847, 0.000000, 0.000000, 0.000000, 1.000000, -0.998215, 0.020738, 0.056005, 0.006353, 0.055366, -0.030217, 0.998009, -0.046477, 0.022389, 0.999328, 0.029015, -0.044173, 0.000000, 0.000000, 0.000000, 1.000000
16.8201, 49.9693, -9.7696, 218.7690, 290.2690, -17.4693, 266.8430, 6.3724, -46.5434, -44.1839, 0.995280, 0.056835, -0.078655, 0.049969, -0.061789, 0.996159, -0.062047, -0.009770, 0.074827, 0.066614, 0.994969, 0.218769, 0.000000, 0.000000, 0.000000, 1.000000, 0.074827, 0.066614, 0.994969, 0.290269, -0.995280, -0.056835, 0.078655, -0.017469, 0.061789, -0.996159, 0.062047, 0.266843, 0.000000, 0.000000, 0.000000, 1.000000, -0.998156, 0.020531, 0.057125, 0.006372, 0.056463, -0.031485, 0.997908, -0.046543, 0.022286, 0.999293, 0.030267, -0.044184, 0.000000, 0.000000, 0.000000, 1.000000
16.9269, 49.8571, -9.7500, 218.7770, 290.2770, -17.3571, 266.8235, 6.3988, -46.5466, -44.1723, 0.995518, 0.056538, -0.075807, 0.049857, -0.061365, 0.996129, -0.062933, -0.009750, 0.071955, 0.067303, 0.995135, 0.218777, 0.000000, 0.000000, 0.000000, 1.000000, 0.071955, 0.067303, 0.995135, 0.290277, -0.995518, -0.056538, 0.075807, -0.017357, 0.061365, -0.996129, 0.062933, 0.266823, 0.000000, 0.000000, 0.000000, 1.000000, -0.998211, 0.020756, 0.056073, 0.006399, 0.055419, -0.030828, 0.997987, -0.046547, 0.022442, 0.999309, 0.029623, -0.044172, 0.000000, 0.000000, 0.000000, 1.000000
17.0332, 49.7700, -9.7479, 218.8039, 290.3039, -17.2700, 266.8214, 6.3990, -46.5301, -44.1742, 0.995730, 0.056566, -0.072948, 0.049770, -0.061198, 0.996141, -0.062912, -0.009748, 0.069107, 0.067108, 0.995350, 0.218804, 0.000000, 0.000000, 0.000000, 1.000000, 0.069107, 0.067108, 0.995350, 0.290304, -0.995730, -0.056566, 0.072948, -0.017270, 0.061198, -0.996141, 0.062912, 0.266821, 0.000000, 0.000000, 0.000000, 1.000000, -0.998268, 0.020674, 0.055074, 0.006399, 0.054418, -0.031062, 0.998035, -0.046530, 0.022344, 0.999304, 0.029883, -0.044174, 0.000000, 0.000000, 0.000000, 1.000000
17.1479, 49.6664, -9.7487, 218.7592, 290.2592, -17.1664, 266.8222, 6.4096, -46.5853, -44.1873, 0.995777, 0.056326, -0.072493, 0.049666, -0.060844, 0.996238, -0.061710, -0.009749, 0.068744, 0.065861, 0.995458, 0.218759, 0.000000, 0.000000, 0.000000, 1.000000, 0.068744, 0.065861, 0.995458, 0.290259, -0.995777, -0.056326, 0.072493, -0.017166, 0.060844, -0.996238, 0.061710, 0.266822, 0.000000, 0.000000, 0.000000, 1.000000, -0.998172, 0.020872, 0.056711, 0.006410, 0.056019, -0.032350, 0.997905, -0.046585, 0.022663, 0.999259, 0.031121, -0.044187, 0.000000, 0.000000, 0.000000, 1.000000
17.2714, 49.5632, -9.7452, 218.7684, 290.2684, -17.0632, 266.8186, 6.4123, -46.5885, -44.1908, 0.995967, 0.056619, -0.069599, 0.049563, -0.060949, 0.996229, -0.061745, -0.009745, 0.065840, 0.065738, 0.995662, 0.218768, 0.000000, 0.000000, 0.000000, 1.000000, 0.065840, 0.065738, 0.995662, 0.290268, -0.995967, -0.056619, 0.069599, -0.017063, 0.060949, -0.996229, 0.061745, 0.266819, 0.000000, 0.000000, 0.000000, 1.000000, -0.998222, 0.020511, 0.055972, 0.006412, 0.055288, -0.032521, 0.997941, -0.046589, 0.022289, 0.999261, 0.031329, -0.044191, 0.000000, 0.000000, 0.000000, 1.000000
17.3716, 49.4385, -9.7260, 218.6858, 290.1858, -16.9385, 266.7994, 6.4579, -46.6818, -44.1895, 0.995972, 0.056423, -0.069691, 0.049438, -0.060865, 0.996133, -0.063354, -0.009726, 0.065847, 0.067341, 0.995555, 0.218686, 0.000000, 0.000000, 0.000000, 1.000000, 0.065847, 0.067341, 0.995555, 0.290186, -0.995972, -0.056423, 0.069691, -0.016938, 0.060865, -0.996133, 0.063354, 0.266799, 0.000000, 0.000000, 0.000000, 1.000000, -0.998122, 0.020627, 0.057684, 0.006458, 0.057032, -0.030950, 0.997893, -0.046682, 0.022369, 0.999308, 0.029716, -0.044190, 0.000000, 0.000000, 0.000000, 1.000000
17.4898, 49.3410, -9.7416, 218.7813, 290.2813, -16.8410, 266.8151, 6.4570, -46.5972, -44.2031, 0.996233, 0.056393, -0.065883, 0.049341, -0.060421, 0.996317, -0.060838, -0.009742, 0.062210, 0.064590, 0.995971, 0.218781, 0.000000, 0.000000, 0.000000, 1.000000, 0.062210, 0.064590, 0.995971, 0.290281, -0.996233, -0.056393, 0.065883, -0.016841, 0.060421, -0.996317, 0.060838, 0.266815, 0.000000, 0.000000, 0.000000, 1.000000, -0.998210, 0.020621, 0.056140, 0.006457, 0.055425, -0.033748, 0.997892, -0.046597, 0.022472, 0.999218, 0.032544, -0.044203, 0.000000, 0.000000, 0.000000, 1.000000
17.5939, 49.2445, -9.7321, 218.7729, 290.2729, -16.7445, 266.8056, 6.4692, -46.6172, -44.2019, 0.996382, 0.056251, -0.063701, 0.049245, -0.060173, 0.996297, -0.061414, -0.009732, 0.060010, 0.065025, 0.996078, 0.218773, 0.000000, 0.000000, 0.000000, 1.000000, 0.060010, 0.065025, 0.996078, 0.290273, -0.996382, -0.056251, 0.063701, -0.016745, 0.060173, -0.996297, 0.061414, 0.266806, 0.000000, 0.000000, 0.000000, 1.000000, -0.998231, 0.020698, 0.055733, 0.006469, 0.055025, -0.033349, 0.997928, -0.046617, 0.022513, 0.999229, 0.032151, -0.044202, 0.000000, 0.000000, 0.000000, 1.000000
17.7271, 49.1365, -9.7127, 218.7079, 290.2079, -16.6365, 266.7861, 6.4702, -46.6978, -44.1973, 0.996373, 0.056457, -0.063662, 0.049136, -0.060481, 0.996169, -0.063161, -0.009713, 0.059852, 0.066783, 0.995971, 0.218708, 0.000000, 0.000000, 0.000000, 1.000000, 0.059852, 0.066783, 0.995971, 0.290208, -0.996373, -0.056457, 0.063662, -0.016636, 0.060481, -0.996169, 0.063161, 0.266786, 0.000000, 0.000000, 0.000000, 1.000000, -0.998115, 0.020404, 0.057879, 0.006470, 0.057218, -0.031637, 0.997860, -0.046698, 0.022191, 0.999291, 0.030410, -0.044197, 0.000000, 0.000000, 0.000000, 1.000000
17.8282, 49.0370, -9.7137, 218.7004, 290.2004, -16.5370, 266.7871, 6.4869, -46.7158, -44.2066, 0.996534, 0.056249, -0.061286, 0.049037, -0.060084, 0.996226, -0.062634, -0.009714, 0.057532, 0.066099, 0.996153, 0.218700, 0.000000, 0.000000, 0.000000, 1.000000, 0.057532, 0.066099, 0.996153, 0.290200, -0.996534, -0.056249, 0.061286, -0.016537, 0.060084, -0.996226, 0.062634, 0.266787, 0.000000, 0.000000, 0.000000, 1.000000, -0.998145, 0.020559, 0.057311, 0.006487, 0.056629, -0.032357, 0.997871, -0.046716, 0.022369, 0.999265, 0.031133, -0.044207, 0.000000, 0.000000, 0.000000, 1.000000
17.9402, 48.9274, -9.7225, 218.7358, 290.2358, -16.4274, 266.7960, 6.5042, -46.6918, -44.2203, 0.996760, 0.056254, -0.057492, 0.048927, -0.059734, 0.996366, -0.060711, -0.009723, 0.053868, 0.063948, 0.996498, 0.218736, 0.000000, 0.000000, 0.000000, 1.000000, 0.053868, 0.063948, 0.996498, 0.290236, -0.996760, -0.056254, 0.057492, -0.016427, 0.059734, -0.996366, 0.060711, 0.266796, 0.000000, 0.000000, 0.000000, 1.000000, -0.998241, 0.020495, 0.055628, 0.006504, 0.054899, -0.034551, 0.997894, -0.046692, 0.022373, 0.999193, 0.033366, -0.044220, 0.000000, 0.000000, 0.000000, 1.000000
18.0330, 48.8199, -9.7044, 218.7111, 290.2111, -16.3199, 266.7779, 6.5370, -46.7283, -44.2130, 0.996809, 0.056216, -0.056672, 0.048820, -0.059738, 0.996255, -0.062501, -0.009704, 0.052946, 0.065687, 0.996435, 0.218711, 0.000000, 0.000000, 0.000000, 1.000000, 0.052946, 0.065687, 0.996435, 0.290211, -0.996809, -0.056216, 0.056672, -0.016320, 0.059738, -0.996255, 0.062501, 0.266778, 0.000000, 0.000000, 0.000000, 1.000000, -0.998205, 0.020477, 0.056288, 0.006537, 0.055598, -0.032843, 0.997913, -0.046728, 0.022282, 0.999251, 0.031646, -0.044213, 0.000000, 0.000000, 0.000000, 1.000000
18.1534, 48.7254, -9.7074, 218.7625, 290.2625, -16.2254, 266.7808, 6.5332, -46.6905, -44.2181, 0.996895, 0.056279, -0.055071, 0.048725, -0.059635, 0.996335, -0.061322, -0.009707, 0.051418, 0.064416, 0.996598, 0.218762, 0.000000, 0.000000, 0.000000, 1.000000, 0.051418, 0.064416, 0.996598, 0.290262, -0.996895, -0.056279, 0.055071, -0.016225, 0.059635, -0.996335, 0.061322, 0.266781, 0.000000, 0.000000, 0.000000, 1.000000, -0.998174, 0.020343, 0.056880, 0.006533, 0.056165, -0.034159, 0.997837, -0.046690, 0.022242, 0.999209, 0.032954, -0.044218, 0.000000, 0.000000, 0.000000, 1.000000
18.2795, 48.6014, -9.6981, 218.6581, 290.1581, -16.1014, 266.7715, 6.5538, -46.8097, -44.2286, 0.996963, 0.056036, -0.054078, 0.048601, -0.059364, 0.996307, -0.062029, -0.009698, 0.050403, 0.065051, 0.996608, 0.218658, 0.000000, 0.000000, 0.000000, 1.000000, 0.050403, 0.065051, 0.996608, 0.290158, -0.996963, -0.056036, 0.054078, -0.016101, 0.059364, -0.996307, 0.062029, 0.266772, 0.000000, 0.000000, 0.000000, 1.000000, -0.998104, 0.020513, 0.058033, 0.006554, 0.057325, -0.033569, 0.997791, -0.046810, 0.022415, 0.999226, 0.032330, -0.044229, 0.000000, 0.000000, 0.000000, 1.000000
18.3740, 48.5164, -9.6923, 218.7165, 290.2165, -16.0164, 266.7658, 6.5624, -46.7632, -44.2237, 0.997108, 0.055819, -0.051582, 0.048516, -0.059004, 0.996304, -0.062423, -0.009692, 0.047907, 0.065286, 0.996716, 0.218716, 0.000000, 0.000000, 0.000000, 1.000000, 0.047907, 0.065286, 0.996716, 0.290216, -0.997108, -0.055819, 0.051582, -0.016016, 0.059004, -0.996304, 0.062423, 0.266766, 0.000000, 0.000000, 0.000000, 1.000000, -0.998151, 0.020675, 0.057160, 0.006562, 0.056452, -0.033370, 0.997848, -0.046763, 0.022538, 0.999229, 0.032141, -0.044224, 0.000000, 0.000000, 0.000000, 1.000000
18.4878, 48.4108, -9.6819, 218.7069, 290.2069, -15.9108, 266.7554, 6.5754, -46.7871, -44.2224, 0.997222, 0.055803, -0.049334, 0.048411, -0.058800, 0.996372, -0.061527, -0.009682, 0.045722, 0.064257, 0.996885, 0.218707, 0.000000, 0.000000, 0.000000, 1.000000, 0.045722, 0.064257, 0.996885, 0.290207, -0.997222, -0.055803, 0.049334, -0.015911, 0.058800, -0.996372, 0.061527, 0.266755, 0.000000, 0.000000, 0.000000, 1.000000, -0.998163, 0.020617, 0.056971, 0.006575, 0.056240, -0.034441, 0.997823, -0.046787, 0.022535, 0.999194, 0.033218, -0.044222, 0.000000, 0.000000, 0.000000, 1.000000
18.6069, 48.3060, -9.6793, 218.7423, 290.2423, -15.8060, 266.7528, 6.5840, -46.7664, -44.2244, 0.997344, 0.055727, -0.046892, 0.048306, -0.058537, 0.996428, -0.060868, -0.009679, 0.043333, 0.063451, 0.997044, 0.218742, 0.000000, 0.000000, 0.000000, 1.000000, 0.043333, 0.063451, 0.997044, 0.290242, -0.997344, -0.055727, 0.046892, -0.015806, 0.058537, -0.996428, 0.060868, 0.266753, 0.000000, 0.000000, 0.000000, 1.000000, -0.998181, 0.020611, 0.056662, 0.006584, 0.055913, -0.035293, 0.997812, -0.046766, 0.022566, 0.999164, 0.034076, -0.044224, 0.000000, 0.000000, 0.000000, 1.000000
18.7022, 48.2085, -9.6713, 218.7318, 290.2318, -15.7085, 266.7448, 6.6039, -46.7894, -44.2250, 0.997382, 0.055862, -0.045928, 0.048208, -0.058618, 0.996412, -0.061046, -0.009671, 0.042353, 0.063578, 0.997078, 0.218732, 0.000000, 0.000000, 0.000000, 1.000000, 0.042353, 0.063578, 0.997078, 0.290232, -0.997382, -0.055862, 0.045928, -0.015708, 0.058618, -0.996412, 0.061046, 0.266745, 0.000000, 0.000000, 0.000000, 1.000000, -0.998145, 0.020419, 0.057348, 0.006604, 0.056607, -0.035198, 0.997776, -0.046789, 0.022392, 0.999172, 0.033977, -0.044225, 0.000000, 0.000000, 0.000000, 1.000000
18.8231, 48.0858, -9.6635, 218.7534, 290.2534, -15.5858, 266.7369, 6.6285, -46.7838, -44.2244, 0.997492, 0.055892, -0.043429, 0.048086, -0.058536, 0.996345, -0.062208, -0.009663, 0.039794, 0.064594, 0.997118, 0.218753, 0.000000, 0.000000, 0.000000, 1.000000, 0.039794, 0.064594, 0.997118, 0.290253, -0.997492, -0.055892, 0.043429, -0.015586, 0.058536, -0.996345, 0.062208, 0.266737, 0.000000, 0.000000, 0.000000, 1.000000, -0.998174, 0.020328, 0.056876, 0.006629, 0.056159, -0.034223, 0.997835, -0.046784, 0.022230, 0.999207, 0.033019, -0.044224, 0.000000, 0.000000, 0.000000, 1.000000
18.9360, 47.9957, -9.6628, 218.7786, 290.2786, -15.4957, 266.7363, 6.6266, -46.7729, -44.2282, 0.997647, 0.056022, -0.039517, 0.047996, -0.058354, 0.996457, -0.060565, -0.009663, 0.035984, 0.062728, 0.997382, 0.218779, 0.000000, 0.000000, 0.000000, 1.000000, 0.035984, 0.062728, 0.997382, 0.290279, -0.997647, -0.056022, 0.039517, -0.015496, 0.058354, -0.996457, 0.060565, 0.266736, 0.000000, 0.000000, 0.000000, 1.000000, -0.998280, 0.020101, 0.055070, 0.006627, 0.054320, -0.036129, 0.997870, -0.046773, 0.022048, 0.999145, 0.034975, -0.044228, 0.000000, 0.000000, 0.000000, 1.000000
19.0340, 47.8826, -9.6534, 218.7128, 290.2128, -15.3826, 266.7269, 6.6586, -46.8522, -44.2340, 0.997669, 0.055729, -0.039380, 0.047883, -0.058134, 0.996329, -0.062838, -0.009653, 0.035733, 0.064981, 0.997247, 0.218713, 0.000000, 0.000000, 0.000000, 1.000000, 0.035733, 0.064981, 0.997247, 0.290213, -0.997669, -0.055729, 0.039380, -0.015383, 0.058134, -0.996329, 0.062838, 0.266727, 0.000000, 0.000000, 0.000000, 1.000000, -0.998197, 0.020371, 0.056467, 0.006659, 0.055756, -0.033913, 0.997868, -0.046852, 0.022243, 0.999217, 0.032716, -0.044234, 0.000000, 0.000000, 0.000000, 1.000000
19.1487, 47.7869, -9.6545, 218.7530, 290.2530, -15.2869, 266.7279, 6.6611, -46.8269, -44.2384, 0.997753, 0.055681, -0.037270, 0.047787, -0.057901, 0.996431, -0.061423, -0.009654, 0.033717, 0.063443, 0.997416, 0.218753, 0.000000, 0.000000, 0.000000, 1.000000, 0.033717, 0.063443, 0.997416, 0.290253, -0.997753, -0.055681, 0.037270, -0.015287, 0.057901, -0.996431, 0.061423, 0.266728, 0.000000, 0.000000, 0.000000, 1.000000, -0.998197, 0.020322, 0.056471, 0.006661, 0.055727, -0.035495, 0.997815, -0.046827, 0.022282, 0.999163, 0.034299, -0.044238, 0.000000, 0.000000, 0.000000, 1.000000
19.2762, 47.6830, -9.6496, 218.7611, 290.2611, -15.1830, 266.7231, 6.6611, -46.8360, -44.2408, 0.997867, 0.055812, -0.033846, 0.047683, -0.057839, 0.996387, -0.062195, -0.009650, 0.030253, 0.064020, 0.997490, 0.218761, 0.000000, 0.000000, 0.000000, 1.000000, 0.030253, 0.064020, 0.997490, 0.290261, -0.997867, -0.055812, 0.033846, -0.015183, 0.057839, -0.996387, 0.062195, 0.266723, 0.000000, 0.000000, 0.000000, 1.000000, -0.998271, 0.020124, 0.055222, 0.006661, 0.054496, -0.034960, 0.997902, -0.046836, 0.022012, 0.999186, 0.033803, -0.044241, 0.000000, 0.000000, 0.000000, 1.000000
19.3869, 47.5853, -9.6458, 218.7696, 290.2696, -15.0853, 266.7193, 6.6685, -46.8427, -44.2437, 0.997945, 0.055882, -0.031350, 0.047585, -0.057700, 0.996504, -0.060418, -0.009646, 0.027865, 0.062103, 0.997681, 0.218770, 0.000000, 0.000000, 0.000000, 1.000000, 0.027865, 0.062103, 0.997681, 0.290270, -0.997945, -0.055882, 0.031350, -0.015085, 0.057700, -0.996504, 0.060418, 0.266719, 0.000000, 0.000000, 0.000000, 1.000000, -0.998298, 0.019941, 0.054800, 0.006668, 0.054038, -0.036916, 0.997856, -0.046843, 0.021922, 0.999119, 0.035775, -0.044244, 0.000000, 0.000000, 0.000000, 1.000000
19.4867, 47.4727, -9.6400, 218.7113, 290.2113, -14.9727, 266.7135, 6.6978, -46.9153, -44.2523, 0.997885, 0.055827, -0.033289, 0.047473, -0.057808, 0.996409, -0.061871, -0.009640, 0.029715, 0.063665, 0.997529, 0.218711, 0.000000, 0.000000, 0.000000, 1.000000, 0.029715, 0.063665, 0.997529, 0.290211, -0.997885, -0.055827, 0.033289, -0.014973, 0.057808, -0.996409, 0.061871, 0.266713, 0.000000, 0.000000, 0.000000, 1.000000, -0.998096, 0.019972, 0.058357, 0.006698, 0.057626, -0.035388, 0.997711, -0.046915, 0.021991, 0.999174, 0.034170, -0.044252, 0.000000, 0.000000, 0.000000, 1.000000
19.6097, 47.3790, -9.6448, 218.7573, 290.2573, -14.8790, 266.7183, 6.6916, -46.8856, -44.2597, 0.998017, 0.055624, -0.029451, 0.047379, -0.057302, 0.996576, -0.059602, -0.009645, 0.026035, 0.061171, 0.997788, 0.218757, 0.000000, 0.000000, 0.000000, 1.000000, 0.026035, 0.061171, 0.997788, 0.290257, -0.998017, -0.055624, 0.029451, -0.014879, 0.057302, -0.996576, 0.059602, 0.266718, 0.000000, 0.000000, 0.000000, 1.000000, -0.998182, 0.020031, 0.056850, 0.006692, 0.056061, -0.037933, 0.997706, -0.046886, 0.022141, 0.999080, 0.036741, -0.044260, 0.000000, 0.000000, 0.000000, 1.000000
19.7024, 47.2716, -9.6265, 218.7421, 290.2421, -14.7716, 266.7000, 6.7236, -46.9162, -44.2512, 0.998076, 0.055513, -0.027613, 0.047272, -0.057147, 0.996413, -0.062407, -0.009627, 0.024050, 0.063865, 0.997669, 0.218742, 0.000000, 0.000000, 0.000000, 1.000000, 0.024050, 0.063865, 0.997669, 0.290242, -0.998076, -0.055513, 0.027613, -0.014772, 0.057147, -0.996413, 0.062407, 0.266700, 0.000000, 0.000000, 0.000000, 1.000000, -0.998203, 0.020158, 0.056422, 0.006724, 0.055689, -0.035273, 0.997825, -0.046916, 0.022104, 0.999174, 0.034087, -0.044251, 0.000000, 0.000000, 0.000000, 1.000000
19.8224, 47.1536, -9.6285, 218.7491, 290.2491, -14.6536, 266.7020, 6.7430, -46.9264, -44.2616, 0.998144, 0.055605, -0.024829, 0.047154, -0.057037, 0.996489, -0.061287, -0.009629, 0.021334, 0.062589, 0.997811, 0.218749, 0.000000, 0.000000, 0.000000, 1.000000, 0.021334, 0.062589, 0.997811, 0.290249, -0.998144, -0.055605, 0.024829, -0.014654, 0.057037, -0.996489, 0.061287, 0.266702, 0.000000, 0.000000, 0.000000, 1.000000, -0.998241, 0.019953, 0.055823, 0.006743, 0.055068, -0.036589, 0.997812, -0.046926, 0.021952, 0.999131, 0.035426, -0.044262, 0.000000, 0.000000, 0.000000, 1.000000
19.9406, 47.0564, -9.6307, 218.7155, 290.2155, -14.5564, 266.7041, 6.7417, -46.9763, -44.2745, 0.998154, 0.055611, -0.024432, 0.047056, -0.056991, 0.996572, -0.059969, -0.009631, 0.021013, 0.061251, 0.997901, 0.218716, 0.000000, 0.000000, 0.000000, 1.000000, 0.021013, 0.061251, 0.997901, 0.290216, -0.998154, -0.055611, 0.024432, -0.014556, 0.056991, -0.996572, 0.059969, 0.266704, 0.000000, 0.000000, 0.000000, 1.000000, -0.998144, 0.019827, 0.057586, 0.006742, 0.056804, -0.037969, 0.997663, -0.046976, 0.021967, 0.999082, 0.036772, -0.044274, 0.000000, 0.000000, 0.000000, 1.000000
20.0536, 46.9507, -9.6146, 218.6893, 290.1893, -14.4507, 266.6881, 6.7545, -47.0205, -44.2692, 0.998223, 0.055124, -0.022630, 0.046951, -0.056389, 0.996624, -0.059674, -0.009615, 0.019264, 0.060844, 0.997961, 0.218689, 0.000000, 0.000000, 0.000000, 1.000000, 0.019264, 0.060844, 0.997961, 0.290189, -0.998223, -0.055124, 0.022630, -0.014451, 0.056389, -0.996624, 0.059674, 0.266688, 0.000000, 0.000000, 0.000000, 1.000000, -0.998124, 0.020225, 0.057781, 0.006754, 0.056974, -0.038434, 0.997636, -0.047021, 0.022398, 0.999056, 0.037209, -0.044269, 0.000000, 0.000000, 0.000000, 1.000000
20.1551, 46.8453, -9.6131, 218.7011, 290.2011, -14.3453, 266.6866, 6.7768, -47.0244, -44.2746, 0.998234, 0.055240, -0.021830, 0.046845, -0.056460, 0.996606, -0.059901, -0.009613, 0.018447, 0.061028, 0.997966, 0.218701, 0.000000, 0.000000, 0.000000, 1.000000, 0.018447, 0.061028, 0.997966, 0.290201, -0.998234, -0.055240, 0.021830, -0.014345, 0.056460, -0.996606, 0.059901, 0.266687, 0.000000, 0.000000, 0.000000, 1.000000, -0.998072, 0.020047, 0.058735, 0.006777, 0.057938, -0.038280, 0.997586, -0.047024, 0.022247, 0.999066, 0.037045, -0.044275, 0.000000, 0.000000, 0.000000, 1.000000
20.2768, 46.7383, -9.5997, 218.6750, 290.1750, -14.2383, 266.6731, 6.7834, -47.0699, -44.2720, 0.998301, 0.055037, -0.019112, 0.046738, -0.056096, 0.996607, -0.060226, -0.009600, 0.015733, 0.061195, 0.998002, 0.218675, 0.000000, 0.000000, 0.000000, 1.000000, 0.015733, 0.061195, 0.998002, 0.290175, -0.998301, -0.055037, 0.019112, -0.014238, 0.056096, -0.996607, 0.060226, 0.266673, 0.000000, 0.000000, 0.000000, 1.000000, -0.998105, 0.020176, 0.058124, 0.006783, 0.057325, -0.038164, 0.997626, -0.047070, 0.022347, 0.999068, 0.036935, -0.044272, 0.000000, 0.000000, 0.000000, 1.000000
20.3687, 46.6277, -9.5984, 218.6927, 290.1927, -14.1277, 266.6718, 6.8196, -47.0673, -44.2775, 0.998354, 0.055110, -0.015852, 0.046628, -0.055966, 0.996634, -0.059896, -0.009598, 0.012498, 0.060684, 0.998079, 0.218693, 0.000000, 0.000000, 0.000000, 1.000000, 0.012498, 0.060684, 0.998079, 0.290193, -0.998354, -0.055110, 0.015852, -0.014128, 0.055966, -0.996634, 0.059896, 0.266672, 0.000000, 0.000000, 0.000000, 1.000000, -0.998202, 0.020017, 0.056503, 0.006820, 0.055698, -0.038705, 0.997697, -0.047067, 0.022158, 0.999050, 0.037521, -0.044278, 0.000000, 0.000000, 0.000000, 1.000000
20.5044, 46.5179, -9.5967, 218.6014, 290.1014, -14.0179, 266.6702, 6.8132, -47.1787, -44.2932, 0.998316, 0.055194, -0.017875, 0.046518, -0.056186, 0.996571, -0.060747, -0.009597, 0.014461, 0.061649, 0.997993, 0.218601, 0.000000, 0.000000, 0.000000, 1.000000, 0.014461, 0.061649, 0.997993, 0.290101, -0.998316, -0.055194, 0.017875, -0.014018, 0.056186, -0.996571, 0.060747, 0.266670, 0.000000, 0.000000, 0.000000, 1.000000, -0.997951, 0.019882, 0.060817, 0.006813, 0.060035, -0.037783, 0.997481, -0.047179, 0.022130, 0.999088, 0.036512, -0.044293, 0.000000, 0.000000, 0.000000, 1.000000
20.5989, 46.4303, -9.5979, 218.7054, 290.2054, -13.9303, 266.6713, 6.8277, -47.0900, -44.2909, 0.998390, 0.055360, -0.012363, 0.046430, -0.055999, 0.996669, -0.059288, -0.009598, 0.009040, 0.059885, 0.998164, 0.218705, 0.000000, 0.000000, 0.000000, 1.000000, 0.009040, 0.059885, 0.998164, 0.290205, -0.998390, -0.055360, 0.012363, -0.013930, 0.055999, -0.996669, 0.059288, 0.266671, 0.000000, 0.000000, 0.000000, 1.000000, -0.998177, 0.019575, 0.057084, 0.006828, 0.056276, -0.039573, 0.997631, -0.047090, 0.021788, 0.999025, 0.038399, -0.044291, 0.000000, 0.000000, 0.000000, 1.000000
20.7171, 46.3169, -9.5863, 218.7198, 290.2198, -13.8169, 266.6597, 6.8451, -47.0958, -44.2866, 0.998434, 0.054927, -0.010614, 0.046317, -0.055471, 0.996620, -0.060596, -0.009586, 0.007249, 0.061090, 0.998106, 0.218720, 0.000000, 0.000000, 0.000000, 1.000000, 0.007249, 0.061090, 0.998106, 0.290220, -0.998434, -0.054927, 0.010614, -0.013817, 0.055471, -0.996620, 0.060596, 0.266660, 0.000000, 0.000000, 0.000000, 1.000000, -0.998157, 0.019983, 0.057303, 0.006845, 0.056505, -0.038430, 0.997662, -0.047096, 0.022139, 0.999061, 0.037230, -0.044287, 0.000000, 0.000000, 0.000000, 1.000000
20.9386, 46.2027, -9.5845, 218.6687, 290.1687, -13.7027, 266.6580, 6.7740, -47.1783, -44.2987, 0.998437, 0.054966, -0.010162, 0.046203, -0.055469, 0.996735, -0.058672, -0.009585, 0.006904, 0.059144, 0.998226, 0.218669, 0.000000, 0.000000, 0.000000, 1.000000, 0.006904, 0.059144, 0.998226, 0.290169, -0.998437, -0.054966, 0.010162, -0.013703, 0.055469, -0.996735, 0.058672, 0.266658, 0.000000, 0.000000, 0.000000, 1.000000, -0.997952, 0.019697, 0.060853, 0.006774, 0.060019, -0.040450, 0.997377, -0.047178, 0.022107, 0.998987, 0.039185, -0.044299, 0.000000, 0.000000, 0.000000, 1.000000
21.0204, 46.1154, -9.5708, 218.6620, 290.1620, -13.6154, 266.6442, 6.7942, -47.2002, -44.2924, 0.998446, 0.055067, -0.008591, 0.046115, -0.055483, 0.996669, -0.059765, -0.009571, 0.005271, 0.060149, 0.998175, 0.218662, 0.000000, 0.000000, 0.000000, 1.000000, 0.005271, 0.060149, 0.998175, 0.290162, -0.998446, -0.055067, 0.008591, -0.013615, 0.055483, -0.996669, 0.059765, 0.266644, 0.000000, 0.000000, 0.000000, 1.000000, -0.997968, 0.019591, 0.060630, 0.006794, 0.059823, -0.039468, 0.997428, -0.047200, 0.021933, 0.999029, 0.038216, -0.044292, 0.000000, 0.000000, 0.000000, 1.000000
21.0920, 46.0109, -9.5592, 218.7030, 290.2030, -13.5109, 266.6327, 6.8424, -47.1744, -44.2849, 0.998468, 0.055052, -0.005650, 0.046011, -0.055294, 0.996631, -0.060574, -0.009559, 0.002297, 0.060794, 0.998148, 0.218703, 0.000000, 0.000000, 0.000000, 1.000000, 0.002297, 0.060794, 0.998148, 0.290203, -0.998468, -0.055052, 0.005650, -0.013511, 0.055294, -0.996631, 0.060574, 0.266633, 0.000000, 0.000000, 0.000000, 1.000000, -0.998072, 0.019591, 0.058890, 0.006842, 0.058097, -0.038848, 0.997555, -0.047174, 0.021831, 0.999053, 0.037635, -0.044285, 0.000000, 0.000000, 0.000000, 1.000000
21.1772, 45.8899, -9.5567, 218.6578, 290.1578, -13.3899, 266.6302, 6.8903, -47.2359, -44.2961, 0.998486, 0.054819, -0.004485, 0.045890, -0.054989, 0.996705, -0.059621, -0.009557, 0.001202, 0.059778, 0.998211, 0.218658, 0.000000, 0.000000, 0.000000, 1.000000, 0.001202, 0.059778, 0.998211, 0.290158, -0.998486, -0.054819, 0.004485, -0.013390, 0.054989, -0.996705, 0.059621, 0.266630, 0.000000, 0.000000, 0.000000, 1.000000, -0.998046, 0.019710, 0.059285, 0.006890, 0.058464, -0.039907, 0.997492, -0.047236, 0.022027, 0.999009, 0.038676, -0.044296, 0.000000, 0.000000, 0.000000, 1.000000
21.2700, 45.7885, -9.5573, 218.7046, 290.2046, -13.2885, 266.6307, 6.9175, -47.2059, -44.2998, 0.998484, 0.055042, 0.000261, 0.045789, -0.054931, 0.996741, -0.059074, -0.009557, -0.003512, 0.058970, 0.998254, 0.218705, 0.000000, 0.000000, 0.000000, 1.000000, -0.003512, 0.058970, 0.998254, 0.290205, -0.998484, -0.055042, -0.000261, -0.013289, 0.054931, -0.996741, 0.059074, 0.266631, 0.000000, 0.000000, 0.000000, 1.000000, -0.998231, 0.019376, 0.056215, 0.006918, 0.055391, -0.040732, 0.997634, -0.047206, 0.021620, 0.998982, 0.039587, -0.044300, 0.000000, 0.000000, 0.000000, 1.000000
21.3965, 45.6925, -9.5518, 218.6864, 290.1864, -13.1925, 266.6252, 6.9081, -47.2451, -44.3035, 0.998491, 0.054912, -0.000598, 0.045692, -0.054852, 0.996766, -0.058719, -0.009552, -0.002628, 0.058663, 0.998274, 0.218686, 0.000000, 0.000000, 0.000000, 1.000000, -0.002628, 0.058663, 0.998274, 0.290186, -0.998491, -0.054912, 0.000598, -0.013192, 0.054852, -0.996766, 0.058719, 0.266625, 0.000000, 0.000000, 0.000000, 1.000000, -0.998052, 0.019399, 0.059301, 0.006908, 0.058466, -0.041090, 0.997443, -0.047245, 0.021786, 0.998967, 0.039876, -0.044304, 0.000000, 0.000000, 0.000000, 1.000000
21.4906, 45.5776, -9.5331, 218.6509, 290.1509, -13.0776, 266.6065, 6.9439, -47.3000, -44.2972, 0.998512, 0.054531, 0.000488, 0.045578, -0.054408, 0.996785, -0.058817, -0.009533, -0.003694, 0.058703, 0.998269, 0.218651, 0.000000, 0.000000, 0.000000, 1.000000, -0.003694, 0.058703, 0.998269, 0.290151, -0.998512, -0.054531, -0.000488, -0.013078, 0.054408, -0.996785, 0.058817, 0.266607, 0.000000, 0.000000, 0.000000, 1.000000, -0.998013, 0.019715, 0.059849, 0.006944, 0.059001, -0.041106, 0.997411, -0.047300, 0.022124, 0.998960, 0.039861, -0.044297, 0.000000, 0.000000, 0.000000, 1.000000
21.6171, 45.4883, -9.5320, 218.6858, 290.1858, -12.9883, 266.6055, 6.9307, -47.2860, -44.2996, 0.998493, 0.054743, 0.003794, 0.045488, -0.054423, 0.996757, -0.059277, -0.009532, -0.007027, 0.058981, 0.998234, 0.218686, 0.000000, 0.000000, 0.000000, 1.000000, -0.007027, 0.058981, 0.998234, 0.290186, -0.998493, -0.054743, -0.003794, -0.012988, 0.054423, -0.996757, 0.059277, 0.266605, 0.000000, 0.000000, 0.000000, 1.000000, -0.998085, 0.019429, 0.058727, 0.006931, 0.057896, -0.040857, 0.997486, -0.047286, 0.021779, 0.998976, 0.039654, -0.044300, 0.000000, 0.000000, 0.000000, 1.000000
21.7090, 45.3714, -9.5241, 218.6525, 290.1525, -12.8714, 266.5975, 6.9695, -47.3381, -44.3039, 0.998497, 0.054676, 0.003761, 0.045371, -0.054350, 0.996699, -0.060317, -0.009524, -0.007046, 0.060022, 0.998172, 0.218652, 0.000000, 0.000000, 0.000000, 1.000000, -0.007046, 0.060022, 0.998172, 0.290152, -0.998497, -0.054676, -0.003761, -0.012871, 0.054350, -0.996699, 0.060317, 0.266598, 0.000000, 0.000000, 0.000000, 1.000000, -0.997991, 0.019498, 0.060282, 0.006969, 0.059470, -0.039854, 0.997434, -0.047338, 0.021850, 0.999015, 0.038614, -0.044304, 0.000000, 0.000000, 0.000000, 1.000000
21.8294, 45.2742, -9.5310, 218.6906, 290.1906, -12.7742, 266.6044, 6.9689, -47.3202, -44.3145, 0.998483, 0.054550, 0.007547, 0.045274, -0.054033, 0.996910, -0.057023, -0.009531, -0.010634, 0.056529, 0.998344, 0.218691, 0.000000, 0.000000, 0.000000, 1.000000, -0.010634, 0.056529, 0.998344, 0.290191, -0.998483, -0.054550, -0.007547, -0.012774, 0.054033, -0.996910, 0.057023, 0.266604, 0.000000, 0.000000, 0.000000, 1.000000, -0.998080, 0.019308, 0.058853, 0.006969, 0.057972, -0.043391, 0.997375, -0.047320, 0.021811, 0.998872, 0.042189, -0.044314, 0.000000, 0.000000, 0.000000, 1.000000
21.9379, 45.1747, -9.5311, 218.6850, 290.1850, -12.6747, 266.6045, 6.9778, -47.3454, -44.3228, 0.998478, 0.054315, 0.009534, 0.045175, -0.053683, 0.996915, -0.057260, -0.009531, -0.012615, 0.056661, 0.998314, 0.218685, 0.000000, 0.000000, 0.000000, 1.000000, -0.012615, 0.056661, 0.998314, 0.290185, -0.998478, -0.054315, -0.009534, -0.012675, 0.053683, -0.996915, 0.057260, 0.266605, 0.000000, 0.000000, 0.000000, 1.000000, -0.998083, 0.019469, 0.058746, 0.006978, 0.057860, -0.043312, 0.997385, -0.047345, 0.021962, 0.998872, 0.042103, -0.044323, 0.000000, 0.000000, 0.000000, 1.000000
22.0562, 45.0660, -9.5265, 218.6231, 290.1231, -12.5660, 266.6000, 6.9840, -47.4288, -44.3326, 0.998480, 0.054634, 0.007217, 0.045066, -0.054135, 0.996898, -0.057132, -0.009526, -0.010316, 0.056654, 0.998341, 0.218623, 0.000000, 0.000000, 0.000000, 1.000000, -0.010316, 0.056654, 0.998341, 0.290123, -0.998480, -0.054634, -0.007217, -0.012566, 0.054135, -0.996898, 0.057132, 0.266600, 0.000000, 0.000000, 0.000000, 1.000000, -0.997824, 0.019060, 0.063120, 0.006984, 0.062247, -0.043336, 0.997119, -0.047429, 0.021741, 0.998879, 0.042055, -0.044333, 0.000000, 0.000000, 0.000000, 1.000000
22.1550, 44.9594, -9.5141, 218.6608, 290.1608, -12.4594, 266.5876, 7.0120, -47.4120, -44.3248, 0.998451, 0.054367, 0.011796, 0.044959, -0.053581, 0.996821, -0.058972, -0.009514, -0.014964, 0.058248, 0.998190, 0.218661, 0.000000, 0.000000, 0.000000, 1.000000, -0.014964, 0.058248, 0.998190, 0.290161, -0.998451, -0.054367, -0.011796, -0.012459, 0.053581, -0.996821, 0.058972, 0.266588, 0.000000, 0.000000, 0.000000, 1.000000, -0.998002, 0.019368, 0.060147, 0.007012, 0.059298, -0.041798, 0.997365, -0.047412, 0.021831, 0.998938, 0.040566, -0.044325, 0.000000, 0.000000, 0.000000, 1.000000
22.2794, 44.8418, -9.5127, 218.7004, 290.2004, -12.3418, 266.5862, 7.0292, -47.3964, -44.3285, 0.998396, 0.054144, 0.016529, 0.044842, -0.053111, 0.996927, -0.057580, -0.009513, -0.019596, 0.056610, 0.998204, 0.218700, 0.000000, 0.000000, 0.000000, 1.000000, -0.019596, 0.056610, 0.998204, 0.290200, -0.998396, -0.054144, -0.016529, -0.012342, 0.053111, -0.996927, 0.057580, 0.266586, 0.000000, 0.000000, 0.000000, 1.000000, -0.998146, 0.019378, 0.057701, 0.007029, 0.056816, -0.043492, 0.997437, -0.047396, 0.021837, 0.998866, 0.042311, -0.044329, 0.000000, 0.000000, 0.000000, 1.000000
22.3818, 44.7568, -9.5185, 218.7097, 290.2097, -12.2568, 266.5919, 7.0293, -47.4052, -44.3398, 0.998405, 0.054308, 0.015441, 0.044757, -0.053358, 0.996983, -0.056364, -0.009518, -0.018456, 0.055450, 0.998291, 0.218710, 0.000000, 0.000000, 0.000000, 1.000000, -0.018456, 0.055450, 0.998291, 0.290210, -0.998405, -0.054308, -0.015441, -0.012257, 0.053358, -0.996983, 0.056364, 0.266592, 0.000000, 0.000000, 0.000000, 1.000000, -0.997977, 0.019048, 0.060657, 0.007029, 0.059758, -0.044671, 0.997213, -0.047405, 0.021705, 0.998820, 0.043442, -0.044340, 0.000000, 0.000000, 0.000000, 1.000000
22.4987, 44.6451, -9.5188, 218.7236, 290.2236, -12.1451, 266.5922, 7.0454, -47.4139, -44.3473, 0.998325, 0.054419, 0.019625, 0.044645, -0.053227, 0.996963, -0.056843, -0.009519, -0.022659, 0.055703, 0.998190, 0.218724, 0.000000, 0.000000, 0.000000, 1.000000, -0.022659, 0.055703, 0.998190, 0.290224, -0.998325, -0.054419, -0.019625, -0.012145, 0.053227, -0.996963, 0.056843, 0.266592, 0.000000, 0.000000, 0.000000, 1.000000, -0.998110, 0.018862, 0.058490, 0.007045, 0.057605, -0.044449, 0.997349, -0.047414, 0.021412, 0.998834, 0.043278, -0.044347, 0.000000, 0.000000, 0.000000, 1.000000
22.6055, 44.5395, -9.5168, 218.6758, 290.1758, -12.0395, 266.5902, 7.0581, -47.4826, -44.3581, 0.998397, 0.054053, 0.016784, 0.044540, -0.053050, 0.997056, -0.055363, -0.009517, -0.019728, 0.054383, 0.998325, 0.218676, 0.000000, 0.000000, 0.000000, 1.000000, -0.019728, 0.054383, 0.998325, 0.290176, -0.998397, -0.054053, -0.016784, -0.012040, 0.053050, -0.997056, 0.055363, 0.266590, 0.000000, 0.000000, 0.000000, 1.000000, -0.997814, 0.019038, 0.063285, 0.007058, 0.062359, -0.045830, 0.997001, -0.047483, 0.021881, 0.998768, 0.044543, -0.044358, 0.000000, 0.000000, 0.000000, 1.000000
22.7193, 44.4389, -9.5077, 218.7607, 290.2607, -11.9389, 266.5811, 7.0717, -47.4211, -44.3484, 0.998290, 0.053735, 0.023016, 0.044439, -0.052363, 0.997026, -0.056538, -0.009508, -0.025986, 0.055237, 0.998135, 0.218761, 0.000000, 0.000000, 0.000000, 1.000000, -0.025986, 0.055237, 0.998135, 0.290261, -0.998290, -0.053735, -0.023016, -0.011939, 0.052363, -0.997026, 0.056538, 0.266581, 0.000000, 0.000000, 0.000000, 1.000000, -0.998072, 0.019335, 0.058975, 0.007072, 0.058056, -0.045044, 0.997297, -0.047421, 0.021939, 0.998798, 0.043835, -0.044348, 0.000000, 0.000000, 0.000000, 1.000000
22.8379, 44.3299, -9.5101, 218.7368, 290.2368, -11.8299, 266.5835, 7.0795, -47.4680, -44.3615, 0.998210, 0.053863, 0.025990, 0.044330, -0.052359, 0.997088, -0.055447, -0.009510, -0.028901, 0.053987, 0.998123, 0.218737, 0.000000, 0.000000, 0.000000, 1.000000, -0.028901, 0.053987, 0.998123, 0.290237, -0.998210, -0.053863, -0.025990, -0.011830, 0.052359, -0.997088, 0.055447, 0.266584, 0.000000, 0.000000, 0.000000, 1.000000, -0.998126, 0.019008, 0.058158, 0.007080, 0.057227, -0.046319, 0.997286, -0.047468, 0.021650, 0.998746, 0.045144, -0.044362, 0.000000, 0.000000, 0.000000, 1.000000
22.9460, 44.2389, -9.4991, 218.7628, 290.2628, -11.7389, 266.5725, 7.0835, -47.4641, -44.3550, 0.998252, 0.053851, 0.024372, 0.044239, -0.052393, 0.997001, -0.056963, -0.009499, -0.027366, 0.055587, 0.998079, 0.218763, 0.000000, 0.000000, 0.000000, 1.000000, -0.027366, 0.055587, 0.998079, 0.290263, -0.998252, -0.053851, -0.024372, -0.011739, 0.052393, -0.997001, 0.056963, 0.266573, 0.000000, 0.000000, 0.000000, 1.000000, -0.997922, 0.019070, 0.061541, 0.007083, 0.060638, -0.044761, 0.997156, -0.047464, 0.021771, 0.998816, 0.043511, -0.044355, 0.000000, 0.000000, 0.000000, 1.000000
23.0449, 44.1374, -9.5012, 218.8093, 290.3093, -11.6374, 266.5746, 7.1065, -47.4385, -44.3603, 0.998129, 0.053586, 0.029436, 0.044137, -0.051950, 0.997200, -0.053785, -0.009501, -0.032236, 0.052156, 0.998119, 0.218809, 0.000000, 0.000000, 0.000000, 1.000000, -0.032236, 0.052156, 0.998119, 0.290309, -0.998129, -0.053586, -0.029436, -0.011637, 0.051950, -0.997200, 0.053785, 0.266575, 0.000000, 0.000000, 0.000000, 1.000000, -0.998110, 0.018956, 0.058448, 0.007106, 0.057478, -0.048237, 0.997181, -0.047438, 0.021722, 0.998656, 0.047056, -0.044360, 0.000000, 0.000000, 0.000000, 1.000000
23.1785, 44.0347, -9.4804, 218.7784, 290.2784, -11.5347, 266.5538, 7.0963, -47.4966, -44.3505, 0.998079, 0.053481, 0.031289, 0.044035, -0.051696, 0.997129, -0.055321, -0.009480, -0.034158, 0.053597, 0.997978, 0.218778, 0.000000, 0.000000, 0.000000, 1.000000, -0.034158, 0.053597, 0.997978, 0.290278, -0.998079, -0.053481, -0.031289, -0.011535, 0.051696, -0.997129, 0.055321, 0.266554, 0.000000, 0.000000, 0.000000, 1.000000, -0.998087, 0.019078, 0.058816, 0.007096, 0.057870, -0.046855, 0.997224, -0.047497, 0.021781, 0.998720, 0.045661, -0.044351, 0.000000, 0.000000, 0.000000, 1.000000
23.2805, 43.9217, -9.4843, 218.7949, 290.2949, -11.4217, 266.5578, 7.1253, -47.5023, -44.3615, 0.998080, 0.053555, 0.031115, 0.043922, -0.051826, 0.997198, -0.053939, -0.009484, -0.033916, 0.052222, 0.998059, 0.218795, 0.000000, 0.000000, 0.000000, 1.000000, -0.033916, 0.052222, 0.998059, 0.290295, -0.998080, -0.053555, -0.031115, -0.011422, 0.051826, -0.997198, 0.053939, 0.266558, 0.000000, 0.000000, 0.000000, 1.000000, -0.997969, 0.018795, 0.060864, 0.007125, 0.059899, -0.048251, 0.997038, -0.047502, 0.021676, 0.998658, 0.047027, -0.044362, 0.000000, 0.000000, 0.000000, 1.000000
23.3908, 43.8214, -9.4700, 218.8062, 290.3062, -11.3214, 266.5435, 7.1356, -47.5153, -44.3539, 0.997957, 0.053407, 0.035056, 0.043821, -0.051454, 0.997191, -0.054425, -0.009470, -0.037864, 0.052510, 0.997902, 0.218806, 0.000000, 0.000000, 0.000000, 1.000000, -0.037864, 0.052510, 0.997902, 0.290306, -0.997957, -0.053407, -0.035056, -0.011321, 0.051454, -0.997191, 0.054425, 0.266543, 0.000000, 0.000000, 0.000000, 1.000000, -0.998090, 0.018877, 0.058822, 0.007136, 0.057860, -0.048014, 0.997169, -0.047515, 0.021648, 0.998668, 0.046831, -0.044354, 0.000000, 0.000000, 0.000000, 1.000000
23.5033, 43.7172, -9.4726, 218.8045, 290.3045, -11.2172, 266.5460, 7.1454, -47.5403, -44.3646, 0.997931, 0.053175, 0.036131, 0.043717, -0.051182, 0.997228, -0.054016, -0.009473, -0.038904, 0.052055, 0.997886, 0.218804, 0.000000, 0.000000, 0.000000, 1.000000, -0.038904, 0.052055, 0.997886, 0.290304, -0.997931, -0.053175, -0.036131, -0.011217, 0.051182, -0.997228, 0.054016, 0.266546, 0.000000, 0.000000, 0.000000, 1.000000, -0.998034, 0.018970, 0.059738, 0.007145, 0.058759, -0.048527, 0.997092, -0.047540, 0.021813, 0.998642, 0.047317, -0.044365, 0.000000, 0.000000, 0.000000, 1.000000
23.6035, 43.6165, -9.4795, 218.8444, 290.3444, -11.1165, 266.5530, 7.1657, -47.5220, -44.3753, 0.997886, 0.053129, 0.037433, 0.043617, -0.051152, 0.997340, -0.051924, -0.009480, -0.040092, 0.049900, 0.997949, 0.218844, 0.000000, 0.000000, 0.000000, 1.000000, -0.040092, 0.049900, 0.997949, 0.290344, -0.997886, -0.053129, -0.037433, -0.011117, 0.051152, -0.997340, 0.051924, 0.266553, 0.000000, 0.000000, 0.000000, 1.000000, -0.998003, 0.018720, 0.060335, 0.007166, 0.059320, -0.050710, 0.996950, -0.047522, 0.021722, 0.998538, 0.049499, -0.044375, 0.000000, 0.000000, 0.000000, 1.000000
23.7199, 43.4999, -9.4638, 218.8269, 290.3269, -10.9999, 266.5372, 7.1842, -47.5666, -44.3703, 0.997698, 0.053187, 0.042063, 0.043500, -0.050883, 0.997240, -0.054063, -0.009464, -0.044823, 0.051798, 0.997651, 0.218827, 0.000000, 0.000000, 0.000000, 1.000000, -0.044823, 0.051798, 0.997651, 0.290327, -0.997698, -0.053187, -0.042063, -0.011000, 0.050883, -0.997240, 0.054063, 0.266537, 0.000000, 0.000000, 0.000000, 1.000000, -0.998164, 0.018748, 0.057593, 0.007184, 0.056620, -0.048853, 0.997200, -0.047567, 0.021509, 0.998630, 0.047702, -0.044370, 0.000000, 0.000000, 0.000000, 1.000000
23.8364, 43.3906, -9.4698, 218.8448, 290.3448, -10.8906, 266.5432, 7.1974, -47.5733, -44.3828, 0.997723, 0.053004, 0.041712, 0.043391, -0.050839, 0.997385, -0.051364, -0.009470, -0.044325, 0.049126, 0.997809, 0.218845, 0.000000, 0.000000, 0.000000, 1.000000, -0.044325, 0.049126, 0.997809, 0.290345, -0.997723, -0.053004, -0.041712, -0.010891, 0.050839, -0.997385, 0.051364, 0.266543, 0.000000, 0.000000, 0.000000, 1.000000, -0.998016, 0.018559, 0.060164, 0.007197, 0.059139, -0.051568, 0.996917, -0.047573, 0.021604, 0.998497, 0.050368, -0.044383, 0.000000, 0.000000, 0.000000, 1.000000
23.9295, 43.2852, -9.4520, 218.7995, 290.2995, -10.7852, 266.5255, 7.2210, -47.6422, -44.3778, 0.997648, 0.052973, 0.043494, 0.043285, -0.050616, 0.997278, -0.053608, -0.009452, -0.046215, 0.051280, 0.997614, 0.218800, 0.000000, 0.000000, 0.000000, 1.000000, -0.046215, 0.051280, 0.997614, 0.290300, -0.997648, -0.052973, -0.043494, -0.010785, 0.050616, -0.997278, 0.053608, 0.266525, 0.000000, 0.000000, 0.000000, 1.000000, -0.998032, 0.018729, 0.059848, 0.007221, 0.058860, -0.049459, 0.997040, -0.047642, 0.021634, 0.998601, 0.048260, -0.044378, 0.000000, 0.000000, 0.000000, 1.000000
24.0535, 43.1884, -9.4526, 218.8295, 290.3295, -10.6884, 266.5260, 7.2171, -47.6378, -44.3828, 0.997481, 0.053153, 0.046983, 0.043188, -0.050643, 0.997306, -0.053075, -0.009453, -0.049677, 0.050562, 0.997485, 0.218830, 0.000000, 0.000000, 0.000000, 1.000000, -0.049677, 0.050562, 0.997485, 0.290330, -0.997481, -0.053153, -0.046983, -0.010688, 0.050643, -0.997306, 0.053075, 0.266526, 0.000000, 0.000000, 0.000000, 1.000000, -0.998115, 0.018367, 0.058565, 0.007217, 0.057580, -0.050194, 0.997078, -0.047638, 0.021253, 0.998571, 0.049042, -0.044383, 0.000000, 0.000000, 0.000000, 1.000000
24.1743, 43.1049, -9.4619, 218.8649, 290.3649, -10.6049, 266.5353, 7.2027, -47.6256, -44.3949, 0.997617, 0.052479, 0.044791, 0.043105, -0.050249, 0.997508, -0.049531, -0.009462, -0.047279, 0.047163, 0.997768, 0.218865, 0.000000, 0.000000, 0.000000, 1.000000, -0.047279, 0.047163, 0.997768, 0.290365, -0.997617, -0.052479, -0.044791, -0.010605, 0.050249, -0.997508, 0.049531, 0.266535, 0.000000, 0.000000, 0.000000, 1.000000, -0.997834, 0.018565, 0.063105, 0.007203, 0.062030, -0.053686, 0.996629, -0.047626, 0.021891, 0.998385, 0.052419, -0.044395, 0.000000, 0.000000, 0.000000, 1.000000
24.2793, 42.9750, -9.4473, 218.7933, 290.2933, -10.4750, 266.5207, 7.2371, -47.7248, -44.3974, 0.997485, 0.052593, 0.047519, 0.042975, -0.050146, 0.997424, -0.051300, -0.009447, -0.050095, 0.048788, 0.997552, 0.218793, 0.000000, 0.000000, 0.000000, 1.000000, -0.050095, 0.048788, 0.997552, 0.290293, -0.997485, -0.052593, -0.047519, -0.010475, 0.050146, -0.997424, 0.051300, 0.266521, 0.000000, 0.000000, 0.000000, 1.000000, -0.997899, 0.018532, 0.062087, 0.007237, 0.061050, -0.052092, 0.996774, -0.047725, 0.021706, 0.998470, 0.050851, -0.044397, 0.000000, 0.000000, 0.000000, 1.000000
24.3932, 42.8750, -9.4610, 218.8437, 290.3437, -10.3750, 266.5344, 7.2462, -47.6985, -44.4137, 0.997289, 0.052575, 0.051485, 0.042875, -0.050135, 0.997608, -0.047590, -0.009461, -0.053864, 0.044880, 0.997539, 0.218844, 0.000000, 0.000000, 0.000000, 1.000000, -0.053864, 0.044880, 0.997539, 0.290344, -0.997289, -0.052575, -0.051485, -0.010375, 0.050135, -0.997608, 0.047590, 0.266534, 0.000000, 0.000000, 0.000000, 1.000000, -0.998013, 0.018010, 0.060376, 0.007246, 0.059284, -0.056013, 0.996668, -0.047698, 0.021332, 0.998268, 0.054835, -0.044414, 0.000000, 0.000000, 0.000000, 1.000000
24.5057, 42.7790, -9.4391, 218.8738, 290.3738, -10.2790, 266.5126, 7.2526, -47.6957, -44.3964, 0.997287, 0.052489, 0.051608, 0.042779, -0.049854, 0.997449, -0.051085, -0.009439, -0.054158, 0.048373, 0.997360, 0.218874, 0.000000, 0.000000, 0.000000, 1.000000, -0.054158, 0.048373, 0.997360, 0.290374, -0.997287, -0.052489, -0.051608, -0.010279, 0.049854, -0.997449, 0.051085, 0.266513, 0.000000, 0.000000, 0.000000, 1.000000, -0.997909, 0.018382, 0.061963, 0.007253, 0.060923, -0.052589, 0.996756, -0.047696, 0.021581, 0.998447, 0.051359, -0.044396, 0.000000, 0.000000, 0.000000, 1.000000
24.6067, 42.6802, -9.4384, 218.8390, 290.3390, -10.1802, 266.5119, 7.2624, -47.7539, -44.4067, 0.997179, 0.052427, 0.053720, 0.042680, -0.049767, 0.997523, -0.049715, -0.009438, -0.056193, 0.046901, 0.997318, 0.218839, 0.000000, 0.000000, 0.000000, 1.000000, -0.056193, 0.046901, 0.997318, 0.290339, -0.997179, -0.052427, -0.053720, -0.010180, 0.049767, -0.997523, 0.049715, 0.266512, 0.000000, 0.000000, 0.000000, 1.000000, -0.997928, 0.018181, 0.061712, 0.007262, 0.060651, -0.054090, 0.996692, -0.047754, 0.021459, 0.998371, 0.052876, -0.044407, 0.000000, 0.000000, 0.000000, 1.000000
24.7210, 42.5753, -9.4279, 218.7657, 290.2657, -10.0753, 266.5013, 7.2629, -47.8537, -44.4115, 0.997414, 0.052109, 0.049504, 0.042575, -0.049737, 0.997608, -0.048010, -0.009428, -0.051888, 0.045424, 0.997619, 0.218766, 0.000000, 0.000000, 0.000000, 1.000000, -0.051888, 0.045424, 0.997619, 0.290266, -0.997414, -0.052109, -0.049504, -0.010075, 0.049737, -0.997608, 0.048010, 0.266501, 0.000000, 0.000000, 0.000000, 1.000000, -0.997518, 0.018215, 0.068022, 0.007263, 0.066917, -0.055631, 0.996206, -0.047854, 0.021931, 0.998285, 0.054274, -0.044411, 0.000000, 0.000000, 0.000000, 1.000000
24.8379, 42.4427, -9.4460, 218.8506, 290.3506, -9.9427, 266.5195, 7.3057, -47.7979, -44.4313, 0.996878, 0.051809, 0.059589, 0.042443, -0.049141, 0.997759, -0.045401, -0.009446, -0.061808, 0.042331, 0.997190, 0.218851, 0.000000, 0.000000, 0.000000, 1.000000, -0.061808, 0.042331, 0.997190, 0.290351, -0.996878, -0.051809, -0.059589, -0.009943, 0.049141, -0.997759, 0.045401, 0.266519, 0.000000, 0.000000, 0.000000, 1.000000, -0.998025, 0.018031, 0.060182, 0.007306, 0.059030, -0.058773, 0.996525, -0.047798, 0.021505, 0.998109, 0.057593, -0.044431, 0.000000, 0.000000, 0.000000, 1.000000
24.9390, 42.3745, -9.4544, 218.8567, 290.3567, -9.8745, 266.5278, 7.2892, -47.8118, -44.4442, 0.996934, 0.051531, 0.058882, 0.042375, -0.049042, 0.997872, -0.042967, -0.009454, -0.060970, 0.039947, 0.997340, 0.218857, 0.000000, 0.000000, 0.000000, 1.000000, -0.060970, 0.039947, 0.997340, 0.290357, -0.996934, -0.051531, -0.058882, -0.009875, 0.049042, -0.997872, 0.042967, 0.266528, 0.000000, 0.000000, 0.000000, 1.000000, -0.997864, 0.017913, 0.062815, 0.007289, 0.061613, -0.061203, 0.996222, -0.047812, 0.021689, 0.997965, 0.059969, -0.044444, 0.000000, 0.000000, 0.000000, 1.000000
25.0625, 42.2613, -9.4303, 218.8295, 290.3295, -9.7613, 266.5038, 7.2969, -47.8702, -44.4317, 0.997011, 0.051630, 0.057482, 0.042261, -0.048994, 0.997723, -0.046358, -0.009430, -0.059745, 0.043403, 0.997270, 0.218830, 0.000000, 0.000000, 0.000000, 1.000000, -0.059745, 0.043403, 0.997270, 0.290330, -0.997011, -0.051630, -0.057482, -0.009761, 0.048994, -0.997723, 0.046358, 0.266504, 0.000000, 0.000000, 0.000000, 1.000000, -0.997647, 0.018107, 0.066122, 0.007297, 0.064977, -0.057803, 0.996211, -0.047870, 0.021860, 0.998164, 0.056491, -0.044432, 0.000000, 0.000000, 0.000000, 1.000000
25.1714, 42.1544, -9.4183, 218.8510, 290.3510, -9.6544, 266.4918, 7.3152, -47.8770, -44.4258, 0.996697, 0.051724, 0.062611, 0.042154, -0.048840, 0.997712, -0.046749, -0.009418, -0.064886, 0.043537, 0.996942, 0.218851, 0.000000, 0.000000, 0.000000, 1.000000, -0.064886, 0.043537, 0.996942, 0.290351, -0.996697, -0.051724, -0.062611, -0.009654, 0.048840, -0.997712, 0.046749, 0.266492, 0.000000, 0.000000, 0.000000, 1.000000, -0.997861, 0.017920, 0.062873, 0.007315, 0.061747, -0.057693, 0.996423, -0.047877, 0.021483, 0.998174, 0.056463, -0.044426, 0.000000, 0.000000, 0.000000, 1.000000
25.2708, 42.0536, -9.4133, 218.8329, 290.3329, -9.5536, 266.4868, 7.3299, -47.9203, -44.4304, 0.996823, 0.051601, 0.060678, 0.042054, -0.048807, 0.997717, -0.046671, -0.009413, -0.062948, 0.043561, 0.997066, 0.218833, 0.000000, 0.000000, 0.000000, 1.000000, -0.062948, 0.043561, 0.997066, 0.290333, -0.996823, -0.051601, -0.060678, -0.009554, 0.048807, -0.997717, 0.046671, 0.266487, 0.000000, 0.000000, 0.000000, 1.000000, -0.997623, 0.017944, 0.066534, 0.007330, 0.065400, -0.057716, 0.996189, -0.047920, 0.021716, 0.998172, 0.056405, -0.044430, 0.000000, 0.000000, 0.000000, 1.000000
25.3859, 41.9366, -9.4206, 218.8732, 290.3732, -9.4366, 266.4941, 7.3542, -47.9091, -44.4426, 0.996520, 0.051690, 0.065388, 0.041937, -0.048790, 0.997786, -0.045197, -0.009421, -0.067579, 0.041849, 0.996836, 0.218873, 0.000000, 0.000000, 0.000000, 1.000000, -0.067579, 0.041849, 0.996836, 0.290373, -0.996520, -0.051690, -0.065388, -0.009437, 0.048790, -0.997786, 0.045197, 0.266494, 0.000000, 0.000000, 0.000000, 1.000000, -0.997800, 0.017520, 0.063940, 0.007354, 0.062797, -0.059437, 0.996255, -0.047909, 0.021254, 0.998078, 0.058206, -0.044443, 0.000000, 0.000000, 0.000000, 1.000000
25.5067, 41.8492, -9.4325, 218.8882, 290.3882, -9.3492, 266.5059, 7.3408, -47.9195, -44.4596, 0.996489, 0.051371, 0.066104, 0.041849, -0.048612, 0.997905, -0.042699, -0.009432, -0.068159, 0.039335, 0.996899, 0.218888, 0.000000, 0.000000, 0.000000, 1.000000, -0.068159, 0.039335, 0.996899, 0.290388, -0.996489, -0.051371, -0.066104, -0.009349, 0.048612, -0.997905, 0.042699, 0.266506, 0.000000, 0.000000, 0.000000, 1.000000, -0.997701, 0.017380, 0.065499, 0.007341, 0.064307, -0.062005, 0.996002, -0.047919, 0.021372, 0.997924, 0.060745, -0.044460, 0.000000, 0.000000, 0.000000, 1.000000
25.6052, 41.7291, -9.4105, 218.9403, 290.4403, -9.2291, 266.4839, 7.3857, -47.8985, -44.4418, 0.996210, 0.051439, 0.070145, 0.041729, -0.048353, 0.997816, -0.045008, -0.009410, -0.072307, 0.041446, 0.996521, 0.218940, 0.000000, 0.000000, 0.000000, 1.000000, -0.072307, 0.041446, 0.996521, 0.290440, -0.996210, -0.051439, -0.070145, -0.009229, 0.048353, -0.997816, 0.045008, 0.266484, 0.000000, 0.000000, 0.000000, 1.000000, -0.997859, 0.017487, 0.063017, 0.007386, 0.061868, -0.059936, 0.996283, -0.047898, 0.021199, 0.998049, 0.058726, -0.044442, 0.000000, 0.000000, 0.000000, 1.000000
25.7190, 41.6528, -9.4113, 218.9068, 290.4068, -9.1528, 266.4847, 7.3613, -47.9559, -44.4518, 0.996302, 0.051562, 0.068735, 0.041653, -0.048478, 0.997774, -0.045799, -0.009411, -0.070944, 0.042297, 0.996583, 0.218907, 0.000000, 0.000000, 0.000000, 1.000000, -0.070944, 0.042297, 0.996583, 0.290407, -0.996302, -0.051562, -0.068735, -0.009153, 0.048478, -0.997774, 0.045799, 0.266485, 0.000000, 0.000000, 0.000000, 1.000000, -0.997645, 0.017361, 0.066349, 0.007361, 0.065219, -0.059111, 0.996119, -0.047956, 0.021216, 0.998100, 0.057840, -0.044452, 0.000000, 0.000000, 0.000000, 1.000000
25.8398, 41.5265, -9.4031, 218.9669, 290.4669, -9.0265, 266.4765, 7.3938, -47.9298, -44.4474, 0.996018, 0.051165, 0.073015, 0.041526, -0.047991, 0.997852, -0.044592, -0.009403, -0.075139, 0.040911, 0.996333, 0.218967, 0.000000, 0.000000, 0.000000, 1.000000, -0.075139, 0.040911, 0.996333, 0.290467, -0.996018, -0.051165, -0.073015, -0.009026, 0.047991, -0.997852, 0.044592, 0.266477, 0.000000, 0.000000, 0.000000, 1.000000, -0.997781, 0.017439, 0.064261, 0.007394, 0.063099, -0.060575, 0.996167, -0.047930, 0.021265, 0.998011, 0.059340, -0.044447, 0.000000, 0.000000, 0.000000, 1.000000
25.9633, 41.4291, -9.4150, 218.9363, 290.4363, -8.9291, 266.4885, 7.3817, -47.9875, -44.4697, 0.995977, 0.051072, 0.073636, 0.041429, -0.048026, 0.997939, -0.042559, -0.009415, -0.075658, 0.038851, 0.996377, 0.218936, 0.000000, 0.000000, 0.000000, 1.000000, -0.075658, 0.038851, 0.996377, 0.290436, -0.995977, -0.051072, -0.073636, -0.008929, 0.048026, -0.997939, 0.042559, 0.266488, 0.000000, 0.000000, 0.000000, 1.000000, -0.997678, 0.017114, 0.065927, 0.007382, 0.064736, -0.062663, 0.995933, -0.047988, 0.021176, 0.997888, 0.061409, -0.044470, 0.000000, 0.000000, 0.000000, 1.000000
26.0490, 41.3187, -9.4097, 218.9723, 290.4723, -8.8187, 266.4832, 7.4244, -47.9787, -44.4694, 0.995575, 0.051035, 0.078908, 0.041319, -0.047767, 0.997942, -0.042773, -0.009410, -0.080929, 0.038814, 0.995964, 0.218972, 0.000000, 0.000000, 0.000000, 1.000000, -0.080929, 0.038814, 0.995964, 0.290472, -0.995575, -0.051035, -0.078908, -0.008819, 0.047767, -0.997942, 0.042773, 0.266483, 0.000000, 0.000000, 0.000000, 1.000000, -0.997922, 0.017052, 0.062137, 0.007424, 0.060956, -0.062730, 0.996167, -0.047979, 0.020884, 0.997885, 0.061560, -0.044469, 0.000000, 0.000000, 0.000000, 1.000000
26.1804, 41.2237, -9.4261, 218.9652, 290.4652, -8.7237, 266.4996, 7.4062, -48.0139, -44.4936, 0.995815, 0.050309, 0.076297, 0.041224, -0.047526, 0.998152, -0.037871, -0.009426, -0.078062, 0.034086, 0.996366, 0.218965, 0.000000, 0.000000, 0.000000, 1.000000, -0.078062, 0.034086, 0.996366, 0.290465, -0.995815, -0.050309, -0.076297, -0.008724, 0.047526, -0.998152, 0.037871, 0.266500, 0.000000, 0.000000, 0.000000, 1.000000, -0.997585, 0.016949, 0.067360, 0.007406, 0.066074, -0.067546, 0.995526, -0.048014, 0.021423, 0.997572, 0.066263, -0.044494, 0.000000, 0.000000, 0.000000, 1.000000
26.2797, 41.1320, -9.3983, 218.9667, 290.4667, -8.6320, 266.4718, 7.4153, -48.0410, -44.4729, 0.995629, 0.050694, 0.078437, 0.041132, -0.047467, 0.997970, -0.042463, -0.009398, -0.080430, 0.038554, 0.996014, 0.218967, 0.000000, 0.000000, 0.000000, 1.000000, -0.080430, 0.038554, 0.996014, 0.290467, -0.995629, -0.050694, -0.078437, -0.008632, 0.047467, -0.997970, 0.042463, 0.266472, 0.000000, 0.000000, 0.000000, 1.000000, -0.997631, 0.017100, 0.066639, 0.007415, 0.065439, -0.063105, 0.995859, -0.048041, 0.021234, 0.997860, 0.061836, -0.044473, 0.000000, 0.000000, 0.000000, 1.000000
26.3804, 40.9974, -9.4165, 218.9654, 290.4654, -8.4974, 266.4899, 7.4625, -48.0724, -44.5013, 0.995451, 0.050163, 0.080997, 0.040997, -0.047259, 0.998183, -0.037375, -0.009416, -0.082724, 0.033377, 0.996013, 0.218965, 0.000000, 0.000000, 0.000000, 1.000000, -0.082724, 0.033377, 0.996013, 0.290465, -0.995451, -0.050163, -0.080997, -0.008497, 0.047259, -0.998183, 0.037375, 0.266490, 0.000000, 0.000000, 0.000000, 1.000000, -0.997667, 0.016754, 0.066174, 0.007462, 0.064886, -0.068327, 0.995551, -0.048072, 0.021201, 0.997522, 0.067080, -0.044501, 0.000000, 0.000000, 0.000000, 1.000000
26.5153, 40.9164, -9.4286, 218.9821, 290.4821, -8.4164, 266.5021, 7.4309, -48.0838, -44.5180, 0.995461, 0.049525, 0.081268, 0.040916, -0.046885, 0.998319, -0.034074, -0.009429, -0.082819, 0.030109, 0.996110, 0.218982, 0.000000, 0.000000, 0.000000, 1.000000, -0.082819, 0.030109, 0.996110, 0.290482, -0.995461, -0.049525, -0.081268, -0.008416, 0.046885, -0.998319, 0.034074, 0.266502, 0.000000, 0.000000, 0.000000, 1.000000, -0.997513, 0.016737, 0.068467, 0.007431, 0.067103, -0.071687, 0.995167, -0.048084, 0.021564, 0.997287, 0.070386, -0.044518, 0.000000, 0.000000, 0.000000, 1.000000
26.6133, 40.8146, -9.4384, 218.9309, 290.4309, -8.3146, 266.5118, 7.4407, -48.1605, -44.5405, 0.995437, 0.049205, 0.081758, 0.040815, -0.046737, 0.998400, -0.031833, -0.009438, -0.083194, 0.027867, 0.996144, 0.218931, 0.000000, 0.000000, 0.000000, 1.000000, -0.083194, 0.027867, 0.996144, 0.290431, -0.995437, -0.049205, -0.081758, -0.008315, 0.046737, -0.998400, 0.031833, 0.266512, 0.000000, 0.000000, 0.000000, 1.000000, -0.997421, 0.016591, 0.069827, 0.007441, 0.068421, -0.073976, 0.994910, -0.048160, 0.021673, 0.997122, 0.072650, -0.044540, 0.000000, 0.000000, 0.000000, 1.000000
26.7284, 40.7120, -9.4318, 218.9317, 290.4317, -8.2120, 266.5053, 7.4456, -48.1905, -44.5418, 0.995572, 0.048733, 0.080381, 0.040712, -0.046423, 0.998460, -0.030357, -0.009432, -0.081737, 0.026491, 0.996302, 0.218932, 0.000000, 0.000000, 0.000000, 1.000000, -0.081737, 0.026491, 0.996302, 0.290432, -0.995572, -0.048733, -0.080381, -0.008212, 0.046423, -0.998460, 0.030357, 0.266505, 0.000000, 0.000000, 0.000000, 1.000000, -0.997170, 0.016699, 0.073298, 0.007446, 0.071843, -0.075438, 0.994559, -0.048190, 0.022137, 0.997011, 0.074025, -0.044542, 0.000000, 0.000000, 0.000000, 1.000000
26.8229, 40.6214, -9.4213, 218.9954, 290.4954, -8.1214, 266.4947, 7.4660, -48.1547, -44.5319, 0.995228, 0.048854, 0.084468, 0.040621, -0.046212, 0.998388, -0.032954, -0.009421, -0.085942, 0.028893, 0.995881, 0.218995, 0.000000, 0.000000, 0.000000, 1.000000, -0.085942, 0.028893, 0.995881, 0.290495, -0.995228, -0.048854, -0.084468, -0.008121, 0.046212, -0.998388, 0.032954, 0.266495, 0.000000, 0.000000, 0.000000, 1.000000, -0.997357, 0.016827, 0.070686, 0.007466, 0.069280, -0.073079, 0.994917, -0.048155, 0.021907, 0.997184, 0.071720, -0.044532, 0.000000, 0.000000, 0.000000, 1.000000
26.9468, 40.4896, -9.4470, 219.0173, 290.5173, -7.9896, 266.5204, 7.4937, -48.1664, -44.5654, 0.994976, 0.048270, 0.087711, 0.040490, -0.046019, 0.998562, -0.027506, -0.009447, -0.088913, 0.023332, 0.995766, 0.219017, 0.000000, 0.000000, 0.000000, 1.000000, -0.088913, 0.023332, 0.995766, 0.290517, -0.994976, -0.048270, -0.087711, -0.007990, 0.046019, -0.998562, 0.027506, 0.266520, 0.000000, 0.000000, 0.000000, 1.000000, -0.997416, 0.016372, 0.069952, 0.007494, 0.068459, -0.078686, 0.994546, -0.048166, 0.021787, 0.996765, 0.077362, -0.044565, 0.000000, 0.000000, 0.000000, 1.000000
27.0519, 40.3985, -9.4309, 218.9975, 290.4975, -7.8985, 266.5044, 7.4929, -48.2153, -44.5584, 0.994981, 0.048408, 0.087580, 0.040399, -0.046130, 0.998547, -0.027847, -0.009431, -0.088801, 0.023668, 0.995768, 0.218997, 0.000000, 0.000000, 0.000000, 1.000000, -0.088801, 0.023668, 0.995768, 0.290497, -0.994981, -0.048408, -0.087580, -0.007899, 0.046130, -0.998547, 0.027847, 0.266504, 0.000000, 0.000000, 0.000000, 1.000000, -0.997282, 0.016145, 0.071884, 0.007493, 0.070410, -0.078364, 0.994435, -0.048215, 0.021688, 0.996794, 0.077014, -0.044558, 0.000000, 0.000000, 0.000000, 1.000000
27.1600, 40.2968, -9.4382, 219.0288, 290.5288, -7.7968, 266.5117, 7.5067, -48.2136, -44.5703, 0.994665, 0.047879, 0.091372, 0.040297, -0.045669, 0.998615, -0.026126, -0.009438, -0.092496, 0.021814, 0.995474, 0.219029, 0.000000, 0.000000, 0.000000, 1.000000, -0.092496, 0.021814, 0.995474, 0.290529, -0.994665, -0.047879, -0.091372, -0.007797, 0.045669, -0.998615, 0.026126, 0.266512, 0.000000, 0.000000, 0.000000, 1.000000, -0.997409, 0.016221, 0.070081, 0.007507, 0.068564, -0.080304, 0.994409, -0.048214, 0.021758, 0.996638, 0.078984, -0.044570, 0.000000, 0.000000, 0.000000, 1.000000
27.2861, 40.2105, -9.4534, 219.0492, 290.5492, -7.7105, 266.5269, 7.4880, -48.2219, -44.5900, 0.994929, 0.047578, 0.088620, 0.040210, -0.045689, 0.998686, -0.023226, -0.009453, -0.089608, 0.019059, 0.995795, 0.219049, 0.000000, 0.000000, 0.000000, 1.000000, -0.089608, 0.019059, 0.995795, 0.290549, -0.994929, -0.047578, -0.088620, -0.007710, 0.045689, -0.998686, 0.023226, 0.266527, 0.000000, 0.000000, 0.000000, 1.000000, -0.997041, 0.015891, 0.075206, 0.007488, 0.073638, -0.083097, 0.993817, -0.048222, 0.022043, 0.996415, 0.081681, -0.044590, 0.000000, 0.000000, 0.000000, 1.000000
27.3880, 40.0896, -9.4204, 219.0987, 290.5987, -7.5896, 266.4939, 7.5314, -48.2094, -44.5617, 0.994045, 0.047930, 0.097864, 0.040090, -0.045348, 0.998566, -0.028443, -0.009420, -0.099087, 0.023836, 0.994793, 0.219099, 0.000000, 0.000000, 0.000000, 1.000000, -0.099087, 0.023836, 0.994793, 0.290599, -0.994045, -0.047930, -0.097864, -0.007590, 0.045348, -0.998566, 0.028443, 0.266494, 0.000000, 0.000000, 0.000000, 1.000000, -0.997595, 0.016184, 0.067398, 0.007531, 0.065934, -0.078370, 0.994742, -0.048209, 0.021381, 0.996793, 0.077115, -0.044562, 0.000000, 0.000000, 0.000000, 1.000000
27.5005, 39.9678, -9.4390, 219.0833, 290.5833, -7.4678, 266.5125, 7.5528, -48.2568, -44.5909, 0.994085, 0.047025, 0.097897, 0.039968, -0.045228, 0.998767, -0.020490, -0.009439, -0.098740, 0.015941, 0.994986, 0.219083, 0.000000, 0.000000, 0.000000, 1.000000, -0.098740, 0.015941, 0.994986, 0.290583, -0.994085, -0.047025, -0.097897, -0.007468, 0.045228, -0.998767, 0.020490, 0.266512, 0.000000, 0.000000, 0.000000, 1.000000, -0.997437, 0.015605, 0.069822, 0.007553, 0.068226, -0.086313, 0.993929, -0.048257, 0.021537, 0.996146, 0.085027, -0.044591, 0.000000, 0.000000, 0.000000, 1.000000
27.6205, 39.8890, -9.4368, 219.1202, 290.6202, -7.3890, 266.5103, 7.5357, -48.2494, -44.5912, 0.994022, 0.047311, 0.098395, 0.039889, -0.045394, 0.998735, -0.021634, -0.009437, -0.099294, 0.017038, 0.994912, 0.219120, 0.000000, 0.000000, 0.000000, 1.000000, -0.099294, 0.017038, 0.994912, 0.290620, -0.994022, -0.047311, -0.098395, -0.007389, 0.045394, -0.998735, 0.021634, 0.266510, 0.000000, 0.000000, 0.000000, 1.000000, -0.997335, 0.015328, 0.071334, 0.007536, 0.069779, -0.085219, 0.993916, -0.048249, 0.021313, 0.996244, 0.083922, -0.044591, 0.000000, 0.000000, 0.000000, 1.000000
27.7150, 39.7790, -9.4478, 219.1473, 290.6473, -7.2790, 266.5212, 7.5683, -48.2521, -44.6078, 0.993644, 0.046823, 0.102369, 0.039779, -0.045161, 0.998808, -0.018497, -0.009448, -0.103114, 0.013756, 0.994574, 0.219147, 0.000000, 0.000000, 0.000000, 1.000000, -0.103114, 0.013756, 0.994574, 0.290647, -0.993644, -0.046823, -0.102369, -0.007279, 0.045161, -0.998808, 0.018497, 0.266521, 0.000000, 0.000000, 0.000000, 1.000000, -0.997489, 0.015107, 0.069191, 0.007568, 0.067592, -0.088550, 0.993776, -0.048252, 0.021140, 0.995957, 0.087307, -0.044608, 0.000000, 0.000000, 0.000000, 1.000000
27.8380, 39.6880, -9.4530, 219.1365, 290.6365, -7.1880, 266.5265, 7.5520, -48.2935, -44.6211, 0.993851, 0.046421, 0.100522, 0.039688, -0.044996, 0.998853, -0.016397, -0.009453, -0.101168, 0.011773, 0.994800, 0.219136, 0.000000, 0.000000, 0.000000, 1.000000, -0.101168, 0.011773, 0.994800, 0.290636, -0.993851, -0.046421, -0.100522, -0.007188, 0.044996, -0.998853, 0.016397, 0.266526, 0.000000, 0.000000, 0.000000, 1.000000, -0.997197, 0.014970, 0.073303, 0.007552, 0.071657, -0.090598, 0.993306, -0.048294, 0.021511, 0.995775, 0.089271, -0.044621, 0.000000, 0.000000, 0.000000, 1.000000
27.9549, 39.5801, -9.4441, 219.1484, 290.6484, -7.0801, 266.5176, 7.5620, -48.3164, -44.6193, 0.993648, 0.046091, 0.102657, 0.039580, -0.044636, 0.998868, -0.016431, -0.009444, -0.103298, 0.011745, 0.994581, 0.219148, 0.000000, 0.000000, 0.000000, 1.000000, -0.103298, 0.011745, 0.994581, 0.290648, -0.993648, -0.046091, -0.102657, -0.007080, 0.044636, -0.998868, 0.016431, 0.266518, 0.000000, 0.000000, 0.000000, 1.000000, -0.997204, 0.015104, 0.073191, 0.007562, 0.071531, -0.090713, 0.993305, -0.048316, 0.021643, 0.995763, 0.089379, -0.044619, 0.000000, 0.000000, 0.000000, 1.000000
28.0538, 39.4663, -9.4508, 219.0935, 290.5935, -6.9663, 266.5242, 7.5803, -48.4018, -44.6400, 0.993780, 0.046201, 0.101324, 0.039466, -0.045025, 0.998890, -0.013866, -0.009451, -0.101852, 0.009218, 0.994757, 0.219093, 0.000000, 0.000000, 0.000000, 1.000000, -0.101852, 0.009218, 0.994757, 0.290593, -0.993780, -0.046201, -0.101324, -0.006966, 0.045025, -0.998890, 0.013866, 0.266524, 0.000000, 0.000000, 0.000000, 1.000000, -0.996974, 0.014392, 0.076395, 0.007580, 0.074733, -0.093197, 0.992839, -0.048402, 0.021409, 0.995544, 0.091839, -0.044640, 0.000000, 0.000000, 0.000000, 1.000000
28.1685, 39.3948, -9.4446, 219.1373, 290.6373, -6.8948, 266.5180, 7.5625, -48.3870, -44.6350, 0.993732, 0.045812, 0.101972, 0.039395, -0.044614, 0.998906, -0.014008, -0.009445, -0.102503, 0.009370, 0.994689, 0.219137, 0.000000, 0.000000, 0.000000, 1.000000, -0.102503, 0.009370, 0.994689, 0.290637, -0.993732, -0.045812, -0.101972, -0.006895, 0.044614, -0.998906, 0.014008, 0.266518, 0.000000, 0.000000, 0.000000, 1.000000, -0.996868, 0.014612, 0.077725, 0.007563, 0.076038, -0.093145, 0.992745, -0.048387, 0.021746, 0.995545, 0.091742, -0.044635, 0.000000, 0.000000, 0.000000, 1.000000
28.2828, 39.2901, -9.4624, 219.0566, 290.5566, -6.7901, 266.5359, 7.5531, -48.4972, -44.6687, 0.994055, 0.045371, 0.098978, 0.039290, -0.044656, 0.998958, -0.009429, -0.009462, -0.099302, 0.004953, 0.995045, 0.219057, 0.000000, 0.000000, 0.000000, 1.000000, -0.099302, 0.004953, 0.995045, 0.290557, -0.994055, -0.045371, -0.098978, -0.006790, 0.044656, -0.998958, 0.009429, 0.266536, 0.000000, 0.000000, 0.000000, 1.000000, -0.996453, 0.014061, 0.082973, 0.007553, 0.081218, -0.097578, 0.991908, -0.048497, 0.022043, 0.995129, 0.096090, -0.044669, 0.000000, 0.000000, 0.000000, 1.000000
28.4089, 39.2086, -9.4518, 219.0665, 290.5665, -6.7086, 266.5253, 7.5287, -48.5196, -44.6635, 0.994346, 0.045261, 0.096061, 0.039209, -0.044539, 0.998961, -0.009651, -0.009452, -0.096398, 0.005318, 0.995329, 0.219066, 0.000000, 0.000000, 0.000000, 1.000000, -0.096398, 0.005318, 0.995329, 0.290566, -0.994346, -0.045261, -0.096061, -0.006709, 0.044539, -0.998961, 0.009651, 0.266525, 0.000000, 0.000000, 0.000000, 1.000000, -0.996017, 0.014021, 0.088058, 0.007529, 0.086290, -0.097272, 0.991510, -0.048520, 0.022467, 0.995159, 0.095675, -0.044663, 0.000000, 0.000000, 0.000000, 1.000000
28.5166, 39.0824, -9.4461, 219.0801, 290.5801, -6.5824, 266.5195, 7.5642, -48.5436, -44.6661, 0.993502, 0.044934, 0.104572, 0.039082, -0.044067, 0.998972, -0.010588, -0.009446, -0.104941, 0.005911, 0.994461, 0.219080, 0.000000, 0.000000, 0.000000, 1.000000, -0.104941, 0.005911, 0.994461, 0.290580, -0.993502, -0.044934, -0.104572, -0.006582, 0.044067, -0.998972, 0.010588, 0.266520, 0.000000, 0.000000, 0.000000, 1.000000, -0.996583, 0.014269, 0.081357, 0.007564, 0.079607, -0.096778, 0.992117, -0.048544, 0.022030, 0.995204, 0.095311, -0.044666, 0.000000, 0.000000, 0.000000, 1.000000
28.6163, 38.9805, -9.4640, 219.0315, 290.5315, -6.4805, 266.5374, 7.5695, -48.6205, -44.6964, 0.994183, 0.044450, 0.098102, 0.038980, -0.044212, 0.999012, -0.004608, -0.009464, -0.098210, 0.000244, 0.995166, 0.219032, 0.000000, 0.000000, 0.000000, 1.000000, -0.098210, 0.000244, 0.995166, 0.290532, -0.994183, -0.044450, -0.098102, -0.006480, 0.044212, -0.999012, 0.004608, 0.266537, 0.000000, 0.000000, 0.000000, 1.000000, -0.995859, 0.013516, 0.089903, 0.007570, 0.088059, -0.102433, 0.990835, -0.048620, 0.022601, 0.994648, 0.100819, -0.044696, 0.000000, 0.000000, 0.000000, 1.000000
28.7424, 38.9049, -9.4590, 219.0983, 290.5983, -6.4049, 266.5325, 7.5495, -48.5861, -44.6907, 0.993921, 0.044635, 0.100643, 0.038905, -0.044244, 0.999002, -0.006110, -0.009459, -0.100816, 0.001620, 0.994904, 0.219098, 0.000000, 0.000000, 0.000000, 1.000000, -0.100816, 0.001620, 0.994904, 0.290598, -0.993921, -0.044635, -0.100643, -0.006405, 0.044244, -0.999002, 0.006110, 0.266532, 0.000000, 0.000000, 0.000000, 1.000000, -0.995901, 0.013370, 0.089458, 0.007550, 0.087661, -0.101084, 0.991008, -0.048586, 0.022292, 0.994788, 0.099497, -0.044691, 0.000000, 0.000000, 0.000000, 1.000000
28.8347, 38.7761, -9.4846, 219.0729, 290.5729, -6.2761, 266.5580, 7.5911, -48.6438, -44.7284, 0.993721, 0.043854, 0.102937, 0.038776, -0.043989, 0.999032, -0.000958, -0.009485, -0.102879, -0.003576, 0.994687, 0.219073, 0.000000, 0.000000, 0.000000, 1.000000, -0.102879, -0.003576, 0.994687, 0.290573, -0.993721, -0.043854, -0.102937, -0.006276, 0.043989, -0.999032, 0.000958, 0.266558, 0.000000, 0.000000, 0.000000, 1.000000, -0.995942, 0.012982, 0.089057, 0.007591, 0.087184, -0.106327, 0.990502, -0.048644, 0.022328, 0.994246, 0.104764, -0.044728, 0.000000, 0.000000, 0.000000, 1.000000
28.9723, 38.7191, -9.4684, 219.0889, 290.5889, -6.2191, 266.5419, 7.5341, -48.6587, -44.7152, 0.994215, 0.043862, 0.098044, 0.038719, -0.043877, 0.999035, -0.002003, -0.009468, -0.098037, -0.002311, 0.995180, 0.219089, 0.000000, 0.000000, 0.000000, 1.000000, -0.098037, -0.002311, 0.995180, 0.290589, -0.994215, -0.043862, -0.098044, -0.006219, 0.043877, -0.999035, 0.002003, 0.266542, 0.000000, 0.000000, 0.000000, 1.000000, -0.995271, 0.012963, 0.096263, 0.007534, 0.094382, -0.105122, 0.989970, -0.048659, 0.022953, 0.994375, 0.103401, -0.044715, 0.000000, 0.000000, 0.000000, 1.000000
29.0457, 38.6122, -9.4813, 219.1008, 290.6008, -6.1122, 266.5547, 7.5781, -48.6753, -44.7350, 0.993985, 0.043401, 0.100546, 0.038612, -0.043695, 0.999045, 0.000726, -0.009481, -0.100418, -0.005115, 0.994932, 0.219101, 0.000000, 0.000000, 0.000000, 1.000000, -0.100418, -0.005115, 0.994932, 0.290601, -0.993985, -0.043401, -0.100546, -0.006112, 0.043695, -0.999045, -0.000726, 0.266555, 0.000000, 0.000000, 0.000000, 1.000000, -0.995378, 0.012735, 0.095187, 0.007578, 0.093269, -0.107962, 0.989770, -0.048675, 0.022881, 0.994073, 0.106275, -0.044735, 0.000000, 0.000000, 0.000000, 1.000000
29.1604, 38.4895, -9.4834, 219.0939, 290.5939, -5.9895, 266.5568, 7.5993, -48.7202, -44.7471, 0.993851, 0.043065, 0.102008, 0.038489, -0.043643, 0.999041, 0.003438, -0.009483, -0.101762, -0.007869, 0.994778, 0.219094, 0.000000, 0.000000, 0.000000, 1.000000, -0.101762, -0.007869, 0.994778, 0.290594, -0.993851, -0.043065, -0.102008, -0.005989, 0.043643, -0.999041, -0.003438, 0.266557, 0.000000, 0.000000, 0.000000, 1.000000, -0.995319, 0.012306, 0.095858, 0.007599, 0.093919, -0.110737, 0.989402, -0.048720, 0.022790, 0.993774, 0.109063, -0.044747, 0.000000, 0.000000, 0.000000, 1.000000
29.2825, 38.4194, -9.4929, 219.0777, 290.5777, -5.9194, 266.5664, 7.5602, -48.7644, -44.7636, 0.994115, 0.042991, 0.099430, 0.038419, -0.043692, 0.999033, 0.004881, -0.009493, -0.099124, -0.009197, 0.995033, 0.219078, 0.000000, 0.000000, 0.000000, 1.000000, -0.099124, -0.009197, 0.995033, 0.290578, -0.994115, -0.042991, -0.099430, -0.005919, 0.043692, -0.999033, -0.004881, 0.266566, 0.000000, 0.000000, 0.000000, 1.000000, -0.994854, 0.011878, 0.100621, 0.007560, 0.098670, -0.112071, 0.988789, -0.048764, 0.023022, 0.993629, 0.110323, -0.044764, 0.000000, 0.000000, 0.000000, 1.000000
29.3941, 38.3151, -9.4953, 219.0310, 290.5310, -5.8151, 266.5688, 7.5577, -48.8445, -44.7785, 0.994166, 0.042765, 0.099018, 0.038315, -0.043704, 0.999018, 0.007330, -0.009495, -0.098608, -0.011615, 0.995059, 0.219031, 0.000000, 0.000000, 0.000000, 1.000000, -0.098608, -0.011615, 0.995059, 0.290531, -0.994166, -0.042765, -0.099018, -0.005815, 0.043704, -0.999018, -0.007330, 0.266569, 0.000000, 0.000000, 0.000000, 1.000000, -0.994607, 0.011395, 0.103092, 0.007558, 0.101122, -0.114494, 0.988264, -0.048844, 0.023065, 0.993359, 0.112724, -0.044778, 0.000000, 0.000000, 0.000000, 1.000000
29.4974, 38.2239, -9.4830, 219.0805, 290.5805, -5.7239, 266.5564, 7.5695, -48.8290, -44.7684, 0.994180, 0.042601, 0.098947, 0.038224, -0.043424, 0.999038, 0.006178, -0.009483, -0.098588, -0.010439, 0.995074, 0.219080, 0.000000, 0.000000, 0.000000, 1.000000, -0.098588, -0.010439, 0.995074, 0.290580, -0.994180, -0.042601, -0.098947, -0.005724, 0.043424, -0.999038, -0.006178, 0.266556, 0.000000, 0.000000, 0.000000, 1.000000, -0.994417, 0.011588, 0.104882, 0.007569, 0.102905, -0.113402, 0.988206, -0.048829, 0.023345, 0.993482, 0.111577, -0.044768, 0.000000, 0.000000, 0.000000, 1.000000
29.6200, 38.1011, -9.4966, 219.0903, 290.5903, -5.6011, 266.5700, 7.5856, -48.8583, -44.7914, 0.993841, 0.041995, 0.102550, 0.038101, -0.043128, 0.999030, 0.008849, -0.009497, -0.102078, -0.013218, 0.994689, 0.219090, 0.000000, 0.000000, 0.000000, 1.000000, -0.102078, -0.013218, 0.994689, 0.290590, -0.993841, -0.041995, -0.102550, -0.005601, 0.043128, -0.999030, -0.008849, 0.266570, 0.000000, 0.000000, 0.000000, 1.000000, -0.994560, 0.011373, 0.103544, 0.007586, 0.101534, -0.116251, 0.988016, -0.048858, 0.023274, 0.993155, 0.114464, -0.044791, 0.000000, 0.000000, 0.000000, 1.000000
29.7365, 38.0123, -9.4852, 219.0532, 290.5532, -5.5123, 266.5587, 7.5661, -48.9288, -44.7906, 0.994252, 0.042301, 0.098359, 0.038012, -0.043317, 0.999028, 0.008220, -0.009485, -0.097916, -0.012433, 0.995117, 0.219053, 0.000000, 0.000000, 0.000000, 1.000000, -0.097916, -0.012433, 0.995117, 0.290553, -0.994252, -0.042301, -0.098359, -0.005512, 0.043317, -0.999028, -0.008220, 0.266559, 0.000000, 0.000000, 0.000000, 1.000000, -0.993904, 0.011000, 0.109700, 0.007566, 0.107711, -0.115449, 0.987456, -0.048929, 0.023527, 0.993252, 0.113561, -0.044791, 0.000000, 0.000000, 0.000000, 1.000000
29.8503, 37.9398, -9.5167, 219.0140, 290.5140, -5.4398, 266.5902, 7.5297, -48.9929, -44.8313, 0.994688, 0.041566, 0.094169, 0.037940, -0.043253, 0.998937, 0.015936, -0.009517, -0.093407, -0.019924, 0.995429, 0.219014, 0.000000, 0.000000, 0.000000, 1.000000, -0.093407, -0.019924, 0.995429, 0.290514, -0.994688, -0.041566, -0.094169, -0.005440, 0.043253, -0.998937, -0.015936, 0.266590, 0.000000, 0.000000, 0.000000, 1.000000, -0.993172, 0.009922, 0.116240, 0.007530, 0.114153, -0.122898, 0.985832, -0.048993, 0.024068, 0.992370, 0.120927, -0.044831, 0.000000, 0.000000, 0.000000, 1.000000
29.9522, 37.8315, -9.5048, 219.0578, 290.5578, -5.3315, 266.5783, 7.5581, -48.9870, -44.8235, 0.994391, 0.041106, 0.097454, 0.037831, -0.042806, 0.998965, 0.015412, -0.009505, -0.096720, -0.019498, 0.995121, 0.219058, 0.000000, 0.000000, 0.000000, 1.000000, -0.096720, -0.019498, 0.995121, 0.290558, -0.994391, -0.041106, -0.097454, -0.005331, 0.042806, -0.998965, -0.015412, 0.266578, 0.000000, 0.000000, 0.000000, 1.000000, -0.993348, 0.010244, 0.114694, 0.007558, 0.112587, -0.122597, 0.986050, -0.048987, 0.024163, 0.992404, 0.120628, -0.044823, 0.000000, 0.000000, 0.000000, 1.000000
30.1843, 37.6839, -9.5028, 218.9837, 290.4837, -5.1839, 266.5763, 7.4879, -49.1199, -44.8400, 0.995387, 0.041262, 0.086620, 0.037684, -0.042889, 0.998935, 0.017002, -0.009503, -0.085826, -0.020638, 0.996096, 0.218984, 0.000000, 0.000000, 0.000000, 1.000000, -0.085826, -0.020638, 0.996096, 0.290484, -0.995387, -0.041262, -0.086620, -0.005184, 0.042889, -0.998935, -0.017002, 0.266576, 0.000000, 0.000000, 0.000000, 1.000000, -0.991529, 0.009350, 0.129548, 0.007488, 0.127412, -0.123711, 0.984105, -0.049120, 0.025228, 0.992274, 0.121472, -0.044840, 0.000000, 0.000000, 0.000000, 1.000000
30.2757, 36.8947, -8.9479, 219.2187, 290.7187, -4.3947, 266.0214, 8.2596, -49.1304, -44.3268, 0.969421, 0.060151, 0.237919, 0.036895, -0.036506, 0.994055, -0.102573, -0.008948, -0.242674, 0.090751, 0.965854, 0.219219, 0.000000, 0.000000, 0.000000, 1.000000, -0.242674, 0.090751, 0.965854, 0.290719, -0.969421, -0.060151, -0.237919, -0.004395, 0.036506, -0.994055, 0.102573, 0.266021, 0.000000, 0.000000, 0.000000, 1.000000, -0.999464, 0.014476, -0.029362, 0.008260, -0.029522, -0.011020, 0.999503, -0.049130, 0.014146, 0.999834, 0.011441, -0.044327, 0.000000, 0.000000, 0.000000, 1.000000
30.3913, 36.7879, -8.9418, 219.2168, 290.7168, -4.2879, 266.0152, 8.2645, -49.1720, -44.3291, 0.968210, 0.060558, 0.242698, 0.036788, -0.036194, 0.993958, -0.103621, -0.008942, -0.247507, 0.091542, 0.964552, 0.219217, 0.000000, 0.000000, 0.000000, 1.000000, -0.247507, 0.091542, 0.964552, 0.290717, -0.968210, -0.060558, -0.242698, -0.004288, 0.036194, -0.993958, 0.103621, 0.266015, 0.000000, 0.000000, 0.000000, 1.000000, -0.999376, 0.014225, -0.032342, 0.008264, -0.032489, -0.010184, 0.999420, -0.049172, 0.013887, 0.999847, 0.010639, -0.044329, 0.000000, 0.000000, 0.000000, 1.000000
30.5029, 36.6918, -8.9621, 219.2633, 290.7633, -4.1918, 266.0356, 8.2714, -49.1610, -44.3520, 0.967764, 0.059415, 0.244752, 0.036692, -0.036025, 0.994439, -0.098962, -0.008962, -0.249271, 0.086954, 0.964522, 0.219263, 0.000000, 0.000000, 0.000000, 1.000000, -0.249271, 0.086954, 0.964522, 0.290763, -0.967764, -0.059415, -0.244752, -0.004192, 0.036025, -0.994439, 0.098962, 0.266036, 0.000000, 0.000000, 0.000000, 1.000000, -0.999380, 0.014338, -0.032154, 0.008271, -0.032368, -0.014962, 0.999364, -0.049161, 0.013847, 0.999785, 0.015416, -0.044352, 0.000000, 0.000000, 0.000000, 1.000000
30.6163, 36.5802, -8.9381, 219.2597, 290.7597, -4.0802, 266.0115, 8.2832, -49.2074, -44.3371, 0.967616, 0.060428, 0.245085, 0.036580, -0.035902, 0.993998, -0.103335, -0.008938, -0.249859, 0.091189, 0.963979, 0.219260, 0.000000, 0.000000, 0.000000, 1.000000, -0.249859, 0.091189, 0.963979, 0.290760, -0.967616, -0.060428, -0.245085, -0.004080, 0.035902, -0.993998, 0.103335, 0.266012, 0.000000, 0.000000, 0.000000, 1.000000, -0.999423, 0.014236, -0.030854, 0.008283, -0.031007, -0.010614, 0.999463, -0.049207, 0.013900, 0.999842, 0.011049, -0.044337, 0.000000, 0.000000, 0.000000, 1.000000
30.7393, 36.4817, -8.9561, 219.3110, 290.8110, -3.9817, 266.0295, 8.2839, -49.1946, -44.3574, 0.966915, 0.059252, 0.248122, 0.036482, -0.035689, 0.994506, -0.098413, -0.008956, -0.252590, 0.086302, 0.963717, 0.219311, 0.000000, 0.000000, 0.000000, 1.000000, -0.252590, 0.086302, 0.963717, 0.290811, -0.966915, -0.059252, -0.248122, -0.003982, 0.035689, -0.994506, 0.098413, 0.266030, 0.000000, 0.000000, 0.000000, 1.000000, -0.999403, 0.014292, -0.031461, 0.008284, -0.031684, -0.015696, 0.999375, -0.049195, 0.013789, 0.999775, 0.016140, -0.044357, 0.000000, 0.000000, 0.000000, 1.000000
30.8263, 36.3882, -8.9393, 219.2730, 290.7730, -3.8882, 266.0127, 8.2924, -49.2663, -44.3516, 0.967952, 0.059681, 0.243941, 0.036388, -0.035835, 0.994236, -0.101050, -0.008939, -0.248565, 0.089070, 0.964511, 0.219273, 0.000000, 0.000000, 0.000000, 1.000000, -0.248565, 0.089070, 0.964511, 0.290773, -0.967952, -0.059681, -0.243941, -0.003888, 0.035835, -0.994236, 0.101050, 0.266013, 0.000000, 0.000000, 0.000000, 1.000000, -0.999562, 0.014459, -0.025835, 0.008292, -0.026023, -0.012911, 0.999578, -0.049266, 0.014120, 0.999812, 0.013281, -0.044352, 0.000000, 0.000000, 0.000000, 1.000000
30.9551, 36.2995, -8.9097, 219.2304, 290.7304, -3.7995, 265.9831, 8.2598, -49.3489, -44.3333, 0.968046, 0.061032, 0.243234, 0.036300, -0.035815, 0.993638, -0.106779, -0.008910, -0.248204, 0.094655, 0.964072, 0.219230, 0.000000, 0.000000, 0.000000, 1.000000, -0.248204, 0.094655, 0.964072, 0.290730, -0.968046, -0.061032, -0.243234, -0.003800, 0.035815, -0.993638, 0.106779, 0.265983, 0.000000, 0.000000, 0.000000, 1.000000, -0.999625, 0.014353, -0.023303, 0.008260, -0.023407, -0.007166, 0.999700, -0.049349, 0.014182, 0.999871, 0.007499, -0.044333, 0.000000, 0.000000, 0.000000, 1.000000
31.0605, 36.1974, -8.9263, 219.2977, 290.7977, -3.6974, 265.9998, 8.2828, -49.3196, -44.3510, 0.967198, 0.059954, 0.246846, 0.036197, -0.035537, 0.994128, -0.102212, -0.008926, -0.251525, 0.090087, 0.963649, 0.219298, 0.000000, 0.000000, 0.000000, 1.000000, -0.251525, 0.090087, 0.963649, 0.290798, -0.967198, -0.059954, -0.246846, -0.003697, 0.035537, -0.994128, 0.102212, 0.266000, 0.000000, 0.000000, 0.000000, 1.000000, -0.999588, 0.014368, -0.024831, 0.008283, -0.025003, -0.011912, 0.999616, -0.049320, 0.014067, 0.999826, 0.012266, -0.044351, 0.000000, 0.000000, 0.000000, 1.000000
31.1643, 36.1024, -8.9211, 219.2934, 290.7934, -3.6024, 265.9946, 8.2851, -49.3605, -44.3535, 0.967638, 0.060094, 0.245082, 0.036102, -0.035577, 0.994017, -0.103268, -0.008921, -0.249822, 0.091207, 0.963987, 0.219293, 0.000000, 0.000000, 0.000000, 1.000000, -0.249822, 0.091207, 0.963987, 0.290793, -0.967638, -0.060094, -0.245082, -0.003602, 0.035577, -0.994017, 0.103268, 0.265995, 0.000000, 0.000000, 0.000000, 1.000000, -0.999669, 0.014463, -0.021285, 0.008285, -0.021442, -0.010809, 0.999712, -0.049360, 0.014229, 0.999837, 0.011116, -0.044354, 0.000000, 0.000000, 0.000000, 1.000000
31.3115, 35.9906, -8.9208, 219.2941, 290.7941, -3.4906, 265.9942, 8.2670, -49.4063, -44.3617, 0.966444, 0.059747, 0.249831, 0.035991, -0.035295, 0.994236, -0.101234, -0.008921, -0.254439, 0.089019, 0.962983, 0.219294, 0.000000, 0.000000, 0.000000, 1.000000, -0.254439, 0.089019, 0.962983, 0.290794, -0.966444, -0.059747, -0.249831, -0.003491, 0.035295, -0.994236, 0.101234, 0.265994, 0.000000, 0.000000, 0.000000, 1.000000, -0.999623, 0.014274, -0.023456, 0.008267, -0.023643, -0.013067, 0.999635, -0.049406, 0.013962, 0.999813, 0.013399, -0.044362, 0.000000, 0.000000, 0.000000, 1.000000
31.4042, 35.8924, -8.8897, 219.2748, 290.7748, -3.3924, 265.9632, 8.2794, -49.4642, -44.3403, 0.967484, 0.061284, 0.245397, 0.035892, -0.035346, 0.993441, -0.108746, -0.008890, -0.250452, 0.096536, 0.963304, 0.219275, 0.000000, 0.000000, 0.000000, 1.000000, -0.250452, 0.096536, 0.963304, 0.290775, -0.967484, -0.061284, -0.245397, -0.003392, 0.035346, -0.993441, 0.108746, 0.265963, 0.000000, 0.000000, 0.000000, 1.000000, -0.999736, 0.014482, -0.017848, 0.008279, -0.017927, -0.005380, 0.999825, -0.049464, 0.014384, 0.999881, 0.005638, -0.044340, 0.000000, 0.000000, 0.000000, 1.000000
31.5167, 35.8131, -8.8932, 219.3021, 290.8021, -3.3131, 265.9667, 8.2655, -49.4717, -44.3471, 0.967721, 0.060140, 0.244741, 0.035813, -0.035327, 0.993893, -0.104541, -0.008893, -0.249534, 0.092520, 0.963936, 0.219302, 0.000000, 0.000000, 0.000000, 1.000000, -0.249534, 0.092520, 0.963936, 0.290802, -0.967721, -0.060140, -0.244741, -0.003313, 0.035327, -0.993893, 0.104541, 0.265967, 0.000000, 0.000000, 0.000000, 1.000000, -0.999782, 0.014656, -0.014882, 0.008266, -0.015024, -0.009604, 0.999841, -0.049472, 0.014511, 0.999846, 0.009822, -0.044347, 0.000000, 0.000000, 0.000000, 1.000000
31.6239, 35.6903, -8.8993, 219.3072, 290.8072, -3.1903, 265.9727, 8.2929, -49.5099, -44.3620, 0.966033, 0.059938, 0.251372, 0.035690, -0.034846, 0.994059, -0.103112, -0.008899, -0.256059, 0.090850, 0.962382, 0.219307, 0.000000, 0.000000, 0.000000, 1.000000, -0.256059, 0.090850, 0.962382, 0.290807, -0.966033, -0.059938, -0.251372, -0.003190, 0.034846, -0.994059, 0.103112, 0.265973, 0.000000, 0.000000, 0.000000, 1.000000, -0.999701, 0.014444, -0.019739, 0.008293, -0.019903, -0.011311, 0.999738, -0.049510, 0.014217, 0.999832, 0.011595, -0.044362, 0.000000, 0.000000, 0.000000, 1.000000
31.7303, 35.6027, -8.8596, 219.3255, 290.8255, -3.1027, 265.9331, 8.2923, -49.5325, -44.3276, 0.966921, 0.061142, 0.247638, 0.035603, -0.034858, 0.993412, -0.109169, -0.008860, -0.252681, 0.096926, 0.962682, 0.219325, 0.000000, 0.000000, 0.000000, 1.000000, -0.252681, 0.096926, 0.962682, 0.290825, -0.966921, -0.061142, -0.247638, -0.003103, 0.034858, -0.993412, 0.109169, 0.265933, 0.000000, 0.000000, 0.000000, 1.000000, -0.999787, 0.014682, -0.014500, 0.008292, -0.014577, -0.005115, 0.999881, -0.049533, 0.014606, 0.999879, 0.005328, -0.044328, 0.000000, 0.000000, 0.000000, 1.000000
31.8502, 35.4877, -8.8718, 219.3275, 290.8275, -2.9877, 265.9453, 8.2999, -49.5735, -44.3483, 0.965420, 0.060278, 0.253635, 0.035488, -0.034539, 0.993900, -0.104742, -0.008872, -0.258401, 0.092359, 0.961613, 0.219327, 0.000000, 0.000000, 0.000000, 1.000000, -0.258401, 0.092359, 0.961613, 0.290827, -0.965420, -0.060278, -0.253635, -0.002988, 0.034539, -0.993900, 0.104742, 0.265945, 0.000000, 0.000000, 0.000000, 1.000000, -0.999729, 0.014427, -0.018251, 0.008300, -0.018393, -0.009813, 0.999783, -0.049573, 0.014245, 0.999848, 0.010076, -0.044348, 0.000000, 0.000000, 0.000000, 1.000000
31.9654, 35.4249, -8.8592, 219.3492, 290.8492, -2.9249, 265.9326, 8.2670, -49.5855, -44.3385, 0.966448, 0.060769, 0.249571, 0.035425, -0.034556, 0.993539, -0.108105, -0.008859, -0.254528, 0.095854, 0.962303, 0.219349, 0.000000, 0.000000, 0.000000, 1.000000, -0.254528, 0.095854, 0.962303, 0.290849, -0.966448, -0.060769, -0.249571, -0.002925, 0.034556, -0.993539, 0.108105, 0.265933, 0.000000, 0.000000, 0.000000, 1.000000, -0.999815, 0.014766, -0.012308, 0.008267, -0.012402, -0.006313, 0.999903, -0.049585, 0.014687, 0.999871, 0.006495, -0.044338, 0.000000, 0.000000, 0.000000, 1.000000
32.0687, 35.2956, -8.8581, 219.3374, 290.8374, -2.7956, 265.9315, 8.2999, -49.6427, -44.3484, 0.966007, 0.060354, 0.251373, 0.035296, -0.034409, 0.993732, -0.106362, -0.008858, -0.256217, 0.094097, 0.962028, 0.219337, 0.000000, 0.000000, 0.000000, 1.000000, -0.256217, 0.094097, 0.962028, 0.290837, -0.966007, -0.060354, -0.251373, -0.002796, 0.034409, -0.993732, 0.106362, 0.265932, 0.000000, 0.000000, 0.000000, 1.000000, -0.999817, 0.014734, -0.012230, 0.008300, -0.012351, -0.008155, 0.999890, -0.049643, 0.014633, 0.999858, 0.008335, -0.044348, 0.000000, 0.000000, 0.000000, 1.000000
32.1706, 35.2121, -8.8403, 219.3825, 290.8825, -2.7121, 265.9138, 8.3045, -49.6360, -44.3327, 0.965573, 0.060801, 0.252928, 0.035212, -0.034311, 0.993574, -0.107859, -0.008840, -0.257861, 0.095467, 0.961454, 0.219383, 0.000000, 0.000000, 0.000000, 1.000000, -0.257861, 0.095467, 0.961454, 0.290883, -0.965573, -0.060801, -0.252928, -0.002712, 0.034311, -0.993574, 0.107859, 0.265914, 0.000000, 0.000000, 0.000000, 1.000000, -0.999819, 0.014619, -0.012172, 0.008304, -0.012272, -0.006735, 0.999902, -0.049636, 0.014535, 0.999870, 0.006913, -0.044333, 0.000000, 0.000000, 0.000000, 1.000000
32.2862, 35.1120, -8.8510, 219.4079, 290.9079, -2.6120, 265.9245, 8.3069, -49.6513, -44.3486, 0.965253, 0.060147, 0.254301, 0.035112, -0.033889, 0.993745, -0.106405, -0.008851, -0.259110, 0.094089, 0.961254, 0.219408, 0.000000, 0.000000, 0.000000, 1.000000, -0.259110, 0.094089, 0.961254, 0.290908, -0.965253, -0.060147, -0.254301, -0.002612, 0.033889, -0.993745, 0.106405, 0.265924, 0.000000, 0.000000, 0.000000, 1.000000, -0.999823, 0.014903, -0.011460, 0.008307, -0.011584, -0.008270, 0.999899, -0.049651, 0.014806, 0.999855, 0.008441, -0.044349, 0.000000, 0.000000, 0.000000, 1.000000
32.4018, 35.0017, -8.8261, 219.3796, 290.8796, -2.5017, 265.8996, 8.3074, -49.7250, -44.3351, 0.964971, 0.061390, 0.255075, 0.035002, -0.033878, 0.993255, -0.110886, -0.008826, -0.260162, 0.098361, 0.960542, 0.219380, 0.000000, 0.000000, 0.000000, 1.000000, -0.260162, 0.098361, 0.960542, 0.290880, -0.964971, -0.061390, -0.255075, -0.002502, 0.033878, -0.993255, 0.110886, 0.265900, 0.000000, 0.000000, 0.000000, 1.000000, -0.999835, 0.014734, -0.010593, 0.008307, -0.010650, -0.003827, 0.999936, -0.049725, 0.014693, 0.999884, 0.003984, -0.044335, 0.000000, 0.000000, 0.000000, 1.000000
32.4954, 34.9413, -8.8392, 219.4617, 290.9617, -2.4413, 265.9126, 8.3047, -49.6728, -44.3446, 0.965743, 0.060677, 0.252306, 0.034941, -0.033761, 0.993394, -0.109674, -0.008839, -0.257294, 0.097399, 0.961412, 0.219462, 0.000000, 0.000000, 0.000000, 1.000000, -0.257294, 0.097399, 0.961412, 0.290962, -0.965743, -0.060677, -0.252306, -0.002441, 0.033761, -0.993394, 0.109674, 0.265913, 0.000000, 0.000000, 0.000000, 1.000000, -0.999867, 0.015180, -0.006004, 0.008305, -0.006080, -0.004968, 0.999969, -0.049673, 0.015150, 0.999872, 0.005060, -0.044345, 0.000000, 0.000000, 0.000000, 1.000000
32.6167, 34.8185, -8.8165, 219.4483, 290.9483, -2.3185, 265.8900, 8.3158, -49.7363, -44.3328, 0.965627, 0.061386, 0.252578, 0.034818, -0.033775, 0.993107, -0.112239, -0.008817, -0.257727, 0.099850, 0.961045, 0.219448, 0.000000, 0.000000, 0.000000, 1.000000, -0.257727, 0.099850, 0.961045, 0.290948, -0.965627, -0.061386, -0.252578, -0.002318, 0.033775, -0.993107, 0.112239, 0.265890, 0.000000, 0.000000, 0.000000, 1.000000, -0.999877, 0.015095, -0.004370, 0.008316, -0.004407, -0.002434, 0.999987, -0.049736, 0.015085, 0.999883, 0.002500, -0.044333, 0.000000, 0.000000, 0.000000, 1.000000
32.7366, 34.7243, -8.8103, 219.4788, 290.9788, -2.2243, 265.8837, 8.3107, -49.7485, -44.3308, 0.965409, 0.061392, 0.253410, 0.034724, -0.033437, 0.993011, -0.113189, -0.008810, -0.258587, 0.100801, 0.960714, 0.219479, 0.000000, 0.000000, 0.000000, 1.000000, -0.258587, 0.100801, 0.960714, 0.290979, -0.965409, -0.061392, -0.253410, -0.002224, 0.033437, -0.993011, 0.113189, 0.265884, 0.000000, 0.000000, 0.000000, 1.000000, -0.999877, 0.015324, -0.003210, 0.008311, -0.003234, -0.001539, 0.999994, -0.049749, 0.015319, 0.999881, 0.001588, -0.044331, 0.000000, 0.000000, 0.000000, 1.000000
32.8351, 34.6195, -8.8249, 219.5056, 291.0056, -2.1195, 265.8984, 8.3326, -49.7617, -44.3508, 0.964408, 0.060897, 0.257311, 0.034619, -0.033318, 0.993349, -0.110214, -0.008825, -0.262312, 0.097718, 0.960023, 0.219506, 0.000000, 0.000000, 0.000000, 1.000000, -0.262312, 0.097718, 0.960023, 0.291006, -0.964408, -0.060897, -0.257311, -0.002119, 0.033318, -0.993349, 0.110214, 0.265898, 0.000000, 0.000000, 0.000000, 1.000000, -0.999873, 0.015019, -0.005290, 0.008333, -0.005361, -0.004691, 0.999975, -0.049762, 0.014993, 0.999876, 0.004771, -0.044351, 0.000000, 0.000000, 0.000000, 1.000000
32.9673, 34.5302, -8.7944, 219.4747, 290.9747, -2.0302, 265.8679, 8.2971, -49.8366, -44.3304, 0.965067, 0.062170, 0.254522, 0.034530, -0.033269, 0.992655, -0.116319, -0.008794, -0.259884, 0.103788, 0.960046, 0.219475, 0.000000, 0.000000, 0.000000, 1.000000, -0.259884, 0.103788, 0.960046, 0.290975, -0.965067, -0.062170, -0.254522, -0.002030, 0.033269, -0.992655, 0.116319, 0.265868, 0.000000, 0.000000, 0.000000, 1.000000, -0.999882, 0.015330, -0.000582, 0.008297, -0.000559, 0.001507, 0.999999, -0.049837, 0.015331, 0.999881, -0.001498, -0.044330, 0.000000, 0.000000, 0.000000, 1.000000
33.0675, 34.4477, -8.8127, 219.5809, 291.0809, -1.9477, 265.8862, 8.3165, -49.7681, -44.3444, 0.964843, 0.060797, 0.255699, 0.034448, -0.033150, 0.993259, -0.111077, -0.008813, -0.260729, 0.098696, 0.960354, 0.219581, 0.000000, 0.000000, 0.000000, 1.000000, -0.260729, 0.098696, 0.960354, 0.291081, -0.964843, -0.060797, -0.255699, -0.001948, 0.033150, -0.993259, 0.111077, 0.265886, 0.000000, 0.000000, 0.000000, 1.000000, -0.999882, 0.015348, 0.000366, 0.008317, 0.000307, -0.003829, 0.999993, -0.049768, 0.015349, 0.999875, 0.003823, -0.044344, 0.000000, 0.000000, 0.000000, 1.000000
33.1871, 34.3487, -8.8071, 219.5922, 291.0922, -1.8487, 265.8805, 8.3113, -49.8007, -44.3453, 0.965245, 0.060807, 0.254174, 0.034349, -0.033112, 0.993173, -0.111857, -0.008807, -0.259241, 0.099553, 0.960668, 0.219592, 0.000000, 0.000000, 0.000000, 1.000000, -0.259241, 0.099553, 0.960668, 0.291092, -0.965245, -0.060807, -0.254174, -0.001849, 0.033112, -0.993173, 0.111857, 0.265881, 0.000000, 0.000000, 0.000000, 1.000000, -0.999871, 0.015553, 0.003967, 0.008311, 0.003920, -0.003025, 0.999988, -0.049801, 0.015564, 0.999874, 0.002964, -0.044345, 0.000000, 0.000000, 0.000000, 1.000000
33.2859, 34.2231, -8.7953, 219.5773, 291.0773, -1.7231, 265.8687, 8.3429, -49.8632, -44.3447, 0.963967, 0.061275, 0.258869, 0.034223, -0.032820, 0.993070, -0.112846, -0.008795, -0.263990, 0.100283, 0.959298, 0.219577, 0.000000, 0.000000, 0.000000, 1.000000, -0.263990, 0.100283, 0.959298, 0.291077, -0.963967, -0.061275, -0.258869, -0.001723, 0.032820, -0.993070, 0.112846, 0.265869, 0.000000, 0.000000, 0.000000, 1.000000, -0.999883, 0.015287, 0.000760, 0.008343, 0.000727, -0.002219, 0.999997, -0.049863, 0.015289, 0.999881, 0.002208, -0.044345, 0.000000, 0.000000, 0.000000, 1.000000
33.4059, 34.1339, -8.7960, 219.5848, 291.0848, -1.6339, 265.8695, 8.3263, -49.8966, -44.3515, 0.963371, 0.061566, 0.261008, 0.034134, -0.032715, 0.993002, -0.113475, -0.008796, -0.266168, 0.100780, 0.958644, 0.219585, 0.000000, 0.000000, 0.000000, 1.000000, -0.266168, 0.100780, 0.958644, 0.291085, -0.963371, -0.061566, -0.261008, -0.001634, 0.032715, -0.993002, 0.113475, 0.265869, 0.000000, 0.000000, 0.000000, 1.000000, -0.999885, 0.015132, 0.000591, 0.008326, 0.000565, -0.001692, 0.999998, -0.049897, 0.015133, 0.999884, 0.001683, -0.044351, 0.000000, 0.000000, 0.000000, 1.000000
33.5048, 34.0576, -8.7871, 219.6183, 291.1183, -1.5576, 265.8606, 8.3230, -49.8999, -44.3452, 0.964280, 0.061424, 0.257666, 0.034058, -0.032767, 0.992931, -0.114077, -0.008787, -0.262852, 0.101559, 0.959476, 0.219618, 0.000000, 0.000000, 0.000000, 1.000000, -0.262852, 0.101559, 0.959476, 0.291118, -0.964280, -0.061424, -0.257666, -0.001558, 0.032767, -0.992931, 0.114077, 0.265861, 0.000000, 0.000000, 0.000000, 1.000000, -0.999864, 0.015472, 0.005727, 0.008323, 0.005712, -0.001000, 0.999983, -0.049900, 0.015478, 0.999880, 0.000912, -0.044345, 0.000000, 0.000000, 0.000000, 1.000000
33.6340, 33.9535, -8.7898, 219.6569, 291.1569, -1.4535, 265.8633, 8.3215, -49.9090, -44.3520, 0.963402, 0.061235, 0.260973, 0.033954, -0.032560, 0.993082, -0.112820, -0.008790, -0.266076, 0.100193, 0.958731, 0.219657, 0.000000, 0.000000, 0.000000, 1.000000, -0.266076, 0.100193, 0.958731, 0.291157, -0.963402, -0.061235, -0.260973, -0.001454, 0.032560, -0.993082, 0.112820, 0.265863, 0.000000, 0.000000, 0.000000, 1.000000, -0.999872, 0.015283, 0.004660, 0.008321, 0.004623, -0.002410, 0.999986, -0.049909, 0.015294, 0.999880, 0.002339, -0.044352, 0.000000, 0.000000, 0.000000, 1.000000
33.7588, 33.8563, -8.7823, 219.6474, 291.1474, -1.3563, 265.8557, 8.3039, -49.9629, -44.3529, 0.962756, 0.061601, 0.263262, 0.033856, -0.032317, 0.992937, -0.114153, -0.008782, -0.268435, 0.101393, 0.957947, 0.219647, 0.000000, 0.000000, 0.000000, 1.000000, -0.268435, 0.101393, 0.957947, 0.291147, -0.962756, -0.061601, -0.263262, -0.001356, 0.032317, -0.992937, 0.114153, 0.265856, 0.000000, 0.000000, 0.000000, 1.000000, -0.999874, 0.015249, 0.004362, 0.008304, 0.004344, -0.001181, 0.999990, -0.049963, 0.015254, 0.999883, 0.001114, -0.044353, 0.000000, 0.000000, 0.000000, 1.000000
33.8436, 33.7447, -8.7699, 219.6654, 291.1654, -1.2447, 265.8433, 8.3426, -49.9894, -44.3473, 0.963312, 0.061606, 0.261216, 0.033745, -0.032264, 0.992822, -0.115167, -0.008770, -0.266436, 0.102514, 0.958385, 0.219665, 0.000000, 0.000000, 0.000000, 1.000000, -0.266436, 0.102514, 0.958385, 0.291165, -0.963312, -0.061606, -0.261216, -0.001245, 0.032264, -0.992822, 0.115167, 0.265843, 0.000000, 0.000000, 0.000000, 1.000000, -0.999848, 0.015546, 0.007880, 0.008343, 0.007879, -0.000116, 0.999969, -0.049989, 0.015546, 0.999879, -0.000006, -0.044347, 0.000000, 0.000000, 0.000000, 1.000000
33.9592, 33.6718, -8.7560, 219.6858, 291.1858, -1.1718, 265.8295, 8.3180, -50.0079, -44.3372, 0.963186, 0.061602, 0.261684, 0.033672, -0.032134, 0.992795, -0.115432, -0.008756, -0.266910, 0.102774, 0.958226, 0.219686, 0.000000, 0.000000, 0.000000, 1.000000, -0.266910, 0.102774, 0.958226, 0.291186, -0.963186, -0.061602, -0.261684, -0.001172, 0.032134, -0.992795, 0.115432, 0.265829, 0.000000, 0.000000, 0.000000, 1.000000, -0.999834, 0.015620, 0.009391, 0.008318, 0.009394, 0.000102, 0.999956, -0.050008, 0.015619, 0.999878, -0.000249, -0.044337, 0.000000, 0.000000, 0.000000, 1.000000
34.0871, 33.5437, -8.7717, 219.7238, 291.2238, -1.0437, 265.8451, 8.3391, -50.0232, -44.3588, 0.961346, 0.060898, 0.268524, 0.033544, -0.031767, 0.993253, -0.111531, -0.008772, -0.273505, 0.098689, 0.956794, 0.219724, 0.000000, 0.000000, 0.000000, 1.000000, -0.273505, 0.098689, 0.956794, 0.291224, -0.961346, -0.060898, -0.268524, -0.001044, 0.031767, -0.993253, 0.111531, 0.265845, 0.000000, 0.000000, 0.000000, 1.000000, -0.999873, 0.015174, 0.004844, 0.008339, 0.004782, -0.004079, 0.999980, -0.050023, 0.015194, 0.999877, 0.004005, -0.044359, 0.000000, 0.000000, 0.000000, 1.000000
34.1820, 33.4482, -8.7525, 219.7144, 291.2144, -0.9482, 265.8259, 8.3460, -50.0743, -44.3480, 0.962000, 0.061509, 0.266031, 0.033448, -0.031633, 0.992843, -0.115165, -0.008752, -0.271211, 0.102373, 0.957060, 0.219714, 0.000000, 0.000000, 0.000000, 1.000000, -0.271211, 0.102373, 0.957060, 0.291214, -0.962000, -0.061509, -0.266031, -0.000948, 0.031633, -0.992843, 0.115165, 0.265826, 0.000000, 0.000000, 0.000000, 1.000000, -0.999840, 0.015600, 0.008798, 0.008346, 0.008793, -0.000372, 0.999961, -0.050074, 0.015602, 0.999878, 0.000235, -0.044348, 0.000000, 0.000000, 0.000000, 1.000000
34.2954, 33.3292, -8.7602, 219.7818, 291.2818, -0.8292, 265.8337, 8.3781, -50.0576, -44.3595, 0.960326, 0.061066, 0.272111, 0.033329, -0.031227, 0.993142, -0.112671, -0.008760, -0.277126, 0.099704, 0.955647, 0.219782, 0.000000, 0.000000, 0.000000, 1.000000, -0.277126, 0.099704, 0.955647, 0.291282, -0.960326, -0.061066, -0.272111, -0.000829, 0.031227, -0.993142, 0.112671, 0.265834, 0.000000, 0.000000, 0.000000, 1.000000, -0.999872, 0.015285, 0.004662, 0.008378, 0.004615, -0.003105, 0.999985, -0.050058, 0.015299, 0.999878, 0.003034, -0.044359, 0.000000, 0.000000, 0.000000, 1.000000
34.3960, 33.2545, -8.7665, 219.7934, 291.2934, -0.7545, 265.8400, 8.3647, -50.0813, -44.3704, 0.960411, 0.060649, 0.271906, 0.033254, -0.031158, 0.993276, -0.111499, -0.008767, -0.276839, 0.098613, 0.955843, 0.219793, 0.000000, 0.000000, 0.000000, 1.000000, -0.276839, 0.098613, 0.955843, 0.291293, -0.960411, -0.060649, -0.271906, -0.000754, 0.031158, -0.993276, 0.111499, 0.265840, 0.000000, 0.000000, 0.000000, 1.000000, -0.999859, 0.015374, 0.006725, 0.008365, 0.006659, -0.004304, 0.999969, -0.050081, 0.015402, 0.999873, 0.004201, -0.044370, 0.000000, 0.000000, 0.000000, 1.000000
34.5287, 33.1732, -8.7535, 219.8279, 291.3279, -0.6732, 265.8270, 8.3370, -50.0920, -44.3603, 0.961606, 0.060676, 0.267641, 0.033173, -0.031295, 0.993135, -0.112711, -0.008754, -0.272643, 0.100007, 0.956904, 0.219828, 0.000000, 0.000000, 0.000000, 1.000000, -0.272643, 0.100007, 0.956904, 0.291328, -0.961606, -0.060676, -0.267641, -0.000673, 0.031295, -0.993135, 0.112711, 0.265827, 0.000000, 0.000000, 0.000000, 1.000000, -0.999787, 0.015731, 0.013371, 0.008337, 0.013325, -0.002987, 0.999907, -0.050092, 0.015770, 0.999872, 0.002777, -0.044360, 0.000000, 0.000000, 0.000000, 1.000000
34.6157, 33.0509, -8.7477, 219.8487, 291.3487, -0.5509, 265.8212, 8.3841, -50.1199, -44.3618, 0.960333, 0.061253, 0.272045, 0.033051, -0.031046, 0.992997, -0.113986, -0.008748, -0.277122, 0.101018, 0.955510, 0.219849, 0.000000, 0.000000, 0.000000, 1.000000, -0.277122, 0.101018, 0.955510, 0.291349, -0.960333, -0.061253, -0.272045, -0.000551, 0.031046, -0.992997, 0.113986, 0.265821, 0.000000, 0.000000, 0.000000, 1.000000, -0.999828, 0.015461, 0.010217, 0.008384, 0.010190, -0.001869, 0.999946, -0.050120, 0.015479, 0.999879, 0.001711, -0.044362, 0.000000, 0.000000, 0.000000, 1.000000
34.7436, 32.9530, -8.7646, 219.8764, 291.3764, -0.4530, 265.8381, 8.3731, -50.1379, -44.3834, 0.959658, 0.060401, 0.274604, 0.032953, -0.030962, 0.993415, -0.110307, -0.008765, -0.279459, 0.097355, 0.955209, 0.219876, 0.000000, 0.000000, 0.000000, 1.000000, -0.279459, 0.097355, 0.955209, 0.291376, -0.959658, -0.060401, -0.274604, -0.000453, 0.030962, -0.993415, 0.110307, 0.265838, 0.000000, 0.000000, 0.000000, 1.000000, -0.999833, 0.015225, 0.010081, 0.008373, 0.009996, -0.005681, 0.999934, -0.050138, 0.015281, 0.999868, 0.005528, -0.044383, 0.000000, 0.000000, 0.000000, 1.000000
34.8324, 32.8586, -8.7378, 219.8826, 291.3826, -0.3586, 265.8112, 8.3886, -50.1750, -44.3634, 0.959744, 0.061275, 0.274110, 0.032859, -0.030779, 0.992980, -0.114206, -0.008738, -0.279184, 0.101171, 0.954893, 0.219883, 0.000000, 0.000000, 0.000000, 1.000000, -0.279184, 0.101171, 0.954893, 0.291383, -0.959744, -0.061275, -0.274110, -0.000359, 0.030779, -0.992980, 0.114206, 0.265811, 0.000000, 0.000000, 0.000000, 1.000000, -0.999810, 0.015476, 0.011836, 0.008389, 0.011810, -0.001774, 0.999929, -0.050175, 0.015496, 0.999879, 0.001591, -0.044363, 0.000000, 0.000000, 0.000000, 1.000000
34.9541, 32.7730, -8.7419, 219.8794, 291.3794, -0.2730, 265.8153, 8.3626, -50.2199, -44.3743, 0.959488, 0.061209, 0.275019, 0.032773, -0.030465, 0.992932, -0.114704, -0.008742, -0.280097, 0.101679, 0.954572, 0.219879, 0.000000, 0.000000, 0.000000, 1.000000, -0.280097, 0.101679, 0.954572, 0.291379, -0.959488, -0.061209, -0.275019, -0.000273, 0.030465, -0.992932, 0.114704, 0.265815, 0.000000, 0.000000, 0.000000, 1.000000, -0.999793, 0.015683, 0.012975, 0.008363, 0.012956, -0.001338, 0.999915, -0.050220, 0.015699, 0.999876, 0.001134, -0.044374, 0.000000, 0.000000, 0.000000, 1.000000
35.0666, 32.6440, -8.7248, 219.9220, 291.4220, -0.1440, 265.7982, 8.4005, -50.2350, -44.3630, 0.959463, 0.061650, 0.275010, 0.032644, -0.030304, 0.992692, -0.116812, -0.008725, -0.280201, 0.103743, 0.954319, 0.219922, 0.000000, 0.000000, 0.000000, 1.000000, -0.280201, 0.103743, 0.954319, 0.291422, -0.959463, -0.061650, -0.275010, -0.000144, 0.030304, -0.992692, 0.116812, 0.265798, 0.000000, 0.000000, 0.000000, 1.000000, -0.999765, 0.015859, 0.014780, 0.008400, 0.014794, 0.000748, 0.999890, -0.050235, 0.015846, 0.999874, -0.000982, -0.044363, 0.000000, 0.000000, 0.000000, 1.000000
35.1976, 32.5524, -8.7225, 219.9103, 291.4103, -0.0524, 265.7960, 8.3695, -50.2921, -44.3690, 0.958833, 0.061690, 0.277190, 0.032552, -0.030060, 0.992683, -0.116944, -0.008723, -0.282376, 0.103797, 0.953672, 0.219910, 0.000000, 0.000000, 0.000000, 1.000000, -0.282376, 0.103797, 0.953672, 0.291410, -0.958833, -0.061690, -0.277190, -0.000052, 0.030060, -0.992683, 0.116944, 0.265796, 0.000000, 0.000000, 0.000000, 1.000000, -0.999765, 0.015839, 0.014787, 0.008370, 0.014802, 0.000776, 0.999890, -0.050292, 0.015826, 0.999874, -0.001010, -0.044369, 0.000000, 0.000000, 0.000000, 1.000000
35.2916, 32.4375, -8.7438, 219.9384, 291.4384, 0.0625, 265.8173, 8.4040, -50.3103, -44.3961, 0.957127, 0.060615, 0.283256, 0.032437, -0.029788, 0.993273, -0.111900, -0.008744, -0.288133, 0.098665, 0.952494, 0.219938, 0.000000, 0.000000, 0.000000, 1.000000, -0.288133, 0.098665, 0.952494, 0.291438, -0.957127, -0.060615, -0.283256, 0.000063, 0.029788, -0.993273, 0.111900, 0.265817, 0.000000, 0.000000, 0.000000, 1.000000, -0.999827, 0.015352, 0.010516, 0.008404, 0.010448, -0.004504, 0.999935, -0.050310, 0.015399, 0.999872, 0.004343, -0.044396, 0.000000, 0.000000, 0.000000, 1.000000
35.4085, 32.3668, -8.7248, 219.9729, 291.4729, 0.1332, 265.7983, 8.3799, -50.3177, -44.3793, 0.958125, 0.061264, 0.279720, 0.032367, -0.029790, 0.992870, -0.115419, -0.008725, -0.284796, 0.102253, 0.953119, 0.219973, 0.000000, 0.000000, 0.000000, 1.000000, -0.284796, 0.102253, 0.953119, 0.291473, -0.958125, -0.061264, -0.279720, 0.000133, 0.029790, -0.992870, 0.115419, 0.265798, 0.000000, 0.000000, 0.000000, 1.000000, -0.999748, 0.015789, 0.015959, 0.008380, 0.015947, -0.000894, 0.999872, -0.050318, 0.015802, 0.999875, 0.000642, -0.044379, 0.000000, 0.000000, 0.000000, 1.000000
35.5140, 32.2296, -8.7164, 219.9544, 291.4544, 0.2704, 265.7899, 8.4127, -50.3922, -44.3833, 0.956330, 0.061049, 0.285841, 0.032230, -0.029041, 0.992951, -0.114910, -0.008716, -0.290842, 0.101591, 0.951362, 0.219954, 0.000000, 0.000000, 0.000000, 1.000000, -0.290842, 0.101591, 0.951362, 0.291454, -0.956330, -0.061049, -0.285841, 0.000270, 0.029041, -0.992951, 0.114910, 0.265790, 0.000000, 0.000000, 0.000000, 1.000000, -0.999810, 0.015795, 0.011461, 0.008413, 0.011437, -0.001624, 0.999933, -0.050392, 0.015813, 0.999874, 0.001443, -0.044383, 0.000000, 0.000000, 0.000000, 1.000000
35.6309, 32.1448, -8.7152, 219.9868, 291.4868, 0.3552, 265.7886, 8.4004, -50.4041, -44.3853, 0.955811, 0.061307, 0.287517, 0.032145, -0.028882, 0.992865, -0.115693, -0.008715, -0.292558, 0.102277, 0.950762, 0.219987, 0.000000, 0.000000, 0.000000, 1.000000, -0.292558, 0.102277, 0.950762, 0.291487, -0.955811, -0.061307, -0.287517, 0.000355, 0.028882, -0.992865, 0.115693, 0.265789, 0.000000, 0.000000, 0.000000, 1.000000, -0.999808, 0.015752, 0.011691, 0.008400, 0.011678, -0.000920, 0.999931, -0.050404, 0.015762, 0.999876, 0.000735, -0.044385, 0.000000, 0.000000, 0.000000, 1.000000
35.7473, 32.0111, -8.7153, 219.9917, 291.4917, 0.4889, 265.7888, 8.4265, -50.4565, -44.3952, 0.955390, 0.060964, 0.288988, 0.032011, -0.028894, 0.993064, -0.113968, -0.008715, -0.293932, 0.100534, 0.950525, 0.219992, 0.000000, 0.000000, 0.000000, 1.000000, -0.293932, 0.100534, 0.950525, 0.291492, -0.955390, -0.060964, -0.288988, 0.000489, 0.028894, -0.993064, 0.113968, 0.265789, 0.000000, 0.000000, 0.000000, 1.000000, -0.999803, 0.015550, 0.012325, 0.008427, 0.012284, -0.002728, 0.999921, -0.050457, 0.015582, 0.999875, 0.002536, -0.044395, 0.000000, 0.000000, 0.000000, 1.000000
35.8484, 31.9532, -8.6804, 220.0252, 291.5252, 0.5468, 265.7538, 8.4044, -50.4612, -44.3617, 0.956328, 0.061616, 0.285728, 0.031953, -0.028587, 0.992559, -0.118361, -0.008680, -0.290895, 0.105024, 0.950973, 0.220025, 0.000000, 0.000000, 0.000000, 1.000000, -0.290895, 0.105024, 0.950973, 0.291525, -0.956328, -0.061616, -0.285728, 0.000547, 0.028587, -0.992559, 0.118361, 0.265754, 0.000000, 0.000000, 0.000000, 1.000000, -0.999720, 0.016290, 0.017138, 0.008404, 0.017169, 0.001749, 0.999851, -0.050461, 0.016258, 0.999866, -0.002028, -0.044362, 0.000000, 0.000000, 0.000000, 1.000000
35.9508, 31.8385, -8.7029, 220.0670, 291.5670, 0.6615, 265.7764, 8.4351, -50.4689, -44.3888, 0.954575, 0.061012, 0.291658, 0.031839, -0.028448, 0.993002, -0.114620, -0.008703, -0.296610, 0.101116, 0.949630, 0.220067, 0.000000, 0.000000, 0.000000, 1.000000, -0.296610, 0.101116, 0.949630, 0.291567, -0.954575, -0.061012, -0.291658, 0.000661, 0.028448, -0.993002, 0.114620, 0.265776, 0.000000, 0.000000, 0.000000, 1.000000, -0.999792, 0.015672, 0.013035, 0.008435, 0.013002, -0.002210, 0.999913, -0.050469, 0.015700, 0.999875, 0.002006, -0.044389, 0.000000, 0.000000, 0.000000, 1.000000
36.0773, 31.7655, -8.6961, 220.1435, 291.6435, 0.7345, 265.7695, 8.4171, -50.4383, -44.3800, 0.955743, 0.060655, 0.287881, 0.031765, -0.028585, 0.993032, -0.114324, -0.008696, -0.292809, 0.101036, 0.950818, 0.220144, 0.000000, 0.000000, 0.000000, 1.000000, -0.292809, 0.101036, 0.950818, 0.291644, -0.955743, -0.060655, -0.287881, 0.000735, 0.028585, -0.993032, 0.114324, 0.265770, 0.000000, 0.000000, 0.000000, 1.000000, -0.999688, 0.015983, 0.019212, 0.008417, 0.019175, -0.002434, 0.999813, -0.050438, 0.016026, 0.999869, 0.002127, -0.044380, 0.000000, 0.000000, 0.000000, 1.000000
36.1771, 31.6536, -8.6965, 220.1518, 291.6518, 0.8464, 265.7700, 8.4379, -50.4794, -44.3882, 0.954375, 0.060898, 0.292335, 0.031654, -0.028415, 0.993062, -0.114104, -0.008697, -0.297255, 0.100591, 0.949484, 0.220152, 0.000000, 0.000000, 0.000000, 1.000000, -0.297255, 0.100591, 0.949484, 0.291652, -0.954375, -0.060898, -0.292335, 0.000846, 0.028415, -0.993062, 0.114104, 0.265770, 0.000000, 0.000000, 0.000000, 1.000000, -0.999745, 0.015610, 0.016319, 0.008438, 0.016277, -0.002810, 0.999864, -0.050479, 0.015653, 0.999874, 0.002555, -0.044388, 0.000000, 0.000000, 0.000000, 1.000000
36.2984, 31.5814, -8.6827, 220.2097, 291.7097, 0.9186, 265.7561, 8.4185, -50.4665, -44.3743, 0.954193, 0.061301, 0.292844, 0.031581, -0.028346, 0.992905, -0.115481, -0.008683, -0.297845, 0.101890, 0.949161, 0.220210, 0.000000, 0.000000, 0.000000, 1.000000, -0.297845, 0.101890, 0.949161, 0.291710, -0.954193, -0.061301, -0.292844, 0.000919, 0.028346, -0.992905, 0.115481, 0.265756, 0.000000, 0.000000, 0.000000, 1.000000, -0.999720, 0.015626, 0.017793, 0.008418, 0.017772, -0.001475, 0.999841, -0.050466, 0.015649, 0.999877, 0.001196, -0.044374, 0.000000, 0.000000, 0.000000, 1.000000
36.4017, 31.4775, -8.6770, 220.2195, 291.7195, 1.0225, 265.7505, 8.4292, -50.5053, -44.3757, 0.954798, 0.061406, 0.290844, 0.031478, -0.028415, 0.992804, -0.116329, -0.008677, -0.295895, 0.102806, 0.949672, 0.220220, 0.000000, 0.000000, 0.000000, 1.000000, -0.295895, 0.102806, 0.949672, 0.291720, -0.954798, -0.061406, -0.290844, 0.001022, 0.028415, -0.992804, 0.116329, 0.265750, 0.000000, 0.000000, 0.000000, 1.000000, -0.999641, 0.015810, 0.021616, 0.008429, 0.021610, -0.000594, 0.999766, -0.050505, 0.015820, 0.999875, 0.000252, -0.044376, 0.000000, 0.000000, 0.000000, 1.000000
36.5295, 31.3785, -8.6818, 220.3181, 291.8181, 1.1215, 265.7553, 8.4415, -50.4616, -44.3784, 0.954105, 0.060833, 0.293229, 0.031378, -0.028228, 0.993060, -0.114172, -0.008682, -0.298140, 0.100655, 0.949200, 0.220318, 0.000000, 0.000000, 0.000000, 1.000000, -0.298140, 0.100655, 0.949200, 0.291818, -0.954105, -0.060833, -0.293229, 0.001122, 0.028228, -0.993060, 0.114172, 0.265755, 0.000000, 0.000000, 0.000000, 1.000000, -0.999645, 0.015673, 0.021528, 0.008442, 0.021486, -0.002866, 0.999765, -0.050462, 0.015731, 0.999873, 0.002528, -0.044378, 0.000000, 0.000000, 0.000000, 1.000000
36.6122, 31.2622, -8.6777, 220.3075, 291.8075, 1.2378, 265.7511, 8.4756, -50.5208, -44.3842, 0.952899, 0.060811, 0.297128, 0.031262, -0.028018, 0.993153, -0.113409, -0.008678, -0.301990, 0.099743, 0.948079, 0.220308, 0.000000, 0.000000, 0.000000, 1.000000, -0.301990, 0.099743, 0.948079, 0.291808, -0.952899, -0.060811, -0.297128, 0.001238, 0.028018, -0.993153, 0.113409, 0.265751, 0.000000, 0.000000, 0.000000, 1.000000, -0.999702, 0.015400, 0.018953, 0.008476, 0.018897, -0.003766, 0.999814, -0.050521, 0.015469, 0.999874, 0.003474, -0.044384, 0.000000, 0.000000, 0.000000, 1.000000
36.7506, 31.1757, -8.6670, 220.3544, 291.8544, 1.3243, 265.7405, 8.4508, -50.5257, -44.3756, 0.953285, 0.060870, 0.295876, 0.031176, -0.027797, 0.993008, -0.114728, -0.008667, -0.300791, 0.101144, 0.948312, 0.220354, 0.000000, 0.000000, 0.000000, 1.000000, -0.300791, 0.101144, 0.948312, 0.291854, -0.953285, -0.060870, -0.295876, 0.001324, 0.027797, -0.993008, 0.114728, 0.265740, 0.000000, 0.000000, 0.000000, 1.000000, -0.999621, 0.015784, 0.022573, 0.008451, 0.022537, -0.002448, 0.999743, -0.050526, 0.015835, 0.999872, 0.002092, -0.044376, 0.000000, 0.000000, 0.000000, 1.000000
36.8503, 31.0815, -8.6553, 220.3524, 291.8524, 1.4185, 265.7288, 8.4517, -50.5736, -44.3714, 0.952317, 0.061317, 0.298887, 0.031081, -0.027687, 0.992924, -0.115483, -0.008655, -0.303853, 0.101701, 0.947275, 0.220352, 0.000000, 0.000000, 0.000000, 1.000000, -0.303853, 0.101701, 0.947275, 0.291852, -0.952317, -0.061317, -0.298887, 0.001419, 0.027687, -0.992924, 0.115483, 0.265729, 0.000000, 0.000000, 0.000000, 1.000000, -0.999657, 0.015535, 0.021101, 0.008452, 0.021076, -0.001800, 0.999776, -0.050574, 0.015569, 0.999878, 0.001472, -0.044371, 0.000000, 0.000000, 0.000000, 1.000000
36.9664, 30.9732, -8.6750, 220.4158, 291.9158, 1.5268, 265.7485, 8.4714, -50.5634, -44.3931, 0.951484, 0.060446, 0.301702, 0.030973, -0.027442, 0.993277, -0.112460, -0.008675, -0.306472, 0.098725, 0.946746, 0.220416, 0.000000, 0.000000, 0.000000, 1.000000, -0.306472, 0.098725, 0.946746, 0.291916, -0.951484, -0.060446, -0.301702, 0.001527, 0.027442, -0.993277, 0.112460, 0.265748, 0.000000, 0.000000, 0.000000, 1.000000, -0.999673, 0.015394, 0.020417, 0.008471, 0.020343, -0.004949, 0.999781, -0.050563, 0.015491, 0.999869, 0.004634, -0.044393, 0.000000, 0.000000, 0.000000, 1.000000
37.0661, 30.8710, -8.6648, 220.4330, 291.9330, 1.6290, 265.7383, 8.4859, -50.5962, -44.3891, 0.952079, 0.060689, 0.299771, 0.030871, -0.027260, 0.993053, -0.114465, -0.008665, -0.304636, 0.100808, 0.947119, 0.220433, 0.000000, 0.000000, 0.000000, 1.000000, -0.304636, 0.100808, 0.947119, 0.291933, -0.952079, -0.060689, -0.299771, 0.001629, 0.027260, -0.993053, 0.114465, 0.265738, 0.000000, 0.000000, 0.000000, 1.000000, -0.999586, 0.015832, 0.024021, 0.008486, 0.023978, -0.002915, 0.999708, -0.050596, 0.015898, 0.999870, 0.002534, -0.044389, 0.000000, 0.000000, 0.000000, 1.000000
37.1826, 30.7815, -8.6643, 220.4836, 291.9836, 1.7185, 265.7378, 8.4842, -50.5948, -44.3904, 0.951300, 0.060791, 0.302213, 0.030782, -0.027136, 0.993071, -0.114342, -0.008664, -0.307070, 0.100573, 0.946358, 0.220484, 0.000000, 0.000000, 0.000000, 1.000000, -0.307070, 0.100573, 0.946358, 0.291984, -0.951300, -0.060791, -0.302213, 0.001718, 0.027136, -0.993071, 0.114342, 0.265738, 0.000000, 0.000000, 0.000000, 1.000000, -0.999601, 0.015652, 0.023504, 0.008484, 0.023458, -0.003137, 0.999720, -0.050595, 0.015722, 0.999873, 0.002768, -0.044390, 0.000000, 0.000000, 0.000000, 1.000000
37.2951, 30.7112, -8.6687, 220.4926, 291.9926, 1.7888, 265.7422, 8.4539, -50.6254, -44.3993, 0.950957, 0.060605, 0.303329, 0.030711, -0.027079, 0.993164, -0.113542, -0.008669, -0.308137, 0.099760, 0.946097, 0.220493, 0.000000, 0.000000, 0.000000, 1.000000, -0.308137, 0.099760, 0.946097, 0.291993, -0.950957, -0.060605, -0.303329, 0.001789, 0.027079, -0.993164, 0.113542, 0.265742, 0.000000, 0.000000, 0.000000, 1.000000, -0.999582, 0.015555, 0.024361, 0.008454, 0.024301, -0.004001, 0.999697, -0.050625, 0.015647, 0.999871, 0.003622, -0.044399, 0.000000, 0.000000, 0.000000, 1.000000
37.4146, 30.5905, -8.6614, 220.5759, 292.0759, 1.9095, 265.7348, 8.4900, -50.6053, -44.3930, 0.950557, 0.060515, 0.304598, 0.030591, -0.026928, 0.993197, -0.113287, -0.008661, -0.309382, 0.099483, 0.945720, 0.220576, 0.000000, 0.000000, 0.000000, 1.000000, -0.309382, 0.099483, 0.945720, 0.292076, -0.950557, -0.060515, -0.304598, 0.001909, 0.026928, -0.993197, 0.113287, 0.265735, 0.000000, 0.000000, 0.000000, 1.000000, -0.999563, 0.015540, 0.025135, 0.008490, 0.025071, -0.004326, 0.999676, -0.050605, 0.015644, 0.999870, 0.003935, -0.044393, 0.000000, 0.000000, 0.000000, 1.000000
37.5293, 30.4892, -8.6695, 220.5635, 292.0635, 2.0108, 265.7429, 8.4795, -50.6663, -44.4101, 0.949425, 0.060743, 0.308061, 0.030489, -0.026636, 0.993154, -0.113739, -0.008669, -0.312861, 0.099781, 0.944543, 0.220564, 0.000000, 0.000000, 0.000000, 1.000000, -0.312861, 0.099781, 0.944543, 0.292064, -0.949425, -0.060743, -0.308061, 0.002011, 0.026636, -0.993154, 0.113739, 0.265743, 0.000000, 0.000000, 0.000000, 1.000000, -0.999606, 0.015415, 0.023464, 0.008480, 0.023405, -0.003998, 0.999718, -0.050666, 0.015505, 0.999873, 0.003635, -0.044410, 0.000000, 0.000000, 0.000000, 1.000000
37.6550, 30.3755, -8.6680, 220.5839, 292.0839, 2.1245, 265.7414, 8.4822, -50.7035, -44.4153, 0.948130, 0.060278, 0.312116, 0.030376, -0.025933, 0.993251, -0.113045, -0.008668, -0.316824, 0.099087, 0.943294, 0.220584, 0.000000, 0.000000, 0.000000, 1.000000, -0.316824, 0.099087, 0.943294, 0.292084, -0.948130, -0.060278, -0.312116, 0.002124, 0.025933, -0.993251, 0.113045, 0.265741, 0.000000, 0.000000, 0.000000, 1.000000, -0.999648, 0.015612, 0.021449, 0.008482, 0.021376, -0.004847, 0.999760, -0.050704, 0.015713, 0.999866, 0.004512, -0.044415, 0.000000, 0.000000, 0.000000, 1.000000
37.7477, 30.2938, -8.6582, 220.6226, 292.1226, 2.2062, 265.7317, 8.4905, -50.7095, -44.4080, 0.949605, 0.060717, 0.307512, 0.030294, -0.026208, 0.993004, -0.115134, -0.008658, -0.312351, 0.101273, 0.944553, 0.220623, 0.000000, 0.000000, 0.000000, 1.000000, -0.312351, 0.101273, 0.944553, 0.292123, -0.949605, -0.060717, -0.307512, 0.002206, 0.026208, -0.993004, 0.115134, 0.265732, 0.000000, 0.000000, 0.000000, 1.000000, -0.999488, 0.015926, 0.027740, 0.008490, 0.027702, -0.002653, 0.999613, -0.050709, 0.015993, 0.999870, 0.002210, -0.044408, 0.000000, 0.000000, 0.000000, 1.000000
37.8519, 30.1887, -8.6411, 220.6688, 292.1688, 2.3113, 265.7145, 8.5134, -50.7189, -44.3945, 0.948452, 0.060742, 0.311046, 0.030189, -0.025493, 0.992903, -0.116163, -0.008641, -0.315894, 0.102246, 0.943269, 0.220669, 0.000000, 0.000000, 0.000000, 1.000000, -0.315894, 0.102246, 0.943269, 0.292169, -0.948452, -0.060742, -0.311046, 0.002311, 0.025493, -0.992903, 0.116163, 0.265715, 0.000000, 0.000000, 0.000000, 1.000000, -0.999536, 0.016226, 0.025760, 0.008513, 0.025735, -0.001752, 0.999667, -0.050719, 0.016266, 0.999867, 0.001334, -0.044395, 0.000000, 0.000000, 0.000000, 1.000000
37.9833, 30.0868, -8.6403, 220.6584, 292.1584, 2.4132, 265.7137, 8.4891, -50.7825, -44.4026, 0.947121, 0.060438, 0.315134, 0.030087, -0.025139, 0.993059, -0.114901, -0.008640, -0.319891, 0.100903, 0.942066, 0.220658, 0.000000, 0.000000, 0.000000, 1.000000, -0.319891, 0.100903, 0.942066, 0.292158, -0.947121, -0.060438, -0.315134, 0.002413, 0.025139, -0.993059, 0.114901, 0.265714, 0.000000, 0.000000, 0.000000, 1.000000, -0.999587, 0.016052, 0.023852, 0.008489, 0.023804, -0.003164, 0.999712, -0.050783, 0.016122, 0.999866, 0.002781, -0.044403, 0.000000, 0.000000, 0.000000, 1.000000
38.0624, 29.9819, -8.6395, 220.6954, 292.1954, 2.5181, 265.7130, 8.5302, -50.7953, -44.4062, 0.946820, 0.060700, 0.315986, 0.029982, -0.025238, 0.993029, -0.115134, -0.008640, -0.320772, 0.101036, 0.941752, 0.220695, 0.000000, 0.000000, 0.000000, 1.000000, -0.320772, 0.101036, 0.941752, 0.292195, -0.946820, -0.060700, -0.315986, 0.002518, 0.025238, -0.993029, 0.115134, 0.265713, 0.000000, 0.000000, 0.000000, 1.000000, -0.999579, 0.015846, 0.024316, 0.008530, 0.024272, -0.002970, 0.999701, -0.050795, 0.015914, 0.999870, 0.002584, -0.044406, 0.000000, 0.000000, 0.000000, 1.000000
38.1872, 29.9099, -8.6441, 220.7507, 292.2507, 2.5901, 265.7176, 8.5060, -50.7861, -44.4109, 0.947064, 0.060688, 0.315258, 0.029910, -0.025320, 0.993032, -0.115096, -0.008644, -0.320046, 0.101020, 0.942001, 0.220751, 0.000000, 0.000000, 0.000000, 1.000000, -0.320046, 0.101020, 0.942001, 0.292251, -0.947064, -0.060688, -0.315258, 0.002590, 0.025320, -0.993032, 0.115096, 0.265718, 0.000000, 0.000000, 0.000000, 1.000000, -0.999503, 0.015846, 0.027264, 0.008506, 0.027219, -0.003024, 0.999625, -0.050786, 0.015923, 0.999870, 0.002591, -0.044411, 0.000000, 0.000000, 0.000000, 1.000000
38.2794, 29.7995, -8.6444, 220.7601, 292.2601, 2.7005, 265.7178, 8.5309, -50.8287, -44.4186, 0.945806, 0.060613, 0.319024, 0.029799, -0.024840, 0.993051, -0.115032, -0.008644, -0.323779, 0.100874, 0.940740, 0.220760, 0.000000, 0.000000, 0.000000, 1.000000, -0.323779, 0.100874, 0.940740, 0.292260, -0.945806, -0.060613, -0.319024, 0.002701, 0.024840, -0.993051, 0.115032, 0.265718, 0.000000, 0.000000, 0.000000, 1.000000, -0.999564, 0.015860, 0.024910, 0.008531, 0.024862, -0.003214, 0.999686, -0.050829, 0.015935, 0.999869, 0.002818, -0.044419, 0.000000, 0.000000, 0.000000, 1.000000
38.3915, 29.6877, -8.6424, 220.7823, 292.2823, 2.8123, 265.7158, 8.5440, -50.8634, -44.4230, 0.945921, 0.060244, 0.318753, 0.029688, -0.024983, 0.993215, -0.113577, -0.008642, -0.323433, 0.099471, 0.941008, 0.220782, 0.000000, 0.000000, 0.000000, 1.000000, -0.323433, 0.099471, 0.941008, 0.292282, -0.945921, -0.060244, -0.318753, 0.002812, 0.024983, -0.993215, 0.113577, 0.265716, 0.000000, 0.000000, 0.000000, 1.000000, -0.999505, 0.015715, 0.027267, 0.008544, 0.027196, -0.004697, 0.999619, -0.050863, 0.015837, 0.999865, 0.004268, -0.044423, 0.000000, 0.000000, 0.000000, 1.000000
38.5154, 29.5810, -8.6297, 220.8309, 292.3309, 2.9190, 265.7031, 8.5513, -50.8749, -44.4138, 0.945055, 0.060476, 0.321268, 0.029581, -0.024793, 0.993169, -0.114024, -0.008630, -0.325969, 0.099794, 0.940099, 0.220831, 0.000000, 0.000000, 0.000000, 1.000000, -0.325969, 0.099794, 0.940099, 0.292331, -0.945055, -0.060476, -0.321268, 0.002919, 0.024793, -0.993169, 0.114024, 0.265703, 0.000000, 0.000000, 0.000000, 1.000000, -0.999521, 0.015599, 0.026740, 0.008551, 0.026675, -0.004345, 0.999635, -0.050875, 0.015709, 0.999869, 0.003927, -0.044414, 0.000000, 0.000000, 0.000000, 1.000000
38.6284, 29.4986, -8.6334, 220.8536, 292.3536, 3.0014, 265.7068, 8.5359, -50.8988, -44.4215, 0.944416, 0.060155, 0.323202, 0.029499, -0.024457, 0.993248, -0.113402, -0.008633, -0.327842, 0.099194, 0.939511, 0.220854, 0.000000, 0.000000, 0.000000, 1.000000, -0.327842, 0.099194, 0.939511, 0.292354, -0.944416, -0.060155, -0.323202, 0.003001, 0.024457, -0.993248, 0.113402, 0.265707, 0.000000, 0.000000, 0.000000, 1.000000, -0.999520, 0.015680, 0.026717, 0.008536, 0.026641, -0.005055, 0.999632, -0.050899, 0.015810, 0.999864, 0.004635, -0.044422, 0.000000, 0.000000, 0.000000, 1.000000
38.7475, 29.3904, -8.6258, 220.8477, 292.3477, 3.1096, 265.6993, 8.5292, -50.9606, -44.4229, 0.943467, 0.060791, 0.325843, 0.029390, -0.024505, 0.993140, -0.114330, -0.008626, -0.330558, 0.099882, 0.938485, 0.220848, 0.000000, 0.000000, 0.000000, 1.000000, -0.330558, 0.099882, 0.938485, 0.292348, -0.943467, -0.060791, -0.325843, 0.003110, 0.024505, -0.993140, 0.114330, 0.265699, 0.000000, 0.000000, 0.000000, 1.000000, -0.999546, 0.015318, 0.025930, 0.008529, 0.025868, -0.004213, 0.999656, -0.050961, 0.015422, 0.999874, 0.003815, -0.044423, 0.000000, 0.000000, 0.000000, 1.000000
38.8468, 29.3072, -8.6365, 220.9647, 292.4647, 3.1928, 265.7099, 8.5600, -50.8947, -44.4284, 0.943526, 0.060303, 0.325764, 0.029307, -0.024213, 0.993217, -0.113728, -0.008636, -0.330412, 0.099418, 0.938586, 0.220965, 0.000000, 0.000000, 0.000000, 1.000000, -0.330412, 0.099418, 0.938586, 0.292465, -0.943526, -0.060303, -0.325764, 0.003193, 0.024213, -0.993217, 0.113728, 0.265710, 0.000000, 0.000000, 0.000000, 1.000000, -0.999492, 0.015602, 0.027795, 0.008560, 0.027723, -0.004851, 0.999604, -0.050895, 0.015731, 0.999867, 0.004416, -0.044428, 0.000000, 0.000000, 0.000000, 1.000000
38.9667, 29.1967, -8.6299, 220.9639, 292.4639, 3.3033, 265.7033, 8.5564, -50.9531, -44.4304, 0.942002, 0.060409, 0.330126, 0.029197, -0.023942, 0.993257, -0.113435, -0.008630, -0.334753, 0.098952, 0.937096, 0.220964, 0.000000, 0.000000, 0.000000, 1.000000, -0.334753, 0.098952, 0.937096, 0.292464, -0.942002, -0.060409, -0.330126, 0.003303, 0.023942, -0.993257, 0.113435, 0.265703, 0.000000, 0.000000, 0.000000, 1.000000, -0.999563, 0.015327, 0.025295, 0.008556, 0.025217, -0.005284, 0.999668, -0.050953, 0.015456, 0.999869, 0.004895, -0.044430, 0.000000, 0.000000, 0.000000, 1.000000
39.0823, 29.1256, -8.6291, 221.0493, 292.5493, 3.3744, 265.7026, 8.5507, -50.9165, -44.4267, 0.942259, 0.060157, 0.329437, 0.029126, -0.023936, 0.993315, -0.112922, -0.008629, -0.334027, 0.098517, 0.937401, 0.221049, 0.000000, 0.000000, 0.000000, 1.000000, -0.334027, 0.098517, 0.937401, 0.292549, -0.942259, -0.060157, -0.329437, 0.003374, 0.023936, -0.993315, 0.112922, 0.265703, 0.000000, 0.000000, 0.000000, 1.000000, -0.999487, 0.015396, 0.028083, 0.008551, 0.027996, -0.005815, 0.999591, -0.050916, 0.015553, 0.999865, 0.005381, -0.044427, 0.000000, 0.000000, 0.000000, 1.000000
39.1825, 29.0316, -8.6144, 221.0815, 292.5815, 3.4684, 265.6878, 8.5614, -50.9368, -44.4161, 0.943049, 0.060765, 0.327057, 0.029032, -0.023886, 0.993006, -0.115621, -0.008614, -0.331795, 0.101225, 0.937905, 0.221082, 0.000000, 0.000000, 0.000000, 1.000000, -0.331795, 0.101225, 0.937905, 0.292582, -0.943049, -0.060765, -0.327057, 0.003468, 0.023886, -0.993006, 0.115621, 0.265688, 0.000000, 0.000000, 0.000000, 1.000000, -0.999359, 0.015792, 0.032133, 0.008561, 0.032088, -0.003079, 0.999480, -0.050937, 0.015883, 0.999871, 0.002570, -0.044416, 0.000000, 0.000000, 0.000000, 1.000000
39.3073, 28.9154, -8.6276, 221.1095, 292.6095, 3.5846, 265.7011, 8.5676, -50.9686, -44.4356, 0.941215, 0.060054, 0.332427, 0.028915, -0.023675, 0.993378, -0.112427, -0.008628, -0.336977, 0.097948, 0.936404, 0.221110, 0.000000, 0.000000, 0.000000, 1.000000, -0.336977, 0.097948, 0.936404, 0.292610, -0.941215, -0.060054, -0.332427, 0.003585, 0.023675, -0.993378, 0.112427, 0.265701, 0.000000, 0.000000, 0.000000, 1.000000, -0.999466, 0.015263, 0.028876, 0.008568, 0.028781, -0.006445, 0.999565, -0.050969, 0.015442, 0.999863, 0.006002, -0.044436, 0.000000, 0.000000, 0.000000, 1.000000
39.4154, 28.8238, -8.6197, 221.0950, 292.5950, 3.6762, 265.6931, 8.5515, -51.0320, -44.4362, 0.940472, 0.060494, 0.334443, 0.028824, -0.023336, 0.993203, -0.114030, -0.008620, -0.339068, 0.099438, 0.935492, 0.221095, 0.000000, 0.000000, 0.000000, 1.000000, -0.339068, 0.099438, 0.935492, 0.292595, -0.940472, -0.060494, -0.334443, 0.003676, 0.023336, -0.993203, 0.114030, 0.265693, 0.000000, 0.000000, 0.000000, 1.000000, -0.999476, 0.015382, 0.028496, 0.008551, 0.028424, -0.004915, 0.999584, -0.051032, 0.015516, 0.999870, 0.004475, -0.044436, 0.000000, 0.000000, 0.000000, 1.000000
39.5218, 28.7299, -8.6222, 221.1899, 292.6899, 3.7701, 265.6956, 8.5789, -50.9938, -44.4365, 0.940641, 0.060286, 0.334005, 0.028730, -0.023269, 0.993238, -0.113742, -0.008622, -0.338604, 0.099219, 0.935683, 0.221190, 0.000000, 0.000000, 0.000000, 1.000000, -0.338604, 0.099219, 0.935683, 0.292690, -0.940641, -0.060286, -0.334005, 0.003770, 0.023269, -0.993238, 0.113742, 0.265696, 0.000000, 0.000000, 0.000000, 1.000000, -0.999404, 0.015487, 0.030839, 0.008579, 0.030762, -0.005226, 0.999513, -0.050994, 0.015641, 0.999866, 0.004747, -0.044437, 0.000000, 0.000000, 0.000000, 1.000000
39.6264, 28.6238, -8.6223, 221.1763, 292.6763, 3.8762, 265.6957, 8.5792, -51.0607, -44.4461, 0.939449, 0.060554, 0.337295, 0.028624, -0.023027, 0.993194, -0.114172, -0.008622, -0.341913, 0.099492, 0.934450, 0.221176, 0.000000, 0.000000, 0.000000, 1.000000, -0.341913, 0.099492, 0.934450, 0.292676, -0.939449, -0.060554, -0.337295, 0.003876, 0.023027, -0.993194, 0.114172, 0.265696, 0.000000, 0.000000, 0.000000, 1.000000, -0.999458, 0.015329, 0.029138, 0.008579, 0.029066, -0.004899, 0.999565, -0.051061, 0.015465, 0.999871, 0.004451, -0.044446, 0.000000, 0.000000, 0.000000, 1.000000
39.7437, 28.5399, -8.6299, 221.2538, 292.7538, 3.9601, 265.7033, 8.5810, -51.0364, -44.4524, 0.939008, 0.059636, 0.338684, 0.028540, -0.022612, 0.993425, -0.112231, -0.008630, -0.343150, 0.097727, 0.934183, 0.221254, 0.000000, 0.000000, 0.000000, 1.000000, -0.343150, 0.097727, 0.934183, 0.292754, -0.939008, -0.059636, -0.338684, 0.003960, 0.022612, -0.993425, 0.112231, 0.265703, 0.000000, 0.000000, 0.000000, 1.000000, -0.999433, 0.015521, 0.029865, 0.008581, 0.029761, -0.006923, 0.999533, -0.051036, 0.015720, 0.999856, 0.006457, -0.044452, 0.000000, 0.000000, 0.000000, 1.000000
39.8514, 28.4168, -8.6267, 221.2627, 292.7627, 4.0832, 265.7002, 8.6026, -51.0899, -44.4578, 0.938841, 0.059885, 0.339104, 0.028417, -0.022636, 0.993365, -0.112754, -0.008627, -0.343607, 0.098182, 0.933967, 0.221263, 0.000000, 0.000000, 0.000000, 1.000000, -0.343607, 0.098182, 0.933967, 0.292763, -0.938841, -0.059885, -0.339104, 0.004083, 0.022636, -0.993365, 0.112754, 0.265700, 0.000000, 0.000000, 0.000000, 1.000000, -0.999392, 0.015445, 0.031255, 0.008603, 0.031159, -0.006434, 0.999494, -0.051090, 0.015639, 0.999860, 0.005949, -0.044458, 0.000000, 0.000000, 0.000000, 1.000000
39.9195, 28.3238, -8.6158, 221.2521, 292.7521, 4.1762, 265.6893, 8.6245, -51.1455, -44.4552, 0.938131, 0.060003, 0.341044, 0.028324, -0.022323, 0.993304, -0.113356, -0.008616, -0.345562, 0.098730, 0.933188, 0.221252, 0.000000, 0.000000, 0.000000, 1.000000, -0.345562, 0.098730, 0.933188, 0.292752, -0.938131, -0.060003, -0.341044, 0.004176, 0.022323, -0.993304, 0.113356, 0.265689, 0.000000, 0.000000, 0.000000, 1.000000, -0.999419, 0.015531, 0.030334, 0.008624, 0.030245, -0.005896, 0.999525, -0.051145, 0.015703, 0.999862, 0.005423, -0.044455, 0.000000, 0.000000, 0.000000, 1.000000
39.9551, 28.2322, -8.5992, 221.2557, 292.7557, 4.2678, 265.6727, 8.6794, -51.1833, -44.4454, 0.936956, 0.060642, 0.344145, 0.028232, -0.021871, 0.993073, -0.115443, -0.008599, -0.348762, 0.100638, 0.931792, 0.221256, 0.000000, 0.000000, 0.000000, 1.000000, -0.348762, 0.100638, 0.931792, 0.292756, -0.936956, -0.060642, -0.344145, 0.004268, 0.021871, -0.993073, 0.115443, 0.265673, 0.000000, 0.000000, 0.000000, 1.000000, -0.999500, 0.015646, 0.027486, 0.008679, 0.027429, -0.003884, 0.999616, -0.051183, 0.015747, 0.999870, 0.003453, -0.044445, 0.000000, 0.000000, 0.000000, 1.000000
39.9779, 28.1824, -8.6018, 221.2729, 292.7729, 4.3176, 265.6753, 8.7115, -51.1890, -44.4500, 0.936357, 0.060765, 0.345751, 0.028182, -0.022033, 0.993136, -0.114871, -0.008602, -0.350358, 0.099942, 0.931268, 0.221273, 0.000000, 0.000000, 0.000000, 1.000000, -0.350358, 0.099942, 0.931268, 0.292773, -0.936357, -0.060765, -0.345751, 0.004318, 0.022033, -0.993136, 0.114871, 0.265675, 0.000000, 0.000000, 0.000000, 1.000000, -0.999540, 0.015270, 0.026221, 0.008711, 0.026155, -0.004493, 0.999648, -0.051189, 0.015383, 0.999873, 0.004092, -0.044450, 0.000000, 0.000000, 0.000000, 1.000000
39.9902, 28.1362, -8.5901, 221.2411, 292.7411, 4.3638, 265.6636, 8.7317, -51.2387, -44.4451, 0.935999, 0.060718, 0.346726, 0.028136, -0.021711, 0.993093, -0.115300, -0.008590, -0.351332, 0.100393, 0.930853, 0.221241, 0.000000, 0.000000, 0.000000, 1.000000, -0.351332, 0.100393, 0.930853, 0.292741, -0.935999, -0.060718, -0.346726, 0.004364, 0.021711, -0.993093, 0.115300, 0.265664, 0.000000, 0.000000, 0.000000, 1.000000, -0.999558, 0.015481, 0.025362, 0.008732, 0.025302, -0.004094, 0.999671, -0.051239, 0.015579, 0.999872, 0.003701, -0.044445, 0.000000, 0.000000, 0.000000, 1.000000
39.9973, 28.1356, -8.5968, 221.2770, 292.7770, 4.3644, 265.6703, 8.7386, -51.2061, -44.4494, 0.936236, 0.060949, 0.346046, 0.028136, -0.021813, 0.993023, -0.115887, -0.008597, -0.350695, 0.100949, 0.931033, 0.221277, 0.000000, 0.000000, 0.000000, 1.000000, -0.350695, 0.100949, 0.931033, 0.292777, -0.936236, -0.060949, -0.346046, 0.004364, 0.021813, -0.993023, 0.115887, 0.265670, 0.000000, 0.000000, 0.000000, 1.000000, -0.999538, 0.015477, 0.026162, 0.008739, 0.026111, -0.003490, 0.999653, -0.051206, 0.015563, 0.999874, 0.003084, -0.044449, 0.000000, 0.000000, 0.000000, 1.000000
39.9999, 28.1310, -8.6023, 221.2822, 292.7822, 4.3690, 265.6758, 8.7423, -51.2027, -44.4547, 0.936211, 0.060964, 0.346110, 0.028131, -0.021868, 0.993036, -0.115761, -0.008602, -0.350757, 0.100808, 0.931025, 0.221282, 0.000000, 0.000000, 0.000000, 1.000000, -0.350757, 0.100808, 0.931025, 0.292782, -0.936211, -0.060964, -0.346110, 0.004369, 0.021868, -0.993036, 0.115761, 0.265676, 0.000000, 0.000000, 0.000000, 1.000000, -0.999539, 0.015411, 0.026150, 0.008742, 0.026097, -0.003616, 0.999653, -0.051203, 0.015500, 0.999875, 0.003212, -0.044455, 0.000000, 0.000000, 0.000000, 1.000000
40.0030, 28.1181, -8.6104, 221.2484, 292.7484, 4.3819, 265.6838, 8.7384, -51.2382, -44.4670, 0.935802, 0.060547, 0.347288, 0.028118, -0.021798, 0.993193, -0.114419, -0.008610, -0.351852, 0.099503, 0.930752, 0.221248, 0.000000, 0.000000, 0.000000, 1.000000, -0.351852, 0.099503, 0.930752, 0.292748, -0.935802, -0.060547, -0.347288, 0.004382, 0.021798, -0.993193, 0.114419, 0.265684, 0.000000, 0.000000, 0.000000, 1.000000, -0.999569, 0.015310, 0.025056, 0.008738, 0.024982, -0.004992, 0.999675, -0.051238, 0.015431, 0.999870, 0.004607, -0.044467, 0.000000, 0.000000, 0.000000, 1.000000
40.0034, 28.1202, -8.6008, 221.2712, 292.7712, 4.3798, 265.6743, 8.7451, -51.2176, -44.4551, 0.935976, 0.060799, 0.346776, 0.028120, -0.021804, 0.993096, -0.115264, -0.008601, -0.351389, 0.100323, 0.930839, 0.221271, 0.000000, 0.000000, 0.000000, 1.000000, -0.351389, 0.100323, 0.930839, 0.292771, -0.935976, -0.060799, -0.346776, 0.004380, 0.021804, -0.993096, 0.115264, 0.265674, 0.000000, 0.000000, 0.000000, 1.000000, -0.999555, 0.015383, 0.025542, 0.008745, 0.025481, -0.004132, 0.999667, -0.051218, 0.015483, 0.999873, 0.003738, -0.044455, 0.000000, 0.000000, 0.000000, 1.000000
40.0039, 28.1043, -8.6038, 221.2282, 292.7282, 4.3957, 265.6773, 8.7430, -51.2628, -44.4636, 0.935577, 0.060859, 0.347840, 0.028104, -0.021794, 0.993110, -0.115139, -0.008604, -0.352450, 0.100141, 0.930457, 0.221228, 0.000000, 0.000000, 0.000000, 1.000000, -0.352450, 0.100141, 0.930457, 0.292728, -0.935577, -0.060859, -0.347840, 0.004396, 0.021794, -0.993110, 0.115139, 0.265677, 0.000000, 0.000000, 0.000000, 1.000000, -0.999585, 0.015258, 0.024425, 0.008743, 0.024362, -0.004280, 0.999694, -0.051263, 0.015358, 0.999874, 0.003906, -0.044464, 0.000000, 0.000000, 0.000000, 1.000000
40.0047, 28.1093, -8.5923, 221.2422, 292.7422, 4.3907, 265.6658, 8.7433, -51.2495, -44.4504, 0.935595, 0.060689, 0.347819, 0.028109, -0.021786, 0.993162, -0.114691, -0.008592, -0.352401, 0.099727, 0.930520, 0.221242, 0.000000, 0.000000, 0.000000, 1.000000, -0.352401, 0.099727, 0.930520, 0.292742, -0.935595, -0.060689, -0.347819, 0.004391, 0.021786, -0.993162, 0.114691, 0.265666, 0.000000, 0.000000, 0.000000, 1.000000, -0.999583, 0.015262, 0.024498, 0.008743, 0.024429, -0.004731, 0.999690, -0.051250, 0.015373, 0.999872, 0.004356, -0.044450, 0.000000, 0.000000, 0.000000, 1.000000
