# Joint_B_Angle(deg), Cam_X(mm), Cam_Y(mm), Cam_Z(mm), Torso_X(mm), Torso_Y(mm), Torso_Z(mm), EE_X(mm), EE_Y(mm), EE_Z(mm), T_cam2marker_flat(16), T_torso2marker_flat(16), T_ee2marker_flat(16)
-14.9957, 68.0573, -2.2650, 261.1527, 332.6527, -35.5573, 259.3384, 21.9124, 41.9626, -40.4964, 0.955639, -0.292020, -0.038463, 0.068057, 0.294379, 0.942589, 0.157694, -0.002265, -0.009795, -0.162021, 0.986739, 0.261153, 0.000000, 0.000000, 0.000000, 1.000000, -0.009795, -0.162021, 0.986739, 0.332653, -0.955639, 0.292020, 0.038463, -0.035557, -0.294379, -0.942589, -0.157694, 0.259338, 0.000000, 0.000000, 0.000000, 1.000000, 0.999773, -0.003856, 0.020968, 0.021912, 0.021102, 0.038708, -0.999028, 0.041963, 0.003041, 0.999243, 0.038780, -0.040496, 0.000000, 0.000000, 0.000000, 1.000000
-14.9957, 68.0687, -2.2697, 261.2008, 332.7008, -35.5687, 259.3431, 21.9222, 41.9161, -40.5101, 0.955674, -0.291949, -0.038127, 0.068069, 0.294257, 0.942665, 0.157464, -0.002270, -0.010031, -0.161704, 0.986788, 0.261201, 0.000000, 0.000000, 0.000000, 1.000000, -0.010031, -0.161704, 0.986788, 0.332701, -0.955674, 0.291949, 0.038127, -0.035569, -0.294257, -0.942665, -0.157464, 0.259343, 0.000000, 0.000000, 0.000000, 1.000000, 0.999768, -0.003762, 0.021230, 0.021922, 0.021359, 0.038387, -0.999035, 0.041916, 0.002944, 0.999256, 0.038458, -0.040510, 0.000000, 0.000000, 0.000000, 1.000000
-14.9906, 68.0515, -2.2677, 261.1201, 332.6201, -35.5515, 259.3412, 21.9198, 41.9927, -40.4920, 0.955648, -0.291957, -0.038705, 0.068051, 0.294361, 0.942668, 0.157256, -0.002268, -0.009426, -0.161675, 0.986799, 0.261120, 0.000000, 0.000000, 0.000000, 1.000000, -0.009426, -0.161675, 0.986799, 0.332620, -0.955648, 0.291957, 0.038705, -0.035551, -0.294361, -0.942668, -0.157256, 0.259341, 0.000000, 0.000000, 0.000000, 1.000000, 0.999780, -0.003856, 0.020613, 0.021920, 0.020746, 0.038373, -0.999048, 0.041993, 0.003062, 0.999256, 0.038445, -0.040492, 0.000000, 0.000000, 0.000000, 1.000000
-14.9662, 68.0603, -2.2695, 261.1726, 332.6726, -35.5603, 259.3430, 21.9982, 41.9289, -40.4967, 0.955654, -0.292046, -0.037875, 0.068060, 0.294319, 0.942755, 0.156807, -0.002269, -0.010088, -0.161001, 0.986903, 0.261173, 0.000000, 0.000000, 0.000000, 1.000000, -0.010088, -0.161001, 0.986903, 0.332673, -0.955654, 0.292046, 0.037875, -0.035560, -0.294319, -0.942755, -0.156807, 0.259343, 0.000000, 0.000000, 0.000000, 1.000000, 0.999765, -0.004326, 0.021260, 0.021998, 0.021408, 0.037764, -0.999057, 0.041929, 0.003519, 0.999277, 0.037848, -0.040497, 0.000000, 0.000000, 0.000000, 1.000000
-14.9058, 68.0378, -2.2787, 261.2878, 332.7878, -35.5378, 259.3521, 22.1480, 41.7841, -40.4979, 0.955727, -0.291991, -0.036435, 0.068038, 0.294035, 0.942873, 0.156636, -0.002279, -0.011383, -0.160414, 0.986984, 0.261288, 0.000000, 0.000000, 0.000000, 1.000000, -0.011383, -0.160414, 0.986984, 0.332788, -0.955727, 0.291991, 0.036435, -0.035538, -0.294035, -0.942873, -0.156636, 0.259352, 0.000000, 0.000000, 0.000000, 1.000000, 0.999732, -0.005270, 0.022556, 0.022148, 0.022737, 0.037354, -0.999043, 0.041784, 0.004423, 0.999288, 0.037464, -0.040498, 0.000000, 0.000000, 0.000000, 1.000000
-14.8366, 67.9049, -2.3181, 261.2198, 332.7198, -35.4049, 259.3915, 22.2068, 41.8148, -40.4710, 0.955969, -0.291054, -0.037563, 0.067905, 0.293302, 0.943266, 0.155638, -0.002318, -0.009867, -0.159802, 0.987100, 0.261220, 0.000000, 0.000000, 0.000000, 1.000000, -0.009867, -0.159802, 0.987100, 0.332720, -0.955969, 0.291054, 0.037563, -0.035405, -0.293302, -0.943266, -0.155638, 0.259392, 0.000000, 0.000000, 0.000000, 1.000000, 0.999762, -0.005441, 0.021143, 0.022207, 0.021330, 0.036956, -0.999089, 0.041815, 0.004655, 0.999302, 0.037064, -0.040471, 0.000000, 0.000000, 0.000000, 1.000000
-14.7538, 67.7531, -2.3679, 261.2851, 332.7851, -35.2531, 259.4414, 22.2850, 41.7067, -40.4616, 0.956215, -0.290429, -0.036106, 0.067753, 0.292462, 0.943672, 0.154756, -0.002368, -0.010873, -0.158540, 0.987293, 0.261285, 0.000000, 0.000000, 0.000000, 1.000000, -0.010873, -0.158540, 0.987293, 0.332785, -0.956215, 0.290429, 0.036106, -0.035253, -0.292462, -0.943672, -0.154756, 0.259441, 0.000000, 0.000000, 0.000000, 1.000000, 0.999734, -0.006133, 0.022231, 0.022285, 0.022437, 0.035938, -0.999102, 0.041707, 0.005328, 0.999335, 0.036066, -0.040462, 0.000000, 0.000000, 0.000000, 1.000000
-14.6672, 67.5566, -2.4176, 261.3070, 332.8070, -35.0566, 259.4910, 22.3306, 41.6376, -40.4331, 0.956602, -0.289198, -0.035741, 0.067557, 0.291200, 0.944213, 0.153834, -0.002418, -0.010741, -0.157566, 0.987450, 0.261307, 0.000000, 0.000000, 0.000000, 1.000000, -0.010741, -0.157566, 0.987450, 0.332807, -0.956602, 0.289198, 0.035741, -0.035057, -0.291200, -0.944213, -0.153834, 0.259491, 0.000000, 0.000000, 0.000000, 1.000000, 0.999732, -0.006273, 0.022262, 0.022331, 0.022470, 0.035230, -0.999127, 0.041638, 0.005483, 0.999360, 0.035361, -0.040433, 0.000000, 0.000000, 0.000000, 1.000000
-14.6006, 67.2987, -2.4897, 261.2301, 332.7301, -34.7987, 259.5631, 22.2525, 41.6764, -40.4017, 0.957028, -0.287772, -0.035855, 0.067299, 0.289808, 0.944603, 0.154066, -0.002490, -0.010467, -0.157836, 0.987410, 0.261230, 0.000000, 0.000000, 0.000000, 1.000000, -0.010467, -0.157836, 0.987410, 0.332730, -0.957028, 0.287772, 0.035855, -0.034799, -0.289808, -0.944603, -0.154066, 0.259563, 0.000000, 0.000000, 0.000000, 1.000000, 0.999736, -0.005942, 0.022179, 0.022253, 0.022377, 0.035723, -0.999111, 0.041676, 0.005144, 0.999344, 0.035846, -0.040402, 0.000000, 0.000000, 0.000000, 1.000000
-14.5085, 67.0819, -2.5405, 261.2108, 332.7108, -34.5819, 259.6140, 22.2934, 41.6446, -40.3628, 0.957401, -0.286512, -0.035971, 0.067082, 0.288591, 0.945102, 0.153288, -0.002541, -0.009922, -0.157139, 0.987527, 0.261211, 0.000000, 0.000000, 0.000000, 1.000000, -0.009922, -0.157139, 0.987527, 0.332711, -0.957401, 0.286512, 0.035971, -0.034582, -0.288591, -0.945102, -0.153288, 0.259614, 0.000000, 0.000000, 0.000000, 1.000000, 0.999744, -0.006165, 0.021789, 0.022293, 0.021993, 0.035312, -0.999134, 0.041645, 0.005390, 0.999357, 0.035439, -0.040363, 0.000000, 0.000000, 0.000000, 1.000000
-14.4371, 66.8325, -2.6217, 261.1986, 332.6986, -34.3325, 259.6951, 22.2354, 41.6182, -40.3499, 0.957956, -0.284764, -0.035069, 0.066833, 0.286732, 0.945797, 0.152489, -0.002622, -0.010255, -0.156134, 0.987683, 0.261199, 0.000000, 0.000000, 0.000000, 1.000000, -0.010255, -0.156134, 0.987683, 0.332699, -0.957956, 0.284764, 0.035069, -0.034333, -0.286732, -0.945797, -0.152489, 0.259695, 0.000000, 0.000000, 0.000000, 1.000000, 0.999734, -0.005506, 0.022385, 0.022235, 0.022562, 0.034534, -0.999149, 0.041618, 0.004728, 0.999388, 0.034649, -0.040350, 0.000000, 0.000000, 0.000000, 1.000000
-14.3468, 66.5997, -2.6669, 261.1747, 332.6747, -34.0997, 259.7404, 22.2574, 41.5905, -40.3016, 0.958322, -0.283415, -0.035973, 0.066600, 0.285548, 0.946265, 0.151807, -0.002667, -0.008984, -0.155752, 0.987755, 0.261175, 0.000000, 0.000000, 0.000000, 1.000000, -0.008984, -0.155752, 0.987755, 0.332675, -0.958322, 0.283415, 0.035973, -0.034100, -0.285548, -0.946265, -0.151807, 0.259740, 0.000000, 0.000000, 0.000000, 1.000000, 0.999758, -0.005626, 0.021271, 0.022257, 0.021452, 0.034440, -0.999177, 0.041590, 0.004888, 0.999391, 0.034552, -0.040302, 0.000000, 0.000000, 0.000000, 1.000000
-14.2554, 66.3281, -2.7508, 261.0738, 332.5738, -33.8281, 259.8242, 22.2329, 41.6414, -40.2701, 0.958667, -0.282262, -0.035845, 0.066328, 0.284370, 0.946281, 0.153906, -0.002751, -0.009523, -0.157737, 0.987435, 0.261074, 0.000000, 0.000000, 0.000000, 1.000000, -0.009523, -0.157737, 0.987435, 0.332574, -0.958667, 0.282262, 0.035845, -0.033828, -0.284370, -0.946281, -0.153906, 0.259824, 0.000000, 0.000000, 0.000000, 1.000000, 0.999741, -0.006111, 0.021935, 0.022233, 0.022145, 0.036740, -0.999079, 0.041641, 0.005300, 0.999306, 0.036865, -0.040270, 0.000000, 0.000000, 0.000000, 1.000000
-14.1765, 66.1064, -2.8140, 261.1462, 332.6462, -33.6064, 259.8874, 22.2289, 41.5265, -40.2573, 0.959059, -0.281097, -0.034491, 0.066106, 0.283021, 0.946909, 0.152522, -0.002814, -0.010214, -0.156039, 0.987698, 0.261146, 0.000000, 0.000000, 0.000000, 1.000000, -0.010214, -0.156039, 0.987698, 0.332646, -0.959059, 0.281097, 0.034491, -0.033606, -0.283021, -0.946909, -0.152522, 0.259887, 0.000000, 0.000000, 0.000000, 1.000000, 0.999721, -0.006150, 0.022800, 0.022229, 0.023003, 0.035277, -0.999113, 0.041527, 0.005340, 0.999359, 0.035408, -0.040257, 0.000000, 0.000000, 0.000000, 1.000000
-14.0825, 65.8622, -2.8584, 261.0320, 332.5320, -33.3622, 259.9318, 22.2494, 41.5860, -40.1943, 0.959587, -0.278959, -0.037067, 0.065862, 0.281324, 0.947660, 0.150991, -0.002858, -0.006993, -0.155317, 0.987840, 0.261032, 0.000000, 0.000000, 0.000000, 1.000000, -0.006993, -0.155317, 0.987840, 0.332532, -0.959587, 0.278959, 0.037067, -0.033362, -0.281324, -0.947660, -0.150991, 0.259932, 0.000000, 0.000000, 0.000000, 1.000000, 0.999788, -0.005492, 0.019843, 0.022249, 0.020023, 0.034861, -0.999192, 0.041586, 0.004796, 0.999377, 0.034964, -0.040194, 0.000000, 0.000000, 0.000000, 1.000000
-13.9981, 65.6243, -2.9240, 261.0320, 332.5320, -33.1243, 259.9975, 22.2438, 41.5397, -40.1699, 0.959885, -0.278201, -0.035000, 0.065624, 0.280257, 0.948012, 0.150760, -0.002924, -0.008761, -0.154521, 0.987951, 0.261032, 0.000000, 0.000000, 0.000000, 1.000000, -0.008761, -0.154521, 0.987951, 0.332532, -0.959885, 0.278201, 0.035000, -0.033124, -0.280257, -0.948012, -0.150760, 0.259997, 0.000000, 0.000000, 0.000000, 1.000000, 0.999746, -0.006104, 0.021715, 0.022244, 0.021912, 0.034323, -0.999171, 0.041540, 0.005354, 0.999392, 0.034448, -0.040170, 0.000000, 0.000000, 0.000000, 1.000000
-13.9159, 65.3585, -2.9983, 261.0096, 332.5096, -32.8585, 260.0718, 22.2021, 41.5167, -40.1445, 0.960294, -0.276902, -0.034079, 0.065359, 0.278810, 0.948090, 0.152939, -0.002998, -0.010039, -0.156368, 0.987648, 0.261010, 0.000000, 0.000000, 0.000000, 1.000000, -0.010039, -0.156368, 0.987648, 0.332510, -0.960294, 0.276902, 0.034079, -0.032859, -0.278810, -0.948090, -0.152939, 0.260072, 0.000000, 0.000000, 0.000000, 1.000000, 0.999712, -0.006272, 0.023156, 0.022202, 0.023370, 0.036456, -0.999062, 0.041517, 0.005422, 0.999316, 0.036592, -0.040144, 0.000000, 0.000000, 0.000000, 1.000000
-13.8469, 65.1194, -3.0529, 260.9231, 332.4231, -32.6194, 260.1264, 22.1531, 41.5627, -40.1035, 0.960640, -0.275499, -0.035649, 0.065119, 0.277687, 0.948739, 0.150945, -0.003053, -0.007764, -0.154903, 0.987899, 0.260923, 0.000000, 0.000000, 0.000000, 1.000000, -0.007764, -0.154903, 0.987899, 0.332423, -0.960640, 0.275499, 0.035649, -0.032619, -0.277687, -0.948739, -0.150945, 0.260126, 0.000000, 0.000000, 0.000000, 1.000000, 0.999761, -0.005910, 0.021059, 0.022153, 0.021255, 0.035204, -0.999154, 0.041563, 0.005163, 0.999363, 0.035321, -0.040104, 0.000000, 0.000000, 0.000000, 1.000000
-13.7516, 64.8707, -3.1307, 260.8274, 332.3274, -32.3707, 260.2042, 22.1637, 41.6068, -40.0747, 0.961116, -0.273777, -0.036083, 0.064871, 0.276050, 0.949132, 0.151473, -0.003131, -0.007223, -0.155544, 0.987803, 0.260827, 0.000000, 0.000000, 0.000000, 1.000000, -0.007223, -0.155544, 0.987803, 0.332327, -0.961116, 0.273777, 0.036083, -0.032371, -0.276050, -0.949132, -0.151473, 0.260204, 0.000000, 0.000000, 0.000000, 1.000000, 0.999768, -0.005793, 0.020727, 0.022164, 0.020923, 0.036165, -0.999127, 0.041607, 0.005039, 0.999329, 0.036278, -0.040075, 0.000000, 0.000000, 0.000000, 1.000000
-13.6578, 64.6456, -3.1940, 260.8673, 332.3673, -32.1456, 260.2675, 22.1981, 41.5166, -40.0554, 0.961463, -0.272579, -0.035906, 0.064646, 0.274855, 0.949836, 0.149217, -0.003194, -0.006569, -0.153336, 0.988152, 0.260867, 0.000000, 0.000000, 0.000000, 1.000000, -0.006569, -0.153336, 0.988152, 0.332367, -0.961463, 0.272579, 0.035906, -0.032146, -0.274855, -0.949836, -0.149217, 0.260267, 0.000000, 0.000000, 0.000000, 1.000000, 0.999777, -0.006029, 0.020237, 0.022198, 0.020432, 0.034235, -0.999205, 0.041517, 0.005331, 0.999396, 0.034350, -0.040055, 0.000000, 0.000000, 0.000000, 1.000000
-13.5776, 64.3731, -3.2534, 260.6863, 332.1863, -31.8731, 260.3268, 22.1461, 41.6499, -39.9972, 0.961813, -0.271352, -0.035828, 0.064373, 0.273623, 0.949994, 0.150472, -0.003253, -0.006795, -0.154530, 0.987965, 0.260686, 0.000000, 0.000000, 0.000000, 1.000000, -0.006795, -0.154530, 0.987965, 0.332186, -0.961813, 0.271352, 0.035828, -0.031873, -0.273623, -0.949994, -0.150472, 0.260327, 0.000000, 0.000000, 0.000000, 1.000000, 0.999769, -0.006200, 0.020602, 0.022146, 0.020810, 0.035702, -0.999146, 0.041650, 0.005459, 0.999343, 0.035823, -0.039997, 0.000000, 0.000000, 0.000000, 1.000000
-13.4985, 64.1419, -3.3089, 260.7584, 332.2584, -31.6419, 260.3824, 22.1351, 41.5341, -39.9771, 0.962244, -0.269883, -0.035361, 0.064142, 0.272104, 0.950530, 0.149841, -0.003309, -0.006828, -0.153805, 0.988078, 0.260758, 0.000000, 0.000000, 0.000000, 1.000000, -0.006828, -0.153805, 0.988078, 0.332258, -0.962244, 0.269883, 0.035361, -0.031642, -0.272104, -0.950530, -0.149841, 0.260382, 0.000000, 0.000000, 0.000000, 1.000000, 0.999765, -0.005989, 0.020842, 0.022135, 0.021040, 0.035231, -0.999158, 0.041534, 0.005250, 0.999361, 0.035349, -0.039977, 0.000000, 0.000000, 0.000000, 1.000000
-13.4172, 63.9377, -3.3646, 260.7927, 332.2927, -31.4377, 260.4381, 22.1563, 41.4557, -39.9596, 0.962692, -0.268308, -0.035134, 0.063938, 0.270519, 0.951124, 0.148939, -0.003365, -0.006544, -0.152887, 0.988222, 0.260793, 0.000000, 0.000000, 0.000000, 1.000000, -0.006544, -0.152887, 0.988222, 0.332293, -0.962692, 0.268308, 0.035134, -0.031438, -0.270519, -0.951124, -0.148939, 0.260438, 0.000000, 0.000000, 0.000000, 1.000000, 0.999768, -0.005695, 0.020763, 0.022156, 0.020948, 0.034573, -0.999183, 0.041456, 0.004973, 0.999386, 0.034684, -0.039960, 0.000000, 0.000000, 0.000000, 1.000000
-13.3218, 63.6714, -3.4156, 260.6316, 332.1316, -31.1714, 260.4890, 22.1555, 41.5611, -39.8947, 0.963107, -0.266678, -0.036168, 0.063671, 0.269067, 0.951542, 0.148897, -0.003416, -0.005292, -0.153136, 0.988191, 0.260632, 0.000000, 0.000000, 0.000000, 1.000000, -0.005292, -0.153136, 0.988191, 0.332132, -0.963107, 0.266678, 0.036168, -0.031171, -0.269067, -0.951542, -0.148897, 0.260489, 0.000000, 0.000000, 0.000000, 1.000000, 0.999790, -0.005655, 0.019705, 0.022155, 0.019892, 0.035138, -0.999184, 0.041561, 0.004958, 0.999366, 0.035243, -0.039895, 0.000000, 0.000000, 0.000000, 1.000000
-13.2458, 63.4434, -3.5020, 260.7544, 332.2544, -30.9434, 260.5754, 22.1315, 41.3999, -39.9128, 0.963435, -0.266065, -0.031658, 0.063443, 0.267753, 0.951575, 0.151043, -0.003502, -0.010062, -0.153996, 0.988020, 0.260754, 0.000000, 0.000000, 0.000000, 1.000000, -0.010062, -0.153996, 0.988020, 0.332254, -0.963435, 0.266065, 0.031658, -0.030943, -0.267753, -0.951575, -0.151043, 0.260575, 0.000000, 0.000000, 0.000000, 1.000000, 0.999678, -0.006374, 0.024574, 0.022132, 0.024789, 0.036248, -0.999035, 0.041400, 0.005478, 0.999323, 0.036394, -0.039913, 0.000000, 0.000000, 0.000000, 1.000000
-13.1596, 63.1886, -3.5519, 260.7104, 332.2104, -30.6886, 260.6253, 22.1177, 41.3940, -39.8670, 0.963909, -0.263912, -0.035062, 0.063189, 0.266174, 0.952600, 0.147325, -0.003552, -0.005481, -0.151341, 0.988466, 0.260710, 0.000000, 0.000000, 0.000000, 1.000000, -0.005481, -0.151341, 0.988466, 0.332210, -0.963909, 0.263912, 0.035062, -0.030689, -0.266174, -0.952600, -0.147325, 0.260625, 0.000000, 0.000000, 0.000000, 1.000000, 0.999780, -0.005466, 0.020263, 0.022118, 0.020437, 0.033859, -0.999218, 0.041394, 0.004775, 0.999412, 0.033963, -0.039867, 0.000000, 0.000000, 0.000000, 1.000000
-13.0904, 62.9321, -3.6031, 260.5437, 332.0437, -30.4321, 260.6765, 22.0513, 41.5187, -39.8123, 0.964113, -0.263241, -0.034507, 0.062932, 0.265409, 0.952351, 0.150287, -0.003603, -0.006699, -0.154052, 0.988040, 0.260544, 0.000000, 0.000000, 0.000000, 1.000000, -0.006699, -0.154052, 0.988040, 0.332044, -0.964113, 0.263241, 0.034507, -0.030432, -0.265409, -0.952351, -0.150287, 0.260677, 0.000000, 0.000000, 0.000000, 1.000000, 0.999749, -0.006116, 0.021537, 0.022051, 0.021748, 0.036819, -0.999085, 0.041519, 0.005317, 0.999303, 0.036943, -0.039812, 0.000000, 0.000000, 0.000000, 1.000000
-12.9959, 62.7198, -3.6624, 260.5330, 332.0330, -30.2198, 260.7358, 22.1002, 41.4785, -39.7891, 0.964429, -0.262028, -0.034902, 0.062720, 0.264281, 0.952907, 0.148742, -0.003662, -0.005716, -0.152675, 0.988260, 0.260533, 0.000000, 0.000000, 0.000000, 1.000000, -0.005716, -0.152675, 0.988260, 0.332033, -0.964429, 0.262028, 0.034902, -0.030220, -0.264281, -0.952907, -0.148742, 0.260736, 0.000000, 0.000000, 0.000000, 1.000000, 0.999765, -0.006401, 0.020696, 0.022100, 0.020911, 0.035732, -0.999143, 0.041479, 0.005656, 0.999341, 0.035858, -0.039789, 0.000000, 0.000000, 0.000000, 1.000000
-12.9030, 62.4664, -3.7246, 260.5772, 332.0772, -29.9664, 260.7981, 22.1050, 41.3831, -39.7652, 0.964911, -0.260368, -0.034002, 0.062466, 0.262506, 0.953489, 0.148154, -0.003725, -0.006154, -0.151882, 0.988380, 0.260577, 0.000000, 0.000000, 0.000000, 1.000000, -0.006154, -0.151882, 0.988380, 0.332077, -0.964911, 0.260368, 0.034002, -0.029966, -0.262506, -0.953489, -0.148154, 0.260798, 0.000000, 0.000000, 0.000000, 1.000000, 0.999753, -0.006230, 0.021356, 0.022105, 0.021562, 0.035239, -0.999146, 0.041383, 0.005472, 0.999360, 0.035364, -0.039765, 0.000000, 0.000000, 0.000000, 1.000000
-12.8230, 62.2058, -3.7815, 260.4517, 331.9517, -29.7058, 260.8550, 22.0645, 41.4618, -39.7183, 0.965173, -0.259339, -0.034420, 0.062206, 0.261551, 0.953709, 0.148424, -0.003782, -0.005666, -0.152257, 0.988325, 0.260452, 0.000000, 0.000000, 0.000000, 1.000000, -0.005666, -0.152257, 0.988325, 0.331952, -0.965173, 0.259339, 0.034420, -0.029706, -0.261551, -0.953709, -0.148424, 0.260855, 0.000000, 0.000000, 0.000000, 1.000000, 0.999759, -0.006559, 0.020973, 0.022065, 0.021195, 0.035878, -0.999131, 0.041462, 0.005801, 0.999335, 0.036008, -0.039718, 0.000000, 0.000000, 0.000000, 1.000000
-12.7556, 61.9522, -3.8424, 260.3210, 331.8210, -29.4522, 260.9159, 21.9940, 41.5527, -39.6800, 0.965695, -0.257086, -0.036610, 0.061952, 0.259659, 0.954180, 0.148721, -0.003842, -0.003301, -0.153125, 0.988201, 0.260321, 0.000000, 0.000000, 0.000000, 1.000000, -0.003301, -0.153125, 0.988201, 0.331821, -0.965695, 0.257086, 0.036610, -0.029452, -0.259659, -0.954180, -0.148721, 0.260916, 0.000000, 0.000000, 0.000000, 1.000000, 0.999807, -0.005434, 0.018889, 0.021994, 0.019077, 0.036995, -0.999133, 0.041553, 0.004731, 0.999301, 0.037092, -0.039680, 0.000000, 0.000000, 0.000000, 1.000000
-12.6584, 61.7473, -3.9001, 260.4895, 331.9895, -29.2473, 260.9736, 22.0603, 41.3336, -39.6787, 0.966038, -0.256188, -0.033739, 0.061747, 0.258344, 0.954847, 0.146713, -0.003900, -0.005370, -0.150446, 0.988604, 0.260490, 0.000000, 0.000000, 0.000000, 1.000000, -0.005370, -0.150446, 0.988604, 0.331990, -0.966038, 0.256188, 0.033739, -0.029247, -0.258344, -0.954847, -0.146713, 0.260974, 0.000000, 0.000000, 0.000000, 1.000000, 0.999759, -0.006020, 0.021103, 0.022060, 0.021299, 0.034598, -0.999174, 0.041334, 0.005285, 0.999383, 0.034718, -0.039679, 0.000000, 0.000000, 0.000000, 1.000000
-12.5815, 61.4552, -3.9662, 260.3213, 331.8213, -28.9552, 261.0397, 21.9777, 41.4557, -39.6298, 0.966435, -0.254601, -0.034379, 0.061455, 0.256867, 0.955076, 0.147812, -0.003966, -0.004798, -0.151682, 0.988418, 0.260321, 0.000000, 0.000000, 0.000000, 1.000000, -0.004798, -0.151682, 0.988418, 0.331821, -0.966435, 0.254601, 0.034379, -0.028955, -0.256867, -0.955076, -0.147812, 0.261040, 0.000000, 0.000000, 0.000000, 1.000000, 0.999769, -0.005768, 0.020707, 0.021978, 0.020902, 0.036106, -0.999129, 0.041456, 0.005016, 0.999331, 0.036218, -0.039630, 0.000000, 0.000000, 0.000000, 1.000000
-12.4939, 61.2363, -3.9963, 260.3280, 331.8280, -28.7363, 261.0698, 22.0082, 41.3983, -39.5826, 0.966803, -0.253019, -0.035686, 0.061236, 0.255509, 0.955813, 0.145385, -0.003996, -0.002677, -0.149677, 0.988731, 0.260328, 0.000000, 0.000000, 0.000000, 1.000000, -0.002677, -0.149677, 0.988731, 0.331828, -0.966803, 0.253019, 0.035686, -0.028736, -0.255509, -0.955813, -0.145385, 0.261070, 0.000000, 0.000000, 0.000000, 1.000000, 0.999808, -0.005524, 0.018780, 0.022008, 0.018959, 0.034373, -0.999229, 0.041398, 0.004874, 0.999394, 0.034471, -0.039583, 0.000000, 0.000000, 0.000000, 1.000000
-12.4077, 60.9889, -4.0650, 260.3418, 331.8418, -28.4889, 261.1385, 21.9966, 41.3376, -39.5670, 0.967269, -0.251328, -0.035008, 0.060989, 0.253740, 0.956480, 0.144090, -0.004065, -0.002729, -0.148257, 0.988945, 0.260342, 0.000000, 0.000000, 0.000000, 1.000000, -0.002729, -0.148257, 0.988945, 0.331842, -0.967269, 0.251328, 0.035008, -0.028489, -0.253740, -0.956480, -0.144090, 0.261138, 0.000000, 0.000000, 0.000000, 1.000000, 0.999805, -0.005175, 0.019069, 0.021997, 0.019231, 0.033228, -0.999263, 0.041338, 0.004538, 0.999434, 0.033321, -0.039567, 0.000000, 0.000000, 0.000000, 1.000000
-12.3311, 60.7405, -4.1287, 260.1935, 331.6935, -28.2405, 261.2021, 21.9561, 41.4419, -39.5304, 0.967461, -0.250487, -0.035723, 0.060741, 0.253012, 0.956509, 0.145177, -0.004129, -0.002195, -0.149491, 0.988761, 0.260194, 0.000000, 0.000000, 0.000000, 1.000000, -0.002195, -0.149491, 0.988761, 0.331694, -0.967461, 0.250487, 0.035723, -0.028241, -0.253012, -0.956509, -0.145177, 0.261202, 0.000000, 0.000000, 0.000000, 1.000000, 0.999811, -0.005692, 0.018602, 0.021956, 0.018789, 0.034722, -0.999220, 0.041442, 0.005042, 0.999381, 0.034822, -0.039530, 0.000000, 0.000000, 0.000000, 1.000000
-12.2364, 60.4856, -4.1737, 260.1685, 331.6685, -27.9856, 261.2471, 21.9672, 41.4125, -39.4843, 0.967913, -0.248651, -0.036299, 0.060486, 0.251283, 0.956991, 0.144998, -0.004174, -0.001316, -0.149466, 0.988766, 0.260169, 0.000000, 0.000000, 0.000000, 1.000000, -0.001316, -0.149466, 0.988766, 0.331669, -0.967913, 0.248651, 0.036299, -0.027986, -0.251283, -0.956991, -0.144998, 0.261247, 0.000000, 0.000000, 0.000000, 1.000000, 0.999824, -0.005420, 0.017943, 0.021967, 0.018122, 0.035015, -0.999222, 0.041412, 0.004788, 0.999372, 0.035108, -0.039484, 0.000000, 0.000000, 0.000000, 1.000000
-12.1480, 60.2603, -4.2530, 260.2559, 331.7559, -27.7603, 261.3264, 21.9822, 41.2796, -39.4933, 0.968223, -0.247803, -0.033729, 0.060260, 0.250066, 0.957511, 0.143664, -0.004253, -0.003305, -0.147533, 0.989052, 0.260256, 0.000000, 0.000000, 0.000000, 1.000000, -0.003305, -0.147533, 0.989052, 0.331756, -0.968223, 0.247803, 0.033729, -0.027760, -0.250066, -0.957511, -0.143664, 0.261326, 0.000000, 0.000000, 0.000000, 1.000000, 0.999781, -0.005954, 0.020055, 0.021982, 0.020243, 0.033346, -0.999239, 0.041280, 0.005280, 0.999426, 0.033459, -0.039493, 0.000000, 0.000000, 0.000000, 1.000000
-12.0652, 60.0057, -4.2972, 260.1323, 331.6323, -27.5057, 261.3707, 21.9578, 41.3542, -39.4391, 0.968699, -0.245553, -0.036408, 0.060006, 0.248237, 0.957987, 0.143664, -0.004297, -0.000399, -0.148206, 0.988957, 0.260132, 0.000000, 0.000000, 0.000000, 1.000000, -0.000399, -0.148206, 0.988957, 0.331632, -0.968699, 0.245553, 0.036408, -0.027506, -0.248237, -0.957987, -0.143664, 0.261371, 0.000000, 0.000000, 0.000000, 1.000000, 0.999835, -0.005091, 0.017416, 0.021958, 0.017581, 0.034316, -0.999256, 0.041354, 0.004490, 0.999398, 0.034399, -0.039439, 0.000000, 0.000000, 0.000000, 1.000000
-11.9938, 59.7589, -4.3426, 260.0875, 331.5875, -27.2589, 261.4161, 21.9098, 41.3565, -39.4001, 0.968942, -0.244950, -0.033913, 0.059759, 0.247271, 0.958169, 0.144118, -0.004343, -0.002807, -0.148028, 0.988979, 0.260088, 0.000000, 0.000000, 0.000000, 1.000000, -0.002807, -0.148028, 0.988979, 0.331588, -0.968942, 0.244950, 0.033913, -0.027259, -0.247271, -0.958169, -0.144118, 0.261416, 0.000000, 0.000000, 0.000000, 1.000000, 0.999786, -0.005686, 0.019904, 0.021910, 0.020088, 0.034363, -0.999207, 0.041357, 0.004998, 0.999393, 0.034470, -0.039400, 0.000000, 0.000000, 0.000000, 1.000000
-11.9048, 59.4933, -4.3944, 260.0387, 331.5387, -26.9933, 261.4678, 21.8920, 41.3539, -39.3583, 0.969286, -0.243447, -0.034916, 0.059493, 0.245934, 0.958638, 0.143285, -0.004394, -0.001411, -0.147471, 0.989065, 0.260039, 0.000000, 0.000000, 0.000000, 1.000000, -0.001411, -0.147471, 0.989065, 0.331539, -0.969286, 0.243447, 0.034916, -0.026993, -0.245934, -0.958638, -0.143285, 0.261468, 0.000000, 0.000000, 0.000000, 1.000000, 0.999810, -0.005632, 0.018678, 0.021892, 0.018859, 0.034098, -0.999241, 0.041354, 0.004991, 0.999403, 0.034198, -0.039358, 0.000000, 0.000000, 0.000000, 1.000000
-11.8160, 59.2953, -4.4387, 260.0263, 331.5263, -26.7953, 261.5121, 21.9413, 41.3175, -39.3300, 0.969677, -0.241898, -0.034811, 0.059295, 0.244385, 0.958816, 0.144736, -0.004439, -0.001633, -0.148854, 0.988858, 0.260026, 0.000000, 0.000000, 0.000000, 1.000000, -0.001633, -0.148854, 0.988858, 0.331526, -0.969677, 0.241898, 0.034811, -0.026795, -0.244385, -0.958816, -0.144736, 0.261512, 0.000000, 0.000000, 0.000000, 1.000000, 0.999802, -0.005637, 0.019073, 0.021941, 0.019263, 0.035792, -0.999174, 0.041317, 0.004950, 0.999343, 0.035893, -0.039330, 0.000000, 0.000000, 0.000000, 1.000000
-11.7336, 59.0401, -4.5025, 259.9910, 331.4910, -26.5401, 261.5759, 21.9120, 41.3065, -39.3062, 0.970067, -0.240506, -0.033580, 0.059040, 0.242826, 0.959249, 0.144488, -0.004502, -0.002539, -0.148317, 0.988937, 0.259991, 0.000000, 0.000000, 0.000000, 1.000000, -0.002539, -0.148317, 0.988937, 0.331491, -0.970067, 0.240506, 0.033580, -0.026540, -0.242826, -0.959249, -0.144488, 0.261576, 0.000000, 0.000000, 0.000000, 1.000000, 0.999781, -0.005587, 0.020160, 0.021912, 0.020346, 0.035525, -0.999162, 0.041307, 0.004866, 0.999353, 0.035631, -0.039306, 0.000000, 0.000000, 0.000000, 1.000000
-11.6411, 58.8078, -4.5370, 259.9999, 331.4999, -26.3078, 261.6105, 21.9413, 41.2445, -39.2624, 0.970288, -0.239394, -0.035088, 0.058808, 0.241951, 0.959966, 0.141158, -0.004537, -0.000109, -0.145454, 0.989365, 0.260000, 0.000000, 0.000000, 0.000000, 1.000000, -0.000109, -0.145454, 0.989365, 0.331500, -0.970288, 0.239394, 0.035088, -0.026308, -0.241951, -0.959966, -0.141158, 0.261610, 0.000000, 0.000000, 0.000000, 1.000000, 0.999823, -0.005872, 0.017852, 0.021941, 0.018036, 0.032935, -0.999295, 0.041244, 0.005280, 0.999440, 0.033035, -0.039262, 0.000000, 0.000000, 0.000000, 1.000000
-11.5682, 58.5726, -4.6100, 259.9603, 331.4603, -26.0726, 261.6834, 21.9018, 41.2445, -39.2549, 0.970705, -0.238030, -0.032758, 0.058573, 0.240259, 0.960072, 0.143308, -0.004610, -0.002662, -0.146980, 0.989136, 0.259960, 0.000000, 0.000000, 0.000000, 1.000000, -0.002662, -0.146980, 0.989136, 0.331460, -0.970705, 0.238030, 0.032758, -0.026073, -0.240259, -0.960072, -0.143308, 0.261683, 0.000000, 0.000000, 0.000000, 1.000000, 0.999771, -0.005804, 0.020587, 0.021902, 0.020776, 0.034722, -0.999181, 0.041245, 0.005085, 0.999380, 0.034835, -0.039255, 0.000000, 0.000000, 0.000000, 1.000000
-11.4921, 58.3487, -4.6469, 259.9765, 331.4765, -25.8487, 261.7204, 21.8919, 41.1841, -39.2210, 0.971075, -0.236320, -0.034149, 0.058349, 0.238773, 0.960715, 0.141474, -0.004647, -0.000625, -0.145536, 0.989353, 0.259977, 0.000000, 0.000000, 0.000000, 1.000000, -0.000625, -0.145536, 0.989353, 0.331477, -0.971075, 0.236320, 0.034149, -0.025849, -0.238773, -0.960715, -0.141474, 0.261720, 0.000000, 0.000000, 0.000000, 1.000000, 0.999810, -0.005270, 0.018760, 0.021892, 0.018926, 0.033526, -0.999259, 0.041184, 0.004637, 0.999424, 0.033620, -0.039221, 0.000000, 0.000000, 0.000000, 1.000000
-11.4014, 58.0728, -4.6883, 259.9325, 331.4325, -25.5728, 261.7617, 21.8710, 41.1745, -39.1692, 0.971312, -0.235308, -0.034394, 0.058073, 0.237808, 0.960962, 0.141418, -0.004688, -0.000226, -0.145540, 0.989352, 0.259932, 0.000000, 0.000000, 0.000000, 1.000000, -0.000226, -0.145540, 0.989352, 0.331432, -0.971312, 0.235308, 0.034394, -0.025573, -0.237808, -0.960962, -0.141418, 0.261762, 0.000000, 0.000000, 0.000000, 1.000000, 0.999813, -0.005787, 0.018457, 0.021871, 0.018642, 0.033825, -0.999254, 0.041174, 0.005159, 0.999411, 0.033926, -0.039169, 0.000000, 0.000000, 0.000000, 1.000000
-11.3355, 57.8105, -4.7527, 259.7577, 331.2577, -25.3105, 261.8262, 21.7849, 41.3101, -39.1349, 0.971646, -0.233634, -0.036327, 0.057810, 0.236432, 0.961449, 0.140414, -0.004753, 0.002121, -0.145021, 0.989426, 0.259758, 0.000000, 0.000000, 0.000000, 1.000000, 0.002121, -0.145021, 0.989426, 0.331258, -0.971646, 0.233634, 0.036327, -0.025310, -0.236432, -0.961449, -0.140414, 0.261826, 0.000000, 0.000000, 0.000000, 1.000000, 0.999854, -0.005169, 0.016305, 0.021785, 0.016470, 0.033533, -0.999302, 0.041310, 0.004619, 0.999424, 0.033613, -0.039135, 0.000000, 0.000000, 0.000000, 1.000000
-11.2423, 57.5695, -4.8173, 259.7321, 331.2321, -25.0695, 261.8908, 21.7996, 41.2848, -39.1160, 0.972004, -0.232463, -0.034182, 0.057570, 0.234962, 0.961436, 0.142949, -0.004817, -0.000367, -0.146978, 0.989140, 0.259732, 0.000000, 0.000000, 0.000000, 1.000000, -0.000367, -0.146978, 0.989140, 0.331232, -0.972004, 0.232463, 0.034182, -0.025070, -0.234962, -0.961436, -0.142949, 0.261891, 0.000000, 0.000000, 0.000000, 1.000000, 0.999805, -0.005671, 0.018921, 0.021800, 0.019112, 0.035814, -0.999176, 0.041285, 0.004988, 0.999342, 0.035915, -0.039116, 0.000000, 0.000000, 0.000000, 1.000000
-11.1516, 57.3728, -4.8537, 259.7702, 331.2702, -24.8728, 261.9271, 21.8580, 41.1967, -39.0878, 0.972420, -0.230373, -0.036441, 0.057373, 0.233213, 0.962647, 0.137558, -0.004854, 0.003390, -0.142262, 0.989823, 0.259770, 0.000000, 0.000000, 0.000000, 1.000000, 0.003390, -0.142262, 0.989823, 0.331270, -0.972420, 0.230373, 0.036441, -0.024873, -0.233213, -0.962647, -0.137558, 0.261927, 0.000000, 0.000000, 0.000000, 1.000000, 0.999869, -0.004826, 0.015444, 0.021858, 0.015588, 0.031370, -0.999386, 0.041197, 0.004338, 0.999496, 0.031441, -0.039088, 0.000000, 0.000000, 0.000000, 1.000000
-11.0714, 57.0987, -4.9028, 259.6835, 331.1835, -24.5987, 261.9763, 21.8059, 41.2357, -39.0436, 0.972680, -0.229549, -0.034643, 0.057099, 0.232146, 0.962426, 0.140871, -0.004903, 0.001005, -0.145065, 0.989422, 0.259683, 0.000000, 0.000000, 0.000000, 1.000000, 0.001005, -0.145065, 0.989422, 0.331183, -0.972680, 0.229549, 0.034643, -0.024599, -0.232146, -0.962426, -0.140871, 0.261976, 0.000000, 0.000000, 0.000000, 1.000000, 0.999825, -0.005507, 0.017902, 0.021806, 0.018081, 0.034458, -0.999243, 0.041236, 0.004886, 0.999391, 0.034551, -0.039044, 0.000000, 0.000000, 0.000000, 1.000000
-10.9780, 56.8582, -4.9694, 259.6582, 331.1582, -24.3582, 262.0428, 21.8212, 41.2102, -39.0279, 0.972961, -0.228358, -0.034636, 0.056858, 0.230967, 0.962688, 0.141016, -0.004969, 0.001142, -0.145203, 0.989401, 0.259658, 0.000000, 0.000000, 0.000000, 1.000000, 0.001142, -0.145203, 0.989401, 0.331158, -0.972961, 0.228358, 0.034636, -0.024358, -0.230967, -0.962688, -0.141016, 0.262043, 0.000000, 0.000000, 0.000000, 1.000000, 0.999823, -0.005895, 0.017885, 0.021821, 0.018081, 0.034904, -0.999227, 0.041210, 0.005266, 0.999373, 0.035004, -0.039028, 0.000000, 0.000000, 0.000000, 1.000000
-10.8962, 56.6144, -5.0090, 259.5961, 331.0961, -24.1144, 262.0825, 21.8053, 41.2245, -38.9844, 0.973364, -0.226660, -0.034461, 0.056614, 0.229260, 0.963162, 0.140562, -0.005009, 0.001332, -0.144719, 0.989472, 0.259596, 0.000000, 0.000000, 0.000000, 1.000000, 0.001332, -0.144719, 0.989472, 0.331096, -0.973364, 0.226660, 0.034461, -0.024114, -0.229260, -0.963162, -0.140562, 0.262082, 0.000000, 0.000000, 0.000000, 1.000000, 0.999824, -0.005528, 0.017913, 0.021805, 0.018094, 0.034696, -0.999234, 0.041224, 0.004902, 0.999383, 0.034790, -0.038984, 0.000000, 0.000000, 0.000000, 1.000000
-10.8191, 56.3732, -5.0589, 259.5988, 331.0988, -23.8732, 262.1324, 21.7779, 41.1776, -38.9602, 0.973651, -0.225548, -0.033652, 0.056373, 0.228042, 0.963611, 0.139465, -0.005059, 0.000971, -0.143465, 0.989655, 0.259599, 0.000000, 0.000000, 0.000000, 1.000000, 0.000971, -0.143465, 0.989655, 0.331099, -0.973651, 0.225548, 0.033652, -0.023873, -0.228042, -0.963611, -0.139465, 0.262132, 0.000000, 0.000000, 0.000000, 1.000000, 0.999815, -0.005643, 0.018412, 0.021778, 0.018592, 0.033687, -0.999259, 0.041178, 0.005019, 0.999417, 0.033786, -0.038960, 0.000000, 0.000000, 0.000000, 1.000000
-10.7354, 56.0938, -5.1172, 259.4285, 330.9285, -23.5938, 262.1906, 21.7264, 41.2988, -38.9154, 0.973958, -0.223825, -0.036157, 0.056094, 0.226697, 0.963967, 0.139201, -0.005117, 0.003697, -0.143772, 0.989604, 0.259428, 0.000000, 0.000000, 0.000000, 1.000000, 0.003697, -0.143772, 0.989604, 0.330928, -0.973958, 0.223825, 0.036157, -0.023594, -0.226697, -0.963967, -0.139201, 0.262191, 0.000000, 0.000000, 0.000000, 1.000000, 0.999860, -0.005330, 0.015869, 0.021726, 0.016043, 0.034286, -0.999283, 0.041299, 0.004782, 0.999398, 0.034367, -0.038915, 0.000000, 0.000000, 0.000000, 1.000000
-10.6484, 55.8629, -5.1624, 259.4530, 330.9530, -23.3629, 262.2358, 21.7386, 41.2259, -38.8894, 0.974255, -0.222579, -0.035851, 0.055863, 0.225410, 0.964601, 0.136875, -0.005162, 0.004116, -0.141433, 0.989939, 0.259453, 0.000000, 0.000000, 0.000000, 1.000000, 0.004116, -0.141433, 0.989939, 0.330953, -0.974255, 0.222579, 0.035851, -0.023363, -0.225410, -0.964601, -0.136875, 0.262236, 0.000000, 0.000000, 0.000000, 1.000000, 0.999864, -0.005422, 0.015605, 0.021739, 0.015772, 0.032211, -0.999357, 0.041226, 0.004916, 0.999466, 0.032292, -0.038889, 0.000000, 0.000000, 0.000000, 1.000000
-10.5706, 55.5832, -5.2235, 259.3181, 330.8181, -23.0832, 262.2970, 21.6705, 41.3148, -38.8537, 0.974581, -0.221242, -0.035273, 0.055583, 0.224014, 0.964510, 0.139776, -0.005224, 0.003097, -0.144124, 0.989555, 0.259318, 0.000000, 0.000000, 0.000000, 1.000000, 0.003097, -0.144124, 0.989555, 0.330818, -0.974581, 0.221242, 0.035273, -0.023083, -0.224014, -0.964510, -0.139776, 0.262297, 0.000000, 0.000000, 0.000000, 1.000000, 0.999844, -0.005529, 0.016750, 0.021671, 0.016935, 0.035190, -0.999237, 0.041315, 0.004935, 0.999365, 0.035278, -0.038854, 0.000000, 0.000000, 0.000000, 1.000000
-10.4726, 55.3883, -5.2491, 259.3440, 330.8440, -22.8883, 262.3225, 21.7528, 41.2342, -38.8147, 0.974853, -0.219848, -0.036441, 0.055388, 0.222796, 0.965023, 0.138177, -0.005249, 0.004788, -0.142822, 0.989737, 0.259344, 0.000000, 0.000000, 0.000000, 1.000000, 0.004788, -0.142822, 0.989737, 0.330844, -0.974853, 0.219848, 0.036441, -0.022888, -0.222796, -0.965023, -0.138177, 0.262323, 0.000000, 0.000000, 0.000000, 1.000000, 0.999868, -0.005713, 0.015213, 0.021753, 0.015400, 0.034201, -0.999296, 0.041234, 0.005189, 0.999399, 0.034285, -0.038815, 0.000000, 0.000000, 0.000000, 1.000000
-10.3931, 55.1338, -5.3127, 259.4504, 330.9504, -22.6338, 262.3861, 21.7186, 41.0838, -38.8134, 0.975290, -0.218307, -0.033931, 0.055134, 0.220910, 0.965617, 0.137050, -0.005313, 0.002846, -0.141159, 0.989983, 0.259450, 0.000000, 0.000000, 0.000000, 1.000000, 0.002846, -0.141159, 0.989983, 0.330950, -0.975290, 0.218307, 0.033931, -0.022634, -0.220910, -0.965617, -0.137050, 0.262386, 0.000000, 0.000000, 0.000000, 1.000000, 0.999835, -0.005412, 0.017366, 0.021719, 0.017534, 0.032797, -0.999308, 0.041084, 0.004839, 0.999447, 0.032887, -0.038813, 0.000000, 0.000000, 0.000000, 1.000000
-10.3214, 54.9012, -5.3538, 259.3948, 330.8948, -22.4012, 262.4273, 21.6842, 41.0974, -38.7798, 0.975582, -0.217108, -0.033241, 0.054901, 0.219625, 0.965938, 0.136853, -0.005354, 0.002397, -0.140811, 0.990034, 0.259395, 0.000000, 0.000000, 0.000000, 1.000000, 0.002397, -0.140811, 0.990034, 0.330895, -0.975582, 0.217108, 0.033241, -0.022401, -0.219625, -0.965938, -0.136853, 0.262427, 0.000000, 0.000000, 0.000000, 1.000000, 0.999824, -0.005395, 0.017965, 0.021684, 0.018132, 0.032689, -0.999301, 0.041097, 0.004804, 0.999451, 0.032781, -0.038780, 0.000000, 0.000000, 0.000000, 1.000000
-10.2331, 54.5908, -5.4197, 259.1963, 330.6963, -22.0908, 262.4931, 21.6131, 41.2435, -38.7345, 0.975958, -0.215252, -0.034230, 0.054591, 0.217932, 0.966097, 0.138429, -0.005420, 0.003272, -0.142561, 0.989781, 0.259196, 0.000000, 0.000000, 0.000000, 1.000000, 0.003272, -0.142561, 0.989781, 0.330696, -0.975958, 0.215252, 0.034230, -0.022091, -0.217932, -0.966097, -0.138429, 0.262493, 0.000000, 0.000000, 0.000000, 1.000000, 0.999838, -0.005104, 0.017284, 0.021613, 0.017451, 0.034761, -0.999243, 0.041244, 0.004499, 0.999383, 0.034844, -0.038734, 0.000000, 0.000000, 0.000000, 1.000000
-10.1481, 54.3962, -5.4368, 259.3500, 330.8500, -21.8962, 262.5103, 21.6636, 41.0415, -38.7056, 0.976193, -0.214298, -0.033518, 0.054396, 0.216877, 0.966753, 0.135475, -0.005437, 0.003372, -0.139519, 0.990214, 0.259350, 0.000000, 0.000000, 0.000000, 1.000000, 0.003372, -0.139519, 0.990214, 0.330850, -0.976193, 0.214298, 0.033518, -0.021896, -0.216877, -0.966753, -0.135475, 0.262510, 0.000000, 0.000000, 0.000000, 1.000000, 0.999836, -0.005427, 0.017305, 0.021664, 0.017470, 0.031971, -0.999336, 0.041042, 0.004871, 0.999474, 0.032061, -0.038706, 0.000000, 0.000000, 0.000000, 1.000000
-10.0657, 54.1141, -5.4926, 259.1373, 330.6373, -21.6141, 262.5660, 21.6050, 41.2050, -38.6573, 0.976575, -0.212442, -0.034212, 0.054114, 0.215151, 0.966623, 0.139104, -0.005493, 0.003518, -0.143206, 0.989687, 0.259137, 0.000000, 0.000000, 0.000000, 1.000000, 0.003518, -0.143206, 0.989687, 0.330637, -0.976575, 0.212442, 0.034212, -0.021614, -0.215151, -0.966623, -0.139104, 0.262566, 0.000000, 0.000000, 0.000000, 1.000000, 0.999836, -0.005137, 0.017342, 0.021605, 0.017516, 0.035980, -0.999199, 0.041205, 0.004509, 0.999339, 0.036064, -0.038657, 0.000000, 0.000000, 0.000000, 1.000000
-9.9846, 53.9122, -5.5277, 259.2130, 330.7130, -21.4122, 262.6012, 21.6312, 41.0842, -38.6375, 0.976801, -0.211464, -0.033815, 0.053912, 0.214112, 0.967376, 0.135422, -0.005528, 0.004075, -0.139521, 0.990211, 0.259213, 0.000000, 0.000000, 0.000000, 1.000000, 0.004075, -0.139521, 0.990211, 0.330713, -0.976801, 0.211464, 0.033815, -0.021412, -0.214112, -0.967376, -0.135422, 0.262601, 0.000000, 0.000000, 0.000000, 1.000000, 0.999843, -0.005335, 0.016920, 0.021631, 0.017085, 0.032530, -0.999325, 0.041084, 0.004781, 0.999457, 0.032616, -0.038638, 0.000000, 0.000000, 0.000000, 1.000000
-9.9062, 53.6329, -5.5782, 259.1466, 330.6466, -21.1329, 262.6516, 21.5682, 41.1038, -38.6023, 0.977113, -0.209882, -0.034637, 0.053633, 0.212662, 0.967622, 0.135952, -0.005578, 0.004982, -0.140207, 0.990110, 0.259147, 0.000000, 0.000000, 0.000000, 1.000000, 0.004982, -0.140207, 0.990110, 0.330647, -0.977113, 0.209882, 0.034637, -0.021133, -0.212662, -0.967622, -0.135952, 0.262652, 0.000000, 0.000000, 0.000000, 1.000000, 0.999856, -0.005099, 0.016182, 0.021568, 0.016344, 0.033493, -0.999305, 0.041104, 0.004554, 0.999426, 0.033572, -0.038602, 0.000000, 0.000000, 0.000000, 1.000000
-9.8150, 53.4358, -5.6113, 259.1291, 330.6291, -20.9358, 262.6847, 21.6263, 41.0704, -38.5696, 0.977393, -0.208490, -0.035130, 0.053436, 0.211347, 0.968056, 0.134904, -0.005611, 0.005881, -0.139279, 0.990236, 0.259129, 0.000000, 0.000000, 0.000000, 1.000000, 0.005881, -0.139279, 0.990236, 0.330629, -0.977393, 0.208490, 0.035130, -0.020936, -0.211347, -0.968056, -0.134904, 0.262685, 0.000000, 0.000000, 0.000000, 1.000000, 0.999867, -0.005194, 0.015432, 0.021626, 0.015594, 0.032865, -0.999338, 0.041070, 0.004684, 0.999446, 0.032942, -0.038570, 0.000000, 0.000000, 0.000000, 1.000000
-9.7200, 53.1761, -5.6679, 259.1047, 330.6047, -20.6761, 262.7413, 21.6290, 41.0427, -38.5454, 0.977797, -0.206990, -0.032687, 0.053176, 0.209522, 0.968435, 0.135036, -0.005668, 0.003704, -0.138887, 0.990301, 0.259105, 0.000000, 0.000000, 0.000000, 1.000000, 0.003704, -0.138887, 0.990301, 0.330605, -0.977797, 0.206990, 0.032687, -0.020676, -0.209522, -0.968435, -0.135036, 0.262741, 0.000000, 0.000000, 0.000000, 1.000000, 0.999828, -0.005271, 0.017799, 0.021629, 0.017963, 0.032790, -0.999301, 0.041043, 0.004684, 0.999448, 0.032879, -0.038545, 0.000000, 0.000000, 0.000000, 1.000000
-9.6451, 52.9346, -5.7035, 259.1495, 330.6495, -20.4346, 262.7770, 21.5984, 40.9537, -38.5174, 0.977963, -0.206325, -0.031904, 0.052935, 0.208753, 0.968698, 0.134334, -0.005704, 0.003189, -0.138034, 0.990422, 0.259150, 0.000000, 0.000000, 0.000000, 1.000000, 0.003189, -0.138034, 0.990422, 0.330650, -0.977963, 0.206325, 0.031904, -0.020435, -0.208753, -0.968698, -0.134334, 0.262777, 0.000000, 0.000000, 0.000000, 1.000000, 0.999814, -0.005835, 0.018382, 0.021598, 0.018560, 0.032172, -0.999310, 0.040954, 0.005239, 0.999465, 0.032274, -0.038517, 0.000000, 0.000000, 0.000000, 1.000000
-9.5542, 52.6505, -5.7610, 258.8465, 330.3465, -20.1505, 262.8345, 21.5592, 41.2029, -38.4617, 0.978238, -0.204372, -0.035799, 0.052650, 0.207383, 0.968476, 0.138012, -0.005761, 0.006465, -0.142432, 0.989783, 0.258847, 0.000000, 0.000000, 0.000000, 1.000000, 0.006465, -0.142432, 0.989783, 0.330347, -0.978238, 0.204372, 0.035799, -0.020150, -0.207383, -0.968476, -0.138012, 0.262834, 0.000000, 0.000000, 0.000000, 1.000000, 0.999868, -0.005630, 0.015254, 0.021559, 0.015452, 0.036927, -0.999198, 0.041203, 0.005062, 0.999302, 0.037009, -0.038462, 0.000000, 0.000000, 0.000000, 1.000000
-9.4737, 52.4314, -5.8065, 258.9351, 330.4351, -19.9314, 262.8800, 21.5649, 41.0698, -38.4518, 0.978585, -0.202923, -0.034562, 0.052431, 0.205745, 0.969463, 0.133453, -0.005807, 0.006426, -0.137706, 0.990452, 0.258935, 0.000000, 0.000000, 0.000000, 1.000000, 0.006426, -0.137706, 0.990452, 0.330435, -0.978585, 0.202923, 0.034562, -0.019931, -0.205745, -0.969463, -0.133453, 0.262880, 0.000000, 0.000000, 0.000000, 1.000000, 0.999866, -0.005286, 0.015505, 0.021565, 0.015669, 0.032437, -0.999351, 0.041070, 0.004780, 0.999460, 0.032515, -0.038452, 0.000000, 0.000000, 0.000000, 1.000000
-9.3913, 52.1811, -5.8444, 258.8062, 330.3062, -19.6811, 262.9179, 21.5423, 41.1496, -38.4052, 0.978822, -0.201820, -0.034296, 0.052181, 0.204629, 0.969382, 0.135741, -0.005844, 0.005851, -0.139885, 0.990151, 0.258806, 0.000000, 0.000000, 0.000000, 1.000000, 0.005851, -0.139885, 0.990151, 0.330306, -0.978822, 0.201820, 0.034296, -0.019681, -0.204629, -0.969382, -0.135741, 0.262918, 0.000000, 0.000000, 0.000000, 1.000000, 0.999853, -0.005687, 0.016173, 0.021542, 0.016362, 0.034909, -0.999257, 0.041150, 0.005118, 0.999374, 0.034996, -0.038405, 0.000000, 0.000000, 0.000000, 1.000000
-9.3138, 51.9470, -5.8895, 258.8095, 330.3095, -19.4470, 262.9630, 21.5233, 41.1020, -38.3843, 0.979130, -0.200199, -0.035010, 0.051947, 0.203094, 0.970277, 0.131587, -0.005890, 0.007626, -0.135950, 0.990686, 0.258810, 0.000000, 0.000000, 0.000000, 1.000000, 0.007626, -0.135950, 0.990686, 0.330310, -0.979130, 0.200199, 0.035010, -0.019447, -0.203094, -0.970277, -0.131587, 0.262963, 0.000000, 0.000000, 0.000000, 1.000000, 0.999880, -0.005163, 0.014609, 0.021523, 0.014763, 0.031214, -0.999404, 0.041102, 0.004703, 0.999499, 0.031287, -0.038384, 0.000000, 0.000000, 0.000000, 1.000000
-9.2292, 51.6736, -5.9408, 258.7001, 330.2001, -19.1736, 263.0143, 21.4819, 41.1618, -38.3486, 0.979412, -0.198878, -0.034629, 0.051674, 0.201756, 0.970121, 0.134758, -0.005941, 0.006793, -0.138971, 0.990273, 0.258700, 0.000000, 0.000000, 0.000000, 1.000000, 0.006793, -0.138971, 0.990273, 0.330200, -0.979412, 0.198878, 0.034629, -0.019174, -0.201756, -0.970121, -0.134758, 0.263014, 0.000000, 0.000000, 0.000000, 1.000000, 0.999864, -0.005422, 0.015557, 0.021482, 0.015735, 0.034546, -0.999279, 0.041162, 0.004881, 0.999388, 0.034627, -0.038349, 0.000000, 0.000000, 0.000000, 1.000000
-9.1415, 51.4417, -5.9805, 258.7462, 330.2462, -18.9417, 263.0539, 21.4956, 41.0661, -38.3255, 0.979719, -0.197117, -0.035984, 0.051442, 0.200186, 0.970675, 0.133102, -0.005980, 0.008692, -0.137606, 0.990449, 0.258746, 0.000000, 0.000000, 0.000000, 1.000000, 0.008692, -0.137606, 0.990449, 0.330246, -0.979719, 0.197117, 0.035984, -0.018942, -0.200186, -0.970675, -0.133102, 0.263054, 0.000000, 0.000000, 0.000000, 1.000000, 0.999891, -0.005061, 0.013853, 0.021496, 0.014015, 0.033477, -0.999341, 0.041066, 0.004594, 0.999427, 0.033544, -0.038326, 0.000000, 0.000000, 0.000000, 1.000000
-9.0659, 51.1822, -6.0341, 258.6121, 330.1121, -18.6822, 263.1075, 21.4408, 41.1559, -38.2953, 0.979951, -0.196331, -0.033922, 0.051182, 0.199136, 0.970636, 0.134943, -0.006034, 0.006432, -0.138993, 0.990272, 0.258612, 0.000000, 0.000000, 0.000000, 1.000000, 0.006432, -0.138993, 0.990272, 0.330112, -0.979951, 0.196331, 0.033922, -0.018682, -0.199136, -0.970636, -0.134943, 0.263108, 0.000000, 0.000000, 0.000000, 1.000000, 0.999853, -0.005629, 0.016195, 0.021441, 0.016383, 0.035122, -0.999249, 0.041156, 0.005056, 0.999367, 0.035209, -0.038295, 0.000000, 0.000000, 0.000000, 1.000000
-8.9688, 50.9300, -6.0788, 258.5844, 330.0844, -18.4300, 263.1523, 21.4586, 41.1286, -38.2641, 0.980240, -0.194564, -0.035687, 0.050930, 0.197625, 0.971056, 0.134144, -0.006079, 0.008555, -0.138546, 0.990319, 0.258584, 0.000000, 0.000000, 0.000000, 1.000000, 0.008555, -0.138546, 0.990319, 0.330084, -0.980240, 0.194564, 0.035687, -0.018430, -0.197625, -0.971056, -0.134144, 0.263152, 0.000000, 0.000000, 0.000000, 1.000000, 0.999883, -0.005473, 0.014251, 0.021459, 0.014434, 0.035008, -0.999283, 0.041129, 0.004970, 0.999372, 0.035083, -0.038264, 0.000000, 0.000000, 0.000000, 1.000000
-8.8862, 50.6819, -6.1103, 258.5961, 330.0961, -18.1819, 263.1838, 21.4426, 41.0683, -38.2288, 0.980505, -0.193288, -0.035344, 0.050682, 0.196305, 0.971451, 0.133222, -0.006110, 0.008584, -0.137563, 0.990456, 0.258596, 0.000000, 0.000000, 0.000000, 1.000000, 0.008584, -0.137563, 0.990456, 0.330096, -0.980505, 0.193288, 0.035344, -0.018182, -0.196305, -0.971451, -0.133222, 0.263184, 0.000000, 0.000000, 0.000000, 1.000000, 0.999881, -0.005541, 0.014371, 0.021443, 0.014553, 0.034297, -0.999306, 0.041068, 0.005044, 0.999396, 0.034373, -0.038229, 0.000000, 0.000000, 0.000000, 1.000000
-8.8159, 50.4360, -6.1555, 258.5188, 330.0188, -17.9360, 263.2289, 21.3893, 41.1039, -38.2013, 0.980852, -0.191517, -0.035352, 0.050436, 0.194549, 0.971844, 0.132930, -0.006155, 0.008898, -0.137262, 0.990495, 0.258519, 0.000000, 0.000000, 0.000000, 1.000000, 0.008898, -0.137262, 0.990495, 0.330019, -0.980852, 0.191517, 0.035352, -0.017936, -0.194549, -0.971844, -0.132930, 0.263229, 0.000000, 0.000000, 0.000000, 1.000000, 0.999886, -0.004928, 0.014266, 0.021389, 0.014427, 0.034249, -0.999309, 0.041104, 0.004436, 0.999401, 0.034316, -0.038201, 0.000000, 0.000000, 0.000000, 1.000000
-8.7190, 50.1847, -6.1915, 258.4945, 329.9945, -17.6847, 263.2649, 21.4089, 41.0726, -38.1633, 0.981083, -0.190462, -0.034637, 0.050185, 0.193410, 0.972008, 0.133392, -0.006191, 0.008261, -0.137567, 0.990458, 0.258494, 0.000000, 0.000000, 0.000000, 1.000000, 0.008261, -0.137567, 0.990458, 0.329994, -0.981083, 0.190462, 0.034637, -0.017685, -0.193410, -0.972008, -0.133392, 0.263265, 0.000000, 0.000000, 0.000000, 1.000000, 0.999872, -0.005534, 0.014997, 0.021409, 0.015182, 0.034876, -0.999276, 0.041073, 0.005007, 0.999376, 0.034955, -0.038163, 0.000000, 0.000000, 0.000000, 1.000000
-8.6506, 49.9569, -6.2133, 258.5128, 330.0128, -17.4569, 263.2868, 21.3749, 41.0125, -38.1275, 0.981356, -0.188882, -0.035552, 0.049957, 0.191938, 0.972746, 0.130094, -0.006213, 0.010010, -0.134492, 0.990864, 0.258513, 0.000000, 0.000000, 0.000000, 1.000000, 0.010010, -0.134492, 0.990864, 0.330013, -0.981356, 0.188882, 0.035552, -0.017457, -0.191938, -0.972746, -0.130094, 0.263287, 0.000000, 0.000000, 0.000000, 1.000000, 0.999897, -0.004943, 0.013438, 0.021375, 0.013589, 0.032021, -0.999395, 0.041012, 0.004510, 0.999475, 0.032085, -0.038128, 0.000000, 0.000000, 0.000000, 1.000000
-8.5575, 49.6852, -6.2754, 258.4002, 329.9002, -17.1852, 263.3489, 21.3563, 41.0726, -38.1039, 0.981642, -0.187545, -0.034737, 0.049685, 0.190528, 0.972670, 0.132711, -0.006275, 0.008898, -0.136893, 0.990546, 0.258400, 0.000000, 0.000000, 0.000000, 1.000000, 0.008898, -0.136893, 0.990546, 0.329900, -0.981642, 0.187545, 0.034737, -0.017185, -0.190528, -0.972670, -0.132711, 0.263349, 0.000000, 0.000000, 0.000000, 1.000000, 0.999878, -0.005303, 0.014676, 0.021356, 0.014852, 0.034756, -0.999285, 0.041073, 0.004789, 0.999382, 0.034830, -0.038104, 0.000000, 0.000000, 0.000000, 1.000000
-8.4845, 49.4788, -6.2940, 258.4677, 329.9677, -16.9788, 263.3674, 21.3579, 40.9619, -38.0733, 0.981953, -0.185694, -0.035867, 0.049479, 0.188813, 0.973456, 0.129355, -0.006294, 0.010895, -0.133793, 0.990949, 0.258468, 0.000000, 0.000000, 0.000000, 1.000000, 0.010895, -0.133793, 0.990949, 0.329968, -0.981953, 0.185694, 0.035867, -0.016979, -0.188813, -0.973456, -0.129355, 0.263367, 0.000000, 0.000000, 0.000000, 1.000000, 0.999907, -0.004516, 0.012900, 0.021358, 0.013037, 0.031898, -0.999406, 0.040962, 0.004102, 0.999481, 0.031954, -0.038073, 0.000000, 0.000000, 0.000000, 1.000000
-8.3894, 49.1862, -6.3389, 258.3531, 329.8531, -16.6862, 263.4123, 21.3275, 41.0204, -38.0293, 0.982252, -0.184337, -0.034662, 0.049186, 0.187313, 0.973652, 0.130060, -0.006339, 0.009774, -0.134245, 0.990900, 0.258353, 0.000000, 0.000000, 0.000000, 1.000000, 0.009774, -0.134245, 0.990900, 0.329853, -0.982252, 0.184337, 0.034662, -0.016686, -0.187313, -0.973652, -0.130060, 0.263412, 0.000000, 0.000000, 0.000000, 1.000000, 0.999888, -0.004792, 0.014168, 0.021328, 0.014318, 0.032675, -0.999363, 0.041020, 0.004326, 0.999455, 0.032740, -0.038029, 0.000000, 0.000000, 0.000000, 1.000000
-8.3103, 48.9577, -6.3717, 258.3223, 329.8223, -16.4577, 263.4451, 21.3193, 41.0051, -37.9979, 0.982483, -0.183128, -0.034501, 0.048958, 0.186096, 0.973836, 0.130431, -0.006372, 0.009713, -0.134567, 0.990857, 0.258322, 0.000000, 0.000000, 0.000000, 1.000000, 0.009713, -0.134567, 0.990857, 0.329822, -0.982483, 0.183128, 0.034501, -0.016458, -0.186096, -0.973836, -0.130431, 0.263445, 0.000000, 0.000000, 0.000000, 1.000000, 0.999885, -0.004937, 0.014348, 0.021319, 0.014505, 0.033269, -0.999341, 0.041005, 0.004456, 0.999434, 0.033337, -0.037998, 0.000000, 0.000000, 0.000000, 1.000000
-8.2268, 48.7287, -6.4104, 258.2229, 329.7229, -16.2287, 263.4839, 21.3202, 41.0563, -37.9645, 0.982698, -0.181221, -0.038268, 0.048729, 0.184700, 0.974239, 0.129398, -0.006410, 0.013832, -0.134227, 0.990854, 0.258223, 0.000000, 0.000000, 0.000000, 1.000000, 0.013832, -0.134227, 0.990854, 0.329723, -0.982698, 0.181221, 0.038268, -0.016229, -0.184700, -0.974239, -0.129398, 0.263484, 0.000000, 0.000000, 0.000000, 1.000000, 0.999936, -0.004414, 0.010410, 0.021320, 0.010551, 0.033227, -0.999392, 0.041056, 0.004066, 0.999438, 0.033272, -0.037965, 0.000000, 0.000000, 0.000000, 1.000000
-8.1396, 48.4952, -6.4429, 258.2905, 329.7905, -15.9952, 263.5163, 21.3321, 40.9390, -37.9405, 0.982898, -0.180909, -0.034390, 0.048495, 0.183875, 0.974344, 0.129782, -0.006443, 0.010029, -0.133886, 0.990946, 0.258291, 0.000000, 0.000000, 0.000000, 1.000000, 0.010029, -0.133886, 0.990946, 0.329791, -0.982898, 0.180909, 0.034390, -0.015995, -0.183875, -0.974344, -0.129782, 0.263516, 0.000000, 0.000000, 0.000000, 1.000000, 0.999883, -0.005579, 0.014252, 0.021332, 0.014429, 0.033155, -0.999346, 0.040939, 0.005103, 0.999435, 0.033232, -0.037940, 0.000000, 0.000000, 0.000000, 1.000000
-8.0706, 48.2310, -6.4854, 258.1068, 329.6068, -15.7310, 263.5588, 21.2546, 41.0801, -37.9004, 0.983225, -0.178917, -0.035453, 0.048231, 0.182049, 0.974611, 0.130348, -0.006485, 0.011232, -0.134616, 0.990834, 0.258107, 0.000000, 0.000000, 0.000000, 1.000000, 0.011232, -0.134616, 0.990834, 0.329607, -0.983225, 0.178917, 0.035453, -0.015731, -0.182049, -0.974611, -0.130348, 0.263559, 0.000000, 0.000000, 0.000000, 1.000000, 0.999901, -0.004775, 0.013265, 0.021255, 0.013421, 0.034150, -0.999327, 0.041080, 0.004319, 0.999405, 0.034211, -0.037900, 0.000000, 0.000000, 0.000000, 1.000000
-7.9752, 48.0059, -6.5187, 258.1083, 329.6083, -15.5059, 263.5922, 21.2959, 41.0248, -37.8708, 0.983394, -0.178076, -0.035014, 0.048006, 0.181136, 0.975026, 0.128505, -0.006519, 0.011256, -0.132714, 0.991091, 0.258108, 0.000000, 0.000000, 0.000000, 1.000000, 0.011256, -0.132714, 0.991091, 0.329608, -0.983394, 0.178076, 0.035014, -0.015506, -0.181136, -0.975026, -0.128505, 0.263592, 0.000000, 0.000000, 0.000000, 1.000000, 0.999896, -0.005465, 0.013320, 0.021296, 0.013491, 0.032543, -0.999379, 0.041025, 0.005028, 0.999455, 0.032614, -0.037871, 0.000000, 0.000000, 0.000000, 1.000000
-7.8930, 47.7635, -6.5710, 258.1667, 329.6667, -15.2635, 263.6444, 21.2812, 40.9205, -37.8659, 0.983703, -0.176446, -0.034562, 0.047763, 0.179444, 0.975518, 0.127137, -0.006571, 0.011283, -0.131267, 0.991283, 0.258167, 0.000000, 0.000000, 0.000000, 1.000000, 0.011283, -0.131267, 0.991283, 0.329667, -0.983703, 0.176446, 0.034562, -0.015263, -0.179444, -0.975518, -0.127137, 0.263644, 0.000000, 0.000000, 0.000000, 1.000000, 0.999896, -0.005149, 0.013483, 0.021281, 0.013638, 0.031377, -0.999415, 0.040920, 0.004723, 0.999494, 0.031443, -0.037866, 0.000000, 0.000000, 0.000000, 1.000000
-7.7933, 47.5203, -6.6068, 258.0676, 329.5676, -15.0203, 263.6803, 21.3140, 40.9627, -37.8252, 0.984021, -0.174679, -0.034493, 0.047520, 0.177694, 0.975718, 0.128056, -0.006607, 0.011286, -0.132139, 0.991167, 0.258068, 0.000000, 0.000000, 0.000000, 1.000000, 0.011286, -0.132139, 0.991167, 0.329568, -0.984021, 0.174679, 0.034493, -0.015020, -0.177694, -0.975718, -0.128056, 0.263680, 0.000000, 0.000000, 0.000000, 1.000000, 0.999894, -0.005111, 0.013662, 0.021314, 0.013821, 0.032603, -0.999373, 0.040963, 0.004662, 0.999455, 0.032670, -0.037825, 0.000000, 0.000000, 0.000000, 1.000000
-7.7273, 47.2396, -6.6268, 258.0702, 329.5702, -14.7396, 263.7003, 21.2199, 40.9173, -37.7813, 0.984246, -0.173538, -0.033822, 0.047240, 0.176474, 0.975935, 0.128095, -0.006627, 0.010779, -0.132045, 0.991185, 0.258070, 0.000000, 0.000000, 0.000000, 1.000000, 0.010779, -0.132045, 0.991185, 0.329570, -0.984246, 0.173538, 0.033822, -0.014740, -0.176474, -0.975935, -0.128095, 0.263700, 0.000000, 0.000000, 0.000000, 1.000000, 0.999885, -0.005080, 0.014292, 0.021220, 0.014451, 0.032737, -0.999360, 0.040917, 0.004609, 0.999451, 0.032807, -0.037781, 0.000000, 0.000000, 0.000000, 1.000000
-7.6441, 46.9963, -6.6554, 257.9597, 329.4597, -14.4963, 263.7289, 21.2074, 40.9780, -37.7371, 0.984394, -0.172512, -0.034748, 0.046996, 0.175569, 0.976210, 0.127238, -0.006655, 0.011971, -0.131353, 0.991263, 0.257960, 0.000000, 0.000000, 0.000000, 1.000000, 0.011971, -0.131353, 0.991263, 0.329460, -0.984394, 0.172512, 0.034748, -0.014496, -0.175569, -0.976210, -0.127238, 0.263729, 0.000000, 0.000000, 0.000000, 1.000000, 0.999898, -0.005435, 0.013180, 0.021207, 0.013349, 0.032318, -0.999388, 0.040978, 0.005006, 0.999463, 0.032388, -0.037737, 0.000000, 0.000000, 0.000000, 1.000000
-7.5533, 46.7818, -6.6897, 257.9486, 329.4486, -14.2818, 263.7631, 21.2455, 40.9381, -37.7118, 0.984740, -0.170219, -0.036242, 0.046782, 0.173471, 0.976777, 0.125754, -0.006690, 0.013995, -0.130121, 0.991399, 0.257949, 0.000000, 0.000000, 0.000000, 1.000000, 0.013995, -0.130121, 0.991399, 0.329449, -0.984740, 0.170219, 0.036242, -0.014282, -0.173471, -0.976777, -0.125754, 0.263763, 0.000000, 0.000000, 0.000000, 1.000000, 0.999924, -0.004607, 0.011408, 0.021245, 0.011547, 0.031413, -0.999440, 0.040938, 0.004246, 0.999496, 0.031464, -0.037712, 0.000000, 0.000000, 0.000000, 1.000000
-7.4819, 46.5156, -6.7381, 257.8805, 329.3805, -14.0156, 263.8115, 21.1743, 40.9637, -37.6911, 0.984947, -0.169340, -0.034704, 0.046516, 0.172416, 0.976780, 0.127176, -0.006738, 0.012362, -0.131245, 0.991273, 0.257880, 0.000000, 0.000000, 0.000000, 1.000000, 0.012362, -0.131245, 0.991273, 0.329380, -0.984947, 0.169340, 0.034704, -0.014016, -0.172416, -0.976780, -0.127176, 0.263812, 0.000000, 0.000000, 0.000000, 1.000000, 0.999901, -0.004996, 0.013122, 0.021174, 0.013279, 0.032784, -0.999374, 0.040964, 0.004563, 0.999450, 0.032847, -0.037691, 0.000000, 0.000000, 0.000000, 1.000000
-7.3857, 46.2662, -6.7694, 257.8945, 329.3945, -13.7662, 263.8429, 21.1945, 40.8943, -37.6589, 0.985213, -0.167539, -0.035854, 0.046266, 0.170737, 0.977485, 0.123985, -0.006769, 0.014275, -0.128273, 0.991636, 0.257894, 0.000000, 0.000000, 0.000000, 1.000000, 0.014275, -0.128273, 0.991636, 0.329394, -0.985213, 0.167539, 0.035854, -0.013766, -0.170737, -0.977485, -0.123985, 0.263843, 0.000000, 0.000000, 0.000000, 1.000000, 0.999924, -0.004679, 0.011409, 0.021195, 0.011545, 0.030130, -0.999479, 0.040894, 0.004333, 0.999535, 0.030181, -0.037659, 0.000000, 0.000000, 0.000000, 1.000000
-7.2980, 46.0209, -6.7953, 257.7760, 329.2760, -13.5209, 263.8687, 21.1921, 40.9606, -37.6116, 0.985453, -0.166232, -0.035338, 0.046021, 0.169383, 0.977641, 0.124610, -0.006795, 0.013834, -0.128783, 0.991576, 0.257776, 0.000000, 0.000000, 0.000000, 1.000000, 0.013834, -0.128783, 0.991576, 0.329276, -0.985453, 0.166232, 0.035338, -0.013521, -0.169383, -0.977641, -0.124610, 0.263869, 0.000000, 0.000000, 0.000000, 1.000000, 0.999916, -0.004884, 0.011974, 0.021192, 0.012120, 0.030943, -0.999448, 0.040961, 0.004511, 0.999509, 0.031000, -0.037612, 0.000000, 0.000000, 0.000000, 1.000000
-7.2163, 45.7818, -6.8361, 257.8611, 329.3611, -13.2818, 263.9095, 21.1815, 40.8293, -37.6015, 0.985710, -0.164836, -0.034704, 0.045782, 0.167913, 0.977926, 0.124366, -0.006836, 0.013438, -0.128416, 0.991629, 0.257861, 0.000000, 0.000000, 0.000000, 1.000000, 0.013438, -0.128416, 0.991629, 0.329361, -0.985710, 0.164836, 0.034704, -0.013282, -0.167913, -0.977926, -0.124366, 0.263910, 0.000000, 0.000000, 0.000000, 1.000000, 0.999910, -0.004855, 0.012524, 0.021182, 0.012668, 0.030859, -0.999443, 0.040829, 0.004466, 0.999512, 0.030918, -0.037602, 0.000000, 0.000000, 0.000000, 1.000000
-7.1473, 45.5278, -6.8725, 257.7677, 329.2677, -13.0278, 263.9459, 21.1168, 40.8806, -37.5708, 0.985917, -0.163454, -0.035362, 0.045528, 0.166635, 0.978067, 0.124974, -0.006872, 0.014158, -0.129107, 0.991530, 0.257768, 0.000000, 0.000000, 0.000000, 1.000000, 0.014158, -0.129107, 0.991530, 0.329268, -0.985917, 0.163454, 0.035362, -0.013028, -0.166635, -0.978067, -0.124974, 0.263946, 0.000000, 0.000000, 0.000000, 1.000000, 0.999918, -0.004673, 0.011936, 0.021117, 0.012079, 0.031800, -0.999421, 0.040881, 0.004291, 0.999483, 0.031854, -0.037571, 0.000000, 0.000000, 0.000000, 1.000000
-7.0409, 45.2654, -6.9074, 257.7083, 329.2083, -12.7654, 263.9808, 21.1498, 40.8791, -37.5321, 0.986165, -0.161950, -0.035367, 0.045265, 0.165121, 0.978521, 0.123417, -0.006907, 0.014620, -0.127549, 0.991724, 0.257708, 0.000000, 0.000000, 0.000000, 1.000000, 0.014620, -0.127549, 0.991724, 0.329208, -0.986165, 0.161950, 0.035367, -0.012765, -0.165121, -0.978521, -0.123417, 0.263981, 0.000000, 0.000000, 0.000000, 1.000000, 0.999920, -0.004901, 0.011626, 0.021150, 0.011770, 0.030595, -0.999463, 0.040879, 0.004543, 0.999520, 0.030650, -0.037532, 0.000000, 0.000000, 0.000000, 1.000000
-6.9785, 45.0107, -6.9484, 257.6176, 329.1176, -12.5107, 264.0219, 21.0646, 40.9316, -37.5085, 0.986370, -0.160804, -0.034884, 0.045011, 0.163942, 0.978544, 0.124795, -0.006948, 0.014068, -0.128813, 0.991569, 0.257618, 0.000000, 0.000000, 0.000000, 1.000000, 0.014068, -0.128813, 0.991569, 0.329118, -0.986370, 0.160804, 0.034884, -0.012511, -0.163942, -0.978544, -0.124795, 0.264022, 0.000000, 0.000000, 0.000000, 1.000000, 0.999913, -0.004873, 0.012294, 0.021065, 0.012444, 0.032087, -0.999408, 0.040932, 0.004476, 0.999473, 0.032145, -0.037508, 0.000000, 0.000000, 0.000000, 1.000000
-6.8902, 44.7982, -6.9694, 257.6530, 329.1530, -12.2982, 264.0429, 21.1009, 40.8456, -37.4782, 0.986598, -0.159030, -0.036519, 0.044798, 0.162376, 0.978938, 0.123753, -0.006969, 0.016070, -0.128024, 0.991641, 0.257653, 0.000000, 0.000000, 0.000000, 1.000000, 0.016070, -0.128024, 0.991641, 0.329153, -0.986598, 0.159030, 0.036519, -0.012298, -0.162376, -0.978938, -0.123753, 0.264043, 0.000000, 0.000000, 0.000000, 1.000000, 0.999935, -0.004555, 0.010467, 0.021101, 0.010606, 0.031608, -0.999444, 0.040846, 0.004222, 0.999490, 0.031655, -0.037478, 0.000000, 0.000000, 0.000000, 1.000000
-6.8122, 44.5439, -7.0141, 257.5978, 329.0978, -12.0439, 264.0876, 21.0607, 40.8552, -37.4587, 0.986853, -0.157790, -0.034986, 0.044544, 0.160946, 0.979196, 0.123574, -0.007014, 0.014759, -0.127580, 0.991718, 0.257598, 0.000000, 0.000000, 0.000000, 1.000000, 0.014759, -0.127580, 0.991718, 0.329098, -0.986853, 0.157790, 0.034986, -0.012044, -0.160946, -0.979196, -0.123574, 0.264088, 0.000000, 0.000000, 0.000000, 1.000000, 0.999918, -0.004618, 0.011912, 0.021061, 0.012051, 0.031432, -0.999433, 0.040855, 0.004241, 0.999495, 0.031485, -0.037459, 0.000000, 0.000000, 0.000000, 1.000000
-6.7148, 44.2857, -7.0360, 257.5085, 329.0085, -11.7857, 264.1094, 21.0735, 40.8870, -37.4087, 0.987020, -0.156112, -0.037682, 0.044286, 0.159596, 0.979632, 0.121864, -0.007036, 0.017890, -0.126296, 0.991831, 0.257508, 0.000000, 0.000000, 0.000000, 1.000000, 0.017890, -0.126296, 0.991831, 0.329008, -0.987020, 0.156112, 0.037682, -0.011786, -0.159596, -0.979632, -0.121864, 0.264109, 0.000000, 0.000000, 0.000000, 1.000000, 0.999950, -0.004531, 0.008933, 0.021074, 0.009067, 0.030480, -0.999494, 0.040887, 0.004257, 0.999525, 0.030520, -0.037409, 0.000000, 0.000000, 0.000000, 1.000000
-6.6311, 44.0045, -7.0771, 257.4405, 328.9405, -11.5045, 264.1506, 21.0228, 40.9051, -37.3800, 0.987275, -0.155094, -0.035123, 0.044005, 0.158313, 0.979429, 0.125126, -0.007077, 0.014994, -0.129094, 0.991519, 0.257440, 0.000000, 0.000000, 0.000000, 1.000000, 0.014994, -0.129094, 0.991519, 0.328940, -0.987275, 0.155094, 0.035123, -0.011505, -0.158313, -0.979429, -0.125126, 0.264151, 0.000000, 0.000000, 0.000000, 1.000000, 0.999916, -0.005072, 0.011913, 0.021023, 0.012077, 0.033579, -0.999363, 0.040905, 0.004669, 0.999423, 0.033637, -0.037380, 0.000000, 0.000000, 0.000000, 1.000000
-6.5617, 43.7795, -7.1108, 257.5120, 329.0120, -11.2795, 264.1842, 20.9924, 40.7931, -37.3695, 0.987528, -0.153709, -0.034075, 0.043779, 0.156779, 0.979893, 0.123409, -0.007111, 0.014421, -0.127212, 0.991771, 0.257512, 0.000000, 0.000000, 0.000000, 1.000000, 0.014421, -0.127212, 0.991771, 0.329012, -0.987528, 0.153709, 0.034075, -0.011279, -0.156779, -0.979893, -0.123409, 0.264184, 0.000000, 0.000000, 0.000000, 1.000000, 0.999909, -0.004774, 0.012651, 0.020992, 0.012797, 0.031933, -0.999408, 0.040793, 0.004367, 0.999479, 0.031991, -0.037369, 0.000000, 0.000000, 0.000000, 1.000000
-6.4644, 43.5360, -7.1236, 257.3944, 328.8944, -11.0360, 264.1971, 21.0202, 40.8529, -37.3114, 0.987737, -0.151797, -0.036525, 0.043536, 0.155174, 0.980299, 0.122207, -0.007124, 0.017255, -0.126376, 0.991832, 0.257394, 0.000000, 0.000000, 0.000000, 1.000000, 0.017255, -0.126376, 0.991832, 0.328894, -0.987737, 0.151797, 0.036525, -0.011036, -0.155174, -0.980299, -0.122207, 0.264197, 0.000000, 0.000000, 0.000000, 1.000000, 0.999940, -0.004472, 0.009995, 0.021020, 0.010131, 0.031439, -0.999454, 0.040853, 0.004156, 0.999496, 0.031483, -0.037311, 0.000000, 0.000000, 0.000000, 1.000000
-6.3938, 43.3071, -7.1525, 257.4178, 328.9178, -10.8071, 264.2259, 20.9883, 40.7876, -37.2914, 0.987961, -0.150778, -0.034637, 0.043307, 0.153903, 0.980663, 0.120888, -0.007152, 0.015740, -0.124763, 0.992062, 0.257418, 0.000000, 0.000000, 0.000000, 1.000000, 0.015740, -0.124763, 0.992062, 0.328918, -0.987961, 0.150778, 0.034637, -0.010807, -0.153903, -0.980663, -0.120888, 0.264226, 0.000000, 0.000000, 0.000000, 1.000000, 0.999922, -0.004577, 0.011630, 0.020988, 0.011763, 0.030058, -0.999479, 0.040788, 0.004225, 0.999538, 0.030109, -0.037291, 0.000000, 0.000000, 0.000000, 1.000000
-6.3009, 43.0258, -7.1841, 257.2834, 328.7834, -10.5258, 264.2576, 20.9625, 40.8666, -37.2465, 0.988192, -0.149219, -0.034795, 0.043026, 0.152395, 0.980742, 0.122149, -0.007184, 0.015898, -0.126009, 0.991902, 0.257283, 0.000000, 0.000000, 0.000000, 1.000000, 0.015898, -0.126009, 0.991902, 0.328783, -0.988192, 0.149219, 0.034795, -0.010526, -0.152395, -0.980742, -0.122149, 0.264258, 0.000000, 0.000000, 0.000000, 1.000000, 0.999922, -0.004656, 0.011617, 0.020962, 0.011759, 0.031638, -0.999430, 0.040867, 0.004286, 0.999489, 0.031690, -0.037247, 0.000000, 0.000000, 0.000000, 1.000000
-6.2253, 42.8262, -7.1970, 257.2947, 328.7947, -10.3262, 264.2705, 20.9758, 40.8108, -37.2134, 0.988351, -0.148216, -0.034555, 0.042826, 0.151330, 0.981207, 0.119715, -0.007197, 0.016162, -0.123550, 0.992207, 0.257295, 0.000000, 0.000000, 0.000000, 1.000000, 0.016162, -0.123550, 0.992207, 0.328795, -0.988351, 0.148216, 0.034555, -0.010326, -0.151330, -0.981207, -0.119715, 0.264270, 0.000000, 0.000000, 0.000000, 1.000000, 0.999923, -0.004825, 0.011461, 0.020976, 0.011598, 0.029419, -0.999500, 0.040811, 0.004485, 0.999556, 0.029473, -0.037213, 0.000000, 0.000000, 0.000000, 1.000000
-6.1297, 42.5536, -7.2435, 257.2459, 328.7459, -10.0536, 264.3170, 20.9663, 40.8048, -37.1927, 0.988648, -0.146334, -0.034083, 0.042554, 0.149425, 0.981331, 0.121083, -0.007244, 0.015729, -0.124801, 0.992057, 0.257246, 0.000000, 0.000000, 0.000000, 1.000000, 0.015729, -0.124801, 0.992057, 0.328746, -0.988648, 0.146334, 0.034083, -0.010054, -0.149425, -0.981331, -0.121083, 0.264317, 0.000000, 0.000000, 0.000000, 1.000000, 0.999916, -0.004623, 0.012075, 0.020966, 0.012213, 0.031022, -0.999444, 0.040805, 0.004246, 0.999508, 0.031076, -0.037193, 0.000000, 0.000000, 0.000000, 1.000000
-6.0502, 42.3236, -7.2662, 257.3014, 328.8014, -9.8236, 264.3397, 20.9600, 40.7028, -37.1687, 0.988798, -0.145819, -0.031859, 0.042324, 0.148630, 0.981511, 0.120605, -0.007266, 0.013683, -0.123989, 0.992189, 0.257301, 0.000000, 0.000000, 0.000000, 1.000000, 0.013683, -0.123989, 0.992189, 0.328801, -0.988798, 0.145819, 0.031859, -0.009824, -0.148630, -0.981511, -0.120605, 0.264340, 0.000000, 0.000000, 0.000000, 1.000000, 0.999885, -0.005431, 0.014175, 0.020960, 0.014334, 0.030460, -0.999433, 0.040703, 0.004997, 0.999521, 0.030535, -0.037169, 0.000000, 0.000000, 0.000000, 1.000000
-5.9678, 42.0115, -7.2985, 257.0979, 328.5979, -9.5115, 264.3720, 20.8724, 40.8542, -37.1181, 0.989037, -0.143806, -0.033559, 0.042012, 0.146836, 0.981834, 0.120170, -0.007299, 0.015669, -0.123780, 0.992186, 0.257098, 0.000000, 0.000000, 0.000000, 1.000000, 0.015669, -0.123780, 0.992186, 0.328598, -0.989037, 0.143806, 0.033559, -0.009512, -0.146836, -0.981834, -0.120170, 0.264372, 0.000000, 0.000000, 0.000000, 1.000000, 0.999912, -0.004803, 0.012379, 0.020872, 0.012520, 0.030557, -0.999455, 0.040854, 0.004422, 0.999521, 0.030614, -0.037118, 0.000000, 0.000000, 0.000000, 1.000000
-5.8896, 41.7993, -7.3287, 257.1021, 328.6021, -9.2993, 264.4022, 20.8774, 40.8054, -37.1002, 0.989239, -0.142655, -0.032485, 0.041799, 0.145569, 0.981954, 0.120734, -0.007329, 0.014675, -0.124164, 0.992153, 0.257102, 0.000000, 0.000000, 0.000000, 1.000000, 0.014675, -0.124164, 0.992153, 0.328602, -0.989239, 0.142655, 0.032485, -0.009299, -0.145569, -0.981954, -0.120734, 0.264402, 0.000000, 0.000000, 0.000000, 1.000000, 0.999897, -0.005002, 0.013488, 0.020877, 0.013638, 0.031213, -0.999420, 0.040805, 0.004579, 0.999500, 0.031278, -0.037100, 0.000000, 0.000000, 0.000000, 1.000000
-5.8109, 41.5592, -7.3530, 257.0522, 328.5522, -9.0592, 264.4265, 20.8556, 40.8083, -37.0679, 0.989467, -0.140758, -0.033810, 0.041559, 0.143851, 0.982202, 0.120769, -0.007353, 0.016209, -0.124360, 0.992105, 0.257052, 0.000000, 0.000000, 0.000000, 1.000000, 0.016209, -0.124360, 0.992105, 0.328552, -0.989467, 0.140758, 0.033810, -0.009059, -0.143851, -0.982202, -0.120769, 0.264426, 0.000000, 0.000000, 0.000000, 1.000000, 0.999916, -0.004447, 0.012138, 0.020856, 0.012273, 0.031704, -0.999422, 0.040808, 0.004059, 0.999487, 0.031756, -0.037068, 0.000000, 0.000000, 0.000000, 1.000000
-5.7195, 41.3154, -7.3670, 257.0639, 328.5639, -8.8154, 264.4404, 20.8690, 40.7425, -37.0278, 0.989647, -0.139649, -0.033126, 0.041315, 0.142593, 0.982925, 0.116301, -0.007367, 0.016319, -0.119821, 0.992661, 0.257064, 0.000000, 0.000000, 0.000000, 1.000000, 0.016319, -0.119821, 0.992661, 0.328564, -0.989647, 0.139649, 0.033126, -0.008815, -0.142593, -0.982925, -0.116301, 0.264440, 0.000000, 0.000000, 0.000000, 1.000000, 0.999915, -0.004688, 0.012158, 0.020869, 0.012282, 0.027445, -0.999548, 0.040743, 0.004352, 0.999612, 0.027501, -0.037028, 0.000000, 0.000000, 0.000000, 1.000000
-5.6386, 41.0411, -7.4107, 256.9511, 328.4511, -8.5411, 264.4841, 20.8151, 40.8071, -37.0044, 0.989878, -0.138133, -0.032567, 0.041041, 0.141080, 0.982688, 0.120089, -0.007411, 0.015415, -0.123468, 0.992229, 0.256951, 0.000000, 0.000000, 0.000000, 1.000000, 0.015415, -0.123468, 0.992229, 0.328451, -0.989878, 0.138133, 0.032567, -0.008541, -0.141080, -0.982688, -0.120089, 0.264484, 0.000000, 0.000000, 0.000000, 1.000000, 0.999902, -0.004714, 0.013175, 0.020815, 0.013317, 0.031404, -0.999418, 0.040807, 0.004298, 0.999496, 0.031464, -0.037004, 0.000000, 0.000000, 0.000000, 1.000000
-5.5529, 40.8262, -7.4165, 256.9212, 328.4212, -8.3262, 264.4899, 20.8405, 40.7862, -36.9585, 0.989974, -0.136845, -0.034995, 0.040826, 0.140075, 0.983017, 0.118563, -0.007416, 0.018176, -0.122276, 0.992330, 0.256921, 0.000000, 0.000000, 0.000000, 1.000000, 0.018176, -0.122276, 0.992330, 0.328421, -0.989974, 0.136845, 0.034995, -0.008326, -0.140075, -0.983017, -0.118563, 0.264490, 0.000000, 0.000000, 0.000000, 1.000000, 0.999933, -0.004832, 0.010526, 0.020841, 0.010669, 0.030503, -0.999478, 0.040786, 0.004508, 0.999523, 0.030552, -0.036958, 0.000000, 0.000000, 0.000000, 1.000000
-5.4617, 40.5659, -7.4524, 256.9223, 328.4223, -8.0659, 264.5259, 20.8334, 40.7325, -36.9381, 0.990179, -0.135530, -0.034296, 0.040566, 0.138674, 0.983277, 0.118052, -0.007452, 0.017723, -0.121649, 0.992415, 0.256922, 0.000000, 0.000000, 0.000000, 1.000000, 0.017723, -0.121649, 0.992415, 0.328422, -0.990179, 0.135530, 0.034296, -0.008066, -0.138674, -0.983277, -0.118052, 0.264526, 0.000000, 0.000000, 0.000000, 1.000000, 0.999926, -0.005043, 0.011104, 0.020833, 0.011251, 0.030186, -0.999481, 0.040732, 0.004705, 0.999532, 0.030240, -0.036938, 0.000000, 0.000000, 0.000000, 1.000000
-5.3890, 40.3168, -7.4850, 256.8305, 328.3305, -7.8168, 264.5585, 20.7835, 40.7804, -36.9122, 0.990395, -0.134038, -0.033935, 0.040317, 0.137173, 0.983318, 0.119454, -0.007485, 0.017357, -0.122962, 0.992260, 0.256831, 0.000000, 0.000000, 0.000000, 1.000000, 0.017357, -0.122962, 0.992260, 0.328331, -0.990395, 0.134038, 0.033935, -0.007817, -0.137173, -0.983318, -0.119454, 0.264558, 0.000000, 0.000000, 0.000000, 1.000000, 0.999921, -0.004847, 0.011607, 0.020783, 0.011756, 0.031771, -0.999426, 0.040780, 0.004475, 0.999483, 0.031826, -0.036912, 0.000000, 0.000000, 0.000000, 1.000000
-5.2928, 40.0445, -7.5110, 256.8092, 328.3092, -7.5445, 264.5844, 20.7793, 40.7450, -36.8781, 0.990564, -0.132659, -0.034419, 0.040045, 0.135839, 0.983672, 0.118056, -0.007511, 0.018196, -0.121618, 0.992410, 0.256809, 0.000000, 0.000000, 0.000000, 1.000000, 0.018196, -0.121618, 0.992410, 0.328309, -0.990564, 0.132659, 0.034419, -0.007545, -0.135839, -0.983672, -0.118056, 0.264584, 0.000000, 0.000000, 0.000000, 1.000000, 0.999928, -0.005048, 0.010894, 0.020779, 0.011044, 0.030751, -0.999466, 0.040745, 0.004710, 0.999514, 0.030805, -0.036878, 0.000000, 0.000000, 0.000000, 1.000000
-5.2119, 39.8105, -7.5298, 256.7684, 328.2684, -7.3105, 264.6033, 20.7702, 40.7376, -36.8441, 0.990745, -0.131384, -0.034109, 0.039811, 0.134504, 0.984054, 0.116392, -0.007530, 0.018273, -0.119902, 0.992617, 0.256768, 0.000000, 0.000000, 0.000000, 1.000000, 0.018273, -0.119902, 0.992617, 0.328268, -0.990745, 0.131384, 0.034109, -0.007311, -0.134504, -0.984054, -0.116392, 0.264603, 0.000000, 0.000000, 0.000000, 1.000000, 0.999927, -0.005072, 0.010947, 0.020770, 0.011091, 0.029309, -0.999509, 0.040738, 0.004749, 0.999558, 0.029363, -0.036844, 0.000000, 0.000000, 0.000000, 1.000000
-5.1418, 39.5628, -7.5691, 256.6552, 328.1552, -7.0628, 264.6426, 20.7124, 40.8089, -36.8249, 0.990985, -0.129273, -0.035180, 0.039563, 0.132565, 0.984137, 0.117905, -0.007569, 0.019380, -0.121506, 0.992401, 0.256655, 0.000000, 0.000000, 0.000000, 1.000000, 0.019380, -0.121506, 0.992401, 0.328155, -0.990985, 0.129273, 0.035180, -0.007063, -0.132565, -0.984137, -0.117905, 0.264643, 0.000000, 0.000000, 0.000000, 1.000000, 0.999941, -0.004221, 0.010039, 0.020712, 0.010166, 0.031198, -0.999462, 0.040809, 0.003906, 0.999504, 0.031239, -0.036825, 0.000000, 0.000000, 0.000000, 1.000000
-5.0561, 39.3145, -7.5865, 256.7160, 328.2160, -6.8145, 264.6600, 20.7056, 40.6974, -36.7964, 0.991184, -0.128428, -0.032561, 0.039315, 0.131393, 0.984398, 0.117032, -0.007587, 0.017023, -0.120278, 0.992594, 0.256716, 0.000000, 0.000000, 0.000000, 1.000000, 0.017023, -0.120278, 0.992594, 0.328216, -0.991184, 0.128428, 0.032561, -0.006815, -0.131393, -0.984398, -0.117032, 0.264660, 0.000000, 0.000000, 0.000000, 1.000000, 0.999911, -0.004785, 0.012491, 0.020706, 0.012630, 0.030247, -0.999463, 0.040697, 0.004405, 0.999531, 0.030305, -0.036796, 0.000000, 0.000000, 0.000000, 1.000000
-4.9592, 39.0496, -7.6172, 256.6694, 328.1694, -6.5496, 264.6907, 20.7089, 40.6877, -36.7671, 0.991337, -0.126976, -0.033579, 0.039050, 0.130096, 0.984429, 0.118212, -0.007617, 0.018046, -0.121557, 0.992420, 0.256669, 0.000000, 0.000000, 0.000000, 1.000000, 0.018046, -0.121557, 0.992420, 0.328169, -0.991337, 0.126976, 0.033579, -0.006550, -0.130096, -0.984429, -0.118212, 0.264691, 0.000000, 0.000000, 0.000000, 1.000000, 0.999920, -0.005045, 0.011575, 0.020709, 0.011730, 0.031871, -0.999423, 0.040688, 0.004674, 0.999479, 0.031928, -0.036767, 0.000000, 0.000000, 0.000000, 1.000000
-4.8909, 38.8475, -7.6184, 256.6263, 328.1263, -6.3475, 264.6919, 20.6984, 40.6886, -36.7238, 0.991502, -0.125106, -0.035671, 0.038848, 0.128432, 0.985002, 0.115220, -0.007618, 0.020721, -0.118822, 0.992699, 0.256626, 0.000000, 0.000000, 0.000000, 1.000000, 0.020721, -0.118822, 0.992699, 0.328126, -0.991502, 0.125106, 0.035671, -0.006348, -0.128432, -0.985002, -0.115220, 0.264692, 0.000000, 0.000000, 0.000000, 1.000000, 0.999950, -0.004211, 0.009096, 0.020698, 0.009216, 0.029384, -0.999526, 0.040689, 0.003941, 0.999559, 0.029421, -0.036724, 0.000000, 0.000000, 0.000000, 1.000000
-4.8056, 38.5653, -7.6710, 256.5798, 328.0798, -6.0653, 264.7445, 20.6490, 40.6857, -36.7175, 0.991719, -0.123719, -0.034444, 0.038565, 0.126923, 0.985107, 0.115993, -0.007671, 0.019580, -0.119404, 0.992653, 0.256580, 0.000000, 0.000000, 0.000000, 1.000000, 0.019580, -0.119404, 0.992653, 0.328080, -0.991719, 0.123719, 0.034444, -0.006065, -0.126923, -0.985107, -0.115993, 0.264744, 0.000000, 0.000000, 0.000000, 1.000000, 0.999937, -0.004304, 0.010365, 0.020649, 0.010490, 0.030270, -0.999487, 0.040686, 0.003988, 0.999532, 0.030313, -0.036718, 0.000000, 0.000000, 0.000000, 1.000000
-4.7123, 38.3355, -7.6763, 256.5452, 328.0452, -5.8355, 264.7497, 20.6807, 40.6651, -36.6705, 0.991854, -0.122653, -0.034373, 0.038335, 0.125837, 0.985353, 0.115082, -0.007676, 0.019755, -0.118470, 0.992761, 0.256545, 0.000000, 0.000000, 0.000000, 1.000000, 0.019755, -0.118470, 0.992761, 0.328045, -0.991854, 0.122653, 0.034373, -0.005835, -0.125837, -0.985353, -0.115082, 0.264750, 0.000000, 0.000000, 0.000000, 1.000000, 0.999936, -0.004792, 0.010277, 0.020681, 0.010415, 0.029646, -0.999506, 0.040665, 0.004485, 0.999549, 0.029694, -0.036670, 0.000000, 0.000000, 0.000000, 1.000000
-4.6336, 38.0734, -7.7056, 256.4226, 327.9226, -5.5734, 264.7791, 20.6334, 40.7400, -36.6393, 0.992052, -0.121246, -0.033644, 0.038073, 0.124379, 0.985381, 0.116426, -0.007706, 0.019036, -0.119686, 0.992629, 0.256423, 0.000000, 0.000000, 0.000000, 1.000000, 0.019036, -0.119686, 0.992629, 0.327923, -0.992052, 0.121246, 0.033644, -0.005573, -0.124379, -0.985381, -0.116426, 0.264779, 0.000000, 0.000000, 0.000000, 1.000000, 0.999927, -0.004781, 0.011119, 0.020633, 0.011263, 0.031150, -0.999451, 0.040740, 0.004432, 0.999503, 0.031202, -0.036639, 0.000000, 0.000000, 0.000000, 1.000000
-4.5415, 37.8431, -7.7195, 256.3757, 327.8757, -5.3431, 264.7929, 20.6593, 40.7330, -36.6006, 0.992161, -0.119722, -0.035809, 0.037843, 0.123069, 0.985846, 0.113850, -0.007719, 0.021671, -0.117365, 0.992852, 0.256376, 0.000000, 0.000000, 0.000000, 1.000000, 0.021671, -0.117365, 0.992852, 0.327876, -0.992161, 0.119722, 0.035809, -0.005343, -0.123069, -0.985846, -0.113850, 0.264793, 0.000000, 0.000000, 0.000000, 1.000000, 0.999952, -0.004724, 0.008621, 0.020659, 0.008755, 0.029142, -0.999537, 0.040733, 0.004470, 0.999564, 0.029182, -0.036601, 0.000000, 0.000000, 0.000000, 1.000000
-4.4723, 37.5903, -7.7305, 256.3189, 327.8189, -5.0903, 264.8040, 20.5988, 40.7459, -36.5613, 0.992345, -0.117970, -0.036528, 0.037590, 0.121402, 0.986106, 0.113388, -0.007731, 0.022644, -0.116955, 0.992879, 0.256319, 0.000000, 0.000000, 0.000000, 1.000000, 0.022644, -0.116955, 0.992879, 0.327819, -0.992345, 0.117970, 0.036528, -0.005090, -0.121402, -0.986106, -0.113388, 0.264804, 0.000000, 0.000000, 0.000000, 1.000000, 0.999961, -0.004131, 0.007819, 0.020599, 0.007935, 0.028993, -0.999548, 0.040746, 0.003902, 0.999571, 0.029025, -0.036561, 0.000000, 0.000000, 0.000000, 1.000000
-4.3770, 37.3450, -7.7602, 256.2893, 327.7893, -4.8450, 264.8337, 20.6175, 40.7208, -36.5380, 0.992500, -0.116973, -0.035513, 0.037345, 0.120296, 0.986225, 0.113534, -0.007760, 0.021743, -0.116954, 0.992899, 0.256289, 0.000000, 0.000000, 0.000000, 1.000000, 0.021743, -0.116954, 0.992899, 0.327789, -0.992500, 0.116973, 0.035513, -0.004845, -0.120296, -0.986225, -0.113534, 0.264834, 0.000000, 0.000000, 0.000000, 1.000000, 0.999950, -0.004765, 0.008796, 0.020618, 0.008932, 0.029313, -0.999530, 0.040721, 0.004505, 0.999559, 0.029354, -0.036538, 0.000000, 0.000000, 0.000000, 1.000000
-4.3000, 37.1041, -7.7748, 256.2891, 327.7891, -4.6041, 264.8483, 20.5917, 40.6745, -36.5076, 0.992715, -0.115425, -0.034561, 0.037104, 0.118629, 0.986521, 0.112709, -0.007775, 0.021086, -0.115988, 0.993027, 0.256289, 0.000000, 0.000000, 0.000000, 1.000000, 0.021086, -0.115988, 0.993027, 0.327789, -0.992715, 0.115425, 0.034561, -0.004604, -0.118629, -0.986521, -0.112709, 0.264848, 0.000000, 0.000000, 0.000000, 1.000000, 0.999944, -0.004485, 0.009611, 0.020592, 0.009735, 0.028622, -0.999543, 0.040674, 0.004208, 0.999580, 0.028664, -0.036508, 0.000000, 0.000000, 0.000000, 1.000000
-4.2242, 36.8506, -7.7930, 256.2469, 327.7469, -4.3506, 264.8665, 20.5481, 40.6704, -36.4762, 0.992913, -0.113890, -0.033945, 0.036851, 0.117018, 0.986792, 0.112020, -0.007793, 0.020739, -0.115198, 0.993126, 0.256247, 0.000000, 0.000000, 0.000000, 1.000000, 0.020739, -0.115198, 0.993126, 0.327747, -0.992913, 0.113890, 0.033945, -0.004351, -0.117018, -0.986792, -0.112020, 0.264866, 0.000000, 0.000000, 0.000000, 1.000000, 0.999940, -0.004208, 0.010117, 0.020548, 0.010231, 0.028106, -0.999553, 0.040670, 0.003922, 0.999596, 0.028147, -0.036476, 0.000000, 0.000000, 0.000000, 1.000000
-4.1429, 36.5946, -7.8152, 256.2173, 327.7173, -4.0946, 264.8886, 20.5176, 40.6512, -36.4486, 0.993015, -0.112553, -0.035412, 0.036595, 0.115852, 0.986958, 0.111772, -0.007815, 0.022370, -0.115094, 0.993103, 0.256217, 0.000000, 0.000000, 0.000000, 1.000000, 0.022370, -0.115094, 0.993103, 0.327717, -0.993015, 0.112553, 0.035412, -0.004095, -0.115852, -0.986958, -0.111772, 0.264889, 0.000000, 0.000000, 0.000000, 1.000000, 0.999954, -0.004255, 0.008592, 0.020518, 0.008709, 0.028289, -0.999562, 0.040651, 0.004010, 0.999591, 0.028325, -0.036449, 0.000000, 0.000000, 0.000000, 1.000000
-4.0401, 36.3407, -7.8439, 256.0434, 327.5434, -3.8407, 264.9174, 20.5443, 40.7655, -36.4109, 0.993177, -0.110970, -0.035849, 0.036341, 0.114369, 0.986934, 0.113497, -0.007844, 0.022786, -0.116822, 0.992891, 0.256043, 0.000000, 0.000000, 0.000000, 1.000000, 0.022786, -0.116822, 0.992891, 0.327543, -0.993177, 0.110970, 0.035849, -0.003841, -0.114369, -0.986934, -0.113497, 0.264917, 0.000000, 0.000000, 0.000000, 1.000000, 0.999956, -0.004507, 0.008284, 0.020544, 0.008417, 0.030389, -0.999503, 0.040766, 0.004253, 0.999528, 0.030425, -0.036411, 0.000000, 0.000000, 0.000000, 1.000000
-3.9645, 36.1042, -7.8691, 256.0456, 327.5456, -3.6042, 264.9426, 20.5175, 40.7186, -36.3933, 0.993323, -0.109923, -0.035030, 0.036104, 0.113201, 0.987232, 0.112065, -0.007869, 0.022264, -0.115282, 0.993083, 0.256046, 0.000000, 0.000000, 0.000000, 1.000000, 0.022264, -0.115282, 0.993083, 0.327546, -0.993323, 0.109923, 0.035030, -0.003604, -0.113201, -0.987232, -0.112065, 0.264943, 0.000000, 0.000000, 0.000000, 1.000000, 0.999949, -0.004683, 0.008915, 0.020517, 0.009048, 0.029103, -0.999535, 0.040719, 0.004421, 0.999565, 0.029144, -0.036393, 0.000000, 0.000000, 0.000000, 1.000000
-3.8777, 35.8587, -7.8933, 256.0983, 327.5983, -3.3587, 264.9667, 20.5150, 40.6154, -36.3759, 0.993507, -0.108402, -0.034548, 0.035859, 0.111600, 0.987586, 0.110540, -0.007893, 0.022136, -0.113678, 0.993271, 0.256098, 0.000000, 0.000000, 0.000000, 1.000000, 0.022136, -0.113678, 0.993271, 0.327598, -0.993507, 0.108402, 0.034548, -0.003359, -0.111600, -0.987586, -0.110540, 0.264967, 0.000000, 0.000000, 0.000000, 1.000000, 0.999947, -0.004574, 0.009192, 0.020515, 0.009316, 0.027801, -0.999570, 0.040615, 0.004317, 0.999603, 0.027842, -0.036376, 0.000000, 0.000000, 0.000000, 1.000000
-3.8015, 35.6142, -7.8984, 256.1248, 327.6248, -3.1142, 264.9718, 20.4852, 40.5419, -36.3403, 0.993620, -0.106965, -0.035743, 0.035614, 0.110289, 0.987819, 0.109775, -0.007898, 0.023566, -0.113017, 0.993314, 0.256125, 0.000000, 0.000000, 0.000000, 1.000000, 0.023566, -0.113017, 0.993314, 0.327625, -0.993620, 0.106965, 0.035743, -0.003114, -0.110289, -0.987819, -0.109775, 0.264972, 0.000000, 0.000000, 0.000000, 1.000000, 0.999959, -0.004410, 0.007887, 0.020485, 0.008005, 0.027413, -0.999592, 0.040542, 0.004192, 0.999614, 0.027447, -0.036340, 0.000000, 0.000000, 0.000000, 1.000000
-3.7096, 35.3398, -7.9283, 255.9376, 327.4376, -2.8398, 265.0018, 20.4598, 40.6744, -36.3046, 0.993798, -0.105934, -0.033816, 0.035340, 0.109151, 0.987400, 0.114571, -0.007928, 0.021253, -0.117551, 0.992839, 0.255938, 0.000000, 0.000000, 0.000000, 1.000000, 0.021253, -0.117551, 0.992839, 0.327438, -0.993798, 0.105934, 0.033816, -0.002840, -0.109151, -0.987400, -0.114571, 0.265002, 0.000000, 0.000000, 0.000000, 1.000000, 0.999934, -0.005152, 0.010248, 0.020460, 0.010409, 0.032283, -0.999425, 0.040674, 0.004819, 0.999465, 0.032335, -0.036305, 0.000000, 0.000000, 0.000000, 1.000000
-3.6272, 35.0885, -7.9323, 255.8614, 327.3614, -2.5885, 265.0057, 20.4374, 40.6996, -36.2578, 0.993915, -0.104545, -0.034694, 0.035089, 0.107803, 0.987908, 0.111432, -0.007932, 0.022625, -0.114494, 0.993166, 0.255861, 0.000000, 0.000000, 0.000000, 1.000000, 0.022625, -0.114494, 0.993166, 0.327361, -0.993915, 0.104545, 0.034694, -0.002589, -0.107803, -0.987908, -0.111432, 0.265006, 0.000000, 0.000000, 0.000000, 1.000000, 0.999947, -0.005036, 0.009007, 0.020437, 0.009152, 0.029504, -0.999523, 0.040700, 0.004768, 0.999552, 0.029549, -0.036258, 0.000000, 0.000000, 0.000000, 1.000000
-3.5389, 34.8232, -7.9509, 255.8433, 327.3433, -2.3232, 265.0243, 20.4173, 40.6651, -36.2280, 0.994081, -0.102927, -0.034755, 0.034823, 0.106197, 0.988105, 0.111223, -0.007951, 0.022894, -0.114256, 0.993188, 0.255843, 0.000000, 0.000000, 0.000000, 1.000000, 0.022894, -0.114256, 0.993188, 0.327343, -0.994081, 0.102927, 0.034755, -0.002323, -0.106197, -0.988105, -0.111223, 0.265024, 0.000000, 0.000000, 0.000000, 1.000000, 0.999948, -0.004918, 0.008887, 0.020417, 0.009029, 0.029584, -0.999522, 0.040665, 0.004652, 0.999550, 0.029627, -0.036228, 0.000000, 0.000000, 0.000000, 1.000000
-3.4684, 34.5818, -7.9768, 255.7716, 327.2716, -2.0818, 265.0503, 20.3694, 40.6938, -36.2079, 0.994289, -0.101289, -0.033603, 0.034582, 0.104481, 0.988064, 0.113200, -0.007977, 0.021736, -0.116064, 0.993004, 0.255772, 0.000000, 0.000000, 0.000000, 1.000000, 0.021736, -0.116064, 0.993004, 0.327272, -0.994289, 0.101289, 0.033603, -0.002082, -0.104481, -0.988064, -0.113200, 0.265050, 0.000000, 0.000000, 0.000000, 1.000000, 0.999938, -0.004563, 0.010183, 0.020369, 0.010323, 0.031669, -0.999445, 0.040694, 0.004238, 0.999488, 0.031714, -0.036208, 0.000000, 0.000000, 0.000000, 1.000000
-3.3897, 34.3389, -7.9944, 255.8228, 327.3228, -1.8389, 265.0679, 20.3472, 40.5957, -36.1882, 0.994453, -0.099946, -0.032759, 0.034339, 0.103006, 0.988441, 0.111237, -0.007994, 0.021263, -0.113994, 0.993254, 0.255823, 0.000000, 0.000000, 0.000000, 1.000000, 0.021263, -0.113994, 0.993254, 0.327323, -0.994453, 0.099946, 0.032759, -0.001839, -0.103006, -0.988441, -0.111237, 0.265068, 0.000000, 0.000000, 0.000000, 1.000000, 0.999932, -0.004473, 0.010792, 0.020347, 0.010921, 0.029870, -0.999494, 0.040596, 0.004149, 0.999544, 0.029917, -0.036188, 0.000000, 0.000000, 0.000000, 1.000000
-3.2922, 34.0795, -8.0033, 255.7856, 327.2856, -1.5795, 265.0768, 20.3588, 40.5751, -36.1469, 0.994612, -0.098431, -0.032541, 0.034079, 0.101390, 0.989047, 0.107267, -0.008003, 0.021626, -0.109989, 0.993698, 0.255786, 0.000000, 0.000000, 0.000000, 1.000000, 0.021626, -0.109989, 0.993698, 0.327286, -0.994612, 0.098431, 0.032541, -0.001579, -0.101390, -0.989047, -0.107267, 0.265077, 0.000000, 0.000000, 0.000000, 1.000000, 0.999934, -0.004453, 0.010592, 0.020359, 0.010705, 0.026189, -0.999600, 0.040575, 0.004174, 0.999647, 0.026235, -0.036147, 0.000000, 0.000000, 0.000000, 1.000000
-3.2192, 33.8363, -8.0160, 255.7105, 327.2105, -1.3363, 265.0894, 20.3163, 40.6052, -36.1136, 0.994685, -0.096655, -0.035487, 0.033836, 0.099984, 0.989029, 0.108740, -0.008016, 0.024588, -0.111710, 0.993437, 0.255711, 0.000000, 0.000000, 0.000000, 1.000000, 0.024588, -0.111710, 0.993437, 0.327211, -0.994685, 0.096655, 0.035487, -0.001336, -0.099984, -0.989029, -0.108740, 0.265089, 0.000000, 0.000000, 0.000000, 1.000000, 0.999962, -0.003997, 0.007769, 0.020316, 0.007879, 0.028198, -0.999571, 0.040605, 0.003777, 0.999594, 0.028229, -0.036114, 0.000000, 0.000000, 0.000000, 1.000000
-3.1217, 33.6149, -8.0164, 255.6741, 327.1741, -1.1149, 265.0898, 20.3669, 40.5846, -36.0683, 0.994834, -0.095526, -0.034346, 0.033615, 0.098706, 0.989290, 0.107531, -0.008016, 0.023706, -0.110365, 0.993608, 0.255674, 0.000000, 0.000000, 0.000000, 1.000000, 0.023706, -0.110365, 0.993608, 0.327174, -0.994834, 0.095526, 0.034346, -0.001115, -0.098706, -0.989290, -0.107531, 0.265090, 0.000000, 0.000000, 0.000000, 1.000000, 0.999952, -0.004482, 0.008748, 0.020367, 0.008866, 0.027179, -0.999591, 0.040585, 0.004242, 0.999621, 0.027218, -0.036068, 0.000000, 0.000000, 0.000000, 1.000000
-3.0487, 33.3392, -8.0353, 255.6731, 327.1731, -0.8392, 265.1088, 20.2940, 40.5401, -36.0452, 0.995037, -0.094004, -0.032626, 0.033339, 0.097000, 0.989472, 0.107408, -0.008035, 0.022186, -0.110040, 0.993680, 0.255673, 0.000000, 0.000000, 0.000000, 1.000000, 0.022186, -0.110040, 0.993680, 0.327173, -0.995037, 0.094004, 0.032626, -0.000839, -0.097000, -0.989472, -0.107408, 0.265109, 0.000000, 0.000000, 0.000000, 1.000000, 0.999937, -0.004192, 0.010416, 0.020294, 0.010526, 0.027124, -0.999577, 0.040540, 0.003908, 0.999623, 0.027166, -0.036045, 0.000000, 0.000000, 0.000000, 1.000000
-2.9639, 33.0949, -8.0641, 255.5465, 327.0465, -0.5949, 265.1375, 20.2804, 40.6168, -36.0221, 0.995152, -0.092973, -0.032078, 0.033095, 0.095947, 0.989413, 0.108883, -0.008064, 0.021615, -0.111433, 0.993537, 0.255547, 0.000000, 0.000000, 0.000000, 1.000000, 0.021615, -0.111433, 0.993537, 0.327047, -0.995152, 0.092973, 0.032078, -0.000595, -0.095947, -0.989413, -0.108883, 0.265138, 0.000000, 0.000000, 0.000000, 1.000000, 0.999928, -0.004676, 0.011053, 0.020280, 0.011183, 0.028814, -0.999522, 0.040617, 0.004355, 0.999574, 0.028865, -0.036022, 0.000000, 0.000000, 0.000000, 1.000000
-2.8725, 32.8282, -8.0892, 255.5015, 327.0015, -0.3282, 265.1627, 20.2659, 40.6079, -35.9991, 0.995276, -0.091628, -0.032097, 0.032828, 0.094633, 0.989430, 0.109880, -0.008089, 0.021689, -0.112399, 0.993426, 0.255502, 0.000000, 0.000000, 0.000000, 1.000000, 0.021689, -0.112399, 0.993426, 0.327002, -0.995276, 0.091628, 0.032097, -0.000328, -0.094633, -0.989430, -0.109880, 0.265163, 0.000000, 0.000000, 0.000000, 1.000000, 0.999926, -0.004938, 0.011076, 0.020266, 0.011219, 0.030107, -0.999484, 0.040608, 0.004602, 0.999534, 0.030160, -0.035999, 0.000000, 0.000000, 0.000000, 1.000000
-2.7967, 32.6216, -8.0880, 255.4746, 326.9746, -0.1216, 265.1615, 20.2706, 40.5890, -35.9606, 0.995363, -0.090494, -0.032607, 0.032622, 0.093522, 0.989737, 0.108052, -0.008088, 0.022494, -0.110600, 0.993610, 0.255475, 0.000000, 0.000000, 0.000000, 1.000000, 0.022494, -0.110600, 0.993610, 0.326975, -0.995363, 0.090494, 0.032607, -0.000122, -0.093522, -0.989737, -0.108052, 0.265161, 0.000000, 0.000000, 0.000000, 1.000000, 0.999934, -0.005024, 0.010371, 0.020271, 0.010510, 0.028567, -0.999537, 0.040589, 0.004725, 0.999579, 0.028618, -0.035961, 0.000000, 0.000000, 0.000000, 1.000000
-2.7130, 32.3558, -8.0958, 255.4209, 326.9209, 0.1442, 265.1692, 20.2367, 40.5912, -35.9222, 0.995452, -0.088533, -0.035188, 0.032356, 0.091825, 0.990036, 0.106756, -0.008096, 0.025386, -0.109502, 0.993662, 0.255421, 0.000000, 0.000000, 0.000000, 1.000000, 0.025386, -0.109502, 0.993662, 0.326921, -0.995452, 0.088533, 0.035188, 0.000144, -0.091825, -0.990036, -0.106756, 0.265169, 0.000000, 0.000000, 0.000000, 1.000000, 0.999961, -0.004446, 0.007647, 0.020237, 0.007768, 0.027782, -0.999584, 0.040591, 0.004232, 0.999604, 0.027815, -0.035922, 0.000000, 0.000000, 0.000000, 1.000000
-2.6378, 32.1055, -8.1439, 255.3543, 326.8543, 0.3945, 265.2173, 20.1903, 40.6143, -35.9265, 0.995683, -0.087682, -0.030446, 0.032105, 0.090467, 0.990129, 0.107057, -0.008144, 0.020759, -0.109349, 0.993787, 0.255354, 0.000000, 0.000000, 0.000000, 1.000000, 0.020759, -0.109349, 0.993787, 0.326854, -0.995683, 0.087682, 0.030446, 0.000395, -0.090467, -0.990129, -0.107057, 0.265217, 0.000000, 0.000000, 0.000000, 1.000000, 0.999912, -0.004878, 0.012362, 0.020190, 0.012493, 0.027885, -0.999533, 0.040614, 0.004531, 0.999599, 0.027943, -0.035926, 0.000000, 0.000000, 0.000000, 1.000000
-2.5271, 31.8500, -8.1515, 255.2730, 326.7730, 0.6500, 265.2249, 20.2413, 40.6310, -35.8814, 0.995754, -0.085890, -0.033117, 0.031850, 0.088988, 0.990209, 0.107549, -0.008151, 0.023555, -0.110039, 0.993648, 0.255273, 0.000000, 0.000000, 0.000000, 1.000000, 0.023555, -0.110039, 0.993648, 0.326773, -0.995754, 0.085890, 0.033117, 0.000650, -0.088988, -0.990209, -0.107549, 0.265225, 0.000000, 0.000000, 0.000000, 1.000000, 0.999941, -0.005011, 0.009679, 0.020241, 0.009820, 0.028974, -0.999532, 0.040631, 0.004729, 0.999568, 0.029021, -0.035881, 0.000000, 0.000000, 0.000000, 1.000000
-2.4631, 31.6384, -8.1329, 255.3343, 326.8343, 0.8616, 265.2064, 20.2121, 40.5286, -35.8363, 0.995849, -0.084520, -0.033769, 0.031638, 0.087596, 0.990773, 0.103417, -0.008133, 0.024717, -0.105946, 0.994065, 0.255334, 0.000000, 0.000000, 0.000000, 1.000000, 0.024717, -0.105946, 0.994065, 0.326834, -0.995849, 0.084520, 0.033769, 0.000862, -0.087596, -0.990773, -0.103417, 0.265206, 0.000000, 0.000000, 0.000000, 1.000000, 0.999952, -0.004560, 0.008664, 0.020212, 0.008776, 0.025102, -0.999646, 0.040529, 0.004341, 0.999674, 0.025141, -0.035836, 0.000000, 0.000000, 0.000000, 1.000000
-2.3840, 31.3633, -8.1471, 255.2518, 326.7518, 1.1367, 265.2206, 20.1540, 40.5621, -35.8039, 0.995919, -0.082984, -0.035485, 0.031363, 0.086235, 0.990950, 0.102866, -0.008147, 0.026627, -0.105506, 0.994062, 0.255252, 0.000000, 0.000000, 0.000000, 1.000000, 0.026627, -0.105506, 0.994062, 0.326752, -0.995919, 0.082984, 0.035485, 0.001137, -0.086235, -0.990950, -0.102866, 0.265221, 0.000000, 0.000000, 0.000000, 1.000000, 0.999967, -0.004360, 0.006883, 0.020154, 0.006990, 0.024952, -0.999664, 0.040562, 0.004186, 0.999679, 0.024982, -0.035804, 0.000000, 0.000000, 0.000000, 1.000000
-2.3080, 31.1054, -8.1775, 255.1541, 326.6541, 1.3946, 265.2509, 20.1028, 40.6140, -35.7889, 0.996098, -0.081800, -0.033123, 0.031105, 0.084870, 0.990801, 0.105407, -0.008177, 0.024196, -0.107807, 0.993877, 0.255154, 0.000000, 0.000000, 0.000000, 1.000000, 0.024196, -0.107807, 0.993877, 0.326654, -0.996098, 0.081800, 0.033123, 0.001395, -0.084870, -0.990801, -0.105407, 0.265251, 0.000000, 0.000000, 0.000000, 1.000000, 0.999945, -0.004577, 0.009403, 0.020103, 0.009526, 0.027534, -0.999575, 0.040614, 0.004316, 0.999610, 0.027576, -0.035789, 0.000000, 0.000000, 0.000000, 1.000000
-2.2087, 30.8780, -8.1969, 255.1268, 326.6268, 1.6220, 265.2703, 20.1505, 40.5846, -35.7662, 0.996181, -0.080485, -0.033846, 0.030878, 0.083652, 0.990854, 0.105877, -0.008197, 0.025015, -0.108304, 0.993803, 0.255127, 0.000000, 0.000000, 0.000000, 1.000000, 0.025015, -0.108304, 0.993803, 0.326627, -0.996181, 0.080485, 0.033846, 0.001622, -0.083652, -0.990854, -0.105877, 0.265270, 0.000000, 0.000000, 0.000000, 1.000000, 0.999950, -0.004987, 0.008663, 0.020151, 0.008801, 0.028379, -0.999558, 0.040585, 0.004738, 0.999585, 0.028421, -0.035766, 0.000000, 0.000000, 0.000000, 1.000000
-2.1219, 30.6299, -8.2067, 255.1230, 326.6230, 1.8701, 265.2802, 20.1435, 40.5367, -35.7375, 0.996305, -0.079251, -0.033109, 0.030630, 0.082324, 0.991057, 0.105020, -0.008207, 0.024490, -0.107358, 0.993919, 0.255123, 0.000000, 0.000000, 0.000000, 1.000000, 0.024490, -0.107358, 0.993919, 0.326623, -0.996305, 0.079251, 0.033109, 0.001870, -0.082324, -0.991057, -0.105020, 0.265280, 0.000000, 0.000000, 0.000000, 1.000000, 0.999943, -0.005200, 0.009300, 0.020144, 0.009440, 0.027734, -0.999571, 0.040537, 0.004940, 0.999602, 0.027781, -0.035737, 0.000000, 0.000000, 0.000000, 1.000000
-2.0452, 30.3785, -8.2119, 255.0294, 326.5294, 2.1215, 265.2853, 20.1027, 40.5826, -35.6993, 0.996428, -0.077454, -0.033647, 0.030378, 0.080634, 0.991028, 0.106593, -0.008212, 0.025089, -0.108925, 0.993733, 0.255029, 0.000000, 0.000000, 0.000000, 1.000000, 0.025089, -0.108925, 0.993733, 0.326529, -0.996428, 0.077454, 0.033647, 0.002122, -0.080634, -0.991028, -0.106593, 0.265285, 0.000000, 0.000000, 0.000000, 1.000000, 0.999949, -0.004783, 0.008841, 0.020103, 0.008979, 0.029602, -0.999521, 0.040583, 0.004519, 0.999550, 0.029643, -0.035699, 0.000000, 0.000000, 0.000000, 1.000000
-1.9602, 30.1051, -8.1972, 255.0507, 326.5507, 2.3949, 265.2706, 20.0686, 40.5075, -35.6475, 0.996652, -0.076039, -0.030037, 0.030105, 0.078764, 0.991515, 0.103411, -0.008197, 0.021918, -0.105431, 0.994185, 0.255051, 0.000000, 0.000000, 0.000000, 1.000000, 0.021918, -0.105431, 0.994185, 0.326551, -0.996652, 0.076039, 0.030037, 0.002395, -0.078764, -0.991515, -0.103411, 0.265271, 0.000000, 0.000000, 0.000000, 1.000000, 0.999915, -0.004677, 0.012171, 0.020069, 0.012291, 0.026398, -0.999576, 0.040508, 0.004353, 0.999641, 0.026453, -0.035647, 0.000000, 0.000000, 0.000000, 1.000000
-1.8789, 29.8696, -8.2057, 255.0156, 326.5156, 2.6304, 265.2791, 20.0580, 40.4938, -35.6182, 0.996662, -0.074567, -0.033244, 0.029870, 0.077545, 0.991984, 0.099770, -0.008206, 0.025538, -0.102015, 0.994455, 0.255016, 0.000000, 0.000000, 0.000000, 1.000000, 0.025538, -0.102015, 0.994455, 0.326516, -0.996662, 0.074567, 0.033244, 0.002630, -0.077545, -0.991984, -0.099770, 0.265279, 0.000000, 0.000000, 0.000000, 1.000000, 0.999952, -0.004453, 0.008677, 0.020058, 0.008779, 0.023265, -0.999691, 0.040494, 0.004250, 0.999719, 0.023303, -0.035618, 0.000000, 0.000000, 0.000000, 1.000000
-1.7912, 29.6088, -8.2286, 254.8657, 326.3657, 2.8912, 265.3021, 20.0349, 40.5914, -35.5915, 0.996820, -0.072950, -0.032076, 0.029609, 0.075950, 0.991544, 0.105228, -0.008229, 0.024129, -0.107329, 0.993931, 0.254866, 0.000000, 0.000000, 0.000000, 1.000000, 0.024129, -0.107329, 0.993931, 0.326366, -0.996820, 0.072950, 0.032076, 0.002891, -0.075950, -0.991544, -0.105228, 0.265302, 0.000000, 0.000000, 0.000000, 1.000000, 0.999938, -0.004564, 0.010183, 0.020035, 0.010311, 0.028924, -0.999528, 0.040591, 0.004267, 0.999571, 0.028969, -0.035591, 0.000000, 0.000000, 0.000000, 1.000000
-1.7244, 29.3420, -8.2426, 254.8748, 326.3748, 3.1580, 265.3161, 19.9539, 40.5399, -35.5730, 0.996906, -0.071710, -0.032188, 0.029342, 0.074699, 0.991768, 0.103998, -0.008243, 0.024465, -0.106081, 0.994056, 0.254875, 0.000000, 0.000000, 0.000000, 1.000000, 0.024465, -0.106081, 0.994056, 0.326375, -0.996906, 0.071710, 0.032188, 0.003158, -0.074699, -0.991768, -0.103998, 0.265316, 0.000000, 0.000000, 0.000000, 1.000000, 0.999941, -0.004417, 0.009955, 0.019954, 0.010075, 0.027915, -0.999560, 0.040540, 0.004137, 0.999601, 0.027958, -0.035573, 0.000000, 0.000000, 0.000000, 1.000000
-1.6334, 29.0833, -8.2620, 254.8419, 326.3419, 3.4167, 265.3354, 19.9462, 40.5191, -35.5521, 0.997068, -0.070518, -0.029714, 0.029083, 0.073297, 0.991648, 0.106122, -0.008262, 0.021982, -0.107989, 0.993909, 0.254842, 0.000000, 0.000000, 0.000000, 1.000000, 0.021982, -0.107989, 0.993909, 0.326342, -0.997068, 0.070518, 0.029714, 0.003417, -0.073297, -0.991648, -0.106122, 0.265335, 0.000000, 0.000000, 0.000000, 1.000000, 0.999910, -0.004866, 0.012521, 0.019946, 0.012662, 0.030149, -0.999465, 0.040519, 0.004486, 0.999534, 0.030208, -0.035552, 0.000000, 0.000000, 0.000000, 1.000000
-1.5383, 28.8335, -8.2769, 254.7378, 326.2378, 3.6665, 265.3504, 19.9568, 40.5674, -35.5215, 0.997182, -0.069211, -0.028938, 0.028833, 0.071924, 0.991698, 0.106597, -0.008277, 0.021320, -0.108378, 0.993881, 0.254738, 0.000000, 0.000000, 0.000000, 1.000000, 0.021320, -0.108378, 0.993881, 0.326238, -0.997182, 0.069211, 0.028938, 0.003667, -0.071924, -0.991698, -0.106597, 0.265350, 0.000000, 0.000000, 0.000000, 1.000000, 0.999898, -0.005208, 0.013277, 0.019957, 0.013431, 0.030874, -0.999433, 0.040567, 0.004795, 0.999510, 0.030941, -0.035521, 0.000000, 0.000000, 0.000000, 1.000000
-1.4625, 28.6016, -8.2809, 254.7299, 326.2299, 3.8984, 265.3544, 19.9356, 40.5290, -35.4932, 0.997261, -0.067764, -0.029623, 0.028602, 0.070530, 0.991936, 0.105302, -0.008281, 0.022249, -0.107103, 0.993999, 0.254730, 0.000000, 0.000000, 0.000000, 1.000000, 0.022249, -0.107103, 0.993999, 0.326230, -0.997261, 0.067764, 0.029623, 0.003898, -0.070530, -0.991936, -0.105302, 0.265354, 0.000000, 0.000000, 0.000000, 1.000000, 0.999910, -0.005006, 0.012470, 0.019936, 0.012614, 0.029873, -0.999474, 0.040529, 0.004631, 0.999541, 0.029934, -0.035493, 0.000000, 0.000000, 0.000000, 1.000000
-1.3827, 28.3673, -8.2761, 254.7044, 326.2044, 4.1327, 265.3495, 19.9229, 40.5056, -35.4540, 0.997227, -0.065848, -0.034689, 0.028367, 0.069066, 0.992423, 0.101619, -0.008276, 0.027734, -0.103733, 0.994218, 0.254704, 0.000000, 0.000000, 0.000000, 1.000000, 0.027734, -0.103733, 0.994218, 0.326204, -0.997227, 0.065848, 0.034689, 0.004133, -0.069066, -0.992423, -0.101619, 0.265350, 0.000000, 0.000000, 0.000000, 1.000000, 0.999965, -0.004315, 0.007144, 0.019923, 0.007257, 0.026798, -0.999615, 0.040506, 0.004122, 0.999632, 0.026828, -0.035454, 0.000000, 0.000000, 0.000000, 1.000000
-1.2883, 28.0956, -8.2920, 254.6228, 326.1228, 4.4044, 265.3654, 19.9103, 40.5309, -35.4260, 0.997397, -0.064929, -0.031367, 0.028096, 0.067844, 0.992353, 0.103112, -0.008292, 0.024432, -0.104972, 0.994175, 0.254623, 0.000000, 0.000000, 0.000000, 1.000000, 0.024432, -0.104972, 0.994175, 0.326123, -0.997397, 0.064929, 0.031367, 0.004404, -0.067844, -0.992353, -0.103112, 0.265365, 0.000000, 0.000000, 0.000000, 1.000000, 0.999932, -0.005070, 0.010507, 0.019910, 0.010646, 0.028361, -0.999541, 0.040531, 0.004770, 0.999585, 0.028413, -0.035426, 0.000000, 0.000000, 0.000000, 1.000000
-1.2133, 27.8497, -8.3050, 254.5794, 326.0794, 4.6503, 265.3784, 19.8708, 40.5286, -35.4044, 0.997507, -0.063124, -0.031552, 0.027850, 0.066031, 0.992623, 0.101685, -0.008305, 0.024900, -0.103514, 0.994316, 0.254579, 0.000000, 0.000000, 0.000000, 1.000000, 0.024900, -0.103514, 0.994316, 0.326079, -0.997507, 0.063124, 0.031552, 0.004650, -0.066031, -0.992623, -0.101685, 0.265378, 0.000000, 0.000000, 0.000000, 1.000000, 0.999938, -0.004488, 0.010201, 0.019871, 0.010320, 0.027188, -0.999577, 0.040529, 0.004209, 0.999620, 0.027233, -0.035404, 0.000000, 0.000000, 0.000000, 1.000000
-1.1342, 27.6116, -8.3117, 254.5240, 326.0240, 4.8884, 265.3851, 19.8504, 40.5359, -35.3755, 0.997581, -0.061657, -0.032111, 0.027612, 0.064625, 0.992734, 0.101507, -0.008312, 0.025619, -0.103337, 0.994316, 0.254524, 0.000000, 0.000000, 0.000000, 1.000000, 0.025619, -0.103337, 0.994316, 0.326024, -0.997581, 0.061657, 0.032111, 0.004888, -0.064625, -0.992734, -0.101507, 0.265385, 0.000000, 0.000000, 0.000000, 1.000000, 0.999944, -0.004371, 0.009595, 0.019850, 0.009711, 0.027301, -0.999580, 0.040536, 0.004107, 0.999618, 0.027342, -0.035376, 0.000000, 0.000000, 0.000000, 1.000000
-1.0252, 27.3778, -8.3022, 254.5096, 326.0096, 5.1222, 265.3757, 19.9197, 40.4869, -35.3277, 0.997604, -0.060606, -0.033357, 0.027378, 0.063667, 0.992949, 0.099995, -0.008302, 0.027062, -0.101879, 0.994429, 0.254510, 0.000000, 0.000000, 0.000000, 1.000000, 0.027062, -0.101879, 0.994429, 0.326010, -0.997604, 0.060606, 0.033357, 0.005122, -0.063667, -0.992949, -0.099995, 0.265376, 0.000000, 0.000000, 0.000000, 1.000000, 0.999953, -0.005130, 0.008215, 0.019920, 0.008347, 0.026206, -0.999622, 0.040487, 0.004913, 0.999643, 0.026248, -0.035328, 0.000000, 0.000000, 0.000000, 1.000000
-0.9483, 27.1254, -8.2992, 254.4004, 325.9004, 5.3746, 265.3726, 19.8772, 40.5479, -35.2855, 0.997698, -0.059179, -0.033117, 0.027125, 0.062233, 0.992996, 0.100430, -0.008299, 0.026942, -0.102260, 0.994393, 0.254400, 0.000000, 0.000000, 0.000000, 1.000000, 0.026942, -0.102260, 0.994393, 0.325900, -0.997698, 0.059179, 0.033117, 0.005375, -0.062233, -0.992996, -0.100430, 0.265373, 0.000000, 0.000000, 0.000000, 1.000000, 0.999952, -0.005038, 0.008451, 0.019877, 0.008584, 0.026872, -0.999602, 0.040548, 0.004809, 0.999626, 0.026914, -0.035285, 0.000000, 0.000000, 0.000000, 1.000000
-0.8835, 26.8733, -8.3117, 254.3975, 325.8975, 5.6267, 265.3851, 19.8046, 40.5099, -35.2697, 0.997856, -0.057614, -0.031059, 0.026873, 0.060435, 0.993226, 0.099244, -0.008312, 0.025131, -0.100908, 0.994578, 0.254397, 0.000000, 0.000000, 0.000000, 1.000000, 0.025131, -0.100908, 0.994578, 0.325897, -0.997856, 0.057614, 0.031059, 0.005627, -0.060435, -0.993226, -0.099244, 0.265385, 0.000000, 0.000000, 0.000000, 1.000000, 0.999936, -0.004529, 0.010414, 0.019805, 0.010527, 0.025767, -0.999613, 0.040510, 0.004259, 0.999658, 0.025813, -0.035270, 0.000000, 0.000000, 0.000000, 1.000000
-0.7792, 26.6388, -8.3120, 254.3648, 325.8648, 5.8612, 265.3855, 19.8589, 40.4821, -35.2324, 0.997892, -0.056045, -0.032718, 0.026639, 0.059021, 0.993387, 0.098478, -0.008312, 0.026983, -0.100202, 0.994601, 0.254365, 0.000000, 0.000000, 0.000000, 1.000000, 0.026983, -0.100202, 0.994601, 0.325865, -0.997892, 0.056045, 0.032718, 0.005861, -0.059021, -0.993387, -0.098478, 0.265385, 0.000000, 0.000000, 0.000000, 1.000000, 0.999951, -0.004723, 0.008670, 0.019859, 0.008787, 0.025430, -0.999638, 0.040482, 0.004500, 0.999665, 0.025471, -0.035232, 0.000000, 0.000000, 0.000000, 1.000000
-0.7174, 26.4067, -8.3237, 254.4036, 325.9036, 6.0933, 265.3971, 19.7992, 40.4047, -35.2214, 0.997948, -0.054751, -0.033206, 0.026407, 0.057737, 0.993622, 0.096860, -0.008324, 0.027691, -0.098579, 0.994744, 0.254404, 0.000000, 0.000000, 0.000000, 1.000000, 0.027691, -0.098579, 0.994744, 0.325904, -0.997948, 0.054751, 0.033206, 0.006093, -0.057737, -0.993622, -0.096860, 0.265397, 0.000000, 0.000000, 0.000000, 1.000000, 0.999958, -0.004421, 0.008074, 0.019799, 0.008178, 0.024035, -0.999678, 0.040405, 0.004225, 0.999701, 0.024070, -0.035221, 0.000000, 0.000000, 0.000000, 1.000000
-0.6216, 26.1220, -8.3385, 254.2692, 325.7692, 6.3780, 265.4120, 19.7752, 40.4815, -35.1910, 0.998112, -0.053594, -0.030001, 0.026122, 0.056362, 0.993322, 0.100667, -0.008339, 0.024406, -0.102168, 0.994468, 0.254269, 0.000000, 0.000000, 0.000000, 1.000000, 0.024406, -0.102168, 0.994468, 0.325769, -0.998112, 0.053594, 0.030001, 0.006378, -0.056362, -0.993322, -0.100667, 0.265412, 0.000000, 0.000000, 0.000000, 1.000000, 0.999922, -0.005058, 0.011422, 0.019775, 0.011559, 0.027970, -0.999542, 0.040481, 0.004736, 0.999596, 0.028027, -0.035191, 0.000000, 0.000000, 0.000000, 1.000000
-0.5405, 25.8714, -8.3357, 254.2360, 325.7360, 6.6286, 265.4091, 19.7487, 40.4647, -35.1558, 0.998134, -0.052249, -0.031605, 0.025871, 0.055177, 0.993428, 0.100279, -0.008336, 0.026158, -0.101836, 0.994457, 0.254236, 0.000000, 0.000000, 0.000000, 1.000000, 0.026158, -0.101836, 0.994457, 0.325736, -0.998134, 0.052249, 0.031605, 0.006629, -0.055177, -0.993428, -0.100279, 0.265409, 0.000000, 0.000000, 0.000000, 1.000000, 0.999939, -0.005091, 0.009762, 0.019749, 0.009901, 0.027931, -0.999561, 0.040465, 0.004816, 0.999597, 0.027980, -0.035156, 0.000000, 0.000000, 0.000000, 1.000000
-0.4643, 25.6482, -8.3247, 254.1520, 325.6520, 6.8518, 265.3982, 19.7347, 40.5014, -35.1116, 0.998163, -0.050164, -0.033975, 0.025648, 0.053215, 0.993975, 0.095820, -0.008325, 0.028964, -0.097452, 0.994819, 0.254152, 0.000000, 0.000000, 0.000000, 1.000000, 0.028964, -0.097452, 0.994819, 0.325652, -0.998163, 0.050164, 0.033975, 0.006852, -0.053215, -0.993975, -0.095820, 0.265398, 0.000000, 0.000000, 0.000000, 1.000000, 0.999966, -0.004133, 0.007150, 0.019735, 0.007247, 0.023838, -0.999690, 0.040501, 0.003961, 0.999707, 0.023867, -0.035112, 0.000000, 0.000000, 0.000000, 1.000000
-0.3874, 25.3995, -8.3415, 254.0491, 325.5491, 7.1005, 265.4149, 19.6950, 40.5576, -35.0926, 0.998239, -0.048857, -0.033646, 0.025399, 0.051959, 0.993778, 0.098519, -0.008341, 0.028623, -0.100093, 0.994566, 0.254049, 0.000000, 0.000000, 0.000000, 1.000000, 0.028623, -0.100093, 0.994566, 0.325549, -0.998239, 0.048857, 0.033646, 0.007101, -0.051959, -0.993778, -0.098519, 0.265415, 0.000000, 0.000000, 0.000000, 1.000000, 0.999962, -0.004256, 0.007569, 0.019695, 0.007680, 0.026770, -0.999612, 0.040558, 0.004052, 0.999633, 0.026801, -0.035093, 0.000000, 0.000000, 0.000000, 1.000000
-0.2905, 25.1531, -8.3487, 254.0760, 325.5760, 7.3469, 265.4221, 19.7181, 40.4742, -35.0697, 0.998315, -0.047711, -0.033020, 0.025153, 0.050716, 0.993982, 0.097093, -0.008349, 0.028189, -0.098604, 0.994727, 0.254076, 0.000000, 0.000000, 0.000000, 1.000000, 0.028189, -0.098604, 0.994727, 0.325576, -0.998315, 0.047711, 0.033020, 0.007347, -0.050716, -0.993982, -0.097093, 0.265422, 0.000000, 0.000000, 0.000000, 1.000000, 0.999956, -0.004713, 0.008088, 0.019718, 0.008206, 0.025610, -0.999638, 0.040474, 0.004504, 0.999661, 0.025648, -0.035070, 0.000000, 0.000000, 0.000000, 1.000000
-0.2153, 24.8745, -8.3561, 254.0898, 325.5898, 7.6255, 265.4296, 19.6483, 40.4131, -35.0498, 0.998458, -0.046580, -0.030187, 0.024875, 0.049306, 0.994069, 0.096931, -0.008356, 0.025493, -0.098270, 0.994833, 0.254090, 0.000000, 0.000000, 0.000000, 1.000000, 0.025493, -0.098270, 0.994833, 0.325590, -0.998458, 0.046580, 0.030187, 0.007625, -0.049306, -0.994069, -0.096931, 0.265430, 0.000000, 0.000000, 0.000000, 1.000000, 0.999929, -0.004859, 0.010879, 0.019648, 0.011000, 0.025544, -0.999613, 0.040413, 0.004579, 0.999662, 0.025596, -0.035050, 0.000000, 0.000000, 0.000000, 1.000000
-0.1230, 24.6209, -8.3654, 254.0021, 325.5021, 7.8791, 265.4388, 19.6471, 40.4459, -35.0222, 0.998590, -0.045161, -0.027890, 0.024621, 0.047728, 0.993892, 0.099499, -0.008365, 0.023227, -0.100690, 0.994647, 0.254002, 0.000000, 0.000000, 0.000000, 1.000000, 0.023227, -0.100690, 0.994647, 0.325502, -0.998590, 0.045161, 0.027890, 0.007879, -0.047728, -0.993892, -0.099499, 0.265439, 0.000000, 0.000000, 0.000000, 1.000000, 0.999899, -0.005125, 0.013237, 0.019647, 0.013377, 0.028305, -0.999510, 0.040446, 0.004748, 0.999586, 0.028371, -0.035022, 0.000000, 0.000000, 0.000000, 1.000000
-0.0417, 24.3776, -8.3540, 253.9313, 325.4313, 8.1224, 265.4274, 19.6272, 40.4663, -34.9785, 0.998622, -0.043140, -0.029874, 0.024378, 0.045867, 0.994170, 0.097580, -0.008354, 0.025490, -0.098816, 0.994779, 0.253931, 0.000000, 0.000000, 0.000000, 1.000000, 0.025490, -0.098816, 0.994779, 0.325431, -0.998622, 0.043140, 0.029874, 0.008122, -0.045867, -0.994170, -0.097580, 0.265427, 0.000000, 0.000000, 0.000000, 1.000000, 0.999928, -0.004423, 0.011141, 0.019627, 0.011255, 0.026745, -0.999579, 0.040466, 0.004123, 0.999633, 0.026792, -0.034978, 0.000000, 0.000000, 0.000000, 1.000000
0.0433, 24.1159, -8.3467, 253.9114, 325.4114, 8.3841, 265.4201, 19.6009, 40.4336, -34.9413, 0.998708, -0.042133, -0.028421, 0.024116, 0.044687, 0.994358, 0.096204, -0.008347, 0.024207, -0.097350, 0.994956, 0.253911, 0.000000, 0.000000, 0.000000, 1.000000, 0.024207, -0.097350, 0.994956, 0.325411, -0.998708, 0.042133, 0.028421, 0.008384, -0.044687, -0.994358, -0.096204, 0.265420, 0.000000, 0.000000, 0.000000, 1.000000, 0.999910, -0.004816, 0.012502, 0.019601, 0.012621, 0.025568, -0.999593, 0.040434, 0.004495, 0.999661, 0.025626, -0.034941, 0.000000, 0.000000, 0.000000, 1.000000
0.1233, 23.8658, -8.3373, 253.8594, 325.3594, 8.6342, 265.4107, 19.5710, 40.4357, -34.9016, 0.998683, -0.040541, -0.031434, 0.023866, 0.043382, 0.994464, 0.095701, -0.008337, 0.027380, -0.096939, 0.994914, 0.253859, 0.000000, 0.000000, 0.000000, 1.000000, 0.027380, -0.096939, 0.994914, 0.325359, -0.998683, 0.040541, 0.031434, 0.008634, -0.043382, -0.994464, -0.095701, 0.265411, 0.000000, 0.000000, 0.000000, 1.000000, 0.999945, -0.004581, 0.009436, 0.019571, 0.009550, 0.025457, -0.999630, 0.040436, 0.004339, 0.999665, 0.025499, -0.034902, 0.000000, 0.000000, 0.000000, 1.000000
0.2116, 23.6204, -8.3505, 253.7868, 325.2868, 8.8796, 265.4240, 19.5668, 40.4562, -34.8819, 0.998767, -0.039494, -0.030089, 0.023620, 0.042226, 0.994453, 0.096329, -0.008351, 0.026118, -0.097481, 0.994895, 0.253787, 0.000000, 0.000000, 0.000000, 1.000000, 0.026118, -0.097481, 0.994895, 0.325287, -0.998767, 0.039494, 0.030089, 0.008880, -0.042226, -0.994453, -0.096329, 0.265424, 0.000000, 0.000000, 0.000000, 1.000000, 0.999929, -0.005075, 0.010771, 0.019567, 0.010901, 0.026308, -0.999594, 0.040456, 0.004789, 0.999641, 0.026361, -0.034882, 0.000000, 0.000000, 0.000000, 1.000000
0.2887, 23.3807, -8.3575, 253.7121, 325.2121, 9.1193, 265.4309, 19.5380, 40.4838, -34.8587, 0.998765, -0.037668, -0.032386, 0.023381, 0.040631, 0.994521, 0.096314, -0.008357, 0.028581, -0.097511, 0.994824, 0.253712, 0.000000, 0.000000, 0.000000, 1.000000, 0.028581, -0.097511, 0.994824, 0.325212, -0.998765, 0.037668, 0.032386, 0.009119, -0.040631, -0.994521, -0.096314, 0.265431, 0.000000, 0.000000, 0.000000, 1.000000, 0.999954, -0.004575, 0.008432, 0.019538, 0.008551, 0.026639, -0.999609, 0.040484, 0.004348, 0.999635, 0.026677, -0.034859, 0.000000, 0.000000, 0.000000, 1.000000
0.3727, 23.1344, -8.3625, 253.7598, 325.2598, 9.3656, 265.4360, 19.5259, 40.3859, -34.8410, 0.998895, -0.036434, -0.029690, 0.023134, 0.039043, 0.994933, 0.092653, -0.008363, 0.026163, -0.093710, 0.995256, 0.253760, 0.000000, 0.000000, 0.000000, 1.000000, 0.026163, -0.093710, 0.995256, 0.325260, -0.998895, 0.036434, 0.029690, 0.009366, -0.039043, -0.994933, -0.092653, 0.265436, 0.000000, 0.000000, 0.000000, 1.000000, 0.999929, -0.004627, 0.010972, 0.019526, 0.011077, 0.023126, -0.999671, 0.040386, 0.004372, 0.999722, 0.023175, -0.034841, 0.000000, 0.000000, 0.000000, 1.000000
0.4599, 22.8585, -8.3578, 253.6821, 325.1821, 9.6415, 265.4313, 19.4886, 40.4096, -34.8035, 0.998952, -0.035060, -0.029414, 0.022858, 0.037656, 0.994960, 0.092938, -0.008358, 0.026007, -0.093948, 0.995237, 0.253682, 0.000000, 0.000000, 0.000000, 1.000000, 0.026007, -0.093948, 0.995237, 0.325182, -0.998952, 0.035060, 0.029414, 0.009642, -0.037656, -0.994960, -0.092938, 0.265431, 0.000000, 0.000000, 0.000000, 1.000000, 0.999926, -0.004761, 0.011229, 0.019489, 0.011339, 0.023680, -0.999655, 0.040410, 0.004494, 0.999708, 0.023732, -0.034803, 0.000000, 0.000000, 0.000000, 1.000000
0.5375, 22.6293, -8.3580, 253.5908, 325.0908, 9.8707, 265.4315, 19.4710, 40.4534, -34.7738, 0.998991, -0.033743, -0.029649, 0.022629, 0.036373, 0.994987, 0.093160, -0.008358, 0.026356, -0.094144, 0.995210, 0.253591, 0.000000, 0.000000, 0.000000, 1.000000, 0.026356, -0.094144, 0.995210, 0.325091, -0.998991, 0.033743, 0.029649, 0.009871, -0.036373, -0.994987, -0.093160, 0.265431, 0.000000, 0.000000, 0.000000, 1.000000, 0.999928, -0.004786, 0.010962, 0.019471, 0.011074, 0.024162, -0.999647, 0.040453, 0.004519, 0.999697, 0.024213, -0.034774, 0.000000, 0.000000, 0.000000, 1.000000
0.6326, 22.3772, -8.3583, 253.5425, 325.0425, 10.1228, 265.4317, 19.4801, 40.4453, -34.7431, 0.999015, -0.032090, -0.030662, 0.022377, 0.034873, 0.994863, 0.095030, -0.008358, 0.027455, -0.096006, 0.995002, 0.253543, 0.000000, 0.000000, 0.000000, 1.000000, 0.027455, -0.096006, 0.995002, 0.325043, -0.999015, 0.032090, 0.030662, 0.010123, -0.034873, -0.994863, -0.095030, 0.265432, 0.000000, 0.000000, 0.000000, 1.000000, 0.999939, -0.004843, 0.009968, 0.019480, 0.010092, 0.026380, -0.999601, 0.040445, 0.004579, 0.999640, 0.026428, -0.034743, 0.000000, 0.000000, 0.000000, 1.000000
0.7073, 22.1189, -8.3495, 253.5834, 325.0834, 10.3811, 265.4229, 19.4304, 40.3572, -34.7142, 0.999160, -0.031057, -0.026736, 0.022119, 0.033421, 0.995103, 0.093024, -0.008349, 0.023716, -0.093840, 0.995305, 0.253583, 0.000000, 0.000000, 0.000000, 1.000000, 0.023716, -0.093840, 0.995305, 0.325083, -0.999160, 0.031057, 0.026736, 0.010381, -0.033421, -0.995103, -0.093024, 0.265423, 0.000000, 0.000000, 0.000000, 1.000000, 0.999892, -0.005007, 0.013807, 0.019430, 0.013925, 0.024472, -0.999604, 0.040357, 0.004667, 0.999688, 0.024539, -0.034714, 0.000000, 0.000000, 0.000000, 1.000000
0.8046, 21.8734, -8.3655, 253.3856, 324.8856, 10.6266, 265.4390, 19.4463, 40.4983, -34.6895, 0.999173, -0.029319, -0.028156, 0.021873, 0.031907, 0.994837, 0.096335, -0.008366, 0.025186, -0.097154, 0.994951, 0.253386, 0.000000, 0.000000, 0.000000, 1.000000, 0.025186, -0.097154, 0.994951, 0.324886, -0.999173, 0.029319, 0.028156, 0.010627, -0.031907, -0.994837, -0.096335, 0.265439, 0.000000, 0.000000, 0.000000, 1.000000, 0.999910, -0.005077, 0.012427, 0.019446, 0.012565, 0.028159, -0.999524, 0.040498, 0.004724, 0.999591, 0.028220, -0.034690, 0.000000, 0.000000, 0.000000, 1.000000
0.8732, 21.6289, -8.3318, 253.4835, 324.9835, 10.8711, 265.4052, 19.3959, 40.3554, -34.6421, 0.999265, -0.027716, -0.026500, 0.021629, 0.029978, 0.995565, 0.089173, -0.008332, 0.023910, -0.089902, 0.995664, 0.253483, 0.000000, 0.000000, 0.000000, 1.000000, 0.023910, -0.089902, 0.995664, 0.324983, -0.999265, 0.027716, 0.026500, 0.010871, -0.029978, -0.995565, -0.089173, 0.265405, 0.000000, 0.000000, 0.000000, 1.000000, 0.999894, -0.004357, 0.013890, 0.019396, 0.013979, 0.021151, -0.999679, 0.040355, 0.004062, 0.999767, 0.021210, -0.034642, 0.000000, 0.000000, 0.000000, 1.000000
0.9538, 21.3867, -8.3347, 253.3857, 324.8857, 11.1133, 265.4082, 19.3729, 40.4041, -34.6156, 0.999203, -0.026446, -0.029913, 0.021387, 0.029071, 0.995422, 0.091045, -0.008335, 0.027369, -0.091842, 0.995397, 0.253386, 0.000000, 0.000000, 0.000000, 1.000000, 0.027369, -0.091842, 0.995397, 0.324886, -0.999203, 0.026446, 0.029913, 0.011113, -0.029071, -0.995422, -0.091045, 0.265408, 0.000000, 0.000000, 0.000000, 1.000000, 0.999935, -0.004552, 0.010488, 0.019373, 0.010591, 0.023390, -0.999670, 0.040404, 0.004305, 0.999716, 0.023437, -0.034616, 0.000000, 0.000000, 0.000000, 1.000000
1.0483, 21.1319, -8.3541, 253.2542, 324.7542, 11.3681, 265.4276, 19.3741, 40.4801, -34.6005, 0.999249, -0.025228, -0.029407, 0.021132, 0.027912, 0.995109, 0.094760, -0.008354, 0.026873, -0.095510, 0.995066, 0.253254, 0.000000, 0.000000, 0.000000, 1.000000, 0.026873, -0.095510, 0.995066, 0.324754, -0.999249, 0.025228, 0.029407, 0.011368, -0.027912, -0.995109, -0.094760, 0.265428, 0.000000, 0.000000, 0.000000, 1.000000, 0.999926, -0.005106, 0.011023, 0.019374, 0.011159, 0.027403, -0.999562, 0.040480, 0.004802, 0.999611, 0.027458, -0.034601, 0.000000, 0.000000, 0.000000, 1.000000
1.1182, 20.8857, -8.3590, 253.2210, 324.7210, 11.6143, 265.4324, 19.3198, 40.4697, -34.5833, 0.999315, -0.024096, -0.028081, 0.020886, 0.026682, 0.995053, 0.095693, -0.008359, 0.025636, -0.096377, 0.995015, 0.253221, 0.000000, 0.000000, 0.000000, 1.000000, 0.025636, -0.096377, 0.995015, 0.324721, -0.999315, 0.024096, 0.028081, 0.011614, -0.026682, -0.995053, -0.095693, 0.265432, 0.000000, 0.000000, 0.000000, 1.000000, 0.999910, -0.005210, 0.012335, 0.019320, 0.012478, 0.028528, -0.999515, 0.040470, 0.004856, 0.999579, 0.028590, -0.034583, 0.000000, 0.000000, 0.000000, 1.000000
1.2120, 20.6082, -8.3511, 253.1372, 324.6372, 11.8918, 265.4246, 19.2982, 40.4961, -34.5449, 0.999336, -0.022508, -0.028643, 0.020608, 0.025102, 0.995286, 0.093682, -0.008351, 0.026399, -0.094338, 0.995190, 0.253137, 0.000000, 0.000000, 0.000000, 1.000000, 0.026399, -0.094338, 0.995190, 0.324637, -0.999336, 0.022508, 0.028643, 0.011892, -0.025102, -0.995286, -0.093682, 0.265425, 0.000000, 0.000000, 0.000000, 1.000000, 0.999918, -0.005153, 0.011699, 0.019298, 0.011833, 0.026827, -0.999570, 0.040496, 0.004837, 0.999627, 0.026886, -0.034545, 0.000000, 0.000000, 0.000000, 1.000000
1.2876, 20.3779, -8.3295, 253.1092, 324.6092, 12.1221, 265.4029, 19.2762, 40.4767, -34.5015, 0.999267, -0.020735, -0.032183, 0.020378, 0.023555, 0.995676, 0.089860, -0.008329, 0.030180, -0.090552, 0.995434, 0.253109, 0.000000, 0.000000, 0.000000, 1.000000, 0.030180, -0.090552, 0.995434, 0.324609, -0.999267, 0.020735, 0.032183, 0.012122, -0.023555, -0.995676, -0.089860, 0.265403, 0.000000, 0.000000, 0.000000, 1.000000, 0.999957, -0.004526, 0.008061, 0.019276, 0.008164, 0.023326, -0.999695, 0.040477, 0.004337, 0.999718, 0.023362, -0.034502, 0.000000, 0.000000, 0.000000, 1.000000
1.3726, 20.1326, -8.3202, 253.0129, 324.5129, 12.3674, 265.3937, 19.2626, 40.5207, -34.4641, 0.999342, -0.019172, -0.030777, 0.020133, 0.021913, 0.995579, 0.091337, -0.008320, 0.028890, -0.091951, 0.995344, 0.253013, 0.000000, 0.000000, 0.000000, 1.000000, 0.028890, -0.091951, 0.995344, 0.324513, -0.999342, 0.019172, 0.030777, 0.012367, -0.021913, -0.995579, -0.091337, 0.265394, 0.000000, 0.000000, 0.000000, 1.000000, 0.999945, -0.004482, 0.009447, 0.019263, 0.009556, 0.025048, -0.999641, 0.040521, 0.004243, 0.999676, 0.025089, -0.034464, 0.000000, 0.000000, 0.000000, 1.000000
1.4476, 19.8857, -8.3269, 253.0553, 324.5553, 12.6143, 265.4003, 19.2242, 40.4325, -34.4543, 0.999451, -0.018244, -0.027641, 0.019886, 0.020709, 0.995573, 0.091682, -0.008327, 0.025846, -0.092205, 0.995405, 0.253055, 0.000000, 0.000000, 0.000000, 1.000000, 0.025846, -0.092205, 0.995405, 0.324555, -0.999451, 0.018244, 0.027641, 0.012614, -0.020709, -0.995573, -0.091682, 0.265400, 0.000000, 0.000000, 0.000000, 1.000000, 0.999909, -0.004852, 0.012555, 0.019224, 0.012676, 0.025565, -0.999593, 0.040433, 0.004529, 0.999661, 0.025624, -0.034454, 0.000000, 0.000000, 0.000000, 1.000000
1.5416, 19.6102, -8.3302, 253.0373, 324.5373, 12.8898, 265.4036, 19.2078, 40.3940, -34.4330, 0.999580, -0.017126, -0.023386, 0.019610, 0.019255, 0.995376, 0.094104, -0.008330, 0.021666, -0.094514, 0.995288, 0.253037, 0.000000, 0.000000, 0.000000, 1.000000, 0.021666, -0.094514, 0.995288, 0.324537, -0.999580, 0.017126, 0.023386, 0.012890, -0.019255, -0.995376, -0.094104, 0.265404, 0.000000, 0.000000, 0.000000, 1.000000, 0.999844, -0.005443, 0.016799, 0.019208, 0.016946, 0.028210, -0.999458, 0.040394, 0.004966, 0.999587, 0.028298, -0.034433, 0.000000, 0.000000, 0.000000, 1.000000
1.6150, 19.3639, -8.3125, 253.0169, 324.5169, 13.1361, 265.3860, 19.1633, 40.3678, -34.3959, 0.999528, -0.015401, -0.026582, 0.019364, 0.017734, 0.995791, 0.089924, -0.008313, 0.025085, -0.090353, 0.995594, 0.253017, 0.000000, 0.000000, 0.000000, 1.000000, 0.025085, -0.090353, 0.995594, 0.324517, -0.999528, 0.015401, 0.026582, 0.013136, -0.017734, -0.995791, -0.089924, 0.265386, 0.000000, 0.000000, 0.000000, 1.000000, 0.999897, -0.004812, 0.013530, 0.019163, 0.013643, 0.024325, -0.999611, 0.040368, 0.004481, 0.999693, 0.024388, -0.034396, 0.000000, 0.000000, 0.000000, 1.000000
1.7167, 19.1428, -8.3099, 252.8623, 324.3623, 13.3572, 265.3834, 19.2173, 40.4633, -34.3597, 0.999541, -0.013642, -0.027066, 0.019143, 0.016045, 0.995752, 0.090663, -0.008310, 0.025714, -0.091055, 0.995514, 0.252862, 0.000000, 0.000000, 0.000000, 1.000000, 0.025714, -0.091055, 0.995514, 0.324362, -0.999541, 0.013642, 0.027066, 0.013357, -0.016045, -0.995752, -0.090663, 0.265383, 0.000000, 0.000000, 0.000000, 1.000000, 0.999904, -0.004831, 0.013002, 0.019217, 0.013121, 0.025406, -0.999591, 0.040463, 0.004498, 0.999666, 0.025467, -0.034360, 0.000000, 0.000000, 0.000000, 1.000000
1.7952, 18.8751, -8.2967, 252.9083, 324.4083, 13.6249, 265.3702, 19.1677, 40.3679, -34.3308, 0.999541, -0.012419, -0.027648, 0.018875, 0.014750, 0.996206, 0.085772, -0.008297, 0.026478, -0.086140, 0.995931, 0.252908, 0.000000, 0.000000, 0.000000, 1.000000, 0.026478, -0.086140, 0.995931, 0.324408, -0.999541, 0.012419, 0.027648, 0.013625, -0.014750, -0.996206, -0.085772, 0.265370, 0.000000, 0.000000, 0.000000, 1.000000, 0.999912, -0.004760, 0.012356, 0.019168, 0.012452, 0.020762, -0.999707, 0.040368, 0.004502, 0.999773, 0.020820, -0.034331, 0.000000, 0.000000, 0.000000, 1.000000
1.8815, 18.6084, -8.3012, 252.8038, 324.3038, 13.8916, 265.3746, 19.1352, 40.4197, -34.3085, 0.999619, -0.011429, -0.025105, 0.018608, 0.013640, 0.995869, 0.089770, -0.008301, 0.023976, -0.090078, 0.995646, 0.252804, 0.000000, 0.000000, 0.000000, 1.000000, 0.023976, -0.090078, 0.995646, 0.324304, -0.999619, 0.011429, 0.025105, 0.013892, -0.013640, -0.995869, -0.089770, 0.265375, 0.000000, 0.000000, 0.000000, 1.000000, 0.999874, -0.005412, 0.014892, 0.019135, 0.015023, 0.025012, -0.999574, 0.040420, 0.005037, 0.999673, 0.025090, -0.034309, 0.000000, 0.000000, 0.000000, 1.000000
1.9729, 18.3505, -8.3002, 252.6872, 324.1872, 14.1495, 265.3736, 19.1249, 40.4813, -34.2795, 0.999612, -0.009725, -0.026114, 0.018350, 0.012103, 0.995638, 0.092507, -0.008300, 0.025100, -0.092788, 0.995370, 0.252687, 0.000000, 0.000000, 0.000000, 1.000000, 0.025100, -0.092788, 0.995370, 0.324187, -0.999612, 0.009725, 0.026114, 0.014150, -0.012103, -0.995638, -0.092507, 0.265374, 0.000000, 0.000000, 0.000000, 1.000000, 0.999889, -0.005389, 0.013856, 0.019125, 0.014002, 0.028073, -0.999508, 0.040481, 0.004997, 0.999591, 0.028146, -0.034280, 0.000000, 0.000000, 0.000000, 1.000000
2.0369, 18.1220, -8.2770, 252.6933, 324.1933, 14.3780, 265.3504, 19.0733, 40.4335, -34.2425, 0.999621, -0.008178, -0.026294, 0.018122, 0.010516, 0.995883, 0.090034, -0.008277, 0.025449, -0.090276, 0.995592, 0.252693, 0.000000, 0.000000, 0.000000, 1.000000, 0.025449, -0.090276, 0.995592, 0.324193, -0.999621, 0.008178, 0.026294, 0.014378, -0.010516, -0.995883, -0.090034, 0.265350, 0.000000, 0.000000, 0.000000, 1.000000, 0.999895, -0.004841, 0.013636, 0.019073, 0.013757, 0.025808, -0.999572, 0.040433, 0.004487, 0.999655, 0.025872, -0.034242, 0.000000, 0.000000, 0.000000, 1.000000
2.1296, 17.8770, -8.2659, 252.6340, 324.1340, 14.6230, 265.3394, 19.0818, 40.4371, -34.2077, 0.999596, -0.006845, -0.027574, 0.017877, 0.009263, 0.996032, 0.088518, -0.008266, 0.026858, -0.088737, 0.995693, 0.252634, 0.000000, 0.000000, 0.000000, 1.000000, 0.026858, -0.088737, 0.995693, 0.324134, -0.999596, 0.006845, 0.027574, 0.014623, -0.009263, -0.996032, -0.088518, 0.265339, 0.000000, 0.000000, 0.000000, 1.000000, 0.999912, -0.005041, 0.012312, 0.019082, 0.012432, 0.024599, -0.999620, 0.040437, 0.004736, 0.999685, 0.024659, -0.034208, 0.000000, 0.000000, 0.000000, 1.000000
2.1984, 17.5970, -8.2721, 252.6217, 324.1217, 14.9030, 265.3456, 18.9909, 40.4051, -34.1984, 0.999721, -0.005649, -0.022955, 0.017597, 0.007601, 0.996277, 0.085878, -0.008272, 0.022384, -0.086028, 0.996041, 0.252622, 0.000000, 0.000000, 0.000000, 1.000000, 0.022384, -0.086028, 0.996041, 0.324122, -0.999721, 0.005649, 0.022955, 0.014903, -0.007601, -0.996277, -0.085878, 0.265346, 0.000000, 0.000000, 0.000000, 1.000000, 0.999845, -0.004918, 0.016901, 0.018991, 0.017006, 0.022138, -0.999610, 0.040405, 0.004542, 0.999743, 0.022218, -0.034198, 0.000000, 0.000000, 0.000000, 1.000000
2.2942, 17.3568, -8.2681, 252.5328, 324.0328, 15.1432, 265.3416, 19.0114, 40.4374, -34.1690, 0.999676, -0.003926, -0.025133, 0.017357, 0.006108, 0.996160, 0.087343, -0.008268, 0.024694, -0.087469, 0.995861, 0.252533, 0.000000, 0.000000, 0.000000, 1.000000, 0.024694, -0.087469, 0.995861, 0.324033, -0.999676, 0.003926, 0.025133, 0.015143, -0.006108, -0.996160, -0.087343, 0.265342, 0.000000, 0.000000, 0.000000, 1.000000, 0.999880, -0.004901, 0.014684, 0.019011, 0.014797, 0.023941, -0.999604, 0.040437, 0.004547, 0.999701, 0.024010, -0.034169, 0.000000, 0.000000, 0.000000, 1.000000
2.3733, 17.1194, -8.2587, 252.4800, 323.9800, 15.3806, 265.3322, 18.9902, 40.4415, -34.1404, 0.999667, -0.002558, -0.025660, 0.017119, 0.004792, 0.996163, 0.087385, -0.008259, 0.025338, -0.087479, 0.995844, 0.252480, 0.000000, 0.000000, 0.000000, 1.000000, 0.025338, -0.087479, 0.995844, 0.323980, -0.999667, 0.002558, 0.025660, 0.015381, -0.004792, -0.996163, -0.087385, 0.265332, 0.000000, 0.000000, 0.000000, 1.000000, 0.999888, -0.004893, 0.014116, 0.018990, 0.014231, 0.024245, -0.999605, 0.040441, 0.004549, 0.999694, 0.024312, -0.034140, 0.000000, 0.000000, 0.000000, 1.000000
2.4623, 16.8632, -8.2175, 252.4688, 323.9688, 15.6368, 265.2910, 18.9786, 40.3967, -34.0810, 0.999715, -0.001140, -0.023849, 0.016863, 0.003169, 0.996356, 0.085233, -0.008218, 0.023665, -0.085284, 0.996076, 0.252469, 0.000000, 0.000000, 0.000000, 1.000000, 0.023665, -0.085284, 0.996076, 0.323969, -0.999715, 0.001140, 0.023849, 0.015637, -0.003169, -0.996356, -0.085233, 0.265291, 0.000000, 0.000000, 0.000000, 1.000000, 0.999861, -0.004918, 0.015906, 0.018979, 0.016012, 0.022370, -0.999622, 0.040397, 0.004560, 0.999738, 0.022446, -0.034081, 0.000000, 0.000000, 0.000000, 1.000000
2.5400, 16.6075, -8.2165, 252.3869, 323.8869, 15.8925, 265.2899, 18.9340, 40.4305, -34.0599, 0.999749, -0.000179, -0.022400, 0.016608, 0.002146, 0.996134, 0.087822, -0.008216, 0.022298, -0.087848, 0.995884, 0.252387, 0.000000, 0.000000, 0.000000, 1.000000, 0.022298, -0.087848, 0.995884, 0.323887, -0.999749, 0.000179, 0.022400, 0.015892, -0.002146, -0.996134, -0.087822, 0.265290, 0.000000, 0.000000, 0.000000, 1.000000, 0.999836, -0.005396, 0.017312, 0.018934, 0.017443, 0.025214, -0.999530, 0.040430, 0.004957, 0.999668, 0.025304, -0.034060, 0.000000, 0.000000, 0.000000, 1.000000
2.6481, 16.3728, -8.2222, 252.2584, 323.7584, 16.1272, 265.2956, 18.9918, 40.4971, -34.0368, 0.999708, 0.001439, -0.024127, 0.016373, 0.000804, 0.995696, 0.092675, -0.008222, 0.024156, -0.092667, 0.995404, 0.252258, 0.000000, 0.000000, 0.000000, 1.000000, 0.024156, -0.092667, 0.995404, 0.323758, -0.999708, -0.001439, 0.024127, 0.016127, -0.000804, -0.995696, -0.092675, 0.265296, 0.000000, 0.000000, 0.000000, 1.000000, 0.999863, -0.005829, 0.015503, 0.018992, 0.015673, 0.030440, -0.999414, 0.040497, 0.005354, 0.999520, 0.030527, -0.034037, 0.000000, 0.000000, 0.000000, 1.000000
2.7127, 16.1455, -8.2019, 252.2909, 323.7909, 16.3545, 265.2753, 18.9435, 40.4232, -34.0069, 0.999658, 0.002892, -0.025972, 0.016146, -0.000624, 0.996218, 0.086892, -0.008202, 0.026125, -0.086846, 0.995879, 0.252291, 0.000000, 0.000000, 0.000000, 1.000000, 0.026125, -0.086846, 0.995879, 0.323791, -0.999658, -0.002892, 0.025972, 0.016354, 0.000624, -0.996218, -0.086892, 0.265275, 0.000000, 0.000000, 0.000000, 1.000000, 0.999893, -0.005256, 0.013678, 0.018943, 0.013805, 0.024856, -0.999596, 0.040423, 0.004914, 0.999677, 0.024926, -0.034007, 0.000000, 0.000000, 0.000000, 1.000000
2.7903, 15.8902, -8.1863, 252.2101, 323.7101, 16.6098, 265.2597, 18.8988, 40.4548, -33.9726, 0.999634, 0.004501, -0.026678, 0.015890, -0.002225, 0.996402, 0.084725, -0.008186, 0.026964, -0.084635, 0.996047, 0.252210, 0.000000, 0.000000, 0.000000, 1.000000, 0.026964, -0.084635, 0.996047, 0.323710, -0.999634, -0.004501, 0.026678, 0.016610, 0.002225, -0.996402, -0.084725, 0.265260, 0.000000, 0.000000, 0.000000, 1.000000, 0.999904, -0.004893, 0.012951, 0.018899, 0.013060, 0.022938, -0.999652, 0.040455, 0.004594, 0.999725, 0.023000, -0.033973, 0.000000, 0.000000, 0.000000, 1.000000
2.8692, 15.6352, -8.1849, 252.1107, 323.6107, 16.8648, 265.2583, 18.8566, 40.5056, -33.9515, 0.999712, 0.005513, -0.023359, 0.015635, -0.003496, 0.996331, 0.085515, -0.008185, 0.023744, -0.085409, 0.996063, 0.252111, 0.000000, 0.000000, 0.000000, 1.000000, 0.023744, -0.085409, 0.996063, 0.323611, -0.999712, -0.005513, 0.023359, 0.016865, 0.003496, -0.996331, -0.085515, 0.265258, 0.000000, 0.000000, 0.000000, 1.000000, 0.999854, -0.005268, 0.016239, 0.018857, 0.016361, 0.023994, -0.999578, 0.040506, 0.004876, 0.999698, 0.024077, -0.033952, 0.000000, 0.000000, 0.000000, 1.000000
2.9698, 15.3879, -8.1837, 252.1536, 323.6536, 17.1121, 265.2571, 18.8881, 40.4040, -33.9353, 0.999680, 0.007110, -0.024270, 0.015388, -0.005007, 0.996314, 0.085641, -0.008184, 0.024789, -0.085492, 0.996030, 0.252154, 0.000000, 0.000000, 0.000000, 1.000000, 0.024789, -0.085492, 0.996030, 0.323654, -0.999680, -0.007110, 0.024270, 0.017112, 0.005007, -0.996314, -0.085641, 0.265257, 0.000000, 0.000000, 0.000000, 1.000000, 0.999869, -0.005404, 0.015285, 0.018888, 0.015412, 0.024447, -0.999582, 0.040404, 0.005029, 0.999687, 0.024527, -0.033935, 0.000000, 0.000000, 0.000000, 1.000000
3.0516, 15.1506, -8.1583, 252.1891, 323.6891, 17.3494, 265.2318, 18.8771, 40.3180, -33.8985, 0.999634, 0.008713, -0.025594, 0.015151, -0.006538, 0.996454, 0.083881, -0.008158, 0.026234, -0.083683, 0.996147, 0.252189, 0.000000, 0.000000, 0.000000, 1.000000, 0.026234, -0.083683, 0.996147, 0.323689, -0.999634, -0.008713, 0.025594, 0.017349, 0.006538, -0.996454, -0.083881, 0.265232, 0.000000, 0.000000, 0.000000, 1.000000, 0.999889, -0.005135, 0.013951, 0.018877, 0.014065, 0.022946, -0.999638, 0.040318, 0.004813, 0.999724, 0.023016, -0.033899, 0.000000, 0.000000, 0.000000, 1.000000
3.1320, 14.8741, -8.1594, 252.0801, 323.5801, 17.6259, 265.2329, 18.8175, 40.3768, -33.8806, 0.999695, 0.009808, -0.022658, 0.014874, -0.007798, 0.996164, 0.087161, -0.008159, 0.023426, -0.086958, 0.995937, 0.252080, 0.000000, 0.000000, 0.000000, 1.000000, 0.023426, -0.086958, 0.995937, 0.323580, -0.999695, -0.009808, 0.022658, 0.017626, 0.007798, -0.996164, -0.087161, 0.265233, 0.000000, 0.000000, 0.000000, 1.000000, 0.999843, -0.005553, 0.016804, 0.018818, 0.016945, 0.026517, -0.999505, 0.040377, 0.005105, 0.999633, 0.026607, -0.033881, 0.000000, 0.000000, 0.000000, 1.000000
3.2144, 14.6436, -8.1326, 251.9998, 323.4998, 17.8564, 265.2061, 18.8105, 40.4059, -33.8359, 0.999714, 0.011016, -0.021238, 0.014644, -0.009189, 0.996400, 0.084273, -0.008133, 0.022090, -0.084054, 0.996216, 0.252000, 0.000000, 0.000000, 0.000000, 1.000000, 0.022090, -0.084054, 0.996216, 0.323500, -0.999714, -0.011016, 0.021238, 0.017856, 0.009189, -0.996400, -0.084273, 0.265206, 0.000000, 0.000000, 0.000000, 1.000000, 0.999818, -0.005647, 0.018227, 0.018810, 0.018357, 0.023905, -0.999546, 0.040406, 0.005208, 0.999698, 0.024004, -0.033836, 0.000000, 0.000000, 0.000000, 1.000000
3.3106, 14.3792, -8.1229, 251.9454, 323.4454, 18.1208, 265.1963, 18.8085, 40.4024, -33.8080, 0.999677, 0.012778, -0.021953, 0.014379, -0.010963, 0.996665, 0.080857, -0.008123, 0.022913, -0.080590, 0.996484, 0.251945, 0.000000, 0.000000, 0.000000, 1.000000, 0.022913, -0.080590, 0.996484, 0.323445, -0.999677, -0.012778, 0.021953, 0.018121, 0.010963, -0.996665, -0.080857, 0.265196, 0.000000, 0.000000, 0.000000, 1.000000, 0.999832, -0.005403, 0.017534, 0.018808, 0.017643, 0.020795, -0.999628, 0.040402, 0.005036, 0.999769, 0.020887, -0.033808, 0.000000, 0.000000, 0.000000, 1.000000
3.3812, 14.1492, -8.1110, 251.9758, 323.4758, 18.3508, 265.1845, 18.7736, 40.3280, -33.7879, 0.999636, 0.014118, -0.023003, 0.014149, -0.012246, 0.996754, 0.079565, -0.008111, 0.024052, -0.079254, 0.996564, 0.251976, 0.000000, 0.000000, 0.000000, 1.000000, 0.024052, -0.079254, 0.996564, 0.323476, -0.999636, -0.014118, 0.023003, 0.018351, 0.012246, -0.996754, -0.079565, 0.265184, 0.000000, 0.000000, 0.000000, 1.000000, 0.999850, -0.005223, 0.016484, 0.018774, 0.016584, 0.019725, -0.999668, 0.040328, 0.004896, 0.999792, 0.019808, -0.033788, 0.000000, 0.000000, 0.000000, 1.000000
3.4583, 13.9016, -8.1069, 251.8572, 323.3572, 18.5984, 265.1804, 18.7330, 40.3989, -33.7661, 0.999559, 0.015827, -0.025120, 0.013902, -0.013689, 0.996448, 0.083091, -0.008107, 0.026346, -0.082710, 0.996225, 0.251857, 0.000000, 0.000000, 0.000000, 1.000000, 0.026346, -0.082710, 0.996225, 0.323357, -0.999559, -0.015827, 0.025120, 0.018598, 0.013689, -0.996448, -0.083091, 0.265180, 0.000000, 0.000000, 0.000000, 1.000000, 0.999886, -0.004977, 0.014275, 0.018733, 0.014388, 0.023492, -0.999620, 0.040399, 0.004640, 0.999712, 0.023561, -0.033766, 0.000000, 0.000000, 0.000000, 1.000000
3.5438, 13.6398, -8.0892, 251.8560, 323.3560, 18.8602, 265.1627, 18.7059, 40.3472, -33.7368, 0.999722, 0.016581, -0.016735, 0.013640, -0.015155, 0.996515, 0.082031, -0.008089, 0.018037, -0.081755, 0.996489, 0.251856, 0.000000, 0.000000, 0.000000, 1.000000, 0.018037, -0.081755, 0.996489, 0.323356, -0.999722, -0.016581, 0.016735, 0.018860, 0.015155, -0.996515, -0.082031, 0.265163, 0.000000, 0.000000, 0.000000, 1.000000, 0.999728, -0.005654, 0.022647, 0.018706, 0.022771, 0.022824, -0.999480, 0.040347, 0.005135, 0.999723, 0.022947, -0.033737, 0.000000, 0.000000, 0.000000, 1.000000
3.6209, 13.3725, -8.0711, 251.8586, 323.3586, 19.1275, 265.1445, 18.6505, 40.2955, -33.7093, 0.999557, 0.018887, -0.023009, 0.013372, -0.016979, 0.996612, 0.080475, -0.008071, 0.024451, -0.080049, 0.996491, 0.251859, 0.000000, 0.000000, 0.000000, 1.000000, 0.024451, -0.080049, 0.996491, 0.323359, -0.999557, -0.018887, 0.023009, 0.019128, 0.016979, -0.996612, -0.080475, 0.265145, 0.000000, 0.000000, 0.000000, 1.000000, 0.999855, -0.004607, 0.016381, 0.018650, 0.016476, 0.021443, -0.999634, 0.040296, 0.004255, 0.999759, 0.021515, -0.033709, 0.000000, 0.000000, 0.000000, 1.000000
3.7090, 13.1277, -8.0500, 251.7515, 323.2515, 19.3723, 265.1235, 18.6431, 40.3486, -33.6703, 0.999559, 0.020100, -0.021869, 0.013128, -0.018301, 0.996659, 0.079600, -0.008050, 0.023396, -0.079164, 0.996587, 0.251752, 0.000000, 0.000000, 0.000000, 1.000000, 0.023396, -0.079164, 0.996587, 0.323252, -0.999559, -0.020100, 0.021869, 0.019372, 0.018301, -0.996659, -0.079600, 0.265123, 0.000000, 0.000000, 0.000000, 1.000000, 0.999835, -0.004874, 0.017510, 0.018643, 0.017608, 0.020873, -0.999627, 0.040349, 0.004507, 0.999770, 0.020955, -0.033670, 0.000000, 0.000000, 0.000000, 1.000000
3.7938, 12.8882, -8.0477, 251.6192, 323.1192, 19.6118, 265.1211, 18.6312, 40.4298, -33.6495, 0.999470, 0.021804, -0.024158, 0.012888, -0.019736, 0.996374, 0.082764, -0.008048, 0.025875, -0.082243, 0.996276, 0.251619, 0.000000, 0.000000, 0.000000, 1.000000, 0.025875, -0.082243, 0.996276, 0.323119, -0.999470, -0.021804, 0.024158, 0.019612, 0.019736, -0.996374, -0.082764, 0.265121, 0.000000, 0.000000, 0.000000, 1.000000, 0.999875, -0.004751, 0.015107, 0.018631, 0.015218, 0.024286, -0.999589, 0.040430, 0.004382, 0.999694, 0.024355, -0.033650, 0.000000, 0.000000, 0.000000, 1.000000
3.8903, 12.6196, -8.0171, 251.5101, 323.0101, 19.8804, 265.0906, 18.6225, 40.4794, -33.6008, 0.999555, 0.022617, -0.019459, 0.012620, -0.020971, 0.996495, 0.080985, -0.008017, 0.021222, -0.080541, 0.996525, 0.251510, 0.000000, 0.000000, 0.000000, 1.000000, 0.021222, -0.080541, 0.996525, 0.323010, -0.999555, -0.022617, 0.019459, 0.019880, 0.020971, -0.996495, -0.080985, 0.265091, 0.000000, 0.000000, 0.000000, 1.000000, 0.999788, -0.005529, 0.019814, 0.018623, 0.019936, 0.022906, -0.999539, 0.040479, 0.005072, 0.999722, 0.023011, -0.033601, 0.000000, 0.000000, 0.000000, 1.000000
3.9685, 12.3722, -7.9961, 251.5682, 323.0682, 20.1278, 265.0696, 18.5920, 40.3726, -33.5746, 0.999451, 0.024271, -0.022560, 0.012372, -0.022467, 0.996774, 0.077055, -0.007996, 0.024358, -0.076506, 0.996772, 0.251568, 0.000000, 0.000000, 0.000000, 1.000000, 0.024358, -0.076506, 0.996772, 0.323068, -0.999451, -0.024271, 0.022560, 0.020128, 0.022467, -0.996774, -0.077055, 0.265070, 0.000000, 0.000000, 0.000000, 1.000000, 0.999846, -0.005061, 0.016799, 0.018592, 0.016893, 0.019167, -0.999674, 0.040373, 0.004737, 0.999803, 0.019250, -0.033575, 0.000000, 0.000000, 0.000000, 1.000000
4.0463, 12.1249, -7.9961, 251.4200, 322.9200, 20.3751, 265.0695, 18.5525, 40.4738, -33.5579, 0.999385, 0.025930, -0.023588, 0.012125, -0.023892, 0.996272, 0.082892, -0.007996, 0.025650, -0.082277, 0.996279, 0.251420, 0.000000, 0.000000, 0.000000, 1.000000, 0.025650, -0.082277, 0.996279, 0.322920, -0.999385, -0.025930, 0.023588, 0.020375, 0.023892, -0.996272, -0.082892, 0.265070, 0.000000, 0.000000, 0.000000, 1.000000, 0.999866, -0.004968, 0.015569, 0.018553, 0.015689, 0.025256, -0.999558, 0.040474, 0.004572, 0.999669, 0.025330, -0.033558, 0.000000, 0.000000, 0.000000, 1.000000
4.1236, 11.8891, -7.9784, 251.4373, 322.9373, 20.6109, 265.0519, 18.5294, 40.4087, -33.5333, 0.999317, 0.027146, -0.025080, 0.011889, -0.025028, 0.996382, 0.081218, -0.007978, 0.027194, -0.080535, 0.996381, 0.251437, 0.000000, 0.000000, 0.000000, 1.000000, 0.027194, -0.080535, 0.996381, 0.322937, -0.999317, -0.027146, 0.025080, 0.020611, 0.025028, -0.996382, -0.081218, 0.265052, 0.000000, 0.000000, 0.000000, 1.000000, 0.999888, -0.005012, 0.014097, 0.018529, 0.014212, 0.023794, -0.999616, 0.040409, 0.004675, 0.999704, 0.023863, -0.033533, 0.000000, 0.000000, 0.000000, 1.000000
4.2192, 11.6381, -7.9484, 251.3430, 322.8430, 20.8619, 265.0219, 18.5362, 40.4447, -33.4873, 0.999291, 0.028440, -0.024679, 0.011638, -0.026384, 0.996449, 0.079963, -0.007948, 0.026865, -0.079255, 0.996492, 0.251343, 0.000000, 0.000000, 0.000000, 1.000000, 0.026865, -0.079255, 0.996492, 0.322843, -0.999291, -0.028440, 0.024679, 0.020862, 0.026384, -0.996449, -0.079963, 0.265022, 0.000000, 0.000000, 0.000000, 1.000000, 0.999881, -0.005311, 0.014502, 0.018536, 0.014619, 0.022855, -0.999632, 0.040445, 0.004978, 0.999725, 0.022930, -0.033487, 0.000000, 0.000000, 0.000000, 1.000000
4.2928, 11.3950, -7.9261, 251.3389, 322.8389, 21.1050, 264.9995, 18.4944, 40.4022, -33.4585, 0.999256, 0.029718, -0.024585, 0.011395, -0.027739, 0.996623, 0.077288, -0.007926, 0.026798, -0.076548, 0.996706, 0.251339, 0.000000, 0.000000, 0.000000, 1.000000, 0.026798, -0.076548, 0.996706, 0.322839, -0.999256, -0.029718, 0.024585, 0.021105, 0.027739, -0.996623, -0.077288, 0.265000, 0.000000, 0.000000, 0.000000, 1.000000, 0.999879, -0.005192, 0.014660, 0.018494, 0.014764, 0.020419, -0.999682, 0.040402, 0.004891, 0.999778, 0.020493, -0.033459, 0.000000, 0.000000, 0.000000, 1.000000
4.3864, 11.1616, -7.9108, 251.3010, 322.8010, 21.3384, 264.9842, 18.5159, 40.3845, -33.4310, 0.999190, 0.031453, -0.025085, 0.011162, -0.029396, 0.996477, 0.078550, -0.007911, 0.027467, -0.077749, 0.996595, 0.251301, 0.000000, 0.000000, 0.000000, 1.000000, 0.027467, -0.077749, 0.996595, 0.322801, -0.999190, -0.031453, 0.025085, 0.021338, 0.029396, -0.996477, -0.078550, 0.264984, 0.000000, 0.000000, 0.000000, 1.000000, 0.999888, -0.005113, 0.014081, 0.018516, 0.014190, 0.021979, -0.999658, 0.040385, 0.004802, 0.999745, 0.022049, -0.033431, 0.000000, 0.000000, 0.000000, 1.000000
4.4591, 10.9008, -7.9158, 251.2651, 322.7651, 21.5992, 264.9892, 18.4536, 40.3751, -33.4292, 0.999245, 0.032610, -0.021105, 0.010901, -0.030809, 0.996264, 0.080681, -0.007916, 0.023657, -0.079969, 0.996517, 0.251265, 0.000000, 0.000000, 0.000000, 1.000000, 0.023657, -0.079969, 0.996517, 0.322765, -0.999245, -0.032610, 0.021105, 0.021599, 0.030809, -0.996264, -0.080681, 0.264989, 0.000000, 0.000000, 0.000000, 1.000000, 0.999825, -0.005293, 0.017950, 0.018454, 0.018075, 0.024472, -0.999537, 0.040375, 0.004852, 0.999686, 0.024564, -0.033429, 0.000000, 0.000000, 0.000000, 1.000000
4.5545, 10.6412, -7.8650, 251.2319, 322.7319, 21.8588, 264.9385, 18.4526, 40.3488, -33.3680, 0.999224, 0.034199, -0.019554, 0.010641, -0.032664, 0.996719, 0.074061, -0.007865, 0.022023, -0.073365, 0.997062, 0.251232, 0.000000, 0.000000, 0.000000, 1.000000, 0.022023, -0.073365, 0.997062, 0.322732, -0.999224, -0.034199, 0.019554, 0.021859, 0.032664, -0.996719, -0.074061, 0.264938, 0.000000, 0.000000, 0.000000, 1.000000, 0.999793, -0.005084, 0.019721, 0.018453, 0.019810, 0.018210, -0.999638, 0.040349, 0.004723, 0.999821, 0.018307, -0.033368, 0.000000, 0.000000, 0.000000, 1.000000
4.6325, 10.3954, -7.8434, 251.2823, 322.7823, 22.1046, 264.9169, 18.4223, 40.2498, -33.3437, 0.999199, 0.035494, -0.018471, 0.010395, -0.034124, 0.996973, 0.069859, -0.007843, 0.020895, -0.069172, 0.997386, 0.251282, 0.000000, 0.000000, 0.000000, 1.000000, 0.020895, -0.069172, 0.997386, 0.322782, -0.999199, -0.035494, 0.018471, 0.022105, 0.034124, -0.996973, -0.069859, 0.264917, 0.000000, 0.000000, 0.000000, 1.000000, 0.999768, -0.004965, 0.020949, 0.018422, 0.021018, 0.014302, -0.999677, 0.040250, 0.004663, 0.999885, 0.014403, -0.033344, 0.000000, 0.000000, 0.000000, 1.000000
4.7184, 10.1699, -7.8643, 251.0572, 322.5572, 22.3301, 264.9378, 18.4239, 40.4249, -33.3447, 0.999067, 0.037160, -0.021984, 0.010170, -0.035335, 0.996304, 0.078289, -0.007864, 0.024812, -0.077439, 0.996688, 0.251057, 0.000000, 0.000000, 0.000000, 1.000000, 0.024812, -0.077439, 0.996688, 0.322557, -0.999067, -0.037160, 0.021984, 0.022330, 0.035335, -0.996304, -0.078289, 0.264938, 0.000000, 0.000000, 0.000000, 1.000000, 0.999841, -0.005100, 0.017062, 0.018424, 0.017175, 0.022913, -0.999590, 0.040425, 0.004707, 0.999724, 0.022997, -0.033345, 0.000000, 0.000000, 0.000000, 1.000000
4.7931, 9.9186, -7.8338, 251.0778, 322.5778, 22.5814, 264.9073, 18.3772, 40.3567, -33.3115, 0.998943, 0.038636, -0.024912, 0.009919, -0.036666, 0.996496, 0.075173, -0.007834, 0.027729, -0.074180, 0.996859, 0.251078, 0.000000, 0.000000, 0.000000, 1.000000, 0.027729, -0.074180, 0.996859, 0.322578, -0.998943, -0.038636, 0.024912, 0.022581, 0.036666, -0.996496, -0.075173, 0.264907, 0.000000, 0.000000, 0.000000, 1.000000, 0.999887, -0.004782, 0.014250, 0.018377, 0.014342, 0.019936, -0.999698, 0.040357, 0.004496, 0.999790, 0.020002, -0.033311, 0.000000, 0.000000, 0.000000, 1.000000
4.8685, 9.6138, -7.8157, 250.9879, 322.4879, 22.8862, 264.8891, 18.2748, 40.3968, -33.2872, 0.999087, 0.039608, -0.016018, 0.009614, -0.038233, 0.996174, 0.078582, -0.007816, 0.019069, -0.077898, 0.996779, 0.250988, 0.000000, 0.000000, 0.000000, 1.000000, 0.019069, -0.077898, 0.996779, 0.322488, -0.999087, -0.039608, 0.016018, 0.022886, 0.038233, -0.996174, -0.078582, 0.264889, 0.000000, 0.000000, 0.000000, 1.000000, 0.999723, -0.005250, 0.022957, 0.018275, 0.023077, 0.023931, -0.999447, 0.040397, 0.004697, 0.999700, 0.024045, -0.033287, 0.000000, 0.000000, 0.000000, 1.000000
4.9674, 9.3960, -7.7888, 250.8596, 322.3596, 23.1040, 264.8622, 18.3217, 40.4668, -33.2442, 0.998924, 0.041326, -0.021052, 0.009396, -0.039540, 0.996077, 0.079162, -0.007789, 0.024241, -0.078244, 0.996639, 0.250860, 0.000000, 0.000000, 0.000000, 1.000000, 0.024241, -0.078244, 0.996639, 0.322360, -0.998924, -0.041326, 0.021052, 0.023104, 0.039540, -0.996077, -0.079162, 0.264862, 0.000000, 0.000000, 0.000000, 1.000000, 0.999827, -0.005244, 0.017860, 0.018322, 0.017984, 0.024650, -0.999534, 0.040467, 0.004802, 0.999682, 0.024740, -0.033244, 0.000000, 0.000000, 0.000000, 1.000000
5.0487, 9.1707, -7.7688, 250.8737, 322.3737, 23.3293, 264.8422, 18.3191, 40.4034, -33.2198, 0.998856, 0.042596, -0.021729, 0.009171, -0.040846, 0.996313, 0.075450, -0.007769, 0.024862, -0.074476, 0.996913, 0.250874, 0.000000, 0.000000, 0.000000, 1.000000, 0.024862, -0.074476, 0.996913, 0.322374, -0.998856, -0.042596, 0.021729, 0.023329, 0.040846, -0.996313, -0.075450, 0.264842, 0.000000, 0.000000, 0.000000, 1.000000, 0.999836, -0.005225, 0.017327, 0.018319, 0.017434, 0.021175, -0.999624, 0.040403, 0.004856, 0.999762, 0.021262, -0.033220, 0.000000, 0.000000, 0.000000, 1.000000
5.1289, 8.9098, -7.7503, 250.7476, 322.2476, 23.5902, 264.8237, 18.2725, 40.4788, -33.1917, 0.998746, 0.044256, -0.023413, 0.008910, -0.042373, 0.996237, 0.075601, -0.007750, 0.026670, -0.074514, 0.996863, 0.250748, 0.000000, 0.000000, 0.000000, 1.000000, 0.026670, -0.074514, 0.996863, 0.322248, -0.998746, -0.044256, 0.023413, 0.023590, 0.042373, -0.996237, -0.075601, 0.264824, 0.000000, 0.000000, 0.000000, 1.000000, 0.999866, -0.004944, 0.015601, 0.018272, 0.015704, 0.021526, -0.999645, 0.040479, 0.004606, 0.999756, 0.021601, -0.033192, 0.000000, 0.000000, 0.000000, 1.000000
5.2156, 8.6364, -7.7109, 250.8208, 322.3208, 23.8636, 264.7844, 18.2382, 40.3509, -33.1532, 0.998744, 0.045678, -0.020574, 0.008636, -0.044145, 0.996594, 0.069660, -0.007711, 0.023686, -0.068664, 0.997359, 0.250821, 0.000000, 0.000000, 0.000000, 1.000000, 0.023686, -0.068664, 0.997359, 0.322321, -0.998744, -0.045678, 0.020574, 0.023864, 0.044145, -0.996594, -0.069660, 0.264784, 0.000000, 0.000000, 0.000000, 1.000000, 0.999813, -0.004783, 0.018712, 0.018238, 0.018787, 0.015990, -0.999696, 0.040351, 0.004483, 0.999861, 0.016077, -0.033153, 0.000000, 0.000000, 0.000000, 1.000000
5.2976, 8.3646, -7.7000, 250.6716, 322.1716, 24.1354, 264.7734, 18.1844, 40.4487, -33.1325, 0.998809, 0.046562, -0.014546, 0.008365, -0.045345, 0.996147, 0.075063, -0.007700, 0.017985, -0.074314, 0.997073, 0.250672, 0.000000, 0.000000, 0.000000, 1.000000, 0.017985, -0.074314, 0.997073, 0.322172, -0.998809, -0.046562, 0.014546, 0.024135, 0.045345, -0.996147, -0.075063, 0.264773, 0.000000, 0.000000, 0.000000, 1.000000, 0.999686, -0.005529, 0.024427, 0.018184, 0.024543, 0.021936, -0.999458, 0.040449, 0.004991, 0.999744, 0.022065, -0.033133, 0.000000, 0.000000, 0.000000, 1.000000
5.3807, 8.1227, -7.6818, 250.6489, 322.1489, 24.3773, 264.7553, 18.1684, 40.4206, -33.1100, 0.998723, 0.048163, -0.015274, 0.008123, -0.046891, 0.996091, 0.074860, -0.007682, 0.018820, -0.074048, 0.997077, 0.250649, 0.000000, 0.000000, 0.000000, 1.000000, 0.018820, -0.074048, 0.997077, 0.322149, -0.998723, -0.048163, 0.015274, 0.024377, 0.046891, -0.996091, -0.074860, 0.264755, 0.000000, 0.000000, 0.000000, 1.000000, 0.999705, -0.005345, 0.023680, 0.018168, 0.023792, 0.021990, -0.999475, 0.040421, 0.004822, 0.999744, 0.022110, -0.033110, 0.000000, 0.000000, 0.000000, 1.000000
5.4727, 7.8696, -7.6619, 250.6687, 322.1687, 24.6304, 264.7353, 18.1677, 40.3452, -33.0872, 0.998669, 0.049481, -0.014571, 0.007870, -0.048268, 0.996066, 0.074320, -0.007662, 0.018192, -0.073518, 0.997128, 0.250669, 0.000000, 0.000000, 0.000000, 1.000000, 0.018192, -0.073518, 0.997128, 0.322169, -0.998669, -0.049481, 0.014571, 0.024630, 0.048268, -0.996066, -0.074320, 0.264735, 0.000000, 0.000000, 0.000000, 1.000000, 0.999687, -0.005588, 0.024376, 0.018168, 0.024492, 0.021794, -0.999462, 0.040345, 0.005053, 0.999747, 0.021924, -0.033087, 0.000000, 0.000000, 0.000000, 1.000000
5.5494, 7.6275, -7.6226, 250.6470, 322.1470, 24.8725, 264.6961, 18.1329, 40.3180, -33.0457, 0.998546, 0.050886, -0.017815, 0.007628, -0.049506, 0.996258, 0.070845, -0.007623, 0.021354, -0.069860, 0.997328, 0.250647, 0.000000, 0.000000, 0.000000, 1.000000, 0.021354, -0.069860, 0.997328, 0.322147, -0.998546, -0.050886, 0.017815, 0.024872, 0.049506, -0.996258, -0.070845, 0.264696, 0.000000, 0.000000, 0.000000, 1.000000, 0.999759, -0.005357, 0.021305, 0.018133, 0.021400, 0.018422, -0.999601, 0.040318, 0.004962, 0.999816, 0.018532, -0.033046, 0.000000, 0.000000, 0.000000, 1.000000
5.6285, 7.3705, -7.6244, 250.4896, 321.9896, 25.1295, 264.6979, 18.0862, 40.4267, -33.0389, 0.998558, 0.052157, -0.012724, 0.007371, -0.051032, 0.995741, 0.076788, -0.007624, 0.016674, -0.076028, 0.996966, 0.250490, 0.000000, 0.000000, 0.000000, 1.000000, 0.016674, -0.076028, 0.996966, 0.321990, -0.998558, -0.052157, 0.012724, 0.025129, 0.051032, -0.995741, -0.076788, 0.264698, 0.000000, 0.000000, 0.000000, 1.000000, 0.999645, -0.005686, 0.026018, 0.018086, 0.026152, 0.024894, -0.999348, 0.040427, 0.005034, 0.999674, 0.025034, -0.033039, 0.000000, 0.000000, 0.000000, 1.000000
5.7118, 7.1185, -7.6083, 250.4455, 321.9455, 25.3815, 264.6818, 18.0598, 40.4196, -33.0195, 0.998485, 0.053362, -0.013396, 0.007118, -0.052162, 0.995592, 0.077952, -0.007608, 0.017497, -0.077135, 0.996867, 0.250445, 0.000000, 0.000000, 0.000000, 1.000000, 0.017497, -0.077135, 0.996867, 0.321945, -0.998485, -0.053362, 0.013396, 0.025382, 0.052162, -0.995592, -0.077952, 0.264682, 0.000000, 0.000000, 0.000000, 1.000000, 0.999664, -0.005954, 0.025242, 0.018060, 0.025390, 0.026308, -0.999331, 0.040420, 0.005286, 0.999636, 0.026450, -0.033019, 0.000000, 0.000000, 0.000000, 1.000000
5.8047, 6.8765, -7.5667, 250.4266, 321.9266, 25.6235, 264.6401, 18.0693, 40.3816, -32.9738, 0.998421, 0.054882, -0.011953, 0.006876, -0.053898, 0.996010, 0.071132, -0.007567, 0.015809, -0.070376, 0.997395, 0.250427, 0.000000, 0.000000, 0.000000, 1.000000, 0.015809, -0.070376, 0.997395, 0.321927, -0.998421, -0.054882, 0.011953, 0.025624, 0.053898, -0.996010, -0.071132, 0.264640, 0.000000, 0.000000, 0.000000, 1.000000, 0.999617, -0.005767, 0.027055, 0.018069, 0.027165, 0.019884, -0.999433, 0.040382, 0.005226, 0.999786, 0.020033, -0.032974, 0.000000, 0.000000, 0.000000, 1.000000
5.8909, 6.6525, -7.5195, 250.4212, 321.9212, 25.8475, 264.5930, 18.0784, 40.3341, -32.9239, 0.998258, 0.056561, -0.016760, 0.006652, -0.055367, 0.996366, 0.064720, -0.007520, 0.020359, -0.063679, 0.997763, 0.250421, 0.000000, 0.000000, 0.000000, 1.000000, 0.020359, -0.063679, 0.997763, 0.321921, -0.998258, -0.056561, 0.016760, 0.025848, 0.055367, -0.996366, -0.064720, 0.264593, 0.000000, 0.000000, 0.000000, 1.000000, 0.999730, -0.005304, 0.022627, 0.018078, 0.022697, 0.013512, -0.999651, 0.040334, 0.004997, 0.999895, 0.013629, -0.032924, 0.000000, 0.000000, 0.000000, 1.000000
5.9590, 6.3835, -7.5106, 250.2548, 321.7548, 26.1165, 264.5841, 17.9883, 40.4561, -32.9106, 0.998217, 0.057831, -0.014795, 0.006383, -0.056660, 0.995933, 0.070055, -0.007511, 0.018787, -0.069092, 0.997433, 0.250255, 0.000000, 0.000000, 0.000000, 1.000000, 0.018787, -0.069092, 0.997433, 0.321755, -0.998217, -0.057831, 0.014795, 0.026117, 0.056660, -0.995933, -0.070055, 0.264584, 0.000000, 0.000000, 0.000000, 1.000000, 0.999691, -0.005417, 0.024241, 0.017988, 0.024341, 0.019193, -0.999519, 0.040456, 0.004949, 0.999801, 0.019319, -0.032911, 0.000000, 0.000000, 0.000000, 1.000000
6.0486, 6.1361, -7.5009, 250.1677, 321.6677, 26.3639, 264.5744, 17.9822, 40.4894, -32.8956, 0.998145, 0.059330, -0.013622, 0.006136, -0.058117, 0.995356, 0.076744, -0.007501, 0.018112, -0.075810, 0.996958, 0.250168, 0.000000, 0.000000, 0.000000, 1.000000, 0.018112, -0.075810, 0.996958, 0.321668, -0.998145, -0.059330, 0.013622, 0.026364, 0.058117, -0.995356, -0.076744, 0.264574, 0.000000, 0.000000, 0.000000, 1.000000, 0.999672, -0.005718, 0.024947, 0.017982, 0.025088, 0.026258, -0.999340, 0.040489, 0.005059, 0.999639, 0.026393, -0.032896, 0.000000, 0.000000, 0.000000, 1.000000
6.1306, 5.9130, -7.4458, 250.2024, 321.7024, 26.5870, 264.5193, 17.9818, 40.4034, -32.8415, 0.998023, 0.060703, -0.016263, 0.005913, -0.059450, 0.995858, 0.068799, -0.007446, 0.020372, -0.067696, 0.997498, 0.250202, 0.000000, 0.000000, 0.000000, 1.000000, 0.020372, -0.067696, 0.997498, 0.321702, -0.998023, -0.060703, 0.016263, 0.026587, 0.059450, -0.995858, -0.068799, 0.264519, 0.000000, 0.000000, 0.000000, 1.000000, 0.999725, -0.005437, 0.022802, 0.017982, 0.022899, 0.018440, -0.999568, 0.040403, 0.005014, 0.999815, 0.018560, -0.032841, 0.000000, 0.000000, 0.000000, 1.000000
6.2200, 5.6704, -7.4365, 250.1264, 321.6264, 26.8296, 264.5100, 17.9803, 40.4259, -32.8279, 0.997976, 0.061832, -0.014867, 0.005670, -0.060628, 0.995626, 0.071086, -0.007437, 0.019198, -0.070041, 0.997359, 0.250126, 0.000000, 0.000000, 0.000000, 1.000000, 0.019198, -0.070041, 0.997359, 0.321626, -0.997976, -0.061832, 0.014867, 0.026830, 0.060628, -0.995626, -0.071086, 0.264510, 0.000000, 0.000000, 0.000000, 1.000000, 0.999694, -0.005935, 0.024011, 0.017980, 0.024131, 0.021108, -0.999486, 0.040426, 0.005425, 0.999760, 0.021245, -0.032828, 0.000000, 0.000000, 0.000000, 1.000000
6.2947, 5.4212, -7.4296, 249.9901, 321.4901, 27.0788, 264.5030, 17.9299, 40.5154, -32.8173, 0.997893, 0.063288, -0.014267, 0.005421, -0.062058, 0.995292, 0.074449, -0.007430, 0.018912, -0.073406, 0.997123, 0.249990, 0.000000, 0.000000, 0.000000, 1.000000, 0.018912, -0.073406, 0.997123, 0.321490, -0.997893, -0.063288, 0.014267, 0.027079, 0.062058, -0.995292, -0.074449, 0.264503, 0.000000, 0.000000, 0.000000, 1.000000, 0.999686, -0.005892, 0.024341, 0.017930, 0.024480, 0.024769, -0.999393, 0.040515, 0.005286, 0.999676, 0.024905, -0.032817, 0.000000, 0.000000, 0.000000, 1.000000
6.3666, 5.1570, -7.3745, 249.9470, 321.4470, 27.3430, 264.4479, 17.8572, 40.5104, -32.7652, 0.997845, 0.064524, -0.011913, 0.005157, -0.063530, 0.995486, 0.070511, -0.007374, 0.016409, -0.069602, 0.997440, 0.249947, 0.000000, 0.000000, 0.000000, 1.000000, 0.016409, -0.069602, 0.997440, 0.321447, -0.997845, -0.064524, 0.011913, 0.027343, 0.063530, -0.995486, -0.070511, 0.264448, 0.000000, 0.000000, 0.000000, 1.000000, 0.999621, -0.005742, 0.026936, 0.017857, 0.027052, 0.021230, -0.999409, 0.040510, 0.005166, 0.999758, 0.021377, -0.032765, 0.000000, 0.000000, 0.000000, 1.000000
6.4707, 4.9097, -7.3510, 249.9104, 321.4104, 27.5903, 264.4245, 17.8919, 40.4856, -32.7382, 0.997776, 0.065983, -0.009470, 0.004910, -0.065143, 0.995317, 0.071419, -0.007351, 0.014138, -0.070643, 0.997401, 0.249910, 0.000000, 0.000000, 0.000000, 1.000000, 0.014138, -0.070643, 0.997401, 0.321410, -0.997776, -0.065983, 0.009470, 0.027590, 0.065143, -0.995317, -0.071419, 0.264424, 0.000000, 0.000000, 0.000000, 1.000000, 0.999553, -0.006110, 0.029268, 0.017892, 0.029399, 0.022652, -0.999311, 0.040486, 0.005443, 0.999725, 0.022821, -0.032738, 0.000000, 0.000000, 0.000000, 1.000000
6.5461, 4.6724, -7.3525, 249.8187, 321.3187, 27.8276, 264.4260, 17.8569, 40.5314, -32.7385, 0.997628, 0.067771, -0.012081, 0.004672, -0.066694, 0.995006, 0.074262, -0.007353, 0.017054, -0.073280, 0.997166, 0.249819, 0.000000, 0.000000, 0.000000, 1.000000, 0.017054, -0.073280, 0.997166, 0.321319, -0.997628, -0.067771, 0.012081, 0.027828, 0.066694, -0.995006, -0.074262, 0.264426, 0.000000, 0.000000, 0.000000, 1.000000, 0.999634, -0.005718, 0.026432, 0.017857, 0.026571, 0.025599, -0.999319, 0.040531, 0.005037, 0.999656, 0.025742, -0.032739, 0.000000, 0.000000, 0.000000, 1.000000
6.6250, 4.4024, -7.3336, 249.7719, 321.2719, 28.0976, 264.4071, 17.7998, 40.5283, -32.7227, 0.997632, 0.068364, -0.007538, 0.004402, -0.067607, 0.994872, 0.075223, -0.007334, 0.012642, -0.074536, 0.997138, 0.249772, 0.000000, 0.000000, 0.000000, 1.000000, 0.012642, -0.074536, 0.997138, 0.321272, -0.997632, -0.068364, 0.007538, 0.028098, 0.067607, -0.994872, -0.075223, 0.264407, 0.000000, 0.000000, 0.000000, 1.000000, 0.999503, -0.006527, 0.030854, 0.017800, 0.031020, 0.027122, -0.999151, 0.040528, 0.005685, 0.999611, 0.027311, -0.032723, 0.000000, 0.000000, 0.000000, 1.000000
6.7177, 4.1531, -7.2845, 249.7974, 321.2974, 28.3469, 264.3579, 17.8020, 40.4458, -32.6766, 0.997471, 0.070183, -0.011268, 0.004153, -0.069244, 0.995207, 0.069050, -0.007284, 0.016060, -0.068095, 0.997550, 0.249797, 0.000000, 0.000000, 0.000000, 1.000000, 0.016060, -0.068095, 0.997550, 0.321297, -0.997471, -0.070183, 0.011268, 0.028347, 0.069244, -0.995207, -0.069050, 0.264358, 0.000000, 0.000000, 0.000000, 1.000000, 0.999602, -0.006050, 0.027566, 0.017802, 0.027687, 0.021032, -0.999395, 0.040446, 0.005467, 0.999760, 0.021191, -0.032677, 0.000000, 0.000000, 0.000000, 1.000000
6.8155, 3.9249, -7.2388, 249.8053, 321.3053, 28.5751, 264.3122, 17.8385, 40.3793, -32.6308, 0.997419, 0.071362, -0.007956, 0.003925, -0.070678, 0.995276, 0.066559, -0.007239, 0.012668, -0.065825, 0.997751, 0.249805, 0.000000, 0.000000, 0.000000, 1.000000, 0.012668, -0.065825, 0.997751, 0.321305, -0.997419, -0.071362, 0.007956, 0.028575, 0.070678, -0.995276, -0.066559, 0.264312, 0.000000, 0.000000, 0.000000, 1.000000, 0.999498, -0.006461, 0.031024, 0.017838, 0.031143, 0.019107, -0.999332, 0.040379, 0.005864, 0.999797, 0.019299, -0.032631, 0.000000, 0.000000, 0.000000, 1.000000
6.8825, 3.6560, -7.2204, 249.7535, 321.2535, 28.8440, 264.2938, 17.7497, 40.3869, -32.6187, 0.997312, 0.072986, -0.006501, 0.003656, -0.072393, 0.995144, 0.066692, -0.007220, 0.011338, -0.066042, 0.997752, 0.249754, 0.000000, 0.000000, 0.000000, 1.000000, 0.011338, -0.066042, 0.997752, 0.321254, -0.997312, -0.072986, 0.006501, 0.028844, 0.072393, -0.995144, -0.066692, 0.264294, 0.000000, 0.000000, 0.000000, 1.000000, 0.999456, -0.005994, 0.032441, 0.017750, 0.032553, 0.019600, -0.999278, 0.040387, 0.005354, 0.999790, 0.019784, -0.032619, 0.000000, 0.000000, 0.000000, 1.000000
6.9680, 3.4097, -7.1936, 249.6442, 321.1442, 29.0903, 264.2670, 17.7307, 40.4436, -32.5908, 0.997194, 0.074452, -0.007817, 0.003410, -0.073766, 0.995031, 0.066871, -0.007194, 0.012757, -0.066107, 0.997731, 0.249644, 0.000000, 0.000000, 0.000000, 1.000000, 0.012757, -0.066107, 0.997731, 0.321144, -0.997194, -0.074452, 0.007817, 0.029090, 0.073766, -0.995031, -0.066871, 0.264267, 0.000000, 0.000000, 0.000000, 1.000000, 0.999499, -0.005997, 0.031087, 0.017731, 0.031201, 0.019988, -0.999313, 0.040444, 0.005372, 0.999782, 0.020165, -0.032591, 0.000000, 0.000000, 0.000000, 1.000000
7.0440, 3.1294, -7.1697, 249.5587, 321.0587, 29.3706, 264.2432, 17.6532, 40.4799, -32.5718, 0.997088, 0.075923, -0.007177, 0.003129, -0.075234, 0.994687, 0.070262, -0.007170, 0.012473, -0.069518, 0.997503, 0.249559, 0.000000, 0.000000, 0.000000, 1.000000, 0.012473, -0.069518, 0.997503, 0.321059, -0.997088, -0.075923, 0.007177, 0.029371, 0.075234, -0.994687, -0.070262, 0.264243, 0.000000, 0.000000, 0.000000, 1.000000, 0.999488, -0.005963, 0.031420, 0.017653, 0.031553, 0.023699, -0.999221, 0.040480, 0.005213, 0.999701, 0.023875, -0.032572, 0.000000, 0.000000, 0.000000, 1.000000
7.1299, 2.9197, -7.1051, 249.6314, 321.1314, 29.5803, 264.1785, 17.6767, 40.3544, -32.5123, 0.996990, 0.077183, -0.007343, 0.002920, -0.076602, 0.995228, 0.060446, -0.007105, 0.011974, -0.059702, 0.998144, 0.249631, 0.000000, 0.000000, 0.000000, 1.000000, 0.011974, -0.059702, 0.998144, 0.321131, -0.996990, -0.077183, 0.007343, 0.029580, 0.076602, -0.995228, -0.060446, 0.264179, 0.000000, 0.000000, 0.000000, 1.000000, 0.999470, -0.005792, 0.032036, 0.017677, 0.032115, 0.014187, -0.999383, 0.040354, 0.005334, 0.999883, 0.014366, -0.032512, 0.000000, 0.000000, 0.000000, 1.000000
7.2215, 2.6717, -7.1300, 249.3328, 320.8328, 29.8283, 264.2034, 17.6684, 40.5995, -32.5277, 0.996787, 0.079151, -0.012254, 0.002672, -0.078034, 0.994193, 0.074098, -0.007130, 0.018048, -0.072903, 0.997176, 0.249333, 0.000000, 0.000000, 0.000000, 1.000000, 0.018048, -0.072903, 0.997176, 0.320833, -0.996787, -0.079151, 0.012254, 0.029828, 0.078034, -0.994193, -0.074098, 0.264203, 0.000000, 0.000000, 0.000000, 1.000000, 0.999645, -0.005909, 0.025962, 0.017668, 0.026116, 0.027770, -0.999273, 0.040599, 0.005184, 0.999597, 0.027915, -0.032528, 0.000000, 0.000000, 0.000000, 1.000000
7.3156, 2.4044, -7.0903, 249.2919, 320.7919, 30.0956, 264.1638, 17.6536, 40.5824, -32.4921, 0.996719, 0.080255, -0.010514, 0.002404, -0.079294, 0.994237, 0.072144, -0.007090, 0.016243, -0.071073, 0.997339, 0.249292, 0.000000, 0.000000, 0.000000, 1.000000, 0.016243, -0.071073, 0.997339, 0.320792, -0.996719, -0.080255, 0.010514, 0.030096, 0.079294, -0.994237, -0.072144, 0.264164, 0.000000, 0.000000, 0.000000, 1.000000, 0.999593, -0.006347, 0.027819, 0.017654, 0.027977, 0.026271, -0.999263, 0.040582, 0.005612, 0.999635, 0.026438, -0.032492, 0.000000, 0.000000, 0.000000, 1.000000
7.3806, 2.1560, -7.0394, 249.3231, 320.8231, 30.3440, 264.1129, 17.5806, 40.5075, -32.4525, 0.996632, 0.081493, -0.009133, 0.002156, -0.080703, 0.994485, 0.066988, -0.007039, 0.014541, -0.066026, 0.997712, 0.249323, 0.000000, 0.000000, 0.000000, 1.000000, 0.014541, -0.066026, 0.997712, 0.320823, -0.996632, -0.081493, 0.009133, 0.030344, 0.080703, -0.994485, -0.066988, 0.264113, 0.000000, 0.000000, 0.000000, 1.000000, 0.999543, -0.006029, 0.029618, 0.017581, 0.029741, 0.021469, -0.999327, 0.040508, 0.005389, 0.999751, 0.021638, -0.032453, 0.000000, 0.000000, 0.000000, 1.000000
7.4652, 1.9110, -7.0355, 249.2343, 320.7343, 30.5890, 264.1090, 17.5630, 40.5453, -32.4509, 0.996496, 0.083285, -0.007715, 0.001911, -0.082464, 0.993701, 0.075882, -0.007036, 0.013986, -0.074980, 0.997087, 0.249234, 0.000000, 0.000000, 0.000000, 1.000000, 0.013986, -0.074980, 0.997087, 0.320734, -0.996496, -0.083285, 0.007715, 0.030589, 0.082464, -0.993701, -0.075882, 0.264109, 0.000000, 0.000000, 0.000000, 1.000000, 0.999526, -0.006031, 0.030204, 0.017563, 0.030375, 0.030772, -0.999065, 0.040545, 0.005095, 0.999508, 0.030940, -0.032451, 0.000000, 0.000000, 0.000000, 1.000000
7.5505, 1.6740, -6.9736, 249.1933, 320.6933, 30.8260, 264.0470, 17.5526, 40.5326, -32.3933, 0.996402, 0.084385, -0.007882, 0.001674, -0.083647, 0.994114, 0.068854, -0.006974, 0.013646, -0.067947, 0.997596, 0.249193, 0.000000, 0.000000, 0.000000, 1.000000, 0.013646, -0.067947, 0.997596, 0.320693, -0.996402, -0.084385, 0.007882, 0.030826, 0.083647, -0.994114, -0.068854, 0.264047, 0.000000, 0.000000, 0.000000, 1.000000, 0.999512, -0.006123, 0.030622, 0.017553, 0.030761, 0.024036, -0.999238, 0.040533, 0.005382, 0.999692, 0.024213, -0.032393, 0.000000, 0.000000, 0.000000, 1.000000
7.6471, 1.4235, -6.9355, 249.1316, 320.6316, 31.0765, 264.0089, 17.5602, 40.5359, -32.3580, 0.996289, 0.085682, -0.008228, 0.001424, -0.084944, 0.994134, 0.066942, -0.006935, 0.013916, -0.065995, 0.997723, 0.249132, 0.000000, 0.000000, 0.000000, 1.000000, 0.013916, -0.065995, 0.997723, 0.320632, -0.996289, -0.085682, 0.008228, 0.031076, 0.084944, -0.994134, -0.066942, 0.264009, 0.000000, 0.000000, 0.000000, 1.000000, 0.999517, -0.006409, 0.030421, 0.017560, 0.030557, 0.022433, -0.999281, 0.040536, 0.005722, 0.999728, 0.022618, -0.032358, 0.000000, 0.000000, 0.000000, 1.000000
7.7102, 1.1651, -6.9323, 249.0940, 320.5940, 31.3349, 264.0057, 17.4726, 40.5327, -32.3657, 0.996239, 0.086576, -0.003495, 0.001165, -0.086128, 0.993876, 0.069228, -0.006932, 0.009467, -0.068667, 0.997595, 0.249094, 0.000000, 0.000000, 0.000000, 1.000000, 0.009467, -0.068667, 0.997595, 0.320594, -0.996239, -0.086576, 0.003495, 0.031335, 0.086128, -0.993876, -0.069228, 0.264006, 0.000000, 0.000000, 0.000000, 1.000000, 0.999368, -0.006699, 0.034901, 0.017473, 0.035060, 0.025339, -0.999064, 0.040533, 0.005808, 0.999656, 0.025557, -0.032366, 0.000000, 0.000000, 0.000000, 1.000000
7.8058, 0.9254, -6.9104, 249.0024, 320.5024, 31.5746, 263.9838, 17.4884, 40.5673, -32.3453, 0.996032, 0.088754, -0.006557, 0.000925, -0.088041, 0.993433, 0.073068, -0.006910, 0.012999, -0.072201, 0.997305, 0.249002, 0.000000, 0.000000, 0.000000, 1.000000, 0.012999, -0.072201, 0.997305, 0.320502, -0.996032, -0.088754, 0.006557, 0.031575, 0.088041, -0.993433, -0.073068, 0.263984, 0.000000, 0.000000, 0.000000, 1.000000, 0.999486, -0.006293, 0.031447, 0.017488, 0.031618, 0.029265, -0.999071, 0.040567, 0.005366, 0.999552, 0.029449, -0.032345, 0.000000, 0.000000, 0.000000, 1.000000
7.8785, 0.6865, -6.8585, 248.9777, 320.4777, 31.8135, 263.9319, 17.4428, 40.5450, -32.3023, 0.995939, 0.089956, -0.003577, 0.000686, -0.089518, 0.993746, 0.066756, -0.006858, 0.009560, -0.066164, 0.997763, 0.248978, 0.000000, 0.000000, 0.000000, 1.000000, 0.009560, -0.066164, 0.997763, 0.320478, -0.995939, -0.089956, 0.003577, 0.031814, 0.089518, -0.993746, -0.066756, 0.263932, 0.000000, 0.000000, 0.000000, 1.000000, 0.999369, -0.006105, 0.034982, 0.017443, 0.035116, 0.023494, -0.999107, 0.040545, 0.005277, 0.999705, 0.023694, -0.032302, 0.000000, 0.000000, 0.000000, 1.000000
7.9726, 0.4224, -6.8377, 248.9138, 320.4138, 32.0776, 263.9112, 17.4314, 40.5519, -32.2877, 0.995829, 0.091159, -0.003825, 0.000422, -0.090696, 0.993602, 0.067298, -0.006838, 0.009935, -0.066670, 0.997726, 0.248914, 0.000000, 0.000000, 0.000000, 1.000000, 0.009935, -0.066670, 0.997726, 0.320414, -0.995829, -0.091159, 0.003825, 0.032078, 0.090696, -0.993602, -0.067298, 0.263911, 0.000000, 0.000000, 0.000000, 1.000000, 0.999378, -0.006534, 0.034644, 0.017431, 0.034794, 0.024340, -0.999098, 0.040552, 0.005684, 0.999682, 0.024552, -0.032288, 0.000000, 0.000000, 0.000000, 1.000000
8.0547, 0.1634, -6.7960, 248.9376, 320.4376, 32.3366, 263.8695, 17.3946, 40.4763, -32.2579, 0.995767, 0.091908, 0.000979, 0.000163, -0.091785, 0.993759, 0.063385, -0.006796, 0.004852, -0.063207, 0.997989, 0.248938, 0.000000, 0.000000, 0.000000, 1.000000, 0.004852, -0.063207, 0.997989, 0.320438, -0.995767, -0.091908, -0.000979, 0.032337, 0.091785, -0.993759, -0.063385, 0.263869, 0.000000, 0.000000, 0.000000, 1.000000, 0.999184, -0.007060, 0.039775, 0.017395, 0.039916, 0.021155, -0.998979, 0.040476, 0.006211, 0.999751, 0.021420, -0.032258, 0.000000, 0.000000, 0.000000, 1.000000
8.1325, -0.0535, -6.7809, 248.6988, 320.1988, 32.5535, 263.8544, 17.3787, 40.6676, -32.2407, 0.995495, 0.094678, -0.005156, -0.000054, -0.094078, 0.993042, 0.070826, -0.006781, 0.011826, -0.070021, 0.997475, 0.248699, 0.000000, 0.000000, 0.000000, 1.000000, 0.011826, -0.070021, 0.997475, 0.320199, -0.995495, -0.094678, 0.005156, 0.032554, 0.094078, -0.993042, -0.070826, 0.263854, 0.000000, 0.000000, 0.000000, 1.000000, 0.999442, -0.005879, 0.032889, 0.017379, 0.033043, 0.028339, -0.999052, 0.040668, 0.004942, 0.999581, 0.028517, -0.032241, 0.000000, 0.000000, 0.000000, 1.000000
8.2444, -0.3198, -6.7325, 248.6736, 320.1736, 32.8198, 263.8059, 17.4122, 40.6261, -32.1986, 0.995451, 0.095270, -0.000733, -0.000320, -0.095003, 0.993184, 0.067525, -0.006732, 0.007161, -0.067148, 0.997717, 0.248674, 0.000000, 0.000000, 0.000000, 1.000000, 0.007161, -0.067148, 0.997717, 0.320174, -0.995451, -0.095270, 0.000733, 0.032820, 0.095003, -0.993184, -0.067525, 0.263806, 0.000000, 0.000000, 0.000000, 1.000000, 0.999268, -0.007097, 0.037578, 0.017412, 0.037750, 0.025827, -0.998953, 0.040626, 0.006119, 0.999641, 0.026076, -0.032199, 0.000000, 0.000000, 0.000000, 1.000000
8.3050, -0.5568, -6.6971, 248.6671, 320.1671, 33.0568, 263.7706, 17.3381, 40.5921, -32.1767, 0.995277, 0.097039, -0.002710, -0.000557, -0.096652, 0.993138, 0.065840, -0.006697, 0.009080, -0.065267, 0.997827, 0.248667, 0.000000, 0.000000, 0.000000, 1.000000, 0.009080, -0.065267, 0.997827, 0.320167, -0.995277, -0.097039, 0.002710, 0.033057, 0.096652, -0.993138, -0.065840, 0.263771, 0.000000, 0.000000, 0.000000, 1.000000, 0.999341, -0.006290, 0.035753, 0.017338, 0.035895, 0.024208, -0.999062, 0.040592, 0.005419, 0.999687, 0.024418, -0.032177, 0.000000, 0.000000, 0.000000, 1.000000
8.3852, -0.8539, -6.6649, 248.5197, 320.0197, 33.3539, 263.7383, 17.2510, 40.6872, -32.1553, 0.995200, 0.097769, 0.004329, -0.000854, -0.097835, 0.992842, 0.068507, -0.006665, 0.002400, -0.068602, 0.997641, 0.248520, 0.000000, 0.000000, 0.000000, 1.000000, 0.002400, -0.068602, 0.997641, 0.320020, -0.995200, -0.097769, -0.004329, 0.033354, 0.097835, -0.992842, -0.068507, 0.263738, 0.000000, 0.000000, 0.000000, 1.000000, 0.999074, -0.007064, 0.042433, 0.017251, 0.042614, 0.027822, -0.998704, 0.040687, 0.005874, 0.999588, 0.028098, -0.032155, 0.000000, 0.000000, 0.000000, 1.000000
8.4555, -1.0818, -6.6191, 248.5882, 320.0882, 33.5818, 263.6925, 17.2142, 40.5737, -32.1241, 0.995030, 0.099570, 0.001334, -0.001082, -0.099447, 0.992930, 0.064810, -0.006619, 0.005129, -0.064620, 0.997897, 0.248588, 0.000000, 0.000000, 0.000000, 1.000000, 0.005129, -0.064620, 0.997897, 0.320088, -0.995030, -0.099570, -0.001334, 0.033582, 0.099447, -0.992930, -0.064810, 0.263693, 0.000000, 0.000000, 0.000000, 1.000000, 0.999187, -0.006311, 0.039816, 0.017214, 0.039957, 0.024131, -0.998910, 0.040574, 0.005343, 0.999689, 0.024363, -0.032124, 0.000000, 0.000000, 0.000000, 1.000000
8.5432, -1.2976, -6.6050, 248.3873, 319.8873, 33.7976, 263.6785, 17.2273, 40.7229, -32.1098, 0.994861, 0.101171, -0.004096, -0.001298, -0.100636, 0.992445, 0.070187, -0.006605, 0.011166, -0.069414, 0.997525, 0.248387, 0.000000, 0.000000, 0.000000, 1.000000, 0.011166, -0.069414, 0.997525, 0.319887, -0.994861, -0.101171, 0.004096, 0.033798, 0.100636, -0.992445, -0.070187, 0.263678, 0.000000, 0.000000, 0.000000, 1.000000, 0.999408, -0.006394, 0.033813, 0.017227, 0.033986, 0.029268, -0.998994, 0.040723, 0.005398, 0.999551, 0.029468, -0.032110, 0.000000, 0.000000, 0.000000, 1.000000
8.6504, -1.5643, -6.5326, 248.4561, 319.9561, 34.0643, 263.6061, 17.2494, 40.5887, -32.0506, 0.994769, 0.102150, 0.000492, -0.001564, -0.101998, 0.992998, 0.059601, -0.006533, 0.005600, -0.059339, 0.998222, 0.248456, 0.000000, 0.000000, 0.000000, 1.000000, 0.005600, -0.059339, 0.998222, 0.319956, -0.994769, -0.102150, -0.000492, 0.034064, 0.101998, -0.992998, -0.059601, 0.263606, 0.000000, 0.000000, 0.000000, 1.000000, 0.999197, -0.006865, 0.039473, 0.017249, 0.039601, 0.019552, -0.999024, 0.040589, 0.006086, 0.999785, 0.019808, -0.032051, 0.000000, 0.000000, 0.000000, 1.000000
8.7304, -1.8395, -6.5043, 248.2967, 319.7967, 34.3395, 263.5777, 17.1832, 40.6970, -32.0323, 0.994617, 0.103522, 0.004393, -0.001840, -0.103583, 0.992369, 0.066883, -0.006504, 0.002564, -0.066978, 0.997751, 0.248297, 0.000000, 0.000000, 0.000000, 1.000000, 0.002564, -0.066978, 0.997751, 0.319797, -0.994617, -0.103522, -0.004393, 0.034340, 0.103583, -0.992369, -0.066883, 0.263578, 0.000000, 0.000000, 0.000000, 1.000000, 0.999070, -0.007157, 0.042514, 0.017183, 0.042696, 0.027504, -0.998709, 0.040697, 0.005978, 0.999596, 0.027784, -0.032032, 0.000000, 0.000000, 0.000000, 1.000000
8.7873, -2.0797, -6.4701, 248.3020, 319.8020, 34.5797, 263.5436, 17.0958, 40.6531, -32.0153, 0.994432, 0.105377, -0.000101, -0.002080, -0.105143, 0.992288, 0.065654, -0.006470, 0.007019, -0.065278, 0.997842, 0.248302, 0.000000, 0.000000, 0.000000, 1.000000, 0.007019, -0.065278, 0.997842, 0.319802, -0.994432, -0.105377, 0.000101, 0.034580, 0.105143, -0.992288, -0.065654, 0.263544, 0.000000, 0.000000, 0.000000, 1.000000, 0.999252, -0.006206, 0.038162, 0.017096, 0.038311, 0.026058, -0.998926, 0.040653, 0.005205, 0.999641, 0.026276, -0.032015, 0.000000, 0.000000, 0.000000, 1.000000
8.8851, -2.3125, -6.4130, 248.2558, 319.7558, 34.8125, 263.4865, 17.1220, 40.6403, -31.9660, 0.994274, 0.106844, -0.002086, -0.002313, -0.106521, 0.992452, 0.060762, -0.006413, 0.008562, -0.060192, 0.998150, 0.248256, 0.000000, 0.000000, 0.000000, 1.000000, 0.008562, -0.060192, 0.998150, 0.319756, -0.994274, -0.106844, 0.002086, 0.034813, 0.106521, -0.992452, -0.060762, 0.263486, 0.000000, 0.000000, 0.000000, 1.000000, 0.999307, -0.006216, 0.036701, 0.017122, 0.036825, 0.021331, -0.999094, 0.040640, 0.005427, 0.999753, 0.021545, -0.031966, 0.000000, 0.000000, 0.000000, 1.000000
8.9677, -2.5734, -6.3912, 248.1731, 319.6731, 35.0734, 263.4646, 17.0813, 40.6717, -31.9565, 0.994140, 0.108098, 0.000097, -0.002573, -0.107869, 0.991976, 0.065944, -0.006391, 0.007032, -0.065568, 0.997823, 0.248173, 0.000000, 0.000000, 0.000000, 1.000000, 0.007032, -0.065568, 0.997823, 0.319673, -0.994140, -0.108098, -0.000097, 0.035073, 0.107869, -0.991976, -0.065944, 0.263465, 0.000000, 0.000000, 0.000000, 1.000000, 0.999247, -0.006583, 0.038243, 0.017081, 0.038407, 0.027020, -0.998897, 0.040672, 0.005542, 0.999613, 0.027252, -0.031957, 0.000000, 0.000000, 0.000000, 1.000000
9.0464, -2.8379, -6.3656, 248.0443, 319.5443, 35.3379, 263.4390, 17.0237, 40.7506, -31.9430, 0.993991, 0.109452, -0.001503, -0.002838, -0.109079, 0.991564, 0.070020, -0.006366, 0.009154, -0.069436, 0.997544, 0.248044, 0.000000, 0.000000, 0.000000, 1.000000, 0.009154, -0.069436, 0.997544, 0.319544, -0.993991, -0.109452, 0.001503, 0.035338, 0.109079, -0.991564, -0.070020, 0.263439, 0.000000, 0.000000, 0.000000, 1.000000, 0.999324, -0.006720, 0.036144, 0.017024, 0.036337, 0.031192, -0.998853, 0.040751, 0.005585, 0.999491, 0.031415, -0.031943, 0.000000, 0.000000, 0.000000, 1.000000
9.1457, -3.0821, -6.3343, 247.9631, 319.4631, 35.5821, 263.4078, 17.0438, 40.7727, -31.9204, 0.993793, 0.111223, -0.002386, -0.003082, -0.110792, 0.991429, 0.069239, -0.006334, 0.010066, -0.068545, 0.997597, 0.247963, 0.000000, 0.000000, 0.000000, 1.000000, 0.010066, -0.068545, 0.997597, 0.319463, -0.993793, -0.111223, 0.002386, 0.035582, 0.110792, -0.991429, -0.069239, 0.263408, 0.000000, 0.000000, 0.000000, 1.000000, 0.999355, -0.006613, 0.035306, 0.017044, 0.035493, 0.030683, -0.998899, 0.040773, 0.005522, 0.999507, 0.030898, -0.031920, 0.000000, 0.000000, 0.000000, 1.000000
9.2199, -3.2948, -6.2677, 247.9605, 319.4605, 35.7948, 263.3412, 17.0267, 40.7281, -31.8666, 0.993638, 0.112583, -0.002789, -0.003295, -0.112193, 0.991738, 0.062195, -0.006268, 0.009768, -0.061487, 0.998060, 0.247961, 0.000000, 0.000000, 0.000000, 1.000000, 0.009768, -0.061487, 0.998060, 0.319461, -0.993638, -0.112583, 0.002789, 0.035795, 0.112193, -0.991738, -0.062195, 0.263341, 0.000000, 0.000000, 0.000000, 1.000000, 0.999343, -0.006252, 0.035705, 0.017027, 0.035845, 0.023904, -0.999071, 0.040728, 0.005392, 0.999695, 0.024113, -0.031867, 0.000000, 0.000000, 0.000000, 1.000000
9.2979, -3.5685, -6.2467, 247.8418, 319.3418, 36.0685, 263.3201, 16.9590, 40.7971, -31.8606, 0.993525, 0.113616, -0.000062, -0.003569, -0.113350, 0.991233, 0.067894, -0.006247, 0.007775, -0.067447, 0.997693, 0.247842, 0.000000, 0.000000, 0.000000, 1.000000, 0.007775, -0.067447, 0.997693, 0.319342, -0.993525, -0.113616, 0.000062, 0.036069, 0.113350, -0.991233, -0.067894, 0.263320, 0.000000, 0.000000, 0.000000, 1.000000, 0.999266, -0.006781, 0.037692, 0.016959, 0.037880, 0.030154, -0.998827, 0.040797, 0.005636, 0.999522, 0.030389, -0.031861, 0.000000, 0.000000, 0.000000, 1.000000
9.3957, -3.7992, -6.2237, 247.7901, 319.2901, 36.2992, 263.2971, 16.9905, 40.7915, -31.8471, 0.993359, 0.115057, -0.000231, -0.003799, -0.114765, 0.990980, 0.069199, -0.006224, 0.008191, -0.068712, 0.997603, 0.247790, 0.000000, 0.000000, 0.000000, 1.000000, 0.008191, -0.068712, 0.997603, 0.319290, -0.993359, -0.115057, 0.000231, 0.036299, 0.114765, -0.990980, -0.069199, 0.263297, 0.000000, 0.000000, 0.000000, 1.000000, 0.999279, -0.007060, 0.037313, 0.016991, 0.037520, 0.031784, -0.998790, 0.040791, 0.005866, 0.999470, 0.032026, -0.031847, 0.000000, 0.000000, 0.000000, 1.000000
9.4729, -4.0349, -6.1967, 247.6247, 319.1247, 36.5349, 263.2701, 16.9553, 40.9088, -31.8299, 0.993182, 0.116564, -0.001471, -0.004035, -0.116123, 0.990378, 0.075280, -0.006197, 0.010232, -0.074596, 0.997161, 0.247625, 0.000000, 0.000000, 0.000000, 1.000000, 0.010232, -0.074596, 0.997161, 0.319125, -0.993182, -0.116564, 0.001471, 0.036535, 0.116123, -0.990378, -0.075280, 0.263270, 0.000000, 0.000000, 0.000000, 1.000000, 0.999352, -0.007089, 0.035288, 0.016955, 0.035533, 0.037978, -0.998647, 0.040909, 0.005739, 0.999253, 0.038206, -0.031830, 0.000000, 0.000000, 0.000000, 1.000000
9.5456, -4.2885, -6.1365, 247.6575, 319.1575, 36.7885, 263.2100, 16.8954, 40.8283, -31.7904, 0.993045, 0.117703, 0.002562, -0.004289, -0.117604, 0.990720, 0.068138, -0.006137, 0.005481, -0.067965, 0.997673, 0.247658, 0.000000, 0.000000, 0.000000, 1.000000, 0.005481, -0.067965, 0.997673, 0.319158, -0.993045, -0.117703, -0.002562, 0.036789, 0.117604, -0.990720, -0.068138, 0.263210, 0.000000, 0.000000, 0.000000, 1.000000, 0.999170, -0.006944, 0.040132, 0.016895, 0.040332, 0.031612, -0.998686, 0.040828, 0.005667, 0.999476, 0.031866, -0.031790, 0.000000, 0.000000, 0.000000, 1.000000
9.6451, -4.5157, -6.1026, 247.6093, 319.1093, 37.0157, 263.1761, 16.9336, 40.8182, -31.7667, 0.992844, 0.119414, -0.001119, -0.004516, -0.119068, 0.990594, 0.067424, -0.006103, 0.009160, -0.066808, 0.997724, 0.247609, 0.000000, 0.000000, 0.000000, 1.000000, 0.009160, -0.066808, 0.997724, 0.319109, -0.992844, -0.119414, 0.001119, 0.037016, 0.119068, -0.990594, -0.067424, 0.263176, 0.000000, 0.000000, 0.000000, 1.000000, 0.999309, -0.006890, 0.036526, 0.016934, 0.036722, 0.030834, -0.998850, 0.040818, 0.005755, 0.999501, 0.031066, -0.031767, 0.000000, 0.000000, 0.000000, 1.000000
9.7216, -4.7650, -6.0624, 247.4884, 318.9884, 37.2650, 263.1358, 16.8837, 40.8903, -31.7411, 0.992726, 0.120326, 0.004080, -0.004765, -0.120330, 0.990495, 0.066631, -0.006062, 0.003977, -0.066637, 0.997769, 0.247488, 0.000000, 0.000000, 0.000000, 1.000000, 0.003977, -0.066637, 0.997769, 0.318988, -0.992726, -0.120326, -0.004080, 0.037265, 0.120330, -0.990495, -0.066631, 0.263136, 0.000000, 0.000000, 0.000000, 1.000000, 0.999102, -0.007279, 0.041731, 0.016884, 0.041937, 0.030936, -0.998641, 0.040890, 0.005978, 0.999495, 0.031214, -0.031741, 0.000000, 0.000000, 0.000000, 1.000000
9.8075, -4.9930, -5.9978, 247.4996, 318.9996, 37.4930, 263.0713, 16.8833, 40.8259, -31.6921, 0.992557, 0.121780, 0.000892, -0.004993, -0.121601, 0.990641, 0.061994, -0.005998, 0.006665, -0.061641, 0.998076, 0.247500, 0.000000, 0.000000, 0.000000, 1.000000, 0.006665, -0.061641, 0.998076, 0.319000, -0.992557, -0.121780, -0.000892, 0.037493, 0.121601, -0.990641, -0.061994, 0.263071, 0.000000, 0.000000, 0.000000, 1.000000, 0.999209, -0.007102, 0.039125, 0.016883, 0.039299, 0.026263, -0.998882, 0.040826, 0.006067, 0.999630, 0.026521, -0.031692, 0.000000, 0.000000, 0.000000, 1.000000
9.8859, -5.2754, -5.9632, 247.4243, 318.9243, 37.7754, 263.0366, 16.8083, 40.8505, -31.6784, 0.992366, 0.122959, 0.009533, -0.005275, -0.123319, 0.990251, 0.064768, -0.005963, -0.001476, -0.065449, 0.997855, 0.247424, 0.000000, 0.000000, 0.000000, 1.000000, -0.001476, -0.065449, 0.997855, 0.318924, -0.992366, -0.122959, -0.009533, 0.037775, 0.123319, -0.990251, -0.064768, 0.263037, 0.000000, 0.000000, 0.000000, 1.000000, 0.998854, -0.007408, 0.047286, 0.016808, 0.047490, 0.030367, -0.998410, 0.040850, 0.005961, 0.999511, 0.030684, -0.031678, 0.000000, 0.000000, 0.000000, 1.000000
9.9727, -5.5131, -5.9393, 247.3284, 318.8284, 38.0131, 263.0128, 16.8004, 40.8940, -31.6681, 0.992208, 0.124382, 0.007216, -0.005513, -0.124584, 0.989880, 0.067943, -0.005939, 0.001308, -0.068312, 0.997663, 0.247328, 0.000000, 0.000000, 0.000000, 1.000000, 0.001308, -0.068312, 0.997663, 0.318828, -0.992208, -0.124382, -0.007216, 0.038013, 0.124584, -0.989880, -0.067943, 0.263013, 0.000000, 0.000000, 0.000000, 1.000000, 0.998979, -0.007574, 0.044534, 0.016800, 0.044764, 0.033562, -0.998434, 0.040894, 0.006068, 0.999408, 0.033867, -0.031668, 0.000000, 0.000000, 0.000000, 1.000000
10.0514, -5.7461, -5.8899, 247.2957, 318.7957, 38.2461, 262.9633, 16.7753, 40.8773, -31.6355, 0.992043, 0.125731, 0.006507, -0.005746, -0.125885, 0.989855, 0.065883, -0.005890, 0.001842, -0.066178, 0.997806, 0.247296, 0.000000, 0.000000, 0.000000, 1.000000, 0.001842, -0.066178, 0.997806, 0.318796, -0.992043, -0.125731, -0.006507, 0.038246, 0.125885, -0.989855, -0.065883, 0.262963, 0.000000, 0.000000, 0.000000, 1.000000, 0.999001, -0.007487, 0.044054, 0.016775, 0.044270, 0.031727, -0.998516, 0.040877, 0.006079, 0.999469, 0.032026, -0.031636, 0.000000, 0.000000, 0.000000, 1.000000
10.1263, -5.9882, -5.8919, 247.0671, 318.5671, 38.4882, 262.9654, 16.7284, 41.0598, -31.6496, 0.991824, 0.127506, 0.005181, -0.005988, -0.127523, 0.988818, 0.077315, -0.005892, 0.004735, -0.077344, 0.996993, 0.247067, 0.000000, 0.000000, 0.000000, 1.000000, 0.004735, -0.077344, 0.996993, 0.318567, -0.991824, -0.127506, -0.005181, 0.038488, 0.127523, -0.988818, -0.077315, 0.262965, 0.000000, 0.000000, 0.000000, 1.000000, 0.999125, -0.007397, 0.041157, 0.016728, 0.041439, 0.043216, -0.998206, 0.041060, 0.005606, 0.999038, 0.043485, -0.031650, 0.000000, 0.000000, 0.000000, 1.000000
10.2212, -6.2442, -5.7781, 247.1590, 318.6590, 38.7442, 262.8515, 16.7213, 40.9075, -31.5587, 0.991651, 0.128846, 0.005151, -0.006244, -0.128917, 0.989729, 0.061780, -0.005778, 0.002862, -0.061928, 0.998076, 0.247159, 0.000000, 0.000000, 0.000000, 1.000000, 0.002862, -0.061928, 0.998076, 0.318659, -0.991651, -0.128846, -0.005151, 0.038744, 0.128917, -0.989729, -0.061780, 0.262852, 0.000000, 0.000000, 0.000000, 1.000000, 0.999042, -0.007108, 0.043175, 0.016721, 0.043359, 0.028133, -0.998663, 0.040908, 0.005883, 0.999579, 0.028414, -0.031559, 0.000000, 0.000000, 0.000000, 1.000000
10.2977, -6.4965, -5.7648, 247.0268, 318.5268, 38.9965, 262.8383, 16.6709, 40.9920, -31.5629, 0.991508, 0.129849, 0.007224, -0.006496, -0.130041, 0.989297, 0.066180, -0.005765, 0.001447, -0.066558, 0.997782, 0.247027, 0.000000, 0.000000, 0.000000, 1.000000, 0.001447, -0.066558, 0.997782, 0.318527, -0.991508, -0.129849, -0.007224, 0.038996, 0.130041, -0.989297, -0.066180, 0.262838, 0.000000, 0.000000, 0.000000, 1.000000, 0.998977, -0.007585, 0.044584, 0.016671, 0.044812, 0.033045, -0.998449, 0.040992, 0.006100, 0.999425, 0.033351, -0.031563, 0.000000, 0.000000, 0.000000, 1.000000
10.3915, -6.7199, -5.7498, 246.9297, 318.4297, 39.2199, 262.8233, 16.6975, 41.0342, -31.5602, 0.991240, 0.132058, 0.001934, -0.006720, -0.131846, 0.988578, 0.073015, -0.005750, 0.007730, -0.072630, 0.997329, 0.246930, 0.000000, 0.000000, 0.000000, 1.000000, 0.007730, -0.072630, 0.997329, 0.318430, -0.991240, -0.132058, -0.001934, 0.039220, 0.131846, -0.988578, -0.073015, 0.262823, 0.000000, 0.000000, 0.000000, 1.000000, 0.999239, -0.007195, 0.038345, 0.016698, 0.038600, 0.039512, -0.998473, 0.041034, 0.005669, 0.999193, 0.039759, -0.031560, 0.000000, 0.000000, 0.000000, 1.000000
10.4678, -6.9792, -5.6922, 246.8653, 318.3653, 39.4792, 262.7657, 16.6364, 41.0492, -31.5246, 0.991122, 0.132705, 0.008152, -0.006979, -0.132949, 0.988656, 0.069890, -0.005692, 0.001215, -0.070354, 0.997521, 0.246865, 0.000000, 0.000000, 0.000000, 1.000000, 0.001215, -0.070354, 0.997521, 0.318365, -0.991122, -0.132705, -0.008152, 0.039479, 0.132949, -0.988656, -0.069890, 0.262766, 0.000000, 0.000000, 0.000000, 1.000000, 0.998962, -0.007770, 0.044891, 0.016636, 0.045151, 0.037493, -0.998276, 0.041049, 0.006073, 0.999267, 0.037805, -0.031525, 0.000000, 0.000000, 0.000000, 1.000000
10.5500, -7.2188, -5.6442, 246.8506, 318.3506, 39.7188, 262.7176, 16.6147, 41.0128, -31.4968, 0.990873, 0.134790, 0.001345, -0.007219, -0.134559, 0.988479, 0.069301, -0.005644, 0.008012, -0.068850, 0.997595, 0.246851, 0.000000, 0.000000, 0.000000, 1.000000, 0.008012, -0.068850, 0.997595, 0.318351, -0.990873, -0.134790, -0.001345, 0.039719, 0.134559, -0.988479, -0.069301, 0.262718, 0.000000, 0.000000, 0.000000, 1.000000, 0.999246, -0.007024, 0.038188, 0.016615, 0.038418, 0.036334, -0.998601, 0.041013, 0.005626, 0.999315, 0.036577, -0.031497, 0.000000, 0.000000, 0.000000, 1.000000
10.6244, -7.4958, -5.5957, 246.8167, 318.3167, 39.9958, 262.6692, 16.5341, 40.9977, -31.4748, 0.990710, 0.135749, 0.008173, -0.007496, -0.135989, 0.988334, 0.068581, -0.005596, 0.001232, -0.069055, 0.997612, 0.246817, 0.000000, 0.000000, 0.000000, 1.000000, 0.001232, -0.069055, 0.997612, 0.318317, -0.990710, -0.135749, -0.008173, 0.039996, 0.135989, -0.988334, -0.068581, 0.262669, 0.000000, 0.000000, 0.000000, 1.000000, 0.998960, -0.007344, 0.044996, 0.016534, 0.045237, 0.036811, -0.998298, 0.040998, 0.005675, 0.999295, 0.037105, -0.031475, 0.000000, 0.000000, 0.000000, 1.000000
10.7205, -7.7213, -5.5386, 246.7455, 318.2455, 40.2213, 262.6121, 16.5597, 41.0113, -31.4328, 0.990498, 0.137346, 0.007050, -0.007721, -0.137512, 0.988348, 0.065257, -0.005539, 0.001995, -0.065607, 0.997844, 0.246746, 0.000000, 0.000000, 0.000000, 1.000000, 0.001995, -0.065607, 0.997844, 0.318246, -0.990498, -0.137346, -0.007050, 0.040221, 0.137512, -0.988348, -0.065257, 0.262612, 0.000000, 0.000000, 0.000000, 1.000000, 0.998992, -0.007255, 0.044305, 0.016560, 0.044526, 0.033725, -0.998439, 0.041011, 0.005750, 0.999405, 0.034014, -0.031433, 0.000000, 0.000000, 0.000000, 1.000000
10.8132, -7.9786, -5.4971, 246.6557, 318.1557, 40.4786, 262.5705, 16.5463, 41.0444, -31.4111, 0.990317, 0.138555, 0.008604, -0.007979, -0.138820, 0.988086, 0.066452, -0.005497, 0.000706, -0.067003, 0.997753, 0.246656, 0.000000, 0.000000, 0.000000, 1.000000, 0.000706, -0.067003, 0.997753, 0.318156, -0.990317, -0.138555, -0.008604, 0.040479, 0.138820, -0.988086, -0.066452, 0.262571, 0.000000, 0.000000, 0.000000, 1.000000, 0.998930, -0.007680, 0.045612, 0.016546, 0.045857, 0.035460, -0.998318, 0.041044, 0.006050, 0.999342, 0.035774, -0.031411, 0.000000, 0.000000, 0.000000, 1.000000
10.8859, -8.2448, -5.4530, 246.5921, 318.0921, 40.7448, 262.5264, 16.4707, 41.0604, -31.3926, 0.990105, 0.140074, 0.008407, -0.008245, -0.140321, 0.987762, 0.068087, -0.005453, 0.001233, -0.068593, 0.997644, 0.246592, 0.000000, 0.000000, 0.000000, 1.000000, 0.001233, -0.068593, 0.997644, 0.318092, -0.990105, -0.140074, -0.008407, 0.040745, 0.140321, -0.987762, -0.068087, 0.262526, 0.000000, 0.000000, 0.000000, 1.000000, 0.998953, -0.007455, 0.045131, 0.016471, 0.045379, 0.037343, -0.998272, 0.041060, 0.005757, 0.999275, 0.037643, -0.031393, 0.000000, 0.000000, 0.000000, 1.000000
10.9670, -8.4718, -5.4162, 246.5317, 318.0317, 40.9718, 262.4897, 16.4576, 41.0711, -31.3748, 0.989851, 0.141946, 0.006830, -0.008472, -0.142071, 0.987317, 0.070864, -0.005416, 0.003316, -0.071115, 0.997463, 0.246532, 0.000000, 0.000000, 0.000000, 1.000000, 0.003316, -0.071115, 0.997463, 0.318032, -0.989851, -0.141946, -0.006830, 0.040972, 0.142071, -0.987317, -0.070864, 0.262490, 0.000000, 0.000000, 0.000000, 1.000000, 0.999046, -0.007052, 0.043106, 0.016458, 0.043356, 0.040202, -0.998251, 0.041071, 0.005306, 0.999167, 0.040469, -0.031375, 0.000000, 0.000000, 0.000000, 1.000000
11.0608, -8.6929, -5.4019, 246.3305, 317.8305, 41.1929, 262.4753, 16.4817, 41.2175, -31.3724, 0.989659, 0.143374, 0.004349, -0.008693, -0.143282, 0.986697, 0.076808, -0.005402, 0.006721, -0.076637, 0.997036, 0.246331, 0.000000, 0.000000, 0.000000, 1.000000, 0.006721, -0.076637, 0.997036, 0.317831, -0.989659, -0.143374, -0.004349, 0.041193, 0.143282, -0.986697, -0.076808, 0.262475, 0.000000, 0.000000, 0.000000, 1.000000, 0.999184, -0.007419, 0.039693, 0.016482, 0.039994, 0.046082, -0.998137, 0.041217, 0.005576, 0.998910, 0.046341, -0.031372, 0.000000, 0.000000, 0.000000, 1.000000
11.1364, -8.9360, -5.3245, 246.4018, 317.9018, 41.4360, 262.3979, 16.4379, 41.0972, -31.3225, 0.989474, 0.144527, 0.007274, -0.008936, -0.144676, 0.986909, 0.071271, -0.005324, 0.003122, -0.071573, 0.997430, 0.246402, 0.000000, 0.000000, 0.000000, 1.000000, 0.003122, -0.071573, 0.997430, 0.317902, -0.989474, -0.144527, -0.007274, 0.041436, 0.144676, -0.986909, -0.071271, 0.262398, 0.000000, 0.000000, 0.000000, 1.000000, 0.999032, -0.007372, 0.043364, 0.016438, 0.043633, 0.041295, -0.998194, 0.041097, 0.005568, 0.999120, 0.041577, -0.031322, 0.000000, 0.000000, 0.000000, 1.000000
11.2164, -9.1732, -5.2851, 246.3275, 317.8275, 41.6732, 262.3586, 16.4110, 41.1217, -31.3045, 0.989245, 0.146172, 0.005331, -0.009173, -0.146181, 0.986727, 0.070720, -0.005285, 0.005077, -0.070738, 0.997482, 0.246327, 0.000000, 0.000000, 0.000000, 1.000000, 0.005077, -0.070738, 0.997482, 0.317827, -0.989245, -0.146172, -0.005331, 0.041673, 0.146181, -0.986727, -0.070720, 0.262359, 0.000000, 0.000000, 0.000000, 1.000000, 0.999115, -0.007055, 0.041466, 0.016411, 0.041720, 0.040779, -0.998297, 0.041122, 0.005352, 0.999143, 0.041038, -0.031305, 0.000000, 0.000000, 0.000000, 1.000000
11.3052, -9.4120, -5.2669, 246.1734, 317.6734, 41.9120, 262.3404, 16.4054, 41.2226, -31.3044, 0.989058, 0.147419, 0.005689, -0.009412, -0.147418, 0.986096, 0.076700, -0.005267, 0.005697, -0.076700, 0.997038, 0.246173, 0.000000, 0.000000, 0.000000, 1.000000, 0.005697, -0.076700, 0.997038, 0.317673, -0.989058, -0.147419, -0.005689, 0.041912, 0.147418, -0.986096, -0.076700, 0.262340, 0.000000, 0.000000, 0.000000, 1.000000, 0.999138, -0.007532, 0.040829, 0.016405, 0.041139, 0.047076, -0.998044, 0.041223, 0.005596, 0.998863, 0.047345, -0.031304, 0.000000, 0.000000, 0.000000, 1.000000
11.3799, -9.6592, -5.1946, 246.1497, 317.6497, 42.1592, 262.2680, 16.3513, 41.1976, -31.2586, 0.988871, 0.148600, 0.007211, -0.009659, -0.148737, 0.986366, 0.070416, -0.005195, 0.003351, -0.070705, 0.997492, 0.246150, 0.000000, 0.000000, 0.000000, 1.000000, 0.003351, -0.070705, 0.997492, 0.317650, -0.988871, -0.148600, -0.007211, 0.042159, 0.148737, -0.986366, -0.070416, 0.262268, 0.000000, 0.000000, 0.000000, 1.000000, 0.999037, -0.007408, 0.043252, 0.016351, 0.043523, 0.041356, -0.998196, 0.041198, 0.005606, 0.999117, 0.041639, -0.031259, 0.000000, 0.000000, 0.000000, 1.000000
11.4631, -9.9093, -5.1665, 246.0335, 317.5335, 42.4093, 262.2399, 16.3199, 41.2624, -31.2532, 0.988663, 0.149945, 0.007815, -0.009909, -0.150109, 0.985855, 0.074552, -0.005166, 0.003474, -0.074880, 0.997186, 0.246034, 0.000000, 0.000000, 0.000000, 1.000000, 0.003474, -0.074880, 0.997186, 0.317534, -0.988663, -0.149945, -0.007815, 0.042409, 0.150109, -0.985855, -0.074552, 0.262240, 0.000000, 0.000000, 0.000000, 1.000000, 0.999040, -0.007628, 0.043136, 0.016320, 0.043442, 0.045852, -0.998003, 0.041262, 0.005635, 0.998919, 0.046139, -0.031253, 0.000000, 0.000000, 0.000000, 1.000000
11.5565, -10.1462, -5.0983, 246.0451, 317.5451, 42.6462, 262.1717, 16.3283, 41.1940, -31.2088, 0.988458, 0.151223, 0.009074, -0.010146, -0.151486, 0.985989, 0.069847, -0.005098, 0.001615, -0.070415, 0.997516, 0.246045, 0.000000, 0.000000, 0.000000, 1.000000, 0.001615, -0.070415, 0.997516, 0.317545, -0.988458, -0.151223, -0.009074, 0.042646, 0.151486, -0.985989, -0.069847, 0.262172, 0.000000, 0.000000, 0.000000, 1.000000, 0.998954, -0.007782, 0.045061, 0.016328, 0.045347, 0.041726, -0.998100, 0.041194, 0.005887, 0.999099, 0.042035, -0.031209, 0.000000, 0.000000, 0.000000, 1.000000
11.6257, -10.3939, -5.0563, 245.9289, 317.4289, 42.8939, 262.1298, 16.2590, 41.2651, -31.1925, 0.988205, 0.152810, 0.009978, -0.010394, -0.153129, 0.985501, 0.073067, -0.005056, 0.001332, -0.073733, 0.997277, 0.245929, 0.000000, 0.000000, 0.000000, 1.000000, 0.001332, -0.073733, 0.997277, 0.317429, -0.988205, -0.152810, -0.009978, 0.042894, 0.153129, -0.985501, -0.073067, 0.262130, 0.000000, 0.000000, 0.000000, 1.000000, 0.998942, -0.007485, 0.045385, 0.016259, 0.045679, 0.045332, -0.997927, 0.041265, 0.005412, 0.998944, 0.045626, -0.031192, 0.000000, 0.000000, 0.000000, 1.000000
11.7327, -10.6225, -5.0178, 245.8211, 317.3211, 43.1225, 262.0913, 16.3116, 41.3108, -31.1714, 0.988018, 0.154125, 0.008151, -0.010623, -0.154300, 0.985160, 0.075182, -0.005018, 0.003558, -0.075539, 0.997137, 0.245821, 0.000000, 0.000000, 0.000000, 1.000000, 0.003558, -0.075539, 0.997137, 0.317321, -0.988018, -0.154125, -0.008151, 0.043123, 0.154300, -0.985160, -0.075182, 0.262091, 0.000000, 0.000000, 0.000000, 1.000000, 0.999036, -0.008056, 0.043156, 0.016312, 0.043491, 0.047526, -0.997923, 0.041311, 0.005988, 0.998838, 0.047831, -0.031171, 0.000000, 0.000000, 0.000000, 1.000000
11.7965, -10.8916, -4.9418, 245.8368, 317.3368, 43.3916, 262.0153, 16.2071, 41.2508, -31.1302, 0.987802, 0.155332, 0.010872, -0.010892, -0.155713, 0.985384, 0.069074, -0.004942, 0.000016, -0.069925, 0.997552, 0.245837, 0.000000, 0.000000, 0.000000, 1.000000, 0.000016, -0.069925, 0.997552, 0.317337, -0.987802, -0.155332, -0.010872, 0.043392, 0.155713, -0.985384, -0.069074, 0.262015, 0.000000, 0.000000, 0.000000, 1.000000, 0.998875, -0.007730, 0.046783, 0.016207, 0.047069, 0.042157, -0.998002, 0.041251, 0.005743, 0.999081, 0.042473, -0.031130, 0.000000, 0.000000, 0.000000, 1.000000
11.8907, -11.1173, -4.8881, 245.7750, 317.2750, 43.6173, 261.9616, 16.2278, 41.2561, -31.0977, 0.987602, 0.156672, 0.009813, -0.011117, -0.156977, 0.985332, 0.066922, -0.004888, 0.000816, -0.067633, 0.997710, 0.245775, 0.000000, 0.000000, 0.000000, 1.000000, 0.000816, -0.067633, 0.997710, 0.317275, -0.987602, -0.156672, -0.009813, 0.043617, 0.156977, -0.985332, -0.066922, 0.261962, 0.000000, 0.000000, 0.000000, 1.000000, 0.998909, -0.007912, 0.046025, 0.016228, 0.046307, 0.040212, -0.998118, 0.041256, 0.006046, 0.999160, 0.040534, -0.031098, 0.000000, 0.000000, 0.000000, 1.000000
11.9659, -11.3794, -4.8597, 245.7077, 317.2077, 43.8794, 261.9331, 16.1647, 41.2754, -31.0991, 0.987279, 0.158858, 0.006690, -0.011379, -0.158914, 0.984492, 0.074309, -0.004860, 0.005219, -0.074427, 0.997213, 0.245708, 0.000000, 0.000000, 0.000000, 1.000000, 0.005219, -0.074427, 0.997213, 0.317208, -0.987279, -0.158858, -0.006690, 0.043879, 0.158914, -0.984492, -0.074309, 0.261933, 0.000000, 0.000000, 0.000000, 1.000000, 0.999105, -0.007232, 0.041668, 0.016165, 0.041965, 0.047345, -0.997997, 0.041275, 0.005245, 0.998852, 0.047606, -0.031099, 0.000000, 0.000000, 0.000000, 1.000000
12.0518, -11.6134, -4.8128, 245.6981, 317.1981, 44.1134, 261.8862, 16.1584, 41.2325, -31.0781, 0.987115, 0.159872, 0.006640, -0.011613, -0.159933, 0.984517, 0.071751, -0.004813, 0.004934, -0.071888, 0.997400, 0.245698, 0.000000, 0.000000, 0.000000, 1.000000, 0.004934, -0.071888, 0.997400, 0.317198, -0.987115, -0.159872, -0.006640, 0.044113, 0.159933, -0.984517, -0.071751, 0.261886, 0.000000, 0.000000, 0.000000, 1.000000, 0.999090, -0.007592, 0.041970, 0.016158, 0.042271, 0.045112, -0.998087, 0.041232, 0.005684, 0.998953, 0.045392, -0.031078, 0.000000, 0.000000, 0.000000, 1.000000
12.1390, -11.8757, -4.7572, 245.5075, 317.0075, 44.3757, 261.8307, 16.1171, 41.3684, -31.0487, 0.986843, 0.161468, 0.008330, -0.011876, -0.161640, 0.984097, 0.073663, -0.004757, 0.003696, -0.074040, 0.997248, 0.245508, 0.000000, 0.000000, 0.000000, 1.000000, 0.003696, -0.074040, 0.997248, 0.317008, -0.986843, -0.161468, -0.008330, 0.044376, 0.161640, -0.984097, -0.073663, 0.261831, 0.000000, 0.000000, 0.000000, 1.000000, 0.999036, -0.007551, 0.043251, 0.016117, 0.043562, 0.047606, -0.997916, 0.041368, 0.005476, 0.998838, 0.047889, -0.031049, 0.000000, 0.000000, 0.000000, 1.000000
12.2159, -12.1128, -4.7044, 245.4916, 316.9916, 44.6128, 261.7779, 16.0818, 41.3358, -31.0244, 0.986629, 0.162624, 0.010765, -0.012113, -0.162977, 0.984028, 0.071612, -0.004704, 0.001053, -0.072409, 0.997375, 0.245492, 0.000000, 0.000000, 0.000000, 1.000000, 0.001053, -0.072409, 0.997375, 0.316992, -0.986629, -0.162624, -0.010765, 0.044613, 0.162977, -0.984028, -0.071612, 0.261778, 0.000000, 0.000000, 0.000000, 1.000000, 0.998915, -0.007643, 0.045933, 0.016082, 0.046239, 0.046262, -0.997859, 0.041336, 0.005502, 0.998900, 0.046565, -0.031024, 0.000000, 0.000000, 0.000000, 1.000000
12.2999, -12.3722, -4.6463, 245.4428, 316.9428, 44.8722, 261.7197, 16.0410, 41.3316, -30.9970, 0.986362, 0.164263, 0.010332, -0.012372, -0.164583, 0.983892, 0.069774, -0.004646, 0.001296, -0.070523, 0.997509, 0.245443, 0.000000, 0.000000, 0.000000, 1.000000, 0.001296, -0.070523, 0.997509, 0.316943, -0.986362, -0.164263, -0.010332, 0.044872, 0.164583, -0.983892, -0.069774, 0.261720, 0.000000, 0.000000, 0.000000, 1.000000, 0.998926, -0.007358, 0.045756, 0.016041, 0.046040, 0.044707, -0.997939, 0.041332, 0.005297, 0.998973, 0.044998, -0.030997, 0.000000, 0.000000, 0.000000, 1.000000
12.3893, -12.6068, -4.6196, 245.2742, 316.7742, 45.1068, 261.6930, 16.0393, 41.4465, -30.9930, 0.986134, 0.165768, 0.007730, -0.012607, -0.165873, 0.983207, 0.076100, -0.004620, 0.005014, -0.076327, 0.997070, 0.245274, 0.000000, 0.000000, 0.000000, 1.000000, 0.005014, -0.076327, 0.997070, 0.316774, -0.986134, -0.165768, -0.007730, 0.045107, 0.165873, -0.983207, -0.076100, 0.261693, 0.000000, 0.000000, 0.000000, 1.000000, 0.999088, -0.007571, 0.042022, 0.016039, 0.042353, 0.050860, -0.997807, 0.041446, 0.005417, 0.998677, 0.051134, -0.030993, 0.000000, 0.000000, 0.000000, 1.000000
12.4662, -12.8570, -4.5588, 245.2807, 316.7807, 45.3570, 261.6322, 15.9900, 41.3909, -30.9648, 0.985920, 0.167063, 0.007234, -0.012857, -0.167140, 0.983191, 0.073478, -0.004559, 0.005163, -0.073653, 0.997271, 0.245281, 0.000000, 0.000000, 0.000000, 1.000000, 0.005163, -0.073653, 0.997271, 0.316781, -0.985920, -0.167063, -0.007234, 0.045357, 0.167140, -0.983191, -0.073478, 0.261632, 0.000000, 0.000000, 0.000000, 1.000000, 0.999092, -0.007488, 0.041940, 0.015990, 0.042254, 0.048478, -0.997930, 0.041391, 0.005440, 0.998796, 0.048750, -0.030965, 0.000000, 0.000000, 0.000000, 1.000000
12.5635, -13.1159, -4.4919, 245.1348, 316.6348, 45.6159, 261.5653, 15.9798, 41.4770, -30.9257, 0.985653, 0.168396, 0.011433, -0.013116, -0.168780, 0.982922, 0.073337, -0.004492, 0.001112, -0.074214, 0.997242, 0.245135, 0.000000, 0.000000, 0.000000, 1.000000, 0.001112, -0.074214, 0.997242, 0.316635, -0.985653, -0.168396, -0.011433, 0.045616, 0.168780, -0.982922, -0.073337, 0.261565, 0.000000, 0.000000, 0.000000, 1.000000, 0.998911, -0.007827, 0.046004, 0.015980, 0.046336, 0.049399, -0.997704, 0.041477, 0.005537, 0.998748, 0.049707, -0.030926, 0.000000, 0.000000, 0.000000, 1.000000
12.6385, -13.3634, -4.4370, 245.0959, 316.5959, 45.8634, 261.5104, 15.9269, 41.4681, -30.9039, 0.985428, 0.169688, 0.011752, -0.013363, -0.170094, 0.982794, 0.071999, -0.004437, 0.000668, -0.072949, 0.997335, 0.245096, 0.000000, 0.000000, 0.000000, 1.000000, 0.000668, -0.072949, 0.997335, 0.316596, -0.985428, -0.169688, -0.011752, 0.045863, 0.170094, -0.982794, -0.071999, 0.261510, 0.000000, 0.000000, 0.000000, 1.000000, 0.998889, -0.007756, 0.046492, 0.015927, 0.046814, 0.048420, -0.997729, 0.041468, 0.005488, 0.998797, 0.048729, -0.030904, 0.000000, 0.000000, 0.000000, 1.000000
12.7162, -13.5971, -4.3862, 245.0487, 316.5487, 46.0971, 261.4597, 15.8955, 41.4669, -30.8825, 0.985116, 0.171671, 0.008679, -0.013597, -0.171849, 0.982510, 0.071714, -0.004386, 0.003784, -0.072139, 0.997387, 0.245049, 0.000000, 0.000000, 0.000000, 1.000000, 0.003784, -0.072139, 0.997387, 0.316549, -0.985116, -0.171671, -0.008679, 0.046097, 0.171849, -0.982510, -0.071714, 0.261460, 0.000000, 0.000000, 0.000000, 1.000000, 0.999030, -0.007054, 0.043465, 0.015896, 0.043754, 0.047940, -0.997891, 0.041467, 0.004956, 0.998825, 0.048202, -0.030882, 0.000000, 0.000000, 0.000000, 1.000000
12.7964, -13.8263, -4.3602, 244.9150, 316.4150, 46.3263, 261.4337, 15.8756, 41.5516, -30.8826, 0.984919, 0.172768, 0.009255, -0.013826, -0.172970, 0.982018, 0.075639, -0.004360, 0.003980, -0.076099, 0.997092, 0.244915, 0.000000, 0.000000, 0.000000, 1.000000, 0.003980, -0.076099, 0.997092, 0.316415, -0.984919, -0.172768, -0.009255, 0.046326, 0.172970, -0.982018, -0.075639, 0.261434, 0.000000, 0.000000, 0.000000, 1.000000, 0.999036, -0.007455, 0.043256, 0.015876, 0.043587, 0.052200, -0.997685, 0.041552, 0.005179, 0.998609, 0.052475, -0.030883, 0.000000, 0.000000, 0.000000, 1.000000
12.8942, -14.0815, -4.2607, 245.0220, 316.5220, 46.5815, 261.3341, 15.8760, 41.3842, -30.8185, 0.984640, 0.174427, 0.007663, -0.014081, -0.174541, 0.982287, 0.068178, -0.004261, 0.004365, -0.068469, 0.997644, 0.245022, 0.000000, 0.000000, 0.000000, 1.000000, 0.004365, -0.068469, 0.997644, 0.316522, -0.984640, -0.174427, -0.007663, 0.046581, 0.174541, -0.982287, -0.068178, 0.261334, 0.000000, 0.000000, 0.000000, 1.000000, 0.999051, -0.007186, 0.042961, 0.015876, 0.043241, 0.044939, -0.998053, 0.041384, 0.005242, 0.998964, 0.045207, -0.030818, 0.000000, 0.000000, 0.000000, 1.000000
12.9661, -14.3080, -4.2295, 244.8290, 316.3290, 46.8080, 261.3029, 15.8327, 41.5319, -30.8136, 0.984393, 0.175731, 0.009412, -0.014308, -0.175944, 0.981638, 0.073693, -0.004229, 0.003711, -0.074199, 0.997237, 0.244829, 0.000000, 0.000000, 0.000000, 1.000000, 0.003711, -0.074199, 0.997237, 0.316329, -0.984393, -0.175731, -0.009412, 0.046808, 0.175944, -0.981638, -0.073693, 0.261303, 0.000000, 0.000000, 0.000000, 1.000000, 0.999022, -0.007295, 0.043606, 0.015833, 0.043922, 0.050955, -0.997735, 0.041532, 0.005057, 0.998674, 0.051225, -0.030814, 0.000000, 0.000000, 0.000000, 1.000000
13.0643, -14.5465, -4.1804, 244.8104, 316.3104, 47.0465, 261.2539, 15.8536, 41.4920, -30.7939, 0.984120, 0.177360, 0.007181, -0.014546, -0.177414, 0.981511, 0.071840, -0.004180, 0.005693, -0.071973, 0.997390, 0.244810, 0.000000, 0.000000, 0.000000, 1.000000, 0.005693, -0.071973, 0.997390, 0.316310, -0.984120, -0.177360, -0.007181, 0.047046, 0.177414, -0.981511, -0.071840, 0.261254, 0.000000, 0.000000, 0.000000, 1.000000, 0.999105, -0.007252, 0.041671, 0.015854, 0.041977, 0.049103, -0.997911, 0.041492, 0.005190, 0.998767, 0.049364, -0.030794, 0.000000, 0.000000, 0.000000, 1.000000
13.1317, -14.7960, -4.1404, 244.6647, 316.1647, 47.2960, 261.2138, 15.7761, 41.5936, -30.7872, 0.983894, 0.178286, 0.012902, -0.014796, -0.178749, 0.980876, 0.077015, -0.004140, 0.001075, -0.078080, 0.996946, 0.244665, 0.000000, 0.000000, 0.000000, 1.000000, 0.001075, -0.078080, 0.996946, 0.316165, -0.983894, -0.178286, -0.012902, 0.047296, 0.178749, -0.980876, -0.077015, 0.261214, 0.000000, 0.000000, 0.000000, 1.000000, 0.998900, -0.007676, 0.046266, 0.015776, 0.046622, 0.055466, -0.997372, 0.041594, 0.005090, 0.998431, 0.055762, -0.030787, 0.000000, 0.000000, 0.000000, 1.000000
13.2269, -15.0267, -4.0631, 244.7043, 316.2043, 47.5267, 261.1365, 15.7938, 41.4964, -30.7408, 0.983632, 0.179986, 0.008536, -0.015027, -0.180138, 0.981145, 0.070030, -0.004063, 0.004229, -0.070421, 0.997508, 0.244704, 0.000000, 0.000000, 0.000000, 1.000000, 0.004229, -0.070421, 0.997508, 0.316204, -0.983632, -0.179986, -0.008536, 0.047527, 0.180138, -0.981145, -0.070030, 0.261137, 0.000000, 0.000000, 0.000000, 1.000000, 0.999040, -0.007324, 0.043201, 0.015794, 0.043505, 0.048170, -0.997891, 0.041496, 0.005227, 0.998812, 0.048442, -0.030741, 0.000000, 0.000000, 0.000000, 1.000000
13.3172, -15.2521, -4.0388, 244.5718, 316.0718, 47.7521, 261.1123, 15.8049, 41.5755, -30.7429, 0.983413, 0.181189, 0.008345, -0.015252, -0.181294, 0.980480, 0.076105, -0.004039, 0.005607, -0.076356, 0.997065, 0.244572, 0.000000, 0.000000, 0.000000, 1.000000, 0.005607, -0.076356, 0.997065, 0.316072, -0.983413, -0.181189, -0.008345, 0.047752, 0.181294, -0.980480, -0.076105, 0.261112, 0.000000, 0.000000, 0.000000, 1.000000, 0.999095, -0.007854, 0.041797, 0.015805, 0.042163, 0.054441, -0.997626, 0.041576, 0.005560, 0.998486, 0.054723, -0.030743, 0.000000, 0.000000, 0.000000, 1.000000
13.3888, -15.4782, -3.9705, 244.6332, 316.1332, 47.9782, 261.0440, 15.7667, 41.4683, -30.7091, 0.983179, 0.182512, 0.006984, -0.015478, -0.182543, 0.980622, 0.071121, -0.003971, 0.006132, -0.071200, 0.997443, 0.244633, 0.000000, 0.000000, 0.000000, 1.000000, 0.006132, -0.071200, 0.997443, 0.316133, -0.983179, -0.182512, -0.006984, 0.047978, 0.182543, -0.980622, -0.071121, 0.261044, 0.000000, 0.000000, 0.000000, 1.000000, 0.999117, -0.007564, 0.041336, 0.015767, 0.041660, 0.049562, -0.997902, 0.041468, 0.005500, 0.998742, 0.049833, -0.030709, 0.000000, 0.000000, 0.000000, 1.000000
13.4719, -15.7165, -3.9256, 244.4146, 315.9146, 48.2165, 260.9991, 15.7375, 41.6356, -30.6933, 0.982896, 0.183997, 0.007800, -0.015717, -0.184035, 0.979766, 0.078672, -0.003926, 0.006833, -0.078762, 0.996870, 0.244415, 0.000000, 0.000000, 0.000000, 1.000000, 0.006833, -0.078762, 0.996870, 0.315915, -0.982896, -0.183997, -0.007800, 0.048217, 0.184035, -0.979766, -0.078672, 0.260999, 0.000000, 0.000000, 0.000000, 1.000000, 0.999145, -0.007735, 0.040623, 0.015737, 0.041002, 0.057454, -0.997506, 0.041636, 0.005382, 0.998318, 0.057722, -0.030693, 0.000000, 0.000000, 0.000000, 1.000000
13.5492, -15.9718, -3.8519, 244.5070, 316.0070, 48.4718, 260.9254, 15.6860, 41.4934, -30.6603, 0.982616, 0.185406, 0.009508, -0.015972, -0.185599, 0.979861, 0.073657, -0.003852, 0.004340, -0.074141, 0.997238, 0.244507, 0.000000, 0.000000, 0.000000, 1.000000, 0.004340, -0.074141, 0.997238, 0.316007, -0.982616, -0.185406, -0.009508, 0.048472, 0.185599, -0.979861, -0.073657, 0.260925, 0.000000, 0.000000, 0.000000, 1.000000, 0.999039, -0.007477, 0.043190, 0.015686, 0.043527, 0.053132, -0.997638, 0.041493, 0.005164, 0.998560, 0.053406, -0.030660, 0.000000, 0.000000, 0.000000, 1.000000
13.6314, -16.1856, -3.8065, 244.3106, 315.8106, 48.6856, 260.8800, 15.6798, 41.6399, -30.6408, 0.982298, 0.187096, 0.009201, -0.016186, -0.187262, 0.979545, 0.073658, -0.003807, 0.004768, -0.074078, 0.997241, 0.244311, 0.000000, 0.000000, 0.000000, 1.000000, 0.004768, -0.074078, 0.997241, 0.315811, -0.982298, -0.187096, -0.009201, 0.048686, 0.187262, -0.979545, -0.073658, 0.260880, 0.000000, 0.000000, 0.000000, 1.000000, 0.999057, -0.007166, 0.042813, 0.015680, 0.043136, 0.053400, -0.997641, 0.041640, 0.004863, 0.998548, 0.053658, -0.030641, 0.000000, 0.000000, 0.000000, 1.000000
13.7228, -16.4313, -3.7727, 244.2269, 315.7269, 48.9313, 260.8461, 15.6747, 41.6685, -30.6402, 0.982090, 0.188229, 0.008362, -0.016431, -0.188310, 0.979100, 0.076831, -0.003773, 0.006275, -0.077030, 0.997009, 0.244227, 0.000000, 0.000000, 0.000000, 1.000000, 0.006275, -0.077030, 0.997009, 0.315727, -0.982090, -0.188229, -0.008362, 0.048931, 0.188310, -0.979100, -0.076831, 0.260846, 0.000000, 0.000000, 0.000000, 1.000000, 0.999118, -0.007681, 0.041284, 0.015675, 0.041654, 0.056686, -0.997523, 0.041669, 0.005322, 0.998362, 0.056956, -0.030640, 0.000000, 0.000000, 0.000000, 1.000000
13.8129, -16.6828, -3.7078, 244.2140, 315.7140, 49.1828, 260.7812, 15.6577, 41.6258, -30.6123, 0.981806, 0.189808, 0.005464, -0.016683, -0.189629, 0.978575, 0.080202, -0.003708, 0.009876, -0.079779, 0.996764, 0.244214, 0.000000, 0.000000, 0.000000, 1.000000, 0.009876, -0.079779, 0.996764, 0.315714, -0.981806, -0.189808, -0.005464, 0.049183, 0.189629, -0.978575, -0.080202, 0.260781, 0.000000, 0.000000, 0.000000, 1.000000, 0.999260, -0.007710, 0.037690, 0.015658, 0.038085, 0.059787, -0.997484, 0.041626, 0.005438, 0.998181, 0.060037, -0.030612, 0.000000, 0.000000, 0.000000, 1.000000
13.8834, -16.9322, -3.6389, 244.1102, 315.6102, 49.4322, 260.7124, 15.5849, 41.6832, -30.5816, 0.981529, 0.191093, 0.009237, -0.016932, -0.191221, 0.978376, 0.078840, -0.003639, 0.006028, -0.079151, 0.996844, 0.244110, 0.000000, 0.000000, 0.000000, 1.000000, 0.006028, -0.079151, 0.996844, 0.315610, -0.981529, -0.191093, -0.009237, 0.049432, 0.191221, -0.978376, -0.078840, 0.260712, 0.000000, 0.000000, 0.000000, 1.000000, 0.999106, -0.007593, 0.041583, 0.015585, 0.041962, 0.059435, -0.997350, 0.041683, 0.005101, 0.998203, 0.059700, -0.030582, 0.000000, 0.000000, 0.000000, 1.000000
13.9674, -17.1613, -3.5925, 244.0435, 315.5435, 49.6613, 260.6659, 15.5742, 41.6987, -30.5680, 0.981215, 0.192819, 0.006095, -0.017161, -0.192709, 0.978215, 0.077193, -0.003592, 0.008922, -0.076918, 0.996998, 0.244044, 0.000000, 0.000000, 0.000000, 1.000000, 0.008922, -0.076918, 0.996998, 0.315544, -0.981215, -0.192819, -0.006095, 0.049661, 0.192709, -0.978215, -0.077193, 0.260666, 0.000000, 0.000000, 0.000000, 1.000000, 0.999223, -0.007203, 0.038751, 0.015574, 0.039102, 0.057538, -0.997577, 0.041699, 0.004956, 0.998317, 0.057775, -0.030568, 0.000000, 0.000000, 0.000000, 1.000000
14.0585, -17.4106, -3.5228, 243.9243, 315.4243, 49.9106, 260.5963, 15.5562, 41.7617, -30.5341, 0.980947, 0.193913, 0.011896, -0.017411, -0.194248, 0.977881, 0.077571, -0.003523, 0.003409, -0.078404, 0.996916, 0.243924, 0.000000, 0.000000, 0.000000, 1.000000, 0.003409, -0.078404, 0.996916, 0.315424, -0.980947, -0.193913, -0.011896, 0.049911, 0.194248, -0.977881, -0.077571, 0.260596, 0.000000, 0.000000, 0.000000, 1.000000, 0.998990, -0.007702, 0.044260, 0.015556, 0.044640, 0.059356, -0.997238, 0.041762, 0.005054, 0.998207, 0.059640, -0.030534, 0.000000, 0.000000, 0.000000, 1.000000
14.1469, -17.6587, -3.4779, 243.8628, 315.3628, 50.1587, 260.5514, 15.5395, 41.7690, -30.5262, 0.980668, 0.195526, 0.007768, -0.017659, -0.195526, 0.977541, 0.078628, -0.003478, 0.007780, -0.078627, 0.996874, 0.243863, 0.000000, 0.000000, 0.000000, 1.000000, 0.007780, -0.078627, 0.996874, 0.315363, -0.980668, -0.195526, -0.007768, 0.050159, 0.195526, -0.977541, -0.078628, 0.260551, 0.000000, 0.000000, 0.000000, 1.000000, 0.999175, -0.007581, 0.039909, 0.015540, 0.040293, 0.059925, -0.997389, 0.041769, 0.005170, 0.998174, 0.060181, -0.030526, 0.000000, 0.000000, 0.000000, 1.000000
14.2258, -17.9133, -3.3989, 243.8000, 315.3000, 50.4133, 260.4724, 15.4836, 41.7812, -30.4879, 0.980417, 0.196656, 0.010415, -0.017913, -0.196869, 0.977394, 0.077089, -0.003399, 0.004981, -0.077629, 0.996970, 0.243800, 0.000000, 0.000000, 0.000000, 1.000000, 0.004981, -0.077629, 0.996970, 0.315300, -0.980417, -0.196656, -0.010415, 0.050413, 0.196869, -0.977394, -0.077089, 0.260472, 0.000000, 0.000000, 0.000000, 1.000000, 0.999056, -0.007752, 0.042738, 0.015484, 0.043123, 0.059220, -0.997313, 0.041781, 0.005200, 0.998215, 0.059499, -0.030488, 0.000000, 0.000000, 0.000000, 1.000000
14.3218, -18.1704, -3.3272, 243.8067, 315.3067, 50.6704, 260.4007, 15.4763, 41.7157, -30.4566, 0.980075, 0.198324, 0.010965, -0.018170, -0.198590, 0.977333, 0.073362, -0.003327, 0.003833, -0.074078, 0.997245, 0.243807, 0.000000, 0.000000, 0.000000, 1.000000, 0.003833, -0.074078, 0.997245, 0.315307, -0.980075, -0.198324, -0.010965, 0.050670, 0.198590, -0.977333, -0.073362, 0.260401, 0.000000, 0.000000, 0.000000, 1.000000, 0.999005, -0.007584, 0.043946, 0.015476, 0.044303, 0.056039, -0.997445, 0.041716, 0.005102, 0.998400, 0.056319, -0.030457, 0.000000, 0.000000, 0.000000, 1.000000
14.3835, -18.3859, -3.3168, 243.6070, 315.1070, 50.8859, 260.3902, 15.4197, 41.8763, -30.4782, 0.979636, 0.200707, 0.005480, -0.018386, -0.200440, 0.976018, 0.084924, -0.003317, 0.011696, -0.084293, 0.996372, 0.243607, 0.000000, 0.000000, 0.000000, 1.000000, 0.011696, -0.084293, 0.996372, 0.315107, -0.979636, -0.200707, -0.005480, 0.050886, 0.200440, -0.976018, -0.084924, 0.260390, 0.000000, 0.000000, 0.000000, 1.000000, 0.999326, -0.006540, 0.036134, 0.015420, 0.036490, 0.066567, -0.997114, 0.041876, 0.004115, 0.997761, 0.066761, -0.030478, 0.000000, 0.000000, 0.000000, 1.000000
14.5072, -18.6539, -3.2226, 243.6587, 315.1587, 51.1539, 260.2961, 15.4741, 41.7516, -30.4250, 0.979458, 0.201330, 0.011344, -0.018654, -0.201606, 0.976524, 0.075864, -0.003223, 0.004197, -0.076593, 0.997054, 0.243659, 0.000000, 0.000000, 0.000000, 1.000000, 0.004197, -0.076593, 0.997054, 0.315159, -0.979458, -0.201330, -0.011344, 0.051154, 0.201606, -0.976524, -0.075864, 0.260296, 0.000000, 0.000000, 0.000000, 1.000000, 0.999018, -0.007783, 0.043612, 0.015474, 0.043997, 0.059264, -0.997272, 0.041752, 0.005177, 0.998212, 0.059548, -0.030425, 0.000000, 0.000000, 0.000000, 1.000000
14.5633, -18.8816, -3.1772, 243.5163, 315.0163, 51.3816, 260.2507, 15.3860, 41.8561, -30.4176, 0.979153, 0.202968, 0.007930, -0.018882, -0.202940, 0.975874, 0.080531, -0.003177, 0.008606, -0.080461, 0.996721, 0.243516, 0.000000, 0.000000, 0.000000, 1.000000, 0.008606, -0.080461, 0.996721, 0.315016, -0.979153, -0.202968, -0.007930, 0.051382, 0.202940, -0.975874, -0.080531, 0.260251, 0.000000, 0.000000, 0.000000, 1.000000, 0.999204, -0.007197, 0.039238, 0.015386, 0.039616, 0.063386, -0.997202, 0.041856, 0.004690, 0.997963, 0.063621, -0.030418, 0.000000, 0.000000, 0.000000, 1.000000
14.6413, -19.1194, -3.1194, 243.5367, 315.0367, 51.6194, 260.1928, 15.3526, 41.7868, -30.4001, 0.978880, 0.204277, 0.008051, -0.019119, -0.204256, 0.975614, 0.080352, -0.003119, 0.008559, -0.080299, 0.996734, 0.243537, 0.000000, 0.000000, 0.000000, 1.000000, 0.008559, -0.080299, 0.996734, 0.315037, -0.978880, -0.204277, -0.008051, 0.051619, 0.204256, -0.975614, -0.080352, 0.260193, 0.000000, 0.000000, 0.000000, 1.000000, 0.999201, -0.007194, 0.039309, 0.015353, 0.039687, 0.063524, -0.997191, 0.041787, 0.004677, 0.997954, 0.063759, -0.030400, 0.000000, 0.000000, 0.000000, 1.000000
14.7138, -19.3363, -3.0633, 243.4210, 314.9210, 51.8363, 260.1368, 15.3181, 41.8571, -30.3790, 0.978548, 0.205914, 0.006569, -0.019336, -0.205768, 0.975290, 0.080425, -0.003063, 0.010154, -0.080051, 0.996739, 0.243421, 0.000000, 0.000000, 0.000000, 1.000000, 0.010154, -0.080051, 0.996739, 0.314921, -0.978548, -0.205914, -0.006569, 0.051836, 0.205768, -0.975290, -0.080425, 0.260137, 0.000000, 0.000000, 0.000000, 1.000000, 0.999263, -0.006760, 0.037774, 0.015318, 0.038128, 0.063576, -0.997248, 0.041857, 0.004340, 0.997954, 0.063787, -0.030379, 0.000000, 0.000000, 0.000000, 1.000000
14.8072, -19.5733, -3.0065, 243.3424, 314.8424, 52.0733, 260.0800, 15.3220, 41.8794, -30.3594, 0.978286, 0.207152, 0.006639, -0.019573, -0.206990, 0.974889, 0.082137, -0.003007, 0.010543, -0.081728, 0.996599, 0.243342, 0.000000, 0.000000, 0.000000, 1.000000, 0.010543, -0.081728, 0.996599, 0.314842, -0.978286, -0.207152, -0.006639, 0.052073, 0.206990, -0.974889, -0.082137, 0.260080, 0.000000, 0.000000, 0.000000, 1.000000, 0.999276, -0.007150, 0.037372, 0.015322, 0.037761, 0.065598, -0.997131, 0.041879, 0.004678, 0.997821, 0.065820, -0.030359, 0.000000, 0.000000, 0.000000, 1.000000
14.8920, -19.8070, -2.9262, 243.3270, 314.8270, 52.3070, 259.9997, 15.3042, 41.8423, -30.3188, 0.978012, 0.208431, 0.007020, -0.019807, -0.208326, 0.974849, 0.079188, -0.002926, 0.009662, -0.078909, 0.996835, 0.243327, 0.000000, 0.000000, 0.000000, 1.000000, 0.009662, -0.078909, 0.996835, 0.314827, -0.978012, -0.208431, -0.007020, 0.052307, 0.208326, -0.974849, -0.079188, 0.260000, 0.000000, 0.000000, 0.000000, 1.000000, 0.999241, -0.007210, 0.038285, 0.015304, 0.038664, 0.063097, -0.997258, 0.041842, 0.004775, 0.997981, 0.063328, -0.030319, 0.000000, 0.000000, 0.000000, 1.000000
14.9407, -20.0338, -2.8830, 243.2835, 314.7835, 52.5338, 259.9564, 15.2031, 41.8514, -30.3177, 0.977670, 0.210082, 0.005204, -0.020034, -0.209832, 0.974558, 0.078788, -0.002883, 0.011480, -0.078121, 0.996878, 0.243283, 0.000000, 0.000000, 0.000000, 1.000000, 0.011480, -0.078121, 0.996878, 0.314783, -0.977670, -0.210082, -0.005204, 0.052534, 0.209832, -0.974558, -0.078788, 0.259956, 0.000000, 0.000000, 0.000000, 1.000000, 0.999312, -0.006336, 0.036540, 0.015203, 0.036865, 0.062537, -0.997362, 0.041851, 0.004034, 0.998023, 0.062728, -0.030318, 0.000000, 0.000000, 0.000000, 1.000000
14.9757, -20.2273, -2.8321, 243.1759, 314.6759, 52.7273, 259.9056, 15.0922, 41.9325, -30.3032, 0.977359, 0.211575, 0.002439, -0.020227, -0.211027, 0.973854, 0.084119, -0.002832, 0.015423, -0.082729, 0.996453, 0.243176, 0.000000, 0.000000, 0.000000, 1.000000, 0.015423, -0.082729, 0.996453, 0.314676, -0.977359, -0.211575, -0.002439, 0.052727, 0.211027, -0.973854, -0.084119, 0.259906, 0.000000, 0.000000, 0.000000, 1.000000, 0.999452, -0.005550, 0.032644, 0.015092, 0.032944, 0.067328, -0.997187, 0.041933, 0.003337, 0.997715, 0.067474, -0.030303, 0.000000, 0.000000, 0.000000, 1.000000
14.9884, -20.3539, -2.7545, 243.3510, 314.8510, 52.8539, 259.8280, 14.9948, 41.7441, -30.2556, 0.977263, 0.212031, 0.000521, -0.020354, -0.211528, 0.974770, 0.071267, -0.002755, 0.014603, -0.069756, 0.997457, 0.243351, 0.000000, 0.000000, 0.000000, 1.000000, 0.014603, -0.069756, 0.997457, 0.314851, -0.977263, -0.212031, -0.000521, 0.052854, 0.211528, -0.974770, -0.071267, 0.259828, 0.000000, 0.000000, 0.000000, 1.000000, 0.999425, -0.004893, 0.033555, 0.014995, 0.033772, 0.054408, -0.997948, 0.041744, 0.003057, 0.998507, 0.054542, -0.030256, 0.000000, 0.000000, 0.000000, 1.000000
14.9977, -20.4245, -2.7330, 243.3232, 314.8232, 52.9245, 259.8064, 14.9448, 41.7638, -30.2481, 0.977170, 0.212460, 0.000001, -0.020424, -0.211929, 0.974727, 0.070661, -0.002733, 0.015012, -0.069048, 0.997500, 0.243323, 0.000000, 0.000000, 0.000000, 1.000000, 0.015012, -0.069048, 0.997500, 0.314823, -0.977170, -0.212460, -0.000001, 0.052924, 0.211929, -0.974727, -0.070661, 0.259806, 0.000000, 0.000000, 0.000000, 1.000000, 0.999439, -0.004589, 0.033170, 0.014945, 0.033369, 0.053749, -0.997997, 0.041764, 0.002797, 0.998544, 0.053872, -0.030248, 0.000000, 0.000000, 0.000000, 1.000000
15.0025, -20.4394, -2.7288, 243.2885, 314.7885, 52.9394, 259.8022, 14.9406, 41.7954, -30.2460, 0.977069, 0.212907, -0.002752, -0.020439, -0.212142, 0.974503, 0.073073, -0.002729, 0.018240, -0.070814, 0.997323, 0.243288, 0.000000, 0.000000, 0.000000, 1.000000, 0.018240, -0.070814, 0.997323, 0.314788, -0.977069, -0.212907, 0.002752, 0.052939, 0.212142, -0.974503, -0.073073, 0.259802, 0.000000, 0.000000, 0.000000, 1.000000, 0.999542, -0.004273, 0.029955, 0.014941, 0.030146, 0.055552, -0.998001, 0.041795, 0.002600, 0.998447, 0.055655, -0.030246, 0.000000, 0.000000, 0.000000, 1.000000
15.0053, -20.4628, -2.7101, 243.2780, 314.7780, 52.9628, 259.7836, 14.9206, 41.8031, -30.2323, 0.977140, 0.212597, 0.000594, -0.020463, -0.212086, 0.974591, 0.072058, -0.002710, 0.014741, -0.070537, 0.997400, 0.243278, 0.000000, 0.000000, 0.000000, 1.000000, 0.014741, -0.070537, 0.997400, 0.314778, -0.977140, -0.212597, -0.000594, 0.052963, 0.212086, -0.974591, -0.072058, 0.259784, 0.000000, 0.000000, 0.000000, 1.000000, 0.999430, -0.004631, 0.033445, 0.014921, 0.033650, 0.055268, -0.997904, 0.041803, 0.002772, 0.998461, 0.055392, -0.030232, 0.000000, 0.000000, 0.000000, 1.000000
15.0067, -20.4756, -2.7107, 243.2888, 314.7888, 52.9756, 259.7842, 14.9126, 41.7911, -30.2356, 0.977069, 0.212923, -0.000111, -0.020476, -0.212403, 0.974717, 0.069369, -0.002711, 0.014879, -0.067755, 0.997591, 0.243289, 0.000000, 0.000000, 0.000000, 1.000000, 0.014879, -0.067755, 0.997591, 0.314789, -0.977069, -0.212923, 0.000111, 0.052976, 0.212403, -0.974717, -0.069369, 0.259784, 0.000000, 0.000000, 0.000000, 1.000000, 0.999435, -0.004227, 0.033334, 0.014913, 0.033510, 0.052505, -0.998058, 0.041791, 0.002468, 0.998612, 0.052617, -0.030236, 0.000000, 0.000000, 0.000000, 1.000000
15.0075, -20.4741, -2.7133, 243.3179, 314.8179, 52.9741, 259.7868, 14.9181, 41.7618, -30.2382, 0.977014, 0.213157, -0.002910, -0.020474, -0.212412, 0.974573, 0.071333, -0.002713, 0.018041, -0.069075, 0.997448, 0.243318, 0.000000, 0.000000, 0.000000, 1.000000, 0.018041, -0.069075, 0.997448, 0.314818, -0.977014, -0.213157, 0.002910, 0.052974, 0.212412, -0.974573, -0.071333, 0.259787, 0.000000, 0.000000, 0.000000, 1.000000, 0.999536, -0.004047, 0.030183, 0.014918, 0.030357, 0.053840, -0.998088, 0.041762, 0.002414, 0.998541, 0.053938, -0.030238, 0.000000, 0.000000, 0.000000, 1.000000
15.0082, -20.4747, -2.7090, 243.3260, 314.8260, 52.9747, 259.7825, 14.9188, 41.7533, -30.2341, 0.977071, 0.212886, -0.003529, -0.020475, -0.212096, 0.974630, 0.071493, -0.002709, 0.018660, -0.069106, 0.997435, 0.243326, 0.000000, 0.000000, 0.000000, 1.000000, 0.018660, -0.069106, 0.997435, 0.314826, -0.977071, -0.212886, 0.003529, 0.052975, 0.212096, -0.974630, -0.071493, 0.259782, 0.000000, 0.000000, 0.000000, 1.000000, 0.999554, -0.004337, 0.029543, 0.014919, 0.029734, 0.053859, -0.998106, 0.041753, 0.002737, 0.998539, 0.053964, -0.030234, 0.000000, 0.000000, 0.000000, 1.000000
15.0084, -20.4901, -2.7039, 243.2963, 314.7963, 52.9901, 259.7774, 14.9022, 41.7819, -30.2320, 0.977040, 0.213057, -0.000021, -0.020490, -0.212534, 0.974649, 0.069915, -0.002704, 0.014916, -0.068305, 0.997553, 0.243296, 0.000000, 0.000000, 0.000000, 1.000000, 0.014916, -0.068305, 0.997553, 0.314796, -0.977040, -0.213057, 0.000021, 0.052990, 0.212534, -0.974649, -0.069915, 0.259777, 0.000000, 0.000000, 0.000000, 1.000000, 0.999437, -0.004138, 0.033301, 0.014902, 0.033474, 0.053067, -0.998030, 0.041782, 0.002363, 0.998582, 0.053176, -0.030232, 0.000000, 0.000000, 0.000000, 1.000000
