# Joint_6_Angle(deg), Cam_X(mm), Cam_Y(mm), Cam_Z(mm), Torso_X(mm), Torso_Y(mm), Torso_Z(mm), EE_X(mm), EE_Y(mm), EE_Z(mm), T_cam2marker_flat(16), T_torso2marker_flat(16), T_ee2marker_flat(16)
0.0000, 67.3954, -11.0902, 223.0971, 245.0971, -67.3954, 211.1637, -3.6876, -105.2129, 10.4161, 0.916343, 0.060819, -0.395749, 0.067395, -0.085298, 0.995359, -0.044539, -0.011090, 0.391203, 0.074569, 0.917278, 0.223097, 0.000000, 0.000000, 0.000000, 1.000000, 0.391203, 0.074569, 0.917278, 0.245097, -0.916343, -0.060819, 0.395749, -0.067395, 0.085298, -0.995359, 0.044539, 0.211164, 0.000000, 0.000000, 0.000000, 1.000000, -0.998565, 0.023157, 0.048297, -0.003688, 0.047912, -0.016887, 0.998709, -0.105213, 0.023943, 0.999589, 0.015753, 0.010416, 0.000000, 0.000000, 0.000000, 1.000000
0.0004, 67.4153, -11.0948, 223.1283, 245.1283, -67.4153, 211.1682, -3.7182, -105.1905, 10.4161, 0.916295, 0.060713, -0.395875, 0.067415, -0.085312, 0.995346, -0.044814, -0.011095, 0.391312, 0.074836, 0.917210, 0.223128, 0.000000, 0.000000, 0.000000, 1.000000, 0.391312, 0.074836, 0.917210, 0.245128, -0.916295, -0.060713, 0.395875, -0.067415, 0.085312, -0.995346, 0.044814, 0.211168, 0.000000, 0.000000, 0.000000, 1.000000, -0.998559, 0.023162, 0.048417, -0.003718, 0.048039, -0.016600, 0.998708, -0.105190, 0.023936, 0.999594, 0.015463, 0.010416, 0.000000, 0.000000, 0.000000, 1.000000
0.0207, 67.3967, -11.0880, 223.0851, 245.0851, -67.3967, 211.1614, -3.7224, -105.2234, 10.4172, 0.916362, 0.060706, -0.395722, 0.067397, -0.085342, 0.995338, -0.044933, -0.011088, 0.391149, 0.074947, 0.917271, 0.223085, 0.000000, 0.000000, 0.000000, 1.000000, 0.391149, 0.074947, 0.917271, 0.245085, -0.916362, -0.060706, 0.395722, -0.067397, 0.085342, -0.995338, 0.044933, 0.211161, 0.000000, 0.000000, 0.000000, 1.000000, -0.998551, 0.023124, 0.048593, -0.003722, 0.048218, -0.016502, 0.998701, -0.105223, 0.023896, 0.999596, 0.015363, 0.010417, 0.000000, 0.000000, 0.000000, 1.000000
0.1068, 67.4036, -11.1001, 223.1216, 245.1216, -67.4036, 211.1735, -3.9008, -105.1853, 10.4093, 0.916415, 0.060776, -0.395589, 0.067404, -0.085478, 0.995319, -0.045100, -0.011100, 0.390996, 0.075145, 0.917320, 0.223122, 0.000000, 0.000000, 0.000000, 1.000000, 0.390996, 0.075145, 0.917320, 0.245122, -0.916415, -0.060776, 0.395589, -0.067404, 0.085478, -0.995319, 0.045100, 0.211174, 0.000000, 0.000000, 0.000000, 1.000000, -0.998488, 0.022964, 0.049935, -0.003901, 0.049566, -0.016375, 0.998637, -0.105185, 0.023750, 0.999602, 0.015212, 0.010409, 0.000000, 0.000000, 0.000000, 1.000000
0.2083, 67.3624, -11.0900, 223.0880, 245.0880, -67.3624, 211.1635, -4.0361, -105.1959, 10.4128, 0.916753, 0.060727, -0.394812, 0.067362, -0.085348, 0.995331, -0.045083, -0.011090, 0.390231, 0.075027, 0.917655, 0.223088, 0.000000, 0.000000, 0.000000, 1.000000, 0.390231, 0.075027, 0.917655, 0.245088, -0.916753, -0.060727, 0.394812, -0.067362, 0.085348, -0.995331, 0.045083, 0.211163, 0.000000, 0.000000, 0.000000, 1.000000, -0.998440, 0.023022, 0.050866, -0.004036, 0.050493, -0.016509, 0.998588, -0.105196, 0.023829, 0.999599, 0.015321, 0.010413, 0.000000, 0.000000, 0.000000, 1.000000
0.3533, 67.2869, -11.0772, 223.0340, 245.0340, -67.2869, 211.1506, -4.2121, -105.2105, 10.4145, 0.917396, 0.060340, -0.393374, 0.067287, -0.085174, 0.995305, -0.045967, -0.011077, 0.388754, 0.075675, 0.918229, 0.223034, 0.000000, 0.000000, 0.000000, 1.000000, 0.388754, 0.075675, 0.918229, 0.245034, -0.917396, -0.060340, 0.393374, -0.067287, 0.085174, -0.995305, 0.045967, 0.211151, 0.000000, 0.000000, 0.000000, 1.000000, -0.998392, 0.023120, 0.051762, -0.004212, 0.051404, -0.015825, 0.998553, -0.105210, 0.023906, 0.999607, 0.014611, 0.010414, 0.000000, 0.000000, 0.000000, 1.000000
0.4742, 67.1884, -11.0717, 223.0211, 245.0211, -67.1884, 211.1451, -4.3369, -105.1799, 10.4111, 0.918261, 0.060479, -0.391329, 0.067188, -0.085096, 0.995317, -0.045856, -0.011072, 0.386723, 0.075408, 0.919107, 0.223021, 0.000000, 0.000000, 0.000000, 1.000000, 0.386723, 0.075408, 0.919107, 0.245021, -0.918261, -0.060479, 0.391329, -0.067188, 0.085096, -0.995317, 0.045856, 0.211145, 0.000000, 0.000000, 0.000000, 1.000000, -0.998398, 0.023047, 0.051670, -0.004337, 0.051305, -0.016173, 0.998552, -0.105180, 0.023850, 0.999604, 0.014964, 0.010411, 0.000000, 0.000000, 0.000000, 1.000000
0.6293, 67.0729, -11.0493, 222.9782, 244.9782, -67.0729, 211.1227, -4.4968, -105.1699, 10.4203, 0.919101, 0.059793, -0.389460, 0.067073, -0.084457, 0.995342, -0.046499, -0.011049, 0.384865, 0.075630, 0.919869, 0.222978, 0.000000, 0.000000, 0.000000, 1.000000, 0.384865, 0.075630, 0.919869, 0.244978, -0.919101, -0.059793, 0.389460, -0.067073, 0.084457, -0.995342, 0.046499, 0.211123, 0.000000, 0.000000, 0.000000, 1.000000, -0.998353, 0.023574, 0.052300, -0.004497, 0.051936, -0.015794, 0.998526, -0.105170, 0.024365, 0.999597, 0.014544, 0.010420, 0.000000, 0.000000, 0.000000, 1.000000
0.7603, 66.9343, -11.0339, 222.8903, 244.8903, -66.9343, 211.1073, -4.5764, -105.1958, 10.4163, 0.920088, 0.059754, -0.387126, 0.066934, -0.084524, 0.995300, -0.047262, -0.011034, 0.382483, 0.076207, 0.920815, 0.222890, 0.000000, 0.000000, 0.000000, 1.000000, 0.382483, 0.076207, 0.920815, 0.244890, -0.920088, -0.059754, 0.387126, -0.066934, 0.084524, -0.995300, 0.047262, 0.211107, 0.000000, 0.000000, 0.000000, 1.000000, -0.998373, 0.023379, 0.052001, -0.004576, 0.051652, -0.015291, 0.998548, -0.105196, 0.024140, 0.999610, 0.014058, 0.010416, 0.000000, 0.000000, 0.000000, 1.000000
0.9330, 66.8095, -11.0335, 222.8409, 244.8409, -66.8095, 211.1069, -4.7600, -105.1858, 10.4023, 0.921238, 0.059846, -0.384368, 0.066809, -0.084506, 0.995287, -0.047576, -0.011033, 0.379709, 0.076310, 0.921953, 0.222841, 0.000000, 0.000000, 0.000000, 1.000000, 0.379709, 0.076310, 0.921953, 0.244841, -0.921238, -0.059846, 0.384368, -0.066809, 0.084506, -0.995287, 0.047576, 0.211107, 0.000000, 0.000000, 0.000000, 1.000000, -0.998377, 0.023211, 0.052014, -0.004760, 0.051668, -0.015294, 0.998547, -0.105186, 0.023973, 0.999614, 0.014070, 0.010402, 0.000000, 0.000000, 0.000000, 1.000000
1.0758, 66.6774, -11.0269, 222.7839, 244.7839, -66.6774, 211.1004, -4.8789, -105.1834, 10.3931, 0.921811, 0.060335, -0.382914, 0.066677, -0.084733, 0.995287, -0.047158, -0.011027, 0.378264, 0.075916, 0.922579, 0.222784, 0.000000, 0.000000, 0.000000, 1.000000, 0.378264, 0.075916, 0.922579, 0.244784, -0.921811, -0.060335, 0.382914, -0.066677, 0.084733, -0.995287, 0.047158, 0.211100, 0.000000, 0.000000, 0.000000, 1.000000, -0.998334, 0.022843, 0.052977, -0.004879, 0.052622, -0.015886, 0.998488, -0.105183, 0.023650, 0.999613, 0.014658, 0.010393, 0.000000, 0.000000, 0.000000, 1.000000
1.2458, 66.5525, -11.0137, 222.7561, 244.7561, -66.5525, 211.0871, -5.0632, -105.1540, 10.3940, 0.923050, 0.059943, -0.379982, 0.066552, -0.084113, 0.995333, -0.047309, -0.011014, 0.375373, 0.075630, 0.923783, 0.222756, 0.000000, 0.000000, 0.000000, 1.000000, 0.375373, 0.075630, 0.923783, 0.244756, -0.923050, -0.059943, 0.379982, -0.066552, 0.084113, -0.995333, 0.047309, 0.211087, 0.000000, 0.000000, 0.000000, 1.000000, -0.998335, 0.023261, 0.052777, -0.005063, 0.052411, -0.016096, 0.998496, -0.105154, 0.024076, 0.999600, 0.014850, 0.010394, 0.000000, 0.000000, 0.000000, 1.000000
1.3922, 66.4161, -11.0018, 222.6789, 244.6789, -66.4161, 211.0753, -5.1774, -105.1693, 10.3877, 0.923944, 0.060024, -0.377790, 0.066416, -0.084229, 0.995296, -0.047860, -0.011002, 0.373140, 0.076041, 0.924654, 0.222679, 0.000000, 0.000000, 0.000000, 1.000000, 0.373140, 0.076041, 0.924654, 0.244679, -0.923944, -0.060024, 0.377790, -0.066416, 0.084229, -0.995296, 0.047860, 0.211075, 0.000000, 0.000000, 0.000000, 1.000000, -0.998333, 0.023008, 0.052927, -0.005177, 0.052571, -0.015792, 0.998492, -0.105169, 0.023809, 0.999611, 0.014557, 0.010388, 0.000000, 0.000000, 0.000000, 1.000000
1.5346, 66.2865, -10.9849, 222.6491, 244.6491, -66.2865, 211.0584, -5.3053, -105.1429, 10.3916, 0.925039, 0.060273, -0.375059, 0.066286, -0.084277, 0.995290, -0.047914, -0.010985, 0.370405, 0.075931, 0.925762, 0.222649, 0.000000, 0.000000, 0.000000, 1.000000, 0.370405, 0.075931, 0.925762, 0.244649, -0.925039, -0.060273, 0.375059, -0.066286, 0.084277, -0.995290, 0.047914, 0.211058, 0.000000, 0.000000, 0.000000, 1.000000, -0.998363, 0.022768, 0.052477, -0.005305, 0.052119, -0.016034, 0.998512, -0.105143, 0.023576, 0.999612, 0.014821, 0.010392, 0.000000, 0.000000, 0.000000, 1.000000
1.6958, 66.1522, -10.9700, 222.5598, 244.5598, -66.1522, 211.0434, -5.4448, -105.1693, 10.3874, 0.925587, 0.060093, -0.373734, 0.066152, -0.084238, 0.995260, -0.048594, -0.010970, 0.369042, 0.076460, 0.926262, 0.222560, 0.000000, 0.000000, 0.000000, 1.000000, 0.369042, 0.076460, 0.926262, 0.244560, -0.925587, -0.060093, 0.373734, -0.066152, 0.084238, -0.995260, 0.048594, 0.211043, 0.000000, 0.000000, 0.000000, 1.000000, -0.998293, 0.022722, 0.053808, -0.005445, 0.053463, -0.015538, 0.998449, -0.105169, 0.023523, 0.999621, 0.014297, 0.010387, 0.000000, 0.000000, 0.000000, 1.000000
1.8338, 66.0308, -10.9662, 222.5793, 244.5793, -66.0308, 211.0396, -5.5893, -105.0986, 10.3838, 0.926861, 0.060286, -0.370534, 0.066031, -0.084096, 0.995280, -0.048428, -0.010966, 0.365865, 0.076047, 0.927556, 0.222579, 0.000000, 0.000000, 0.000000, 1.000000, 0.365865, 0.076047, 0.927556, 0.244579, -0.926861, -0.060286, 0.370534, -0.066031, 0.084096, -0.995280, 0.048428, 0.211040, 0.000000, 0.000000, 0.000000, 1.000000, -0.998348, 0.022635, 0.052804, -0.005589, 0.052447, -0.016048, 0.998495, -0.105099, 0.023448, 0.999615, 0.014834, 0.010384, 0.000000, 0.000000, 0.000000, 1.000000
1.9938, 65.8973, -10.9426, 222.4810, 244.4810, -65.8973, 211.0161, -5.7235, -105.1344, 10.3873, 0.927787, 0.060481, -0.368177, 0.065897, -0.084107, 0.995278, -0.048449, -0.010943, 0.363508, 0.075916, 0.928493, 0.222481, 0.000000, 0.000000, 0.000000, 1.000000, 0.363508, 0.075916, 0.928493, 0.244481, -0.927787, -0.060481, 0.368177, -0.065897, 0.084107, -0.995278, 0.048449, 0.211016, 0.000000, 0.000000, 0.000000, 1.000000, -0.998338, 0.022446, 0.053070, -0.005723, 0.052711, -0.016296, 0.998477, -0.105134, 0.023277, 0.999615, 0.015086, 0.010387, 0.000000, 0.000000, 0.000000, 1.000000
2.1190, 65.7833, -10.9459, 222.4688, 244.4688, -65.7833, 211.0193, -5.8421, -105.0967, 10.3741, 0.928935, 0.060315, -0.365296, 0.065783, -0.083859, 0.995276, -0.048919, -0.010946, 0.360620, 0.076076, 0.929605, 0.222469, 0.000000, 0.000000, 0.000000, 1.000000, 0.360620, 0.076076, 0.929605, 0.244469, -0.928935, -0.060315, 0.365296, -0.065783, 0.083859, -0.995276, 0.048919, 0.211019, 0.000000, 0.000000, 0.000000, 1.000000, -0.998386, 0.022518, 0.052137, -0.005842, 0.051780, -0.016141, 0.998528, -0.105097, 0.023326, 0.999616, 0.014949, 0.010374, 0.000000, 0.000000, 0.000000, 1.000000
2.2926, 65.6509, -10.9205, 222.3821, 244.3821, -65.6509, 210.9939, -6.0060, -105.1207, 10.3807, 0.929830, 0.059928, -0.363076, 0.065651, -0.083366, 0.995303, -0.049217, -0.010920, 0.358421, 0.076032, 0.930459, 0.222382, 0.000000, 0.000000, 0.000000, 1.000000, 0.358421, 0.076032, 0.930459, 0.244382, -0.929830, -0.059928, 0.363076, -0.065651, 0.083366, -0.995303, 0.049217, 0.210994, 0.000000, 0.000000, 0.000000, 1.000000, -0.998345, 0.022851, 0.052768, -0.006006, 0.052407, -0.016131, 0.998496, -0.105121, 0.023668, 0.999609, 0.014907, 0.010381, 0.000000, 0.000000, 0.000000, 1.000000
2.4271, 65.5074, -10.9001, 222.3290, 244.3290, -65.5074, 210.9736, -6.0985, -105.1132, 10.3847, 0.930795, 0.059719, -0.360631, 0.065507, -0.083269, 0.995267, -0.050106, -0.010900, 0.355932, 0.076668, 0.931362, 0.222329, 0.000000, 0.000000, 0.000000, 1.000000, 0.355932, 0.076668, 0.931362, 0.244329, -0.930795, -0.059719, 0.360631, -0.065507, 0.083269, -0.995267, 0.050106, 0.210974, 0.000000, 0.000000, 0.000000, 1.000000, -0.998364, 0.022814, 0.052430, -0.006099, 0.052084, -0.015514, 0.998522, -0.105113, 0.023593, 0.999619, 0.014301, 0.010385, 0.000000, 0.000000, 0.000000, 1.000000
2.5770, 65.3602, -10.8950, 222.2755, 244.2755, -65.3602, 210.9685, -6.2172, -105.1024, 10.3732, 0.931420, 0.060049, -0.358958, 0.065360, -0.083131, 0.995323, -0.049200, -0.010895, 0.354325, 0.075667, 0.932056, 0.222275, 0.000000, 0.000000, 0.000000, 1.000000, 0.354325, 0.075667, 0.932056, 0.244275, -0.931420, -0.060049, 0.358958, -0.065360, 0.083131, -0.995323, 0.049200, 0.210968, 0.000000, 0.000000, 0.000000, 1.000000, -0.998317, 0.022768, 0.053340, -0.006217, 0.052968, -0.016630, 0.998458, -0.105102, 0.023620, 0.999602, 0.015396, 0.010373, 0.000000, 0.000000, 0.000000, 1.000000
2.7149, 65.2380, -10.8892, 222.2234, 244.2234, -65.2380, 210.9627, -6.3383, -105.0993, 10.3645, 0.932490, 0.060054, -0.356169, 0.065238, -0.082905, 0.995341, -0.049229, -0.010889, 0.351553, 0.075434, 0.933124, 0.222223, 0.000000, 0.000000, 0.000000, 1.000000, 0.351553, 0.075434, 0.933124, 0.244223, -0.932490, -0.060054, 0.356169, -0.065238, 0.082905, -0.995341, 0.049229, 0.210963, 0.000000, 0.000000, 0.000000, 1.000000, -0.998346, 0.022796, 0.052775, -0.006338, 0.052396, -0.016908, 0.998483, -0.105099, 0.023653, 0.999597, 0.015685, 0.010364, 0.000000, 0.000000, 0.000000, 1.000000
2.8692, 65.1010, -10.8775, 222.1506, 244.1506, -65.1010, 210.9510, -6.4683, -105.1100, 10.3585, 0.933463, 0.059944, -0.353629, 0.065101, -0.082839, 0.995310, -0.049951, -0.010878, 0.348977, 0.075921, 0.934051, 0.222151, 0.000000, 0.000000, 0.000000, 1.000000, 0.348977, 0.075921, 0.934051, 0.244151, -0.933463, -0.059944, 0.353629, -0.065101, 0.082839, -0.995310, 0.049951, 0.210951, 0.000000, 0.000000, 0.000000, 1.000000, -0.998352, 0.022706, 0.052703, -0.006468, 0.052336, -0.016471, 0.998494, -0.105110, 0.023540, 0.999606, 0.015255, 0.010358, 0.000000, 0.000000, 0.000000, 1.000000
3.0379, 64.9599, -10.8551, 222.0628, 244.0628, -64.9599, 210.9286, -6.6156, -105.1329, 10.3612, 0.934285, 0.059740, -0.351486, 0.064960, -0.082543, 0.995320, -0.050238, -0.010855, 0.346840, 0.075950, 0.934844, 0.222063, 0.000000, 0.000000, 0.000000, 1.000000, 0.346840, 0.075950, 0.934844, 0.244063, -0.934285, -0.059740, 0.351486, -0.064960, 0.082543, -0.995320, 0.050238, 0.210929, 0.000000, 0.000000, 0.000000, 1.000000, -0.998315, 0.022844, 0.053344, -0.006616, 0.052975, -0.016450, 0.998460, -0.105133, 0.023686, 0.999604, 0.015212, 0.010361, 0.000000, 0.000000, 0.000000, 1.000000
3.1654, 64.8252, -10.8471, 222.0509, 244.0509, -64.8252, 210.9205, -6.7170, -105.0893, 10.3577, 0.935291, 0.059773, -0.348796, 0.064825, -0.082265, 0.995355, -0.050017, -0.010847, 0.344186, 0.075474, 0.935863, 0.222051, 0.000000, 0.000000, 0.000000, 1.000000, 0.344186, 0.075474, 0.935863, 0.244051, -0.935291, -0.059773, 0.348796, -0.064825, 0.082265, -0.995355, 0.050017, 0.210921, 0.000000, 0.000000, 0.000000, 1.000000, -0.998346, 0.022918, 0.052731, -0.006717, 0.052349, -0.016965, 0.998485, -0.105089, 0.023778, 0.999593, 0.015738, 0.010358, 0.000000, 0.000000, 0.000000, 1.000000
3.3297, 64.6906, -10.8366, 221.9881, 243.9881, -64.6906, 210.9100, -6.8711, -105.0901, 10.3517, 0.936097, 0.059641, -0.346649, 0.064691, -0.081933, 0.995383, -0.049998, -0.010837, 0.342066, 0.075205, 0.936662, 0.221988, 0.000000, 0.000000, 0.000000, 1.000000, 0.342066, 0.075205, 0.936662, 0.243988, -0.936097, -0.059641, 0.346649, -0.064691, 0.081933, -0.995383, 0.049998, 0.210910, 0.000000, 0.000000, 0.000000, 1.000000, -0.998311, 0.023076, 0.053323, -0.006871, 0.052932, -0.017249, 0.998449, -0.105090, 0.023960, 0.999585, 0.015999, 0.010352, 0.000000, 0.000000, 0.000000, 1.000000
3.4708, 64.5619, -10.8270, 221.9481, 243.9481, -64.5619, 210.9005, -6.9948, -105.0737, 10.3474, 0.937066, 0.059759, -0.344000, 0.064562, -0.081975, 0.995360, -0.050390, -0.010827, 0.339393, 0.075419, 0.937617, 0.221948, 0.000000, 0.000000, 0.000000, 1.000000, 0.339393, 0.075419, 0.937617, 0.243948, -0.937066, -0.059759, 0.344000, -0.064562, 0.081975, -0.995360, 0.050390, 0.210900, 0.000000, 0.000000, 0.000000, 1.000000, -0.998336, 0.022858, 0.052944, -0.006995, 0.052559, -0.017136, 0.998471, -0.105074, 0.023730, 0.999592, 0.015906, 0.010347, 0.000000, 0.000000, 0.000000, 1.000000
3.6444, 64.4452, -10.8144, 221.9200, 243.9200, -64.4452, 210.8879, -7.1926, -105.0456, 10.3482, 0.938204, 0.059918, -0.340857, 0.064445, -0.081857, 0.995372, -0.050336, -0.010814, 0.336263, 0.075126, 0.938767, 0.221920, 0.000000, 0.000000, 0.000000, 1.000000, 0.336263, 0.075126, 0.938767, 0.243920, -0.938204, -0.059918, 0.340857, -0.064445, 0.081857, -0.995372, 0.050336, 0.210888, 0.000000, 0.000000, 0.000000, 1.000000, -0.998354, 0.022738, 0.052650, -0.007193, 0.052258, -0.017531, 0.998480, -0.105046, 0.023627, 0.999588, 0.016314, 0.010348, 0.000000, 0.000000, 0.000000, 1.000000
3.7894, 64.3114, -10.8038, 221.8688, 243.8688, -64.3114, 210.8773, -7.3152, -105.0379, 10.3435, 0.939135, 0.059693, -0.338323, 0.064311, -0.081421, 0.995405, -0.050386, -0.010804, 0.333761, 0.074865, 0.939680, 0.221869, 0.000000, 0.000000, 0.000000, 1.000000, 0.333761, 0.074865, 0.939680, 0.243869, -0.939135, -0.059693, 0.338323, -0.064311, 0.081421, -0.995405, 0.050386, 0.210877, 0.000000, 0.000000, 0.000000, 1.000000, -0.998356, 0.022985, 0.052498, -0.007315, 0.052095, -0.017775, 0.998484, -0.105038, 0.023884, 0.999578, 0.016548, 0.010343, 0.000000, 0.000000, 0.000000, 1.000000
3.9217, 64.1860, -10.7931, 221.8250, 243.8250, -64.1860, 210.8666, -7.4246, -105.0273, 10.3402, 0.939885, 0.059484, -0.336271, 0.064186, -0.081336, 0.995368, -0.051262, -0.010793, 0.331664, 0.075531, 0.940369, 0.221825, 0.000000, 0.000000, 0.000000, 1.000000, 0.331664, 0.075531, 0.940369, 0.243825, -0.939885, -0.059484, 0.336271, -0.064186, 0.081336, -0.995368, 0.051262, 0.210867, 0.000000, 0.000000, 0.000000, 1.000000, -0.998354, 0.022954, 0.052562, -0.007425, 0.052175, -0.017129, 0.998491, -0.105027, 0.023819, 0.999590, 0.015904, 0.010340, 0.000000, 0.000000, 0.000000, 1.000000
4.0843, 64.0353, -10.7773, 221.7665, 243.7665, -64.0353, 210.8508, -7.5608, -105.0199, 10.3386, 0.940705, 0.059467, -0.333972, 0.064035, -0.081199, 0.995367, -0.051480, -0.010777, 0.329364, 0.075546, 0.941176, 0.221766, 0.000000, 0.000000, 0.000000, 1.000000, 0.329364, 0.075546, 0.941176, 0.243766, -0.940705, -0.059467, 0.333972, -0.064035, 0.081199, -0.995367, 0.051480, 0.210851, 0.000000, 0.000000, 0.000000, 1.000000, -0.998334, 0.022917, 0.052953, -0.007561, 0.052566, -0.017175, 0.998470, -0.105020, 0.023791, 0.999590, 0.015942, 0.010339, 0.000000, 0.000000, 0.000000, 1.000000
4.2394, 63.9231, -10.7697, 221.7830, 243.7830, -63.9231, 210.8432, -7.7417, -104.9520, 10.3392, 0.941510, 0.059751, -0.331646, 0.063923, -0.081157, 0.995393, -0.051062, -0.010770, 0.327066, 0.074990, 0.942021, 0.221783, 0.000000, 0.000000, 0.000000, 1.000000, 0.327066, 0.074990, 0.942021, 0.243783, -0.941510, -0.059751, 0.331646, -0.063923, 0.081157, -0.995393, 0.051062, 0.210843, 0.000000, 0.000000, 0.000000, 1.000000, -0.998322, 0.022754, 0.053242, -0.007742, 0.052841, -0.017851, 0.998443, -0.104952, 0.023669, 0.999582, 0.016618, 0.010339, 0.000000, 0.000000, 0.000000, 1.000000
4.3809, 63.7982, -10.7559, 221.7410, 243.7410, -63.7982, 210.8293, -7.8685, -104.9389, 10.3392, 0.942451, 0.059592, -0.328992, 0.063798, -0.081017, 0.995366, -0.051790, -0.010756, 0.324381, 0.075463, 0.942912, 0.221741, 0.000000, 0.000000, 0.000000, 1.000000, 0.324381, 0.075463, 0.942912, 0.243741, -0.942451, -0.059592, 0.328992, -0.063798, 0.081017, -0.995366, 0.051790, 0.210829, 0.000000, 0.000000, 0.000000, 1.000000, -0.998344, 0.022731, 0.052852, -0.007868, 0.052463, -0.017408, 0.998471, -0.104939, 0.023616, 0.999590, 0.016186, 0.010339, 0.000000, 0.000000, 0.000000, 1.000000
4.5457, 63.6410, -10.7380, 221.6926, 243.6926, -63.6410, 210.8114, -8.0048, -104.9199, 10.3402, 0.943407, 0.059376, -0.326278, 0.063641, -0.080746, 0.995360, -0.052335, -0.010738, 0.321657, 0.075719, 0.943824, 0.221693, 0.000000, 0.000000, 0.000000, 1.000000, 0.321657, 0.075719, 0.943824, 0.243693, -0.943407, -0.059376, 0.326278, -0.063641, 0.080746, -0.995360, 0.052335, 0.210811, 0.000000, 0.000000, 0.000000, 1.000000, -0.998343, 0.022818, 0.052824, -0.008005, 0.052439, -0.017168, 0.998477, -0.104920, 0.023690, 0.999592, 0.015943, 0.010340, 0.000000, 0.000000, 0.000000, 1.000000
4.6819, 63.5166, -10.7343, 221.6352, 243.6352, -63.5166, 210.8077, -8.1194, -104.9216, 10.3287, 0.944080, 0.059654, -0.324276, 0.063517, -0.080713, 0.995387, -0.051874, -0.010734, 0.319686, 0.075146, 0.944539, 0.221635, 0.000000, 0.000000, 0.000000, 1.000000, 0.319686, 0.075146, 0.944539, 0.243635, -0.944080, -0.059654, 0.324276, -0.063517, 0.080713, -0.995387, 0.051874, 0.210808, 0.000000, 0.000000, 0.000000, 1.000000, -0.998330, 0.022667, 0.053134, -0.008119, 0.052735, -0.017849, 0.998449, -0.104922, 0.023580, 0.999584, 0.016624, 0.010329, 0.000000, 0.000000, 0.000000, 1.000000
4.8498, 63.3746, -10.7302, 221.5890, 243.5890, -63.3746, 210.8036, -8.2780, -104.9033, 10.3174, 0.945100, 0.059898, -0.321245, 0.063375, -0.080790, 0.995369, -0.052091, -0.010730, 0.316637, 0.075184, 0.945562, 0.221589, 0.000000, 0.000000, 0.000000, 1.000000, 0.316637, 0.075184, 0.945562, 0.243589, -0.945100, -0.059898, 0.321245, -0.063375, 0.080790, -0.995369, 0.052091, 0.210804, 0.000000, 0.000000, 0.000000, 1.000000, -0.998351, 0.022368, 0.052859, -0.008278, 0.052463, -0.017945, 0.998462, -0.104903, 0.023282, 0.999589, 0.016742, 0.010317, 0.000000, 0.000000, 0.000000, 1.000000
4.9693, 63.2522, -10.7106, 221.5441, 243.5441, -63.2522, 210.7840, -8.3656, -104.8973, 10.3230, 0.946006, 0.059336, -0.318671, 0.063252, -0.080042, 0.995420, -0.052265, -0.010711, 0.314111, 0.074950, 0.946423, 0.221544, 0.000000, 0.000000, 0.000000, 1.000000, 0.314111, 0.074950, 0.946423, 0.243544, -0.946006, -0.059336, 0.318671, -0.063252, 0.080042, -0.995420, 0.052265, 0.210784, 0.000000, 0.000000, 0.000000, 1.000000, -0.998372, 0.022936, 0.052229, -0.008366, 0.051821, -0.018068, 0.998493, -0.104897, 0.023845, 0.999574, 0.016850, 0.010323, 0.000000, 0.000000, 0.000000, 1.000000
5.1416, 63.1011, -10.6919, 221.4604, 243.4604, -63.1011, 210.7653, -8.5122, -104.9132, 10.3218, 0.946829, 0.059292, -0.316226, 0.063101, -0.079993, 0.995392, -0.052877, -0.010692, 0.311634, 0.075361, 0.947209, 0.221460, 0.000000, 0.000000, 0.000000, 1.000000, 0.311634, 0.075361, 0.947209, 0.243460, -0.946829, -0.059292, 0.316226, -0.063101, 0.079993, -0.995392, 0.052877, 0.210765, 0.000000, 0.000000, 0.000000, 1.000000, -0.998354, 0.022815, 0.052617, -0.008512, 0.052219, -0.017728, 0.998478, -0.104913, 0.023713, 0.999583, 0.016507, 0.010322, 0.000000, 0.000000, 0.000000, 1.000000
5.3011, 62.9570, -10.6858, 221.3888, 243.3888, -62.9570, 210.7593, -8.6467, -104.9201, 10.3097, 0.947423, 0.059436, -0.314416, 0.062957, -0.080145, 0.995355, -0.053343, -0.010686, 0.309785, 0.075737, 0.947786, 0.221389, 0.000000, 0.000000, 0.000000, 1.000000, 0.309785, 0.075737, 0.947786, 0.243389, -0.947423, -0.059436, 0.314416, -0.062957, 0.080145, -0.995355, 0.053343, 0.210759, 0.000000, 0.000000, 0.000000, 1.000000, -0.998316, 0.022527, 0.053462, -0.008647, 0.053075, -0.017465, 0.998438, -0.104920, 0.023425, 0.999594, 0.016240, 0.010310, 0.000000, 0.000000, 0.000000, 1.000000
5.4479, 62.8146, -10.6797, 221.3451, 243.3451, -62.8146, 210.7531, -8.7667, -104.9028, 10.3006, 0.948264, 0.059436, -0.311869, 0.062815, -0.079638, 0.995444, -0.052435, -0.010680, 0.307332, 0.074559, 0.948677, 0.221345, 0.000000, 0.000000, 0.000000, 1.000000, 0.307332, 0.074559, 0.948677, 0.243345, -0.948264, -0.059436, 0.311869, -0.062815, 0.079638, -0.995444, 0.052435, 0.210753, 0.000000, 0.000000, 0.000000, 1.000000, -0.998311, 0.022791, 0.053434, -0.008767, 0.053013, -0.018663, 0.998419, -0.104903, 0.023752, 0.999566, 0.017423, 0.010301, 0.000000, 0.000000, 0.000000, 1.000000
5.5929, 62.7062, -10.6635, 221.3291, 243.3291, -62.7062, 210.7369, -8.9222, -104.8688, 10.3069, 0.949070, 0.059275, -0.309439, 0.062706, -0.079536, 0.995408, -0.053265, -0.010663, 0.304860, 0.075163, 0.949427, 0.221329, 0.000000, 0.000000, 0.000000, 1.000000, 0.304860, 0.075163, 0.949427, 0.243329, -0.949070, -0.059275, 0.309439, -0.062706, 0.079536, -0.995408, 0.053265, 0.210737, 0.000000, 0.000000, 0.000000, 1.000000, -0.998317, 0.022742, 0.053349, -0.008922, 0.052943, -0.018094, 0.998434, -0.104869, 0.023672, 0.999578, 0.016860, 0.010307, 0.000000, 0.000000, 0.000000, 1.000000
5.7604, 62.5724, -10.6513, 221.2902, 243.2902, -62.5724, 210.7248, -9.0889, -104.8463, 10.3048, 0.949901, 0.059298, -0.306873, 0.062572, -0.079202, 0.995459, -0.052809, -0.010651, 0.302348, 0.074469, 0.950284, 0.221290, 0.000000, 0.000000, 0.000000, 1.000000, 0.302348, 0.074469, 0.950284, 0.243290, -0.949901, -0.059298, 0.306873, -0.062572, 0.079202, -0.995459, 0.052809, 0.210725, 0.000000, 0.000000, 0.000000, 1.000000, -0.998300, 0.022845, 0.053627, -0.009089, 0.053201, -0.018839, 0.998406, -0.104846, 0.023819, 0.999561, 0.017592, 0.010305, 0.000000, 0.000000, 0.000000, 1.000000
5.8975, 62.4056, -10.6349, 221.2001, 243.2001, -62.4056, 210.7083, -9.1551, -104.8698, 10.2995, 0.950410, 0.059299, -0.305294, 0.062406, -0.079188, 0.995441, -0.053168, -0.010635, 0.300749, 0.074707, 0.950773, 0.221200, 0.000000, 0.000000, 0.000000, 1.000000, 0.300749, 0.074707, 0.950773, 0.243200, -0.950410, -0.059299, 0.305294, -0.062406, 0.079188, -0.995441, 0.053168, 0.210708, 0.000000, 0.000000, 0.000000, 1.000000, -0.998264, 0.022738, 0.054337, -0.009155, 0.053918, -0.018664, 0.998371, -0.104870, 0.023716, 0.999567, 0.017405, 0.010300, 0.000000, 0.000000, 0.000000, 1.000000
6.0596, 62.2721, -10.6335, 221.1170, 243.1170, -62.2721, 210.7070, -9.3026, -104.8902, 10.2825, 0.951218, 0.059220, -0.302782, 0.062272, -0.078910, 0.995461, -0.053206, -0.010634, 0.298257, 0.074503, 0.951573, 0.221117, 0.000000, 0.000000, 0.000000, 1.000000, 0.298257, 0.074503, 0.951573, 0.243117, -0.951218, -0.059220, 0.302782, -0.062272, 0.078910, -0.995461, 0.053206, 0.210707, 0.000000, 0.000000, 0.000000, 1.000000, -0.998251, 0.022814, 0.054541, -0.009303, 0.054114, -0.018906, 0.998356, -0.104890, 0.023807, 0.999561, 0.017639, 0.010283, 0.000000, 0.000000, 0.000000, 1.000000
6.2016, 62.1543, -10.6216, 221.1294, 243.1294, -62.1543, 210.6951, -9.4506, -104.8264, 10.2865, 0.952292, 0.059092, -0.299413, 0.062154, -0.078401, 0.995518, -0.052881, -0.010622, 0.294947, 0.073833, 0.952657, 0.221129, 0.000000, 0.000000, 0.000000, 1.000000, 0.294947, 0.073833, 0.952657, 0.243129, -0.952292, -0.059092, 0.299413, -0.062154, 0.078401, -0.995518, 0.052881, 0.210695, 0.000000, 0.000000, 0.000000, 1.000000, -0.998300, 0.023058, 0.053531, -0.009451, 0.053084, -0.019582, 0.998398, -0.104826, 0.024069, 0.999542, 0.018325, 0.010286, 0.000000, 0.000000, 0.000000, 1.000000
6.3202, 62.0434, -10.6193, 221.1286, 243.1286, -62.0434, 210.6928, -9.5600, -104.7800, 10.2802, 0.953267, 0.059304, -0.296253, 0.062043, -0.078571, 0.995469, -0.053546, -0.010619, 0.291736, 0.074320, 0.953607, 0.221129, 0.000000, 0.000000, 0.000000, 1.000000, 0.291736, 0.074320, 0.953607, 0.243129, -0.953267, -0.059304, 0.296253, -0.062043, 0.078571, -0.995469, 0.053546, 0.210693, 0.000000, 0.000000, 0.000000, 1.000000, -0.998376, 0.022691, 0.052254, -0.009560, 0.051822, -0.019208, 0.998472, -0.104780, 0.023660, 0.999558, 0.018001, 0.010280, 0.000000, 0.000000, 0.000000, 1.000000
6.4929, 61.8785, -10.5992, 221.0159, 243.0159, -61.8785, 210.6726, -9.6878, -104.8209, 10.2765, 0.953836, 0.059233, -0.294428, 0.061879, -0.078409, 0.995471, -0.053748, -0.010599, 0.289911, 0.074352, 0.954161, 0.221016, 0.000000, 0.000000, 0.000000, 1.000000, 0.289911, 0.074352, 0.954161, 0.243016, -0.953836, -0.059233, 0.294428, -0.061879, 0.078409, -0.995471, 0.053748, 0.210673, 0.000000, 0.000000, 0.000000, 1.000000, -0.998318, 0.022695, 0.053347, -0.009688, 0.052915, -0.019227, 0.998414, -0.104821, 0.023684, 0.999558, 0.017994, 0.010277, 0.000000, 0.000000, 0.000000, 1.000000
6.6357, 61.7340, -10.5907, 220.9691, 242.9691, -61.7340, 210.6641, -9.7975, -104.8074, 10.2693, 0.954412, 0.058941, -0.292615, 0.061734, -0.078114, 0.995467, -0.054265, -0.010591, 0.288090, 0.074648, 0.954689, 0.220969, 0.000000, 0.000000, 0.000000, 1.000000, 0.288090, 0.074648, 0.954689, 0.242969, -0.954412, -0.058941, 0.292615, -0.061734, 0.078114, -0.995467, 0.054265, 0.210664, 0.000000, 0.000000, 0.000000, 1.000000, -0.998284, 0.022858, 0.053908, -0.009797, 0.053481, -0.018927, 0.998390, -0.104807, 0.023842, 0.999560, 0.017672, 0.010269, 0.000000, 0.000000, 0.000000, 1.000000
6.8084, 61.6157, -10.5729, 220.9655, 242.9655, -61.6157, 210.6464, -9.9963, -104.7539, 10.2775, 0.955227, 0.059245, -0.289881, 0.061616, -0.078216, 0.995457, -0.054289, -0.010573, 0.285347, 0.074532, 0.955522, 0.220965, 0.000000, 0.000000, 0.000000, 1.000000, 0.285347, 0.074532, 0.955522, 0.242965, -0.955227, -0.059245, 0.289881, -0.061616, 0.078216, -0.995457, 0.054289, 0.210646, 0.000000, 0.000000, 0.000000, 1.000000, -0.998283, 0.022533, 0.054076, -0.009996, 0.053648, -0.019181, 0.998376, -0.104754, 0.023534, 0.999562, 0.017939, 0.010277, 0.000000, 0.000000, 0.000000, 1.000000
6.9447, 61.4847, -10.5643, 220.9521, 242.9521, -61.4847, 210.6377, -10.1146, -104.7124, 10.2747, 0.956064, 0.059426, -0.287071, 0.061485, -0.078121, 0.995475, -0.054103, -0.010564, 0.282557, 0.074153, 0.956380, 0.220952, 0.000000, 0.000000, 0.000000, 1.000000, 0.282557, 0.074153, 0.956380, 0.242952, -0.956064, -0.059426, 0.287071, -0.061485, 0.078121, -0.995475, 0.054103, 0.210638, 0.000000, 0.000000, 0.000000, 1.000000, -0.998314, 0.022401, 0.053550, -0.010115, 0.053113, -0.019645, 0.998395, -0.104712, 0.023417, 0.999556, 0.018423, 0.010275, 0.000000, 0.000000, 0.000000, 1.000000
7.0879, 61.3279, -10.5505, 220.9040, 242.9040, -61.3279, 210.6239, -10.2122, -104.6977, 10.2717, 0.956815, 0.059120, -0.284624, 0.061328, -0.077752, 0.995476, -0.054603, -0.010550, 0.280108, 0.074375, 0.957083, 0.220904, 0.000000, 0.000000, 0.000000, 1.000000, 0.280108, 0.074375, 0.957083, 0.242904, -0.956815, -0.059120, 0.284624, -0.061328, 0.077752, -0.995476, 0.054603, 0.210624, 0.000000, 0.000000, 0.000000, 1.000000, -0.998314, 0.022598, 0.053466, -0.010212, 0.053032, -0.019414, 0.998404, -0.104698, 0.023600, 0.999556, 0.018183, 0.010272, 0.000000, 0.000000, 0.000000, 1.000000
7.2492, 61.2066, -10.5359, 220.8436, 242.8436, -61.2066, 210.6094, -10.3743, -104.7002, 10.2709, 0.957316, 0.059174, -0.282923, 0.061207, -0.077777, 0.995454, -0.054970, -0.010536, 0.278384, 0.074629, 0.957566, 0.220844, 0.000000, 0.000000, 0.000000, 1.000000, 0.278384, 0.074629, 0.957566, 0.242844, -0.957316, -0.059174, 0.282923, -0.061207, 0.077777, -0.995454, 0.054970, 0.210609, 0.000000, 0.000000, 0.000000, 1.000000, -0.998263, 0.022432, 0.054483, -0.010374, 0.054056, -0.019243, 0.998352, -0.104700, 0.023444, 0.999563, 0.017997, 0.010271, 0.000000, 0.000000, 0.000000, 1.000000
7.3767, 61.0855, -10.5302, 220.8484, 242.8484, -61.0855, 210.6037, -10.4901, -104.6448, 10.2678, 0.958317, 0.059336, -0.279479, 0.061086, -0.077766, 0.995436, -0.055313, -0.010530, 0.274921, 0.074742, 0.958557, 0.220848, 0.000000, 0.000000, 0.000000, 1.000000, 0.274921, 0.074742, 0.958557, 0.242848, -0.958317, -0.059336, 0.279479, -0.061086, 0.077766, -0.995436, 0.055313, 0.210604, 0.000000, 0.000000, 0.000000, 1.000000, -0.998342, 0.022205, 0.053109, -0.010490, 0.052686, -0.019219, 0.998426, -0.104645, 0.023191, 0.999569, 0.018017, 0.010268, 0.000000, 0.000000, 0.000000, 1.000000
7.5450, 60.9481, -10.5148, 220.8100, 242.8100, -60.9481, 210.5882, -10.6542, -104.6208, 10.2688, 0.959306, 0.059217, -0.276090, 0.060948, -0.077434, 0.995449, -0.055545, -0.010515, 0.271544, 0.074664, 0.959526, 0.220810, 0.000000, 0.000000, 0.000000, 1.000000, 0.271544, 0.074664, 0.959526, 0.242810, -0.959306, -0.059217, 0.276090, -0.060948, 0.077434, -0.995449, 0.055545, 0.210588, 0.000000, 0.000000, 0.000000, 1.000000, -0.998371, 0.022282, 0.052517, -0.010654, 0.052089, -0.019334, 0.998455, -0.104621, 0.023263, 0.999565, 0.018142, 0.010269, 0.000000, 0.000000, 0.000000, 1.000000
7.7076, 60.8146, -10.5052, 220.7454, 242.7454, -60.8146, 210.5786, -10.8065, -104.6238, 10.2618, 0.959739, 0.058907, -0.274647, 0.060815, -0.077144, 0.995442, -0.056070, -0.010505, 0.270092, 0.075000, 0.959909, 0.220745, 0.000000, 0.000000, 0.000000, 1.000000, 0.270092, 0.075000, 0.959909, 0.242745, -0.959739, -0.058907, 0.274647, -0.060815, 0.077144, -0.995442, 0.056070, 0.210579, 0.000000, 0.000000, 0.000000, 1.000000, -0.998298, 0.022456, 0.053814, -0.010806, 0.053392, -0.019000, 0.998393, -0.104624, 0.023442, 0.999567, 0.017768, 0.010262, 0.000000, 0.000000, 0.000000, 1.000000
7.8442, 60.6645, -10.4907, 220.6728, 242.6728, -60.6645, 210.5641, -10.8932, -104.6361, 10.2576, 0.960235, 0.059022, -0.272884, 0.060665, -0.076827, 0.995525, -0.055021, -0.010491, 0.268415, 0.073798, 0.960472, 0.220673, 0.000000, 0.000000, 0.000000, 1.000000, 0.268415, 0.073798, 0.960472, 0.242673, -0.960235, -0.059022, 0.272884, -0.060665, 0.076827, -0.995525, 0.055021, 0.210564, 0.000000, 0.000000, 0.000000, 1.000000, -0.998261, 0.022564, 0.054462, -0.010893, 0.054008, -0.020253, 0.998335, -0.104636, 0.023629, 0.999540, 0.018999, 0.010258, 0.000000, 0.000000, 0.000000, 1.000000
8.0064, 60.5332, -10.4814, 220.6835, 242.6835, -60.5332, 210.5548, -11.0629, -104.5664, 10.2578, 0.961270, 0.058943, -0.269230, 0.060533, -0.076642, 0.995502, -0.055696, -0.010481, 0.264736, 0.074173, 0.961464, 0.220684, 0.000000, 0.000000, 0.000000, 1.000000, 0.264736, 0.074173, 0.961464, 0.242684, -0.961270, -0.058943, 0.269230, -0.060533, 0.076642, -0.995502, 0.055696, 0.210555, 0.000000, 0.000000, 0.000000, 1.000000, -0.998316, 0.022501, 0.053460, -0.011063, 0.053015, -0.019933, 0.998395, -0.104566, 0.023530, 0.999548, 0.018707, 0.010258, 0.000000, 0.000000, 0.000000, 1.000000
8.1576, 60.3931, -10.4764, 220.6372, 242.6372, -60.3931, 210.5499, -11.1922, -104.5520, 10.2474, 0.962069, 0.058960, -0.266359, 0.060393, -0.076474, 0.995506, -0.055858, -0.010476, 0.261869, 0.074109, 0.962254, 0.220637, 0.000000, 0.000000, 0.000000, 1.000000, 0.261869, 0.074109, 0.962254, 0.242637, -0.962069, -0.058960, 0.266359, -0.060393, 0.076474, -0.995506, 0.055858, 0.210550, 0.000000, 0.000000, 0.000000, 1.000000, -0.998336, 0.022446, 0.053119, -0.011192, 0.052672, -0.020060, 0.998410, -0.104552, 0.023476, 0.999547, 0.018844, 0.010247, 0.000000, 0.000000, 0.000000, 1.000000
8.2960, 60.2474, -10.4595, 220.6034, 242.6034, -60.2474, 210.5330, -11.2943, -104.5277, 10.2497, 0.962566, 0.058668, -0.264621, 0.060247, -0.076184, 0.995496, -0.056416, -0.010460, 0.260119, 0.074464, 0.962701, 0.220603, 0.000000, 0.000000, 0.000000, 1.000000, 0.260119, 0.074464, 0.962701, 0.242603, -0.962566, -0.058668, 0.264621, -0.060247, 0.076184, -0.995496, 0.056416, 0.210533, 0.000000, 0.000000, 0.000000, 1.000000, -0.998302, 0.022608, 0.053692, -0.011294, 0.053251, -0.019704, 0.998387, -0.104528, 0.023629, 0.999550, 0.018467, 0.010250, 0.000000, 0.000000, 0.000000, 1.000000
8.4401, 60.1335, -10.4560, 220.5844, 242.5844, -60.1335, 210.5295, -11.4421, -104.4936, 10.2426, 0.963321, 0.059053, -0.261775, 0.060133, -0.076165, 0.995538, -0.055705, -0.010456, 0.257318, 0.073600, 0.963520, 0.220584, 0.000000, 0.000000, 0.000000, 1.000000, 0.257318, 0.073600, 0.963520, 0.242584, -0.963321, -0.059053, 0.261775, -0.060133, 0.076165, -0.995538, 0.055705, 0.210529, 0.000000, 0.000000, 0.000000, 1.000000, -0.998326, 0.022363, 0.053332, -0.011442, 0.052872, -0.020688, 0.998387, -0.104494, 0.023430, 0.999536, 0.019471, 0.010243, 0.000000, 0.000000, 0.000000, 1.000000
8.5838, 59.9913, -10.4410, 220.5443, 242.5443, -59.9913, 210.5144, -11.5559, -104.4752, 10.2427, 0.964192, 0.058931, -0.258574, 0.059991, -0.075898, 0.995535, -0.056124, -0.010441, 0.254112, 0.073740, 0.964360, 0.220544, 0.000000, 0.000000, 0.000000, 1.000000, 0.254112, 0.073740, 0.964360, 0.242544, -0.964192, -0.058931, 0.258574, -0.059991, 0.075898, -0.995535, 0.056124, 0.210514, 0.000000, 0.000000, 0.000000, 1.000000, -0.998369, 0.022401, 0.052506, -0.011556, 0.052048, -0.020582, 0.998432, -0.104475, 0.023447, 0.999537, 0.019382, 0.010243, 0.000000, 0.000000, 0.000000, 1.000000
8.7746, 59.8574, -10.4327, 220.5165, 242.5165, -59.8574, 210.5062, -11.7668, -104.4363, 10.2379, 0.964986, 0.058725, -0.255642, 0.059857, -0.075692, 0.995499, -0.057035, -0.010433, 0.251142, 0.074388, 0.965088, 0.220517, 0.000000, 0.000000, 0.000000, 1.000000, 0.251142, 0.074388, 0.965088, 0.242517, -0.964986, -0.058725, 0.255642, -0.059857, 0.075692, -0.995499, 0.057035, 0.210506, 0.000000, 0.000000, 0.000000, 1.000000, -0.998357, 0.022402, 0.052738, -0.011767, 0.052294, -0.019979, 0.998432, -0.104436, 0.023420, 0.999549, 0.018775, 0.010238, 0.000000, 0.000000, 0.000000, 1.000000
8.9165, 59.7172, -10.4187, 220.4348, 242.4348, -59.7172, 210.4922, -11.8712, -104.4592, 10.2331, 0.965130, 0.058702, -0.255104, 0.059717, -0.075451, 0.995555, -0.056365, -0.010419, 0.250662, 0.073648, 0.965269, 0.220435, 0.000000, 0.000000, 0.000000, 1.000000, 0.250662, 0.073648, 0.965269, 0.242435, -0.965130, -0.058702, 0.255104, -0.059717, 0.075451, -0.995555, 0.056365, 0.210492, 0.000000, 0.000000, 0.000000, 1.000000, -0.998248, 0.022525, 0.054715, -0.011871, 0.054250, -0.020756, 0.998312, -0.104459, 0.023623, 0.999531, 0.019498, 0.010233, 0.000000, 0.000000, 0.000000, 1.000000
9.0519, 59.5633, -10.4134, 220.3981, 242.3981, -59.5633, 210.4869, -11.9601, -104.4361, 10.2229, 0.965950, 0.058898, -0.251938, 0.059563, -0.075356, 0.995573, -0.056177, -0.010413, 0.247514, 0.073249, 0.966112, 0.220398, 0.000000, 0.000000, 0.000000, 1.000000, 0.247514, 0.073249, 0.966112, 0.242398, -0.965950, -0.058898, 0.251938, -0.059563, 0.075356, -0.995573, 0.056177, 0.210487, 0.000000, 0.000000, 0.000000, 1.000000, -0.998299, 0.022363, 0.053835, -0.011960, 0.053362, -0.021239, 0.998349, -0.104436, 0.023470, 0.999524, 0.020010, 0.010223, 0.000000, 0.000000, 0.000000, 1.000000
9.1793, 59.4274, -10.3871, 220.3291, 242.3291, -59.4274, 210.4606, -12.0439, -104.4518, 10.2319, 0.966721, 0.058348, -0.249092, 0.059427, -0.074698, 0.995594, -0.056690, -0.010387, 0.244687, 0.073410, 0.966819, 0.220329, 0.000000, 0.000000, 0.000000, 1.000000, 0.244687, 0.073410, 0.966819, 0.242329, -0.966721, -0.058348, 0.249092, -0.059427, 0.074698, -0.995594, 0.056690, 0.210461, 0.000000, 0.000000, 0.000000, 1.000000, -0.998329, 0.022825, 0.053092, -0.012044, 0.052615, -0.021024, 0.998394, -0.104452, 0.023904, 0.999518, 0.019788, 0.010232, 0.000000, 0.000000, 0.000000, 1.000000
9.3397, 59.3009, -10.3809, 220.3054, 242.3054, -59.3009, 210.4544, -12.2076, -104.4165, 10.2260, 0.967055, 0.058494, -0.247755, 0.059301, -0.074765, 0.995584, -0.056776, -0.010381, 0.243340, 0.073429, 0.967158, 0.220305, 0.000000, 0.000000, 0.000000, 1.000000, 0.243340, 0.073429, 0.967158, 0.242305, -0.967055, -0.058494, 0.247755, -0.059301, 0.074765, -0.995584, 0.056776, 0.210454, 0.000000, 0.000000, 0.000000, 1.000000, -0.998257, 0.022619, 0.054508, -0.012208, 0.054033, -0.021097, 0.998316, -0.104416, 0.023730, 0.999522, 0.019838, 0.010226, 0.000000, 0.000000, 0.000000, 1.000000
9.5106, 59.1560, -10.3750, 220.2789, 242.2789, -59.1560, 210.4484, -12.3719, -104.3779, 10.2182, 0.967763, 0.058847, -0.244892, 0.059156, -0.074793, 0.995607, -0.056322, -0.010375, 0.240502, 0.072823, 0.967913, 0.220279, 0.000000, 0.000000, 0.000000, 1.000000, 0.240502, 0.072823, 0.967913, 0.242279, -0.967763, -0.058847, 0.244892, -0.059156, 0.074793, -0.995607, 0.056322, 0.210448, 0.000000, 0.000000, 0.000000, 1.000000, -0.998259, 0.022325, 0.054588, -0.012372, 0.054102, -0.021828, 0.998297, -0.104378, 0.023478, 0.999512, 0.020582, 0.010218, 0.000000, 0.000000, 0.000000, 1.000000
9.6460, 59.0418, -10.3698, 220.3343, 242.3343, -59.0418, 210.4432, -12.5163, -104.2728, 10.2201, 0.968926, 0.058642, -0.240299, 0.059042, -0.074440, 0.995584, -0.057196, -0.010370, 0.235883, 0.073306, 0.969012, 0.220334, 0.000000, 0.000000, 0.000000, 1.000000, 0.235883, 0.073306, 0.969012, 0.242334, -0.968926, -0.058642, 0.240299, -0.059042, 0.074440, -0.995584, 0.057196, 0.210443, 0.000000, 0.000000, 0.000000, 1.000000, -0.998387, 0.022383, 0.052168, -0.012516, 0.051692, -0.021366, 0.998435, -0.104273, 0.023463, 0.999521, 0.020175, 0.010220, 0.000000, 0.000000, 0.000000, 1.000000
9.8178, 58.9058, -10.3493, 220.2500, 242.2500, -58.9058, 210.4227, -12.6787, -104.2934, 10.2217, 0.969194, 0.058521, -0.239243, 0.058906, -0.074353, 0.995562, -0.057685, -0.010349, 0.234806, 0.073696, 0.969245, 0.220250, 0.000000, 0.000000, 0.000000, 1.000000, 0.234806, 0.073696, 0.969245, 0.242250, -0.969194, -0.058521, 0.239243, -0.058906, 0.074353, -0.995562, 0.057685, 0.210423, 0.000000, 0.000000, 0.000000, 1.000000, -0.998288, 0.022365, 0.054041, -0.012679, 0.053573, -0.021027, 0.998343, -0.104293, 0.023464, 0.999529, 0.019793, 0.010222, 0.000000, 0.000000, 0.000000, 1.000000
9.9439, 58.7608, -10.3453, 220.2664, 242.2664, -58.7608, 210.4188, -12.7688, -104.2226, 10.2162, 0.969804, 0.058559, -0.236750, 0.058761, -0.074178, 0.995580, -0.057605, -0.010345, 0.232331, 0.073427, 0.969861, 0.220266, 0.000000, 0.000000, 0.000000, 1.000000, 0.232331, 0.073427, 0.969861, 0.242266, -0.969804, -0.058559, 0.236750, -0.058761, 0.074178, -0.995580, 0.057605, 0.210419, 0.000000, 0.000000, 0.000000, 1.000000, -0.998308, 0.022331, 0.053694, -0.012769, 0.053219, -0.021348, 0.998355, -0.104223, 0.023441, 0.999523, 0.020124, 0.010216, 0.000000, 0.000000, 0.000000, 1.000000
10.0969, 58.6171, -10.3368, 220.2022, 242.2022, -58.6171, 210.4103, -12.8940, -104.2254, 10.2073, 0.970507, 0.058672, -0.233822, 0.058617, -0.074132, 0.995567, -0.057880, -0.010337, 0.229390, 0.073507, 0.970555, 0.220202, 0.000000, 0.000000, 0.000000, 1.000000, 0.229390, 0.073507, 0.970555, 0.242202, -0.970507, -0.058672, 0.233822, -0.058617, 0.074132, -0.995567, 0.057880, 0.210410, 0.000000, 0.000000, 0.000000, 1.000000, -0.998331, 0.022148, 0.053342, -0.012894, 0.052870, -0.021350, 0.998373, -0.104225, 0.023250, 0.999527, 0.020143, 0.010207, 0.000000, 0.000000, 0.000000, 1.000000
10.2234, 58.4865, -10.3305, 220.1657, 242.1657, -58.4865, 210.4040, -12.9892, -104.2092, 10.2000, 0.971036, 0.058370, -0.231693, 0.058487, -0.073788, 0.995560, -0.058443, -0.010331, 0.227253, 0.073846, 0.971032, 0.220166, 0.000000, 0.000000, 0.000000, 1.000000, 0.227253, 0.073846, 0.971032, 0.242166, -0.971036, -0.058370, 0.231693, -0.058487, 0.073788, -0.995560, 0.058443, 0.210404, 0.000000, 0.000000, 0.000000, 1.000000, -0.998327, 0.022338, 0.053324, -0.012989, 0.052857, -0.021010, 0.998381, -0.104209, 0.023422, 0.999530, 0.019795, 0.010200, 0.000000, 0.000000, 0.000000, 1.000000
10.3869, 58.3357, -10.3138, 220.0832, 242.0832, -58.3357, 210.3872, -13.1230, -104.2272, 10.1969, 0.971291, 0.058569, -0.230572, 0.058336, -0.073769, 0.995596, -0.057858, -0.010314, 0.226168, 0.073206, 0.971334, 0.220083, 0.000000, 0.000000, 0.000000, 1.000000, 0.226168, 0.073206, 0.971334, 0.242083, -0.971291, -0.058569, 0.230572, -0.058336, 0.073769, -0.995596, 0.057858, 0.210387, 0.000000, 0.000000, 0.000000, 1.000000, -0.998235, 0.022194, 0.055076, -0.013123, 0.054594, -0.021740, 0.998272, -0.104227, 0.023353, 0.999517, 0.020490, 0.010197, 0.000000, 0.000000, 0.000000, 1.000000
10.5768, 58.2002, -10.3026, 220.0942, 242.0942, -58.2002, 210.3760, -13.3360, -104.1495, 10.1988, 0.972251, 0.058438, -0.226522, 0.058200, -0.073453, 0.995586, -0.058427, -0.010303, 0.222108, 0.073444, 0.972252, 0.220094, 0.000000, 0.000000, 0.000000, 1.000000, 0.222108, 0.073444, 0.972252, 0.242094, -0.972251, -0.058438, 0.226522, -0.058200, 0.073453, -0.995586, 0.058427, 0.210376, 0.000000, 0.000000, 0.000000, 1.000000, -0.998283, 0.022210, 0.054201, -0.013336, 0.053724, -0.021556, 0.998323, -0.104149, 0.023341, 0.999521, 0.020326, 0.010199, 0.000000, 0.000000, 0.000000, 1.000000
10.7024, 58.0684, -10.2911, 220.0607, 242.0607, -58.0684, 210.3646, -13.4284, -104.1310, 10.1968, 0.973177, 0.058514, -0.222492, 0.058068, -0.073171, 0.995619, -0.058206, -0.010291, 0.218111, 0.072925, 0.973195, 0.220061, 0.000000, 0.000000, 0.000000, 1.000000, 0.218111, 0.072925, 0.973195, 0.242061, -0.973177, -0.058514, 0.222492, -0.058068, 0.073171, -0.995619, 0.058206, 0.210365, 0.000000, 0.000000, 0.000000, 1.000000, -0.998385, 0.022177, 0.052298, -0.013428, 0.051808, -0.022130, 0.998412, -0.104131, 0.023299, 0.999509, 0.020946, 0.010197, 0.000000, 0.000000, 0.000000, 1.000000
10.8633, 57.9334, -10.2907, 220.0201, 242.0201, -57.9334, 210.3641, -13.5814, -104.1098, 10.1829, 0.973515, 0.058412, -0.221037, 0.057933, -0.072943, 0.995639, -0.058153, -0.010291, 0.216677, 0.072736, 0.973530, 0.220020, 0.000000, 0.000000, 0.000000, 1.000000, 0.216677, 0.072736, 0.973530, 0.242020, -0.973515, -0.058412, 0.221037, -0.057933, 0.072943, -0.995639, 0.058153, 0.210364, 0.000000, 0.000000, 0.000000, 1.000000, -0.998313, 0.022248, 0.053622, -0.013581, 0.053125, -0.022362, 0.998337, -0.104110, 0.023410, 0.999502, 0.021143, 0.010183, 0.000000, 0.000000, 0.000000, 1.000000
10.9811, 57.7737, -10.2725, 219.9022, 241.9022, -57.7737, 210.3460, -13.6179, -104.1721, 10.1771, 0.973585, 0.058244, -0.220773, 0.057774, -0.072763, 0.995649, -0.058205, -0.010273, 0.216423, 0.072732, 0.973587, 0.219902, 0.000000, 0.000000, 0.000000, 1.000000, 0.216423, 0.072732, 0.973587, 0.241902, -0.973585, -0.058244, 0.220773, -0.057774, 0.072763, -0.995649, 0.058205, 0.210346, 0.000000, 0.000000, 0.000000, 1.000000, -0.998214, 0.022368, 0.055401, -0.013618, 0.054901, -0.022385, 0.998241, -0.104172, 0.023569, 0.999499, 0.021117, 0.010177, 0.000000, 0.000000, 0.000000, 1.000000
11.1327, 57.6440, -10.2648, 219.9369, 241.9369, -57.6440, 210.3383, -13.7707, -104.0809, 10.1782, 0.974538, 0.058376, -0.216492, 0.057644, -0.072710, 0.995616, -0.058842, -0.010265, 0.212107, 0.073085, 0.974510, 0.219937, 0.000000, 0.000000, 0.000000, 1.000000, 0.212107, 0.073085, 0.974510, 0.241937, -0.974538, -0.058376, 0.216492, -0.057644, 0.072710, -0.995616, 0.058842, 0.210338, 0.000000, 0.000000, 0.000000, 1.000000, -0.998316, 0.022121, 0.053628, -0.013771, 0.053140, -0.022116, 0.998342, -0.104081, 0.023270, 0.999511, 0.020904, 0.010178, 0.000000, 0.000000, 0.000000, 1.000000
11.2957, 57.5058, -10.2620, 219.8844, 241.8844, -57.5058, 210.3355, -13.9225, -104.0706, 10.1653, 0.974703, 0.058324, -0.215762, 0.057506, -0.072550, 0.995642, -0.058603, -0.010262, 0.211404, 0.072774, 0.974686, 0.219884, 0.000000, 0.000000, 0.000000, 1.000000, 0.211404, 0.072774, 0.974686, 0.241884, -0.974703, -0.058324, 0.215762, -0.057506, 0.072550, -0.995642, 0.058603, 0.210335, 0.000000, 0.000000, 0.000000, 1.000000, -0.998199, 0.022159, 0.055746, -0.013923, 0.055248, -0.022478, 0.998220, -0.104071, 0.023372, 0.999502, 0.021213, 0.010165, 0.000000, 0.000000, 0.000000, 1.000000
11.4574, 57.3779, -10.2481, 219.8968, 241.8968, -57.3779, 210.3216, -14.0909, -103.9994, 10.1705, 0.975537, 0.058250, -0.211979, 0.057378, -0.072209, 0.995660, -0.058709, -0.010248, 0.207639, 0.072579, 0.975509, 0.219897, 0.000000, 0.000000, 0.000000, 1.000000, 0.207639, 0.072579, 0.975509, 0.241897, -0.975537, -0.058250, 0.211979, -0.057378, 0.072209, -0.995660, 0.058709, 0.210322, 0.000000, 0.000000, 0.000000, 1.000000, -0.998256, 0.022200, 0.054705, -0.014091, 0.054201, -0.022722, 0.998272, -0.103999, 0.023404, 0.999495, 0.021479, 0.010170, 0.000000, 0.000000, 0.000000, 1.000000
11.5835, 57.2428, -10.2351, 219.8884, 241.8884, -57.2428, 210.3085, -14.1844, -103.9561, 10.1722, 0.976383, 0.058378, -0.208012, 0.057243, -0.072124, 0.995642, -0.059119, -0.010235, 0.203654, 0.072725, 0.976338, 0.219888, 0.000000, 0.000000, 0.000000, 1.000000, 0.203654, 0.072725, 0.976338, 0.241888, -0.976383, -0.058378, 0.208012, -0.057243, 0.072124, -0.995642, 0.059119, 0.210309, 0.000000, 0.000000, 0.000000, 1.000000, -0.998361, 0.022001, 0.052835, -0.014184, 0.052337, -0.022646, 0.998373, -0.103956, 0.023161, 0.999501, 0.021457, 0.010172, 0.000000, 0.000000, 0.000000, 1.000000
11.7470, 57.0884, -10.2069, 219.7819, 241.7819, -57.0884, 210.2804, -14.3106, -103.9985, 10.1779, 0.976629, 0.058083, -0.206935, 0.057088, -0.071899, 0.995613, -0.059876, -0.010207, 0.202549, 0.073355, 0.976521, 0.219782, 0.000000, 0.000000, 0.000000, 1.000000, 0.202549, 0.073355, 0.976521, 0.241782, -0.976629, -0.058083, 0.206935, -0.057088, 0.071899, -0.995613, 0.059876, 0.210280, 0.000000, 0.000000, 0.000000, 1.000000, -0.998267, 0.022131, 0.054527, -0.014311, 0.054040, -0.022040, 0.998295, -0.103999, 0.023295, 0.999512, 0.020806, 0.010178, 0.000000, 0.000000, 0.000000, 1.000000
11.9083, 56.9540, -10.1974, 219.7740, 241.7740, -56.9540, 210.2709, -14.4688, -103.9460, 10.1762, 0.976864, 0.058269, -0.205771, 0.056954, -0.071972, 0.995616, -0.059741, -0.010197, 0.201388, 0.073169, 0.976775, 0.219774, 0.000000, 0.000000, 0.000000, 1.000000, 0.201388, 0.073169, 0.976775, 0.241774, -0.976864, -0.058269, 0.205771, -0.056954, 0.071972, -0.995616, 0.059741, 0.210271, 0.000000, 0.000000, 0.000000, 1.000000, -0.998181, 0.021912, 0.056166, -0.014469, 0.055677, -0.022315, 0.998199, -0.103946, 0.023126, 0.999511, 0.021054, 0.010176, 0.000000, 0.000000, 0.000000, 1.000000
12.0529, 56.8067, -10.1835, 219.7263, 241.7263, -56.8067, 210.2569, -14.5779, -103.9352, 10.1741, 0.977677, 0.058375, -0.201841, 0.056807, -0.071800, 0.995622, -0.059842, -0.010183, 0.197465, 0.072998, 0.977588, 0.219726, 0.000000, 0.000000, 0.000000, 1.000000, 0.197465, 0.072998, 0.977588, 0.241726, -0.977677, -0.058375, 0.201841, -0.056807, 0.071800, -0.995622, 0.059842, 0.210257, 0.000000, 0.000000, 0.000000, 1.000000, -0.998266, 0.021777, 0.054686, -0.014578, 0.054195, -0.022554, 0.998276, -0.103935, 0.022972, 0.999508, 0.021335, 0.010174, 0.000000, 0.000000, 0.000000, 1.000000
12.1988, 56.6620, -10.1894, 219.7215, 241.7215, -56.6620, 210.2628, -14.6997, -103.8806, 10.1568, 0.978316, 0.058451, -0.198700, 0.056662, -0.071614, 0.995643, -0.059714, -0.010189, 0.194344, 0.072649, 0.978239, 0.219722, 0.000000, 0.000000, 0.000000, 1.000000, 0.194344, 0.072649, 0.978239, 0.241722, -0.978316, -0.058451, 0.198700, -0.056662, 0.071614, -0.995643, 0.059714, 0.210263, 0.000000, 0.000000, 0.000000, 1.000000, -0.998302, 0.021695, 0.054051, -0.014700, 0.053552, -0.022966, 0.998301, -0.103881, 0.022899, 0.999501, 0.021766, 0.010157, 0.000000, 0.000000, 0.000000, 1.000000
12.3882, 56.5315, -10.1728, 219.6550, 241.6550, -56.5315, 210.2462, -14.9037, -103.8797, 10.1567, 0.978503, 0.058289, -0.197822, 0.056532, -0.071533, 0.995603, -0.060473, -0.010173, 0.193427, 0.073324, 0.978371, 0.219655, 0.000000, 0.000000, 0.000000, 1.000000, 0.193427, 0.073324, 0.978371, 0.241655, -0.978503, -0.058289, 0.197822, -0.056532, 0.071533, -0.995603, 0.060473, 0.210246, 0.000000, 0.000000, 0.000000, 1.000000, -0.998173, 0.021683, 0.056398, -0.014904, 0.055913, -0.022346, 0.998186, -0.103880, 0.022904, 0.999515, 0.021093, 0.010157, 0.000000, 0.000000, 0.000000, 1.000000
12.5038, 56.3998, -10.1665, 219.7015, 241.7015, -56.3998, 210.2399, -14.9889, -103.7854, 10.1574, 0.979395, 0.058324, -0.193350, 0.056400, -0.071172, 0.995647, -0.060175, -0.010166, 0.188999, 0.072696, 0.979283, 0.219702, 0.000000, 0.000000, 0.000000, 1.000000, 0.188999, 0.072696, 0.979283, 0.241702, -0.979395, -0.058324, 0.193350, -0.056400, 0.071172, -0.995647, 0.060175, 0.210240, 0.000000, 0.000000, 0.000000, 1.000000, -0.998311, 0.021691, 0.053903, -0.014989, 0.053402, -0.023018, 0.998308, -0.103785, 0.022895, 0.999500, 0.021821, 0.010157, 0.000000, 0.000000, 0.000000, 1.000000
12.6672, 56.2679, -10.1615, 219.6630, 241.6630, -56.2679, 210.2349, -15.1493, -103.7623, 10.1486, 0.980051, 0.058266, -0.190014, 0.056268, -0.070943, 0.995638, -0.060605, -0.010161, 0.185654, 0.072876, 0.979909, 0.219663, 0.000000, 0.000000, 0.000000, 1.000000, 0.185654, 0.072876, 0.979909, 0.241663, -0.980051, -0.058266, 0.190014, -0.056268, 0.070943, -0.995638, 0.060605, 0.210235, 0.000000, 0.000000, 0.000000, 1.000000, -0.998342, 0.021658, 0.053337, -0.015149, 0.052840, -0.022893, 0.998341, -0.103762, 0.022843, 0.999503, 0.021711, 0.010149, 0.000000, 0.000000, 0.000000, 1.000000
12.7938, 56.1265, -10.1478, 219.6014, 241.6014, -56.1265, 210.2213, -15.2296, -103.7712, 10.1452, 0.980076, 0.058103, -0.189936, 0.056127, -0.070755, 0.995656, -0.060521, -0.010148, 0.185594, 0.072754, 0.979929, 0.219601, 0.000000, 0.000000, 0.000000, 1.000000, 0.185594, 0.072754, 0.979929, 0.241601, -0.980076, -0.058103, 0.189936, -0.056127, 0.070755, -0.995656, 0.060521, 0.210221, 0.000000, 0.000000, 0.000000, 1.000000, -0.998223, 0.021786, 0.055469, -0.015230, 0.054966, -0.023041, 0.998222, -0.103771, 0.023026, 0.999497, 0.021802, 0.010145, 0.000000, 0.000000, 0.000000, 1.000000
12.9533, 55.9988, -10.1408, 219.6459, 241.6459, -55.9988, 210.2143, -15.3972, -103.6679, 10.1468, 0.980858, 0.058178, -0.185830, 0.055999, -0.070552, 0.995661, -0.060681, -0.010141, 0.181493, 0.072630, 0.980706, 0.219646, 0.000000, 0.000000, 0.000000, 1.000000, 0.181493, 0.072630, 0.980706, 0.241646, -0.980858, -0.058178, 0.185830, -0.055999, 0.070552, -0.995661, 0.060681, 0.210214, 0.000000, 0.000000, 0.000000, 1.000000, -0.998302, 0.021664, 0.054079, -0.015397, 0.053574, -0.023234, 0.998294, -0.103668, 0.022884, 0.999495, 0.022034, 0.010147, 0.000000, 0.000000, 0.000000, 1.000000
13.0917, 55.8453, -10.1403, 219.6140, 241.6140, -55.8453, 210.2137, -15.4920, -103.6417, 10.1324, 0.981396, 0.058006, -0.183020, 0.055845, -0.070191, 0.995678, -0.060813, -0.010140, 0.178701, 0.072528, 0.981226, 0.219614, 0.000000, 0.000000, 0.000000, 1.000000, 0.178701, 0.072528, 0.981226, 0.241614, -0.981396, -0.058006, 0.183020, -0.055845, 0.070191, -0.995678, 0.060813, 0.210214, 0.000000, 0.000000, 0.000000, 1.000000, -0.998323, 0.021792, 0.053637, -0.015492, 0.053127, -0.023365, 0.998314, -0.103642, 0.023009, 0.999489, 0.022169, 0.010132, 0.000000, 0.000000, 0.000000, 1.000000
13.2684, 55.7055, -10.1203, 219.5088, 241.5088, -55.7055, 210.1937, -15.6587, -103.6811, 10.1312, 0.981549, 0.057920, -0.182229, 0.055705, -0.069988, 0.995711, -0.060504, -0.010120, 0.177943, 0.072142, 0.981393, 0.219509, 0.000000, 0.000000, 0.000000, 1.000000, 0.177943, 0.072142, 0.981393, 0.241509, -0.981549, -0.057920, 0.182229, -0.055705, 0.069988, -0.995711, 0.060504, 0.210194, 0.000000, 0.000000, 0.000000, 1.000000, -0.998195, 0.021855, 0.055941, -0.015659, 0.055418, -0.023806, 0.998179, -0.103681, 0.023146, 0.999478, 0.022552, 0.010131, 0.000000, 0.000000, 0.000000, 1.000000
13.4046, 55.5636, -10.1180, 219.4778, 241.4778, -55.5636, 210.1915, -15.7610, -103.6564, 10.1196, 0.982210, 0.057868, -0.178648, 0.055564, -0.069680, 0.995729, -0.060562, -0.010118, 0.174380, 0.071932, 0.982047, 0.219478, 0.000000, 0.000000, 0.000000, 1.000000, 0.174380, 0.071932, 0.982047, 0.241478, -0.982210, -0.057868, 0.178648, -0.055564, 0.069680, -0.995729, 0.060562, 0.210191, 0.000000, 0.000000, 0.000000, 1.000000, -0.998264, 0.021876, 0.054689, -0.015761, 0.054160, -0.024060, 0.998242, -0.103656, 0.023153, 0.999471, 0.022833, 0.010120, 0.000000, 0.000000, 0.000000, 1.000000
13.5584, 55.4171, -10.0964, 219.4653, 241.4653, -55.4171, 210.1698, -15.8908, -103.6098, 10.1286, 0.982729, 0.057849, -0.175777, 0.055417, -0.069477, 0.995733, -0.060727, -0.010096, 0.171514, 0.071891, 0.982555, 0.219465, 0.000000, 0.000000, 0.000000, 1.000000, 0.171514, 0.071891, 0.982555, 0.241465, -0.982729, -0.057849, 0.175777, -0.055417, 0.069477, -0.995733, 0.060727, 0.210170, 0.000000, 0.000000, 0.000000, 1.000000, -0.998277, 0.021835, 0.054455, -0.015891, 0.053925, -0.024158, 0.998253, -0.103610, 0.023112, 0.999470, 0.022938, 0.010129, 0.000000, 0.000000, 0.000000, 1.000000
13.7281, 55.2792, -10.0884, 219.4311, 241.4311, -55.2792, 210.1618, -16.0565, -103.5802, 10.1226, 0.982859, 0.057954, -0.175016, 0.055279, -0.069518, 0.995734, -0.060675, -0.010088, 0.170753, 0.071802, 0.982694, 0.219431, 0.000000, 0.000000, 0.000000, 1.000000, 0.170753, 0.071802, 0.982694, 0.241431, -0.982859, -0.057954, 0.175016, -0.055279, 0.069518, -0.995734, 0.060675, 0.210162, 0.000000, 0.000000, 0.000000, 1.000000, -0.998159, 0.021669, 0.056645, -0.016057, 0.056115, -0.024323, 0.998128, -0.103580, 0.023007, 0.999469, 0.023062, 0.010123, 0.000000, 0.000000, 0.000000, 1.000000
13.8634, 55.1558, -10.0906, 219.4519, 241.4519, -55.1558, 210.1641, -16.1815, -103.5066, 10.1130, 0.983533, 0.057811, -0.171233, 0.055156, -0.069149, 0.995739, -0.061004, -0.010091, 0.166977, 0.071840, 0.983340, 0.219452, 0.000000, 0.000000, 0.000000, 1.000000, 0.166977, 0.071840, 0.983340, 0.241452, -0.983533, -0.057811, 0.171233, -0.055156, 0.069149, -0.995739, 0.061004, 0.210164, 0.000000, 0.000000, 0.000000, 1.000000, -0.998241, 0.021750, 0.055158, -0.016182, 0.054626, -0.024320, 0.998211, -0.103507, 0.023052, 0.999468, 0.023089, 0.010113, 0.000000, 0.000000, 0.000000, 1.000000
14.0106, 54.9928, -10.0669, 219.4063, 241.4063, -54.9928, 210.1403, -16.2790, -103.4930, 10.1196, 0.983998, 0.057836, -0.168533, 0.054993, -0.069061, 0.995714, -0.061520, -0.010067, 0.164253, 0.072175, 0.983774, 0.219406, 0.000000, 0.000000, 0.000000, 1.000000, 0.164253, 0.072175, 0.983774, 0.241406, -0.983998, -0.057836, 0.168533, -0.054993, 0.069061, -0.995714, 0.061520, 0.210140, 0.000000, 0.000000, 0.000000, 1.000000, -0.998255, 0.021624, 0.054957, -0.016279, 0.054434, -0.024045, 0.998228, -0.103493, 0.022907, 0.999477, 0.022826, 0.010120, 0.000000, 0.000000, 0.000000, 1.000000
14.1710, 54.8629, -10.0679, 219.3923, 241.3923, -54.8629, 210.1413, -16.4386, -103.4460, 10.1073, 0.984366, 0.057940, -0.166336, 0.054863, -0.068926, 0.995752, -0.061049, -0.010068, 0.162092, 0.071559, 0.984178, 0.219392, 0.000000, 0.000000, 0.000000, 1.000000, 0.162092, 0.071559, 0.984178, 0.241392, -0.984366, -0.057940, 0.166336, -0.054863, 0.068926, -0.995752, 0.061049, 0.210141, 0.000000, 0.000000, 0.000000, 1.000000, -0.998223, 0.021522, 0.055573, -0.016439, 0.055037, -0.024730, 0.998178, -0.103446, 0.022857, 0.999462, 0.023501, 0.010107, 0.000000, 0.000000, 0.000000, 1.000000
14.2875, 54.7417, -10.0474, 219.3987, 241.3987, -54.7417, 210.1208, -16.5275, -103.3944, 10.1190, 0.984986, 0.057833, -0.162658, 0.054742, -0.068756, 0.995684, -0.062343, -0.010047, 0.158351, 0.072591, 0.984711, 0.219399, 0.000000, 0.000000, 0.000000, 1.000000, 0.158351, 0.072591, 0.984711, 0.241399, -0.984986, -0.057833, 0.162658, -0.054742, 0.068756, -0.995684, 0.062343, 0.210121, 0.000000, 0.000000, 0.000000, 1.000000, -0.998322, 0.021465, 0.053790, -0.016528, 0.053279, -0.023734, 0.998298, -0.103394, 0.022705, 0.999488, 0.022551, 0.010119, 0.000000, 0.000000, 0.000000, 1.000000
14.4519, 54.5905, -10.0490, 219.3826, 241.3826, -54.5905, 210.1225, -16.6728, -103.3460, 10.1042, 0.985441, 0.058000, -0.159820, 0.054591, -0.068558, 0.995759, -0.061355, -0.010049, 0.155583, 0.071419, 0.985238, 0.219383, 0.000000, 0.000000, 0.000000, 1.000000, 0.155583, 0.071419, 0.985238, 0.241383, -0.985441, -0.058000, 0.159820, -0.054591, 0.068558, -0.995759, 0.061355, 0.210122, 0.000000, 0.000000, 0.000000, 1.000000, -0.998319, 0.021356, 0.053873, -0.016673, 0.053335, -0.024981, 0.998264, -0.103346, 0.022665, 0.999460, 0.023800, 0.010104, 0.000000, 0.000000, 0.000000, 1.000000
14.6215, 54.4484, -10.0249, 219.3369, 241.3369, -54.4484, 210.0983, -16.8312, -103.3286, 10.1128, 0.985647, 0.057768, -0.158625, 0.054448, -0.068243, 0.995778, -0.061394, -0.010025, 0.154409, 0.071338, 0.985428, 0.219337, 0.000000, 0.000000, 0.000000, 1.000000, 0.154409, 0.071338, 0.985428, 0.241337, -0.985647, -0.057768, 0.158625, -0.054448, 0.068243, -0.995778, 0.061394, 0.210098, 0.000000, 0.000000, 0.000000, 1.000000, -0.998220, 0.021521, 0.055621, -0.016831, 0.055077, -0.025102, 0.998167, -0.103329, 0.022878, 0.999453, 0.023872, 0.010113, 0.000000, 0.000000, 0.000000, 1.000000
14.7538, 54.3102, -10.0185, 219.2532, 241.2532, -54.3102, 210.0920, -16.9241, -103.3587, 10.1003, 0.985876, 0.057748, -0.157204, 0.054310, -0.068120, 0.995786, -0.061407, -0.010019, 0.152996, 0.071248, 0.985655, 0.219253, 0.000000, 0.000000, 0.000000, 1.000000, 0.152996, 0.071248, 0.985655, 0.241253, -0.985876, -0.057748, 0.157204, -0.054310, 0.068120, -0.995786, 0.061407, 0.210092, 0.000000, 0.000000, 0.000000, 1.000000, -0.998172, 0.021492, 0.056494, -0.016924, 0.055947, -0.025239, 0.998115, -0.103359, 0.022877, 0.999450, 0.023990, 0.010100, 0.000000, 0.000000, 0.000000, 1.000000
14.9199, 54.1576, -10.0026, 219.2346, 241.2346, -54.1576, 210.0761, -17.0692, -103.3137, 10.1026, 0.986285, 0.057429, -0.154739, 0.054158, -0.067647, 0.995806, -0.061598, -0.010003, 0.150552, 0.071221, 0.986033, 0.219235, 0.000000, 0.000000, 0.000000, 1.000000, 0.150552, 0.071221, 0.986033, 0.241235, -0.986285, -0.057429, 0.154739, -0.054158, 0.067647, -0.995806, 0.061598, 0.210076, 0.000000, 0.000000, 0.000000, 1.000000, -0.998144, 0.021740, 0.056890, -0.017069, 0.056336, -0.025298, 0.998091, -0.103314, 0.023138, 0.999444, 0.024026, 0.010103, 0.000000, 0.000000, 0.000000, 1.000000
15.0882, 54.0221, -9.9999, 219.2470, 241.2470, -54.0221, 210.0733, -17.2391, -103.2379, 10.0962, 0.986936, 0.057525, -0.150495, 0.054022, -0.067371, 0.995852, -0.061159, -0.010000, 0.146353, 0.070499, 0.986717, 0.219247, 0.000000, 0.000000, 0.000000, 1.000000, 0.146353, 0.070499, 0.986717, 0.241247, -0.986936, -0.057525, 0.150495, -0.054022, 0.067371, -0.995852, 0.061159, 0.210073, 0.000000, 0.000000, 0.000000, 1.000000, -0.998219, 0.021639, 0.055587, -0.017239, 0.055017, -0.026090, 0.998144, -0.103238, 0.023049, 0.999425, 0.024853, 0.010096, 0.000000, 0.000000, 0.000000, 1.000000
15.2429, 53.8933, -9.9934, 219.1925, 241.1925, -53.8933, 210.0669, -17.3847, -103.2334, 10.0874, 0.987297, 0.057401, -0.148153, 0.053893, -0.067204, 0.995809, -0.062030, -0.009993, 0.143971, 0.071198, 0.987017, 0.219193, 0.000000, 0.000000, 0.000000, 1.000000, 0.143971, 0.071198, 0.987017, 0.241193, -0.987297, -0.057401, 0.148153, -0.053893, 0.067204, -0.995809, 0.062030, 0.210067, 0.000000, 0.000000, 0.000000, 1.000000, -0.998205, 0.021627, 0.055856, -0.017385, 0.055302, -0.025440, 0.998146, -0.103233, 0.023008, 0.999442, 0.024199, 0.010087, 0.000000, 0.000000, 0.000000, 1.000000
15.3431, 53.7343, -9.9868, 219.1906, 241.1906, -53.7343, 210.0603, -17.4066, -103.1905, 10.0816, 0.987540, 0.057364, -0.146542, 0.053734, -0.067033, 0.995828, -0.061911, -0.009987, 0.142380, 0.070962, 0.987265, 0.219191, 0.000000, 0.000000, 0.000000, 1.000000, 0.142380, 0.070962, 0.987265, 0.241191, -0.987540, -0.057364, 0.146542, -0.053734, 0.067033, -0.995828, 0.061911, 0.210060, 0.000000, 0.000000, 0.000000, 1.000000, -0.998197, 0.021640, 0.055992, -0.017407, 0.055431, -0.025710, 0.998131, -0.103191, 0.023039, 0.999435, 0.024464, 0.010082, 0.000000, 0.000000, 0.000000, 1.000000
15.5052, 53.5955, -9.9745, 219.1763, 241.1763, -53.5955, 210.0479, -17.5585, -103.1436, 10.0818, 0.988050, 0.057406, -0.143047, 0.053595, -0.066831, 0.995838, -0.061970, -0.009974, 0.138894, 0.070789, 0.987774, 0.219176, 0.000000, 0.000000, 0.000000, 1.000000, 0.138894, 0.070789, 0.987774, 0.241176, -0.988050, -0.057406, 0.143047, -0.053595, 0.066831, -0.995838, 0.061970, 0.210048, 0.000000, 0.000000, 0.000000, 1.000000, -0.998237, 0.021541, 0.055299, -0.017558, 0.054735, -0.025948, 0.998164, -0.103144, 0.022936, 0.999431, 0.024723, 0.010082, 0.000000, 0.000000, 0.000000, 1.000000
15.6388, 53.4770, -9.9738, 219.2064, 241.2064, -53.4770, 210.0473, -17.6836, -103.0622, 10.0763, 0.988403, 0.057402, -0.140589, 0.053477, -0.066590, 0.995881, -0.061543, -0.009974, 0.136477, 0.070191, 0.988153, 0.219206, 0.000000, 0.000000, 0.000000, 1.000000, 0.136477, 0.070191, 0.988153, 0.241206, -0.988403, -0.057402, 0.140589, -0.053477, 0.066590, -0.995881, 0.061543, 0.210047, 0.000000, 0.000000, 0.000000, 1.000000, -0.998244, 0.021536, 0.055190, -0.017684, 0.054612, -0.026595, 0.998153, -0.103062, 0.022964, 0.999414, 0.025372, 0.010076, 0.000000, 0.000000, 0.000000, 1.000000
15.8128, 53.3257, -9.9654, 219.1641, 241.1641, -53.3257, 210.0389, -17.8423, -103.0380, 10.0689, 0.988735, 0.057087, -0.138364, 0.053326, -0.066216, 0.995859, -0.062295, -0.009965, 0.134234, 0.070755, 0.988420, 0.219164, 0.000000, 0.000000, 0.000000, 1.000000, 0.134234, 0.070755, 0.988420, 0.241164, -0.988735, -0.057087, 0.138364, -0.053326, 0.066216, -0.995859, 0.062295, 0.210039, 0.000000, 0.000000, 0.000000, 1.000000, -0.998199, 0.021723, 0.055927, -0.017842, 0.055356, -0.026071, 0.998126, -0.103038, 0.023140, 0.999424, 0.024822, 0.010069, 0.000000, 0.000000, 0.000000, 1.000000
15.9478, 53.1765, -9.9559, 219.1388, 241.1388, -53.1765, 210.0294, -17.9338, -103.0093, 10.0644, 0.989297, 0.057206, -0.134233, 0.053176, -0.066022, 0.995880, -0.062168, -0.009956, 0.130124, 0.070365, 0.988998, 0.219139, 0.000000, 0.000000, 0.000000, 1.000000, 0.130124, 0.070365, 0.988998, 0.241139, -0.989297, -0.057206, 0.134233, -0.053176, 0.066022, -0.995880, 0.062168, 0.210029, 0.000000, 0.000000, 0.000000, 1.000000, -0.998300, 0.021574, 0.054140, -0.017934, 0.053562, -0.026521, 0.998212, -0.103009, 0.022971, 0.999415, 0.025321, 0.010064, 0.000000, 0.000000, 0.000000, 1.000000
16.1073, 53.0555, -9.9554, 219.1581, 241.1581, -53.0555, 210.0288, -18.1017, -102.9303, 10.0576, 0.989508, 0.057530, -0.132532, 0.053055, -0.066240, 0.995858, -0.062281, -0.009955, 0.128400, 0.070406, 0.989220, 0.219158, 0.000000, 0.000000, 0.000000, 1.000000, 0.128400, 0.070406, 0.989220, 0.241158, -0.989508, -0.057530, 0.132532, -0.053055, 0.066240, -0.995858, 0.062281, 0.210029, 0.000000, 0.000000, 0.000000, 1.000000, -0.998251, 0.021174, 0.055203, -0.018102, 0.054634, -0.026565, 0.998153, -0.102930, 0.022601, 0.999423, 0.025361, 0.010058, 0.000000, 0.000000, 0.000000, 1.000000
16.2633, 52.9020, -9.9374, 219.1306, 241.1306, -52.9020, 210.0108, -18.2259, -102.8978, 10.0610, 0.989818, 0.057388, -0.130257, 0.052902, -0.066075, 0.995800, -0.063378, -0.009937, 0.126073, 0.071340, 0.989452, 0.219131, 0.000000, 0.000000, 0.000000, 1.000000, 0.126073, 0.071340, 0.989452, 0.241131, -0.989818, -0.057388, 0.130257, -0.052902, 0.066075, -0.995800, 0.063378, 0.210011, 0.000000, 0.000000, 0.000000, 1.000000, -0.998231, 0.021173, 0.055552, -0.018226, 0.055003, -0.025679, 0.998156, -0.102898, 0.022561, 0.999446, 0.024469, 0.010061, 0.000000, 0.000000, 0.000000, 1.000000
16.4329, 52.7630, -9.9320, 219.0886, 241.0886, -52.7630, 210.0055, -18.3890, -102.8752, 10.0516, 0.990183, 0.057411, -0.127443, 0.052763, -0.065672, 0.995939, -0.061591, -0.009932, 0.123390, 0.069356, 0.989932, 0.219089, 0.000000, 0.000000, 0.000000, 1.000000, 0.123390, 0.069356, 0.989932, 0.241089, -0.990183, -0.057411, 0.127443, -0.052763, 0.065672, -0.995939, 0.061591, 0.210005, 0.000000, 0.000000, 0.000000, 1.000000, -0.998215, 0.021217, 0.055826, -0.018389, 0.055229, -0.027726, 0.998089, -0.102875, 0.022725, 0.999390, 0.026505, 0.010052, 0.000000, 0.000000, 0.000000, 1.000000
16.5850, 52.6223, -9.9122, 219.0398, 241.0398, -52.6223, 209.9856, -18.5172, -102.8663, 10.0557, 0.990277, 0.057037, -0.126881, 0.052622, -0.065342, 0.995917, -0.062285, -0.009912, 0.122810, 0.069970, 0.989961, 0.219040, 0.000000, 0.000000, 0.000000, 1.000000, 0.122810, 0.069970, 0.989961, 0.241040, -0.990277, -0.057037, 0.126881, -0.052622, 0.065342, -0.995917, 0.062285, 0.209986, 0.000000, 0.000000, 0.000000, 1.000000, -0.998094, 0.021474, 0.057855, -0.018517, 0.057265, -0.027143, 0.997990, -0.102866, 0.023001, 0.999401, 0.025862, 0.010056, 0.000000, 0.000000, 0.000000, 1.000000
16.7225, 52.4903, -9.8984, 219.0639, 241.0639, -52.4903, 209.9719, -18.6332, -102.7897, 10.0616, 0.990888, 0.057036, -0.122018, 0.052490, -0.065110, 0.995872, -0.063237, -0.009898, 0.117908, 0.070605, 0.990511, 0.219064, 0.000000, 0.000000, 0.000000, 1.000000, 0.117908, 0.070605, 0.990511, 0.241064, -0.990888, -0.057036, 0.122018, -0.052490, 0.065110, -0.995872, 0.063237, 0.209972, 0.000000, 0.000000, 0.000000, 1.000000, -0.998241, 0.021368, 0.055302, -0.018633, 0.054728, -0.026560, 0.998148, -0.102790, 0.022797, 0.999419, 0.025343, 0.010062, 0.000000, 0.000000, 0.000000, 1.000000
16.8478, 52.3401, -9.8986, 219.0379, 241.0379, -52.3401, 209.9720, -18.7069, -102.7646, 10.0475, 0.991208, 0.057481, -0.119172, 0.052340, -0.065184, 0.995959, -0.061773, -0.009899, 0.115140, 0.068998, 0.990950, 0.219038, 0.000000, 0.000000, 0.000000, 1.000000, 0.115140, 0.068998, 0.990950, 0.241038, -0.991208, -0.057481, 0.119172, -0.052340, 0.065184, -0.995959, 0.061773, 0.209972, 0.000000, 0.000000, 0.000000, 1.000000, -0.998280, 0.020969, 0.054747, -0.018707, 0.054146, -0.028241, 0.998134, -0.102765, 0.022476, 0.999381, 0.027057, 0.010047, 0.000000, 0.000000, 0.000000, 1.000000
17.0077, 52.2167, -9.8834, 219.0547, 241.0547, -52.2167, 209.9568, -18.8706, -102.6888, 10.0547, 0.991354, 0.057141, -0.118120, 0.052217, -0.064903, 0.995905, -0.062940, -0.009883, 0.114039, 0.070062, 0.991003, 0.219055, 0.000000, 0.000000, 0.000000, 1.000000, 0.114039, 0.070062, 0.991003, 0.241055, -0.991354, -0.057141, 0.118120, -0.052217, 0.064903, -0.995905, 0.062940, 0.209957, 0.000000, 0.000000, 0.000000, 1.000000, -0.998185, 0.021164, 0.056387, -0.018871, 0.055804, -0.027215, 0.998071, -0.102689, 0.022657, 0.999406, 0.025985, 0.010055, 0.000000, 0.000000, 0.000000, 1.000000
17.1633, 52.0651, -9.8728, 218.9883, 240.9883, -52.0651, 209.9462, -18.9940, -102.6947, 10.0471, 0.991653, 0.057169, -0.115567, 0.052065, -0.064764, 0.995906, -0.063068, -0.009873, 0.111488, 0.070026, 0.991296, 0.218988, 0.000000, 0.000000, 0.000000, 1.000000, 0.111488, 0.070026, 0.991296, 0.240988, -0.991653, -0.057169, 0.115567, -0.052065, 0.064764, -0.995906, 0.063068, 0.209946, 0.000000, 0.000000, 0.000000, 1.000000, -0.998179, 0.021064, 0.056530, -0.018994, 0.055947, -0.027310, 0.998060, -0.102695, 0.022567, 0.999405, 0.026082, 0.010047, 0.000000, 0.000000, 0.000000, 1.000000
17.3316, 51.9302, -9.8611, 218.9826, 240.9826, -51.9302, 209.9345, -19.1601, -102.6374, 10.0478, 0.991861, 0.057099, -0.113805, 0.051930, -0.064495, 0.995965, -0.062400, -0.009861, 0.109783, 0.069232, 0.991542, 0.218983, 0.000000, 0.000000, 0.000000, 1.000000, 0.109783, 0.069232, 0.991542, 0.240983, -0.991861, -0.057099, 0.113805, -0.051930, 0.064495, -0.995965, 0.062400, 0.209935, 0.000000, 0.000000, 0.000000, 1.000000, -0.998108, 0.021099, 0.057750, -0.019160, 0.057147, -0.028163, 0.997968, -0.102637, 0.022682, 0.999381, 0.026904, 0.010048, 0.000000, 0.000000, 0.000000, 1.000000
17.4669, 51.8056, -9.8536, 218.9974, 240.9974, -51.8056, 209.9270, -19.2786, -102.5708, 10.0472, 0.992304, 0.056946, -0.109955, 0.051806, -0.064174, 0.995926, -0.063351, -0.009854, 0.105900, 0.069919, 0.991916, 0.218997, 0.000000, 0.000000, 0.000000, 1.000000, 0.105900, 0.069919, 0.991916, 0.240997, -0.992304, -0.056946, 0.109955, -0.051806, 0.064174, -0.995926, 0.063351, 0.209927, 0.000000, 0.000000, 0.000000, 1.000000, -0.998197, 0.021147, 0.056180, -0.019279, 0.055590, -0.027517, 0.998074, -0.102571, 0.022653, 0.999398, 0.026292, 0.010047, 0.000000, 0.000000, 0.000000, 1.000000
17.6058, 51.6473, -9.8507, 218.9696, 240.9696, -51.6473, 209.9241, -19.3681, -102.5433, 10.0352, 0.992624, 0.057055, -0.106968, 0.051647, -0.064029, 0.995961, -0.062938, -0.009851, 0.102946, 0.069323, 0.992268, 0.218970, 0.000000, 0.000000, 0.000000, 1.000000, 0.102946, 0.069323, 0.992268, 0.240970, -0.992624, -0.057055, 0.106968, -0.051647, 0.064029, -0.995961, 0.062938, 0.209924, 0.000000, 0.000000, 0.000000, 1.000000, -0.998230, 0.021003, 0.055642, -0.019368, 0.055041, -0.028170, 0.998087, -0.102543, 0.022531, 0.999382, 0.026965, 0.010035, 0.000000, 0.000000, 0.000000, 1.000000
17.7768, 51.4848, -9.8338, 218.8933, 240.8933, -51.4848, 209.9073, -19.5074, -102.5542, 10.0320, 0.992728, 0.056942, -0.106056, 0.051485, -0.063745, 0.996045, -0.061901, -0.009834, 0.102112, 0.068212, 0.992432, 0.218893, 0.000000, 0.000000, 0.000000, 1.000000, 0.102112, 0.068212, 0.992432, 0.240893, -0.992728, -0.056942, 0.106056, -0.051485, 0.063745, -0.996045, 0.061901, 0.209907, 0.000000, 0.000000, 0.000000, 1.000000, -0.998106, 0.021086, 0.057788, -0.019507, 0.057158, -0.029339, 0.997934, -0.102554, 0.022738, 0.999347, 0.028079, 0.010032, 0.000000, 0.000000, 0.000000, 1.000000
17.9016, 51.3560, -9.8292, 218.8906, 240.8906, -51.3560, 209.9026, -19.6020, -102.5083, 10.0265, 0.992926, 0.056849, -0.104242, 0.051356, -0.063576, 0.996025, -0.062388, -0.009829, 0.100281, 0.068574, 0.992593, 0.218891, 0.000000, 0.000000, 0.000000, 1.000000, 0.100281, 0.068574, 0.992593, 0.240891, -0.992926, -0.056849, 0.104242, -0.051356, 0.063576, -0.996025, 0.062388, 0.209903, 0.000000, 0.000000, 0.000000, 1.000000, -0.998087, 0.021098, 0.058109, -0.019602, 0.057486, -0.029019, 0.997924, -0.102508, 0.022741, 0.999356, 0.027751, 0.010026, 0.000000, 0.000000, 0.000000, 1.000000
18.0549, 51.2117, -9.8049, 218.9086, 240.9086, -51.2117, 209.8784, -19.7313, -102.4333, 10.0413, 0.993314, 0.056592, -0.100620, 0.051212, -0.063174, 0.995982, -0.063474, -0.009805, 0.096623, 0.069406, 0.992898, 0.218909, 0.000000, 0.000000, 0.000000, 1.000000, 0.096623, 0.069406, 0.992898, 0.240909, -0.993314, -0.056592, 0.100620, -0.051212, 0.063174, -0.995982, 0.063474, 0.209878, 0.000000, 0.000000, 0.000000, 1.000000, -0.998144, 0.021241, 0.057073, -0.019731, 0.056464, -0.028232, 0.998005, -0.102433, 0.022810, 0.999376, 0.026980, 0.010041, 0.000000, 0.000000, 0.000000, 1.000000
18.2013, 51.0810, -9.8131, 218.8841, 240.8841, -51.0810, 209.8866, -19.8625, -102.4004, 10.0208, 0.993693, 0.056773, -0.096699, 0.051081, -0.062992, 0.996054, -0.062520, -0.009813, 0.092768, 0.068216, 0.993348, 0.218884, 0.000000, 0.000000, 0.000000, 1.000000, 0.092768, 0.068216, 0.993348, 0.240884, -0.993693, -0.056773, 0.096699, -0.051081, 0.062992, -0.996054, 0.062520, 0.209887, 0.000000, 0.000000, 0.000000, 1.000000, -0.998222, 0.021037, 0.055777, -0.019862, 0.055146, -0.029484, 0.998043, -0.102400, 0.022640, 0.999344, 0.028271, 0.010021, 0.000000, 0.000000, 0.000000, 1.000000
18.3669, 50.9436, -9.8078, 218.8361, 240.8361, -50.9436, 209.8813, -20.0196, -102.3852, 10.0108, 0.993836, 0.056888, -0.095146, 0.050944, -0.062928, 0.996107, -0.061728, -0.009808, 0.091264, 0.067335, 0.993548, 0.218836, 0.000000, 0.000000, 0.000000, 1.000000, 0.091264, 0.067335, 0.993548, 0.240836, -0.993836, -0.056888, 0.095146, -0.050944, 0.062928, -0.996107, 0.061728, 0.209881, 0.000000, 0.000000, 0.000000, 1.000000, -0.998146, 0.020870, 0.057173, -0.020020, 0.056524, -0.030431, 0.997937, -0.102385, 0.022567, 0.999319, 0.029195, 0.010011, 0.000000, 0.000000, 0.000000, 1.000000
18.5331, 50.7954, -9.7942, 218.8536, 240.8536, -50.7954, 209.8677, -20.1681, -102.3051, 10.0147, 0.994083, 0.056617, -0.092700, 0.050795, -0.062658, 0.996006, -0.063612, -0.009794, 0.088728, 0.069044, 0.993660, 0.218854, 0.000000, 0.000000, 0.000000, 1.000000, 0.088728, 0.069044, 0.993660, 0.240854, -0.994083, -0.056617, 0.092700, -0.050795, 0.062658, -0.996006, 0.063612, 0.209868, 0.000000, 0.000000, 0.000000, 1.000000, -0.998126, 0.020993, 0.057474, -0.020168, 0.056860, -0.028772, 0.997967, -0.102305, 0.022604, 0.999366, 0.027524, 0.010015, 0.000000, 0.000000, 0.000000, 1.000000
18.6592, 50.6557, -9.7914, 218.8389, 240.8389, -50.6557, 209.8648, -20.2526, -102.2709, 10.0056, 0.994336, 0.056876, -0.089788, 0.050656, -0.062592, 0.996100, -0.062188, -0.009791, 0.085901, 0.067456, 0.994017, 0.218839, 0.000000, 0.000000, 0.000000, 1.000000, 0.085901, 0.067456, 0.994017, 0.240839, -0.994336, -0.056876, 0.089788, -0.050656, 0.062592, -0.996100, 0.062188, 0.209865, 0.000000, 0.000000, 0.000000, 1.000000, -0.998166, 0.020723, 0.056876, -0.020253, 0.056233, -0.030417, 0.997954, -0.102271, 0.022411, 0.999322, 0.029195, 0.010006, 0.000000, 0.000000, 0.000000, 1.000000
18.8011, 50.5239, -9.7669, 218.8281, 240.8281, -50.5239, 209.8403, -20.3723, -102.2291, 10.0188, 0.994504, 0.056479, -0.088158, 0.050524, -0.062181, 0.996054, -0.063329, -0.009767, 0.084234, 0.068462, 0.994091, 0.218828, 0.000000, 0.000000, 0.000000, 1.000000, 0.084234, 0.068462, 0.994091, 0.240828, -0.994504, -0.056479, 0.088158, -0.050524, 0.062181, -0.996054, 0.063329, 0.209840, 0.000000, 0.000000, 0.000000, 1.000000, -0.998117, 0.021014, 0.057632, -0.020372, 0.057002, -0.029449, 0.997940, -0.102229, 0.022668, 0.999345, 0.028196, 0.010019, 0.000000, 0.000000, 0.000000, 1.000000
18.9637, 50.3804, -9.7595, 218.8316, 240.8316, -50.3804, 209.8329, -20.5188, -102.1638, 10.0155, 0.994863, 0.056649, -0.083891, 0.050380, -0.062169, 0.995966, -0.064710, -0.009759, 0.079887, 0.069593, 0.994372, 0.218832, 0.000000, 0.000000, 0.000000, 1.000000, 0.079887, 0.069593, 0.994372, 0.240832, -0.994863, -0.056649, 0.083891, -0.050380, 0.062169, -0.995966, 0.064710, 0.209833, 0.000000, 0.000000, 0.000000, 1.000000, -0.998210, 0.020728, 0.056096, -0.020519, 0.055498, -0.028380, 0.998055, -0.102164, 0.022280, 0.999382, 0.027179, 0.010015, 0.000000, 0.000000, 0.000000, 1.000000
19.1272, 50.2445, -9.7635, 218.8426, 240.8426, -50.2445, 209.8370, -20.6754, -102.0898, 10.0021, 0.995074, 0.056906, -0.081177, 0.050245, -0.062070, 0.996109, -0.062571, -0.009764, 0.077300, 0.067301, 0.994734, 0.218843, 0.000000, 0.000000, 0.000000, 1.000000, 0.077300, 0.067301, 0.994734, 0.240843, -0.995074, -0.056906, 0.081177, -0.050245, 0.062070, -0.996109, 0.062571, 0.209837, 0.000000, 0.000000, 0.000000, 1.000000, -0.998199, 0.020447, 0.056399, -0.020675, 0.055757, -0.030741, 0.997971, -0.102090, 0.022140, 0.999318, 0.029545, 0.010002, 0.000000, 0.000000, 0.000000, 1.000000
19.2437, 50.0974, -9.7393, 218.7995, 240.7995, -50.0974, 209.8128, -20.7335, -102.0891, 10.0106, 0.995187, 0.056453, -0.080094, 0.050097, -0.061594, 0.996096, -0.063235, -0.009739, 0.076211, 0.067864, 0.994780, 0.218800, 0.000000, 0.000000, 0.000000, 1.000000, 0.076211, 0.067864, 0.994780, 0.240800, -0.995187, -0.056453, 0.080094, -0.050097, 0.061594, -0.996096, 0.063235, 0.209813, 0.000000, 0.000000, 0.000000, 1.000000, -0.998140, 0.020826, 0.057295, -0.020734, 0.056653, -0.030210, 0.997937, -0.102089, 0.022514, 0.999327, 0.028974, 0.010011, 0.000000, 0.000000, 0.000000, 1.000000
19.4164, 49.9483, -9.7381, 218.7768, 240.7768, -49.9483, 209.8116, -20.8920, -102.0455, 9.9982, 0.995397, 0.056503, -0.077411, 0.049948, -0.061380, 0.996179, -0.062132, -0.009738, 0.073605, 0.066598, 0.995061, 0.218777, 0.000000, 0.000000, 0.000000, 1.000000, 0.073605, 0.066598, 0.995061, 0.240777, -0.995397, -0.056503, 0.077411, -0.049948, 0.061380, -0.996179, 0.062132, 0.209812, 0.000000, 0.000000, 0.000000, 1.000000, -0.998119, 0.020709, 0.057711, -0.020892, 0.057042, -0.031541, 0.997873, -0.102046, 0.022486, 0.999288, 0.030301, 0.009998, 0.000000, 0.000000, 0.000000, 1.000000
19.5794, 49.7971, -9.7234, 218.7556, 240.7556, -49.7971, 209.7968, -21.0302, -102.0053, 9.9992, 0.995618, 0.056402, -0.074585, 0.049797, -0.061141, 0.996148, -0.062852, -0.009723, 0.070753, 0.067137, 0.995232, 0.218756, 0.000000, 0.000000, 0.000000, 1.000000, 0.070753, 0.067137, 0.995232, 0.240756, -0.995618, -0.056402, 0.074585, -0.049797, 0.061141, -0.996148, 0.062852, 0.209797, 0.000000, 0.000000, 0.000000, 1.000000, -0.998121, 0.020712, 0.057675, -0.021030, 0.057017, -0.031059, 0.997890, -0.102005, 0.022459, 0.999303, 0.029819, 0.009999, 0.000000, 0.000000, 0.000000, 1.000000
19.7205, 49.6673, -9.7198, 218.7202, 240.7202, -49.6673, 209.7933, -21.1513, -101.9865, 9.9893, 0.995720, 0.056391, -0.073230, 0.049667, -0.061023, 0.996169, -0.062637, -0.009720, 0.069417, 0.066837, 0.995346, 0.218720, 0.000000, 0.000000, 0.000000, 1.000000, 0.069417, 0.066837, 0.995346, 0.240720, -0.995720, -0.056391, 0.073230, -0.049667, 0.061023, -0.996169, 0.062637, 0.209793, 0.000000, 0.000000, 0.000000, 1.000000, -0.998056, 0.020650, 0.058796, -0.021151, 0.058132, -0.031409, 0.997815, -0.101986, 0.022452, 0.999293, 0.030148, 0.009989, 0.000000, 0.000000, 0.000000, 1.000000
19.8567, 49.5342, -9.7135, 218.7546, 240.7546, -49.5342, 209.7870, -21.2608, -101.9004, 9.9887, 0.996004, 0.056441, -0.069211, 0.049534, -0.060740, 0.996247, -0.061668, -0.009714, 0.065471, 0.065625, 0.995694, 0.218755, 0.000000, 0.000000, 0.000000, 1.000000, 0.065471, 0.065625, 0.995694, 0.240755, -0.996004, -0.056441, 0.069211, -0.049534, 0.060740, -0.996247, 0.061668, 0.209787, 0.000000, 0.000000, 0.000000, 1.000000, -0.998149, 0.020541, 0.057234, -0.021261, 0.056546, -0.032673, 0.997865, -0.101900, 0.022367, 0.999255, 0.031451, 0.009989, 0.000000, 0.000000, 0.000000, 1.000000
20.0127, 49.3908, -9.7070, 218.7462, 240.7462, -49.3908, 209.7804, -21.3947, -101.8495, 9.9834, 0.996158, 0.056370, -0.067018, 0.049391, -0.060625, 0.996155, -0.063248, -0.009707, 0.063195, 0.067068, 0.995745, 0.218746, 0.000000, 0.000000, 0.000000, 1.000000, 0.063195, 0.067068, 0.995745, 0.240746, -0.996158, -0.056370, 0.067018, -0.049391, 0.060625, -0.996155, 0.063248, 0.209780, 0.000000, 0.000000, 0.000000, 1.000000, -0.998127, 0.020509, 0.057642, -0.021395, 0.056985, -0.031283, 0.997885, -0.101849, 0.022269, 0.999300, 0.030056, 0.009983, 0.000000, 0.000000, 0.000000, 1.000000
20.1621, 49.2578, -9.7106, 218.7647, 240.7647, -49.2578, 209.7841, -21.5278, -101.7733, 9.9715, 0.996359, 0.056166, -0.064142, 0.049258, -0.060156, 0.996258, -0.062064, -0.009711, 0.060416, 0.065697, 0.996009, 0.218765, 0.000000, 0.000000, 0.000000, 1.000000, 0.060416, 0.065697, 0.996009, 0.240765, -0.996359, -0.056166, 0.064142, -0.049258, 0.060156, -0.996258, 0.062064, 0.209784, 0.000000, 0.000000, 0.000000, 1.000000, -0.998134, 0.020641, 0.057467, -0.021528, 0.056775, -0.032709, 0.997851, -0.101773, 0.022477, 0.999252, 0.031476, 0.009971, 0.000000, 0.000000, 0.000000, 1.000000
20.3256, 49.1215, -9.6885, 218.7463, 240.7463, -49.1215, 209.7620, -21.6805, -101.7311, 9.9812, 0.996500, 0.056120, -0.061947, 0.049121, -0.060013, 0.996215, -0.062885, -0.009689, 0.058184, 0.066383, 0.996096, 0.218746, 0.000000, 0.000000, 0.000000, 1.000000, 0.058184, 0.066383, 0.996096, 0.240746, -0.996500, -0.056120, 0.061947, -0.049121, 0.060013, -0.996215, 0.062885, 0.209762, 0.000000, 0.000000, 0.000000, 1.000000, -0.998101, 0.020592, 0.058063, -0.021681, 0.057386, -0.032081, 0.997836, -0.101731, 0.022410, 0.999273, 0.030838, 0.009981, 0.000000, 0.000000, 0.000000, 1.000000
20.4882, 48.9806, -9.6943, 218.7422, 240.7422, -48.9806, 209.7678, -21.8292, -101.6721, 9.9642, 0.996672, 0.056112, -0.059134, 0.048981, -0.059776, 0.996276, -0.062133, -0.009694, 0.055428, 0.065461, 0.996314, 0.218742, 0.000000, 0.000000, 0.000000, 1.000000, 0.055428, 0.065461, 0.996314, 0.240742, -0.996672, -0.056112, 0.059134, -0.048981, 0.059776, -0.996276, 0.062133, 0.209768, 0.000000, 0.000000, 0.000000, 1.000000, -0.998097, 0.020509, 0.058148, -0.021829, 0.057452, -0.033062, 0.997801, -0.101672, 0.022386, 0.999243, 0.031821, 0.009964, 0.000000, 0.000000, 0.000000, 1.000000
20.6213, 48.8119, -9.6712, 218.6740, 240.6740, -48.8119, 209.7446, -21.8958, -101.6911, 9.9675, 0.996784, 0.055840, -0.057475, 0.048812, -0.059412, 0.996279, -0.062442, -0.009671, 0.053774, 0.065656, 0.996392, 0.218674, 0.000000, 0.000000, 0.000000, 1.000000, 0.053774, 0.065656, 0.996392, 0.240674, -0.996784, -0.055840, 0.057475, -0.048812, 0.059412, -0.996279, 0.062442, 0.209745, 0.000000, 0.000000, 0.000000, 1.000000, -0.998056, 0.020705, 0.058789, -0.021896, 0.058090, -0.032916, 0.997769, -0.101691, 0.022594, 0.999244, 0.031649, 0.009968, 0.000000, 0.000000, 0.000000, 1.000000
20.7646, 48.6741, -9.6677, 218.6572, 240.6572, -48.6741, 209.7412, -22.0126, -101.6532, 9.9588, 0.996853, 0.055907, -0.056205, 0.048674, -0.059300, 0.996398, -0.060625, -0.009668, 0.052613, 0.063767, 0.996577, 0.218657, 0.000000, 0.000000, 0.000000, 1.000000, 0.052613, 0.063767, 0.996577, 0.240657, -0.996853, -0.055907, 0.056205, -0.048674, 0.059300, -0.996398, 0.060625, 0.209741, 0.000000, 0.000000, 0.000000, 1.000000, -0.997977, 0.020548, 0.060158, -0.022013, 0.059419, -0.034859, 0.997624, -0.101653, 0.022596, 0.999181, 0.033568, 0.009959, 0.000000, 0.000000, 0.000000, 1.000000
20.9030, 48.5497, -9.6428, 218.7075, 240.7075, -48.5497, 209.7162, -22.1316, -101.5526, 9.9790, 0.997064, 0.055768, -0.052478, 0.048550, -0.059045, 0.996258, -0.063117, -0.009643, 0.048761, 0.066030, 0.996625, 0.218708, 0.000000, 0.000000, 0.000000, 1.000000, 0.048761, 0.066030, 0.996625, 0.240708, -0.997064, -0.055768, 0.052478, -0.048550, 0.059045, -0.996258, 0.063117, 0.209716, 0.000000, 0.000000, 0.000000, 1.000000, -0.998065, 0.020617, 0.058663, -0.022132, 0.057973, -0.032643, 0.997784, -0.101553, 0.022486, 0.999254, 0.031385, 0.009979, 0.000000, 0.000000, 0.000000, 1.000000
21.0634, 48.4035, -9.6445, 218.7305, 240.7305, -48.4035, 209.7179, -22.2698, -101.4681, 9.9684, 0.997282, 0.055932, -0.047959, 0.048403, -0.058913, 0.996261, -0.063192, -0.009644, 0.044245, 0.065846, 0.996848, 0.218730, 0.000000, 0.000000, 0.000000, 1.000000, 0.044245, 0.065846, 0.996848, 0.240730, -0.997282, -0.055932, 0.047959, -0.048403, 0.058913, -0.996261, 0.063192, 0.209718, 0.000000, 0.000000, 0.000000, 1.000000, -0.998169, 0.020360, 0.056948, -0.022270, 0.056261, -0.032884, 0.997874, -0.101468, 0.022189, 0.999252, 0.031678, 0.009968, 0.000000, 0.000000, 0.000000, 1.000000
21.1917, 48.2583, -9.6397, 218.7044, 240.7044, -48.2583, 209.7132, -22.3524, -101.4457, 9.9594, 0.997365, 0.056146, -0.045952, 0.048258, -0.058928, 0.996359, -0.061615, -0.009640, 0.042325, 0.064161, 0.997042, 0.218704, 0.000000, 0.000000, 0.000000, 1.000000, 0.042325, 0.064161, 0.997042, 0.240704, -0.997365, -0.056146, 0.045952, -0.048258, 0.058928, -0.996359, 0.061615, 0.209713, 0.000000, 0.000000, 0.000000, 1.000000, -0.998155, 0.020053, 0.057304, -0.022352, 0.056588, -0.034614, 0.997797, -0.101446, 0.021992, 0.999200, 0.033415, 0.009959, 0.000000, 0.000000, 0.000000, 1.000000
21.3820, 48.1292, -9.6301, 218.7303, 240.7303, -48.1292, 209.7035, -22.5592, -101.3476, 9.9617, 0.997453, 0.055866, -0.044341, 0.048129, -0.058602, 0.996290, -0.063023, -0.009630, 0.040655, 0.065461, 0.997027, 0.218730, 0.000000, 0.000000, 0.000000, 1.000000, 0.040655, 0.065461, 0.997027, 0.240730, -0.997453, -0.055866, 0.044341, -0.048129, 0.058602, -0.996290, 0.063023, 0.209704, 0.000000, 0.000000, 0.000000, 1.000000, -0.998058, 0.020237, 0.058905, -0.022559, 0.058209, -0.033383, 0.997746, -0.101348, 0.022158, 0.999238, 0.032140, 0.009962, 0.000000, 0.000000, 0.000000, 1.000000
21.4976, 47.9911, -9.6347, 218.7542, 240.7542, -47.9911, 209.7082, -22.6257, -101.2796, 9.9488, 0.997622, 0.055816, -0.040431, 0.047991, -0.058237, 0.996413, -0.061395, -0.009635, 0.036859, 0.063603, 0.997294, 0.218754, 0.000000, 0.000000, 0.000000, 1.000000, 0.036859, 0.063603, 0.997294, 0.240754, -0.997622, -0.055816, 0.040431, -0.047991, 0.058237, -0.996413, 0.061395, 0.209708, 0.000000, 0.000000, 0.000000, 1.000000, -0.998162, 0.020189, 0.057147, -0.022626, 0.056412, -0.035285, 0.997784, -0.101280, 0.022160, 0.999173, 0.034081, 0.009949, 0.000000, 0.000000, 0.000000, 1.000000
21.6677, 47.8616, -9.6222, 218.7823, 240.7823, -47.8616, 209.6956, -22.7955, -101.1875, 9.9541, 0.997746, 0.055641, -0.037513, 0.047862, -0.057952, 0.996289, -0.063630, -0.009622, 0.033833, 0.065661, 0.997268, 0.218782, 0.000000, 0.000000, 0.000000, 1.000000, 0.033833, 0.065661, 0.997268, 0.240782, -0.997746, -0.055641, 0.037513, -0.047862, 0.057952, -0.996289, 0.063630, 0.209696, 0.000000, 0.000000, 0.000000, 1.000000, -0.998166, 0.020299, 0.057033, -0.022796, 0.056338, -0.033288, 0.997857, -0.101188, 0.022154, 0.999240, 0.032084, 0.009954, 0.000000, 0.000000, 0.000000, 1.000000
21.8136, 47.7104, -9.6170, 218.7186, 240.7186, -47.7104, 209.6904, -22.9037, -101.1959, 9.9415, 0.997809, 0.055616, -0.035847, 0.047710, -0.057775, 0.996383, -0.062317, -0.009617, 0.032251, 0.064252, 0.997412, 0.218719, 0.000000, 0.000000, 0.000000, 1.000000, 0.032251, 0.064252, 0.997412, 0.240719, -0.997809, -0.055616, 0.035847, -0.047710, 0.057775, -0.996383, 0.062317, 0.209690, 0.000000, 0.000000, 0.000000, 1.000000, -0.998111, 0.020209, 0.058014, -0.022904, 0.057289, -0.034752, 0.997753, -0.101196, 0.022179, 0.999192, 0.033528, 0.009941, 0.000000, 0.000000, 0.000000, 1.000000
21.9731, 47.5702, -9.6230, 218.7478, 240.7478, -47.5702, 209.6965, -23.0452, -101.1052, 9.9276, 0.997934, 0.055759, -0.031910, 0.047570, -0.057659, 0.996404, -0.062082, -0.009623, 0.028333, 0.063794, 0.997561, 0.218748, 0.000000, 0.000000, 0.000000, 1.000000, 0.028333, 0.063794, 0.997561, 0.240748, -0.997934, -0.055759, 0.031910, -0.047570, 0.057659, -0.996404, 0.062082, 0.209696, 0.000000, 0.000000, 0.000000, 1.000000, -0.998181, 0.019957, 0.056888, -0.023045, 0.056162, -0.035262, 0.997799, -0.101105, 0.021919, 0.999179, 0.034077, 0.009928, 0.000000, 0.000000, 0.000000, 1.000000
22.1467, 47.4309, -9.6142, 218.7130, 240.7130, -47.4309, 209.6876, -23.2130, -101.0739, 9.9223, 0.997944, 0.055536, -0.031987, 0.047431, -0.057426, 0.996451, -0.061549, -0.009614, 0.028455, 0.063260, 0.997591, 0.218713, 0.000000, 0.000000, 0.000000, 1.000000, 0.028455, 0.063260, 0.997591, 0.240713, -0.997944, -0.055536, 0.031987, -0.047431, 0.057426, -0.996451, 0.061549, 0.209688, 0.000000, 0.000000, 0.000000, 1.000000, -0.997995, 0.020058, 0.060028, -0.023213, 0.059283, -0.035864, 0.997597, -0.101074, 0.022163, 0.999155, 0.034603, 0.009922, 0.000000, 0.000000, 0.000000, 1.000000
22.2895, 47.2946, -9.6000, 218.7382, 240.7382, -47.2946, 209.6734, -23.3272, -100.9959, 9.9284, 0.998054, 0.055353, -0.028713, 0.047295, -0.057051, 0.996434, -0.062159, -0.009600, 0.025170, 0.063676, 0.997653, 0.218738, 0.000000, 0.000000, 0.000000, 1.000000, 0.025170, 0.063676, 0.997653, 0.240738, -0.998054, -0.055353, 0.028713, -0.047295, 0.057051, -0.996434, 0.062159, 0.209673, 0.000000, 0.000000, 0.000000, 1.000000, -0.998042, 0.020165, 0.059209, -0.023327, 0.058469, -0.035503, 0.997658, -0.100996, 0.022220, 0.999166, 0.034255, 0.009928, 0.000000, 0.000000, 0.000000, 1.000000
22.4244, 47.1289, -9.6005, 218.7104, 240.7104, -47.1289, 209.6739, -23.4008, -100.9733, 9.9125, 0.998139, 0.055309, -0.025695, 0.047129, -0.056786, 0.996532, -0.060829, -0.009600, 0.022242, 0.062175, 0.997817, 0.218710, 0.000000, 0.000000, 0.000000, 1.000000, 0.022242, 0.062175, 0.997817, 0.240710, -0.998139, -0.055309, 0.025695, -0.047129, 0.056786, -0.996532, 0.060829, 0.209674, 0.000000, 0.000000, 0.000000, 1.000000, -0.998076, 0.020076, 0.058654, -0.023401, 0.057883, -0.037054, 0.997635, -0.100973, 0.022202, 0.999112, 0.035821, 0.009913, 0.000000, 0.000000, 0.000000, 1.000000
22.5765, 46.9994, -9.5921, 218.7027, 240.7027, -46.9994, 209.6656, -23.5394, -100.9237, 9.9102, 0.998199, 0.055235, -0.023389, 0.046999, -0.056570, 0.996541, -0.060870, -0.009592, 0.019946, 0.062083, 0.997872, 0.218703, 0.000000, 0.000000, 0.000000, 1.000000, 0.019946, 0.062083, 0.997872, 0.240703, -0.998199, -0.055235, 0.023389, -0.046999, 0.056570, -0.996541, 0.060870, 0.209666, 0.000000, 0.000000, 0.000000, 1.000000, -0.998057, 0.020048, 0.059002, -0.023539, 0.058228, -0.037202, 0.997610, -0.100924, 0.022195, 0.999107, 0.035962, 0.009910, 0.000000, 0.000000, 0.000000, 1.000000
22.7123, 46.8532, -9.5868, 218.6976, 240.6976, -46.8532, 209.6602, -23.6326, -100.8783, 9.9038, 0.998250, 0.054978, -0.021804, 0.046853, -0.056190, 0.996643, -0.059540, -0.009587, 0.018457, 0.060661, 0.997988, 0.218698, 0.000000, 0.000000, 0.000000, 1.000000, 0.018457, 0.060661, 0.997988, 0.240698, -0.998250, -0.054978, 0.021804, -0.046853, 0.056190, -0.996643, 0.059540, 0.209660, 0.000000, 0.000000, 0.000000, 1.000000, -0.998001, 0.020163, 0.059888, -0.023633, 0.059077, -0.038683, 0.997504, -0.100878, 0.022430, 0.999048, 0.037414, 0.009904, 0.000000, 0.000000, 0.000000, 1.000000
22.8577, 46.7079, -9.5782, 218.7152, 240.7152, -46.7079, 209.6517, -23.7425, -100.8068, 9.9029, 0.998344, 0.055067, -0.016669, 0.046708, -0.055975, 0.996626, -0.060026, -0.009578, 0.013307, 0.060859, 0.998058, 0.218715, 0.000000, 0.000000, 0.000000, 1.000000, 0.013307, 0.060859, 0.998058, 0.240715, -0.998344, -0.055067, 0.016669, -0.046708, 0.055975, -0.996626, 0.060026, 0.209652, 0.000000, 0.000000, 0.000000, 1.000000, -0.998159, 0.019983, 0.057272, -0.023743, 0.056472, -0.038532, 0.997660, -0.100807, 0.022143, 0.999058, 0.037332, 0.009903, 0.000000, 0.000000, 0.000000, 1.000000
23.0291, 46.5700, -9.5581, 218.6895, 240.6895, -46.5700, 209.6316, -23.9063, -100.7685, 9.9098, 0.998382, 0.054901, -0.014816, 0.046570, -0.055726, 0.996480, -0.062624, -0.009558, 0.011326, 0.063349, 0.997927, 0.218689, 0.000000, 0.000000, 0.000000, 1.000000, 0.011326, 0.063349, 0.997927, 0.240689, -0.998382, -0.054901, 0.014816, -0.046570, 0.055726, -0.996480, 0.062624, 0.209632, 0.000000, 0.000000, 0.000000, 1.000000, -0.998101, 0.020142, 0.058217, -0.023906, 0.057465, -0.036109, 0.997694, -0.100769, 0.022198, 0.999145, 0.034883, 0.009910, 0.000000, 0.000000, 0.000000, 1.000000
23.1746, 46.4405, -9.5760, 218.7528, 240.7528, -46.4405, 209.6495, -24.0312, -100.6483, 9.8883, 0.998420, 0.055004, -0.011481, 0.046441, -0.055589, 0.996709, -0.059008, -0.009576, 0.008198, 0.059554, 0.998191, 0.218753, 0.000000, 0.000000, 0.000000, 1.000000, 0.008198, 0.059554, 0.998191, 0.240753, -0.998420, -0.055004, 0.011481, -0.046441, 0.055589, -0.996709, 0.059008, 0.209649, 0.000000, 0.000000, 0.000000, 1.000000, -0.998138, 0.019772, 0.057701, -0.024031, 0.056877, -0.039950, 0.997582, -0.100648, 0.022030, 0.999006, 0.038751, 0.009888, 0.000000, 0.000000, 0.000000, 1.000000
23.3077, 46.2947, -9.5553, 218.7350, 240.7350, -46.2947, 209.6287, -24.1192, -100.6187, 9.8960, 0.998439, 0.054962, -0.009917, 0.046295, -0.055468, 0.996578, -0.061277, -0.009555, 0.006515, 0.061732, 0.998072, 0.218735, 0.000000, 0.000000, 0.000000, 1.000000, 0.006515, 0.061732, 0.998072, 0.240735, -0.998439, -0.054962, 0.009917, -0.046295, 0.055468, -0.996578, 0.061277, 0.209629, 0.000000, 0.000000, 0.000000, 1.000000, -0.998103, 0.019828, 0.058292, -0.024119, 0.057513, -0.037821, 0.997628, -0.100619, 0.021986, 0.999088, 0.036608, 0.009896, 0.000000, 0.000000, 0.000000, 1.000000
23.4699, 46.1569, -9.5471, 218.7044, 240.7044, -46.1569, 209.6205, -24.2678, -100.5879, 9.8906, 0.998439, 0.055101, -0.009123, 0.046157, -0.055551, 0.996656, -0.059931, -0.009547, 0.005790, 0.060344, 0.998161, 0.218704, 0.000000, 0.000000, 0.000000, 1.000000, 0.005790, 0.060344, 0.998161, 0.240704, -0.998439, -0.055101, 0.009123, -0.046157, 0.055551, -0.996656, 0.059931, 0.209621, 0.000000, 0.000000, 0.000000, 1.000000, -0.997982, 0.019510, 0.060425, -0.024268, 0.059625, -0.039256, 0.997449, -0.100588, 0.021832, 0.999039, 0.038014, 0.009891, 0.000000, 0.000000, 0.000000, 1.000000
23.6421, 46.0116, -9.5305, 218.7135, 240.7135, -46.0116, 209.6040, -24.4237, -100.5146, 9.8968, 0.998485, 0.054788, -0.005072, 0.046012, -0.054995, 0.996640, -0.060694, -0.009531, 0.001729, 0.060881, 0.998144, 0.218713, 0.000000, 0.000000, 0.000000, 1.000000, 0.001729, 0.060881, 0.998144, 0.240713, -0.998485, -0.054788, 0.005072, -0.046012, 0.054995, -0.996640, 0.060694, 0.209604, 0.000000, 0.000000, 0.000000, 1.000000, -0.998043, 0.019734, 0.059335, -0.024424, 0.058538, -0.038796, 0.997531, -0.100515, 0.021988, 0.999052, 0.037565, 0.009897, 0.000000, 0.000000, 0.000000, 1.000000
23.7757, 45.8732, -9.5301, 218.7062, 240.7062, -45.8732, 209.6036, -24.5206, -100.4721, 9.8859, 0.998502, 0.054636, -0.002840, 0.045873, -0.054708, 0.996688, -0.060172, -0.009530, -0.000457, 0.060237, 0.998184, 0.218706, 0.000000, 0.000000, 0.000000, 1.000000, -0.000457, 0.060237, 0.998184, 0.240706, -0.998502, -0.054636, 0.002840, -0.045873, 0.054708, -0.996688, 0.060172, 0.209604, 0.000000, 0.000000, 0.000000, 1.000000, -0.998034, 0.019759, 0.059478, -0.024521, 0.058664, -0.039495, 0.997496, -0.100472, 0.022059, 0.999024, 0.038258, 0.009886, 0.000000, 0.000000, 0.000000, 1.000000
23.9291, 45.7245, -9.5207, 218.6968, 240.6968, -45.7245, 209.5942, -24.6414, -100.4247, 9.8829, 0.998509, 0.054585, -0.000537, 0.045725, -0.054522, 0.996776, -0.058861, -0.009521, -0.002677, 0.058802, 0.998266, 0.218697, 0.000000, 0.000000, 0.000000, 1.000000, -0.002677, 0.058802, 0.998266, 0.240697, -0.998509, -0.054585, 0.000537, -0.045725, 0.054522, -0.996776, 0.058861, 0.209594, 0.000000, 0.000000, 0.000000, 1.000000, -0.998008, 0.019619, 0.059953, -0.024641, 0.059112, -0.040984, 0.997410, -0.100425, 0.022025, 0.998967, 0.039743, 0.009883, 0.000000, 0.000000, 0.000000, 1.000000
24.0535, 45.5869, -9.5156, 218.6985, 240.6985, -45.5869, 209.5890, -24.7219, -100.3779, 9.8777, 0.998515, 0.054446, 0.001787, 0.045587, -0.054245, 0.996769, -0.059243, -0.009516, -0.005007, 0.059059, 0.998242, 0.218699, 0.000000, 0.000000, 0.000000, 1.000000, -0.005007, 0.059059, 0.998242, 0.240699, -0.998515, -0.054446, -0.001787, -0.045587, 0.054245, -0.996769, 0.059243, 0.209589, 0.000000, 0.000000, 0.000000, 1.000000, -0.998018, 0.019684, 0.059776, -0.024722, 0.058936, -0.040779, 0.997428, -0.100378, 0.022071, 0.998974, 0.039538, 0.009878, 0.000000, 0.000000, 0.000000, 1.000000
24.2077, 45.4501, -9.5037, 218.7008, 240.7008, -45.4501, 209.5772, -24.8549, -100.3183, 9.8792, 0.998520, 0.054194, 0.004537, 0.045450, -0.053825, 0.996748, -0.059965, -0.009504, -0.007772, 0.059632, 0.998190, 0.218701, 0.000000, 0.000000, 0.000000, 1.000000, -0.007772, 0.059632, 0.998190, 0.240701, -0.998520, -0.054194, -0.004537, -0.045450, 0.053825, -0.996748, 0.059965, 0.209577, 0.000000, 0.000000, 0.000000, 1.000000, -0.998020, 0.019863, 0.059671, -0.024855, 0.058835, -0.040277, 0.997455, -0.100318, 0.022216, 0.998991, 0.039028, 0.009879, 0.000000, 0.000000, 0.000000, 1.000000
24.3782, 45.3065, -9.5147, 218.7262, 240.7262, -45.3065, 209.5881, -25.0094, -100.2268, 9.8598, 0.998495, 0.054293, 0.007724, 0.045307, -0.053758, 0.996880, -0.057798, -0.009515, -0.010838, 0.057296, 0.998298, 0.218726, 0.000000, 0.000000, 0.000000, 1.000000, -0.010838, 0.057296, 0.998298, 0.240726, -0.998495, -0.054293, -0.007724, -0.045307, 0.053758, -0.996880, 0.057798, 0.209588, 0.000000, 0.000000, 0.000000, 1.000000, -0.998031, 0.019487, 0.059626, -0.025009, 0.058753, -0.042661, 0.997361, -0.100227, 0.021979, 0.998900, 0.041432, 0.009860, 0.000000, 0.000000, 0.000000, 1.000000
24.5131, 45.1736, -9.5090, 218.7002, 240.7002, -45.1736, 209.5825, -25.1146, -100.2027, 9.8527, 0.998470, 0.054328, 0.010337, 0.045174, -0.053634, 0.996848, -0.058460, -0.009509, -0.013480, 0.057817, 0.998236, 0.218700, 0.000000, 0.000000, 0.000000, 1.000000, -0.013480, 0.057817, 0.998236, 0.240700, -0.998470, -0.054328, -0.010337, -0.045174, 0.053634, -0.996848, 0.058460, 0.209583, 0.000000, 0.000000, 0.000000, 1.000000, -0.998050, 0.019388, 0.059325, -0.025115, 0.058466, -0.042185, 0.997398, -0.100203, 0.021840, 0.998922, 0.040969, 0.009853, 0.000000, 0.000000, 0.000000, 1.000000
24.6683, 45.0214, -9.4978, 218.6708, 240.6708, -45.0214, 209.5712, -25.2359, -100.1753, 9.8493, 0.998482, 0.054234, 0.009613, 0.045021, -0.053594, 0.996900, -0.057595, -0.009498, -0.012707, 0.056992, 0.998294, 0.218671, 0.000000, 0.000000, 0.000000, 1.000000, -0.012707, 0.056992, 0.998294, 0.240671, -0.998482, -0.054234, -0.009613, -0.045021, 0.053594, -0.996900, 0.057595, 0.209571, 0.000000, 0.000000, 0.000000, 1.000000, -0.997839, 0.019308, 0.062809, -0.025236, 0.061932, -0.043067, 0.997151, -0.100175, 0.021958, 0.998886, 0.041778, 0.009849, 0.000000, 0.000000, 0.000000, 1.000000
24.8599, 44.8843, -9.4866, 218.7133, 240.7133, -44.8843, 209.5601, -25.4303, -100.0592, 9.8541, 0.998435, 0.053942, 0.014737, 0.044884, -0.052974, 0.996815, -0.059604, -0.009487, -0.017906, 0.058730, 0.998113, 0.218713, 0.000000, 0.000000, 0.000000, 1.000000, -0.017906, 0.058730, 0.998113, 0.240713, -0.998435, -0.053942, -0.014737, -0.044884, 0.052974, -0.996815, 0.059604, 0.209560, 0.000000, 0.000000, 0.000000, 1.000000, -0.997952, 0.019587, 0.060895, -0.025430, 0.060044, -0.041420, 0.997336, -0.100059, 0.022057, 0.998950, 0.040159, 0.009854, 0.000000, 0.000000, 0.000000, 1.000000
24.9943, 44.7445, -9.4862, 218.7487, 240.7487, -44.7445, 209.5596, -25.5231, -99.9747, 9.8473, 0.998396, 0.054103, 0.016671, 0.044745, -0.053063, 0.996931, -0.057563, -0.009486, -0.019735, 0.056586, 0.998203, 0.218749, 0.000000, 0.000000, 0.000000, 1.000000, -0.019735, 0.056586, 0.998203, 0.240749, -0.998396, -0.054103, -0.016671, -0.044745, 0.053063, -0.996931, 0.057563, 0.209560, 0.000000, 0.000000, 0.000000, 1.000000, -0.997926, 0.019161, 0.061459, -0.025523, 0.060578, -0.043592, 0.997211, -0.099975, 0.021787, 0.998866, 0.042341, 0.009847, 0.000000, 0.000000, 0.000000, 1.000000
25.1284, 44.5877, -9.4780, 218.7067, 240.7067, -44.5877, 209.5515, -25.6040, -99.9692, 9.8393, 0.998372, 0.053985, 0.018434, 0.044588, -0.052847, 0.996949, -0.057451, -0.009478, -0.021479, 0.056384, 0.998178, 0.218707, 0.000000, 0.000000, 0.000000, 1.000000, -0.021479, 0.056384, 0.998178, 0.240707, -0.998372, -0.053985, -0.018434, -0.044588, 0.052847, -0.996949, 0.057451, 0.209551, 0.000000, 0.000000, 0.000000, 1.000000, -0.997889, 0.019161, 0.062045, -0.025604, 0.061158, -0.043848, 0.997164, -0.099969, 0.021827, 0.998854, 0.042584, 0.009839, 0.000000, 0.000000, 0.000000, 1.000000
25.2813, 44.4604, -9.4764, 218.7754, 240.7754, -44.4604, 209.5499, -25.7381, -99.8428, 9.8379, 0.998308, 0.053912, 0.021796, 0.044460, -0.052564, 0.996913, -0.058315, -0.009476, -0.024873, 0.057071, 0.998060, 0.218775, 0.000000, 0.000000, 0.000000, 1.000000, -0.024873, 0.057071, 0.998060, 0.240775, -0.998308, -0.053912, -0.021796, -0.044460, 0.052564, -0.996913, 0.058315, 0.209550, 0.000000, 0.000000, 0.000000, 1.000000, -0.997935, 0.019174, 0.061296, -0.025738, 0.060423, -0.043220, 0.997237, -0.099843, 0.021770, 0.998882, 0.041972, 0.009838, 0.000000, 0.000000, 0.000000, 1.000000
25.4167, 44.3175, -9.4636, 218.7682, 240.7682, -44.3175, 209.5370, -25.8317, -99.8019, 9.8390, 0.998198, 0.053963, 0.026239, 0.044317, -0.052355, 0.996912, -0.058527, -0.009464, -0.029317, 0.057048, 0.997941, 0.218768, 0.000000, 0.000000, 0.000000, 1.000000, -0.029317, 0.057048, 0.997941, 0.240768, -0.998198, -0.053963, -0.026239, -0.044317, 0.052355, -0.996912, 0.058527, 0.209537, 0.000000, 0.000000, 0.000000, 1.000000, -0.998064, 0.019019, 0.059212, -0.025832, 0.058345, -0.043284, 0.997358, -0.099802, 0.021531, 0.998882, 0.042090, 0.009839, 0.000000, 0.000000, 0.000000, 1.000000
25.5678, 44.1840, -9.4630, 218.7480, 240.7480, -44.1840, 209.5364, -25.9641, -99.7648, 9.8274, 0.998207, 0.053723, 0.026389, 0.044184, -0.052180, 0.997065, -0.056025, -0.009463, -0.029321, 0.054547, 0.998081, 0.218748, 0.000000, 0.000000, 0.000000, 1.000000, -0.029321, 0.054547, 0.998081, 0.240748, -0.998207, -0.053723, -0.026389, -0.044184, 0.052180, -0.997065, 0.056025, 0.209536, 0.000000, 0.000000, 0.000000, 1.000000, -0.997904, 0.018923, 0.061876, -0.025964, 0.060956, -0.045848, 0.997087, -0.099765, 0.021705, 0.998769, 0.044598, 0.009827, 0.000000, 0.000000, 0.000000, 1.000000
25.7585, 44.0548, -9.4663, 218.7764, 240.7764, -44.0548, 209.5398, -26.1652, -99.6607, 9.8169, 0.998099, 0.053312, 0.030926, 0.044055, -0.051600, 0.997221, -0.053731, -0.009466, -0.033704, 0.052033, 0.998076, 0.218776, 0.000000, 0.000000, 0.000000, 1.000000, -0.033704, 0.052033, 0.998076, 0.240776, -0.998099, -0.053312, -0.030926, -0.044055, 0.051600, -0.997221, 0.053731, 0.209540, 0.000000, 0.000000, 0.000000, 1.000000, -0.997967, 0.018949, 0.060842, -0.026165, 0.059865, -0.048453, 0.997030, -0.099661, 0.021841, 0.998646, 0.047221, 0.009817, 0.000000, 0.000000, 0.000000, 1.000000
25.8917, 43.8967, -9.4511, 218.7564, 240.7564, -43.8967, 209.5246, -26.2408, -99.6353, 9.8180, 0.998072, 0.053450, 0.031539, 0.043897, -0.051638, 0.997111, -0.055703, -0.009451, -0.034426, 0.053967, 0.997949, 0.218756, 0.000000, 0.000000, 0.000000, 1.000000, -0.034426, 0.053967, 0.997949, 0.240756, -0.998072, -0.053450, -0.031539, -0.043897, 0.051638, -0.997111, 0.055703, 0.209525, 0.000000, 0.000000, 0.000000, 1.000000, -0.997872, 0.018881, 0.062406, -0.026241, 0.061472, -0.046558, 0.997022, -0.099635, 0.021731, 0.998737, 0.045298, 0.009818, 0.000000, 0.000000, 0.000000, 1.000000
26.0358, 43.7675, -9.4375, 218.7889, 240.7889, -43.7675, 209.5109, -26.3590, -99.5503, 9.8249, 0.997938, 0.053413, 0.035583, 0.043768, -0.051329, 0.997047, -0.057111, -0.009437, -0.038529, 0.055167, 0.997733, 0.218789, 0.000000, 0.000000, 0.000000, 1.000000, -0.038529, 0.055167, 0.997733, 0.240789, -0.997938, -0.053413, -0.035583, -0.043768, 0.051329, -0.997047, 0.057111, 0.209511, 0.000000, 0.000000, 0.000000, 1.000000, -0.997972, 0.018917, 0.060784, -0.026359, 0.059874, -0.045414, 0.997172, -0.099550, 0.021624, 0.998789, 0.044189, 0.009825, 0.000000, 0.000000, 0.000000, 1.000000
26.1628, 43.6293, -9.4500, 218.7967, 240.7967, -43.6293, 209.5234, -26.4424, -99.4957, 9.8027, 0.997946, 0.053212, 0.035661, 0.043629, -0.051260, 0.997248, -0.053569, -0.009450, -0.038413, 0.051631, 0.997927, 0.218797, 0.000000, 0.000000, 0.000000, 1.000000, -0.038413, 0.051631, 0.997927, 0.240797, -0.997946, -0.053212, -0.035661, -0.043629, 0.051260, -0.997248, 0.053569, 0.209523, 0.000000, 0.000000, 0.000000, 1.000000, -0.997828, 0.018667, 0.063172, -0.026442, 0.062194, -0.048996, 0.996861, -0.099496, 0.021703, 0.998625, 0.047729, 0.009803, 0.000000, 0.000000, 0.000000, 1.000000
26.3153, 43.4867, -9.4323, 218.8397, 240.8397, -43.4867, 209.5057, -26.5599, -99.3981, 9.8135, 0.997703, 0.053130, 0.042026, 0.043487, -0.050728, 0.997125, -0.056284, -0.009432, -0.044896, 0.054023, 0.997530, 0.218840, 0.000000, 0.000000, 0.000000, 1.000000, -0.044896, 0.054023, 0.997530, 0.240840, -0.997703, -0.053130, -0.042026, -0.043487, 0.050728, -0.997125, 0.056284, 0.209506, 0.000000, 0.000000, 0.000000, 1.000000, -0.998063, 0.018861, 0.059287, -0.026560, 0.058354, -0.046674, 0.997204, -0.099398, 0.021575, 0.998732, 0.045483, 0.009814, 0.000000, 0.000000, 0.000000, 1.000000
26.4687, 43.3358, -9.4418, 218.8767, 240.8767, -43.3358, 209.5153, -26.6728, -99.3042, 9.7961, 0.997659, 0.052813, 0.043454, 0.043336, -0.050495, 0.997328, -0.052801, -0.009442, -0.046126, 0.050483, 0.997659, 0.218877, 0.000000, 0.000000, 0.000000, 1.000000, -0.046126, 0.050483, 0.997659, 0.240877, -0.997659, -0.052813, -0.043454, -0.043336, 0.050495, -0.997328, 0.052801, 0.209515, 0.000000, 0.000000, 0.000000, 1.000000, -0.997976, 0.018683, 0.060783, -0.026673, 0.059779, -0.050279, 0.996945, -0.099304, 0.021682, 0.998560, 0.049061, 0.009796, 0.000000, 0.000000, 0.000000, 1.000000
26.6344, 43.1857, -9.4189, 218.8672, 240.8672, -43.1857, 209.4924, -26.8105, -99.2540, 9.8064, 0.997434, 0.053037, 0.048087, 0.043186, -0.050376, 0.997217, -0.054968, -0.009419, -0.050868, 0.052405, 0.997330, 0.218867, 0.000000, 0.000000, 0.000000, 1.000000, -0.050868, 0.052405, 0.997330, 0.240867, -0.997434, -0.053037, -0.048087, -0.043186, 0.050376, -0.997217, 0.054968, 0.209492, 0.000000, 0.000000, 0.000000, 1.000000, -0.998093, 0.018520, 0.058893, -0.026811, 0.057939, -0.048398, 0.997146, -0.099254, 0.021317, 0.998656, 0.047232, 0.009806, 0.000000, 0.000000, 0.000000, 1.000000
26.7671, 43.0497, -9.4209, 218.8754, 240.8754, -43.0497, 209.4944, -26.9047, -99.1976, 9.7949, 0.997440, 0.052797, 0.048237, 0.043050, -0.050168, 0.997270, -0.054189, -0.009421, -0.050967, 0.051631, 0.997365, 0.218875, 0.000000, 0.000000, 0.000000, 1.000000, -0.050967, 0.051631, 0.997365, 0.240875, -0.997440, -0.052797, -0.048237, -0.043050, 0.050168, -0.997270, 0.054189, 0.209494, 0.000000, 0.000000, 0.000000, 1.000000, -0.997959, 0.018562, 0.061108, -0.026905, 0.060132, -0.049237, 0.996975, -0.099198, 0.021514, 0.998615, 0.048020, 0.009795, 0.000000, 0.000000, 0.000000, 1.000000
26.9380, 42.8954, -9.4265, 218.8584, 240.8584, -42.8954, 209.5000, -27.0500, -99.1498, 9.7758, 0.997241, 0.052688, 0.052300, 0.042895, -0.050053, 0.997471, -0.050465, -0.009427, -0.054827, 0.047708, 0.997356, 0.218858, 0.000000, 0.000000, 0.000000, 1.000000, -0.054827, 0.047708, 0.997356, 0.240858, -0.997241, -0.052688, -0.052300, -0.042895, 0.050053, -0.997471, 0.050465, 0.209500, 0.000000, 0.000000, 0.000000, 1.000000, -0.998017, 0.018082, 0.060296, -0.027050, 0.059260, -0.053203, 0.996824, -0.099150, 0.021233, 0.998420, 0.052026, 0.009776, 0.000000, 0.000000, 0.000000, 1.000000
27.0655, 42.7668, -9.4110, 218.8410, 240.8410, -42.7668, 209.4845, -27.1441, -99.1226, 9.7796, 0.997318, 0.052067, 0.051428, 0.042767, -0.049521, 0.997540, -0.049611, -0.009411, -0.053885, 0.046931, 0.997444, 0.218841, 0.000000, 0.000000, 0.000000, 1.000000, -0.053885, 0.046931, 0.997444, 0.240841, -0.997318, -0.052067, -0.051428, -0.042767, 0.049521, -0.997540, 0.049611, 0.209484, 0.000000, 0.000000, 0.000000, 1.000000, -0.997814, 0.018492, 0.063443, -0.027144, 0.062363, -0.054086, 0.996587, -0.099123, 0.021860, 0.998365, 0.052814, 0.009780, 0.000000, 0.000000, 0.000000, 1.000000
27.2175, 42.6461, -9.4075, 218.8854, 240.8854, -42.6461, 209.4810, -27.2818, -99.0203, 9.7783, 0.996984, 0.052281, 0.057360, 0.042646, -0.049349, 0.997458, -0.051405, -0.009408, -0.059902, 0.048419, 0.997029, 0.218885, 0.000000, 0.000000, 0.000000, 1.000000, -0.059902, 0.048419, 0.997029, 0.240885, -0.996984, -0.052281, -0.057360, -0.042646, 0.049349, -0.997458, 0.051405, 0.209481, 0.000000, 0.000000, 0.000000, 1.000000, -0.998028, 0.018310, 0.060046, -0.027282, 0.059011, -0.052633, 0.996869, -0.099020, 0.021413, 0.998446, 0.051448, 0.009778, 0.000000, 0.000000, 0.000000, 1.000000
27.3696, 42.4816, -9.4178, 218.8245, 240.8245, -42.4816, 209.4913, -27.3898, -99.0257, 9.7495, 0.997004, 0.051940, 0.057316, 0.042482, -0.049230, 0.997646, -0.047728, -0.009418, -0.059660, 0.044763, 0.997215, 0.218825, 0.000000, 0.000000, 0.000000, 1.000000, -0.059660, 0.044763, 0.997215, 0.240825, -0.997004, -0.051940, -0.057316, -0.042482, 0.049230, -0.997646, 0.047728, 0.209491, 0.000000, 0.000000, 0.000000, 1.000000, -0.997850, 0.018070, 0.062994, -0.027390, 0.061887, -0.056350, 0.996491, -0.099026, 0.021556, 0.998248, 0.055111, 0.009749, 0.000000, 0.000000, 0.000000, 1.000000
27.5348, 42.3735, -9.4235, 218.8511, 240.8511, -42.3735, 209.4970, -27.5653, -98.9322, 9.7382, 0.996975, 0.051486, 0.058218, 0.042374, -0.048870, 0.997768, -0.045497, -0.009424, -0.060431, 0.042515, 0.997267, 0.218851, 0.000000, 0.000000, 0.000000, 1.000000, -0.060431, 0.042515, 0.997267, 0.240851, -0.996975, -0.051486, -0.058218, -0.042374, 0.048870, -0.997768, 0.045497, 0.209497, 0.000000, 0.000000, 0.000000, 1.000000, -0.997713, 0.018081, 0.065123, -0.027565, 0.063962, -0.058689, 0.996225, -0.098932, 0.021835, 0.998113, 0.057398, 0.009738, 0.000000, 0.000000, 0.000000, 1.000000
27.6671, 42.2232, -9.3980, 218.8908, 240.8908, -42.2232, 209.4714, -27.6381, -98.8501, 9.7559, 0.996800, 0.051653, 0.061001, 0.042223, -0.048811, 0.997692, -0.047199, -0.009398, -0.063298, 0.044070, 0.997021, 0.218891, 0.000000, 0.000000, 0.000000, 1.000000, -0.063298, 0.044070, 0.997021, 0.240891, -0.996800, -0.051653, -0.061001, -0.042223, 0.048811, -0.997692, 0.047199, 0.209471, 0.000000, 0.000000, 0.000000, 1.000000, -0.997754, 0.017975, 0.064529, -0.027638, 0.063408, -0.057167, 0.996349, -0.098850, 0.021598, 0.998203, 0.055899, 0.009756, 0.000000, 0.000000, 0.000000, 1.000000
27.8385, 42.0707, -9.3827, 218.8737, 240.8737, -42.0707, 209.4561, -27.7841, -98.8045, 9.7578, 0.996632, 0.051799, 0.063579, 0.042071, -0.048586, 0.997512, -0.051084, -0.009383, -0.066067, 0.047823, 0.996668, 0.218874, 0.000000, 0.000000, 0.000000, 1.000000, -0.066067, 0.047823, 0.996668, 0.240874, -0.996632, -0.051799, -0.063579, -0.042071, 0.048586, -0.997512, 0.051084, 0.209456, 0.000000, 0.000000, 0.000000, 1.000000, -0.997742, 0.018141, 0.064666, -0.027784, 0.063616, -0.053481, 0.996540, -0.098804, 0.021537, 0.998404, 0.052206, 0.009758, 0.000000, 0.000000, 0.000000, 1.000000
27.9835, 41.9295, -9.4011, 218.8829, 240.8829, -41.9295, 209.4745, -27.8944, -98.7406, 9.7296, 0.996520, 0.051349, 0.065660, 0.041929, -0.048488, 0.997834, -0.044445, -0.009401, -0.067800, 0.041107, 0.996852, 0.218883, 0.000000, 0.000000, 0.000000, 1.000000, -0.067800, 0.041107, 0.996852, 0.240883, -0.996520, -0.051349, -0.065660, -0.041929, 0.048488, -0.997834, 0.044445, 0.209475, 0.000000, 0.000000, 0.000000, 1.000000, -0.997693, 0.017573, 0.065572, -0.027894, 0.064407, -0.060242, 0.996104, -0.098741, 0.021455, 0.998029, 0.058971, 0.009730, 0.000000, 0.000000, 0.000000, 1.000000
28.1092, 41.7785, -9.3838, 218.9374, 240.9374, -41.7785, 209.4573, -27.9531, -98.6467, 9.7405, 0.996354, 0.051494, 0.068028, 0.041778, -0.048353, 0.997722, -0.047042, -0.009384, -0.070296, 0.043581, 0.996574, 0.218937, 0.000000, 0.000000, 0.000000, 1.000000, -0.070296, 0.043581, 0.996574, 0.240937, -0.996354, -0.051494, -0.068028, -0.041778, 0.048353, -0.997722, 0.047042, 0.209457, 0.000000, 0.000000, 0.000000, 1.000000, -0.997716, 0.017626, 0.065215, -0.027953, 0.064099, -0.057810, 0.996268, -0.098647, 0.021331, 0.998172, 0.056549, 0.009741, 0.000000, 0.000000, 0.000000, 1.000000
28.2705, 41.6550, -9.3857, 218.8815, 240.8815, -41.6550, 209.4592, -28.1165, -98.6388, 9.7237, 0.996349, 0.051109, 0.068380, 0.041655, -0.048128, 0.997847, -0.044554, -0.009386, -0.070510, 0.041100, 0.996664, 0.218881, 0.000000, 0.000000, 0.000000, 1.000000, -0.070510, 0.041100, 0.996664, 0.240881, -0.996349, -0.051109, -0.068380, -0.041655, 0.048128, -0.997847, 0.044554, 0.209459, 0.000000, 0.000000, 0.000000, 1.000000, -0.997543, 0.017508, 0.067840, -0.028116, 0.066672, -0.060368, 0.995947, -0.098639, 0.021532, 0.998023, 0.059052, 0.009724, 0.000000, 0.000000, 0.000000, 1.000000
28.4194, 41.4858, -9.3802, 218.9722, 240.9722, -41.4858, 209.4537, -28.1925, -98.4992, 9.7251, 0.995795, 0.051082, 0.076049, 0.041486, -0.047775, 0.997858, -0.044691, -0.009380, -0.078169, 0.040870, 0.996102, 0.218972, 0.000000, 0.000000, 0.000000, 1.000000, -0.078169, 0.040870, 0.996102, 0.240972, -0.995795, -0.051082, -0.076049, -0.041486, 0.047775, -0.997858, 0.044691, 0.209454, 0.000000, 0.000000, 0.000000, 1.000000, -0.997878, 0.017346, 0.062764, -0.028192, 0.061607, -0.060645, 0.996256, -0.098499, 0.021087, 0.998009, 0.059448, 0.009725, 0.000000, 0.000000, 0.000000, 1.000000
28.5882, 41.3856, -9.3978, 218.9924, 240.9924, -41.3856, 209.4712, -28.3817, -98.4077, 9.7021, 0.995717, 0.050755, 0.077279, 0.041386, -0.047555, 0.997956, -0.042694, -0.009398, -0.079288, 0.038836, 0.996095, 0.218992, 0.000000, 0.000000, 0.000000, 1.000000, -0.079288, 0.038836, 0.996095, 0.240992, -0.995717, -0.050755, -0.077279, -0.041386, 0.047555, -0.997956, 0.042694, 0.209471, 0.000000, 0.000000, 0.000000, 1.000000, -0.997763, 0.017203, 0.064605, -0.028382, 0.063410, -0.062754, 0.996013, -0.098408, 0.021189, 0.997881, 0.061523, 0.009702, 0.000000, 0.000000, 0.000000, 1.000000
28.7209, 41.2502, -9.4029, 218.9455, 240.9455, -41.2502, 209.4763, -28.4831, -98.4062, 9.6820, 0.995980, 0.050102, 0.074250, 0.041250, -0.047332, 0.998133, -0.038614, -0.009403, -0.076046, 0.034944, 0.996492, 0.218945, 0.000000, 0.000000, 0.000000, 1.000000, -0.076046, 0.034944, 0.996492, 0.240945, -0.995980, -0.050102, -0.074250, -0.041250, 0.047332, -0.998133, 0.038614, 0.209476, 0.000000, 0.000000, 0.000000, 1.000000, -0.997385, 0.017143, 0.070212, -0.028483, 0.068924, -0.066734, 0.995387, -0.098406, 0.021749, 0.997623, 0.065378, 0.009682, 0.000000, 0.000000, 0.000000, 1.000000
28.8870, 41.1183, -9.3871, 218.9283, 240.9283, -41.1183, 209.4606, -28.6397, -98.3606, 9.6859, 0.995699, 0.050195, 0.077871, 0.041118, -0.047154, 0.998070, -0.040403, -0.009387, -0.079749, 0.036557, 0.996144, 0.218928, 0.000000, 0.000000, 0.000000, 1.000000, -0.079749, 0.036557, 0.996144, 0.240928, -0.995699, -0.050195, -0.077871, -0.041118, 0.047154, -0.998070, 0.040403, 0.209461, 0.000000, 0.000000, 0.000000, 1.000000, -0.997445, 0.017095, 0.069363, -0.028640, 0.068114, -0.065177, 0.995546, -0.098361, 0.021540, 0.997727, 0.063846, 0.009686, 0.000000, 0.000000, 0.000000, 1.000000
29.0210, 40.9651, -9.4008, 218.9616, 240.9616, -40.9651, 209.4742, -28.7144, -98.2812, 9.6638, 0.995613, 0.049610, 0.079330, 0.040965, -0.046810, 0.998227, -0.036765, -0.009401, -0.081014, 0.032890, 0.996170, 0.218962, 0.000000, 0.000000, 0.000000, 1.000000, -0.081014, 0.032890, 0.996170, 0.240962, -0.995613, -0.049610, -0.079330, -0.040965, 0.046810, -0.998227, 0.036765, 0.209474, 0.000000, 0.000000, 0.000000, 1.000000, -0.997369, 0.016974, 0.070478, -0.028714, 0.069153, -0.068925, 0.995222, -0.098281, 0.021750, 0.997477, 0.067570, 0.009664, 0.000000, 0.000000, 0.000000, 1.000000
29.1696, 40.8407, -9.3965, 218.9687, 240.9687, -40.8407, 209.4700, -28.8450, -98.2181, 9.6592, 0.995423, 0.049332, 0.081851, 0.040841, -0.046561, 0.998287, -0.035421, -0.009397, -0.083458, 0.031447, 0.996015, 0.218969, 0.000000, 0.000000, 0.000000, 1.000000, -0.083458, 0.031447, 0.996015, 0.240969, -0.995423, -0.049332, -0.081851, -0.040841, 0.046561, -0.998287, 0.035421, 0.209470, 0.000000, 0.000000, 0.000000, 1.000000, -0.997360, 0.016850, 0.070630, -0.028845, 0.069280, -0.070435, 0.995108, -0.098218, 0.021743, 0.997374, 0.069081, 0.009659, 0.000000, 0.000000, 0.000000, 1.000000
29.3379, 40.6982, -9.4037, 218.9656, 240.9656, -40.6982, 209.4771, -28.9939, -98.1566, 9.6410, 0.995491, 0.048740, 0.081375, 0.040698, -0.046241, 0.998407, -0.032322, -0.009404, -0.082821, 0.028414, 0.996159, 0.218966, 0.000000, 0.000000, 0.000000, 1.000000, -0.082821, 0.028414, 0.996159, 0.240966, -0.995491, -0.048740, -0.081375, -0.040698, 0.046241, -0.998407, 0.032322, 0.209477, 0.000000, 0.000000, 0.000000, 1.000000, -0.997100, 0.016758, 0.074231, -0.028994, 0.072811, -0.073567, 0.994629, -0.098157, 0.022129, 0.997149, 0.072133, 0.009641, 0.000000, 0.000000, 0.000000, 1.000000
29.4864, 40.5484, -9.3957, 218.9925, 240.9925, -40.5484, 209.4692, -29.0959, -98.0784, 9.6401, 0.995153, 0.048677, 0.085449, 0.040548, -0.045948, 0.998378, -0.033614, -0.009396, -0.086947, 0.029525, 0.995775, 0.218993, 0.000000, 0.000000, 0.000000, 1.000000, -0.086947, 0.029525, 0.995775, 0.240993, -0.995153, -0.048677, -0.085449, -0.040548, 0.045948, -0.998378, 0.033614, 0.209469, 0.000000, 0.000000, 0.000000, 1.000000, -0.997215, 0.016805, 0.072656, -0.029096, 0.071260, -0.072525, 0.994818, -0.098078, 0.021987, 0.997225, 0.071125, 0.009640, 0.000000, 0.000000, 0.000000, 1.000000
29.6121, 40.4028, -9.3987, 219.0460, 241.0460, -40.4028, 209.4722, -29.1591, -97.9840, 9.6312, 0.994854, 0.048367, 0.089030, 0.040403, -0.045889, 0.998506, -0.029670, -0.009399, -0.090332, 0.025431, 0.995587, 0.219046, 0.000000, 0.000000, 0.000000, 1.000000, -0.090332, 0.025431, 0.995587, 0.241046, -0.994854, -0.048367, -0.089030, -0.040403, 0.045889, -0.998506, 0.029670, 0.209472, 0.000000, 0.000000, 0.000000, 1.000000, -0.997306, 0.016296, 0.071518, -0.029159, 0.070071, -0.076643, 0.994593, -0.097984, 0.021690, 0.996925, 0.075295, 0.009631, 0.000000, 0.000000, 0.000000, 1.000000
29.7756, 40.2548, -9.4213, 219.0246, 241.0246, -40.2548, 209.4948, -29.2977, -97.9421, 9.5953, 0.994546, 0.047745, 0.092732, 0.040255, -0.045654, 0.998656, -0.024540, -0.009421, -0.093779, 0.020173, 0.995389, 0.219025, 0.000000, 0.000000, 0.000000, 1.000000, -0.093779, 0.020173, 0.995389, 0.241025, -0.994546, -0.047745, -0.092732, -0.040255, 0.045654, -0.998656, 0.024540, 0.209495, 0.000000, 0.000000, 0.000000, 1.000000, -0.997352, 0.015834, 0.070983, -0.029298, 0.069459, -0.081965, 0.994212, -0.097942, 0.021561, 0.996509, 0.080648, 0.009595, 0.000000, 0.000000, 0.000000, 1.000000
29.9281, 40.1318, -9.3913, 219.0994, 241.0994, -40.1318, 209.4648, -29.4229, -97.8134, 9.6231, 0.994367, 0.048163, 0.094416, 0.040132, -0.045506, 0.998511, -0.030096, -0.009391, -0.095725, 0.025630, 0.995078, 0.219099, 0.000000, 0.000000, 0.000000, 1.000000, -0.095725, 0.025630, 0.995078, 0.241099, -0.994367, -0.048163, -0.094416, -0.040132, 0.045506, -0.998511, 0.030096, 0.209465, 0.000000, 0.000000, 0.000000, 1.000000, -0.997304, 0.016108, 0.071590, -0.029423, 0.070159, -0.076570, 0.994593, -0.097813, 0.021502, 0.996934, 0.075234, 0.009623, 0.000000, 0.000000, 0.000000, 1.000000
30.0995, 39.9659, -9.4237, 219.1004, 241.1004, -39.9659, 209.4972, -29.5539, -97.7475, 9.5783, 0.993920, 0.047008, 0.099570, 0.039966, -0.045086, 0.998752, -0.021463, -0.009424, -0.100454, 0.016843, 0.994799, 0.219100, 0.000000, 0.000000, 0.000000, 1.000000, -0.100454, 0.016843, 0.994799, 0.241100, -0.993920, -0.047008, -0.099570, -0.039966, 0.045086, -0.998752, 0.021463, 0.209497, 0.000000, 0.000000, 0.000000, 1.000000, -0.997429, 0.015535, 0.069957, -0.029554, 0.068385, -0.085448, 0.993993, -0.097748, 0.021419, 0.996222, 0.084166, 0.009578, 0.000000, 0.000000, 0.000000, 1.000000
30.2287, 39.8557, -9.4132, 219.1458, 241.1458, -39.8557, 209.4866, -29.6575, -97.6555, 9.5848, 0.993850, 0.046908, 0.100307, 0.039856, -0.045013, 0.998764, -0.021071, -0.009413, -0.101171, 0.016426, 0.994733, 0.219146, 0.000000, 0.000000, 0.000000, 1.000000, -0.101171, 0.016426, 0.994733, 0.241146, -0.993850, -0.046908, -0.100307, -0.039856, 0.045013, -0.998764, 0.021071, 0.209487, 0.000000, 0.000000, 0.000000, 1.000000, -0.997323, 0.015369, 0.071485, -0.029657, 0.069912, -0.085909, 0.993847, -0.097655, 0.021416, 0.996184, 0.084605, 0.009585, 0.000000, 0.000000, 0.000000, 1.000000
30.3895, 39.7197, -9.4398, 219.1102, 241.1102, -39.7197, 209.5132, -29.8056, -97.6266, 9.5445, 0.993899, 0.046219, 0.100143, 0.039720, -0.044876, 0.998870, -0.015623, -0.009440, -0.100752, 0.011034, 0.994850, 0.219110, 0.000000, 0.000000, 0.000000, 1.000000, -0.100752, 0.011034, 0.994850, 0.241110, -0.993899, -0.046219, -0.100143, -0.039720, 0.044876, -0.998870, 0.015623, 0.209513, 0.000000, 0.000000, 0.000000, 1.000000, -0.997090, 0.014868, 0.074774, -0.029806, 0.073115, -0.091362, 0.993130, -0.097627, 0.021597, 0.995707, 0.090009, 0.009545, 0.000000, 0.000000, 0.000000, 1.000000
30.5227, 39.5650, -9.4012, 219.1637, 241.1637, -39.5650, 209.4747, -29.8686, -97.5353, 9.5762, 0.993182, 0.046337, 0.106966, 0.039565, -0.044330, 0.998795, -0.021068, -0.009401, -0.107813, 0.016183, 0.994039, 0.219164, 0.000000, 0.000000, 0.000000, 1.000000, -0.107813, 0.016183, 0.994039, 0.241164, -0.993182, -0.046337, -0.106966, -0.039565, 0.044330, -0.998795, 0.021068, 0.209475, 0.000000, 0.000000, 0.000000, 1.000000, -0.997433, 0.015448, 0.069919, -0.029869, 0.068336, -0.086326, 0.993921, -0.097535, 0.021390, 0.996147, 0.085049, 0.009576, 0.000000, 0.000000, 0.000000, 1.000000
30.6875, 39.4459, -9.4313, 219.0728, 241.0728, -39.4459, 209.5048, -30.0503, -97.5552, 9.5283, 0.994082, 0.045612, 0.098588, 0.039446, -0.044569, 0.998925, -0.012756, -0.009431, -0.099064, 0.008286, 0.995047, 0.219073, 0.000000, 0.000000, 0.000000, 1.000000, -0.099064, 0.008286, 0.995047, 0.241073, -0.994082, -0.045612, -0.098588, -0.039446, 0.044569, -0.998925, 0.012756, 0.209505, 0.000000, 0.000000, 0.000000, 1.000000, -0.996554, 0.014496, 0.081666, -0.030050, 0.079949, -0.094239, 0.992334, -0.097555, 0.022081, 0.995444, 0.092755, 0.009528, 0.000000, 0.000000, 0.000000, 1.000000
30.8399, 39.3114, -9.4304, 219.0835, 241.0835, -39.3114, 209.5039, -30.1757, -97.4882, 9.5199, 0.993929, 0.045430, 0.100210, 0.039311, -0.044366, 0.998933, -0.012815, -0.009430, -0.100685, 0.008292, 0.994884, 0.219083, 0.000000, 0.000000, 0.000000, 1.000000, -0.100685, 0.008292, 0.994884, 0.241083, -0.993929, -0.045430, -0.100210, -0.039311, 0.044366, -0.998933, 0.012815, 0.209504, 0.000000, 0.000000, 0.000000, 1.000000, -0.996472, 0.014426, 0.082682, -0.030176, 0.080966, -0.094305, 0.992246, -0.097488, 0.022112, 0.995439, 0.092804, 0.009520, 0.000000, 0.000000, 0.000000, 1.000000
31.0003, 39.1849, -9.4198, 219.1353, 241.1353, -39.1849, 209.4932, -30.3143, -97.3764, 9.5259, 0.993854, 0.045365, 0.100974, 0.039185, -0.044234, 0.998931, -0.013410, -0.009420, -0.101475, 0.008862, 0.994799, 0.219135, 0.000000, 0.000000, 0.000000, 1.000000, -0.101475, 0.008862, 0.994799, 0.241135, -0.993854, -0.045365, -0.100974, -0.039185, 0.044234, -0.998931, 0.013410, 0.209493, 0.000000, 0.000000, 0.000000, 1.000000, -0.996307, 0.014331, 0.084659, -0.030314, 0.082955, -0.093799, 0.992129, -0.097376, 0.022160, 0.995488, 0.092263, 0.009526, 0.000000, 0.000000, 0.000000, 1.000000
31.1383, 39.0351, -9.4292, 219.0875, 241.0875, -39.0351, 209.5027, -30.4113, -97.3758, 9.5004, 0.993778, 0.045043, 0.101861, 0.039035, -0.044105, 0.998961, -0.011446, -0.009429, -0.102271, 0.006882, 0.994733, 0.219088, 0.000000, 0.000000, 0.000000, 1.000000, -0.102271, 0.006882, 0.994733, 0.241088, -0.993778, -0.045043, -0.101861, -0.039035, 0.044105, -0.998961, 0.011446, 0.209503, 0.000000, 0.000000, 0.000000, 1.000000, -0.996172, 0.014051, 0.086279, -0.030411, 0.084549, -0.095829, 0.991801, -0.097376, 0.022204, 0.995299, 0.094274, 0.009500, 0.000000, 0.000000, 0.000000, 1.000000
31.2715, 38.9248, -9.4381, 219.0648, 241.0648, -38.9248, 209.5116, -30.5342, -97.3463, 9.4809, 0.994203, 0.044695, 0.097789, 0.038925, -0.044184, 0.998996, -0.007380, -0.009438, -0.098021, 0.003016, 0.995180, 0.219065, 0.000000, 0.000000, 0.000000, 1.000000, -0.098021, 0.003016, 0.995180, 0.241065, -0.994203, -0.044695, -0.097789, -0.038925, 0.044184, -0.998996, 0.007380, 0.209512, 0.000000, 0.000000, 0.000000, 1.000000, -0.995586, 0.013437, 0.092890, -0.030534, 0.091102, -0.099705, 0.990838, -0.097346, 0.022575, 0.994926, 0.098041, 0.009481, 0.000000, 0.000000, 0.000000, 1.000000
31.4389, 38.7711, -9.4782, 219.0121, 241.0121, -38.7711, 209.5517, -30.6805, -97.3322, 9.4241, 0.993861, 0.043182, 0.101861, 0.038771, -0.043739, 0.999038, 0.003239, -0.009478, -0.101623, -0.007675, 0.994793, 0.219012, 0.000000, 0.000000, 0.000000, 1.000000, -0.101623, -0.007675, 0.994793, 0.241012, -0.993861, -0.043182, -0.101861, -0.038771, 0.043739, -0.999038, -0.003239, 0.209552, 0.000000, 0.000000, 0.000000, 1.000000, -0.995650, 0.012567, 0.092321, -0.030680, 0.090380, -0.110467, 0.989762, -0.097332, 0.022636, 0.993800, 0.108851, 0.009424, 0.000000, 0.000000, 0.000000, 1.000000
31.5866, 38.6724, -9.4533, 219.1049, 241.1049, -38.6724, 209.5268, -30.8150, -97.1836, 9.4504, 0.993958, 0.043766, 0.100663, 0.038672, -0.043655, 0.999041, -0.003302, -0.009453, -0.100711, -0.001112, 0.994915, 0.219105, 0.000000, 0.000000, 0.000000, 1.000000, -0.100711, -0.001112, 0.994915, 0.241105, -0.993958, -0.043766, -0.100663, -0.038672, 0.043655, -0.999041, 0.003302, 0.209527, 0.000000, 0.000000, 0.000000, 1.000000, -0.995325, 0.012993, 0.095701, -0.030815, 0.093845, -0.103986, 0.990141, -0.097184, 0.022817, 0.994494, 0.102280, 0.009450, 0.000000, 0.000000, 0.000000, 1.000000
31.7136, 38.5155, -9.4489, 219.0848, 241.0848, -38.5155, 209.5224, -30.8805, -97.1651, 9.4408, 0.994008, 0.043422, 0.100312, 0.038515, -0.043500, 0.999052, -0.001410, -0.009449, -0.100278, -0.002962, 0.994955, 0.219085, 0.000000, 0.000000, 0.000000, 1.000000, -0.100278, -0.002962, 0.994955, 0.241085, -0.994008, -0.043422, -0.100312, -0.038515, 0.043500, -0.999052, 0.001410, 0.209522, 0.000000, 0.000000, 0.000000, 1.000000, -0.995070, 0.012735, 0.098353, -0.030880, 0.096466, -0.105885, 0.989688, -0.097165, 0.023017, 0.994297, 0.104135, 0.009441, 0.000000, 0.000000, 0.000000, 1.000000
31.9008, 38.4092, -9.4507, 219.0563, 241.0563, -38.4092, 209.5242, -31.0996, -97.1118, 9.4281, 0.994368, 0.043516, 0.096638, 0.038409, -0.043762, 0.999042, 0.000423, -0.009451, -0.096527, -0.004650, 0.995319, 0.219056, 0.000000, 0.000000, 0.000000, 1.000000, -0.096527, -0.004650, 0.995319, 0.241056, -0.994368, -0.043516, -0.096638, -0.038409, 0.043762, -0.999042, -0.000423, 0.209524, 0.000000, 0.000000, 0.000000, 1.000000, -0.994363, 0.011957, 0.105354, -0.031100, 0.103471, -0.107552, 0.988800, -0.097112, 0.023154, 0.994128, 0.105709, 0.009428, 0.000000, 0.000000, 0.000000, 1.000000
32.0212, 38.2559, -9.4630, 219.0782, 241.0782, -38.2559, 209.5364, -31.1501, -97.0535, 9.4064, 0.994087, 0.042573, 0.099890, 0.038256, -0.043286, 0.999050, 0.004981, -0.009463, -0.099583, -0.009275, 0.994986, 0.219078, 0.000000, 0.000000, 0.000000, 1.000000, -0.099583, -0.009275, 0.994986, 0.241078, -0.994087, -0.042573, -0.099890, -0.038256, 0.043286, -0.999050, -0.004981, 0.209536, 0.000000, 0.000000, 0.000000, 1.000000, -0.994463, 0.011715, 0.104437, -0.031150, 0.102476, -0.112269, 0.988380, -0.097053, 0.023304, 0.993609, 0.110447, 0.009406, 0.000000, 0.000000, 0.000000, 1.000000
32.1935, 38.1365, -9.4815, 219.1073, 241.1073, -38.1365, 209.5550, -31.3201, -96.9527, 9.3817, 0.994021, 0.042057, 0.100761, 0.038137, -0.043171, 0.999028, 0.008893, -0.009482, -0.100289, -0.013190, 0.994871, 0.219107, 0.000000, 0.000000, 0.000000, 1.000000, -0.100289, -0.013190, 0.994871, 0.241107, -0.994021, -0.042057, -0.100761, -0.038137, 0.043171, -0.999028, -0.008893, 0.209555, 0.000000, 0.000000, 0.000000, 1.000000, -0.994224, 0.011075, 0.106748, -0.031320, 0.104752, -0.116215, 0.987685, -0.096953, 0.023344, 0.993162, 0.114384, 0.009382, 0.000000, 0.000000, 0.000000, 1.000000
32.3345, 37.9820, -9.4701, 219.0673, 241.0673, -37.9820, 209.5436, -31.4155, -96.9467, 9.3772, 0.994091, 0.041766, 0.100196, 0.037982, -0.043031, 0.999019, 0.010496, -0.009470, -0.099659, -0.014746, 0.994912, 0.219067, 0.000000, 0.000000, 0.000000, 1.000000, -0.099659, -0.014746, 0.994912, 0.241067, -0.994091, -0.041766, -0.100196, -0.037982, 0.043031, -0.999019, -0.010496, 0.209544, 0.000000, 0.000000, 0.000000, 1.000000, -0.993893, 0.010748, 0.109828, -0.031415, 0.107811, -0.117814, 0.987166, -0.096947, 0.023550, 0.992978, 0.115935, 0.009377, 0.000000, 0.000000, 0.000000, 1.000000
32.4896, 37.8817, -9.4895, 219.0042, 241.0042, -37.8817, 209.5630, -31.5944, -96.9409, 9.3441, 0.994701, 0.041161, 0.094206, 0.037882, -0.042872, 0.998949, 0.016213, -0.009490, -0.093440, -0.020166, 0.995421, 0.219004, 0.000000, 0.000000, 0.000000, 1.000000, -0.093440, -0.020166, 0.995421, 0.241004, -0.994701, -0.041161, -0.094206, -0.037882, 0.042872, -0.998949, -0.016213, 0.209563, 0.000000, 0.000000, 0.000000, 1.000000, -0.992873, 0.009874, 0.118764, -0.031594, 0.116656, -0.123229, 0.985498, -0.096941, 0.024366, 0.992329, 0.121199, 0.009344, 0.000000, 0.000000, 0.000000, 1.000000
32.7832, 36.9480, -8.9837, 219.2812, 241.2812, -36.9480, 209.0571, -31.0933, -96.7605, 9.8018, 0.968256, 0.058114, 0.243111, 0.036948, -0.036296, 0.994978, -0.093283, -0.008984, -0.247311, 0.081498, 0.965503, 0.219281, 0.000000, 0.000000, 0.000000, 1.000000, -0.247311, 0.081498, 0.965503, 0.241281, -0.968256, -0.058114, -0.243111, -0.036948, 0.036296, -0.994978, 0.093283, 0.209057, 0.000000, 0.000000, 0.000000, 1.000000, -0.999327, 0.014437, -0.033710, -0.031093, -0.034002, -0.020528, 0.999211, -0.096760, 0.013733, 0.999685, 0.021005, 0.009802, 0.000000, 0.000000, 0.000000, 1.000000
32.9401, 36.8375, -8.9475, 219.2718, 241.2718, -36.8375, 209.0210, -31.2506, -96.7115, 9.8283, 0.969044, 0.059433, 0.239629, 0.036838, -0.036469, 0.994404, -0.099154, -0.008948, -0.244181, 0.087346, 0.965788, 0.219272, 0.000000, 0.000000, 0.000000, 1.000000, -0.244181, 0.087346, 0.965788, 0.241272, -0.969044, -0.059433, -0.239629, -0.036838, 0.036469, -0.994404, 0.099154, 0.209021, 0.000000, 0.000000, 0.000000, 1.000000, -0.999510, 0.014342, -0.027832, -0.031251, -0.028041, -0.014547, 0.999501, -0.096711, 0.013930, 0.999791, 0.014942, 0.009828, 0.000000, 0.000000, 0.000000, 1.000000
33.0732, 36.6873, -8.9555, 219.2627, 241.2627, -36.6873, 209.0289, -31.3314, -96.6787, 9.8081, 0.967922, 0.058672, 0.244306, 0.036687, -0.035931, 0.994682, -0.096524, -0.008955, -0.248670, 0.084649, 0.964882, 0.219263, 0.000000, 0.000000, 0.000000, 1.000000, -0.248670, 0.084649, 0.964882, 0.241263, -0.967922, -0.058672, -0.244306, -0.036687, 0.035931, -0.994682, 0.096524, 0.209029, 0.000000, 0.000000, 0.000000, 1.000000, -0.999441, 0.014469, -0.030123, -0.031331, -0.030373, -0.017390, 0.999387, -0.096679, 0.013936, 0.999744, 0.017820, 0.009808, 0.000000, 0.000000, 0.000000, 1.000000
33.2310, 36.5463, -8.9254, 219.2424, 241.2424, -36.5463, 208.9989, -31.4632, -96.6456, 9.8251, 0.967506, 0.060212, 0.245573, 0.036546, -0.035684, 0.994027, -0.103136, -0.008925, -0.250316, 0.091022, 0.963876, 0.219242, 0.000000, 0.000000, 0.000000, 1.000000, -0.250316, 0.091022, 0.963876, 0.241242, -0.967506, -0.060212, -0.245573, -0.036546, 0.035684, -0.994027, 0.103136, 0.208999, 0.000000, 0.000000, 0.000000, 1.000000, -0.999472, 0.014311, -0.029179, -0.031463, -0.029336, -0.010843, 0.999511, -0.096646, 0.013988, 0.999839, 0.011257, 0.009825, 0.000000, 0.000000, 0.000000, 1.000000
33.4059, 36.4539, -8.9507, 219.3097, 241.3097, -36.4539, 209.0241, -31.6542, -96.5013, 9.7996, 0.968849, 0.058621, 0.240613, 0.036454, -0.035896, 0.994562, -0.097767, -0.008951, -0.245035, 0.086084, 0.965685, 0.219310, 0.000000, 0.000000, 0.000000, 1.000000, -0.245035, 0.086084, 0.965685, 0.241310, -0.968849, -0.058621, -0.240613, -0.036454, 0.035896, -0.994562, 0.097767, 0.209024, 0.000000, 0.000000, 0.000000, 1.000000, -0.999679, 0.014736, -0.020612, -0.031654, -0.020849, -0.016081, 0.999653, -0.096501, 0.014399, 0.999762, 0.016383, 0.009800, 0.000000, 0.000000, 0.000000, 1.000000
33.5312, 36.2972, -8.9022, 219.2386, 241.2386, -36.2972, 208.9756, -31.7265, -96.5410, 9.8287, 0.968033, 0.060825, 0.243335, 0.036297, -0.035702, 0.993687, -0.106355, -0.008902, -0.248268, 0.094267, 0.964094, 0.219239, 0.000000, 0.000000, 0.000000, 1.000000, -0.248268, 0.094267, 0.964094, 0.241239, -0.968033, -0.060825, -0.243335, -0.036297, 0.035702, -0.993687, 0.106355, 0.208976, 0.000000, 0.000000, 0.000000, 1.000000, -0.999657, 0.014382, -0.021886, -0.031726, -0.021997, -0.007600, 0.999729, -0.096541, 0.014212, 0.999868, 0.007914, 0.009829, 0.000000, 0.000000, 0.000000, 1.000000
33.6832, 36.1563, -8.9156, 219.2938, 241.2938, -36.1563, 208.9891, -31.8336, -96.4330, 9.8101, 0.967527, 0.059521, 0.245660, 0.036156, -0.035442, 0.994224, -0.101305, -0.008916, -0.250271, 0.089309, 0.964048, 0.219294, 0.000000, 0.000000, 0.000000, 1.000000, -0.250271, 0.089309, 0.964048, 0.241294, -0.967527, -0.059521, -0.245660, -0.036156, 0.035442, -0.994224, 0.101305, 0.208989, 0.000000, 0.000000, 0.000000, 1.000000, -0.999669, 0.014510, -0.021240, -0.031834, -0.021426, -0.012791, 0.999689, -0.096433, 0.014234, 0.999813, 0.013098, 0.009810, 0.000000, 0.000000, 0.000000, 1.000000
33.8401, 36.0268, -8.9076, 219.3322, 241.3322, -36.0268, 208.9810, -31.9624, -96.3386, 9.8119, 0.966923, 0.059453, 0.248042, 0.036027, -0.035141, 0.994233, -0.101319, -0.008908, -0.252635, 0.089251, 0.963436, 0.219332, 0.000000, 0.000000, 0.000000, 1.000000, -0.252635, 0.089251, 0.963436, 0.241332, -0.966923, -0.059453, -0.248042, -0.036027, 0.035141, -0.994233, 0.101319, 0.208981, 0.000000, 0.000000, 0.000000, 1.000000, -0.999675, 0.014529, -0.020959, -0.031962, -0.021147, -0.012903, 0.999693, -0.096339, 0.014254, 0.999811, 0.013206, 0.009812, 0.000000, 0.000000, 0.000000, 1.000000
34.0022, 35.8856, -8.8806, 219.2816, 241.2816, -35.8856, 208.9541, -32.1085, -96.3322, 9.8229, 0.967633, 0.060490, 0.245003, 0.035886, -0.035152, 0.993691, -0.106505, -0.008881, -0.249900, 0.094446, 0.963655, 0.219282, 0.000000, 0.000000, 0.000000, 1.000000, -0.249900, 0.094446, 0.963655, 0.241282, -0.967633, -0.060490, -0.245003, -0.035886, 0.035152, -0.993691, 0.106505, 0.208954, 0.000000, 0.000000, 0.000000, 1.000000, -0.999774, 0.014686, -0.015396, -0.032109, -0.015509, -0.007623, 0.999851, -0.096332, 0.014567, 0.999863, 0.007849, 0.009823, 0.000000, 0.000000, 0.000000, 1.000000
34.1433, 35.7672, -8.8947, 219.3323, 241.3323, -35.7672, 208.9681, -32.2194, -96.2297, 9.8048, 0.967430, 0.059120, 0.246140, 0.035767, -0.035080, 0.994274, -0.100935, -0.008895, -0.250698, 0.089013, 0.963964, 0.219332, 0.000000, 0.000000, 0.000000, 1.000000, -0.250698, 0.089013, 0.963964, 0.241332, -0.967430, -0.059120, -0.246140, -0.035767, 0.035080, -0.994274, 0.100935, 0.208968, 0.000000, 0.000000, 0.000000, 1.000000, -0.999798, 0.014728, -0.013678, -0.032219, -0.013874, -0.013292, 0.999815, -0.096230, 0.014544, 0.999803, 0.013493, 0.009805, 0.000000, 0.000000, 0.000000, 1.000000
34.2888, 35.6127, -8.8605, 219.3229, 241.3229, -35.6127, 208.9340, -32.3144, -96.1968, 9.8260, 0.966870, 0.060053, 0.248106, 0.035613, -0.034706, 0.993834, -0.105303, -0.008861, -0.252900, 0.093203, 0.962993, 0.219323, 0.000000, 0.000000, 0.000000, 1.000000, -0.252900, 0.093203, 0.962993, 0.241323, -0.966870, -0.060053, -0.248106, -0.035613, 0.034706, -0.993834, 0.105303, 0.208934, 0.000000, 0.000000, 0.000000, 1.000000, -0.999800, 0.014779, -0.013501, -0.032314, -0.013635, -0.009014, 0.999866, -0.096197, 0.014655, 0.999850, 0.009214, 0.009826, 0.000000, 0.000000, 0.000000, 1.000000
34.4698, 35.4693, -8.8577, 219.3328, 241.3328, -35.4693, 208.9311, -32.4768, -96.1190, 9.8188, 0.965172, 0.059949, 0.254656, 0.035469, -0.034439, 0.994035, -0.103478, -0.008858, -0.259340, 0.091104, 0.961479, 0.219333, 0.000000, 0.000000, 0.000000, 1.000000, -0.259340, 0.091104, 0.961479, 0.241333, -0.965172, -0.059949, -0.254656, -0.035469, 0.034439, -0.994035, 0.103478, 0.208931, 0.000000, 0.000000, 0.000000, 1.000000, -0.999753, 0.014349, -0.016962, -0.032477, -0.017122, -0.011134, 0.999791, -0.096119, 0.014157, 0.999835, 0.011377, 0.009819, 0.000000, 0.000000, 0.000000, 1.000000
34.5938, 35.3669, -8.8377, 219.3687, 241.3687, -35.3669, 208.9112, -32.5757, -96.0407, 9.8343, 0.967093, 0.060262, 0.247182, 0.035367, -0.034577, 0.993661, -0.106968, -0.008838, -0.252062, 0.094901, 0.963047, 0.219369, 0.000000, 0.000000, 0.000000, 1.000000, -0.252062, 0.094901, 0.963047, 0.241369, -0.967093, -0.060262, -0.247182, -0.035367, 0.034577, -0.993661, 0.106968, 0.208911, 0.000000, 0.000000, 0.000000, 1.000000, -0.999861, 0.014938, -0.007355, -0.032576, -0.007466, -0.007386, 0.999945, -0.096041, 0.014883, 0.999861, 0.007496, 0.009834, 0.000000, 0.000000, 0.000000, 1.000000
34.7300, 35.2114, -8.8358, 219.3794, 241.3794, -35.2114, 208.9093, -32.6508, -95.9905, 9.8254, 0.965241, 0.060424, 0.254280, 0.035211, -0.034388, 0.993811, -0.105623, -0.008836, -0.259088, 0.093207, 0.961346, 0.219379, 0.000000, 0.000000, 0.000000, 1.000000, -0.259088, 0.093207, 0.961346, 0.241379, -0.965241, -0.060424, -0.254280, -0.035211, 0.034388, -0.993811, 0.105623, 0.208909, 0.000000, 0.000000, 0.000000, 1.000000, -0.999823, 0.014350, -0.012199, -0.032651, -0.012329, -0.009032, 0.999883, -0.095991, 0.014238, 0.999856, 0.009207, 0.009825, 0.000000, 0.000000, 0.000000, 1.000000
34.8921, 35.0829, -8.8453, 219.4275, 241.4275, -35.0829, 208.9187, -32.7865, -95.8818, 9.8109, 0.965344, 0.059779, 0.254043, 0.035083, -0.034001, 0.993925, -0.104679, -0.008845, -0.258757, 0.092414, 0.961511, 0.219427, 0.000000, 0.000000, 0.000000, 1.000000, -0.258757, 0.092414, 0.961511, 0.241427, -0.965344, -0.059779, -0.254043, -0.035083, 0.034001, -0.993925, 0.104679, 0.208919, 0.000000, 0.000000, 0.000000, 1.000000, -0.999850, 0.014754, -0.009052, -0.032786, -0.009200, -0.010007, 0.999908, -0.095882, 0.014662, 0.999841, 0.010142, 0.009811, 0.000000, 0.000000, 0.000000, 1.000000
35.0429, 34.9589, -8.8199, 219.4070, 241.4070, -34.9589, 208.8934, -32.9228, -95.8484, 9.8245, 0.964846, 0.060773, 0.255693, 0.034959, -0.033784, 0.993506, -0.108653, -0.008820, -0.260635, 0.096195, 0.960633, 0.219407, 0.000000, 0.000000, 0.000000, 1.000000, -0.260635, 0.096195, 0.960633, 0.241407, -0.964846, -0.060773, -0.255693, -0.034959, 0.033784, -0.993506, 0.108653, 0.208893, 0.000000, 0.000000, 0.000000, 1.000000, -0.999856, 0.014707, -0.008433, -0.032923, -0.008524, -0.006114, 0.999945, -0.095848, 0.014655, 0.999873, 0.006239, 0.009825, 0.000000, 0.000000, 0.000000, 1.000000
35.1694, 34.8627, -8.8071, 219.4883, 241.4883, -34.8627, 208.8806, -33.0201, -95.7227, 9.8378, 0.967148, 0.060783, 0.246841, 0.034863, -0.034016, 0.993205, -0.111292, -0.008807, -0.251928, 0.099239, 0.962644, 0.219488, 0.000000, 0.000000, 0.000000, 1.000000, -0.251928, 0.099239, 0.962644, 0.241488, -0.967148, -0.060783, -0.246841, -0.034863, 0.034016, -0.993205, 0.111292, 0.208881, 0.000000, 0.000000, 0.000000, 1.000000, -0.999877, 0.015449, 0.002706, -0.033020, 0.002658, -0.003183, 0.999991, -0.095723, 0.015457, 0.999876, 0.003141, 0.009838, 0.000000, 0.000000, 0.000000, 1.000000
35.3246, 34.7127, -8.8172, 219.5556, 241.5556, -34.7127, 208.8906, -33.1175, -95.6049, 9.8230, 0.965526, 0.060322, 0.253222, 0.034713, -0.033533, 0.993497, -0.108808, -0.008817, -0.258139, 0.096565, 0.961270, 0.219556, 0.000000, 0.000000, 0.000000, 1.000000, -0.258139, 0.096565, 0.961270, 0.241556, -0.965526, -0.060322, -0.253222, -0.034713, 0.033533, -0.993497, 0.108808, 0.208891, 0.000000, 0.000000, 0.000000, 1.000000, -0.999884, 0.015207, -0.000977, -0.033118, -0.001067, -0.005943, 0.999982, -0.095605, 0.015201, 0.999867, 0.005959, 0.009823, 0.000000, 0.000000, 0.000000, 1.000000
35.4964, 34.5668, -8.7932, 219.4905, 241.4905, -34.5668, 208.8667, -33.2793, -95.6075, 9.8292, 0.964784, 0.061415, 0.255775, 0.034567, -0.033028, 0.992950, -0.113837, -0.008793, -0.260963, 0.101381, 0.960011, 0.219491, 0.000000, 0.000000, 0.000000, 1.000000, -0.260963, 0.101381, 0.960011, 0.241491, -0.964784, -0.061415, -0.255775, -0.034567, 0.033028, -0.992950, 0.113837, 0.208867, 0.000000, 0.000000, 0.000000, 1.000000, -0.999881, 0.015368, -0.001011, -0.033279, -0.001027, -0.001024, 0.999999, -0.095608, 0.015367, 0.999881, 0.001040, 0.009829, 0.000000, 0.000000, 0.000000, 1.000000
35.6528, 34.4370, -8.8085, 219.5807, 241.5807, -34.4370, 208.8820, -33.3921, -95.4615, 9.8130, 0.964481, 0.060493, 0.257133, 0.034437, -0.032969, 0.993380, -0.110042, -0.008809, -0.262088, 0.097656, 0.960090, 0.219581, 0.000000, 0.000000, 0.000000, 1.000000, -0.262088, 0.097656, 0.960090, 0.241581, -0.964481, -0.060493, -0.257133, -0.034437, 0.032969, -0.993380, 0.110042, 0.208882, 0.000000, 0.000000, 0.000000, 1.000000, -0.999883, 0.015290, 0.000614, -0.033392, 0.000539, -0.004926, 0.999988, -0.095461, 0.015293, 0.999871, 0.004917, 0.009813, 0.000000, 0.000000, 0.000000, 1.000000
35.7965, 34.2933, -8.8002, 219.5880, 241.5880, -34.2933, 208.8737, -33.4907, -95.4087, 9.8110, 0.964687, 0.060656, 0.256318, 0.034293, -0.033048, 0.993307, -0.110679, -0.008800, -0.261316, 0.098300, 0.960235, 0.219588, 0.000000, 0.000000, 0.000000, 1.000000, -0.261316, 0.098300, 0.960235, 0.241588, -0.964687, -0.060656, -0.256318, -0.034293, 0.033048, -0.993307, 0.110679, 0.208874, 0.000000, 0.000000, 0.000000, 1.000000, -0.999875, 0.015289, 0.003915, -0.033491, 0.003850, -0.004296, 0.999983, -0.095409, 0.015306, 0.999874, 0.004237, 0.009811, 0.000000, 0.000000, 0.000000, 1.000000
35.9205, 34.1565, -8.7836, 219.6036, 241.6036, -34.1565, 208.8571, -33.5605, -95.3588, 9.8185, 0.963708, 0.061113, 0.259868, 0.034157, -0.032695, 0.993135, -0.112308, -0.008784, -0.264948, 0.099736, 0.959091, 0.219604, 0.000000, 0.000000, 0.000000, 1.000000, -0.264948, 0.099736, 0.959091, 0.241604, -0.963708, -0.061113, -0.259868, -0.034157, 0.032695, -0.993135, 0.112308, 0.208857, 0.000000, 0.000000, 0.000000, 1.000000, -0.999882, 0.015218, 0.002278, -0.033560, 0.002235, -0.002814, 0.999994, -0.095359, 0.015224, 0.999880, 0.002780, 0.009818, 0.000000, 0.000000, 0.000000, 1.000000
36.0734, 34.0230, -8.7676, 219.5769, 241.5769, -34.0230, 208.8410, -33.6930, -95.3316, 9.8216, 0.963592, 0.060753, 0.260383, 0.034023, -0.032069, 0.993074, -0.113026, -0.008768, -0.265447, 0.100561, 0.958867, 0.219577, 0.000000, 0.000000, 0.000000, 1.000000, -0.265447, 0.100561, 0.958867, 0.241577, -0.963592, -0.060753, -0.260383, -0.034023, 0.032069, -0.993074, 0.113026, 0.208841, 0.000000, 0.000000, 0.000000, 1.000000, -0.999866, 0.015778, 0.004357, -0.033693, 0.004324, -0.002153, 0.999988, -0.095332, 0.015787, 0.999873, 0.002084, 0.009822, 0.000000, 0.000000, 0.000000, 1.000000
36.2549, 33.9114, -8.7763, 219.6524, 241.6524, -33.9114, 208.8498, -33.8673, -95.1810, 9.8118, 0.962630, 0.061344, 0.263781, 0.033911, -0.032264, 0.993049, -0.113195, -0.008776, -0.268891, 0.100454, 0.957918, 0.219652, 0.000000, 0.000000, 0.000000, 1.000000, -0.268891, 0.100454, 0.957918, 0.241652, -0.962630, -0.061344, -0.263781, -0.033911, 0.032264, -0.993049, 0.113195, 0.208850, 0.000000, 0.000000, 0.000000, 1.000000, -0.999877, 0.015173, 0.003993, -0.033867, 0.003961, -0.002144, 0.999990, -0.095181, 0.015181, 0.999883, 0.002083, 0.009812, 0.000000, 0.000000, 0.000000, 1.000000
36.3788, 33.7584, -8.7651, 219.6567, 241.6567, -33.7584, 208.8385, -33.9245, -95.1460, 9.8117, 0.962367, 0.060996, 0.264821, 0.033758, -0.031842, 0.993082, -0.113021, -0.008765, -0.269883, 0.100335, 0.957651, 0.219657, 0.000000, 0.000000, 0.000000, 1.000000, -0.269883, 0.100335, 0.957651, 0.241657, -0.962367, -0.060996, -0.264821, -0.033758, 0.031842, -0.993082, 0.113021, 0.208839, 0.000000, 0.000000, 0.000000, 1.000000, -0.999867, 0.015471, 0.005092, -0.033925, 0.005055, -0.002388, 0.999984, -0.095146, 0.015483, 0.999877, 0.002310, 0.009812, 0.000000, 0.000000, 0.000000, 1.000000
36.5418, 33.6403, -8.7482, 219.6450, 241.6450, -33.6403, 208.8216, -34.0844, -95.0944, 9.8182, 0.962462, 0.061556, 0.264344, 0.033640, -0.031794, 0.992807, -0.115426, -0.008748, -0.269548, 0.102688, 0.957496, 0.219645, 0.000000, 0.000000, 0.000000, 1.000000, -0.269548, 0.102688, 0.957496, 0.241645, -0.962462, -0.061556, -0.264344, -0.033640, 0.031794, -0.992807, 0.115426, 0.208822, 0.000000, 0.000000, 0.000000, 1.000000, -0.999845, 0.015570, 0.008240, -0.034084, 0.008241, 0.000000, 0.999966, -0.095094, 0.015570, 0.999879, -0.000128, 0.009818, 0.000000, 0.000000, 0.000000, 1.000000
36.6838, 33.4921, -8.7630, 219.7110, 241.7110, -33.4921, 208.8364, -34.1599, -94.9856, 9.7987, 0.961330, 0.060314, 0.268714, 0.033492, -0.031460, 0.993387, -0.110421, -0.008763, -0.273597, 0.097697, 0.956870, 0.219711, 0.000000, 0.000000, 0.000000, 1.000000, -0.273597, 0.097697, 0.956870, 0.241711, -0.961330, -0.060314, -0.268714, -0.033492, 0.031460, -0.993387, 0.110421, 0.208836, 0.000000, 0.000000, 0.000000, 1.000000, -0.999860, 0.015383, 0.006583, -0.034160, 0.006503, -0.005211, 0.999965, -0.094986, 0.015417, 0.999868, 0.005111, 0.009799, 0.000000, 0.000000, 0.000000, 1.000000
36.8438, 33.3441, -8.7666, 219.7437, 241.7437, -33.3441, 208.8400, -34.2741, -94.8993, 9.7871, 0.960433, 0.060374, 0.271889, 0.033344, -0.031304, 0.993437, -0.110017, -0.008767, -0.276747, 0.097153, 0.956019, 0.219744, 0.000000, 0.000000, 0.000000, 1.000000, -0.276747, 0.097153, 0.956019, 0.241744, -0.960433, -0.060374, -0.271889, -0.033344, 0.031304, -0.993437, 0.110017, 0.208840, 0.000000, 0.000000, 0.000000, 1.000000, -0.999866, 0.015158, 0.006110, -0.034274, 0.006023, -0.005763, 0.999965, -0.094899, 0.015193, 0.999869, 0.005670, 0.009787, 0.000000, 0.000000, 0.000000, 1.000000
36.9787, 33.2520, -8.7619, 219.8375, 241.8375, -33.2520, 208.8354, -34.3822, -94.7553, 9.7938, 0.961324, 0.059882, 0.268831, 0.033252, -0.031326, 0.993517, -0.109284, -0.008762, -0.273633, 0.096636, 0.956967, 0.219837, 0.000000, 0.000000, 0.000000, 1.000000, -0.273633, 0.096636, 0.956967, 0.241837, -0.961324, -0.059882, -0.268831, -0.033252, 0.031326, -0.993517, 0.109284, 0.208835, 0.000000, 0.000000, 0.000000, 1.000000, -0.999812, 0.015472, 0.011696, -0.034382, 0.011598, -0.006437, 0.999912, -0.094755, 0.015545, 0.999860, 0.006257, 0.009794, 0.000000, 0.000000, 0.000000, 1.000000
37.1522, 33.0867, -8.7230, 219.8175, 241.8175, -33.0867, 208.7964, -34.5151, -94.7208, 9.8179, 0.960305, 0.061068, 0.272185, 0.033087, -0.030737, 0.992966, -0.114343, -0.008723, -0.277253, 0.101438, 0.955427, 0.219818, 0.000000, 0.000000, 0.000000, 1.000000, -0.277253, 0.101438, 0.955427, 0.241818, -0.960305, -0.061068, -0.272185, -0.033087, 0.030737, -0.992966, 0.114343, 0.208796, 0.000000, 0.000000, 0.000000, 1.000000, -0.999818, 0.015681, 0.010846, -0.034515, 0.010824, -0.001513, 0.999940, -0.094721, 0.015696, 0.999876, 0.001343, 0.009818, 0.000000, 0.000000, 0.000000, 1.000000
37.3153, 32.9497, -8.7400, 219.8305, 241.8305, -32.9497, 208.8135, -34.6506, -94.6470, 9.7917, 0.959441, 0.060276, 0.275390, 0.032950, -0.030713, 0.993409, -0.110431, -0.008740, -0.280231, 0.097494, 0.954969, 0.219830, 0.000000, 0.000000, 0.000000, 1.000000, -0.280231, 0.097494, 0.954969, 0.241830, -0.959441, -0.060276, -0.275390, -0.032950, 0.030713, -0.993409, 0.110431, 0.208813, 0.000000, 0.000000, 0.000000, 1.000000, -0.999826, 0.015302, 0.010670, -0.034651, 0.010586, -0.005587, 0.999928, -0.094647, 0.015361, 0.999867, 0.005424, 0.009792, 0.000000, 0.000000, 0.000000, 1.000000
37.4440, 32.8323, -8.7085, 219.8403, 241.8403, -32.8323, 208.7820, -34.7468, -94.5970, 9.8150, 0.959394, 0.061381, 0.275310, 0.032832, -0.030383, 0.992845, -0.115480, -0.008709, -0.280428, 0.102426, 0.954394, 0.219840, 0.000000, 0.000000, 0.000000, 1.000000, -0.280428, 0.102426, 0.954394, 0.241840, -0.959394, -0.061381, -0.275310, -0.032832, 0.030383, -0.992845, 0.115480, 0.208782, 0.000000, 0.000000, 0.000000, 1.000000, -0.999798, 0.015660, 0.012600, -0.034747, 0.012593, -0.000549, 0.999921, -0.094597, 0.015665, 0.999877, 0.000352, 0.009815, 0.000000, 0.000000, 0.000000, 1.000000
37.6049, 32.7048, -8.7196, 219.9319, 241.9319, -32.7048, 208.7931, -34.8639, -94.4478, 9.8033, 0.958752, 0.060550, 0.277718, 0.032705, -0.029991, 0.993143, -0.112997, -0.008720, -0.282656, 0.100007, 0.953994, 0.219932, 0.000000, 0.000000, 0.000000, 1.000000, -0.282656, 0.100007, 0.953994, 0.241932, -0.958752, -0.060550, -0.277718, -0.032705, 0.029991, -0.993143, 0.112997, 0.208793, 0.000000, 0.000000, 0.000000, 1.000000, -0.999790, 0.015746, 0.013100, -0.034864, 0.013052, -0.003166, 0.999910, -0.094448, 0.015786, 0.999871, 0.002960, 0.009803, 0.000000, 0.000000, 0.000000, 1.000000
37.7389, 32.5760, -8.7103, 219.9442, 241.9442, -32.5760, 208.7838, -34.9579, -94.3930, 9.8038, 0.959006, 0.060923, 0.276760, 0.032576, -0.029818, 0.992890, -0.115243, -0.008710, -0.281813, 0.102266, 0.954004, 0.219944, 0.000000, 0.000000, 0.000000, 1.000000, -0.281813, 0.102266, 0.954004, 0.241944, -0.959006, -0.060923, -0.276760, -0.032576, 0.029818, -0.992890, 0.115243, 0.208784, 0.000000, 0.000000, 0.000000, 1.000000, -0.999739, 0.016047, 0.016257, -0.034958, 0.016245, -0.000921, 0.999868, -0.094393, 0.016060, 0.999871, 0.000660, 0.009804, 0.000000, 0.000000, 0.000000, 1.000000
37.8923, 32.4493, -8.7125, 220.0302, 242.0302, -32.4493, 208.7859, -35.0640, -94.2546, 9.8005, 0.957877, 0.060843, 0.280660, 0.032449, -0.029434, 0.992952, -0.114803, -0.008712, -0.285667, 0.101706, 0.952917, 0.220030, 0.000000, 0.000000, 0.000000, 1.000000, -0.285667, 0.101706, 0.952917, 0.242030, -0.957877, -0.060843, -0.280660, -0.032449, 0.029434, -0.992952, 0.114803, 0.208786, 0.000000, 0.000000, 0.000000, 1.000000, -0.999762, 0.015955, 0.014911, -0.035064, 0.014888, -0.001526, 0.999888, -0.094255, 0.015976, 0.999872, 0.001288, 0.009800, 0.000000, 0.000000, 0.000000, 1.000000
38.0465, 32.3221, -8.7051, 220.0249, 242.0249, -32.3221, 208.7786, -35.1977, -94.2036, 9.7975, 0.957988, 0.060179, 0.280422, 0.032322, -0.029002, 0.993053, -0.114034, -0.008705, -0.285337, 0.101110, 0.953079, 0.220025, 0.000000, 0.000000, 0.000000, 1.000000, -0.285337, 0.101110, 0.953079, 0.242025, -0.957988, -0.060179, -0.280422, -0.032322, 0.029002, -0.993053, 0.114034, 0.208779, 0.000000, 0.000000, 0.000000, 1.000000, -0.999705, 0.016406, 0.017911, -0.035198, 0.017875, -0.002342, 0.999837, -0.094204, 0.016445, 0.999863, 0.002048, 0.009798, 0.000000, 0.000000, 0.000000, 1.000000
38.1907, 32.1886, -8.7071, 220.0677, 242.0677, -32.1886, 208.7805, -35.2946, -94.1139, 9.7896, 0.956685, 0.060438, 0.284782, 0.032189, -0.028904, 0.993099, -0.113661, -0.008707, -0.289686, 0.100506, 0.951830, 0.220068, 0.000000, 0.000000, 0.000000, 1.000000, -0.289686, 0.100506, 0.951830, 0.242068, -0.956685, -0.060438, -0.284782, -0.032189, 0.028904, -0.993099, 0.113661, 0.208781, 0.000000, 0.000000, 0.000000, 1.000000, -0.999746, 0.015971, 0.015914, -0.035295, 0.015870, -0.002883, 0.999870, -0.094114, 0.016014, 0.999868, 0.002629, 0.009790, 0.000000, 0.000000, 0.000000, 1.000000
38.3432, 32.0345, -8.6827, 220.0967, 242.0967, -32.0345, 208.7561, -35.3886, -94.0418, 9.8048, 0.956891, 0.061050, 0.283959, 0.032034, -0.028750, 0.992767, -0.116561, -0.008683, -0.289021, 0.103373, 0.951725, 0.220097, 0.000000, 0.000000, 0.000000, 1.000000, -0.289021, 0.103373, 0.951725, 0.242097, -0.956891, -0.061050, -0.283959, -0.032034, 0.028750, -0.992767, 0.116561, 0.208756, 0.000000, 0.000000, 0.000000, 1.000000, -0.999684, 0.016253, 0.019201, -0.035389, 0.019204, 0.000010, 0.999816, -0.094042, 0.016249, 0.999868, -0.000322, 0.009805, 0.000000, 0.000000, 0.000000, 1.000000
38.5036, 31.9055, -8.6734, 220.1094, 242.1094, -31.9055, 208.7468, -35.5250, -93.9707, 9.8054, 0.956158, 0.060827, 0.286464, 0.031906, -0.028393, 0.992838, -0.116046, -0.008673, -0.291471, 0.102825, 0.951037, 0.220109, 0.000000, 0.000000, 0.000000, 1.000000, -0.291471, 0.102825, 0.951037, 0.242109, -0.956158, -0.060827, -0.286464, -0.031906, 0.028393, -0.992838, 0.116046, 0.208747, 0.000000, 0.000000, 0.000000, 1.000000, -0.999678, 0.016297, 0.019429, -0.035525, 0.019422, -0.000630, 0.999811, -0.093971, 0.016306, 0.999867, 0.000313, 0.009805, 0.000000, 0.000000, 0.000000, 1.000000
38.6556, 31.7670, -8.6787, 220.1659, 242.1659, -31.7670, 208.7521, -35.6253, -93.8648, 9.7951, 0.955766, 0.060693, 0.287797, 0.031767, -0.028499, 0.992984, -0.114767, -0.008679, -0.292743, 0.101488, 0.950790, 0.220166, 0.000000, 0.000000, 0.000000, 1.000000, -0.292743, 0.101488, 0.950790, 0.242166, -0.955766, -0.060693, -0.287797, -0.031767, 0.028499, -0.992984, 0.114767, 0.208752, 0.000000, 0.000000, 0.000000, 1.000000, -0.999656, 0.016008, 0.020795, -0.035625, 0.020765, -0.001994, 0.999782, -0.093865, 0.016046, 0.999870, 0.001660, 0.009795, 0.000000, 0.000000, 0.000000, 1.000000
38.7918, 31.6417, -8.6821, 220.2507, 242.2507, -31.6417, 208.7555, -35.7030, -93.7381, 9.7905, 0.954439, 0.060551, 0.292200, 0.031642, -0.028340, 0.993164, -0.113237, -0.008682, -0.297059, 0.099797, 0.949630, 0.220251, 0.000000, 0.000000, 0.000000, 1.000000, -0.297059, 0.099797, 0.949630, 0.242251, -0.954439, -0.060551, -0.292200, -0.031642, 0.028340, -0.993164, 0.113237, 0.208756, 0.000000, 0.000000, 0.000000, 1.000000, -0.999703, 0.015611, 0.018695, -0.035703, 0.018640, -0.003693, 0.999819, -0.093738, 0.015678, 0.999871, 0.003400, 0.009791, 0.000000, 0.000000, 0.000000, 1.000000
38.9527, 31.5354, -8.6672, 220.2858, 242.2858, -31.5354, 208.7407, -35.8535, -93.6394, 9.8006, 0.954951, 0.060768, 0.290477, 0.031535, -0.028291, 0.992994, -0.114729, -0.008667, -0.295413, 0.101342, 0.949979, 0.220286, 0.000000, 0.000000, 0.000000, 1.000000, -0.295413, 0.101342, 0.949979, 0.242286, -0.954951, -0.060768, -0.290477, -0.031535, 0.028291, -0.992994, 0.114729, 0.208741, 0.000000, 0.000000, 0.000000, 1.000000, -0.999605, 0.015881, 0.023183, -0.035853, 0.023151, -0.002192, 0.999730, -0.093639, 0.015927, 0.999871, 0.001823, 0.009801, 0.000000, 0.000000, 0.000000, 1.000000
39.1003, 31.3791, -8.6626, 220.3167, 242.3167, -31.3791, 208.7360, -35.9367, -93.5674, 9.7963, 0.953952, 0.060715, 0.293751, 0.031379, -0.027973, 0.993040, -0.114411, -0.008663, -0.298653, 0.100925, 0.949010, 0.220317, 0.000000, 0.000000, 0.000000, 1.000000, -0.298653, 0.100925, 0.949010, 0.242317, -0.953952, -0.060715, -0.293751, -0.031379, 0.027973, -0.993040, 0.114411, 0.208736, 0.000000, 0.000000, 0.000000, 1.000000, -0.999625, 0.015793, 0.022363, -0.035937, 0.022324, -0.002648, 0.999747, -0.093567, 0.015848, 0.999872, 0.002294, 0.009796, 0.000000, 0.000000, 0.000000, 1.000000
39.2476, 31.2507, -8.6728, 220.3909, 242.3909, -31.2507, 208.7463, -36.0320, -93.4444, 9.7836, 0.952528, 0.060388, 0.298403, 0.031251, -0.027715, 0.993261, -0.112540, -0.008673, -0.303188, 0.098927, 0.947782, 0.220391, 0.000000, 0.000000, 0.000000, 1.000000, -0.303188, 0.098927, 0.947782, 0.242391, -0.952528, -0.060388, -0.298403, -0.031251, 0.027715, -0.993261, 0.112540, 0.208746, 0.000000, 0.000000, 0.000000, 1.000000, -0.999676, 0.015457, 0.020214, -0.036032, 0.020143, -0.004698, 0.999786, -0.093444, 0.015549, 0.999869, 0.004385, 0.009784, 0.000000, 0.000000, 0.000000, 1.000000
39.4167, 31.1278, -8.6698, 220.3907, 242.3907, -31.1278, 208.7433, -36.1917, -93.3775, 9.7771, 0.953041, 0.060356, 0.296764, 0.031128, -0.027742, 0.993218, -0.112910, -0.008670, -0.301566, 0.099375, 0.948252, 0.220391, 0.000000, 0.000000, 0.000000, 1.000000, -0.301566, 0.099375, 0.948252, 0.242391, -0.953041, -0.060356, -0.296764, -0.031128, 0.027742, -0.993218, 0.112910, 0.208743, 0.000000, 0.000000, 0.000000, 1.000000, -0.999569, 0.015618, 0.024852, -0.036192, 0.024787, -0.004328, 0.999683, -0.093377, 0.015721, 0.999869, 0.003939, 0.009777, 0.000000, 0.000000, 0.000000, 1.000000
39.5503, 30.9868, -8.6724, 220.4568, 242.4568, -30.9868, 208.7459, -36.2546, -93.2758, 9.7703, 0.951643, 0.059762, 0.301337, 0.030987, -0.027363, 0.993486, -0.110617, -0.008672, -0.305985, 0.097022, 0.947080, 0.220457, 0.000000, 0.000000, 0.000000, 1.000000, -0.305985, 0.097022, 0.947080, 0.242457, -0.951643, -0.059762, -0.301337, -0.030987, 0.027363, -0.993486, 0.110617, 0.208746, 0.000000, 0.000000, 0.000000, 1.000000, -0.999626, 0.015406, 0.022574, -0.036255, 0.022472, -0.006798, 0.999724, -0.093276, 0.015555, 0.999858, 0.006449, 0.009770, 0.000000, 0.000000, 0.000000, 1.000000
39.6967, 30.8371, -8.6533, 220.4705, 242.4705, -30.8371, 208.7267, -36.3463, -93.2210, 9.7791, 0.951492, 0.060359, 0.301696, 0.030837, -0.027230, 0.993241, -0.112834, -0.008653, -0.306468, 0.099146, 0.946704, 0.220470, 0.000000, 0.000000, 0.000000, 1.000000, -0.306468, 0.099146, 0.946704, 0.242470, -0.951492, -0.060359, -0.301696, -0.030837, 0.027230, -0.993241, 0.112834, 0.208727, 0.000000, 0.000000, 0.000000, 1.000000, -0.999577, 0.015519, 0.024576, -0.036346, 0.024507, -0.004621, 0.999689, -0.093221, 0.015628, 0.999869, 0.004239, 0.009779, 0.000000, 0.000000, 0.000000, 1.000000
39.8571, 30.7229, -8.6511, 220.5199, 242.5199, -30.7229, 208.7245, -36.4831, -93.1102, 9.7775, 0.950900, 0.060438, 0.303541, 0.030723, -0.026857, 0.993162, -0.113613, -0.008651, -0.308332, 0.099882, 0.946021, 0.220520, 0.000000, 0.000000, 0.000000, 1.000000, -0.308332, 0.099882, 0.946021, 0.242520, -0.950900, -0.060438, -0.303541, -0.030723, 0.026857, -0.993162, 0.113613, 0.208725, 0.000000, 0.000000, 0.000000, 1.000000, -0.999555, 0.015675, 0.025379, -0.036483, 0.025320, -0.003939, 0.999672, -0.093110, 0.015769, 0.999869, 0.003541, 0.009777, 0.000000, 0.000000, 0.000000, 1.000000
40.0017, 30.5726, -8.6468, 220.5800, 242.5800, -30.5726, 208.7202, -36.5561, -93.0116, 9.7762, 0.950149, 0.060243, 0.305922, 0.030573, -0.026652, 0.993258, -0.112817, -0.008647, -0.310656, 0.099040, 0.945349, 0.220580, 0.000000, 0.000000, 0.000000, 1.000000, -0.310656, 0.099040, 0.945349, 0.242580, -0.950149, -0.060243, -0.305922, -0.030573, 0.026652, -0.993258, 0.112817, 0.208720, 0.000000, 0.000000, 0.000000, 1.000000, -0.999554, 0.015568, 0.025466, -0.036556, 0.025394, -0.004843, 0.999666, -0.093012, 0.015687, 0.999867, 0.004446, 0.009776, 0.000000, 0.000000, 0.000000, 1.000000
40.2354, 30.4146, -8.6348, 220.5360, 242.5360, -30.4146, 208.7082, -36.8013, -92.9570, 9.7716, 0.948064, 0.060482, 0.312275, 0.030415, -0.025950, 0.993190, -0.113577, -0.008635, -0.317018, 0.099575, 0.943178, 0.220536, 0.000000, 0.000000, 0.000000, 1.000000, -0.317018, 0.099575, 0.943178, 0.242536, -0.948064, -0.060482, -0.312275, -0.030415, 0.025950, -0.993190, 0.113577, 0.208708, 0.000000, 0.000000, 0.000000, 1.000000, -0.999620, 0.015503, 0.022808, -0.036801, 0.022743, -0.004319, 0.999732, -0.092957, 0.015598, 0.999870, 0.003965, 0.009772, 0.000000, 0.000000, 0.000000, 1.000000
40.3405, 30.3143, -8.6327, 220.6167, 242.6167, -30.3143, 208.7062, -36.8498, -92.8478, 9.7739, 0.949337, 0.060675, 0.308348, 0.030314, -0.025706, 0.992889, -0.116232, -0.008633, -0.313208, 0.102417, 0.944146, 0.220617, 0.000000, 0.000000, 0.000000, 1.000000, -0.313208, 0.102417, 0.944146, 0.242617, -0.949337, -0.060675, -0.308348, -0.030314, 0.025706, -0.992889, 0.116232, 0.208706, 0.000000, 0.000000, 0.000000, 1.000000, -0.999460, 0.016274, 0.028556, -0.036850, 0.028534, -0.001590, 0.999592, -0.092848, 0.016313, 0.999866, 0.001125, 0.009774, 0.000000, 0.000000, 0.000000, 1.000000
40.4464, 30.1727, -8.6459, 220.6750, 242.6750, -30.1727, 208.7193, -36.8690, -92.7711, 9.7558, 0.947899, 0.060304, 0.312811, 0.030173, -0.025594, 0.993162, -0.113903, -0.008646, -0.317541, 0.099963, 0.942961, 0.220675, 0.000000, 0.000000, 0.000000, 1.000000, -0.317541, 0.099963, 0.942961, 0.242675, -0.947899, -0.060304, -0.312811, -0.030173, 0.025594, -0.993162, 0.113903, 0.208719, 0.000000, 0.000000, 0.000000, 1.000000, -0.999540, 0.015787, 0.025898, -0.036869, 0.025837, -0.004070, 0.999658, -0.092771, 0.015887, 0.999867, 0.003660, 0.009756, 0.000000, 0.000000, 0.000000, 1.000000
40.5743, 30.0441, -8.6332, 220.6914, 242.6914, -30.0441, 208.7066, -36.9492, -92.7185, 9.7602, 0.946585, 0.060622, 0.316705, 0.030044, -0.025073, 0.993033, -0.115142, -0.008633, -0.321479, 0.101051, 0.941509, 0.220691, 0.000000, 0.000000, 0.000000, 1.000000, -0.321479, 0.101051, 0.941509, 0.242691, -0.946585, -0.060622, -0.316705, -0.030044, 0.025073, -0.993033, 0.115142, 0.208707, 0.000000, 0.000000, 0.000000, 1.000000, -0.999588, 0.015850, 0.023929, -0.036949, 0.023885, -0.002966, 0.999710, -0.092718, 0.015916, 0.999870, 0.002587, 0.009760, 0.000000, 0.000000, 0.000000, 1.000000
40.7355, 29.9254, -8.6353, 220.7541, 242.7541, -29.9254, 208.7087, -37.0771, -92.5959, 9.7552, 0.946993, 0.060269, 0.315550, 0.029925, -0.025144, 0.993136, -0.114228, -0.008635, -0.320268, 0.100239, 0.942009, 0.220754, 0.000000, 0.000000, 0.000000, 1.000000, -0.320268, 0.100239, 0.942009, 0.242754, -0.946993, -0.060269, -0.315550, -0.029925, 0.025144, -0.993136, 0.114228, 0.208709, 0.000000, 0.000000, 0.000000, 1.000000, -0.999481, 0.015893, 0.028034, -0.037077, 0.027975, -0.003901, 0.999601, -0.092596, 0.015996, 0.999866, 0.003455, 0.009755, 0.000000, 0.000000, 0.000000, 1.000000
40.8801, 29.7782, -8.6411, 220.8062, 242.8062, -29.7782, 208.7145, -37.1548, -92.5035, 9.7433, 0.945303, 0.059788, 0.320667, 0.029778, -0.024795, 0.993385, -0.112123, -0.008641, -0.325249, 0.098040, 0.940532, 0.220806, 0.000000, 0.000000, 0.000000, 1.000000, -0.325249, 0.098040, 0.940532, 0.242806, -0.945303, -0.059788, -0.320667, -0.029778, 0.024795, -0.993385, 0.112123, 0.208715, 0.000000, 0.000000, 0.000000, 1.000000, -0.999558, 0.015572, 0.025329, -0.037155, 0.025235, -0.006184, 0.999662, -0.092504, 0.015724, 0.999860, 0.005789, 0.009743, 0.000000, 0.000000, 0.000000, 1.000000
41.0484, 29.6467, -8.6296, 220.8682, 242.8682, -29.6467, 208.7031, -37.2812, -92.3832, 9.7507, 0.945846, 0.060270, 0.318973, 0.029647, -0.024944, 0.993202, -0.113700, -0.008630, -0.323657, 0.099587, 0.940919, 0.220868, 0.000000, 0.000000, 0.000000, 1.000000, -0.323657, 0.099587, 0.940919, 0.242868, -0.945846, -0.060270, -0.318973, -0.029647, 0.024944, -0.993202, 0.113700, 0.208703, 0.000000, 0.000000, 0.000000, 1.000000, -0.999430, 0.015643, 0.029927, -0.037281, 0.029858, -0.004602, 0.999544, -0.092383, 0.015774, 0.999867, 0.004133, 0.009751, 0.000000, 0.000000, 0.000000, 1.000000
41.2071, 29.5070, -8.6216, 220.8543, 242.8543, -29.5070, 208.6951, -37.4110, -92.3424, 9.7465, 0.944144, 0.060056, 0.324014, 0.029507, -0.024437, 0.993306, -0.112901, -0.008622, -0.328626, 0.098677, 0.939291, 0.220854, 0.000000, 0.000000, 0.000000, 1.000000, -0.328626, 0.098677, 0.939291, 0.242854, -0.944144, -0.060056, -0.324014, -0.029507, 0.024437, -0.993306, 0.112901, 0.208695, 0.000000, 0.000000, 0.000000, 1.000000, -0.999503, 0.015511, 0.027437, -0.037411, 0.027353, -0.005578, 0.999610, -0.092342, 0.015658, 0.999864, 0.005151, 0.009747, 0.000000, 0.000000, 0.000000, 1.000000
41.3503, 29.3664, -8.6213, 220.9371, 242.9371, -29.3664, 208.6947, -37.4809, -92.2212, 9.7443, 0.943266, 0.060040, 0.326566, 0.029366, -0.024213, 0.993335, -0.112691, -0.008621, -0.331155, 0.098391, 0.938432, 0.220937, 0.000000, 0.000000, 0.000000, 1.000000, -0.331155, 0.098391, 0.938432, 0.242937, -0.943266, -0.060040, -0.326566, -0.029366, 0.024213, -0.993335, 0.112691, 0.208695, 0.000000, 0.000000, 0.000000, 1.000000, -0.999510, 0.015410, 0.027256, -0.037481, 0.027168, -0.005891, 0.999614, -0.092221, 0.015564, 0.999864, 0.005470, 0.009744, 0.000000, 0.000000, 0.000000, 1.000000
41.4879, 29.2413, -8.6283, 220.9684, 242.9684, -29.2413, 208.7018, -37.5746, -92.1453, 9.7308, 0.942630, 0.060123, 0.328382, 0.029241, -0.024055, 0.993325, -0.112816, -0.008628, -0.332973, 0.098445, 0.937783, 0.220968, 0.000000, 0.000000, 0.000000, 1.000000, -0.332973, 0.098445, 0.937783, 0.242968, -0.942630, -0.060123, -0.328382, -0.029241, 0.024055, -0.993325, 0.112816, 0.208702, 0.000000, 0.000000, 0.000000, 1.000000, -0.999498, 0.015337, 0.027724, -0.037575, 0.027637, -0.005848, 0.999601, -0.092145, 0.015493, 0.999865, 0.005421, 0.009731, 0.000000, 0.000000, 0.000000, 1.000000
41.6580, 29.1326, -8.6287, 221.0523, 243.0523, -29.1326, 208.7021, -37.7163, -91.9943, 9.7304, 0.942647, 0.059591, 0.328429, 0.029133, -0.023902, 0.993460, -0.111653, -0.008629, -0.332934, 0.097399, 0.937906, 0.221052, 0.000000, 0.000000, 0.000000, 1.000000, -0.332934, 0.097399, 0.937906, 0.243052, -0.942647, -0.059591, -0.328429, -0.029133, 0.023902, -0.993460, 0.111653, 0.208702, 0.000000, 0.000000, 0.000000, 1.000000, -0.999408, 0.015440, 0.030734, -0.037716, 0.030627, -0.007068, 0.999506, -0.091994, 0.015650, 0.999856, 0.006591, 0.009730, 0.000000, 0.000000, 0.000000, 1.000000
41.7911, 28.9732, -8.6208, 221.0752, 243.0752, -28.9732, 208.6943, -37.7730, -91.9434, 9.7283, 0.941820, 0.060241, 0.330674, 0.028973, -0.023543, 0.993215, -0.113887, -0.008621, -0.335291, 0.099476, 0.936848, 0.221075, 0.000000, 0.000000, 0.000000, 1.000000, -0.335291, 0.099476, 0.936848, 0.243075, -0.941820, -0.060241, -0.330674, -0.028973, 0.023543, -0.993215, 0.113887, 0.208694, 0.000000, 0.000000, 0.000000, 1.000000, -0.999413, 0.015569, 0.030502, -0.037773, 0.030429, -0.004919, 0.999525, -0.091943, 0.015712, 0.999867, 0.004442, 0.009728, 0.000000, 0.000000, 0.000000, 1.000000
41.9827, 28.8466, -8.6214, 221.0963, 243.0963, -28.8466, 208.6949, -37.9550, -91.8428, 9.7201, 0.940298, 0.059917, 0.335038, 0.028847, -0.023328, 0.993413, -0.112187, -0.008621, -0.339553, 0.097673, 0.935502, 0.221096, 0.000000, 0.000000, 0.000000, 1.000000, -0.339553, 0.097673, 0.935502, 0.243096, -0.940298, -0.059917, -0.335038, -0.028847, 0.023328, -0.993413, 0.112187, 0.208695, 0.000000, 0.000000, 0.000000, 1.000000, -0.999454, 0.015197, 0.029354, -0.037955, 0.029254, -0.006779, 0.999549, -0.091843, 0.015389, 0.999862, 0.006330, 0.009720, 0.000000, 0.000000, 0.000000, 1.000000
42.1053, 28.7218, -8.6108, 221.1582, 243.1582, -28.7218, 208.6842, -38.0123, -91.7509, 9.7271, 0.940294, 0.059859, 0.335059, 0.028722, -0.022924, 0.993316, -0.113127, -0.008611, -0.339591, 0.098692, 0.935381, 0.221158, 0.000000, 0.000000, 0.000000, 1.000000, -0.339591, 0.098692, 0.935381, 0.243158, -0.940294, -0.059859, -0.335059, -0.028722, 0.022924, -0.993316, 0.113127, 0.208684, 0.000000, 0.000000, 0.000000, 1.000000, -0.999385, 0.015610, 0.031396, -0.038012, 0.031308, -0.005879, 0.999493, -0.091751, 0.015786, 0.999861, 0.005387, 0.009727, 0.000000, 0.000000, 0.000000, 1.000000
42.2587, 28.5928, -8.6166, 221.1718, 243.1718, -28.5928, 208.6901, -38.1333, -91.6829, 9.7128, 0.939057, 0.060077, 0.338470, 0.028593, -0.022835, 0.993337, -0.112958, -0.008617, -0.343001, 0.098345, 0.934173, 0.221172, 0.000000, 0.000000, 0.000000, 1.000000, -0.343001, 0.098345, 0.934173, 0.243172, -0.939057, -0.060077, -0.338470, -0.028593, 0.022835, -0.993337, 0.112958, 0.208690, 0.000000, 0.000000, 0.000000, 1.000000, -0.999419, 0.015264, 0.030464, -0.038133, 0.030372, -0.006164, 0.999520, -0.091683, 0.015444, 0.999865, 0.005697, 0.009713, 0.000000, 0.000000, 0.000000, 1.000000
42.3967, 28.4688, -8.6179, 221.2804, 243.2804, -28.4688, 208.6914, -38.1984, -91.5362, 9.7127, 0.939309, 0.059177, 0.337931, 0.028469, -0.022235, 0.993441, -0.112162, -0.008618, -0.342351, 0.097841, 0.934464, 0.221280, 0.000000, 0.000000, 0.000000, 1.000000, -0.342351, 0.097841, 0.934464, 0.243280, -0.939309, -0.059177, -0.337931, -0.028469, 0.022235, -0.993441, 0.112162, 0.208691, 0.000000, 0.000000, 0.000000, 1.000000, -0.999312, 0.015897, 0.033507, -0.038198, 0.033399, -0.007010, 0.999418, -0.091536, 0.016122, 0.999849, 0.006474, 0.009713, 0.000000, 0.000000, 0.000000, 1.000000
42.5571, 28.3207, -8.6173, 221.2912, 243.2912, -28.3207, 208.6907, -38.3133, -91.4740, 9.7031, 0.938049, 0.059282, 0.341394, 0.028321, -0.022166, 0.993504, -0.111614, -0.008617, -0.345793, 0.097132, 0.933270, 0.221291, 0.000000, 0.000000, 0.000000, 1.000000, -0.345793, 0.097132, 0.933270, 0.243291, -0.938049, -0.059282, -0.341394, -0.028321, 0.022166, -0.993504, 0.111614, 0.208691, 0.000000, 0.000000, 0.000000, 1.000000, -0.999346, 0.015514, 0.032668, -0.038313, 0.032552, -0.007676, 0.999441, -0.091474, 0.015756, 0.999850, 0.007165, 0.009703, 0.000000, 0.000000, 0.000000, 1.000000
42.7131, 28.1668, -8.5917, 221.3102, 243.3102, -28.1668, 208.6652, -38.4119, -91.4125, 9.7185, 0.936114, 0.059921, 0.346555, 0.028167, -0.021348, 0.993243, -0.114069, -0.008592, -0.351049, 0.099383, 0.931068, 0.221310, 0.000000, 0.000000, 0.000000, 1.000000, -0.351049, 0.099383, 0.931068, 0.243310, -0.936114, -0.059921, -0.346555, -0.028167, 0.021348, -0.993243, 0.114069, 0.208665, 0.000000, 0.000000, 0.000000, 1.000000, -0.999435, 0.015750, 0.029698, -0.038412, 0.029617, -0.005377, 0.999547, -0.091412, 0.015903, 0.999862, 0.004908, 0.009719, 0.000000, 0.000000, 0.000000, 1.000000
42.8704, 28.0266, -8.5976, 221.3313, 243.3313, -28.0266, 208.6710, -38.5255, -91.3393, 9.7041, 0.935706, 0.059945, 0.347651, 0.028027, -0.021446, 0.993301, -0.113551, -0.008598, -0.352128, 0.098794, 0.930723, 0.221331, 0.000000, 0.000000, 0.000000, 1.000000, -0.352128, 0.098794, 0.930723, 0.243331, -0.935706, -0.059945, -0.347651, -0.028027, 0.021446, -0.993301, 0.113551, 0.208671, 0.000000, 0.000000, 0.000000, 1.000000, -0.999389, 0.015490, 0.031317, -0.038525, 0.031228, -0.005959, 0.999495, -0.091339, 0.015668, 0.999862, 0.005472, 0.009704, 0.000000, 0.000000, 0.000000, 1.000000
42.9930, 27.8971, -8.5864, 221.3482, 243.3482, -27.8971, 208.6599, -38.5945, -91.2915, 9.7069, 0.934201, 0.059466, 0.351755, 0.027897, -0.020821, 0.993417, -0.112646, -0.008586, -0.356138, 0.097910, 0.929290, 0.221348, 0.000000, 0.000000, 0.000000, 1.000000, -0.356138, 0.097910, 0.929290, 0.243348, -0.934201, -0.059466, -0.351755, -0.027897, 0.020821, -0.993417, 0.112646, 0.208660, 0.000000, 0.000000, 0.000000, 1.000000, -0.999454, 0.015582, 0.029148, -0.038595, 0.029042, -0.006999, 0.999554, -0.091291, 0.015779, 0.999854, 0.006543, 0.009707, 0.000000, 0.000000, 0.000000, 1.000000
43.1622, 27.7629, -8.5740, 221.4374, 243.4374, -27.7629, 208.6475, -38.7053, -91.1480, 9.7177, 0.934640, 0.059662, 0.350554, 0.027763, -0.020885, 0.993333, -0.113376, -0.008574, -0.354981, 0.098645, 0.929655, 0.221437, 0.000000, 0.000000, 0.000000, 1.000000, -0.354981, 0.098645, 0.929655, 0.243437, -0.934640, -0.059662, -0.350554, -0.027763, 0.020885, -0.993333, 0.113376, 0.208647, 0.000000, 0.000000, 0.000000, 1.000000, -0.999322, 0.015663, 0.033323, -0.038705, 0.033228, -0.006287, 0.999428, -0.091148, 0.015863, 0.999858, 0.005762, 0.009718, 0.000000, 0.000000, 0.000000, 1.000000
43.4597, 27.6349, -8.5812, 221.4890, 243.4890, -27.6349, 208.6547, -39.0403, -90.9471, 9.7059, 0.933263, 0.059708, 0.354197, 0.027635, -0.020896, 0.993442, -0.112409, -0.008581, -0.358586, 0.097505, 0.928390, 0.221489, 0.000000, 0.000000, 0.000000, 1.000000, -0.358586, 0.097505, 0.928390, 0.243489, -0.933263, -0.059708, -0.354197, -0.027635, 0.020896, -0.993442, 0.112409, 0.208655, 0.000000, 0.000000, 0.000000, 1.000000, -0.999283, 0.015144, 0.034698, -0.039040, 0.034589, -0.007406, 0.999374, -0.090947, 0.015392, 0.999858, 0.006876, 0.009706, 0.000000, 0.000000, 0.000000, 1.000000
43.5841, 27.5278, -8.5852, 221.5334, 243.5334, -27.5278, 208.6587, -39.1220, -90.8626, 9.6981, 0.932271, 0.059298, 0.356869, 0.027528, -0.020388, 0.993519, -0.111824, -0.008585, -0.361187, 0.096975, 0.927437, 0.221533, 0.000000, 0.000000, 0.000000, 1.000000, -0.361187, 0.096975, 0.927437, 0.243533, -0.932271, -0.059298, -0.356869, -0.027528, 0.020388, -0.993519, 0.111824, 0.208659, 0.000000, 0.000000, 0.000000, 1.000000, -0.999303, 0.015298, 0.034056, -0.039122, 0.033935, -0.008092, 0.999391, -0.090863, 0.015565, 0.999850, 0.007567, 0.009698, 0.000000, 0.000000, 0.000000, 1.000000
43.6865, 27.3946, -8.5798, 221.6297, 243.6297, -27.3946, 208.6533, -39.1238, -90.7571, 9.7027, 0.931886, 0.059585, 0.357825, 0.027395, -0.020455, 0.993479, -0.112163, -0.008580, -0.362175, 0.097204, 0.927028, 0.221630, 0.000000, 0.000000, 0.000000, 1.000000, -0.362175, 0.097204, 0.927028, 0.243630, -0.931886, -0.059585, -0.357825, -0.027395, 0.020455, -0.993479, 0.112163, 0.208653, 0.000000, 0.000000, 0.000000, 1.000000, -0.999280, 0.015109, 0.034792, -0.039124, 0.034677, -0.007793, 0.999368, -0.090757, 0.015371, 0.999855, 0.007263, 0.009703, 0.000000, 0.000000, 0.000000, 1.000000
43.8016, 27.2707, -8.5741, 221.6708, 243.6708, -27.2707, 208.6475, -39.1759, -90.6900, 9.7030, 0.930493, 0.059454, 0.361454, 0.027271, -0.020242, 0.993578, -0.111320, -0.008574, -0.365751, 0.096266, 0.925721, 0.221671, 0.000000, 0.000000, 0.000000, 1.000000, -0.365751, 0.096266, 0.925721, 0.243671, -0.930493, -0.059454, -0.361454, -0.027271, 0.020242, -0.993578, 0.111320, 0.208648, 0.000000, 0.000000, 0.000000, 1.000000, -0.999346, 0.014844, 0.032979, -0.039176, 0.032852, -0.008742, 0.999422, -0.090690, 0.015124, 0.999852, 0.008249, 0.009703, 0.000000, 0.000000, 0.000000, 1.000000
43.9071, 27.1200, -8.5669, 221.7115, 243.7115, -27.1200, 208.6404, -39.1882, -90.6407, 9.7026, 0.930580, 0.059118, 0.361284, 0.027120, -0.020110, 0.993640, -0.110796, -0.008567, -0.365536, 0.095839, 0.925850, 0.221712, 0.000000, 0.000000, 0.000000, 1.000000, -0.365536, 0.095839, 0.925850, 0.243712, -0.930580, -0.059118, -0.361284, -0.027120, 0.020110, -0.993640, 0.110796, 0.208640, 0.000000, 0.000000, 0.000000, 1.000000, -0.999274, 0.014967, 0.035042, -0.039188, 0.034906, -0.009298, 0.999347, -0.090641, 0.015283, 0.999845, 0.008769, 0.009703, 0.000000, 0.000000, 0.000000, 1.000000
44.0569, 26.9916, -8.5621, 221.7631, 243.7631, -26.9916, 208.6355, -39.2867, -90.5423, 9.7026, 0.929247, 0.059404, 0.364651, 0.026992, -0.019918, 0.993609, -0.111108, -0.008562, -0.368921, 0.095984, 0.924492, 0.221763, 0.000000, 0.000000, 0.000000, 1.000000, -0.368921, 0.095984, 0.924492, 0.243763, -0.929247, -0.059404, -0.364651, -0.026992, 0.019918, -0.993609, 0.111108, 0.208636, 0.000000, 0.000000, 0.000000, 1.000000, -0.999313, 0.014738, 0.034019, -0.039287, 0.033887, -0.009089, 0.999384, -0.090542, 0.015039, 0.999850, 0.008583, 0.009703, 0.000000, 0.000000, 0.000000, 1.000000
44.2332, 26.8556, -8.5640, 221.7994, 243.7994, -26.8556, 208.6374, -39.4261, -90.4420, 9.6939, 0.927780, 0.059195, 0.368402, 0.026856, -0.019639, 0.993714, -0.110212, -0.008564, -0.372610, 0.095017, 0.923111, 0.221799, 0.000000, 0.000000, 0.000000, 1.000000, -0.372610, 0.095017, 0.923111, 0.243799, -0.927780, -0.059195, -0.368402, -0.026856, 0.019639, -0.993714, 0.110212, 0.208637, 0.000000, 0.000000, 0.000000, 1.000000, -0.999346, 0.014514, 0.033133, -0.039426, 0.032988, -0.010109, 0.999405, -0.090442, 0.014840, 0.999844, 0.009623, 0.009694, 0.000000, 0.000000, 0.000000, 1.000000
44.3399, 26.7456, -8.5600, 221.8881, 243.8881, -26.7456, 208.6335, -39.4580, -90.3322, 9.6981, 0.927870, 0.058898, 0.368223, 0.026746, -0.019579, 0.993781, -0.109620, -0.008560, -0.372389, 0.094504, 0.923253, 0.221888, 0.000000, 0.000000, 0.000000, 1.000000, -0.372389, 0.094504, 0.923253, 0.243888, -0.927870, -0.058898, -0.368223, -0.026746, 0.019579, -0.993781, 0.109620, 0.208633, 0.000000, 0.000000, 0.000000, 1.000000, -0.999273, 0.014560, 0.035234, -0.039458, 0.035080, -0.010729, 0.999327, -0.090332, 0.014929, 0.999836, 0.010211, 0.009698, 0.000000, 0.000000, 0.000000, 1.000000
44.5118, 26.6052, -8.5526, 221.9526, 243.9526, -26.6052, 208.6260, -39.5740, -90.2124, 9.7011, 0.926258, 0.059461, 0.372170, 0.026605, -0.019030, 0.993595, -0.111383, -0.008553, -0.376409, 0.096087, 0.921457, 0.221953, 0.000000, 0.000000, 0.000000, 1.000000, -0.376409, 0.096087, 0.921457, 0.243953, -0.926258, -0.059461, -0.372170, -0.026605, 0.019030, -0.993595, 0.111383, 0.208626, 0.000000, 0.000000, 0.000000, 1.000000, -0.999320, 0.014656, 0.033844, -0.039574, 0.033713, -0.009087, 0.999390, -0.090212, 0.014954, 0.999851, 0.008587, 0.009701, 0.000000, 0.000000, 0.000000, 1.000000
44.6511, 26.4870, -8.5601, 222.0477, 244.0477, -26.4870, 208.6336, -39.6467, -90.0767, 9.6939, 0.926552, 0.059414, 0.371444, 0.026487, -0.018777, 0.993522, -0.112081, -0.008560, -0.375697, 0.096875, 0.921665, 0.222048, 0.000000, 0.000000, 0.000000, 1.000000, -0.375697, 0.096875, 0.921665, 0.244048, -0.926552, -0.059414, -0.371444, -0.026487, 0.018777, -0.993522, 0.112081, 0.208634, 0.000000, 0.000000, 0.000000, 1.000000, -0.999203, 0.014998, 0.037000, -0.039647, 0.036877, -0.008419, 0.999284, -0.090077, 0.015298, 0.999852, 0.007859, 0.009694, 0.000000, 0.000000, 0.000000, 1.000000
44.8066, 26.3656, -8.5547, 222.1451, 244.1451, -26.3656, 208.6282, -39.7403, -89.9306, 9.6996, 0.925857, 0.059198, 0.373208, 0.026366, -0.018201, 0.993493, -0.112434, -0.008555, -0.377435, 0.097304, 0.920910, 0.222145, 0.000000, 0.000000, 0.000000, 1.000000, -0.377435, 0.097304, 0.920910, 0.244145, -0.925857, -0.059198, -0.373208, -0.026366, 0.018201, -0.993493, 0.112434, 0.208628, 0.000000, 0.000000, 0.000000, 1.000000, -0.999168, 0.015348, 0.037785, -0.039740, 0.037663, -0.008155, 0.999257, -0.089931, 0.015645, 0.999849, 0.007570, 0.009700, 0.000000, 0.000000, 0.000000, 1.000000
44.8862, 26.2359, -8.5635, 222.1669, 244.1669, -26.2359, 208.6369, -39.7383, -89.9076, 9.6831, 0.924233, 0.059154, 0.377219, 0.026236, -0.018148, 0.993616, -0.111349, -0.008563, -0.381397, 0.096067, 0.919406, 0.222167, 0.000000, 0.000000, 0.000000, 1.000000, -0.381397, 0.096067, 0.919406, 0.244167, -0.924233, -0.059154, -0.377219, -0.026236, 0.018148, -0.993616, 0.111349, 0.208637, 0.000000, 0.000000, 0.000000, 1.000000, -0.999279, 0.014868, 0.034932, -0.039738, 0.034796, -0.009329, 0.999351, -0.089908, 0.015184, 0.999846, 0.008805, 0.009683, 0.000000, 0.000000, 0.000000, 1.000000
44.9451, 26.1013, -8.5532, 222.1357, 244.1357, -26.1013, 208.6266, -39.7210, -89.9513, 9.6800, 0.923003, 0.059723, 0.380129, 0.026101, -0.017728, 0.993433, -0.113036, -0.008553, -0.384383, 0.097594, 0.918000, 0.222136, 0.000000, 0.000000, 0.000000, 1.000000, -0.384383, 0.097594, 0.918000, 0.244136, -0.923003, -0.059723, -0.380129, -0.026101, 0.017728, -0.993433, 0.113036, 0.208627, 0.000000, 0.000000, 0.000000, 1.000000, -0.999354, 0.014970, 0.032681, -0.039721, 0.032569, -0.007708, 0.999440, -0.089951, 0.015213, 0.999858, 0.007216, 0.009680, 0.000000, 0.000000, 0.000000, 1.000000
44.9657, 26.0571, -8.5434, 222.1645, 244.1645, -26.0571, 208.6168, -39.7010, -89.9302, 9.6892, 0.922955, 0.059764, 0.380241, 0.026057, -0.017820, 0.993447, -0.112892, -0.008543, -0.384496, 0.097418, 0.917972, 0.222165, 0.000000, 0.000000, 0.000000, 1.000000, -0.384496, 0.097418, 0.917972, 0.244165, -0.922955, -0.059764, -0.380241, -0.026057, 0.017820, -0.993447, 0.112892, 0.208617, 0.000000, 0.000000, 0.000000, 1.000000, -0.999347, 0.014857, 0.032932, -0.039701, 0.032818, -0.007857, 0.999430, -0.089930, 0.015107, 0.999859, 0.007365, 0.009689, 0.000000, 0.000000, 0.000000, 1.000000
44.9811, 26.0328, -8.5492, 222.1995, 244.1995, -26.0328, 208.6226, -39.6886, -89.8972, 9.6850, 0.922765, 0.059703, 0.380710, 0.026033, -0.017705, 0.993451, -0.112881, -0.008549, -0.384956, 0.097422, 0.917779, 0.222199, 0.000000, 0.000000, 0.000000, 1.000000, -0.384956, 0.097422, 0.917779, 0.244199, -0.922765, -0.059703, -0.380710, -0.026033, 0.017705, -0.993451, 0.112881, 0.208623, 0.000000, 0.000000, 0.000000, 1.000000, -0.999354, 0.014912, 0.032694, -0.039689, 0.032579, -0.007883, 0.999438, -0.089897, 0.015162, 0.999858, 0.007392, 0.009685, 0.000000, 0.000000, 0.000000, 1.000000
44.9903, 26.0045, -8.5539, 222.1901, 244.1901, -26.0045, 208.6274, -39.6815, -89.9102, 9.6772, 0.922518, 0.059504, 0.381341, 0.026005, -0.017709, 0.993529, -0.112189, -0.008554, -0.385549, 0.096743, 0.917602, 0.222190, 0.000000, 0.000000, 0.000000, 1.000000, -0.385549, 0.096743, 0.917602, 0.244190, -0.922518, -0.059504, -0.381341, -0.026005, 0.017709, -0.993529, 0.112189, 0.208627, 0.000000, 0.000000, 0.000000, 1.000000, -0.999371, 0.014811, 0.032228, -0.039681, 0.032103, -0.008591, 0.999448, -0.089910, 0.015080, 0.999853, 0.008110, 0.009677, 0.000000, 0.000000, 0.000000, 1.000000
44.9930, 25.9783, -8.5412, 222.1617, 244.1617, -25.9783, 208.6146, -39.6732, -89.9464, 9.6851, 0.921910, 0.059488, 0.382811, 0.025978, -0.017423, 0.993507, -0.112430, -0.008541, -0.387013, 0.096980, 0.916960, 0.222162, 0.000000, 0.000000, 0.000000, 1.000000, -0.387013, 0.096980, 0.916960, 0.244162, -0.921910, -0.059488, -0.382811, -0.025978, 0.017423, -0.993507, 0.112430, 0.208615, 0.000000, 0.000000, 0.000000, 1.000000, -0.999418, 0.014924, 0.030664, -0.039673, 0.030541, -0.008381, 0.999498, -0.089946, 0.015173, 0.999854, 0.007920, 0.009685, 0.000000, 0.000000, 0.000000, 1.000000
44.9956, 25.9879, -8.5394, 222.2047, 244.2047, -25.9879, 208.6129, -39.6681, -89.9020, 9.6917, 0.922307, 0.059643, 0.381827, 0.025988, -0.017494, 0.993450, -0.112924, -0.008539, -0.386061, 0.097471, 0.917309, 0.222205, 0.000000, 0.000000, 0.000000, 1.000000, -0.386061, 0.097471, 0.917309, 0.244205, -0.922307, -0.059643, -0.381827, -0.025988, 0.017494, -0.993450, 0.112924, 0.208613, 0.000000, 0.000000, 0.000000, 1.000000, -0.999384, 0.014985, 0.031736, -0.039668, 0.031620, -0.007867, 0.999469, -0.089902, 0.015227, 0.999857, 0.007389, 0.009692, 0.000000, 0.000000, 0.000000, 1.000000
44.9969, 25.9852, -8.5454, 222.1917, 244.1917, -25.9852, 208.6189, -39.6733, -89.9133, 9.6843, 0.922221, 0.059747, 0.382020, 0.025985, -0.017521, 0.993432, -0.113073, -0.008545, -0.386267, 0.097585, 0.917211, 0.222192, 0.000000, 0.000000, 0.000000, 1.000000, -0.386267, 0.097585, 0.917211, 0.244192, -0.922221, -0.059747, -0.382020, -0.025985, 0.017521, -0.993432, 0.113073, 0.208619, 0.000000, 0.000000, 0.000000, 1.000000, -0.999391, 0.014938, 0.031538, -0.039673, 0.031425, -0.007720, 0.999476, -0.089913, 0.015174, 0.999859, 0.007246, 0.009684, 0.000000, 0.000000, 0.000000, 1.000000
44.9987, 25.9795, -8.5462, 222.1973, 244.1973, -25.9795, 208.6197, -39.6686, -89.9092, 9.6836, 0.921851, 0.059805, 0.382901, 0.025980, -0.017570, 0.993455, -0.112865, -0.008546, -0.387145, 0.097317, 0.916869, 0.222197, 0.000000, 0.000000, 0.000000, 1.000000, -0.387145, 0.097317, 0.916869, 0.244197, -0.921851, -0.059805, -0.382901, -0.025980, 0.017570, -0.993455, 0.112865, 0.208620, 0.000000, 0.000000, 0.000000, 1.000000, -0.999422, 0.014774, 0.030631, -0.039669, 0.030516, -0.007942, 0.999503, -0.089909, 0.015010, 0.999859, 0.007486, 0.009684, 0.000000, 0.000000, 0.000000, 1.000000
44.9991, 25.9751, -8.5431, 222.1641, 244.1641, -25.9751, 208.6166, -39.6790, -89.9410, 9.6831, 0.921804, 0.059830, 0.383012, 0.025975, -0.017401, 0.993408, -0.113301, -0.008543, -0.387266, 0.097776, 0.916769, 0.222164, 0.000000, 0.000000, 0.000000, 1.000000, -0.387266, 0.097776, 0.916769, 0.244164, -0.921804, -0.059830, -0.383012, -0.025975, 0.017401, -0.993408, 0.113301, 0.208617, 0.000000, 0.000000, 0.000000, 1.000000, -0.999424, 0.014940, 0.030484, -0.039679, 0.030375, -0.007511, 0.999510, -0.089941, 0.015162, 0.999860, 0.007053, 0.009683, 0.000000, 0.000000, 0.000000, 1.000000

=== NEW ITERATION ===
# Joint_6_Angle(deg), Cam_X(mm), Cam_Y(mm), Cam_Z(mm), Torso_X(mm), Torso_Y(mm), Torso_Z(mm), EE_X(mm), EE_Y(mm), EE_Z(mm), T_cam2marker_flat(16), T_torso2marker_flat(16), T_ee2marker_flat(16)
0.0000, 64.8704, -10.1329, 214.6818, 236.6818, -64.8704, 210.2064, -3.3796, -105.2636, 10.2975, 0.914478, 0.061117, -0.399993, 0.064870, -0.086128, 0.995275, -0.044835, -0.010133, 0.395363, 0.075451, 0.915421, 0.214682, 0.000000, 0.000000, 0.000000, 1.000000, 0.395363, 0.075451, 0.915421, 0.236682, -0.914478, -0.061117, 0.399993, -0.064870, 0.086128, -0.995275, 0.044835, 0.210206, 0.000000, 0.000000, 0.000000, 1.000000, -0.998568, 0.023069, 0.048264, -0.003380, 0.047895, -0.016301, 0.998719, -0.105264, 0.023826, 0.999601, 0.015173, 0.010297, 0.000000, 0.000000, 0.000000, 1.000000
0.0000, 64.8749, -10.1284, 214.6813, 236.6813, -64.8749, 210.2019, -3.3832, -105.2660, 10.3023, 0.914524, 0.060670, -0.399957, 0.064875, -0.085860, 0.995275, -0.045350, -0.010128, 0.395315, 0.075814, 0.915411, 0.214681, 0.000000, 0.000000, 0.000000, 1.000000, 0.395315, 0.075814, 0.915411, 0.236681, -0.914524, -0.060670, 0.399957, -0.064875, 0.085860, -0.995275, 0.045350, 0.210202, 0.000000, 0.000000, 0.000000, 1.000000, -0.998566, 0.023359, 0.048178, -0.003383, 0.047816, -0.015804, 0.998731, -0.105266, 0.024090, 0.999602, 0.014664, 0.010302, 0.000000, 0.000000, 0.000000, 1.000000
0.0360, 64.8862, -10.1353, 214.7371, 236.7371, -64.8862, 210.2088, -3.4800, -105.2154, 10.3018, 0.914680, 0.061007, -0.399548, 0.064886, -0.086018, 0.995279, -0.044950, -0.010135, 0.394920, 0.075483, 0.915610, 0.214737, 0.000000, 0.000000, 0.000000, 1.000000, 0.394920, 0.075483, 0.915610, 0.236737, -0.914680, -0.061007, 0.399548, -0.064886, 0.086018, -0.995279, 0.044950, 0.210209, 0.000000, 0.000000, 0.000000, 1.000000, -0.998560, 0.023151, 0.048399, -0.003480, 0.048030, -0.016247, 0.998714, -0.105215, 0.023907, 0.999600, 0.015112, 0.010302, 0.000000, 0.000000, 0.000000, 1.000000
0.1068, 64.8646, -10.1333, 214.6543, 236.6543, -64.8646, 210.2067, -3.5609, -105.2807, 10.2940, 0.914484, 0.061071, -0.399987, 0.064865, -0.086261, 0.995244, -0.045262, -0.010133, 0.395320, 0.075894, 0.915403, 0.214654, 0.000000, 0.000000, 0.000000, 1.000000, 0.395320, 0.075894, 0.915403, 0.236654, -0.914484, -0.061071, 0.399987, -0.064865, 0.086261, -0.995244, 0.045262, 0.210207, 0.000000, 0.000000, 0.000000, 1.000000, -0.998482, 0.022924, 0.050080, -0.003561, 0.049722, -0.015913, 0.998636, -0.105281, 0.023690, 0.999611, 0.014749, 0.010294, 0.000000, 0.000000, 0.000000, 1.000000
0.1894, 64.8622, -10.1328, 214.6785, 236.6785, -64.8622, 210.2063, -3.7188, -105.2520, 10.2966, 0.914567, 0.061042, -0.399802, 0.064862, -0.086173, 0.995256, -0.045169, -0.010133, 0.395148, 0.075762, 0.915488, 0.214678, 0.000000, 0.000000, 0.000000, 1.000000, 0.395148, 0.075762, 0.915488, 0.236678, -0.914567, -0.061042, 0.399802, -0.064862, 0.086173, -0.995256, 0.045169, 0.210206, 0.000000, 0.000000, 0.000000, 1.000000, -0.998418, 0.022975, 0.051328, -0.003719, 0.050967, -0.016059, 0.998571, -0.105252, 0.023766, 0.999607, 0.014863, 0.010297, 0.000000, 0.000000, 0.000000, 1.000000
0.2804, 64.7956, -10.1286, 214.6095, 236.6095, -64.7956, 210.2021, -3.7996, -105.2872, 10.2889, 0.914740, 0.060769, -0.399446, 0.064796, -0.085997, 0.995255, -0.045524, -0.010129, 0.394784, 0.075994, 0.915626, 0.214610, 0.000000, 0.000000, 0.000000, 1.000000, 0.394784, 0.075994, 0.915626, 0.236610, -0.914740, -0.060769, 0.399446, -0.064796, 0.085997, -0.995255, 0.045524, 0.210202, 0.000000, 0.000000, 0.000000, 1.000000, -0.998353, 0.023124, 0.052496, -0.003800, 0.052139, -0.015784, 0.998515, -0.105287, 0.023918, 0.999608, 0.014552, 0.010289, 0.000000, 0.000000, 0.000000, 1.000000
0.4179, 64.7014, -10.1171, 214.5777, 236.5777, -64.7014, 210.1906, -3.9523, -105.2753, 10.2899, 0.915630, 0.060692, -0.397413, 0.064701, -0.085959, 0.995233, -0.046058, -0.010117, 0.392724, 0.076333, 0.916483, 0.214578, 0.000000, 0.000000, 0.000000, 1.000000, 0.392724, 0.076333, 0.916483, 0.236578, -0.915630, -0.060692, 0.397413, -0.064701, 0.085959, -0.995233, 0.046058, 0.210191, 0.000000, 0.000000, 0.000000, 1.000000, -0.998347, 0.023040, 0.052645, -0.003952, 0.052296, -0.015493, 0.998511, -0.105275, 0.023821, 0.999614, 0.014263, 0.010290, 0.000000, 0.000000, 0.000000, 1.000000
0.5563, 64.6031, -10.1094, 214.5584, 236.5584, -64.6031, 210.1829, -4.1074, -105.2499, 10.2881, 0.916571, 0.060790, -0.395224, 0.064603, -0.085870, 0.995241, -0.046065, -0.010109, 0.390542, 0.076160, 0.917429, 0.214558, 0.000000, 0.000000, 0.000000, 1.000000, 0.390542, 0.076160, 0.917429, 0.236558, -0.916571, -0.060790, 0.395224, -0.064603, 0.085870, -0.995241, 0.046065, 0.210183, 0.000000, 0.000000, 0.000000, 1.000000, -0.998347, 0.022971, 0.052689, -0.004107, 0.052335, -0.015745, 0.998505, -0.105250, 0.023766, 0.999612, 0.014517, 0.010288, 0.000000, 0.000000, 0.000000, 1.000000
0.7471, 64.4955, -10.0980, 214.5347, 236.5347, -64.4955, 210.1714, -4.3479, -105.2215, 10.2888, 0.917562, 0.060509, -0.392962, 0.064496, -0.085550, 0.995248, -0.046510, -0.010098, 0.388280, 0.076294, 0.918378, 0.214535, 0.000000, 0.000000, 0.000000, 1.000000, 0.388280, 0.076294, 0.918378, 0.236535, -0.917562, -0.060509, 0.392962, -0.064496, 0.085550, -0.995248, 0.046510, 0.210171, 0.000000, 0.000000, 0.000000, 1.000000, -0.998298, 0.023137, 0.053529, -0.004348, 0.053177, -0.015600, 0.998463, -0.105221, 0.023937, 0.999611, 0.014343, 0.010289, 0.000000, 0.000000, 0.000000, 1.000000
0.8820, 64.3652, -10.0840, 214.4846, 236.4846, -64.3652, 210.1575, -4.4553, -105.2142, 10.2878, 0.918640, 0.060586, -0.390422, 0.064365, -0.085579, 0.995226, -0.046923, -0.010084, 0.385715, 0.076517, 0.919440, 0.214485, 0.000000, 0.000000, 0.000000, 1.000000, 0.385715, 0.076517, 0.919440, 0.236485, -0.918640, -0.060586, 0.390422, -0.064365, 0.085579, -0.995226, 0.046923, 0.210157, 0.000000, 0.000000, 0.000000, 1.000000, -0.998325, 0.022951, 0.053103, -0.004455, 0.052756, -0.015470, 0.998488, -0.105214, 0.023738, 0.999617, 0.014233, 0.010288, 0.000000, 0.000000, 0.000000, 1.000000
1.0182, 64.2321, -10.0752, 214.4341, 236.4341, -64.2321, 210.1486, -4.5631, -105.2060, 10.2813, 0.919690, 0.060607, -0.387940, 0.064232, -0.085273, 0.995264, -0.046668, -0.010075, 0.383274, 0.076001, 0.920503, 0.214434, 0.000000, 0.000000, 0.000000, 1.000000, 0.383274, 0.076001, 0.920503, 0.236434, -0.919690, -0.060607, 0.387940, -0.064232, 0.085273, -0.995264, 0.046668, 0.210149, 0.000000, 0.000000, 0.000000, 1.000000, -0.998337, 0.023070, 0.052824, -0.004563, 0.052462, -0.016019, 0.998494, -0.105206, 0.023881, 0.999606, 0.014782, 0.010281, 0.000000, 0.000000, 0.000000, 1.000000
1.1347, 64.0879, -10.0699, 214.3065, 236.3065, -64.0879, 210.1433, -4.5989, -105.2679, 10.2629, 0.920185, 0.060609, -0.386764, 0.064088, -0.085351, 0.995237, -0.047105, -0.010070, 0.382067, 0.076356, 0.920975, 0.214307, 0.000000, 0.000000, 0.000000, 1.000000, 0.382067, 0.076356, 0.920975, 0.236307, -0.920185, -0.060609, 0.386764, -0.064088, 0.085351, -0.995237, 0.047105, 0.210143, 0.000000, 0.000000, 0.000000, 1.000000, -0.998302, 0.022915, 0.053549, -0.004599, 0.053197, -0.015731, 0.998460, -0.105268, 0.023722, 0.999614, 0.014485, 0.010263, 0.000000, 0.000000, 0.000000, 1.000000
1.3126, 63.9606, -10.0614, 214.2790, 236.2790, -63.9606, 210.1348, -4.7964, -105.2368, 10.2589, 0.921438, 0.060688, -0.383757, 0.063961, -0.085280, 0.995230, -0.047378, -0.010061, 0.379051, 0.076383, 0.922218, 0.214279, 0.000000, 0.000000, 0.000000, 1.000000, 0.379051, 0.076383, 0.922218, 0.236279, -0.921438, -0.060688, 0.383757, -0.063961, 0.085280, -0.995230, 0.047378, 0.210135, 0.000000, 0.000000, 0.000000, 1.000000, -0.998314, 0.022782, 0.053391, -0.004796, 0.053038, -0.015803, 0.998467, -0.105237, 0.023591, 0.999616, 0.014568, 0.010259, 0.000000, 0.000000, 0.000000, 1.000000
1.4493, 63.8453, -10.0478, 214.2712, 236.2712, -63.8453, 210.1212, -4.9351, -105.1950, 10.2627, 0.922508, 0.060603, -0.381190, 0.063845, -0.084949, 0.995259, -0.047352, -0.010048, 0.376514, 0.076065, 0.923283, 0.214271, 0.000000, 0.000000, 0.000000, 1.000000, 0.376514, 0.076065, 0.923283, 0.236271, -0.922508, -0.060603, 0.381190, -0.063845, 0.084949, -0.995259, 0.047352, 0.210121, 0.000000, 0.000000, 0.000000, 1.000000, -0.998330, 0.022931, 0.053017, -0.004935, 0.052654, -0.016130, 0.998483, -0.105195, 0.023751, 0.999607, 0.014896, 0.010263, 0.000000, 0.000000, 0.000000, 1.000000
1.6022, 63.6999, -10.0403, 214.1590, 236.1590, -63.6999, 210.1138, -5.0422, -105.2395, 10.2479, 0.923605, 0.060573, -0.378530, 0.063700, -0.084876, 0.995243, -0.047835, -0.010040, 0.373832, 0.076308, 0.924352, 0.214159, 0.000000, 0.000000, 0.000000, 1.000000, 0.373832, 0.076308, 0.924352, 0.236159, -0.923605, -0.060573, 0.378530, -0.063700, 0.084876, -0.995243, 0.047835, 0.210114, 0.000000, 0.000000, 0.000000, 1.000000, -0.998345, 0.022836, 0.052784, -0.005042, 0.052427, -0.015951, 0.998497, -0.105240, 0.023644, 0.999612, 0.014727, 0.010248, 0.000000, 0.000000, 0.000000, 1.000000
1.7824, 63.5853, -10.0142, 214.1189, 236.1189, -63.5853, 210.0877, -5.2495, -105.2252, 10.2610, 0.924546, 0.060323, -0.376266, 0.063585, -0.084697, 0.995223, -0.048558, -0.010014, 0.371540, 0.076763, 0.925238, 0.214119, 0.000000, 0.000000, 0.000000, 1.000000, 0.371540, 0.076763, 0.925238, 0.236119, -0.924546, -0.060323, 0.376266, -0.063585, 0.084697, -0.995223, 0.048558, 0.210088, 0.000000, 0.000000, 0.000000, 1.000000, -0.998309, 0.022873, 0.053432, -0.005250, 0.053085, -0.015511, 0.998470, -0.105225, 0.023667, 0.999618, 0.014271, 0.010261, 0.000000, 0.000000, 0.000000, 1.000000
1.8998, 63.4606, -10.0138, 214.0899, 236.0899, -63.4606, 210.0872, -5.3383, -105.2010, 10.2490, 0.925340, 0.060637, -0.374257, 0.063461, -0.084657, 0.995250, -0.048061, -0.010014, 0.369565, 0.076156, 0.926079, 0.214090, 0.000000, 0.000000, 0.000000, 1.000000, 0.369565, 0.076156, 0.926079, 0.236090, -0.925340, -0.060637, 0.374257, -0.063461, 0.084657, -0.995250, 0.048061, 0.210087, 0.000000, 0.000000, 0.000000, 1.000000, -0.998316, 0.022741, 0.053368, -0.005338, 0.053006, -0.016234, 0.998462, -0.105201, 0.023573, 0.999610, 0.015001, 0.010249, 0.000000, 0.000000, 0.000000, 1.000000
2.0540, 63.3041, -9.9959, 214.0136, 236.0136, -63.3041, 210.0694, -5.4479, -105.2089, 10.2471, 0.926166, 0.060297, -0.372264, 0.063304, -0.084147, 0.995290, -0.048140, -0.009996, 0.367608, 0.075910, 0.926878, 0.214014, 0.000000, 0.000000, 0.000000, 1.000000, 0.367608, 0.075910, 0.926878, 0.236014, -0.926166, -0.060297, 0.372264, -0.063304, 0.084147, -0.995290, 0.048140, 0.210069, 0.000000, 0.000000, 0.000000, 1.000000, -0.998278, 0.023100, 0.053916, -0.005448, 0.053544, -0.016421, 0.998430, -0.105209, 0.023949, 0.999598, 0.015155, 0.010247, 0.000000, 0.000000, 0.000000, 1.000000
2.2034, 63.1774, -9.9777, 213.9759, 235.9759, -63.1774, 210.0511, -5.5890, -105.1906, 10.2518, 0.927384, 0.060365, -0.369209, 0.063177, -0.084213, 0.995252, -0.048805, -0.009978, 0.364510, 0.076353, 0.928064, 0.213976, 0.000000, 0.000000, 0.000000, 1.000000, 0.364510, 0.076353, 0.928064, 0.235976, -0.927384, -0.060365, 0.369209, -0.063177, 0.084213, -0.995252, 0.048805, 0.210051, 0.000000, 0.000000, 0.000000, 1.000000, -0.998323, 0.022851, 0.053195, -0.005589, 0.052835, -0.016081, 0.998474, -0.105191, 0.023671, 0.999610, 0.014847, 0.010252, 0.000000, 0.000000, 0.000000, 1.000000
2.3687, 63.0540, -9.9656, 213.9219, 235.9219, -63.0540, 210.0391, -5.7577, -105.1867, 10.2489, 0.928379, 0.060517, -0.366673, 0.063054, -0.083974, 0.995294, -0.048347, -0.009966, 0.362022, 0.075675, 0.929093, 0.213922, 0.000000, 0.000000, 0.000000, 1.000000, 0.362022, 0.075675, 0.929093, 0.235922, -0.928379, -0.060517, 0.366673, -0.063054, 0.083974, -0.995294, 0.048347, 0.210039, 0.000000, 0.000000, 0.000000, 1.000000, -0.998311, 0.022875, 0.053407, -0.005758, 0.053028, -0.016840, 0.998451, -0.105187, 0.023739, 0.999596, 0.015598, 0.010249, 0.000000, 0.000000, 0.000000, 1.000000
2.5194, 62.9359, -9.9540, 213.8901, 235.8901, -62.9359, 210.0275, -5.9117, -105.1649, 10.2482, 0.929381, 0.060434, -0.364141, 0.062936, -0.083966, 0.995257, -0.049127, -0.009954, 0.359445, 0.076233, 0.930047, 0.213890, 0.000000, 0.000000, 0.000000, 1.000000, 0.359445, 0.076233, 0.930047, 0.235890, -0.929381, -0.060434, 0.364141, -0.062936, 0.083966, -0.995257, 0.049127, 0.210027, 0.000000, 0.000000, 0.000000, 1.000000, -0.998322, 0.022733, 0.053263, -0.005912, 0.052899, -0.016343, 0.998466, -0.105165, 0.023569, 0.999608, 0.015113, 0.010248, 0.000000, 0.000000, 0.000000, 1.000000
2.6820, 62.7803, -9.9374, 213.8075, 235.8075, -62.7803, 210.0108, -6.0359, -105.1784, 10.2447, 0.930114, 0.060309, -0.362286, 0.062780, -0.083606, 0.995295, -0.048961, -0.009937, 0.357629, 0.075828, 0.930780, 0.213808, 0.000000, 0.000000, 0.000000, 1.000000, 0.357629, 0.075828, 0.930780, 0.235808, -0.930114, -0.060309, 0.362286, -0.062780, 0.083606, -0.995295, 0.048961, 0.210011, 0.000000, 0.000000, 0.000000, 1.000000, -0.998270, 0.022933, 0.054134, -0.006036, 0.053757, -0.016754, 0.998413, -0.105178, 0.023804, 0.999597, 0.015493, 0.010245, 0.000000, 0.000000, 0.000000, 1.000000
2.8006, 62.6509, -9.9264, 213.7979, 235.7979, -62.6509, 209.9999, -6.1270, -105.1354, 10.2446, 0.931293, 0.060190, -0.359265, 0.062651, -0.083373, 0.995295, -0.049372, -0.009926, 0.354603, 0.075933, 0.931929, 0.213798, 0.000000, 0.000000, 0.000000, 1.000000, 0.354603, 0.075933, 0.931929, 0.235798, -0.931293, -0.060190, 0.359265, -0.062651, 0.083373, -0.995295, 0.049372, 0.210000, 0.000000, 0.000000, 0.000000, 1.000000, -0.998333, 0.022979, 0.052949, -0.006127, 0.052573, -0.016666, 0.998478, -0.105135, 0.023826, 0.999597, 0.015430, 0.010245, 0.000000, 0.000000, 0.000000, 1.000000
2.9544, 62.5124, -9.9111, 213.7061, 235.7061, -62.5124, 209.9845, -6.2487, -105.1640, 10.2401, 0.932279, 0.060244, -0.356688, 0.062512, -0.083195, 0.995311, -0.049341, -0.009911, 0.352043, 0.075674, 0.932919, 0.213706, 0.000000, 0.000000, 0.000000, 1.000000, 0.352043, 0.075674, 0.932919, 0.235706, -0.932279, -0.060244, 0.356688, -0.062512, 0.083195, -0.995311, 0.049341, 0.209985, 0.000000, 0.000000, 0.000000, 1.000000, -0.998336, 0.022963, 0.052892, -0.006249, 0.052509, -0.016990, 0.998476, -0.105164, 0.023826, 0.999592, 0.015756, 0.010240, 0.000000, 0.000000, 0.000000, 1.000000
3.1056, 62.3959, -9.9110, 213.6382, 235.6382, -62.3959, 209.9845, -6.3955, -105.1760, 10.2246, 0.932957, 0.060064, -0.354941, 0.062396, -0.082841, 0.995342, -0.049311, -0.009911, 0.350325, 0.075409, 0.933587, 0.213638, 0.000000, 0.000000, 0.000000, 1.000000, 0.350325, 0.075409, 0.933587, 0.235638, -0.932957, -0.060064, 0.354941, -0.062396, 0.082841, -0.995342, 0.049311, 0.209984, 0.000000, 0.000000, 0.000000, 1.000000, -0.998290, 0.023171, 0.053672, -0.006395, 0.053279, -0.017250, 0.998431, -0.105176, 0.024060, 0.999583, 0.015986, 0.010225, 0.000000, 0.000000, 0.000000, 1.000000
3.2616, 62.2844, -9.9013, 213.6587, 235.6587, -62.2844, 209.9747, -6.5809, -105.1056, 10.2277, 0.934367, 0.060247, -0.351183, 0.062284, -0.083024, 0.995285, -0.050148, -0.009901, 0.346505, 0.076013, 0.934963, 0.213659, 0.000000, 0.000000, 0.000000, 1.000000, 0.346505, 0.076013, 0.934963, 0.235659, -0.934367, -0.060247, 0.351183, -0.062284, 0.083024, -0.995285, 0.050148, 0.209975, 0.000000, 0.000000, 0.000000, 1.000000, -0.998370, 0.022765, 0.052328, -0.006581, 0.051952, -0.016790, 0.998508, -0.105106, 0.023610, 0.999600, 0.015580, 0.010228, 0.000000, 0.000000, 0.000000, 1.000000
3.4225, 62.1313, -9.8904, 213.6024, 235.6024, -62.1313, 209.9639, -6.7128, -105.0950, 10.2211, 0.935139, 0.060191, -0.349130, 0.062131, -0.082681, 0.995328, -0.049863, -0.009890, 0.344498, 0.075495, 0.935747, 0.213602, 0.000000, 0.000000, 0.000000, 1.000000, 0.344498, 0.075495, 0.935747, 0.235602, -0.935139, -0.060191, 0.349130, -0.062131, 0.082681, -0.995328, 0.049863, 0.209964, 0.000000, 0.000000, 0.000000, 1.000000, -0.998332, 0.022928, 0.052979, -0.006713, 0.052588, -0.017333, 0.998466, -0.105095, 0.023811, 0.999587, 0.016098, 0.010221, 0.000000, 0.000000, 0.000000, 1.000000
3.5837, 61.9970, -9.8797, 213.5436, 235.5436, -61.9970, 209.9532, -6.8627, -105.0924, 10.2156, 0.935776, 0.060139, -0.347428, 0.061997, -0.082448, 0.995352, -0.049775, -0.009880, 0.342820, 0.075224, 0.936385, 0.213544, 0.000000, 0.000000, 0.000000, 1.000000, 0.342820, 0.075224, 0.936385, 0.235544, -0.935776, -0.060139, 0.347428, -0.061997, 0.082448, -0.995352, 0.049775, 0.209953, 0.000000, 0.000000, 0.000000, 1.000000, -0.998276, 0.023009, 0.053994, -0.006863, 0.053595, -0.017642, 0.998407, -0.105092, 0.023925, 0.999580, 0.016379, 0.010216, 0.000000, 0.000000, 0.000000, 1.000000
3.7208, 61.8614, -9.8639, 213.4679, 235.4679, -61.8614, 209.9374, -6.9616, -105.1089, 10.2134, 0.936661, 0.060117, -0.345038, 0.061861, -0.082399, 0.995331, -0.050266, -0.009864, 0.340406, 0.075513, 0.937242, 0.213468, 0.000000, 0.000000, 0.000000, 1.000000, 0.340406, 0.075513, 0.937242, 0.235468, -0.936661, -0.060117, 0.345038, -0.061861, 0.082399, -0.995331, 0.050266, 0.209937, 0.000000, 0.000000, 0.000000, 1.000000, -0.998288, 0.022902, 0.053811, -0.006962, 0.053419, -0.017414, 0.998420, -0.105109, 0.023803, 0.999586, 0.016161, 0.010213, 0.000000, 0.000000, 0.000000, 1.000000
3.8826, 61.7456, -9.8541, 213.4666, 235.4666, -61.7456, 209.9276, -7.1465, -105.0569, 10.2141, 0.937795, 0.060133, -0.341942, 0.061746, -0.082257, 0.995328, -0.050559, -0.009854, 0.337304, 0.075541, 0.938360, 0.213467, 0.000000, 0.000000, 0.000000, 1.000000, 0.337304, 0.075541, 0.938360, 0.235467, -0.937795, -0.060133, 0.341942, -0.061746, 0.082257, -0.995328, 0.050559, 0.209928, 0.000000, 0.000000, 0.000000, 1.000000, -0.998316, 0.022830, 0.053329, -0.007147, 0.052937, -0.017456, 0.998445, -0.105057, 0.023726, 0.999587, 0.016218, 0.010214, 0.000000, 0.000000, 0.000000, 1.000000
4.0157, 61.6019, -9.8434, 213.4049, 235.4049, -61.6019, 209.9169, -7.2350, -105.0579, 10.2076, 0.938738, 0.060058, -0.339357, 0.061602, -0.082129, 0.995314, -0.051042, -0.009843, 0.334702, 0.075786, 0.939272, 0.213405, 0.000000, 0.000000, 0.000000, 1.000000, 0.334702, 0.075786, 0.939272, 0.235405, -0.938738, -0.060058, 0.339357, -0.061602, 0.082129, -0.995314, 0.051042, 0.209917, 0.000000, 0.000000, 0.000000, 1.000000, -0.998341, 0.022790, 0.052877, -0.007235, 0.052490, -0.017252, 0.998472, -0.105058, 0.023668, 0.999591, 0.016027, 0.010208, 0.000000, 0.000000, 0.000000, 1.000000
4.1893, 61.4713, -9.8280, 213.3712, 235.3712, -61.4713, 209.9015, -7.4176, -105.0312, 10.2095, 0.939356, 0.060223, -0.337614, 0.061471, -0.081955, 0.995357, -0.050478, -0.009828, 0.333006, 0.075086, 0.939930, 0.213371, 0.000000, 0.000000, 0.000000, 1.000000, 0.333006, 0.075086, 0.939930, 0.235371, -0.939356, -0.060223, 0.337614, -0.061471, 0.081955, -0.995357, 0.050478, 0.209901, 0.000000, 0.000000, 0.000000, 1.000000, -0.998275, 0.022780, 0.054110, -0.007418, 0.053705, -0.018040, 0.998394, -0.105031, 0.023720, 0.999578, 0.016786, 0.010210, 0.000000, 0.000000, 0.000000, 1.000000
4.3567, 61.3412, -9.8149, 213.3245, 235.3245, -61.3412, 209.8884, -7.5860, -105.0176, 10.2079, 0.940310, 0.059959, -0.334995, 0.061341, -0.081553, 0.995376, -0.050755, -0.009815, 0.330403, 0.075046, 0.940852, 0.213324, 0.000000, 0.000000, 0.000000, 1.000000, 0.330403, 0.075046, 0.940852, 0.235324, -0.940310, -0.059959, 0.334995, -0.061341, 0.081553, -0.995376, 0.050755, 0.209888, 0.000000, 0.000000, 0.000000, 1.000000, -0.998263, 0.022993, 0.054243, -0.007586, 0.053833, -0.018072, 0.998386, -0.105018, 0.023936, 0.999572, 0.016803, 0.010208, 0.000000, 0.000000, 0.000000, 1.000000
4.5918, 61.2114, -9.8032, 213.2586, 235.2586, -61.2114, 209.8766, -7.8735, -105.0131, 10.2031, 0.941328, 0.059724, -0.332167, 0.061211, -0.081261, 0.995371, -0.051318, -0.009803, 0.327564, 0.075299, 0.941824, 0.213259, 0.000000, 0.000000, 0.000000, 1.000000, 0.327564, 0.075299, 0.941824, 0.235259, -0.941328, -0.059724, 0.332167, -0.061211, 0.081261, -0.995371, 0.051318, 0.209877, 0.000000, 0.000000, 0.000000, 1.000000, -0.998203, 0.023074, 0.055311, -0.007873, 0.054905, -0.017857, 0.998332, -0.105013, 0.024023, 0.999574, 0.016558, 0.010203, 0.000000, 0.000000, 0.000000, 1.000000
4.7114, 61.1024, -9.7861, 213.2944, 235.2944, -61.1024, 209.8596, -7.9961, -104.9330, 10.2152, 0.942597, 0.059952, -0.328506, 0.061102, -0.081222, 0.995370, -0.051399, -0.009786, 0.323903, 0.075130, 0.943102, 0.213294, 0.000000, 0.000000, 0.000000, 1.000000, 0.323903, 0.075130, 0.943102, 0.235294, -0.942597, -0.059952, 0.328506, -0.061102, 0.081222, -0.995370, 0.051399, 0.209860, 0.000000, 0.000000, 0.000000, 1.000000, -0.998304, 0.022864, 0.053534, -0.007996, 0.053125, -0.018130, 0.998423, -0.104933, 0.023798, 0.999574, 0.016885, 0.010215, 0.000000, 0.000000, 0.000000, 1.000000
4.8362, 60.9347, -9.7766, 213.1627, 235.1627, -60.9347, 209.8500, -8.0277, -104.9958, 10.1988, 0.942959, 0.060172, -0.327425, 0.060935, -0.081226, 0.995390, -0.050998, -0.009777, 0.322847, 0.074685, 0.943500, 0.213163, 0.000000, 0.000000, 0.000000, 1.000000, 0.322847, 0.074685, 0.943500, 0.235163, -0.942959, -0.060172, 0.327425, -0.060935, 0.081226, -0.995390, 0.050998, 0.209850, 0.000000, 0.000000, 0.000000, 1.000000, -0.998249, 0.022736, 0.054607, -0.008028, 0.054188, -0.018669, 0.998356, -0.104996, 0.023718, 0.999567, 0.017405, 0.010199, 0.000000, 0.000000, 0.000000, 1.000000
4.9711, 60.7945, -9.7674, 213.0887, 235.0887, -60.7945, 209.8409, -8.1198, -105.0097, 10.1898, 0.943553, 0.059881, -0.325764, 0.060794, -0.081102, 0.995351, -0.051945, -0.009767, 0.321139, 0.075433, 0.944023, 0.213089, 0.000000, 0.000000, 0.000000, 1.000000, 0.321139, 0.075433, 0.944023, 0.235089, -0.943553, -0.059881, 0.325764, -0.060794, 0.081102, -0.995351, 0.051945, 0.209841, 0.000000, 0.000000, 0.000000, 1.000000, -0.998220, 0.022767, 0.055131, -0.008120, 0.054729, -0.017922, 0.998340, -0.105010, 0.023717, 0.999580, 0.016644, 0.010190, 0.000000, 0.000000, 0.000000, 1.000000
5.1086, 60.6704, -9.7487, 213.0914, 235.0914, -60.6704, 209.8222, -8.2518, -104.9549, 10.1990, 0.944729, 0.059612, -0.322388, 0.060670, -0.080589, 0.995385, -0.052104, -0.009749, 0.317794, 0.075205, 0.945173, 0.213091, 0.000000, 0.000000, 0.000000, 1.000000, 0.317794, 0.075205, 0.945173, 0.235091, -0.944729, -0.059612, 0.322388, -0.060670, 0.080589, -0.995385, 0.052104, 0.209822, 0.000000, 0.000000, 0.000000, 1.000000, -0.998277, 0.023045, 0.053968, -0.008252, 0.053557, -0.018125, 0.998400, -0.104955, 0.023987, 0.999570, 0.016859, 0.010199, 0.000000, 0.000000, 0.000000, 1.000000
5.2251, 60.5496, -9.7436, 213.0809, 235.0809, -60.5496, 209.8170, -8.3459, -104.9157, 10.1939, 0.945683, 0.059950, -0.319514, 0.060550, -0.080812, 0.995349, -0.052429, -0.009744, 0.314885, 0.075402, 0.946130, 0.213081, 0.000000, 0.000000, 0.000000, 1.000000, 0.314885, 0.075402, 0.946130, 0.235081, -0.945683, -0.059950, 0.319514, -0.060550, 0.080812, -0.995349, 0.052429, 0.209817, 0.000000, 0.000000, 0.000000, 1.000000, -0.998340, 0.022629, 0.052956, -0.008346, 0.052552, -0.018071, 0.998455, -0.104916, 0.023551, 0.999581, 0.016852, 0.010194, 0.000000, 0.000000, 0.000000, 1.000000
5.3947, 60.4028, -9.7332, 213.0184, 235.0184, -60.4028, 209.8067, -8.4982, -104.9120, 10.1867, 0.946454, 0.060062, -0.317204, 0.060403, -0.080643, 0.995378, -0.052147, -0.009733, 0.312605, 0.074935, 0.946923, 0.213018, 0.000000, 0.000000, 0.000000, 1.000000, 0.312605, 0.074935, 0.946923, 0.235018, -0.946454, -0.060062, 0.317204, -0.060403, 0.080643, -0.995378, 0.052147, 0.209807, 0.000000, 0.000000, 0.000000, 1.000000, -0.998311, 0.022592, 0.053515, -0.008498, 0.053099, -0.018619, 0.998416, -0.104912, 0.023553, 0.999571, 0.017388, 0.010187, 0.000000, 0.000000, 0.000000, 1.000000
5.5323, 60.2722, -9.7229, 212.9769, 234.9769, -60.2722, 209.7964, -8.6127, -104.8974, 10.1827, 0.946992, 0.059812, -0.315640, 0.060272, -0.080304, 0.995397, -0.052306, -0.009723, 0.311059, 0.074881, 0.947436, 0.212977, 0.000000, 0.000000, 0.000000, 1.000000, 0.311059, 0.074881, 0.947436, 0.234977, -0.946992, -0.059812, 0.315640, -0.060272, 0.080304, -0.995397, 0.052306, 0.209796, 0.000000, 0.000000, 0.000000, 1.000000, -0.998266, 0.022803, 0.054261, -0.008613, 0.053841, -0.018661, 0.998375, -0.104897, 0.023778, 0.999566, 0.017401, 0.010183, 0.000000, 0.000000, 0.000000, 1.000000
5.6769, 60.1345, -9.7064, 212.8978, 234.8978, -60.1345, 209.7799, -8.7231, -104.9165, 10.1808, 0.948005, 0.059564, -0.312633, 0.060134, -0.079938, 0.995403, -0.052752, -0.009706, 0.308053, 0.075000, 0.948408, 0.212898, 0.000000, 0.000000, 0.000000, 1.000000, 0.308053, 0.075000, 0.948408, 0.234898, -0.948005, -0.059564, 0.312633, -0.060134, 0.079938, -0.995403, 0.052752, 0.209780, 0.000000, 0.000000, 0.000000, 1.000000, -0.998299, 0.022965, 0.053595, -0.008723, 0.053175, -0.018539, 0.998413, -0.104916, 0.023922, 0.999564, 0.017286, 0.010181, 0.000000, 0.000000, 0.000000, 1.000000
5.8258, 60.0076, -9.6935, 212.8764, 234.8764, -60.0076, 209.7669, -8.8671, -104.8819, 10.1817, 0.949050, 0.059703, -0.309417, 0.060008, -0.079901, 0.995392, -0.053010, -0.009693, 0.304827, 0.075032, 0.949448, 0.212876, 0.000000, 0.000000, 0.000000, 1.000000, 0.304827, 0.075032, 0.949448, 0.234876, -0.949050, -0.059703, 0.309417, -0.060008, 0.079901, -0.995392, 0.053010, 0.209767, 0.000000, 0.000000, 0.000000, 1.000000, -0.998345, 0.022774, 0.052808, -0.008867, 0.052390, -0.018602, 0.998453, -0.104882, 0.023721, 0.999568, 0.017379, 0.010182, 0.000000, 0.000000, 0.000000, 1.000000
6.1510, 59.7376, -9.6907, 212.7697, 234.7697, -59.7376, 209.7642, -9.1753, -104.8642, 10.1532, 0.950434, 0.059915, -0.305100, 0.059738, -0.079781, 0.995399, -0.053056, -0.009691, 0.300517, 0.074768, 0.950841, 0.212770, 0.000000, 0.000000, 0.000000, 1.000000, 0.300517, 0.074768, 0.950841, 0.234770, -0.950434, -0.059915, 0.305100, -0.059738, 0.079781, -0.995399, 0.053056, 0.209764, 0.000000, 0.000000, 0.000000, 1.000000, -0.998289, 0.022529, 0.053964, -0.009175, 0.053539, -0.019041, 0.998384, -0.104864, 0.023520, 0.999565, 0.017802, 0.010153, 0.000000, 0.000000, 0.000000, 1.000000
6.2864, 59.5966, -9.6735, 212.7281, 234.7281, -59.5966, 209.7469, -9.2752, -104.8481, 10.1553, 0.951219, 0.059585, -0.302709, 0.059597, -0.079385, 0.995406, -0.053520, -0.009673, 0.298129, 0.074940, 0.951579, 0.212728, 0.000000, 0.000000, 0.000000, 1.000000, 0.298129, 0.074940, 0.951579, 0.234728, -0.951219, -0.059585, 0.302709, -0.059597, 0.079385, -0.995406, 0.053520, 0.209747, 0.000000, 0.000000, 0.000000, 1.000000, -0.998293, 0.022761, 0.053789, -0.009275, 0.053365, -0.018846, 0.998397, -0.104848, 0.023738, 0.999563, 0.017599, 0.010155, 0.000000, 0.000000, 0.000000, 1.000000
6.4318, 59.4531, -9.6593, 212.6720, 234.6720, -59.4531, 209.7328, -9.3878, -104.8435, 10.1528, 0.952006, 0.059667, -0.300207, 0.059453, -0.079397, 0.995382, -0.053944, -0.009659, 0.295602, 0.075190, 0.952348, 0.212672, 0.000000, 0.000000, 0.000000, 1.000000, 0.295602, 0.075190, 0.952348, 0.234672, -0.952006, -0.059667, 0.300207, -0.059453, 0.079397, -0.995382, 0.053944, 0.209733, 0.000000, 0.000000, 0.000000, 1.000000, -0.998303, 0.022571, 0.053681, -0.009388, 0.053264, -0.018680, 0.998406, -0.104844, 0.023537, 0.999571, 0.017446, 0.010153, 0.000000, 0.000000, 0.000000, 1.000000
6.5777, 59.3309, -9.6499, 212.6843, 234.6843, -59.3309, 209.7233, -9.5388, -104.7778, 10.1540, 0.952884, 0.059829, -0.297378, 0.059331, -0.079201, 0.995421, -0.053516, -0.009650, 0.292814, 0.074547, 0.953259, 0.212684, 0.000000, 0.000000, 0.000000, 1.000000, 0.292814, 0.074547, 0.953259, 0.234684, -0.952884, -0.059829, 0.297378, -0.059331, 0.079201, -0.995421, 0.053516, 0.209723, 0.000000, 0.000000, 0.000000, 1.000000, -0.998324, 0.022525, 0.053315, -0.009539, 0.052882, -0.019402, 0.998412, -0.104778, 0.023524, 0.999558, 0.018178, 0.010154, 0.000000, 0.000000, 0.000000, 1.000000
6.7373, 59.1833, -9.6360, 212.6095, 234.6095, -59.1833, 209.7095, -9.6687, -104.7881, 10.1491, 0.953546, 0.059888, -0.295235, 0.059183, -0.079342, 0.995365, -0.054348, -0.009636, 0.290612, 0.075248, 0.953878, 0.212610, 0.000000, 0.000000, 0.000000, 1.000000, 0.290612, 0.075248, 0.953878, 0.234610, -0.953546, -0.059888, 0.295235, -0.059183, 0.079342, -0.995365, 0.054348, 0.209709, 0.000000, 0.000000, 0.000000, 1.000000, -0.998304, 0.022242, 0.053794, -0.009669, 0.053381, -0.018797, 0.998397, -0.104788, 0.023218, 0.999576, 0.017578, 0.010149, 0.000000, 0.000000, 0.000000, 1.000000
6.8924, 59.0523, -9.6181, 212.5732, 234.5732, -59.0523, 209.6916, -9.8154, -104.7663, 10.1532, 0.954399, 0.059706, -0.292501, 0.059052, -0.079126, 0.995346, -0.055010, -0.009618, 0.287855, 0.075646, 0.954682, 0.212573, 0.000000, 0.000000, 0.000000, 1.000000, 0.287855, 0.075646, 0.954682, 0.234573, -0.954399, -0.059706, 0.292501, -0.059052, 0.079126, -0.995346, 0.055010, 0.209692, 0.000000, 0.000000, 0.000000, 1.000000, -0.998314, 0.022272, 0.053600, -0.009815, 0.053194, -0.018426, 0.998414, -0.104766, 0.023225, 0.999582, 0.017211, 0.010153, 0.000000, 0.000000, 0.000000, 1.000000
7.0106, 58.9179, -9.6107, 212.5091, 234.5091, -58.9179, 209.6842, -9.8858, -104.7761, 10.1438, 0.955256, 0.059641, -0.289704, 0.058918, -0.078634, 0.995421, -0.054357, -0.009611, 0.285136, 0.074705, 0.955571, 0.212509, 0.000000, 0.000000, 0.000000, 1.000000, 0.285136, 0.074705, 0.955571, 0.234509, -0.955256, -0.059641, 0.289704, -0.058918, 0.078634, -0.995421, 0.054357, 0.209684, 0.000000, 0.000000, 0.000000, 1.000000, -0.998351, 0.022523, 0.052810, -0.009886, 0.052378, -0.019373, 0.998439, -0.104776, 0.023511, 0.999559, 0.018162, 0.010144, 0.000000, 0.000000, 0.000000, 1.000000
7.1631, 58.7772, -9.5979, 212.4599, 234.4599, -58.7772, 209.6714, -10.0158, -104.7646, 10.1409, 0.955835, 0.059831, -0.287750, 0.058777, -0.078669, 0.995419, -0.054343, -0.009598, 0.283181, 0.074580, 0.956162, 0.212460, 0.000000, 0.000000, 0.000000, 1.000000, 0.283181, 0.074580, 0.956162, 0.234460, -0.955835, -0.059831, 0.287750, -0.058777, 0.078669, -0.995419, 0.054343, 0.209671, 0.000000, 0.000000, 0.000000, 1.000000, -0.998322, 0.022316, 0.053441, -0.010016, 0.053007, -0.019600, 0.998402, -0.104765, 0.023327, 0.999559, 0.018384, 0.010141, 0.000000, 0.000000, 0.000000, 1.000000
7.3156, 58.6415, -9.5925, 212.4267, 234.4267, -58.6415, 209.6660, -10.1551, -104.7382, 10.1326, 0.956378, 0.059623, -0.285982, 0.058642, -0.078384, 0.995427, -0.054600, -0.009593, 0.281418, 0.074635, 0.956678, 0.212427, 0.000000, 0.000000, 0.000000, 1.000000, 0.281418, 0.074635, 0.956678, 0.234427, -0.956378, -0.059623, 0.285982, -0.058642, 0.078384, -0.995427, 0.054600, 0.209666, 0.000000, 0.000000, 0.000000, 1.000000, -0.998275, 0.022454, 0.054242, -0.010155, 0.053807, -0.019557, 0.998360, -0.104738, 0.023478, 0.999557, 0.018316, 0.010133, 0.000000, 0.000000, 0.000000, 1.000000
7.4795, 58.5078, -9.5721, 212.4039, 234.4039, -58.5078, 209.6456, -10.3180, -104.7014, 10.1403, 0.957191, 0.059451, -0.283285, 0.058508, -0.078161, 0.995411, -0.055200, -0.009572, 0.278704, 0.074979, 0.957446, 0.212404, 0.000000, 0.000000, 0.000000, 1.000000, 0.278704, 0.074979, 0.957446, 0.234404, -0.957191, -0.059451, 0.283285, -0.058508, 0.078161, -0.995411, 0.055200, 0.209646, 0.000000, 0.000000, 0.000000, 1.000000, -0.998274, 0.022486, 0.054253, -0.010318, 0.053824, -0.019247, 0.998365, -0.104701, 0.023493, 0.999562, 0.018003, 0.010140, 0.000000, 0.000000, 0.000000, 1.000000
7.6206, 58.3668, -9.5675, 212.3306, 234.3306, -58.3668, 209.6409, -10.4222, -104.7147, 10.1268, 0.958033, 0.059456, -0.280423, 0.058367, -0.077927, 0.995431, -0.055175, -0.009567, 0.275861, 0.074712, 0.958289, 0.212331, 0.000000, 0.000000, 0.000000, 1.000000, 0.275861, 0.074712, 0.958289, 0.234331, -0.958033, -0.059456, 0.280423, -0.058367, 0.077927, -0.995431, 0.055175, 0.209641, 0.000000, 0.000000, 0.000000, 1.000000, -0.998301, 0.022494, 0.053749, -0.010422, 0.053313, -0.019563, 0.998386, -0.104715, 0.023510, 0.999556, 0.018331, 0.010127, 0.000000, 0.000000, 0.000000, 1.000000
7.7735, 58.2224, -9.5619, 212.2578, 234.2578, -58.2224, 209.6353, -10.5450, -104.7247, 10.1141, 0.958615, 0.059649, -0.278387, 0.058222, -0.077748, 0.995487, -0.054421, -0.009562, 0.273885, 0.073813, 0.958926, 0.212258, 0.000000, 0.000000, 0.000000, 1.000000, 0.273885, 0.073813, 0.958926, 0.234258, -0.958615, -0.059649, 0.278387, -0.058222, 0.077748, -0.995487, 0.054421, 0.209635, 0.000000, 0.000000, 0.000000, 1.000000, -0.998268, 0.022457, 0.054371, -0.010545, 0.053912, -0.020544, 0.998334, -0.104725, 0.023537, 0.999537, 0.019298, 0.010114, 0.000000, 0.000000, 0.000000, 1.000000
7.9286, 58.1035, -9.5482, 212.2610, 234.2610, -58.1035, 209.6216, -10.7124, -104.6670, 10.1189, 0.959209, 0.059144, -0.276441, 0.058104, -0.077354, 0.995461, -0.055433, -0.009548, 0.271908, 0.074555, 0.959431, 0.212261, 0.000000, 0.000000, 0.000000, 1.000000, 0.271908, 0.074555, 0.959431, 0.234261, -0.959209, -0.059144, 0.276441, -0.058104, 0.077354, -0.995461, 0.055433, 0.209622, 0.000000, 0.000000, 0.000000, 1.000000, -0.998229, 0.022729, 0.054975, -0.010712, 0.054530, -0.019769, 0.998316, -0.104667, 0.023778, 0.999546, 0.018494, 0.010119, 0.000000, 0.000000, 0.000000, 1.000000
8.0877, 57.9661, -9.5314, 212.2137, 234.2137, -57.9661, 209.6048, -10.8576, -104.6537, 10.1203, 0.960258, 0.059047, -0.272796, 0.057966, -0.077022, 0.995475, -0.055650, -0.009531, 0.268276, 0.074449, 0.960461, 0.212214, 0.000000, 0.000000, 0.000000, 1.000000, 0.268276, 0.074449, 0.960461, 0.234214, -0.960258, -0.059047, 0.272796, -0.057966, 0.077022, -0.995475, 0.055650, 0.209605, 0.000000, 0.000000, 0.000000, 1.000000, -0.998283, 0.022792, 0.053962, -0.010858, 0.053512, -0.019914, 0.998369, -0.104654, 0.023830, 0.999542, 0.018660, 0.010120, 0.000000, 0.000000, 0.000000, 1.000000
8.2327, 57.8323, -9.5197, 212.1748, 234.1748, -57.8323, 209.5931, -10.9830, -104.6352, 10.1178, 0.961007, 0.059463, -0.270055, 0.057832, -0.076914, 0.995547, -0.054496, -0.009520, 0.265613, 0.073142, 0.961301, 0.212175, 0.000000, 0.000000, 0.000000, 1.000000, 0.265613, 0.073142, 0.961301, 0.234175, -0.961007, -0.059463, 0.270055, -0.057832, 0.076914, -0.995547, 0.054496, 0.209593, 0.000000, 0.000000, 0.000000, 1.000000, -0.998298, 0.022621, 0.053757, -0.010983, 0.053277, -0.021340, 0.998352, -0.104635, 0.023731, 0.999516, 0.020099, 0.010118, 0.000000, 0.000000, 0.000000, 1.000000
8.3698, 57.7015, -9.5198, 212.1671, 234.1671, -57.7015, 209.5932, -11.1044, -104.5877, 10.1069, 0.961688, 0.059793, -0.267547, 0.057702, -0.077239, 0.995486, -0.055154, -0.009520, 0.263042, 0.073706, 0.961965, 0.212167, 0.000000, 0.000000, 0.000000, 1.000000, 0.263042, 0.073706, 0.961965, 0.234167, -0.961688, -0.059793, 0.267547, -0.057702, 0.077239, -0.995486, 0.055154, 0.209593, 0.000000, 0.000000, 0.000000, 1.000000, -0.998323, 0.022124, 0.053503, -0.011104, 0.053043, -0.020913, 0.998373, -0.104588, 0.023207, 0.999536, 0.019704, 0.010107, 0.000000, 0.000000, 0.000000, 1.000000
8.5311, 57.5403, -9.4994, 212.0672, 234.0672, -57.5403, 209.5729, -11.2192, -104.6203, 10.1049, 0.962247, 0.059261, -0.265648, 0.057540, -0.076739, 0.995483, -0.055895, -0.009499, 0.261136, 0.074170, 0.962448, 0.212067, 0.000000, 0.000000, 0.000000, 1.000000, 0.261136, 0.074170, 0.962448, 0.234067, -0.962247, -0.059261, 0.265648, -0.057540, 0.076739, -0.995483, 0.055895, 0.209573, 0.000000, 0.000000, 0.000000, 1.000000, -0.998272, 0.022488, 0.054293, -0.011219, 0.053837, -0.020409, 0.998341, -0.104620, 0.023558, 0.999539, 0.019163, 0.010105, 0.000000, 0.000000, 0.000000, 1.000000
8.6937, 57.4141, -9.4929, 212.0395, 234.0395, -57.4141, 209.5664, -11.3868, -104.5888, 10.0989, 0.962824, 0.059301, -0.263540, 0.057414, -0.076664, 0.995478, -0.056088, -0.009493, 0.259023, 0.074207, 0.963016, 0.212039, 0.000000, 0.000000, 0.000000, 1.000000, 0.259023, 0.074207, 0.963016, 0.234039, -0.962824, -0.059301, 0.263540, -0.057414, 0.076664, -0.995478, 0.056088, 0.209566, 0.000000, 0.000000, 0.000000, 1.000000, -0.998239, 0.022383, 0.054938, -0.011387, 0.054483, -0.020445, 0.998305, -0.104589, 0.023468, 0.999540, 0.019189, 0.010099, 0.000000, 0.000000, 0.000000, 1.000000
8.8304, 57.2808, -9.4815, 212.0361, 234.0361, -57.2808, 209.5549, -11.5046, -104.5377, 10.0996, 0.963711, 0.059450, -0.260244, 0.057281, -0.076607, 0.995472, -0.056281, -0.009481, 0.255719, 0.074175, 0.963901, 0.212036, 0.000000, 0.000000, 0.000000, 1.000000, 0.255719, 0.074175, 0.963901, 0.234036, -0.963711, -0.059450, 0.260244, -0.057281, 0.076607, -0.995472, 0.056281, 0.209555, 0.000000, 0.000000, 0.000000, 1.000000, -0.998299, 0.022194, 0.053909, -0.011505, 0.053455, -0.020559, 0.998359, -0.104538, 0.023266, 0.999542, 0.019338, 0.010100, 0.000000, 0.000000, 0.000000, 1.000000
8.9736, 57.1356, -9.4578, 211.9988, 233.9988, -57.1356, 209.5313, -11.6146, -104.5167, 10.1083, 0.964261, 0.059286, -0.258235, 0.057136, -0.076410, 0.995458, -0.056783, -0.009458, 0.253695, 0.074485, 0.964412, 0.211999, 0.000000, 0.000000, 0.000000, 1.000000, 0.253695, 0.074485, 0.964412, 0.233999, -0.964261, -0.059286, 0.258235, -0.057136, 0.076410, -0.995458, 0.056783, 0.209531, 0.000000, 0.000000, 0.000000, 1.000000, -0.998277, 0.022240, 0.054296, -0.011615, 0.053848, -0.020278, 0.998343, -0.104517, 0.023304, 0.999547, 0.019045, 0.010108, 0.000000, 0.000000, 0.000000, 1.000000
9.1178, 57.0286, -9.4501, 212.0297, 234.0297, -57.0286, 209.5236, -11.7784, -104.4358, 10.1107, 0.965233, 0.059089, -0.254626, 0.057029, -0.076059, 0.995455, -0.057316, -0.009450, 0.250081, 0.074689, 0.965340, 0.212030, 0.000000, 0.000000, 0.000000, 1.000000, 0.250081, 0.074689, 0.965340, 0.234030, -0.965233, -0.059089, 0.254626, -0.057029, 0.076059, -0.995455, 0.057316, 0.209524, 0.000000, 0.000000, 0.000000, 1.000000, -0.998342, 0.022340, 0.053052, -0.011778, 0.052606, -0.020093, 0.998413, -0.104436, 0.023371, 0.999548, 0.018885, 0.010111, 0.000000, 0.000000, 0.000000, 1.000000
9.2711, 56.8932, -9.4392, 211.9650, 233.9650, -56.8932, 209.5127, -11.9121, -104.4405, 10.1048, 0.965682, 0.059418, -0.252840, 0.056893, -0.076259, 0.995439, -0.057328, -0.009439, 0.248280, 0.074642, 0.965808, 0.211965, 0.000000, 0.000000, 0.000000, 1.000000, 0.248280, 0.074642, 0.965808, 0.233965, -0.965682, -0.059418, 0.252840, -0.056893, 0.076259, -0.995439, 0.057328, 0.209513, 0.000000, 0.000000, 0.000000, 1.000000, -0.998305, 0.021973, 0.053889, -0.011912, 0.053446, -0.020265, 0.998365, -0.104441, 0.023029, 0.999553, 0.019056, 0.010105, 0.000000, 0.000000, 0.000000, 1.000000
9.4236, 56.7595, -9.4430, 211.9656, 233.9656, -56.7595, 209.5165, -12.0599, -104.3810, 10.0908, 0.966532, 0.059506, -0.249550, 0.056760, -0.075968, 0.995488, -0.056855, -0.009443, 0.245041, 0.073911, 0.966691, 0.211966, 0.000000, 0.000000, 0.000000, 1.000000, 0.245041, 0.073911, 0.966691, 0.233966, -0.966532, -0.059506, 0.249550, -0.056760, 0.075968, -0.995488, 0.056855, 0.209516, 0.000000, 0.000000, 0.000000, 1.000000, -0.998342, 0.021978, 0.053208, -0.012060, 0.052747, -0.021059, 0.998386, -0.104381, 0.023063, 0.999537, 0.019865, 0.010091, 0.000000, 0.000000, 0.000000, 1.000000
9.5669, 56.6133, -9.4239, 211.9207, 233.9207, -56.6133, 209.4973, -12.1677, -104.3671, 10.0941, 0.967176, 0.059315, -0.247087, 0.056613, -0.075743, 0.995468, -0.057510, -0.009424, 0.242556, 0.074338, 0.967285, 0.211921, 0.000000, 0.000000, 0.000000, 1.000000, 0.242556, 0.074338, 0.967285, 0.233921, -0.967176, -0.059315, 0.247087, -0.056613, 0.075743, -0.995468, 0.057510, 0.209497, 0.000000, 0.000000, 0.000000, 1.000000, -0.998345, 0.022029, 0.053122, -0.012168, 0.052669, -0.020657, 0.998398, -0.104367, 0.023091, 0.999544, 0.019463, 0.010094, 0.000000, 0.000000, 0.000000, 1.000000
9.7567, 56.4789, -9.4036, 211.8583, 233.8583, -56.4789, 209.4770, -12.3685, -104.3629, 10.0978, 0.967695, 0.058958, -0.245133, 0.056479, -0.075413, 0.995448, -0.058283, -0.009404, 0.240581, 0.074887, 0.967736, 0.211858, 0.000000, 0.000000, 0.000000, 1.000000, 0.240581, 0.074887, 0.967736, 0.233858, -0.967695, -0.058958, 0.245133, -0.056479, 0.075413, -0.995448, 0.058283, 0.209477, 0.000000, 0.000000, 0.000000, 1.000000, -0.998274, 0.022206, 0.054362, -0.012368, 0.053918, -0.020123, 0.998343, -0.104363, 0.023263, 0.999551, 0.018891, 0.010098, 0.000000, 0.000000, 0.000000, 1.000000
9.8745, 56.3268, -9.3895, 211.8024, 233.8024, -56.3268, 209.4630, -12.4225, -104.3638, 10.0945, 0.968270, 0.059303, -0.242769, 0.056327, -0.075347, 0.995508, -0.057337, -0.009390, 0.238278, 0.073809, 0.968388, 0.211802, 0.000000, 0.000000, 0.000000, 1.000000, 0.238278, 0.073809, 0.968388, 0.233802, -0.968270, -0.059303, 0.242769, -0.056327, 0.075347, -0.995508, 0.057337, 0.209463, 0.000000, 0.000000, 0.000000, 1.000000, -0.998294, 0.022030, 0.054070, -0.012423, 0.053603, -0.021293, 0.998335, -0.104364, 0.023145, 0.999531, 0.020076, 0.010095, 0.000000, 0.000000, 0.000000, 1.000000
10.0187, 56.1976, -9.3789, 211.8063, 233.8063, -56.1976, 209.4524, -12.5583, -104.3049, 10.0955, 0.968973, 0.059033, -0.240015, 0.056198, -0.074951, 0.995515, -0.057732, -0.009379, 0.235530, 0.073930, 0.969051, 0.211806, 0.000000, 0.000000, 0.000000, 1.000000, 0.235530, 0.073930, 0.969051, 0.233806, -0.968973, -0.059033, 0.240015, -0.056198, 0.074951, -0.995515, 0.057732, 0.209452, 0.000000, 0.000000, 0.000000, 1.000000, -0.998308, 0.022219, 0.053728, -0.012558, 0.053259, -0.021180, 0.998356, -0.104305, 0.023321, 0.999529, 0.019961, 0.010095, 0.000000, 0.000000, 0.000000, 1.000000
10.1615, 56.0536, -9.3704, 211.7585, 233.7585, -56.0536, 209.4439, -12.6679, -104.2938, 10.0882, 0.969778, 0.058853, -0.236785, 0.056054, -0.074580, 0.995526, -0.058009, -0.009370, 0.232311, 0.073916, 0.969829, 0.211759, 0.000000, 0.000000, 0.000000, 1.000000, 0.232311, 0.073916, 0.969829, 0.233759, -0.969778, -0.058853, 0.236785, -0.056054, 0.074580, -0.995526, 0.058009, 0.209444, 0.000000, 0.000000, 0.000000, 1.000000, -0.998350, 0.022346, 0.052888, -0.012668, 0.052416, -0.021217, 0.998400, -0.104294, 0.023433, 0.999525, 0.020010, 0.010088, 0.000000, 0.000000, 0.000000, 1.000000
10.3425, 55.9168, -9.3643, 211.6939, 233.6939, -55.9168, 209.4378, -12.8514, -104.2919, 10.0773, 0.970158, 0.058995, -0.235189, 0.055917, -0.074522, 0.995550, -0.057678, -0.009364, 0.230739, 0.073484, 0.970237, 0.211694, 0.000000, 0.000000, 0.000000, 1.000000, 0.230739, 0.073484, 0.970237, 0.233694, -0.970158, -0.058995, 0.235189, -0.055917, 0.074522, -0.995550, 0.057678, 0.209438, 0.000000, 0.000000, 0.000000, 1.000000, -0.998270, 0.022218, 0.054438, -0.012851, 0.053956, -0.021738, 0.998307, -0.104292, 0.023364, 0.999517, 0.020502, 0.010077, 0.000000, 0.000000, 0.000000, 1.000000
10.4959, 55.7743, -9.3529, 211.6224, 233.6224, -55.7743, 209.4264, -12.9774, -104.3024, 10.0706, 0.970701, 0.059023, -0.232927, 0.055774, -0.074389, 0.995556, -0.057740, -0.009353, 0.228484, 0.073375, 0.970779, 0.211622, 0.000000, 0.000000, 0.000000, 1.000000, 0.228484, 0.073375, 0.970779, 0.233622, -0.970701, -0.059023, 0.232927, -0.055774, 0.074389, -0.995556, 0.057740, 0.209426, 0.000000, 0.000000, 0.000000, 1.000000, -0.998252, 0.022153, 0.054793, -0.012977, 0.054308, -0.021909, 0.998284, -0.104302, 0.023315, 0.999515, 0.020668, 0.010071, 0.000000, 0.000000, 0.000000, 1.000000
10.6137, 55.6479, -9.3457, 211.6805, 233.6805, -55.6479, 209.4191, -13.0770, -104.1965, 10.0739, 0.971536, 0.058925, -0.229446, 0.055648, -0.074085, 0.995562, -0.058023, -0.009346, 0.225009, 0.073370, 0.971590, 0.211681, 0.000000, 0.000000, 0.000000, 1.000000, 0.225009, 0.073370, 0.971590, 0.233681, -0.971536, -0.058925, 0.229446, -0.055648, 0.074085, -0.995562, 0.058023, 0.209419, 0.000000, 0.000000, 0.000000, 1.000000, -0.998334, 0.022205, 0.053265, -0.013077, 0.052779, -0.021943, 0.998365, -0.104196, 0.023337, 0.999513, 0.020734, 0.010074, 0.000000, 0.000000, 0.000000, 1.000000
10.8110, 55.4773, -9.3322, 211.5287, 233.5287, -55.4773, 209.4057, -13.2416, -104.2709, 10.0591, 0.971794, 0.058907, -0.228356, 0.055477, -0.073957, 0.995578, -0.057913, -0.009332, 0.223935, 0.073168, 0.971854, 0.211529, 0.000000, 0.000000, 0.000000, 1.000000, 0.223935, 0.073168, 0.971854, 0.233529, -0.971794, -0.058907, 0.228356, -0.055477, 0.073957, -0.995578, 0.057913, 0.209406, 0.000000, 0.000000, 0.000000, 1.000000, -0.998207, 0.022182, 0.055599, -0.013242, 0.055107, -0.022215, 0.998233, -0.104271, 0.023378, 0.999507, 0.020953, 0.010059, 0.000000, 0.000000, 0.000000, 1.000000
10.9292, 55.3648, -9.3147, 211.5511, 233.5511, -55.3648, 209.3881, -13.3483, -104.2033, 10.0701, 0.972392, 0.058599, -0.225877, 0.055365, -0.073431, 0.995623, -0.057822, -0.009315, 0.221499, 0.072812, 0.972438, 0.211551, 0.000000, 0.000000, 0.000000, 1.000000, 0.221499, 0.072812, 0.972438, 0.233551, -0.972392, -0.058599, 0.225877, -0.055365, 0.073431, -0.995623, 0.057822, 0.209388, 0.000000, 0.000000, 0.000000, 1.000000, -0.998225, 0.022502, 0.055135, -0.013348, 0.054628, -0.022561, 0.998252, -0.104203, 0.023706, 0.999492, 0.021292, 0.010070, 0.000000, 0.000000, 0.000000, 1.000000
11.0821, 55.2354, -9.3064, 211.5552, 233.5552, -55.2354, 209.3799, -13.4992, -104.1419, 10.0687, 0.973289, 0.058660, -0.221964, 0.055235, -0.073321, 0.995597, -0.058392, -0.009306, 0.217562, 0.073107, 0.973305, 0.211555, 0.000000, 0.000000, 0.000000, 1.000000, 0.217562, 0.073107, 0.973305, 0.233555, -0.973289, -0.058660, 0.221964, -0.055235, 0.073321, -0.995597, 0.058392, 0.209380, 0.000000, 0.000000, 0.000000, 1.000000, -0.998304, 0.022331, 0.053763, -0.013499, 0.053264, -0.022339, 0.998331, -0.104142, 0.023495, 0.999501, 0.021112, 0.010069, 0.000000, 0.000000, 0.000000, 1.000000
11.2263, 55.0812, -9.3114, 211.4851, 233.4851, -55.0812, 209.3848, -13.5988, -104.1500, 10.0451, 0.973779, 0.058815, -0.219761, 0.055081, -0.073250, 0.995619, -0.058118, -0.009311, 0.215380, 0.072691, 0.973821, 0.211485, 0.000000, 0.000000, 0.000000, 1.000000, 0.215380, 0.072691, 0.973821, 0.233485, -0.973779, -0.058815, 0.219761, -0.055081, 0.073250, -0.995619, 0.058118, 0.209385, 0.000000, 0.000000, 0.000000, 1.000000, -0.998292, 0.022192, 0.054051, -0.013599, 0.053545, -0.022832, 0.998304, -0.104150, 0.023388, 0.999493, 0.021604, 0.010045, 0.000000, 0.000000, 0.000000, 1.000000
11.3968, 54.9620, -9.2921, 211.4909, 233.4909, -54.9620, 209.3656, -13.7907, -104.0853, 10.0556, 0.974456, 0.058859, -0.216727, 0.054962, -0.073245, 0.995570, -0.058949, -0.009292, 0.212297, 0.073317, 0.974451, 0.211491, 0.000000, 0.000000, 0.000000, 1.000000, 0.212297, 0.073317, 0.974451, 0.233491, -0.974456, -0.058859, 0.216727, -0.054962, 0.073245, -0.995570, 0.058949, 0.209366, 0.000000, 0.000000, 0.000000, 1.000000, -0.998306, 0.021977, 0.053863, -0.013791, 0.053373, -0.022286, 0.998326, -0.104085, 0.023140, 0.999510, 0.021075, 0.010056, 0.000000, 0.000000, 0.000000, 1.000000
11.5405, 54.8174, -9.2717, 211.4534, 233.4534, -54.8174, 209.3451, -13.9021, -104.0656, 10.0602, 0.974814, 0.058675, -0.215163, 0.054817, -0.072996, 0.995572, -0.059223, -0.009272, 0.210735, 0.073438, 0.974781, 0.211453, 0.000000, 0.000000, 0.000000, 1.000000, 0.210735, 0.073438, 0.974781, 0.233453, -0.974814, -0.058675, 0.215163, -0.054817, 0.072996, -0.995572, 0.059223, 0.209345, 0.000000, 0.000000, 0.000000, 1.000000, -0.998256, 0.022087, 0.054752, -0.013902, 0.054262, -0.022191, 0.998280, -0.104066, 0.023264, 0.999510, 0.020954, 0.010060, 0.000000, 0.000000, 0.000000, 1.000000
11.6670, 54.6742, -9.2723, 211.4255, 233.4255, -54.6742, 209.3458, -13.9869, -104.0389, 10.0458, 0.975355, 0.058874, -0.212644, 0.054674, -0.072979, 0.995581, -0.059096, -0.009272, 0.208225, 0.073158, 0.975341, 0.211426, 0.000000, 0.000000, 0.000000, 1.000000, 0.208225, 0.073158, 0.975341, 0.233426, -0.975355, -0.058874, 0.212644, -0.054674, 0.072979, -0.995581, 0.059096, 0.209346, 0.000000, 0.000000, 0.000000, 1.000000, -0.998279, 0.021886, 0.054404, -0.013987, 0.053911, -0.022547, 0.998291, -0.104039, 0.023075, 0.999506, 0.021328, 0.010046, 0.000000, 0.000000, 0.000000, 1.000000
11.8296, 54.5357, -9.2636, 211.4267, 233.4267, -54.5357, 209.3370, -14.1451, -103.9765, 10.0439, 0.976096, 0.058780, -0.209242, 0.054536, -0.072686, 0.995584, -0.059399, -0.009264, 0.204827, 0.073188, 0.976058, 0.211427, 0.000000, 0.000000, 0.000000, 1.000000, 0.204827, 0.073188, 0.976058, 0.233427, -0.976096, -0.058780, 0.209242, -0.054536, 0.072686, -0.995584, 0.059399, 0.209337, 0.000000, 0.000000, 0.000000, 1.000000, -0.998314, 0.021910, 0.053753, -0.014145, 0.053258, -0.022565, 0.998326, -0.103976, 0.023086, 0.999505, 0.021360, 0.010044, 0.000000, 0.000000, 0.000000, 1.000000
11.9817, 54.4085, -9.2431, 211.4090, 233.4090, -54.4085, 209.3166, -14.2912, -103.9379, 10.0527, 0.976605, 0.058522, -0.206923, 0.054408, -0.072426, 0.995551, -0.060263, -0.009243, 0.202476, 0.073840, 0.976499, 0.211409, 0.000000, 0.000000, 0.000000, 1.000000, 0.202476, 0.073840, 0.976499, 0.233409, -0.976605, -0.058522, 0.206923, -0.054408, 0.072426, -0.995551, 0.060263, 0.209317, 0.000000, 0.000000, 0.000000, 1.000000, -0.998300, 0.022004, 0.053974, -0.014291, 0.053492, -0.021939, 0.998327, -0.103938, 0.023151, 0.999517, 0.020724, 0.010053, 0.000000, 0.000000, 0.000000, 1.000000
12.1359, 54.2547, -9.2399, 211.2743, 233.2743, -54.2547, 209.3134, -14.3996, -104.0084, 10.0308, 0.976946, 0.058601, -0.205286, 0.054255, -0.072190, 0.995624, -0.059342, -0.009240, 0.200910, 0.072793, 0.976901, 0.211274, 0.000000, 0.000000, 0.000000, 1.000000, 0.200910, 0.072793, 0.976901, 0.233274, -0.976946, -0.058601, 0.205286, -0.054255, 0.072190, -0.995624, 0.059342, 0.209313, 0.000000, 0.000000, 0.000000, 1.000000, -0.998239, 0.022026, 0.055074, -0.014400, 0.054566, -0.023046, 0.998244, -0.104008, 0.023257, 0.999492, 0.021804, 0.010031, 0.000000, 0.000000, 0.000000, 1.000000
12.2814, 54.1034, -9.2282, 211.2427, 233.2427, -54.1034, 209.3016, -14.5090, -103.9809, 10.0277, 0.977568, 0.058907, -0.202216, 0.054103, -0.072304, 0.995606, -0.059509, -0.009228, 0.197821, 0.072795, 0.977531, 0.211243, 0.000000, 0.000000, 0.000000, 1.000000, 0.197821, 0.072795, 0.977531, 0.233243, -0.977568, -0.058907, 0.202216, -0.054103, 0.072304, -0.995606, 0.059509, 0.209302, 0.000000, 0.000000, 0.000000, 1.000000, -0.998280, 0.021664, 0.054477, -0.014509, 0.053974, -0.023145, 0.998274, -0.103981, 0.022887, 0.999497, 0.021936, 0.010028, 0.000000, 0.000000, 0.000000, 1.000000
12.4238, 53.9738, -9.2198, 211.2564, 233.2564, -53.9738, 209.2932, -14.6408, -103.9121, 10.0271, 0.978061, 0.058555, -0.199922, 0.053974, -0.071832, 0.995622, -0.059809, -0.009220, 0.195545, 0.072857, 0.977985, 0.211256, 0.000000, 0.000000, 0.000000, 1.000000, 0.195545, 0.072857, 0.977985, 0.233256, -0.978061, -0.058555, 0.199922, -0.053974, 0.071832, -0.995622, 0.059809, 0.209293, 0.000000, 0.000000, 0.000000, 1.000000, -0.998267, 0.021947, 0.054606, -0.014641, 0.054098, -0.023091, 0.998269, -0.103912, 0.023170, 0.999492, 0.021863, 0.010027, 0.000000, 0.000000, 0.000000, 1.000000
12.5780, 53.8271, -9.2125, 211.1588, 233.1588, -53.8271, 209.2859, -14.7617, -103.9479, 10.0134, 0.978289, 0.058667, -0.198768, 0.053827, -0.071822, 0.995634, -0.059624, -0.009212, 0.194402, 0.072605, 0.978231, 0.211159, 0.000000, 0.000000, 0.000000, 1.000000, 0.194402, 0.072605, 0.978231, 0.233159, -0.978289, -0.058667, 0.198768, -0.053827, 0.071822, -0.995634, 0.059624, 0.209286, 0.000000, 0.000000, 0.000000, 1.000000, -0.998185, 0.021810, 0.056137, -0.014762, 0.055625, -0.023416, 0.998177, -0.103948, 0.023085, 0.999488, 0.022160, 0.010013, 0.000000, 0.000000, 0.000000, 1.000000
12.7147, 53.6995, -9.2008, 211.2090, 233.2090, -53.6995, 209.2742, -14.8895, -103.8456, 10.0202, 0.979130, 0.058594, -0.194606, 0.053700, -0.071485, 0.995642, -0.059891, -0.009201, 0.190249, 0.072552, 0.979051, 0.211209, 0.000000, 0.000000, 0.000000, 1.000000, 0.190249, 0.072552, 0.979051, 0.233209, -0.979130, -0.058594, 0.194606, -0.053700, 0.071485, -0.995642, 0.059891, 0.209274, 0.000000, 0.000000, 0.000000, 1.000000, -0.998287, 0.021835, 0.054277, -0.014889, 0.053762, -0.023510, 0.998277, -0.103846, 0.023073, 0.999485, 0.022296, 0.010020, 0.000000, 0.000000, 0.000000, 1.000000
12.9015, 53.5547, -9.1864, 211.1582, 233.1582, -53.5547, 209.2598, -15.0770, -103.8276, 10.0183, 0.979568, 0.058451, -0.192430, 0.053555, -0.071320, 0.995609, -0.060636, -0.009186, 0.188041, 0.073122, 0.979435, 0.211158, 0.000000, 0.000000, 0.000000, 1.000000, 0.188041, 0.073122, 0.979435, 0.233158, -0.979568, -0.058451, 0.192430, -0.053555, 0.071320, -0.995609, 0.060636, 0.209260, 0.000000, 0.000000, 0.000000, 1.000000, -0.998233, 0.021821, 0.055265, -0.015077, 0.054762, -0.022996, 0.998235, -0.103828, 0.023053, 0.999497, 0.021761, 0.010018, 0.000000, 0.000000, 0.000000, 1.000000
13.0364, 53.4274, -9.1852, 211.1080, 233.1080, -53.4274, 209.2586, -15.1890, -103.8240, 10.0048, 0.979902, 0.058498, -0.190708, 0.053427, -0.071104, 0.995667, -0.059935, -0.009185, 0.186376, 0.072291, 0.979815, 0.211108, 0.000000, 0.000000, 0.000000, 1.000000, 0.186376, 0.072291, 0.979815, 0.233108, -0.979902, -0.058498, 0.190708, -0.053427, 0.071104, -0.995667, 0.059935, 0.209259, 0.000000, 0.000000, 0.000000, 1.000000, -0.998196, 0.021833, 0.055928, -0.015189, 0.055405, -0.023879, 0.998178, -0.103824, 0.023128, 0.999476, 0.022626, 0.010005, 0.000000, 0.000000, 0.000000, 1.000000
13.2245, 53.2849, -9.1747, 211.0861, 233.0861, -53.2849, 209.2482, -15.3853, -103.7770, 10.0020, 0.980504, 0.058575, -0.187566, 0.053285, -0.070887, 0.995701, -0.059616, -0.009175, 0.183268, 0.071750, 0.980441, 0.211086, 0.000000, 0.000000, 0.000000, 1.000000, 0.183268, 0.071750, 0.980441, 0.233086, -0.980504, -0.058575, 0.187566, -0.053285, 0.070887, -0.995701, 0.059616, 0.209248, 0.000000, 0.000000, 0.000000, 1.000000, -0.998191, 0.021750, 0.056050, -0.015385, 0.055514, -0.024498, 0.998157, -0.103777, 0.023083, 0.999463, 0.023246, 0.010002, 0.000000, 0.000000, 0.000000, 1.000000
13.3506, 53.1316, -9.1523, 211.0372, 233.0372, -53.1316, 209.2258, -15.4541, -103.7729, 10.0076, 0.981001, 0.058216, -0.185060, 0.053132, -0.070491, 0.995679, -0.060450, -0.009152, 0.180741, 0.072346, 0.980866, 0.211037, 0.000000, 0.000000, 0.000000, 1.000000, 0.180741, 0.072346, 0.980866, 0.233037, -0.981001, -0.058216, 0.185060, -0.053132, 0.070491, -0.995679, 0.060450, 0.209226, 0.000000, 0.000000, 0.000000, 1.000000, -0.998209, 0.021975, 0.055643, -0.015454, 0.055115, -0.023908, 0.998194, -0.103773, 0.023265, 0.999473, 0.022654, 0.010008, 0.000000, 0.000000, 0.000000, 1.000000
13.4864, 52.9909, -9.1479, 210.9906, 232.9906, -52.9909, 209.2213, -15.5549, -103.7641, 9.9967, 0.981307, 0.058194, -0.183439, 0.052991, -0.070253, 0.995727, -0.059935, -0.009148, 0.179167, 0.071702, 0.981202, 0.210991, 0.000000, 0.000000, 0.000000, 1.000000, 0.179167, 0.071702, 0.981202, 0.232991, -0.981307, -0.058194, 0.183439, -0.052991, 0.070253, -0.995727, 0.059935, 0.209221, 0.000000, 0.000000, 0.000000, 1.000000, -0.998165, 0.022022, 0.056411, -0.015555, 0.055866, -0.024597, 0.998135, -0.103764, 0.023369, 0.999455, 0.023322, 0.009997, 0.000000, 0.000000, 0.000000, 1.000000
13.6327, 52.8757, -9.1417, 211.0201, 233.0201, -52.8757, 209.2152, -15.7089, -103.6808, 9.9968, 0.981897, 0.058282, -0.180224, 0.052876, -0.070163, 0.995714, -0.060263, -0.009142, 0.175939, 0.071818, 0.981778, 0.211020, 0.000000, 0.000000, 0.000000, 1.000000, 0.175939, 0.071818, 0.981778, 0.233020, -0.981897, -0.058282, 0.180224, -0.052876, 0.070163, -0.995714, 0.060263, 0.209215, 0.000000, 0.000000, 0.000000, 1.000000, -0.998209, 0.021857, 0.055682, -0.015709, 0.055143, -0.024549, 0.998177, -0.103681, 0.023184, 0.999460, 0.023300, 0.009997, 0.000000, 0.000000, 0.000000, 1.000000
13.7927, 52.7354, -9.1188, 211.0194, 233.0194, -52.7354, 209.1923, -15.8574, -103.6218, 10.0087, 0.982555, 0.058266, -0.176606, 0.052735, -0.070116, 0.995634, -0.061616, -0.009119, 0.172245, 0.072924, 0.982351, 0.211019, 0.000000, 0.000000, 0.000000, 1.000000, 0.172245, 0.072924, 0.982351, 0.233019, -0.982555, -0.058266, 0.176606, -0.052735, 0.070116, -0.995634, 0.061616, 0.209192, 0.000000, 0.000000, 0.000000, 1.000000, -0.998267, 0.021669, 0.054705, -0.015857, 0.054193, -0.023508, 0.998254, -0.103622, 0.022917, 0.999489, 0.022293, 0.010009, 0.000000, 0.000000, 0.000000, 1.000000
13.9373, 52.5832, -9.1232, 211.0040, 233.0040, -52.5832, 209.1966, -15.9669, -103.5777, 9.9912, 0.983012, 0.058515, -0.173963, 0.052583, -0.069977, 0.995713, -0.060493, -0.009123, 0.169677, 0.071639, 0.982892, 0.211004, 0.000000, 0.000000, 0.000000, 1.000000, 0.169677, 0.071639, 0.982892, 0.233004, -0.983012, -0.058515, 0.173963, -0.052583, 0.069977, -0.995713, 0.060493, 0.209197, 0.000000, 0.000000, 0.000000, 1.000000, -0.998274, 0.021516, 0.054645, -0.015967, 0.054106, -0.024870, 0.998225, -0.103578, 0.022837, 0.999459, 0.023663, 0.009991, 0.000000, 0.000000, 0.000000, 1.000000
14.1012, 52.4624, -9.1078, 210.9872, 232.9872, -52.4624, 209.1813, -16.1403, -103.5352, 9.9955, 0.983456, 0.058306, -0.171508, 0.052462, -0.069629, 0.995721, -0.060759, -0.009108, 0.167232, 0.071696, 0.983307, 0.210987, 0.000000, 0.000000, 0.000000, 1.000000, 0.167232, 0.071696, 0.983307, 0.232987, -0.983456, -0.058306, 0.171508, -0.052462, 0.069629, -0.995721, 0.060759, 0.209181, 0.000000, 0.000000, 0.000000, 1.000000, -0.998252, 0.021646, 0.055001, -0.016140, 0.054459, -0.024851, 0.998207, -0.103535, 0.022974, 0.999457, 0.023629, 0.009995, 0.000000, 0.000000, 0.000000, 1.000000
14.2620, 52.3203, -9.0931, 210.9422, 232.9422, -52.3203, 209.1665, -16.2840, -103.5188, 9.9947, 0.983682, 0.058225, -0.170237, 0.052320, -0.069534, 0.995698, -0.061239, -0.009093, 0.165939, 0.072077, 0.983498, 0.210942, 0.000000, 0.000000, 0.000000, 1.000000, 0.165939, 0.072077, 0.983498, 0.232942, -0.983682, -0.058225, 0.170237, -0.052320, 0.069534, -0.995698, 0.061239, 0.209167, 0.000000, 0.000000, 0.000000, 1.000000, -0.998170, 0.021614, 0.056481, -0.016284, 0.055947, -0.024523, 0.998133, -0.103519, 0.022958, 0.999466, 0.023269, 0.009995, 0.000000, 0.000000, 0.000000, 1.000000
14.3873, 52.1667, -9.0890, 210.9308, 232.9308, -52.1667, 209.1624, -16.3566, -103.4771, 9.9859, 0.984311, 0.058347, -0.166515, 0.052167, -0.069459, 0.995675, -0.061706, -0.009089, 0.162194, 0.072304, 0.984106, 0.210931, 0.000000, 0.000000, 0.000000, 1.000000, 0.162194, 0.072304, 0.984106, 0.232931, -0.984311, -0.058347, 0.166515, -0.052167, 0.069459, -0.995675, 0.061706, 0.209162, 0.000000, 0.000000, 0.000000, 1.000000, -0.998264, 0.021413, 0.054871, -0.016357, 0.054346, -0.024357, 0.998225, -0.103477, 0.022712, 0.999474, 0.023151, 0.009986, 0.000000, 0.000000, 0.000000, 1.000000
14.5345, 52.0176, -9.0700, 210.8466, 232.8466, -52.0176, 209.1435, -16.4644, -103.5027, 9.9846, 0.984566, 0.058061, -0.165100, 0.052018, -0.069088, 0.995692, -0.061846, -0.009070, 0.160798, 0.072298, 0.984336, 0.210847, 0.000000, 0.000000, 0.000000, 1.000000, 0.160798, 0.072298, 0.984336, 0.232847, -0.984566, -0.058061, 0.165100, -0.052018, 0.069088, -0.995692, 0.061846, 0.209143, 0.000000, 0.000000, 0.000000, 1.000000, -0.998196, 0.021637, 0.055998, -0.016464, 0.055467, -0.024392, 0.998163, -0.103503, 0.022963, 0.999468, 0.023148, 0.009985, 0.000000, 0.000000, 0.000000, 1.000000
14.6944, 51.8924, -9.0668, 210.8574, 232.8574, -51.8924, 209.1402, -16.6299, -103.4323, 9.9792, 0.984938, 0.058125, -0.162847, 0.051892, -0.068889, 0.995743, -0.061242, -0.009067, 0.158594, 0.071538, 0.984749, 0.210857, 0.000000, 0.000000, 0.000000, 1.000000, 0.158594, 0.071538, 0.984749, 0.232857, -0.984938, -0.058125, 0.162847, -0.051892, 0.068889, -0.995743, 0.061242, 0.209140, 0.000000, 0.000000, 0.000000, 1.000000, -0.998166, 0.021586, 0.056561, -0.016630, 0.056013, -0.025216, 0.998112, -0.103432, 0.022971, 0.999449, 0.023960, 0.009979, 0.000000, 0.000000, 0.000000, 1.000000
14.8377, 51.7524, -9.0618, 210.8789, 232.8789, -51.7524, 209.1352, -16.7515, -103.3547, 9.9756, 0.985673, 0.058471, -0.158207, 0.051752, -0.068950, 0.995718, -0.061570, -0.009062, 0.153930, 0.071597, 0.985484, 0.210879, 0.000000, 0.000000, 0.000000, 1.000000, 0.153930, 0.071597, 0.985484, 0.232879, -0.985673, -0.058471, 0.158207, -0.051752, 0.068950, -0.995718, 0.061570, 0.209135, 0.000000, 0.000000, 0.000000, 1.000000, -0.998297, 0.021172, 0.054356, -0.016751, 0.053817, -0.025246, 0.998232, -0.103355, 0.022507, 0.999457, 0.024064, 0.009976, 0.000000, 0.000000, 0.000000, 1.000000
14.9933, 51.6101, -9.0419, 210.8269, 232.8269, -51.6101, 209.1154, -16.8842, -103.3474, 9.9792, 0.986047, 0.058167, -0.155973, 0.051610, -0.068542, 0.995721, -0.061984, -0.009042, 0.151700, 0.071810, 0.985815, 0.210827, 0.000000, 0.000000, 0.000000, 1.000000, 0.151700, 0.071810, 0.985815, 0.232827, -0.986047, -0.058167, 0.155973, -0.051610, 0.068542, -0.995721, 0.061984, 0.209115, 0.000000, 0.000000, 0.000000, 1.000000, -0.998269, 0.021385, 0.054784, -0.016884, 0.054244, -0.025061, 0.998213, -0.103347, 0.022720, 0.999457, 0.023858, 0.009979, 0.000000, 0.000000, 0.000000, 1.000000
15.1427, 51.4818, -9.0387, 210.7988, 232.7988, -51.4818, 209.1122, -17.0234, -103.3181, 9.9697, 0.986256, 0.058035, -0.154695, 0.051482, -0.068232, 0.995776, -0.061437, -0.009039, 0.150476, 0.071148, 0.986050, 0.210799, 0.000000, 0.000000, 0.000000, 1.000000, 0.150476, 0.071148, 0.986050, 0.232799, -0.986256, -0.058035, 0.154695, -0.051482, 0.068232, -0.995776, 0.061437, 0.209112, 0.000000, 0.000000, 0.000000, 1.000000, -0.998191, 0.021517, 0.056144, -0.017023, 0.055585, -0.025765, 0.998121, -0.103318, 0.022923, 0.999436, 0.024522, 0.009970, 0.000000, 0.000000, 0.000000, 1.000000
15.2974, 51.3322, -9.0266, 210.7910, 232.7910, -51.3322, 209.1000, -17.1522, -103.2659, 9.9695, 0.986853, 0.058106, -0.150814, 0.051332, -0.068114, 0.995745, -0.062063, -0.009027, 0.146566, 0.071520, 0.986612, 0.210791, 0.000000, 0.000000, 0.000000, 1.000000, 0.146566, 0.071520, 0.986612, 0.232791, -0.986853, -0.058106, 0.150814, -0.051332, 0.068114, -0.995745, 0.062063, 0.209100, 0.000000, 0.000000, 0.000000, 1.000000, -0.998265, 0.021340, 0.054883, -0.017152, 0.054336, -0.025458, 0.998198, -0.103266, 0.022699, 0.999448, 0.024254, 0.009970, 0.000000, 0.000000, 0.000000, 1.000000
15.4340, 51.1870, -9.0161, 210.7349, 232.7349, -51.1870, 209.0895, -17.2486, -103.2673, 9.9633, 0.987105, 0.057894, -0.149236, 0.051187, -0.067862, 0.995730, -0.062589, -0.009016, 0.144975, 0.071909, 0.986819, 0.210735, 0.000000, 0.000000, 0.000000, 1.000000, 0.144975, 0.071909, 0.986819, 0.232735, -0.987105, -0.057894, 0.149236, -0.051187, 0.067862, -0.995730, 0.062589, 0.209090, 0.000000, 0.000000, 0.000000, 1.000000, -0.998221, 0.021455, 0.055634, -0.017249, 0.055092, -0.025101, 0.998166, -0.103267, 0.022812, 0.999455, 0.023875, 0.009963, 0.000000, 0.000000, 0.000000, 1.000000
15.5940, 51.0532, -9.0117, 210.7375, 232.7375, -51.0532, 209.0851, -17.4038, -103.2042, 9.9576, 0.987556, 0.058065, -0.146153, 0.051053, -0.067782, 0.995746, -0.062408, -0.009012, 0.141908, 0.071538, 0.987291, 0.210737, 0.000000, 0.000000, 0.000000, 1.000000, 0.141908, 0.071538, 0.987291, 0.232737, -0.987556, -0.058065, 0.146153, -0.051053, 0.067782, -0.995746, 0.062408, 0.209085, 0.000000, 0.000000, 0.000000, 1.000000, -0.998242, 0.021248, 0.055336, -0.017404, 0.054789, -0.025546, 0.998171, -0.103204, 0.022623, 0.999448, 0.024337, 0.009958, 0.000000, 0.000000, 0.000000, 1.000000
15.7469, 50.9159, -8.9989, 210.7289, 232.7289, -50.9159, 209.0723, -17.5410, -103.1546, 9.9589, 0.987933, 0.057988, -0.143618, 0.050916, -0.067510, 0.995769, -0.062337, -0.008999, 0.139396, 0.071281, 0.987668, 0.210729, 0.000000, 0.000000, 0.000000, 1.000000, 0.139396, 0.071281, 0.987668, 0.232729, -0.987933, -0.057988, 0.143618, -0.050916, 0.067510, -0.995769, 0.062337, 0.209072, 0.000000, 0.000000, 0.000000, 1.000000, -0.998234, 0.021280, 0.055458, -0.017541, 0.054903, -0.025853, 0.998157, -0.103155, 0.022674, 0.999439, 0.024639, 0.009959, 0.000000, 0.000000, 0.000000, 1.000000
15.8946, 50.7752, -8.9935, 210.7434, 232.7434, -50.7752, 209.0670, -17.6678, -103.0828, 9.9548, 0.988308, 0.057813, -0.141086, 0.050775, -0.067136, 0.995801, -0.062239, -0.008994, 0.136896, 0.070984, 0.988039, 0.210743, 0.000000, 0.000000, 0.000000, 1.000000, 0.136896, 0.070984, 0.988039, 0.232743, -0.988308, -0.057813, 0.141086, -0.050775, 0.067136, -0.995801, 0.062239, 0.209067, 0.000000, 0.000000, 0.000000, 1.000000, -0.998229, 0.021413, 0.055494, -0.017668, 0.054928, -0.026190, 0.998147, -0.103083, 0.022826, 0.999428, 0.024968, 0.009955, 0.000000, 0.000000, 0.000000, 1.000000
16.0550, 50.6392, -8.9785, 210.6908, 232.6908, -50.6392, 209.0519, -17.8158, -103.0748, 9.9541, 0.988663, 0.057981, -0.138508, 0.050639, -0.067195, 0.995761, -0.062801, -0.008978, 0.134279, 0.071396, 0.988368, 0.210691, 0.000000, 0.000000, 0.000000, 1.000000, 0.134279, 0.071396, 0.988368, 0.232691, -0.988663, -0.057981, 0.138508, -0.050639, 0.067195, -0.995761, 0.062801, 0.209052, 0.000000, 0.000000, 0.000000, 1.000000, -0.998226, 0.021137, 0.055654, -0.017816, 0.055102, -0.025852, 0.998146, -0.103075, 0.022537, 0.999442, 0.024641, 0.009954, 0.000000, 0.000000, 0.000000, 1.000000
16.1886, 50.4843, -8.9602, 210.6165, 232.6165, -50.4843, 209.0337, -17.8951, -103.0955, 9.9530, 0.988826, 0.057722, -0.137443, 0.050484, -0.066873, 0.995776, -0.062914, -0.008960, 0.133230, 0.071402, 0.988510, 0.210617, 0.000000, 0.000000, 0.000000, 1.000000, 0.133230, 0.071402, 0.988510, 0.232617, -0.988826, -0.057722, 0.137443, -0.050484, 0.066873, -0.995776, 0.062914, 0.209034, 0.000000, 0.000000, 0.000000, 1.000000, -0.998152, 0.021335, 0.056902, -0.017895, 0.056345, -0.025875, 0.998076, -0.103096, 0.022766, 0.999437, 0.024625, 0.009953, 0.000000, 0.000000, 0.000000, 1.000000
16.3358, 50.3575, -8.9652, 210.6531, 232.6531, -50.3575, 209.0387, -18.0370, -103.0023, 9.9419, 0.989345, 0.057813, -0.133621, 0.050357, -0.066565, 0.995855, -0.061985, -0.008965, 0.129483, 0.070219, 0.989092, 0.210653, 0.000000, 0.000000, 0.000000, 1.000000, 0.129483, 0.070219, 0.989092, 0.232653, -0.989345, -0.057813, 0.133621, -0.050357, 0.066565, -0.995855, 0.061985, 0.209039, 0.000000, 0.000000, 0.000000, 1.000000, -0.998221, 0.021270, 0.055704, -0.018037, 0.055120, -0.027118, 0.998111, -0.103002, 0.022741, 0.999406, 0.025897, 0.009942, 0.000000, 0.000000, 0.000000, 1.000000
16.4971, 50.2024, -8.9431, 210.6337, 232.6337, -50.2024, 209.0166, -18.1695, -102.9603, 9.9500, 0.989918, 0.057939, -0.129246, 0.050202, -0.066468, 0.995818, -0.062681, -0.008943, 0.125073, 0.070639, 0.989630, 0.210634, 0.000000, 0.000000, 0.000000, 1.000000, 0.125073, 0.070639, 0.989630, 0.232634, -0.989918, -0.057939, 0.129246, -0.050202, 0.066468, -0.995818, 0.062681, 0.209017, 0.000000, 0.000000, 0.000000, 1.000000, -0.998316, 0.021036, 0.054069, -0.018170, 0.053499, -0.026767, 0.998209, -0.102960, 0.022446, 0.999420, 0.025597, 0.009950, 0.000000, 0.000000, 0.000000, 1.000000
16.6474, 50.0708, -8.9393, 210.5853, 232.5853, -50.0708, 209.0128, -18.3051, -102.9509, 9.9389, 0.989878, 0.057661, -0.129683, 0.050071, -0.066130, 0.995884, -0.061978, -0.008939, 0.125575, 0.069926, 0.989617, 0.210585, 0.000000, 0.000000, 0.000000, 1.000000, 0.125575, 0.069926, 0.989617, 0.232585, -0.989878, -0.057661, 0.129683, -0.050071, 0.066130, -0.995884, 0.061978, 0.209013, 0.000000, 0.000000, 0.000000, 1.000000, -0.998137, 0.021296, 0.057181, -0.018305, 0.056587, -0.027516, 0.998018, -0.102951, 0.022827, 0.999394, 0.026259, 0.009939, 0.000000, 0.000000, 0.000000, 1.000000
16.8034, 49.9315, -8.9394, 210.5540, 232.5540, -49.9315, 209.0129, -18.4448, -102.9216, 9.9250, 0.990240, 0.057699, -0.126870, 0.049931, -0.065970, 0.995894, -0.061986, -0.008939, 0.122772, 0.069750, 0.989981, 0.210554, 0.000000, 0.000000, 0.000000, 1.000000, 0.122772, 0.069750, 0.989981, 0.232554, -0.990240, -0.057699, 0.126870, -0.049931, 0.065970, -0.995894, 0.061986, 0.209013, 0.000000, 0.000000, 0.000000, 1.000000, -0.998145, 0.021196, 0.057077, -0.018445, 0.056480, -0.027752, 0.998018, -0.102922, 0.022738, 0.999390, 0.026503, 0.009925, 0.000000, 0.000000, 0.000000, 1.000000
16.9545, 49.7777, -8.9148, 210.5222, 232.5222, -49.7777, 208.9882, -18.5593, -102.8959, 9.9345, 0.990616, 0.057568, -0.123961, 0.049778, -0.065792, 0.995823, -0.063305, -0.008915, 0.119799, 0.070867, 0.990266, 0.210522, 0.000000, 0.000000, 0.000000, 1.000000, 0.119799, 0.070867, 0.990266, 0.232522, -0.990616, -0.057568, 0.123961, -0.049778, 0.065792, -0.995823, 0.063305, 0.208988, 0.000000, 0.000000, 0.000000, 1.000000, -0.998167, 0.021177, 0.056689, -0.018559, 0.056118, -0.026683, 0.998068, -0.102896, 0.022649, 0.999420, 0.025446, 0.009934, 0.000000, 0.000000, 0.000000, 1.000000
17.0890, 49.6482, -8.9182, 210.5198, 232.5198, -49.6482, 208.9916, -18.6721, -102.8449, 9.9206, 0.990860, 0.057547, -0.122005, 0.049648, -0.065512, 0.995904, -0.062312, -0.008918, 0.117919, 0.069736, 0.990572, 0.210520, 0.000000, 0.000000, 0.000000, 1.000000, 0.117919, 0.069736, 0.990572, 0.232520, -0.990860, -0.057547, 0.122005, -0.049648, 0.065512, -0.995904, 0.062312, 0.208992, 0.000000, 0.000000, 0.000000, 1.000000, -0.998140, 0.021211, 0.057150, -0.018672, 0.056550, -0.027866, 0.998011, -0.102845, 0.022761, 0.999387, 0.026615, 0.009921, 0.000000, 0.000000, 0.000000, 1.000000
17.2441, 49.5185, -8.9184, 210.5421, 232.5421, -49.5185, 208.9919, -18.8228, -102.7634, 9.9125, 0.991366, 0.057648, -0.117771, 0.049518, -0.065359, 0.995890, -0.062694, -0.008918, 0.113673, 0.069850, 0.991060, 0.210542, 0.000000, 0.000000, 0.000000, 1.000000, 0.113673, 0.069850, 0.991060, 0.232542, -0.991366, -0.057648, 0.117771, -0.049518, 0.065359, -0.995890, 0.062694, 0.208992, 0.000000, 0.000000, 0.000000, 1.000000, -0.998233, 0.021027, 0.055580, -0.018823, 0.054987, -0.027815, 0.998100, -0.102763, 0.022533, 0.999392, 0.026610, 0.009913, 0.000000, 0.000000, 0.000000, 1.000000
17.3971, 49.3570, -8.9056, 210.5321, 232.5321, -49.3570, 208.9791, -18.9347, -102.7139, 9.9119, 0.991609, 0.057640, -0.115708, 0.049357, -0.065238, 0.995880, -0.062981, -0.008906, 0.111601, 0.070001, 0.991285, 0.210532, 0.000000, 0.000000, 0.000000, 1.000000, 0.111601, 0.070001, 0.991285, 0.232532, -0.991609, -0.057640, 0.115708, -0.049357, 0.065238, -0.995880, 0.062981, 0.208979, 0.000000, 0.000000, 0.000000, 1.000000, -0.998202, 0.020951, 0.056155, -0.018935, 0.055566, -0.027720, 0.998070, -0.102714, 0.022467, 0.999396, 0.026506, 0.009912, 0.000000, 0.000000, 0.000000, 1.000000
17.5307, 49.2329, -8.8925, 210.5180, 232.5180, -49.2329, 208.9660, -19.0489, -102.6773, 9.9139, 0.991958, 0.057631, -0.112687, 0.049233, -0.064962, 0.995928, -0.062501, -0.008893, 0.108626, 0.069319, 0.991663, 0.210518, 0.000000, 0.000000, 0.000000, 1.000000, 0.108626, 0.069319, 0.991663, 0.232518, -0.991958, -0.057631, 0.112687, -0.049233, 0.064962, -0.995928, 0.062501, 0.208966, 0.000000, 0.000000, 0.000000, 1.000000, -0.998239, 0.020935, 0.055495, -0.019049, 0.054890, -0.028450, 0.998087, -0.102677, 0.022474, 0.999376, 0.027251, 0.009914, 0.000000, 0.000000, 0.000000, 1.000000
17.6766, 49.0944, -8.8797, 210.5146, 232.5146, -49.0944, 208.9532, -19.1712, -102.6252, 9.9157, 0.992201, 0.057248, -0.110727, 0.049094, -0.064522, 0.995909, -0.063263, -0.008880, 0.106652, 0.069914, 0.991835, 0.210515, 0.000000, 0.000000, 0.000000, 1.000000, 0.106652, 0.069914, 0.991835, 0.232515, -0.992201, -0.057248, 0.110727, -0.049094, 0.064522, -0.995909, 0.063263, 0.208953, 0.000000, 0.000000, 0.000000, 1.000000, -0.998205, 0.021213, 0.056014, -0.019171, 0.055415, -0.027888, 0.998074, -0.102625, 0.022734, 0.999386, 0.026663, 0.009916, 0.000000, 0.000000, 0.000000, 1.000000
17.8321, 48.9327, -8.8698, 210.4707, 232.4707, -48.9327, 208.9432, -19.2859, -102.6086, 9.9088, 0.992540, 0.057361, -0.107581, 0.048933, -0.064303, 0.995989, -0.062212, -0.008870, 0.103581, 0.068666, 0.992248, 0.210471, 0.000000, 0.000000, 0.000000, 1.000000, 0.103581, 0.068666, 0.992248, 0.232471, -0.992540, -0.057361, 0.107581, -0.048933, 0.064303, -0.995989, 0.062212, 0.208943, 0.000000, 0.000000, 0.000000, 1.000000, -0.998227, 0.021090, 0.055659, -0.019286, 0.055032, -0.029200, 0.998058, -0.102609, 0.022674, 0.999351, 0.027988, 0.009909, 0.000000, 0.000000, 0.000000, 1.000000
17.9991, 48.8068, -8.8575, 210.4851, 232.4851, -48.8068, 208.9310, -19.4591, -102.5322, 9.9127, 0.992913, 0.057356, -0.104085, 0.048807, -0.064114, 0.995966, -0.062785, -0.008858, 0.100064, 0.069014, 0.992585, 0.210485, 0.000000, 0.000000, 0.000000, 1.000000, 0.100064, 0.069014, 0.992585, 0.232485, -0.992913, -0.057356, 0.104085, -0.048807, 0.064114, -0.995966, 0.062785, 0.208931, 0.000000, 0.000000, 0.000000, 1.000000, -0.998264, 0.020992, 0.055025, -0.019459, 0.054408, -0.028913, 0.998100, -0.102532, 0.022543, 0.999361, 0.027721, 0.009913, 0.000000, 0.000000, 0.000000, 1.000000
18.1459, 48.6743, -8.8522, 210.4793, 232.4793, -48.6743, 208.9257, -19.5893, -102.4814, 9.9068, 0.992987, 0.057270, -0.103426, 0.048674, -0.064040, 0.995934, -0.063364, -0.008852, 0.099376, 0.069543, 0.992617, 0.210479, 0.000000, 0.000000, 0.000000, 1.000000, 0.099376, 0.069543, 0.992617, 0.232479, -0.992987, -0.057270, 0.103426, -0.048674, 0.064040, -0.995934, 0.063364, 0.208926, 0.000000, 0.000000, 0.000000, 1.000000, -0.998161, 0.020980, 0.056877, -0.019589, 0.056271, -0.028437, 0.998010, -0.102481, 0.022556, 0.999375, 0.027204, 0.009907, 0.000000, 0.000000, 0.000000, 1.000000
18.2918, 48.5327, -8.8388, 210.4923, 232.4923, -48.5327, 208.9123, -19.7085, -102.4130, 9.9105, 0.993428, 0.057459, -0.098992, 0.048533, -0.063924, 0.995938, -0.063419, -0.008839, 0.094946, 0.069330, 0.993065, 0.210492, 0.000000, 0.000000, 0.000000, 1.000000, 0.094946, 0.069330, 0.993065, 0.232492, -0.993428, -0.057459, 0.098992, -0.048533, 0.063924, -0.995938, 0.063419, 0.208912, 0.000000, 0.000000, 0.000000, 1.000000, -0.998272, 0.020728, 0.054980, -0.019709, 0.054375, -0.028711, 0.998108, -0.102413, 0.022267, 0.999373, 0.027535, 0.009911, 0.000000, 0.000000, 0.000000, 1.000000
18.4491, 48.3852, -8.8291, 210.4243, 232.4243, -48.3852, 208.9025, -19.8394, -102.4206, 9.9022, 0.993545, 0.057346, -0.097879, 0.048385, -0.063764, 0.995927, -0.063752, -0.008829, 0.093824, 0.069582, 0.993154, 0.210424, 0.000000, 0.000000, 0.000000, 1.000000, 0.093824, 0.069582, 0.993154, 0.232424, -0.993545, -0.057346, 0.097879, -0.048385, 0.063764, -0.995927, 0.063752, 0.208903, 0.000000, 0.000000, 0.000000, 1.000000, -0.998182, 0.020752, 0.056582, -0.019839, 0.055980, -0.028512, 0.998025, -0.102421, 0.022324, 0.999378, 0.027298, 0.009902, 0.000000, 0.000000, 0.000000, 1.000000
18.5963, 48.2598, -8.8225, 210.4596, 232.4596, -48.2598, 208.8960, -19.9783, -102.3296, 9.9025, 0.993804, 0.057388, -0.095182, 0.048260, -0.063576, 0.995967, -0.063310, -0.008823, 0.091165, 0.068969, 0.993445, 0.210460, 0.000000, 0.000000, 0.000000, 1.000000, 0.091165, 0.068969, 0.993445, 0.232460, -0.993804, -0.057388, 0.095182, -0.048260, 0.063576, -0.995967, 0.063310, 0.208896, 0.000000, 0.000000, 0.000000, 1.000000, -0.998190, 0.020660, 0.056486, -0.019978, 0.055872, -0.029180, 0.998011, -0.102330, 0.022268, 0.999361, 0.027973, 0.009902, 0.000000, 0.000000, 0.000000, 1.000000
18.7493, 48.1022, -8.8186, 210.4296, 232.4296, -48.1022, 208.8921, -20.0931, -102.3001, 9.8913, 0.994191, 0.057072, -0.091250, 0.048102, -0.063004, 0.995991, -0.063497, -0.008819, 0.087261, 0.068877, 0.993802, 0.210430, 0.000000, 0.000000, 0.000000, 1.000000, 0.087261, 0.068877, 0.993802, 0.232430, -0.994191, -0.057072, 0.091250, -0.048102, 0.063004, -0.995991, 0.063497, 0.208892, 0.000000, 0.000000, 0.000000, 1.000000, -0.998256, 0.020902, 0.055206, -0.020093, 0.054582, -0.029317, 0.998079, -0.102300, 0.022480, 0.999352, 0.028125, 0.009891, 0.000000, 0.000000, 0.000000, 1.000000
18.8829, 47.9599, -8.8077, 210.3697, 232.3697, -47.9599, 208.8811, -20.1872, -102.3085, 9.8853, 0.994187, 0.057063, -0.091301, 0.047960, -0.062909, 0.996061, -0.062488, -0.008808, 0.087376, 0.067869, 0.993861, 0.210370, 0.000000, 0.000000, 0.000000, 1.000000, 0.087376, 0.067869, 0.993861, 0.232370, -0.994187, -0.057063, 0.091301, -0.047960, 0.062909, -0.996061, 0.062488, 0.208881, 0.000000, 0.000000, 0.000000, 1.000000, -0.998118, 0.020877, 0.057663, -0.020187, 0.057016, -0.030375, 0.997911, -0.102308, 0.022585, 0.999321, 0.029127, 0.009885, 0.000000, 0.000000, 0.000000, 1.000000
19.0455, 47.8379, -8.7972, 210.3827, 232.3827, -47.8379, 208.8707, -20.3554, -102.2347, 9.8876, 0.994522, 0.056916, -0.087668, 0.047838, -0.062554, 0.996053, -0.062965, -0.008797, 0.083738, 0.068104, 0.994158, 0.210383, 0.000000, 0.000000, 0.000000, 1.000000, 0.083738, 0.068104, 0.994158, 0.232383, -0.994522, -0.056916, 0.087668, -0.047838, 0.062554, -0.996053, 0.062965, 0.208871, 0.000000, 0.000000, 0.000000, 1.000000, -0.998165, 0.020930, 0.056829, -0.020355, 0.056184, -0.030194, 0.997964, -0.102235, 0.022603, 0.999325, 0.028963, 0.009888, 0.000000, 0.000000, 0.000000, 1.000000
19.2001, 47.6747, -8.7896, 210.3728, 232.3728, -47.6747, 208.8631, -20.4679, -102.1846, 9.8813, 0.994780, 0.056804, -0.084767, 0.047675, -0.062291, 0.996033, -0.063553, -0.008790, 0.080821, 0.068501, 0.994372, 0.210373, 0.000000, 0.000000, 0.000000, 1.000000, 0.080821, 0.068501, 0.994372, 0.232373, -0.994780, -0.056804, 0.084767, -0.047675, 0.062291, -0.996033, 0.063553, 0.208863, 0.000000, 0.000000, 0.000000, 1.000000, -0.998178, 0.020950, 0.056580, -0.020468, 0.055943, -0.029854, 0.997988, -0.102185, 0.022597, 0.999335, 0.028627, 0.009881, 0.000000, 0.000000, 0.000000, 1.000000
19.3496, 47.5410, -8.7854, 210.3701, 232.3701, -47.5410, 208.8588, -20.6008, -102.1302, 9.8749, 0.995012, 0.056934, -0.081915, 0.047541, -0.062164, 0.996089, -0.062781, -0.008785, 0.078021, 0.067560, 0.994660, 0.210370, 0.000000, 0.000000, 0.000000, 1.000000, 0.078021, 0.067560, 0.994660, 0.232370, -0.995012, -0.056934, 0.081915, -0.047541, 0.062164, -0.996089, 0.062781, 0.208859, 0.000000, 0.000000, 0.000000, 1.000000, -0.998193, 0.020766, 0.056395, -0.020601, 0.055741, -0.030854, 0.997968, -0.102130, 0.022464, 0.999308, 0.029641, 0.009875, 0.000000, 0.000000, 0.000000, 1.000000
19.4871, 47.4060, -8.7814, 210.3365, 232.3365, -47.4060, 208.8549, -20.7103, -102.1108, 9.8652, 0.995087, 0.056966, -0.080969, 0.047406, -0.062135, 0.996089, -0.062819, -0.008781, 0.077073, 0.067541, 0.994735, 0.210337, 0.000000, 0.000000, 0.000000, 1.000000, 0.077073, 0.067541, 0.994735, 0.232337, -0.995087, -0.056966, 0.080969, -0.047406, 0.062135, -0.996089, 0.062819, 0.208855, 0.000000, 0.000000, 0.000000, 1.000000, -0.998112, 0.020661, 0.057843, -0.020710, 0.057190, -0.030923, 0.997884, -0.102111, 0.022406, 0.999308, 0.029683, 0.009865, 0.000000, 0.000000, 0.000000, 1.000000
19.6427, 47.2529, -8.7717, 210.3100, 232.3100, -47.2529, 208.8452, -20.8338, -102.0780, 9.8604, 0.995320, 0.056859, -0.078131, 0.047253, -0.061894, 0.996053, -0.063612, -0.008772, 0.074205, 0.068150, 0.994912, 0.210310, 0.000000, 0.000000, 0.000000, 1.000000, 0.074205, 0.068150, 0.994912, 0.232310, -0.995320, -0.056859, 0.078131, -0.047253, 0.061894, -0.996053, 0.063612, 0.208845, 0.000000, 0.000000, 0.000000, 1.000000, -0.998122, 0.020671, 0.057658, -0.020834, 0.057017, -0.030367, 0.997911, -0.102078, 0.022379, 0.999325, 0.029131, 0.009860, 0.000000, 0.000000, 0.000000, 1.000000
19.8105, 47.1126, -8.7574, 210.2877, 232.2877, -47.1126, 208.8309, -20.9915, -102.0373, 9.8616, 0.995552, 0.056842, -0.075137, 0.047113, -0.061706, 0.996035, -0.064077, -0.008757, 0.071197, 0.068429, 0.995112, 0.210288, 0.000000, 0.000000, 0.000000, 1.000000, 0.071197, 0.068429, 0.995112, 0.232288, -0.995552, -0.056842, 0.075137, -0.047113, 0.061706, -0.996035, 0.064077, 0.208831, 0.000000, 0.000000, 0.000000, 1.000000, -0.998130, 0.020594, 0.057559, -0.020991, 0.056925, -0.030149, 0.997923, -0.102037, 0.022287, 0.999333, 0.028920, 0.009862, 0.000000, 0.000000, 0.000000, 1.000000
19.9288, 46.9859, -8.7501, 210.3153, 232.3153, -46.9859, 208.8236, -21.0754, -101.9647, 9.8618, 0.995686, 0.056908, -0.073287, 0.046986, -0.061600, 0.996083, -0.063442, -0.008750, 0.069389, 0.067683, 0.995291, 0.210315, 0.000000, 0.000000, 0.000000, 1.000000, 0.069389, 0.067683, 0.995291, 0.232315, -0.995686, -0.056908, 0.073287, -0.046986, 0.061600, -0.996083, 0.063442, 0.208824, 0.000000, 0.000000, 0.000000, 1.000000, -0.998117, 0.020478, 0.057821, -0.021075, 0.057173, -0.030938, 0.997885, -0.101965, 0.022223, 0.999312, 0.029709, 0.009862, 0.000000, 0.000000, 0.000000, 1.000000
20.1111, 46.8421, -8.7425, 210.3657, 232.3657, -46.8421, 208.8160, -21.2562, -101.8456, 9.8633, 0.996111, 0.056934, -0.067237, 0.046842, -0.061229, 0.996092, -0.063647, -0.008743, 0.063351, 0.067516, 0.995705, 0.210366, 0.000000, 0.000000, 0.000000, 1.000000, 0.063351, 0.067516, 0.995705, 0.232366, -0.996111, -0.056934, 0.067237, -0.046842, 0.061229, -0.996092, 0.063647, 0.208816, 0.000000, 0.000000, 0.000000, 1.000000, -0.998282, 0.020355, 0.054947, -0.021256, 0.054298, -0.031171, 0.998038, -0.101846, 0.022028, 0.999307, 0.030012, 0.009863, 0.000000, 0.000000, 0.000000, 1.000000
20.2263, 46.6910, -8.7442, 210.3139, 232.3139, -46.6910, 208.8177, -21.3100, -101.8521, 9.8449, 0.996109, 0.056998, -0.067217, 0.046691, -0.061253, 0.996130, -0.063036, -0.008744, 0.063364, 0.066908, 0.995745, 0.210314, 0.000000, 0.000000, 0.000000, 1.000000, 0.063364, 0.066908, 0.995745, 0.232314, -0.996109, -0.056998, 0.067217, -0.046691, 0.061253, -0.996130, 0.063036, 0.208818, 0.000000, 0.000000, 0.000000, 1.000000, -0.998170, 0.020235, 0.056979, -0.021310, 0.056319, -0.031822, 0.997906, -0.101852, 0.022005, 0.999289, 0.030624, 0.009845, 0.000000, 0.000000, 0.000000, 1.000000
20.4152, 46.5625, -8.7196, 210.2682, 232.2682, -46.5625, 208.7930, -21.5159, -101.8275, 9.8546, 0.996275, 0.056660, -0.064998, 0.046563, -0.060779, 0.996145, -0.063246, -0.008720, 0.061164, 0.066961, 0.995879, 0.210268, 0.000000, 0.000000, 0.000000, 1.000000, 0.061164, 0.066961, 0.995879, 0.232268, -0.996275, -0.056660, 0.064998, -0.046563, 0.060779, -0.996145, 0.063246, 0.208793, 0.000000, 0.000000, 0.000000, 1.000000, -0.998104, 0.020468, 0.058042, -0.021516, 0.057374, -0.031837, 0.997845, -0.101828, 0.022272, 0.999283, 0.030602, 0.009855, 0.000000, 0.000000, 0.000000, 1.000000
20.5427, 46.4028, -8.7126, 210.2463, 232.2463, -46.4028, 208.7860, -21.5825, -101.8007, 9.8472, 0.996375, 0.056607, -0.063500, 0.046403, -0.060641, 0.996137, -0.063516, -0.008713, 0.059659, 0.067136, 0.995959, 0.210246, 0.000000, 0.000000, 0.000000, 1.000000, 0.059659, 0.067136, 0.995959, 0.232246, -0.996375, -0.056607, 0.063500, -0.046403, 0.060641, -0.996137, 0.063516, 0.208786, 0.000000, 0.000000, 0.000000, 1.000000, -0.998063, 0.020450, 0.058746, -0.021583, 0.058081, -0.031707, 0.997808, -0.101801, 0.022268, 0.999288, 0.030458, 0.009847, 0.000000, 0.000000, 0.000000, 1.000000
20.7286, 46.2794, -8.7077, 210.2908, 232.2908, -46.2794, 208.7812, -21.7892, -101.6859, 9.8468, 0.996667, 0.056938, -0.058418, 0.046279, -0.060619, 0.996152, -0.063304, -0.008708, 0.054589, 0.066635, 0.996283, 0.210291, 0.000000, 0.000000, 0.000000, 1.000000, 0.054589, 0.066635, 0.996283, 0.232291, -0.996667, -0.056938, 0.058418, -0.046279, 0.060619, -0.996152, 0.063304, 0.208781, 0.000000, 0.000000, 0.000000, 1.000000, -0.998177, 0.020016, 0.056934, -0.021789, 0.056271, -0.032275, 0.997894, -0.101686, 0.021812, 0.999279, 0.031090, 0.009847, 0.000000, 0.000000, 0.000000, 1.000000
20.8375, 46.1371, -8.7017, 210.2020, 232.2020, -46.1371, 208.7751, -21.8406, -101.7329, 9.8332, 0.996627, 0.056544, -0.059476, 0.046137, -0.060249, 0.996228, -0.062452, -0.008702, 0.055720, 0.065825, 0.996274, 0.210202, 0.000000, 0.000000, 0.000000, 1.000000, 0.055720, 0.065825, 0.996274, 0.232202, -0.996627, -0.056544, 0.059476, -0.046137, 0.060249, -0.996228, 0.062452, 0.208775, 0.000000, 0.000000, 0.000000, 1.000000, -0.997994, 0.020349, 0.059952, -0.021841, 0.059258, -0.033126, 0.997693, -0.101733, 0.022288, 0.999244, 0.031854, 0.009833, 0.000000, 0.000000, 0.000000, 1.000000
21.1878, 45.8394, -8.6822, 210.2031, 232.2031, -45.8394, 208.7557, -22.1638, -101.5995, 9.8297, 0.996974, 0.056728, -0.053150, 0.045839, -0.060059, 0.996184, -0.063321, -0.008682, 0.049355, 0.066322, 0.996577, 0.210203, 0.000000, 0.000000, 0.000000, 1.000000, 0.049355, 0.066322, 0.996577, 0.232203, -0.996974, -0.056728, 0.053150, -0.045839, 0.060059, -0.996184, 0.063321, 0.208756, 0.000000, 0.000000, 0.000000, 1.000000, -0.998018, 0.019965, 0.059680, -0.022164, 0.059007, -0.032750, 0.997720, -0.101600, 0.021874, 0.999264, 0.031507, 0.009830, 0.000000, 0.000000, 0.000000, 1.000000
21.3069, 45.7125, -8.6762, 210.1887, 232.1887, -45.7125, 208.7496, -22.2482, -101.5689, 9.8245, 0.997086, 0.056519, -0.051237, 0.045713, -0.059700, 0.996236, -0.062841, -0.008676, 0.047493, 0.065716, 0.996707, 0.210189, 0.000000, 0.000000, 0.000000, 1.000000, 0.047493, 0.065716, 0.996707, 0.232189, -0.997086, -0.056519, 0.051237, -0.045713, 0.059700, -0.996236, 0.062841, 0.208750, 0.000000, 0.000000, 0.000000, 1.000000, -0.998003, 0.020101, 0.059885, -0.022248, 0.059193, -0.033400, 0.997688, -0.101569, 0.022055, 0.999240, 0.032144, 0.009825, 0.000000, 0.000000, 0.000000, 1.000000
21.4343, 45.5553, -8.6703, 210.1892, 232.1892, -45.5553, 208.7438, -22.3168, -101.5205, 9.8183, 0.997293, 0.056587, -0.046952, 0.045555, -0.059473, 0.996270, -0.062528, -0.008670, 0.043239, 0.065151, 0.996938, 0.210189, 0.000000, 0.000000, 0.000000, 1.000000, 0.043239, 0.065151, 0.996938, 0.232189, -0.997293, -0.056587, 0.046952, -0.045555, 0.059473, -0.996270, 0.062528, 0.208744, 0.000000, 0.000000, 0.000000, 1.000000, -0.998125, 0.019953, 0.057859, -0.022317, 0.057159, -0.034011, 0.997786, -0.101521, 0.021876, 0.999222, 0.032807, 0.009818, 0.000000, 0.000000, 0.000000, 1.000000
21.5956, 45.4219, -8.6606, 210.1755, 232.1755, -45.4219, 208.7340, -22.4690, -101.4734, 9.8164, 0.997360, 0.056185, -0.046011, 0.045422, -0.058983, 0.996338, -0.061900, -0.008661, 0.042364, 0.064450, 0.997021, 0.210176, 0.000000, 0.000000, 0.000000, 1.000000, 0.042364, 0.064450, 0.997021, 0.232176, -0.997360, -0.056185, 0.046011, -0.045422, 0.058983, -0.996338, 0.061900, 0.208734, 0.000000, 0.000000, 0.000000, 1.000000, -0.998006, 0.020249, 0.059777, -0.022469, 0.059050, -0.034775, 0.997649, -0.101473, 0.022280, 0.999190, 0.033510, 0.009816, 0.000000, 0.000000, 0.000000, 1.000000
21.7397, 45.2984, -8.6520, 210.1927, 232.1927, -45.2984, 208.7255, -22.6001, -101.4020, 9.8171, 0.997508, 0.056161, -0.042700, 0.045298, -0.058808, 0.996247, -0.063517, -0.008652, 0.038972, 0.065870, 0.997067, 0.210193, 0.000000, 0.000000, 0.000000, 1.000000, 0.038972, 0.065870, 0.997067, 0.232193, -0.997508, -0.056161, 0.042700, -0.045298, 0.058808, -0.996247, 0.063517, 0.208725, 0.000000, 0.000000, 0.000000, 1.000000, -0.998061, 0.020210, 0.058866, -0.022600, 0.058171, -0.033404, 0.997748, -0.101402, 0.022130, 0.999238, 0.032164, 0.009817, 0.000000, 0.000000, 0.000000, 1.000000
21.9133, 45.1257, -8.6365, 210.1430, 232.1430, -45.1257, 208.7099, -22.7350, -101.3869, 9.8143, 0.997610, 0.055928, -0.040572, 0.045126, -0.058417, 0.996302, -0.063010, -0.008636, 0.036898, 0.065230, 0.997188, 0.210143, 0.000000, 0.000000, 0.000000, 1.000000, 0.036898, 0.065230, 0.997188, 0.232143, -0.997610, -0.055928, 0.040572, -0.045126, 0.058417, -0.996302, 0.063010, 0.208710, 0.000000, 0.000000, 0.000000, 1.000000, -0.998003, 0.020329, 0.059808, -0.022735, 0.059093, -0.034112, 0.997670, -0.101387, 0.022321, 0.999211, 0.032842, 0.009814, 0.000000, 0.000000, 0.000000, 1.000000
22.0623, 44.9949, -8.6382, 210.0925, 232.0925, -44.9949, 208.7117, -22.8697, -101.3800, 9.7976, 0.997659, 0.056285, -0.038833, 0.044995, -0.058651, 0.996305, -0.062748, -0.008638, 0.035158, 0.064879, 0.997274, 0.210092, 0.000000, 0.000000, 0.000000, 1.000000, 0.035158, 0.064879, 0.997274, 0.232092, -0.997659, -0.056285, 0.038833, -0.044995, 0.058651, -0.996305, 0.062748, 0.208712, 0.000000, 0.000000, 0.000000, 1.000000, -0.997959, 0.019875, 0.060690, -0.022870, 0.059981, -0.034507, 0.997603, -0.101380, 0.021921, 0.999207, 0.033244, 0.009798, 0.000000, 0.000000, 0.000000, 1.000000
22.2073, 44.8557, -8.6393, 210.1066, 232.1066, -44.8557, 208.7127, -22.9871, -101.3107, 9.7872, 0.997750, 0.055821, -0.037145, 0.044856, -0.058036, 0.996418, -0.061506, -0.008639, 0.033579, 0.063523, 0.997415, 0.210107, 0.000000, 0.000000, 0.000000, 1.000000, 0.033579, 0.063523, 0.997415, 0.232107, -0.997750, -0.055821, 0.037145, -0.044856, 0.058036, -0.996418, 0.061506, 0.208713, 0.000000, 0.000000, 0.000000, 1.000000, -0.997894, 0.020219, 0.061629, -0.022987, 0.060876, -0.035927, 0.997499, -0.101311, 0.022383, 0.999150, 0.034620, 0.009787, 0.000000, 0.000000, 0.000000, 1.000000
22.3699, 44.7246, -8.6266, 210.2084, 232.2084, -44.7246, 208.7001, -23.1398, -101.1478, 9.7994, 0.997954, 0.056124, -0.030622, 0.044725, -0.057934, 0.996404, -0.061830, -0.008627, 0.027042, 0.063477, 0.997617, 0.210208, 0.000000, 0.000000, 0.000000, 1.000000, 0.027042, 0.063477, 0.997617, 0.232208, -0.997954, -0.056124, 0.030622, -0.044725, 0.057934, -0.996404, 0.061830, 0.208700, 0.000000, 0.000000, 0.000000, 1.000000, -0.998123, 0.019813, 0.057940, -0.023140, 0.057201, -0.036025, 0.997713, -0.101148, 0.021855, 0.999154, 0.034824, 0.009799, 0.000000, 0.000000, 0.000000, 1.000000
22.5132, 44.5664, -8.6114, 210.1322, 232.1322, -44.5664, 208.6848, -23.2364, -101.1712, 9.7949, 0.997935, 0.056184, -0.031119, 0.044566, -0.058061, 0.996317, -0.063091, -0.008611, 0.027460, 0.064768, 0.997522, 0.210132, 0.000000, 0.000000, 0.000000, 1.000000, 0.027460, 0.064768, 0.997522, 0.232132, -0.997935, -0.056184, 0.031119, -0.044566, 0.058061, -0.996317, 0.063091, 0.208685, 0.000000, 0.000000, 0.000000, 1.000000, -0.997954, 0.019701, 0.060833, -0.023236, 0.060124, -0.034781, 0.997585, -0.101171, 0.021769, 0.999201, 0.033525, 0.009795, 0.000000, 0.000000, 0.000000, 1.000000
22.6389, 44.4481, -8.6104, 210.2315, 232.2315, -44.4481, 208.6839, -23.3366, -101.0248, 9.7965, 0.998099, 0.055997, -0.025758, 0.044448, -0.057526, 0.996353, -0.063017, -0.008610, 0.022135, 0.064379, 0.997680, 0.210232, 0.000000, 0.000000, 0.000000, 1.000000, 0.022135, 0.064379, 0.997680, 0.232232, -0.998099, -0.055997, 0.025758, -0.044448, 0.057526, -0.996353, 0.063017, 0.208684, 0.000000, 0.000000, 0.000000, 1.000000, -0.998138, 0.019799, 0.057690, -0.023337, 0.056969, -0.035219, 0.997755, -0.101025, 0.021786, 0.999183, 0.034026, 0.009797, 0.000000, 0.000000, 0.000000, 1.000000
22.8028, 44.2975, -8.5998, 210.1667, 232.1667, -44.2975, 208.6733, -23.4773, -101.0281, 9.7890, 0.998088, 0.056159, -0.025812, 0.044297, -0.057675, 0.996389, -0.062310, -0.008600, 0.022219, 0.063680, 0.997723, 0.210167, 0.000000, 0.000000, 0.000000, 1.000000, 0.022219, 0.063680, 0.997723, 0.232167, -0.998088, -0.056159, 0.025812, -0.044297, 0.057675, -0.996389, 0.062310, 0.208673, 0.000000, 0.000000, 0.000000, 1.000000, -0.997968, 0.019512, 0.060651, -0.023477, 0.059923, -0.035970, 0.997555, -0.101028, 0.021646, 0.999162, 0.034727, 0.009789, 0.000000, 0.000000, 0.000000, 1.000000
22.9557, 44.1618, -8.5876, 210.1312, 232.1312, -44.1618, 208.6611, -23.6123, -101.0062, 9.7872, 0.998139, 0.056110, -0.023898, 0.044162, -0.057549, 0.996254, -0.064549, -0.008588, 0.020187, 0.065804, 0.997628, 0.210131, 0.000000, 0.000000, 0.000000, 1.000000, 0.020187, 0.065804, 0.997628, 0.232131, -0.998139, -0.056110, 0.023898, -0.044162, 0.057549, -0.996254, 0.064549, 0.208661, 0.000000, 0.000000, 0.000000, 1.000000, -0.997932, 0.019545, 0.061240, -0.023612, 0.060555, -0.033897, 0.997589, -0.101006, 0.021574, 0.999234, 0.032644, 0.009787, 0.000000, 0.000000, 0.000000, 1.000000
23.0924, 44.0170, -8.5981, 210.1872, 232.1872, -44.0170, 208.6716, -23.7071, -100.8983, 9.7712, 0.998220, 0.055934, -0.020692, 0.044017, -0.057135, 0.996385, -0.062863, -0.008598, 0.017101, 0.063934, 0.997808, 0.210187, 0.000000, 0.000000, 0.000000, 1.000000, 0.017101, 0.063934, 0.997808, 0.232187, -0.998220, -0.055934, 0.020692, -0.044017, 0.057135, -0.996385, 0.062863, 0.208672, 0.000000, 0.000000, 0.000000, 1.000000, -0.997973, 0.019565, 0.060554, -0.023707, 0.059827, -0.035824, 0.997566, -0.100898, 0.021686, 0.999167, 0.034580, 0.009771, 0.000000, 0.000000, 0.000000, 1.000000
23.2734, 43.8718, -8.5895, 210.2088, 232.2088, -43.8718, 208.6630, -23.8796, -100.8080, 9.7707, 0.998308, 0.055988, -0.015672, 0.043872, -0.056856, 0.996458, -0.061962, -0.008590, 0.012147, 0.062748, 0.997955, 0.210209, 0.000000, 0.000000, 0.000000, 1.000000, 0.012147, 0.062748, 0.997955, 0.232209, -0.998308, -0.055988, 0.015672, -0.043872, 0.056856, -0.996458, 0.061962, 0.208663, 0.000000, 0.000000, 0.000000, 1.000000, -0.998084, 0.019347, 0.058778, -0.023880, 0.058033, -0.037069, 0.997626, -0.100808, 0.021480, 0.999125, 0.035875, 0.009771, 0.000000, 0.000000, 0.000000, 1.000000
23.3802, 43.7344, -8.5912, 210.2221, 232.2221, -43.7344, 208.6647, -23.9300, -100.7558, 9.7598, 0.998347, 0.055701, -0.014148, 0.043734, -0.056470, 0.996510, -0.061469, -0.008591, 0.010674, 0.062167, 0.998009, 0.210222, 0.000000, 0.000000, 0.000000, 1.000000, 0.010674, 0.062167, 0.998009, 0.232222, -0.998347, -0.055701, 0.014148, -0.043734, 0.056470, -0.996510, 0.061469, 0.208665, 0.000000, 0.000000, 0.000000, 1.000000, -0.998057, 0.019538, 0.059157, -0.023930, 0.058391, -0.037700, 0.997582, -0.100756, 0.021721, 0.999098, 0.036486, 0.009760, 0.000000, 0.000000, 0.000000, 1.000000
23.5775, 43.5917, -8.5726, 210.1766, 232.1766, -43.5917, 208.6461, -24.1358, -100.7264, 9.7628, 0.998390, 0.055437, -0.011968, 0.043592, -0.056079, 0.996476, -0.062376, -0.008573, 0.008468, 0.062947, 0.997981, 0.210177, 0.000000, 0.000000, 0.000000, 1.000000, 0.008468, 0.062947, 0.997981, 0.232177, -0.998390, -0.055437, 0.011968, -0.043592, 0.056079, -0.996476, 0.062376, 0.208646, 0.000000, 0.000000, 0.000000, 1.000000, -0.997982, 0.019710, 0.060355, -0.024136, 0.059597, -0.037000, 0.997537, -0.100726, 0.021895, 0.999121, 0.035751, 0.009763, 0.000000, 0.000000, 0.000000, 1.000000
23.6769, 43.4451, -8.5720, 210.1856, 232.1856, -43.4451, 208.6455, -24.1638, -100.6825, 9.7530, 0.998418, 0.055422, -0.009519, 0.043445, -0.055901, 0.996575, -0.060942, -0.008572, 0.006109, 0.061378, 0.998096, 0.210186, 0.000000, 0.000000, 0.000000, 1.000000, 0.006109, 0.061378, 0.998096, 0.232186, -0.998418, -0.055422, 0.009519, -0.043445, 0.055901, -0.996575, 0.060942, 0.208645, 0.000000, 0.000000, 0.000000, 1.000000, -0.998021, 0.019582, 0.059754, -0.024164, 0.058966, -0.038604, 0.997513, -0.100682, 0.021840, 0.999063, 0.037373, 0.009753, 0.000000, 0.000000, 0.000000, 1.000000
23.8557, 43.3055, -8.5625, 210.1505, 232.1505, -43.3055, 208.6359, -24.3404, -100.6494, 9.7483, 0.998439, 0.055377, -0.007308, 0.043306, -0.055720, 0.996587, -0.060906, -0.008562, 0.003910, 0.061218, 0.998117, 0.210150, 0.000000, 0.000000, 0.000000, 1.000000, 0.003910, 0.061218, 0.998117, 0.232150, -0.998439, -0.055377, 0.007308, -0.043306, 0.055720, -0.996587, 0.060906, 0.208636, 0.000000, 0.000000, 0.000000, 1.000000, -0.997967, 0.019498, 0.060669, -0.024340, 0.059879, -0.038827, 0.997450, -0.100649, 0.021804, 0.999056, 0.037581, 0.009748, 0.000000, 0.000000, 0.000000, 1.000000
24.0100, 43.1668, -8.5545, 210.1808, 232.1808, -43.1668, 208.6279, -24.4707, -100.5616, 9.7486, 0.998452, 0.055524, -0.003194, 0.043167, -0.055615, 0.996598, -0.060822, -0.008554, -0.000194, 0.060906, 0.998143, 0.210181, 0.000000, 0.000000, 0.000000, 1.000000, -0.000194, 0.060906, 0.998143, 0.232181, -0.998452, -0.055524, 0.003194, -0.043167, 0.055615, -0.996598, 0.060822, 0.208628, 0.000000, 0.000000, 0.000000, 1.000000, -0.998057, 0.019229, 0.059266, -0.024471, 0.058479, -0.039183, 0.997519, -0.100562, 0.021504, 0.999047, 0.037983, 0.009749, 0.000000, 0.000000, 0.000000, 1.000000
24.1712, 43.0212, -8.5469, 210.1682, 232.1682, -43.0212, 208.6203, -24.6091, -100.5133, 9.7433, 0.998467, 0.055312, -0.001837, 0.043021, -0.055322, 0.996650, -0.060239, -0.008547, -0.001501, 0.060249, 0.998182, 0.210168, 0.000000, 0.000000, 0.000000, 1.000000, -0.001501, 0.060249, 0.998182, 0.232168, -0.998467, -0.055312, 0.001837, -0.043021, 0.055322, -0.996650, 0.060239, 0.208620, 0.000000, 0.000000, 0.000000, 1.000000, -0.997966, 0.019292, 0.060766, -0.024609, 0.059960, -0.039911, 0.997403, -0.100513, 0.021667, 0.999017, 0.038673, 0.009743, 0.000000, 0.000000, 0.000000, 1.000000
24.3057, 42.8748, -8.5435, 210.1843, 232.1843, -42.8748, 208.6169, -24.6978, -100.4481, 9.7370, 0.998482, 0.055073, -0.000039, 0.042875, -0.054973, 0.996637, -0.060765, -0.008543, -0.003308, 0.060675, 0.998152, 0.210184, 0.000000, 0.000000, 0.000000, 1.000000, -0.003308, 0.060675, 0.998152, 0.232184, -0.998482, -0.055073, 0.000039, -0.042875, 0.054973, -0.996637, 0.060765, 0.208617, 0.000000, 0.000000, 0.000000, 1.000000, -0.997931, 0.019464, 0.061279, -0.024698, 0.060474, -0.039546, 0.997386, -0.100448, 0.021836, 0.999028, 0.038287, 0.009737, 0.000000, 0.000000, 0.000000, 1.000000
24.4767, 42.7453, -8.5356, 210.2121, 232.2121, -42.7453, 208.6090, -24.8661, -100.3552, 9.7376, 0.998465, 0.055230, 0.004037, 0.042745, -0.054882, 0.996628, -0.060989, -0.008536, -0.007392, 0.060674, 0.998130, 0.210212, 0.000000, 0.000000, 0.000000, 1.000000, -0.007392, 0.060674, 0.998130, 0.232212, -0.998465, -0.055230, -0.004037, -0.042745, 0.054882, -0.996628, 0.060989, 0.208609, 0.000000, 0.000000, 0.000000, 1.000000, -0.998003, 0.019189, 0.060180, -0.024866, 0.059386, -0.039594, 0.997450, -0.100355, 0.021522, 0.999032, 0.038375, 0.009738, 0.000000, 0.000000, 0.000000, 1.000000
24.5936, 42.6227, -8.5368, 210.2211, 232.2211, -42.6227, 208.6103, -24.9482, -100.3029, 9.7279, 0.998468, 0.055134, 0.004687, 0.042623, -0.054760, 0.996739, -0.059265, -0.008537, -0.007940, 0.058917, 0.998231, 0.210221, 0.000000, 0.000000, 0.000000, 1.000000, -0.007940, 0.058917, 0.998231, 0.232221, -0.998468, -0.055134, -0.004687, -0.042623, 0.054760, -0.996739, 0.059265, 0.208610, 0.000000, 0.000000, 0.000000, 1.000000, -0.997912, 0.019087, 0.061696, -0.024948, 0.060866, -0.041394, 0.997287, -0.100303, 0.021589, 0.998961, 0.040146, 0.009728, 0.000000, 0.000000, 0.000000, 1.000000
24.7474, 42.4491, -8.5169, 210.1661, 232.1661, -42.4491, 208.5904, -25.0474, -100.3036, 9.7288, 0.998464, 0.054795, 0.008205, 0.042449, -0.054201, 0.996698, -0.060462, -0.008517, -0.011491, 0.059925, 0.998137, 0.210166, 0.000000, 0.000000, 0.000000, 1.000000, -0.011491, 0.059925, 0.998137, 0.232166, -0.998464, -0.054795, -0.008205, -0.042449, 0.054201, -0.996698, 0.060462, 0.208590, 0.000000, 0.000000, 0.000000, 1.000000, -0.997963, 0.019384, 0.060783, -0.025047, 0.059962, -0.040464, 0.997380, -0.100304, 0.021793, 0.998993, 0.039219, 0.009729, 0.000000, 0.000000, 0.000000, 1.000000
24.8858, 42.3150, -8.5127, 210.1384, 232.1384, -42.3150, 208.5862, -25.1580, -100.2799, 9.7200, 0.998459, 0.054800, 0.008750, 0.042315, -0.054197, 0.996816, -0.058491, -0.008513, -0.011927, 0.057926, 0.998250, 0.210138, 0.000000, 0.000000, 0.000000, 1.000000, -0.011927, 0.057926, 0.998250, 0.232138, -0.998459, -0.054800, -0.008750, -0.042315, 0.054197, -0.996816, 0.058491, 0.208586, 0.000000, 0.000000, 0.000000, 1.000000, -0.997843, 0.019138, 0.062796, -0.025158, 0.061939, -0.042505, 0.997174, -0.100280, 0.021753, 0.998913, 0.041228, 0.009720, 0.000000, 0.000000, 0.000000, 1.000000
25.0545, 42.1872, -8.5043, 210.1771, 232.1771, -42.1872, 208.5778, -25.3226, -100.1770, 9.7223, 0.998428, 0.054799, 0.011797, 0.042187, -0.054002, 0.996757, -0.059667, -0.008504, -0.015028, 0.058936, 0.998149, 0.210177, 0.000000, 0.000000, 0.000000, 1.000000, -0.015028, 0.058936, 0.998149, 0.232177, -0.998428, -0.054799, -0.011797, -0.042187, 0.054002, -0.996757, 0.059667, 0.208578, 0.000000, 0.000000, 0.000000, 1.000000, -0.997855, 0.019089, 0.062613, -0.025323, 0.061779, -0.041553, 0.997225, -0.100177, 0.021638, 0.998954, 0.040285, 0.009722, 0.000000, 0.000000, 0.000000, 1.000000
25.1991, 42.0348, -8.5048, 210.2208, 232.2208, -42.0348, 208.5782, -25.4203, -100.0806, 9.7145, 0.998356, 0.054521, 0.017704, 0.042035, -0.053425, 0.996922, -0.057377, -0.008505, -0.020778, 0.056337, 0.998196, 0.210221, 0.000000, 0.000000, 0.000000, 1.000000, -0.020778, 0.056337, 0.998196, 0.232221, -0.998356, -0.054521, -0.017704, -0.042035, 0.053425, -0.996922, 0.057377, 0.208578, 0.000000, 0.000000, 0.000000, 1.000000, -0.998051, 0.019061, 0.059417, -0.025420, 0.058529, -0.044217, 0.997306, -0.100081, 0.021637, 0.998840, 0.043015, 0.009714, 0.000000, 0.000000, 0.000000, 1.000000
25.3358, 41.8952, -8.5002, 210.1862, 232.1862, -41.8952, 208.5737, -25.5227, -100.0651, 9.7048, 0.998350, 0.054698, 0.017461, 0.041895, -0.053586, 0.996829, -0.058820, -0.008500, -0.020623, 0.057787, 0.998116, 0.210186, 0.000000, 0.000000, 0.000000, 1.000000, -0.020623, 0.057787, 0.998116, 0.232186, -0.998350, -0.054698, -0.017461, -0.041895, 0.053586, -0.996829, 0.058820, 0.208574, 0.000000, 0.000000, 0.000000, 1.000000, -0.997901, 0.018894, 0.061932, -0.025523, 0.061079, -0.042801, 0.997215, -0.100065, 0.021492, 0.998905, 0.041557, 0.009705, 0.000000, 0.000000, 0.000000, 1.000000
25.5239, 41.7683, -8.4908, 210.2431, 232.2431, -41.7683, 208.5643, -25.7193, -99.9353, 9.7100, 0.998302, 0.054615, 0.020251, 0.041768, -0.053332, 0.996819, -0.059227, -0.008491, -0.023421, 0.058047, 0.998039, 0.210243, 0.000000, 0.000000, 0.000000, 1.000000, -0.023421, 0.058047, 0.998039, 0.232243, -0.998302, -0.054615, -0.020251, -0.041768, 0.053332, -0.996819, 0.059227, 0.208564, 0.000000, 0.000000, 0.000000, 1.000000, -0.997873, 0.018858, 0.062398, -0.025719, 0.061550, -0.042611, 0.997194, -0.099935, 0.021464, 0.998914, 0.041360, 0.009710, 0.000000, 0.000000, 0.000000, 1.000000
25.6588, 41.6230, -8.4883, 210.2585, 232.2585, -41.6230, 208.5617, -25.8086, -99.8714, 9.7029, 0.998226, 0.054408, 0.024165, 0.041623, -0.052938, 0.996924, -0.057798, -0.008488, -0.027235, 0.056416, 0.998036, 0.210259, 0.000000, 0.000000, 0.000000, 1.000000, -0.027235, 0.056416, 0.998036, 0.232259, -0.998226, -0.054408, -0.024165, -0.041623, 0.052938, -0.996924, 0.057798, 0.208562, 0.000000, 0.000000, 0.000000, 1.000000, -0.997963, 0.018826, 0.060953, -0.025809, 0.060072, -0.044299, 0.997211, -0.099871, 0.021473, 0.998841, 0.043078, 0.009703, 0.000000, 0.000000, 0.000000, 1.000000
25.8122, 41.4812, -8.4940, 210.2200, 232.2200, -41.4812, 208.5674, -25.9389, -99.8515, 9.6826, 0.998225, 0.054091, 0.024914, 0.041481, -0.052639, 0.997063, -0.055634, -0.008494, -0.027850, 0.054224, 0.998140, 0.210220, 0.000000, 0.000000, 0.000000, 1.000000, -0.027850, 0.054224, 0.998140, 0.232220, -0.998225, -0.054091, -0.024914, -0.041481, 0.052639, -0.997063, 0.055634, 0.208567, 0.000000, 0.000000, 0.000000, 1.000000, -0.997834, 0.018830, 0.063035, -0.025939, 0.062102, -0.046563, 0.996983, -0.099851, 0.021709, 0.998738, 0.045293, 0.009683, 0.000000, 0.000000, 0.000000, 1.000000
25.9458, 41.3457, -8.4688, 210.1716, 232.1716, -41.3457, 208.5422, -26.0399, -99.8531, 9.6924, 0.998212, 0.054128, 0.025374, 0.041346, -0.052570, 0.996903, -0.058493, -0.008469, -0.028461, 0.057055, 0.997965, 0.210172, 0.000000, 0.000000, 0.000000, 1.000000, -0.028461, 0.057055, 0.997965, 0.232172, -0.998212, -0.054128, -0.025374, -0.041346, 0.052570, -0.996903, 0.058493, 0.208542, 0.000000, 0.000000, 0.000000, 1.000000, -0.997725, 0.018940, 0.064693, -0.026040, 0.063815, -0.043782, 0.997001, -0.099853, 0.021715, 0.998862, 0.042474, 0.009692, 0.000000, 0.000000, 0.000000, 1.000000
26.0982, 41.1956, -8.4759, 210.2388, 232.2388, -41.1956, 208.5493, -26.1505, -99.7295, 9.6804, 0.998127, 0.053775, 0.029166, 0.041196, -0.052139, 0.997167, -0.054220, -0.008476, -0.031999, 0.052597, 0.998103, 0.210239, 0.000000, 0.000000, 0.000000, 1.000000, -0.031999, 0.052597, 0.998103, 0.232239, -0.998127, -0.053775, -0.029166, -0.041196, 0.052139, -0.997167, 0.054220, 0.208549, 0.000000, 0.000000, 0.000000, 1.000000, -0.997781, 0.018760, 0.063881, -0.026150, 0.062913, -0.048307, 0.996849, -0.099730, 0.021787, 0.998656, 0.047019, 0.009680, 0.000000, 0.000000, 0.000000, 1.000000
26.2613, 41.0665, -8.4654, 210.3039, 232.3039, -41.0665, 208.5389, -26.2993, -99.6033, 9.6865, 0.997927, 0.053950, 0.035096, 0.041067, -0.051903, 0.997034, -0.056822, -0.008465, -0.038058, 0.054883, 0.997767, 0.210304, 0.000000, 0.000000, 0.000000, 1.000000, -0.038058, 0.054883, 0.997767, 0.232304, -0.997927, -0.053950, -0.035096, -0.041067, 0.051903, -0.997034, 0.056822, 0.208539, 0.000000, 0.000000, 0.000000, 1.000000, -0.997986, 0.018672, 0.060622, -0.026299, 0.059710, -0.046066, 0.997152, -0.099603, 0.021412, 0.998764, 0.044858, 0.009686, 0.000000, 0.000000, 0.000000, 1.000000
26.4872, 40.9212, -8.4559, 210.3072, 232.3072, -40.9212, 208.5293, -26.5465, -99.5106, 9.6851, 0.997860, 0.053937, 0.036970, 0.040921, -0.051855, 0.997133, -0.055114, -0.008456, -0.039836, 0.053079, 0.997795, 0.210307, 0.000000, 0.000000, 0.000000, 1.000000, -0.039836, 0.053079, 0.997795, 0.232307, -0.997860, -0.053937, -0.036970, -0.040921, 0.051855, -0.997133, 0.055114, 0.208529, 0.000000, 0.000000, 0.000000, 1.000000, -0.997857, 0.018323, 0.062810, -0.026547, 0.061872, -0.047936, 0.996932, -0.099511, 0.021278, 0.998682, 0.046700, 0.009685, 0.000000, 0.000000, 0.000000, 1.000000
26.6225, 40.7872, -8.4415, 210.3278, 232.3278, -40.7872, 208.5149, -26.6455, -99.4419, 9.6911, 0.997755, 0.053688, 0.040038, 0.040787, -0.051406, 0.997107, -0.055985, -0.008441, -0.042928, 0.053801, 0.997628, 0.210328, 0.000000, 0.000000, 0.000000, 1.000000, -0.042928, 0.053801, 0.997628, 0.232328, -0.997755, -0.053688, -0.040038, -0.040787, 0.051406, -0.997107, 0.055985, 0.208515, 0.000000, 0.000000, 0.000000, 1.000000, -0.997901, 0.018532, 0.062045, -0.026645, 0.061112, -0.047286, 0.997010, -0.099442, 0.021410, 0.998709, 0.046055, 0.009691, 0.000000, 0.000000, 0.000000, 1.000000
26.7517, 40.6214, -8.4414, 210.2771, 232.2771, -40.6214, 208.5148, -26.7107, -99.4480, 9.6731, 0.997733, 0.053957, 0.040228, 0.040621, -0.051638, 0.997061, -0.056598, -0.008441, -0.043164, 0.054393, 0.997586, 0.210277, 0.000000, 0.000000, 0.000000, 1.000000, -0.043164, 0.054393, 0.997586, 0.232277, -0.997733, -0.053957, -0.040228, -0.040621, 0.051638, -0.997061, 0.056598, 0.208515, 0.000000, 0.000000, 0.000000, 1.000000, -0.997780, 0.018219, 0.064060, -0.026711, 0.063151, -0.046715, 0.996910, -0.099448, 0.021155, 0.998742, 0.045461, 0.009673, 0.000000, 0.000000, 0.000000, 1.000000
26.9398, 40.4874, -8.4482, 210.3032, 232.3032, -40.4874, 208.5217, -26.9016, -99.3471, 9.6586, 0.997580, 0.053713, 0.044142, 0.040487, -0.051362, 0.997285, -0.052775, -0.008448, -0.046857, 0.050380, 0.997630, 0.210303, 0.000000, 0.000000, 0.000000, 1.000000, -0.046857, 0.050380, 0.997630, 0.232303, -0.997580, -0.053713, -0.044142, -0.040487, 0.051362, -0.997285, 0.052775, 0.208522, 0.000000, 0.000000, 0.000000, 1.000000, -0.997809, 0.017876, 0.063707, -0.026902, 0.062729, -0.050791, 0.996737, -0.099347, 0.021053, 0.998549, 0.049559, 0.009659, 0.000000, 0.000000, 0.000000, 1.000000
27.0554, 40.3584, -8.4432, 210.3123, 232.3123, -40.3584, 208.5167, -26.9728, -99.2979, 9.6545, 0.997559, 0.053350, 0.045062, 0.040358, -0.050896, 0.997245, -0.053963, -0.008443, -0.047817, 0.051538, 0.997526, 0.210312, 0.000000, 0.000000, 0.000000, 1.000000, -0.047817, 0.051538, 0.997526, 0.232312, -0.997559, -0.053350, -0.045062, -0.040358, 0.050896, -0.997245, 0.053963, 0.208517, 0.000000, 0.000000, 0.000000, 1.000000, -0.997737, 0.018261, 0.064716, -0.026973, 0.063741, -0.049717, 0.996727, -0.099298, 0.021419, 0.998596, 0.048441, 0.009655, 0.000000, 0.000000, 0.000000, 1.000000
27.1912, 40.2096, -8.4521, 210.3492, 232.3492, -40.2096, 208.5255, -27.0569, -99.2123, 9.6380, 0.997325, 0.053451, 0.049867, 0.040210, -0.050800, 0.997302, -0.052991, -0.008452, -0.052565, 0.050316, 0.997349, 0.210349, 0.000000, 0.000000, 0.000000, 1.000000, -0.052565, 0.050316, 0.997349, 0.232349, -0.997325, -0.053451, -0.049867, -0.040210, 0.050800, -0.997302, 0.052991, 0.208526, 0.000000, 0.000000, 0.000000, 1.000000, -0.997893, 0.017907, 0.062358, -0.027057, 0.061376, -0.050963, 0.996813, -0.099212, 0.021027, 0.998540, 0.049757, 0.009638, 0.000000, 0.000000, 0.000000, 1.000000
27.3076, 40.0680, -8.4352, 210.3989, 232.3989, -40.0680, 208.5087, -27.1112, -99.1254, 9.6487, 0.997141, 0.053075, 0.053781, 0.040068, -0.050250, 0.997352, -0.052582, -0.008435, -0.056429, 0.049729, 0.997167, 0.210399, 0.000000, 0.000000, 0.000000, 1.000000, -0.056429, 0.049729, 0.997167, 0.232399, -0.997141, -0.053075, -0.053781, -0.040068, 0.050250, -0.997352, 0.052582, 0.208509, 0.000000, 0.000000, 0.000000, 1.000000, -0.998003, 0.018109, 0.060511, -0.027111, 0.059507, -0.051626, 0.996892, -0.099125, 0.021177, 0.998502, 0.050446, 0.009649, 0.000000, 0.000000, 0.000000, 1.000000
27.4680, 39.9358, -8.4471, 210.4244, 232.4244, -39.9358, 208.5206, -27.2554, -99.0376, 9.6292, 0.997000, 0.052946, 0.056465, 0.039936, -0.050073, 0.997435, -0.051146, -0.008447, -0.059028, 0.048165, 0.997094, 0.210424, 0.000000, 0.000000, 0.000000, 1.000000, -0.059028, 0.048165, 0.997094, 0.232424, -0.997000, -0.052946, -0.056465, -0.039936, 0.050073, -0.997435, 0.051146, 0.208521, 0.000000, 0.000000, 0.000000, 1.000000, -0.997994, 0.017910, 0.060727, -0.027255, 0.059699, -0.053245, 0.996795, -0.099038, 0.021086, 0.998421, 0.052069, 0.009629, 0.000000, 0.000000, 0.000000, 1.000000
27.6420, 39.7924, -8.4324, 210.3861, 232.3861, -39.7924, 208.5059, -27.4177, -99.0103, 9.6290, 0.996967, 0.053044, 0.056952, 0.039792, -0.050088, 0.997383, -0.052138, -0.008432, -0.059569, 0.049127, 0.997015, 0.210386, 0.000000, 0.000000, 0.000000, 1.000000, -0.059569, 0.049127, 0.997015, 0.232386, -0.996967, -0.053044, -0.056952, -0.039792, 0.050088, -0.997383, 0.052138, 0.208506, 0.000000, 0.000000, 0.000000, 1.000000, -0.997843, 0.017766, 0.063198, -0.027418, 0.062193, -0.052332, 0.996691, -0.099010, 0.021015, 0.998472, 0.051114, 0.009629, 0.000000, 0.000000, 0.000000, 1.000000
27.7563, 39.6539, -8.4369, 210.3110, 232.3110, -39.6539, 208.5103, -27.4878, -99.0455, 9.6066, 0.997113, 0.052310, 0.055036, 0.039654, -0.049665, 0.997594, -0.048377, -0.008437, -0.057435, 0.045504, 0.997312, 0.210311, 0.000000, 0.000000, 0.000000, 1.000000, -0.057435, 0.045504, 0.997312, 0.232311, -0.997113, -0.052310, -0.055036, -0.039654, 0.049665, -0.997594, 0.048377, 0.208510, 0.000000, 0.000000, 0.000000, 1.000000, -0.997567, 0.017948, 0.067361, -0.027488, 0.066262, -0.056054, 0.996227, -0.099045, 0.021656, 0.998266, 0.054728, 0.009607, 0.000000, 0.000000, 0.000000, 1.000000
27.9180, 39.5146, -8.4263, 210.3872, 232.3872, -39.5146, 208.4998, -27.6189, -98.9103, 9.6139, 0.996827, 0.052222, 0.060080, 0.039515, -0.049404, 0.997650, -0.047469, -0.008426, -0.062418, 0.044350, 0.997064, 0.210387, 0.000000, 0.000000, 0.000000, 1.000000, -0.062418, 0.044350, 0.997064, 0.232387, -0.996827, -0.052222, -0.060080, -0.039515, 0.049404, -0.997650, 0.047469, 0.208500, 0.000000, 0.000000, 0.000000, 1.000000, -0.997714, 0.017733, 0.065207, -0.027619, 0.064097, -0.057259, 0.996300, -0.098910, 0.021401, 0.998202, 0.055992, 0.009614, 0.000000, 0.000000, 0.000000, 1.000000
28.0811, 39.3655, -8.4302, 210.3467, 232.3467, -39.3655, 208.5037, -27.7583, -98.8892, 9.5945, 0.996711, 0.052303, 0.061894, 0.039366, -0.049455, 0.997685, -0.046680, -0.008430, -0.064192, 0.043466, 0.996991, 0.210347, 0.000000, 0.000000, 0.000000, 1.000000, -0.064192, 0.043466, 0.996991, 0.232347, -0.996711, -0.052303, -0.061894, -0.039366, 0.049455, -0.997685, 0.046680, 0.208504, 0.000000, 0.000000, 0.000000, 1.000000, -0.997649, 0.017376, 0.066288, -0.027758, 0.065177, -0.058176, 0.996176, -0.098889, 0.021166, 0.998155, 0.056907, 0.009595, 0.000000, 0.000000, 0.000000, 1.000000
28.1975, 39.2290, -8.4089, 210.3626, 232.3626, -39.2290, 208.4823, -27.8207, -98.8364, 9.6068, 0.996555, 0.051950, 0.064646, 0.039229, -0.048844, 0.997617, -0.048729, -0.008409, -0.067023, 0.045403, 0.996718, 0.210363, 0.000000, 0.000000, 0.000000, 1.000000, -0.067023, 0.045403, 0.996718, 0.232363, -0.996555, -0.051950, -0.064646, -0.039229, 0.048844, -0.997617, 0.048729, 0.208482, 0.000000, 0.000000, 0.000000, 1.000000, -0.997698, 0.017861, 0.065425, -0.027821, 0.064327, -0.056337, 0.996337, -0.098836, 0.021481, 0.998252, 0.055058, 0.009607, 0.000000, 0.000000, 0.000000, 1.000000
28.3491, 39.0895, -8.4149, 210.4042, 232.4042, -39.0895, 208.4884, -27.9390, -98.7387, 9.5942, 0.996423, 0.051742, 0.066806, 0.039089, -0.048759, 0.997772, -0.045538, -0.008415, -0.069013, 0.042118, 0.996726, 0.210404, 0.000000, 0.000000, 0.000000, 1.000000, -0.069013, 0.042118, 0.996726, 0.232404, -0.996423, -0.051742, -0.066806, -0.039089, 0.048759, -0.997772, 0.045538, 0.208488, 0.000000, 0.000000, 0.000000, 1.000000, -0.997658, 0.017481, 0.066128, -0.027939, 0.064979, -0.059667, 0.996101, -0.098739, 0.021359, 0.998065, 0.058391, 0.009594, 0.000000, 0.000000, 0.000000, 1.000000
28.5161, 38.9615, -8.4070, 210.4070, 232.4070, -38.9615, 208.4804, -28.0992, -98.6717, 9.5925, 0.996399, 0.051881, 0.067056, 0.038962, -0.048860, 0.997749, -0.045936, -0.008407, -0.069289, 0.042495, 0.996691, 0.210407, 0.000000, 0.000000, 0.000000, 1.000000, -0.069289, 0.042495, 0.996691, 0.232407, -0.996399, -0.051881, -0.067056, -0.038962, 0.048860, -0.997749, 0.045936, 0.208480, 0.000000, 0.000000, 0.000000, 1.000000, -0.997485, 0.017221, 0.068753, -0.028099, 0.067623, -0.059325, 0.995946, -0.098672, 0.021230, 0.998090, 0.058011, 0.009593, 0.000000, 0.000000, 0.000000, 1.000000
28.6585, 38.8037, -8.4154, 210.4475, 232.4475, -38.8037, 208.4888, -28.1833, -98.5818, 9.5761, 0.995876, 0.051324, 0.074818, 0.038804, -0.048210, 0.997918, -0.042850, -0.008415, -0.076861, 0.039066, 0.996276, 0.210448, 0.000000, 0.000000, 0.000000, 1.000000, -0.076861, 0.039066, 0.996276, 0.232448, -0.995876, -0.051324, -0.074818, -0.038804, 0.048210, -0.997918, 0.042850, 0.208489, 0.000000, 0.000000, 0.000000, 1.000000, -0.997822, 0.017152, 0.063693, -0.028183, 0.062501, -0.062838, 0.996065, -0.098582, 0.021086, 0.997876, 0.061629, 0.009576, 0.000000, 0.000000, 0.000000, 1.000000
28.8092, 38.6705, -8.4156, 210.4243, 232.4243, -38.6705, 208.4890, -28.3143, -98.5483, 9.5633, 0.996027, 0.051294, 0.072794, 0.038671, -0.048230, 0.997900, -0.043241, -0.008416, -0.074859, 0.039559, 0.996409, 0.210424, 0.000000, 0.000000, 0.000000, 1.000000, -0.074859, 0.039559, 0.996409, 0.232424, -0.996027, -0.051294, -0.072794, -0.038671, 0.048230, -0.997900, 0.043241, 0.208489, 0.000000, 0.000000, 0.000000, 1.000000, -0.997518, 0.017085, 0.068307, -0.028314, 0.067120, -0.062400, 0.995792, -0.098548, 0.021276, 0.997905, 0.061098, 0.009563, 0.000000, 0.000000, 0.000000, 1.000000
28.9938, 38.5302, -8.4029, 210.4396, 232.4396, -38.5302, 208.4764, -28.4901, -98.4625, 9.5666, 0.995818, 0.051474, 0.075483, 0.038530, -0.048239, 0.997863, -0.044077, -0.008403, -0.077590, 0.040251, 0.996172, 0.210440, 0.000000, 0.000000, 0.000000, 1.000000, -0.077590, 0.040251, 0.996172, 0.232440, -0.995818, -0.051474, -0.075483, -0.038530, 0.048239, -0.997863, 0.044077, 0.208476, 0.000000, 0.000000, 0.000000, 1.000000, -0.997491, 0.016806, 0.068774, -0.028490, 0.067617, -0.061744, 0.995799, -0.098462, 0.020981, 0.997951, 0.060453, 0.009567, 0.000000, 0.000000, 0.000000, 1.000000
29.1182, 38.3947, -8.4261, 210.4576, 232.4576, -38.3947, 208.4996, -28.5687, -98.3993, 9.5350, 0.995615, 0.050753, 0.078585, 0.038395, -0.047949, 0.998158, -0.037174, -0.008426, -0.080327, 0.033243, 0.996214, 0.210458, 0.000000, 0.000000, 0.000000, 1.000000, -0.080327, 0.033243, 0.996214, 0.232458, -0.995615, -0.050753, -0.078585, -0.038395, 0.047949, -0.998158, 0.037174, 0.208500, 0.000000, 0.000000, 0.000000, 1.000000, -0.997530, 0.016358, 0.068304, -0.028569, 0.067029, -0.068810, 0.995375, -0.098399, 0.020983, 0.997496, 0.067544, 0.009535, 0.000000, 0.000000, 0.000000, 1.000000
29.2601, 38.2550, -8.3859, 210.4565, 232.4565, -38.2550, 208.4594, -28.6723, -98.3537, 9.5640, 0.995469, 0.051076, 0.080205, 0.038255, -0.047682, 0.997907, -0.043676, -0.008386, -0.082268, 0.039654, 0.995821, 0.210457, 0.000000, 0.000000, 0.000000, 1.000000, -0.082268, 0.039654, 0.995821, 0.232457, -0.995469, -0.051076, -0.080205, -0.038255, 0.047682, -0.997907, 0.043676, 0.208459, 0.000000, 0.000000, 0.000000, 1.000000, -0.997495, 0.016823, 0.068714, -0.028672, 0.067541, -0.062471, 0.995759, -0.098354, 0.021045, 0.997905, 0.061178, 0.009564, 0.000000, 0.000000, 0.000000, 1.000000
29.4170, 38.1120, -8.4140, 210.5033, 232.5033, -38.1120, 208.4874, -28.7949, -98.2468, 9.5298, 0.995120, 0.050113, 0.084995, 0.038112, -0.047202, 0.998239, -0.035920, -0.008414, -0.086646, 0.031733, 0.995734, 0.210503, 0.000000, 0.000000, 0.000000, 1.000000, -0.086646, 0.031733, 0.995734, 0.232503, -0.995120, -0.050113, -0.084995, -0.038112, 0.047202, -0.998239, 0.035920, 0.208487, 0.000000, 0.000000, 0.000000, 1.000000, -0.997606, 0.016403, 0.067176, -0.028795, 0.065864, -0.070481, 0.995336, -0.098247, 0.021062, 0.997378, 0.069232, 0.009530, 0.000000, 0.000000, 0.000000, 1.000000
29.5748, 37.9833, -8.4179, 210.4868, 232.4868, -37.9833, 208.4914, -28.9414, -98.2021, 9.5144, 0.995307, 0.049691, 0.083040, 0.037983, -0.046924, 0.998287, -0.034950, -0.008418, -0.084634, 0.030889, 0.995933, 0.210487, 0.000000, 0.000000, 0.000000, 1.000000, -0.084634, 0.030889, 0.995933, 0.232487, -0.995307, -0.049691, -0.083040, -0.037983, 0.046924, -0.998287, 0.034950, 0.208491, 0.000000, 0.000000, 0.000000, 1.000000, -0.997273, 0.016496, 0.071934, -0.028941, 0.070585, -0.071424, 0.994945, -0.098202, 0.021550, 0.997310, 0.070065, 0.009514, 0.000000, 0.000000, 0.000000, 1.000000
29.7004, 37.8286, -8.4446, 210.5458, 232.5458, -37.8286, 208.5180, -28.9964, -98.1010, 9.4819, 0.994440, 0.049340, 0.093031, 0.037829, -0.046736, 0.998458, -0.029966, -0.008445, -0.094366, 0.025451, 0.995212, 0.210546, 0.000000, 0.000000, 0.000000, 1.000000, -0.094366, 0.025451, 0.995212, 0.232546, -0.994440, -0.049340, -0.093031, -0.037829, 0.046736, -0.998458, 0.029966, 0.208518, 0.000000, 0.000000, 0.000000, 1.000000, -0.997795, 0.015833, 0.064457, -0.028996, 0.063060, -0.076874, 0.995045, -0.098101, 0.020710, 0.996915, 0.075706, 0.009482, 0.000000, 0.000000, 0.000000, 1.000000
29.8455, 37.6995, -8.4375, 210.5052, 232.5052, -37.6995, 208.5109, -29.1237, -98.0878, 9.4750, 0.994926, 0.048880, 0.087935, 0.037700, -0.046547, 0.998513, -0.028386, -0.008437, -0.089192, 0.024149, 0.995722, 0.210505, 0.000000, 0.000000, 0.000000, 1.000000, -0.089192, 0.024149, 0.995722, 0.232505, -0.994926, -0.048880, -0.087935, -0.037700, 0.046547, -0.998513, 0.028386, 0.208511, 0.000000, 0.000000, 0.000000, 1.000000, -0.997266, 0.015885, 0.072173, -0.029124, 0.070720, -0.078269, 0.994421, -0.098088, 0.021445, 0.996806, 0.076932, 0.009475, 0.000000, 0.000000, 0.000000, 1.000000
30.0089, 37.5722, -8.4308, 210.5433, 232.5433, -37.5722, 208.5042, -29.2714, -97.9876, 9.4756, 0.994770, 0.048494, 0.089890, 0.037572, -0.046071, 0.998522, -0.028842, -0.008431, -0.091156, 0.024550, 0.995534, 0.210543, 0.000000, 0.000000, 0.000000, 1.000000, -0.091156, 0.024550, 0.995534, 0.232543, -0.994770, -0.048494, -0.089890, -0.037572, 0.046071, -0.998522, 0.028842, 0.208504, 0.000000, 0.000000, 0.000000, 1.000000, -0.997200, 0.016107, 0.073027, -0.029271, 0.071561, -0.077982, 0.994383, -0.097988, 0.021712, 0.996825, 0.076611, 0.009476, 0.000000, 0.000000, 0.000000, 1.000000
30.1526, 37.4187, -8.4685, 210.5211, 232.5211, -37.4187, 208.5420, -29.3720, -97.9559, 9.4242, 0.994586, 0.047537, 0.092409, 0.037419, -0.045875, 0.998746, -0.020026, -0.008469, -0.093245, 0.015678, 0.995520, 0.210521, 0.000000, 0.000000, 0.000000, 1.000000, -0.093245, 0.015678, 0.995520, 0.232521, -0.994586, -0.047537, -0.092409, -0.037419, 0.045875, -0.998746, 0.020026, 0.208542, 0.000000, 0.000000, 0.000000, 1.000000, -0.997172, 0.015391, 0.073566, -0.029372, 0.071962, -0.086903, 0.993614, -0.097956, 0.021686, 0.996098, 0.085550, 0.009424, 0.000000, 0.000000, 0.000000, 1.000000
30.3095, 37.2781, -8.4476, 210.5840, 232.5840, -37.2781, 208.5210, -29.4898, -97.8386, 9.4404, 0.994034, 0.047284, 0.098290, 0.037278, -0.045176, 0.998701, -0.023566, -0.008448, -0.099277, 0.018985, 0.994879, 0.210584, 0.000000, 0.000000, 0.000000, 1.000000, -0.099277, 0.018985, 0.994879, 0.232584, -0.994034, -0.047284, -0.098290, -0.037278, 0.045176, -0.998701, 0.023566, 0.208521, 0.000000, 0.000000, 0.000000, 1.000000, -0.997407, 0.015958, 0.070181, -0.029490, 0.068611, -0.083739, 0.994123, -0.097839, 0.021741, 0.996360, 0.082427, 0.009440, 0.000000, 0.000000, 0.000000, 1.000000
30.4792, 37.1384, -8.4678, 210.5942, 232.5942, -37.1384, 208.5412, -29.6414, -97.7616, 9.4106, 0.994026, 0.046973, 0.098516, 0.037138, -0.045450, 0.998811, -0.017658, -0.008468, -0.099229, 0.013075, 0.994979, 0.210594, 0.000000, 0.000000, 0.000000, 1.000000, -0.099229, 0.013075, 0.994979, 0.232594, -0.994026, -0.046973, -0.098516, -0.037138, 0.045450, -0.998811, 0.017658, 0.208541, 0.000000, 0.000000, 0.000000, 1.000000, -0.997199, 0.015005, 0.073267, -0.029641, 0.071639, -0.089642, 0.993394, -0.097762, 0.021474, 0.995861, 0.088316, 0.009411, 0.000000, 0.000000, 0.000000, 1.000000
30.6035, 37.0169, -8.4528, 210.5476, 232.5476, -37.0169, 208.5263, -29.7414, -97.7646, 9.4115, 0.994435, 0.047074, 0.094248, 0.037017, -0.045431, 0.998777, -0.019502, -0.008453, -0.095051, 0.015111, 0.995358, 0.210548, 0.000000, 0.000000, 0.000000, 1.000000, -0.095051, 0.015111, 0.995358, 0.232548, -0.994435, -0.047074, -0.094248, -0.037017, 0.045431, -0.998777, 0.019502, 0.208526, 0.000000, 0.000000, 0.000000, 1.000000, -0.996715, 0.015064, 0.079576, -0.029741, 0.077962, -0.087658, 0.993095, -0.097765, 0.021936, 0.996037, 0.086196, 0.009412, 0.000000, 0.000000, 0.000000, 1.000000
30.7485, 36.8563, -8.4771, 210.5643, 232.5643, -36.8563, 208.5505, -29.8294, -97.6972, 9.3768, 0.993574, 0.046010, 0.103411, 0.036856, -0.045107, 0.998921, -0.011055, -0.008477, -0.103808, 0.006320, 0.994577, 0.210564, 0.000000, 0.000000, 0.000000, 1.000000, -0.103808, 0.006320, 0.994577, 0.232564, -0.993574, -0.046010, -0.103411, -0.036856, 0.045107, -0.998921, 0.011055, 0.208551, 0.000000, 0.000000, 0.000000, 1.000000, -0.997196, 0.014343, 0.073443, -0.029829, 0.071727, -0.096502, 0.992745, -0.097697, 0.021326, 0.995229, 0.095202, 0.009377, 0.000000, 0.000000, 0.000000, 1.000000
30.8953, 36.7390, -8.4669, 210.5697, 232.5697, -36.7390, 208.5404, -29.9628, -97.6365, 9.3784, 0.994040, 0.045666, 0.098988, 0.036739, -0.044844, 0.998939, -0.010505, -0.008467, -0.099362, 0.006003, 0.995033, 0.210570, 0.000000, 0.000000, 0.000000, 1.000000, -0.099362, 0.006003, 0.995033, 0.232570, -0.994040, -0.045666, -0.098988, -0.036739, 0.044844, -0.998939, 0.010505, 0.208540, 0.000000, 0.000000, 0.000000, 1.000000, -0.996655, 0.014379, 0.080444, -0.029963, 0.078684, -0.096910, 0.992178, -0.097637, 0.022062, 0.995189, 0.095454, 0.009378, 0.000000, 0.000000, 0.000000, 1.000000
31.1089, 36.6312, -8.4532, 210.5538, 232.5538, -36.6312, 208.5267, -30.2228, -97.5598, 9.3818, 0.994189, 0.045619, 0.097507, 0.036631, -0.044757, 0.998937, -0.011007, -0.008453, -0.097906, 0.006578, 0.995174, 0.210554, 0.000000, 0.000000, 0.000000, 1.000000, -0.097906, 0.006578, 0.995174, 0.232554, -0.994189, -0.045619, -0.097507, -0.036631, 0.044757, -0.998937, 0.011007, 0.208527, 0.000000, 0.000000, 0.000000, 1.000000, -0.996230, 0.014168, 0.085592, -0.030223, 0.083840, -0.096411, 0.991804, -0.097560, 0.022304, 0.995241, 0.094860, 0.009382, 0.000000, 0.000000, 0.000000, 1.000000
31.2275, 36.4780, -8.4927, 210.5411, 232.5411, -36.4780, 208.5662, -30.2792, -97.5322, 9.3295, 0.994050, 0.044988, 0.099203, 0.036478, -0.044865, 0.998987, -0.003477, -0.008493, -0.099259, -0.000994, 0.995061, 0.210541, 0.000000, 0.000000, 0.000000, 1.000000, -0.099259, -0.000994, 0.995061, 0.232541, -0.994050, -0.044988, -0.099203, -0.036478, 0.044865, -0.998987, 0.003477, 0.208566, 0.000000, 0.000000, 0.000000, 1.000000, -0.996174, 0.013190, 0.086395, -0.030279, 0.084568, -0.103963, 0.990979, -0.097532, 0.022053, 0.994494, 0.102449, 0.009330, 0.000000, 0.000000, 0.000000, 1.000000
31.3690, 36.3407, -8.4819, 210.6293, 232.6293, -36.3407, 208.5553, -30.3682, -97.3968, 9.3384, 0.993820, 0.044512, 0.101686, 0.036341, -0.044296, 0.999009, -0.004381, -0.008482, -0.101780, -0.000150, 0.994807, 0.210629, 0.000000, 0.000000, 0.000000, 1.000000, -0.101780, -0.000150, 0.994807, 0.232629, -0.993820, -0.044512, -0.101686, -0.036341, 0.044296, -0.999009, 0.004381, 0.208555, 0.000000, 0.000000, 0.000000, 1.000000, -0.996176, 0.013560, 0.086307, -0.030368, 0.084458, -0.103259, 0.991062, -0.097397, 0.022351, 0.994562, 0.101718, 0.009338, 0.000000, 0.000000, 0.000000, 1.000000
31.5554, 36.2019, -8.5076, 210.5882, 232.5882, -36.2019, 208.5810, -30.5580, -97.3603, 9.2982, 0.993639, 0.043842, 0.103727, 0.036202, -0.044312, 0.999015, 0.002227, -0.008508, -0.103527, -0.006810, 0.994603, 0.210588, 0.000000, 0.000000, 0.000000, 1.000000, -0.103527, -0.006810, 0.994603, 0.232588, -0.993639, -0.043842, -0.103727, -0.036202, 0.044312, -0.999015, -0.002227, 0.208581, 0.000000, 0.000000, 0.000000, 1.000000, -0.996052, 0.012612, 0.087867, -0.030558, 0.085960, -0.109930, 0.990215, -0.097360, 0.022148, 0.993859, 0.108412, 0.009298, 0.000000, 0.000000, 0.000000, 1.000000
31.6837, 36.0959, -8.4870, 210.6087, 232.6087, -36.0959, 208.5605, -30.6670, -97.2935, 9.3125, 0.994147, 0.044335, 0.098523, 0.036096, -0.044392, 0.999013, -0.001611, -0.008487, -0.098497, -0.002772, 0.995133, 0.210609, 0.000000, 0.000000, 0.000000, 1.000000, -0.098497, -0.002772, 0.995133, 0.232609, -0.994147, -0.044335, -0.098523, -0.036096, 0.044392, -0.999013, 0.001611, 0.208560, 0.000000, 0.000000, 0.000000, 1.000000, -0.995390, 0.012662, 0.095067, -0.030667, 0.093204, -0.105924, 0.989996, -0.097294, 0.022605, 0.994294, 0.104256, 0.009312, 0.000000, 0.000000, 0.000000, 1.000000
31.8103, 35.9507, -8.5294, 210.5383, 232.5383, -35.9507, 208.6028, -30.7558, -97.3168, 9.2524, 0.993905, 0.042990, 0.101512, 0.035951, -0.044140, 0.998984, 0.009106, -0.008529, -0.101017, -0.013532, 0.994793, 0.210538, 0.000000, 0.000000, 0.000000, 1.000000, -0.101017, -0.013532, 0.994793, 0.232538, -0.993905, -0.042990, -0.101512, -0.035951, 0.044140, -0.998984, -0.009106, 0.208603, 0.000000, 0.000000, 0.000000, 1.000000, -0.995422, 0.011647, 0.094866, -0.030756, 0.092871, -0.116701, 0.988815, -0.097317, 0.022587, 0.993099, 0.115085, 0.009252, 0.000000, 0.000000, 0.000000, 1.000000
31.9614, 35.8095, -8.5079, 210.6224, 232.6224, -35.8095, 208.5814, -30.8564, -97.1825, 9.2711, 0.993652, 0.043031, 0.103946, 0.035809, -0.043870, 0.999020, 0.005799, -0.008508, -0.103594, -0.010322, 0.994566, 0.210622, 0.000000, 0.000000, 0.000000, 1.000000, -0.103594, -0.010322, 0.994566, 0.232622, -0.993652, -0.043031, -0.103946, -0.035809, 0.043870, -0.999020, -0.005799, 0.208581, 0.000000, 0.000000, 0.000000, 1.000000, -0.995419, 0.011934, 0.094861, -0.030856, 0.092904, -0.113597, 0.989174, -0.097183, 0.022581, 0.993455, 0.111968, 0.009271, 0.000000, 0.000000, 0.000000, 1.000000
32.1280, 35.7220, -8.4987, 210.5830, 232.5830, -35.7220, 208.5722, -31.0606, -97.1488, 9.2696, 0.994701, 0.043204, 0.093291, 0.035722, -0.043948, 0.999016, 0.005935, -0.008499, -0.092943, -0.010003, 0.995621, 0.210583, 0.000000, 0.000000, 0.000000, 1.000000, -0.092943, -0.010003, 0.995621, 0.232583, -0.994701, -0.043204, -0.093291, -0.035722, 0.043948, -0.999016, -0.005935, 0.208572, 0.000000, 0.000000, 0.000000, 1.000000, -0.994043, 0.011498, 0.108377, -0.031061, 0.106391, -0.113287, 0.987850, -0.097149, 0.023636, 0.993496, 0.111389, 0.009270, 0.000000, 0.000000, 0.000000, 1.000000
32.2717, 35.5507, -8.5261, 210.5927, 232.5927, -35.5507, 208.5995, -31.1362, -97.0916, 9.2303, 0.993794, 0.042191, 0.102927, 0.035551, -0.043724, 0.998963, 0.012682, -0.008526, -0.102285, -0.017104, 0.994608, 0.210593, 0.000000, 0.000000, 0.000000, 1.000000, -0.102285, -0.017104, 0.994608, 0.232593, -0.993794, -0.042191, -0.102927, -0.035551, 0.043724, -0.998963, -0.012682, 0.208600, 0.000000, 0.000000, 0.000000, 1.000000, -0.994767, 0.010763, 0.101603, -0.031136, 0.099580, -0.120425, 0.987715, -0.097092, 0.022866, 0.992664, 0.118723, 0.009230, 0.000000, 0.000000, 0.000000, 1.000000
32.4123, 35.4493, -8.5035, 210.5806, 232.5806, -35.4493, 208.5769, -31.2766, -97.0492, 9.2437, 0.994595, 0.042755, 0.094618, 0.035449, -0.043826, 0.998996, 0.009268, -0.008503, -0.094127, -0.013365, 0.995470, 0.210581, 0.000000, 0.000000, 0.000000, 1.000000, -0.094127, -0.013365, 0.995470, 0.232581, -0.994595, -0.042755, -0.094618, -0.035449, 0.043826, -0.998996, -0.009268, 0.208577, 0.000000, 0.000000, 0.000000, 1.000000, -0.993636, 0.010685, 0.112134, -0.031277, 0.110135, -0.116702, 0.987041, -0.097049, 0.023632, 0.993109, 0.114783, 0.009244, 0.000000, 0.000000, 0.000000, 1.000000
32.7226, 34.5550, -8.0101, 210.7745, 232.7745, -34.5550, 208.0835, -30.8610, -96.9271, 9.6837, 0.970805, 0.058294, 0.232679, 0.034555, -0.037680, 0.995039, -0.092076, -0.008010, -0.236892, 0.080620, 0.968185, 0.210775, 0.000000, 0.000000, 0.000000, 1.000000, -0.236892, 0.080620, 0.968185, 0.232775, -0.970805, -0.058294, -0.232679, -0.034555, 0.037680, -0.995039, 0.092076, 0.208084, 0.000000, 0.000000, 0.000000, 1.000000, -0.999488, 0.014432, -0.028561, -0.030861, -0.028871, -0.021742, 0.999347, -0.096927, 0.013802, 0.999659, 0.022147, 0.009684, 0.000000, 0.000000, 0.000000, 1.000000
32.8636, 34.3994, -7.9630, 210.7160, 232.7160, -34.3994, 208.0365, -30.9575, -96.9450, 9.7126, 0.970268, 0.060261, 0.234412, 0.034399, -0.037537, 0.994256, -0.100227, -0.007963, -0.239105, 0.088447, 0.966957, 0.210716, 0.000000, 0.000000, 0.000000, 1.000000, -0.239105, 0.088447, 0.966957, 0.232716, -0.970268, -0.060261, -0.234412, -0.034399, 0.037537, -0.994256, 0.100227, 0.208036, 0.000000, 0.000000, 0.000000, 1.000000, -0.999495, 0.014081, -0.028496, -0.030958, -0.028688, -0.013675, 0.999495, -0.096945, 0.013684, 0.999807, 0.014072, 0.009713, 0.000000, 0.000000, 0.000000, 1.000000
33.0179, 34.2868, -7.9785, 210.7639, 232.7639, -34.2868, 208.0519, -31.0992, -96.8365, 9.6934, 0.970965, 0.058901, 0.231858, 0.034287, -0.037386, 0.994667, -0.096123, -0.007978, -0.236283, 0.084664, 0.967989, 0.210764, 0.000000, 0.000000, 0.000000, 1.000000, -0.236283, 0.084664, 0.967989, 0.232764, -0.970965, -0.058901, -0.231858, -0.034287, 0.037386, -0.994667, 0.096123, 0.208052, 0.000000, 0.000000, 0.000000, 1.000000, -0.999632, 0.014578, -0.022871, -0.031099, -0.023128, -0.017718, 0.999575, -0.096837, 0.014166, 0.999737, 0.018049, 0.009693, 0.000000, 0.000000, 0.000000, 1.000000
33.1704, 34.1371, -7.9622, 210.7786, 232.7786, -34.1371, 208.0356, -31.2068, -96.7725, 9.6995, 0.969985, 0.059243, 0.235837, 0.034137, -0.037073, 0.994559, -0.097356, -0.007962, -0.240321, 0.085690, 0.966904, 0.210779, 0.000000, 0.000000, 0.000000, 1.000000, -0.240321, 0.085690, 0.966904, 0.232779, -0.969985, -0.059243, -0.235837, -0.034137, 0.037073, -0.994559, 0.097356, 0.208036, 0.000000, 0.000000, 0.000000, 1.000000, -0.999599, 0.014416, -0.024391, -0.031207, -0.024630, -0.016677, 0.999558, -0.096772, 0.014003, 0.999757, 0.017025, 0.009699, 0.000000, 0.000000, 0.000000, 1.000000
33.3132, 34.0499, -7.9586, 210.7821, 232.7821, -34.0499, 208.0321, -31.3621, -96.7100, 9.6967, 0.971236, 0.059286, 0.230620, 0.034050, -0.037288, 0.994428, -0.098602, -0.007959, -0.235181, 0.087166, 0.968035, 0.210782, 0.000000, 0.000000, 0.000000, 1.000000, -0.235181, 0.087166, 0.968035, 0.232782, -0.971236, -0.059286, -0.230620, -0.034050, 0.037288, -0.994428, 0.098602, 0.208032, 0.000000, 0.000000, 0.000000, 1.000000, -0.999754, 0.014650, -0.016635, -0.031362, -0.016859, -0.015256, 0.999741, -0.096710, 0.014393, 0.999776, 0.015499, 0.009697, 0.000000, 0.000000, 0.000000, 1.000000
33.4569, 33.8700, -7.9387, 210.7860, 232.7860, -33.8700, 208.0122, -31.4274, -96.6683, 9.7030, 0.969397, 0.059906, 0.238075, 0.033870, -0.036824, 0.994281, -0.100247, -0.007939, -0.242719, 0.088412, 0.966059, 0.210786, 0.000000, 0.000000, 0.000000, 1.000000, -0.242719, 0.088412, 0.966059, 0.232786, -0.969397, -0.059906, -0.238075, -0.033870, 0.036824, -0.994281, 0.100247, 0.208012, 0.000000, 0.000000, 0.000000, 1.000000, -0.999658, 0.014278, -0.021913, -0.031427, -0.022112, -0.013934, 0.999658, -0.096668, 0.013968, 0.999801, 0.014245, 0.009703, 0.000000, 0.000000, 0.000000, 1.000000
33.6212, 33.7515, -7.9390, 210.8379, 232.8379, -33.7515, 208.0125, -31.5777, -96.5533, 9.6987, 0.969880, 0.059480, 0.236210, 0.033752, -0.036640, 0.994319, -0.099932, -0.007939, -0.240812, 0.088267, 0.966550, 0.210838, 0.000000, 0.000000, 0.000000, 1.000000, -0.240812, 0.088267, 0.966550, 0.232838, -0.969880, -0.059480, -0.236210, -0.033752, 0.036640, -0.994319, 0.099932, 0.208012, 0.000000, 0.000000, 0.000000, 1.000000, -0.999747, 0.014622, -0.017103, -0.031578, -0.017311, -0.014213, 0.999749, -0.096553, 0.014375, 0.999792, 0.014463, 0.009699, 0.000000, 0.000000, 0.000000, 1.000000
33.7649, 33.6335, -7.9266, 210.8164, 232.8164, -33.6335, 208.0001, -31.7092, -96.5222, 9.6998, 0.970208, 0.059793, 0.234781, 0.033633, -0.036785, 0.994187, -0.101185, -0.007927, -0.239467, 0.089534, 0.966768, 0.210816, 0.000000, 0.000000, 0.000000, 1.000000, -0.239467, 0.089534, 0.966768, 0.232816, -0.970208, -0.059793, -0.234781, -0.033633, 0.036785, -0.994187, 0.101185, 0.208000, 0.000000, 0.000000, 0.000000, 1.000000, -0.999807, 0.014564, -0.013223, -0.031709, -0.013411, -0.012938, 0.999826, -0.096522, 0.014390, 0.999810, 0.013131, 0.009700, 0.000000, 0.000000, 0.000000, 1.000000
33.9209, 33.4867, -7.9131, 210.8449, 232.8449, -33.4867, 207.9865, -31.8221, -96.4423, 9.7048, 0.969606, 0.059999, 0.237203, 0.033487, -0.036472, 0.994079, -0.102360, -0.007913, -0.241940, 0.090597, 0.966052, 0.210845, 0.000000, 0.000000, 0.000000, 1.000000, -0.241940, 0.090597, 0.966052, 0.232845, -0.969606, -0.059999, -0.237203, -0.033487, 0.036472, -0.994079, 0.102360, 0.207987, 0.000000, 0.000000, 0.000000, 1.000000, -0.999808, 0.014568, -0.013080, -0.031822, -0.013254, -0.011890, 0.999841, -0.096442, 0.014410, 0.999823, 0.012081, 0.009705, 0.000000, 0.000000, 0.000000, 1.000000
34.0743, 33.3235, -7.9185, 210.8068, 232.8068, -33.3235, 207.9920, -31.9308, -96.4299, 9.6831, 0.968390, 0.059813, 0.242162, 0.033324, -0.036223, 0.994255, -0.100727, -0.007919, -0.246796, 0.088771, 0.964993, 0.210807, 0.000000, 0.000000, 0.000000, 1.000000, -0.246796, 0.088771, 0.964993, 0.232807, -0.968390, -0.059813, -0.242162, -0.033324, 0.036223, -0.994255, 0.100727, 0.207992, 0.000000, 0.000000, 0.000000, 1.000000, -0.999779, 0.014299, -0.015381, -0.031931, -0.015578, -0.013758, 0.999784, -0.096430, 0.014084, 0.999803, 0.013978, 0.009683, 0.000000, 0.000000, 0.000000, 1.000000
34.2158, 33.2105, -7.8867, 210.8000, 232.8000, -33.2105, 207.9601, -32.0591, -96.3867, 9.7053, 0.969283, 0.060476, 0.238399, 0.033210, -0.036189, 0.993817, -0.104970, -0.007887, -0.243273, 0.093118, 0.965478, 0.210800, 0.000000, 0.000000, 0.000000, 1.000000, -0.243273, 0.093118, 0.965478, 0.232800, -0.969283, -0.060476, -0.238399, -0.033210, 0.036189, -0.993817, 0.104970, 0.207960, 0.000000, 0.000000, 0.000000, 1.000000, -0.999849, 0.014623, -0.009365, -0.032059, -0.009503, -0.009389, 0.999911, -0.096387, 0.014534, 0.999849, 0.009526, 0.009705, 0.000000, 0.000000, 0.000000, 1.000000
34.3595, 33.0706, -7.8945, 210.8455, 232.8455, -33.0706, 207.9680, -32.1547, -96.2935, 9.6913, 0.968099, 0.059713, 0.243351, 0.033071, -0.035723, 0.994160, -0.101829, -0.007895, -0.248010, 0.089887, 0.964578, 0.210845, 0.000000, 0.000000, 0.000000, 1.000000, -0.248010, 0.089887, 0.964578, 0.232845, -0.968099, -0.059713, -0.243351, -0.033071, 0.035723, -0.994160, 0.101829, 0.207968, 0.000000, 0.000000, 0.000000, 1.000000, -0.999825, 0.014589, -0.011712, -0.032155, -0.011899, -0.012763, 0.999848, -0.096294, 0.014437, 0.999812, 0.012934, 0.009691, 0.000000, 0.000000, 0.000000, 1.000000
34.5050, 32.9371, -7.8544, 210.7969, 232.7969, -32.9371, 207.9278, -32.2793, -96.2943, 9.7161, 0.968480, 0.060858, 0.241543, 0.032937, -0.035749, 0.993615, -0.107006, -0.007854, -0.246513, 0.094998, 0.964472, 0.210797, 0.000000, 0.000000, 0.000000, 1.000000, -0.246513, 0.094998, 0.964472, 0.232797, -0.968480, -0.060858, -0.241543, -0.032937, 0.035749, -0.993615, 0.107006, 0.207928, 0.000000, 0.000000, 0.000000, 1.000000, -0.999863, 0.014648, -0.007712, -0.032279, -0.007823, -0.007535, 0.999941, -0.096294, 0.014589, 0.999864, 0.007649, 0.009716, 0.000000, 0.000000, 0.000000, 1.000000
34.6658, 32.7949, -7.8633, 210.8629, 232.8629, -32.7949, 207.9367, -32.3961, -96.1721, 9.7028, 0.967493, 0.059953, 0.245688, 0.032795, -0.035242, 0.993977, -0.103771, -0.007863, -0.250430, 0.091739, 0.963778, 0.210863, 0.000000, 0.000000, 0.000000, 1.000000, -0.250430, 0.091739, 0.963778, 0.232863, -0.967493, -0.059953, -0.245688, -0.032795, 0.035242, -0.993977, 0.103771, 0.207937, 0.000000, 0.000000, 0.000000, 1.000000, -0.999852, 0.014729, -0.008925, -0.032396, -0.009087, -0.010975, 0.999898, -0.096172, 0.014629, 0.999831, 0.011108, 0.009703, 0.000000, 0.000000, 0.000000, 1.000000
34.8025, 32.6752, -7.8391, 210.8677, 232.8677, -32.6752, 207.9125, -32.5071, -96.1213, 9.7182, 0.968007, 0.060977, 0.243402, 0.032675, -0.035218, 0.993438, -0.108816, -0.007839, -0.248440, 0.096762, 0.963802, 0.210868, 0.000000, 0.000000, 0.000000, 1.000000, -0.248440, 0.096762, 0.963802, 0.232868, -0.968007, -0.060977, -0.243402, -0.032675, 0.035218, -0.993438, 0.108816, 0.207913, 0.000000, 0.000000, 0.000000, 1.000000, -0.999878, 0.014917, -0.004575, -0.032507, -0.004663, -0.005861, 0.999972, -0.096121, 0.014890, 0.999872, 0.005930, 0.009718, 0.000000, 0.000000, 0.000000, 1.000000
34.9800, 32.5629, -7.8388, 210.9298, 232.9298, -32.5629, 207.9122, -32.6808, -95.9874, 9.7159, 0.967929, 0.060374, 0.243863, 0.032563, -0.034924, 0.993605, -0.107373, -0.007839, -0.248786, 0.095413, 0.963847, 0.210930, 0.000000, 0.000000, 0.000000, 1.000000, -0.248786, 0.095413, 0.963847, 0.232930, -0.967929, -0.060374, -0.243863, -0.032563, 0.034924, -0.993605, 0.107373, 0.207912, 0.000000, 0.000000, 0.000000, 1.000000, -0.999883, 0.015155, -0.001839, -0.032681, -0.001951, -0.007372, 0.999971, -0.095987, 0.015141, 0.999858, 0.007401, 0.009716, 0.000000, 0.000000, 0.000000, 1.000000
35.1224, 32.4119, -7.8251, 210.9418, 232.9418, -32.4119, 207.8985, -32.7695, -95.9327, 9.7191, 0.967425, 0.061014, 0.245695, 0.032412, -0.034909, 0.993402, -0.109239, -0.007825, -0.250739, 0.097103, 0.963172, 0.210942, 0.000000, 0.000000, 0.000000, 1.000000, -0.250739, 0.097103, 0.963172, 0.232942, -0.967425, -0.061014, -0.245695, -0.032412, 0.034909, -0.993402, 0.109239, 0.207899, 0.000000, 0.000000, 0.000000, 1.000000, -0.999888, 0.014932, -0.001388, -0.032770, -0.001472, -0.005603, 0.999983, -0.095933, 0.014924, 0.999873, 0.005624, 0.009719, 0.000000, 0.000000, 0.000000, 1.000000
35.2745, 32.3346, -7.8107, 210.9828, 232.9828, -32.3346, 207.8841, -32.9382, -95.8267, 9.7315, 0.968807, 0.061269, 0.240125, 0.032335, -0.034824, 0.993000, -0.112867, -0.007811, -0.245359, 0.100984, 0.964158, 0.210983, 0.000000, 0.000000, 0.000000, 1.000000, -0.245359, 0.100984, 0.964158, 0.232983, -0.968807, -0.061269, -0.240125, -0.032335, 0.034824, -0.993000, 0.112867, 0.207884, 0.000000, 0.000000, 0.000000, 1.000000, -0.999855, 0.015634, 0.006717, -0.032938, 0.006690, -0.001798, 0.999976, -0.095827, 0.015646, 0.999876, 0.001694, 0.009732, 0.000000, 0.000000, 0.000000, 1.000000
35.4494, 32.1746, -7.8155, 211.0365, 233.0365, -32.1746, 207.8889, -33.0625, -95.7135, 9.7198, 0.967760, 0.061167, 0.244335, 0.032175, -0.034622, 0.993161, -0.111498, -0.007815, -0.249484, 0.099444, 0.963259, 0.211036, 0.000000, 0.000000, 0.000000, 1.000000, -0.249484, 0.099444, 0.963259, 0.233036, -0.967760, -0.061167, -0.244335, -0.032175, 0.034622, -0.993161, 0.111498, 0.207889, 0.000000, 0.000000, 0.000000, 1.000000, -0.999867, 0.015340, 0.005543, -0.033063, 0.005491, -0.003371, 0.999979, -0.095713, 0.015359, 0.999877, 0.003286, 0.009720, 0.000000, 0.000000, 0.000000, 1.000000
35.5676, 32.0202, -7.8369, 211.0702, 233.0702, -32.0202, 207.9103, -33.1034, -95.6490, 9.6900, 0.966194, 0.060298, 0.250666, 0.032020, -0.034299, 0.993686, -0.106828, -0.007837, -0.255524, 0.094619, 0.962161, 0.211070, 0.000000, 0.000000, 0.000000, 1.000000, -0.255524, 0.094619, 0.962161, 0.233070, -0.966194, -0.060298, -0.250666, -0.032020, 0.034299, -0.993686, 0.106828, 0.207910, 0.000000, 0.000000, 0.000000, 1.000000, -0.999887, 0.014951, 0.001443, -0.033103, 0.001319, -0.008318, 0.999965, -0.095649, 0.014962, 0.999854, 0.008298, 0.009690, 0.000000, 0.000000, 0.000000, 1.000000
35.7394, 31.9133, -7.7921, 211.0313, 233.0313, -31.9133, 207.8656, -33.2950, -95.6190, 9.7223, 0.967442, 0.061597, 0.245484, 0.031913, -0.034299, 0.992892, -0.113968, -0.007792, -0.250759, 0.101838, 0.962678, 0.211031, 0.000000, 0.000000, 0.000000, 1.000000, -0.250759, 0.101838, 0.962678, 0.233031, -0.967442, -0.061597, -0.245484, -0.031913, 0.034299, -0.992892, 0.113968, 0.207866, 0.000000, 0.000000, 0.000000, 1.000000, -0.999837, 0.015520, 0.009225, -0.033295, 0.009211, -0.001010, 0.999957, -0.095619, 0.015529, 0.999879, 0.000867, 0.009722, 0.000000, 0.000000, 0.000000, 1.000000
35.8642, 31.7689, -7.8107, 211.1436, 233.1436, -31.7689, 207.8842, -33.3354, -95.4733, 9.7039, 0.966324, 0.060398, 0.250139, 0.031769, -0.033795, 0.993432, -0.109317, -0.007811, -0.255098, 0.097182, 0.962019, 0.211144, 0.000000, 0.000000, 0.000000, 1.000000, -0.255098, 0.097182, 0.962019, 0.233144, -0.966324, -0.060398, -0.250139, -0.031769, 0.033795, -0.993432, 0.109317, 0.207884, 0.000000, 0.000000, 0.000000, 1.000000, -0.999856, 0.015473, 0.006970, -0.033335, 0.006880, -0.005881, 0.999959, -0.095473, 0.015514, 0.999863, 0.005774, 0.009704, 0.000000, 0.000000, 0.000000, 1.000000
36.0435, 31.6201, -7.7905, 211.1105, 233.1105, -31.6201, 207.8639, -33.4986, -95.4412, 9.7093, 0.965932, 0.061319, 0.251428, 0.031620, -0.033630, 0.993028, -0.112983, -0.007790, -0.256603, 0.100678, 0.961259, 0.211111, 0.000000, 0.000000, 0.000000, 1.000000, -0.256603, 0.100678, 0.961259, 0.233111, -0.965932, -0.061319, -0.251428, -0.031620, 0.033630, -0.993028, 0.112983, 0.207864, 0.000000, 0.000000, 0.000000, 1.000000, -0.999844, 0.015480, 0.008479, -0.033499, 0.008444, -0.002292, 0.999962, -0.095441, 0.015499, 0.999878, 0.002161, 0.009709, 0.000000, 0.000000, 0.000000, 1.000000
36.1890, 31.5228, -7.8032, 211.1630, 233.1630, -31.5228, 207.8767, -33.6337, -95.3296, 9.6944, 0.965834, 0.060653, 0.251964, 0.031523, -0.033616, 0.993334, -0.110260, -0.007803, -0.256972, 0.098023, 0.961435, 0.211163, 0.000000, 0.000000, 0.000000, 1.000000, -0.256972, 0.098023, 0.961435, 0.233163, -0.965834, -0.060653, -0.251964, -0.031523, 0.033616, -0.993334, 0.110260, 0.207877, 0.000000, 0.000000, 0.000000, 1.000000, -0.999824, 0.015416, 0.010680, -0.033634, 0.010602, -0.005085, 0.999931, -0.095330, 0.015469, 0.999868, 0.004920, 0.009694, 0.000000, 0.000000, 0.000000, 1.000000
36.3529, 31.3779, -7.7818, 211.1781, 233.1781, -31.3779, 207.8552, -33.7618, -95.2593, 9.7060, 0.965413, 0.061337, 0.253408, 0.031378, -0.033388, 0.993016, -0.113157, -0.007782, -0.258579, 0.100783, 0.960718, 0.211178, 0.000000, 0.000000, 0.000000, 1.000000, -0.258579, 0.100783, 0.960718, 0.233178, -0.965413, -0.061337, -0.253408, -0.031378, 0.033388, -0.993016, 0.113157, 0.207855, 0.000000, 0.000000, 0.000000, 1.000000, -0.999810, 0.015478, 0.011820, -0.033762, 0.011786, -0.002269, 0.999928, -0.095259, 0.015504, 0.999878, 0.002086, 0.009706, 0.000000, 0.000000, 0.000000, 1.000000
36.4685, 31.2125, -7.7735, 211.1418, 233.1418, -31.2125, 207.8469, -33.8046, -95.2708, 9.6979, 0.963972, 0.061216, 0.258864, 0.031213, -0.032834, 0.993100, -0.112579, -0.007773, -0.263969, 0.100024, 0.959331, 0.211142, 0.000000, 0.000000, 0.000000, 1.000000, -0.263969, 0.100024, 0.959331, 0.233142, -0.963972, -0.061216, -0.258864, -0.031213, 0.032834, -0.993100, 0.112579, 0.207847, 0.000000, 0.000000, 0.000000, 1.000000, -0.999848, 0.015387, 0.008244, -0.033805, 0.008198, -0.003068, 0.999962, -0.095271, 0.015411, 0.999877, 0.002942, 0.009698, 0.000000, 0.000000, 0.000000, 1.000000
36.6214, 31.1025, -7.7661, 211.2034, 233.2034, -31.1025, 207.8396, -33.9357, -95.1518, 9.7028, 0.964521, 0.060871, 0.256894, 0.031102, -0.032899, 0.993185, -0.111813, -0.007766, -0.261950, 0.099394, 0.959950, 0.211203, 0.000000, 0.000000, 0.000000, 1.000000, -0.261950, 0.099394, 0.959950, 0.233203, -0.964521, -0.060871, -0.256894, -0.031102, 0.032899, -0.993185, 0.111813, 0.207840, 0.000000, 0.000000, 0.000000, 1.000000, -0.999795, 0.015539, 0.013010, -0.033936, 0.012952, -0.003814, 0.999909, -0.095152, 0.015588, 0.999872, 0.003612, 0.009703, 0.000000, 0.000000, 0.000000, 1.000000
36.7813, 30.9537, -7.7572, 211.2259, 233.2259, -30.9537, 207.8307, -34.0518, -95.0767, 9.7025, 0.963070, 0.060938, 0.262264, 0.030954, -0.032271, 0.993155, -0.112260, -0.007757, -0.267309, 0.099651, 0.958444, 0.211226, 0.000000, 0.000000, 0.000000, 1.000000, -0.267309, 0.099651, 0.958444, 0.233226, -0.963070, -0.060938, -0.262264, -0.030954, 0.032271, -0.993155, 0.112260, 0.207831, 0.000000, 0.000000, 0.000000, 1.000000, -0.999827, 0.015534, 0.010211, -0.034052, 0.010156, -0.003591, 0.999942, -0.095077, 0.015570, 0.999873, 0.003432, 0.009702, 0.000000, 0.000000, 0.000000, 1.000000
36.9250, 30.8110, -7.7638, 211.2570, 233.2570, -30.8110, 207.8373, -34.1450, -94.9997, 9.6880, 0.962767, 0.061008, 0.263360, 0.030811, -0.032511, 0.993261, -0.111241, -0.007764, -0.268372, 0.098537, 0.958262, 0.211257, 0.000000, 0.000000, 0.000000, 1.000000, -0.268372, 0.098537, 0.958262, 0.233257, -0.962767, -0.061008, -0.263360, -0.030811, 0.032511, -0.993261, 0.111241, 0.207837, 0.000000, 0.000000, 0.000000, 1.000000, -0.999817, 0.015150, 0.011663, -0.034145, 0.011594, -0.004686, 0.999922, -0.095000, 0.015204, 0.999874, 0.004509, 0.009688, 0.000000, 0.000000, 0.000000, 1.000000
37.0881, 30.6939, -7.7575, 211.2732, 233.2732, -30.6939, 207.8310, -34.2981, -94.9198, 9.6869, 0.962525, 0.060654, 0.264323, 0.030694, -0.032019, 0.993268, -0.111330, -0.007758, -0.269296, 0.098694, 0.957987, 0.211273, 0.000000, 0.000000, 0.000000, 1.000000, -0.269296, 0.098694, 0.957987, 0.233273, -0.962525, -0.060654, -0.264323, -0.030694, 0.032019, -0.993268, 0.111330, 0.207831, 0.000000, 0.000000, 0.000000, 1.000000, -0.999788, 0.015521, 0.013504, -0.034298, 0.013433, -0.004678, 0.999899, -0.094920, 0.015582, 0.999869, 0.004469, 0.009687, 0.000000, 0.000000, 0.000000, 1.000000
37.2313, 30.5499, -7.7525, 211.2949, 233.2949, -30.5499, 207.8260, -34.3911, -94.8539, 9.6829, 0.962075, 0.060796, 0.265924, 0.030550, -0.031892, 0.993231, -0.111695, -0.007753, -0.270914, 0.098978, 0.957501, 0.211295, 0.000000, 0.000000, 0.000000, 1.000000, -0.270914, 0.098978, 0.957501, 0.233295, -0.962075, -0.060796, -0.265924, -0.030550, 0.031892, -0.993231, 0.111695, 0.207826, 0.000000, 0.000000, 0.000000, 1.000000, -0.999778, 0.015453, 0.014317, -0.034391, 0.014250, -0.004402, 0.999889, -0.094854, 0.015514, 0.999871, 0.004181, 0.009683, 0.000000, 0.000000, 0.000000, 1.000000
37.3781, 30.4173, -7.7559, 211.3682, 233.3682, -30.4173, 207.8293, -34.4862, -94.7327, 9.6766, 0.961271, 0.060677, 0.268844, 0.030417, -0.031705, 0.993334, -0.110828, -0.007756, -0.273777, 0.098012, 0.956786, 0.211368, 0.000000, 0.000000, 0.000000, 1.000000, -0.273777, 0.098012, 0.956786, 0.233368, -0.961271, -0.060677, -0.268844, -0.030417, 0.031705, -0.993334, 0.110828, 0.207829, 0.000000, 0.000000, 0.000000, 1.000000, -0.999786, 0.015281, 0.013918, -0.034486, 0.013837, -0.005407, 0.999890, -0.094733, 0.015355, 0.999869, 0.005195, 0.009677, 0.000000, 0.000000, 0.000000, 1.000000
37.5341, 30.2940, -7.7391, 211.4028, 233.4028, -30.2940, 207.8126, -34.6153, -94.6425, 9.6872, 0.961781, 0.061032, 0.266931, 0.030294, -0.031547, 0.993050, -0.113388, -0.007739, -0.271996, 0.100633, 0.957022, 0.211403, 0.000000, 0.000000, 0.000000, 1.000000, -0.271996, 0.100633, 0.957022, 0.233403, -0.961781, -0.061032, -0.266931, -0.030294, 0.031547, -0.993050, 0.113388, 0.207813, 0.000000, 0.000000, 0.000000, 1.000000, -0.999707, 0.015678, 0.018422, -0.034615, 0.018380, -0.002821, 0.999827, -0.094643, 0.015727, 0.999873, 0.002532, 0.009687, 0.000000, 0.000000, 0.000000, 1.000000
37.6941, 30.1660, -7.7239, 211.4139, 233.4139, -30.1660, 207.7973, -34.7532, -94.5734, 9.6936, 0.961100, 0.061374, 0.269294, 0.030166, -0.031465, 0.992981, -0.114010, -0.007724, -0.274401, 0.101102, 0.956286, 0.211414, 0.000000, 0.000000, 0.000000, 1.000000, -0.274401, 0.101102, 0.956286, 0.233414, -0.961100, -0.061374, -0.269294, -0.030166, 0.031465, -0.992981, 0.114010, 0.207797, 0.000000, 0.000000, 0.000000, 1.000000, -0.999705, 0.015478, 0.018713, -0.034753, 0.018679, -0.002312, 0.999823, -0.094573, 0.015518, 0.999878, 0.002023, 0.009694, 0.000000, 0.000000, 0.000000, 1.000000
37.8101, 30.0048, -7.7292, 211.4247, 233.4247, -30.0048, 207.8026, -34.7879, -94.5386, 9.6770, 0.960249, 0.061003, 0.272399, 0.030005, -0.030868, 0.993050, -0.113577, -0.007729, -0.277434, 0.100653, 0.955458, 0.211425, 0.000000, 0.000000, 0.000000, 1.000000, -0.277434, 0.100653, 0.955458, 0.233425, -0.960249, -0.061003, -0.272399, -0.030005, 0.030868, -0.993050, 0.113577, 0.207803, 0.000000, 0.000000, 0.000000, 1.000000, -0.999723, 0.015697, 0.017549, -0.034788, 0.017506, -0.002885, 0.999843, -0.094539, 0.015746, 0.999873, 0.002610, 0.009677, 0.000000, 0.000000, 0.000000, 1.000000
37.9824, 29.8814, -7.7346, 211.4792, 233.4792, -29.8814, 207.8081, -34.9383, -94.4172, 9.6675, 0.959464, 0.060437, 0.275275, 0.029881, -0.030721, 0.993344, -0.111012, -0.007735, -0.280152, 0.098055, 0.954935, 0.211479, 0.000000, 0.000000, 0.000000, 1.000000, -0.280152, 0.098055, 0.954935, 0.233479, -0.959464, -0.060437, -0.275275, -0.029881, 0.030721, -0.993344, 0.111012, 0.207808, 0.000000, 0.000000, 0.000000, 1.000000, -0.999722, 0.015465, 0.017770, -0.034938, 0.017685, -0.005598, 0.999828, -0.094417, 0.015562, 0.999865, 0.005323, 0.009668, 0.000000, 0.000000, 0.000000, 1.000000
38.1261, 29.7468, -7.7256, 211.4856, 233.4856, -29.7468, 207.7990, -35.0445, -94.3639, 9.6668, 0.959288, 0.061163, 0.275728, 0.029747, -0.030581, 0.993024, -0.113880, -0.007726, -0.280770, 0.100812, 0.954466, 0.211486, 0.000000, 0.000000, 0.000000, 1.000000, -0.280770, 0.100812, 0.954466, 0.233486, -0.959288, -0.061163, -0.275728, -0.029747, 0.030581, -0.993024, 0.113880, 0.207799, 0.000000, 0.000000, 0.000000, 1.000000, -0.999687, 0.015575, 0.019580, -0.035044, 0.019539, -0.002772, 0.999805, -0.094364, 0.015626, 0.999875, 0.002467, 0.009667, 0.000000, 0.000000, 0.000000, 1.000000
38.2887, 29.5941, -7.7150, 211.5015, 233.5015, -29.5941, 207.7884, -35.1615, -94.2956, 9.6672, 0.957458, 0.061045, 0.282042, 0.029594, -0.029957, 0.993115, -0.113252, -0.007715, -0.287014, 0.099985, 0.952694, 0.211501, 0.000000, 0.000000, 0.000000, 1.000000, -0.287014, 0.099985, 0.952694, 0.233501, -0.957458, -0.061045, -0.282042, -0.029594, 0.029957, -0.993115, 0.113252, 0.207788, 0.000000, 0.000000, 0.000000, 1.000000, -0.999755, 0.015433, 0.015896, -0.035161, 0.015842, -0.003645, 0.999868, -0.094296, 0.015489, 0.999874, 0.003400, 0.009667, 0.000000, 0.000000, 0.000000, 1.000000
38.4504, 29.4786, -7.7152, 211.5599, 233.5599, -29.4786, 207.7886, -35.2998, -94.1753, 9.6639, 0.958473, 0.060546, 0.278682, 0.029479, -0.029958, 0.993173, -0.112740, -0.007715, -0.283605, 0.099709, 0.953743, 0.211560, 0.000000, 0.000000, 0.000000, 1.000000, -0.283605, 0.099709, 0.953743, 0.233560, -0.958473, -0.060546, -0.278682, -0.029479, 0.029958, -0.993173, 0.112740, 0.207789, 0.000000, 0.000000, 0.000000, 1.000000, -0.999627, 0.015815, 0.022257, -0.035300, 0.022195, -0.004106, 0.999745, -0.094175, 0.015902, 0.999867, 0.003753, 0.009664, 0.000000, 0.000000, 0.000000, 1.000000
38.6099, 29.3459, -7.7074, 211.5726, 233.5726, -29.3459, 207.7809, -35.4315, -94.1057, 9.6626, 0.956989, 0.061123, 0.283611, 0.029346, -0.029687, 0.993054, -0.113849, -0.007707, -0.288600, 0.100533, 0.952157, 0.211573, 0.000000, 0.000000, 0.000000, 1.000000, -0.288600, 0.100533, 0.952157, 0.233573, -0.956989, -0.061123, -0.283611, -0.029346, 0.029687, -0.993054, 0.113849, 0.207781, 0.000000, 0.000000, 0.000000, 1.000000, -0.999683, 0.015504, 0.019820, -0.035432, 0.019773, -0.003182, 0.999799, -0.094106, 0.015564, 0.999875, 0.002875, 0.009663, 0.000000, 0.000000, 0.000000, 1.000000
38.7158, 29.2030, -7.7054, 211.6218, 233.6218, -29.2030, 207.7789, -35.4543, -94.0371, 9.6585, 0.956836, 0.060625, 0.284236, 0.029203, -0.029465, 0.993198, -0.112652, -0.007705, -0.289132, 0.099414, 0.952113, 0.211622, 0.000000, 0.000000, 0.000000, 1.000000, -0.289132, 0.099414, 0.952113, 0.233622, -0.956836, -0.060625, -0.284236, -0.029203, 0.029465, -0.993198, 0.112652, 0.207779, 0.000000, 0.000000, 0.000000, 1.000000, -0.999655, 0.015630, 0.021111, -0.035454, 0.021044, -0.004437, 0.999769, -0.094037, 0.015720, 0.999868, 0.004106, 0.009658, 0.000000, 0.000000, 0.000000, 1.000000
39.0318, 29.0836, -7.6980, 211.6874, 233.6874, -29.0836, 207.7714, -35.8381, -93.8161, 9.6632, 0.956320, 0.060501, 0.285994, 0.029084, -0.029224, 0.993234, -0.112393, -0.007698, -0.290859, 0.099126, 0.951617, 0.211687, 0.000000, 0.000000, 0.000000, 1.000000, -0.290859, 0.099126, 0.951617, 0.233687, -0.956320, -0.060501, -0.285994, -0.029084, 0.029224, -0.993234, 0.112393, 0.207771, 0.000000, 0.000000, 0.000000, 1.000000, -0.999570, 0.015633, 0.024812, -0.035838, 0.024740, -0.004838, 0.999682, -0.093816, 0.015749, 0.999866, 0.004449, 0.009663, 0.000000, 0.000000, 0.000000, 1.000000
39.3258, 28.8098, -7.6894, 211.7738, 233.7738, -28.8098, 207.7628, -36.0319, -93.6367, 9.6592, 0.954895, 0.060344, 0.290746, 0.028810, -0.028922, 0.993379, -0.111186, -0.007689, -0.295531, 0.097762, 0.950318, 0.211774, 0.000000, 0.000000, 0.000000, 1.000000, -0.295531, 0.097762, 0.950318, 0.233774, -0.954895, -0.060344, -0.290746, -0.028810, 0.028922, -0.993379, 0.111186, 0.207763, 0.000000, 0.000000, 0.000000, 1.000000, -0.999568, 0.015325, 0.025078, -0.036032, 0.024984, -0.006269, 0.999668, -0.093637, 0.015478, 0.999863, 0.005883, 0.009659, 0.000000, 0.000000, 0.000000, 1.000000
39.4581, 28.6994, -7.7006, 211.8699, 233.8699, -28.6994, 207.7741, -36.1130, -93.4963, 9.6491, 0.955037, 0.059779, 0.290397, 0.028699, -0.028724, 0.993511, -0.110048, -0.007701, -0.295092, 0.096759, 0.950557, 0.211870, 0.000000, 0.000000, 0.000000, 1.000000, -0.295092, 0.096759, 0.950557, 0.233870, -0.955037, -0.059779, -0.290397, -0.028699, 0.028724, -0.993511, 0.110048, 0.207774, 0.000000, 0.000000, 0.000000, 1.000000, -0.999492, 0.015527, 0.027840, -0.036113, 0.027727, -0.007443, 0.999588, -0.093496, 0.015728, 0.999852, 0.007009, 0.009649, 0.000000, 0.000000, 0.000000, 1.000000
39.5908, 28.5665, -7.6732, 211.8983, 233.8983, -28.5665, 207.7467, -36.1936, -93.4313, 9.6688, 0.954697, 0.061205, 0.291219, 0.028567, -0.028777, 0.993022, -0.114361, -0.007673, -0.296186, 0.100800, 0.949796, 0.211898, 0.000000, 0.000000, 0.000000, 1.000000, -0.296186, 0.100800, 0.949796, 0.233898, -0.954697, -0.061205, -0.291219, -0.028567, 0.028777, -0.993022, 0.114361, 0.207747, 0.000000, 0.000000, 0.000000, 1.000000, -0.999461, 0.015456, 0.028955, -0.036194, 0.028910, -0.003167, 0.999577, -0.093431, 0.015541, 0.999876, 0.002718, 0.009669, 0.000000, 0.000000, 0.000000, 1.000000
39.7094, 28.4210, -7.6776, 211.9119, 233.9119, -28.4210, 207.7510, -36.2453, -93.3895, 9.6546, 0.953703, 0.060049, 0.294695, 0.028421, -0.028181, 0.993396, -0.111222, -0.007678, -0.299427, 0.097768, 0.949097, 0.211912, 0.000000, 0.000000, 0.000000, 1.000000, -0.299427, 0.097768, 0.949097, 0.233912, -0.953703, -0.060049, -0.294695, -0.028421, 0.028181, -0.993396, 0.111222, 0.207751, 0.000000, 0.000000, 0.000000, 1.000000, -0.999497, 0.015564, 0.027642, -0.036245, 0.027544, -0.006463, 0.999600, -0.093389, 0.015737, 0.999858, 0.006031, 0.009655, 0.000000, 0.000000, 0.000000, 1.000000
39.8377, 28.2917, -7.6781, 211.9485, 233.9485, -28.2917, 207.7516, -36.3204, -93.3153, 9.6478, 0.953346, 0.060305, 0.295795, 0.028292, -0.027926, 0.993260, -0.112495, -0.007678, -0.300586, 0.098986, 0.948604, 0.211949, 0.000000, 0.000000, 0.000000, 1.000000, -0.300586, 0.098986, 0.948604, 0.233949, -0.953346, -0.060305, -0.295795, -0.028292, 0.027926, -0.993260, 0.112495, 0.207752, 0.000000, 0.000000, 0.000000, 1.000000, -0.999467, 0.015703, 0.028629, -0.036320, 0.028550, -0.005255, 0.999579, -0.093315, 0.015847, 0.999863, 0.004803, 0.009648, 0.000000, 0.000000, 0.000000, 1.000000
39.9445, 28.1727, -7.6748, 212.0217, 234.0217, -28.1727, 207.7482, -36.3577, -93.2178, 9.6492, 0.952658, 0.060203, 0.298023, 0.028173, -0.027571, 0.993268, -0.112514, -0.007675, -0.302790, 0.098971, 0.947904, 0.212022, 0.000000, 0.000000, 0.000000, 1.000000, -0.302790, 0.098971, 0.947904, 0.234022, -0.952658, -0.060203, -0.298023, -0.028173, 0.027571, -0.993268, 0.112514, 0.207748, 0.000000, 0.000000, 0.000000, 1.000000, -0.999479, 0.015785, 0.028159, -0.036358, 0.028078, -0.005333, 0.999592, -0.093218, 0.015929, 0.999861, 0.004887, 0.009649, 0.000000, 0.000000, 0.000000, 1.000000
40.0693, 28.0176, -7.6644, 212.0219, 234.0219, -28.0176, 207.7378, -36.4141, -93.1900, 9.6477, 0.951941, 0.060654, 0.300217, 0.028018, -0.027506, 0.993165, -0.113436, -0.007664, -0.305045, 0.099726, 0.947102, 0.212022, 0.000000, 0.000000, 0.000000, 1.000000, -0.305045, 0.099726, 0.947102, 0.234022, -0.951941, -0.060654, -0.300217, -0.028018, 0.027506, -0.993165, 0.113436, 0.207738, 0.000000, 0.000000, 0.000000, 1.000000, -0.999487, 0.015596, 0.027966, -0.036414, 0.027899, -0.004499, 0.999601, -0.093190, 0.015716, 0.999868, 0.004061, 0.009648, 0.000000, 0.000000, 0.000000, 1.000000
40.2253, 27.8936, -7.6675, 212.0738, 234.0738, -27.8936, 207.7409, -36.5337, -93.0823, 9.6401, 0.950903, 0.060035, 0.303611, 0.027894, -0.027130, 0.993399, -0.111459, -0.007667, -0.308298, 0.097750, 0.946254, 0.212074, 0.000000, 0.000000, 0.000000, 1.000000, -0.308298, 0.097750, 0.946254, 0.234074, -0.950903, -0.060035, -0.303611, -0.027894, 0.027130, -0.993399, 0.111459, 0.207741, 0.000000, 0.000000, 0.000000, 1.000000, -0.999507, 0.015513, 0.027287, -0.036534, 0.027187, -0.006625, 0.999608, -0.093082, 0.015687, 0.999858, 0.006200, 0.009640, 0.000000, 0.000000, 0.000000, 1.000000
40.3827, 27.7617, -7.6539, 212.1026, 234.1026, -27.7617, 207.7273, -36.6548, -93.0000, 9.6464, 0.950944, 0.060631, 0.303365, 0.027762, -0.026941, 0.993111, -0.114036, -0.007654, -0.308189, 0.100269, 0.946026, 0.212103, 0.000000, 0.000000, 0.000000, 1.000000, -0.308189, 0.100269, 0.946026, 0.234103, -0.950944, -0.060631, -0.303365, -0.027762, 0.026941, -0.993111, 0.114036, 0.207727, 0.000000, 0.000000, 0.000000, 1.000000, -0.999423, 0.015774, 0.030085, -0.036655, 0.030024, -0.004078, 0.999541, -0.093000, 0.015889, 0.999867, 0.003602, 0.009646, 0.000000, 0.000000, 0.000000, 1.000000
40.5448, 27.6163, -7.6645, 212.1498, 234.1498, -27.6163, 207.7379, -36.7656, -92.8992, 9.6293, 0.949152, 0.060131, 0.309022, 0.027616, -0.026681, 0.993422, -0.111355, -0.007664, -0.313685, 0.097448, 0.944513, 0.212150, 0.000000, 0.000000, 0.000000, 1.000000, -0.313685, 0.097448, 0.944513, 0.234150, -0.949152, -0.060131, -0.309022, -0.027616, 0.026681, -0.993422, 0.111355, 0.207738, 0.000000, 0.000000, 0.000000, 1.000000, -0.999513, 0.015283, 0.027188, -0.036766, 0.027085, -0.006963, 0.999609, -0.092899, 0.015467, 0.999859, 0.006546, 0.009629, 0.000000, 0.000000, 0.000000, 1.000000
40.7013, 27.4913, -7.6468, 212.1971, 234.1971, -27.4913, 207.7203, -36.8850, -92.7984, 9.6419, 0.949655, 0.060173, 0.307463, 0.027491, -0.026345, 0.993244, -0.113014, -0.007647, -0.312187, 0.099224, 0.944825, 0.212197, 0.000000, 0.000000, 0.000000, 1.000000, -0.312187, 0.099224, 0.944825, 0.234197, -0.949655, -0.060173, -0.307463, -0.027491, 0.026345, -0.993244, 0.113014, 0.207720, 0.000000, 0.000000, 0.000000, 1.000000, -0.999381, 0.015827, 0.031423, -0.036885, 0.031343, -0.005311, 0.999495, -0.092798, 0.015986, 0.999861, 0.004811, 0.009642, 0.000000, 0.000000, 0.000000, 1.000000
40.8173, 27.3501, -7.6386, 212.2088, 234.2088, -27.3501, 207.7120, -36.9359, -92.7614, 9.6404, 0.948151, 0.060818, 0.311948, 0.027350, -0.026110, 0.993108, -0.114258, -0.007639, -0.316747, 0.100189, 0.943204, 0.212209, 0.000000, 0.000000, 0.000000, 1.000000, -0.316747, 0.100189, 0.943204, 0.234209, -0.948151, -0.060818, -0.311948, -0.027350, 0.026110, -0.993108, 0.114258, 0.207712, 0.000000, 0.000000, 0.000000, 1.000000, -0.999469, 0.015540, 0.028634, -0.036936, 0.028572, -0.004208, 0.999583, -0.092761, 0.015654, 0.999870, 0.003762, 0.009640, 0.000000, 0.000000, 0.000000, 1.000000
40.9707, 27.2114, -7.6505, 212.2836, 234.2836, -27.2114, 207.7239, -37.0287, -92.6383, 9.6254, 0.947703, 0.059803, 0.313500, 0.027211, -0.025953, 0.993475, -0.111059, -0.007650, -0.318096, 0.097115, 0.943071, 0.212284, 0.000000, 0.000000, 0.000000, 1.000000, -0.318096, 0.097115, 0.943071, 0.234284, -0.947703, -0.059803, -0.313500, -0.027211, 0.025953, -0.993475, 0.111059, 0.207724, 0.000000, 0.000000, 0.000000, 1.000000, -0.999433, 0.015425, 0.029931, -0.037029, 0.029818, -0.007506, 0.999527, -0.092638, 0.015642, 0.999853, 0.007042, 0.009625, 0.000000, 0.000000, 0.000000, 1.000000
41.1385, 27.0748, -7.6496, 212.3067, 234.3067, -27.0748, 207.7231, -37.1640, -92.5550, 9.6180, 0.946840, 0.059697, 0.316118, 0.027075, -0.025598, 0.993497, -0.110943, -0.007650, -0.320685, 0.096954, 0.942211, 0.212307, 0.000000, 0.000000, 0.000000, 1.000000, -0.320685, 0.096954, 0.942211, 0.234307, -0.946840, -0.059697, -0.316118, -0.027075, 0.025598, -0.993497, 0.110943, 0.207723, 0.000000, 0.000000, 0.000000, 1.000000, -0.999427, 0.015447, 0.030112, -0.037164, 0.029995, -0.007740, 0.999520, -0.092555, 0.015672, 0.999851, 0.007273, 0.009618, 0.000000, 0.000000, 0.000000, 1.000000
41.3249, 26.9585, -7.6436, 212.3611, 234.3611, -26.9585, 207.7171, -37.3366, -92.4242, 9.6203, 0.946139, 0.059988, 0.318154, 0.026958, -0.025460, 0.993427, -0.111597, -0.007644, -0.322758, 0.097486, 0.941448, 0.212361, 0.000000, 0.000000, 0.000000, 1.000000, -0.322758, 0.097486, 0.941448, 0.234361, -0.946139, -0.059988, -0.318154, -0.026958, 0.025460, -0.993427, 0.111597, 0.207717, 0.000000, 0.000000, 0.000000, 1.000000, -0.999397, 0.015335, 0.031165, -0.037337, 0.031058, -0.007186, 0.999492, -0.092424, 0.015551, 0.999857, 0.006705, 0.009620, 0.000000, 0.000000, 0.000000, 1.000000
41.4488, 26.8037, -7.6405, 212.3990, 234.3990, -26.8037, 207.7139, -37.3782, -92.3624, 9.6153, 0.945278, 0.060263, 0.320651, 0.026804, -0.025281, 0.993368, -0.112166, -0.007640, -0.325284, 0.097922, 0.940533, 0.212399, 0.000000, 0.000000, 0.000000, 1.000000, -0.325284, 0.097922, 0.940533, 0.234399, -0.945278, -0.060263, -0.320651, -0.026804, 0.025281, -0.993368, 0.112166, 0.207714, 0.000000, 0.000000, 0.000000, 1.000000, -0.999414, 0.015214, 0.030649, -0.037378, 0.030550, -0.006711, 0.999511, -0.092362, 0.015413, 0.999862, 0.006242, 0.009615, 0.000000, 0.000000, 0.000000, 1.000000
41.6057, 26.6861, -7.6365, 212.4235, 234.4235, -26.6861, 207.7100, -37.5124, -92.2787, 9.6126, 0.944902, 0.059590, 0.321885, 0.026686, -0.024852, 0.993513, -0.110973, -0.007637, -0.326409, 0.096859, 0.940253, 0.212424, 0.000000, 0.000000, 0.000000, 1.000000, -0.326409, 0.096859, 0.940253, 0.234424, -0.944902, -0.059590, -0.321885, -0.026686, 0.024852, -0.993513, 0.110973, 0.207710, 0.000000, 0.000000, 0.000000, 1.000000, -0.999363, 0.015449, 0.032178, -0.037512, 0.032057, -0.007994, 0.999454, -0.092279, 0.015698, 0.999849, 0.007493, 0.009613, 0.000000, 0.000000, 0.000000, 1.000000
41.7384, 26.5565, -7.6212, 212.4661, 234.4661, -26.5565, 207.6947, -37.5893, -92.1997, 9.6221, 0.944440, 0.060073, 0.323148, 0.026556, -0.024682, 0.993342, -0.112526, -0.007621, -0.327756, 0.098298, 0.939635, 0.212466, 0.000000, 0.000000, 0.000000, 1.000000, -0.327756, 0.098298, 0.939635, 0.234466, -0.944440, -0.060073, -0.323148, -0.026556, 0.024682, -0.993342, 0.112526, 0.207695, 0.000000, 0.000000, 0.000000, 1.000000, -0.999334, 0.015492, 0.033037, -0.037589, 0.032939, -0.006503, 0.999436, -0.092200, 0.015698, 0.999859, 0.005989, 0.009622, 0.000000, 0.000000, 0.000000, 1.000000
41.8904, 26.4132, -7.6314, 212.5118, 234.5118, -26.4132, 207.7048, -37.6842, -92.1071, 9.6055, 0.942748, 0.059784, 0.328103, 0.026413, -0.024332, 0.993510, -0.111115, -0.007631, -0.332616, 0.096770, 0.938084, 0.212512, 0.000000, 0.000000, 0.000000, 1.000000, -0.332616, 0.096770, 0.938084, 0.234512, -0.942748, -0.059784, -0.328103, -0.026413, 0.024332, -0.993510, 0.111115, 0.207705, 0.000000, 0.000000, 0.000000, 1.000000, -0.999417, 0.015196, 0.030563, -0.037684, 0.030443, -0.008083, 0.999504, -0.092107, 0.015435, 0.999852, 0.007616, 0.009606, 0.000000, 0.000000, 0.000000, 1.000000
42.0552, 26.2804, -7.6307, 212.5462, 234.5462, -26.2804, 207.7041, -37.8128, -92.0142, 9.5994, 0.942478, 0.059470, 0.328936, 0.026280, -0.024053, 0.993561, -0.110716, -0.007631, -0.333403, 0.096436, 0.937839, 0.212546, 0.000000, 0.000000, 0.000000, 1.000000, -0.333403, 0.096436, 0.937839, 0.234546, -0.942478, -0.059470, -0.328936, -0.026280, 0.024053, -0.993561, 0.110716, 0.207704, 0.000000, 0.000000, 0.000000, 1.000000, -0.999351, 0.015344, 0.032587, -0.037813, 0.032459, -0.008555, 0.999436, -0.092014, 0.015614, 0.999846, 0.008051, 0.009599, 0.000000, 0.000000, 0.000000, 1.000000
42.1844, 26.1517, -7.6101, 212.5898, 234.5898, -26.1517, 207.6836, -37.8839, -91.9373, 9.6142, 0.941662, 0.060069, 0.331156, 0.026152, -0.023603, 0.993308, -0.113061, -0.007610, -0.335731, 0.098649, 0.936778, 0.212590, 0.000000, 0.000000, 0.000000, 1.000000, -0.335731, 0.098649, 0.936778, 0.234590, -0.941662, -0.060069, -0.331156, -0.026152, 0.023603, -0.993308, 0.113061, 0.207684, 0.000000, 0.000000, 0.000000, 1.000000, -0.999357, 0.015572, 0.032305, -0.037884, 0.032210, -0.006296, 0.999461, -0.091937, 0.015767, 0.999859, 0.005790, 0.009614, 0.000000, 0.000000, 0.000000, 1.000000
42.3347, 26.0035, -7.6210, 212.6230, 234.6230, -26.0035, 207.6945, -37.9754, -91.8595, 9.5953, 0.940276, 0.059441, 0.335183, 0.026004, -0.023233, 0.993546, -0.111022, -0.007621, -0.339620, 0.096604, 0.935589, 0.212623, 0.000000, 0.000000, 0.000000, 1.000000, -0.339620, 0.096604, 0.935589, 0.234623, -0.940276, -0.059441, -0.335183, -0.026004, 0.023233, -0.993546, 0.111022, 0.207694, 0.000000, 0.000000, 0.000000, 1.000000, -0.999406, 0.015391, 0.030819, -0.037975, 0.030691, -0.008483, 0.999493, -0.091860, 0.015645, 0.999846, 0.008005, 0.009595, 0.000000, 0.000000, 0.000000, 1.000000
42.4925, 25.8728, -7.6141, 212.6560, 234.6560, -25.8728, 207.6876, -38.0944, -91.7728, 9.5954, 0.939772, 0.059815, 0.336526, 0.025873, -0.023048, 0.993417, -0.112211, -0.007614, -0.341023, 0.097697, 0.934964, 0.212656, 0.000000, 0.000000, 0.000000, 1.000000, -0.341023, 0.097697, 0.934964, 0.234656, -0.939772, -0.059815, -0.336526, -0.025873, 0.023048, -0.993417, 0.112211, 0.207688, 0.000000, 0.000000, 0.000000, 1.000000, -0.999367, 0.015423, 0.032051, -0.038094, 0.031941, -0.007364, 0.999463, -0.091773, 0.015651, 0.999854, 0.006867, 0.009595, 0.000000, 0.000000, 0.000000, 1.000000
42.6270, 25.7472, -7.6088, 212.6864, 234.6864, -25.7472, 207.6823, -38.1818, -91.7020, 9.5940, 0.938591, 0.059486, 0.339864, 0.025747, -0.022732, 0.993547, -0.111123, -0.007609, -0.344281, 0.096573, 0.933887, 0.212686, 0.000000, 0.000000, 0.000000, 1.000000, -0.344281, 0.096573, 0.933887, 0.234686, -0.938591, -0.059486, -0.339864, -0.025747, 0.022732, -0.993547, 0.111123, 0.207682, 0.000000, 0.000000, 0.000000, 1.000000, -0.999404, 0.015294, 0.030938, -0.038182, 0.030810, -0.008573, 0.999488, -0.091702, 0.015552, 0.999846, 0.008097, 0.009594, 0.000000, 0.000000, 0.000000, 1.000000
42.7707, 25.6131, -7.5978, 212.7505, 234.7505, -25.6131, 207.6712, -38.2630, -91.5979, 9.6010, 0.938447, 0.059993, 0.340172, 0.025613, -0.022659, 0.993373, -0.112682, -0.007598, -0.344678, 0.098039, 0.933587, 0.212750, 0.000000, 0.000000, 0.000000, 1.000000, -0.344678, 0.098039, 0.933587, 0.234750, -0.938447, -0.059993, -0.340172, -0.025613, 0.022659, -0.993373, 0.112682, 0.207671, 0.000000, 0.000000, 0.000000, 1.000000, -0.999338, 0.015350, 0.032994, -0.038263, 0.032889, -0.007053, 0.999434, -0.091598, 0.015574, 0.999857, 0.006544, 0.009601, 0.000000, 0.000000, 0.000000, 1.000000
42.9275, 25.4589, -7.6034, 212.7795, 234.7795, -25.4589, 207.6769, -38.3603, -91.5230, 9.5863, 0.936582, 0.059664, 0.345332, 0.025459, -0.022410, 0.993581, -0.110885, -0.007603, -0.349731, 0.096114, 0.931907, 0.212779, 0.000000, 0.000000, 0.000000, 1.000000, -0.349731, 0.096114, 0.931907, 0.234779, -0.936582, -0.059664, -0.345332, -0.025459, 0.022410, -0.993581, 0.110885, 0.207677, 0.000000, 0.000000, 0.000000, 1.000000, -0.999427, 0.014912, 0.030382, -0.038360, 0.030250, -0.009013, 0.999502, -0.091523, 0.015178, 0.999848, 0.008557, 0.009586, 0.000000, 0.000000, 0.000000, 1.000000
43.0805, 25.3466, -7.6008, 212.8113, 234.8113, -25.3466, 207.6742, -38.4885, -91.4335, 9.5835, 0.936577, 0.059672, 0.345346, 0.025347, -0.022370, 0.993568, -0.111009, -0.007601, -0.349748, 0.096243, 0.931887, 0.212811, 0.000000, 0.000000, 0.000000, 1.000000, -0.349748, 0.096243, 0.931887, 0.234811, -0.936577, -0.059672, -0.345346, -0.025347, 0.022370, -0.993568, 0.111009, 0.207674, 0.000000, 0.000000, 0.000000, 1.000000, -0.999343, 0.014929, 0.033026, -0.038489, 0.032895, -0.008930, 0.999419, -0.091433, 0.015216, 0.999849, 0.008433, 0.009583, 0.000000, 0.000000, 0.000000, 1.000000
43.2119, 25.2151, -7.5947, 212.8887, 234.8887, -25.2151, 207.6682, -38.5468, -91.3243, 9.5870, 0.935598, 0.059496, 0.348017, 0.025215, -0.022142, 0.993647, -0.110346, -0.007595, -0.352371, 0.095534, 0.930971, 0.212889, 0.000000, 0.000000, 0.000000, 1.000000, -0.352371, 0.095534, 0.930971, 0.234889, -0.935598, -0.059496, -0.348017, -0.025215, 0.022142, -0.993647, 0.110346, 0.207668, 0.000000, 0.000000, 0.000000, 1.000000, -0.999361, 0.014801, 0.032523, -0.038547, 0.032382, -0.009692, 0.999429, -0.091324, 0.015108, 0.999843, 0.009206, 0.009587, 0.000000, 0.000000, 0.000000, 1.000000
43.4065, 25.0835, -7.6027, 212.9753, 234.9753, -25.0835, 207.6761, -38.7024, -91.1625, 9.5776, 0.934734, 0.059277, 0.350369, 0.025084, -0.022172, 0.993796, -0.108985, -0.007603, -0.354655, 0.094104, 0.930250, 0.212975, 0.000000, 0.000000, 0.000000, 1.000000, -0.354655, 0.094104, 0.930250, 0.234975, -0.934734, -0.059277, -0.350369, -0.025084, 0.022172, -0.993796, 0.108985, 0.207676, 0.000000, 0.000000, 0.000000, 1.000000, -0.999334, 0.014422, 0.033517, -0.038702, 0.033358, -0.011154, 0.999381, -0.091162, 0.014787, 0.999834, 0.010666, 0.009578, 0.000000, 0.000000, 0.000000, 1.000000
43.5142, 24.9733, -7.5873, 213.0606, 235.0606, -24.9733, 207.6607, -38.7385, -91.0555, 9.5928, 0.934717, 0.059710, 0.350340, 0.024973, -0.021952, 0.993603, -0.110774, -0.007587, -0.354713, 0.095851, 0.930049, 0.213061, 0.000000, 0.000000, 0.000000, 1.000000, -0.354713, 0.095851, 0.930049, 0.235061, -0.934717, -0.059710, -0.350340, -0.024973, 0.021952, -0.993603, 0.110774, 0.207661, 0.000000, 0.000000, 0.000000, 1.000000, -0.999270, 0.014675, 0.035285, -0.038738, 0.035150, -0.009392, 0.999338, -0.091056, 0.014997, 0.999848, 0.008869, 0.009593, 0.000000, 0.000000, 0.000000, 1.000000
43.6904, 24.8595, -7.5851, 213.1548, 235.1548, -24.8595, 207.6585, -38.8767, -90.8938, 9.5956, 0.934194, 0.059566, 0.351759, 0.024860, -0.021536, 0.993581, -0.111055, -0.007585, -0.356116, 0.096171, 0.929480, 0.213155, 0.000000, 0.000000, 0.000000, 1.000000, -0.356116, 0.096171, 0.929480, 0.235155, -0.934194, -0.059566, -0.351759, -0.024860, 0.021536, -0.993581, 0.111055, 0.207659, 0.000000, 0.000000, 0.000000, 1.000000, -0.999211, 0.014904, 0.036822, -0.038877, 0.036687, -0.009197, 0.999284, -0.090894, 0.015232, 0.999847, 0.008643, 0.009596, 0.000000, 0.000000, 0.000000, 1.000000
43.8552, 24.7097, -7.5947, 213.2118, 235.2118, -24.7097, 207.6682, -38.9782, -90.7866, 9.5801, 0.933518, 0.059438, 0.353570, 0.024710, -0.021238, 0.993598, -0.110957, -0.007595, -0.357901, 0.096071, 0.928804, 0.213212, 0.000000, 0.000000, 0.000000, 1.000000, -0.357901, 0.096071, 0.928804, 0.235212, -0.933518, -0.059438, -0.353570, -0.024710, 0.021238, -0.993598, 0.110957, 0.207668, 0.000000, 0.000000, 0.000000, 1.000000, -0.999175, 0.014955, 0.037769, -0.038978, 0.037632, -0.009383, 0.999248, -0.090787, 0.015298, 0.999844, 0.008813, 0.009580, 0.000000, 0.000000, 0.000000, 1.000000
43.9682, 24.5886, -7.5844, 213.2983, 235.2983, -24.5886, 207.6578, -39.0114, -90.6789, 9.5896, 0.932623, 0.059480, 0.355917, 0.024589, -0.020745, 0.993528, -0.111677, -0.007584, -0.360256, 0.096769, 0.927821, 0.213298, 0.000000, 0.000000, 0.000000, 1.000000, -0.360256, 0.096769, 0.927821, 0.235298, -0.932623, -0.059480, -0.355917, -0.024589, 0.020745, -0.993528, 0.111677, 0.207658, 0.000000, 0.000000, 0.000000, 1.000000, -0.999194, 0.015172, 0.037173, -0.039011, 0.037043, -0.008750, 0.999275, -0.090679, 0.015486, 0.999847, 0.008181, 0.009590, 0.000000, 0.000000, 0.000000, 1.000000
44.1198, 24.4617, -7.5873, 213.3086, 235.3086, -24.4617, 207.6607, -39.1309, -90.6155, 9.5780, 0.931341, 0.059385, 0.359273, 0.024462, -0.020465, 0.993589, -0.111181, -0.007587, -0.363572, 0.096195, 0.926586, 0.213309, 0.000000, 0.000000, 0.000000, 1.000000, -0.363572, 0.096195, 0.926586, 0.235309, -0.931341, -0.059385, -0.359273, -0.024462, 0.020465, -0.993589, 0.111181, 0.207661, 0.000000, 0.000000, 0.000000, 1.000000, -0.999230, 0.015010, 0.036264, -0.039131, 0.036126, -0.009358, 0.999303, -0.090615, 0.015339, 0.999844, 0.008809, 0.009578, 0.000000, 0.000000, 0.000000, 1.000000
44.2960, 24.3158, -7.5764, 213.3344, 235.3344, -24.3158, 207.6498, -39.2651, -90.5301, 9.5802, 0.930637, 0.059919, 0.361005, 0.024316, -0.020341, 0.993449, -0.112455, -0.007576, -0.365378, 0.097311, 0.925759, 0.213334, 0.000000, 0.000000, 0.000000, 1.000000, -0.365378, 0.097311, 0.925759, 0.235334, -0.930637, -0.059919, -0.361005, -0.024316, 0.020341, -0.993449, 0.112455, 0.207650, 0.000000, 0.000000, 0.000000, 1.000000, -0.999189, 0.014935, 0.037381, -0.039265, 0.037262, -0.008160, 0.999272, -0.090530, 0.015229, 0.999855, 0.007597, 0.009580, 0.000000, 0.000000, 0.000000, 1.000000
44.4393, 24.1838, -7.5753, 213.3818, 235.3818, -24.1838, 207.6487, -39.3515, -90.4411, 9.5758, 0.929111, 0.059585, 0.364969, 0.024184, -0.019847, 0.993546, -0.111681, -0.007575, -0.369268, 0.096520, 0.924297, 0.213382, 0.000000, 0.000000, 0.000000, 1.000000, -0.369268, 0.096520, 0.924297, 0.235382, -0.929111, -0.059585, -0.364969, -0.024184, 0.019847, -0.993546, 0.111681, 0.207649, 0.000000, 0.000000, 0.000000, 1.000000, -0.999252, 0.014904, 0.035687, -0.039352, 0.035555, -0.009062, 0.999327, -0.090441, 0.015217, 0.999848, 0.008525, 0.009576, 0.000000, 0.000000, 0.000000, 1.000000
44.5926, 24.0526, -7.5743, 213.4190, 235.4190, -24.0526, 207.6478, -39.4585, -90.3542, 9.5704, 0.928839, 0.059068, 0.365744, 0.024053, -0.019569, 0.993652, -0.110779, -0.007574, -0.369966, 0.095738, 0.924099, 0.213419, 0.000000, 0.000000, 0.000000, 1.000000, -0.369966, 0.095738, 0.924099, 0.235419, -0.928839, -0.059068, -0.365744, -0.024053, 0.019569, -0.993652, 0.110779, 0.207648, 0.000000, 0.000000, 0.000000, 1.000000, -0.999180, 0.015038, 0.037602, -0.039458, 0.037453, -0.010031, 0.999248, -0.090354, 0.015404, 0.999837, 0.009460, 0.009570, 0.000000, 0.000000, 0.000000, 1.000000
44.7302, 23.9224, -7.5668, 213.4610, 235.4610, -23.9224, 207.6403, -39.5391, -90.2743, 9.5719, 0.927599, 0.059307, 0.368839, 0.023922, -0.019456, 0.993647, -0.110843, -0.007567, -0.373070, 0.095641, 0.922861, 0.213461, 0.000000, 0.000000, 0.000000, 1.000000, -0.373070, 0.095641, 0.922861, 0.235461, -0.927599, -0.059307, -0.368839, -0.023922, 0.019456, -0.993647, 0.110843, 0.207640, 0.000000, 0.000000, 0.000000, 1.000000, -0.999219, 0.014756, 0.036669, -0.039539, 0.036523, -0.010059, 0.999282, -0.090274, 0.015114, 0.999841, 0.009512, 0.009572, 0.000000, 0.000000, 0.000000, 1.000000
44.8466, 23.7859, -7.5772, 213.5414, 235.5414, -23.7859, 207.6507, -39.5654, -90.1747, 9.5591, 0.926656, 0.058735, 0.371295, 0.023786, -0.019141, 0.993809, -0.109439, -0.007577, -0.375424, 0.094305, 0.922043, 0.213541, 0.000000, 0.000000, 0.000000, 1.000000, -0.375424, 0.094305, 0.922043, 0.235541, -0.926656, -0.058735, -0.371295, -0.023786, 0.019141, -0.993809, 0.109439, 0.207651, 0.000000, 0.000000, 0.000000, 1.000000, -0.999237, 0.014714, 0.036168, -0.039565, 0.036000, -0.011551, 0.999285, -0.090175, 0.015122, 0.999825, 0.011013, 0.009559, 0.000000, 0.000000, 0.000000, 1.000000
44.9213, 23.6438, -7.5572, 213.5324, 235.5324, -23.6438, 207.6307, -39.5567, -90.1912, 9.5671, 0.925619, 0.059729, 0.373714, 0.023644, -0.018726, 0.993486, -0.112404, -0.007557, -0.377994, 0.097045, 0.920708, 0.213532, 0.000000, 0.000000, 0.000000, 1.000000, -0.377994, 0.097045, 0.920708, 0.235532, -0.925619, -0.059729, -0.373714, -0.023644, 0.018726, -0.993486, 0.112404, 0.207631, 0.000000, 0.000000, 0.000000, 1.000000, -0.999289, 0.014910, 0.034630, -0.039557, 0.034503, -0.008645, 0.999367, -0.090191, 0.015200, 0.999851, 0.008125, 0.009567, 0.000000, 0.000000, 0.000000, 1.000000
44.9459, 23.5706, -7.5539, 213.5740, 235.5740, -23.5706, 207.6274, -39.5114, -90.1665, 9.5689, 0.924930, 0.059973, 0.375377, 0.023571, -0.018777, 0.993479, -0.112459, -0.007554, -0.379674, 0.096968, 0.920024, 0.213574, 0.000000, 0.000000, 0.000000, 1.000000, -0.379674, 0.096968, 0.920024, 0.235574, -0.924930, -0.059973, -0.375377, -0.023571, 0.018777, -0.993479, 0.112459, 0.207627, 0.000000, 0.000000, 0.000000, 1.000000, -0.999339, 0.014652, 0.033261, -0.039511, 0.033137, -0.008622, 0.999414, -0.090167, 0.014930, 0.999855, 0.008131, 0.009569, 0.000000, 0.000000, 0.000000, 1.000000
44.9684, 23.5169, -7.5483, 213.5376, 235.5376, -23.5169, 207.6217, -39.5126, -90.2066, 9.5667, 0.923969, 0.060240, 0.377693, 0.023517, -0.018463, 0.993392, -0.113274, -0.007548, -0.382021, 0.097688, 0.918976, 0.213538, 0.000000, 0.000000, 0.000000, 1.000000, -0.382021, 0.097688, 0.918976, 0.235538, -0.923969, -0.060240, -0.377693, -0.023517, 0.018463, -0.993392, 0.113274, 0.207622, 0.000000, 0.000000, 0.000000, 1.000000, -0.999409, 0.014699, 0.031087, -0.039513, 0.030974, -0.007856, 0.999489, -0.090207, 0.014936, 0.999861, 0.007396, 0.009567, 0.000000, 0.000000, 0.000000, 1.000000
44.9767, 23.4953, -7.5435, 213.5617, 235.5617, -23.4953, 207.6169, -39.4960, -90.1883, 9.5722, 0.924073, 0.060437, 0.377409, 0.023495, -0.018607, 0.993362, -0.113514, -0.007543, -0.381764, 0.097873, 0.919063, 0.213562, 0.000000, 0.000000, 0.000000, 1.000000, -0.381764, 0.097873, 0.919063, 0.235562, -0.924073, -0.060437, -0.377409, -0.023495, 0.018607, -0.993362, 0.113514, 0.207617, 0.000000, 0.000000, 0.000000, 1.000000, -0.999397, 0.014594, 0.031521, -0.039496, 0.031412, -0.007608, 0.999478, -0.090188, 0.014826, 0.999865, 0.007145, 0.009572, 0.000000, 0.000000, 0.000000, 1.000000
44.9815, 23.4805, -7.5466, 213.5892, 235.5892, -23.4805, 207.6200, -39.4789, -90.1656, 9.5707, 0.924354, 0.060351, 0.376733, 0.023480, -0.018470, 0.993331, -0.113810, -0.007547, -0.381089, 0.098243, 0.919304, 0.213589, 0.000000, 0.000000, 0.000000, 1.000000, -0.381089, 0.098243, 0.919304, 0.235589, -0.924354, -0.060351, -0.376733, -0.023480, 0.018470, -0.993331, 0.113810, 0.207620, 0.000000, 0.000000, 0.000000, 1.000000, -0.999368, 0.014823, 0.032311, -0.039479, 0.032206, -0.007305, 0.999455, -0.090166, 0.015051, 0.999863, 0.006823, 0.009571, 0.000000, 0.000000, 0.000000, 1.000000
44.9851, 23.4676, -7.5477, 213.5632, 235.5632, -23.4676, 207.6211, -39.4834, -90.1919, 9.5661, 0.924079, 0.060251, 0.377422, 0.023468, -0.018471, 0.993383, -0.113357, -0.007548, -0.381754, 0.097780, 0.919077, 0.213563, 0.000000, 0.000000, 0.000000, 1.000000, -0.381754, 0.097780, 0.919077, 0.235563, -0.924079, -0.060251, -0.377422, -0.023468, 0.018471, -0.993383, 0.113357, 0.207621, 0.000000, 0.000000, 0.000000, 1.000000, -0.999390, 0.014725, 0.031665, -0.039483, 0.031553, -0.007772, 0.999472, -0.090192, 0.014963, 0.999861, 0.007303, 0.009566, 0.000000, 0.000000, 0.000000, 1.000000
44.9868, 23.4684, -7.5425, 213.5911, 235.5911, -23.4684, 207.6159, -39.4753, -90.1657, 9.5740, 0.924266, 0.060355, 0.376948, 0.023468, -0.018435, 0.993328, -0.113843, -0.007542, -0.381304, 0.098272, 0.919212, 0.213591, 0.000000, 0.000000, 0.000000, 1.000000, -0.381304, 0.098272, 0.919212, 0.235591, -0.924266, -0.060355, -0.376948, -0.023468, 0.018435, -0.993328, 0.113843, 0.207616, 0.000000, 0.000000, 0.000000, 1.000000, -0.999372, 0.014831, 0.032168, -0.039475, 0.032063, -0.007278, 0.999459, -0.090166, 0.015057, 0.999864, 0.006798, 0.009574, 0.000000, 0.000000, 0.000000, 1.000000
44.9873, 23.4605, -7.5408, 213.5333, 235.5333, -23.4605, 207.6143, -39.4926, -90.2212, 9.5694, 0.923681, 0.060354, 0.378379, 0.023461, -0.018384, 0.993360, -0.113570, -0.007541, -0.382721, 0.097946, 0.918657, 0.213533, 0.000000, 0.000000, 0.000000, 1.000000, -0.382721, 0.097946, 0.918657, 0.235533, -0.923681, -0.060354, -0.378379, -0.023461, 0.018384, -0.993360, 0.113570, 0.207614, 0.000000, 0.000000, 0.000000, 1.000000, -0.999422, 0.014698, 0.030652, -0.039493, 0.030543, -0.007577, 0.999505, -0.090221, 0.014923, 0.999863, 0.007124, 0.009569, 0.000000, 0.000000, 0.000000, 1.000000
44.9890, 23.4579, -7.5437, 213.5415, 235.5415, -23.4579, 207.6171, -39.4896, -90.2132, 9.5672, 0.923746, 0.060385, 0.378216, 0.023458, -0.018376, 0.993344, -0.113714, -0.007544, -0.382565, 0.098093, 0.918706, 0.213542, 0.000000, 0.000000, 0.000000, 1.000000, -0.382565, 0.098093, 0.918706, 0.235542, -0.923746, -0.060385, -0.378216, -0.023458, 0.018376, -0.993344, 0.113714, 0.207617, 0.000000, 0.000000, 0.000000, 1.000000, -0.999416, 0.014730, 0.030847, -0.039490, 0.030740, -0.007430, 0.999500, -0.090213, 0.014952, 0.999864, 0.006973, 0.009567, 0.000000, 0.000000, 0.000000, 1.000000
44.9895, 23.4687, -7.5449, 213.5932, 235.5932, -23.4687, 207.6184, -39.4790, -90.1615, 9.5719, 0.924130, 0.060222, 0.377303, 0.023469, -0.018387, 0.993366, -0.113517, -0.007545, -0.381636, 0.097967, 0.919106, 0.213593, 0.000000, 0.000000, 0.000000, 1.000000, -0.381636, 0.097967, 0.919106, 0.235593, -0.924130, -0.060222, -0.377303, -0.023469, 0.018387, -0.993366, 0.113517, 0.207618, 0.000000, 0.000000, 0.000000, 1.000000, -0.999382, 0.014827, 0.031857, -0.039479, 0.031747, -0.007614, 0.999467, -0.090162, 0.015062, 0.999861, 0.007138, 0.009572, 0.000000, 0.000000, 0.000000, 1.000000
