# Joint_A_Angle(deg), Cam_X(mm), Cam_Y(mm), Cam_Z(mm), Torso_X(mm), Torso_Y(mm), Torso_Z(mm), EE_X(mm), EE_Y(mm), EE_Z(mm), T_cam2marker_flat(16), T_torso2marker_flat(16), T_ee2marker_flat(16)
0.0000, 33.2399, 19.6631, 186.1841, 257.6841, -0.7399, 237.4104, 7.9520, 40.4993, -51.2840, 0.564114, -0.787372, -0.248638, 0.033240, 0.774368, 0.609005, -0.171660, 0.019663, 0.286582, -0.095701, 0.953264, 0.186184, 0.000000, 0.000000, 0.000000, 1.000000, 0.286582, -0.095701, 0.953264, 0.257684, -0.564114, 0.787372, 0.248638, -0.000740, -0.774368, -0.609005, 0.171660, 0.237410, 0.000000, 0.000000, 0.000000, 1.000000, 0.998583, 0.028241, 0.045110, 0.007952, 0.044520, 0.021190, -0.998784, 0.040499, -0.029162, 0.999377, 0.019903, -0.051284, 0.000000, 0.000000, 0.000000, 1.000000
0.0000, 33.2512, 19.6720, 186.2087, 257.7087, -0.7512, 237.4014, 7.9734, 40.4794, -51.2901, 0.563928, -0.787418, -0.248913, 0.033251, 0.774667, 0.608830, -0.170931, 0.019672, 0.286139, -0.096432, 0.953323, 0.186209, 0.000000, 0.000000, 0.000000, 1.000000, 0.286139, -0.096432, 0.953323, 0.257709, -0.563928, 0.787418, 0.248913, -0.000751, -0.774667, -0.608830, 0.170931, 0.237401, 0.000000, 0.000000, 0.000000, 1.000000, 0.998574, 0.027840, 0.045555, 0.007973, 0.044954, 0.021832, -0.998750, 0.040479, -0.028800, 0.999374, 0.020549, -0.051290, 0.000000, 0.000000, 0.000000, 1.000000
0.0336, 33.2520, 19.6785, 186.2309, 257.7309, -0.7520, 237.3949, 8.0099, 40.4554, -51.2888, 0.564081, -0.787502, -0.248302, 0.033252, 0.774604, 0.608828, -0.171219, 0.019679, 0.286009, -0.095754, 0.953431, 0.186231, 0.000000, 0.000000, 0.000000, 1.000000, 0.286009, -0.095754, 0.953431, 0.257731, -0.564081, 0.787502, 0.248302, -0.000752, -0.774604, -0.608828, 0.171219, 0.237395, 0.000000, 0.000000, 0.000000, 1.000000, 0.998589, 0.028028, 0.045102, 0.008010, 0.044517, 0.021156, -0.998785, 0.040455, -0.028948, 0.999383, 0.019878, -0.051289, 0.000000, 0.000000, 0.000000, 1.000000
0.1011, 33.2482, 19.6685, 186.1677, 257.6677, -0.7482, 237.4049, 8.0272, 40.5023, -51.2862, 0.564088, -0.787311, -0.248889, 0.033248, 0.774406, 0.609028, -0.171408, 0.019669, 0.286532, -0.096052, 0.953244, 0.186168, 0.000000, 0.000000, 0.000000, 1.000000, 0.286532, -0.096052, 0.953244, 0.257668, -0.564088, 0.787311, 0.248889, -0.000748, -0.774406, -0.609028, 0.171408, 0.237405, 0.000000, 0.000000, 0.000000, 1.000000, 0.998659, 0.028213, 0.043406, 0.008027, 0.042807, 0.021495, -0.998852, 0.040502, -0.029114, 0.999371, 0.020259, -0.051286, 0.000000, 0.000000, 0.000000, 1.000000
0.1854, 33.2317, 19.6379, 186.2113, 257.7113, -0.7317, 237.4356, 8.0682, 40.4385, -51.2945, 0.564301, -0.787434, -0.248017, 0.033232, 0.774825, 0.608852, -0.170136, 0.019638, 0.284976, -0.096162, 0.953699, 0.186211, 0.000000, 0.000000, 0.000000, 1.000000, 0.284976, -0.096162, 0.953699, 0.257711, -0.564301, 0.787434, 0.248017, -0.000732, -0.774825, -0.608852, 0.170136, 0.237436, 0.000000, 0.000000, 0.000000, 1.000000, 0.998659, 0.028007, 0.043542, 0.008068, 0.042947, 0.021488, -0.998846, 0.040439, -0.028910, 0.999377, 0.020256, -0.051294, 0.000000, 0.000000, 0.000000, 1.000000
0.3010, 33.1911, 19.5908, 186.2149, 257.7149, -0.6911, 237.4827, 8.0924, 40.3984, -51.2894, 0.564646, -0.787652, -0.246534, 0.033191, 0.774491, 0.608892, -0.171506, 0.019591, 0.285200, -0.094098, 0.953838, 0.186215, 0.000000, 0.000000, 0.000000, 1.000000, 0.285200, -0.094098, 0.953838, 0.257715, -0.564646, 0.787652, 0.246534, -0.000691, -0.774491, -0.608892, 0.171506, 0.237483, 0.000000, 0.000000, 0.000000, 1.000000, 0.998737, 0.028629, 0.041285, 0.008092, 0.040738, 0.019438, -0.998981, 0.040398, -0.029403, 0.999401, 0.018247, -0.051289, 0.000000, 0.000000, 0.000000, 1.000000
0.4179, 33.1371, 19.5056, 186.1739, 257.6739, -0.6371, 237.5678, 8.0666, 40.3870, -51.2919, 0.565227, -0.787511, -0.245650, 0.033137, 0.774881, 0.608994, -0.169369, 0.019506, 0.282979, -0.094617, 0.954448, 0.186174, 0.000000, 0.000000, 0.000000, 1.000000, 0.282979, -0.094617, 0.954448, 0.257674, -0.565227, 0.787511, 0.245650, -0.000637, -0.774881, -0.608994, 0.169369, 0.237568, 0.000000, 0.000000, 0.000000, 1.000000, 0.998724, 0.028656, 0.041588, 0.008067, 0.041026, 0.019931, -0.998959, 0.040387, -0.029455, 0.999391, 0.018730, -0.051292, 0.000000, 0.000000, 0.000000, 1.000000
0.5563, 33.0897, 19.4281, 186.1547, 257.6547, -0.5897, 237.6453, 8.0720, 40.3573, -51.2971, 0.565482, -0.787424, -0.245344, 0.033090, 0.774933, 0.609096, -0.168764, 0.019428, 0.282326, -0.094692, 0.954634, 0.186155, 0.000000, 0.000000, 0.000000, 1.000000, 0.282326, -0.094692, 0.954634, 0.257655, -0.565482, 0.787424, 0.245344, -0.000590, -0.774933, -0.609096, 0.168764, 0.237645, 0.000000, 0.000000, 0.000000, 1.000000, 0.998789, 0.028807, 0.039871, 0.008072, 0.039305, 0.019976, -0.999028, 0.040357, -0.029576, 0.999385, 0.018820, -0.051297, 0.000000, 0.000000, 0.000000, 1.000000
0.6706, 33.0095, 19.3281, 186.0836, 257.5836, -0.5095, 237.7453, 8.0087, 40.3677, -51.2849, 0.566166, -0.787433, -0.243733, 0.033010, 0.775260, 0.609137, -0.167106, 0.019328, 0.280051, -0.094346, 0.955338, 0.186084, 0.000000, 0.000000, 0.000000, 1.000000, 0.280051, -0.094346, 0.955338, 0.257584, -0.566166, 0.787433, 0.243733, -0.000510, -0.775260, -0.609137, 0.167106, 0.237745, 0.000000, 0.000000, 0.000000, 1.000000, 0.998769, 0.028986, 0.040264, 0.008009, 0.039705, 0.019597, -0.999019, 0.040368, -0.029747, 0.999388, 0.018422, -0.051285, 0.000000, 0.000000, 0.000000, 1.000000
0.7980, 32.9522, 19.2335, 186.0605, 257.5605, -0.4522, 237.8399, 7.9863, 40.3377, -51.2917, 0.566914, -0.787439, -0.241969, 0.032952, 0.775520, 0.609218, -0.165596, 0.019234, 0.277809, -0.093773, 0.956049, 0.186061, 0.000000, 0.000000, 0.000000, 1.000000, 0.277809, -0.093773, 0.956049, 0.257561, -0.566914, 0.787439, 0.241969, -0.000452, -0.775520, -0.609218, 0.165596, 0.237840, 0.000000, 0.000000, 0.000000, 1.000000, 0.998755, 0.029270, 0.040391, 0.007986, 0.039845, 0.019005, -0.999025, 0.040338, -0.030009, 0.999391, 0.017815, -0.051292, 0.000000, 0.000000, 0.000000, 1.000000
0.9086, 32.8781, 19.1507, 186.0796, 257.5796, -0.3781, 237.9227, 7.9658, 40.2671, -51.2817, 0.567433, -0.787474, -0.240635, 0.032878, 0.775882, 0.609192, -0.163991, 0.019151, 0.275731, -0.093650, 0.956662, 0.186080, 0.000000, 0.000000, 0.000000, 1.000000, 0.275731, -0.093650, 0.956662, 0.257580, -0.567433, 0.787474, 0.240635, -0.000378, -0.775882, -0.609192, 0.163991, 0.237923, 0.000000, 0.000000, 0.000000, 1.000000, 0.998744, 0.029304, 0.040629, 0.007966, 0.040088, 0.018822, -0.999019, 0.040267, -0.030040, 0.999393, 0.017624, -0.051282, 0.000000, 0.000000, 0.000000, 1.000000
1.0415, 32.8133, 19.0702, 186.0527, 257.5527, -0.3133, 238.0032, 7.9530, 40.2415, -51.2740, 0.567722, -0.787590, -0.239570, 0.032813, 0.776535, 0.608956, -0.161760, 0.019070, 0.273288, -0.094200, 0.957309, 0.186053, 0.000000, 0.000000, 0.000000, 1.000000, 0.273288, -0.094200, 0.957309, 0.257553, -0.567722, 0.787590, 0.239570, -0.000313, -0.776535, -0.608956, 0.161760, 0.238003, 0.000000, 0.000000, 0.000000, 1.000000, 0.998747, 0.028930, 0.040836, 0.007953, 0.040290, 0.019198, -0.999004, 0.040241, -0.029686, 0.999397, 0.018008, -0.051274, 0.000000, 0.000000, 0.000000, 1.000000
1.1652, 32.7377, 18.9573, 185.9770, 257.4770, -0.2377, 238.1162, 7.8872, 40.2545, -51.2723, 0.568291, -0.787316, -0.239120, 0.032738, 0.776568, 0.609262, -0.160443, 0.018957, 0.272006, -0.094514, 0.957643, 0.185977, 0.000000, 0.000000, 0.000000, 1.000000, 0.272006, -0.094514, 0.957643, 0.257477, -0.568291, 0.787316, 0.239120, -0.000238, -0.776568, -0.609262, 0.160443, 0.238116, 0.000000, 0.000000, 0.000000, 1.000000, 0.998769, 0.029262, 0.040058, 0.007887, 0.039496, 0.019563, -0.999028, 0.040254, -0.030017, 0.999380, 0.018383, -0.051272, 0.000000, 0.000000, 0.000000, 1.000000
1.2979, 32.6858, 18.8625, 186.0003, 257.5003, -0.1858, 238.2110, 7.8851, 40.1822, -51.2875, 0.569081, -0.787337, -0.237167, 0.032686, 0.777005, 0.609280, -0.158242, 0.018862, 0.269091, -0.094227, 0.958494, 0.186000, 0.000000, 0.000000, 0.000000, 1.000000, 0.269091, -0.094227, 0.958494, 0.257500, -0.569081, 0.787337, 0.237167, -0.000186, -0.777005, -0.609280, 0.158242, 0.238211, 0.000000, 0.000000, 0.000000, 1.000000, 0.998735, 0.029398, 0.040783, 0.007885, 0.040228, 0.019221, -0.999006, 0.040182, -0.030153, 0.999383, 0.018014, -0.051287, 0.000000, 0.000000, 0.000000, 1.000000
1.4179, 32.6255, 18.7657, 186.0084, 257.5084, -0.1255, 238.3078, 7.8634, 40.1239, -51.2958, 0.569463, -0.787430, -0.235937, 0.032626, 0.777664, 0.609075, -0.155776, 0.018766, 0.266365, -0.094771, 0.959202, 0.186008, 0.000000, 0.000000, 0.000000, 1.000000, 0.266365, -0.094771, 0.959202, 0.257508, -0.569463, 0.787430, 0.235937, -0.000126, -0.777664, -0.609075, 0.155776, 0.238308, 0.000000, 0.000000, 0.000000, 1.000000, 0.998716, 0.029062, 0.041501, 0.007863, 0.040941, 0.019612, -0.998969, 0.040124, -0.029846, 0.999385, 0.018397, -0.051296, 0.000000, 0.000000, 0.000000, 1.000000
1.5513, 32.5501, 18.6774, 185.9745, 257.4745, -0.0501, 238.3961, 7.8362, 40.1021, -51.2835, 0.570050, -0.787566, -0.234059, 0.032550, 0.778049, 0.608986, -0.154193, 0.018677, 0.263976, -0.094212, 0.959917, 0.185974, 0.000000, 0.000000, 0.000000, 1.000000, 0.263976, -0.094212, 0.959917, 0.257474, -0.570050, 0.787566, 0.234059, -0.000050, -0.778049, -0.608986, 0.154193, 0.238396, 0.000000, 0.000000, 0.000000, 1.000000, 0.998707, 0.029133, 0.041653, 0.007836, 0.041111, 0.018963, -0.998975, 0.040102, -0.029893, 0.999396, 0.017741, -0.051283, 0.000000, 0.000000, 0.000000, 1.000000
1.6675, 32.4736, 18.5871, 185.8886, 257.3886, 0.0264, 238.4864, 7.7799, 40.1300, -51.2670, 0.570435, -0.787299, -0.234016, 0.032474, 0.778063, 0.609247, -0.153088, 0.018587, 0.263099, -0.094752, 0.960105, 0.185889, 0.000000, 0.000000, 0.000000, 1.000000, 0.263099, -0.094752, 0.960105, 0.257389, -0.570435, 0.787299, 0.234016, 0.000026, -0.778063, -0.609247, 0.153088, 0.238486, 0.000000, 0.000000, 0.000000, 1.000000, 0.998745, 0.029358, 0.040578, 0.007780, 0.040014, 0.019537, -0.999008, 0.040130, -0.030122, 0.999378, 0.018337, -0.051267, 0.000000, 0.000000, 0.000000, 1.000000
1.7991, 32.4049, 18.5002, 185.8626, 257.3626, 0.0951, 238.5733, 7.7589, 40.1033, -51.2599, 0.570740, -0.787490, -0.232628, 0.032405, 0.778505, 0.609035, -0.151680, 0.018500, 0.261125, -0.094532, 0.960665, 0.185863, 0.000000, 0.000000, 0.000000, 1.000000, 0.261125, -0.094532, 0.960665, 0.257363, -0.570740, 0.787490, 0.232628, 0.000095, -0.778505, -0.609035, 0.151680, 0.238573, 0.000000, 0.000000, 0.000000, 1.000000, 0.998761, 0.029199, 0.040306, 0.007759, 0.039756, 0.019173, -0.999025, 0.040103, -0.029943, 0.999390, 0.017989, -0.051260, 0.000000, 0.000000, 0.000000, 1.000000
1.9305, 32.3470, 18.3919, 185.8751, 257.3751, 0.1530, 238.6815, 7.7378, 40.0394, -51.2776, 0.571650, -0.787449, -0.230522, 0.032347, 0.778668, 0.609217, -0.150105, 0.018392, 0.258638, -0.093692, 0.961420, 0.185875, 0.000000, 0.000000, 0.000000, 1.000000, 0.258638, -0.093692, 0.961420, 0.257375, -0.571650, 0.787449, 0.230522, 0.000153, -0.778668, -0.609217, 0.150105, 0.238682, 0.000000, 0.000000, 0.000000, 1.000000, 0.998735, 0.029657, 0.040617, 0.007738, 0.040084, 0.018350, -0.999028, 0.040039, -0.030374, 0.999392, 0.017138, -0.051278, 0.000000, 0.000000, 0.000000, 1.000000
2.0349, 32.2830, 18.3095, 185.8721, 257.3721, 0.2170, 238.7639, 7.7102, 39.9972, -51.2736, 0.571944, -0.787474, -0.229704, 0.032283, 0.779033, 0.609137, -0.148523, 0.018310, 0.256879, -0.094001, 0.961861, 0.185872, 0.000000, 0.000000, 0.000000, 1.000000, 0.256879, -0.094001, 0.961861, 0.257372, -0.571944, 0.787474, 0.229704, 0.000217, -0.779033, -0.609137, 0.148523, 0.238764, 0.000000, 0.000000, 0.000000, 1.000000, 0.998739, 0.029524, 0.040617, 0.007710, 0.040080, 0.018569, -0.999024, 0.039997, -0.030249, 0.999392, 0.017362, -0.051274, 0.000000, 0.000000, 0.000000, 1.000000
2.1891, 32.2094, 18.2089, 185.8173, 257.3173, 0.2906, 238.8645, 7.6828, 39.9921, -51.2680, 0.572717, -0.787311, -0.228334, 0.032209, 0.779365, 0.609303, -0.146083, 0.018209, 0.254137, -0.094291, 0.962561, 0.185817, 0.000000, 0.000000, 0.000000, 1.000000, 0.254137, -0.094291, 0.962561, 0.257317, -0.572717, 0.787311, 0.228334, 0.000291, -0.779365, -0.609303, 0.146083, 0.238865, 0.000000, 0.000000, 0.000000, 1.000000, 0.998726, 0.029709, 0.040798, 0.007683, 0.040250, 0.018836, -0.999012, 0.039992, -0.030448, 0.999381, 0.017616, -0.051268, 0.000000, 0.000000, 0.000000, 1.000000
2.3008, 32.1465, 18.1350, 185.8262, 257.3262, 0.3535, 238.9384, 7.6708, 39.9400, -51.2611, 0.572845, -0.787521, -0.227289, 0.032147, 0.779535, 0.609136, -0.145869, 0.018135, 0.253325, -0.093620, 0.962840, 0.185826, 0.000000, 0.000000, 0.000000, 1.000000, 0.253325, -0.093620, 0.962840, 0.257326, -0.572845, 0.787521, 0.227289, 0.000353, -0.779535, -0.609136, 0.145869, 0.238938, 0.000000, 0.000000, 0.000000, 1.000000, 0.998772, 0.029694, 0.039666, 0.007671, 0.039141, 0.018057, -0.999071, 0.039940, -0.030383, 0.999396, 0.016873, -0.051261, 0.000000, 0.000000, 0.000000, 1.000000
2.4341, 32.0630, 18.0286, 185.7376, 257.2376, 0.4370, 239.0448, 7.6095, 39.9656, -51.2480, 0.573548, -0.787334, -0.226159, 0.032063, 0.779818, 0.609317, -0.143583, 0.018029, 0.250850, -0.094011, 0.963450, 0.185738, 0.000000, 0.000000, 0.000000, 1.000000, 0.250850, -0.094011, 0.963450, 0.257238, -0.573548, 0.787334, 0.226159, 0.000437, -0.779818, -0.609317, 0.143583, 0.239045, 0.000000, 0.000000, 0.000000, 1.000000, 0.998756, 0.029867, 0.039934, 0.007609, 0.039394, 0.018443, -0.999054, 0.039966, -0.030575, 0.999384, 0.017243, -0.051248, 0.000000, 0.000000, 0.000000, 1.000000
2.5508, 32.0036, 17.9260, 185.7146, 257.2146, 0.4964, 239.1475, 7.5709, 39.9393, -51.2578, 0.573866, -0.787433, -0.225004, 0.032004, 0.780174, 0.609196, -0.142157, 0.017926, 0.249010, -0.093963, 0.963932, 0.185715, 0.000000, 0.000000, 0.000000, 1.000000, 0.249010, -0.093963, 0.963932, 0.257215, -0.573866, 0.787433, 0.225004, 0.000496, -0.780174, -0.609196, 0.142157, 0.239147, 0.000000, 0.000000, 0.000000, 1.000000, 0.998765, 0.029768, 0.039790, 0.007571, 0.039257, 0.018290, -0.999062, 0.039939, -0.030468, 0.999389, 0.017099, -0.051258, 0.000000, 0.000000, 0.000000, 1.000000
2.6910, 31.9335, 17.8361, 185.7592, 257.2592, 0.5665, 239.2373, 7.5721, 39.8455, -51.2574, 0.574886, -0.787427, -0.222408, 0.031934, 0.780408, 0.609355, -0.140179, 0.017836, 0.245906, -0.092982, 0.964823, 0.185759, 0.000000, 0.000000, 0.000000, 1.000000, 0.245906, -0.092982, 0.964823, 0.257259, -0.574886, 0.787427, 0.222408, 0.000566, -0.780408, -0.609355, 0.140179, 0.239237, 0.000000, 0.000000, 0.000000, 1.000000, 0.998720, 0.030220, 0.040569, 0.007572, 0.040058, 0.017310, -0.999047, 0.039846, -0.030893, 0.999393, 0.016078, -0.051257, 0.000000, 0.000000, 0.000000, 1.000000
2.8004, 31.8727, 17.7356, 185.7420, 257.2420, 0.6273, 239.3378, 7.5307, 39.8153, -51.2653, 0.574934, -0.787396, -0.222393, 0.031873, 0.780869, 0.609210, -0.138227, 0.017736, 0.244323, -0.094188, 0.965109, 0.185742, 0.000000, 0.000000, 0.000000, 1.000000, 0.244323, -0.094188, 0.965109, 0.257242, -0.574934, 0.787396, 0.222393, 0.000627, -0.780869, -0.609210, 0.138227, 0.239338, 0.000000, 0.000000, 0.000000, 1.000000, 0.998743, 0.029817, 0.040296, 0.007531, 0.039759, 0.018387, -0.999040, 0.039815, -0.030529, 0.999386, 0.017178, -0.051265, 0.000000, 0.000000, 0.000000, 1.000000
2.9408, 31.7968, 17.6414, 185.6845, 257.1845, 0.7032, 239.4321, 7.4964, 39.8175, -51.2539, 0.575554, -0.787247, -0.221313, 0.031797, 0.781054, 0.609379, -0.136426, 0.017641, 0.242265, -0.094337, 0.965613, 0.185685, 0.000000, 0.000000, 0.000000, 1.000000, 0.242265, -0.094337, 0.965613, 0.257185, -0.575554, 0.787247, 0.221313, 0.000703, -0.781054, -0.609379, 0.136426, 0.239432, 0.000000, 0.000000, 0.000000, 1.000000, 0.998748, 0.030034, 0.040001, 0.007496, 0.039456, 0.018520, -0.999050, 0.039817, -0.030747, 0.999377, 0.017312, -0.051254, 0.000000, 0.000000, 0.000000, 1.000000
3.0538, 31.7200, 17.5513, 185.6838, 257.1838, 0.7800, 239.5222, 7.4615, 39.7699, -51.2444, 0.576261, -0.787388, -0.218961, 0.031720, 0.781466, 0.609301, -0.134400, 0.017551, 0.239238, -0.093661, 0.966433, 0.185684, 0.000000, 0.000000, 0.000000, 1.000000, 0.239238, -0.093661, 0.966433, 0.257184, -0.576261, 0.787388, 0.218961, 0.000780, -0.781466, -0.609301, 0.134400, 0.239522, 0.000000, 0.000000, 0.000000, 1.000000, 0.998699, 0.030119, 0.041142, 0.007462, 0.040619, 0.017768, -0.999017, 0.039770, -0.030821, 0.999388, 0.016522, -0.051244, 0.000000, 0.000000, 0.000000, 1.000000
3.1988, 31.6556, 17.4443, 185.6197, 257.1197, 0.8444, 239.6292, 7.4247, 39.7790, -51.2492, 0.576626, -0.787370, -0.218063, 0.031656, 0.781716, 0.609301, -0.132935, 0.017444, 0.237535, -0.093809, 0.966839, 0.185620, 0.000000, 0.000000, 0.000000, 1.000000, 0.237535, -0.093809, 0.966839, 0.257120, -0.576626, 0.787370, 0.218063, 0.000844, -0.781716, -0.609301, 0.132935, 0.239629, 0.000000, 0.000000, 0.000000, 1.000000, 0.998730, 0.030134, 0.040375, 0.007425, 0.039849, 0.017838, -0.999046, 0.039779, -0.030825, 0.999387, 0.016615, -0.051249, 0.000000, 0.000000, 0.000000, 1.000000
3.3144, 31.5922, 17.3641, 185.6401, 257.1401, 0.9078, 239.7094, 7.4123, 39.7161, -51.2464, 0.577362, -0.787356, -0.216156, 0.031592, 0.781919, 0.609407, -0.131247, 0.017364, 0.235065, -0.093239, 0.967497, 0.185640, 0.000000, 0.000000, 0.000000, 1.000000, 0.235065, -0.093239, 0.967497, 0.257140, -0.577362, 0.787356, 0.216156, 0.000908, -0.781919, -0.609407, 0.131247, 0.239709, 0.000000, 0.000000, 0.000000, 1.000000, 0.998700, 0.030415, 0.040916, 0.007412, 0.040404, 0.017252, -0.999034, 0.039716, -0.031092, 0.999388, 0.016000, -0.051246, 0.000000, 0.000000, 0.000000, 1.000000
3.4167, 31.5286, 17.2668, 185.5621, 257.0621, 0.9714, 239.8067, 7.3502, 39.7472, -51.2454, 0.577477, -0.787379, -0.215764, 0.031529, 0.782320, 0.609260, -0.129526, 0.017267, 0.233443, -0.093998, 0.967816, 0.185562, 0.000000, 0.000000, 0.000000, 1.000000, 0.233443, -0.093998, 0.967816, 0.257062, -0.577477, 0.787379, 0.215764, 0.000971, -0.782320, -0.609260, 0.129526, 0.239807, 0.000000, 0.000000, 0.000000, 1.000000, 0.998713, 0.030115, 0.040799, 0.007350, 0.040273, 0.017894, -0.999028, 0.039747, -0.030816, 0.999386, 0.016658, -0.051245, 0.000000, 0.000000, 0.000000, 1.000000
3.5644, 31.4504, 17.1751, 185.5309, 257.0309, 1.0496, 239.8984, 7.3292, 39.7234, -51.2330, 0.578146, -0.787140, -0.214846, 0.031450, 0.782303, 0.609572, -0.128156, 0.017175, 0.231840, -0.093982, 0.968203, 0.185531, 0.000000, 0.000000, 0.000000, 1.000000, 0.231840, -0.093982, 0.968203, 0.257031, -0.578146, 0.787140, 0.214846, 0.001050, -0.782303, -0.609572, 0.128156, 0.239898, 0.000000, 0.000000, 0.000000, 1.000000, 0.998736, 0.030543, 0.039918, 0.007329, 0.039383, 0.017911, -0.999064, 0.039723, -0.031230, 0.999373, 0.016685, -0.051233, 0.000000, 0.000000, 0.000000, 1.000000
3.6782, 31.3926, 17.0783, 185.5348, 257.0348, 1.1074, 239.9952, 7.3007, 39.6759, -51.2431, 0.578430, -0.787447, -0.212947, 0.031393, 0.782771, 0.609268, -0.126733, 0.017078, 0.229538, -0.093383, 0.968810, 0.185535, 0.000000, 0.000000, 0.000000, 1.000000, 0.229538, -0.093383, 0.968810, 0.257035, -0.578430, 0.787447, 0.212947, 0.001107, -0.782771, -0.609268, 0.126733, 0.239995, 0.000000, 0.000000, 0.000000, 1.000000, 0.998729, 0.030328, 0.040260, 0.007301, 0.039753, 0.017155, -0.999062, 0.039676, -0.030991, 0.999393, 0.015928, -0.051243, 0.000000, 0.000000, 0.000000, 1.000000
3.7993, 31.3282, 16.9920, 185.5842, 257.0842, 1.1718, 240.0815, 7.2937, 39.5843, -51.2455, 0.579128, -0.787470, -0.210954, 0.031328, 0.783292, 0.609209, -0.123764, 0.016992, 0.225976, -0.093563, 0.969629, 0.185584, 0.000000, 0.000000, 0.000000, 1.000000, 0.225976, -0.093563, 0.969629, 0.257084, -0.579128, 0.787470, 0.210954, 0.001172, -0.783292, -0.609209, 0.123764, 0.240081, 0.000000, 0.000000, 0.000000, 1.000000, 0.998667, 0.030257, 0.041815, 0.007294, 0.041306, 0.017250, -0.998998, 0.039584, -0.030948, 0.999393, 0.015977, -0.051245, 0.000000, 0.000000, 0.000000, 1.000000
3.9250, 31.2531, 16.8962, 185.5208, 257.0208, 1.2469, 240.1773, 7.2466, 39.5969, -51.2352, 0.579420, -0.787496, -0.210055, 0.031253, 0.783445, 0.609202, -0.122828, 0.016896, 0.224693, -0.093398, 0.969943, 0.185521, 0.000000, 0.000000, 0.000000, 1.000000, 0.224693, -0.093398, 0.969943, 0.257021, -0.579420, 0.787496, 0.210055, 0.001247, -0.783445, -0.609202, 0.122828, 0.240177, 0.000000, 0.000000, 0.000000, 1.000000, 0.998701, 0.030319, 0.040941, 0.007247, 0.040438, 0.017017, -0.999037, 0.039597, -0.030986, 0.999395, 0.015769, -0.051235, 0.000000, 0.000000, 0.000000, 1.000000
4.0702, 31.1843, 16.7997, 185.4754, 256.9754, 1.3157, 240.2738, 7.2208, 39.5913, -51.2320, 0.579920, -0.787258, -0.209567, 0.031184, 0.783629, 0.609385, -0.120731, 0.016800, 0.222754, -0.094208, 0.970312, 0.185475, 0.000000, 0.000000, 0.000000, 1.000000, 0.222754, -0.094208, 0.970312, 0.256975, -0.579920, 0.787258, 0.209567, 0.001316, -0.783629, -0.609385, 0.120731, 0.240274, 0.000000, 0.000000, 0.000000, 1.000000, 0.998719, 0.030428, 0.040441, 0.007221, 0.039911, 0.017802, -0.999045, 0.039591, -0.031119, 0.999378, 0.016565, -0.051232, 0.000000, 0.000000, 0.000000, 1.000000
4.1741, 31.1197, 16.7012, 185.4922, 256.9922, 1.3803, 240.3723, 7.1831, 39.5320, -51.2385, 0.580561, -0.787259, -0.207781, 0.031120, 0.783829, 0.609455, -0.119062, 0.016701, 0.220366, -0.093742, 0.970902, 0.185492, 0.000000, 0.000000, 0.000000, 1.000000, 0.220366, -0.093742, 0.970902, 0.256992, -0.580561, 0.787259, 0.207781, 0.001380, -0.783829, -0.609455, 0.119062, 0.240372, 0.000000, 0.000000, 0.000000, 1.000000, 0.998686, 0.030635, 0.041087, 0.007183, 0.040570, 0.017309, -0.999027, 0.039532, -0.031317, 0.999381, 0.016043, -0.051239, 0.000000, 0.000000, 0.000000, 1.000000
4.3135, 31.0484, 16.6069, 185.4624, 256.9624, 1.4516, 240.4666, 7.1575, 39.5127, -51.2333, 0.580851, -0.787243, -0.207028, 0.031048, 0.784102, 0.609419, -0.117444, 0.016607, 0.218624, -0.094114, 0.971260, 0.185462, 0.000000, 0.000000, 0.000000, 1.000000, 0.218624, -0.094114, 0.971260, 0.256962, -0.580851, 0.787243, 0.207028, 0.001452, -0.784102, -0.609419, 0.117444, 0.240467, 0.000000, 0.000000, 0.000000, 1.000000, 0.998714, 0.030562, 0.040451, 0.007157, 0.039926, 0.017590, -0.999048, 0.039513, -0.031244, 0.999378, 0.016348, -0.051233, 0.000000, 0.000000, 0.000000, 1.000000
4.4306, 30.9824, 16.5259, 185.4501, 256.9501, 1.5176, 240.5476, 7.1343, 39.4828, -51.2262, 0.581171, -0.787481, -0.205216, 0.030982, 0.784366, 0.609248, -0.116561, 0.016526, 0.216817, -0.093223, 0.971751, 0.185450, 0.000000, 0.000000, 0.000000, 1.000000, 0.216817, -0.093223, 0.971751, 0.256950, -0.581171, 0.787481, 0.205216, 0.001518, -0.784366, -0.609248, 0.116561, 0.240548, 0.000000, 0.000000, 0.000000, 1.000000, 0.998723, 0.030557, 0.040230, 0.007134, 0.039736, 0.016591, -0.999072, 0.039483, -0.031196, 0.999395, 0.015355, -0.051226, 0.000000, 0.000000, 0.000000, 1.000000
4.5767, 30.9065, 16.4286, 185.4283, 256.9283, 1.5935, 240.6449, 7.1102, 39.4542, -51.2196, 0.581776, -0.787269, -0.204314, 0.030907, 0.784583, 0.609421, -0.114173, 0.016429, 0.214398, -0.093878, 0.972224, 0.185428, 0.000000, 0.000000, 0.000000, 1.000000, 0.214398, -0.093878, 0.972224, 0.256928, -0.581776, 0.787269, 0.204314, 0.001593, -0.784583, -0.609421, 0.114173, 0.240645, 0.000000, 0.000000, 0.000000, 1.000000, 0.998720, 0.030689, 0.040201, 0.007110, 0.039685, 0.017217, -0.999064, 0.039454, -0.031352, 0.999381, 0.015977, -0.051220, 0.000000, 0.000000, 0.000000, 1.000000
4.6764, 30.8485, 16.3352, 185.4419, 256.9419, 1.6515, 240.7383, 7.0759, 39.4019, -51.2283, 0.582428, -0.787259, -0.202488, 0.030848, 0.784981, 0.609411, -0.111460, 0.016335, 0.211146, -0.094032, 0.972921, 0.185442, 0.000000, 0.000000, 0.000000, 1.000000, 0.211146, -0.094032, 0.972921, 0.256942, -0.582428, 0.787259, 0.202488, 0.001652, -0.784981, -0.609411, 0.111460, 0.240738, 0.000000, 0.000000, 0.000000, 1.000000, 0.998655, 0.030678, 0.041801, 0.007076, 0.041284, 0.017313, -0.998997, 0.039402, -0.031371, 0.999379, 0.016023, -0.051228, 0.000000, 0.000000, 0.000000, 1.000000
4.8065, 30.7648, 16.2243, 185.3407, 256.8407, 1.7352, 240.8491, 7.0063, 39.4472, -51.2167, 0.582726, -0.787316, -0.201403, 0.030765, 0.785137, 0.609383, -0.110511, 0.016224, 0.209738, -0.093731, 0.973255, 0.185341, 0.000000, 0.000000, 0.000000, 1.000000, 0.209738, -0.093731, 0.973255, 0.256841, -0.582726, 0.787316, 0.201403, 0.001735, -0.785137, -0.609383, 0.110511, 0.240849, 0.000000, 0.000000, 0.000000, 1.000000, 0.998687, 0.030737, 0.040970, 0.007006, 0.040463, 0.016940, -0.999037, 0.039447, -0.031401, 0.999384, 0.015674, -0.051217, 0.000000, 0.000000, 0.000000, 1.000000
4.9304, 30.6971, 16.1457, 185.3767, 256.8767, 1.8029, 240.9278, 7.0003, 39.3711, -51.2108, 0.583002, -0.787457, -0.200052, 0.030697, 0.785304, 0.609299, -0.109785, 0.016146, 0.208342, -0.093096, 0.973615, 0.185377, 0.000000, 0.000000, 0.000000, 1.000000, 0.208342, -0.093096, 0.973615, 0.256877, -0.583002, 0.787457, 0.200052, 0.001803, -0.785304, -0.609299, 0.109785, 0.240928, 0.000000, 0.000000, 0.000000, 1.000000, 0.998717, 0.030784, 0.040219, 0.007000, 0.039734, 0.016218, -0.999079, 0.039371, -0.031408, 0.999394, 0.014974, -0.051211, 0.000000, 0.000000, 0.000000, 1.000000
5.0711, 30.6412, 16.0460, 185.3837, 256.8837, 1.8588, 241.0275, 6.9881, 39.3210, -51.2248, 0.583607, -0.787421, -0.198422, 0.030641, 0.785726, 0.609276, -0.106850, 0.016046, 0.205030, -0.093546, 0.974275, 0.185384, 0.000000, 0.000000, 0.000000, 1.000000, 0.205030, -0.093546, 0.974275, 0.256884, -0.583607, 0.787421, 0.198422, 0.001859, -0.785726, -0.609276, 0.106850, 0.241027, 0.000000, 0.000000, 0.000000, 1.000000, 0.998680, 0.030719, 0.041172, 0.006988, 0.040676, 0.016580, -0.999035, 0.039321, -0.031372, 0.999391, 0.015309, -0.051225, 0.000000, 0.000000, 0.000000, 1.000000
5.1785, 30.5640, 15.9557, 185.3471, 256.8471, 1.9360, 241.1177, 6.9384, 39.3139, -51.2118, 0.584104, -0.787399, -0.197039, 0.030564, 0.785801, 0.609376, -0.105729, 0.015956, 0.203322, -0.093077, 0.974678, 0.185347, 0.000000, 0.000000, 0.000000, 1.000000, 0.203322, -0.093077, 0.974678, 0.256847, -0.584104, 0.787399, 0.197039, 0.001936, -0.785801, -0.609376, 0.105729, 0.241118, 0.000000, 0.000000, 0.000000, 1.000000, 0.998677, 0.030955, 0.041053, 0.006938, 0.040570, 0.016088, -0.999047, 0.039314, -0.031585, 0.999391, 0.014811, -0.051212, 0.000000, 0.000000, 0.000000, 1.000000
5.3141, 30.4953, 15.8656, 185.2661, 256.7661, 2.0047, 241.2078, 6.9022, 39.3485, -51.2019, 0.584113, -0.787376, -0.197108, 0.030495, 0.786022, 0.609289, -0.104583, 0.015866, 0.202442, -0.093843, 0.974788, 0.185266, 0.000000, 0.000000, 0.000000, 1.000000, 0.202442, -0.093843, 0.974788, 0.256766, -0.584113, 0.787376, 0.197108, 0.002005, -0.786022, -0.609289, 0.104583, 0.241208, 0.000000, 0.000000, 0.000000, 1.000000, 0.998743, 0.030753, 0.039593, 0.006902, 0.039092, 0.016748, -0.999095, 0.039348, -0.031388, 0.999387, 0.015525, -0.051202, 0.000000, 0.000000, 0.000000, 1.000000
5.4402, 30.4310, 15.7574, 185.3211, 256.8211, 2.0690, 241.3160, 6.8797, 39.2512, -51.2176, 0.584939, -0.787386, -0.194601, 0.030431, 0.786304, 0.609355, -0.102044, 0.015757, 0.198929, -0.093326, 0.975560, 0.185321, 0.000000, 0.000000, 0.000000, 1.000000, 0.198929, -0.093326, 0.975560, 0.256821, -0.584939, 0.787386, 0.194601, 0.002069, -0.786304, -0.609355, 0.102044, 0.241316, 0.000000, 0.000000, 0.000000, 1.000000, 0.998680, 0.030959, 0.040991, 0.006880, 0.040504, 0.016187, -0.999048, 0.039251, -0.031593, 0.999390, 0.014912, -0.051218, 0.000000, 0.000000, 0.000000, 1.000000
5.5850, 30.3629, 15.6705, 185.2729, 256.7729, 2.1371, 241.4030, 6.8604, 39.2541, -51.2091, 0.585311, -0.787343, -0.193652, 0.030363, 0.786417, 0.609415, -0.100801, 0.015670, 0.197380, -0.093291, 0.975878, 0.185273, 0.000000, 0.000000, 0.000000, 1.000000, 0.197380, -0.093291, 0.975878, 0.256773, -0.585311, 0.787343, 0.193652, 0.002137, -0.786417, -0.609415, 0.100801, 0.241403, 0.000000, 0.000000, 0.000000, 1.000000, 0.998714, 0.031080, 0.040059, 0.006860, 0.039573, 0.016092, -0.999087, 0.039254, -0.031697, 0.999387, 0.014842, -0.051209, 0.000000, 0.000000, 0.000000, 1.000000
5.7021, 30.2903, 15.5807, 185.2671, 256.7671, 2.2097, 241.4927, 6.8274, 39.2183, -51.2023, 0.585715, -0.787429, -0.192077, 0.030290, 0.786799, 0.609289, -0.098563, 0.015581, 0.194642, -0.093396, 0.976418, 0.185267, 0.000000, 0.000000, 0.000000, 1.000000, 0.194642, -0.093396, 0.976418, 0.256767, -0.585715, 0.787429, 0.192077, 0.002210, -0.786799, -0.609289, 0.098563, 0.241493, 0.000000, 0.000000, 0.000000, 1.000000, 0.998688, 0.030941, 0.040804, 0.006827, 0.040320, 0.016096, -0.999057, 0.039218, -0.031568, 0.999392, 0.014827, -0.051202, 0.000000, 0.000000, 0.000000, 1.000000
5.8192, 30.2249, 15.4841, 185.2828, 256.7828, 2.2751, 241.5894, 6.7975, 39.1625, -51.2070, 0.586246, -0.787432, -0.190438, 0.030225, 0.787030, 0.609306, -0.096587, 0.015484, 0.192090, -0.093257, 0.976936, 0.185283, 0.000000, 0.000000, 0.000000, 1.000000, 0.192090, -0.093257, 0.976936, 0.256783, -0.586246, 0.787432, 0.190438, 0.002275, -0.787030, -0.609306, 0.096587, 0.241589, 0.000000, 0.000000, 0.000000, 1.000000, 0.998662, 0.031017, 0.041370, 0.006797, 0.040892, 0.015899, -0.999037, 0.039163, -0.031645, 0.999392, 0.014610, -0.051207, 0.000000, 0.000000, 0.000000, 1.000000
5.9531, 30.1502, 15.3847, 185.2399, 256.7399, 2.3498, 241.6888, 6.7582, 39.1597, -51.2009, 0.586637, -0.787376, -0.189462, 0.030150, 0.787128, 0.609383, -0.095300, 0.015385, 0.190492, -0.093224, 0.977252, 0.185240, 0.000000, 0.000000, 0.000000, 1.000000, 0.190492, -0.093224, 0.977252, 0.256740, -0.586637, 0.787376, 0.189462, 0.002350, -0.787128, -0.609383, 0.095300, 0.241689, 0.000000, 0.000000, 0.000000, 1.000000, 0.998686, 0.031154, 0.040680, 0.006758, 0.040202, 0.015817, -0.999066, 0.039160, -0.031769, 0.999389, 0.014544, -0.051201, 0.000000, 0.000000, 0.000000, 1.000000
6.0515, 30.0761, 15.2865, 185.1997, 256.6997, 2.4239, 241.7870, 6.6967, 39.1589, -51.1948, 0.587110, -0.787307, -0.188281, 0.030076, 0.787187, 0.609505, -0.094020, 0.015286, 0.188781, -0.093013, 0.977604, 0.185200, 0.000000, 0.000000, 0.000000, 1.000000, 0.188781, -0.093013, 0.977604, 0.256700, -0.587110, 0.787307, 0.188281, 0.002424, -0.787187, -0.609505, 0.094020, 0.241787, 0.000000, 0.000000, 0.000000, 1.000000, 0.998678, 0.031366, 0.040722, 0.006697, 0.040249, 0.015588, -0.999068, 0.039159, -0.031971, 0.999386, 0.014305, -0.051195, 0.000000, 0.000000, 0.000000, 1.000000
6.1956, 30.0141, 15.1954, 185.2056, 256.7056, 2.4859, 241.8780, 6.6891, 39.1102, -51.1983, 0.587671, -0.787239, -0.186812, 0.030014, 0.787140, 0.609700, -0.093146, 0.015195, 0.187228, -0.092308, 0.977970, 0.185206, 0.000000, 0.000000, 0.000000, 1.000000, 0.187228, -0.092308, 0.977970, 0.256706, -0.587671, 0.787239, 0.186812, 0.002486, -0.787140, -0.609700, 0.093146, 0.241878, 0.000000, 0.000000, 0.000000, 1.000000, 0.998702, 0.031755, 0.039813, 0.006689, 0.039357, 0.014868, -0.999115, 0.039110, -0.032319, 0.999385, 0.013599, -0.051198, 0.000000, 0.000000, 0.000000, 1.000000
6.3127, 29.9395, 15.1017, 185.1790, 256.6790, 2.5605, 241.9717, 6.6469, 39.0953, -51.1903, 0.588022, -0.787491, -0.184630, 0.029940, 0.787560, 0.609453, -0.091189, 0.015102, 0.184334, -0.091786, 0.978568, 0.185179, 0.000000, 0.000000, 0.000000, 1.000000, 0.184334, -0.091786, 0.978568, 0.256679, -0.588022, 0.787491, 0.184630, 0.002560, -0.787560, -0.609453, 0.091189, 0.241972, 0.000000, 0.000000, 0.000000, 1.000000, 0.998674, 0.031563, 0.040676, 0.006647, 0.040243, 0.014214, -0.999089, 0.039095, -0.032112, 0.999401, 0.012925, -0.051190, 0.000000, 0.000000, 0.000000, 1.000000
6.4534, 29.8747, 15.0106, 185.2067, 256.7067, 2.6253, 242.0628, 6.6398, 39.0275, -51.1934, 0.588620, -0.787401, -0.183100, 0.029875, 0.787898, 0.609474, -0.088084, 0.015011, 0.180952, -0.092417, 0.979140, 0.185207, 0.000000, 0.000000, 0.000000, 1.000000, 0.180952, -0.092417, 0.979140, 0.256707, -0.588620, 0.787401, 0.183100, 0.002625, -0.787898, -0.609474, 0.088084, 0.242063, 0.000000, 0.000000, 0.000000, 1.000000, 0.998633, 0.031526, 0.041690, 0.006640, 0.041241, 0.014770, -0.999040, 0.039027, -0.032112, 0.999394, 0.013449, -0.051193, 0.000000, 0.000000, 0.000000, 1.000000
6.5760, 29.7964, 14.9095, 185.1385, 256.6385, 2.7036, 242.1639, 6.5839, 39.0513, -51.1832, 0.588786, -0.787327, -0.182888, 0.029796, 0.788116, 0.609437, -0.086364, 0.014910, 0.179455, -0.093287, 0.979333, 0.185139, 0.000000, 0.000000, 0.000000, 1.000000, 0.179455, -0.093287, 0.979333, 0.256639, -0.588786, 0.787327, 0.182888, 0.002704, -0.788116, -0.609437, 0.086364, 0.242164, 0.000000, 0.000000, 0.000000, 1.000000, 0.998662, 0.031381, 0.041092, 0.006584, 0.040619, 0.015558, -0.999054, 0.039051, -0.031991, 0.999386, 0.014263, -0.051183, 0.000000, 0.000000, 0.000000, 1.000000
6.6929, 29.7271, 14.8031, 185.1373, 256.6373, 2.7729, 242.2704, 6.5392, 39.0122, -51.1891, 0.589181, -0.787309, -0.181686, 0.029727, 0.788226, 0.609485, -0.085012, 0.014803, 0.177665, -0.093122, 0.979675, 0.185137, 0.000000, 0.000000, 0.000000, 1.000000, 0.177665, -0.093122, 0.979675, 0.256637, -0.589181, 0.787309, 0.181686, 0.002773, -0.788226, -0.609485, 0.085012, 0.242270, 0.000000, 0.000000, 0.000000, 1.000000, 0.998667, 0.031496, 0.040881, 0.006539, 0.040414, 0.015343, -0.999065, 0.039012, -0.032094, 0.999386, 0.014050, -0.051189, 0.000000, 0.000000, 0.000000, 1.000000
6.8337, 29.6644, 14.7333, 185.1555, 256.6555, 2.8356, 242.3402, 6.5480, 38.9576, -51.1806, 0.589652, -0.787462, -0.179484, 0.029664, 0.788385, 0.609447, -0.083812, 0.014733, 0.175385, -0.092082, 0.980184, 0.185156, 0.000000, 0.000000, 0.000000, 1.000000, 0.175385, -0.092082, 0.980184, 0.256656, -0.589652, 0.787462, 0.179484, 0.002836, -0.788385, -0.609447, 0.083812, 0.242340, 0.000000, 0.000000, 0.000000, 1.000000, 0.998669, 0.031639, 0.040723, 0.006548, 0.040289, 0.014220, -0.999087, 0.038958, -0.032189, 0.999398, 0.012926, -0.051181, 0.000000, 0.000000, 0.000000, 1.000000
6.9528, 29.6006, 14.6239, 185.1168, 256.6168, 2.8994, 242.4496, 6.4974, 38.9560, -51.1895, 0.590183, -0.787331, -0.178307, 0.029601, 0.788678, 0.609480, -0.080752, 0.014624, 0.172253, -0.092968, 0.980656, 0.185117, 0.000000, 0.000000, 0.000000, 1.000000, 0.172253, -0.092968, 0.980656, 0.256617, -0.590183, 0.787331, 0.178307, 0.002899, -0.788678, -0.609480, 0.080752, 0.242450, 0.000000, 0.000000, 0.000000, 1.000000, 0.998624, 0.031582, 0.041859, 0.006497, 0.041400, 0.015046, -0.999029, 0.038956, -0.032181, 0.999388, 0.013717, -0.051189, 0.000000, 0.000000, 0.000000, 1.000000
7.0666, 29.5263, 14.5476, 185.1363, 256.6363, 2.9737, 242.5259, 6.4761, 38.9007, -51.1755, 0.590718, -0.787378, -0.176318, 0.029526, 0.788719, 0.609568, -0.079684, 0.014548, 0.170219, -0.091994, 0.981103, 0.185136, 0.000000, 0.000000, 0.000000, 1.000000, 0.170219, -0.091994, 0.981103, 0.256636, -0.590718, 0.787378, 0.176318, 0.002974, -0.788719, -0.609568, 0.079684, 0.242526, 0.000000, 0.000000, 0.000000, 1.000000, 0.998612, 0.031859, 0.041935, 0.006476, 0.041505, 0.014035, -0.999040, 0.038901, -0.032417, 0.999394, 0.012694, -0.051176, 0.000000, 0.000000, 0.000000, 1.000000
7.1919, 29.4549, 14.4522, 185.0790, 256.5790, 3.0451, 242.6212, 6.4328, 38.9175, -51.1685, 0.590941, -0.787289, -0.175969, 0.029455, 0.788524, 0.609768, -0.080087, 0.014452, 0.170352, -0.091429, 0.981132, 0.185079, 0.000000, 0.000000, 0.000000, 1.000000, 0.170352, -0.091429, 0.981132, 0.256579, -0.590941, 0.787289, 0.175969, 0.003045, -0.788524, -0.609768, 0.080087, 0.242621, 0.000000, 0.000000, 0.000000, 1.000000, 0.998695, 0.032216, 0.039627, 0.006433, 0.039211, 0.013455, -0.999140, 0.038917, -0.032722, 0.999390, 0.012175, -0.051169, 0.000000, 0.000000, 0.000000, 1.000000
7.3129, 29.3867, 14.3564, 185.1160, 256.6160, 3.1133, 242.7171, 6.4074, 38.8442, -51.1728, 0.591303, -0.787482, -0.173876, 0.029387, 0.789184, 0.609409, -0.076217, 0.014356, 0.165981, -0.092153, 0.981814, 0.185116, 0.000000, 0.000000, 0.000000, 1.000000, 0.165981, -0.092153, 0.981814, 0.256616, -0.591303, 0.787482, 0.173876, 0.003113, -0.789184, -0.609409, 0.076217, 0.242717, 0.000000, 0.000000, 0.000000, 1.000000, 0.998617, 0.031703, 0.041939, 0.006407, 0.041512, 0.014014, -0.999040, 0.038844, -0.032260, 0.999399, 0.012678, -0.051173, 0.000000, 0.000000, 0.000000, 1.000000
7.4540, 29.3252, 14.2617, 185.0820, 256.5820, 3.1748, 242.8117, 6.3857, 38.8391, -51.1753, 0.591519, -0.787456, -0.173260, 0.029325, 0.789453, 0.609322, -0.074095, 0.014262, 0.163918, -0.092953, 0.982085, 0.185082, 0.000000, 0.000000, 0.000000, 1.000000, 0.163918, -0.092953, 0.982085, 0.256582, -0.591519, 0.787456, 0.173260, 0.003175, -0.789453, -0.609322, 0.074095, 0.242812, 0.000000, 0.000000, 0.000000, 1.000000, 0.998638, 0.031521, 0.041585, 0.006386, 0.041138, 0.014711, -0.999045, 0.038839, -0.032102, 0.999395, 0.013394, -0.051175, 0.000000, 0.000000, 0.000000, 1.000000
7.5694, 29.2391, 14.1706, 185.0495, 256.5495, 3.2609, 242.9029, 6.3359, 38.8316, -51.1560, 0.592180, -0.787369, -0.171386, 0.029239, 0.789174, 0.609677, -0.074153, 0.014171, 0.162876, -0.091342, 0.982409, 0.185050, 0.000000, 0.000000, 0.000000, 1.000000, 0.162876, -0.091342, 0.982409, 0.256550, -0.592180, 0.787369, 0.171386, 0.003261, -0.789174, -0.609677, 0.074153, 0.242903, 0.000000, 0.000000, 0.000000, 1.000000, 0.998655, 0.032206, 0.040639, 0.006336, 0.040234, 0.013131, -0.999104, 0.038832, -0.032711, 0.999395, 0.011818, -0.051156, 0.000000, 0.000000, 0.000000, 1.000000
7.6821, 29.1703, 14.0583, 185.0305, 256.5305, 3.3297, 243.0152, 6.2796, 38.8124, -51.1643, 0.592516, -0.787322, -0.170434, 0.029170, 0.789319, 0.609697, -0.072425, 0.014058, 0.160934, -0.091614, 0.982704, 0.185031, 0.000000, 0.000000, 0.000000, 1.000000, 0.160934, -0.091614, 0.982704, 0.256531, -0.592516, 0.787322, 0.170434, 0.003330, -0.789319, -0.609697, 0.072425, 0.243015, 0.000000, 0.000000, 0.000000, 1.000000, 0.998654, 0.032220, 0.040656, 0.006280, 0.040243, 0.013344, -0.999101, 0.038812, -0.032734, 0.999392, 0.012030, -0.051164, 0.000000, 0.000000, 0.000000, 1.000000
7.8385, 29.1022, 13.9700, 185.1126, 256.6126, 3.3978, 243.1035, 6.2924, 38.6928, -51.1676, 0.592999, -0.787488, -0.167971, 0.029102, 0.789644, 0.609557, -0.070013, 0.013970, 0.157523, -0.091120, 0.983302, 0.185113, 0.000000, 0.000000, 0.000000, 1.000000, 0.157523, -0.091120, 0.983302, 0.256613, -0.592999, 0.787488, 0.167971, 0.003398, -0.789644, -0.609557, 0.070013, 0.243103, 0.000000, 0.000000, 0.000000, 1.000000, 0.998627, 0.032147, 0.041365, 0.006292, 0.040974, 0.012728, -0.999079, 0.038693, -0.032644, 0.999402, 0.011393, -0.051168, 0.000000, 0.000000, 0.000000, 1.000000
7.9473, 29.0415, 13.8853, 185.0593, 256.5593, 3.4585, 243.1882, 6.2535, 38.7110, -51.1635, 0.593446, -0.787326, -0.167152, 0.029042, 0.789493, 0.609820, -0.069433, 0.013885, 0.156599, -0.090761, 0.983483, 0.185059, 0.000000, 0.000000, 0.000000, 1.000000, 0.156599, -0.090761, 0.983483, 0.256559, -0.593446, 0.787326, 0.167152, 0.003458, -0.789493, -0.609820, 0.069433, 0.243188, 0.000000, 0.000000, 0.000000, 1.000000, 0.998652, 0.032543, 0.040429, 0.006253, 0.040045, 0.012378, -0.999121, 0.038711, -0.033015, 0.999394, 0.011058, -0.051163, 0.000000, 0.000000, 0.000000, 1.000000
8.0778, 28.9768, 13.7757, 185.0510, 256.5510, 3.5232, 243.2978, 6.2154, 38.6815, -51.1743, 0.593848, -0.787210, -0.166270, 0.028977, 0.789867, 0.609742, -0.065761, 0.013776, 0.153150, -0.092279, 0.983885, 0.185051, 0.000000, 0.000000, 0.000000, 1.000000, 0.153150, -0.092279, 0.983885, 0.256551, -0.593848, 0.787210, 0.166270, 0.003523, -0.789867, -0.609742, 0.065761, 0.243298, 0.000000, 0.000000, 0.000000, 1.000000, 0.998609, 0.032284, 0.041683, 0.006215, 0.041255, 0.013801, -0.999053, 0.038681, -0.032829, 0.999383, 0.012450, -0.051174, 0.000000, 0.000000, 0.000000, 1.000000
8.1885, 28.8935, 13.6803, 185.0523, 256.5523, 3.6065, 243.3931, 6.1668, 38.6433, -51.1626, 0.594137, -0.787408, -0.164282, 0.028893, 0.790096, 0.609594, -0.064363, 0.013680, 0.150825, -0.091559, 0.984311, 0.185052, 0.000000, 0.000000, 0.000000, 1.000000, 0.150825, -0.091559, 0.984311, 0.256552, -0.594137, 0.787408, 0.164282, 0.003607, -0.790096, -0.609594, 0.064363, 0.243393, 0.000000, 0.000000, 0.000000, 1.000000, 0.998595, 0.032216, 0.042075, 0.006167, 0.041675, 0.012983, -0.999047, 0.038643, -0.032731, 0.999397, 0.011622, -0.051163, 0.000000, 0.000000, 0.000000, 1.000000
8.3362, 28.8290, 13.5834, 185.0294, 256.5294, 3.6710, 243.4901, 6.1478, 38.6282, -51.1650, 0.594446, -0.787432, -0.163050, 0.028829, 0.790167, 0.609615, -0.063287, 0.013583, 0.149231, -0.091216, 0.984586, 0.185029, 0.000000, 0.000000, 0.000000, 1.000000, 0.149231, -0.091216, 0.984586, 0.256529, -0.594446, 0.787432, 0.163050, 0.003671, -0.790167, -0.609615, 0.063287, 0.243490, 0.000000, 0.000000, 0.000000, 1.000000, 0.998632, 0.032317, 0.041111, 0.006148, 0.040723, 0.012562, -0.999091, 0.038628, -0.032804, 0.999399, 0.011229, -0.051165, 0.000000, 0.000000, 0.000000, 1.000000
8.4415, 28.7588, 13.4990, 185.0417, 256.5417, 3.7412, 243.5745, 6.1135, 38.5838, -51.1585, 0.594953, -0.787391, -0.161389, 0.028759, 0.790207, 0.609727, -0.061692, 0.013499, 0.146979, -0.090827, 0.984961, 0.185042, 0.000000, 0.000000, 0.000000, 1.000000, 0.146979, -0.090827, 0.984961, 0.256542, -0.594953, 0.787391, 0.161389, 0.003741, -0.790207, -0.609727, 0.061692, 0.243574, 0.000000, 0.000000, 0.000000, 1.000000, 0.998606, 0.032525, 0.041564, 0.006114, 0.041188, 0.012141, -0.999078, 0.038584, -0.032999, 0.999397, 0.010785, -0.051158, 0.000000, 0.000000, 0.000000, 1.000000
8.5794, 28.6851, 13.3966, 185.0099, 256.5099, 3.8149, 243.6769, 6.0766, 38.5771, -51.1559, 0.595335, -0.787234, -0.160746, 0.028685, 0.790364, 0.609777, -0.059133, 0.013397, 0.144570, -0.091844, 0.985223, 0.185010, 0.000000, 0.000000, 0.000000, 1.000000, 0.144570, -0.091844, 0.985223, 0.256510, -0.595335, 0.787234, 0.160746, 0.003815, -0.790364, -0.609777, 0.059133, 0.243677, 0.000000, 0.000000, 0.000000, 1.000000, 0.998604, 0.032497, 0.041631, 0.006077, 0.041224, 0.013091, -0.999064, 0.038577, -0.033012, 0.999386, 0.011733, -0.051156, 0.000000, 0.000000, 0.000000, 1.000000
8.6952, 28.6213, 13.3073, 184.9704, 256.4704, 3.8787, 243.7662, 6.0395, 38.5836, -51.1530, 0.595766, -0.787189, -0.159363, 0.028621, 0.790284, 0.609945, -0.058469, 0.013307, 0.143228, -0.091108, 0.985487, 0.184970, 0.000000, 0.000000, 0.000000, 1.000000, 0.143228, -0.091108, 0.985487, 0.256470, -0.595766, 0.787189, 0.159363, 0.003879, -0.790284, -0.609945, 0.058469, 0.243766, 0.000000, 0.000000, 0.000000, 1.000000, 0.998621, 0.032817, 0.040974, 0.006039, 0.040588, 0.012328, -0.999100, 0.038584, -0.033293, 0.999385, 0.010979, -0.051153, 0.000000, 0.000000, 0.000000, 1.000000
8.8337, 28.5488, 13.2106, 185.0092, 256.5092, 3.9512, 243.8629, 6.0208, 38.5091, -51.1540, 0.595946, -0.787435, -0.157464, 0.028549, 0.790667, 0.609652, -0.056309, 0.013211, 0.140338, -0.090944, 0.985918, 0.185009, 0.000000, 0.000000, 0.000000, 1.000000, 0.140338, -0.090944, 0.985918, 0.256509, -0.595946, 0.787435, 0.157464, 0.003951, -0.790667, -0.609652, 0.056309, 0.243863, 0.000000, 0.000000, 0.000000, 1.000000, 0.998612, 0.032501, 0.041448, 0.006021, 0.041076, 0.012018, -0.999084, 0.038509, -0.032969, 0.999399, 0.010666, -0.051154, 0.000000, 0.000000, 0.000000, 1.000000
8.9369, 28.4746, 13.1274, 184.9837, 256.4837, 4.0254, 243.9461, 5.9767, 38.5026, -51.1403, 0.596317, -0.787463, -0.155910, 0.028475, 0.790966, 0.609531, -0.053342, 0.013127, 0.137036, -0.091511, 0.986330, 0.184984, 0.000000, 0.000000, 0.000000, 1.000000, 0.137036, -0.091511, 0.986330, 0.256484, -0.596317, 0.787463, 0.155910, 0.004025, -0.790966, -0.609531, 0.053342, 0.243946, 0.000000, 0.000000, 0.000000, 1.000000, 0.998553, 0.032309, 0.042991, 0.005977, 0.042606, 0.012498, -0.999014, 0.038503, -0.032815, 0.999400, 0.011104, -0.051140, 0.000000, 0.000000, 0.000000, 1.000000
9.0736, 28.4212, 13.0359, 185.0191, 256.5191, 4.0788, 244.0376, 5.9707, 38.4359, -51.1535, 0.596585, -0.787497, -0.154709, 0.028421, 0.790881, 0.609637, -0.053384, 0.013036, 0.136356, -0.090508, 0.986517, 0.185019, 0.000000, 0.000000, 0.000000, 1.000000, 0.136356, -0.090508, 0.986517, 0.256519, -0.596585, 0.787497, 0.154709, 0.004079, -0.790881, -0.609637, 0.053384, 0.244038, 0.000000, 0.000000, 0.000000, 1.000000, 0.998616, 0.032580, 0.041283, 0.005971, 0.040930, 0.011442, -0.999097, 0.038436, -0.033023, 0.999404, 0.010092, -0.051154, 0.000000, 0.000000, 0.000000, 1.000000
9.2167, 28.3365, 12.9399, 184.9515, 256.4515, 4.1635, 244.1335, 5.9297, 38.4642, -51.1352, 0.597121, -0.787356, -0.153352, 0.028336, 0.790998, 0.609727, -0.050539, 0.012940, 0.133295, -0.091123, 0.986878, 0.184952, 0.000000, 0.000000, 0.000000, 1.000000, 0.133295, -0.091123, 0.986878, 0.256452, -0.597121, 0.787356, 0.153352, 0.004164, -0.790998, -0.609727, 0.050539, 0.244134, 0.000000, 0.000000, 0.000000, 1.000000, 0.998587, 0.032655, 0.041914, 0.005930, 0.041542, 0.011996, -0.999065, 0.038464, -0.033128, 0.999395, 0.010622, -0.051135, 0.000000, 0.000000, 0.000000, 1.000000
9.3276, 28.2737, 12.8407, 184.9168, 256.4168, 4.2263, 244.2327, 5.8827, 38.4674, -51.1393, 0.597376, -0.787461, -0.151813, 0.028274, 0.791094, 0.609685, -0.049550, 0.012841, 0.131577, -0.090498, 0.987166, 0.184917, 0.000000, 0.000000, 0.000000, 1.000000, 0.131577, -0.090498, 0.987166, 0.256417, -0.597376, 0.787461, 0.151813, 0.004226, -0.791094, -0.609685, 0.049550, 0.244233, 0.000000, 0.000000, 0.000000, 1.000000, 0.998595, 0.032691, 0.041696, 0.005883, 0.041346, 0.011298, -0.999081, 0.038467, -0.033132, 0.999402, 0.009931, -0.051139, 0.000000, 0.000000, 0.000000, 1.000000
9.4425, 28.2010, 12.7445, 184.9735, 256.4735, 4.2990, 244.3290, 5.8506, 38.3794, -51.1415, 0.597842, -0.787491, -0.149808, 0.028201, 0.791276, 0.609652, -0.046976, 0.012744, 0.128324, -0.090455, 0.987599, 0.184973, 0.000000, 0.000000, 0.000000, 1.000000, 0.128324, -0.090455, 0.987599, 0.256473, -0.597842, 0.787491, 0.149808, 0.004299, -0.791276, -0.609652, 0.046976, 0.244329, 0.000000, 0.000000, 0.000000, 1.000000, 0.998542, 0.032677, 0.042976, 0.005851, 0.042631, 0.011182, -0.999028, 0.038379, -0.033126, 0.999403, 0.009773, -0.051141, 0.000000, 0.000000, 0.000000, 1.000000
9.5908, 28.1415, 12.6422, 184.9348, 256.4348, 4.3585, 244.4312, 5.8272, 38.3836, -51.1496, 0.598231, -0.787265, -0.149443, 0.028142, 0.791148, 0.609898, -0.045917, 0.012642, 0.127294, -0.090762, 0.987704, 0.184935, 0.000000, 0.000000, 0.000000, 1.000000, 0.127294, -0.090762, 0.987704, 0.256435, -0.598231, 0.787265, 0.149443, 0.004358, -0.791148, -0.609898, 0.045917, 0.244431, 0.000000, 0.000000, 0.000000, 1.000000, 0.998595, 0.032982, 0.041469, 0.005827, 0.041112, 0.011457, -0.999089, 0.038384, -0.033427, 0.999390, 0.010085, -0.051150, 0.000000, 0.000000, 0.000000, 1.000000
9.7152, 28.0509, 12.5527, 184.9345, 256.4345, 4.4491, 244.5208, 5.7869, 38.3488, -51.1286, 0.598409, -0.787482, -0.147572, 0.028051, 0.791437, 0.609664, -0.044019, 0.012553, 0.124634, -0.090453, 0.988071, 0.184935, 0.000000, 0.000000, 0.000000, 1.000000, 0.124634, -0.090453, 0.988071, 0.256435, -0.598409, 0.787482, 0.147572, 0.004449, -0.791437, -0.609664, 0.044019, 0.244521, 0.000000, 0.000000, 0.000000, 1.000000, 0.998583, 0.032745, 0.041953, 0.005787, 0.041612, 0.011026, -0.999073, 0.038349, -0.033177, 0.999403, 0.009648, -0.051129, 0.000000, 0.000000, 0.000000, 1.000000
9.8255, 27.9871, 12.4711, 184.9346, 256.4346, 4.5129, 244.6023, 5.7586, 38.3210, -51.1249, 0.598678, -0.787552, -0.146105, 0.027987, 0.791493, 0.609660, -0.043053, 0.012471, 0.122981, -0.089866, 0.988332, 0.184935, 0.000000, 0.000000, 0.000000, 1.000000, 0.122981, -0.089866, 0.988332, 0.256435, -0.598678, 0.787552, 0.146105, 0.004513, -0.791493, -0.609660, 0.043053, 0.244602, 0.000000, 0.000000, 0.000000, 1.000000, 0.998592, 0.032820, 0.041686, 0.005759, 0.041365, 0.010374, -0.999090, 0.038321, -0.033223, 0.999407, 0.009002, -0.051125, 0.000000, 0.000000, 0.000000, 1.000000
9.9701, 27.9189, 12.3681, 184.9340, 256.4340, 4.5811, 244.7053, 5.7333, 38.2877, -51.1297, 0.599260, -0.787353, -0.144788, 0.027919, 0.791475, 0.609855, -0.040550, 0.012368, 0.120226, -0.090296, 0.988631, 0.184934, 0.000000, 0.000000, 0.000000, 1.000000, 0.120226, -0.090296, 0.988631, 0.256434, -0.599260, 0.787353, 0.144788, 0.004581, -0.791475, -0.609855, 0.040550, 0.244705, 0.000000, 0.000000, 0.000000, 1.000000, 0.998572, 0.033048, 0.041983, 0.005733, 0.041648, 0.010762, -0.999074, 0.038288, -0.033470, 0.999396, 0.009370, -0.051130, 0.000000, 0.000000, 0.000000, 1.000000
10.0839, 27.8502, 12.2727, 184.8770, 256.3770, 4.6498, 244.8007, 5.6843, 38.3138, -51.1249, 0.599330, -0.787327, -0.144637, 0.027850, 0.791555, 0.609816, -0.039562, 0.012273, 0.119350, -0.090778, 0.988694, 0.184877, 0.000000, 0.000000, 0.000000, 1.000000, 0.119350, -0.090778, 0.988694, 0.256377, -0.599330, 0.787327, 0.144637, 0.004650, -0.791555, -0.609816, 0.039562, 0.244801, 0.000000, 0.000000, 0.000000, 1.000000, 0.998619, 0.032977, 0.040892, 0.005684, 0.040544, 0.011171, -0.999115, 0.038314, -0.033405, 0.999394, 0.009818, -0.051125, 0.000000, 0.000000, 0.000000, 1.000000
10.1903, 27.7711, 12.1657, 184.8998, 256.3998, 4.7289, 244.9078, 5.6274, 38.2599, -51.1253, 0.599789, -0.787509, -0.141713, 0.027771, 0.791699, 0.609751, -0.037627, 0.012166, 0.116041, -0.089626, 0.989192, 0.184900, 0.000000, 0.000000, 0.000000, 1.000000, 0.116041, -0.089626, 0.989192, 0.256400, -0.599789, 0.787509, 0.141713, 0.004729, -0.791699, -0.609751, 0.037627, 0.244908, 0.000000, 0.000000, 0.000000, 1.000000, 0.998558, 0.033021, 0.042338, 0.005627, 0.042031, 0.009942, -0.999067, 0.038260, -0.033411, 0.999405, 0.008539, -0.051125, 0.000000, 0.000000, 0.000000, 1.000000
10.3225, 27.6971, 12.0732, 184.8833, 256.3833, 4.8029, 245.0002, 5.5966, 38.2428, -51.1179, 0.600067, -0.787395, -0.141169, 0.027697, 0.791762, 0.609788, -0.035665, 0.012073, 0.114166, -0.090371, 0.989343, 0.184883, 0.000000, 0.000000, 0.000000, 1.000000, 0.114166, -0.090371, 0.989343, 0.256383, -0.600067, 0.787395, 0.141169, 0.004803, -0.791762, -0.609788, 0.035665, 0.245000, 0.000000, 0.000000, 0.000000, 1.000000, 0.998574, 0.033024, 0.041951, 0.005597, 0.041621, 0.010624, -0.999077, 0.038243, -0.033439, 0.999398, 0.009234, -0.051118, 0.000000, 0.000000, 0.000000, 1.000000
10.4552, 27.6273, 11.9870, 184.8889, 256.3889, 4.8727, 245.0864, 5.5766, 38.2071, -51.1122, 0.600401, -0.787433, -0.139530, 0.027627, 0.791814, 0.609804, -0.034213, 0.011987, 0.112026, -0.089940, 0.989627, 0.184889, 0.000000, 0.000000, 0.000000, 1.000000, 0.112026, -0.089940, 0.989627, 0.256389, -0.600401, 0.787433, 0.139530, 0.004873, -0.791814, -0.609804, 0.034213, 0.245086, 0.000000, 0.000000, 0.000000, 1.000000, 0.998578, 0.033105, 0.041786, 0.005577, 0.041472, 0.010118, -0.999088, 0.038207, -0.033498, 0.999401, 0.008731, -0.051112, 0.000000, 0.000000, 0.000000, 1.000000
10.5910, 27.5646, 11.8918, 184.8952, 256.3952, 4.9354, 245.1816, 5.5554, 38.1710, -51.1176, 0.600882, -0.787363, -0.137845, 0.027565, 0.791779, 0.609942, -0.032498, 0.011892, 0.109666, -0.089615, 0.989920, 0.184895, 0.000000, 0.000000, 0.000000, 1.000000, 0.109666, -0.089615, 0.989920, 0.256395, -0.600882, 0.787363, 0.137845, 0.004935, -0.791779, -0.609942, 0.032498, 0.245182, 0.000000, 0.000000, 0.000000, 1.000000, 0.998570, 0.033329, 0.041806, 0.005555, 0.041502, 0.009740, -0.999091, 0.038171, -0.033706, 0.999397, 0.008343, -0.051118, 0.000000, 0.000000, 0.000000, 1.000000
10.7104, 27.4962, 11.8078, 184.8547, 256.3547, 5.0038, 245.2656, 5.5221, 38.1829, -51.1078, 0.600895, -0.787485, -0.137088, 0.027496, 0.792012, 0.609724, -0.030875, 0.011808, 0.107899, -0.090022, 0.990078, 0.184855, 0.000000, 0.000000, 0.000000, 1.000000, 0.107899, -0.090022, 0.990078, 0.256355, -0.600895, 0.787485, 0.137088, 0.005004, -0.792012, -0.609724, 0.030875, 0.245266, 0.000000, 0.000000, 0.000000, 1.000000, 0.998592, 0.033044, 0.041493, 0.005522, 0.041182, 0.010038, -0.999101, 0.038183, -0.033431, 0.999403, 0.008663, -0.051108, 0.000000, 0.000000, 0.000000, 1.000000
10.8281, 27.4260, 11.7081, 184.9030, 256.4030, 5.0740, 245.3654, 5.4868, 38.1063, -51.1132, 0.601460, -0.787442, -0.134838, 0.027426, 0.792054, 0.609802, -0.028150, 0.011708, 0.104391, -0.089868, 0.990468, 0.184903, 0.000000, 0.000000, 0.000000, 1.000000, 0.104391, -0.089868, 0.990468, 0.256403, -0.601460, 0.787442, 0.134838, 0.005074, -0.792054, -0.609802, 0.028150, 0.245365, 0.000000, 0.000000, 0.000000, 1.000000, 0.998525, 0.033174, 0.042982, 0.005487, 0.042678, 0.009830, -0.999041, 0.038106, -0.033565, 0.999401, 0.008399, -0.051113, 0.000000, 0.000000, 0.000000, 1.000000
10.9571, 27.3519, 11.6172, 184.8941, 256.3941, 5.1481, 245.4562, 5.4555, 38.0855, -51.1055, 0.601970, -0.787423, -0.132658, 0.027352, 0.792000, 0.609943, -0.026560, 0.011617, 0.101828, -0.089076, 0.990806, 0.184894, 0.000000, 0.000000, 0.000000, 1.000000, 0.101828, -0.089076, 0.990806, 0.256394, -0.601970, 0.787423, 0.132658, 0.005148, -0.792000, -0.609943, 0.026560, 0.245456, 0.000000, 0.000000, 0.000000, 1.000000, 0.998502, 0.033433, 0.043309, 0.005456, 0.043031, 0.008987, -0.999033, 0.038085, -0.033790, 0.999401, 0.007534, -0.051106, 0.000000, 0.000000, 0.000000, 1.000000
11.0678, 27.2862, 11.5235, 184.8781, 256.3781, 5.2138, 245.5499, 5.4136, 38.0747, -51.1056, 0.601894, -0.787466, -0.132748, 0.027286, 0.792192, 0.609752, -0.025190, 0.011524, 0.100780, -0.090001, 0.990830, 0.184878, 0.000000, 0.000000, 0.000000, 1.000000, 0.100780, -0.090001, 0.990830, 0.256378, -0.601894, 0.787466, 0.132748, 0.005214, -0.792192, -0.609752, 0.025190, 0.245550, 0.000000, 0.000000, 0.000000, 1.000000, 0.998549, 0.033142, 0.042440, 0.005414, 0.042136, 0.009815, -0.999064, 0.038075, -0.033528, 0.999402, 0.008404, -0.051106, 0.000000, 0.000000, 0.000000, 1.000000
11.2124, 27.2076, 11.4268, 184.8276, 256.3276, 5.2924, 245.6467, 5.3795, 38.0930, -51.0942, 0.602135, -0.787392, -0.132090, 0.027208, 0.792131, 0.609861, -0.024455, 0.011427, 0.099812, -0.089908, 0.990936, 0.184828, 0.000000, 0.000000, 0.000000, 1.000000, 0.099812, -0.089908, 0.990936, 0.256328, -0.602135, 0.787392, 0.132090, 0.005292, -0.792131, -0.609861, 0.024455, 0.245647, 0.000000, 0.000000, 0.000000, 1.000000, 0.998608, 0.033310, 0.040904, 0.005380, 0.040603, 0.009657, -0.999129, 0.038093, -0.033676, 0.999398, 0.008291, -0.051094, 0.000000, 0.000000, 0.000000, 1.000000
11.3243, 27.1319, 11.3315, 184.8721, 256.3721, 5.3681, 245.7419, 5.3396, 38.0215, -51.0923, 0.602706, -0.787389, -0.129477, 0.027132, 0.792115, 0.609969, -0.022171, 0.011332, 0.096434, -0.089198, 0.991335, 0.184872, 0.000000, 0.000000, 0.000000, 1.000000, 0.096434, -0.089198, 0.991335, 0.256372, -0.602706, 0.787389, 0.129477, 0.005368, -0.792115, -0.609969, 0.022171, 0.245742, 0.000000, 0.000000, 0.000000, 1.000000, 0.998541, 0.033514, 0.042348, 0.005340, 0.042072, 0.008899, -0.999075, 0.038022, -0.033859, 0.999399, 0.007476, -0.051092, 0.000000, 0.000000, 0.000000, 1.000000
11.4609, 27.0621, 11.2500, 184.8550, 256.3550, 5.4379, 245.8234, 5.3221, 38.0106, -51.0819, 0.603246, -0.787332, -0.127289, 0.027062, 0.791911, 0.610252, -0.021637, 0.011250, 0.094714, -0.087749, 0.991630, 0.184855, 0.000000, 0.000000, 0.000000, 1.000000, 0.094714, -0.087749, 0.991630, 0.256355, -0.603246, 0.787332, 0.127289, 0.005438, -0.791911, -0.610252, 0.021637, 0.245823, 0.000000, 0.000000, 0.000000, 1.000000, 0.998553, 0.033990, 0.041684, 0.005322, 0.041455, 0.007413, -0.999113, 0.038011, -0.034269, 0.999395, 0.005993, -0.051082, 0.000000, 0.000000, 0.000000, 1.000000
11.5675, 26.9937, 11.1470, 184.8192, 256.3192, 5.5063, 245.9264, 5.2656, 38.0201, -51.0836, 0.603112, -0.787359, -0.127761, 0.026994, 0.792170, 0.609984, -0.019639, 0.011147, 0.093395, -0.089363, 0.991611, 0.184819, 0.000000, 0.000000, 0.000000, 1.000000, 0.093395, -0.089363, 0.991611, 0.256319, -0.603112, 0.787359, 0.127761, 0.005506, -0.792170, -0.609984, 0.019639, 0.245926, 0.000000, 0.000000, 0.000000, 1.000000, 0.998588, 0.033559, 0.041174, 0.005266, 0.040896, 0.008925, -0.999124, 0.038020, -0.033897, 0.999397, 0.007540, -0.051084, 0.000000, 0.000000, 0.000000, 1.000000
11.6987, 26.9252, 11.0508, 184.8447, 256.3447, 5.5748, 246.0226, 5.2387, 37.9675, -51.0864, 0.603502, -0.787394, -0.125684, 0.026925, 0.792332, 0.609875, -0.016213, 0.011051, 0.089417, -0.089799, 0.991938, 0.184845, 0.000000, 0.000000, 0.000000, 1.000000, 0.089417, -0.089799, 0.991938, 0.256345, -0.603502, 0.787394, 0.125684, 0.005575, -0.792332, -0.609875, 0.016213, 0.246023, 0.000000, 0.000000, 0.000000, 1.000000, 0.998521, 0.033415, 0.042893, 0.005239, 0.042605, 0.009267, -0.999049, 0.037968, -0.033781, 0.999399, 0.007830, -0.051086, 0.000000, 0.000000, 0.000000, 1.000000
11.8393, 26.8533, 10.9465, 184.8478, 256.3478, 5.6467, 246.1269, 5.2066, 37.9357, -51.0893, 0.603955, -0.787288, -0.124162, 0.026853, 0.792140, 0.610139, -0.015610, 0.010947, 0.088046, -0.088925, 0.992139, 0.184848, 0.000000, 0.000000, 0.000000, 1.000000, 0.088046, -0.088925, 0.992139, 0.256348, -0.603955, 0.787288, 0.124162, 0.005647, -0.792140, -0.610139, 0.015610, 0.246127, 0.000000, 0.000000, 0.000000, 1.000000, 0.998552, 0.033823, 0.041824, 0.005207, 0.041564, 0.008351, -0.999101, 0.037936, -0.034141, 0.999393, 0.006933, -0.051089, 0.000000, 0.000000, 0.000000, 1.000000
11.9415, 26.7893, 10.8545, 184.8495, 256.3495, 5.7107, 246.2189, 5.1633, 37.9108, -51.0914, 0.604068, -0.787356, -0.123177, 0.026789, 0.792276, 0.610006, -0.013832, 0.010855, 0.086030, -0.089235, 0.992288, 0.184850, 0.000000, 0.000000, 0.000000, 1.000000, 0.086030, -0.089235, 0.992288, 0.256350, -0.604068, 0.787356, 0.123177, 0.005711, -0.792276, -0.610006, 0.013832, 0.246219, 0.000000, 0.000000, 0.000000, 1.000000, 0.998548, 0.033652, 0.042066, 0.005163, 0.041799, 0.008580, -0.999089, 0.037911, -0.033983, 0.999397, 0.007161, -0.051091, 0.000000, 0.000000, 0.000000, 1.000000
12.0946, 26.7145, 10.7536, 184.8517, 256.3517, 5.7855, 246.3198, 5.1403, 37.8791, -51.0899, 0.604248, -0.787543, -0.121081, 0.026715, 0.792493, 0.609777, -0.011252, 0.010754, 0.082693, -0.089157, 0.992579, 0.184852, 0.000000, 0.000000, 0.000000, 1.000000, 0.082693, -0.089157, 0.992579, 0.256352, -0.604248, 0.787543, 0.121081, 0.005785, -0.792493, -0.609777, 0.011252, 0.246320, 0.000000, 0.000000, 0.000000, 1.000000, 0.998529, 0.033391, 0.042723, 0.005140, 0.042466, 0.008375, -0.999063, 0.037879, -0.033718, 0.999407, 0.006945, -0.051090, 0.000000, 0.000000, 0.000000, 1.000000
12.2003, 26.6420, 10.6616, 184.8229, 256.3229, 5.8580, 246.4119, 5.0905, 37.8835, -51.0825, 0.604597, -0.787394, -0.120301, 0.026642, 0.792463, 0.609855, -0.008941, 0.010662, 0.080407, -0.089928, 0.992697, 0.184823, 0.000000, 0.000000, 0.000000, 1.000000, 0.080407, -0.089928, 0.992697, 0.256323, -0.604597, 0.787394, 0.120301, 0.005858, -0.792463, -0.609855, 0.008941, 0.246412, 0.000000, 0.000000, 0.000000, 1.000000, 0.998505, 0.033463, 0.043214, 0.005091, 0.042932, 0.009102, -0.999037, 0.037884, -0.033824, 0.999399, 0.007651, -0.051082, 0.000000, 0.000000, 0.000000, 1.000000
12.3387, 26.5779, 10.5613, 184.8728, 256.3728, 5.9221, 246.5122, 5.0698, 37.8083, -51.0933, 0.604891, -0.787472, -0.118301, 0.026578, 0.792576, 0.609742, -0.006194, 0.010561, 0.077011, -0.090016, 0.992958, 0.184873, 0.000000, 0.000000, 0.000000, 1.000000, 0.077011, -0.090016, 0.992958, 0.256373, -0.604891, 0.787472, 0.118301, 0.005922, -0.792576, -0.609742, 0.006194, 0.246512, 0.000000, 0.000000, 0.000000, 1.000000, 0.998466, 0.033339, 0.044206, 0.005070, 0.043925, 0.009091, -0.998993, 0.037808, -0.033707, 0.999403, 0.007613, -0.051093, 0.000000, 0.000000, 0.000000, 1.000000
12.4627, 26.5022, 10.4786, 184.9041, 256.4041, 5.9978, 246.5949, 5.0447, 37.7522, -51.0830, 0.605353, -0.787450, -0.116062, 0.026502, 0.792462, 0.609903, -0.004724, 0.010479, 0.074507, -0.089115, 0.993231, 0.184904, 0.000000, 0.000000, 0.000000, 1.000000, 0.074507, -0.089115, 0.993231, 0.256404, -0.605353, 0.787450, 0.116062, 0.005998, -0.792462, -0.609903, 0.004724, 0.246595, 0.000000, 0.000000, 0.000000, 1.000000, 0.998442, 0.033605, 0.044551, 0.005045, 0.044302, 0.008138, -0.998985, 0.037752, -0.033933, 0.999402, 0.006637, -0.051083, 0.000000, 0.000000, 0.000000, 1.000000
12.5943, 26.4294, 10.3799, 184.8604, 256.3604, 6.0706, 246.6935, 5.0047, 37.7697, -51.0779, 0.605663, -0.787393, -0.114824, 0.026429, 0.792297, 0.610118, -0.004678, 0.010380, 0.073739, -0.088142, 0.993375, 0.184860, 0.000000, 0.000000, 0.000000, 1.000000, 0.073739, -0.088142, 0.993375, 0.256360, -0.605663, 0.787393, 0.114824, 0.006071, -0.792297, -0.610118, 0.004678, 0.246694, 0.000000, 0.000000, 0.000000, 1.000000, 0.998498, 0.033941, 0.043020, 0.005005, 0.042803, 0.007114, -0.999058, 0.037770, -0.034215, 0.999399, 0.005651, -0.051078, 0.000000, 0.000000, 0.000000, 1.000000
12.7090, 26.3612, 10.2952, 184.8759, 256.3759, 6.1388, 246.7783, 4.9742, 37.7316, -51.0735, 0.606052, -0.787335, -0.113159, 0.026361, 0.792227, 0.610221, -0.002801, 0.010295, 0.071258, -0.087950, 0.993573, 0.184876, 0.000000, 0.000000, 0.000000, 1.000000, 0.071258, -0.087950, 0.993573, 0.256376, -0.606052, 0.787335, 0.113159, 0.006139, -0.792227, -0.610221, 0.002801, 0.246778, 0.000000, 0.000000, 0.000000, 1.000000, 0.998471, 0.034093, 0.043520, 0.004974, 0.043310, 0.006868, -0.999038, 0.037732, -0.034360, 0.999395, 0.005381, -0.051073, 0.000000, 0.000000, 0.000000, 1.000000
12.8358, 26.2893, 10.1977, 184.8528, 256.3528, 6.2107, 246.8757, 4.9347, 37.7300, -51.0701, 0.606067, -0.787541, -0.111633, 0.026289, 0.792393, 0.610010, -0.001481, 0.010198, 0.069263, -0.087559, 0.993748, 0.184853, 0.000000, 0.000000, 0.000000, 1.000000, 0.069263, -0.087559, 0.993748, 0.256353, -0.606067, 0.787541, 0.111633, 0.006211, -0.792393, -0.610010, 0.001481, 0.246876, 0.000000, 0.000000, 0.000000, 1.000000, 0.998489, 0.033861, 0.043276, 0.004935, 0.043084, 0.006370, -0.999051, 0.037730, -0.034105, 0.999406, 0.004902, -0.051070, 0.000000, 0.000000, 0.000000, 1.000000
12.9496, 26.2116, 10.1102, 184.8524, 256.3524, 6.2884, 246.9632, 4.8940, 37.7075, -51.0587, 0.606480, -0.787343, -0.110789, 0.026212, 0.792192, 0.610272, -0.000409, 0.010110, 0.067933, -0.087519, 0.993844, 0.184852, 0.000000, 0.000000, 0.000000, 1.000000, 0.067933, -0.087519, 0.993844, 0.256352, -0.606480, 0.787343, 0.110789, 0.006288, -0.792192, -0.610272, 0.000409, 0.246963, 0.000000, 0.000000, 0.000000, 1.000000, 0.998504, 0.034208, 0.042659, 0.004894, 0.042468, 0.006297, -0.999078, 0.037708, -0.034445, 0.999395, 0.004835, -0.051059, 0.000000, 0.000000, 0.000000, 1.000000
13.0935, 26.1347, 10.0065, 184.8804, 256.3804, 6.3653, 247.0669, 4.8633, 37.6536, -51.0593, 0.606790, -0.787496, -0.107963, 0.026135, 0.792308, 0.610115, 0.002795, 0.010007, 0.063669, -0.087236, 0.994151, 0.184880, 0.000000, 0.000000, 0.000000, 1.000000, 0.063669, -0.087236, 0.994151, 0.256380, -0.606790, 0.787496, 0.107963, 0.006365, -0.792308, -0.610115, -0.002795, 0.247067, 0.000000, 0.000000, 0.000000, 1.000000, 0.998434, 0.034038, 0.044405, 0.004863, 0.044229, 0.005906, -0.999004, 0.037654, -0.034266, 0.999403, 0.004391, -0.051059, 0.000000, 0.000000, 0.000000, 1.000000
13.2104, 26.0691, 9.9119, 184.8470, 256.3470, 6.4309, 247.1615, 4.8223, 37.6634, -51.0586, 0.607075, -0.787391, -0.107121, 0.026069, 0.792137, 0.610337, 0.002922, 0.009912, 0.063079, -0.086628, 0.994242, 0.184847, 0.000000, 0.000000, 0.000000, 1.000000, 0.063079, -0.086628, 0.994242, 0.256347, -0.607075, 0.787391, 0.107121, 0.006431, -0.792137, -0.610337, -0.002922, 0.247162, 0.000000, 0.000000, 0.000000, 1.000000, 0.998486, 0.034352, 0.042963, 0.004822, 0.042807, 0.005259, -0.999070, 0.037663, -0.034546, 0.999396, 0.003780, -0.051059, 0.000000, 0.000000, 0.000000, 1.000000
13.3273, 25.9976, 9.8081, 184.8687, 256.3687, 6.5024, 247.2653, 4.7759, 37.6194, -51.0631, 0.607118, -0.787434, -0.106561, 0.025998, 0.792327, 0.610067, 0.006092, 0.009808, 0.060213, -0.088130, 0.994287, 0.184869, 0.000000, 0.000000, 0.000000, 1.000000, 0.060213, -0.088130, 0.994287, 0.256369, -0.607118, 0.787434, 0.106561, 0.006502, -0.792327, -0.610067, -0.006092, 0.247265, 0.000000, 0.000000, 0.000000, 1.000000, 0.998462, 0.033967, 0.043825, 0.004776, 0.043623, 0.006663, -0.999026, 0.037619, -0.034226, 0.999401, 0.005171, -0.051063, 0.000000, 0.000000, 0.000000, 1.000000
13.4659, 25.9152, 9.7314, 184.8520, 256.3520, 6.5848, 247.3421, 4.7555, 37.6116, -51.0398, 0.607353, -0.787542, -0.104400, 0.025915, 0.792210, 0.610224, 0.005496, 0.009731, 0.059379, -0.086045, 0.994520, 0.184852, 0.000000, 0.000000, 0.000000, 1.000000, 0.059379, -0.086045, 0.994520, 0.256352, -0.607353, 0.787542, 0.104400, 0.006585, -0.792210, -0.610224, -0.005496, 0.247342, 0.000000, 0.000000, 0.000000, 1.000000, 0.998522, 0.034254, 0.042190, 0.004755, 0.042060, 0.004505, -0.999105, 0.037612, -0.034414, 0.999403, 0.003057, -0.051040, 0.000000, 0.000000, 0.000000, 1.000000
13.6125, 25.8517, 9.6247, 184.8743, 256.3743, 6.6483, 247.4487, 4.7307, 37.5663, -51.0525, 0.607635, -0.787479, -0.103236, 0.025852, 0.792288, 0.610070, 0.009726, 0.009625, 0.055322, -0.087703, 0.994609, 0.184874, 0.000000, 0.000000, 0.000000, 1.000000, 0.055322, -0.087703, 0.994609, 0.256374, -0.607635, 0.787479, 0.103236, 0.006648, -0.792288, -0.610070, -0.009726, 0.247449, 0.000000, 0.000000, 0.000000, 1.000000, 0.998463, 0.034018, 0.043748, 0.004731, 0.043566, 0.006065, -0.999032, 0.037566, -0.034251, 0.999403, 0.004573, -0.051053, 0.000000, 0.000000, 0.000000, 1.000000
13.7173, 25.7725, 9.5113, 184.8899, 256.3899, 6.7275, 247.5621, 4.6631, 37.5292, -51.0559, 0.607887, -0.787589, -0.100880, 0.025772, 0.792341, 0.609950, 0.012532, 0.009511, 0.051662, -0.087549, 0.994820, 0.184890, 0.000000, 0.000000, 0.000000, 1.000000, 0.051662, -0.087549, 0.994820, 0.256390, -0.607887, 0.787589, 0.100880, 0.006728, -0.792341, -0.609950, -0.012532, 0.247562, 0.000000, 0.000000, 0.000000, 1.000000, 0.998386, 0.033883, 0.045576, 0.004663, 0.045404, 0.005833, -0.998952, 0.037529, -0.034113, 0.999409, 0.004285, -0.051056, 0.000000, 0.000000, 0.000000, 1.000000
13.8331, 25.7013, 9.4255, 184.8475, 256.3475, 6.7987, 247.6480, 4.6243, 37.5509, -51.0447, 0.608151, -0.787370, -0.100999, 0.025701, 0.792193, 0.610117, 0.013704, 0.009425, 0.050831, -0.088345, 0.994792, 0.184847, 0.000000, 0.000000, 0.000000, 1.000000, 0.050831, -0.088345, 0.994792, 0.256347, -0.608151, 0.787370, 0.100999, 0.006799, -0.792193, -0.610117, -0.013704, 0.247648, 0.000000, 0.000000, 0.000000, 1.000000, 0.998431, 0.034083, 0.044438, 0.004624, 0.044238, 0.006585, -0.998999, 0.037551, -0.034341, 0.999397, 0.005067, -0.051045, 0.000000, 0.000000, 0.000000, 1.000000
13.9647, 25.6385, 9.3423, 184.8366, 256.3366, 6.8615, 247.7311, 4.6059, 37.5413, -51.0415, 0.608505, -0.787329, -0.099169, 0.025638, 0.792017, 0.610333, 0.014256, 0.009342, 0.049301, -0.087218, 0.994968, 0.184837, 0.000000, 0.000000, 0.000000, 1.000000, 0.049301, -0.087218, 0.994968, 0.256337, -0.608505, 0.787329, 0.099169, 0.006862, -0.792017, -0.610333, -0.014256, 0.247731, 0.000000, 0.000000, 0.000000, 1.000000, 0.998454, 0.034398, 0.043662, 0.004606, 0.043502, 0.005399, -0.999039, 0.037541, -0.034600, 0.999394, 0.003895, -0.051041, 0.000000, 0.000000, 0.000000, 1.000000
14.0884, 25.5658, 9.2472, 184.8761, 256.3761, 6.9342, 247.8263, 4.5715, 37.4813, -51.0416, 0.608710, -0.787374, -0.097539, 0.025566, 0.792010, 0.610295, 0.016132, 0.009247, 0.046826, -0.087071, 0.995101, 0.184876, 0.000000, 0.000000, 0.000000, 1.000000, 0.046826, -0.087071, 0.995101, 0.256376, -0.608710, 0.787374, 0.097539, 0.006934, -0.792010, -0.610295, -0.016132, 0.247826, 0.000000, 0.000000, 0.000000, 1.000000, 0.998442, 0.034366, 0.043972, 0.004571, 0.043820, 0.005172, -0.999026, 0.037481, -0.034560, 0.999396, 0.003658, -0.051042, 0.000000, 0.000000, 0.000000, 1.000000
14.2113, 25.4967, 9.1471, 184.8844, 256.3844, 7.0033, 247.9263, 4.5311, 37.4530, -51.0447, 0.608814, -0.787455, -0.096228, 0.025497, 0.792124, 0.610052, 0.019406, 0.009147, 0.043422, -0.088039, 0.995170, 0.184884, 0.000000, 0.000000, 0.000000, 1.000000, 0.043422, -0.088039, 0.995170, 0.256384, -0.608814, 0.787455, 0.096228, 0.007003, -0.792124, -0.610052, -0.019406, 0.247926, 0.000000, 0.000000, 0.000000, 1.000000, 0.998395, 0.034050, 0.045261, 0.004531, 0.045080, 0.006045, -0.998965, 0.037453, -0.034288, 0.999402, 0.004500, -0.051045, 0.000000, 0.000000, 0.000000, 1.000000
14.3372, 25.4321, 9.0649, 184.9096, 256.4096, 7.0679, 248.0086, 4.5113, 37.4089, -51.0425, 0.609235, -0.787422, -0.093802, 0.025432, 0.791929, 0.610264, 0.020643, 0.009065, 0.040989, -0.086861, 0.995377, 0.184910, 0.000000, 0.000000, 0.000000, 1.000000, 0.040989, -0.086861, 0.995377, 0.256410, -0.609235, 0.787422, 0.093802, 0.007068, -0.791929, -0.610264, -0.020643, 0.248009, 0.000000, 0.000000, 0.000000, 1.000000, 0.998374, 0.034352, 0.045487, 0.004511, 0.045348, 0.004809, -0.998960, 0.037409, -0.034535, 0.999398, 0.003243, -0.051043, 0.000000, 0.000000, 0.000000, 1.000000
14.4488, 25.3473, 8.9628, 184.8586, 256.3586, 7.1527, 248.1106, 4.4482, 37.4390, -51.0291, 0.609400, -0.787430, -0.092659, 0.025347, 0.791908, 0.610229, 0.022409, 0.008963, 0.038898, -0.087033, 0.995446, 0.184859, 0.000000, 0.000000, 0.000000, 1.000000, 0.038898, -0.087033, 0.995446, 0.256359, -0.609400, 0.787430, 0.092659, 0.007153, -0.791908, -0.610229, -0.022409, 0.248111, 0.000000, 0.000000, 0.000000, 1.000000, 0.998368, 0.034315, 0.045641, 0.004448, 0.045499, 0.004911, -0.998952, 0.037439, -0.034503, 0.999399, 0.003342, -0.051029, 0.000000, 0.000000, 0.000000, 1.000000
14.5931, 25.2853, 8.8743, 184.9535, 256.4535, 7.2147, 248.1991, 4.4423, 37.3251, -51.0387, 0.609685, -0.787597, -0.089305, 0.025285, 0.791827, 0.610293, 0.023518, 0.008874, 0.035979, -0.085053, 0.995727, 0.184953, 0.000000, 0.000000, 0.000000, 1.000000, 0.035979, -0.085053, 0.995727, 0.256453, -0.609685, 0.787597, 0.089305, 0.007215, -0.791827, -0.610293, -0.023518, 0.248199, 0.000000, 0.000000, 0.000000, 1.000000, 0.998348, 0.034439, 0.045984, 0.004442, 0.045913, 0.002839, -0.998941, 0.037325, -0.034533, 0.999403, 0.001253, -0.051039, 0.000000, 0.000000, 0.000000, 1.000000
14.7103, 25.2087, 8.7816, 184.9472, 256.4472, 7.2913, 248.2919, 4.3985, 37.3122, -51.0302, 0.609872, -0.787598, -0.088009, 0.025209, 0.791801, 0.610228, 0.025944, 0.008782, 0.033272, -0.085509, 0.995782, 0.184947, 0.000000, 0.000000, 0.000000, 1.000000, 0.033272, -0.085509, 0.995782, 0.256447, -0.609872, 0.787598, 0.088009, 0.007291, -0.791801, -0.610228, -0.025944, 0.248292, 0.000000, 0.000000, 0.000000, 1.000000, 0.998320, 0.034355, 0.046666, 0.004398, 0.046583, 0.003221, -0.998909, 0.037312, -0.034468, 0.999404, 0.001615, -0.051030, 0.000000, 0.000000, 0.000000, 1.000000
14.8258, 25.1464, 8.6834, 184.9245, 256.4245, 7.3536, 248.3901, 4.3562, 37.3177, -51.0351, 0.609914, -0.787550, -0.088143, 0.025146, 0.791838, 0.610081, 0.028180, 0.008683, 0.031581, -0.086983, 0.995709, 0.184924, 0.000000, 0.000000, 0.000000, 1.000000, 0.031581, -0.086983, 0.995709, 0.256424, -0.609914, 0.787550, 0.088143, 0.007354, -0.791838, -0.610081, -0.028180, 0.248390, 0.000000, 0.000000, 0.000000, 1.000000, 0.998339, 0.034160, 0.046385, 0.004356, 0.046254, 0.004620, -0.998919, 0.037318, -0.034337, 0.999406, 0.003032, -0.051035, 0.000000, 0.000000, 0.000000, 1.000000
14.9517, 25.0731, 8.5708, 184.9153, 256.4153, 7.4269, 248.5027, 4.3040, 37.3079, -51.0407, 0.609940, -0.787662, -0.086960, 0.025073, 0.791929, 0.609828, 0.030944, 0.008571, 0.028658, -0.087740, 0.995731, 0.184915, 0.000000, 0.000000, 0.000000, 1.000000, 0.028658, -0.087740, 0.995731, 0.256415, -0.609940, 0.787662, 0.086960, 0.007427, -0.791929, -0.609828, -0.030944, 0.248503, 0.000000, 0.000000, 0.000000, 1.000000, 0.998316, 0.033846, 0.047114, 0.004304, 0.046962, 0.005282, -0.998883, 0.037308, -0.034057, 0.999413, 0.003684, -0.051041, 0.000000, 0.000000, 0.000000, 1.000000
15.0910, 24.9956, 8.4934, 184.9200, 256.4200, 7.5044, 248.5800, 4.2870, 37.2836, -51.0235, 0.610300, -0.787671, -0.084315, 0.024996, 0.791711, 0.610107, 0.031041, 0.008493, 0.026991, -0.085697, 0.995956, 0.184920, 0.000000, 0.000000, 0.000000, 1.000000, 0.026991, -0.085697, 0.995956, 0.256420, -0.610300, 0.787671, 0.084315, 0.007504, -0.791711, -0.610107, -0.031041, 0.248580, 0.000000, 0.000000, 0.000000, 1.000000, 0.998340, 0.034223, 0.046318, 0.004287, 0.046236, 0.003171, -0.998926, 0.037284, -0.034333, 0.999409, 0.001583, -0.051024, 0.000000, 0.000000, 0.000000, 1.000000
15.2013, 24.9184, 8.3830, 184.9276, 256.4276, 7.5816, 248.6905, 4.2249, 37.2587, -51.0262, 0.610685, -0.787586, -0.082295, 0.024918, 0.791518, 0.610220, 0.033626, 0.008383, 0.023735, -0.085673, 0.996041, 0.184928, 0.000000, 0.000000, 0.000000, 1.000000, 0.023735, -0.085673, 0.996041, 0.256428, -0.610685, 0.787586, 0.082295, 0.007582, -0.791518, -0.610220, -0.033626, 0.248690, 0.000000, 0.000000, 0.000000, 1.000000, 0.998272, 0.034372, 0.047670, 0.004225, 0.047592, 0.003091, -0.998862, 0.037259, -0.034480, 0.999404, 0.001450, -0.051026, 0.000000, 0.000000, 0.000000, 1.000000
15.3365, 24.8462, 8.2939, 184.9075, 256.4075, 7.6538, 248.7795, 4.1972, 37.2605, -51.0180, 0.610836, -0.787398, -0.082966, 0.024846, 0.791421, 0.610266, 0.035034, 0.008294, 0.023046, -0.087061, 0.995936, 0.184908, 0.000000, 0.000000, 0.000000, 1.000000, 0.023046, -0.087061, 0.995936, 0.256408, -0.610836, 0.787398, 0.082966, 0.007654, -0.791421, -0.610266, -0.035034, 0.248780, 0.000000, 0.000000, 0.000000, 1.000000, 0.998345, 0.034434, 0.046063, 0.004197, 0.045938, 0.004410, -0.998935, 0.037260, -0.034600, 0.999397, 0.002821, -0.051018, 0.000000, 0.000000, 0.000000, 1.000000
15.4672, 24.7815, 8.2021, 184.9254, 256.4254, 7.7185, 248.8714, 4.1712, 37.2260, -51.0207, 0.610787, -0.787614, -0.081265, 0.024782, 0.791538, 0.609977, 0.037345, 0.008202, 0.020156, -0.087134, 0.995993, 0.184925, 0.000000, 0.000000, 0.000000, 1.000000, 0.020156, -0.087134, 0.995993, 0.256425, -0.610787, 0.787614, 0.081265, 0.007718, -0.791538, -0.609977, -0.037345, 0.248871, 0.000000, 0.000000, 0.000000, 1.000000, 0.998330, 0.034079, 0.046651, 0.004171, 0.046528, 0.004380, -0.998907, 0.037226, -0.034246, 0.999410, 0.002787, -0.051021, 0.000000, 0.000000, 0.000000, 1.000000
15.5973, 24.6986, 8.1059, 184.9950, 256.4950, 7.8014, 248.9675, 4.1338, 37.1384, -51.0156, 0.611464, -0.787540, -0.076755, 0.024699, 0.791090, 0.610520, 0.037968, 0.008106, 0.016960, -0.083936, 0.996327, 0.184995, 0.000000, 0.000000, 0.000000, 1.000000, 0.016960, -0.083936, 0.996327, 0.256495, -0.611464, 0.787540, 0.076755, 0.007801, -0.791090, -0.610520, -0.037968, 0.248968, 0.000000, 0.000000, 0.000000, 1.000000, 0.998265, 0.034769, 0.047522, 0.004134, 0.047512, 0.001131, -0.998870, 0.037138, -0.034783, 0.999395, -0.000523, -0.051016, 0.000000, 0.000000, 0.000000, 1.000000
15.7140, 24.6290, 8.0151, 184.9197, 256.4197, 7.8710, 249.0583, 4.0908, 37.1977, -51.0058, 0.611544, -0.787445, -0.077100, 0.024629, 0.791044, 0.610507, 0.039129, 0.008015, 0.016258, -0.084918, 0.996255, 0.184920, 0.000000, 0.000000, 0.000000, 1.000000, 0.016258, -0.084918, 0.996255, 0.256420, -0.611544, 0.787445, 0.077100, 0.007871, -0.791044, -0.610507, -0.039129, 0.249058, 0.000000, 0.000000, 0.000000, 1.000000, 0.998326, 0.034758, 0.046228, 0.004091, 0.046184, 0.002047, -0.998931, 0.037198, -0.034815, 0.999394, 0.000438, -0.051006, 0.000000, 0.000000, 0.000000, 1.000000
15.8550, 24.5586, 7.9103, 184.9763, 256.4763, 7.9414, 249.1632, 4.0596, 37.1244, -51.0149, 0.611605, -0.787559, -0.075433, 0.024559, 0.791055, 0.610311, 0.041862, 0.007910, 0.013069, -0.085274, 0.996272, 0.184976, 0.000000, 0.000000, 0.000000, 1.000000, 0.013069, -0.085274, 0.996272, 0.256476, -0.611605, 0.787559, 0.075433, 0.007941, -0.791055, -0.610311, -0.041862, 0.249163, 0.000000, 0.000000, 0.000000, 1.000000, 0.998300, 0.034517, 0.046957, 0.004060, 0.046905, 0.002304, -0.998897, 0.037124, -0.034587, 0.999401, 0.000681, -0.051015, 0.000000, 0.000000, 0.000000, 1.000000
15.9594, 24.4811, 7.8266, 184.9935, 256.4935, 8.0189, 249.2468, 4.0153, 37.0923, -51.0024, 0.611775, -0.787760, -0.071864, 0.024481, 0.790983, 0.610210, 0.044601, 0.007827, 0.008717, -0.084128, 0.996417, 0.184994, 0.000000, 0.000000, 0.000000, 1.000000, 0.008717, -0.084128, 0.996417, 0.256494, -0.611775, 0.787760, 0.071864, 0.008019, -0.790983, -0.610210, -0.044601, 0.249247, 0.000000, 0.000000, 0.000000, 1.000000, 0.998185, 0.034385, 0.049442, 0.004015, 0.049434, 0.001081, -0.998777, 0.037092, -0.034396, 0.999408, -0.000620, -0.051002, 0.000000, 0.000000, 0.000000, 1.000000
16.0967, 24.4190, 7.7361, 184.9678, 256.4678, 8.0810, 249.3374, 3.9932, 37.1026, -51.0028, 0.611961, -0.787505, -0.073075, 0.024419, 0.790846, 0.610264, 0.046267, 0.007736, 0.008160, -0.086105, 0.996253, 0.184968, 0.000000, 0.000000, 0.000000, 1.000000, 0.008160, -0.086105, 0.996253, 0.256468, -0.611961, 0.787505, 0.073075, 0.008081, -0.790846, -0.610264, -0.046267, 0.249337, 0.000000, 0.000000, 0.000000, 1.000000, 0.998267, 0.034476, 0.047690, 0.003993, 0.047615, 0.002991, -0.998861, 0.037103, -0.034579, 0.999401, 0.001344, -0.051003, 0.000000, 0.000000, 0.000000, 1.000000
16.2134, 24.3443, 7.6536, 184.9842, 256.4842, 8.1557, 249.4198, 3.9592, 37.0714, -50.9918, 0.612142, -0.787483, -0.071788, 0.024344, 0.790712, 0.610455, 0.046033, 0.007654, 0.007573, -0.084943, 0.996357, 0.184984, 0.000000, 0.000000, 0.000000, 1.000000, 0.007573, -0.084943, 0.996357, 0.256484, -0.612142, 0.787483, 0.071788, 0.008156, -0.790712, -0.610455, -0.046033, 0.249420, 0.000000, 0.000000, 0.000000, 1.000000, 0.998328, 0.034709, 0.046218, 0.003959, 0.046185, 0.001765, -0.998931, 0.037071, -0.034753, 0.999396, 0.000159, -0.050992, 0.000000, 0.000000, 0.000000, 1.000000
16.3512, 24.2766, 7.5508, 185.0047, 256.5047, 8.2234, 249.5226, 3.9264, 37.0359, -50.9987, 0.612359, -0.787571, -0.068917, 0.024277, 0.790571, 0.610431, 0.048687, 0.007551, 0.003724, -0.084298, 0.996434, 0.185005, 0.000000, 0.000000, 0.000000, 1.000000, 0.003724, -0.084298, 0.996434, 0.256505, -0.612359, 0.787571, 0.068917, 0.008223, -0.790571, -0.610431, -0.048687, 0.249523, 0.000000, 0.000000, 0.000000, 1.000000, 0.998262, 0.034674, 0.047644, 0.003926, 0.047637, 0.001031, -0.998864, 0.037036, -0.034683, 0.999398, -0.000622, -0.050999, 0.000000, 0.000000, 0.000000, 1.000000
16.4542, 24.2014, 7.4488, 185.0097, 256.5097, 8.2986, 249.6246, 3.8667, 37.0177, -50.9978, 0.612484, -0.787519, -0.068382, 0.024201, 0.790482, 0.610297, 0.051725, 0.007449, 0.000999, -0.085735, 0.996317, 0.185010, 0.000000, 0.000000, 0.000000, 1.000000, 0.000999, -0.085735, 0.996317, 0.256510, -0.612484, 0.787519, 0.068382, 0.008299, -0.790482, -0.610297, -0.051725, 0.249625, 0.000000, 0.000000, 0.000000, 1.000000, 0.998220, 0.034529, 0.048621, 0.003867, 0.048567, 0.002406, -0.998817, 0.037018, -0.034605, 0.999401, 0.000725, -0.050998, 0.000000, 0.000000, 0.000000, 1.000000
16.6010, 24.1193, 7.3585, 185.0319, 256.5319, 8.3807, 249.7150, 3.8413, 36.9792, -50.9860, 0.612575, -0.787696, -0.065468, 0.024119, 0.790409, 0.610209, 0.053849, 0.007358, -0.002468, -0.084734, 0.996401, 0.185032, 0.000000, 0.000000, 0.000000, 1.000000, -0.002468, -0.084734, 0.996401, 0.256532, -0.612575, 0.787696, 0.065468, 0.008381, -0.790409, -0.610209, -0.053849, 0.249715, 0.000000, 0.000000, 0.000000, 1.000000, 0.998182, 0.034404, 0.049486, 0.003841, 0.049470, 0.001305, -0.998775, 0.036979, -0.034427, 0.999407, -0.000399, -0.050986, 0.000000, 0.000000, 0.000000, 1.000000
16.7043, 24.0477, 7.2453, 185.0157, 256.5157, 8.4523, 249.8281, 3.7738, 36.9833, -50.9927, 0.612665, -0.787640, -0.065302, 0.024048, 0.790324, 0.609991, 0.057428, 0.007245, -0.005399, -0.086794, 0.996212, 0.185016, 0.000000, 0.000000, 0.000000, 1.000000, -0.005399, -0.086794, 0.996212, 0.256516, -0.612665, 0.787640, 0.065302, 0.008452, -0.790324, -0.609991, -0.057428, 0.249828, 0.000000, 0.000000, 0.000000, 1.000000, 0.998130, 0.034176, 0.050683, 0.003774, 0.050599, 0.003302, -0.998714, 0.036983, -0.034299, 0.999410, 0.001567, -0.050993, 0.000000, 0.000000, 0.000000, 1.000000
16.8462, 23.9865, 7.1598, 185.0270, 256.5270, 8.5135, 249.9137, 3.7606, 36.9568, -50.9940, 0.612918, -0.787584, -0.063589, 0.023986, 0.790122, 0.610271, 0.057239, 0.007160, -0.006274, -0.085326, 0.996333, 0.185027, 0.000000, 0.000000, 0.000000, 1.000000, -0.006274, -0.085326, 0.996333, 0.256527, -0.612918, 0.787584, 0.063589, 0.008514, -0.790122, -0.610271, -0.057239, 0.249914, 0.000000, 0.000000, 0.000000, 1.000000, 0.998200, 0.034503, 0.049055, 0.003761, 0.049023, 0.001760, -0.998796, 0.036957, -0.034547, 0.999403, 0.000066, -0.050994, 0.000000, 0.000000, 0.000000, 1.000000
16.9607, 23.9054, 7.0599, 185.0394, 256.5394, 8.5946, 250.0136, 3.7066, 36.9314, -50.9877, 0.613040, -0.787706, -0.060842, 0.023905, 0.789985, 0.610163, 0.060207, 0.007060, -0.010302, -0.084974, 0.996330, 0.185039, 0.000000, 0.000000, 0.000000, 1.000000, -0.010302, -0.084974, 0.996330, 0.256539, -0.613040, 0.787706, 0.060842, 0.008595, -0.789985, -0.610163, -0.060207, 0.250014, 0.000000, 0.000000, 0.000000, 1.000000, 0.998104, 0.034360, 0.051069, 0.003707, 0.051054, 0.001332, -0.998695, 0.036931, -0.034383, 0.999409, -0.000425, -0.050988, 0.000000, 0.000000, 0.000000, 1.000000
17.0857, 23.8195, 6.9510, 185.0477, 256.5477, 8.6805, 250.1225, 3.6491, 36.9100, -50.9828, 0.613038, -0.787915, -0.058098, 0.023819, 0.789923, 0.609936, 0.063248, 0.006951, -0.014398, -0.084667, 0.996305, 0.185048, 0.000000, 0.000000, 0.000000, 1.000000, -0.014398, -0.084667, 0.996305, 0.256548, -0.613038, 0.787915, 0.058098, 0.008681, -0.789923, -0.609936, -0.063248, 0.250122, 0.000000, 0.000000, 0.000000, 1.000000, 0.998015, 0.034070, 0.052959, 0.003649, 0.052957, 0.000935, -0.998596, 0.036910, -0.034072, 0.999419, -0.000871, -0.050983, 0.000000, 0.000000, 0.000000, 1.000000
17.2237, 23.7566, 6.8867, 185.0321, 256.5321, 8.7434, 250.1867, 3.6486, 36.9125, -50.9681, 0.613568, -0.787397, -0.059490, 0.023757, 0.789566, 0.610727, 0.059984, 0.006887, -0.010899, -0.083775, 0.996425, 0.185032, 0.000000, 0.000000, 0.000000, 1.000000, -0.010899, -0.083775, 0.996425, 0.256532, -0.613568, 0.787397, 0.059490, 0.008743, -0.789566, -0.610727, -0.059984, 0.250187, 0.000000, 0.000000, 0.000000, 1.000000, 0.998275, 0.035045, 0.047096, 0.003649, 0.047125, -0.000007, -0.998889, 0.036912, -0.035006, 0.999386, -0.001658, -0.050968, 0.000000, 0.000000, 0.000000, 1.000000
17.3632, 23.6720, 6.7920, 185.1028, 256.6028, 8.8280, 250.2814, 3.6145, 36.8281, -50.9609, 0.613482, -0.787816, -0.054642, 0.023672, 0.789516, 0.610331, 0.064501, 0.006792, -0.017465, -0.082711, 0.996421, 0.185103, 0.000000, 0.000000, 0.000000, 1.000000, -0.017465, -0.082711, 0.996421, 0.256603, -0.613482, 0.787816, 0.054642, 0.008828, -0.789516, -0.610331, -0.064501, 0.250281, 0.000000, 0.000000, 0.000000, 1.000000, 0.998094, 0.034513, 0.051155, 0.003614, 0.051227, -0.001179, -0.998686, 0.036828, -0.034407, 0.999404, -0.002945, -0.050961, 0.000000, 0.000000, 0.000000, 1.000000
17.4705, 23.6076, 6.6832, 185.0480, 256.5480, 8.8924, 250.3902, 3.5556, 36.8732, -50.9675, 0.613634, -0.787598, -0.056061, 0.023608, 0.789395, 0.610353, 0.065768, 0.006683, -0.017581, -0.084612, 0.996259, 0.185048, 0.000000, 0.000000, 0.000000, 1.000000, -0.017581, -0.084612, 0.996259, 0.256548, -0.613634, 0.787598, 0.056061, 0.008892, -0.789395, -0.610353, -0.065768, 0.250390, 0.000000, 0.000000, 0.000000, 1.000000, 0.998175, 0.034601, 0.049492, 0.003556, 0.049498, 0.000668, -0.998774, 0.036873, -0.034591, 0.999401, -0.001045, -0.050968, 0.000000, 0.000000, 0.000000, 1.000000
17.5990, 23.5395, 6.5843, 185.0742, 256.5742, 8.9605, 250.4891, 3.5193, 36.8359, -50.9723, 0.613811, -0.787678, -0.052914, 0.023539, 0.789135, 0.610280, 0.069451, 0.006584, -0.022412, -0.084386, 0.996181, 0.185074, 0.000000, 0.000000, 0.000000, 1.000000, -0.022412, -0.084386, 0.996181, 0.256574, -0.613811, 0.787678, 0.052914, 0.008961, -0.789135, -0.610280, -0.069451, 0.250489, 0.000000, 0.000000, 0.000000, 1.000000, 0.998047, 0.034502, 0.052066, 0.003519, 0.052085, 0.000361, -0.998643, 0.036836, -0.034474, 0.999405, -0.001437, -0.050972, 0.000000, 0.000000, 0.000000, 1.000000
17.7214, 23.4683, 6.4973, 185.0986, 256.5986, 9.0317, 250.5761, 3.4864, 36.8007, -50.9676, 0.613928, -0.787595, -0.052796, 0.023468, 0.789029, 0.610353, 0.070016, 0.006497, -0.022920, -0.084643, 0.996148, 0.185099, 0.000000, 0.000000, 0.000000, 1.000000, -0.022920, -0.084643, 0.996148, 0.256599, -0.613928, 0.787595, 0.052796, 0.009032, -0.789029, -0.610353, -0.070016, 0.250576, 0.000000, 0.000000, 0.000000, 1.000000, 0.998126, 0.034604, 0.050461, 0.003486, 0.050472, 0.000548, -0.998725, 0.036801, -0.034588, 0.999401, -0.001200, -0.050968, 0.000000, 0.000000, 0.000000, 1.000000
17.8451, 23.4022, 6.3992, 185.0916, 256.5916, 9.0978, 250.6742, 3.4475, 36.7978, -50.9707, 0.614213, -0.787448, -0.051652, 0.023402, 0.788725, 0.610450, 0.072547, 0.006399, -0.025596, -0.085299, 0.996027, 0.185092, 0.000000, 0.000000, 0.000000, 1.000000, -0.025596, -0.085299, 0.996027, 0.256592, -0.614213, 0.787448, 0.051652, 0.009098, -0.788725, -0.610450, -0.072547, 0.250674, 0.000000, 0.000000, 0.000000, 1.000000, 0.998093, 0.034755, 0.051024, 0.003447, 0.051015, 0.001135, -0.998697, 0.036798, -0.034768, 0.999395, -0.000640, -0.050971, 0.000000, 0.000000, 0.000000, 1.000000
17.9778, 23.3324, 6.2932, 185.1182, 256.6182, 9.1676, 250.7803, 3.4064, 36.7611, -50.9783, 0.614026, -0.787721, -0.049675, 0.023332, 0.788712, 0.609964, 0.076663, 0.006293, -0.030089, -0.086252, 0.995819, 0.185118, 0.000000, 0.000000, 0.000000, 1.000000, -0.030089, -0.086252, 0.995819, 0.256618, -0.614026, 0.787721, 0.049675, 0.009168, -0.788712, -0.609964, -0.076663, 0.250780, 0.000000, 0.000000, 0.000000, 1.000000, 0.997999, 0.034184, 0.053201, 0.003406, 0.053164, 0.001999, -0.998584, 0.036761, -0.034242, 0.999414, 0.000178, -0.050978, 0.000000, 0.000000, 0.000000, 1.000000
18.0833, 23.2534, 6.2060, 185.0736, 256.5736, 9.2466, 250.8675, 3.3564, 36.7960, -50.9615, 0.614288, -0.787622, -0.047984, 0.023253, 0.788428, 0.610166, 0.077973, 0.006206, -0.032135, -0.085730, 0.995800, 0.185074, 0.000000, 0.000000, 0.000000, 1.000000, -0.032135, -0.085730, 0.995800, 0.256574, -0.614288, 0.787622, 0.047984, 0.009247, -0.788428, -0.610166, -0.077973, 0.250867, 0.000000, 0.000000, 0.000000, 1.000000, 0.997979, 0.034420, 0.053413, 0.003356, 0.053396, 0.001417, -0.998572, 0.036796, -0.034446, 0.999406, -0.000424, -0.050961, 0.000000, 0.000000, 0.000000, 1.000000
18.2186, 23.1733, 6.1079, 185.1366, 256.6366, 9.3267, 250.9655, 3.3179, 36.7225, -50.9592, 0.614192, -0.787862, -0.045189, 0.023173, 0.788350, 0.609969, 0.080267, 0.006108, -0.035675, -0.084924, 0.995749, 0.185137, 0.000000, 0.000000, 0.000000, 1.000000, -0.035675, -0.084924, 0.995749, 0.256637, -0.614192, 0.787862, 0.045189, 0.009327, -0.788350, -0.609969, -0.080267, 0.250966, 0.000000, 0.000000, 0.000000, 1.000000, 0.997928, 0.034136, 0.054547, 0.003318, 0.054561, 0.000521, -0.998510, 0.036723, -0.034113, 0.999417, -0.001342, -0.050959, 0.000000, 0.000000, 0.000000, 1.000000
18.3300, 23.1153, 6.0214, 185.1322, 256.6322, 9.3847, 251.0520, 3.2851, 36.7192, -50.9623, 0.614248, -0.787762, -0.046150, 0.023115, 0.788263, 0.609822, 0.082216, 0.006021, -0.036623, -0.086880, 0.995545, 0.185132, 0.000000, 0.000000, 0.000000, 1.000000, -0.036623, -0.086880, 0.995545, 0.256632, -0.614248, 0.787762, 0.046150, 0.009385, -0.788263, -0.609822, -0.082216, 0.251052, 0.000000, 0.000000, 0.000000, 1.000000, 0.997981, 0.034048, 0.053624, 0.003285, 0.053573, 0.002416, -0.998561, 0.036719, -0.034129, 0.999417, 0.000587, -0.050962, 0.000000, 0.000000, 0.000000, 1.000000
18.4816, 23.0353, 5.9254, 185.1501, 256.6501, 9.4647, 251.1480, 3.2579, 36.6904, -50.9551, 0.614623, -0.787666, -0.042679, 0.023035, 0.787878, 0.610344, 0.082023, 0.005925, -0.038558, -0.084040, 0.995716, 0.185150, 0.000000, 0.000000, 0.000000, 1.000000, -0.038558, -0.084040, 0.995716, 0.256650, -0.614623, 0.787666, 0.042679, 0.009465, -0.787878, -0.610344, -0.082023, 0.251148, 0.000000, 0.000000, 0.000000, 1.000000, 0.998004, 0.034567, 0.052853, 0.003258, 0.052903, -0.000517, -0.998600, 0.036690, -0.034491, 0.999402, -0.002345, -0.050955, 0.000000, 0.000000, 0.000000, 1.000000
18.5849, 22.9565, 5.8137, 185.1768, 256.6768, 9.5435, 251.2597, 3.1876, 36.6567, -50.9588, 0.614668, -0.787761, -0.040206, 0.022956, 0.787576, 0.610104, 0.086590, 0.005814, -0.043682, -0.084889, 0.995432, 0.185177, 0.000000, 0.000000, 0.000000, 1.000000, -0.043682, -0.084889, 0.995432, 0.256677, -0.614668, 0.787761, 0.040206, 0.009544, -0.787576, -0.610104, -0.086590, 0.251260, 0.000000, 0.000000, 0.000000, 1.000000, 0.997830, 0.034307, 0.056202, 0.003188, 0.056226, 0.000270, -0.998418, 0.036657, -0.034268, 0.999411, -0.001660, -0.050959, 0.000000, 0.000000, 0.000000, 1.000000
18.7396, 22.8870, 5.7250, 185.1602, 256.6602, 9.6130, 251.3484, 3.1739, 36.6633, -50.9529, 0.614904, -0.787573, -0.040281, 0.022887, 0.787348, 0.610244, 0.087669, 0.005725, -0.044464, -0.085623, 0.995335, 0.185160, 0.000000, 0.000000, 0.000000, 1.000000, -0.044464, -0.085623, 0.995335, 0.256660, -0.614904, 0.787573, 0.040281, 0.009613, -0.787348, -0.610244, -0.087669, 0.251348, 0.000000, 0.000000, 0.000000, 1.000000, 0.997926, 0.034526, 0.054337, 0.003174, 0.054338, 0.000916, -0.998522, 0.036663, -0.034525, 0.999403, -0.000962, -0.050953, 0.000000, 0.000000, 0.000000, 1.000000
18.8552, 22.8092, 5.6263, 185.1874, 256.6874, 9.6908, 251.4471, 3.1224, 36.6287, -50.9498, 0.614736, -0.787868, -0.036924, 0.022809, 0.787201, 0.609954, 0.090949, 0.005626, -0.049134, -0.084976, 0.995171, 0.185187, 0.000000, 0.000000, 0.000000, 1.000000, -0.049134, -0.084976, 0.995171, 0.256687, -0.614736, 0.787868, 0.036924, 0.009691, -0.787201, -0.609954, -0.090949, 0.251447, 0.000000, 0.000000, 0.000000, 1.000000, 0.997794, 0.034123, 0.056946, 0.003122, 0.056972, 0.000194, -0.998376, 0.036629, -0.034079, 0.999418, -0.001751, -0.050950, 0.000000, 0.000000, 0.000000, 1.000000
18.9716, 22.7278, 5.5497, 185.1957, 256.6957, 9.7722, 251.5238, 3.0871, 36.6119, -50.9294, 0.615282, -0.787450, -0.036742, 0.022728, 0.786879, 0.610695, 0.088731, 0.005550, -0.047433, -0.083506, 0.995378, 0.185196, 0.000000, 0.000000, 0.000000, 1.000000, -0.047433, -0.083506, 0.995378, 0.256696, -0.615282, 0.787450, 0.036742, 0.009772, -0.786879, -0.610695, -0.088731, 0.251524, 0.000000, 0.000000, 0.000000, 1.000000, 0.997970, 0.034973, 0.053224, 0.003087, 0.053303, -0.001346, -0.998577, 0.036612, -0.034852, 0.999387, -0.003207, -0.050929, 0.000000, 0.000000, 0.000000, 1.000000
19.0859, 22.6613, 5.4467, 185.1973, 256.6973, 9.8387, 251.6267, 3.0377, 36.6045, -50.9358, 0.615118, -0.787639, -0.035410, 0.022661, 0.786757, 0.610261, 0.092705, 0.005447, -0.051409, -0.084884, 0.995064, 0.185197, 0.000000, 0.000000, 0.000000, 1.000000, -0.051409, -0.084884, 0.995064, 0.256697, -0.615118, 0.787639, 0.035410, 0.009839, -0.786757, -0.610261, -0.092705, 0.251627, 0.000000, 0.000000, 0.000000, 1.000000, 0.997877, 0.034507, 0.055235, 0.003038, 0.055269, -0.000035, -0.998471, 0.036604, -0.034452, 0.999404, -0.001942, -0.050936, 0.000000, 0.000000, 0.000000, 1.000000
19.2153, 22.5911, 5.3447, 185.2209, 256.7209, 9.9089, 251.7288, 2.9965, 36.5745, -50.9404, 0.615030, -0.787853, -0.032018, 0.022591, 0.786520, 0.610098, 0.095743, 0.005345, -0.055898, -0.084067, 0.994891, 0.185221, 0.000000, 0.000000, 0.000000, 1.000000, -0.055898, -0.084067, 0.994891, 0.256721, -0.615030, 0.787853, 0.032018, 0.009909, -0.786520, -0.610098, -0.095743, 0.251729, 0.000000, 0.000000, 0.000000, 1.000000, 0.997762, 0.034248, 0.057428, 0.002996, 0.057494, -0.000932, -0.998345, 0.036574, -0.034138, 0.999413, -0.002899, -0.050940, 0.000000, 0.000000, 0.000000, 1.000000
19.3392, 22.5179, 5.2443, 185.1856, 256.6856, 9.9821, 251.8291, 2.9515, 36.6035, -50.9367, 0.615082, -0.787767, -0.033134, 0.022518, 0.786345, 0.609809, 0.098966, 0.005244, -0.057757, -0.086927, 0.994539, 0.185186, 0.000000, 0.000000, 0.000000, 1.000000, -0.057757, -0.086927, 0.994539, 0.256686, -0.615082, 0.787767, 0.033134, 0.009982, -0.786345, -0.609809, -0.098966, 0.251829, 0.000000, 0.000000, 0.000000, 1.000000, 0.997779, 0.034073, 0.057231, 0.002951, 0.057201, 0.001864, -0.998361, 0.036604, -0.034124, 0.999418, -0.000090, -0.050937, 0.000000, 0.000000, 0.000000, 1.000000
19.4724, 22.4472, 5.1655, 185.2704, 256.7704, 10.0528, 251.9080, 2.9308, 36.5117, -50.9328, 0.615125, -0.787898, -0.028933, 0.022447, 0.786102, 0.610078, 0.099240, 0.005165, -0.060539, -0.083789, 0.994643, 0.185270, 0.000000, 0.000000, 0.000000, 1.000000, -0.060539, -0.083789, 0.994643, 0.256770, -0.615125, 0.787898, 0.028933, 0.010053, -0.786102, -0.610078, -0.099240, 0.251908, 0.000000, 0.000000, 0.000000, 1.000000, 0.997754, 0.034199, 0.057590, 0.002931, 0.057670, -0.001365, -0.998335, 0.036512, -0.034064, 0.999414, -0.003334, -0.050933, 0.000000, 0.000000, 0.000000, 1.000000
19.6016, 22.3701, 5.0527, 185.1563, 256.6563, 10.1299, 252.0208, 2.8774, 36.6201, -50.9265, 0.615270, -0.787751, -0.029858, 0.022370, 0.785825, 0.609877, 0.102607, 0.005053, -0.062619, -0.086594, 0.994274, 0.185156, 0.000000, 0.000000, 0.000000, 1.000000, -0.062619, -0.086594, 0.994274, 0.256656, -0.615270, 0.787751, 0.029858, 0.010130, -0.785825, -0.609877, -0.102607, 0.252021, 0.000000, 0.000000, 0.000000, 1.000000, 0.997760, 0.034143, 0.057531, 0.002877, 0.057517, 0.001373, -0.998344, 0.036620, -0.034165, 0.999416, -0.000593, -0.050926, 0.000000, 0.000000, 0.000000, 1.000000
19.7211, 22.3098, 4.9650, 185.2063, 256.7063, 10.1902, 252.1085, 2.8469, 36.5655, -50.9331, 0.615226, -0.787820, -0.028930, 0.022310, 0.785629, 0.609643, 0.105464, 0.004965, -0.065450, -0.087613, 0.994002, 0.185206, 0.000000, 0.000000, 0.000000, 1.000000, -0.065450, -0.087613, 0.994002, 0.256706, -0.615226, 0.787820, 0.028930, 0.010190, -0.785629, -0.609643, -0.105464, 0.252108, 0.000000, 0.000000, 0.000000, 1.000000, 0.997722, 0.033925, 0.058310, 0.002847, 0.058264, 0.002326, -0.998298, 0.036566, -0.034003, 0.999422, 0.000344, -0.050933, 0.000000, 0.000000, 0.000000, 1.000000
19.8547, 22.2334, 4.8594, 185.2376, 256.7376, 10.2666, 252.2141, 2.8014, 36.5292, -50.9355, 0.615263, -0.787883, -0.026309, 0.022233, 0.785355, 0.609712, 0.107093, 0.004859, -0.068336, -0.086552, 0.993901, 0.185238, 0.000000, 0.000000, 0.000000, 1.000000, -0.068336, -0.086552, 0.993901, 0.256738, -0.615263, 0.787883, 0.026309, 0.010267, -0.785355, -0.609712, -0.107093, 0.252214, 0.000000, 0.000000, 0.000000, 1.000000, 0.997691, 0.033937, 0.058838, 0.002801, 0.058832, 0.001182, -0.998267, 0.036529, -0.033947, 0.999423, -0.000817, -0.050935, 0.000000, 0.000000, 0.000000, 1.000000
19.9538, 22.1634, 4.7626, 185.1881, 256.6881, 10.3366, 252.3108, 2.7459, 36.5754, -50.9311, 0.615386, -0.787751, -0.027365, 0.022163, 0.785102, 0.609489, 0.110174, 0.004763, -0.070110, -0.089284, 0.993536, 0.185188, 0.000000, 0.000000, 0.000000, 1.000000, -0.070110, -0.089284, 0.993536, 0.256688, -0.615386, 0.787751, 0.027365, 0.010337, -0.785102, -0.609489, -0.110174, 0.252311, 0.000000, 0.000000, 0.000000, 1.000000, 0.997683, 0.033874, 0.058995, 0.002746, 0.058897, 0.003867, -0.998257, 0.036575, -0.034043, 0.999419, 0.001863, -0.050931, 0.000000, 0.000000, 0.000000, 1.000000
20.1087, 22.0826, 4.6708, 185.2358, 256.7358, 10.4174, 252.4026, 2.7222, 36.5214, -50.9233, 0.615448, -0.787809, -0.024111, 0.022083, 0.784771, 0.609660, 0.111577, 0.004671, -0.073202, -0.087591, 0.993463, 0.185236, 0.000000, 0.000000, 0.000000, 1.000000, -0.073202, -0.087591, 0.993463, 0.256736, -0.615448, 0.787809, 0.024111, 0.010417, -0.784771, -0.609660, -0.111577, 0.252403, 0.000000, 0.000000, 0.000000, 1.000000, 0.997660, 0.033960, 0.059341, 0.002722, 0.059304, 0.002075, -0.998238, 0.036521, -0.034023, 0.999421, 0.000056, -0.050923, 0.000000, 0.000000, 0.000000, 1.000000
20.2256, 22.0109, 4.5931, 185.2496, 256.7496, 10.4891, 252.4803, 2.6915, 36.5029, -50.9118, 0.615479, -0.787840, -0.022233, 0.022011, 0.784600, 0.609784, 0.112098, 0.004593, -0.074758, -0.086438, 0.993448, 0.185250, 0.000000, 0.000000, 0.000000, 1.000000, -0.074758, -0.086438, 0.993448, 0.256750, -0.615479, 0.787840, 0.022233, 0.010489, -0.784600, -0.609784, -0.112098, 0.252480, 0.000000, 0.000000, 0.000000, 1.000000, 0.997688, 0.034025, 0.058826, 0.002692, 0.058832, 0.000847, -0.998268, 0.036503, -0.034016, 0.999421, -0.001157, -0.050912, 0.000000, 0.000000, 0.000000, 1.000000
20.3585, 21.9344, 4.4904, 185.2993, 256.7993, 10.5656, 252.5830, 2.6471, 36.4496, -50.9140, 0.615620, -0.787807, -0.019289, 0.021934, 0.784118, 0.609931, 0.114639, 0.004490, -0.078548, -0.085699, 0.993220, 0.185299, 0.000000, 0.000000, 0.000000, 1.000000, -0.078548, -0.085699, 0.993220, 0.256799, -0.615620, 0.787807, 0.019289, 0.010566, -0.784118, -0.609931, -0.114639, 0.252583, 0.000000, 0.000000, 0.000000, 1.000000, 0.997596, 0.034150, 0.060298, 0.002647, 0.060333, 0.000024, -0.998178, 0.036450, -0.034089, 0.999417, -0.002037, -0.050914, 0.000000, 0.000000, 0.000000, 1.000000
20.4664, 21.8571, 4.3940, 185.2790, 256.7790, 10.6429, 252.6795, 2.5928, 36.4672, -50.9060, 0.615525, -0.787928, -0.017294, 0.021857, 0.783921, 0.609838, 0.116469, 0.004394, -0.081223, -0.085247, 0.993044, 0.185279, 0.000000, 0.000000, 0.000000, 1.000000, -0.081223, -0.085247, 0.993044, 0.256779, -0.615525, 0.787928, 0.017294, 0.010643, -0.783921, -0.609838, -0.116469, 0.252679, 0.000000, 0.000000, 0.000000, 1.000000, 0.997554, 0.033993, 0.061075, 0.002593, 0.061127, -0.000492, -0.998130, 0.036467, -0.033899, 0.999422, -0.002568, -0.050906, 0.000000, 0.000000, 0.000000, 1.000000
20.6079, 21.7863, 4.2936, 185.2528, 256.7528, 10.7137, 252.7799, 2.5608, 36.4900, -50.9051, 0.615628, -0.787832, -0.017963, 0.021786, 0.783604, 0.609591, 0.119850, 0.004294, -0.083472, -0.087859, 0.992629, 0.185253, 0.000000, 0.000000, 0.000000, 1.000000, -0.083472, -0.087859, 0.992629, 0.256753, -0.615628, 0.787832, 0.017963, 0.010714, -0.783604, -0.609591, -0.119850, 0.252780, 0.000000, 0.000000, 0.000000, 1.000000, 0.997564, 0.033915, 0.060965, 0.002561, 0.060931, 0.002049, -0.998140, 0.036490, -0.033977, 0.999423, -0.000022, -0.050905, 0.000000, 0.000000, 0.000000, 1.000000
20.7108, 21.7032, 4.1935, 185.2622, 256.7622, 10.7968, 252.8800, 2.4962, 36.4788, -50.8970, 0.615572, -0.787937, -0.015026, 0.021703, 0.783269, 0.609599, 0.121977, 0.004193, -0.086951, -0.086855, 0.992419, 0.185262, 0.000000, 0.000000, 0.000000, 1.000000, -0.086951, -0.086855, 0.992419, 0.256762, -0.615572, 0.787937, 0.015026, 0.010797, -0.783269, -0.609599, -0.121977, 0.252880, 0.000000, 0.000000, 0.000000, 1.000000, 0.997464, 0.033835, 0.062624, 0.002496, 0.062626, 0.000982, -0.998037, 0.036479, -0.033830, 0.999427, -0.001140, -0.050897, 0.000000, 0.000000, 0.000000, 1.000000
20.8652, 21.6351, 4.0842, 185.2740, 256.7740, 10.8649, 252.9893, 2.4658, 36.4649, -50.9066, 0.615621, -0.787906, -0.014668, 0.021635, 0.782993, 0.609467, 0.124385, 0.004084, -0.089064, -0.088059, 0.992126, 0.185274, 0.000000, 0.000000, 0.000000, 1.000000, -0.089064, -0.088059, 0.992126, 0.256774, -0.615621, 0.787906, 0.014668, 0.010865, -0.782993, -0.609467, -0.124385, 0.252989, 0.000000, 0.000000, 0.000000, 1.000000, 0.997498, 0.033786, 0.062101, 0.002466, 0.062065, 0.002101, -0.998070, 0.036465, -0.033851, 0.999427, -0.000001, -0.050907, 0.000000, 0.000000, 0.000000, 1.000000
20.9727, 21.5555, 4.0092, 185.3330, 256.8330, 10.9445, 253.0642, 2.4249, 36.4031, -50.8909, 0.615762, -0.787843, -0.011853, 0.021555, 0.782693, 0.609866, 0.124316, 0.004009, -0.090713, -0.085826, 0.992172, 0.185333, 0.000000, 0.000000, 0.000000, 1.000000, -0.090713, -0.085826, 0.992172, 0.256833, -0.615762, 0.787843, 0.011853, 0.010945, -0.782693, -0.609866, -0.124316, 0.253064, 0.000000, 0.000000, 0.000000, 1.000000, 0.997505, 0.034078, 0.061823, 0.002425, 0.061866, -0.000213, -0.998084, 0.036403, -0.034000, 0.999419, -0.002321, -0.050891, 0.000000, 0.000000, 0.000000, 1.000000
21.1192, 21.4810, 3.9146, 185.2940, 256.7940, 11.0190, 253.1588, 2.3992, 36.4394, -50.8826, 0.615766, -0.787840, -0.011846, 0.021481, 0.782511, 0.609702, 0.126251, 0.003915, -0.092243, -0.087011, 0.991928, 0.185294, 0.000000, 0.000000, 0.000000, 1.000000, -0.092243, -0.087011, 0.991928, 0.256794, -0.615766, 0.787840, 0.011846, 0.011019, -0.782511, -0.609702, -0.126251, 0.253159, 0.000000, 0.000000, 0.000000, 1.000000, 0.997568, 0.033987, 0.060848, 0.002399, 0.060852, 0.000893, -0.998146, 0.036439, -0.033978, 0.999422, -0.001177, -0.050883, 0.000000, 0.000000, 0.000000, 1.000000
21.2229, 21.4290, 3.8064, 185.3071, 256.8071, 11.0710, 253.2671, 2.3466, 36.4280, -50.9047, 0.615756, -0.787853, -0.011452, 0.021429, 0.782221, 0.609478, 0.129104, 0.003806, -0.094736, -0.088454, 0.991565, 0.185307, 0.000000, 0.000000, 0.000000, 1.000000, -0.094736, -0.088454, 0.991565, 0.256807, -0.615756, 0.787853, 0.011452, 0.011071, -0.782221, -0.609478, -0.129104, 0.253267, 0.000000, 0.000000, 0.000000, 1.000000, 0.997527, 0.033852, 0.061593, 0.002347, 0.061551, 0.002286, -0.998101, 0.036428, -0.033929, 0.999424, 0.000196, -0.050905, 0.000000, 0.000000, 0.000000, 1.000000
21.3719, 21.3615, 3.7274, 185.2620, 256.7620, 11.1385, 253.3461, 2.3395, 36.4701, -50.8923, 0.615702, -0.787890, -0.011867, 0.021361, 0.782050, 0.609156, 0.131627, 0.003727, -0.096479, -0.090324, 0.991228, 0.185262, 0.000000, 0.000000, 0.000000, 1.000000, -0.096479, -0.090324, 0.991228, 0.256762, -0.615702, 0.787890, 0.011867, 0.011139, -0.782050, -0.609156, -0.131627, 0.253346, 0.000000, 0.000000, 0.000000, 1.000000, 0.997582, 0.033650, 0.060807, 0.002339, 0.060704, 0.004083, -0.998147, 0.036470, -0.033836, 0.999425, 0.002031, -0.050892, 0.000000, 0.000000, 0.000000, 1.000000
21.4701, 21.2850, 3.6241, 185.3528, 256.8528, 11.2150, 253.4493, 2.2699, 36.3807, -50.8984, 0.615689, -0.787943, -0.008500, 0.021285, 0.781487, 0.609190, 0.134780, 0.003624, -0.101021, -0.089626, 0.990839, 0.185353, 0.000000, 0.000000, 0.000000, 1.000000, -0.101021, -0.089626, 0.990839, 0.256853, -0.615689, 0.787943, 0.008500, 0.011215, -0.781487, -0.609190, -0.134780, 0.253449, 0.000000, 0.000000, 0.000000, 1.000000, 0.997406, 0.033624, 0.063638, 0.002270, 0.063562, 0.003325, -0.997972, 0.036381, -0.033767, 0.999429, 0.001180, -0.050898, 0.000000, 0.000000, 0.000000, 1.000000
21.6092, 21.2101, 3.5355, 185.3182, 256.8182, 11.2899, 253.5379, 2.2441, 36.4138, -50.8866, 0.615943, -0.787746, -0.008421, 0.021210, 0.781262, 0.609430, 0.134999, 0.003536, -0.101213, -0.089731, 0.990810, 0.185318, 0.000000, 0.000000, 0.000000, 1.000000, -0.101213, -0.089731, 0.990810, 0.256818, -0.615943, 0.787746, 0.008421, 0.011290, -0.781262, -0.609430, -0.134999, 0.253538, 0.000000, 0.000000, 0.000000, 1.000000, 0.997533, 0.033947, 0.061440, 0.002244, 0.061362, 0.003336, -0.998110, 0.036414, -0.034087, 0.999418, 0.001245, -0.050887, 0.000000, 0.000000, 0.000000, 1.000000
21.7237, 21.1308, 3.4282, 185.3191, 256.8191, 11.3692, 253.6453, 2.1835, 36.4142, -50.8850, 0.615807, -0.787863, -0.007272, 0.021131, 0.780940, 0.609120, 0.138220, 0.003428, -0.104469, -0.090796, 0.990375, 0.185319, 0.000000, 0.000000, 0.000000, 1.000000, -0.104469, -0.090796, 0.990375, 0.256819, -0.615807, 0.787863, 0.007272, 0.011369, -0.780940, -0.609120, -0.138220, 0.253645, 0.000000, 0.000000, 0.000000, 1.000000, 0.997461, 0.033682, 0.062743, 0.002183, 0.062631, 0.004351, -0.998027, 0.036414, -0.033888, 0.999423, 0.002230, -0.050885, 0.000000, 0.000000, 0.000000, 1.000000
21.8424, 21.0732, 3.3443, 185.3384, 256.8384, 11.4268, 253.7291, 2.1562, 36.3938, -50.8890, 0.615861, -0.787827, -0.006694, 0.021073, 0.780687, 0.609092, 0.139764, 0.003344, -0.106033, -0.091301, 0.990162, 0.185338, 0.000000, 0.000000, 0.000000, 1.000000, -0.106033, -0.091301, 0.990162, 0.256838, -0.615861, 0.787827, 0.006694, 0.011427, -0.780687, -0.609092, -0.139764, 0.253729, 0.000000, 0.000000, 0.000000, 1.000000, 0.997490, 0.033714, 0.062273, 0.002156, 0.062146, 0.004792, -0.998056, 0.036394, -0.033947, 0.999420, 0.002685, -0.050889, 0.000000, 0.000000, 0.000000, 1.000000
21.9656, 21.0001, 3.2595, 185.3535, 256.8535, 11.4999, 253.8140, 2.1223, 36.3787, -50.8806, 0.615855, -0.787846, -0.004523, 0.021000, 0.780262, 0.609111, 0.142041, 0.003259, -0.109151, -0.091006, 0.989850, 0.185353, 0.000000, 0.000000, 0.000000, 1.000000, -0.109151, -0.091006, 0.989850, 0.256853, -0.615855, 0.787846, 0.004523, 0.011500, -0.780262, -0.609111, -0.142041, 0.253814, 0.000000, 0.000000, 0.000000, 1.000000, 0.997428, 0.033713, 0.063255, 0.002122, 0.063142, 0.004423, -0.997995, 0.036379, -0.033925, 0.999422, 0.002283, -0.050881, 0.000000, 0.000000, 0.000000, 1.000000
22.1150, 20.9205, 3.1470, 185.3438, 256.8438, 11.5795, 253.9265, 2.0801, 36.3900, -50.8811, 0.615890, -0.787828, -0.002607, 0.020921, 0.779764, 0.609107, 0.144766, 0.003147, -0.112463, -0.091193, 0.989462, 0.185344, 0.000000, 0.000000, 0.000000, 1.000000, -0.112463, -0.091193, 0.989462, 0.256844, -0.615890, 0.787828, 0.002607, 0.011579, -0.779764, -0.609107, -0.144766, 0.253926, 0.000000, 0.000000, 0.000000, 1.000000, 0.997379, 0.033742, 0.063999, 0.002080, 0.063883, 0.004522, -0.997947, 0.036390, -0.033962, 0.999420, 0.002355, -0.050881, 0.000000, 0.000000, 0.000000, 1.000000
22.2177, 20.8427, 3.0511, 185.4145, 256.9145, 11.6573, 254.0224, 2.0183, 36.3219, -50.8800, 0.615883, -0.787838, 0.000278, 0.020843, 0.779360, 0.609308, 0.146087, 0.003051, -0.115262, -0.089756, 0.989272, 0.185415, 0.000000, 0.000000, 0.000000, 1.000000, -0.115262, -0.089756, 0.989272, 0.256915, -0.615883, 0.787838, -0.000278, 0.011657, -0.779360, -0.609308, -0.146087, 0.254022, 0.000000, 0.000000, 0.000000, 1.000000, 0.997313, 0.033829, 0.064984, 0.002018, 0.064919, 0.003013, -0.997886, 0.036322, -0.033953, 0.999423, 0.000809, -0.050880, 0.000000, 0.000000, 0.000000, 1.000000
22.3488, 20.7799, 2.9482, 185.2967, 256.7967, 11.7201, 254.1252, 1.9881, 36.4419, -50.8792, 0.615849, -0.787859, -0.003024, 0.020780, 0.779167, 0.608477, 0.150517, 0.002948, -0.116746, -0.095052, 0.988603, 0.185297, 0.000000, 0.000000, 0.000000, 1.000000, -0.116746, -0.095052, 0.988603, 0.256797, -0.615849, 0.787859, 0.003024, 0.011720, -0.779167, -0.608477, -0.150517, 0.254125, 0.000000, 0.000000, 0.000000, 1.000000, 0.997365, 0.033449, 0.064371, 0.001988, 0.064129, 0.008282, -0.997907, 0.036442, -0.033912, 0.999406, 0.006115, -0.050879, 0.000000, 0.000000, 0.000000, 1.000000
22.4734, 20.6998, 2.8721, 185.3972, 256.8972, 11.8002, 254.2013, 1.9530, 36.3421, -50.8673, 0.615880, -0.787839, 0.001199, 0.020700, 0.778723, 0.608983, 0.150768, 0.002872, -0.119511, -0.091921, 0.988568, 0.185397, 0.000000, 0.000000, 0.000000, 1.000000, -0.119511, -0.091921, 0.988568, 0.256897, -0.615880, 0.787839, -0.001199, 0.011800, -0.778723, -0.608983, -0.150768, 0.254201, 0.000000, 0.000000, 0.000000, 1.000000, 0.997323, 0.033705, 0.064888, 0.001953, 0.064754, 0.005047, -0.997888, 0.036342, -0.033961, 0.999419, 0.002851, -0.050867, 0.000000, 0.000000, 0.000000, 1.000000
22.6132, 20.6276, 2.7676, 185.3656, 256.8656, 11.8724, 254.3058, 1.9168, 36.3766, -50.8671, 0.616069, -0.787692, 0.001250, 0.020628, 0.778353, 0.609007, 0.152569, 0.002768, -0.120939, -0.093020, 0.988292, 0.185366, 0.000000, 0.000000, 0.000000, 1.000000, -0.120939, -0.093020, 0.988292, 0.256866, -0.616069, 0.787692, -0.001250, 0.011872, -0.778353, -0.609007, -0.152569, 0.254306, 0.000000, 0.000000, 0.000000, 1.000000, 0.997377, 0.033890, 0.063954, 0.001917, 0.063784, 0.006060, -0.997945, 0.036377, -0.034208, 0.999407, 0.003882, -0.050867, 0.000000, 0.000000, 0.000000, 1.000000
22.7446, 20.5677, 2.6765, 185.3927, 256.8927, 11.9323, 254.3969, 1.8898, 36.3525, -50.8741, 0.615863, -0.787851, 0.001604, 0.020568, 0.778181, 0.608620, 0.154971, 0.002677, -0.123071, -0.094193, 0.987918, 0.185393, 0.000000, 0.000000, 0.000000, 1.000000, -0.123071, -0.094193, 0.987918, 0.256893, -0.615863, 0.787851, -0.001604, 0.011932, -0.778181, -0.608620, -0.154971, 0.254397, 0.000000, 0.000000, 0.000000, 1.000000, 0.997396, 0.033571, 0.063834, 0.001890, 0.063628, 0.007183, -0.997948, 0.036352, -0.033961, 0.999411, 0.005028, -0.050874, 0.000000, 0.000000, 0.000000, 1.000000
22.8511, 20.4840, 2.5744, 185.3817, 256.8817, 12.0160, 254.4990, 1.8266, 36.3677, -50.8650, 0.615781, -0.787903, 0.004664, 0.020484, 0.777682, 0.608723, 0.157056, 0.002574, -0.126583, -0.093085, 0.987579, 0.185382, 0.000000, 0.000000, 0.000000, 1.000000, -0.126583, -0.093085, 0.987579, 0.256882, -0.615781, 0.787903, -0.004664, 0.012016, -0.777682, -0.608723, -0.157056, 0.254499, 0.000000, 0.000000, 0.000000, 1.000000, 0.997289, 0.033566, 0.065479, 0.001827, 0.065314, 0.006007, -0.997847, 0.036368, -0.033887, 0.999418, 0.003798, -0.050865, 0.000000, 0.000000, 0.000000, 1.000000
22.9887, 20.4266, 2.4887, 185.3626, 256.8626, 12.0734, 254.5847, 1.8124, 36.3894, -50.8669, 0.615964, -0.787771, 0.002082, 0.020427, 0.777488, 0.608345, 0.159464, 0.002489, -0.126888, -0.096605, 0.987202, 0.185363, 0.000000, 0.000000, 0.000000, 1.000000, -0.126888, -0.096605, 0.987202, 0.256863, -0.615964, 0.787771, -0.002082, 0.012073, -0.777488, -0.608345, -0.159464, 0.254585, 0.000000, 0.000000, 0.000000, 1.000000, 0.997414, 0.033589, 0.063532, 0.001812, 0.063247, 0.009469, -0.997953, 0.036389, -0.034122, 0.999391, 0.007320, -0.050867, 0.000000, 0.000000, 0.000000, 1.000000
23.0891, 20.3715, 2.3966, 185.3829, 256.8829, 12.1285, 254.6769, 1.7681, 36.3741, -50.8778, 0.615950, -0.787781, 0.002442, 0.020372, 0.777175, 0.608158, 0.161686, 0.002397, -0.128859, -0.097693, 0.986839, 0.185383, 0.000000, 0.000000, 0.000000, 1.000000, -0.128859, -0.097693, 0.986839, 0.256883, -0.615950, 0.787781, -0.002442, 0.012128, -0.777175, -0.608158, -0.161686, 0.254677, 0.000000, 0.000000, 0.000000, 1.000000, 0.997399, 0.033524, 0.063811, 0.001768, 0.063491, 0.010510, -0.997927, 0.036374, -0.034125, 0.999383, 0.008354, -0.050878, 0.000000, 0.000000, 0.000000, 1.000000
23.2266, 20.2862, 2.3066, 185.3680, 256.8680, 12.2138, 254.7668, 1.7338, 36.3920, -50.8600, 0.616059, -0.787690, 0.004053, 0.020286, 0.776850, 0.608416, 0.162280, 0.002307, -0.130292, -0.096826, 0.986736, 0.185368, 0.000000, 0.000000, 0.000000, 1.000000, -0.130292, -0.096826, 0.986736, 0.256868, -0.616059, 0.787690, -0.004053, 0.012214, -0.776850, -0.608416, -0.162280, 0.254767, 0.000000, 0.000000, 0.000000, 1.000000, 0.997452, 0.033749, 0.062847, 0.001734, 0.062559, 0.009543, -0.997996, 0.036392, -0.034281, 0.999385, 0.007407, -0.050860, 0.000000, 0.000000, 0.000000, 1.000000
23.3448, 20.1995, 2.2167, 185.4135, 256.9135, 12.3005, 254.8567, 1.6823, 36.3512, -50.8465, 0.615834, -0.787836, 0.007901, 0.020200, 0.776326, 0.608487, 0.164503, 0.002217, -0.134409, -0.095173, 0.986345, 0.185413, 0.000000, 0.000000, 0.000000, 1.000000, -0.134409, -0.095173, 0.986345, 0.256913, -0.615834, 0.787836, -0.007901, 0.012300, -0.776326, -0.608487, -0.164503, 0.254857, 0.000000, 0.000000, 0.000000, 1.000000, 0.997327, 0.033621, 0.064874, 0.001682, 0.064646, 0.007817, -0.997878, 0.036351, -0.034057, 0.999404, 0.005623, -0.050847, 0.000000, 0.000000, 0.000000, 1.000000
23.4817, 20.1341, 2.1332, 185.4630, 256.9630, 12.3659, 254.9403, 1.6596, 36.3056, -50.8465, 0.615685, -0.787927, 0.010131, 0.020134, 0.776058, 0.608539, 0.165571, 0.002133, -0.136623, -0.094077, 0.986146, 0.185463, 0.000000, 0.000000, 0.000000, 1.000000, -0.136623, -0.094077, 0.986146, 0.256963, -0.615685, 0.787927, -0.010131, 0.012366, -0.776058, -0.608539, -0.165571, 0.254940, 0.000000, 0.000000, 0.000000, 1.000000, 0.997342, 0.033544, 0.064677, 0.001660, 0.064489, 0.006641, -0.997896, 0.036306, -0.033903, 0.999415, 0.004460, -0.050847, 0.000000, 0.000000, 0.000000, 1.000000
23.6032, 20.0660, 2.0351, 185.4290, 256.9290, 12.4340, 255.0383, 1.6203, 36.3452, -50.8457, 0.616067, -0.787629, 0.010087, 0.020066, 0.775460, 0.608697, 0.167779, 0.002035, -0.138287, -0.095541, 0.985773, 0.185429, 0.000000, 0.000000, 0.000000, 1.000000, -0.138287, -0.095541, 0.985773, 0.256929, -0.616067, 0.787629, -0.010087, 0.012434, -0.775460, -0.608697, -0.167779, 0.255038, 0.000000, 0.000000, 0.000000, 1.000000, 0.997350, 0.033975, 0.064340, 0.001620, 0.064103, 0.008013, -0.997911, 0.036345, -0.034420, 0.999391, 0.005813, -0.050846, 0.000000, 0.000000, 0.000000, 1.000000
23.7125, 19.9914, 1.9366, 185.4401, 256.9401, 12.5086, 255.1369, 1.5655, 36.3407, -50.8438, 0.615881, -0.787764, 0.010871, 0.019991, 0.775123, 0.608353, 0.170561, 0.001937, -0.140975, -0.096619, 0.985287, 0.185440, 0.000000, 0.000000, 0.000000, 1.000000, -0.140975, -0.096619, 0.985287, 0.256940, -0.615881, 0.787764, -0.010871, 0.012509, -0.775123, -0.608353, -0.170561, 0.255137, 0.000000, 0.000000, 0.000000, 1.000000, 0.997304, 0.033720, 0.065176, 0.001565, 0.064906, 0.009055, -0.997850, 0.036341, -0.034237, 0.999390, 0.006842, -0.050844, 0.000000, 0.000000, 0.000000, 1.000000
23.8502, 19.9131, 1.8450, 185.4323, 256.9323, 12.5869, 255.2285, 1.5338, 36.3536, -50.8332, 0.615997, -0.787643, 0.012879, 0.019913, 0.774575, 0.608592, 0.172189, 0.001845, -0.143462, -0.096092, 0.984980, 0.185432, 0.000000, 0.000000, 0.000000, 1.000000, -0.143462, -0.096092, 0.984980, 0.256932, -0.615997, 0.787643, -0.012879, 0.012587, -0.774575, -0.608592, -0.172189, 0.255228, 0.000000, 0.000000, 0.000000, 1.000000, 0.997288, 0.033961, 0.065294, 0.001534, 0.065044, 0.008425, -0.997847, 0.036354, -0.034438, 0.999388, 0.006193, -0.050833, 0.000000, 0.000000, 0.000000, 1.000000
23.9838, 19.8373, 1.7437, 185.4686, 256.9686, 12.6627, 255.3297, 1.4894, 36.3244, -50.8340, 0.615668, -0.787896, 0.013145, 0.019837, 0.774342, 0.608001, 0.175295, 0.001744, -0.146107, -0.097745, 0.984428, 0.185469, 0.000000, 0.000000, 0.000000, 1.000000, -0.146107, -0.097745, 0.984428, 0.256969, -0.615668, 0.787896, -0.013145, 0.012663, -0.774342, -0.608001, -0.175295, 0.255330, 0.000000, 0.000000, 0.000000, 1.000000, 0.997279, 0.033497, 0.065667, 0.001489, 0.065365, 0.010052, -0.997811, 0.036324, -0.034083, 0.999388, 0.007835, -0.050834, 0.000000, 0.000000, 0.000000, 1.000000
24.1009, 19.7720, 1.6440, 185.4870, 256.9870, 12.7280, 255.4294, 1.4435, 36.3138, -50.8408, 0.615835, -0.787719, 0.015662, 0.019772, 0.773790, 0.608449, 0.176178, 0.001644, -0.148309, -0.096378, 0.984234, 0.185487, 0.000000, 0.000000, 0.000000, 1.000000, -0.148309, -0.096378, 0.984234, 0.256987, -0.615835, 0.787719, -0.015662, 0.012728, -0.773790, -0.608449, -0.176178, 0.255429, 0.000000, 0.000000, 0.000000, 1.000000, 0.997256, 0.033863, 0.065836, 0.001443, 0.065581, 0.008576, -0.997810, 0.036314, -0.034353, 0.999390, 0.006331, -0.050841, 0.000000, 0.000000, 0.000000, 1.000000
24.2257, 19.7043, 1.5495, 185.4653, 256.9653, 12.7957, 255.5240, 1.4087, 36.3424, -50.8394, 0.615914, -0.787674, 0.014832, 0.019704, 0.773304, 0.608060, 0.179624, 0.001549, -0.150504, -0.099163, 0.983624, 0.185465, 0.000000, 0.000000, 0.000000, 1.000000, -0.150504, -0.099163, 0.983624, 0.256965, -0.615914, 0.787674, -0.014832, 0.012796, -0.773304, -0.608060, -0.179624, 0.255524, 0.000000, 0.000000, 0.000000, 1.000000, 0.997246, 0.033842, 0.065996, 0.001409, 0.065648, 0.011314, -0.997779, 0.036342, -0.034513, 0.999363, 0.009061, -0.050839, 0.000000, 0.000000, 0.000000, 1.000000
24.3538, 19.6220, 1.4708, 185.5334, 257.0334, 12.8780, 255.6027, 1.3721, 36.2801, -50.8245, 0.615687, -0.787797, 0.017471, 0.019622, 0.773182, 0.608246, 0.179517, 0.001471, -0.152050, -0.097018, 0.983600, 0.185533, 0.000000, 0.000000, 0.000000, 1.000000, -0.152050, -0.097018, 0.983600, 0.257033, -0.615687, 0.787797, -0.017471, 0.012878, -0.773182, -0.608246, -0.179517, 0.255603, 0.000000, 0.000000, 0.000000, 1.000000, 0.997299, 0.033749, 0.065235, 0.001372, 0.064963, 0.009085, -0.997846, 0.036280, -0.034269, 0.999389, 0.006868, -0.050825, 0.000000, 0.000000, 0.000000, 1.000000
24.4683, 19.5582, 1.3697, 185.4833, 256.9833, 12.9418, 255.7038, 1.3305, 36.3387, -50.8276, 0.615816, -0.787704, 0.017147, 0.019558, 0.772664, 0.608030, 0.182456, 0.001370, -0.154147, -0.099110, 0.983065, 0.185483, 0.000000, 0.000000, 0.000000, 1.000000, -0.154147, -0.099110, 0.983065, 0.256983, -0.615816, 0.787704, -0.017147, 0.012942, -0.772664, -0.608030, -0.182456, 0.255704, 0.000000, 0.000000, 0.000000, 1.000000, 0.997281, 0.033843, 0.065460, 0.001331, 0.065118, 0.011122, -0.997816, 0.036339, -0.034497, 0.999365, 0.008888, -0.050828, 0.000000, 0.000000, 0.000000, 1.000000
24.6122, 19.4764, 1.2846, 185.5396, 257.0396, 13.0236, 255.7889, 1.3000, 36.2892, -50.8159, 0.615811, -0.787667, 0.018891, 0.019476, 0.772442, 0.608286, 0.182542, 0.001285, -0.155274, -0.097819, 0.983016, 0.185540, 0.000000, 0.000000, 0.000000, 1.000000, -0.155274, -0.097819, 0.983016, 0.257040, -0.615811, 0.787667, -0.018891, 0.013024, -0.772442, -0.608286, -0.182542, 0.255789, 0.000000, 0.000000, 0.000000, 1.000000, 0.997368, 0.033975, 0.064054, 0.001300, 0.063758, 0.009724, -0.997918, 0.036289, -0.034528, 0.999375, 0.007533, -0.050816, 0.000000, 0.000000, 0.000000, 1.000000
24.7522, 19.4247, 1.1855, 185.5404, 257.0404, 13.0753, 255.8880, 1.2785, 36.2973, -50.8318, 0.615595, -0.787847, 0.018434, 0.019425, 0.772074, 0.607628, 0.186251, 0.001185, -0.157938, -0.100423, 0.982329, 0.185540, 0.000000, 0.000000, 0.000000, 1.000000, -0.157938, -0.100423, 0.982329, 0.257040, -0.615595, 0.787847, -0.018434, 0.013075, -0.772074, -0.607628, -0.186251, 0.255888, 0.000000, 0.000000, 0.000000, 1.000000, 0.997358, 0.033619, 0.064390, 0.001279, 0.064009, 0.012306, -0.997873, 0.036297, -0.034340, 0.999359, 0.010122, -0.050832, 0.000000, 0.000000, 0.000000, 1.000000
24.8689, 19.3621, 1.1037, 185.5427, 257.0427, 13.1379, 255.9697, 1.2498, 36.3024, -50.8290, 0.615925, -0.787590, 0.018407, 0.019362, 0.771501, 0.607743, 0.188242, 0.001104, -0.159444, -0.101741, 0.981950, 0.185543, 0.000000, 0.000000, 0.000000, 1.000000, -0.159444, -0.101741, 0.981950, 0.257043, -0.615925, 0.787590, -0.018407, 0.013138, -0.771501, -0.607743, -0.188242, 0.255970, 0.000000, 0.000000, 0.000000, 1.000000, 0.997371, 0.034019, 0.063977, 0.001250, 0.063549, 0.013532, -0.997887, 0.036302, -0.034813, 0.999330, 0.011335, -0.050829, 0.000000, 0.000000, 0.000000, 1.000000
24.9904, 19.2728, 1.0046, 185.5523, 257.0523, 13.2272, 256.0689, 1.1937, 36.3024, -50.8154, 0.615660, -0.787738, 0.020795, 0.019273, 0.771185, 0.607727, 0.189583, 0.001005, -0.161979, -0.100682, 0.981644, 0.185552, 0.000000, 0.000000, 0.000000, 1.000000, -0.161979, -0.100682, 0.981644, 0.257052, -0.615660, 0.787738, -0.020795, 0.013227, -0.771185, -0.607727, -0.189583, 0.256069, 0.000000, 0.000000, 0.000000, 1.000000, 0.997352, 0.033840, 0.064373, 0.001194, 0.063986, 0.012411, -0.997874, 0.036302, -0.034567, 0.999350, 0.010213, -0.050815, 0.000000, 0.000000, 0.000000, 1.000000
25.1031, 19.2089, 0.9091, 185.6014, 257.1014, 13.2911, 256.1644, 1.1459, 36.2637, -50.8236, 0.615441, -0.787803, 0.024467, 0.019209, 0.770485, 0.607873, 0.191947, 0.000909, -0.166090, -0.099281, 0.981100, 0.185601, 0.000000, 0.000000, 0.000000, 1.000000, -0.166090, -0.099281, 0.981100, 0.257101, -0.615441, 0.787803, -0.024467, 0.013291, -0.770485, -0.607873, -0.191947, 0.256164, 0.000000, 0.000000, 0.000000, 1.000000, 0.997212, 0.033797, 0.066524, 0.001146, 0.066189, 0.010935, -0.997747, 0.036264, -0.034449, 0.999369, 0.008668, -0.050824, 0.000000, 0.000000, 0.000000, 1.000000
25.2354, 19.1439, 0.8126, 185.5779, 257.0779, 13.3561, 256.2609, 1.1165, 36.2969, -50.8253, 0.615838, -0.787559, 0.022239, 0.019144, 0.769975, 0.607591, 0.194864, 0.000813, -0.166979, -0.102881, 0.980578, 0.185578, 0.000000, 0.000000, 0.000000, 1.000000, -0.166979, -0.102881, 0.980578, 0.257078, -0.615838, 0.787559, -0.022239, 0.013356, -0.769975, -0.607591, -0.194864, 0.256261, 0.000000, 0.000000, 0.000000, 1.000000, 0.997282, 0.034123, 0.065301, 0.001116, 0.064839, 0.014464, -0.997791, 0.036297, -0.034992, 0.999313, 0.012212, -0.050825, 0.000000, 0.000000, 0.000000, 1.000000
25.3496, 19.0748, 0.7552, 185.6267, 257.1267, 13.4252, 256.3183, 1.0969, 36.2538, -50.8070, 0.615706, -0.787586, 0.024771, 0.019075, 0.769972, 0.608022, 0.193527, 0.000755, -0.167481, -0.100082, 0.980782, 0.185627, 0.000000, 0.000000, 0.000000, 1.000000, -0.167481, -0.100082, 0.980782, 0.257127, -0.615706, 0.787586, -0.024771, 0.013425, -0.769972, -0.608022, -0.193527, 0.256318, 0.000000, 0.000000, 0.000000, 1.000000, 0.997383, 0.034178, 0.063708, 0.001097, 0.063347, 0.011564, -0.997925, 0.036254, -0.034844, 0.999349, 0.009369, -0.050807, 0.000000, 0.000000, 0.000000, 1.000000
25.4828, 18.9974, 0.6517, 185.6220, 257.1220, 13.5026, 256.4217, 1.0533, 36.2699, -50.8044, 0.615636, -0.787651, 0.024461, 0.018997, 0.769585, 0.607613, 0.196328, 0.000652, -0.169501, -0.102042, 0.980233, 0.185622, 0.000000, 0.000000, 0.000000, 1.000000, -0.169501, -0.102042, 0.980233, 0.257122, -0.615636, 0.787651, -0.024461, 0.013503, -0.769585, -0.607613, -0.196328, 0.256422, 0.000000, 0.000000, 0.000000, 1.000000, 0.997400, 0.034056, 0.063510, 0.001053, 0.063083, 0.013482, -0.997917, 0.036270, -0.034841, 0.999329, 0.011299, -0.050804, 0.000000, 0.000000, 0.000000, 1.000000
25.6056, 18.9295, 0.5582, 185.6312, 257.1312, 13.5705, 256.5153, 1.0152, 36.2715, -50.8047, 0.615452, -0.787764, 0.025428, 0.018929, 0.769104, 0.607302, 0.199159, 0.000558, -0.172333, -0.103016, 0.979637, 0.185631, 0.000000, 0.000000, 0.000000, 1.000000, -0.172333, -0.103016, 0.979637, 0.257131, -0.615452, 0.787764, -0.025428, 0.013571, -0.769104, -0.607302, -0.199159, 0.256515, 0.000000, 0.000000, 0.000000, 1.000000, 0.997357, 0.033878, 0.064273, 0.001015, 0.063816, 0.014417, -0.997858, 0.036271, -0.034732, 0.999322, 0.012217, -0.050805, 0.000000, 0.000000, 0.000000, 1.000000
25.7390, 18.8568, 0.4674, 185.6819, 257.1819, 13.6432, 256.6061, 0.9783, 36.2317, -50.8032, 0.615492, -0.787646, 0.027986, 0.018857, 0.768527, 0.607668, 0.200262, 0.000467, -0.174742, -0.101751, 0.979343, 0.185682, 0.000000, 0.000000, 0.000000, 1.000000, -0.174742, -0.101751, 0.979343, 0.257182, -0.615492, 0.787646, -0.027986, 0.013643, -0.768527, -0.607668, -0.200262, 0.256606, 0.000000, 0.000000, 0.000000, 1.000000, 0.997342, 0.034129, 0.064372, 0.000978, 0.063960, 0.013034, -0.997867, 0.036232, -0.034896, 0.999332, 0.010817, -0.050803, 0.000000, 0.000000, 0.000000, 1.000000
25.8528, 18.7832, 0.3650, 185.6517, 257.1517, 13.7168, 256.7084, 0.9286, 36.2743, -50.8008, 0.615776, -0.787444, 0.027425, 0.018783, 0.768016, 0.607631, 0.202326, 0.000365, -0.175985, -0.103525, 0.978934, 0.185652, 0.000000, 0.000000, 0.000000, 1.000000, -0.175985, -0.103525, 0.978934, 0.257152, -0.615776, 0.787444, -0.027425, 0.013717, -0.768016, -0.607631, -0.202326, 0.256708, 0.000000, 0.000000, 0.000000, 1.000000, 0.997371, 0.034451, 0.063759, 0.000929, 0.063283, 0.014727, -0.997887, 0.036274, -0.035317, 0.999298, 0.012508, -0.050801, 0.000000, 0.000000, 0.000000, 1.000000
25.9893, 18.7234, 0.2710, 185.6863, 257.1863, 13.7766, 256.8025, 0.9005, 36.2516, -50.8101, 0.615537, -0.787602, 0.028242, 0.018723, 0.767646, 0.607283, 0.204762, 0.000271, -0.178421, -0.104359, 0.978404, 0.185686, 0.000000, 0.000000, 0.000000, 1.000000, -0.178421, -0.104359, 0.978404, 0.257186, -0.615537, 0.787602, -0.028242, 0.013777, -0.767646, -0.607283, -0.204762, 0.256802, 0.000000, 0.000000, 0.000000, 1.000000, 0.997371, 0.034214, 0.063873, 0.000900, 0.063372, 0.015521, -0.997869, 0.036252, -0.035132, 0.999294, 0.013312, -0.050810, 0.000000, 0.000000, 0.000000, 1.000000
26.0910, 18.6469, 0.1838, 185.7161, 257.2161, 13.8531, 256.8897, 0.8465, 36.2335, -50.8017, 0.615559, -0.787500, 0.030514, 0.018647, 0.767225, 0.607662, 0.205212, 0.000184, -0.180147, -0.102909, 0.978242, 0.185716, 0.000000, 0.000000, 0.000000, 1.000000, -0.180147, -0.102909, 0.978242, 0.257216, -0.615559, 0.787500, -0.030514, 0.013853, -0.767225, -0.607662, -0.205212, 0.256890, 0.000000, 0.000000, 0.000000, 1.000000, 0.997367, 0.034429, 0.063818, 0.000847, 0.063370, 0.013970, -0.997892, 0.036234, -0.035248, 0.999310, 0.011751, -0.050802, 0.000000, 0.000000, 0.000000, 1.000000
26.2375, 18.5681, 0.0952, 185.7376, 257.2376, 13.9319, 256.9783, 0.8194, 36.2236, -50.7915, 0.615512, -0.787493, 0.031608, 0.018568, 0.766548, 0.607498, 0.208208, 0.000095, -0.183165, -0.103926, 0.977574, 0.185738, 0.000000, 0.000000, 0.000000, 1.000000, -0.183165, -0.103926, 0.977574, 0.257238, -0.615512, 0.787493, -0.031608, 0.013932, -0.766548, -0.607498, -0.208208, 0.256978, 0.000000, 0.000000, 0.000000, 1.000000, 0.997330, 0.034463, 0.064386, 0.000819, 0.063904, 0.014911, -0.997845, 0.036224, -0.035349, 0.999295, 0.012669, -0.050791, 0.000000, 0.000000, 0.000000, 1.000000
26.3463, 18.5041, 0.0052, 185.7336, 257.2336, 13.9959, 257.0683, 0.7791, 36.2398, -50.7918, 0.615547, -0.787473, 0.031437, 0.018504, 0.766351, 0.607390, 0.209245, 0.000005, -0.183869, -0.104708, 0.977358, 0.185734, 0.000000, 0.000000, 0.000000, 1.000000, -0.183869, -0.104708, 0.977358, 0.257234, -0.615547, 0.787473, -0.031437, 0.013996, -0.766351, -0.607390, -0.209245, 0.257068, 0.000000, 0.000000, 0.000000, 1.000000, 0.997401, 0.034515, 0.063246, 0.000779, 0.062737, 0.015636, -0.997908, 0.036240, -0.035432, 0.999282, 0.013430, -0.050792, 0.000000, 0.000000, 0.000000, 1.000000
26.4922, 18.4260, -0.0902, 185.8037, 257.3037, 14.0740, 257.1637, 0.7402, 36.1837, -50.7902, 0.615134, -0.787638, 0.035169, 0.018426, 0.765850, 0.607525, 0.210681, -0.000090, -0.187306, -0.102662, 0.976922, 0.185804, 0.000000, 0.000000, 0.000000, 1.000000, -0.187306, -0.102662, 0.976922, 0.257304, -0.615134, 0.787638, -0.035169, 0.014074, -0.765850, -0.607525, -0.210681, 0.257164, 0.000000, 0.000000, 0.000000, 1.000000, 0.997353, 0.034304, 0.064103, 0.000740, 0.063673, 0.013507, -0.997879, 0.036184, -0.035097, 0.999320, 0.011287, -0.050790, 0.000000, 0.000000, 0.000000, 1.000000
26.6056, 18.3623, -0.1654, 185.8160, 257.3160, 14.1377, 257.2388, 0.7128, 36.1821, -50.7835, 0.615116, -0.787613, 0.036030, 0.018362, 0.765415, 0.607494, 0.212345, -0.000165, -0.189134, -0.103039, 0.976530, 0.185816, 0.000000, 0.000000, 0.000000, 1.000000, -0.189134, -0.103039, 0.976530, 0.257316, -0.615116, 0.787613, -0.036030, 0.014138, -0.765415, -0.607494, -0.212345, 0.257239, 0.000000, 0.000000, 0.000000, 1.000000, 0.997357, 0.034370, 0.064014, 0.000713, 0.063571, 0.013815, -0.997882, 0.036182, -0.035181, 0.999314, 0.011594, -0.050784, 0.000000, 0.000000, 0.000000, 1.000000
26.7365, 18.2975, -0.2620, 185.8097, 257.3097, 14.2025, 257.3355, 0.6811, 36.2023, -50.7870, 0.615221, -0.787605, 0.034361, 0.018298, 0.765217, 0.607080, 0.214236, -0.000262, -0.189593, -0.105509, 0.976177, 0.185810, 0.000000, 0.000000, 0.000000, 1.000000, -0.189593, -0.105509, 0.976177, 0.257310, -0.615221, 0.787605, -0.034361, 0.014202, -0.765217, -0.607080, -0.214236, 0.257335, 0.000000, 0.000000, 0.000000, 1.000000, 0.997464, 0.034401, 0.062305, 0.000681, 0.061775, 0.016241, -0.997958, 0.036202, -0.035343, 0.999276, 0.014075, -0.050787, 0.000000, 0.000000, 0.000000, 1.000000
26.8530, 18.2062, -0.3580, 185.8093, 257.3093, 14.2938, 257.4315, 0.6245, 36.2174, -50.7691, 0.615146, -0.787528, 0.037347, 0.018206, 0.764452, 0.607371, 0.216134, -0.000358, -0.192895, -0.104403, 0.975649, 0.185809, 0.000000, 0.000000, 0.000000, 1.000000, -0.192895, -0.104403, 0.975649, 0.257309, -0.615146, 0.787528, -0.037347, 0.014294, -0.764452, -0.607371, -0.216134, 0.257431, 0.000000, 0.000000, 0.000000, 1.000000, 0.997376, 0.034563, 0.063618, 0.000625, 0.063130, 0.015033, -0.997892, 0.036217, -0.035447, 0.999289, 0.012811, -0.050769, 0.000000, 0.000000, 0.000000, 1.000000
26.9776, 18.1473, -0.4286, 185.8816, 257.3816, 14.3527, 257.5021, 0.6025, 36.1565, -50.7687, 0.615022, -0.787516, 0.039579, 0.018147, 0.764169, 0.607661, 0.216319, -0.000429, -0.194405, -0.102796, 0.975520, 0.185882, 0.000000, 0.000000, 0.000000, 1.000000, -0.194405, -0.102796, 0.975520, 0.257382, -0.615022, 0.787516, -0.039579, 0.014353, -0.764169, -0.607661, -0.216319, 0.257502, 0.000000, 0.000000, 0.000000, 1.000000, 0.997418, 0.034616, 0.062927, 0.000602, 0.062499, 0.013325, -0.997956, 0.036156, -0.035384, 0.999312, 0.011127, -0.050769, 0.000000, 0.000000, 0.000000, 1.000000
27.0998, 18.0901, -0.5223, 185.8785, 257.3785, 14.4099, 257.5957, 0.5717, 36.1741, -50.7768, 0.615264, -0.787434, 0.037405, 0.018090, 0.763865, 0.607231, 0.218588, -0.000522, -0.194837, -0.105917, 0.975100, 0.185879, 0.000000, 0.000000, 0.000000, 1.000000, -0.194837, -0.105917, 0.975100, 0.257379, -0.615264, 0.787434, -0.037405, 0.014410, -0.763865, -0.607231, -0.218588, 0.257596, 0.000000, 0.000000, 0.000000, 1.000000, 0.997508, 0.034782, 0.061385, 0.000572, 0.060844, 0.016399, -0.998013, 0.036174, -0.035719, 0.999260, 0.014241, -0.050777, 0.000000, 0.000000, 0.000000, 1.000000
27.2417, 18.0149, -0.6137, 185.9260, 257.4260, 14.4851, 257.6872, 0.5376, 36.1418, -50.7733, 0.614877, -0.787537, 0.041379, 0.018015, 0.763021, 0.607357, 0.221170, -0.000614, -0.199311, -0.104419, 0.974357, 0.185926, 0.000000, 0.000000, 0.000000, 1.000000, -0.199311, -0.104419, 0.974357, 0.257426, -0.614877, 0.787537, -0.041379, 0.014485, -0.763021, -0.607357, -0.221170, 0.257687, 0.000000, 0.000000, 0.000000, 1.000000, 0.997386, 0.034651, 0.063411, 0.000538, 0.062930, 0.014816, -0.997908, 0.036142, -0.035518, 0.999290, 0.012596, -0.050773, 0.000000, 0.000000, 0.000000, 1.000000
27.3568, 17.9495, -0.7138, 185.9276, 257.4276, 14.5505, 257.7872, 0.4918, 36.1566, -50.7789, 0.615177, -0.787379, 0.039906, 0.017949, 0.762852, 0.607266, 0.222001, -0.000714, -0.199033, -0.106127, 0.974229, 0.185928, 0.000000, 0.000000, 0.000000, 1.000000, -0.199033, -0.106127, 0.974229, 0.257428, -0.615177, 0.787379, -0.039906, 0.014551, -0.762852, -0.607266, -0.222001, 0.257787, 0.000000, 0.000000, 0.000000, 1.000000, 0.997513, 0.034945, 0.061218, 0.000492, 0.060673, 0.016443, -0.998022, 0.036157, -0.035882, 0.999254, 0.014282, -0.050779, 0.000000, 0.000000, 0.000000, 1.000000
27.4766, 17.8688, -0.7972, 185.9279, 257.4279, 14.6312, 257.8706, 0.4536, 36.1705, -50.7622, 0.614777, -0.787551, 0.042572, 0.017869, 0.762337, 0.607200, 0.223943, -0.000797, -0.202216, -0.105221, 0.973672, 0.185928, 0.000000, 0.000000, 0.000000, 1.000000, -0.202216, -0.105221, 0.973672, 0.257428, -0.614777, 0.787551, -0.042572, 0.014631, -0.762337, -0.607200, -0.223943, 0.257871, 0.000000, 0.000000, 0.000000, 1.000000, 0.997453, 0.034694, 0.062326, 0.000454, 0.061820, 0.015491, -0.997967, 0.036170, -0.035589, 0.999278, 0.013307, -0.050762, 0.000000, 0.000000, 0.000000, 1.000000
27.6168, 17.7951, -0.8893, 185.9680, 257.4680, 14.7049, 257.9627, 0.4196, 36.1466, -50.7597, 0.614860, -0.787389, 0.044329, 0.017795, 0.761641, 0.607455, 0.225611, -0.000889, -0.204571, -0.104957, 0.973208, 0.185968, 0.000000, 0.000000, 0.000000, 1.000000, -0.204571, -0.104957, 0.973208, 0.257468, -0.614860, 0.787389, -0.044329, 0.014705, -0.761641, -0.607455, -0.225611, 0.257963, 0.000000, 0.000000, 0.000000, 1.000000, 0.997443, 0.034991, 0.062313, 0.000420, 0.061816, 0.015099, -0.997973, 0.036147, -0.035861, 0.999274, 0.012897, -0.050760, 0.000000, 0.000000, 0.000000, 1.000000
27.7330, 17.7312, -0.9740, 185.9879, 257.4879, 14.7688, 258.0474, 0.3850, 36.1418, -50.7591, 0.614803, -0.787504, 0.043055, 0.017731, 0.761661, 0.607022, 0.226707, -0.000974, -0.204669, -0.106587, 0.973011, 0.185988, 0.000000, 0.000000, 0.000000, 1.000000, -0.204669, -0.106587, 0.973011, 0.257488, -0.614803, 0.787504, -0.043055, 0.014769, -0.761661, -0.607022, -0.226707, 0.258047, 0.000000, 0.000000, 0.000000, 1.000000, 0.997563, 0.034853, 0.060439, 0.000385, 0.059886, 0.016710, -0.998065, 0.036142, -0.035795, 0.999253, 0.014582, -0.050759, 0.000000, 0.000000, 0.000000, 1.000000
27.8791, 17.6549, -1.0653, 186.0714, 257.5714, 14.8451, 258.1387, 0.3471, 36.0758, -50.7577, 0.614642, -0.787490, 0.045539, 0.017655, 0.761171, 0.607267, 0.227694, -0.001065, -0.206961, -0.105288, 0.972667, 0.186071, 0.000000, 0.000000, 0.000000, 1.000000, -0.206961, -0.105288, 0.972667, 0.257571, -0.614642, 0.787490, -0.045539, 0.014845, -0.761171, -0.607267, -0.227694, 0.258139, 0.000000, 0.000000, 0.000000, 1.000000, 0.997577, 0.034901, 0.060191, 0.000347, 0.059688, 0.015299, -0.998100, 0.036076, -0.035756, 0.999274, 0.013179, -0.050758, 0.000000, 0.000000, 0.000000, 1.000000
27.9960, 17.5806, -1.1590, 186.0232, 257.5232, 14.9194, 258.2324, 0.3100, 36.1403, -50.7482, 0.614388, -0.787583, 0.047332, 0.017581, 0.760340, 0.607024, 0.231096, -0.001159, -0.210739, -0.105994, 0.971779, 0.186023, 0.000000, 0.000000, 0.000000, 1.000000, -0.210739, -0.105994, 0.971779, 0.257523, -0.614388, 0.787583, -0.047332, 0.014919, -0.760340, -0.607024, -0.231096, 0.258232, 0.000000, 0.000000, 0.000000, 1.000000, 0.997467, 0.034793, 0.062046, 0.000310, 0.061521, 0.015968, -0.997978, 0.036140, -0.035713, 0.999267, 0.013787, -0.050748, 0.000000, 0.000000, 0.000000, 1.000000
28.1224, 17.4967, -1.2633, 186.0428, 257.5428, 15.0033, 258.3367, 0.2545, 36.1407, -50.7428, 0.614416, -0.787502, 0.048314, 0.017497, 0.759702, 0.607031, 0.233166, -0.001263, -0.212946, -0.106556, 0.971236, 0.186043, 0.000000, 0.000000, 0.000000, 1.000000, -0.212946, -0.106556, 0.971236, 0.257543, -0.614416, 0.787502, -0.048314, 0.015003, -0.759702, -0.607031, -0.233166, 0.258337, 0.000000, 0.000000, 0.000000, 1.000000, 0.997454, 0.034969, 0.062150, 0.000255, 0.061606, 0.016441, -0.997965, 0.036141, -0.035920, 0.999253, 0.014245, -0.050743, 0.000000, 0.000000, 0.000000, 1.000000
28.2232, 17.4418, -1.3395, 186.1011, 257.6011, 15.0582, 258.4130, 0.2162, 36.0976, -50.7478, 0.614497, -0.787449, 0.048145, 0.017442, 0.759385, 0.606931, 0.234456, -0.001340, -0.213842, -0.107512, 0.970934, 0.186101, 0.000000, 0.000000, 0.000000, 1.000000, -0.213842, -0.107512, 0.970934, 0.257601, -0.614497, 0.787449, -0.048145, 0.015058, -0.759385, -0.606931, -0.234456, 0.258413, 0.000000, 0.000000, 0.000000, 1.000000, 0.997498, 0.035100, 0.061365, 0.000216, 0.060786, 0.017336, -0.998000, 0.036098, -0.036094, 0.999233, 0.015159, -0.050748, 0.000000, 0.000000, 0.000000, 1.000000
28.3702, 17.3750, -1.4292, 186.1100, 257.6100, 15.1250, 258.5026, 0.1971, 36.1060, -50.7468, 0.614719, -0.787279, 0.048094, 0.017375, 0.759025, 0.607035, 0.235352, -0.001429, -0.214482, -0.108171, 0.970720, 0.186110, 0.000000, 0.000000, 0.000000, 1.000000, -0.214482, -0.108171, 0.970720, 0.257610, -0.614719, 0.787279, -0.048094, 0.015125, -0.759025, -0.607035, -0.235352, 0.258503, 0.000000, 0.000000, 0.000000, 1.000000, 0.997598, 0.035433, 0.059519, 0.000197, 0.058914, 0.017871, -0.998103, 0.036106, -0.036429, 0.999212, 0.015741, -0.050747, 0.000000, 0.000000, 0.000000, 1.000000
28.4858, 17.3038, -1.5242, 186.1410, 257.6410, 15.1962, 258.5976, 0.1477, 36.0942, -50.7473, 0.614299, -0.787409, 0.051212, 0.017304, 0.758332, 0.607062, 0.237506, -0.001524, -0.218103, -0.107064, 0.970035, 0.186141, 0.000000, 0.000000, 0.000000, 1.000000, -0.218103, -0.107064, 0.970035, 0.257641, -0.614299, 0.787409, -0.051212, 0.015196, -0.758332, -0.607062, -0.237506, 0.258598, 0.000000, 0.000000, 0.000000, 1.000000, 0.997506, 0.035234, 0.061157, 0.000148, 0.060599, 0.016710, -0.998022, 0.036094, -0.036186, 0.999239, 0.014533, -0.050747, 0.000000, 0.000000, 0.000000, 1.000000
28.6242, 17.2298, -1.6086, 186.1788, 257.6788, 15.2702, 258.6821, 0.1183, 36.0741, -50.7399, 0.614063, -0.787476, 0.052984, 0.017230, 0.757853, 0.607049, 0.239062, -0.001609, -0.220419, -0.106645, 0.969558, 0.186179, 0.000000, 0.000000, 0.000000, 1.000000, -0.220419, -0.106645, 0.969558, 0.257679, -0.614063, 0.787476, -0.052984, 0.015270, -0.757853, -0.607049, -0.239062, 0.258682, 0.000000, 0.000000, 0.000000, 1.000000, 0.997512, 0.035155, 0.061098, 0.000118, 0.060559, 0.016218, -0.998033, 0.036074, -0.036077, 0.999250, 0.014048, -0.050740, 0.000000, 0.000000, 0.000000, 1.000000
28.7343, 17.1686, -1.6942, 186.1739, 257.6739, 15.3314, 258.7677, 0.0846, 36.0962, -50.7398, 0.614176, -0.787365, 0.053341, 0.017169, 0.757143, 0.606964, 0.241514, -0.001694, -0.222536, -0.107945, 0.968930, 0.186174, 0.000000, 0.000000, 0.000000, 1.000000, -0.222536, -0.107945, 0.968930, 0.257674, -0.614176, 0.787365, -0.053341, 0.015331, -0.757143, -0.606964, -0.241514, 0.258768, 0.000000, 0.000000, 0.000000, 1.000000, 0.997483, 0.035401, 0.061436, 0.000085, 0.060849, 0.017439, -0.997995, 0.036096, -0.036402, 0.999221, 0.015241, -0.050740, 0.000000, 0.000000, 0.000000, 1.000000
28.8767, 17.0937, -1.7770, 186.2586, 257.7586, 15.4063, 258.8504, 0.0505, 36.0304, -50.7347, 0.613994, -0.787414, 0.054678, 0.017094, 0.757013, 0.607069, 0.241656, -0.001777, -0.223477, -0.106983, 0.968820, 0.186259, 0.000000, 0.000000, 0.000000, 1.000000, -0.223477, -0.106983, 0.968820, 0.257759, -0.613994, 0.787414, -0.054678, 0.015406, -0.757013, -0.607069, -0.241656, 0.258850, 0.000000, 0.000000, 0.000000, 1.000000, 0.997580, 0.035336, 0.059873, 0.000051, 0.059324, 0.016389, -0.998104, 0.036030, -0.036251, 0.999241, 0.014253, -0.050735, 0.000000, 0.000000, 0.000000, 1.000000
28.9903, 17.0281, -1.8675, 186.2511, 257.7511, 15.4719, 258.9410, 0.0131, 36.0568, -50.7338, 0.613956, -0.787405, 0.055245, 0.017028, 0.756621, 0.607005, 0.243043, -0.001868, -0.224907, -0.107418, 0.968441, 0.186251, 0.000000, 0.000000, 0.000000, 1.000000, -0.224907, -0.107418, 0.968441, 0.257751, -0.613956, 0.787405, -0.055245, 0.015472, -0.756621, -0.607005, -0.243043, 0.258941, 0.000000, 0.000000, 0.000000, 1.000000, 0.997607, 0.035398, 0.059389, 0.000013, 0.058825, 0.016757, -0.998128, 0.036057, -0.036327, 0.999233, 0.014635, -0.050734, 0.000000, 0.000000, 0.000000, 1.000000
29.1001, 16.9561, -1.9553, 186.2663, 257.7663, 15.5439, 259.0288, -0.0320, 36.0609, -50.7280, 0.613850, -0.787353, 0.057123, 0.016956, 0.755982, 0.607144, 0.244678, -0.001955, -0.227330, -0.107012, 0.967920, 0.186266, 0.000000, 0.000000, 0.000000, 1.000000, -0.227330, -0.107012, 0.967920, 0.257766, -0.613850, 0.787353, -0.057123, 0.015544, -0.755982, -0.607144, -0.244678, 0.259029, 0.000000, 0.000000, 0.000000, 1.000000, 0.997569, 0.035500, 0.059961, -0.000032, 0.059414, 0.016263, -0.998101, 0.036061, -0.036408, 0.999237, 0.014114, -0.050728, 0.000000, 0.000000, 0.000000, 1.000000
29.2370, 16.8844, -2.0544, 186.2868, 257.7868, 15.6156, 259.1278, -0.0699, 36.0622, -50.7295, 0.613667, -0.787468, 0.057506, 0.016884, 0.755306, 0.606702, 0.247842, -0.002054, -0.230057, -0.108658, 0.967092, 0.186287, 0.000000, 0.000000, 0.000000, 1.000000, -0.230057, -0.108658, 0.967092, 0.257787, -0.613667, 0.787468, -0.057506, 0.015616, -0.755306, -0.606702, -0.247842, 0.259128, 0.000000, 0.000000, 0.000000, 1.000000, 0.997543, 0.035410, 0.060445, -0.000070, 0.059841, 0.017881, -0.998048, 0.036062, -0.036422, 0.999213, 0.015718, -0.050729, 0.000000, 0.000000, 0.000000, 1.000000
29.3636, 16.8203, -2.1307, 186.3412, 257.8412, 15.6797, 259.2041, -0.0978, 36.0259, -50.7268, 0.613598, -0.787413, 0.058975, 0.016820, 0.754834, 0.606853, 0.248906, -0.002131, -0.231781, -0.108212, 0.966730, 0.186341, 0.000000, 0.000000, 0.000000, 1.000000, -0.231781, -0.108212, 0.966730, 0.257841, -0.613598, 0.787413, -0.058975, 0.015680, -0.754834, -0.606853, -0.248906, 0.259204, 0.000000, 0.000000, 0.000000, 1.000000, 0.997566, 0.035522, 0.060008, -0.000098, 0.059421, 0.017334, -0.998082, 0.036026, -0.036494, 0.999219, 0.015181, -0.050727, 0.000000, 0.000000, 0.000000, 1.000000
29.4787, 16.7319, -2.2322, 186.3556, 257.8556, 15.7681, 259.3057, -0.1600, 36.0349, -50.7158, 0.613452, -0.787376, 0.060954, 0.016732, 0.754043, 0.606922, 0.251127, -0.002232, -0.234726, -0.108092, 0.966033, 0.186356, 0.000000, 0.000000, 0.000000, 1.000000, -0.234726, -0.108092, 0.966033, 0.257856, -0.613452, 0.787376, -0.060954, 0.015768, -0.754043, -0.606922, -0.251127, 0.259306, 0.000000, 0.000000, 0.000000, 1.000000, 0.997500, 0.035612, 0.061042, -0.000160, 0.060463, 0.017131, -0.998023, 0.036035, -0.036587, 0.999219, 0.014935, -0.050716, 0.000000, 0.000000, 0.000000, 1.000000
29.6057, 16.6656, -2.3177, 186.3595, 257.8595, 15.8344, 259.3912, -0.1873, 36.0507, -50.7123, 0.613301, -0.787465, 0.061328, 0.016666, 0.753462, 0.606576, 0.253693, -0.002318, -0.236974, -0.109381, 0.965339, 0.186360, 0.000000, 0.000000, 0.000000, 1.000000, -0.236974, -0.109381, 0.965339, 0.257860, -0.613301, 0.787465, -0.061328, 0.015834, -0.753462, -0.606576, -0.253693, 0.259391, 0.000000, 0.000000, 0.000000, 1.000000, 0.997492, 0.035558, 0.061199, -0.000187, 0.060574, 0.018386, -0.997994, 0.036051, -0.036612, 0.999198, 0.016186, -0.050712, 0.000000, 0.000000, 0.000000, 1.000000
29.7246, 16.5950, -2.4072, 186.3843, 257.8843, 15.9050, 259.4806, -0.2292, 36.0473, -50.7095, 0.613066, -0.787482, 0.063422, 0.016595, 0.753069, 0.606764, 0.254411, -0.002407, -0.238826, -0.108210, 0.965014, 0.186384, 0.000000, 0.000000, 0.000000, 1.000000, -0.238826, -0.108210, 0.965014, 0.257884, -0.613066, 0.787482, -0.063422, 0.015905, -0.753069, -0.606764, -0.254411, 0.259481, 0.000000, 0.000000, 0.000000, 1.000000, 0.997506, 0.035519, 0.060991, -0.000229, 0.060413, 0.017129, -0.998026, 0.036047, -0.036494, 0.999222, 0.014940, -0.050709, 0.000000, 0.000000, 0.000000, 1.000000
29.8639, 16.5339, -2.4940, 186.4306, 257.9306, 15.9661, 259.5674, -0.2542, 36.0223, -50.7146, 0.613289, -0.787354, 0.062852, 0.016534, 0.752733, 0.606718, 0.255512, -0.002494, -0.239312, -0.109392, 0.964761, 0.186431, 0.000000, 0.000000, 0.000000, 1.000000, -0.239312, -0.109392, 0.964761, 0.257931, -0.613289, 0.787354, -0.062852, 0.015966, -0.752733, -0.606718, -0.255512, 0.259567, 0.000000, 0.000000, 0.000000, 1.000000, 0.997607, 0.035819, 0.059137, -0.000254, 0.058514, 0.018204, -0.998121, 0.036022, -0.036829, 0.999192, 0.016064, -0.050715, 0.000000, 0.000000, 0.000000, 1.000000
29.9250, 16.4433, -2.5941, 186.4457, 257.9457, 16.0567, 259.6675, -0.3507, 36.0316, -50.7009, 0.612849, -0.787400, 0.066465, 0.016443, 0.751837, 0.606919, 0.257663, -0.002594, -0.243223, -0.107938, 0.963946, 0.186446, 0.000000, 0.000000, 0.000000, 1.000000, -0.243223, -0.107938, 0.963946, 0.257946, -0.612849, 0.787400, -0.066465, 0.016057, -0.751837, -0.606919, -0.257663, 0.259668, 0.000000, 0.000000, 0.000000, 1.000000, 0.997435, 0.035699, 0.062041, -0.000351, 0.061476, 0.016703, -0.997969, 0.036032, -0.036663, 0.999223, 0.014466, -0.050701, 0.000000, 0.000000, 0.000000, 1.000000
29.9650, 16.4031, -2.6576, 186.5120, 258.0120, 16.0969, 259.7310, -0.4116, 35.9814, -50.7111, 0.613300, -0.787210, 0.064525, 0.016403, 0.752028, 0.606957, 0.257015, -0.002658, -0.241489, -0.109102, 0.964251, 0.186512, 0.000000, 0.000000, 0.000000, 1.000000, -0.241489, -0.109102, 0.964251, 0.258012, -0.613300, 0.787210, -0.064525, 0.016097, -0.752028, -0.606957, -0.257015, 0.259731, 0.000000, 0.000000, 0.000000, 1.000000, 0.997568, 0.036070, 0.059637, -0.000412, 0.059025, 0.017802, -0.998098, 0.035981, -0.037063, 0.999191, 0.015630, -0.050711, 0.000000, 0.000000, 0.000000, 1.000000
29.9823, 16.3663, -2.6884, 186.4884, 257.9884, 16.1337, 259.7619, -0.4435, 36.0128, -50.6972, 0.613181, -0.787206, 0.065697, 0.016366, 0.751595, 0.606991, 0.258201, -0.002688, -0.243135, -0.108946, 0.963855, 0.186488, 0.000000, 0.000000, 0.000000, 1.000000, -0.243135, -0.108946, 0.963855, 0.257988, -0.613181, 0.787206, -0.065697, 0.016134, -0.751595, -0.606991, -0.258201, 0.259762, 0.000000, 0.000000, 0.000000, 1.000000, 0.997484, 0.036078, 0.061029, -0.000444, 0.060424, 0.017631, -0.998017, 0.036013, -0.037082, 0.999193, 0.015406, -0.050697, 0.000000, 0.000000, 0.000000, 1.000000
29.9927, 16.3420, -2.7090, 186.5132, 258.0132, 16.1580, 259.7824, -0.4725, 35.9923, -50.6917, 0.613222, -0.787097, 0.066615, 0.016342, 0.751430, 0.607271, 0.258019, -0.002709, -0.243539, -0.108166, 0.963841, 0.186513, 0.000000, 0.000000, 0.000000, 1.000000, -0.243539, -0.108166, 0.963841, 0.258013, -0.613222, 0.787097, -0.066615, 0.016158, -0.751430, -0.607271, -0.258019, 0.259782, 0.000000, 0.000000, 0.000000, 1.000000, 0.997465, 0.036221, 0.061248, -0.000473, 0.060671, 0.016804, -0.998016, 0.035992, -0.037178, 0.999203, 0.014563, -0.050692, 0.000000, 0.000000, 0.000000, 1.000000
29.9993, 16.3415, -2.7095, 186.5087, 258.0087, 16.1585, 259.7830, -0.4682, 35.9969, -50.6913, 0.613255, -0.787089, 0.066404, 0.016342, 0.751468, 0.607262, 0.257932, -0.002710, -0.243340, -0.108278, 0.963878, 0.186509, 0.000000, 0.000000, 0.000000, 1.000000, -0.243340, -0.108278, 0.963878, 0.258009, -0.613255, 0.787089, -0.066404, 0.016158, -0.751468, -0.607262, -0.257932, 0.259783, 0.000000, 0.000000, 0.000000, 1.000000, 0.997484, 0.036241, 0.060933, -0.000468, 0.060352, 0.016910, -0.998034, 0.035997, -0.037200, 0.999200, 0.014681, -0.050691, 0.000000, 0.000000, 0.000000, 1.000000
30.0030, 16.3375, -2.7356, 186.5008, 258.0008, 16.1625, 259.8090, -0.4873, 36.0101, -50.7026, 0.613353, -0.787062, 0.065815, 0.016338, 0.751191, 0.607072, 0.259181, -0.002736, -0.243946, -0.109529, 0.963584, 0.186501, 0.000000, 0.000000, 0.000000, 1.000000, -0.243946, -0.109529, 0.963584, 0.258001, -0.613353, 0.787062, -0.065815, 0.016162, -0.751191, -0.607072, -0.259181, 0.259809, 0.000000, 0.000000, 0.000000, 1.000000, 0.997441, 0.036343, 0.061562, -0.000487, 0.060933, 0.018170, -0.997976, 0.036010, -0.037388, 0.999174, 0.015909, -0.050703, 0.000000, 0.000000, 0.000000, 1.000000
30.0054, 16.3332, -2.7440, 186.5252, 258.0252, 16.1668, 259.8175, -0.4995, 35.9881, -50.7061, 0.613151, -0.787129, 0.066885, 0.016333, 0.751194, 0.607164, 0.258961, -0.002744, -0.244445, -0.108539, 0.963569, 0.186525, 0.000000, 0.000000, 0.000000, 1.000000, -0.244445, -0.108539, 0.963569, 0.258025, -0.613151, 0.787129, -0.066885, 0.016167, -0.751194, -0.607164, -0.258961, 0.259817, 0.000000, 0.000000, 0.000000, 1.000000, 0.997421, 0.036191, 0.061977, -0.000499, 0.061387, 0.017183, -0.997966, 0.035988, -0.037182, 0.999197, 0.014917, -0.050706, 0.000000, 0.000000, 0.000000, 1.000000
30.0065, 16.3309, -2.7361, 186.5177, 258.0177, 16.1691, 259.8095, -0.4925, 35.9939, -50.6989, 0.613241, -0.787099, 0.066420, 0.016331, 0.751237, 0.607146, 0.258876, -0.002736, -0.244087, -0.108856, 0.963624, 0.186518, 0.000000, 0.000000, 0.000000, 1.000000, -0.244087, -0.108856, 0.963624, 0.258018, -0.613241, 0.787099, -0.066420, 0.016169, -0.751237, -0.607146, -0.258876, 0.259810, 0.000000, 0.000000, 0.000000, 1.000000, 0.997442, 0.036254, 0.061607, -0.000492, 0.061005, 0.017495, -0.997984, 0.035994, -0.037259, 0.999189, 0.015239, -0.050699, 0.000000, 0.000000, 0.000000, 1.000000
30.0072, 16.3308, -2.7408, 186.5058, 258.0058, 16.1692, 259.8142, -0.4936, 36.0065, -50.7005, 0.613201, -0.787113, 0.066625, 0.016331, 0.751214, 0.607151, 0.258929, -0.002741, -0.244258, -0.108726, 0.963596, 0.186506, 0.000000, 0.000000, 0.000000, 1.000000, -0.244258, -0.108726, 0.963596, 0.258006, -0.613201, 0.787113, -0.066625, 0.016169, -0.751214, -0.607151, -0.258929, 0.259814, 0.000000, 0.000000, 0.000000, 1.000000, 0.997433, 0.036226, 0.061763, -0.000494, 0.061166, 0.017367, -0.997976, 0.036006, -0.037226, 0.999193, 0.015107, -0.050701, 0.000000, 0.000000, 0.000000, 1.000000
30.0076, 16.3277, -2.7353, 186.4926, 257.9926, 16.1723, 259.8088, -0.4884, 36.0184, -50.6938, 0.613263, -0.787096, 0.066239, 0.016328, 0.751350, 0.607166, 0.258501, -0.002735, -0.243683, -0.108760, 0.963737, 0.186493, 0.000000, 0.000000, 0.000000, 1.000000, -0.243683, -0.108760, 0.963737, 0.257993, -0.613263, 0.787096, -0.066239, 0.016172, -0.751350, -0.607166, -0.258501, 0.259809, 0.000000, 0.000000, 0.000000, 1.000000, 0.997469, 0.036254, 0.061165, -0.000488, 0.060566, 0.017397, -0.998013, 0.036018, -0.037246, 0.999191, 0.015157, -0.050694, 0.000000, 0.000000, 0.000000, 1.000000
