# Joint_B_Angle(deg), Cam_X(mm), Cam_Y(mm), Cam_Z(mm), Torso_X(mm), Torso_Y(mm), Torso_Z(mm), EE_X(mm), EE_Y(mm), EE_Z(mm), T_cam2marker_flat(16), T_torso2marker_flat(16), T_ee2marker_flat(16)
-20.0145, -17.9014, -50.2617, 329.9496, 401.4496, 50.4014, 307.3352, 34.2755, -47.7239, -66.4452, 0.127971, 0.974540, -0.184108, -0.017901, -0.984542, 0.147212, 0.094895, -0.050262, 0.119582, 0.169118, 0.978314, 0.329950, 0.000000, 0.000000, 0.000000, 1.000000, 0.119582, 0.169118, 0.978314, 0.401450, -0.127971, -0.974540, 0.184108, 0.050401, 0.984542, -0.147212, -0.094895, 0.307335, 0.000000, 0.000000, 0.000000, 1.000000, -0.996391, -0.025289, 0.081025, 0.034275, 0.079826, 0.045283, 0.995780, -0.047724, -0.028851, 0.998654, -0.043101, -0.066445, 0.000000, 0.000000, 0.000000, 1.000000
-20.0145, -17.9049, -50.2690, 329.9690, 401.4690, 50.4049, 307.3424, 34.2677, -47.7047, -66.4474, 0.128275, 0.974587, -0.183643, -0.017905, -0.984529, 0.147427, 0.094696, -0.050269, 0.119363, 0.168655, 0.978421, 0.329969, 0.000000, 0.000000, 0.000000, 1.000000, 0.119363, 0.168655, 0.978421, 0.401469, -0.128275, -0.974587, 0.183643, 0.050405, 0.984529, -0.147427, -0.094696, 0.307342, 0.000000, 0.000000, 0.000000, 1.000000, -0.996419, -0.025064, 0.080754, 0.034268, 0.079578, 0.044822, 0.995820, -0.047705, -0.028579, 0.998681, -0.042667, -0.066447, 0.000000, 0.000000, 0.000000, 1.000000
-19.9800, -17.9167, -50.2728, 329.9878, 401.4878, 50.4167, 307.3463, 34.1584, -47.7369, -66.4632, 0.128176, 0.974754, -0.182826, -0.017917, -0.984436, 0.147399, 0.095701, -0.050273, 0.120233, 0.167714, 0.978476, 0.329988, 0.000000, 0.000000, 0.000000, 1.000000, 0.120233, 0.167714, 0.978476, 0.401488, -0.128176, -0.974754, 0.182826, 0.050417, 0.984436, -0.147399, -0.095701, 0.307346, 0.000000, 0.000000, 0.000000, 1.000000, -0.996359, -0.024538, 0.081644, 0.034158, 0.080509, 0.044129, 0.995777, -0.047737, -0.028037, 0.998724, -0.041993, -0.066463, 0.000000, 0.000000, 0.000000, 1.000000
-19.9101, -17.9015, -50.2658, 329.9818, 401.4818, 50.4015, 307.3392, 33.9466, -47.8513, -66.4598, 0.128379, 0.974543, -0.183804, -0.017901, -0.984461, 0.147622, 0.095097, -0.050266, 0.119810, 0.168740, 0.978352, 0.329982, 0.000000, 0.000000, 0.000000, 1.000000, 0.119810, 0.168740, 0.978352, 0.401482, -0.128379, -0.974543, 0.183804, 0.050401, 0.984461, -0.147622, -0.095097, 0.307339, 0.000000, 0.000000, 0.000000, 1.000000, -0.996418, -0.023234, 0.081310, 0.033947, 0.080188, 0.045710, 0.995731, -0.047851, -0.026851, 0.998685, -0.043683, -0.066460, 0.000000, 0.000000, 0.000000, 1.000000
-19.7934, -17.9133, -50.2338, 329.9251, 401.4251, 50.4133, 307.3072, 33.6204, -48.0835, -66.4920, 0.128140, 0.974649, -0.183410, -0.017913, -0.984650, 0.147126, 0.093905, -0.050234, 0.118509, 0.168562, 0.978541, 0.329925, 0.000000, 0.000000, 0.000000, 1.000000, 0.118509, 0.168562, 0.978541, 0.401425, -0.128140, -0.974649, 0.183410, 0.050413, 0.984650, -0.147126, -0.093905, 0.307307, 0.000000, 0.000000, 0.000000, 1.000000, -0.996536, -0.021903, 0.080223, 0.033620, 0.079142, 0.046396, 0.995783, -0.048084, -0.025533, 0.998683, -0.044502, -0.066492, 0.000000, 0.000000, 0.000000, 1.000000
-19.6741, -18.0014, -50.0432, 330.1533, 401.6533, 50.5014, 307.1167, 33.4431, -48.0234, -66.5376, 0.127137, 0.974351, -0.185680, -0.018001, -0.985540, 0.145231, 0.087289, -0.050043, 0.112017, 0.171898, 0.978725, 0.330153, 0.000000, 0.000000, 0.000000, 1.000000, 0.112017, 0.171898, 0.978725, 0.401653, -0.127137, -0.974351, 0.185680, 0.050501, 0.985540, -0.145231, -0.087289, 0.307117, 0.000000, 0.000000, 0.000000, 1.000000, -0.997000, -0.021996, 0.074207, 0.033443, 0.073019, 0.050606, 0.996046, -0.048023, -0.025664, 0.998476, -0.048848, -0.066538, 0.000000, 0.000000, 0.000000, 1.000000
-19.5539, -18.0921, -49.6955, 330.1289, 401.6289, 50.5921, 306.7689, 33.4289, -48.2118, -66.5909, 0.125202, 0.975064, -0.183233, -0.018092, -0.985676, 0.143281, 0.088958, -0.049695, 0.112994, 0.169470, 0.979036, 0.330129, 0.000000, 0.000000, 0.000000, 1.000000, 0.112994, 0.169470, 0.979036, 0.401629, -0.125202, -0.975064, 0.183233, 0.050592, 0.985676, -0.143281, -0.088958, 0.306769, 0.000000, 0.000000, 0.000000, 1.000000, -0.996895, -0.022046, 0.075596, 0.033429, 0.074447, 0.048979, 0.996021, -0.048212, -0.025661, 0.998556, -0.047186, -0.066591, 0.000000, 0.000000, 0.000000, 1.000000
-19.3731, -18.2303, -49.2498, 330.1587, 401.6587, 50.7303, 306.3232, 33.3280, -48.4310, -66.6782, 0.122620, 0.974895, -0.185861, -0.018230, -0.986111, 0.140820, 0.088064, -0.049250, 0.112026, 0.172481, 0.978622, 0.330159, 0.000000, 0.000000, 0.000000, 1.000000, 0.112026, 0.172481, 0.978622, 0.401659, -0.122620, -0.974895, 0.185861, 0.050730, 0.986111, -0.140820, -0.088064, 0.306323, 0.000000, 0.000000, 0.000000, 1.000000, -0.996919, -0.021739, 0.075371, 0.033328, 0.074125, 0.053307, 0.995823, -0.048431, -0.025666, 0.998342, -0.051531, -0.066678, 0.000000, 0.000000, 0.000000, 1.000000
-19.2048, -18.3731, -48.8207, 330.2715, 401.7715, 50.8731, 305.8941, 33.2465, -48.5488, -66.7618, 0.121382, 0.976013, -0.180734, -0.018373, -0.986368, 0.138984, 0.088098, -0.048821, 0.111104, 0.167577, 0.979578, 0.330271, 0.000000, 0.000000, 0.000000, 1.000000, 0.111104, 0.167577, 0.979578, 0.401771, -0.121382, -0.976013, 0.180734, 0.050873, 0.986368, -0.138984, -0.088098, 0.305894, 0.000000, 0.000000, 0.000000, 1.000000, -0.996982, -0.020884, 0.074770, 0.033246, 0.073663, 0.049542, 0.996052, -0.048549, -0.024506, 0.998554, -0.047854, -0.066762, 0.000000, 0.000000, 0.000000, 1.000000
-19.0679, -18.5329, -48.3656, 330.3714, 401.8714, 51.0329, 305.4390, 33.2910, -48.6292, -66.8557, 0.118107, 0.976360, -0.181029, -0.018533, -0.986539, 0.136136, 0.090594, -0.048366, 0.113097, 0.167892, 0.979296, 0.330371, 0.000000, 0.000000, 0.000000, 1.000000, 0.113097, 0.167892, 0.979296, 0.401871, -0.118107, -0.976360, 0.181029, 0.051033, 0.986539, -0.136136, -0.090594, 0.305439, 0.000000, 0.000000, 0.000000, 1.000000, -0.996761, -0.021616, 0.077462, 0.033291, 0.076285, 0.050790, 0.995792, -0.048629, -0.025459, 0.998475, -0.048976, -0.066856, 0.000000, 0.000000, 0.000000, 1.000000
-18.8754, -18.7050, -47.9347, 330.7507, 402.2507, 51.2050, 305.0081, 33.1292, -48.5165, -66.9426, 0.116622, 0.977208, -0.177382, -0.018705, -0.987215, 0.133597, 0.086935, -0.047935, 0.108651, 0.164975, 0.980295, 0.330751, 0.000000, 0.000000, 0.000000, 1.000000, 0.108651, 0.164975, 0.980295, 0.402251, -0.116622, -0.977208, 0.177382, 0.051205, 0.987215, -0.133597, -0.086935, 0.305008, 0.000000, 0.000000, 0.000000, 1.000000, -0.997072, -0.021117, 0.073495, 0.033129, 0.072386, 0.049200, 0.996162, -0.048517, -0.024652, 0.998566, -0.047527, -0.066943, 0.000000, 0.000000, 0.000000, 1.000000
-18.7194, -18.8378, -47.4672, 330.8472, 402.3472, 51.3378, 304.5406, 33.1220, -48.6330, -67.0138, 0.114658, 0.977413, -0.177534, -0.018838, -0.987528, 0.131556, 0.086497, -0.047467, 0.107899, 0.165402, 0.980306, 0.330847, 0.000000, 0.000000, 0.000000, 1.000000, 0.107899, 0.165402, 0.980306, 0.402347, -0.114658, -0.977413, 0.177534, 0.051338, 0.987528, -0.131556, -0.086497, 0.304541, 0.000000, 0.000000, 0.000000, 1.000000, -0.997096, -0.020736, 0.073280, 0.033122, 0.072152, 0.050740, 0.996102, -0.048633, -0.024373, 0.998497, -0.049096, -0.067014, 0.000000, 0.000000, 0.000000, 1.000000
-18.5445, -19.0255, -46.9883, 331.0568, 402.5568, 51.5255, 304.0618, 33.0705, -48.6598, -67.1285, 0.111667, 0.977999, -0.176208, -0.019026, -0.988167, 0.128043, 0.084449, -0.046988, 0.105153, 0.164693, 0.980724, 0.331057, 0.000000, 0.000000, 0.000000, 1.000000, 0.105153, 0.164693, 0.980724, 0.402557, -0.111667, -0.977999, 0.176208, 0.051526, 0.988167, -0.128043, -0.084449, 0.304062, 0.000000, 0.000000, 0.000000, 1.000000, -0.997225, -0.021524, 0.071260, 0.033071, 0.070083, 0.051220, 0.996225, -0.048660, -0.025093, 0.998455, -0.049569, -0.067129, 0.000000, 0.000000, 0.000000, 1.000000
-18.3755, -19.1697, -46.5308, 331.2416, 402.7416, 51.6697, 303.6042, 33.0104, -48.7082, -67.2069, 0.109575, 0.978585, -0.174252, -0.019170, -0.988323, 0.125938, 0.085772, -0.046531, 0.105880, 0.162819, 0.980958, 0.331242, 0.000000, 0.000000, 0.000000, 1.000000, 0.105880, 0.162819, 0.980958, 0.402742, -0.109575, -0.978585, 0.174252, 0.051670, 0.988323, -0.125938, -0.085772, 0.303604, 0.000000, 0.000000, 0.000000, 1.000000, -0.997148, -0.020969, 0.072495, 0.033010, 0.071361, 0.050530, 0.996170, -0.048708, -0.024552, 0.998502, -0.048890, -0.067207, 0.000000, 0.000000, 0.000000, 1.000000
-18.2024, -19.3447, -46.0494, 331.5556, 403.0556, 51.8447, 303.1228, 32.9604, -48.6308, -67.2998, 0.107148, 0.979190, -0.172358, -0.019345, -0.988873, 0.122948, 0.083746, -0.046049, 0.103195, 0.161467, 0.981468, 0.331556, 0.000000, 0.000000, 0.000000, 1.000000, 0.103195, 0.161467, 0.981468, 0.403056, -0.107148, -0.979190, 0.172358, 0.051845, 0.988873, -0.122948, -0.083746, 0.303123, 0.000000, 0.000000, 0.000000, 1.000000, -0.997291, -0.021247, 0.070419, 0.032960, 0.069277, 0.050369, 0.996325, -0.048631, -0.024716, 0.998505, -0.048761, -0.067300, 0.000000, 0.000000, 0.000000, 1.000000
-18.0308, -19.4879, -45.5372, 331.4255, 402.9255, 51.9879, 302.6107, 32.9572, -48.9954, -67.4072, 0.104544, 0.980127, -0.168584, -0.019488, -0.989002, 0.120293, 0.086055, -0.045537, 0.104625, 0.157734, 0.981924, 0.331425, 0.000000, 0.000000, 0.000000, 1.000000, 0.104625, 0.157734, 0.981924, 0.402925, -0.104544, -0.980127, 0.168584, 0.051988, 0.989002, -0.120293, -0.086055, 0.302611, 0.000000, 0.000000, 0.000000, 1.000000, -0.997152, -0.021178, 0.072381, 0.032957, 0.071304, 0.047802, 0.996309, -0.048995, -0.024559, 0.998632, -0.046156, -0.067407, 0.000000, 0.000000, 0.000000, 1.000000
-17.8607, -19.6451, -45.0743, 331.7225, 403.2225, 52.1451, 302.1478, 32.8963, -48.9330, -67.4895, 0.101385, 0.980357, -0.169181, -0.019645, -0.989533, 0.116929, 0.084571, -0.045074, 0.102692, 0.158835, 0.981950, 0.331723, 0.000000, 0.000000, 0.000000, 1.000000, 0.102692, 0.158835, 0.981950, 0.403223, -0.101385, -0.980357, 0.169181, 0.052145, 0.989533, -0.116929, -0.084571, 0.302148, 0.000000, 0.000000, 0.000000, 1.000000, -0.997221, -0.021914, 0.071198, 0.032896, 0.070031, 0.050093, 0.996286, -0.048933, -0.025399, 0.998504, -0.048419, -0.067489, 0.000000, 0.000000, 0.000000, 1.000000
-17.7170, -19.7827, -44.5993, 331.9617, 403.4617, 52.2827, 301.6728, 32.9281, -48.8904, -67.5548, 0.098653, 0.980548, -0.169684, -0.019783, -0.989988, 0.114005, 0.083227, -0.044599, 0.100953, 0.159774, 0.981978, 0.331962, 0.000000, 0.000000, 0.000000, 1.000000, 0.100953, 0.159774, 0.981978, 0.403462, -0.098653, -0.980548, 0.169684, 0.052283, 0.989988, -0.114005, -0.083227, 0.301673, 0.000000, 0.000000, 0.000000, 1.000000, -0.997282, -0.022615, 0.070118, 0.032928, 0.068867, 0.052036, 0.996268, -0.048890, -0.026179, 0.998389, -0.050337, -0.067555, 0.000000, 0.000000, 0.000000, 1.000000
-17.5414, -19.9019, -44.0888, 331.8210, 403.3210, 52.4019, 301.1623, 32.9066, -49.2755, -67.6437, 0.095883, 0.981348, -0.166619, -0.019902, -0.989840, 0.111659, 0.088032, -0.044089, 0.104995, 0.156485, 0.982084, 0.331821, 0.000000, 0.000000, 0.000000, 1.000000, 0.104995, 0.156485, 0.982084, 0.403321, -0.095883, -0.981348, 0.166619, 0.052402, 0.989840, -0.111659, -0.088032, 0.301162, 0.000000, 0.000000, 0.000000, 1.000000, -0.996960, -0.022176, 0.074690, 0.032907, 0.073509, 0.049965, 0.996042, -0.049275, -0.025820, 0.998505, -0.048183, -0.067644, 0.000000, 0.000000, 0.000000, 1.000000
-17.3468, -20.0721, -43.6253, 332.2056, 403.7056, 52.5721, 300.6988, 32.7673, -49.1633, -67.7373, 0.092699, 0.981301, -0.168686, -0.020072, -0.990525, 0.108126, 0.084671, -0.043625, 0.101327, 0.159239, 0.982026, 0.332206, 0.000000, 0.000000, 0.000000, 1.000000, 0.101327, 0.159239, 0.982026, 0.403706, -0.092699, -0.981301, 0.168686, 0.052572, 0.990525, -0.108126, -0.084671, 0.300699, 0.000000, 0.000000, 0.000000, 1.000000, -0.997156, -0.022716, 0.071854, 0.032767, 0.070541, 0.054114, 0.996040, -0.049163, -0.026514, 0.998276, -0.052358, -0.067737, 0.000000, 0.000000, 0.000000, 1.000000
-17.2204, -20.1832, -43.1402, 332.1975, 403.6975, 52.6832, 300.2137, 32.8675, -49.3435, -67.8028, 0.090441, 0.981598, -0.168185, -0.020183, -0.990774, 0.105799, 0.084699, -0.043140, 0.100934, 0.158973, 0.982110, 0.332197, 0.000000, 0.000000, 0.000000, 1.000000, 0.100934, 0.158973, 0.982110, 0.403697, -0.090441, -0.981598, 0.168185, 0.052683, 0.990774, -0.105799, -0.084699, 0.300214, 0.000000, 0.000000, 0.000000, 1.000000, -0.997140, -0.023070, 0.071973, 0.032868, 0.070624, 0.054732, 0.996000, -0.049343, -0.026917, 0.998235, -0.052946, -0.067803, 0.000000, 0.000000, 0.000000, 1.000000
-17.0550, -20.3347, -42.6881, 332.6304, 404.1304, 52.8347, 299.7615, 32.8034, -49.1416, -67.8734, 0.088804, 0.982332, -0.164735, -0.020335, -0.991553, 0.102882, 0.078978, -0.042688, 0.094531, 0.156330, 0.983171, 0.332630, 0.000000, 0.000000, 0.000000, 1.000000, 0.094531, 0.156330, 0.983171, 0.404130, -0.088804, -0.982332, 0.164735, 0.052835, 0.991553, -0.102882, -0.078978, 0.299762, 0.000000, 0.000000, 0.000000, 1.000000, -0.997544, -0.023371, 0.066033, 0.032803, 0.064715, 0.053225, 0.996483, -0.049142, -0.026803, 0.998309, -0.051582, -0.067873, 0.000000, 0.000000, 0.000000, 1.000000
-16.8888, -20.4794, -42.2033, 332.4722, 403.9722, 52.9794, 299.2767, 32.7878, -49.5288, -67.9952, 0.086010, 0.982890, -0.162882, -0.020479, -0.991030, 0.101189, 0.087298, -0.042203, 0.102286, 0.153912, 0.982776, 0.332472, 0.000000, 0.000000, 0.000000, 1.000000, 0.102286, 0.153912, 0.982776, 0.403972, -0.086010, -0.982890, 0.162882, 0.052979, 0.991030, -0.101189, -0.087298, 0.299277, 0.000000, 0.000000, 0.000000, 1.000000, -0.996985, -0.022435, 0.074276, 0.032788, 0.073030, 0.051991, 0.995974, -0.049529, -0.026206, 0.998396, -0.050196, -0.067995, 0.000000, 0.000000, 0.000000, 1.000000
-16.7025, -20.6483, -41.7330, 332.8440, 404.3440, 53.1483, 298.8064, 32.6803, -49.4179, -68.0929, 0.084194, 0.983520, -0.160000, -0.020648, -0.991809, 0.098193, 0.081689, -0.041733, 0.096054, 0.151812, 0.983731, 0.332844, 0.000000, 0.000000, 0.000000, 1.000000, 0.096054, 0.151812, 0.983731, 0.404344, -0.084194, -0.983520, 0.160000, 0.053148, 0.991809, -0.098193, -0.081689, 0.298806, 0.000000, 0.000000, 0.000000, 1.000000, -0.997394, -0.022494, 0.068557, 0.032680, 0.067336, 0.051194, 0.996416, -0.049418, -0.025923, 0.998435, -0.049546, -0.068093, 0.000000, 0.000000, 0.000000, 1.000000
-16.5322, -20.8059, -41.2509, 333.0188, 404.5188, 53.3059, 298.3243, 32.6387, -49.4800, -68.1971, 0.081367, 0.983828, -0.159569, -0.020806, -0.991950, 0.095522, 0.083135, -0.041251, 0.097033, 0.151520, 0.983680, 0.333019, 0.000000, 0.000000, 0.000000, 1.000000, 0.097033, 0.151520, 0.983680, 0.404519, -0.081367, -0.983828, 0.159569, 0.053306, 0.991950, -0.095522, -0.083135, 0.298324, 0.000000, 0.000000, 0.000000, 1.000000, -0.997282, -0.022502, 0.070153, 0.032639, 0.068905, 0.052114, 0.996261, -0.049480, -0.026074, 0.998388, -0.050422, -0.068197, 0.000000, 0.000000, 0.000000, 1.000000
-16.3729, -20.9190, -40.7425, 332.8764, 404.3764, 53.4190, 297.8160, 32.6616, -49.8453, -68.2853, 0.078499, 0.984835, -0.154721, -0.020919, -0.991562, 0.093192, 0.090106, -0.040743, 0.103158, 0.146342, 0.983841, 0.332876, 0.000000, 0.000000, 0.000000, 1.000000, 0.103158, 0.146342, 0.983841, 0.404376, -0.078499, -0.984835, 0.154721, 0.053419, 0.991562, -0.093192, -0.090106, 0.297816, 0.000000, 0.000000, 0.000000, 1.000000, -0.996803, -0.022273, 0.076728, 0.032662, 0.075591, 0.048027, 0.995982, -0.049845, -0.025869, 0.998598, -0.046190, -0.068285, 0.000000, 0.000000, 0.000000, 1.000000
-16.2086, -21.0676, -40.2432, 333.1825, 404.6825, 53.5676, 297.3166, 32.6503, -49.7686, -68.3677, 0.075588, 0.984744, -0.156733, -0.021068, -0.992453, 0.089519, 0.083809, -0.040243, 0.096562, 0.149216, 0.984079, 0.333183, 0.000000, 0.000000, 0.000000, 1.000000, 0.096562, 0.149216, 0.984079, 0.404683, -0.075588, -0.984744, 0.156733, 0.053568, 0.992453, -0.089519, -0.083809, 0.297317, 0.000000, 0.000000, 0.000000, 1.000000, -0.997209, -0.023423, 0.070886, 0.032650, 0.069592, 0.052074, 0.996215, -0.049769, -0.027025, 0.998369, -0.050298, -0.068368, 0.000000, 0.000000, 0.000000, 1.000000
-16.0312, -21.1933, -39.7642, 333.2954, 404.7954, 53.6933, 296.8376, 32.5808, -49.9074, -68.4515, 0.072670, 0.985322, -0.154468, -0.021193, -0.992574, 0.086597, 0.085423, -0.039764, 0.097545, 0.147113, 0.984298, 0.333295, 0.000000, 0.000000, 0.000000, 1.000000, 0.097545, 0.147113, 0.984298, 0.404795, -0.072670, -0.985322, 0.154468, 0.053693, 0.992574, -0.086597, -0.085423, 0.296838, 0.000000, 0.000000, 0.000000, 1.000000, -0.997094, -0.023547, 0.072454, 0.032581, 0.071176, 0.051217, 0.996148, -0.049907, -0.027167, 0.998410, -0.049392, -0.068452, 0.000000, 0.000000, 0.000000, 1.000000
-15.8662, -21.3467, -39.2870, 333.7443, 405.2443, 53.8467, 296.3604, 32.5404, -49.6908, -68.5308, 0.071335, 0.985568, -0.153515, -0.021347, -0.993178, 0.084415, 0.080440, -0.039287, 0.092238, 0.146730, 0.984867, 0.333744, 0.000000, 0.000000, 0.000000, 1.000000, 0.092238, 0.146730, 0.984867, 0.405244, -0.071335, -0.985568, 0.153515, 0.053847, 0.993178, -0.084415, -0.080440, 0.296360, 0.000000, 0.000000, 0.000000, 1.000000, -0.997444, -0.023143, 0.067594, 0.032540, 0.066319, 0.052026, 0.996441, -0.049691, -0.026577, 0.998378, -0.050358, -0.068531, 0.000000, 0.000000, 0.000000, 1.000000
-15.6823, -21.4709, -38.8052, 333.8033, 405.3033, 53.9709, 295.8786, 32.4541, -49.8939, -68.6215, 0.068163, 0.985998, -0.152193, -0.021471, -0.993317, 0.081312, 0.081909, -0.038805, 0.093137, 0.145592, 0.984951, 0.333803, 0.000000, 0.000000, 0.000000, 1.000000, 0.093137, 0.145592, 0.984951, 0.405303, -0.068163, -0.985998, 0.152193, 0.053971, 0.993317, -0.081312, -0.081909, 0.295879, 0.000000, 0.000000, 0.000000, 1.000000, -0.997334, -0.023357, 0.069131, 0.032454, 0.067839, 0.052193, 0.996330, -0.049894, -0.026879, 0.998364, -0.050469, -0.068622, 0.000000, 0.000000, 0.000000, 1.000000
-15.5362, -21.6130, -38.3376, 334.0826, 405.5826, 54.1130, 295.4111, 32.4670, -49.8187, -68.7072, 0.065721, 0.986234, -0.151733, -0.021613, -0.993670, 0.078570, 0.080293, -0.038338, 0.091110, 0.145495, 0.985155, 0.334083, 0.000000, 0.000000, 0.000000, 1.000000, 0.091110, 0.145495, 0.985155, 0.405583, -0.065721, -0.986234, 0.151733, 0.054113, 0.993670, -0.078570, -0.080293, 0.295411, 0.000000, 0.000000, 0.000000, 1.000000, -0.997425, -0.023814, 0.067649, 0.032467, 0.066310, 0.053134, 0.996383, -0.049819, -0.027323, 0.998303, -0.051418, -0.068707, 0.000000, 0.000000, 0.000000, 1.000000
-15.3701, -21.7220, -37.8614, 334.1381, 405.6381, 54.2220, 294.9348, 32.4285, -50.0004, -68.7838, 0.062826, 0.985992, -0.154507, -0.021722, -0.993938, 0.075809, 0.079621, -0.037861, 0.090219, 0.148569, 0.984778, 0.334138, 0.000000, 0.000000, 0.000000, 1.000000, 0.090219, 0.148569, 0.984778, 0.405638, -0.062826, -0.985992, 0.154507, 0.054222, 0.993938, -0.075809, -0.079621, 0.294935, 0.000000, 0.000000, 0.000000, 1.000000, -0.997433, -0.024016, 0.067456, 0.032428, 0.065988, 0.057428, 0.996166, -0.050000, -0.027798, 0.998061, -0.055696, -0.068784, 0.000000, 0.000000, 0.000000, 1.000000
-15.2071, -21.8391, -37.3874, 334.3388, 405.8388, 54.3391, 294.4609, 32.3938, -50.0322, -68.8562, 0.061013, 0.987185, -0.147453, -0.021839, -0.994244, 0.073142, 0.078284, -0.037387, 0.088066, 0.141828, 0.985966, 0.334339, 0.000000, 0.000000, 0.000000, 1.000000, 0.088066, 0.141828, 0.985966, 0.405839, -0.061013, -0.987185, 0.147453, 0.054339, 0.994244, -0.073142, -0.078284, 0.294461, 0.000000, 0.000000, 0.000000, 1.000000, -0.997555, -0.024046, 0.065611, 0.032394, 0.064299, 0.051799, 0.996585, -0.050032, -0.027363, 0.998368, -0.050126, -0.068856, 0.000000, 0.000000, 0.000000, 1.000000
-15.0273, -21.9541, -36.8956, 334.2456, 405.7456, 54.4541, 293.9690, 32.3316, -50.3827, -68.9543, 0.057605, 0.987215, -0.148619, -0.021954, -0.993778, 0.070917, 0.085881, -0.036896, 0.095322, 0.142747, 0.985158, 0.334246, 0.000000, 0.000000, 0.000000, 1.000000, 0.095322, 0.142747, 0.985158, 0.405746, -0.057605, -0.987215, 0.148619, 0.054454, 0.993778, -0.070917, -0.085881, 0.293969, 0.000000, 0.000000, 0.000000, 1.000000, -0.997018, -0.023470, 0.073518, 0.032332, 0.072166, 0.054038, 0.995928, -0.050383, -0.027347, 0.998263, -0.052183, -0.068954, 0.000000, 0.000000, 0.000000, 1.000000
-14.8555, -22.0633, -36.4227, 334.4838, 405.9838, 54.5633, 293.4962, 32.2658, -50.3922, -69.0191, 0.055092, 0.987380, -0.148481, -0.022063, -0.994287, 0.067866, 0.082384, -0.036423, 0.091421, 0.143094, 0.985478, 0.334484, 0.000000, 0.000000, 0.000000, 1.000000, 0.091421, 0.143094, 0.985478, 0.405984, -0.055092, -0.987380, 0.148481, 0.054563, 0.994287, -0.067866, -0.082384, 0.293496, 0.000000, 0.000000, 0.000000, 1.000000, -0.997247, -0.023837, 0.070218, 0.032266, 0.068806, 0.055621, 0.996078, -0.050392, -0.027649, 0.998167, -0.053828, -0.069019, 0.000000, 0.000000, 0.000000, 1.000000
-14.6727, -22.2004, -35.9296, 334.5552, 406.0552, 54.7004, 293.0031, 32.1916, -50.5825, -69.1270, 0.052188, 0.987680, -0.147528, -0.022200, -0.994331, 0.065097, 0.084068, -0.035930, 0.092636, 0.142305, 0.985479, 0.334555, 0.000000, 0.000000, 0.000000, 1.000000, 0.092636, 0.142305, 0.985479, 0.406055, -0.052188, -0.987680, 0.147528, 0.054700, 0.994331, -0.065097, -0.084068, 0.293003, 0.000000, 0.000000, 0.000000, 1.000000, -0.997120, -0.023734, 0.072031, 0.032192, 0.070607, 0.056151, 0.995923, -0.050583, -0.027682, 0.998140, -0.054313, -0.069127, 0.000000, 0.000000, 0.000000, 1.000000
-14.5055, -22.3185, -35.4357, 334.7372, 406.2372, 54.8185, 292.5091, 32.1629, -50.6404, -69.2058, 0.050241, 0.988532, -0.142409, -0.022319, -0.994368, 0.062833, 0.085347, -0.035436, 0.093317, 0.137319, 0.986121, 0.334737, 0.000000, 0.000000, 0.000000, 1.000000, 0.093317, 0.137319, 0.986121, 0.406237, -0.050241, -0.988532, 0.142409, 0.054819, 0.994368, -0.062833, -0.085347, 0.292509, 0.000000, 0.000000, 0.000000, 1.000000, -0.997055, -0.023317, 0.073053, 0.032163, 0.071755, 0.052343, 0.996048, -0.050640, -0.027049, 0.998357, -0.050515, -0.069206, 0.000000, 0.000000, 0.000000, 1.000000
-14.3690, -22.4487, -34.9291, 334.9124, 406.4124, 54.9487, 292.0025, 32.2449, -50.6565, -69.2938, 0.046445, 0.988492, -0.143967, -0.022449, -0.994701, 0.059000, 0.084201, -0.034929, 0.091726, 0.139293, 0.985994, 0.334912, 0.000000, 0.000000, 0.000000, 1.000000, 0.091726, 0.139293, 0.985994, 0.406412, -0.046445, -0.988492, 0.143967, 0.054949, 0.994701, -0.059000, -0.084201, 0.292003, 0.000000, 0.000000, 0.000000, 1.000000, -0.997076, -0.025041, 0.072197, 0.032245, 0.070728, 0.055285, 0.995962, -0.050656, -0.028932, 0.998157, -0.053353, -0.069294, 0.000000, 0.000000, 0.000000, 1.000000
-14.1721, -22.5405, -34.4700, 335.0060, 406.5060, 55.0405, 291.5434, 32.0869, -50.8519, -69.3630, 0.044386, 0.988765, -0.142737, -0.022541, -0.994835, 0.056803, 0.084127, -0.034470, 0.091290, 0.138266, 0.986179, 0.335006, 0.000000, 0.000000, 0.000000, 1.000000, 0.091290, 0.138266, 0.986179, 0.406506, -0.044386, -0.988765, 0.142737, 0.055041, 0.994835, -0.056803, -0.084127, 0.291543, 0.000000, 0.000000, 0.000000, 1.000000, -0.997094, -0.024140, 0.072258, 0.032087, 0.070825, 0.055699, 0.995932, -0.050852, -0.028066, 0.998156, -0.053828, -0.069363, 0.000000, 0.000000, 0.000000, 1.000000
-14.0302, -22.6870, -33.9733, 335.2949, 406.7949, 55.1870, 291.0468, 32.1393, -50.7629, -69.4622, 0.041505, 0.989069, -0.141495, -0.022687, -0.995255, 0.053400, 0.081336, -0.033973, 0.088003, 0.137448, 0.986592, 0.335295, 0.000000, 0.000000, 0.000000, 1.000000, 0.088003, 0.137448, 0.986592, 0.406795, -0.041505, -0.989069, 0.141495, 0.055187, 0.995255, -0.053400, -0.081336, 0.291047, 0.000000, 0.000000, 0.000000, 1.000000, -0.997258, -0.025311, 0.069534, 0.032139, 0.068036, 0.055882, 0.996117, -0.050763, -0.029098, 0.998116, -0.054007, -0.069462, 0.000000, 0.000000, 0.000000, 1.000000
-13.8524, -22.7852, -33.4777, 335.3851, 406.8851, 55.2852, 290.5512, 32.0782, -50.9315, -69.5352, 0.040268, 0.989804, -0.136628, -0.022785, -0.995332, 0.051738, 0.081467, -0.033478, 0.087705, 0.132709, 0.987267, 0.335385, 0.000000, 0.000000, 0.000000, 1.000000, 0.087705, 0.132709, 0.987267, 0.406885, -0.040268, -0.989804, 0.136628, 0.055285, 0.995332, -0.051738, -0.081467, 0.290551, 0.000000, 0.000000, 0.000000, 1.000000, -0.997290, -0.024130, 0.069496, 0.032078, 0.068158, 0.052425, 0.996296, -0.050931, -0.027684, 0.998333, -0.050638, -0.069535, 0.000000, 0.000000, 0.000000, 1.000000
-13.6802, -22.9442, -33.0166, 335.6713, 407.1713, 55.4442, 290.0901, 31.9998, -50.8923, -69.6563, 0.036735, 0.989585, -0.139184, -0.022944, -0.995720, 0.048066, 0.078943, -0.033017, 0.084811, 0.135689, 0.987115, 0.335671, 0.000000, 0.000000, 0.000000, 1.000000, 0.084811, 0.135689, 0.987115, 0.407171, -0.036735, -0.989585, 0.139184, 0.055444, 0.995720, -0.048066, -0.078943, 0.290090, 0.000000, 0.000000, 0.000000, 1.000000, -0.997411, -0.025139, 0.067370, 0.032000, 0.065861, 0.056663, 0.996219, -0.050892, -0.028861, 0.998077, -0.054860, -0.069656, 0.000000, 0.000000, 0.000000, 1.000000
-13.5105, -23.0609, -32.5349, 336.0006, 407.5006, 55.5609, 289.6084, 31.9463, -50.8092, -69.7317, 0.035442, 0.990500, -0.132864, -0.023061, -0.996231, 0.045549, 0.073819, -0.032535, 0.079170, 0.129747, 0.988381, 0.336001, 0.000000, 0.000000, 0.000000, 1.000000, 0.079170, 0.129747, 0.988381, 0.407501, -0.035442, -0.990500, 0.132864, 0.055561, 0.996231, -0.045549, -0.073819, 0.289608, 0.000000, 0.000000, 0.000000, 1.000000, -0.997766, -0.024928, 0.061986, 0.031946, 0.060629, 0.051918, 0.996809, -0.050809, -0.028067, 0.998340, -0.050291, -0.069732, 0.000000, 0.000000, 0.000000, 1.000000
-13.3614, -23.1593, -32.0703, 336.0149, 407.5149, 55.6593, 289.1437, 31.9446, -51.0110, -69.8135, 0.032468, 0.989820, -0.138575, -0.023159, -0.996139, 0.043361, 0.076331, -0.032070, 0.081563, 0.135561, 0.987406, 0.336015, 0.000000, 0.000000, 0.000000, 1.000000, 0.081563, 0.135561, 0.987406, 0.407515, -0.032468, -0.989820, 0.138575, 0.055659, 0.996139, -0.043361, -0.076331, 0.289144, 0.000000, 0.000000, 0.000000, 1.000000, -0.997571, -0.024845, 0.065076, 0.031945, 0.063523, 0.058868, 0.996243, -0.051011, -0.028583, 0.997957, -0.057147, -0.069813, 0.000000, 0.000000, 0.000000, 1.000000
-13.1671, -23.2521, -31.5617, 336.1849, 407.6849, 55.7521, 288.6352, 31.8410, -51.1271, -69.8809, 0.030392, 0.990718, -0.132494, -0.023252, -0.996156, 0.040917, 0.077457, -0.031562, 0.082160, 0.129631, 0.988153, 0.336185, 0.000000, 0.000000, 0.000000, 1.000000, 0.082160, 0.129631, 0.988153, 0.407685, -0.030392, -0.990718, 0.132494, 0.055752, 0.996156, -0.040917, -0.077457, 0.288635, 0.000000, 0.000000, 0.000000, 1.000000, -0.997526, -0.024176, 0.066015, 0.031841, 0.064626, 0.054327, 0.996430, -0.051127, -0.027676, 0.998231, -0.052630, -0.069881, 0.000000, 0.000000, 0.000000, 1.000000
-12.9999, -23.3850, -31.1081, 336.3882, 407.8882, 55.8850, 288.1815, 31.7698, -51.1662, -69.9877, 0.026764, 0.990587, -0.134241, -0.023385, -0.996055, 0.037791, 0.080283, -0.031108, 0.084600, 0.131562, 0.987691, 0.336388, 0.000000, 0.000000, 0.000000, 1.000000, 0.084600, 0.131562, 0.987691, 0.407888, -0.026764, -0.990587, 0.134241, 0.055885, 0.996055, -0.037791, -0.080283, 0.288182, 0.000000, 0.000000, 0.000000, 1.000000, -0.997301, -0.024703, 0.069137, 0.031770, 0.067626, 0.057487, 0.996053, -0.051166, -0.028580, 0.998041, -0.055661, -0.069988, 0.000000, 0.000000, 0.000000, 1.000000
-12.8551, -23.4619, -30.5952, 336.4810, 407.9810, 55.9619, 287.6687, 31.8262, -51.2847, -70.0420, 0.024357, 0.990926, -0.132184, -0.023462, -0.996242, 0.035052, 0.079199, -0.030595, 0.083113, 0.129758, 0.988056, 0.336481, 0.000000, 0.000000, 0.000000, 1.000000, 0.083113, 0.129758, 0.988056, 0.407981, -0.024357, -0.990926, 0.132184, 0.055962, 0.996242, -0.035052, -0.079199, 0.287669, 0.000000, 0.000000, 0.000000, 1.000000, -0.997362, -0.025151, 0.068098, 0.031826, 0.066586, 0.056723, 0.996167, -0.051285, -0.028917, 0.998073, -0.054899, -0.070042, 0.000000, 0.000000, 0.000000, 1.000000
-12.6767, -23.5737, -30.0785, 336.6909, 408.1909, 56.0737, 287.1520, 31.7804, -51.3358, -70.1275, 0.021062, 0.990822, -0.133524, -0.023574, -0.996510, 0.031595, 0.077266, -0.030079, 0.080776, 0.131430, 0.988029, 0.336691, 0.000000, 0.000000, 0.000000, 1.000000, 0.080776, 0.131430, 0.988029, 0.408191, -0.021062, -0.990822, 0.133524, 0.056074, 0.996510, -0.031595, -0.077266, 0.287152, 0.000000, 0.000000, 0.000000, 1.000000, -0.997456, -0.025829, 0.066438, 0.031780, 0.064802, 0.059705, 0.996110, -0.051336, -0.029696, 0.997882, -0.057879, -0.070128, 0.000000, 0.000000, 0.000000, 1.000000
-12.5035, -23.6824, -29.6116, 336.9037, 408.4037, 56.1824, 286.6851, 31.7007, -51.3773, -70.2132, 0.018940, 0.991814, -0.126276, -0.023682, -0.996315, 0.029290, 0.080617, -0.029612, 0.083656, 0.124284, 0.988714, 0.336904, 0.000000, 0.000000, 0.000000, 1.000000, 0.083656, 0.124284, 0.988714, 0.408404, -0.018940, -0.991814, 0.126276, 0.056182, 0.996315, -0.029290, -0.080617, 0.286685, 0.000000, 0.000000, 0.000000, 1.000000, -0.997255, -0.025340, 0.069577, 0.031701, 0.068139, 0.053790, 0.996225, -0.051377, -0.028987, 0.998231, -0.051916, -0.070213, 0.000000, 0.000000, 0.000000, 1.000000
-12.3333, -23.7910, -29.1116, 337.1583, 408.6583, 56.2910, 286.1850, 31.6620, -51.3727, -70.2953, 0.016080, 0.991563, -0.128623, -0.023791, -0.996760, 0.026037, 0.076105, -0.029112, 0.078812, 0.126983, 0.988769, 0.337158, 0.000000, 0.000000, 0.000000, 1.000000, 0.078812, 0.126983, 0.988769, 0.408658, -0.016080, -0.991563, 0.128623, 0.056291, 0.996760, -0.026037, -0.076105, 0.286185, 0.000000, 0.000000, 0.000000, 1.000000, -0.997522, -0.025953, 0.065389, 0.031662, 0.063806, 0.057749, 0.996290, -0.051373, -0.029632, 0.997994, -0.055950, -0.070295, 0.000000, 0.000000, 0.000000, 1.000000
-12.1854, -23.8862, -28.6258, 337.1868, 408.6868, 56.3862, 285.6993, 31.6828, -51.5603, -70.3794, 0.013438, 0.991982, -0.125664, -0.023886, -0.996847, 0.023120, 0.075909, -0.028626, 0.078206, 0.124248, 0.989164, 0.337187, 0.000000, 0.000000, 0.000000, 1.000000, 0.078206, 0.124248, 0.989164, 0.408687, -0.013438, -0.991982, 0.125664, 0.056386, 0.996847, -0.023120, -0.075909, 0.285699, 0.000000, 0.000000, 0.000000, 1.000000, -0.997519, -0.026521, 0.065210, 0.031683, 0.063646, 0.056077, 0.996396, -0.051560, -0.030082, 0.998074, -0.054250, -0.070379, 0.000000, 0.000000, 0.000000, 1.000000
-12.0034, -23.9905, -28.1406, 337.5032, 409.0032, 56.4905, 285.2141, 31.5906, -51.5132, -70.4578, 0.011112, 0.991845, -0.126964, -0.023990, -0.997058, 0.020621, 0.073827, -0.028141, 0.075843, 0.125770, 0.989156, 0.337503, 0.000000, 0.000000, 0.000000, 1.000000, 0.075843, 0.125770, 0.989156, 0.409003, -0.011112, -0.991845, 0.126964, 0.056490, 0.997058, -0.020621, -0.073827, 0.285214, 0.000000, 0.000000, 0.000000, 1.000000, -0.997645, -0.026182, 0.063397, 0.031591, 0.061768, 0.058956, 0.996348, -0.051513, -0.029824, 0.997917, -0.057200, -0.070458, 0.000000, 0.000000, 0.000000, 1.000000
-11.8272, -24.0799, -27.6647, 337.4345, 408.9345, 56.5799, 284.7382, 31.5122, -51.8429, -70.5480, 0.008337, 0.992379, -0.122940, -0.024080, -0.996898, 0.017871, 0.076648, -0.027665, 0.078261, 0.121919, 0.989450, 0.337435, 0.000000, 0.000000, 0.000000, 1.000000, 0.078261, 0.121919, 0.989450, 0.408935, -0.008337, -0.992379, 0.122940, 0.056580, 0.996898, -0.017871, -0.076648, 0.284738, 0.000000, 0.000000, 0.000000, 1.000000, -0.997462, -0.026127, 0.066233, 0.031512, 0.064680, 0.056383, 0.996312, -0.051843, -0.029765, 0.998067, -0.054550, -0.070548, 0.000000, 0.000000, 0.000000, 1.000000
-11.6521, -24.1819, -27.1973, 337.7916, 409.2916, 56.6819, 284.2708, 31.4220, -51.7459, -70.6243, 0.005553, 0.992404, -0.122892, -0.024182, -0.996982, 0.015010, 0.076162, -0.027197, 0.077428, 0.122098, 0.989493, 0.337792, 0.000000, 0.000000, 0.000000, 1.000000, 0.077428, 0.122098, 0.989493, 0.409292, -0.005553, -0.992404, 0.122892, 0.056682, 0.996982, -0.015010, -0.076162, 0.284271, 0.000000, 0.000000, 0.000000, 1.000000, -0.997478, -0.026242, 0.065952, 0.031422, 0.064349, 0.057855, 0.996249, -0.051746, -0.029959, 0.997980, -0.056020, -0.070624, 0.000000, 0.000000, 0.000000, 1.000000
-11.5163, -24.2628, -26.7108, 337.7320, 409.2320, 56.7628, 283.7842, 31.4816, -52.0047, -70.7028, 0.002819, 0.992277, -0.124007, -0.024263, -0.996794, 0.012704, 0.078990, -0.026711, 0.079955, 0.123386, 0.989132, 0.337732, 0.000000, 0.000000, 0.000000, 1.000000, 0.079955, 0.123386, 0.989132, 0.409232, -0.002819, -0.992277, 0.124007, 0.056763, 0.996794, -0.012704, -0.078990, 0.283784, 0.000000, 0.000000, 0.000000, 1.000000, -0.997269, -0.026432, 0.068969, 0.031482, 0.067281, 0.060152, 0.995919, -0.052005, -0.030472, 0.997839, -0.058210, -0.070703, 0.000000, 0.000000, 0.000000, 1.000000
-11.3111, -24.3573, -26.2044, 338.0017, 409.5017, 56.8573, 283.2779, 31.3350, -52.0423, -70.7813, 0.000645, 0.992145, -0.125094, -0.024357, -0.997119, 0.010126, 0.075175, -0.026204, 0.075851, 0.124685, 0.989293, 0.338002, 0.000000, 0.000000, 0.000000, 1.000000, 0.075851, 0.124685, 0.989293, 0.409502, -0.000645, -0.992145, 0.125094, 0.056857, 0.997119, -0.010126, -0.075175, 0.283278, 0.000000, 0.000000, 0.000000, 1.000000, -0.997524, -0.025801, 0.065421, 0.031335, 0.063691, 0.062985, 0.995980, -0.052042, -0.029818, 0.997681, -0.061186, -0.070781, 0.000000, 0.000000, 0.000000, 1.000000
-11.1834, -24.4562, -25.7251, 338.2553, 409.7553, 56.9562, 282.7985, 31.4088, -51.9755, -70.8603, -0.001520, 0.992630, -0.121175, -0.024456, -0.997267, 0.007446, 0.073503, -0.025725, 0.073864, 0.120956, 0.989906, 0.338255, 0.000000, 0.000000, 0.000000, 1.000000, 0.073864, 0.120956, 0.989906, 0.409755, 0.001520, -0.992630, 0.121175, 0.056956, 0.997267, -0.007446, -0.073503, 0.282799, 0.000000, 0.000000, 0.000000, 1.000000, -0.997616, -0.026441, 0.063739, 0.031409, 0.062057, 0.060172, 0.996257, -0.051975, -0.030178, 0.997838, -0.058388, -0.070860, 0.000000, 0.000000, 0.000000, 1.000000
-11.0112, -24.5155, -25.2042, 338.1384, 409.6384, 57.0155, 282.2777, 31.3854, -52.3502, -70.9263, -0.004016, 0.992995, -0.118086, -0.024515, -0.997238, 0.004781, 0.074119, -0.025204, 0.074164, 0.118058, 0.990233, 0.338138, 0.000000, 0.000000, 0.000000, 1.000000, 0.074164, 0.118058, 0.990233, 0.409638, 0.004016, -0.992995, 0.118086, 0.057015, 0.997238, -0.004781, -0.074119, 0.282278, 0.000000, 0.000000, 0.000000, 1.000000, -0.997573, -0.026376, 0.064443, 0.031385, 0.062814, 0.058536, 0.996307, -0.052350, -0.030050, 0.997937, -0.056738, -0.070926, 0.000000, 0.000000, 0.000000, 1.000000
-10.8400, -24.6403, -24.7368, 338.5612, 410.0612, 57.1403, 281.8103, 31.3060, -52.1817, -71.0283, -0.006867, 0.993202, -0.116199, -0.024640, -0.997229, 0.001806, 0.074377, -0.024737, 0.074081, 0.116387, 0.990437, 0.338561, 0.000000, 0.000000, 0.000000, 1.000000, 0.074081, 0.116387, 0.990437, 0.410061, 0.006867, -0.993202, 0.116199, 0.057140, 0.997229, -0.001806, -0.074377, 0.281810, 0.000000, 0.000000, 0.000000, 1.000000, -0.997540, -0.026647, 0.064844, 0.031306, 0.063211, 0.058125, 0.996306, -0.052182, -0.030318, 0.997954, -0.056298, -0.071028, 0.000000, 0.000000, 0.000000, 1.000000
-10.6611, -24.7262, -24.2444, 338.5515, 410.0515, 57.2262, 281.3178, 31.2317, -52.4591, -71.1180, -0.009727, 0.993586, -0.112659, -0.024726, -0.997030, -0.001029, 0.077009, -0.024244, 0.076399, 0.113074, 0.990645, 0.338552, 0.000000, 0.000000, 0.000000, 1.000000, 0.076399, 0.113074, 0.990645, 0.410052, 0.009727, -0.993586, 0.112659, 0.057226, 0.997030, 0.001029, -0.077009, 0.281318, 0.000000, 0.000000, 0.000000, 1.000000, -0.997358, -0.026645, 0.067585, 0.031232, 0.066010, 0.056124, 0.996239, -0.052459, -0.030338, 0.998068, -0.054217, -0.071118, 0.000000, 0.000000, 0.000000, 1.000000
-10.4972, -24.8290, -23.7464, 338.7784, 410.2784, 57.3290, 280.8199, 31.2082, -52.4760, -71.2105, -0.012304, 0.993605, -0.112236, -0.024829, -0.997241, -0.003976, 0.074126, -0.023746, 0.073206, 0.112839, 0.990913, 0.338778, 0.000000, 0.000000, 0.000000, 1.000000, 0.073206, 0.112839, 0.990913, 0.410278, 0.012304, -0.993605, 0.112236, 0.057329, 0.997241, 0.003976, -0.074126, 0.280820, 0.000000, 0.000000, 0.000000, 1.000000, -0.997527, -0.027018, 0.064882, 0.031208, 0.063259, 0.057102, 0.996362, -0.052476, -0.030624, 0.998003, -0.055252, -0.071210, 0.000000, 0.000000, 0.000000, 1.000000
-10.3239, -24.9077, -23.2629, 338.8997, 410.3997, 57.4077, 280.3363, 31.1402, -52.6150, -71.2875, -0.014179, 0.994241, -0.106225, -0.024908, -0.997384, -0.006533, 0.071991, -0.023263, 0.070882, 0.106968, 0.991733, 0.338900, 0.000000, 0.000000, 0.000000, 1.000000, 0.070882, 0.106968, 0.991733, 0.410400, 0.014179, -0.994241, 0.106225, 0.057408, 0.997384, 0.006533, -0.071991, 0.280336, 0.000000, 0.000000, 0.000000, 1.000000, -0.997666, -0.026801, 0.062810, 0.031140, 0.061342, 0.052498, 0.996735, -0.052615, -0.030011, 0.998261, -0.050732, -0.071288, 0.000000, 0.000000, 0.000000, 1.000000
-10.1597, -24.9974, -22.7788, 339.0733, 410.5733, 57.4974, 279.8523, 31.1006, -52.6877, -71.3731, -0.017589, 0.993991, -0.108042, -0.024997, -0.997153, -0.009515, 0.074798, -0.022779, 0.073320, 0.109050, 0.991329, 0.339073, 0.000000, 0.000000, 0.000000, 1.000000, 0.073320, 0.109050, 0.991329, 0.410573, 0.017589, -0.993991, 0.108042, 0.057497, 0.997153, 0.009515, -0.074798, 0.279852, 0.000000, 0.000000, 0.000000, 1.000000, -0.997458, -0.027228, 0.065856, 0.031101, 0.064261, 0.055809, 0.996371, -0.052688, -0.030804, 0.998070, -0.053918, -0.071373, 0.000000, 0.000000, 0.000000, 1.000000
-10.0233, -25.0529, -22.3146, 339.3392, 410.8392, 57.5529, 279.3881, 31.1280, -52.6271, -71.4189, -0.019776, 0.993752, -0.109841, -0.025053, -0.997145, -0.011597, 0.074610, -0.022315, 0.072870, 0.111003, 0.991145, 0.339339, 0.000000, 0.000000, 0.000000, 1.000000, 0.072870, 0.111003, 0.991145, 0.410839, 0.019776, -0.993752, 0.109841, 0.057553, 0.997145, 0.011597, -0.074610, 0.279388, 0.000000, 0.000000, 0.000000, 1.000000, -0.997459, -0.027186, 0.065853, 0.031128, 0.064168, 0.058790, 0.996206, -0.052627, -0.030955, 0.997900, -0.056896, -0.071419, 0.000000, 0.000000, 0.000000, 1.000000
-9.8378, -25.1310, -21.8395, 339.6036, 411.1036, 57.6310, 278.9130, 31.0103, -52.6433, -71.4928, -0.022563, 0.993736, -0.109448, -0.025131, -0.997203, -0.014567, 0.073313, -0.021840, 0.071259, 0.110796, 0.991285, 0.339604, 0.000000, 0.000000, 0.000000, 1.000000, 0.071259, 0.110796, 0.991285, 0.411104, 0.022563, -0.993736, 0.109448, 0.057631, 0.997203, 0.014567, -0.073313, 0.278913, 0.000000, 0.000000, 0.000000, 1.000000, -0.997529, -0.027245, 0.064754, 0.031010, 0.063030, 0.059966, 0.996208, -0.052643, -0.031025, 0.997829, -0.058101, -0.071493, 0.000000, 0.000000, 0.000000, 1.000000
-9.6614, -25.2057, -21.3331, 339.6310, 411.1310, 57.7057, 278.4066, 30.9548, -52.8822, -71.5755, -0.026391, 0.993349, -0.112080, -0.025206, -0.997041, -0.018058, 0.074721, -0.021333, 0.072200, 0.113720, 0.990886, 0.339631, 0.000000, 0.000000, 0.000000, 1.000000, 0.072200, 0.113720, 0.990886, 0.411131, 0.026391, -0.993349, 0.112080, 0.057706, 0.997041, 0.018058, -0.074721, 0.278407, 0.000000, 0.000000, 0.000000, 1.000000, -0.997402, -0.027993, 0.066373, 0.030955, 0.064468, 0.064216, 0.995852, -0.052882, -0.032139, 0.997543, -0.062244, -0.071575, 0.000000, 0.000000, 0.000000, 1.000000
-9.5166, -25.2547, -20.8531, 339.7967, 411.2967, 57.7547, 277.9266, 30.9714, -52.9360, -71.6243, -0.028000, 0.993575, -0.109660, -0.025255, -0.997167, -0.020101, 0.072483, -0.020853, 0.069813, 0.111379, 0.991323, 0.339797, 0.000000, 0.000000, 0.000000, 1.000000, 0.069813, 0.111379, 0.991323, 0.411297, 0.028000, -0.993575, 0.109660, 0.057755, 0.997167, 0.020101, -0.072483, 0.277927, 0.000000, 0.000000, 0.000000, 1.000000, -0.997547, -0.027743, 0.064270, 0.030971, 0.062424, 0.062950, 0.996063, -0.052936, -0.031680, 0.997631, -0.061064, -0.071624, 0.000000, 0.000000, 0.000000, 1.000000
-9.3364, -25.3627, -20.3764, 340.1012, 411.6012, 57.8627, 277.4499, 30.8709, -52.9034, -71.7297, -0.031030, 0.993502, -0.109501, -0.025363, -0.997206, -0.023325, 0.070960, -0.020376, 0.067945, 0.111397, 0.991451, 0.340101, 0.000000, 0.000000, 0.000000, 1.000000, 0.067945, 0.111397, 0.991451, 0.411601, 0.031030, -0.993502, 0.109501, 0.057863, 0.997206, 0.023325, -0.070960, 0.277450, 0.000000, 0.000000, 0.000000, 1.000000, -0.997621, -0.028140, 0.062933, 0.030871, 0.061020, 0.064314, 0.996062, -0.052903, -0.032077, 0.997533, -0.062443, -0.071730, 0.000000, 0.000000, 0.000000, 1.000000
-9.1778, -25.4385, -19.8464, 340.1792, 411.6792, 57.9385, 276.9199, 30.8939, -53.0651, -71.8129, -0.033200, 0.993993, -0.104282, -0.025438, -0.997289, -0.026091, 0.068810, -0.019846, 0.065676, 0.106284, 0.992164, 0.340179, 0.000000, 0.000000, 0.000000, 1.000000, 0.065676, 0.106284, 0.992164, 0.411679, 0.033200, -0.993993, 0.104282, 0.057938, 0.997289, 0.026091, -0.068810, 0.276920, 0.000000, 0.000000, 0.000000, 1.000000, -0.997739, -0.028376, 0.060930, 0.030894, 0.059133, 0.060368, 0.996423, -0.053065, -0.031953, 0.997773, -0.058553, -0.071813, 0.000000, 0.000000, 0.000000, 1.000000
-8.9934, -25.5259, -19.3514, 340.5628, 412.0628, 58.0259, 276.4248, 30.7975, -52.9614, -71.8975, -0.035566, 0.994033, -0.103123, -0.025526, -0.997451, -0.028922, 0.065224, -0.019351, 0.061852, 0.105180, 0.992528, 0.340563, 0.000000, 0.000000, 0.000000, 1.000000, 0.061852, 0.105180, 0.992528, 0.412063, 0.035566, -0.994033, 0.103123, 0.058026, 0.997451, 0.028922, -0.065224, 0.276425, 0.000000, 0.000000, 0.000000, 1.000000, -0.997942, -0.028307, 0.057534, 0.030797, 0.055736, 0.060643, 0.996602, -0.052961, -0.031700, 0.997758, -0.058941, -0.071897, 0.000000, 0.000000, 0.000000, 1.000000
-8.8372, -25.6069, -18.8787, 340.5850, 412.0850, 58.1069, 275.9521, 30.7709, -53.1766, -71.9906, -0.038233, 0.994976, -0.092522, -0.025607, -0.996923, -0.031638, 0.071722, -0.018879, 0.068434, 0.094980, 0.993124, 0.340585, 0.000000, 0.000000, 0.000000, 1.000000, 0.068434, 0.094980, 0.993124, 0.412085, 0.038233, -0.994976, 0.092522, 0.058107, 0.996923, 0.031638, -0.071722, 0.275952, 0.000000, 0.000000, 0.000000, 1.000000, -0.997528, -0.028497, 0.064235, 0.030771, 0.062708, 0.051584, 0.996698, -0.053177, -0.031717, 0.998262, -0.049669, -0.071991, 0.000000, 0.000000, 0.000000, 1.000000
-8.6618, -25.6458, -18.3792, 340.4221, 411.9221, 58.1458, 275.4527, 30.7105, -53.6078, -72.0521, -0.041798, 0.994389, -0.097183, -0.025646, -0.996071, -0.033872, 0.081820, -0.018379, 0.078069, 0.100221, 0.991898, 0.340422, 0.000000, 0.000000, 0.000000, 1.000000, 0.078069, 0.100221, 0.991898, 0.411922, 0.041798, -0.994389, 0.097183, 0.058146, 0.996071, 0.033872, -0.081820, 0.275453, 0.000000, 0.000000, 0.000000, 1.000000, -0.996825, -0.028021, 0.074523, 0.030711, 0.072800, 0.058163, 0.995649, -0.053608, -0.032234, 0.997914, -0.055938, -0.072052, 0.000000, 0.000000, 0.000000, 1.000000
-8.4891, -25.7181, -17.8591, 340.9451, 412.4451, 58.2181, 274.9326, 30.6742, -53.3484, -72.1195, -0.043583, 0.993411, -0.105993, -0.025718, -0.997287, -0.036961, 0.063658, -0.017859, 0.059321, 0.108480, 0.992327, 0.340945, 0.000000, 0.000000, 0.000000, 1.000000, 0.059321, 0.108480, 0.992327, 0.412445, 0.043583, -0.993411, 0.105993, 0.058218, 0.997287, 0.036961, -0.063658, 0.274933, 0.000000, 0.000000, 0.000000, 1.000000, -0.997998, -0.028462, 0.056471, 0.030674, 0.054438, 0.067748, 0.996216, -0.053348, -0.032180, 0.997296, -0.066063, -0.072119, 0.000000, 0.000000, 0.000000, 1.000000
-8.3527, -25.7944, -17.3823, 341.0955, 412.5955, 58.2944, 274.4558, 30.7122, -53.4054, -72.2046, -0.045957, 0.994282, -0.096387, -0.025794, -0.996712, -0.039195, 0.070909, -0.017382, 0.066725, 0.099329, 0.992815, 0.341095, 0.000000, 0.000000, 0.000000, 1.000000, 0.066725, 0.099329, 0.992815, 0.412595, 0.045957, -0.994282, 0.096387, 0.058294, 0.996712, 0.039195, -0.070909, 0.274456, 0.000000, 0.000000, 0.000000, 1.000000, -0.997545, -0.028491, 0.063966, 0.030712, 0.062183, 0.059593, 0.996284, -0.053405, -0.032197, 0.997816, -0.057675, -0.072205, 0.000000, 0.000000, 0.000000, 1.000000
-8.1778, -25.8669, -16.9065, 341.3137, 412.8137, 58.3669, 273.9800, 30.6263, -53.4546, -72.2874, -0.048572, 0.994034, -0.097659, -0.025867, -0.997076, -0.042480, 0.063522, -0.016907, 0.058994, 0.100459, 0.993191, 0.341314, 0.000000, 0.000000, 0.000000, 1.000000, 0.058994, 0.100459, 0.993191, 0.412814, 0.048572, -0.994034, 0.097659, 0.058367, 0.997076, 0.042480, -0.063522, 0.273980, 0.000000, 0.000000, 0.000000, 1.000000, -0.997966, -0.029042, 0.056743, 0.030626, 0.054858, 0.062042, 0.996565, -0.053455, -0.032462, 0.997651, -0.060323, -0.072287, 0.000000, 0.000000, 0.000000, 1.000000
-8.0044, -25.9401, -16.4457, 341.4500, 412.9500, 58.4401, 273.5192, 30.5300, -53.5839, -72.3749, -0.051184, 0.994472, -0.091684, -0.025940, -0.996616, -0.044949, 0.068827, -0.016446, 0.064326, 0.094896, 0.993407, 0.341450, 0.000000, 0.000000, 0.000000, 1.000000, 0.064326, 0.094896, 0.993407, 0.412950, 0.051184, -0.994472, 0.091684, 0.058440, 0.996616, 0.044949, -0.068827, 0.273519, 0.000000, 0.000000, 0.000000, 1.000000, -0.997641, -0.028755, 0.062328, 0.030530, 0.060591, 0.057772, 0.996489, -0.053584, -0.032255, 0.997916, -0.055893, -0.072375, 0.000000, 0.000000, 0.000000, 1.000000
-7.8350, -25.9881, -15.9236, 341.5552, 413.0552, 58.4881, 272.9971, 30.5078, -53.7391, -72.4402, -0.052917, 0.994750, -0.087595, -0.025988, -0.996800, -0.047356, 0.064393, -0.015924, 0.059907, 0.090722, 0.994073, 0.341555, 0.000000, 0.000000, 0.000000, 1.000000, 0.059907, 0.090722, 0.994073, 0.413055, 0.052917, -0.994750, 0.087595, 0.058488, 0.996800, 0.047356, -0.064393, 0.272997, 0.000000, 0.000000, 0.000000, 1.000000, -0.997901, -0.028481, 0.058161, 0.030508, 0.056536, 0.054867, 0.996892, -0.053739, -0.031584, 0.998087, -0.053141, -0.072440, 0.000000, 0.000000, 0.000000, 1.000000
-7.6731, -26.0755, -15.4730, 341.8330, 413.3330, 58.5755, 272.5465, 30.4362, -53.7094, -72.5381, -0.055852, 0.994247, -0.091394, -0.026076, -0.996766, -0.050227, 0.062732, -0.015473, 0.057781, 0.094602, 0.993837, 0.341833, 0.000000, 0.000000, 0.000000, 1.000000, 0.057781, 0.094602, 0.993837, 0.413333, 0.055852, -0.994247, 0.091394, 0.058576, 0.996766, 0.050227, -0.062732, 0.272546, 0.000000, 0.000000, 0.000000, 1.000000, -0.997980, -0.028839, 0.056606, 0.030436, 0.054800, 0.059979, 0.996694, -0.053709, -0.032139, 0.997783, -0.058277, -0.072538, 0.000000, 0.000000, 0.000000, 1.000000
-7.4911, -26.1339, -14.9470, 341.8888, 413.3888, 58.6339, 272.0204, 30.3770, -53.9338, -72.6189, -0.058997, 0.994405, -0.087621, -0.026134, -0.996446, -0.053376, 0.065165, -0.014947, 0.060124, 0.091154, 0.994020, 0.341889, 0.000000, 0.000000, 0.000000, 1.000000, 0.060124, 0.091154, 0.994020, 0.413389, 0.058997, -0.994405, 0.087621, 0.058634, 0.996446, 0.053376, -0.065165, 0.272020, 0.000000, 0.000000, 0.000000, 1.000000, -0.997814, -0.029116, 0.059328, 0.030377, 0.057570, 0.057898, 0.996661, -0.053934, -0.032454, 0.997898, -0.056095, -0.072619, 0.000000, 0.000000, 0.000000, 1.000000
-7.3239, -26.1578, -14.4491, 342.3840, 413.8840, 58.6578, 271.5226, 30.3355, -53.6978, -72.6507, -0.061493, 0.993140, -0.099453, -0.026158, -0.996977, -0.056376, 0.053464, -0.014449, 0.047490, 0.102440, 0.993605, 0.342384, 0.000000, 0.000000, 0.000000, 1.000000, 0.047490, 0.102440, 0.993605, 0.413884, 0.061493, -0.993140, 0.099453, 0.058658, 0.996977, 0.056376, -0.053464, 0.271523, 0.000000, 0.000000, 0.000000, 1.000000, -0.998433, -0.029564, 0.047503, 0.030336, 0.045324, 0.070478, 0.996483, -0.053698, -0.032808, 0.997075, -0.069028, -0.072651, 0.000000, 0.000000, 0.000000, 1.000000
-7.1490, -26.2287, -13.9491, 342.4853, 413.9853, 58.7287, 271.0226, 30.2727, -53.8655, -72.7438, -0.064018, 0.993774, -0.091191, -0.026229, -0.996518, -0.058768, 0.059142, -0.013949, 0.053415, 0.094660, 0.994076, 0.342485, 0.000000, 0.000000, 0.000000, 1.000000, 0.053415, 0.094660, 0.994076, 0.413985, 0.064018, -0.993774, 0.091191, 0.058729, 0.996518, 0.058768, -0.059142, 0.271023, 0.000000, 0.000000, 0.000000, 1.000000, -0.998137, -0.029169, 0.053581, 0.030273, 0.051629, 0.064001, 0.996613, -0.053865, -0.032499, 0.997523, -0.062376, -0.072744, 0.000000, 0.000000, 0.000000, 1.000000
-6.9941, -26.2903, -13.4926, 342.4278, 413.9278, 58.7903, 270.5661, 30.2299, -54.1620, -72.8312, -0.067477, 0.994148, -0.084355, -0.026290, -0.995344, -0.061243, 0.074426, -0.013493, 0.068825, 0.088984, 0.993652, 0.342428, 0.000000, 0.000000, 0.000000, 1.000000, 0.068825, 0.088984, 0.993652, 0.413928, 0.067477, -0.994148, 0.084355, 0.058790, 0.995344, 0.061243, -0.074426, 0.270566, 0.000000, 0.000000, 0.000000, 1.000000, -0.997173, -0.029186, 0.069238, 0.030230, 0.067412, 0.059486, 0.995950, -0.054162, -0.033187, 0.997802, -0.057351, -0.072831, 0.000000, 0.000000, 0.000000, 1.000000
-6.8219, -26.3478, -12.9744, 342.7910, 414.2910, 58.8478, 270.0478, 30.1913, -54.0658, -72.9061, -0.068896, 0.993768, -0.087624, -0.026348, -0.996263, -0.063949, 0.058064, -0.012974, 0.052099, 0.091297, 0.994460, 0.342791, 0.000000, 0.000000, 0.000000, 1.000000, 0.052099, 0.091297, 0.994460, 0.414291, 0.068896, -0.993768, 0.087624, 0.058848, 0.996263, 0.063949, -0.058064, 0.270048, 0.000000, 0.000000, 0.000000, 1.000000, -0.998169, -0.029205, 0.052965, 0.030191, 0.051041, 0.063112, 0.996700, -0.054066, -0.032452, 0.997579, -0.061506, -0.072906, 0.000000, 0.000000, 0.000000, 1.000000
-6.6434, -26.4013, -12.4520, 343.1424, 414.6424, 58.9013, 269.5255, 30.1374, -53.9911, -72.9800, -0.071194, 0.993981, -0.083267, -0.026401, -0.996427, -0.067069, 0.051329, -0.012452, 0.045435, 0.086623, 0.995205, 0.343142, 0.000000, 0.000000, 0.000000, 1.000000, 0.045435, 0.086623, 0.995205, 0.414642, 0.071194, -0.993981, 0.083267, 0.058901, 0.996427, 0.067069, -0.051329, 0.269525, 0.000000, 0.000000, 0.000000, 1.000000, -0.998478, -0.029509, 0.046583, 0.030137, 0.044757, 0.059783, 0.997208, -0.053991, -0.032212, 0.997775, -0.058371, -0.072980, 0.000000, 0.000000, 0.000000, 1.000000
-6.4826, -26.4315, -12.0211, 343.1391, 414.6391, 58.9315, 269.0946, 30.0498, -54.2446, -73.0368, -0.074090, 0.994191, -0.078069, -0.026432, -0.995827, -0.069574, 0.059064, -0.012021, 0.053289, 0.082120, 0.995197, 0.343139, 0.000000, 0.000000, 0.000000, 1.000000, 0.053289, 0.082120, 0.995197, 0.414639, 0.074090, -0.994191, 0.078069, 0.058932, 0.995827, 0.069574, -0.059064, 0.269095, 0.000000, 0.000000, 0.000000, 1.000000, -0.998068, -0.029476, 0.054695, 0.030050, 0.052968, 0.056493, 0.996997, -0.054245, -0.032477, 0.997968, -0.054823, -0.073037, 0.000000, 0.000000, 0.000000, 1.000000
-6.3336, -26.4638, -11.5830, 343.0407, 414.5407, 58.9638, 268.6564, 30.0072, -54.5748, -73.0981, -0.078430, 0.993059, -0.087651, -0.026464, -0.994862, -0.072319, 0.070850, -0.011583, 0.064019, 0.092758, 0.993628, 0.343041, 0.000000, 0.000000, 0.000000, 1.000000, 0.064019, 0.092758, 0.993628, 0.414541, 0.078430, -0.993059, 0.087651, 0.058964, 0.994862, 0.072319, -0.070850, 0.268656, 0.000000, 0.000000, 0.000000, 1.000000, -0.997355, -0.029939, 0.066232, 0.030007, 0.064066, 0.068284, 0.995607, -0.054575, -0.034330, 0.997217, -0.066186, -0.073098, 0.000000, 0.000000, 0.000000, 1.000000
-6.1625, -26.4859, -11.0903, 343.0281, 414.5281, 58.9859, 268.1637, 29.9477, -54.8545, -73.1512, -0.081099, 0.993442, -0.080599, -0.026486, -0.994606, -0.075417, 0.071209, -0.011090, 0.064664, 0.085939, 0.994200, 0.343028, 0.000000, 0.000000, 0.000000, 1.000000, 0.064664, 0.085939, 0.994200, 0.414528, 0.081099, -0.993442, 0.080599, 0.058986, 0.994606, 0.075417, -0.071209, 0.268164, 0.000000, 0.000000, 0.000000, 1.000000, -0.997287, -0.030327, 0.067074, 0.029948, 0.065073, 0.062755, 0.995905, -0.054854, -0.034412, 0.997568, -0.060612, -0.073151, 0.000000, 0.000000, 0.000000, 1.000000
-5.9891, -26.5297, -10.6157, 343.2780, 414.7780, 59.0297, 267.6892, 29.8617, -54.8749, -73.2205, -0.082910, 0.993404, -0.079209, -0.026530, -0.994652, -0.077578, 0.068177, -0.010616, 0.061582, 0.084438, 0.994524, 0.343278, 0.000000, 0.000000, 0.000000, 1.000000, 0.061582, 0.084438, 0.994524, 0.414778, 0.082910, -0.993404, 0.079209, 0.059030, 0.994652, 0.077578, -0.068177, 0.267689, 0.000000, 0.000000, 0.000000, 1.000000, -0.997487, -0.029768, 0.064293, 0.029862, 0.062335, 0.062572, 0.996092, -0.054875, -0.033675, 0.997596, -0.060559, -0.073220, 0.000000, 0.000000, 0.000000, 1.000000
-5.8219, -26.6148, -10.1235, 343.4620, 414.9620, 59.1148, 267.1970, 29.8106, -54.9510, -73.3341, -0.085262, 0.993817, -0.071124, -0.026615, -0.994459, -0.080476, 0.067642, -0.010124, 0.061500, 0.076497, 0.995171, 0.343462, 0.000000, 0.000000, 0.000000, 1.000000, 0.061500, 0.076497, 0.995171, 0.414962, 0.085262, -0.993817, 0.071124, 0.059115, 0.994459, 0.080476, -0.067642, 0.267197, 0.000000, 0.000000, 0.000000, 1.000000, -0.997476, -0.030021, 0.064343, 0.029811, 0.062596, 0.055895, 0.996473, -0.054951, -0.033511, 0.997985, -0.053874, -0.073334, 0.000000, 0.000000, 0.000000, 1.000000
-5.6580, -26.6530, -9.6092, 343.8550, 415.3550, 59.1530, 266.6827, 29.7944, -54.8143, -73.3991, -0.089201, 0.992869, -0.079089, -0.026653, -0.994206, -0.083977, 0.067098, -0.009609, 0.059978, 0.084616, 0.994607, 0.343855, 0.000000, 0.000000, 0.000000, 1.000000, 0.059978, 0.084616, 0.994607, 0.415355, 0.089201, -0.992869, 0.079089, 0.059153, 0.994206, 0.083977, -0.067098, 0.266683, 0.000000, 0.000000, 0.000000, 1.000000, -0.997496, -0.030990, 0.063564, 0.029794, 0.061439, 0.065276, 0.995974, -0.054814, -0.035015, 0.997386, -0.063209, -0.073399, 0.000000, 0.000000, 0.000000, 1.000000
-5.4791, -26.6822, -9.0651, 344.1887, 415.6887, 59.1822, 266.1386, 29.7601, -54.7608, -73.4607, -0.090520, 0.992890, -0.077302, -0.026682, -0.994779, -0.086473, 0.054198, -0.009065, 0.047128, 0.081804, 0.995534, 0.344189, 0.000000, 0.000000, 0.000000, 1.000000, 0.047128, 0.081804, 0.995534, 0.415689, 0.090520, -0.992890, 0.077302, 0.059182, 0.994779, 0.086473, -0.054198, 0.266139, 0.000000, 0.000000, 0.000000, 1.000000, -0.998229, -0.030678, 0.050964, 0.029760, 0.048928, 0.063826, 0.996761, -0.054761, -0.033832, 0.997489, -0.062212, -0.073461, 0.000000, 0.000000, 0.000000, 1.000000
-5.3165, -26.7604, -8.5787, 344.4054, 415.9054, 59.2604, 265.6521, 29.7178, -54.7981, -73.5708, -0.093114, 0.993007, -0.072575, -0.026760, -0.994354, -0.089019, 0.057755, -0.008579, 0.050891, 0.077544, 0.995689, 0.344405, 0.000000, 0.000000, 0.000000, 1.000000, 0.050891, 0.077544, 0.995689, 0.415905, 0.093114, -0.993007, 0.072575, 0.059260, 0.994354, 0.089019, -0.057755, 0.265652, 0.000000, 0.000000, 0.000000, 1.000000, -0.998018, -0.030670, 0.054951, 0.029718, 0.053012, 0.060802, 0.996741, -0.054798, -0.033911, 0.997679, -0.059056, -0.073571, 0.000000, 0.000000, 0.000000, 1.000000
-5.1688, -26.7986, -8.0898, 344.5466, 416.0466, 59.2986, 265.1633, 29.7271, -54.8888, -73.6430, -0.094966, 0.993165, -0.067856, -0.026799, -0.994202, -0.091170, 0.057018, -0.008090, 0.050442, 0.072877, 0.996065, 0.344547, 0.000000, 0.000000, 0.000000, 1.000000, 0.050442, 0.072877, 0.996065, 0.416047, 0.094966, -0.993165, 0.067856, 0.059299, 0.994202, 0.091170, -0.057018, 0.265163, 0.000000, 0.000000, 0.000000, 1.000000, -0.998039, -0.030499, 0.054669, 0.029727, 0.052860, 0.057259, 0.996959, -0.054889, -0.033536, 0.997893, -0.055535, -0.073643, 0.000000, 0.000000, 0.000000, 1.000000
-5.0084, -26.8446, -7.5940, 344.8074, 416.3074, 59.3446, 264.6675, 29.7020, -54.8800, -73.7235, -0.097305, 0.993225, -0.063531, -0.026845, -0.994315, -0.094242, 0.049565, -0.007594, 0.043242, 0.067993, 0.996748, 0.344807, 0.000000, 0.000000, 0.000000, 1.000000, 0.043242, 0.067993, 0.996748, 0.416307, 0.097305, -0.993225, 0.063531, 0.059345, 0.994315, 0.094242, -0.049565, 0.264667, 0.000000, 0.000000, 0.000000, 1.000000, -0.998379, -0.031057, 0.047686, 0.029702, 0.045977, 0.053600, 0.997503, -0.054880, -0.033535, 0.998079, -0.052085, -0.073724, 0.000000, 0.000000, 0.000000, 1.000000
-4.8509, -26.9058, -7.1088, 344.7635, 416.2635, 59.4058, 264.1823, 29.6736, -55.1714, -73.8238, -0.101077, 0.993176, -0.058184, -0.026906, -0.993351, -0.097509, 0.061207, -0.007109, 0.055115, 0.063984, 0.996428, 0.344764, 0.000000, 0.000000, 0.000000, 1.000000, 0.055115, 0.063984, 0.996428, 0.416264, 0.101077, -0.993176, 0.058184, 0.059406, 0.993351, 0.097509, -0.061207, 0.264182, 0.000000, 0.000000, 0.000000, 1.000000, -0.997699, -0.031860, 0.059839, 0.029674, 0.058175, 0.050797, 0.997013, -0.055171, -0.034804, 0.998201, -0.048826, -0.073824, 0.000000, 0.000000, 0.000000, 1.000000
-4.6604, -26.9237, -6.6670, 344.9412, 416.4412, 59.4237, 263.7405, 29.4988, -55.2937, -73.8774, -0.103951, 0.992355, -0.066523, -0.026924, -0.993108, -0.099925, 0.061242, -0.006667, 0.054126, 0.072431, 0.995904, 0.344941, 0.000000, 0.000000, 0.000000, 1.000000, 0.054126, 0.072431, 0.995904, 0.416441, 0.103951, -0.992355, 0.066523, 0.059424, 0.993108, 0.099925, -0.061242, 0.263740, 0.000000, 0.000000, 0.000000, 1.000000, -0.997735, -0.031316, 0.059526, 0.029499, 0.057546, 0.060709, 0.996495, -0.055294, -0.034820, 0.997664, -0.058769, -0.073877, 0.000000, 0.000000, 0.000000, 1.000000
-4.4873, -26.9364, -6.1653, 345.0048, 416.5048, 59.4364, 263.2388, 29.4391, -55.5034, -73.9315, -0.106436, 0.992388, -0.061945, -0.026936, -0.992732, -0.102541, 0.062992, -0.006165, 0.056160, 0.068199, 0.996090, 0.345005, 0.000000, 0.000000, 0.000000, 1.000000, 0.056160, 0.068199, 0.996090, 0.416505, 0.106436, -0.992388, 0.061945, 0.059436, 0.992732, 0.102541, -0.062992, 0.263239, 0.000000, 0.000000, 0.000000, 1.000000, -0.997601, -0.031222, 0.061785, 0.029439, 0.059909, 0.057801, 0.996529, -0.055503, -0.034685, 0.997840, -0.055792, -0.073932, 0.000000, 0.000000, 0.000000, 1.000000
-4.3211, -26.9726, -5.6827, 345.4452, 416.9452, 59.4726, 262.7561, 29.3825, -55.3254, -74.0049, -0.108059, 0.991806, -0.068147, -0.026973, -0.993286, -0.104863, 0.048862, -0.005683, 0.041315, 0.072969, 0.996478, 0.345445, 0.000000, 0.000000, 0.000000, 1.000000, 0.041315, 0.072969, 0.996478, 0.416945, 0.108059, -0.991806, 0.068147, 0.059473, 0.993286, 0.104863, -0.048862, 0.262756, 0.000000, 0.000000, 0.000000, 1.000000, -0.998395, -0.030957, 0.047422, 0.029383, 0.045372, 0.063848, 0.996928, -0.055325, -0.033890, 0.997479, -0.062341, -0.074005, 0.000000, 0.000000, 0.000000, 1.000000
-4.1557, -26.9703, -5.1963, 345.6775, 417.1775, 59.4703, 262.2697, 29.3338, -55.3550, -74.0437, -0.111414, 0.991281, -0.070353, -0.026970, -0.992803, -0.107897, 0.051958, -0.005196, 0.043914, 0.075636, 0.996168, 0.345678, 0.000000, 0.000000, 0.000000, 1.000000, 0.043914, 0.075636, 0.996168, 0.417178, 0.111414, -0.991281, 0.070353, 0.059470, 0.992803, 0.107897, -0.051958, 0.262270, 0.000000, 0.000000, 0.000000, 1.000000, -0.998229, -0.031416, 0.050508, 0.029334, 0.048288, 0.067788, 0.996530, -0.055355, -0.034731, 0.997205, -0.066151, -0.074044, 0.000000, 0.000000, 0.000000, 1.000000
-3.9672, -26.9940, -4.7130, 345.6292, 417.1292, 59.4940, 261.7865, 29.2034, -55.7018, -74.1122, -0.114559, 0.991329, -0.064362, -0.026994, -0.991772, -0.110403, 0.064796, -0.004713, 0.057128, 0.071256, 0.995821, 0.345629, 0.000000, 0.000000, 0.000000, 1.000000, 0.057128, 0.071256, 0.995821, 0.417129, 0.114559, -0.991329, 0.064362, 0.059494, 0.991772, 0.110403, -0.064796, 0.261786, 0.000000, 0.000000, 0.000000, 1.000000, -0.997471, -0.030971, 0.063967, 0.029203, 0.061858, 0.064852, 0.995976, -0.055702, -0.034994, 0.997414, -0.062772, -0.074112, 0.000000, 0.000000, 0.000000, 1.000000
-3.8156, -27.0421, -4.2000, 345.9443, 417.4443, 59.5421, 261.2735, 29.2222, -55.6270, -74.2049, -0.116442, 0.991371, -0.060206, -0.027042, -0.992112, -0.113267, 0.053708, -0.004200, 0.046426, 0.065985, 0.996740, 0.345944, 0.000000, 0.000000, 0.000000, 1.000000, 0.046426, 0.065985, 0.996740, 0.417444, 0.116442, -0.991371, 0.060206, 0.059542, 0.992112, 0.113267, -0.053708, 0.261273, 0.000000, 0.000000, 0.000000, 1.000000, -0.998077, -0.031469, 0.053407, 0.029222, 0.051425, 0.060746, 0.996828, -0.055627, -0.034613, 0.997657, -0.059011, -0.074205, 0.000000, 0.000000, 0.000000, 1.000000
-3.6560, -27.0923, -3.6576, 346.2881, 417.7881, 59.5923, 260.7311, 29.2439, -55.5366, -74.3040, -0.118405, 0.991332, -0.056924, -0.027092, -0.992211, -0.115887, 0.045682, -0.003658, 0.038689, 0.061889, 0.997333, 0.346288, 0.000000, 0.000000, 0.000000, 1.000000, 0.038689, 0.061889, 0.997333, 0.417788, 0.118405, -0.991332, 0.056924, 0.059592, 0.992211, 0.115887, -0.045682, 0.260731, 0.000000, 0.000000, 0.000000, 1.000000, -0.998448, -0.031601, 0.045860, 0.029244, 0.043978, 0.057878, 0.997355, -0.055537, -0.034172, 0.997823, -0.056399, -0.074304, 0.000000, 0.000000, 0.000000, 1.000000
-3.4855, -27.1219, -3.1751, 346.4172, 417.9172, 59.6219, 260.2485, 29.1707, -55.6785, -74.3802, -0.119959, 0.991479, -0.050788, -0.027122, -0.992400, -0.118344, 0.033709, -0.003175, 0.027411, 0.054446, 0.998140, 0.346417, 0.000000, 0.000000, 0.000000, 1.000000, 0.027411, 0.054446, 0.998140, 0.417917, 0.119959, -0.991479, 0.050788, 0.059622, 0.992400, 0.118344, -0.033709, 0.260249, 0.000000, 0.000000, 0.000000, 1.000000, -0.998906, -0.031403, 0.034660, 0.029171, 0.033006, 0.051745, 0.998115, -0.055679, -0.033138, 0.998166, -0.050652, -0.074380, 0.000000, 0.000000, 0.000000, 1.000000
-3.3133, -27.1561, -2.6654, 346.6954, 418.1954, 59.6561, 259.7388, 29.1184, -55.6747, -74.4645, -0.122711, 0.991148, -0.050664, -0.027156, -0.992065, -0.121096, 0.033818, -0.002665, 0.027384, 0.054412, 0.998143, 0.346695, 0.000000, 0.000000, 0.000000, 1.000000, 0.027384, 0.054412, 0.998143, 0.418195, 0.122711, -0.991148, 0.050664, 0.059656, 0.992065, 0.121096, -0.033818, 0.259739, 0.000000, 0.000000, 0.000000, 1.000000, -0.998892, -0.031473, 0.034995, 0.029118, 0.033294, 0.053039, 0.998037, -0.055675, -0.033268, 0.998096, -0.051933, -0.074464, 0.000000, 0.000000, 0.000000, 1.000000
-3.1397, -27.1620, -2.2576, 346.6003, 418.1003, 59.6620, 259.3311, 28.9607, -56.0458, -74.5127, -0.126676, 0.990961, -0.044146, -0.027162, -0.990872, -0.124345, 0.052063, -0.002258, 0.046103, 0.050338, 0.997668, 0.346600, 0.000000, 0.000000, 0.000000, 1.000000, 0.046103, 0.050338, 0.997668, 0.418100, 0.126676, -0.990961, 0.044146, 0.059662, 0.990872, 0.124345, -0.052063, 0.259331, 0.000000, 0.000000, 0.000000, 1.000000, -0.998029, -0.032030, 0.053966, 0.028961, 0.052315, 0.050307, 0.997363, -0.056046, -0.034660, 0.998220, -0.048533, -0.074513, 0.000000, 0.000000, 0.000000, 1.000000
-3.0059, -27.1326, -1.7666, 346.7155, 418.2155, 59.6326, 258.8400, 29.0197, -56.1445, -74.5330, -0.130208, 0.989936, -0.055427, -0.027133, -0.990334, -0.127158, 0.055403, -0.001767, 0.047798, 0.062105, 0.996924, 0.346715, 0.000000, 0.000000, 0.000000, 1.000000, 0.047798, 0.062105, 0.996924, 0.418215, 0.130208, -0.989936, 0.055427, 0.059633, 0.990334, 0.127158, -0.055403, 0.258840, 0.000000, 0.000000, 0.000000, 1.000000, -0.997872, -0.032754, 0.056379, 0.029020, 0.054232, 0.063111, 0.996532, -0.056145, -0.036198, 0.997469, -0.061200, -0.074533, 0.000000, 0.000000, 0.000000, 1.000000
-2.8193, -27.1168, -1.3312, 346.7847, 418.2847, 59.6168, 258.4046, 28.8497, -56.3725, -74.5639, -0.133389, 0.989500, -0.055649, -0.027117, -0.989512, -0.129830, 0.063322, -0.001331, 0.055432, 0.063512, 0.996440, 0.346785, 0.000000, 0.000000, 0.000000, 1.000000, 0.055432, 0.063512, 0.996440, 0.418285, 0.133389, -0.989500, 0.055649, 0.059617, 0.989512, 0.129830, -0.063322, 0.258405, 0.000000, 0.000000, 0.000000, 1.000000, -0.997392, -0.032519, 0.064436, 0.028850, 0.062188, 0.065956, 0.995883, -0.056373, -0.036635, 0.997292, -0.063762, -0.074564, 0.000000, 0.000000, 0.000000, 1.000000
-2.6242, -27.1425, -0.7605, 347.1665, 418.6665, 59.6425, 257.8339, 28.7855, -56.3021, -74.6514, -0.134498, 0.988926, -0.062737, -0.027143, -0.990460, -0.132250, 0.038720, -0.000760, 0.029994, 0.067346, 0.997279, 0.347167, 0.000000, 0.000000, 0.000000, 1.000000, 0.029994, 0.067346, 0.997279, 0.418667, 0.134498, -0.988926, 0.062737, 0.059643, 0.990460, 0.132250, -0.038720, 0.257834, 0.000000, 0.000000, 0.000000, 1.000000, -0.998712, -0.031895, 0.039451, 0.028785, 0.037097, 0.071290, 0.996766, -0.056302, -0.034605, 0.996946, -0.070015, -0.074651, 0.000000, 0.000000, 0.000000, 1.000000
-2.4994, -27.1854, -0.3102, 347.3127, 418.8127, 59.6854, 257.3837, 28.8251, -56.3565, -74.7432, -0.137473, 0.989116, -0.052449, -0.027185, -0.989712, -0.135051, 0.047232, -0.000310, 0.039635, 0.058402, 0.997506, 0.347313, 0.000000, 0.000000, 0.000000, 1.000000, 0.039635, 0.058402, 0.997506, 0.418813, 0.137473, -0.989116, 0.052449, 0.059685, 0.989712, 0.135051, -0.047232, 0.257384, 0.000000, 0.000000, 0.000000, 1.000000, -0.998257, -0.032770, 0.049084, 0.028825, 0.046938, 0.063319, 0.996889, -0.056357, -0.035776, 0.997455, -0.061671, -0.074743, 0.000000, 0.000000, 0.000000, 1.000000
-2.3133, -27.2436, 0.1546, 347.4832, 418.9832, 59.7436, 256.9189, 28.6784, -56.4838, -74.8541, -0.140546, 0.988974, -0.046665, -0.027244, -0.988799, -0.137817, 0.057300, 0.000155, 0.050236, 0.054196, 0.997266, 0.347483, 0.000000, 0.000000, 0.000000, 1.000000, 0.050236, 0.054196, 0.997266, 0.418983, 0.140546, -0.988974, 0.046665, 0.059744, 0.988799, 0.137817, -0.057300, 0.256919, 0.000000, 0.000000, 0.000000, 1.000000, -0.997671, -0.032649, 0.059893, 0.028678, 0.057840, 0.060552, 0.996488, -0.056484, -0.036161, 0.997631, -0.058522, -0.074854, 0.000000, 0.000000, 0.000000, 1.000000
-2.1430, -27.2104, 0.6795, 347.7931, 419.2931, 59.7104, 256.3939, 28.6532, -56.4470, -74.8824, -0.142571, 0.988141, -0.057011, -0.027210, -0.988853, -0.139702, 0.051508, 0.000680, 0.042933, 0.063719, 0.997044, 0.347793, 0.000000, 0.000000, 0.000000, 1.000000, 0.042933, 0.063719, 0.997044, 0.419293, 0.142571, -0.988141, 0.057011, 0.059710, 0.988853, 0.139702, -0.051508, 0.256394, 0.000000, 0.000000, 0.000000, 1.000000, -0.998075, -0.031864, 0.053202, 0.028653, 0.050821, 0.071383, 0.996154, -0.056447, -0.035539, 0.996940, -0.069626, -0.074882, 0.000000, 0.000000, 0.000000, 1.000000
-1.9540, -27.2225, 1.1926, 348.0856, 419.5856, 59.7225, 255.8809, 28.5507, -56.4574, -74.9565, -0.144720, 0.988021, -0.053584, -0.027223, -0.988968, -0.142704, 0.039731, 0.001193, 0.031608, 0.058743, 0.997773, 0.348086, 0.000000, 0.000000, 0.000000, 1.000000, 0.031608, 0.058743, 0.997773, 0.419586, 0.144720, -0.988021, 0.053584, 0.059723, 0.988968, 0.142704, -0.039731, 0.255881, 0.000000, 0.000000, 0.000000, 1.000000, -0.998605, -0.031938, 0.042046, 0.028551, 0.039803, 0.067871, 0.996900, -0.056457, -0.034693, 0.997183, -0.066505, -0.074956, 0.000000, 0.000000, 0.000000, 1.000000
-1.8103, -27.2407, 1.6898, 348.1734, 419.6734, 59.7407, 255.3837, 28.5760, -56.6017, -75.0335, -0.147592, 0.988234, -0.040121, -0.027241, -0.988371, -0.145869, 0.042959, 0.001690, 0.036601, 0.045995, 0.998271, 0.348173, 0.000000, 0.000000, 0.000000, 1.000000, 0.036601, 0.045995, 0.998271, 0.419673, 0.147592, -0.988234, 0.040121, 0.059741, 0.988371, 0.145869, -0.042959, 0.255384, 0.000000, 0.000000, 0.000000, 1.000000, -0.998356, -0.032914, 0.046923, 0.028576, 0.045023, 0.056251, 0.997401, -0.056602, -0.035468, 0.997874, -0.054676, -0.075034, 0.000000, 0.000000, 0.000000, 1.000000
-1.6631, -27.2282, 2.1430, 348.3221, 419.8221, 59.7282, 254.9305, 28.5503, -56.6899, -75.0768, -0.150689, 0.987354, -0.049239, -0.027228, -0.987726, -0.148300, 0.049042, 0.002143, 0.041119, 0.056025, 0.997582, 0.348322, 0.000000, 0.000000, 0.000000, 1.000000, 0.041119, 0.056025, 0.997582, 0.419822, 0.150689, -0.987354, 0.049239, 0.059728, 0.987726, 0.148300, -0.049042, 0.254930, 0.000000, 0.000000, 0.000000, 1.000000, -0.998097, -0.033031, 0.052076, 0.028550, 0.049760, 0.067417, 0.996483, -0.056690, -0.036426, 0.997178, -0.065645, -0.075077, 0.000000, 0.000000, 0.000000, 1.000000
-1.4702, -27.2696, 2.6538, 348.4184, 419.9184, 59.7696, 254.4197, 28.4261, -56.9044, -75.1814, -0.153586, 0.987578, -0.033174, -0.027270, -0.987153, -0.151850, 0.049712, 0.002654, 0.044057, 0.040383, 0.998212, 0.348418, 0.000000, 0.000000, 0.000000, 1.000000, 0.044057, 0.040383, 0.998212, 0.419918, 0.153586, -0.987578, 0.033174, 0.059770, 0.987153, 0.151850, -0.049712, 0.254420, 0.000000, 0.000000, 0.000000, 1.000000, -0.997928, -0.033650, 0.054833, 0.028426, 0.052994, 0.053286, 0.997172, -0.056904, -0.036476, 0.998012, -0.051392, -0.075181, 0.000000, 0.000000, 0.000000, 1.000000
-1.3175, -27.2719, 3.1294, 348.5925, 420.0925, 59.7719, 253.9441, 28.4031, -56.9767, -75.2446, -0.155882, 0.986983, -0.039574, -0.027272, -0.986698, -0.153716, 0.052905, 0.003129, 0.046133, 0.047294, 0.997815, 0.348592, 0.000000, 0.000000, 0.000000, 1.000000, 0.046133, 0.047294, 0.997815, 0.420092, 0.155882, -0.986983, 0.039574, 0.059772, 0.986698, 0.153716, -0.052905, 0.253944, 0.000000, 0.000000, 0.000000, 1.000000, -0.997802, -0.033114, 0.057400, 0.028403, 0.055293, 0.061373, 0.996582, -0.056977, -0.036523, 0.997565, -0.059407, -0.075245, 0.000000, 0.000000, 0.000000, 1.000000
-1.1421, -27.3054, 3.6287, 348.7432, 420.2432, 59.8054, 253.4448, 28.3251, -57.1094, -75.3427, -0.157396, 0.987107, -0.029087, -0.027305, -0.987029, -0.156304, 0.036640, 0.003629, 0.031621, 0.034477, 0.998905, 0.348743, 0.000000, 0.000000, 0.000000, 1.000000, 0.031621, 0.034477, 0.998905, 0.420243, 0.157396, -0.987107, 0.029087, 0.059805, 0.987029, 0.156304, -0.036640, 0.253445, 0.000000, 0.000000, 0.000000, 1.000000, -0.998539, -0.033044, 0.042751, 0.028325, 0.041072, 0.049924, 0.997908, -0.057109, -0.035110, 0.998206, -0.048494, -0.075343, 0.000000, 0.000000, 0.000000, 1.000000
-0.9650, -27.2717, 4.1264, 349.0779, 420.5779, 59.7717, 252.9470, 28.2493, -57.0605, -75.3782, -0.160183, 0.986308, -0.039206, -0.027272, -0.986849, -0.159146, 0.028302, 0.004126, 0.021675, 0.043224, 0.998830, 0.349078, 0.000000, 0.000000, 0.000000, 1.000000, 0.021675, 0.043224, 0.998830, 0.420578, 0.160183, -0.986308, 0.039206, 0.059772, 0.986849, 0.159146, -0.028302, 0.252947, 0.000000, 0.000000, 0.000000, 1.000000, -0.998893, -0.033098, 0.033430, 0.028249, 0.031401, 0.060042, 0.997702, -0.057061, -0.035029, 0.997647, -0.058936, -0.075378, 0.000000, 0.000000, 0.000000, 1.000000
-0.8220, -27.2492, 4.6256, 349.3334, 420.8334, 59.7492, 252.4478, 28.2844, -57.0369, -75.4249, -0.162344, 0.985688, -0.045415, -0.027249, -0.986658, -0.161587, 0.019895, 0.004626, 0.012272, 0.048039, 0.998770, 0.349333, 0.000000, 0.000000, 0.000000, 1.000000, 0.012272, 0.048039, 0.998770, 0.420833, 0.162344, -0.985688, 0.045415, 0.059749, 0.986658, 0.161587, -0.019895, 0.252448, 0.000000, 0.000000, 0.000000, 1.000000, -0.999146, -0.033305, 0.024442, 0.028284, 0.022205, 0.065966, 0.997575, -0.057037, -0.034836, 0.997266, -0.065170, -0.075425, 0.000000, 0.000000, 0.000000, 1.000000
-0.6326, -27.2235, 5.1423, 349.5932, 421.0932, 59.7235, 251.9311, 28.1856, -57.0831, -75.4728, -0.164577, 0.985361, -0.044482, -0.027224, -0.986322, -0.163983, 0.016713, 0.005142, 0.009174, 0.046624, 0.998870, 0.349593, 0.000000, 0.000000, 0.000000, 1.000000, 0.009174, 0.046624, 0.998870, 0.421093, 0.164577, -0.985361, 0.044482, 0.059724, 0.986322, 0.163983, -0.016713, 0.251931, 0.000000, 0.000000, 0.000000, 1.000000, -0.999230, -0.032766, 0.021596, 0.028186, 0.019397, 0.066019, 0.997630, -0.057083, -0.034114, 0.997280, -0.065333, -0.075473, 0.000000, 0.000000, 0.000000, 1.000000
-0.4902, -27.2481, 5.5371, 349.6260, 421.1260, 59.7481, 251.5363, 28.1094, -57.2817, -75.5509, -0.168008, 0.985199, -0.034013, -0.027248, -0.985257, -0.166688, 0.038521, 0.005537, 0.032282, 0.039984, 0.998679, 0.349626, 0.000000, 0.000000, 0.000000, 1.000000, 0.032282, 0.039984, 0.998679, 0.421126, 0.168008, -0.985199, 0.034013, 0.059748, 0.985257, 0.166688, -0.038521, 0.251536, 0.000000, 0.000000, 0.000000, 1.000000, -0.998443, -0.033307, 0.044749, 0.028109, 0.042678, 0.060498, 0.997256, -0.057282, -0.035923, 0.997612, -0.058983, -0.075551, 0.000000, 0.000000, 0.000000, 1.000000
-0.3197, -27.2335, 5.9917, 349.6370, 421.1370, 59.7335, 251.0817, 28.0064, -57.5464, -75.5983, -0.170982, 0.984711, -0.033311, -0.027233, -0.984161, -0.169084, 0.053278, 0.005992, 0.046831, 0.041893, 0.998024, 0.349637, 0.000000, 0.000000, 0.000000, 1.000000, 0.046831, 0.041893, 0.998024, 0.421137, 0.170982, -0.984711, 0.033311, 0.059733, 0.984161, 0.169084, -0.053278, 0.251082, 0.000000, 0.000000, 0.000000, 1.000000, -0.997673, -0.033052, 0.059631, 0.028006, 0.057439, 0.063730, 0.996313, -0.057546, -0.036730, 0.997420, -0.061683, -0.075598, 0.000000, 0.000000, 0.000000, 1.000000
-0.1606, -27.2754, 6.5179, 349.6483, 421.1483, 59.7754, 250.5556, 28.0028, -57.7953, -75.7122, -0.173876, 0.984677, -0.013357, -0.027275, -0.983857, -0.173115, 0.045352, 0.006518, 0.042345, 0.021027, 0.998882, 0.349648, 0.000000, 0.000000, 0.000000, 1.000000, 0.042345, 0.021027, 0.998882, 0.421148, 0.173876, -0.984677, 0.013357, 0.059775, 0.983857, 0.173115, -0.045352, 0.250556, 0.000000, 0.000000, 0.000000, 1.000000, -0.997895, -0.034797, 0.054719, 0.028003, 0.053165, 0.044140, 0.997610, -0.057795, -0.037129, 0.998419, -0.042197, -0.075712, 0.000000, 0.000000, 0.000000, 1.000000
0.0226, -27.1954, 7.0015, 350.2549, 421.7549, 59.6954, 250.0719, 27.9015, -57.4848, -75.7147, -0.176653, 0.983429, -0.040757, -0.027195, -0.983426, -0.174633, 0.048744, 0.007002, 0.040819, 0.048692, 0.997979, 0.350255, 0.000000, 0.000000, 0.000000, 1.000000, 0.040819, 0.048692, 0.997979, 0.421755, 0.176653, -0.983429, 0.040757, 0.059695, 0.983426, 0.174633, -0.048744, 0.250072, 0.000000, 0.000000, 0.000000, 1.000000, -0.997962, -0.033273, 0.054445, 0.027901, 0.051896, 0.073187, 0.995967, -0.057485, -0.037123, 0.996763, -0.071311, -0.075715, 0.000000, 0.000000, 0.000000, 1.000000
0.1870, -27.2281, 7.5506, 350.3325, 421.8325, 59.7281, 249.5229, 27.9051, -57.6766, -75.8271, -0.178426, 0.983830, -0.015580, -0.027228, -0.983640, -0.177948, 0.028036, 0.007551, 0.024810, 0.020328, 0.999485, 0.350332, 0.000000, 0.000000, 0.000000, 1.000000, 0.024810, 0.020328, 0.999485, 0.421832, 0.178426, -0.983830, 0.015580, 0.059728, 0.983640, 0.177948, -0.028036, 0.249523, 0.000000, 0.000000, 0.000000, 1.000000, -0.998700, -0.034264, 0.037732, 0.027905, 0.036133, 0.046146, 0.998281, -0.057677, -0.035946, 0.998347, -0.044848, -0.075827, 0.000000, 0.000000, 0.000000, 1.000000
0.3792, -27.2287, 7.9985, 350.3900, 421.8900, 59.7287, 249.0749, 27.7204, -57.9311, -75.8934, -0.181044, 0.983368, -0.014515, -0.027229, -0.983029, -0.180498, 0.032772, 0.007999, 0.029607, 0.020202, 0.999357, 0.350390, 0.000000, 0.000000, 0.000000, 1.000000, 0.029607, 0.020202, 0.999357, 0.421890, 0.181044, -0.983368, 0.014515, 0.059729, 0.983029, 0.180498, -0.032772, 0.249075, 0.000000, 0.000000, 0.000000, 1.000000, -0.998509, -0.033843, 0.042828, 0.027720, 0.041196, 0.047515, 0.998021, -0.057931, -0.035811, 0.998297, -0.046050, -0.075893, 0.000000, 0.000000, 0.000000, 1.000000
0.5056, -27.2543, 8.5044, 350.6562, 422.1562, 59.7543, 248.5690, 27.8078, -57.8741, -76.0000, -0.183345, 0.982974, -0.012150, -0.027254, -0.982632, -0.182894, 0.031362, 0.008504, 0.028605, 0.017689, 0.999434, 0.350656, 0.000000, 0.000000, 0.000000, 1.000000, 0.028605, 0.017689, 0.999434, 0.422156, 0.183345, -0.982974, 0.012150, 0.059754, 0.982632, 0.182894, -0.031362, 0.248569, 0.000000, 0.000000, 0.000000, 1.000000, -0.998530, -0.034323, 0.041939, 0.027808, 0.040341, 0.045996, 0.998127, -0.057874, -0.036188, 0.998352, -0.044544, -0.076000, 0.000000, 0.000000, 0.000000, 1.000000
0.6794, -27.2236, 8.9207, 350.8075, 422.3075, 59.7236, 248.1528, 27.6572, -58.0048, -76.0353, -0.187495, 0.982147, -0.015237, -0.027224, -0.981164, -0.186528, 0.050238, 0.008921, 0.046499, 0.024369, 0.998621, 0.350808, 0.000000, 0.000000, 0.000000, 1.000000, 0.046499, 0.024369, 0.998621, 0.422308, 0.187495, -0.982147, 0.015237, 0.059724, 0.981164, 0.186528, -0.050238, 0.248153, 0.000000, 0.000000, 0.000000, 1.000000, -0.997555, -0.035230, 0.060351, 0.027657, 0.058399, 0.054039, 0.996830, -0.058005, -0.038380, 0.997917, -0.051849, -0.076035, 0.000000, 0.000000, 0.000000, 1.000000
0.8473, -27.1349, 9.4787, 351.2299, 422.7299, 59.6349, 247.5948, 27.6789, -57.8561, -76.0442, -0.188491, 0.981289, -0.039284, -0.027135, -0.981917, -0.187592, 0.025471, 0.009479, 0.017625, 0.043374, 0.998903, 0.351230, 0.000000, 0.000000, 0.000000, 1.000000, 0.017625, 0.043374, 0.998903, 0.422730, 0.188491, -0.981289, 0.039284, 0.059635, 0.981917, 0.187592, -0.025471, 0.247595, 0.000000, 0.000000, 0.000000, 1.000000, -0.998913, -0.033529, 0.032379, 0.027679, 0.029816, 0.074307, 0.996790, -0.057856, -0.035827, 0.996672, -0.073227, -0.076044, 0.000000, 0.000000, 0.000000, 1.000000
1.0195, -27.1217, 9.8737, 351.4040, 422.9040, 59.6217, 247.1998, 27.5102, -57.9620, -76.0965, -0.192075, 0.980760, -0.034896, -0.027122, -0.980856, -0.190689, 0.039479, 0.009874, 0.032065, 0.041811, 0.998611, 0.351404, 0.000000, 0.000000, 0.000000, 1.000000, 0.032065, 0.041811, 0.998611, 0.422904, 0.192075, -0.980760, 0.034896, 0.059622, 0.980856, 0.190689, -0.039479, 0.247200, 0.000000, 0.000000, 0.000000, 1.000000, -0.998315, -0.033988, 0.047042, 0.027510, 0.044422, 0.074097, 0.996261, -0.057962, -0.037346, 0.996672, -0.072462, -0.076097, 0.000000, 0.000000, 0.000000, 1.000000
1.2017, -27.1013, 10.3975, 351.5609, 423.0609, 59.6013, 246.6759, 27.4369, -58.1032, -76.1621, -0.194352, 0.980509, -0.028809, -0.027101, -0.980610, -0.193453, 0.031294, 0.010398, 0.025110, 0.034332, 0.999095, 0.351561, 0.000000, 0.000000, 0.000000, 1.000000, 0.025110, 0.034332, 0.999095, 0.423061, 0.194352, -0.980509, 0.028809, 0.059601, 0.980610, 0.193453, -0.031294, 0.246676, 0.000000, 0.000000, 0.000000, 1.000000, -0.998617, -0.034000, 0.040097, 0.027437, 0.037714, 0.068053, 0.996969, -0.058103, -0.036625, 0.997102, -0.066677, -0.076162, 0.000000, 0.000000, 0.000000, 1.000000
1.3601, -27.0899, 10.7926, 351.7426, 423.2426, 59.5899, 246.2809, 27.3128, -58.1800, -76.2183, -0.198496, 0.979641, -0.030039, -0.027090, -0.978732, -0.196505, 0.058903, 0.010793, 0.051801, 0.041092, 0.997812, 0.351743, 0.000000, 0.000000, 0.000000, 1.000000, 0.051801, 0.041092, 0.997812, 0.423243, 0.198496, -0.979641, 0.030039, 0.059590, 0.978732, 0.196505, -0.058903, 0.246281, 0.000000, 0.000000, 0.000000, 1.000000, -0.997136, -0.034571, 0.067272, 0.027313, 0.064492, 0.076046, 0.995016, -0.058180, -0.039515, 0.996505, -0.073599, -0.076218, 0.000000, 0.000000, 0.000000, 1.000000
1.5337, -27.0315, 11.2927, 351.8279, 423.3279, 59.5315, 245.7808, 27.2490, -58.3787, -76.2422, -0.201129, 0.978726, -0.040536, -0.027032, -0.978055, -0.198350, 0.063758, 0.011293, 0.054362, 0.052470, 0.997142, 0.351828, 0.000000, 0.000000, 0.000000, 1.000000, 0.054362, 0.052470, 0.997142, 0.423328, 0.201129, -0.978726, 0.040536, 0.059532, 0.978055, 0.198350, -0.063758, 0.245781, 0.000000, 0.000000, 0.000000, 1.000000, -0.996946, -0.033656, 0.070468, 0.027249, 0.067248, 0.088746, 0.993782, -0.058379, -0.039700, 0.995486, -0.086211, -0.076242, 0.000000, 0.000000, 0.000000, 1.000000
1.7117, -27.0427, 11.8186, 352.0970, 423.5970, 59.5427, 245.2549, 27.1872, -58.4029, -76.3470, -0.203333, 0.978765, -0.025983, -0.027043, -0.978023, -0.201786, 0.052478, 0.011819, 0.046121, 0.036082, 0.998284, 0.352097, 0.000000, 0.000000, 0.000000, 1.000000, 0.046121, 0.036082, 0.998284, 0.423597, 0.203333, -0.978765, 0.025983, 0.059543, 0.978023, 0.201786, -0.052478, 0.245255, 0.000000, 0.000000, 0.000000, 1.000000, -0.997486, -0.034480, 0.061908, 0.027187, 0.059235, 0.073795, 0.995513, -0.058403, -0.038894, 0.996677, -0.071568, -0.076347, 0.000000, 0.000000, 0.000000, 1.000000
1.8343, -27.0304, 12.3476, 352.2348, 423.7348, 59.5304, 244.7259, 27.3107, -58.4706, -76.4268, -0.205357, 0.978395, -0.023925, -0.027030, -0.978091, -0.204317, 0.039908, 0.012348, 0.034158, 0.031596, 0.998917, 0.352235, 0.000000, 0.000000, 0.000000, 1.000000, 0.034158, 0.031596, 0.998917, 0.423735, 0.205357, -0.978395, 0.023925, 0.059530, 0.978091, 0.204317, -0.039908, 0.244726, 0.000000, 0.000000, 0.000000, 1.000000, -0.998130, -0.035178, 0.049994, 0.027311, 0.047430, 0.070286, 0.996399, -0.058471, -0.038565, 0.996906, -0.068486, -0.076427, 0.000000, 0.000000, 0.000000, 1.000000
2.0107, -27.0216, 12.8184, 352.5136, 424.0136, 59.5216, 244.2550, 27.2019, -58.4819, -76.5059, -0.208085, 0.977971, -0.016560, -0.027022, -0.977401, -0.207260, 0.041601, 0.012818, 0.037252, 0.024842, 0.998997, 0.352514, 0.000000, 0.000000, 0.000000, 1.000000, 0.037252, 0.024842, 0.998997, 0.424014, 0.208085, -0.977971, 0.016560, 0.059522, 0.977401, 0.207260, -0.041601, 0.244255, 0.000000, 0.000000, 0.000000, 1.000000, -0.997959, -0.035481, 0.053092, 0.027202, 0.050711, 0.064929, 0.996601, -0.058482, -0.038808, 0.997259, -0.062997, -0.076506, 0.000000, 0.000000, 0.000000, 1.000000
2.2010, -27.0226, 13.3068, 352.6152, 424.1152, 59.5226, 243.7666, 27.0608, -58.6931, -76.5916, -0.210925, 0.977392, -0.014711, -0.027023, -0.976796, -0.210177, 0.041163, 0.013307, 0.037141, 0.023052, 0.999044, 0.352615, 0.000000, 0.000000, 0.000000, 1.000000, 0.037141, 0.023052, 0.999044, 0.424115, 0.210925, -0.977392, 0.014711, 0.059523, 0.976796, 0.210177, -0.041163, 0.243767, 0.000000, 0.000000, 0.000000, 1.000000, -0.997954, -0.035497, 0.053169, 0.027061, 0.050799, 0.064632, 0.996615, -0.058693, -0.038814, 0.997278, -0.062697, -0.076592, 0.000000, 0.000000, 0.000000, 1.000000
2.3601, -26.9625, 13.7766, 352.9267, 424.4267, 59.4625, 243.2968, 27.0168, -58.6428, -76.6244, -0.213750, 0.976647, -0.021704, -0.026962, -0.975986, -0.212545, 0.047707, 0.013777, 0.041980, 0.031380, 0.998626, 0.352927, 0.000000, 0.000000, 0.000000, 1.000000, 0.041980, 0.031380, 0.998626, 0.424427, 0.213750, -0.976647, 0.021704, 0.059462, 0.975986, 0.212545, -0.047707, 0.243297, 0.000000, 0.000000, 0.000000, 1.000000, -0.997661, -0.035335, 0.058522, 0.027017, 0.055779, 0.074189, 0.995683, -0.058643, -0.039524, 0.996618, -0.072044, -0.076624, 0.000000, 0.000000, 0.000000, 1.000000
2.5295, -26.9392, 14.2545, 352.8886, 424.3886, 59.4392, 242.8189, 26.9347, -58.9601, -76.6808, -0.215681, 0.976378, -0.012916, -0.026939, -0.975975, -0.215136, 0.034502, 0.014255, 0.030908, 0.020047, 0.999321, 0.352889, 0.000000, 0.000000, 0.000000, 1.000000, 0.030908, 0.020047, 0.999321, 0.424389, 0.215681, -0.976378, 0.012916, 0.059439, 0.975975, 0.215136, -0.034502, 0.242819, 0.000000, 0.000000, 0.000000, 1.000000, -0.998253, -0.035450, 0.047274, 0.026935, 0.044931, 0.064207, 0.996925, -0.058960, -0.038377, 0.997307, -0.062502, -0.076681, 0.000000, 0.000000, 0.000000, 1.000000
2.6921, -26.8834, 14.7869, 353.3776, 424.8776, 59.3834, 242.2866, 26.9420, -58.7404, -76.7396, -0.217720, 0.975804, -0.020089, -0.026883, -0.975748, -0.217137, 0.027703, 0.014787, 0.022670, 0.025633, 0.999414, 0.353378, 0.000000, 0.000000, 0.000000, 1.000000, 0.022670, 0.025633, 0.999414, 0.424878, 0.217720, -0.975804, 0.020089, 0.059383, 0.975748, 0.217137, -0.027703, 0.242287, 0.000000, 0.000000, 0.000000, 1.000000, -0.998612, -0.034883, 0.039455, 0.026942, 0.036901, 0.071048, 0.996790, -0.058740, -0.037574, 0.996863, -0.069662, -0.076740, 0.000000, 0.000000, 0.000000, 1.000000
2.8597, -26.8657, 15.2624, 353.5415, 425.0415, 59.3657, 241.8111, 26.8660, -58.8532, -76.8124, -0.220250, 0.975319, -0.015580, -0.026866, -0.975232, -0.219841, 0.024350, 0.015262, 0.020324, 0.020557, 0.999582, 0.353542, 0.000000, 0.000000, 0.000000, 1.000000, 0.020324, 0.020557, 0.999582, 0.425042, 0.220250, -0.975319, 0.015580, 0.059366, 0.975232, 0.219841, -0.024350, 0.241811, 0.000000, 0.000000, 0.000000, 1.000000, -0.998694, -0.035081, 0.037146, 0.026866, 0.034723, 0.067299, 0.997128, -0.058853, -0.037480, 0.997116, -0.065993, -0.076812, 0.000000, 0.000000, 0.000000, 1.000000
3.0540, -26.7345, 15.6599, 353.8374, 425.3374, 59.2345, 241.4136, 26.6476, -58.8708, -76.7659, -0.224042, 0.973459, -0.046712, -0.026735, -0.973668, -0.221503, 0.053916, 0.015660, 0.042138, 0.057561, 0.997452, 0.353837, 0.000000, 0.000000, 0.000000, 1.000000, 0.042138, 0.057561, 0.997452, 0.425337, 0.224042, -0.973459, 0.046712, 0.059235, 0.973668, 0.221503, -0.053916, 0.241414, 0.000000, 0.000000, 0.000000, 1.000000, -0.997610, -0.033408, 0.060482, 0.026648, 0.056649, 0.105695, 0.992784, -0.058871, -0.039560, 0.993837, -0.103550, -0.076766, 0.000000, 0.000000, 0.000000, 1.000000
3.2025, -26.7391, 16.1941, 353.9337, 425.4337, 59.2391, 240.8794, 26.6855, -59.0242, -76.8712, -0.225476, 0.973915, -0.025505, -0.026739, -0.973902, -0.224621, 0.032564, 0.016194, 0.025986, 0.032182, 0.999144, 0.353934, 0.000000, 0.000000, 0.000000, 1.000000, 0.025986, 0.032182, 0.999144, 0.425434, 0.225476, -0.973915, 0.025505, 0.059239, 0.973902, 0.224621, -0.032564, 0.240879, 0.000000, 0.000000, 0.000000, 1.000000, -0.998453, -0.034469, 0.043637, 0.026686, 0.040707, 0.081576, 0.995835, -0.059024, -0.037885, 0.996071, -0.080047, -0.076871, 0.000000, 0.000000, 0.000000, 1.000000
3.3853, -26.7478, 16.6747, 353.9926, 425.4926, 59.2478, 240.3987, 26.5554, -59.2689, -76.9685, -0.228265, 0.973592, -0.003731, -0.026748, -0.972937, -0.227966, 0.037743, 0.016675, 0.035895, 0.012246, 0.999281, 0.353993, 0.000000, 0.000000, 0.000000, 1.000000, 0.035895, 0.012246, 0.999281, 0.425493, 0.228265, -0.973592, 0.003731, 0.059248, 0.972937, 0.227966, -0.037743, 0.240399, 0.000000, 0.000000, 0.000000, 1.000000, -0.997967, -0.035276, 0.053070, 0.026555, 0.050772, 0.063131, 0.996713, -0.059269, -0.038511, 0.997382, -0.061212, -0.076969, 0.000000, 0.000000, 0.000000, 1.000000
3.5238, -26.7063, 17.1678, 354.2124, 425.7124, 59.2063, 239.9056, 26.5962, -59.2805, -77.0296, -0.231259, 0.972891, -0.001378, -0.026706, -0.972244, -0.231053, 0.036820, 0.017168, 0.035503, 0.009855, 0.999321, 0.354212, 0.000000, 0.000000, 0.000000, 1.000000, 0.035503, 0.009855, 0.999321, 0.425712, 0.231259, -0.972891, 0.001378, 0.059206, 0.972244, 0.231053, -0.036820, 0.239906, 0.000000, 0.000000, 0.000000, 1.000000, -0.997947, -0.036309, 0.052762, 0.026596, 0.050451, 0.061847, 0.996810, -0.059281, -0.039457, 0.997425, -0.059888, -0.077030, 0.000000, 0.000000, 0.000000, 1.000000
3.7046, -26.6404, 17.6233, 354.4039, 425.9039, 59.1404, 239.4501, 26.4644, -59.3861, -77.0578, -0.233831, 0.972241, -0.008436, -0.026640, -0.971594, -0.233333, 0.039519, 0.017623, 0.036454, 0.017437, 0.999183, 0.354404, 0.000000, 0.000000, 0.000000, 1.000000, 0.036454, 0.017437, 0.999183, 0.425904, 0.233831, -0.972241, 0.008436, 0.059140, 0.971594, 0.233333, -0.039519, 0.239450, 0.000000, 0.000000, 0.000000, 1.000000, -0.997892, -0.035707, 0.054197, 0.026464, 0.051569, 0.070826, 0.996155, -0.059386, -0.039408, 0.996849, -0.068835, -0.077058, 0.000000, 0.000000, 0.000000, 1.000000
3.8652, -26.5809, 18.0925, 354.7197, 426.2197, 59.0809, 238.9809, 26.4127, -59.3365, -77.1036, -0.236840, 0.971363, -0.018975, -0.026581, -0.970503, -0.235634, 0.050998, 0.018093, 0.045066, 0.030493, 0.998519, 0.354720, 0.000000, 0.000000, 0.000000, 1.000000, 0.045066, 0.030493, 0.998519, 0.426220, 0.236840, -0.971363, 0.018975, 0.059081, 0.970503, 0.235634, -0.050998, 0.238981, 0.000000, 0.000000, 0.000000, 1.000000, -0.997356, -0.035389, 0.063469, 0.026413, 0.060271, 0.085105, 0.994547, -0.059336, -0.040597, 0.995743, -0.082747, -0.077104, 0.000000, 0.000000, 0.000000, 1.000000
4.0410, -26.5617, 18.5584, 354.8632, 426.3632, 59.0617, 238.5150, 26.2975, -59.4848, -77.1794, -0.239140, 0.970950, -0.008196, -0.026562, -0.969959, -0.238491, 0.047984, 0.018558, 0.044635, 0.019425, 0.998814, 0.354863, 0.000000, 0.000000, 0.000000, 1.000000, 0.044635, 0.019425, 0.998814, 0.426363, 0.239140, -0.970950, 0.008196, 0.059062, 0.969959, 0.238491, -0.047984, 0.238515, 0.000000, 0.000000, 0.000000, 1.000000, -0.997385, -0.035704, 0.062830, 0.026298, 0.060001, 0.075451, 0.995343, -0.059485, -0.040278, 0.996510, -0.073112, -0.077179, 0.000000, 0.000000, 0.000000, 1.000000
4.2139, -26.5171, 19.0383, 355.1683, 426.6683, 59.0171, 238.0352, 26.2121, -59.4670, -77.2436, -0.242549, 0.970097, -0.009100, -0.026517, -0.968886, -0.241748, 0.053084, 0.019038, 0.049297, 0.021692, 0.998549, 0.355168, 0.000000, 0.000000, 0.000000, 1.000000, 0.049297, 0.021692, 0.998549, 0.426668, 0.242549, -0.970097, 0.009100, 0.059017, 0.968886, 0.241748, -0.053084, 0.238035, 0.000000, 0.000000, 0.000000, 1.000000, -0.997039, -0.036311, 0.067783, 0.026212, 0.064749, 0.079081, 0.994763, -0.059467, -0.041482, 0.996207, -0.076496, -0.077244, 0.000000, 0.000000, 0.000000, 1.000000
4.3800, -26.5017, 19.5210, 355.1005, 426.6005, 59.0017, 237.5524, 26.1394, -59.8125, -77.3169, -0.244458, 0.969652, 0.003919, -0.026502, -0.969123, -0.244455, 0.032292, 0.019521, 0.032270, 0.004096, 0.999471, 0.355100, 0.000000, 0.000000, 0.000000, 1.000000, 0.032270, 0.004096, 0.999471, 0.426600, 0.244458, -0.969652, -0.003919, 0.059002, 0.969123, 0.244455, -0.032292, 0.237552, 0.000000, 0.000000, 0.000000, 1.000000, -0.998057, -0.036759, 0.050316, 0.026139, 0.047941, 0.062838, 0.996872, -0.059813, -0.039806, 0.997347, -0.060954, -0.077317, 0.000000, 0.000000, 0.000000, 1.000000
4.5141, -26.4495, 20.0325, 355.6890, 427.1890, 58.9495, 237.0410, 26.2200, -59.4508, -77.4012, -0.246249, 0.969079, -0.015727, -0.026449, -0.968792, -0.245637, 0.033240, 0.020033, 0.028349, 0.023422, 0.999324, 0.355689, 0.000000, 0.000000, 0.000000, 1.000000, 0.028349, 0.023422, 0.999324, 0.427189, 0.246249, -0.969079, 0.015727, 0.058949, 0.968792, 0.245637, -0.033240, 0.237041, 0.000000, 0.000000, 0.000000, 1.000000, -0.998250, -0.035583, 0.047234, 0.026220, 0.044143, 0.083152, 0.995559, -0.059451, -0.039353, 0.995901, -0.081436, -0.077401, 0.000000, 0.000000, 0.000000, 1.000000
4.7107, -26.4348, 20.5208, 355.6682, 427.1682, 58.9348, 236.5527, 26.0515, -59.7991, -77.4798, -0.249148, 0.968463, 0.002165, -0.026435, -0.967998, -0.249097, 0.030521, 0.020521, 0.030097, 0.005508, 0.999532, 0.355668, 0.000000, 0.000000, 0.000000, 1.000000, 0.030097, 0.005508, 0.999532, 0.427168, 0.249148, -0.968463, -0.002165, 0.058935, 0.967998, 0.249097, -0.030521, 0.236553, 0.000000, 0.000000, 0.000000, 1.000000, -0.998160, -0.036333, 0.048552, 0.026051, 0.046048, 0.066843, 0.996700, -0.059799, -0.039459, 0.997102, -0.065047, -0.077480, 0.000000, 0.000000, 0.000000, 1.000000
4.8465, -26.3502, 21.0089, 356.1286, 427.6286, 58.8502, 236.0646, 26.1072, -59.5663, -77.5235, -0.252122, 0.967630, -0.011271, -0.026350, -0.967082, -0.251530, 0.038535, 0.021009, 0.034452, 0.020615, 0.999194, 0.356129, 0.000000, 0.000000, 0.000000, 1.000000, 0.034452, 0.020615, 0.999194, 0.427629, 0.252122, -0.967630, 0.011271, 0.058850, 0.967082, 0.251530, -0.038535, 0.236065, 0.000000, 0.000000, 0.000000, 1.000000, -0.997896, -0.036480, 0.053605, 0.026107, 0.050430, 0.082982, 0.995274, -0.059566, -0.040756, 0.995883, -0.080967, -0.077524, 0.000000, 0.000000, 0.000000, 1.000000
5.0247, -26.2840, 21.4969, 356.1437, 427.6437, 58.7840, 235.5765, 26.0108, -59.8468, -77.5571, -0.254174, 0.967137, -0.006446, -0.026284, -0.966879, -0.253934, 0.025748, 0.021497, 0.023264, 0.012777, 0.999648, 0.356144, 0.000000, 0.000000, 0.000000, 1.000000, 0.023264, 0.012777, 0.999648, 0.427644, 0.254174, -0.967137, 0.006446, 0.058784, 0.966879, 0.253934, -0.025748, 0.235577, 0.000000, 0.000000, 0.000000, 1.000000, -0.998445, -0.036281, 0.042320, 0.026011, 0.039446, 0.076565, 0.996284, -0.059847, -0.039386, 0.996404, -0.075015, -0.077557, 0.000000, 0.000000, 0.000000, 1.000000
5.1965, -26.2093, 21.9823, 356.2157, 427.7157, 58.7093, 235.0912, 25.9353, -60.0601, -77.5865, -0.256805, 0.966411, -0.010037, -0.026209, -0.966109, -0.256417, 0.029717, 0.021982, 0.026145, 0.017329, 0.999508, 0.356216, 0.000000, 0.000000, 0.000000, 1.000000, 0.026145, 0.017329, 0.999508, 0.427716, 0.256805, -0.966411, 0.010037, 0.058709, 0.966109, 0.256417, -0.029717, 0.235091, 0.000000, 0.000000, 0.000000, 1.000000, -0.998311, -0.036079, 0.045535, 0.025935, 0.042435, 0.082452, 0.995691, -0.060060, -0.039678, 0.995942, -0.080781, -0.077587, 0.000000, 0.000000, 0.000000, 1.000000
5.3572, -26.1615, 22.4796, 356.5086, 428.0086, 58.6615, 234.5938, 25.9065, -60.0373, -77.6607, -0.259519, 0.965712, -0.007099, -0.026161, -0.965321, -0.259183, 0.031297, 0.022480, 0.028384, 0.014975, 0.999485, 0.356509, 0.000000, 0.000000, 0.000000, 1.000000, 0.028384, 0.014975, 0.999485, 0.428009, 0.259519, -0.965712, 0.007099, 0.058661, 0.965321, 0.259183, -0.031297, 0.234594, 0.000000, 0.000000, 0.000000, 1.000000, -0.998189, -0.036454, 0.047848, 0.025907, 0.044756, 0.081375, 0.995678, -0.060037, -0.040190, 0.996017, -0.079597, -0.077661, 0.000000, 0.000000, 0.000000, 1.000000
5.5358, -26.0054, 22.9438, 357.2318, 428.7318, 58.5054, 234.1296, 25.8184, -59.6067, -77.6518, -0.262000, 0.963695, -0.051463, -0.026005, -0.964771, -0.260223, 0.038754, 0.022944, 0.023955, 0.059803, 0.997923, 0.357232, 0.000000, 0.000000, 0.000000, 1.000000, 0.023955, 0.059803, 0.997923, 0.428732, 0.262000, -0.963695, 0.051463, 0.058505, 0.964771, 0.260223, -0.038754, 0.234130, 0.000000, 0.000000, 0.000000, 1.000000, -0.998391, -0.034261, 0.045177, 0.025818, 0.040473, 0.127364, 0.991030, -0.059607, -0.039708, 0.991264, -0.125773, -0.077652, 0.000000, 0.000000, 0.000000, 1.000000
5.7081, -26.0337, 23.4508, 357.0481, 428.5481, 58.5337, 233.6226, 25.7336, -60.0835, -77.7726, -0.264899, 0.964235, -0.008866, -0.026034, -0.963990, -0.264585, 0.026787, 0.023451, 0.023483, 0.015642, 0.999602, 0.357048, 0.000000, 0.000000, 0.000000, 1.000000, 0.023483, 0.015642, 0.999602, 0.428548, 0.264899, -0.964235, 0.008866, 0.058534, 0.963990, 0.264585, -0.026787, 0.233623, 0.000000, 0.000000, 0.000000, 1.000000, -0.998394, -0.036526, 0.043314, 0.025734, 0.040090, 0.084803, 0.995591, -0.060084, -0.040039, 0.995728, -0.083202, -0.077773, 0.000000, 0.000000, 0.000000, 1.000000
5.8619, -26.0173, 23.9127, 357.2408, 428.7408, 58.5173, 233.1607, 25.6827, -60.1516, -77.8672, -0.267582, 0.963529, 0.003533, -0.026017, -0.962936, -0.267543, 0.034271, 0.023913, 0.033966, 0.005769, 0.999406, 0.357241, 0.000000, 0.000000, 0.000000, 1.000000, 0.033966, 0.005769, 0.999406, 0.428741, 0.267582, -0.963529, -0.003533, 0.058517, 0.962936, 0.267543, -0.034271, 0.233161, 0.000000, 0.000000, 0.000000, 1.000000, -0.997866, -0.037343, 0.053563, 0.025683, 0.050602, 0.076184, 0.995809, -0.060152, -0.041267, 0.996394, -0.074132, -0.077867, 0.000000, 0.000000, 0.000000, 1.000000
6.0271, -25.9577, 24.3632, 357.4678, 428.9678, 58.4577, 232.7102, 25.5933, -60.2009, -77.9200, -0.269798, 0.962913, 0.002849, -0.025958, -0.962242, -0.269718, 0.036641, 0.024363, 0.036050, 0.007144, 0.999324, 0.357468, 0.000000, 0.000000, 0.000000, 1.000000, 0.036050, 0.007144, 0.999324, 0.428968, 0.269798, -0.962913, -0.002849, 0.058458, 0.962242, 0.269718, -0.036641, 0.232710, 0.000000, 0.000000, 0.000000, 1.000000, -0.997754, -0.036981, 0.055843, 0.025593, 0.052794, 0.078851, 0.995487, -0.060201, -0.041218, 0.996200, -0.076722, -0.077920, 0.000000, 0.000000, 0.000000, 1.000000
6.2125, -25.8707, 24.8196, 357.5214, 429.0214, 58.3707, 232.2539, 25.4456, -60.4539, -77.9351, -0.272344, 0.962198, 0.001888, -0.025871, -0.961689, -0.272263, 0.032052, 0.024820, 0.031354, 0.006913, 0.999484, 0.357521, 0.000000, 0.000000, 0.000000, 1.000000, 0.031354, 0.006913, 0.999484, 0.429021, 0.272344, -0.962198, -0.001888, 0.058371, 0.961689, 0.272263, -0.032052, 0.232254, 0.000000, 0.000000, 0.000000, 1.000000, -0.998008, -0.036716, 0.051307, 0.025446, 0.048239, 0.080077, 0.995621, -0.060454, -0.040664, 0.996112, -0.078147, -0.077935, 0.000000, 0.000000, 0.000000, 1.000000
6.3868, -25.7991, 25.3558, 357.8753, 429.3753, 58.2991, 231.7177, 25.4150, -60.3937, -78.0075, -0.274416, 0.961607, 0.002791, -0.025799, -0.961383, -0.274413, 0.020993, 0.025356, 0.020953, 0.003078, 0.999776, 0.357875, 0.000000, 0.000000, 0.000000, 1.000000, 0.020953, 0.003078, 0.999776, 0.429375, 0.274416, -0.961607, -0.002791, 0.058299, 0.961383, 0.274413, -0.020993, 0.231718, 0.000000, 0.000000, 0.000000, 1.000000, -0.998503, -0.036286, 0.040921, 0.025415, 0.038008, 0.077618, 0.996258, -0.060394, -0.039326, 0.996323, -0.076123, -0.078008, 0.000000, 0.000000, 0.000000, 1.000000
6.5142, -25.7397, 25.8022, 357.9036, 429.4036, 58.2397, 231.2712, 25.4414, -60.5817, -78.0506, -0.277086, 0.960842, 0.002436, -0.025740, -0.960457, -0.277046, 0.027698, 0.025802, 0.027288, 0.005335, 0.999613, 0.357904, 0.000000, 0.000000, 0.000000, 1.000000, 0.027288, 0.005335, 0.999613, 0.429404, 0.277086, -0.960842, -0.002436, 0.058240, 0.960457, 0.277046, -0.027698, 0.231271, 0.000000, 0.000000, 0.000000, 1.000000, -0.998189, -0.036978, 0.047447, 0.025441, 0.044334, 0.080885, 0.995737, -0.060582, -0.040658, 0.996037, -0.079100, -0.078051, 0.000000, 0.000000, 0.000000, 1.000000
6.6995, -25.6344, 26.2604, 358.2476, 429.7476, 58.1344, 230.8130, 25.3058, -60.5444, -78.0734, -0.279840, 0.960027, -0.006211, -0.025634, -0.959708, -0.279563, 0.028372, 0.026260, 0.025501, 0.013900, 0.999578, 0.358248, 0.000000, 0.000000, 0.000000, 1.000000, 0.025501, 0.013900, 0.999578, 0.429748, 0.279840, -0.960027, 0.006211, 0.058134, 0.959708, 0.279563, -0.028372, 0.230813, 0.000000, 0.000000, 0.000000, 1.000000, -0.998267, -0.036537, 0.046130, 0.025306, 0.042650, 0.090873, 0.994949, -0.060544, -0.040545, 0.995192, -0.089157, -0.078073, 0.000000, 0.000000, 0.000000, 1.000000
6.8790, -25.5836, 26.7648, 358.4815, 429.9815, 58.0836, 230.3086, 25.2182, -60.6136, -78.1533, -0.282335, 0.959312, -0.002882, -0.025584, -0.958872, -0.282111, 0.031271, 0.026765, 0.029186, 0.011592, 0.999507, 0.358482, 0.000000, 0.000000, 0.000000, 1.000000, 0.029186, 0.011592, 0.999507, 0.429982, 0.282335, -0.959312, 0.002882, 0.058084, 0.958872, 0.282111, -0.031271, 0.230309, 0.000000, 0.000000, 0.000000, 1.000000, -0.998092, -0.036409, 0.049865, 0.025218, 0.046421, 0.089985, 0.994861, -0.060614, -0.040709, 0.995277, -0.088124, -0.078153, 0.000000, 0.000000, 0.000000, 1.000000
7.0473, -25.5095, 27.2401, 358.6253, 430.1253, 58.0095, 229.8333, 25.1436, -60.7522, -78.1986, -0.284869, 0.958521, 0.009336, -0.025509, -0.958049, -0.285022, 0.030091, 0.027240, 0.031504, -0.000373, 0.999504, 0.358625, 0.000000, 0.000000, 0.000000, 1.000000, 0.031504, -0.000373, 0.999504, 0.430125, 0.284869, -0.958521, -0.009336, 0.058009, 0.958049, 0.285022, -0.030091, 0.229833, 0.000000, 0.000000, 0.000000, 1.000000, -0.997968, -0.037026, 0.051865, 0.025144, 0.048798, 0.079398, 0.995648, -0.060752, -0.040982, 0.996155, -0.077430, -0.078199, 0.000000, 0.000000, 0.000000, 1.000000
7.2213, -25.4593, 27.7116, 358.9220, 430.4220, 57.9593, 229.3619, 25.0421, -60.7496, -78.2790, -0.287673, 0.957713, 0.005472, -0.025459, -0.957076, -0.287683, 0.035265, 0.027712, 0.035348, 0.004908, 0.999363, 0.358922, 0.000000, 0.000000, 0.000000, 1.000000, 0.035348, 0.004908, 0.999363, 0.430422, 0.287673, -0.957713, -0.005472, 0.057959, 0.957076, 0.287683, -0.035265, 0.229362, 0.000000, 0.000000, 0.000000, 1.000000, -0.997744, -0.036963, 0.056037, 0.025042, 0.052690, 0.086033, 0.994898, -0.060750, -0.041596, 0.995606, -0.083891, -0.078279, 0.000000, 0.000000, 0.000000, 1.000000
7.3378, -25.3587, 28.1963, 359.1779, 430.6779, 57.8587, 228.8772, 25.1562, -60.6928, -78.3161, -0.289951, 0.957037, -0.003063, -0.025359, -0.956618, -0.289726, 0.030677, 0.028196, 0.028472, 0.011825, 0.999525, 0.359178, 0.000000, 0.000000, 0.000000, 1.000000, 0.028472, 0.011825, 0.999525, 0.430678, 0.289951, -0.957037, 0.003063, 0.057859, 0.956618, 0.289726, -0.030677, 0.228877, 0.000000, 0.000000, 0.000000, 1.000000, -0.998083, -0.037138, 0.049518, 0.025156, 0.045850, 0.093844, 0.994531, -0.060693, -0.041582, 0.994894, -0.091962, -0.078316, 0.000000, 0.000000, 0.000000, 1.000000
7.5487, -25.2869, 28.6889, 359.3866, 430.8866, 57.7869, 228.3846, 24.9566, -60.8367, -78.3740, -0.292743, 0.956190, 0.001775, -0.025287, -0.955814, -0.292679, 0.027551, 0.028689, 0.026864, 0.006368, 0.999619, 0.359387, 0.000000, 0.000000, 0.000000, 1.000000, 0.026864, 0.006368, 0.999619, 0.430887, 0.292743, -0.956190, -0.001775, 0.057787, 0.955814, 0.292679, -0.027551, 0.228385, 0.000000, 0.000000, 0.000000, 1.000000, -0.998168, -0.037009, 0.047858, 0.024957, 0.044364, 0.090070, 0.994947, -0.060837, -0.041133, 0.995248, -0.088263, -0.078374, 0.000000, 0.000000, 0.000000, 1.000000
7.7146, -25.2284, 29.1481, 359.4680, 430.9680, 57.7284, 227.9253, 24.8674, -61.0353, -78.4299, -0.295457, 0.955344, 0.004824, -0.025228, -0.955150, -0.295494, 0.019296, 0.029148, 0.019860, 0.001093, 0.999802, 0.359468, 0.000000, 0.000000, 0.000000, 1.000000, 0.019860, 0.001093, 0.999802, 0.430968, 0.295457, -0.955344, -0.004824, 0.057728, 0.955150, 0.295494, -0.019296, 0.227925, 0.000000, 0.000000, 0.000000, 1.000000, -0.998466, -0.037452, 0.040784, 0.024867, 0.037435, 0.086130, 0.995580, -0.061035, -0.040799, 0.995580, -0.084596, -0.078430, 0.000000, 0.000000, 0.000000, 1.000000
7.8880, -25.1513, 29.6323, 359.5679, 431.0679, 57.6513, 227.4411, 24.7821, -61.2276, -78.4761, -0.297925, 0.954580, 0.004268, -0.025151, -0.954418, -0.297953, 0.017629, 0.029632, 0.018100, 0.001179, 0.999835, 0.359568, 0.000000, 0.000000, 0.000000, 1.000000, 0.018100, 0.001179, 0.999835, 0.431068, 0.297925, -0.954580, -0.004268, 0.057651, 0.954418, 0.297953, -0.017629, 0.227441, 0.000000, 0.000000, 0.000000, 1.000000, -0.998537, -0.037299, 0.039153, 0.024782, 0.035763, 0.087580, 0.995515, -0.061228, -0.040561, 0.995459, -0.086118, -0.078476, 0.000000, 0.000000, 0.000000, 1.000000
8.0767, -25.1022, 30.0886, 359.8639, 431.3639, 57.6022, 226.9848, 24.6161, -61.2500, -78.5587, -0.300424, 0.953740, 0.011220, -0.025102, -0.953409, -0.300618, 0.025290, 0.030089, 0.027493, -0.003100, 0.999617, 0.359864, 0.000000, 0.000000, 0.000000, 1.000000, 0.027493, -0.003100, 0.999617, 0.431364, 0.300424, -0.953740, -0.011220, 0.057602, 0.953409, 0.300618, -0.025290, 0.226985, 0.000000, 0.000000, 0.000000, 1.000000, -0.998130, -0.037217, 0.048490, 0.024616, 0.045194, 0.084804, 0.995372, -0.061250, -0.041157, 0.995702, -0.082963, -0.078559, 0.000000, 0.000000, 0.000000, 1.000000
8.2279, -25.0160, 30.5376, 359.9762, 431.4762, 57.5160, 226.5359, 24.5724, -61.3928, -78.5918, -0.302767, 0.952793, 0.022749, -0.025016, -0.952735, -0.303203, 0.019059, 0.030538, 0.025057, -0.015903, 0.999560, 0.359976, 0.000000, 0.000000, 0.000000, 1.000000, 0.025057, -0.015903, 0.999560, 0.431476, 0.302767, -0.952793, -0.022749, 0.057516, 0.952735, 0.303203, -0.019059, 0.226536, 0.000000, 0.000000, 0.000000, 1.000000, -0.998239, -0.037859, 0.045679, 0.024572, 0.042817, 0.073242, 0.996395, -0.061393, -0.041068, 0.996595, -0.071492, -0.078592, 0.000000, 0.000000, 0.000000, 1.000000
8.3896, -24.9094, 31.0101, 360.0524, 431.5524, 57.4094, 226.0634, 24.5218, -61.5876, -78.6084, -0.305019, 0.952199, 0.016751, -0.024909, -0.952165, -0.305257, 0.014137, 0.031010, 0.018574, -0.011638, 0.999760, 0.360052, 0.000000, 0.000000, 0.000000, 1.000000, 0.018574, -0.011638, 0.999760, 0.431552, 0.305019, -0.952199, -0.016751, 0.057409, 0.952165, 0.305257, -0.014137, 0.226063, 0.000000, 0.000000, 0.000000, 1.000000, -0.998522, -0.037367, 0.039461, 0.024522, 0.036423, 0.078764, 0.996228, -0.061588, -0.040334, 0.996193, -0.077286, -0.078608, 0.000000, 0.000000, 0.000000, 1.000000
8.5781, -24.8427, 31.4916, 360.5050, 432.0050, 57.3427, 225.5818, 24.3875, -61.4546, -78.6986, -0.307977, 0.951256, 0.016210, -0.024843, -0.951031, -0.308285, 0.022350, 0.031492, 0.026258, -0.008532, 0.999619, 0.360505, 0.000000, 0.000000, 0.000000, 1.000000, 0.026258, -0.008532, 0.999619, 0.432005, 0.307977, -0.951256, -0.016210, 0.057343, 0.951031, 0.308285, -0.022350, 0.225582, 0.000000, 0.000000, 0.000000, 1.000000, -0.998173, -0.037511, 0.047359, 0.024388, 0.044102, 0.083351, 0.995544, -0.061455, -0.041292, 0.995814, -0.081544, -0.078699, 0.000000, 0.000000, 0.000000, 1.000000
8.7227, -24.7631, 31.9792, 360.7895, 432.2895, 57.2631, 225.0942, 24.4040, -61.4184, -78.7682, -0.310477, 0.950475, 0.014153, -0.024763, -0.950184, -0.310744, 0.024282, 0.031979, 0.027478, -0.005909, 0.999605, 0.360790, 0.000000, 0.000000, 0.000000, 1.000000, 0.027478, -0.005909, 0.999605, 0.432290, 0.310477, -0.950475, -0.014153, 0.057263, 0.950184, 0.310744, -0.024282, 0.225094, 0.000000, 0.000000, 0.000000, 1.000000, -0.998096, -0.037762, 0.048763, 0.024404, 0.045324, 0.087111, 0.995167, -0.061418, -0.041827, 0.995483, -0.085234, -0.078768, 0.000000, 0.000000, 0.000000, 1.000000
8.9097, -24.6521, 32.4809, 360.7857, 432.2857, 57.1521, 224.5925, 24.2969, -61.7349, -78.7824, -0.313066, 0.949553, 0.018389, -0.024652, -0.949512, -0.313351, 0.015407, 0.032481, 0.020392, -0.012637, 0.999712, 0.360786, 0.000000, 0.000000, 0.000000, 1.000000, 0.020392, -0.012637, 0.999712, 0.432286, 0.313066, -0.949553, -0.018389, 0.057152, 0.949512, 0.313351, -0.015407, 0.224593, 0.000000, 0.000000, 0.000000, 1.000000, -0.998425, -0.037732, 0.041523, 0.024297, 0.038324, 0.081880, 0.995905, -0.061735, -0.040977, 0.995928, -0.080305, -0.078782, 0.000000, 0.000000, 0.000000, 1.000000
9.0721, -24.5660, 32.9861, 361.2382, 432.7382, 57.0660, 224.0874, 24.2766, -61.5607, -78.8677, -0.315220, 0.948885, 0.015942, -0.024566, -0.948816, -0.315455, 0.015379, 0.032986, 0.019622, -0.010278, 0.999755, 0.361238, 0.000000, 0.000000, 0.000000, 1.000000, 0.019622, -0.010278, 0.999755, 0.432738, 0.315220, -0.948885, -0.015942, 0.057066, 0.948816, 0.315455, -0.015379, 0.224087, 0.000000, 0.000000, 0.000000, 1.000000, -0.998464, -0.037338, 0.040932, 0.024277, 0.037618, 0.085506, 0.995627, -0.061561, -0.040675, 0.995638, -0.083970, -0.078868, 0.000000, 0.000000, 0.000000, 1.000000
9.2191, -24.4692, 33.4581, 361.4017, 432.9017, 56.9692, 223.6153, 24.2716, -61.6476, -78.9091, -0.317893, 0.947968, 0.017319, -0.024469, -0.947788, -0.318215, 0.020912, 0.033458, 0.025335, -0.009767, 0.999631, 0.361402, 0.000000, 0.000000, 0.000000, 1.000000, 0.025335, -0.009767, 0.999631, 0.432902, 0.317893, -0.947968, -0.017319, 0.056969, 0.947788, 0.318215, -0.020912, 0.223615, 0.000000, 0.000000, 0.000000, 1.000000, -0.998187, -0.037923, 0.046732, 0.024272, 0.043282, 0.087186, 0.995251, -0.061648, -0.041818, 0.995470, -0.085387, -0.078909, 0.000000, 0.000000, 0.000000, 1.000000
9.3997, -24.3717, 33.9174, 361.3717, 432.8717, 56.8717, 223.1561, 24.1388, -61.9801, -78.9255, -0.320791, 0.946793, 0.026016, -0.024372, -0.946950, -0.321167, 0.011722, 0.033917, 0.019454, -0.020875, 0.999593, 0.361372, 0.000000, 0.000000, 0.000000, 1.000000, 0.019454, -0.020875, 0.999593, 0.432872, 0.320791, -0.946793, -0.026016, 0.056872, 0.946950, 0.321167, -0.011722, 0.223156, 0.000000, 0.000000, 0.000000, 1.000000, -0.998437, -0.038494, 0.040521, 0.024139, 0.037443, 0.077549, 0.996285, -0.061980, -0.041493, 0.996245, -0.075986, -0.078926, 0.000000, 0.000000, 0.000000, 1.000000
9.5364, -24.2896, 34.4114, 361.7086, 433.2086, 56.7896, 222.6620, 24.1888, -61.8806, -79.0072, -0.322938, 0.946195, 0.020633, -0.024290, -0.946179, -0.323271, 0.015520, 0.034411, 0.021355, -0.014510, 0.999667, 0.361709, 0.000000, 0.000000, 0.000000, 1.000000, 0.021355, -0.014510, 0.999667, 0.433209, 0.322938, -0.946195, -0.020633, 0.056790, 0.946179, 0.323271, -0.015520, 0.222662, 0.000000, 0.000000, 0.000000, 1.000000, -0.998349, -0.038396, 0.042725, 0.024189, 0.039340, 0.084973, 0.995606, -0.061881, -0.041858, 0.995643, -0.083322, -0.079007, 0.000000, 0.000000, 0.000000, 1.000000
9.7561, -24.1604, 34.8766, 361.9789, 433.4789, 56.6604, 222.1968, 23.9470, -61.9750, -79.0231, -0.324922, 0.945694, 0.009448, -0.024160, -0.945690, -0.324991, 0.007096, 0.034877, 0.009781, -0.006629, 0.999930, 0.361979, 0.000000, 0.000000, 0.000000, 1.000000, 0.009781, -0.006629, 0.999930, 0.433479, 0.324922, -0.945694, -0.009448, 0.056660, 0.945690, 0.324991, -0.007096, 0.222197, 0.000000, 0.000000, 0.000000, 1.000000, -0.998832, -0.036563, 0.031575, 0.023947, 0.027998, 0.094525, 0.995129, -0.061975, -0.039369, 0.994851, -0.093391, -0.079023, 0.000000, 0.000000, 0.000000, 1.000000
9.9112, -24.0750, 35.3250, 362.2181, 433.7181, 56.5750, 221.7485, 23.8901, -62.0003, -79.0802, -0.327117, 0.944890, 0.013299, -0.024075, -0.944896, -0.327246, 0.009067, 0.035325, 0.012920, -0.009600, 0.999870, 0.362218, 0.000000, 0.000000, 0.000000, 1.000000, 0.012920, -0.009600, 0.999870, 0.433718, 0.327117, -0.944890, -0.013299, 0.056575, 0.944896, 0.327246, -0.009067, 0.221748, 0.000000, 0.000000, 0.000000, 1.000000, -0.998729, -0.036582, 0.034668, 0.023890, 0.031147, 0.092791, 0.995198, -0.062000, -0.039624, 0.995013, -0.091534, -0.079080, 0.000000, 0.000000, 0.000000, 1.000000
10.0771, -24.0051, 35.7563, 362.4138, 433.9138, 56.5051, 221.3171, 23.7750, -62.0871, -79.1427, -0.329915, 0.943693, 0.024500, -0.024005, -0.943747, -0.330325, 0.015073, 0.035756, 0.022317, -0.018149, 0.999586, 0.362414, 0.000000, 0.000000, 0.000000, 1.000000, 0.022317, -0.018149, 0.999586, 0.433914, 0.329915, -0.943693, -0.024500, 0.056505, 0.943747, 0.330325, -0.015073, 0.221317, 0.000000, 0.000000, 0.000000, 1.000000, -0.998338, -0.037460, 0.043805, 0.023775, 0.040469, 0.085599, 0.995507, -0.062087, -0.041041, 0.995625, -0.083941, -0.079143, 0.000000, 0.000000, 0.000000, 1.000000
10.2527, -23.9079, 36.2366, 362.5309, 434.0309, 56.4079, 220.8368, 23.6810, -62.2676, -79.1853, -0.332816, 0.942659, 0.025041, -0.023908, -0.942728, -0.333234, 0.014802, 0.036237, 0.022298, -0.018680, 0.999577, 0.362531, 0.000000, 0.000000, 0.000000, 1.000000, 0.022298, -0.018680, 0.999577, 0.434031, 0.332816, -0.942659, -0.025041, 0.056408, 0.942728, 0.333234, -0.014802, 0.220837, 0.000000, 0.000000, 0.000000, 1.000000, -0.998324, -0.037798, 0.043826, 0.023681, 0.040426, 0.086462, 0.995435, -0.062268, -0.041415, 0.995538, -0.084789, -0.079185, 0.000000, 0.000000, 0.000000, 1.000000
10.4014, -23.7959, 36.7269, 362.7705, 434.2705, 56.2959, 220.3466, 23.6930, -62.2827, -79.2336, -0.334753, 0.942109, 0.019251, -0.023796, -0.942155, -0.334995, 0.011041, 0.036727, 0.016851, -0.014441, 0.999754, 0.362770, 0.000000, 0.000000, 0.000000, 1.000000, 0.016851, -0.014441, 0.999754, 0.434270, 0.334753, -0.942109, -0.019251, 0.056296, 0.942155, 0.334995, -0.011041, 0.220347, 0.000000, 0.000000, 0.000000, 1.000000, -0.998562, -0.037213, 0.038598, 0.023693, 0.035043, 0.091849, 0.995156, -0.062283, -0.040578, 0.995077, -0.090413, -0.079234, 0.000000, 0.000000, 0.000000, 1.000000
10.5746, -23.6968, 37.2069, 362.9918, 434.4918, 56.1968, 219.8665, 23.6094, -62.3561, -79.2880, -0.337783, 0.940797, 0.028346, -0.023697, -0.941055, -0.338140, 0.008771, 0.037207, 0.017837, -0.023713, 0.999560, 0.362992, 0.000000, 0.000000, 0.000000, 1.000000, 0.017837, -0.023713, 0.999560, 0.434492, 0.337783, -0.940797, -0.028346, 0.056197, 0.941055, 0.338140, -0.008771, 0.219867, 0.000000, 0.000000, 0.000000, 1.000000, -0.998501, -0.038094, 0.039294, 0.023609, 0.035984, 0.083993, 0.995816, -0.062356, -0.041235, 0.995738, -0.082496, -0.079288, 0.000000, 0.000000, 0.000000, 1.000000
10.7211, -23.5738, 37.6909, 363.3331, 434.8331, 56.0738, 219.3825, 23.6280, -62.2656, -79.3380, -0.339988, 0.940272, 0.017245, -0.023574, -0.940277, -0.340206, 0.011781, 0.037691, 0.016944, -0.012209, 0.999782, 0.363333, 0.000000, 0.000000, 0.000000, 1.000000, 0.016944, -0.012209, 0.999782, 0.434833, 0.339988, -0.940272, -0.017245, 0.056074, 0.940277, 0.340206, -0.011781, 0.219383, 0.000000, 0.000000, 0.000000, 1.000000, -0.998534, -0.037663, 0.038877, 0.023628, 0.035084, 0.096602, 0.994705, -0.062266, -0.041219, 0.994610, -0.095139, -0.079338, 0.000000, 0.000000, 0.000000, 1.000000
10.9127, -23.4873, 38.1351, 363.3495, 434.8495, 55.9873, 218.9384, 23.4390, -62.5723, -79.3719, -0.343075, 0.938874, 0.028536, -0.023487, -0.939038, -0.343547, 0.013566, 0.038135, 0.022540, -0.022143, 0.999501, 0.363350, 0.000000, 0.000000, 0.000000, 1.000000, 0.022540, -0.022143, 0.999501, 0.434850, 0.343075, -0.938874, -0.028536, 0.055987, 0.939038, 0.343547, -0.013566, 0.218938, 0.000000, 0.000000, 0.000000, 1.000000, -0.998284, -0.038483, 0.044145, 0.023439, 0.040611, 0.088235, 0.995271, -0.062572, -0.042196, 0.995356, -0.086521, -0.079372, 0.000000, 0.000000, 0.000000, 1.000000
11.0738, -23.3957, 38.6129, 363.6018, 435.1018, 55.8957, 218.4606, 23.3912, -62.5970, -79.4411, -0.345715, 0.937784, 0.032290, -0.023396, -0.938075, -0.346230, 0.011845, 0.038613, 0.022288, -0.026195, 0.999408, 0.363602, 0.000000, 0.000000, 0.000000, 1.000000, 0.022288, -0.026195, 0.999408, 0.435102, 0.345715, -0.937784, -0.032290, 0.055896, 0.938075, 0.346230, -0.011845, 0.218461, 0.000000, 0.000000, 0.000000, 1.000000, -0.998283, -0.038934, 0.043767, 0.023391, 0.040312, 0.085475, 0.995524, -0.062597, -0.042501, 0.995579, -0.083759, -0.079441, 0.000000, 0.000000, 0.000000, 1.000000
11.2489, -23.2747, 39.0828, 363.7323, 435.2323, 55.7747, 217.9906, 23.2943, -62.7624, -79.4663, -0.347902, 0.937036, 0.030476, -0.023275, -0.937399, -0.348214, 0.005443, 0.039083, 0.015712, -0.026675, 0.999521, 0.363732, 0.000000, 0.000000, 0.000000, 1.000000, 0.015712, -0.026675, 0.999521, 0.435232, 0.347902, -0.937036, -0.030476, 0.055775, 0.937399, 0.348214, -0.005443, 0.217991, 0.000000, 0.000000, 0.000000, 1.000000, -0.998571, -0.038312, 0.037250, 0.023294, 0.033828, 0.086369, 0.995689, -0.062762, -0.041364, 0.995526, -0.084950, -0.079466, 0.000000, 0.000000, 0.000000, 1.000000
11.3913, -23.1878, 39.5497, 364.1168, 435.6168, 55.6878, 217.5238, 23.2988, -62.6265, -79.5562, -0.349836, 0.936191, 0.034071, -0.023188, -0.936595, -0.350304, 0.008720, 0.039550, 0.020099, -0.028860, 0.999381, 0.364117, 0.000000, 0.000000, 0.000000, 1.000000, 0.020099, -0.028860, 0.999381, 0.435617, 0.349836, -0.936191, -0.034071, 0.055688, 0.936595, 0.350304, -0.008720, 0.217524, 0.000000, 0.000000, 0.000000, 1.000000, -0.998398, -0.038375, 0.041583, 0.023299, 0.038188, 0.085315, 0.995622, -0.062626, -0.041755, 0.995615, -0.083713, -0.079556, 0.000000, 0.000000, 0.000000, 1.000000
11.5589, -23.0530, 39.9883, 364.1963, 435.6963, 55.5530, 217.0852, 23.2007, -62.8276, -79.5560, -0.352693, 0.935243, 0.030450, -0.023053, -0.935589, -0.353032, 0.006408, 0.039988, 0.016743, -0.026229, 0.999516, 0.364196, 0.000000, 0.000000, 0.000000, 1.000000, 0.016743, -0.026229, 0.999516, 0.435696, 0.352693, -0.935243, -0.030450, 0.055553, 0.935589, 0.353032, -0.006408, 0.217085, 0.000000, 0.000000, 0.000000, 1.000000, -0.998520, -0.038570, 0.038352, 0.023201, 0.034784, 0.089265, 0.995400, -0.062828, -0.041816, 0.995261, -0.087791, -0.079556, 0.000000, 0.000000, 0.000000, 1.000000
11.7020, -22.9484, 40.4410, 364.4190, 435.9190, 55.4484, 216.6324, 23.1911, -62.8513, -79.6088, -0.354901, 0.934404, 0.030581, -0.022948, -0.934791, -0.355177, 0.003968, 0.040441, 0.014569, -0.027179, 0.999524, 0.364419, 0.000000, 0.000000, 0.000000, 1.000000, 0.014569, -0.027179, 0.999524, 0.435919, 0.354901, -0.934404, -0.030581, 0.055448, 0.934791, 0.355177, -0.003968, 0.216632, 0.000000, 0.000000, 0.000000, 1.000000, -0.998598, -0.038646, 0.036170, 0.023191, 0.032595, 0.089449, 0.995458, -0.062851, -0.041705, 0.995241, -0.088064, -0.079609, 0.000000, 0.000000, 0.000000, 1.000000
11.8993, -22.8630, 40.9121, 364.6656, 436.1656, 55.3630, 216.1613, 23.0120, -62.9416, -79.6833, -0.357872, 0.933188, 0.032993, -0.022863, -0.933565, -0.358311, 0.008310, 0.040912, 0.019577, -0.027827, 0.999421, 0.364666, 0.000000, 0.000000, 0.000000, 1.000000, 0.019577, -0.027827, 0.999421, 0.436166, 0.357872, -0.933188, -0.032993, 0.055363, 0.933565, 0.358311, -0.008310, 0.216161, 0.000000, 0.000000, 0.000000, 1.000000, -0.998394, -0.038919, 0.041176, 0.023012, 0.037522, 0.090365, 0.995202, -0.062942, -0.042453, 0.995148, -0.088760, -0.079683, 0.000000, 0.000000, 0.000000, 1.000000
12.0450, -22.7284, 41.4128, 365.0197, 436.5197, 55.2284, 215.6607, 23.0506, -62.8396, -79.7410, -0.359672, 0.932601, 0.029854, -0.022728, -0.932895, -0.360052, 0.008351, 0.041413, 0.018537, -0.024847, 0.999519, 0.365020, 0.000000, 0.000000, 0.000000, 1.000000, 0.018537, -0.024847, 0.999519, 0.436520, 0.359672, -0.932601, -0.029854, 0.055228, 0.932895, 0.360052, -0.008351, 0.215661, 0.000000, 0.000000, 0.000000, 1.000000, -0.998450, -0.038399, 0.040294, 0.023051, 0.036515, 0.094474, 0.994857, -0.062840, -0.042009, 0.994786, -0.092926, -0.079741, 0.000000, 0.000000, 0.000000, 1.000000
12.2234, -22.6149, 41.8600, 365.0206, 436.5206, 55.1149, 215.2135, 22.9153, -63.1397, -79.7570, -0.362465, 0.931189, 0.038808, -0.022615, -0.931871, -0.362786, 0.001333, 0.041860, 0.015321, -0.035681, 0.999246, 0.365021, 0.000000, 0.000000, 0.000000, 1.000000, 0.015321, -0.035681, 0.999246, 0.436521, 0.362465, -0.931189, -0.038808, 0.055115, 0.931871, 0.362786, -0.001333, 0.215213, 0.000000, 0.000000, 0.000000, 1.000000, -0.998570, -0.038889, 0.036676, 0.022915, 0.033261, 0.085094, 0.995818, -0.063140, -0.041847, 0.995614, -0.083679, -0.079757, 0.000000, 0.000000, 0.000000, 1.000000
12.4148, -22.4872, 42.3517, 365.3576, 436.8576, 54.9872, 214.7217, 22.7908, -63.1284, -79.8137, -0.365032, 0.930340, 0.034927, -0.022487, -0.930850, -0.365380, 0.003950, 0.042352, 0.016436, -0.031070, 0.999382, 0.365358, 0.000000, 0.000000, 0.000000, 1.000000, 0.016436, -0.031070, 0.999382, 0.436858, 0.365032, -0.930340, -0.034927, 0.054987, 0.930850, 0.365380, -0.003950, 0.214722, 0.000000, 0.000000, 0.000000, 1.000000, -0.998536, -0.038508, 0.037990, 0.022791, 0.034348, 0.091193, 0.995241, -0.063128, -0.041789, 0.995088, -0.089737, -0.079814, 0.000000, 0.000000, 0.000000, 1.000000
12.5653, -22.3607, 42.8347, 365.6198, 437.1198, 54.8607, 214.2387, 22.7912, -63.1260, -79.8662, -0.366936, 0.929600, 0.034671, -0.022361, -0.930098, -0.367287, 0.004123, 0.042835, 0.016567, -0.030734, 0.999390, 0.365620, 0.000000, 0.000000, 0.000000, 1.000000, 0.016567, -0.030734, 0.999390, 0.437120, 0.366936, -0.929600, -0.034671, 0.054861, 0.930098, 0.367287, -0.004123, 0.214239, 0.000000, 0.000000, 0.000000, 1.000000, -0.998542, -0.038179, 0.038165, 0.022791, 0.034488, 0.092710, 0.995096, -0.063126, -0.041530, 0.994961, -0.091258, -0.079866, 0.000000, 0.000000, 0.000000, 1.000000
12.7052, -22.2420, 43.2732, 365.7145, 437.2145, 54.7420, 213.8002, 22.7788, -63.2711, -79.8935, -0.369902, 0.928164, 0.041049, -0.022242, -0.928912, -0.370294, 0.002123, 0.043273, 0.017170, -0.037346, 0.999155, 0.365714, 0.000000, 0.000000, 0.000000, 1.000000, 0.017170, -0.037346, 0.999155, 0.437214, 0.369902, -0.928164, -0.041049, 0.054742, 0.928912, 0.370294, -0.002123, 0.213800, 0.000000, 0.000000, 0.000000, 1.000000, -0.998480, -0.039445, 0.038486, 0.022779, 0.034928, 0.087247, 0.995574, -0.063271, -0.042628, 0.995405, -0.085737, -0.079893, 0.000000, 0.000000, 0.000000, 1.000000
12.9252, -22.1161, 43.7715, 366.0501, 437.5501, 54.6161, 213.3020, 22.5631, -63.3087, -79.9546, -0.372207, 0.927471, 0.035493, -0.022116, -0.928088, -0.372351, -0.002706, 0.043771, 0.010706, -0.033948, 0.999366, 0.366050, 0.000000, 0.000000, 0.000000, 1.000000, 0.010706, -0.033948, 0.999366, 0.437550, 0.372207, -0.927471, -0.035493, 0.054616, 0.928088, 0.372351, 0.002706, 0.213302, 0.000000, 0.000000, 0.000000, 1.000000, -0.998755, -0.038083, 0.032214, 0.022563, 0.028582, 0.092345, 0.995317, -0.063309, -0.040879, 0.994999, -0.091141, -0.079955, 0.000000, 0.000000, 0.000000, 1.000000
13.0891, -22.0121, 44.2181, 366.1801, 437.6801, 54.5121, 212.8554, 22.4735, -63.4599, -80.0018, -0.374507, 0.926523, 0.036065, -0.022012, -0.927128, -0.374745, -0.000177, 0.044218, 0.013351, -0.033503, 0.999349, 0.366180, 0.000000, 0.000000, 0.000000, 1.000000, 0.013351, -0.033503, 0.999349, 0.437680, 0.374507, -0.926523, -0.036065, 0.054512, 0.927128, 0.374745, 0.000177, 0.212855, 0.000000, 0.000000, 0.000000, 1.000000, -0.998666, -0.038070, 0.034878, 0.022474, 0.031167, 0.094081, 0.995077, -0.063460, -0.041164, 0.994836, -0.092769, -0.080002, 0.000000, 0.000000, 0.000000, 1.000000
13.2640, -21.8749, 44.6960, 366.4649, 437.9649, 54.3749, 212.3775, 22.3908, -63.4739, -80.0476, -0.377385, 0.925075, 0.042616, -0.021875, -0.925902, -0.377763, 0.000872, 0.044696, 0.016906, -0.039129, 0.999091, 0.366465, 0.000000, 0.000000, 0.000000, 1.000000, 0.016906, -0.039129, 0.999091, 0.437965, 0.377385, -0.925075, -0.042616, 0.054375, 0.925902, 0.377763, -0.000872, 0.212377, 0.000000, 0.000000, 0.000000, 1.000000, -0.998517, -0.038781, 0.038205, 0.022391, 0.034593, 0.089866, 0.995353, -0.063474, -0.042034, 0.995199, -0.088391, -0.080048, 0.000000, 0.000000, 0.000000, 1.000000
13.4207, -21.7555, 45.1347, 366.5221, 438.0221, 54.2555, 211.9387, 22.3217, -63.6837, -80.0714, -0.379633, 0.924084, 0.044137, -0.021756, -0.925040, -0.379852, -0.003662, 0.045135, 0.013381, -0.042219, 0.999019, 0.366522, 0.000000, 0.000000, 0.000000, 1.000000, 0.013381, -0.042219, 0.999019, 0.438022, 0.379633, -0.924084, -0.044137, 0.054256, 0.925040, 0.379852, 0.003662, 0.211939, 0.000000, 0.000000, 0.000000, 1.000000, -0.998653, -0.038694, 0.034561, 0.022322, 0.031046, 0.088019, 0.995635, -0.063684, -0.041567, 0.995367, -0.086699, -0.080071, 0.000000, 0.000000, 0.000000, 1.000000
13.5853, -21.6384, 45.5875, 366.7221, 438.2221, 54.1384, 211.4859, 22.2411, -63.7662, -80.1203, -0.381694, 0.923259, 0.043610, -0.021638, -0.924199, -0.381888, -0.004117, 0.045588, 0.012853, -0.041876, 0.999040, 0.366722, 0.000000, 0.000000, 0.000000, 1.000000, 0.012853, -0.041876, 0.999040, 0.438222, 0.381694, -0.923259, -0.043610, 0.054138, 0.924199, 0.381888, 0.004117, 0.211486, 0.000000, 0.000000, 0.000000, 1.000000, -0.998686, -0.038297, 0.034056, 0.022241, 0.030510, 0.089653, 0.995506, -0.063766, -0.041178, 0.995237, -0.088366, -0.080120, 0.000000, 0.000000, 0.000000, 1.000000
13.7544, -21.4941, 46.0312, 366.9172, 438.4172, 53.9941, 211.0423, 22.1456, -63.8575, -80.1406, -0.384723, 0.921827, 0.047160, -0.021494, -0.922933, -0.384929, -0.004996, 0.046031, 0.013548, -0.045447, 0.998875, 0.366917, 0.000000, 0.000000, 0.000000, 1.000000, 0.013548, -0.045447, 0.998875, 0.438417, 0.384723, -0.921827, -0.047160, 0.053994, 0.922933, 0.384929, 0.004996, 0.211042, 0.000000, 0.000000, 0.000000, 1.000000, -0.998638, -0.039070, 0.034574, 0.022146, 0.031051, 0.087439, 0.995686, -0.063857, -0.041925, 0.995403, -0.086107, -0.080141, 0.000000, 0.000000, 0.000000, 1.000000
13.9072, -21.3653, 46.4987, 367.1717, 438.6717, 53.8653, 210.5747, 22.1234, -63.8671, -80.1949, -0.387068, 0.920766, 0.048659, -0.021365, -0.921911, -0.387390, -0.003014, 0.046499, 0.016075, -0.046026, 0.998811, 0.367172, 0.000000, 0.000000, 0.000000, 1.000000, 0.016075, -0.046026, 0.998811, 0.438672, 0.387068, -0.920766, -0.048659, 0.053865, 0.921911, 0.387390, 0.003014, 0.210575, 0.000000, 0.000000, 0.000000, 1.000000, -0.998538, -0.039361, 0.037054, 0.022123, 0.033472, 0.088071, 0.995552, -0.063867, -0.042449, 0.995336, -0.086625, -0.080195, 0.000000, 0.000000, 0.000000, 1.000000
14.0673, -21.2445, 46.9590, 367.4192, 438.9192, 53.7445, 210.1144, 22.0661, -63.8964, -80.2535, -0.389221, 0.920122, 0.043396, -0.021245, -0.921063, -0.389382, -0.005035, 0.046959, 0.012265, -0.041930, 0.999045, 0.367419, 0.000000, 0.000000, 0.000000, 1.000000, 0.012265, -0.041930, 0.999045, 0.438919, 0.389221, -0.920122, -0.043396, 0.053745, 0.921063, 0.389382, 0.005035, 0.210114, 0.000000, 0.000000, 0.000000, 1.000000, -0.998687, -0.038843, 0.033407, 0.022066, 0.029657, 0.093409, 0.995186, -0.063896, -0.041776, 0.994870, -0.092134, -0.080254, 0.000000, 0.000000, 0.000000, 1.000000
14.2176, -21.0963, 47.4545, 367.7742, 439.2742, 53.5963, 209.6190, 22.0867, -63.8028, -80.3162, -0.392003, 0.918782, 0.046630, -0.021096, -0.919842, -0.392273, -0.003596, 0.047454, 0.014988, -0.044302, 0.998906, 0.367774, 0.000000, 0.000000, 0.000000, 1.000000, 0.014988, -0.044302, 0.998906, 0.439274, 0.392003, -0.918782, -0.046630, 0.053596, 0.919842, 0.392273, 0.003596, 0.209619, 0.000000, 0.000000, 0.000000, 1.000000, -0.998563, -0.039714, 0.035984, 0.022087, 0.032195, 0.092244, 0.995216, -0.063803, -0.042843, 0.994944, -0.090833, -0.080316, 0.000000, 0.000000, 0.000000, 1.000000
14.3675, -20.9626, 47.9001, 367.6875, 439.1875, 53.4626, 209.1734, 22.0463, -64.1448, -80.3163, -0.394733, 0.917113, 0.055584, -0.020963, -0.918653, -0.395014, -0.006308, 0.047900, 0.016171, -0.053552, 0.998434, 0.367687, 0.000000, 0.000000, 0.000000, 1.000000, 0.016171, -0.053552, 0.998434, 0.439187, 0.394733, -0.917113, -0.055584, 0.053463, 0.918653, 0.395014, 0.006308, 0.209173, 0.000000, 0.000000, 0.000000, 1.000000, -0.998494, -0.040727, 0.036749, 0.022046, 0.033219, 0.084215, 0.995894, -0.064145, -0.043655, 0.995615, -0.082735, -0.080316, 0.000000, 0.000000, 0.000000, 1.000000
14.5356, -20.8247, 48.3299, 368.0009, 439.5009, 53.3247, 208.7436, 21.9414, -64.1180, -80.3600, -0.396681, 0.916763, 0.046806, -0.020825, -0.917856, -0.396878, -0.005399, 0.048330, 0.013627, -0.045103, 0.998889, 0.368001, 0.000000, 0.000000, 0.000000, 1.000000, 0.013627, -0.045103, 0.998889, 0.439501, 0.396681, -0.916763, -0.046806, 0.053325, 0.917856, 0.396878, 0.005399, 0.208744, 0.000000, 0.000000, 0.000000, 1.000000, -0.998612, -0.039761, 0.034545, 0.021941, 0.030683, 0.093950, 0.995104, -0.064118, -0.042811, 0.994783, -0.092600, -0.080360, 0.000000, 0.000000, 0.000000, 1.000000
14.7371, -20.6969, 48.8133, 368.3896, 439.8896, 53.1969, 208.2602, 21.7720, -64.0758, -80.4391, -0.399242, 0.915236, 0.054311, -0.020697, -0.916638, -0.399711, -0.002394, 0.048813, 0.019518, -0.050739, 0.998521, 0.368390, 0.000000, 0.000000, 0.000000, 1.000000, 0.019518, -0.050739, 0.998521, 0.439890, 0.399242, -0.915236, -0.054311, 0.053197, 0.916638, 0.399711, 0.002394, 0.208260, 0.000000, 0.000000, 0.000000, 1.000000, -0.998395, -0.039917, 0.040177, 0.021772, 0.036457, 0.089921, 0.995281, -0.064076, -0.043342, 0.995149, -0.088321, -0.080439, 0.000000, 0.000000, 0.000000, 1.000000
14.8520, -20.5348, 49.2500, 368.4190, 439.9190, 53.0348, 207.8234, 21.8533, -64.2430, -80.4336, -0.401627, 0.914274, 0.052907, -0.020535, -0.915672, -0.401878, -0.006273, 0.049250, 0.015527, -0.050965, 0.998580, 0.368419, 0.000000, 0.000000, 0.000000, 1.000000, 0.015527, -0.050965, 0.998580, 0.439919, 0.401627, -0.914274, -0.052907, 0.053035, 0.915672, 0.401878, 0.006273, 0.207823, 0.000000, 0.000000, 0.000000, 1.000000, -0.998527, -0.040486, 0.036127, 0.021853, 0.032338, 0.090610, 0.995361, -0.064243, -0.043572, 0.995063, -0.089167, -0.080434, 0.000000, 0.000000, 0.000000, 1.000000
15.0752, -20.4089, 49.7189, 368.4996, 439.9996, 52.9089, 207.3545, 21.5892, -64.5405, -80.4650, -0.403700, 0.913414, 0.051964, -0.020409, -0.914824, -0.403706, -0.010853, 0.049719, 0.011065, -0.051920, 0.998590, 0.368500, 0.000000, 0.000000, 0.000000, 1.000000, 0.011065, -0.051920, 0.998590, 0.440000, 0.403700, -0.913414, -0.051964, 0.052909, 0.914824, 0.403706, 0.010853, 0.207355, 0.000000, 0.000000, 0.000000, 1.000000, -0.998737, -0.039017, 0.031656, 0.021589, 0.027980, 0.091391, 0.995422, -0.064540, -0.041731, 0.995050, -0.090184, -0.080465, 0.000000, 0.000000, 0.000000, 1.000000
15.2016, -20.2675, 50.1945, 369.1360, 440.6360, 52.7675, 206.8790, 21.6741, -64.1312, -80.5795, -0.406273, 0.912316, 0.051207, -0.020267, -0.913630, -0.406494, -0.006502, 0.050194, 0.014883, -0.049426, 0.998667, 0.369136, 0.000000, 0.000000, 0.000000, 1.000000, 0.014883, -0.049426, 0.998667, 0.440636, 0.406273, -0.912316, -0.051207, 0.052767, 0.913630, 0.406494, 0.006502, 0.206879, 0.000000, 0.000000, 0.000000, 1.000000, -0.998570, -0.039972, 0.035489, 0.021674, 0.031564, 0.094888, 0.994987, -0.064131, -0.043139, 0.994685, -0.093491, -0.080580, 0.000000, 0.000000, 0.000000, 1.000000
15.3967, -20.1205, 50.5957, 369.0782, 440.5782, 52.6205, 206.4777, 21.4455, -64.5134, -80.5534, -0.408729, 0.910908, 0.056451, -0.020120, -0.912513, -0.408976, -0.007635, 0.050596, 0.016132, -0.054633, 0.998376, 0.369078, 0.000000, 0.000000, 0.000000, 1.000000, 0.016132, -0.054633, 0.998376, 0.440578, 0.408729, -0.910908, -0.056451, 0.052620, 0.912513, 0.408976, 0.007635, 0.206478, 0.000000, 0.000000, 0.000000, 1.000000, -0.998539, -0.039852, 0.036496, 0.021446, 0.032737, 0.091230, 0.995292, -0.064513, -0.042994, 0.995032, -0.089792, -0.080553, 0.000000, 0.000000, 0.000000, 1.000000
15.5663, -20.0008, 51.0846, 369.4186, 440.9186, 52.5008, 205.9889, 21.3822, -64.4710, -80.6469, -0.410705, 0.910359, 0.050680, -0.020001, -0.911664, -0.410865, -0.007695, 0.051085, 0.013817, -0.049364, 0.998685, 0.369419, 0.000000, 0.000000, 0.000000, 1.000000, 0.013817, -0.049364, 0.998685, 0.440919, 0.410705, -0.910359, -0.050680, 0.052501, 0.911664, 0.410865, 0.007695, 0.205989, 0.000000, 0.000000, 0.000000, 1.000000, -0.998647, -0.039026, 0.034375, 0.021382, 0.030419, 0.097804, 0.994741, -0.064471, -0.042183, 0.994440, -0.096485, -0.080647, 0.000000, 0.000000, 0.000000, 1.000000
15.7375, -19.8383, 51.5344, 369.5520, 441.0520, 52.3383, 205.5390, 21.2888, -64.6277, -80.6574, -0.413410, 0.908789, 0.056522, -0.019838, -0.910474, -0.413358, -0.013150, 0.051534, 0.011414, -0.056898, 0.998315, 0.369552, 0.000000, 0.000000, 0.000000, 1.000000, 0.011414, -0.056898, 0.998315, 0.441052, 0.413410, -0.908789, -0.056522, 0.052338, 0.910474, 0.413358, 0.013150, 0.205539, 0.000000, 0.000000, 0.000000, 1.000000, -0.998723, -0.039407, 0.031616, 0.021289, 0.027895, 0.091645, 0.995401, -0.064628, -0.042123, 0.995012, -0.090428, -0.080657, 0.000000, 0.000000, 0.000000, 1.000000
15.8695, -19.6935, 52.0037, 369.7615, 441.2615, 52.1935, 205.0698, 21.3393, -64.6501, -80.7100, -0.416071, 0.907436, 0.058690, -0.019693, -0.909230, -0.416126, -0.011858, 0.052004, 0.013662, -0.058296, 0.998206, 0.369762, 0.000000, 0.000000, 0.000000, 1.000000, 0.013662, -0.058296, 0.998206, 0.441262, 0.416071, -0.907436, -0.058690, 0.052193, 0.909230, 0.416126, 0.011858, 0.205070, 0.000000, 0.000000, 0.000000, 1.000000, -0.998613, -0.040438, 0.033710, 0.021339, 0.029903, 0.091306, 0.995374, -0.064650, -0.043329, 0.995002, -0.089970, -0.080710, 0.000000, 0.000000, 0.000000, 1.000000
16.0574, -19.5431, 52.4655, 370.0229, 441.5229, 52.0431, 204.6079, 21.1988, -64.7100, -80.7548, -0.418874, 0.906290, 0.056421, -0.019543, -0.907919, -0.419038, -0.009474, 0.052466, 0.015056, -0.055194, 0.998362, 0.370023, 0.000000, 0.000000, 0.000000, 1.000000, 0.015056, -0.055194, 0.998362, 0.441523, 0.418874, -0.906290, -0.056421, 0.052043, 0.907919, 0.419038, 0.009474, 0.204608, 0.000000, 0.000000, 0.000000, 1.000000, -0.998559, -0.040546, 0.035154, 0.021199, 0.031132, 0.095879, 0.994906, -0.064710, -0.043710, 0.994567, -0.094479, -0.080755, 0.000000, 0.000000, 0.000000, 1.000000
16.2402, -19.3886, 52.9342, 370.2725, 441.7725, 51.8886, 204.1392, 21.0821, -64.7741, -80.7989, -0.421070, 0.904916, 0.061867, -0.019389, -0.906905, -0.421158, -0.012248, 0.052934, 0.014972, -0.061265, 0.998009, 0.370272, 0.000000, 0.000000, 0.000000, 1.000000, 0.014972, -0.061265, 0.998009, 0.441772, 0.421070, -0.904916, -0.061867, 0.051889, 0.906905, 0.421158, 0.012248, 0.204139, 0.000000, 0.000000, 0.000000, 1.000000, -0.998582, -0.040295, 0.034792, 0.021082, 0.030997, 0.091257, 0.995345, -0.064774, -0.043282, 0.995012, -0.089879, -0.080799, 0.000000, 0.000000, 0.000000, 1.000000
16.3762, -19.2216, 53.3687, 370.3303, 441.8303, 51.7216, 203.7048, 21.0918, -64.9480, -80.7982, -0.423469, 0.903876, 0.060677, -0.019222, -0.905836, -0.423342, -0.015584, 0.053369, 0.011601, -0.061563, 0.998036, 0.370330, 0.000000, 0.000000, 0.000000, 1.000000, 0.011601, -0.061563, 0.998036, 0.441830, 0.423469, -0.903876, -0.060677, 0.051722, 0.905836, 0.423342, 0.015584, 0.203705, 0.000000, 0.000000, 0.000000, 1.000000, -0.998685, -0.040581, 0.031338, 0.021092, 0.027494, 0.092034, 0.995376, -0.064948, -0.043277, 0.994929, -0.090797, -0.080798, 0.000000, 0.000000, 0.000000, 1.000000
16.5489, -19.0721, 53.8564, 370.6591, 442.1591, 51.5721, 203.2171, 21.0264, -64.9201, -80.8704, -0.425648, 0.902790, 0.061587, -0.019072, -0.904817, -0.425485, -0.016392, 0.053856, 0.011405, -0.062702, 0.997967, 0.370659, 0.000000, 0.000000, 0.000000, 1.000000, 0.011405, -0.062702, 0.997967, 0.442159, 0.425648, -0.902790, -0.061587, 0.051572, 0.904817, 0.425485, 0.016392, 0.203217, 0.000000, 0.000000, 0.000000, 1.000000, -0.998706, -0.040291, 0.031046, 0.021026, 0.027221, 0.092249, 0.995364, -0.064920, -0.042968, 0.994920, -0.091033, -0.080870, 0.000000, 0.000000, 0.000000, 1.000000
16.7027, -18.9396, 54.2952, 370.8245, 442.3245, 51.4396, 202.7782, 20.9694, -65.0215, -80.9186, -0.428418, 0.901051, 0.067574, -0.018940, -0.903400, -0.428628, -0.012094, 0.054295, 0.018067, -0.066228, 0.997641, 0.370825, 0.000000, 0.000000, 0.000000, 1.000000, 0.018067, -0.066228, 0.997641, 0.442325, 0.428418, -0.901051, -0.067574, 0.051440, 0.903400, 0.428628, 0.012094, 0.202778, 0.000000, 0.000000, 0.000000, 1.000000, -0.998436, -0.041526, 0.037423, 0.020969, 0.033567, 0.089958, 0.995380, -0.065022, -0.044700, 0.995079, -0.088424, -0.080919, 0.000000, 0.000000, 0.000000, 1.000000
16.9071, -18.7603, 54.7225, 371.0566, 442.5566, 51.2603, 202.3509, 20.7512, -65.1317, -80.9226, -0.430632, 0.900433, 0.061447, -0.018760, -0.902416, -0.430649, -0.013648, 0.054723, 0.014173, -0.061328, 0.998017, 0.371057, 0.000000, 0.000000, 0.000000, 1.000000, 0.014173, -0.061328, 0.998017, 0.442557, 0.430632, -0.900433, -0.061447, 0.051260, 0.902416, 0.430649, 0.013648, 0.202351, 0.000000, 0.000000, 0.000000, 1.000000, -0.998619, -0.040309, 0.033703, 0.020751, 0.029685, 0.096434, 0.994897, -0.065132, -0.043354, 0.994523, -0.095104, -0.080923, 0.000000, 0.000000, 0.000000, 1.000000
17.0569, -18.6211, 55.1611, 371.2197, 442.7197, 51.1211, 201.9124, 20.7083, -65.2290, -80.9670, -0.432881, 0.898740, 0.069855, -0.018621, -0.901256, -0.433099, -0.012780, 0.055161, 0.018768, -0.068490, 0.997475, 0.371220, 0.000000, 0.000000, 0.000000, 1.000000, 0.018768, -0.068490, 0.997475, 0.442720, 0.432881, -0.898740, -0.069855, 0.051121, 0.901256, 0.433099, 0.012780, 0.201912, 0.000000, 0.000000, 0.000000, 1.000000, -0.998438, -0.041032, 0.037917, 0.020708, 0.034080, 0.090475, 0.995315, -0.065229, -0.044270, 0.995053, -0.088935, -0.080967, 0.000000, 0.000000, 0.000000, 1.000000
17.2371, -18.4500, 55.5981, 371.3688, 442.8688, 50.9500, 201.4754, 20.5753, -65.3844, -80.9754, -0.435244, 0.897838, 0.066702, -0.018450, -0.900179, -0.435258, -0.015088, 0.055598, 0.015486, -0.066610, 0.997659, 0.371369, 0.000000, 0.000000, 0.000000, 1.000000, 0.015486, -0.066610, 0.997659, 0.442869, 0.435244, -0.897838, -0.066702, 0.050950, 0.900179, 0.435258, 0.015088, 0.201475, 0.000000, 0.000000, 0.000000, 1.000000, -0.998579, -0.040501, 0.034644, 0.020575, 0.030721, 0.093757, 0.995121, -0.065384, -0.043551, 0.994771, -0.092380, -0.080975, 0.000000, 0.000000, 0.000000, 1.000000
17.3692, -18.2976, 56.0717, 371.6615, 443.1615, 50.7976, 201.0018, 20.6325, -65.3267, -81.0476, -0.437503, 0.896497, 0.069887, -0.018298, -0.899058, -0.437563, -0.015251, 0.056072, 0.016907, -0.069505, 0.997438, 0.371661, 0.000000, 0.000000, 0.000000, 1.000000, 0.016907, -0.069505, 0.997438, 0.443161, 0.437503, -0.896497, -0.069887, 0.050798, 0.899058, 0.437563, 0.015251, 0.201002, 0.000000, 0.000000, 0.000000, 1.000000, -0.998510, -0.041139, 0.035844, 0.020633, 0.031940, 0.091914, 0.995255, -0.065327, -0.044239, 0.994917, -0.090463, -0.081048, 0.000000, 0.000000, 0.000000, 1.000000
17.5794, -18.1216, 56.4848, 371.7983, 443.2983, 50.6216, 200.5886, 20.3774, -65.5405, -81.0370, -0.440006, 0.895182, 0.071014, -0.018122, -0.897863, -0.439918, -0.017727, 0.056485, 0.015372, -0.071561, 0.997318, 0.371798, 0.000000, 0.000000, 0.000000, 1.000000, 0.015372, -0.071561, 0.997318, 0.443298, 0.440006, -0.895182, -0.071014, 0.050622, 0.897863, 0.439918, 0.017727, 0.200589, 0.000000, 0.000000, 0.000000, 1.000000, -0.998593, -0.040566, 0.034157, 0.020377, 0.030329, 0.091503, 0.995343, -0.065541, -0.043502, 0.994978, -0.090144, -0.081037, 0.000000, 0.000000, 0.000000, 1.000000
17.7225, -17.9753, 57.0077, 372.1917, 443.6917, 50.4753, 200.0657, 20.4418, -65.4068, -81.1516, -0.442507, 0.894164, 0.068248, -0.017975, -0.896668, -0.442295, -0.019011, 0.057008, 0.013187, -0.069608, 0.997487, 0.372192, 0.000000, 0.000000, 0.000000, 1.000000, 0.013187, -0.069608, 0.997487, 0.443692, 0.442507, -0.894164, -0.068248, 0.050475, 0.896668, 0.442295, 0.019011, 0.200066, 0.000000, 0.000000, 0.000000, 1.000000, -0.998654, -0.040863, 0.031944, 0.020442, 0.027961, 0.094579, 0.995125, -0.065407, -0.043685, 0.994678, -0.093309, -0.081152, 0.000000, 0.000000, 0.000000, 1.000000
17.9082, -17.7886, 57.4409, 372.2552, 443.7552, 50.2886, 199.6326, 20.2901, -65.6541, -81.1339, -0.444549, 0.892986, 0.070378, -0.017789, -0.895659, -0.444276, -0.020340, 0.057441, 0.013104, -0.072077, 0.997313, 0.372255, 0.000000, 0.000000, 0.000000, 1.000000, 0.013104, -0.072077, 0.997313, 0.443755, 0.444549, -0.892986, -0.070378, 0.050289, 0.895659, 0.444276, 0.020340, 0.199633, 0.000000, 0.000000, 0.000000, 1.000000, -0.998685, -0.040289, 0.031701, 0.020290, 0.027817, 0.093562, 0.995225, -0.065654, -0.043063, 0.994798, -0.092318, -0.081134, 0.000000, 0.000000, 0.000000, 1.000000
18.0530, -17.6228, 57.8760, 372.4553, 443.9553, 50.1228, 199.1974, 20.2719, -65.7041, -81.1666, -0.446974, 0.891676, 0.071605, -0.017623, -0.894436, -0.446744, -0.020089, 0.057876, 0.014076, -0.073025, 0.997231, 0.372455, 0.000000, 0.000000, 0.000000, 1.000000, 0.014076, -0.073025, 0.997231, 0.443955, 0.446974, -0.891676, -0.071605, 0.050123, 0.894436, 0.446744, 0.020089, 0.199197, 0.000000, 0.000000, 0.000000, 1.000000, -0.998637, -0.040823, 0.032514, 0.020272, 0.028569, 0.093758, 0.995185, -0.065704, -0.043675, 0.994758, -0.092464, -0.081167, 0.000000, 0.000000, 0.000000, 1.000000
18.2079, -17.4504, 58.2866, 372.6109, 444.1109, 49.9504, 198.7868, 20.1989, -65.8115, -81.1753, -0.449276, 0.890286, 0.074448, -0.017450, -0.893273, -0.449020, -0.021094, 0.058287, 0.014649, -0.075979, 0.997002, 0.372611, 0.000000, 0.000000, 0.000000, 1.000000, 0.014649, -0.075979, 0.997002, 0.444111, 0.449276, -0.890286, -0.074448, 0.049950, 0.893273, 0.449020, 0.021094, 0.198787, 0.000000, 0.000000, 0.000000, 1.000000, -0.998615, -0.041099, 0.032858, 0.020199, 0.028962, 0.092026, 0.995335, -0.065812, -0.043931, 0.994908, -0.090709, -0.081175, 0.000000, 0.000000, 0.000000, 1.000000
18.3698, -17.2887, 58.7933, 373.0756, 444.5756, 49.7887, 198.2802, 20.1921, -65.6356, -81.2844, -0.451528, 0.889508, 0.069987, -0.017289, -0.892147, -0.451314, -0.019747, 0.058793, 0.014021, -0.071354, 0.997352, 0.373076, 0.000000, 0.000000, 0.000000, 1.000000, 0.014021, -0.071354, 0.997352, 0.444576, 0.451528, -0.889508, -0.069987, 0.049789, 0.892147, 0.451314, 0.019747, 0.198280, 0.000000, 0.000000, 0.000000, 1.000000, -0.998642, -0.040868, 0.032315, 0.020192, 0.028184, 0.097908, 0.994796, -0.065636, -0.043819, 0.994356, -0.096623, -0.081284, 0.000000, 0.000000, 0.000000, 1.000000
18.5579, -17.1197, 59.2378, 373.2102, 444.7102, 49.6197, 197.8356, 20.0354, -65.8212, -81.3028, -0.454046, 0.888175, 0.070628, -0.017120, -0.890907, -0.453586, -0.023340, 0.059238, 0.011306, -0.073521, 0.997230, 0.373210, 0.000000, 0.000000, 0.000000, 1.000000, 0.011306, -0.073521, 0.997230, 0.444710, 0.454046, -0.888175, -0.070628, 0.049620, 0.890907, 0.453586, 0.023340, 0.197836, 0.000000, 0.000000, 0.000000, 1.000000, -0.998743, -0.040579, 0.029418, 0.020035, 0.025356, 0.097215, 0.994940, -0.065821, -0.043234, 0.994436, -0.096064, -0.081303, 0.000000, 0.000000, 0.000000, 1.000000
18.7088, -16.9702, 59.6325, 373.3500, 444.8500, 49.4702, 197.4409, 19.9509, -65.9404, -81.3268, -0.456184, 0.886427, 0.078377, -0.016970, -0.889718, -0.456036, -0.020824, 0.059633, 0.017284, -0.079233, 0.996706, 0.373350, 0.000000, 0.000000, 0.000000, 1.000000, 0.017284, -0.079233, 0.996706, 0.444850, 0.456184, -0.886427, -0.078377, 0.049470, 0.889718, 0.456036, 0.020824, 0.197441, 0.000000, 0.000000, 0.000000, 1.000000, -0.998533, -0.041285, 0.035030, 0.019951, 0.031080, 0.092703, 0.995209, -0.065940, -0.044335, 0.994838, -0.091283, -0.081327, 0.000000, 0.000000, 0.000000, 1.000000
18.8684, -16.7931, 60.0637, 373.4315, 444.9315, 49.2931, 197.0098, 19.8813, -66.1300, -81.3305, -0.458578, 0.885436, 0.075563, -0.016793, -0.888576, -0.458007, -0.025740, 0.060064, 0.011818, -0.078947, 0.996809, 0.373432, 0.000000, 0.000000, 0.000000, 1.000000, 0.011818, -0.078947, 0.996809, 0.444932, 0.458578, -0.885436, -0.075563, 0.049293, 0.888576, 0.458007, 0.025740, 0.197010, 0.000000, 0.000000, 0.000000, 1.000000, -0.998725, -0.040980, 0.029470, 0.019881, 0.025500, 0.094232, 0.995224, -0.066130, -0.043561, 0.994706, -0.093067, -0.081330, 0.000000, 0.000000, 0.000000, 1.000000
19.0485, -16.6351, 60.5459, 373.8413, 445.3413, 49.1351, 196.5275, 19.7858, -66.0377, -81.4262, -0.461006, 0.883776, 0.080086, -0.016635, -0.887240, -0.460742, -0.022850, 0.060546, 0.016704, -0.081589, 0.996526, 0.373841, 0.000000, 0.000000, 0.000000, 1.000000, 0.016704, -0.081589, 0.996526, 0.445341, 0.461006, -0.883776, -0.080086, 0.049135, 0.887240, 0.460742, 0.022850, 0.196528, 0.000000, 0.000000, 0.000000, 1.000000, -0.998561, -0.041385, 0.034110, 0.019786, 0.030141, 0.093008, 0.995209, -0.066038, -0.044359, 0.994805, -0.091627, -0.081426, 0.000000, 0.000000, 0.000000, 1.000000
19.2226, -16.4450, 60.9848, 374.0159, 445.5159, 48.9450, 196.0887, 19.6809, -66.1585, -81.4370, -0.463237, 0.882725, 0.078790, -0.016445, -0.886125, -0.462745, -0.025507, 0.060985, 0.013944, -0.081633, 0.996565, 0.374016, 0.000000, 0.000000, 0.000000, 1.000000, 0.013944, -0.081633, 0.996565, 0.445516, 0.463237, -0.882725, -0.078790, 0.048945, 0.886125, 0.462745, 0.025507, 0.196089, 0.000000, 0.000000, 0.000000, 1.000000, -0.998674, -0.040912, 0.031253, 0.019681, 0.027279, 0.094319, 0.995168, -0.066158, -0.043662, 0.994701, -0.093078, -0.081437, 0.000000, 0.000000, 0.000000, 1.000000
19.3902, -16.2605, 61.3921, 374.1359, 445.6359, 48.7605, 195.6813, 19.5653, -66.3208, -81.4324, -0.465644, 0.881184, 0.081800, -0.016261, -0.884838, -0.465192, -0.025672, 0.061392, 0.015430, -0.084334, 0.996318, 0.374136, 0.000000, 0.000000, 0.000000, 1.000000, 0.015430, -0.084334, 0.996318, 0.445636, 0.465644, -0.881184, -0.081800, 0.048761, 0.884838, 0.465192, 0.025672, 0.195681, 0.000000, 0.000000, 0.000000, 1.000000, -0.998622, -0.041206, 0.032487, 0.019565, 0.028543, 0.092935, 0.995263, -0.066321, -0.044030, 0.994819, -0.091631, -0.081432, 0.000000, 0.000000, 0.000000, 1.000000
19.5539, -16.0865, 61.9090, 374.6995, 446.1995, 48.5865, 195.1644, 19.5669, -66.0522, -81.5637, -0.468037, 0.880326, 0.077244, -0.016087, -0.883572, -0.467711, -0.023387, 0.061909, 0.015540, -0.079197, 0.996738, 0.374700, 0.000000, 0.000000, 0.000000, 1.000000, 0.015540, -0.079197, 0.996738, 0.446200, 0.468037, -0.880326, -0.077244, 0.048587, 0.883572, 0.467711, 0.023387, 0.195164, 0.000000, 0.000000, 0.000000, 1.000000, -0.998618, -0.041172, 0.032674, 0.019567, 0.028448, 0.099345, 0.994646, -0.066052, -0.044198, 0.994201, -0.098037, -0.081564, 0.000000, 0.000000, 0.000000, 1.000000
19.7532, -15.8778, 62.3386, 374.6308, 446.1308, 48.3778, 194.7349, 19.3710, -66.4501, -81.5094, -0.470526, 0.878277, 0.085055, -0.015878, -0.882240, -0.470009, -0.027264, 0.062339, 0.016031, -0.087867, 0.996003, 0.374631, 0.000000, 0.000000, 0.000000, 1.000000, 0.016031, -0.087867, 0.996003, 0.446131, 0.470526, -0.878277, -0.085055, 0.048378, 0.882240, 0.470009, 0.027264, 0.194735, 0.000000, 0.000000, 0.000000, 1.000000, -0.998618, -0.041177, 0.032672, 0.019371, 0.028760, 0.092240, 0.995321, -0.066450, -0.043998, 0.994885, -0.090928, -0.081509, 0.000000, 0.000000, 0.000000, 1.000000
19.8519, -15.6872, 62.8058, 374.9415, 446.4415, 48.1872, 194.2677, 19.5475, -66.3193, -81.5759, -0.472412, 0.877883, 0.078413, -0.015687, -0.881317, -0.471549, -0.030352, 0.062806, 0.010330, -0.083446, 0.996459, 0.374942, 0.000000, 0.000000, 0.000000, 1.000000, 0.010330, -0.083446, 0.996459, 0.446442, 0.472412, -0.877883, -0.078413, 0.048187, 0.881317, 0.471549, 0.030352, 0.194268, 0.000000, 0.000000, 0.000000, 1.000000, -0.998789, -0.041096, 0.027061, 0.019547, 0.022949, 0.097428, 0.994978, -0.066319, -0.043526, 0.994394, -0.096367, -0.081576, 0.000000, 0.000000, 0.000000, 1.000000
19.9303, -15.5289, 63.2221, 375.2210, 446.7210, 48.0289, 193.8514, 19.7324, -66.1867, -81.6489, -0.475216, 0.876301, 0.079160, -0.015529, -0.879775, -0.474554, -0.028185, 0.063222, 0.012867, -0.083037, 0.996463, 0.375221, 0.000000, 0.000000, 0.000000, 1.000000, 0.012867, -0.083037, 0.996463, 0.446721, 0.475216, -0.876301, -0.079160, 0.048029, 0.879775, 0.474554, 0.028185, 0.193851, 0.000000, 0.000000, 0.000000, 1.000000, -0.998633, -0.043249, 0.029367, 0.019732, 0.024990, 0.098475, 0.994826, -0.066187, -0.045917, 0.994199, -0.097259, -0.081649, 0.000000, 0.000000, 0.000000, 1.000000
19.9569, -15.4435, 63.4639, 375.4848, 446.9848, 47.9435, 193.6096, 19.9027, -65.9804, -81.7194, -0.476388, 0.875113, 0.085040, -0.015444, -0.879089, -0.475840, -0.027922, 0.063464, 0.016030, -0.088060, 0.995986, 0.375485, 0.000000, 0.000000, 0.000000, 1.000000, 0.016030, -0.088060, 0.995986, 0.446985, 0.476388, -0.875113, -0.085040, 0.047944, 0.879089, 0.475840, 0.027922, 0.193610, 0.000000, 0.000000, 0.000000, 1.000000, -0.998486, -0.044609, 0.032189, 0.019903, 0.027899, 0.093680, 0.995211, -0.065980, -0.047411, 0.994602, -0.092293, -0.081719, 0.000000, 0.000000, 0.000000, 1.000000
19.9778, -15.3990, 63.5840, 375.3260, 446.8260, 47.8990, 193.4895, 19.9560, -66.1752, -81.6990, -0.476922, 0.874689, 0.086395, -0.015399, -0.878814, -0.476243, -0.029641, 0.063584, 0.015218, -0.090062, 0.995820, 0.375326, 0.000000, 0.000000, 0.000000, 1.000000, 0.015218, -0.090062, 0.995820, 0.446826, 0.476922, -0.874689, -0.086395, 0.047899, 0.878814, 0.476243, 0.029641, 0.193489, 0.000000, 0.000000, 0.000000, 1.000000, -0.998504, -0.044869, 0.031257, 0.019956, 0.027033, 0.091845, 0.995406, -0.066175, -0.047534, 0.994762, -0.090495, -0.081699, 0.000000, 0.000000, 0.000000, 1.000000
19.9898, -15.3620, 63.6795, 375.5854, 447.0854, 47.8620, 193.3939, 20.0229, -65.9430, -81.7519, -0.477116, 0.874958, 0.082516, -0.015362, -0.878720, -0.476493, -0.028363, 0.063680, 0.014502, -0.086041, 0.996186, 0.375585, 0.000000, 0.000000, 0.000000, 1.000000, 0.014502, -0.086041, 0.996186, 0.447085, 0.477116, -0.874958, -0.082516, 0.047862, 0.878720, 0.476493, 0.028363, 0.193394, 0.000000, 0.000000, 0.000000, 1.000000, -0.998528, -0.044707, 0.030706, 0.020023, 0.026303, 0.095956, 0.995038, -0.065943, -0.047431, 0.994381, -0.094638, -0.081752, 0.000000, 0.000000, 0.000000, 1.000000
19.9953, -15.3544, 63.7369, 375.7639, 447.2639, 47.8544, 193.3366, 20.0623, -65.7810, -81.8009, -0.477177, 0.875089, 0.080751, -0.015354, -0.878690, -0.476595, -0.027581, 0.063737, 0.014349, -0.084117, 0.996353, 0.375764, 0.000000, 0.000000, 0.000000, 1.000000, 0.014349, -0.084117, 0.996353, 0.447264, 0.477177, -0.875089, -0.080751, 0.047854, 0.878690, 0.476595, 0.027581, 0.193337, 0.000000, 0.000000, 0.000000, 1.000000, -0.998534, -0.044614, 0.030645, 0.020062, 0.026157, 0.097920, 0.994850, -0.065781, -0.047385, 0.994194, -0.096610, -0.081801, 0.000000, 0.000000, 0.000000, 1.000000
19.9986, -15.3398, 63.7612, 375.7710, 447.2710, 47.8398, 193.3123, 20.0801, -65.7792, -81.7991, -0.477128, 0.875291, 0.078827, -0.015340, -0.878751, -0.476387, -0.029172, 0.063761, 0.012018, -0.083188, 0.996461, 0.375771, 0.000000, 0.000000, 0.000000, 1.000000, 0.012018, -0.083188, 0.996461, 0.447271, 0.477128, -0.875291, -0.078827, 0.047840, 0.878751, 0.476387, 0.029172, 0.193312, 0.000000, 0.000000, 0.000000, 1.000000, -0.998617, -0.044270, 0.028367, 0.020080, 0.023876, 0.098869, 0.994814, -0.065779, -0.046845, 0.994115, -0.097675, -0.081799, 0.000000, 0.000000, 0.000000, 1.000000
20.0004, -15.3252, 63.7713, 375.7310, 447.2310, 47.8252, 193.3021, 20.0889, -65.8202, -81.7831, -0.477157, 0.875347, 0.078031, -0.015325, -0.878753, -0.476320, -0.030223, 0.063771, 0.010712, -0.082991, 0.996493, 0.375731, 0.000000, 0.000000, 0.000000, 1.000000, 0.010712, -0.082991, 0.996493, 0.447231, 0.477157, -0.875347, -0.078031, 0.047825, 0.878753, 0.476320, 0.030223, 0.193302, 0.000000, 0.000000, 0.000000, 1.000000, -0.998658, -0.044153, 0.027074, 0.020089, 0.022589, 0.099078, 0.994823, -0.065820, -0.046607, 0.994100, -0.097948, -0.081783, 0.000000, 0.000000, 0.000000, 1.000000
20.0013, -15.3287, 63.7805, 375.7913, 447.2913, 47.8287, 193.2930, 20.0938, -65.7637, -81.8008, -0.477352, 0.875112, 0.079455, -0.015329, -0.878613, -0.476698, -0.028235, 0.063780, 0.013167, -0.083289, 0.996438, 0.375791, 0.000000, 0.000000, 0.000000, 1.000000, 0.013167, -0.083289, 0.996438, 0.447291, 0.477352, -0.875112, -0.079455, 0.047829, 0.878613, 0.476698, 0.028235, 0.193293, 0.000000, 0.000000, 0.000000, 1.000000, -0.998570, -0.044588, 0.029485, 0.020094, 0.024962, 0.098793, 0.994795, -0.065764, -0.047269, 0.994109, -0.097539, -0.081801, 0.000000, 0.000000, 0.000000, 1.000000
20.0017, -15.3147, 63.7643, 375.7447, 447.2447, 47.8147, 193.3091, 20.0830, -65.8066, -81.7730, -0.477568, 0.875054, 0.078798, -0.015315, -0.878525, -0.476737, -0.030256, 0.063764, 0.011091, -0.083676, 0.996431, 0.375745, 0.000000, 0.000000, 0.000000, 1.000000, 0.011091, -0.083676, 0.996431, 0.447245, 0.477568, -0.875054, -0.078798, 0.047815, 0.878525, 0.476737, 0.030256, 0.193309, 0.000000, 0.000000, 0.000000, 1.000000, -0.998627, -0.044650, 0.027382, 0.020083, 0.022879, 0.098411, 0.994883, -0.065807, -0.047116, 0.994144, -0.097254, -0.081773, 0.000000, 0.000000, 0.000000, 1.000000
20.0019, -15.3249, 63.7557, 375.6550, 447.1550, 47.8249, 193.3178, 20.0678, -65.8960, -81.7621, -0.477621, 0.874906, 0.080112, -0.015325, -0.878490, -0.476792, -0.030421, 0.063756, 0.011581, -0.084907, 0.996322, 0.375655, 0.000000, 0.000000, 0.000000, 1.000000, 0.011581, -0.084907, 0.996322, 0.447155, 0.477621, -0.874906, -0.080112, 0.047825, 0.878490, 0.476792, 0.030421, 0.193318, 0.000000, 0.000000, 0.000000, 1.000000, -0.998609, -0.044784, 0.027817, 0.020068, 0.023358, 0.097184, 0.994992, -0.065896, -0.047263, 0.994258, -0.096003, -0.081762, 0.000000, 0.000000, 0.000000, 1.000000
