# Joint_A_Angle(deg), Cam_X(mm), Cam_Y(mm), Cam_Z(mm), Torso_X(mm), Torso_Y(mm), Torso_Z(mm), EE_X(mm), EE_Y(mm), EE_Z(mm), T_cam2marker_flat(16), T_torso2marker_flat(16), T_ee2marker_flat(16)
0.0000, 32.9096, 24.8228, 194.1386, 265.6386, -0.4096, 232.2507, 14.4002, 34.0922, -48.6883, 0.566890, -0.783316, -0.255051, 0.032910, 0.782662, 0.608730, -0.129954, 0.024823, 0.257052, -0.125949, 0.958155, 0.194139, 0.000000, 0.000000, 0.000000, 1.000000, 0.257052, -0.125949, 0.958155, 0.265639, -0.566890, 0.783316, 0.255051, -0.000410, -0.782662, -0.608730, 0.129954, 0.232251, 0.000000, 0.000000, 0.000000, 1.000000, 0.996913, 0.020356, 0.075828, 0.014400, 0.074720, 0.050555, -0.995922, 0.034092, -0.024106, 0.998514, 0.048878, -0.048688, 0.000000, 0.000000, 0.000000, 1.000000
0.0000, 32.9151, 24.8172, 194.1091, 265.6091, -0.4151, 232.2563, 14.3894, 34.1201, -48.6935, 0.566944, -0.783202, -0.255282, 0.032915, 0.782391, 0.608934, -0.130626, 0.024817, 0.257757, -0.125673, 0.958002, 0.194109, 0.000000, 0.000000, 0.000000, 1.000000, 0.257757, -0.125673, 0.958002, 0.265609, -0.566944, 0.783202, 0.255282, -0.000415, -0.782391, -0.608934, 0.130626, 0.232256, 0.000000, 0.000000, 0.000000, 1.000000, 0.996960, 0.020667, 0.075121, 0.014389, 0.074003, 0.050369, -0.995985, 0.034120, -0.024368, 0.998517, 0.048687, -0.048694, 0.000000, 0.000000, 0.000000, 1.000000
0.0147, 32.9025, 24.8124, 194.1012, 265.6012, -0.4025, 232.2611, 14.3849, 34.1197, -48.6855, 0.567036, -0.783153, -0.255229, 0.032903, 0.782554, 0.608902, -0.129794, 0.024812, 0.257058, -0.126133, 0.958129, 0.194101, 0.000000, 0.000000, 0.000000, 1.000000, 0.257058, -0.126133, 0.958129, 0.265601, -0.567036, 0.783153, 0.255229, -0.000403, -0.782554, -0.608902, 0.129794, 0.232261, 0.000000, 0.000000, 0.000000, 1.000000, 0.996927, 0.020531, 0.075594, 0.014385, 0.074472, 0.050803, -0.995928, 0.034120, -0.024287, 0.998498, 0.049118, -0.048686, 0.000000, 0.000000, 0.000000, 1.000000
0.0929, 32.9040, 24.8154, 194.0650, 265.5650, -0.4040, 232.2581, 14.4228, 34.1351, -48.6819, 0.566996, -0.783286, -0.254909, 0.032904, 0.782424, 0.608888, -0.130643, 0.024815, 0.257542, -0.125373, 0.958099, 0.194065, 0.000000, 0.000000, 0.000000, 1.000000, 0.257542, -0.125373, 0.958099, 0.265565, -0.566996, 0.783286, 0.254909, -0.000404, -0.782424, -0.608888, 0.130643, 0.232258, 0.000000, 0.000000, 0.000000, 1.000000, 0.997062, 0.020765, 0.073729, 0.014423, 0.072616, 0.050022, -0.996105, 0.034135, -0.024372, 0.998532, 0.048367, -0.048682, 0.000000, 0.000000, 0.000000, 1.000000
0.1863, 32.8803, 24.7933, 194.1046, 265.6046, -0.3803, 232.2802, 14.4618, 34.0618, -48.6789, 0.566924, -0.783607, -0.254081, 0.032880, 0.782317, 0.608756, -0.131893, 0.024793, 0.258026, -0.123998, 0.958148, 0.194105, 0.000000, 0.000000, 0.000000, 1.000000, 0.258026, -0.123998, 0.958148, 0.265605, -0.566924, 0.783607, 0.254081, -0.000380, -0.782317, -0.608756, 0.131893, 0.232280, 0.000000, 0.000000, 0.000000, 1.000000, 0.997213, 0.021016, 0.071581, 0.014462, 0.070494, 0.048585, -0.996328, 0.034062, -0.024417, 0.998598, 0.046968, -0.048679, 0.000000, 0.000000, 0.000000, 1.000000
0.2999, 32.8362, 24.7208, 194.0977, 265.5977, -0.3362, 232.3527, 14.4467, 34.0128, -48.6849, 0.567572, -0.783410, -0.253240, 0.032836, 0.782848, 0.608761, -0.128683, 0.024721, 0.254975, -0.125212, 0.958807, 0.194098, 0.000000, 0.000000, 0.000000, 1.000000, 0.254975, -0.125212, 0.958807, 0.265598, -0.567572, 0.783410, 0.253240, -0.000336, -0.782848, -0.608761, 0.128683, 0.232353, 0.000000, 0.000000, 0.000000, 1.000000, 0.997130, 0.020831, 0.072780, 0.014447, 0.071672, 0.049739, -0.996187, 0.034013, -0.024371, 0.998545, 0.048103, -0.048685, 0.000000, 0.000000, 0.000000, 1.000000
0.4208, 32.7810, 24.6749, 194.1235, 265.6235, -0.2810, 232.3986, 14.4614, 33.9342, -48.6693, 0.567977, -0.783588, -0.251779, 0.032781, 0.782791, 0.608800, -0.128845, 0.024675, 0.254244, -0.123909, 0.959170, 0.194124, 0.000000, 0.000000, 0.000000, 1.000000, 0.254244, -0.123909, 0.959170, 0.265624, -0.567977, 0.783588, 0.251779, -0.000281, -0.782791, -0.608800, 0.128845, 0.232399, 0.000000, 0.000000, 0.000000, 1.000000, 0.997217, 0.021288, 0.071445, 0.014461, 0.070349, 0.048429, -0.996346, 0.033934, -0.024670, 0.998600, 0.046797, -0.048669, 0.000000, 0.000000, 0.000000, 1.000000
0.5379, 32.7112, 24.5697, 193.9854, 265.4854, -0.2112, 232.5038, 14.3672, 33.9952, -48.6624, 0.568337, -0.783580, -0.250989, 0.032711, 0.782850, 0.608864, -0.128179, 0.024570, 0.253257, -0.123638, 0.959466, 0.193985, 0.000000, 0.000000, 0.000000, 1.000000, 0.253257, -0.123638, 0.959466, 0.265485, -0.568337, 0.783580, 0.250989, -0.000211, -0.782850, -0.608864, 0.128179, 0.232504, 0.000000, 0.000000, 0.000000, 1.000000, 0.997283, 0.021528, 0.070445, 0.014367, 0.069346, 0.048145, -0.996430, 0.033995, -0.024842, 0.998608, 0.046521, -0.048662, 0.000000, 0.000000, 0.000000, 1.000000
0.6642, 32.6527, 24.4823, 194.0233, 265.5233, -0.1527, 232.5912, 14.3546, 33.8931, -48.6693, 0.568815, -0.783496, -0.250169, 0.032653, 0.783148, 0.608880, -0.126268, 0.024482, 0.251253, -0.124096, 0.959933, 0.194023, 0.000000, 0.000000, 0.000000, 1.000000, 0.251253, -0.124096, 0.959933, 0.265523, -0.568815, 0.783496, 0.250169, -0.000153, -0.783148, -0.608880, 0.126268, 0.232591, 0.000000, 0.000000, 0.000000, 1.000000, 0.997291, 0.021546, 0.070333, 0.014355, 0.069222, 0.048558, -0.996419, 0.033893, -0.024884, 0.998588, 0.046935, -0.048669, 0.000000, 0.000000, 0.000000, 1.000000
0.8068, 32.5961, 24.4053, 194.0442, 265.5442, -0.0961, 232.6681, 14.3551, 33.8073, -48.6701, 0.569413, -0.783557, -0.248612, 0.032596, 0.783536, 0.608806, -0.124205, 0.024405, 0.248678, -0.124073, 0.960607, 0.194044, 0.000000, 0.000000, 0.000000, 1.000000, 0.248678, -0.124073, 0.960607, 0.265544, -0.569413, 0.783557, 0.248612, -0.000096, -0.783536, -0.608806, 0.124205, 0.232668, 0.000000, 0.000000, 0.000000, 1.000000, 0.997278, 0.021583, 0.070507, 0.014355, 0.069397, 0.048452, -0.996412, 0.033807, -0.024922, 0.998592, 0.046822, -0.048670, 0.000000, 0.000000, 0.000000, 1.000000
0.9281, 32.5196, 24.2809, 193.9940, 265.4940, -0.0196, 232.7925, 14.2724, 33.7797, -48.6765, 0.570253, -0.783154, -0.247953, 0.032520, 0.783848, 0.609057, -0.120966, 0.024281, 0.245752, -0.125376, 0.961190, 0.193994, 0.000000, 0.000000, 0.000000, 1.000000, 0.245752, -0.125376, 0.961190, 0.265494, -0.570253, 0.783154, 0.247953, -0.000020, -0.783848, -0.609057, 0.120966, 0.232793, 0.000000, 0.000000, 0.000000, 1.000000, 0.997206, 0.021692, 0.071478, 0.014272, 0.070329, 0.049792, -0.996280, 0.033780, -0.025170, 0.998524, 0.048127, -0.048676, 0.000000, 0.000000, 0.000000, 1.000000
1.0876, 32.4544, 24.2077, 194.0068, 265.5068, 0.0456, 232.8657, 14.2778, 33.6967, -48.6675, 0.570743, -0.783370, -0.246138, 0.032454, 0.784072, 0.608959, -0.119999, 0.024208, 0.243891, -0.124501, 0.961778, 0.194007, 0.000000, 0.000000, 0.000000, 1.000000, 0.243891, -0.124501, 0.961778, 0.265507, -0.570743, 0.783370, 0.246138, 0.000046, -0.784072, -0.608959, 0.119999, 0.232866, 0.000000, 0.000000, 0.000000, 1.000000, 0.997263, 0.021908, 0.070616, 0.014278, 0.069482, 0.048829, -0.996387, 0.033697, -0.025277, 0.998567, 0.047173, -0.048667, 0.000000, 0.000000, 0.000000, 1.000000
1.1856, 32.3812, 24.1118, 193.9403, 265.4403, 0.1188, 232.9617, 14.2008, 33.6963, -48.6586, 0.570697, -0.783567, -0.245617, 0.032381, 0.784539, 0.608612, -0.118700, 0.024112, 0.242495, -0.124954, 0.962072, 0.193940, 0.000000, 0.000000, 0.000000, 1.000000, 0.242495, -0.124954, 0.962072, 0.265440, -0.570697, 0.783567, 0.245617, 0.000119, -0.784539, -0.608612, 0.118700, 0.232962, 0.000000, 0.000000, 0.000000, 1.000000, 0.997294, 0.021473, 0.070303, 0.014201, 0.069183, 0.049106, -0.996395, 0.033696, -0.024848, 0.998563, 0.047487, -0.048659, 0.000000, 0.000000, 0.000000, 1.000000
1.3124, 32.3175, 24.0081, 193.8861, 265.3861, 0.1825, 233.0653, 14.1428, 33.6799, -48.6629, 0.571226, -0.783533, -0.244493, 0.032318, 0.784808, 0.608621, -0.116864, 0.024008, 0.240370, -0.125124, 0.962583, 0.193886, 0.000000, 0.000000, 0.000000, 1.000000, 0.240370, -0.125124, 0.962583, 0.265386, -0.571226, 0.783533, 0.244493, 0.000182, -0.784808, -0.608621, 0.116864, 0.233065, 0.000000, 0.000000, 0.000000, 1.000000, 0.997292, 0.021555, 0.070310, 0.014143, 0.069182, 0.049230, -0.996389, 0.033680, -0.024939, 0.998555, 0.047605, -0.048663, 0.000000, 0.000000, 0.000000, 1.000000
1.4344, 32.2617, 23.9195, 193.9728, 265.4728, 0.2383, 233.1540, 14.1409, 33.5362, -48.6768, 0.572201, -0.783443, -0.242493, 0.032262, 0.785184, 0.608708, -0.113841, 0.023919, 0.236796, -0.125262, 0.963451, 0.193973, 0.000000, 0.000000, 0.000000, 1.000000, 0.236796, -0.125262, 0.963451, 0.265473, -0.572201, 0.783443, 0.242493, 0.000238, -0.785184, -0.608708, 0.113841, 0.233154, 0.000000, 0.000000, 0.000000, 1.000000, 0.997175, 0.021735, 0.071906, 0.014141, 0.070765, 0.049354, -0.996271, 0.033536, -0.025203, 0.998545, 0.047676, -0.048677, 0.000000, 0.000000, 0.000000, 1.000000
1.5436, 32.1942, 23.8349, 193.9614, 265.4614, 0.3058, 233.2385, 14.0982, 33.4871, -48.6705, 0.572823, -0.783646, -0.240361, 0.032194, 0.785229, 0.608744, -0.113339, 0.023835, 0.235136, -0.123816, 0.964044, 0.193961, 0.000000, 0.000000, 0.000000, 1.000000, 0.235136, -0.123816, 0.964044, 0.265461, -0.572823, 0.783646, 0.240361, 0.000306, -0.785229, -0.608744, 0.113339, 0.233239, 0.000000, 0.000000, 0.000000, 1.000000, 0.997177, 0.022183, 0.071733, 0.014098, 0.070609, 0.047896, -0.996354, 0.033487, -0.025538, 0.998606, 0.046195, -0.048670, 0.000000, 0.000000, 0.000000, 1.000000
1.6675, 32.1148, 23.7424, 193.8743, 265.3743, 0.3852, 233.3311, 14.0296, 33.5003, -48.6529, 0.573220, -0.783536, -0.239770, 0.032115, 0.785477, 0.608762, -0.111508, 0.023742, 0.233333, -0.124415, 0.964405, 0.193874, 0.000000, 0.000000, 0.000000, 1.000000, 0.233333, -0.124415, 0.964405, 0.265374, -0.573220, 0.783536, 0.239770, 0.000385, -0.785477, -0.608762, 0.111508, 0.233331, 0.000000, 0.000000, 0.000000, 1.000000, 0.997198, 0.022180, 0.071440, 0.014030, 0.070301, 0.048452, -0.996348, 0.033500, -0.025561, 0.998579, 0.046757, -0.048653, 0.000000, 0.000000, 0.000000, 1.000000
1.7890, 32.0523, 23.6505, 193.8786, 265.3786, 0.4477, 233.4229, 13.9958, 33.4336, -48.6562, 0.573571, -0.783460, -0.239180, 0.032052, 0.785672, 0.608780, -0.110026, 0.023651, 0.231809, -0.124809, 0.964721, 0.193879, 0.000000, 0.000000, 0.000000, 1.000000, 0.231809, -0.124809, 0.964721, 0.265379, -0.573571, 0.783460, 0.239180, 0.000448, -0.785672, -0.608780, 0.110026, 0.233423, 0.000000, 0.000000, 0.000000, 1.000000, 0.997235, 0.022221, 0.070907, 0.013996, 0.069758, 0.048801, -0.996370, 0.033434, -0.025601, 0.998561, 0.047116, -0.048656, 0.000000, 0.000000, 0.000000, 1.000000
1.9228, 31.9945, 23.5656, 193.8652, 265.3652, 0.5055, 233.5079, 13.9717, 33.3834, -48.6579, 0.574153, -0.783573, -0.237405, 0.031995, 0.785715, 0.608849, -0.109337, 0.023566, 0.230217, -0.123757, 0.965238, 0.193865, 0.000000, 0.000000, 0.000000, 1.000000, 0.230217, -0.123757, 0.965238, 0.265365, -0.574153, 0.783573, 0.237405, 0.000505, -0.785715, -0.608849, 0.109337, 0.233508, 0.000000, 0.000000, 0.000000, 1.000000, 0.997274, 0.022639, 0.070232, 0.013972, 0.069091, 0.047733, -0.996468, 0.033383, -0.025912, 0.998604, 0.046039, -0.048658, 0.000000, 0.000000, 0.000000, 1.000000
2.0597, 31.9231, 23.4766, 193.8180, 265.3180, 0.5769, 233.5969, 13.9288, 33.3610, -48.6480, 0.574903, -0.783322, -0.236419, 0.031923, 0.786021, 0.608983, -0.106352, 0.023477, 0.227283, -0.124688, 0.965813, 0.193818, 0.000000, 0.000000, 0.000000, 1.000000, 0.227283, -0.124688, 0.965813, 0.265318, -0.574903, 0.783322, 0.236419, 0.000577, -0.786021, -0.608983, 0.106352, 0.233597, 0.000000, 0.000000, 0.000000, 1.000000, 0.997224, 0.022722, 0.070909, 0.013929, 0.069740, 0.048652, -0.996378, 0.033361, -0.026089, 0.998557, 0.046932, -0.048648, 0.000000, 0.000000, 0.000000, 1.000000
2.1784, 31.8424, 23.3493, 193.7712, 265.2712, 0.6576, 233.7242, 13.8401, 33.3335, -48.6529, 0.575382, -0.783418, -0.234929, 0.031842, 0.786326, 0.608890, -0.104617, 0.023349, 0.225005, -0.124536, 0.966366, 0.193771, 0.000000, 0.000000, 0.000000, 1.000000, 0.225005, -0.124536, 0.966366, 0.265271, -0.575382, 0.783418, 0.234929, 0.000658, -0.786326, -0.608890, 0.104617, 0.233724, 0.000000, 0.000000, 0.000000, 1.000000, 0.997204, 0.022741, 0.071180, 0.013840, 0.070016, 0.048419, -0.996370, 0.033334, -0.026105, 0.998568, 0.046692, -0.048653, 0.000000, 0.000000, 0.000000, 1.000000
2.2924, 31.7772, 23.2648, 193.7030, 265.2030, 0.7228, 233.8087, 13.7851, 33.3381, -48.6436, 0.575521, -0.783484, -0.234370, 0.031777, 0.786583, 0.608752, -0.103482, 0.023265, 0.223750, -0.124795, 0.966624, 0.193703, 0.000000, 0.000000, 0.000000, 1.000000, 0.223750, -0.124795, 0.966624, 0.265203, -0.575521, 0.783484, 0.234370, 0.000723, -0.786583, -0.608752, 0.103482, 0.233809, 0.000000, 0.000000, 0.000000, 1.000000, 0.997257, 0.022618, 0.070471, 0.013785, 0.069309, 0.048583, -0.996411, 0.033338, -0.025960, 0.998563, 0.046882, -0.048644, 0.000000, 0.000000, 0.000000, 1.000000
2.4220, 31.7259, 23.1847, 193.7940, 265.2940, 0.7741, 233.8887, 13.7955, 33.1932, -48.6566, 0.576436, -0.783654, -0.231534, 0.031726, 0.786734, 0.608818, -0.101931, 0.023185, 0.220841, -0.123399, 0.967472, 0.193794, 0.000000, 0.000000, 0.000000, 1.000000, 0.220841, -0.123399, 0.967472, 0.265294, -0.576436, 0.783654, 0.231534, 0.000774, -0.786734, -0.608818, 0.101931, 0.233889, 0.000000, 0.000000, 0.000000, 1.000000, 0.997193, 0.023087, 0.071219, 0.013796, 0.070072, 0.047173, -0.996426, 0.033193, -0.026365, 0.998620, 0.045423, -0.048657, 0.000000, 0.000000, 0.000000, 1.000000
2.5594, 31.6374, 23.0774, 193.6520, 265.1520, 0.8626, 233.9960, 13.7016, 33.2554, -48.6355, 0.576510, -0.783284, -0.232598, 0.031637, 0.786921, 0.608891, -0.100032, 0.023077, 0.219980, -0.125367, 0.967415, 0.193652, 0.000000, 0.000000, 0.000000, 1.000000, 0.219980, -0.125367, 0.967415, 0.265152, -0.576510, 0.783284, 0.232598, 0.000863, -0.786921, -0.608891, 0.100032, 0.233996, 0.000000, 0.000000, 0.000000, 1.000000, 0.997302, 0.022899, 0.069750, 0.013702, 0.068562, 0.049096, -0.996438, 0.033255, -0.026242, 0.998532, 0.047394, -0.048635, 0.000000, 0.000000, 0.000000, 1.000000
2.6798, 31.5796, 22.9930, 193.7397, 265.2397, 0.9204, 234.0804, 13.6984, 33.1139, -48.6454, 0.577620, -0.783574, -0.228837, 0.031580, 0.787143, 0.608912, -0.098142, 0.022993, 0.216243, -0.123439, 0.968505, 0.193740, 0.000000, 0.000000, 0.000000, 1.000000, 0.216243, -0.123439, 0.968505, 0.265240, -0.577620, 0.783574, 0.228837, 0.000920, -0.787143, -0.608912, 0.098142, 0.234080, 0.000000, 0.000000, 0.000000, 1.000000, 0.997167, 0.023406, 0.071488, 0.013698, 0.070327, 0.047141, -0.996409, 0.033114, -0.026692, 0.998614, 0.045362, -0.048645, 0.000000, 0.000000, 0.000000, 1.000000
2.8147, 31.5202, 22.9087, 193.7632, 265.2632, 0.9798, 234.1647, 13.6839, 33.0288, -48.6485, 0.578075, -0.783406, -0.228261, 0.031520, 0.787530, 0.608871, -0.095249, 0.022909, 0.213600, -0.124701, 0.968930, 0.193763, 0.000000, 0.000000, 0.000000, 1.000000, 0.213600, -0.124701, 0.968930, 0.265263, -0.578075, 0.783406, 0.228261, 0.000980, -0.787530, -0.608871, 0.095249, 0.234165, 0.000000, 0.000000, 0.000000, 1.000000, 0.997143, 0.023221, 0.071873, 0.013684, 0.070689, 0.048329, -0.996327, 0.033029, -0.026609, 0.998562, 0.046549, -0.048648, 0.000000, 0.000000, 0.000000, 1.000000
2.9123, 31.4435, 22.7773, 193.6512, 265.1512, 1.0565, 234.2962, 13.5634, 33.0714, -48.6535, 0.578237, -0.783499, -0.227534, 0.031443, 0.787709, 0.608767, -0.094431, 0.022777, 0.212501, -0.124627, 0.969181, 0.193651, 0.000000, 0.000000, 0.000000, 1.000000, 0.212501, -0.124627, 0.969181, 0.265151, -0.578237, 0.783499, 0.227534, 0.001057, -0.787709, -0.608767, 0.094431, 0.234296, 0.000000, 0.000000, 0.000000, 1.000000, 0.997187, 0.023191, 0.071282, 0.013563, 0.070103, 0.048178, -0.996376, 0.033071, -0.026542, 0.998569, 0.046417, -0.048653, 0.000000, 0.000000, 0.000000, 1.000000
3.0463, 31.3626, 22.6972, 193.6010, 265.1010, 1.1374, 234.3762, 13.5195, 33.0550, -48.6305, 0.578808, -0.783426, -0.226329, 0.031363, 0.787640, 0.608977, -0.093651, 0.022697, 0.211198, -0.124060, 0.969538, 0.193601, 0.000000, 0.000000, 0.000000, 1.000000, 0.211198, -0.124060, 0.969538, 0.265101, -0.578808, 0.783426, 0.226329, 0.001137, -0.787640, -0.608977, 0.093651, 0.234376, 0.000000, 0.000000, 0.000000, 1.000000, 0.997244, 0.023667, 0.070322, 0.013520, 0.069137, 0.047635, -0.996469, 0.033055, -0.026933, 0.998584, 0.045867, -0.048631, 0.000000, 0.000000, 0.000000, 1.000000
3.1909, 31.2992, 22.6103, 193.5620, 265.0620, 1.2008, 234.4631, 13.4888, 33.0285, -48.6265, 0.579239, -0.783432, -0.225205, 0.031299, 0.787903, 0.608924, -0.091766, 0.022610, 0.209025, -0.124285, 0.969980, 0.193562, 0.000000, 0.000000, 0.000000, 1.000000, 0.209025, -0.124285, 0.969980, 0.265062, -0.579239, 0.783432, 0.225205, 0.001201, -0.787903, -0.608924, 0.091766, 0.234463, 0.000000, 0.000000, 0.000000, 1.000000, 0.997263, 0.023680, 0.070035, 0.013489, 0.068846, 0.047780, -0.996482, 0.033029, -0.026943, 0.998577, 0.046019, -0.048627, 0.000000, 0.000000, 0.000000, 1.000000
3.3106, 31.2265, 22.5147, 193.5250, 265.0250, 1.2735, 234.5587, 13.4322, 33.0028, -48.6203, 0.579513, -0.783488, -0.224300, 0.031226, 0.788016, 0.608900, -0.090951, 0.022515, 0.207836, -0.124045, 0.970267, 0.193525, 0.000000, 0.000000, 0.000000, 1.000000, 0.207836, -0.124045, 0.970267, 0.265025, -0.579513, 0.783488, 0.224300, 0.001274, -0.788016, -0.608900, 0.090951, 0.234559, 0.000000, 0.000000, 0.000000, 1.000000, 0.997321, 0.023795, 0.069169, 0.013432, 0.067983, 0.047483, -0.996556, 0.033003, -0.026997, 0.998589, 0.045738, -0.048620, 0.000000, 0.000000, 0.000000, 1.000000
3.4146, 31.1621, 22.4160, 193.5896, 265.0896, 1.3379, 234.6575, 13.3960, 32.8850, -48.6313, 0.580387, -0.783429, -0.222238, 0.031162, 0.788328, 0.608946, -0.087879, 0.022416, 0.204178, -0.124192, 0.971024, 0.193590, 0.000000, 0.000000, 0.000000, 1.000000, 0.204178, -0.124192, 0.971024, 0.265090, -0.580387, 0.783429, 0.222238, 0.001338, -0.788328, -0.608946, 0.087879, 0.234657, 0.000000, 0.000000, 0.000000, 1.000000, 0.997181, 0.023911, 0.071128, 0.013396, 0.069932, 0.047602, -0.996415, 0.032885, -0.027211, 0.998580, 0.045796, -0.048631, 0.000000, 0.000000, 0.000000, 1.000000
3.5673, 31.0885, 22.3211, 193.4554, 264.9554, 1.4115, 234.7523, 13.3326, 32.9439, -48.6157, 0.580703, -0.783504, -0.221147, 0.031089, 0.788341, 0.608985, -0.087497, 0.022321, 0.203230, -0.123530, 0.971307, 0.193455, 0.000000, 0.000000, 0.000000, 1.000000, 0.203230, -0.123530, 0.971307, 0.264955, -0.580703, 0.783504, 0.221147, 0.001411, -0.788341, -0.608985, 0.087497, 0.234752, 0.000000, 0.000000, 0.000000, 1.000000, 0.997292, 0.024204, 0.069446, 0.013333, 0.068257, 0.046896, -0.996565, 0.032944, -0.027377, 0.998606, 0.045117, -0.048616, 0.000000, 0.000000, 0.000000, 1.000000
3.6762, 31.0306, 22.2220, 193.5058, 265.0058, 1.4694, 234.8514, 13.2983, 32.8405, -48.6309, 0.580863, -0.783333, -0.221330, 0.031031, 0.789103, 0.608616, -0.083079, 0.022222, 0.199783, -0.126394, 0.971654, 0.193506, 0.000000, 0.000000, 0.000000, 1.000000, 0.199783, -0.126394, 0.971654, 0.265006, -0.580863, 0.783333, 0.221330, 0.001469, -0.789103, -0.608616, 0.083079, 0.234851, 0.000000, 0.000000, 0.000000, 1.000000, 0.997199, 0.023332, 0.071056, 0.013298, 0.069834, 0.049577, -0.996326, 0.032841, -0.026769, 0.998498, 0.047809, -0.048631, 0.000000, 0.000000, 0.000000, 1.000000
3.8221, 30.9585, 22.1493, 193.5308, 265.0308, 1.5415, 234.9242, 13.2915, 32.7544, -48.6172, 0.581849, -0.783474, -0.218220, 0.030959, 0.788864, 0.608948, -0.082922, 0.022149, 0.197852, -0.123898, 0.972370, 0.193531, 0.000000, 0.000000, 0.000000, 1.000000, 0.197852, -0.123898, 0.972370, 0.265031, -0.581849, 0.783474, 0.218220, 0.001541, -0.788864, -0.608948, 0.082922, 0.234924, 0.000000, 0.000000, 0.000000, 1.000000, 0.997214, 0.024302, 0.070521, 0.013291, 0.069321, 0.047142, -0.996480, 0.032754, -0.027541, 0.998593, 0.045326, -0.048617, 0.000000, 0.000000, 0.000000, 1.000000
3.9281, 30.8803, 22.0416, 193.4490, 264.9490, 1.6197, 235.0318, 13.2019, 32.7737, -48.6097, 0.582204, -0.783345, -0.217736, 0.030880, 0.788954, 0.609024, -0.081493, 0.022042, 0.196444, -0.124338, 0.972600, 0.193449, 0.000000, 0.000000, 0.000000, 1.000000, 0.196444, -0.124338, 0.972600, 0.264949, -0.582204, 0.783345, 0.217736, 0.001620, -0.788954, -0.609024, 0.081493, 0.235032, 0.000000, 0.000000, 0.000000, 1.000000, 0.997238, 0.024406, 0.070148, 0.013202, 0.068932, 0.047562, -0.996487, 0.032774, -0.027656, 0.998570, 0.045748, -0.048610, 0.000000, 0.000000, 0.000000, 1.000000
4.0641, 30.8077, 21.9474, 193.4160, 264.9160, 1.6923, 235.1260, 13.1565, 32.7428, -48.6030, 0.582235, -0.783444, -0.217296, 0.030808, 0.789477, 0.608661, -0.079114, 0.021947, 0.194241, -0.125487, 0.972894, 0.193416, 0.000000, 0.000000, 0.000000, 1.000000, 0.194241, -0.125487, 0.972894, 0.264916, -0.582235, 0.783444, 0.217296, 0.001692, -0.789477, -0.608661, 0.079114, 0.235126, 0.000000, 0.000000, 0.000000, 1.000000, 0.997262, 0.023877, 0.069994, 0.013156, 0.068776, 0.048528, -0.996451, 0.032743, -0.027189, 0.998536, 0.046753, -0.048603, 0.000000, 0.000000, 0.000000, 1.000000
4.1770, 30.7595, 21.8454, 193.4567, 264.9567, 1.7405, 235.2280, 13.1239, 32.6492, -48.6270, 0.582958, -0.783467, -0.215268, 0.030759, 0.789830, 0.608591, -0.076063, 0.021845, 0.190603, -0.125684, 0.973588, 0.193457, 0.000000, 0.000000, 0.000000, 1.000000, 0.190603, -0.125684, 0.973588, 0.264957, -0.582958, 0.783467, 0.215268, 0.001741, -0.789830, -0.608591, 0.076063, 0.235228, 0.000000, 0.000000, 0.000000, 1.000000, 0.997137, 0.023853, 0.071756, 0.013124, 0.070533, 0.048658, -0.996322, 0.032649, -0.027257, 0.998531, 0.046837, -0.048627, 0.000000, 0.000000, 0.000000, 1.000000
4.3216, 30.6857, 21.7552, 193.4312, 264.9312, 1.8143, 235.3182, 13.0876, 32.6101, -48.6177, 0.583558, -0.783533, -0.213392, 0.030686, 0.789725, 0.608777, -0.075665, 0.021755, 0.189194, -0.124366, 0.974032, 0.193431, 0.000000, 0.000000, 0.000000, 1.000000, 0.189194, -0.124366, 0.974032, 0.264931, -0.583558, 0.783533, 0.213392, 0.001814, -0.789725, -0.608777, 0.075665, 0.235318, 0.000000, 0.000000, 0.000000, 1.000000, 0.997199, 0.024424, 0.070691, 0.013088, 0.069479, 0.047343, -0.996459, 0.032610, -0.027684, 0.998580, 0.045514, -0.048618, 0.000000, 0.000000, 0.000000, 1.000000
4.4332, 30.6030, 21.6701, 193.3719, 264.8719, 1.8970, 235.4034, 13.0230, 32.6105, -48.5954, 0.584034, -0.783472, -0.212310, 0.030603, 0.789654, 0.608956, -0.074959, 0.021670, 0.188016, -0.123873, 0.974323, 0.193372, 0.000000, 0.000000, 0.000000, 1.000000, 0.188016, -0.123873, 0.974323, 0.264872, -0.584034, 0.783472, 0.212310, 0.001897, -0.789654, -0.608956, 0.074959, 0.235403, 0.000000, 0.000000, 0.000000, 1.000000, 0.997240, 0.024816, 0.069980, 0.013023, 0.068764, 0.046862, -0.996532, 0.032610, -0.028010, 0.998593, 0.045026, -0.048595, 0.000000, 0.000000, 0.000000, 1.000000
4.5686, 30.5496, 21.5633, 193.4619, 264.9619, 1.9504, 235.5102, 13.0080, 32.4648, -48.6222, 0.584610, -0.783546, -0.210443, 0.030550, 0.790327, 0.608612, -0.070530, 0.021563, 0.183342, -0.125087, 0.975059, 0.193462, 0.000000, 0.000000, 0.000000, 1.000000, 0.183342, -0.125087, 0.975059, 0.264962, -0.584610, 0.783546, 0.210443, 0.001950, -0.790327, -0.608612, 0.070530, 0.235510, 0.000000, 0.000000, 0.000000, 1.000000, 0.997082, 0.024308, 0.072367, 0.013008, 0.071143, 0.047905, -0.996315, 0.032465, -0.027685, 0.998556, 0.046035, -0.048622, 0.000000, 0.000000, 0.000000, 1.000000
4.6830, 30.4622, 21.4722, 193.2721, 264.7721, 2.0378, 235.6012, 12.9051, 32.5893, -48.5884, 0.584630, -0.783459, -0.210713, 0.030462, 0.790157, 0.608761, -0.071139, 0.021472, 0.184009, -0.124907, 0.974956, 0.193272, 0.000000, 0.000000, 0.000000, 1.000000, 0.184009, -0.124907, 0.974956, 0.264772, -0.584630, 0.783459, 0.210713, 0.002038, -0.790157, -0.608761, 0.071139, 0.235601, 0.000000, 0.000000, 0.000000, 1.000000, 0.997263, 0.024616, 0.069716, 0.012905, 0.068485, 0.047724, -0.996510, 0.032589, -0.027857, 0.998557, 0.045907, -0.048588, 0.000000, 0.000000, 0.000000, 1.000000
4.9460, 30.4194, 21.3981, 193.3533, 264.8533, 2.0806, 235.6754, 12.9919, 32.4295, -48.6039, 0.585456, -0.783340, -0.208854, 0.030419, 0.790070, 0.609050, -0.069626, 0.021398, 0.181743, -0.124246, 0.975465, 0.193353, 0.000000, 0.000000, 0.000000, 1.000000, 0.181743, -0.124246, 0.975465, 0.264853, -0.585456, 0.783340, 0.208854, 0.002081, -0.790070, -0.609050, 0.069626, 0.235675, 0.000000, 0.000000, 0.000000, 1.000000, 0.997399, 0.025291, 0.067496, 0.012992, 0.066256, 0.047044, -0.996693, 0.032430, -0.028383, 0.998573, 0.045246, -0.048604, 0.000000, 0.000000, 0.000000, 1.000000
5.0436, 30.3440, 21.2896, 193.3041, 264.8041, 2.1560, 235.7839, 12.9069, 32.4230, -48.6020, 0.585939, -0.783454, -0.207064, 0.030344, 0.790266, 0.608987, -0.067930, 0.021290, 0.179319, -0.123833, 0.975966, 0.193304, 0.000000, 0.000000, 0.000000, 1.000000, 0.179319, -0.123833, 0.975966, 0.264804, -0.585939, 0.783454, 0.207064, 0.002156, -0.790266, -0.608987, 0.067930, 0.235784, 0.000000, 0.000000, 0.000000, 1.000000, 0.997345, 0.025358, 0.068261, 0.012907, 0.067030, 0.046569, -0.996664, 0.032423, -0.028452, 0.998593, 0.044745, -0.048602, 0.000000, 0.000000, 0.000000, 1.000000
5.1161, 30.2556, 21.1988, 193.2951, 264.7951, 2.2444, 235.8746, 12.8246, 32.3834, -48.5827, 0.586256, -0.783675, -0.205320, 0.030256, 0.790393, 0.608898, -0.067239, 0.021199, 0.177713, -0.122864, 0.976382, 0.193295, 0.000000, 0.000000, 0.000000, 1.000000, 0.177713, -0.122864, 0.976382, 0.264795, -0.586256, 0.783675, 0.205320, 0.002244, -0.790393, -0.608898, 0.067239, 0.235875, 0.000000, 0.000000, 0.000000, 1.000000, 0.997319, 0.025458, 0.068612, 0.012825, 0.067406, 0.045541, -0.996686, 0.032383, -0.028498, 0.998638, 0.043703, -0.048583, 0.000000, 0.000000, 0.000000, 1.000000
5.2229, 30.2099, 21.1167, 193.3682, 264.8682, 2.2901, 235.9568, 12.8116, 32.2672, -48.5998, 0.586648, -0.783631, -0.204369, 0.030210, 0.790838, 0.608689, -0.063821, 0.021117, 0.174409, -0.124182, 0.976811, 0.193368, 0.000000, 0.000000, 0.000000, 1.000000, 0.174409, -0.124182, 0.976811, 0.264868, -0.586648, 0.783631, 0.204369, 0.002290, -0.790838, -0.608689, 0.063821, 0.235957, 0.000000, 0.000000, 0.000000, 1.000000, 0.997224, 0.025084, 0.070114, 0.012812, 0.068889, 0.046746, -0.996529, 0.032267, -0.028275, 0.998592, 0.044889, -0.048600, 0.000000, 0.000000, 0.000000, 1.000000
5.3134, 30.1163, 21.0053, 193.2395, 264.7395, 2.3837, 236.0681, 12.6913, 32.3360, -48.5781, 0.587281, -0.783331, -0.203699, 0.030116, 0.790606, 0.609088, -0.062883, 0.021005, 0.173329, -0.124116, 0.977012, 0.193239, 0.000000, 0.000000, 0.000000, 1.000000, 0.173329, -0.124116, 0.977012, 0.264739, -0.587281, 0.783331, 0.203699, 0.002384, -0.790606, -0.609088, 0.062883, 0.236068, 0.000000, 0.000000, 0.000000, 1.000000, 0.997238, 0.025658, 0.069706, 0.012691, 0.068456, 0.046763, -0.996558, 0.032336, -0.028829, 0.998576, 0.044877, -0.048578, 0.000000, 0.000000, 0.000000, 1.000000
5.4398, 30.0643, 20.9365, 193.2808, 264.7808, 2.4357, 236.1370, 12.6886, 32.2474, -48.5797, 0.587696, -0.783341, -0.202462, 0.030064, 0.790750, 0.609072, -0.061198, 0.020936, 0.171253, -0.124132, 0.977376, 0.193281, 0.000000, 0.000000, 0.000000, 1.000000, 0.171253, -0.124132, 0.977376, 0.264781, -0.587696, 0.783341, 0.202462, 0.002436, -0.790750, -0.609072, 0.061198, 0.236137, 0.000000, 0.000000, 0.000000, 1.000000, 0.997241, 0.025740, 0.069625, 0.012689, 0.068372, 0.046717, -0.996565, 0.032247, -0.028904, 0.998576, 0.044828, -0.048580, 0.000000, 0.000000, 0.000000, 1.000000
5.5547, 29.9941, 20.8275, 193.2632, 264.7632, 2.5059, 236.2460, 12.6228, 32.2092, -48.5850, 0.588177, -0.783461, -0.200589, 0.029994, 0.790961, 0.608987, -0.059290, 0.020827, 0.168607, -0.123785, 0.977880, 0.193263, 0.000000, 0.000000, 0.000000, 1.000000, 0.168607, -0.123785, 0.977880, 0.264763, -0.588177, 0.783461, 0.200589, 0.002506, -0.790961, -0.608987, 0.059290, 0.236246, 0.000000, 0.000000, 0.000000, 1.000000, 0.997192, 0.025779, 0.070313, 0.012623, 0.069070, 0.046293, -0.996537, 0.032209, -0.028945, 0.998595, 0.044383, -0.048585, 0.000000, 0.000000, 0.000000, 1.000000
5.6900, 29.9143, 20.7291, 193.2164, 264.7164, 2.5857, 236.3444, 12.5654, 32.1946, -48.5738, 0.588769, -0.783390, -0.199124, 0.029914, 0.791044, 0.609074, -0.057252, 0.020729, 0.166132, -0.123807, 0.978300, 0.193216, 0.000000, 0.000000, 0.000000, 1.000000, 0.166132, -0.123807, 0.978300, 0.264716, -0.588769, 0.783390, 0.199124, 0.002586, -0.791044, -0.609074, 0.057252, 0.236344, 0.000000, 0.000000, 0.000000, 1.000000, 0.997174, 0.025993, 0.070489, 0.012565, 0.069237, 0.046280, -0.996526, 0.032195, -0.029165, 0.998590, 0.044350, -0.048574, 0.000000, 0.000000, 0.000000, 1.000000
5.8159, 29.8513, 20.6332, 193.1984, 264.6984, 2.6487, 236.4403, 12.5206, 32.1567, -48.5772, 0.589088, -0.783402, -0.198135, 0.029851, 0.791183, 0.609035, -0.055733, 0.020633, 0.164332, -0.123929, 0.978589, 0.193198, 0.000000, 0.000000, 0.000000, 1.000000, 0.164332, -0.123929, 0.978589, 0.264698, -0.589088, 0.783402, 0.198135, 0.002649, -0.791183, -0.609035, 0.055733, 0.236440, 0.000000, 0.000000, 0.000000, 1.000000, 0.997198, 0.026028, 0.070129, 0.012521, 0.068874, 0.046337, -0.996549, 0.032157, -0.029188, 0.998587, 0.044415, -0.048577, 0.000000, 0.000000, 0.000000, 1.000000
5.9548, 29.7854, 20.5346, 193.1599, 264.6599, 2.7146, 236.5388, 12.4745, 32.1369, -48.5781, 0.589485, -0.783271, -0.197469, 0.029785, 0.791205, 0.609139, -0.054273, 0.020535, 0.162797, -0.124245, 0.978806, 0.193160, 0.000000, 0.000000, 0.000000, 1.000000, 0.162797, -0.124245, 0.978806, 0.264660, -0.589485, 0.783271, 0.197469, 0.002715, -0.791205, -0.609139, 0.054273, 0.236539, 0.000000, 0.000000, 0.000000, 1.000000, 0.997252, 0.026224, 0.069294, 0.012475, 0.068022, 0.046621, -0.996594, 0.032137, -0.029366, 0.998568, 0.044709, -0.048578, 0.000000, 0.000000, 0.000000, 1.000000
6.0649, 29.7079, 20.4432, 193.1578, 264.6578, 2.7921, 236.6303, 12.4193, 32.0872, -48.5685, 0.589719, -0.783373, -0.196361, 0.029708, 0.791515, 0.608920, -0.052151, 0.020443, 0.160422, -0.124669, 0.979144, 0.193158, 0.000000, 0.000000, 0.000000, 1.000000, 0.160422, -0.124669, 0.979144, 0.264658, -0.589719, 0.783373, 0.196361, 0.002792, -0.791515, -0.608920, 0.052151, 0.236630, 0.000000, 0.000000, 0.000000, 1.000000, 0.997224, 0.025986, 0.069777, 0.012419, 0.068507, 0.046931, -0.996546, 0.032087, -0.029171, 0.998560, 0.045021, -0.048569, 0.000000, 0.000000, 0.000000, 1.000000
6.2018, 29.6587, 20.3686, 193.2122, 264.7122, 2.8413, 236.7048, 12.4210, 31.9850, -48.5768, 0.590341, -0.783500, -0.193971, 0.029659, 0.791468, 0.609051, -0.051327, 0.020369, 0.158353, -0.123221, 0.979664, 0.193212, 0.000000, 0.000000, 0.000000, 1.000000, 0.158353, -0.123221, 0.979664, 0.264712, -0.590341, 0.783500, 0.193971, 0.002841, -0.791468, -0.609051, 0.051327, 0.236705, 0.000000, 0.000000, 0.000000, 1.000000, 0.997231, 0.026456, 0.069498, 0.012421, 0.068250, 0.045456, -0.996632, 0.031985, -0.029526, 0.998616, 0.043524, -0.048577, 0.000000, 0.000000, 0.000000, 1.000000
6.3147, 29.5779, 20.2588, 193.1590, 264.6590, 2.9221, 236.8147, 12.3393, 31.9818, -48.5710, 0.590636, -0.783556, -0.192844, 0.029578, 0.791662, 0.608946, -0.049567, 0.020259, 0.156270, -0.123392, 0.979977, 0.193159, 0.000000, 0.000000, 0.000000, 1.000000, 0.156270, -0.123392, 0.979977, 0.264659, -0.590636, 0.783556, 0.192844, 0.002922, -0.791662, -0.608946, 0.049567, 0.236815, 0.000000, 0.000000, 0.000000, 1.000000, 0.997223, 0.026392, 0.069639, 0.012339, 0.068392, 0.045544, -0.996618, 0.031982, -0.029474, 0.998614, 0.043613, -0.048571, 0.000000, 0.000000, 0.000000, 1.000000
6.4516, 29.4898, 20.1418, 193.1194, 264.6194, 3.0102, 236.9316, 12.2643, 31.9584, -48.5645, 0.591150, -0.783299, -0.192311, 0.029490, 0.791867, 0.608947, -0.046150, 0.020142, 0.153257, -0.125003, 0.980248, 0.193119, 0.000000, 0.000000, 0.000000, 1.000000, 0.153257, -0.125003, 0.980248, 0.264619, -0.591150, 0.783299, 0.192311, 0.003010, -0.791867, -0.608947, 0.046150, 0.236932, 0.000000, 0.000000, 0.000000, 1.000000, 0.997175, 0.026292, 0.070355, 0.012264, 0.069065, 0.047098, -0.996500, 0.031958, -0.029514, 0.998544, 0.045149, -0.048565, 0.000000, 0.000000, 0.000000, 1.000000
6.5549, 29.4292, 20.0903, 193.1747, 264.6747, 3.0708, 236.9832, 12.2588, 31.8641, -48.5503, 0.591869, -0.783485, -0.189319, 0.029429, 0.791770, 0.609122, -0.045501, 0.020090, 0.150968, -0.122967, 0.980861, 0.193175, 0.000000, 0.000000, 0.000000, 1.000000, 0.150968, -0.122967, 0.980861, 0.264675, -0.591869, 0.783485, 0.189319, 0.003071, -0.791770, -0.609122, 0.045501, 0.236983, 0.000000, 0.000000, 0.000000, 1.000000, 0.997124, 0.026856, 0.070875, 0.012259, 0.069621, 0.045056, -0.996555, 0.031864, -0.029957, 0.998623, 0.043057, -0.048550, 0.000000, 0.000000, 0.000000, 1.000000
6.7036, 29.3715, 19.9921, 193.1533, 264.6533, 3.1285, 237.0813, 12.2263, 31.8293, -48.5591, 0.592126, -0.783569, -0.188166, 0.029372, 0.792023, 0.608944, -0.043430, 0.019992, 0.148613, -0.123315, 0.981177, 0.193153, 0.000000, 0.000000, 0.000000, 1.000000, 0.148613, -0.123315, 0.981177, 0.264653, -0.592126, 0.783569, 0.188166, 0.003128, -0.792023, -0.608944, 0.043430, 0.237081, 0.000000, 0.000000, 0.000000, 1.000000, 0.997143, 0.026709, 0.070652, 0.012226, 0.069397, 0.045287, -0.996561, 0.031829, -0.029817, 0.998617, 0.043304, -0.048559, 0.000000, 0.000000, 0.000000, 1.000000
6.8098, 29.2902, 19.8845, 193.1041, 264.6041, 3.2098, 237.1889, 12.1430, 31.8240, -48.5518, 0.592369, -0.783459, -0.187859, 0.029290, 0.792071, 0.608976, -0.042103, 0.019885, 0.147388, -0.123857, 0.981293, 0.193104, 0.000000, 0.000000, 0.000000, 1.000000, 0.147388, -0.123857, 0.981293, 0.264604, -0.592369, 0.783459, 0.187859, 0.003210, -0.792071, -0.608976, 0.042103, 0.237189, 0.000000, 0.000000, 0.000000, 1.000000, 0.997183, 0.026763, 0.070075, 0.012143, 0.068803, 0.045794, -0.996579, 0.031824, -0.029881, 0.998592, 0.043824, -0.048552, 0.000000, 0.000000, 0.000000, 1.000000
6.9357, 29.2194, 19.7789, 193.0632, 264.5632, 3.2806, 237.2945, 12.0801, 31.8106, -48.5526, 0.592758, -0.783445, -0.186685, 0.029219, 0.792151, 0.608984, -0.040451, 0.019779, 0.145380, -0.123905, 0.981587, 0.193063, 0.000000, 0.000000, 0.000000, 1.000000, 0.145380, -0.123905, 0.981587, 0.264563, -0.592758, 0.783445, 0.186685, 0.003281, -0.792151, -0.608984, 0.040451, 0.237295, 0.000000, 0.000000, 0.000000, 1.000000, 0.997190, 0.026868, 0.069928, 0.012080, 0.068652, 0.045785, -0.996589, 0.031811, -0.029978, 0.998590, 0.043812, -0.048553, 0.000000, 0.000000, 0.000000, 1.000000
7.0785, 29.1489, 19.6847, 193.0622, 264.5622, 3.3511, 237.3888, 12.0441, 31.7566, -48.5505, 0.593009, -0.783331, -0.186367, 0.029149, 0.792269, 0.608952, -0.038571, 0.019685, 0.143702, -0.124780, 0.981723, 0.193062, 0.000000, 0.000000, 0.000000, 1.000000, 0.143702, -0.124780, 0.981723, 0.264562, -0.593009, 0.783331, 0.186367, 0.003351, -0.792269, -0.608952, 0.038571, 0.237389, 0.000000, 0.000000, 0.000000, 1.000000, 0.997245, 0.026838, 0.069160, 0.012044, 0.067862, 0.046588, -0.996606, 0.031757, -0.029969, 0.998554, 0.044639, -0.048550, 0.000000, 0.000000, 0.000000, 1.000000
7.1851, 29.0922, 19.6043, 193.1220, 264.6220, 3.4078, 237.4691, 12.0192, 31.6557, -48.5566, 0.593941, -0.783510, -0.182610, 0.029092, 0.792278, 0.609073, -0.036408, 0.019604, 0.139748, -0.123054, 0.982511, 0.193122, 0.000000, 0.000000, 0.000000, 1.000000, 0.139748, -0.123054, 0.982511, 0.264622, -0.593941, 0.783510, 0.182610, 0.003408, -0.792278, -0.609073, 0.036408, 0.237469, 0.000000, 0.000000, 0.000000, 1.000000, 0.997082, 0.027278, 0.071304, 0.012019, 0.070038, 0.044836, -0.996536, 0.031656, -0.030380, 0.998622, 0.042795, -0.048557, 0.000000, 0.000000, 0.000000, 1.000000
7.3268, 29.0146, 19.5262, 193.1401, 264.6401, 3.4854, 237.5472, 11.9948, 31.5846, -48.5408, 0.594171, -0.783543, -0.181718, 0.029015, 0.792293, 0.609093, -0.035729, 0.019526, 0.138678, -0.122745, 0.982701, 0.193140, 0.000000, 0.000000, 0.000000, 1.000000, 0.138678, -0.122745, 0.982701, 0.264640, -0.594171, 0.783543, 0.181718, 0.003485, -0.792293, -0.609093, 0.035729, 0.237547, 0.000000, 0.000000, 0.000000, 1.000000, 0.997174, 0.027449, 0.069929, 0.011995, 0.068668, 0.044464, -0.996648, 0.031585, -0.030466, 0.998634, 0.042453, -0.048541, 0.000000, 0.000000, 0.000000, 1.000000
7.4558, 28.9488, 19.4221, 193.0452, 264.5452, 3.5512, 237.6513, 11.9267, 31.6257, -48.5403, 0.594537, -0.783427, -0.181019, 0.028949, 0.792138, 0.609317, -0.035352, 0.019422, 0.137994, -0.122374, 0.982844, 0.193045, 0.000000, 0.000000, 0.000000, 1.000000, 0.137994, -0.122374, 0.982844, 0.264545, -0.594537, 0.783427, 0.181019, 0.003551, -0.792138, -0.609317, 0.035352, 0.237651, 0.000000, 0.000000, 0.000000, 1.000000, 0.997269, 0.027870, 0.068392, 0.011927, 0.067126, 0.044087, -0.996770, 0.031626, -0.030795, 0.998639, 0.042096, -0.048540, 0.000000, 0.000000, 0.000000, 1.000000
7.5604, 28.8808, 19.3188, 193.0514, 264.5514, 3.6192, 237.7547, 11.8645, 31.5735, -48.5461, 0.594715, -0.783522, -0.180018, 0.028881, 0.792745, 0.608778, -0.030736, 0.019319, 0.133673, -0.124429, 0.983183, 0.193051, 0.000000, 0.000000, 0.000000, 1.000000, 0.133673, -0.124429, 0.983183, 0.264551, -0.594715, 0.783522, 0.180018, 0.003619, -0.792745, -0.608778, 0.030736, 0.237755, 0.000000, 0.000000, 0.000000, 1.000000, 0.997115, 0.027052, 0.070914, 0.011864, 0.069625, 0.045963, -0.996514, 0.031573, -0.030217, 0.998577, 0.043947, -0.048546, 0.000000, 0.000000, 0.000000, 1.000000
7.7043, 28.8061, 19.2292, 193.0472, 264.5472, 3.6939, 237.8443, 11.8288, 31.5241, -48.5375, 0.595404, -0.783534, -0.177678, 0.028806, 0.792529, 0.609087, -0.030198, 0.019229, 0.131882, -0.122835, 0.983625, 0.193047, 0.000000, 0.000000, 0.000000, 1.000000, 0.131882, -0.122835, 0.983625, 0.264547, -0.595404, 0.783534, 0.177678, 0.003694, -0.792529, -0.609087, 0.030198, 0.237844, 0.000000, 0.000000, 0.000000, 1.000000, 0.997144, 0.027724, 0.070248, 0.011829, 0.068979, 0.044371, -0.996631, 0.031524, -0.030747, 0.998630, 0.042331, -0.048537, 0.000000, 0.000000, 0.000000, 1.000000
7.8249, 28.7277, 19.1157, 192.9867, 264.4867, 3.7723, 237.9577, 11.7480, 31.5314, -48.5351, 0.595531, -0.783461, -0.177571, 0.028728, 0.792807, 0.608855, -0.027448, 0.019116, 0.129619, -0.124434, 0.983725, 0.192987, 0.000000, 0.000000, 0.000000, 1.000000, 0.129619, -0.124434, 0.983725, 0.264487, -0.595531, 0.783461, 0.177571, 0.003772, -0.792807, -0.608855, 0.027448, 0.237958, 0.000000, 0.000000, 0.000000, 1.000000, 0.997140, 0.027359, 0.070444, 0.011748, 0.069144, 0.045862, -0.996552, 0.031531, -0.030496, 0.998573, 0.043839, -0.048535, 0.000000, 0.000000, 0.000000, 1.000000
8.0279, 28.6586, 19.0283, 192.9371, 264.4371, 3.8414, 238.0451, 11.7410, 31.5163, -48.5259, 0.595555, -0.783564, -0.177039, 0.028659, 0.793059, 0.608598, -0.025787, 0.019028, 0.127951, -0.125044, 0.983866, 0.192937, 0.000000, 0.000000, 0.000000, 1.000000, 0.127951, -0.125044, 0.983866, 0.264437, -0.595555, 0.783564, 0.177039, 0.003841, -0.793059, -0.608598, 0.025787, 0.238045, 0.000000, 0.000000, 0.000000, 1.000000, 0.997277, 0.027140, 0.068575, 0.011741, 0.067272, 0.046316, -0.996659, 0.031516, -0.030226, 0.998558, 0.044364, -0.048526, 0.000000, 0.000000, 0.000000, 1.000000
8.1264, 28.5820, 18.9524, 192.9814, 264.4814, 3.9180, 238.1210, 11.6997, 31.4293, -48.5120, 0.596148, -0.783502, -0.175307, 0.028582, 0.792574, 0.609164, -0.027321, 0.018952, 0.128196, -0.122656, 0.984135, 0.192981, 0.000000, 0.000000, 0.000000, 1.000000, 0.128196, -0.122656, 0.984135, 0.264481, -0.596148, 0.783502, 0.175307, 0.003918, -0.792574, -0.609164, 0.027321, 0.238121, 0.000000, 0.000000, 0.000000, 1.000000, 0.997379, 0.028164, 0.066650, 0.011700, 0.065374, 0.044009, -0.996890, 0.031429, -0.031009, 0.998634, 0.042052, -0.048512, 0.000000, 0.000000, 0.000000, 1.000000
8.2096, 28.5200, 18.8433, 193.0368, 264.5368, 3.9800, 238.2301, 11.6331, 31.3357, -48.5302, 0.596674, -0.783531, -0.173376, 0.028520, 0.793107, 0.608706, -0.021419, 0.018843, 0.122317, -0.124726, 0.984623, 0.193037, 0.000000, 0.000000, 0.000000, 1.000000, 0.122317, -0.124726, 0.984623, 0.264537, -0.596674, 0.783531, 0.173376, 0.003980, -0.793107, -0.608706, 0.021419, 0.238230, 0.000000, 0.000000, 0.000000, 1.000000, 0.997089, 0.027452, 0.071133, 0.011633, 0.069826, 0.045939, -0.996501, 0.031336, -0.030624, 0.998567, 0.043889, -0.048530, 0.000000, 0.000000, 0.000000, 1.000000
8.3301, 28.4391, 18.7609, 192.9328, 264.4328, 4.0609, 238.3125, 11.5677, 31.3901, -48.5039, 0.596950, -0.783494, -0.172591, 0.028439, 0.792637, 0.609218, -0.024066, 0.018761, 0.124001, -0.122436, 0.984700, 0.192933, 0.000000, 0.000000, 0.000000, 1.000000, 0.124001, -0.122436, 0.984700, 0.264433, -0.596950, 0.783494, 0.172591, 0.004061, -0.792637, -0.609218, 0.024066, 0.238313, 0.000000, 0.000000, 0.000000, 1.000000, 0.997324, 0.028409, 0.067360, 0.011568, 0.066083, 0.043699, -0.996857, 0.031390, -0.031263, 0.998641, 0.041705, -0.048504, 0.000000, 0.000000, 0.000000, 1.000000
8.4327, 28.3831, 18.6753, 193.0691, 264.5691, 4.1169, 238.3982, 11.5482, 31.2173, -48.5202, 0.597533, -0.783698, -0.169623, 0.028383, 0.793088, 0.608810, -0.019027, 0.018675, 0.118179, -0.123157, 0.985325, 0.193069, 0.000000, 0.000000, 0.000000, 1.000000, 0.118179, -0.123157, 0.985325, 0.264569, -0.597533, 0.783698, 0.169623, 0.004117, -0.793088, -0.608810, 0.019027, 0.238398, 0.000000, 0.000000, 0.000000, 1.000000, 0.997055, 0.027911, 0.071428, 0.011548, 0.070153, 0.044277, -0.996553, 0.031217, -0.030977, 0.998629, 0.042189, -0.048520, 0.000000, 0.000000, 0.000000, 1.000000
8.5770, 28.3158, 18.5660, 192.9982, 264.4982, 4.1842, 238.5075, 11.4879, 31.2350, -48.5234, 0.597949, -0.783539, -0.168892, 0.028316, 0.793050, 0.608913, -0.017192, 0.018566, 0.116311, -0.123660, 0.985485, 0.192998, 0.000000, 0.000000, 0.000000, 1.000000, 0.116311, -0.123660, 0.985485, 0.264498, -0.597949, 0.783539, 0.168892, 0.004184, -0.793050, -0.608913, 0.017192, 0.238507, 0.000000, 0.000000, 0.000000, 1.000000, 0.997092, 0.028103, 0.070837, 0.011488, 0.069539, 0.044738, -0.996576, 0.031235, -0.031176, 0.998603, 0.042654, -0.048523, 0.000000, 0.000000, 0.000000, 1.000000
8.7025, 28.2531, 18.4562, 192.9539, 264.4539, 4.2469, 238.6173, 11.4247, 31.2315, -48.5329, 0.598397, -0.783377, -0.168052, 0.028253, 0.792945, 0.609089, -0.015770, 0.018456, 0.114712, -0.123819, 0.985652, 0.192954, 0.000000, 0.000000, 0.000000, 1.000000, 0.114712, -0.123819, 0.985652, 0.264454, -0.598397, 0.783377, 0.168052, 0.004247, -0.792945, -0.609089, 0.015770, 0.238617, 0.000000, 0.000000, 0.000000, 1.000000, 0.997122, 0.028404, 0.070297, 0.011425, 0.068983, 0.044877, -0.996608, 0.031231, -0.031463, 0.998589, 0.042788, -0.048533, 0.000000, 0.000000, 0.000000, 1.000000
8.8396, 28.1814, 18.3904, 192.9929, 264.4929, 4.3186, 238.6830, 11.4129, 31.1471, -48.5166, 0.598690, -0.783593, -0.165990, 0.028181, 0.792979, 0.609062, -0.015111, 0.018390, 0.112940, -0.122580, 0.986012, 0.192993, 0.000000, 0.000000, 0.000000, 1.000000, 0.112940, -0.122580, 0.986012, 0.264493, -0.598690, 0.783593, 0.165990, 0.004319, -0.792979, -0.609062, 0.015111, 0.238683, 0.000000, 0.000000, 0.000000, 1.000000, 0.997160, 0.028589, 0.069668, 0.011413, 0.068388, 0.043554, -0.996708, 0.031147, -0.031529, 0.998642, 0.041475, -0.048517, 0.000000, 0.000000, 0.000000, 1.000000
8.9453, 28.1155, 18.3014, 192.9406, 264.4406, 4.3845, 238.7721, 11.3521, 31.1576, -48.5107, 0.598888, -0.783663, -0.164939, 0.028115, 0.792838, 0.609228, -0.015810, 0.018301, 0.112875, -0.121301, 0.986177, 0.192941, 0.000000, 0.000000, 0.000000, 1.000000, 0.112875, -0.121301, 0.986177, 0.264441, -0.598888, 0.783663, 0.164939, 0.004385, -0.792838, -0.609228, 0.015810, 0.238772, 0.000000, 0.000000, 0.000000, 1.000000, 0.997272, 0.028989, 0.067888, 0.011352, 0.066633, 0.042251, -0.996883, 0.031158, -0.031767, 0.998686, 0.040204, -0.048511, 0.000000, 0.000000, 0.000000, 1.000000
9.0776, 28.0316, 18.1766, 192.9707, 264.4707, 4.4684, 238.8969, 11.2812, 31.0760, -48.5182, 0.599450, -0.783540, -0.163474, 0.028032, 0.793098, 0.609000, -0.010726, 0.018177, 0.107960, -0.123221, 0.986489, 0.192971, 0.000000, 0.000000, 0.000000, 1.000000, 0.107960, -0.123221, 0.986489, 0.264471, -0.599450, 0.783540, 0.163474, 0.004468, -0.793098, -0.609000, 0.010726, 0.238897, 0.000000, 0.000000, 0.000000, 1.000000, 0.997096, 0.028638, 0.070571, 0.011281, 0.069271, 0.044068, -0.996624, 0.031076, -0.031651, 0.998618, 0.041956, -0.048518, 0.000000, 0.000000, 0.000000, 1.000000
9.2145, 27.9831, 18.1104, 192.9728, 264.4728, 4.5169, 238.9631, 11.2749, 31.0328, -48.5177, 0.599491, -0.783637, -0.162861, 0.027983, 0.793259, 0.608812, -0.009435, 0.018110, 0.106545, -0.123534, 0.986604, 0.192973, 0.000000, 0.000000, 0.000000, 1.000000, 0.106545, -0.123534, 0.986604, 0.264473, -0.599491, 0.783637, 0.162861, 0.004517, -0.793259, -0.608812, 0.009435, 0.238963, 0.000000, 0.000000, 0.000000, 1.000000, 0.997168, 0.028483, 0.069598, 0.011275, 0.068299, 0.044273, -0.996682, 0.031033, -0.031470, 0.998613, 0.042202, -0.048518, 0.000000, 0.000000, 0.000000, 1.000000
9.3355, 27.8868, 18.0040, 192.9854, 264.4854, 4.6132, 239.0695, 11.2025, 30.9708, -48.5030, 0.600241, -0.783636, -0.160079, 0.027887, 0.793102, 0.609041, -0.007581, 0.018004, 0.103435, -0.122409, 0.987075, 0.192985, 0.000000, 0.000000, 0.000000, 1.000000, 0.103435, -0.122409, 0.987075, 0.264485, -0.600241, 0.783636, 0.160079, 0.004613, -0.793102, -0.609041, 0.007581, 0.239069, 0.000000, 0.000000, 0.000000, 1.000000, 0.997082, 0.028953, 0.070632, 0.011203, 0.069350, 0.043128, -0.996660, 0.030971, -0.031903, 0.998650, 0.040994, -0.048503, 0.000000, 0.000000, 0.000000, 1.000000
9.4410, 27.8315, 17.9281, 192.9930, 264.4930, 4.6685, 239.1453, 11.1677, 30.9270, -48.5031, 0.600386, -0.783696, -0.159242, 0.027831, 0.793143, 0.608998, -0.006766, 0.017928, 0.102281, -0.122240, 0.987216, 0.192993, 0.000000, 0.000000, 0.000000, 1.000000, 0.102281, -0.122240, 0.987216, 0.264493, -0.600386, 0.783696, 0.159242, 0.004669, -0.793143, -0.608998, 0.006766, 0.239145, 0.000000, 0.000000, 0.000000, 1.000000, 0.997128, 0.028992, 0.069967, 0.011168, 0.068691, 0.042895, -0.996715, 0.030927, -0.031898, 0.998659, 0.040780, -0.048503, 0.000000, 0.000000, 0.000000, 1.000000
9.5930, 27.7530, 17.8248, 193.0346, 264.5346, 4.7470, 239.2486, 11.1292, 30.8329, -48.5034, 0.601019, -0.783821, -0.156205, 0.027753, 0.793237, 0.608904, -0.003339, 0.017825, 0.097731, -0.121901, 0.987719, 0.193035, 0.000000, 0.000000, 0.000000, 1.000000, 0.097731, -0.121901, 0.987719, 0.264535, -0.601019, 0.783821, 0.156205, 0.004747, -0.793237, -0.608904, 0.003339, 0.239249, 0.000000, 0.000000, 0.000000, 1.000000, 0.996991, 0.029015, 0.071884, 0.011129, 0.070620, 0.042460, -0.996599, 0.030833, -0.031968, 0.998677, 0.040283, -0.048503, 0.000000, 0.000000, 0.000000, 1.000000
9.6963, 27.6882, 17.7328, 192.9298, 264.4298, 4.8118, 239.3407, 11.0566, 30.8975, -48.4958, 0.601065, -0.783694, -0.156667, 0.027688, 0.793074, 0.609111, -0.004264, 0.017733, 0.098769, -0.121686, 0.987642, 0.192930, 0.000000, 0.000000, 0.000000, 1.000000, 0.098769, -0.121686, 0.987642, 0.264430, -0.601065, 0.783694, 0.156667, 0.004812, -0.793074, -0.609111, 0.004264, 0.239341, 0.000000, 0.000000, 0.000000, 1.000000, 0.997180, 0.029365, 0.069066, 0.011057, 0.067797, 0.042234, -0.996805, 0.030897, -0.032188, 0.998676, 0.040124, -0.048496, 0.000000, 0.000000, 0.000000, 1.000000
9.8249, 27.6131, 17.6410, 192.9061, 264.4061, 4.8869, 239.4325, 11.0051, 30.8763, -48.4864, 0.601283, -0.783583, -0.156388, 0.027613, 0.793195, 0.608966, -0.001544, 0.017641, 0.096444, -0.123118, 0.987695, 0.192906, 0.000000, 0.000000, 0.000000, 1.000000, 0.096444, -0.123118, 0.987695, 0.264406, -0.601283, 0.783583, 0.156388, 0.004887, -0.793195, -0.608966, 0.001544, 0.239432, 0.000000, 0.000000, 0.000000, 1.000000, 0.997176, 0.029175, 0.069203, 0.011005, 0.067898, 0.043583, -0.996740, 0.030876, -0.032096, 0.998624, 0.041479, -0.048486, 0.000000, 0.000000, 0.000000, 1.000000
9.9580, 27.5448, 17.5556, 192.9780, 264.4780, 4.9552, 239.5179, 10.9808, 30.7619, -48.4872, 0.601812, -0.783925, -0.152589, 0.027545, 0.793279, 0.608858, 0.000698, 0.017556, 0.092358, -0.121465, 0.988290, 0.192978, 0.000000, 0.000000, 0.000000, 1.000000, 0.092358, -0.121465, 0.988290, 0.264478, -0.601812, 0.783925, 0.152589, 0.004955, -0.793279, -0.608858, -0.000698, 0.239518, 0.000000, 0.000000, 0.000000, 1.000000, 0.997052, 0.029257, 0.070938, 0.010981, 0.069685, 0.041826, -0.996692, 0.030762, -0.032127, 0.998696, 0.039664, -0.048487, 0.000000, 0.000000, 0.000000, 1.000000
10.0740, 27.4592, 17.4338, 192.8296, 264.3296, 5.0408, 239.6397, 10.8727, 30.8625, -48.4763, 0.601950, -0.783397, -0.154742, 0.027459, 0.793127, 0.609054, 0.001884, 0.017434, 0.092770, -0.123865, 0.987953, 0.192830, 0.000000, 0.000000, 0.000000, 1.000000, 0.092770, -0.123865, 0.987953, 0.264330, -0.601950, 0.783397, 0.154742, 0.005041, -0.793127, -0.609054, -0.001884, 0.239640, 0.000000, 0.000000, 0.000000, 1.000000, 0.997210, 0.029424, 0.068606, 0.010873, 0.067270, 0.044227, -0.996754, 0.030862, -0.032362, 0.998588, 0.042124, -0.048476, 0.000000, 0.000000, 0.000000, 1.000000
10.2219, 27.4136, 17.3319, 192.8819, 264.3819, 5.0864, 239.7416, 10.8521, 30.7678, -48.5033, 0.602457, -0.783415, -0.152668, 0.027414, 0.793121, 0.609048, 0.004477, 0.017332, 0.089475, -0.123782, 0.988267, 0.192882, 0.000000, 0.000000, 0.000000, 1.000000, 0.089475, -0.123782, 0.988267, 0.264382, -0.602457, 0.783415, 0.152668, 0.005086, -0.793121, -0.609048, -0.004477, 0.239742, 0.000000, 0.000000, 0.000000, 1.000000, 0.997155, 0.029536, 0.069356, 0.010852, 0.068020, 0.044066, -0.996710, 0.030768, -0.032495, 0.998592, 0.041932, -0.048503, 0.000000, 0.000000, 0.000000, 1.000000
10.3357, 27.3332, 17.2722, 192.9430, 264.4430, 5.1668, 239.8013, 10.8285, 30.6688, -48.4783, 0.602779, -0.783742, -0.149690, 0.027333, 0.792979, 0.609240, 0.003367, 0.017272, 0.088558, -0.120731, 0.988727, 0.192943, 0.000000, 0.000000, 0.000000, 1.000000, 0.088558, -0.120731, 0.988727, 0.264443, -0.602779, 0.783742, 0.149690, 0.005167, -0.792979, -0.609240, -0.003367, 0.239801, 0.000000, 0.000000, 0.000000, 1.000000, 0.997216, 0.030057, 0.068237, 0.010829, 0.066982, 0.040966, -0.996913, 0.030669, -0.032760, 0.998708, 0.038839, -0.048478, 0.000000, 0.000000, 0.000000, 1.000000
10.4555, 27.2639, 17.1707, 192.9640, 264.4640, 5.2361, 239.9028, 10.7743, 30.6073, -48.4831, 0.603327, -0.783694, -0.147718, 0.027264, 0.792994, 0.609191, 0.006875, 0.017171, 0.084600, -0.121287, 0.989006, 0.192964, 0.000000, 0.000000, 0.000000, 1.000000, 0.084600, -0.121287, 0.989006, 0.264464, -0.603327, 0.783694, 0.147718, 0.005236, -0.792994, -0.609191, -0.006875, 0.239903, 0.000000, 0.000000, 0.000000, 1.000000, 0.997084, 0.030047, 0.070154, 0.010774, 0.068882, 0.041455, -0.996763, 0.030607, -0.032858, 0.998688, 0.039264, -0.048483, 0.000000, 0.000000, 0.000000, 1.000000
10.5880, 27.1841, 17.0635, 192.8688, 264.3688, 5.3159, 240.0099, 10.6989, 30.6560, -48.4730, 0.603348, -0.783427, -0.149042, 0.027184, 0.793052, 0.609090, 0.008779, 0.017064, 0.083902, -0.123495, 0.988792, 0.192869, 0.000000, 0.000000, 0.000000, 1.000000, 0.083902, -0.123495, 0.988792, 0.264369, -0.603348, 0.783427, 0.149042, 0.005316, -0.793052, -0.609090, -0.008779, 0.240010, 0.000000, 0.000000, 0.000000, 1.000000, 0.997196, 0.029886, 0.068607, 0.010699, 0.067272, 0.043595, -0.996782, 0.030656, -0.032781, 0.998602, 0.041463, -0.048473, 0.000000, 0.000000, 0.000000, 1.000000
10.7018, 27.1096, 16.9618, 192.8461, 264.3461, 5.3904, 240.1117, 10.6317, 30.6385, -48.4701, 0.603717, -0.783667, -0.146260, 0.027110, 0.793054, 0.609067, 0.010080, 0.016962, 0.081183, -0.122078, 0.989195, 0.192846, 0.000000, 0.000000, 0.000000, 1.000000, 0.081183, -0.122078, 0.989195, 0.264346, -0.603717, 0.783667, 0.146260, 0.005390, -0.793054, -0.609067, -0.010080, 0.240112, 0.000000, 0.000000, 0.000000, 1.000000, 0.997143, 0.030025, 0.069320, 0.010632, 0.068028, 0.042100, -0.996795, 0.030639, -0.032847, 0.998662, 0.039937, -0.048470, 0.000000, 0.000000, 0.000000, 1.000000
10.8369, 27.0352, 16.8811, 192.8565, 264.3565, 5.4648, 240.1923, 10.5978, 30.5864, -48.4579, 0.604059, -0.783644, -0.144966, 0.027035, 0.792886, 0.609283, 0.010273, 0.016881, 0.080274, -0.121147, 0.989383, 0.192856, 0.000000, 0.000000, 0.000000, 1.000000, 0.080274, -0.121147, 0.989383, 0.264356, -0.604059, 0.783644, 0.144966, 0.005465, -0.792886, -0.609283, -0.010273, 0.240192, 0.000000, 0.000000, 0.000000, 1.000000, 0.997228, 0.030445, 0.067889, 0.010598, 0.066613, 0.041130, -0.996931, 0.030586, -0.033144, 0.998690, 0.038987, -0.048458, 0.000000, 0.000000, 0.000000, 1.000000
10.9582, 26.9688, 16.7792, 192.9493, 264.4493, 5.5312, 240.2943, 10.5550, 30.4556, -48.4715, 0.604488, -0.783860, -0.141981, 0.026969, 0.793070, 0.608956, 0.014544, 0.016779, 0.075059, -0.121392, 0.989763, 0.192949, 0.000000, 0.000000, 0.000000, 1.000000, 0.075059, -0.121392, 0.989763, 0.264449, -0.604488, 0.783860, 0.141981, 0.005531, -0.793070, -0.608956, -0.014544, 0.240294, 0.000000, 0.000000, 0.000000, 1.000000, 0.997022, 0.030110, 0.070998, 0.010555, 0.069730, 0.041253, -0.996713, 0.030456, -0.032940, 0.998695, 0.039031, -0.048471, 0.000000, 0.000000, 0.000000, 1.000000
11.0870, 26.9032, 16.7064, 192.9101, 264.4101, 5.5968, 240.3671, 10.5219, 30.4559, -48.4575, 0.604786, -0.783711, -0.141530, 0.026903, 0.792964, 0.609061, 0.015864, 0.016706, 0.073768, -0.121823, 0.989807, 0.192910, 0.000000, 0.000000, 0.000000, 1.000000, 0.073768, -0.121823, 0.989807, 0.264410, -0.604786, 0.783711, 0.141530, 0.005597, -0.792964, -0.609061, -0.015864, 0.240367, 0.000000, 0.000000, 0.000000, 1.000000, 0.997081, 0.030313, 0.070082, 0.010522, 0.068794, 0.041639, -0.996762, 0.030456, -0.033133, 0.998673, 0.039432, -0.048457, 0.000000, 0.000000, 0.000000, 1.000000
11.2063, 26.8057, 16.6030, 192.8159, 264.3159, 5.6943, 240.4704, 10.4331, 30.5059, -48.4309, 0.604966, -0.783875, -0.139844, 0.026806, 0.792918, 0.609122, 0.015823, 0.016603, 0.072779, -0.120457, 0.990047, 0.192816, 0.000000, 0.000000, 0.000000, 1.000000, 0.072779, -0.120457, 0.990047, 0.264316, -0.604966, 0.783875, 0.139844, 0.005694, -0.792918, -0.609122, -0.015823, 0.240470, 0.000000, 0.000000, 0.000000, 1.000000, 0.997151, 0.030543, 0.068966, 0.010433, 0.067717, 0.040207, -0.996894, 0.030506, -0.033221, 0.998724, 0.038025, -0.048431, 0.000000, 0.000000, 0.000000, 1.000000
11.3498, 26.7497, 16.5020, 192.8491, 264.3491, 5.7503, 240.5714, 10.4002, 30.4310, -48.4473, 0.605305, -0.783598, -0.139933, 0.026750, 0.792849, 0.609136, 0.018565, 0.016502, 0.070691, -0.122183, 0.989987, 0.192849, 0.000000, 0.000000, 0.000000, 1.000000, 0.070691, -0.122183, 0.989987, 0.264349, -0.605305, 0.783598, 0.139933, 0.005750, -0.792849, -0.609136, -0.018565, 0.240571, 0.000000, 0.000000, 0.000000, 1.000000, 0.997173, 0.030579, 0.068633, 0.010400, 0.067327, 0.041880, -0.996852, 0.030431, -0.033358, 0.998655, 0.039703, -0.048447, 0.000000, 0.000000, 0.000000, 1.000000
11.4623, 26.7001, 16.4271, 192.8894, 264.3894, 5.7999, 240.6464, 10.3763, 30.3590, -48.4543, 0.605777, -0.783734, -0.137096, 0.026700, 0.792661, 0.609370, 0.018903, 0.016427, 0.068728, -0.120121, 0.990377, 0.192889, 0.000000, 0.000000, 0.000000, 1.000000, 0.068728, -0.120121, 0.990377, 0.264389, -0.605777, 0.783734, 0.137096, 0.005800, -0.792661, -0.609370, -0.018903, 0.240646, 0.000000, 0.000000, 0.000000, 1.000000, 0.997160, 0.031047, 0.068619, 0.010376, 0.067365, 0.039778, -0.996935, 0.030359, -0.033681, 0.998726, 0.037573, -0.048454, 0.000000, 0.000000, 0.000000, 1.000000
11.5827, 26.6139, 16.3207, 192.8611, 264.3611, 5.8861, 240.7528, 10.3009, 30.3465, -48.4443, 0.605861, -0.783655, -0.137175, 0.026614, 0.792795, 0.609096, 0.021885, 0.016321, 0.066403, -0.122011, 0.990305, 0.192861, 0.000000, 0.000000, 0.000000, 1.000000, 0.066403, -0.122011, 0.990305, 0.264361, -0.605861, 0.783655, 0.137175, 0.005886, -0.792795, -0.609096, -0.021885, 0.240753, 0.000000, 0.000000, 0.000000, 1.000000, 0.997152, 0.030706, 0.068887, 0.010301, 0.067586, 0.041575, -0.996847, 0.030347, -0.033474, 0.998663, 0.039381, -0.048444, 0.000000, 0.000000, 0.000000, 1.000000
11.7182, 26.5445, 16.2223, 192.8650, 264.3650, 5.9555, 240.8512, 10.2538, 30.3027, -48.4458, 0.606345, -0.783749, -0.134475, 0.026544, 0.792700, 0.609137, 0.024086, 0.016222, 0.063036, -0.121202, 0.990624, 0.192865, 0.000000, 0.000000, 0.000000, 1.000000, 0.063036, -0.121202, 0.990624, 0.264365, -0.606345, 0.783749, 0.134475, 0.005956, -0.792700, -0.609137, -0.024086, 0.240851, 0.000000, 0.000000, 0.000000, 1.000000, 0.997076, 0.030888, 0.069896, 0.010254, 0.068617, 0.040692, -0.996813, 0.030303, -0.033634, 0.998694, 0.038453, -0.048446, 0.000000, 0.000000, 0.000000, 1.000000
11.8553, 26.4700, 16.1316, 192.8712, 264.3712, 6.0300, 240.9418, 10.2110, 30.2566, -48.4389, 0.606702, -0.783523, -0.134184, 0.026470, 0.792523, 0.609310, 0.025465, 0.016132, 0.061807, -0.121794, 0.990629, 0.192871, 0.000000, 0.000000, 0.000000, 1.000000, 0.061807, -0.121794, 0.990629, 0.264371, -0.606702, 0.783523, 0.134184, 0.006030, -0.792523, -0.609310, -0.025465, 0.240942, 0.000000, 0.000000, 0.000000, 1.000000, 0.997143, 0.031181, 0.068795, 0.010211, 0.067486, 0.041244, -0.996867, 0.030257, -0.033921, 0.998662, 0.039022, -0.048439, 0.000000, 0.000000, 0.000000, 1.000000
11.9516, 26.3929, 16.0317, 192.8002, 264.3002, 6.1071, 241.0418, 10.1278, 30.2935, -48.4288, 0.606786, -0.783653, -0.133035, 0.026393, 0.792657, 0.609032, 0.027838, 0.016032, 0.059207, -0.122343, 0.990720, 0.192800, 0.000000, 0.000000, 0.000000, 1.000000, 0.059207, -0.122343, 0.990720, 0.264300, -0.606786, 0.783653, 0.133035, 0.006107, -0.792657, -0.609032, -0.027838, 0.241042, 0.000000, 0.000000, 0.000000, 1.000000, 0.997089, 0.030882, 0.069714, 0.010128, 0.068401, 0.041701, -0.996786, 0.030294, -0.033690, 0.998653, 0.039468, -0.048429, 0.000000, 0.000000, 0.000000, 1.000000
12.0764, 26.3348, 15.9593, 192.8985, 264.3985, 6.1652, 241.1141, 10.1139, 30.1624, -48.4324, 0.607180, -0.783869, -0.129930, 0.026335, 0.792522, 0.609184, 0.028350, 0.015959, 0.056929, -0.120186, 0.991118, 0.192898, 0.000000, 0.000000, 0.000000, 1.000000, 0.056929, -0.120186, 0.991118, 0.264398, -0.607180, 0.783869, 0.129930, 0.006165, -0.792522, -0.609184, -0.028350, 0.241114, 0.000000, 0.000000, 0.000000, 1.000000, 0.997073, 0.031236, 0.069781, 0.010114, 0.068530, 0.039478, -0.996868, 0.030162, -0.033893, 0.998732, 0.037222, -0.048432, 0.000000, 0.000000, 0.000000, 1.000000
12.2208, 26.2501, 15.8480, 192.8219, 264.3219, 6.2499, 241.2254, 10.0419, 30.1954, -48.4222, 0.607577, -0.783480, -0.130416, 0.026250, 0.792354, 0.609262, 0.031219, 0.015848, 0.054998, -0.122304, 0.990968, 0.192822, 0.000000, 0.000000, 0.000000, 1.000000, 0.054998, -0.122304, 0.990968, 0.264322, -0.607577, 0.783480, 0.130416, 0.006250, -0.792354, -0.609262, -0.031219, 0.241225, 0.000000, 0.000000, 0.000000, 1.000000, 0.997102, 0.031368, 0.069301, 0.010042, 0.067975, 0.041552, -0.996821, 0.030195, -0.034148, 0.998644, 0.039300, -0.048422, 0.000000, 0.000000, 0.000000, 1.000000
12.3374, 26.1924, 15.7546, 192.8510, 264.3510, 6.3076, 241.3189, 9.9979, 30.1339, -48.4325, 0.607763, -0.783598, -0.128833, 0.026192, 0.792352, 0.609193, 0.032598, 0.015755, 0.052940, -0.121893, 0.991130, 0.192851, 0.000000, 0.000000, 0.000000, 1.000000, 0.052940, -0.121893, 0.991130, 0.264351, -0.607763, 0.783598, 0.128833, 0.006308, -0.792352, -0.609193, -0.032598, 0.241319, 0.000000, 0.000000, 0.000000, 1.000000, 0.997101, 0.031377, 0.069316, 0.009998, 0.068006, 0.041062, -0.996840, 0.030134, -0.034124, 0.998664, 0.038810, -0.048433, 0.000000, 0.000000, 0.000000, 1.000000
12.4756, 26.1199, 15.6688, 192.9018, 264.4018, 6.3801, 241.4046, 9.9653, 30.0457, -48.4282, 0.608147, -0.783723, -0.126235, 0.026120, 0.792233, 0.609268, 0.034035, 0.015669, 0.050237, -0.120706, 0.991416, 0.192902, 0.000000, 0.000000, 0.000000, 1.000000, 0.050237, -0.120706, 0.991416, 0.264402, -0.608147, 0.783723, 0.126235, 0.006380, -0.792233, -0.609268, -0.034035, 0.241405, 0.000000, 0.000000, 0.000000, 1.000000, 0.997074, 0.031602, 0.069598, 0.009965, 0.068322, 0.039798, -0.996869, 0.030046, -0.034273, 0.998708, 0.037523, -0.048428, 0.000000, 0.000000, 0.000000, 1.000000
12.6244, 26.0589, 15.5665, 192.8877, 264.3877, 6.4411, 241.5070, 9.9236, 30.0211, -48.4373, 0.608354, -0.783538, -0.126382, 0.026059, 0.792227, 0.609086, 0.037292, 0.015566, 0.047758, -0.122810, 0.991280, 0.192888, 0.000000, 0.000000, 0.000000, 1.000000, 0.047758, -0.122810, 0.991280, 0.264388, -0.608354, 0.783538, 0.126382, 0.006441, -0.792227, -0.609086, -0.037292, 0.241507, 0.000000, 0.000000, 0.000000, 1.000000, 0.997083, 0.031426, 0.069554, 0.009924, 0.068216, 0.041816, -0.996794, 0.030021, -0.034234, 0.998631, 0.039551, -0.048437, 0.000000, 0.000000, 0.000000, 1.000000
12.7063, 25.9604, 15.4769, 192.8105, 264.3105, 6.5396, 241.5966, 9.8286, 30.0665, -48.4033, 0.608500, -0.783757, -0.124307, 0.025960, 0.792126, 0.609299, 0.035926, 0.015477, 0.047583, -0.120328, 0.991593, 0.192811, 0.000000, 0.000000, 0.000000, 1.000000, 0.047583, -0.120328, 0.991593, 0.264311, -0.608500, 0.783757, 0.124307, 0.006540, -0.792126, -0.609299, -0.035926, 0.241597, 0.000000, 0.000000, 0.000000, 1.000000, 0.997161, 0.031810, 0.068252, 0.009829, 0.066986, 0.039293, -0.996980, 0.030067, -0.034396, 0.998721, 0.037051, -0.048403, 0.000000, 0.000000, 0.000000, 1.000000
12.8582, 25.9050, 15.3837, 192.8261, 264.3261, 6.5950, 241.6897, 9.8027, 30.0139, -48.4141, 0.608804, -0.783645, -0.123525, 0.025905, 0.792016, 0.609317, 0.038001, 0.015384, 0.045486, -0.120969, 0.991614, 0.192826, 0.000000, 0.000000, 0.000000, 1.000000, 0.045486, -0.120969, 0.991614, 0.264326, -0.608804, 0.783645, 0.123525, 0.006595, -0.792016, -0.609317, -0.038001, 0.241690, 0.000000, 0.000000, 0.000000, 1.000000, 0.997192, 0.031923, 0.067737, 0.009803, 0.066448, 0.039859, -0.996993, 0.030014, -0.034527, 0.998695, 0.037626, -0.048414, 0.000000, 0.000000, 0.000000, 1.000000
12.9540, 25.8254, 15.2778, 192.8079, 264.3079, 6.6746, 241.7957, 9.7193, 30.0011, -48.4100, 0.609225, -0.783601, -0.121714, 0.025825, 0.791870, 0.609332, 0.040700, 0.015278, 0.042271, -0.121177, 0.991730, 0.192808, 0.000000, 0.000000, 0.000000, 1.000000, 0.042271, -0.121177, 0.991730, 0.264308, -0.609225, 0.783601, 0.121714, 0.006675, -0.791870, -0.609332, -0.040700, 0.241796, 0.000000, 0.000000, 0.000000, 1.000000, 0.997081, 0.032005, 0.069314, 0.009719, 0.068015, 0.040018, -0.996881, 0.030001, -0.034679, 0.998686, 0.037725, -0.048410, 0.000000, 0.000000, 0.000000, 1.000000
13.0981, 25.7497, 15.2051, 192.8785, 264.3785, 6.7503, 241.8683, 9.6998, 29.8940, -48.3971, 0.609383, -0.783859, -0.119237, 0.025750, 0.791887, 0.609211, 0.042163, 0.015205, 0.039591, -0.120116, 0.991970, 0.192879, 0.000000, 0.000000, 0.000000, 1.000000, 0.039591, -0.120116, 0.991970, 0.264379, -0.609383, 0.783859, 0.119237, 0.006750, -0.791887, -0.609211, -0.042163, 0.241868, 0.000000, 0.000000, 0.000000, 1.000000, 0.997074, 0.031970, 0.069433, 0.009700, 0.068176, 0.038848, -0.996917, 0.029894, -0.034569, 0.998734, 0.036555, -0.048397, 0.000000, 0.000000, 0.000000, 1.000000
13.2049, 25.6877, 15.1247, 192.9244, 264.4244, 6.8123, 241.9487, 9.6591, 29.8198, -48.3977, 0.609630, -0.784054, -0.116662, 0.025688, 0.791809, 0.609247, 0.043098, 0.015125, 0.037285, -0.118648, 0.992236, 0.192924, 0.000000, 0.000000, 0.000000, 1.000000, 0.037285, -0.118648, 0.992236, 0.264424, -0.609630, 0.784054, 0.116662, 0.006812, -0.791809, -0.609247, -0.043098, 0.241949, 0.000000, 0.000000, 0.000000, 1.000000, 0.997041, 0.032110, 0.069848, 0.009659, 0.068640, 0.037310, -0.996944, 0.029820, -0.034618, 0.998788, 0.034995, -0.048398, 0.000000, 0.000000, 0.000000, 1.000000
13.3403, 25.6051, 15.0037, 192.8974, 264.3974, 6.8949, 242.0698, 9.5813, 29.8091, -48.3992, 0.610213, -0.783646, -0.116354, 0.025605, 0.791497, 0.609378, 0.046806, 0.015004, 0.034224, -0.120656, 0.992104, 0.192897, 0.000000, 0.000000, 0.000000, 1.000000, 0.034224, -0.120656, 0.992104, 0.264397, -0.610213, 0.783646, 0.116354, 0.006895, -0.791497, -0.609378, -0.046806, 0.242070, 0.000000, 0.000000, 0.000000, 1.000000, 0.996976, 0.032338, 0.070660, 0.009581, 0.069375, 0.039280, -0.996817, 0.029809, -0.035010, 0.998705, 0.036918, -0.048399, 0.000000, 0.000000, 0.000000, 1.000000
13.4679, 25.5539, 14.9278, 192.9511, 264.4511, 6.9461, 242.1456, 9.5617, 29.7258, -48.4066, 0.610291, -0.783789, -0.114976, 0.025554, 0.791507, 0.609287, 0.047810, 0.014928, 0.032580, -0.120182, 0.992217, 0.192951, 0.000000, 0.000000, 0.000000, 1.000000, 0.032580, -0.120182, 0.992217, 0.264451, -0.610291, 0.783789, 0.114976, 0.006946, -0.791507, -0.609287, -0.047810, 0.242146, 0.000000, 0.000000, 0.000000, 1.000000, 0.997019, 0.032316, 0.070066, 0.009562, 0.068801, 0.038718, -0.996879, 0.029726, -0.034928, 0.998727, 0.036379, -0.048407, 0.000000, 0.000000, 0.000000, 1.000000
13.5929, 25.4705, 14.8145, 192.8455, 264.3455, 7.0295, 242.2590, 9.4764, 29.7942, -48.3962, 0.610109, -0.783910, -0.115120, 0.025471, 0.791725, 0.608801, 0.050333, 0.014814, 0.030629, -0.121851, 0.992076, 0.192845, 0.000000, 0.000000, 0.000000, 1.000000, 0.030629, -0.121851, 0.992076, 0.264345, -0.610109, 0.783910, 0.115120, 0.007029, -0.791725, -0.608801, -0.050333, 0.242259, 0.000000, 0.000000, 0.000000, 1.000000, 0.997052, 0.031775, 0.069843, 0.009476, 0.068544, 0.040278, -0.996835, 0.029794, -0.034488, 0.998683, 0.037981, -0.048396, 0.000000, 0.000000, 0.000000, 1.000000
13.7142, 25.4030, 14.7283, 192.8957, 264.3957, 7.0970, 242.3451, 9.4352, 29.7136, -48.3961, 0.610838, -0.783663, -0.112910, 0.025403, 0.791270, 0.609218, 0.052393, 0.014728, 0.027729, -0.121346, 0.992223, 0.192896, 0.000000, 0.000000, 0.000000, 1.000000, 0.027729, -0.121346, 0.992223, 0.264396, -0.610838, 0.783663, 0.112910, 0.007097, -0.791270, -0.609218, -0.052393, 0.242345, 0.000000, 0.000000, 0.000000, 1.000000, 0.996972, 0.032389, 0.070692, 0.009435, 0.069388, 0.039751, -0.996797, 0.029714, -0.035095, 0.998685, 0.037383, -0.048396, 0.000000, 0.000000, 0.000000, 1.000000
13.8546, 25.3369, 14.6446, 192.9493, 264.4493, 7.1631, 242.4288, 9.4069, 29.6270, -48.3961, 0.611007, -0.783929, -0.110119, 0.025337, 0.791194, 0.609326, 0.052277, 0.014645, 0.026117, -0.119067, 0.992543, 0.192949, 0.000000, 0.000000, 0.000000, 1.000000, 0.026117, -0.119067, 0.992543, 0.264449, -0.611007, 0.783929, 0.110119, 0.007163, -0.791194, -0.609326, -0.052277, 0.242429, 0.000000, 0.000000, 0.000000, 1.000000, 0.997028, 0.032629, 0.069791, 0.009407, 0.068562, 0.037380, -0.996946, 0.029627, -0.035139, 0.998768, 0.035032, -0.048396, 0.000000, 0.000000, 0.000000, 1.000000
13.9761, 25.2607, 14.5321, 192.9022, 264.4022, 7.2393, 242.5413, 9.3300, 29.6420, -48.3960, 0.611328, -0.783714, -0.109860, 0.025261, 0.791049, 0.609154, 0.056323, 0.014532, 0.022781, -0.121337, 0.992350, 0.192902, 0.000000, 0.000000, 0.000000, 1.000000, 0.022781, -0.121337, 0.992350, 0.264402, -0.611328, 0.783714, 0.109860, 0.007239, -0.791049, -0.609154, -0.056323, 0.242541, 0.000000, 0.000000, 0.000000, 1.000000, 0.996940, 0.032490, 0.071103, 0.009330, 0.069802, 0.039586, -0.996775, 0.029642, -0.035199, 0.998688, 0.037197, -0.048396, 0.000000, 0.000000, 0.000000, 1.000000
14.0957, 25.1691, 14.4561, 192.9213, 264.4213, 7.3309, 242.6173, 9.2791, 29.5908, -48.3678, 0.611668, -0.783774, -0.107516, 0.025169, 0.790814, 0.609507, 0.055806, 0.014456, 0.021792, -0.119160, 0.992636, 0.192921, 0.000000, 0.000000, 0.000000, 1.000000, 0.021792, -0.119160, 0.992636, 0.264421, -0.611668, 0.783774, 0.107516, 0.007331, -0.790814, -0.609507, -0.055806, 0.242617, 0.000000, 0.000000, 0.000000, 1.000000, 0.997002, 0.033014, 0.069973, 0.009279, 0.068731, 0.037358, -0.996936, 0.029591, -0.035527, 0.998756, 0.034977, -0.048368, 0.000000, 0.000000, 0.000000, 1.000000
14.2146, 25.1287, 14.3765, 192.9676, 264.4676, 7.3713, 242.6970, 9.2565, 29.5192, -48.3855, 0.611585, -0.783886, -0.107174, 0.025129, 0.790895, 0.609359, 0.056276, 0.014376, 0.021193, -0.119181, 0.992646, 0.192968, 0.000000, 0.000000, 0.000000, 1.000000, 0.021193, -0.119181, 0.992646, 0.264468, -0.611585, 0.783886, 0.107174, 0.007371, -0.790895, -0.609359, -0.056276, 0.242697, 0.000000, 0.000000, 0.000000, 1.000000, 0.997109, 0.032905, 0.068484, 0.009256, 0.067249, 0.037293, -0.997039, 0.029519, -0.035361, 0.998762, 0.034973, -0.048386, 0.000000, 0.000000, 0.000000, 1.000000
14.3279, 25.0479, 14.2739, 192.9532, 264.4532, 7.4521, 242.7996, 9.1837, 29.5037, -48.3788, 0.611989, -0.783880, -0.104886, 0.025048, 0.790690, 0.609250, 0.060198, 0.014274, 0.016713, -0.119773, 0.992661, 0.192953, 0.000000, 0.000000, 0.000000, 1.000000, 0.016713, -0.119773, 0.992661, 0.264453, -0.611989, 0.783880, 0.104886, 0.007452, -0.790690, -0.609250, -0.060198, 0.242800, 0.000000, 0.000000, 0.000000, 1.000000, 0.996934, 0.032845, 0.071020, 0.009184, 0.069768, 0.037815, -0.996846, 0.029504, -0.035427, 0.998745, 0.035407, -0.048379, 0.000000, 0.000000, 0.000000, 1.000000
14.4615, 24.9783, 14.1844, 192.8700, 264.3700, 7.5217, 242.8891, 9.1328, 29.5553, -48.3676, 0.611976, -0.783810, -0.105485, 0.024978, 0.790673, 0.609376, 0.059133, 0.014184, 0.017931, -0.119592, 0.992661, 0.192870, 0.000000, 0.000000, 0.000000, 1.000000, 0.017931, -0.119592, 0.992661, 0.264370, -0.611976, 0.783810, 0.105485, 0.007522, -0.790673, -0.609376, -0.059133, 0.242889, 0.000000, 0.000000, 0.000000, 1.000000, 0.997172, 0.033090, 0.067483, 0.009133, 0.066232, 0.037569, -0.997097, 0.029555, -0.035529, 0.998746, 0.035271, -0.048368, 0.000000, 0.000000, 0.000000, 1.000000
14.5914, 24.8980, 14.0972, 192.9591, 264.4591, 7.6020, 242.9762, 9.0898, 29.4355, -48.3610, 0.612542, -0.783965, -0.100951, 0.024898, 0.790322, 0.609620, 0.061275, 0.014097, 0.013504, -0.117318, 0.993003, 0.192959, 0.000000, 0.000000, 0.000000, 1.000000, 0.013504, -0.117318, 0.993003, 0.264459, -0.612542, 0.783965, 0.100951, 0.007602, -0.790322, -0.609620, -0.061275, 0.242976, 0.000000, 0.000000, 0.000000, 1.000000, 0.997013, 0.033463, 0.069601, 0.009090, 0.068421, 0.035220, -0.997035, 0.029435, -0.035815, 0.998819, 0.032826, -0.048361, 0.000000, 0.000000, 0.000000, 1.000000
14.7050, 24.8188, 13.9888, 192.9089, 264.4089, 7.6812, 243.0846, 9.0102, 29.4569, -48.3559, 0.612623, -0.783949, -0.100582, 0.024819, 0.790290, 0.609440, 0.063437, 0.013989, 0.011567, -0.118352, 0.992904, 0.192909, 0.000000, 0.000000, 0.000000, 1.000000, 0.011567, -0.118352, 0.992904, 0.264409, -0.612623, 0.783949, 0.100582, 0.007681, -0.790290, -0.609440, -0.063437, 0.243085, 0.000000, 0.000000, 0.000000, 1.000000, 0.997019, 0.033316, 0.069595, 0.009010, 0.068385, 0.036181, -0.997003, 0.029457, -0.035734, 0.998790, 0.033795, -0.048356, 0.000000, 0.000000, 0.000000, 1.000000
14.8564, 24.7582, 13.8948, 192.9521, 264.4521, 7.7418, 243.1786, 8.9800, 29.3822, -48.3653, 0.612955, -0.783861, -0.099244, 0.024758, 0.790076, 0.609367, 0.066725, 0.013895, 0.008173, -0.119310, 0.992823, 0.192952, 0.000000, 0.000000, 0.000000, 1.000000, 0.008173, -0.119310, 0.992823, 0.264452, -0.612955, 0.783861, 0.099244, 0.007742, -0.790076, -0.609367, -0.066725, 0.243179, 0.000000, 0.000000, 0.000000, 1.000000, 0.996962, 0.033333, 0.070392, 0.008980, 0.069150, 0.037054, -0.996918, 0.029382, -0.035838, 0.998757, 0.034636, -0.048365, 0.000000, 0.000000, 0.000000, 1.000000
14.9605, 24.6763, 13.8081, 193.0127, 264.5127, 7.8237, 243.2654, 8.9197, 29.2958, -48.3548, 0.613443, -0.783894, -0.095908, 0.024676, 0.789722, 0.609691, 0.067945, 0.013808, 0.005212, -0.117421, 0.993069, 0.193013, 0.000000, 0.000000, 0.000000, 1.000000, 0.005212, -0.117421, 0.993069, 0.264513, -0.613443, 0.783894, 0.095908, 0.007824, -0.789722, -0.609691, -0.067945, 0.243265, 0.000000, 0.000000, 0.000000, 1.000000, 0.996867, 0.033781, 0.071526, 0.008920, 0.070338, 0.035115, -0.996905, 0.029296, -0.036188, 0.998812, 0.032629, -0.048355, 0.000000, 0.000000, 0.000000, 1.000000
15.1042, 24.6147, 13.6880, 192.9240, 264.4240, 7.8853, 243.3855, 8.8537, 29.3538, -48.3675, 0.613104, -0.783953, -0.097579, 0.024615, 0.789997, 0.608857, 0.072096, 0.013688, 0.002892, -0.121289, 0.992613, 0.192924, 0.000000, 0.000000, 0.000000, 1.000000, 0.002892, -0.121289, 0.992613, 0.264424, -0.613104, 0.783953, 0.097579, 0.007885, -0.789997, -0.608857, -0.072096, 0.243385, 0.000000, 0.000000, 0.000000, 1.000000, 0.996905, 0.032886, 0.071400, 0.008854, 0.070109, 0.038863, -0.996782, 0.029354, -0.035555, 0.998703, 0.036437, -0.048367, 0.000000, 0.000000, 0.000000, 1.000000
15.2235, 24.5458, 13.6218, 193.0267, 264.5267, 7.9542, 243.4517, 8.8281, 29.2254, -48.3591, 0.613686, -0.783877, -0.094476, 0.024546, 0.789550, 0.609303, 0.073213, 0.013622, 0.000175, -0.119523, 0.992831, 0.193027, 0.000000, 0.000000, 0.000000, 1.000000, 0.000175, -0.119523, 0.992831, 0.264527, -0.613686, 0.783877, 0.094476, 0.007954, -0.789550, -0.609303, -0.073213, 0.243452, 0.000000, 0.000000, 0.000000, 1.000000, 0.996839, 0.033493, 0.072042, 0.008828, 0.070795, 0.037050, -0.996803, 0.029225, -0.036055, 0.998752, 0.034561, -0.048359, 0.000000, 0.000000, 0.000000, 1.000000
15.3365, 24.4764, 13.5198, 192.9899, 264.4899, 8.0236, 243.5537, 8.7600, 29.2368, -48.3593, 0.613775, -0.783957, -0.093226, 0.024476, 0.789480, 0.609357, 0.073514, 0.013520, -0.000824, -0.118721, 0.992927, 0.192990, 0.000000, 0.000000, 0.000000, 1.000000, -0.000824, -0.118721, 0.992927, 0.264490, -0.613775, 0.783957, 0.093226, 0.008024, -0.789480, -0.609357, -0.073514, 0.243554, 0.000000, 0.000000, 0.000000, 1.000000, 0.996905, 0.033617, 0.071060, 0.008760, 0.069840, 0.036178, -0.996902, 0.029237, -0.036083, 0.998780, 0.033718, -0.048359, 0.000000, 0.000000, 0.000000, 1.000000
15.4661, 24.3930, 13.4279, 192.9601, 264.4601, 8.1070, 243.6455, 8.7012, 29.2374, -48.3428, 0.614019, -0.783693, -0.093840, 0.024393, 0.789290, 0.609423, 0.075000, 0.013428, -0.001589, -0.120118, 0.992758, 0.192960, 0.000000, 0.000000, 0.000000, 1.000000, -0.001589, -0.120118, 0.992758, 0.264460, -0.614019, 0.783693, 0.093840, 0.008107, -0.789290, -0.609423, -0.075000, 0.243646, 0.000000, 0.000000, 0.000000, 1.000000, 0.996998, 0.033816, 0.069646, 0.008701, 0.068370, 0.037519, -0.996954, 0.029237, -0.036326, 0.998724, 0.035094, -0.048343, 0.000000, 0.000000, 0.000000, 1.000000
15.5916, 24.3292, 13.3368, 192.9813, 264.4813, 8.1708, 243.7366, 8.6558, 29.1904, -48.3461, 0.613979, -0.783957, -0.091875, 0.024329, 0.789308, 0.609084, 0.077524, 0.013337, -0.004816, -0.120116, 0.992748, 0.192981, 0.000000, 0.000000, 0.000000, 1.000000, -0.004816, -0.120116, 0.992748, 0.264481, -0.613979, 0.783957, 0.091875, 0.008171, -0.789308, -0.609084, -0.077524, 0.243737, 0.000000, 0.000000, 0.000000, 1.000000, 0.996940, 0.033470, 0.070644, 0.008656, 0.069384, 0.037414, -0.996888, 0.029190, -0.036009, 0.998739, 0.034977, -0.048346, 0.000000, 0.000000, 0.000000, 1.000000
15.7258, 24.2575, 13.2306, 192.9387, 264.4387, 8.2425, 243.8428, 8.5938, 29.2051, -48.3464, 0.614224, -0.783570, -0.093529, 0.024257, 0.789118, 0.609189, 0.078620, 0.013231, -0.004628, -0.122096, 0.992508, 0.192939, 0.000000, 0.000000, 0.000000, 1.000000, -0.004628, -0.122096, 0.992508, 0.264439, -0.614224, 0.783570, 0.093529, 0.008243, -0.789118, -0.609189, -0.078620, 0.243843, 0.000000, 0.000000, 0.000000, 1.000000, 0.997099, 0.033751, 0.068226, 0.008594, 0.066886, 0.039345, -0.996985, 0.029205, -0.036333, 0.998656, 0.036973, -0.048346, 0.000000, 0.000000, 0.000000, 1.000000
15.8467, 24.1845, 13.1610, 193.0512, 264.5512, 8.3155, 243.9124, 8.5629, 29.0679, -48.3376, 0.614570, -0.784096, -0.086592, 0.024184, 0.788811, 0.609563, 0.078802, 0.013161, -0.009005, -0.116733, 0.993122, 0.193051, 0.000000, 0.000000, 0.000000, 1.000000, -0.009005, -0.116733, 0.993122, 0.264551, -0.614570, 0.784096, 0.086592, 0.008316, -0.788811, -0.609563, -0.078802, 0.243912, 0.000000, 0.000000, 0.000000, 1.000000, 0.996940, 0.034138, 0.070328, 0.008563, 0.069174, 0.033885, -0.997029, 0.029068, -0.036419, 0.998843, 0.031420, -0.048338, 0.000000, 0.000000, 0.000000, 1.000000
15.9629, 24.1002, 13.0531, 193.0120, 264.5120, 8.3998, 244.0203, 8.4831, 29.0814, -48.3290, 0.614762, -0.783777, -0.088102, 0.024100, 0.788655, 0.609517, 0.080702, 0.013053, -0.009553, -0.119094, 0.992837, 0.193012, 0.000000, 0.000000, 0.000000, 1.000000, -0.009553, -0.119094, 0.992837, 0.264512, -0.614762, 0.783777, 0.088102, 0.008400, -0.788655, -0.609517, -0.080702, 0.244020, 0.000000, 0.000000, 0.000000, 1.000000, 0.997032, 0.034224, 0.068958, 0.008483, 0.067716, 0.036196, -0.997048, 0.029081, -0.036619, 0.998759, 0.033771, -0.048329, 0.000000, 0.000000, 0.000000, 1.000000
16.0937, 24.0382, 12.9628, 192.9667, 264.4667, 8.4618, 244.1106, 8.4379, 29.1014, -48.3276, 0.614819, -0.783798, -0.087515, 0.024038, 0.788569, 0.609183, 0.083997, 0.012963, -0.012524, -0.120654, 0.992616, 0.192967, 0.000000, 0.000000, 0.000000, 1.000000, -0.012524, -0.120654, 0.992616, 0.264467, -0.614819, 0.783798, 0.087515, 0.008462, -0.788569, -0.609183, -0.083997, 0.244111, 0.000000, 0.000000, 0.000000, 1.000000, 0.996992, 0.033941, 0.069682, 0.008438, 0.068396, 0.037671, -0.996947, 0.029101, -0.036462, 0.998714, 0.035236, -0.048328, 0.000000, 0.000000, 0.000000, 1.000000
16.2136, 23.9738, 12.8882, 193.0112, 264.5112, 8.5262, 244.1853, 8.4028, 29.0338, -48.3229, 0.615208, -0.783949, -0.083322, 0.023974, 0.788238, 0.609768, 0.082853, 0.012888, -0.014146, -0.116649, 0.993072, 0.193011, 0.000000, 0.000000, 0.000000, 1.000000, -0.014146, -0.116649, 0.993072, 0.264511, -0.615208, 0.783949, 0.083322, 0.008526, -0.788238, -0.609768, -0.082853, 0.244185, 0.000000, 0.000000, 0.000000, 1.000000, 0.997007, 0.034610, 0.069129, 0.008403, 0.067971, 0.033595, -0.997122, 0.029034, -0.036832, 0.998836, 0.031142, -0.048323, 0.000000, 0.000000, 0.000000, 1.000000
16.3494, 23.8773, 12.7804, 192.9944, 264.4944, 8.6227, 244.2930, 8.3274, 29.0206, -48.3062, 0.615409, -0.783861, -0.082670, 0.023877, 0.788008, 0.609495, 0.086948, 0.012780, -0.017768, -0.118653, 0.992777, 0.192994, 0.000000, 0.000000, 0.000000, 1.000000, -0.017768, -0.118653, 0.992777, 0.264494, -0.615409, 0.783861, 0.082670, 0.008623, -0.788008, -0.609495, -0.086948, 0.244293, 0.000000, 0.000000, 0.000000, 1.000000, 0.996921, 0.034422, 0.070450, 0.008327, 0.069227, 0.035522, -0.996968, 0.029021, -0.036821, 0.998776, 0.033029, -0.048306, 0.000000, 0.000000, 0.000000, 1.000000
16.4703, 23.8209, 12.6912, 193.1463, 264.6463, 8.6791, 244.3823, 8.2900, 28.8475, -48.3255, 0.615675, -0.784091, -0.078391, 0.023821, 0.787713, 0.609712, 0.088089, 0.012691, -0.021274, -0.115983, 0.993023, 0.193146, 0.000000, 0.000000, 0.000000, 1.000000, -0.021274, -0.115983, 0.993023, 0.264646, -0.615675, 0.784091, 0.078391, 0.008679, -0.787713, -0.609712, -0.088089, 0.244382, 0.000000, 0.000000, 0.000000, 1.000000, 0.996818, 0.034663, 0.071779, 0.008290, 0.070650, 0.032767, -0.996963, 0.028848, -0.036910, 0.998862, 0.030214, -0.048326, 0.000000, 0.000000, 0.000000, 1.000000
16.5806, 23.7417, 12.5835, 193.0469, 264.5469, 8.7583, 244.4899, 8.2077, 28.9244, -48.3158, 0.615665, -0.784011, -0.079272, 0.023742, 0.787619, 0.609076, 0.093188, 0.012584, -0.024778, -0.119808, 0.992488, 0.193047, 0.000000, 0.000000, 0.000000, 1.000000, -0.024778, -0.119808, 0.992488, 0.264547, -0.615665, 0.784011, 0.079272, 0.008758, -0.787619, -0.609076, -0.093188, 0.244490, 0.000000, 0.000000, 0.000000, 1.000000, 0.996715, 0.034086, 0.073468, 0.008208, 0.072219, 0.036524, -0.996720, 0.028924, -0.036658, 0.998751, 0.033942, -0.048316, 0.000000, 0.000000, 0.000000, 1.000000
16.7098, 23.6738, 12.4926, 193.0621, 264.5621, 8.8262, 244.5809, 8.1601, 28.8857, -48.3151, 0.615828, -0.784066, -0.077433, 0.023674, 0.787486, 0.609429, 0.091992, 0.012493, -0.024938, -0.117629, 0.992744, 0.193062, 0.000000, 0.000000, 0.000000, 1.000000, -0.024938, -0.117629, 0.992744, 0.264562, -0.615828, 0.784066, 0.077433, 0.008826, -0.787486, -0.609429, -0.091992, 0.244581, 0.000000, 0.000000, 0.000000, 1.000000, 0.996856, 0.034515, 0.071329, 0.008160, 0.070149, 0.034267, -0.996948, 0.028886, -0.036854, 0.998817, 0.031738, -0.048315, 0.000000, 0.000000, 0.000000, 1.000000
16.8453, 23.6041, 12.3891, 193.0448, 264.5448, 8.8959, 244.6844, 8.1031, 28.8790, -48.3176, 0.616085, -0.783798, -0.078110, 0.023604, 0.787274, 0.609547, 0.093019, 0.012389, -0.025297, -0.118801, 0.992596, 0.193045, 0.000000, 0.000000, 0.000000, 1.000000, -0.025297, -0.118801, 0.992596, 0.264545, -0.616085, 0.783798, 0.078110, 0.008896, -0.787274, -0.609547, -0.093019, 0.244684, 0.000000, 0.000000, 0.000000, 1.000000, 0.996981, 0.034802, 0.069404, 0.008103, 0.068174, 0.035375, -0.997046, 0.028879, -0.037154, 0.998768, 0.032896, -0.048318, 0.000000, 0.000000, 0.000000, 1.000000
16.9822, 23.5160, 12.3127, 193.1618, 264.6618, 8.9840, 244.7607, 8.0629, 28.7366, -48.3009, 0.616456, -0.784105, -0.071844, 0.023516, 0.786738, 0.609666, 0.096693, 0.012313, -0.032017, -0.116130, 0.992718, 0.193162, 0.000000, 0.000000, 0.000000, 1.000000, -0.032017, -0.116130, 0.992718, 0.264662, -0.616456, 0.784105, 0.071844, 0.008984, -0.786738, -0.609666, -0.096693, 0.244761, 0.000000, 0.000000, 0.000000, 1.000000, 0.996672, 0.034903, 0.073664, 0.008063, 0.072535, 0.032602, -0.996833, 0.028737, -0.037194, 0.998859, 0.029962, -0.048301, 0.000000, 0.000000, 0.000000, 1.000000
17.1097, 23.4541, 12.2145, 193.1446, 264.6446, 9.0459, 244.8590, 8.0106, 28.7322, -48.3066, 0.616452, -0.784009, -0.072913, 0.023454, 0.786751, 0.609565, 0.097232, 0.012214, -0.031786, -0.117304, 0.992587, 0.193145, 0.000000, 0.000000, 0.000000, 1.000000, -0.031786, -0.117304, 0.992587, 0.264645, -0.616452, 0.784009, 0.072913, 0.009046, -0.786751, -0.609565, -0.097232, 0.244859, 0.000000, 0.000000, 0.000000, 1.000000, 0.996847, 0.034908, 0.071250, 0.008011, 0.070079, 0.033703, -0.996972, 0.028732, -0.037204, 0.998822, 0.031151, -0.048307, 0.000000, 0.000000, 0.000000, 1.000000
17.2219, 23.3774, 12.1137, 193.1314, 264.6314, 9.1226, 244.9597, 7.9402, 28.7250, -48.3022, 0.616375, -0.784184, -0.071674, 0.023377, 0.786667, 0.609137, 0.100537, 0.012114, -0.035180, -0.118352, 0.992348, 0.193131, 0.000000, 0.000000, 0.000000, 1.000000, -0.035180, -0.118352, 0.992348, 0.264631, -0.616375, 0.784184, 0.071674, 0.009123, -0.786667, -0.609137, -0.100537, 0.244960, 0.000000, 0.000000, 0.000000, 1.000000, 0.996758, 0.034490, 0.072687, 0.007940, 0.071493, 0.034673, -0.996838, 0.028725, -0.036901, 0.998803, 0.032095, -0.048302, 0.000000, 0.000000, 0.000000, 1.000000
17.3333, 23.3064, 12.0377, 193.1384, 264.6384, 9.1936, 245.0357, 7.8931, 28.6982, -48.2897, 0.616849, -0.784039, -0.069136, 0.023306, 0.786255, 0.609794, 0.099775, 0.012038, -0.036069, -0.115905, 0.992605, 0.193138, 0.000000, 0.000000, 0.000000, 1.000000, -0.036069, -0.115905, 0.992605, 0.264638, -0.616849, 0.784039, 0.069136, 0.009194, -0.786255, -0.609794, -0.099775, 0.245036, 0.000000, 0.000000, 0.000000, 1.000000, 0.996809, 0.035252, 0.071616, 0.007893, 0.070492, 0.032166, -0.996994, 0.028698, -0.037449, 0.998861, 0.029578, -0.048290, 0.000000, 0.000000, 0.000000, 1.000000
17.4814, 23.2414, 11.9400, 193.1948, 264.6948, 9.2586, 245.1335, 7.8514, 28.6186, -48.2989, 0.617078, -0.783929, -0.068342, 0.023241, 0.785989, 0.609848, 0.101524, 0.011940, -0.037909, -0.116364, 0.992483, 0.193195, 0.000000, 0.000000, 0.000000, 1.000000, -0.037909, -0.116364, 0.992483, 0.264695, -0.617078, 0.783929, 0.068342, 0.009259, -0.785989, -0.609848, -0.101524, 0.245133, 0.000000, 0.000000, 0.000000, 1.000000, 0.996852, 0.035430, 0.070926, 0.007851, 0.069782, 0.032540, -0.997031, 0.028619, -0.037633, 0.998842, 0.029965, -0.048299, 0.000000, 0.000000, 0.000000, 1.000000
17.5959, 23.1491, 11.8588, 193.1900, 264.6900, 9.3509, 245.2147, 7.7887, 28.6021, -48.2711, 0.617061, -0.784216, -0.065118, 0.023149, 0.785830, 0.609753, 0.103304, 0.011859, -0.041307, -0.114916, 0.992516, 0.193190, 0.000000, 0.000000, 0.000000, 1.000000, -0.041307, -0.114916, 0.992516, 0.264690, -0.617061, 0.784216, 0.065118, 0.009351, -0.785830, -0.609753, -0.103304, 0.245215, 0.000000, 0.000000, 0.000000, 1.000000, 0.996761, 0.035288, 0.072259, 0.007789, 0.071177, 0.031006, -0.996982, 0.028602, -0.037422, 0.998896, 0.028393, -0.048271, 0.000000, 0.000000, 0.000000, 1.000000
17.7080, 23.0810, 11.7558, 193.1564, 264.6564, 9.4190, 245.3177, 7.7205, 28.6178, -48.2733, 0.617040, -0.784154, -0.066058, 0.023081, 0.785783, 0.609430, 0.105545, 0.011756, -0.042506, -0.117033, 0.992218, 0.193156, 0.000000, 0.000000, 0.000000, 1.000000, -0.042506, -0.117033, 0.992218, 0.264656, -0.617040, 0.784154, 0.066058, 0.009419, -0.785783, -0.609430, -0.105545, 0.245318, 0.000000, 0.000000, 0.000000, 1.000000, 0.996819, 0.035071, 0.071574, 0.007720, 0.070421, 0.033060, -0.996969, 0.028618, -0.037331, 0.998838, 0.030485, -0.048273, 0.000000, 0.000000, 0.000000, 1.000000
17.8429, 23.0012, 11.6732, 193.2425, 264.7425, 9.4988, 245.4002, 7.6762, 28.5097, -48.2642, 0.617626, -0.784131, -0.060632, 0.023001, 0.785016, 0.609959, 0.108171, 0.011673, -0.047838, -0.114406, 0.992282, 0.193243, 0.000000, 0.000000, 0.000000, 1.000000, -0.047838, -0.114406, 0.992282, 0.264743, -0.617626, 0.784131, 0.060632, 0.009499, -0.785016, -0.609959, -0.108171, 0.245400, 0.000000, 0.000000, 0.000000, 1.000000, 0.996582, 0.035650, 0.074524, 0.007676, 0.073458, 0.030345, -0.996837, 0.028510, -0.037798, 0.998904, 0.027623, -0.048264, 0.000000, 0.000000, 0.000000, 1.000000
17.9868, 22.9406, 11.5623, 193.1759, 264.6759, 9.5594, 245.5112, 7.6210, 28.5556, -48.2742, 0.617392, -0.784177, -0.062399, 0.022941, 0.785182, 0.609442, 0.109856, 0.011562, -0.048118, -0.116819, 0.991987, 0.193176, 0.000000, 0.000000, 0.000000, 1.000000, -0.048118, -0.116819, 0.991987, 0.264676, -0.617392, 0.784177, 0.062399, 0.009559, -0.785182, -0.609442, -0.109856, 0.245511, 0.000000, 0.000000, 0.000000, 1.000000, 0.996757, 0.035232, 0.072352, 0.007621, 0.071209, 0.032673, -0.996926, 0.028556, -0.037488, 0.998845, 0.030058, -0.048274, 0.000000, 0.000000, 0.000000, 1.000000
18.0883, 22.8586, 11.4881, 193.2449, 264.7449, 9.6414, 245.5853, 7.5654, 28.4694, -48.2569, 0.617482, -0.784389, -0.058732, 0.022859, 0.784927, 0.609615, 0.110718, 0.011488, -0.051042, -0.114467, 0.992115, 0.193245, 0.000000, 0.000000, 0.000000, 1.000000, -0.051042, -0.114467, 0.992115, 0.264745, -0.617482, 0.784389, 0.058732, 0.009641, -0.784927, -0.609615, -0.110718, 0.245585, 0.000000, 0.000000, 0.000000, 1.000000, 0.996674, 0.035345, 0.073427, 0.007565, 0.072372, 0.030244, -0.996919, 0.028469, -0.037457, 0.998917, 0.027586, -0.048257, 0.000000, 0.000000, 0.000000, 1.000000
18.2035, 22.7892, 11.4097, 193.2894, 264.7894, 9.7108, 245.6637, 7.5192, 28.4073, -48.2503, 0.617925, -0.784207, -0.056459, 0.022789, 0.784486, 0.610168, 0.110800, 0.011410, -0.052441, -0.112757, 0.992238, 0.193289, 0.000000, 0.000000, 0.000000, 1.000000, -0.052441, -0.112757, 0.992238, 0.264789, -0.617925, 0.784207, 0.056459, 0.009711, -0.784486, -0.610168, -0.110800, 0.245664, 0.000000, 0.000000, 0.000000, 1.000000, 0.996696, 0.035988, 0.072819, 0.007519, 0.071814, 0.028464, -0.997012, 0.028407, -0.037953, 0.998947, 0.025786, -0.048250, 0.000000, 0.000000, 0.000000, 1.000000
18.3689, 22.7265, 11.2842, 193.2736, 264.7736, 9.7735, 245.7893, 7.4624, 28.4012, -48.2714, 0.617806, -0.784286, -0.056662, 0.022726, 0.784391, 0.609622, 0.114420, 0.011284, -0.055196, -0.115135, 0.991815, 0.193274, 0.000000, 0.000000, 0.000000, 1.000000, -0.055196, -0.115135, 0.991815, 0.264774, -0.617806, 0.784286, 0.056662, 0.009774, -0.784391, -0.609622, -0.114420, 0.245789, 0.000000, 0.000000, 0.000000, 1.000000, 0.996716, 0.035550, 0.072754, 0.007462, 0.071675, 0.030744, -0.996954, 0.028401, -0.037678, 0.998895, 0.028095, -0.048271, 0.000000, 0.000000, 0.000000, 1.000000
18.4827, 22.6413, 11.1855, 193.2149, 264.7149, 9.8587, 245.8879, 7.3884, 28.4424, -48.2550, 0.618140, -0.783953, -0.057622, 0.022641, 0.783984, 0.609509, 0.117762, 0.011186, -0.057198, -0.117968, 0.991369, 0.193215, 0.000000, 0.000000, 0.000000, 1.000000, -0.057198, -0.117968, 0.991369, 0.264715, -0.618140, 0.783953, 0.057622, 0.009859, -0.783984, -0.609509, -0.117762, 0.245888, 0.000000, 0.000000, 0.000000, 1.000000, 0.996699, 0.035681, 0.072920, 0.007388, 0.071731, 0.033526, -0.996860, 0.028442, -0.038014, 0.998801, 0.030856, -0.048255, 0.000000, 0.000000, 0.000000, 1.000000
18.5803, 22.5908, 11.1080, 193.2370, 264.7370, 9.9092, 245.9654, 7.3446, 28.4073, -48.2613, 0.617949, -0.784104, -0.057612, 0.022591, 0.784013, 0.609074, 0.119802, 0.011108, -0.058847, -0.119200, 0.991125, 0.193237, 0.000000, 0.000000, 0.000000, 1.000000, -0.058847, -0.119200, 0.991125, 0.264737, -0.617949, 0.784104, 0.057612, 0.009909, -0.784013, -0.609074, -0.119802, 0.245965, 0.000000, 0.000000, 0.000000, 1.000000, 0.996716, 0.035286, 0.072882, 0.007345, 0.071662, 0.034699, -0.996825, 0.028407, -0.037703, 0.998775, 0.032057, -0.048261, 0.000000, 0.000000, 0.000000, 1.000000
18.7165, 22.5059, 11.0346, 193.2601, 264.7601, 9.9941, 246.0389, 7.3031, 28.3638, -48.2374, 0.618104, -0.784220, -0.054276, 0.022506, 0.783930, 0.609807, 0.116573, 0.011035, -0.058321, -0.114603, 0.991698, 0.193260, 0.000000, 0.000000, 0.000000, 1.000000, -0.058321, -0.114603, 0.991698, 0.264760, -0.618104, 0.784220, 0.054276, 0.009994, -0.783930, -0.609807, -0.116573, 0.246039, 0.000000, 0.000000, 0.000000, 1.000000, 0.996911, 0.035928, 0.069844, 0.007303, 0.068782, 0.029995, -0.997181, 0.028364, -0.037921, 0.998904, 0.027431, -0.048237, 0.000000, 0.000000, 0.000000, 1.000000
18.8736, 22.4228, 10.9149, 193.2525, 264.7525, 10.0772, 246.1585, 7.2351, 28.3508, -48.2393, 0.618232, -0.784206, -0.053009, 0.022423, 0.783419, 0.609346, 0.122279, 0.010915, -0.063591, -0.117125, 0.991079, 0.193253, 0.000000, 0.000000, 0.000000, 1.000000, -0.063591, -0.117125, 0.991079, 0.264753, -0.618232, 0.784206, 0.053009, 0.010077, -0.783419, -0.609346, -0.122279, 0.246159, 0.000000, 0.000000, 0.000000, 1.000000, 0.996733, 0.035634, 0.072478, 0.007235, 0.071332, 0.032431, -0.996925, 0.028351, -0.037875, 0.998839, 0.029783, -0.048239, 0.000000, 0.000000, 0.000000, 1.000000
18.9773, 22.3628, 10.8361, 193.3030, 264.8030, 10.1372, 246.2374, 7.1875, 28.2869, -48.2410, 0.618585, -0.784077, -0.050751, 0.022363, 0.783112, 0.609989, 0.121034, 0.010836, -0.063943, -0.114614, 0.991350, 0.193303, 0.000000, 0.000000, 0.000000, 1.000000, -0.063943, -0.114614, 0.991350, 0.264803, -0.618585, 0.784077, 0.050751, 0.010137, -0.783112, -0.609989, -0.121034, 0.246237, 0.000000, 0.000000, 0.000000, 1.000000, 0.996817, 0.036295, 0.070983, 0.007188, 0.069917, 0.029843, -0.997106, 0.028287, -0.038309, 0.998895, 0.027210, -0.048241, 0.000000, 0.000000, 0.000000, 1.000000
19.1661, 22.2882, 10.7316, 193.3114, 264.8114, 10.2118, 246.3418, 7.1523, 28.2548, -48.2423, 0.618503, -0.784183, -0.050111, 0.022288, 0.782737, 0.609244, 0.127060, 0.010732, -0.069108, -0.117810, 0.990628, 0.193311, 0.000000, 0.000000, 0.000000, 1.000000, -0.069108, -0.117810, 0.990628, 0.264811, -0.618503, 0.784183, 0.050111, 0.010212, -0.782737, -0.609244, -0.127060, 0.246342, 0.000000, 0.000000, 0.000000, 1.000000, 0.996695, 0.035730, 0.072961, 0.007152, 0.071794, 0.032938, -0.996875, 0.028255, -0.038021, 0.998819, 0.030264, -0.048242, 0.000000, 0.000000, 0.000000, 1.000000
19.2608, 22.2241, 10.6351, 193.3405, 264.8405, 10.2759, 246.4384, 7.0834, 28.2146, -48.2493, 0.618852, -0.784107, -0.046894, 0.022224, 0.782151, 0.609594, 0.128978, 0.010635, -0.072547, -0.116497, 0.990538, 0.193340, 0.000000, 0.000000, 0.000000, 1.000000, -0.072547, -0.116497, 0.990538, 0.264840, -0.618852, 0.784107, 0.046894, 0.010276, -0.782151, -0.609594, -0.128978, 0.246438, 0.000000, 0.000000, 0.000000, 1.000000, 0.996549, 0.036110, 0.074744, 0.007083, 0.073618, 0.031557, -0.996787, 0.028215, -0.038352, 0.998849, 0.028790, -0.048249, 0.000000, 0.000000, 0.000000, 1.000000
19.3454, 22.1395, 10.5404, 193.2962, 264.7962, 10.3605, 246.5330, 6.9987, 28.2476, -48.2322, 0.618756, -0.784156, -0.047339, 0.022139, 0.782081, 0.609194, 0.131272, 0.010540, -0.074099, -0.118248, 0.990215, 0.193296, 0.000000, 0.000000, 0.000000, 1.000000, -0.074099, -0.118248, 0.990215, 0.264796, -0.618756, 0.784156, 0.047339, 0.010361, -0.782081, -0.609194, -0.131272, 0.246533, 0.000000, 0.000000, 0.000000, 1.000000, 0.996549, 0.035809, 0.074881, 0.006999, 0.073699, 0.033267, -0.996726, 0.028248, -0.038183, 0.998805, 0.030514, -0.048232, 0.000000, 0.000000, 0.000000, 1.000000
19.4799, 22.0718, 10.4650, 193.3672, 264.8672, 10.4282, 246.6084, 6.9635, 28.1601, -48.2275, 0.618910, -0.784216, -0.044237, 0.022072, 0.781777, 0.609579, 0.131296, 0.010465, -0.075998, -0.115844, 0.990356, 0.193367, 0.000000, 0.000000, 0.000000, 1.000000, -0.075998, -0.115844, 0.990356, 0.264867, -0.618910, 0.784216, 0.044237, 0.010428, -0.781777, -0.609579, -0.131296, 0.246608, 0.000000, 0.000000, 0.000000, 1.000000, 0.996574, 0.036149, 0.074383, 0.006964, 0.073286, 0.030763, -0.996836, 0.028160, -0.038323, 0.998873, 0.028008, -0.048227, 0.000000, 0.000000, 0.000000, 1.000000
19.6062, 21.9996, 10.3692, 193.3877, 264.8877, 10.5004, 246.7042, 6.9055, 28.1251, -48.2267, 0.619145, -0.784125, -0.042527, 0.022000, 0.781469, 0.609911, 0.131585, 0.010369, -0.077241, -0.114704, 0.990392, 0.193388, 0.000000, 0.000000, 0.000000, 1.000000, -0.077241, -0.114704, 0.990392, 0.264888, -0.619145, 0.784125, 0.042527, 0.010500, -0.781469, -0.609911, -0.131585, 0.246704, 0.000000, 0.000000, 0.000000, 1.000000, 0.996632, 0.036530, 0.073419, 0.006906, 0.072359, 0.029535, -0.996941, 0.028125, -0.038587, 0.998896, 0.026792, -0.048227, 0.000000, 0.000000, 0.000000, 1.000000
19.7284, 21.9290, 10.2640, 193.4053, 264.9053, 10.5710, 246.8095, 6.8387, 28.0929, -48.2324, 0.618939, -0.784260, -0.043006, 0.021929, 0.781168, 0.608949, 0.137688, 0.010264, -0.081795, -0.118815, 0.989542, 0.193405, 0.000000, 0.000000, 0.000000, 1.000000, -0.081795, -0.118815, 0.989542, 0.264905, -0.618939, 0.784260, 0.043006, 0.010571, -0.781168, -0.608949, -0.137688, 0.246809, 0.000000, 0.000000, 0.000000, 1.000000, 0.996469, 0.035777, 0.075961, 0.006839, 0.074768, 0.033604, -0.996635, 0.028093, -0.038210, 0.998795, 0.030810, -0.048232, 0.000000, 0.000000, 0.000000, 1.000000
19.8464, 21.8539, 10.1808, 193.3516, 264.8516, 10.6461, 246.8927, 6.7858, 28.1326, -48.2156, 0.619158, -0.784188, -0.041138, 0.021854, 0.781078, 0.609606, 0.135267, 0.010181, -0.080997, -0.115884, 0.989955, 0.193352, 0.000000, 0.000000, 0.000000, 1.000000, -0.080997, -0.115884, 0.989955, 0.264852, -0.619158, 0.784188, 0.041138, 0.010646, -0.781078, -0.609606, -0.135267, 0.246893, 0.000000, 0.000000, 0.000000, 1.000000, 0.996665, 0.036385, 0.073035, 0.006786, 0.071939, 0.030574, -0.996940, 0.028133, -0.038506, 0.998870, 0.027855, -0.048216, 0.000000, 0.000000, 0.000000, 1.000000
19.9826, 21.7584, 10.0970, 193.4388, 264.9388, 10.7416, 246.9764, 6.7276, 28.0289, -48.1947, 0.619403, -0.784238, -0.036197, 0.021758, 0.780444, 0.610097, 0.136709, 0.010097, -0.085129, -0.112928, 0.989950, 0.193439, 0.000000, 0.000000, 0.000000, 1.000000, -0.085129, -0.112928, 0.989950, 0.264939, -0.619403, 0.784238, 0.036197, 0.010742, -0.780444, -0.610097, -0.136709, 0.246976, 0.000000, 0.000000, 0.000000, 1.000000, 0.996525, 0.036781, 0.074727, 0.006728, 0.073740, 0.027510, -0.996898, 0.028029, -0.038723, 0.998945, 0.024702, -0.048195, 0.000000, 0.000000, 0.000000, 1.000000
20.1034, 21.6942, 9.9982, 193.4212, 264.9212, 10.8058, 247.0753, 6.6695, 28.0346, -48.1988, 0.619438, -0.784154, -0.037397, 0.021694, 0.780219, 0.609657, 0.139916, 0.009998, -0.086916, -0.115847, 0.989457, 0.193421, 0.000000, 0.000000, 0.000000, 1.000000, -0.086916, -0.115847, 0.989457, 0.264921, -0.619438, 0.784154, 0.037397, 0.010806, -0.780219, -0.609657, -0.139916, 0.247075, 0.000000, 0.000000, 0.000000, 1.000000, 0.996548, 0.036583, 0.074521, 0.006669, 0.073427, 0.030373, -0.996838, 0.028035, -0.038730, 0.998869, 0.027582, -0.048199, 0.000000, 0.000000, 0.000000, 1.000000
20.2304, 21.6260, 9.9116, 193.4283, 264.9283, 10.8740, 247.1619, 6.6211, 28.0144, -48.1947, 0.619438, -0.784196, -0.036508, 0.021626, 0.780170, 0.609750, 0.139784, 0.009912, -0.087358, -0.115070, 0.989509, 0.193428, 0.000000, 0.000000, 0.000000, 1.000000, -0.087358, -0.115070, 0.989509, 0.264928, -0.619438, 0.784196, 0.036508, 0.010874, -0.780170, -0.609750, -0.139784, 0.247162, 0.000000, 0.000000, 0.000000, 1.000000, 0.996677, 0.036685, 0.072732, 0.006621, 0.071669, 0.029509, -0.996992, 0.028014, -0.038721, 0.998891, 0.026782, -0.048195, 0.000000, 0.000000, 0.000000, 1.000000
20.3524, 21.5410, 9.8040, 193.4987, 264.9987, 10.9590, 247.2694, 6.5423, 27.9326, -48.1947, 0.619455, -0.784352, -0.032655, 0.021541, 0.779519, 0.609652, 0.143787, 0.009804, -0.092872, -0.114525, 0.989070, 0.193499, 0.000000, 0.000000, 0.000000, 1.000000, -0.092872, -0.114525, 0.989070, 0.264999, -0.619455, 0.784352, 0.032655, 0.010959, -0.779519, -0.609652, -0.143787, 0.247269, 0.000000, 0.000000, 0.000000, 1.000000, 0.996428, 0.036565, 0.076120, 0.006542, 0.075085, 0.028885, -0.996759, 0.027933, -0.038645, 0.998914, 0.026037, -0.048195, 0.000000, 0.000000, 0.000000, 1.000000
20.4779, 21.4908, 9.7191, 193.4828, 264.9828, 11.0092, 247.3544, 6.5056, 27.9371, -48.2023, 0.619640, -0.784168, -0.033565, 0.021491, 0.779310, 0.609587, 0.145188, 0.009719, -0.093391, -0.116122, 0.988835, 0.193483, 0.000000, 0.000000, 0.000000, 1.000000, -0.093391, -0.116122, 0.988835, 0.264983, -0.619640, 0.784168, 0.033565, 0.011009, -0.779310, -0.609587, -0.145188, 0.247354, 0.000000, 0.000000, 0.000000, 1.000000, 0.996541, 0.036721, 0.074543, 0.006506, 0.073445, 0.030411, -0.996836, 0.027937, -0.038872, 0.998863, 0.027609, -0.048202, 0.000000, 0.000000, 0.000000, 1.000000
20.5994, 21.3953, 9.6307, 193.4908, 264.9908, 11.1047, 247.4428, 6.4371, 27.9164, -48.1773, 0.619959, -0.784021, -0.031003, 0.021395, 0.778879, 0.610155, 0.145113, 0.009631, -0.094855, -0.114112, 0.988929, 0.193491, 0.000000, 0.000000, 0.000000, 1.000000, -0.094855, -0.114112, 0.988929, 0.264991, -0.619959, 0.784021, 0.031003, 0.011105, -0.778879, -0.610155, -0.145113, 0.247443, 0.000000, 0.000000, 0.000000, 1.000000, 0.996571, 0.037280, 0.073868, 0.006437, 0.072836, 0.028299, -0.996942, 0.027916, -0.039256, 0.998904, 0.025487, -0.048177, 0.000000, 0.000000, 0.000000, 1.000000
20.7121, 21.3365, 9.5321, 193.5491, 265.0491, 11.1635, 247.5414, 6.3761, 27.8497, -48.1921, 0.619612, -0.784416, -0.027796, 0.021336, 0.778592, 0.609757, 0.148297, 0.009532, -0.099378, -0.113528, 0.988552, 0.193549, 0.000000, 0.000000, 0.000000, 1.000000, -0.099378, -0.113528, 0.988552, 0.265049, -0.619612, 0.784416, 0.027796, 0.011164, -0.778592, -0.609757, -0.148297, 0.247541, 0.000000, 0.000000, 0.000000, 1.000000, 0.996401, 0.036766, 0.076375, 0.006376, 0.075383, 0.027652, -0.996771, 0.027850, -0.038759, 0.998941, 0.024781, -0.048192, 0.000000, 0.000000, 0.000000, 1.000000
20.8479, 21.2627, 9.4408, 193.5722, 265.0722, 11.2373, 247.6326, 6.3240, 27.8145, -48.1876, 0.619790, -0.784376, -0.024802, 0.021263, 0.777994, 0.609990, 0.150456, 0.009441, -0.102885, -0.112547, 0.988306, 0.193572, 0.000000, 0.000000, 0.000000, 1.000000, -0.102885, -0.112547, 0.988306, 0.265072, -0.619790, 0.784376, 0.024802, 0.011237, -0.777994, -0.609990, -0.150456, 0.247633, 0.000000, 0.000000, 0.000000, 1.000000, 0.996303, 0.037014, 0.077531, 0.006324, 0.076576, 0.026573, -0.996710, 0.027814, -0.038952, 0.998961, 0.023640, -0.048188, 0.000000, 0.000000, 0.000000, 1.000000
20.9663, 21.1935, 9.3297, 193.5101, 265.0101, 11.3065, 247.7437, 6.2532, 27.8681, -48.1911, 0.619893, -0.784144, -0.029183, 0.021193, 0.777944, 0.609277, 0.153570, 0.009330, -0.102641, -0.117899, 0.987707, 0.193510, 0.000000, 0.000000, 0.000000, 1.000000, -0.102641, -0.117899, 0.987707, 0.265010, -0.619893, 0.784144, 0.029183, 0.011307, -0.777944, -0.609277, -0.153570, 0.247744, 0.000000, 0.000000, 0.000000, 1.000000, 0.996472, 0.036800, 0.075432, 0.006253, 0.074274, 0.031892, -0.996728, 0.027868, -0.039085, 0.998814, 0.029046, -0.048191, 0.000000, 0.000000, 0.000000, 1.000000
21.1148, 21.1044, 9.2606, 193.6234, 265.1234, 11.3956, 247.8128, 6.2133, 27.7400, -48.1690, 0.619757, -0.784473, -0.022465, 0.021104, 0.777455, 0.609804, 0.153957, 0.009261, -0.107075, -0.112881, 0.987822, 0.193623, 0.000000, 0.000000, 0.000000, 1.000000, -0.107075, -0.112881, 0.987822, 0.265123, -0.619757, 0.784473, 0.022465, 0.011396, -0.777455, -0.609804, -0.153957, 0.247813, 0.000000, 0.000000, 0.000000, 1.000000, 0.996339, 0.036942, 0.077099, 0.006213, 0.076138, 0.026742, -0.996739, 0.027740, -0.038883, 0.998960, 0.023832, -0.048169, 0.000000, 0.000000, 0.000000, 1.000000
21.2280, 21.0441, 9.1658, 193.5564, 265.0564, 11.4559, 247.9076, 6.1587, 27.7991, -48.1698, 0.620092, -0.784164, -0.023944, 0.021044, 0.777027, 0.609666, 0.156640, 0.009166, -0.108234, -0.115736, 0.987365, 0.193556, 0.000000, 0.000000, 0.000000, 1.000000, -0.108234, -0.115736, 0.987365, 0.265056, -0.620092, 0.784164, 0.023944, 0.011456, -0.777027, -0.609666, -0.156640, 0.247908, 0.000000, 0.000000, 0.000000, 1.000000, 0.996381, 0.037169, 0.076442, 0.006159, 0.075366, 0.029538, -0.996718, 0.027799, -0.039305, 0.998872, 0.026629, -0.048170, 0.000000, 0.000000, 0.000000, 1.000000
21.3390, 20.9599, 9.0627, 193.6181, 265.1181, 11.5401, 248.0107, 6.0771, 27.7302, -48.1670, 0.619889, -0.784407, -0.021074, 0.020960, 0.776523, 0.609351, 0.160326, 0.009063, -0.112920, -0.115749, 0.986839, 0.193618, 0.000000, 0.000000, 0.000000, 1.000000, -0.112920, -0.115749, 0.986839, 0.265118, -0.619889, 0.784407, 0.021074, 0.011540, -0.776523, -0.609351, -0.160326, 0.248011, 0.000000, 0.000000, 0.000000, 1.000000, 0.996178, 0.036829, 0.079205, 0.006077, 0.078141, 0.029492, -0.996506, 0.027730, -0.039036, 0.998886, 0.026502, -0.048167, 0.000000, 0.000000, 0.000000, 1.000000
21.4677, 20.8917, 8.9721, 193.5719, 265.0719, 11.6083, 248.1014, 6.0283, 27.7668, -48.1608, 0.620076, -0.784244, -0.021623, 0.020892, 0.776517, 0.609568, 0.159522, 0.008972, -0.111923, -0.115706, 0.986958, 0.193572, 0.000000, 0.000000, 0.000000, 1.000000, -0.111923, -0.115706, 0.986958, 0.265072, -0.620076, 0.784244, 0.021623, 0.011608, -0.776517, -0.609568, -0.159522, 0.248101, 0.000000, 0.000000, 0.000000, 1.000000, 0.996416, 0.037165, 0.075980, 0.006028, 0.074911, 0.029356, -0.996758, 0.027767, -0.039275, 0.998878, 0.026467, -0.048161, 0.000000, 0.000000, 0.000000, 1.000000
21.6187, 20.8131, 8.8612, 193.6100, 265.1100, 11.6869, 248.2122, 5.9639, 27.7189, -48.1651, 0.619882, -0.784472, -0.018680, 0.020813, 0.775837, 0.609145, 0.164379, 0.008861, -0.117572, -0.116388, 0.986220, 0.193610, 0.000000, 0.000000, 0.000000, 1.000000, -0.117572, -0.116388, 0.986220, 0.265110, -0.619882, 0.784472, 0.018680, 0.011687, -0.775837, -0.609145, -0.164379, 0.248212, 0.000000, 0.000000, 0.000000, 1.000000, 0.996192, 0.036795, 0.079040, 0.005964, 0.077958, 0.029963, -0.996506, 0.027719, -0.039035, 0.998874, 0.026980, -0.048165, 0.000000, 0.000000, 0.000000, 1.000000
21.7384, 20.7535, 8.7897, 193.6356, 265.1356, 11.7465, 248.2838, 5.9279, 27.6847, -48.1608, 0.620054, -0.784356, -0.017833, 0.020754, 0.775764, 0.609551, 0.163209, 0.008790, -0.117144, -0.115032, 0.986430, 0.193636, 0.000000, 0.000000, 0.000000, 1.000000, -0.117144, -0.115032, 0.986430, 0.265136, -0.620054, 0.784356, 0.017833, 0.011746, -0.775764, -0.609551, -0.163209, 0.248284, 0.000000, 0.000000, 0.000000, 1.000000, 0.996376, 0.037193, 0.076499, 0.005928, 0.075463, 0.028506, -0.996741, 0.027685, -0.039252, 0.998901, 0.025596, -0.048161, 0.000000, 0.000000, 0.000000, 1.000000
21.8597, 20.6780, 8.7176, 193.6504, 265.1504, 11.8220, 248.3558, 5.8829, 27.6606, -48.1430, 0.620423, -0.784092, -0.016610, 0.020678, 0.775417, 0.610110, 0.162772, 0.008718, -0.117494, -0.113867, 0.986524, 0.193650, 0.000000, 0.000000, 0.000000, 1.000000, -0.117494, -0.113867, 0.986524, 0.265150, -0.620423, 0.784092, 0.016610, 0.011822, -0.775417, -0.610110, -0.162772, 0.248356, 0.000000, 0.000000, 0.000000, 1.000000, 0.996485, 0.037804, 0.074757, 0.005883, 0.073756, 0.027229, -0.996905, 0.027661, -0.039723, 0.998914, 0.024345, -0.048143, 0.000000, 0.000000, 0.000000, 1.000000
21.9792, 20.6006, 8.5929, 193.6768, 265.1768, 11.8994, 248.4806, 5.7931, 27.6302, -48.1554, 0.620108, -0.784381, -0.014598, 0.020601, 0.774796, 0.609398, 0.168301, 0.008593, -0.123116, -0.115675, 0.985628, 0.193677, 0.000000, 0.000000, 0.000000, 1.000000, -0.123116, -0.115675, 0.985628, 0.265177, -0.620108, 0.784381, 0.014598, 0.011899, -0.774796, -0.609398, -0.168301, 0.248481, 0.000000, 0.000000, 0.000000, 1.000000, 0.996230, 0.037206, 0.078370, 0.005793, 0.077315, 0.029003, -0.996585, 0.027630, -0.039352, 0.998887, 0.026017, -0.048155, 0.000000, 0.000000, 0.000000, 1.000000
22.1001, 20.5187, 8.4905, 193.6967, 265.1967, 11.9813, 248.5830, 5.7195, 27.6044, -48.1505, 0.620202, -0.784365, -0.011016, 0.020519, 0.774148, 0.609735, 0.170052, 0.008490, -0.126666, -0.113994, 0.985374, 0.193697, 0.000000, 0.000000, 0.000000, 1.000000, -0.126666, -0.113994, 0.985374, 0.265197, -0.620202, 0.784365, 0.011016, 0.011981, -0.774148, -0.609735, -0.170052, 0.248583, 0.000000, 0.000000, 0.000000, 1.000000, 0.996107, 0.037461, 0.079799, 0.005720, 0.078808, 0.027221, -0.996518, 0.027604, -0.039503, 0.998927, 0.024163, -0.048151, 0.000000, 0.000000, 0.000000, 1.000000
22.2203, 20.4389, 8.3996, 193.6587, 265.1587, 12.0611, 248.6738, 5.6593, 27.6357, -48.1357, 0.620207, -0.784356, -0.011367, 0.020439, 0.773524, 0.609105, 0.175078, 0.008400, -0.130400, -0.117377, 0.984489, 0.193659, 0.000000, 0.000000, 0.000000, 1.000000, -0.130400, -0.117377, 0.984489, 0.265159, -0.620207, 0.784356, 0.011367, 0.012061, -0.773524, -0.609105, -0.175078, 0.248674, 0.000000, 0.000000, 0.000000, 1.000000, 0.995970, 0.037197, 0.081609, 0.005659, 0.080493, 0.030567, -0.996286, 0.027636, -0.039554, 0.998840, 0.027450, -0.048136, 0.000000, 0.000000, 0.000000, 1.000000
22.3495, 20.3851, 8.3160, 193.6651, 265.1651, 12.1149, 248.7575, 5.6219, 27.6225, -48.1415, 0.620169, -0.784378, -0.011889, 0.020385, 0.773552, 0.608950, 0.175491, 0.008316, -0.130411, -0.118031, 0.984409, 0.193665, 0.000000, 0.000000, 0.000000, 1.000000, -0.130411, -0.118031, 0.984409, 0.265165, -0.620169, 0.784378, 0.011889, 0.012115, -0.773552, -0.608950, -0.175491, 0.248757, 0.000000, 0.000000, 0.000000, 1.000000, 0.996150, 0.037164, 0.079400, 0.005622, 0.078261, 0.031148, -0.996446, 0.027622, -0.039505, 0.998824, 0.028119, -0.048142, 0.000000, 0.000000, 0.000000, 1.000000
22.4835, 20.2910, 8.2098, 193.7088, 265.2088, 12.2090, 248.8637, 5.5431, 27.5728, -48.1311, 0.620230, -0.784385, -0.007349, 0.020291, 0.772760, 0.609375, 0.177494, 0.008210, -0.134746, -0.115766, 0.984094, 0.193709, 0.000000, 0.000000, 0.000000, 1.000000, -0.134746, -0.115766, 0.984094, 0.265209, -0.620230, 0.784385, 0.007349, 0.012209, -0.772760, -0.609375, -0.177494, 0.248864, 0.000000, 0.000000, 0.000000, 1.000000, 0.995981, 0.037444, 0.081365, 0.005543, 0.080314, 0.028767, -0.996354, 0.027573, -0.039648, 0.998885, 0.025644, -0.048131, 0.000000, 0.000000, 0.000000, 1.000000
22.5956, 20.2400, 8.1524, 193.7413, 265.2413, 12.2600, 248.9210, 5.5190, 27.5336, -48.1260, 0.620275, -0.784339, -0.008361, 0.020240, 0.773067, 0.609487, 0.175765, 0.008152, -0.132763, -0.115486, 0.984397, 0.193741, 0.000000, 0.000000, 0.000000, 1.000000, -0.132763, -0.115486, 0.984397, 0.265241, -0.620275, 0.784339, 0.008361, 0.012260, -0.773067, -0.609487, -0.175765, 0.248921, 0.000000, 0.000000, 0.000000, 1.000000, 0.996291, 0.037601, 0.077399, 0.005519, 0.076357, 0.028405, -0.996676, 0.027534, -0.039674, 0.998889, 0.025429, -0.048126, 0.000000, 0.000000, 0.000000, 1.000000
22.7312, 20.1767, 8.0267, 193.7297, 265.2297, 12.3233, 249.0468, 5.4458, 27.5427, -48.1472, 0.620227, -0.784367, -0.009286, 0.020177, 0.772465, 0.608671, 0.181156, 0.008027, -0.136441, -0.119531, 0.983410, 0.193730, 0.000000, 0.000000, 0.000000, 1.000000, -0.136441, -0.119531, 0.983410, 0.265230, -0.620227, 0.784367, 0.009286, 0.012323, -0.772465, -0.608671, -0.181156, 0.249047, 0.000000, 0.000000, 0.000000, 1.000000, 0.996185, 0.037246, 0.078923, 0.005446, 0.077731, 0.032420, -0.996447, 0.027543, -0.039673, 0.998780, 0.029402, -0.048147, 0.000000, 0.000000, 0.000000, 1.000000
22.8555, 20.0876, 7.9532, 193.7598, 265.2598, 12.4124, 249.1203, 5.3924, 27.5056, -48.1205, 0.620269, -0.784368, -0.005670, 0.020088, 0.771913, 0.609104, 0.182051, 0.007953, -0.139341, -0.117297, 0.983273, 0.193760, 0.000000, 0.000000, 0.000000, 1.000000, -0.139341, -0.117297, 0.983273, 0.265260, -0.620269, 0.784368, 0.005670, 0.012412, -0.771913, -0.609104, -0.182051, 0.249120, 0.000000, 0.000000, 0.000000, 1.000000, 0.996120, 0.037521, 0.079601, 0.005392, 0.078495, 0.030073, -0.996461, 0.027506, -0.039782, 0.998843, 0.027011, -0.048120, 0.000000, 0.000000, 0.000000, 1.000000
22.9926, 20.0300, 7.8628, 193.7902, 265.2902, 12.4700, 249.2106, 5.3492, 27.4702, -48.1291, 0.620361, -0.784296, -0.005585, 0.020030, 0.771864, 0.609233, 0.181830, 0.007863, -0.139206, -0.117111, 0.983314, 0.193790, 0.000000, 0.000000, 0.000000, 1.000000, -0.139206, -0.117111, 0.983314, 0.265290, -0.620361, 0.784296, 0.005585, 0.012470, -0.771864, -0.609233, -0.181830, 0.249211, 0.000000, 0.000000, 0.000000, 1.000000, 0.996310, 0.037726, 0.077093, 0.005349, 0.075992, 0.029787, -0.996663, 0.027470, -0.039896, 0.998844, 0.026810, -0.048129, 0.000000, 0.000000, 0.000000, 1.000000
23.1031, 19.9516, 7.7739, 193.8294, 265.3294, 12.5484, 249.2996, 5.2817, 27.4280, -48.1209, 0.620273, -0.784379, -0.003404, 0.019952, 0.771202, 0.609049, 0.185219, 0.007774, -0.143208, -0.117512, 0.982691, 0.193829, 0.000000, 0.000000, 0.000000, 1.000000, -0.143208, -0.117512, 0.982691, 0.265329, -0.620273, 0.784379, 0.003404, 0.012548, -0.771202, -0.609049, -0.185219, 0.249300, 0.000000, 0.000000, 0.000000, 1.000000, 0.996147, 0.037615, 0.079226, 0.005282, 0.078116, 0.030130, -0.996489, 0.027428, -0.039870, 0.998838, 0.027075, -0.048121, 0.000000, 0.000000, 0.000000, 1.000000
23.2321, 19.8730, 7.6697, 193.7959, 265.2959, 12.6270, 249.4038, 5.2157, 27.4584, -48.1153, 0.620317, -0.784351, -0.000668, 0.019873, 0.770345, 0.609080, 0.188652, 0.007670, -0.147563, -0.117539, 0.982044, 0.193796, 0.000000, 0.000000, 0.000000, 1.000000, -0.147563, -0.117539, 0.982044, 0.265296, -0.620317, 0.784351, 0.000668, 0.012627, -0.770345, -0.609080, -0.188652, 0.249404, 0.000000, 0.000000, 0.000000, 1.000000, 0.995967, 0.037726, 0.081405, 0.005216, 0.080295, 0.030069, -0.996318, 0.027458, -0.040035, 0.998836, 0.026919, -0.048115, 0.000000, 0.000000, 0.000000, 1.000000
23.3684, 19.7921, 7.5893, 193.8689, 265.3689, 12.7079, 249.4841, 5.1633, 27.3802, -48.1029, 0.620015, -0.784590, 0.000891, 0.019792, 0.770280, 0.608922, 0.189424, 0.007589, -0.149163, -0.116759, 0.981895, 0.193869, 0.000000, 0.000000, 0.000000, 1.000000, -0.149163, -0.116759, 0.981895, 0.265369, -0.620015, 0.784590, -0.000891, 0.012708, -0.770280, -0.608922, -0.189424, 0.249484, 0.000000, 0.000000, 0.000000, 1.000000, 0.996043, 0.037472, 0.080585, 0.005163, 0.079515, 0.029216, -0.996405, 0.027380, -0.039692, 0.998870, 0.026121, -0.048103, 0.000000, 0.000000, 0.000000, 1.000000
23.4699, 19.7383, 7.4947, 193.8185, 265.3185, 12.7617, 249.5788, 5.1078, 27.4303, -48.1103, 0.620337, -0.784335, -0.001085, 0.019738, 0.770108, 0.608821, 0.190446, 0.007495, -0.148713, -0.118977, 0.981697, 0.193819, 0.000000, 0.000000, 0.000000, 1.000000, -0.148713, -0.118977, 0.981697, 0.265319, -0.620337, 0.784335, 0.001085, 0.012762, -0.770108, -0.608821, -0.190446, 0.249579, 0.000000, 0.000000, 0.000000, 1.000000, 0.996199, 0.037760, 0.078495, 0.005108, 0.077330, 0.031370, -0.996512, 0.027430, -0.040091, 0.998794, 0.028331, -0.048110, 0.000000, 0.000000, 0.000000, 1.000000
23.6070, 19.6613, 7.4093, 193.8717, 265.3717, 12.8387, 249.6641, 5.0550, 27.3730, -48.1023, 0.620261, -0.784394, 0.001471, 0.019661, 0.769456, 0.608811, 0.193097, 0.007409, -0.152359, -0.118639, 0.981179, 0.193872, 0.000000, 0.000000, 0.000000, 1.000000, -0.152359, -0.118639, 0.981179, 0.265372, -0.620261, 0.784394, -0.001471, 0.012839, -0.769456, -0.608811, -0.193097, 0.249664, 0.000000, 0.000000, 0.000000, 1.000000, 0.996096, 0.037765, 0.079795, 0.005055, 0.078648, 0.030945, -0.996422, 0.027373, -0.040099, 0.998807, 0.027854, -0.048102, 0.000000, 0.000000, 0.000000, 1.000000
23.7140, 19.5670, 7.3056, 193.8845, 265.3845, 12.9330, 249.7679, 4.9666, 27.3606, -48.0876, 0.619916, -0.784642, 0.006461, 0.019567, 0.768679, 0.608917, 0.195837, 0.007306, -0.157596, -0.116436, 0.980615, 0.193884, 0.000000, 0.000000, 0.000000, 1.000000, -0.157596, -0.116436, 0.980615, 0.265384, -0.619916, 0.784642, -0.006461, 0.012933, -0.768679, -0.608917, -0.195837, 0.249768, 0.000000, 0.000000, 0.000000, 1.000000, 0.995832, 0.037587, 0.083105, 0.004967, 0.082055, 0.028668, -0.996215, 0.027361, -0.039827, 0.998882, 0.025464, -0.048088, 0.000000, 0.000000, 0.000000, 1.000000
23.8489, 19.5001, 7.2095, 193.8702, 265.3702, 12.9999, 249.8640, 4.9153, 27.3729, -48.0883, 0.619920, -0.784641, 0.006207, 0.019500, 0.768132, 0.608454, 0.199389, 0.007209, -0.160225, -0.118838, 0.979901, 0.193870, 0.000000, 0.000000, 0.000000, 1.000000, -0.160225, -0.118838, 0.979901, 0.265370, -0.619920, 0.784641, -0.006207, 0.013000, -0.768132, -0.608454, -0.199389, 0.249864, 0.000000, 0.000000, 0.000000, 1.000000, 0.995800, 0.037480, 0.083533, 0.004915, 0.082392, 0.031018, -0.996117, 0.027373, -0.039926, 0.998816, 0.027800, -0.048088, 0.000000, 0.000000, 0.000000, 1.000000
23.9862, 19.4478, 7.1284, 193.8731, 265.3731, 13.0522, 249.9450, 4.8846, 27.3651, -48.0935, 0.620245, -0.784396, 0.004480, 0.019448, 0.768053, 0.608462, 0.199670, 0.007128, -0.159346, -0.120404, 0.979853, 0.193873, 0.000000, 0.000000, 0.000000, 1.000000, -0.159346, -0.120404, 0.979853, 0.265373, -0.620245, 0.784396, -0.004480, 0.013052, -0.768053, -0.608462, -0.199670, 0.249945, 0.000000, 0.000000, 0.000000, 1.000000, 0.996048, 0.037838, 0.080351, 0.004885, 0.079140, 0.032490, -0.996334, 0.027365, -0.040310, 0.998756, 0.029367, -0.048093, 0.000000, 0.000000, 0.000000, 1.000000
24.1042, 19.3615, 7.0401, 193.9362, 265.4362, 13.1385, 250.0334, 4.8135, 27.3014, -48.0805, 0.620168, -0.784424, 0.008390, 0.019361, 0.767668, 0.609052, 0.199352, 0.007040, -0.161486, -0.117191, 0.979892, 0.193936, 0.000000, 0.000000, 0.000000, 1.000000, -0.161486, -0.117191, 0.979892, 0.265436, -0.620168, 0.784424, -0.008390, 0.013139, -0.767668, -0.609052, -0.199352, 0.250033, 0.000000, 0.000000, 0.000000, 1.000000, 0.996039, 0.038084, 0.080349, 0.004813, 0.079265, 0.029152, -0.996427, 0.027301, -0.040290, 0.998849, 0.026018, -0.048081, 0.000000, 0.000000, 0.000000, 1.000000
24.2479, 19.2943, 6.9223, 193.9230, 265.4230, 13.2057, 250.1512, 4.7490, 27.3157, -48.0938, 0.620251, -0.784373, 0.006950, 0.019294, 0.767006, 0.608325, 0.204065, 0.006922, -0.164291, -0.121241, 0.978933, 0.193923, 0.000000, 0.000000, 0.000000, 1.000000, -0.164291, -0.121241, 0.978933, 0.265423, -0.620251, 0.784373, -0.006950, 0.013206, -0.767006, -0.608325, -0.204065, 0.250151, 0.000000, 0.000000, 0.000000, 1.000000, 0.996001, 0.037964, 0.080875, 0.004749, 0.079632, 0.033166, -0.996272, 0.027316, -0.040504, 0.998729, 0.030010, -0.048094, 0.000000, 0.000000, 0.000000, 1.000000
24.3433, 19.2166, 6.8387, 193.9723, 265.4723, 13.2834, 250.2348, 4.6772, 27.2679, -48.0839, 0.619915, -0.784576, 0.012115, 0.019217, 0.766348, 0.608685, 0.205457, 0.006839, -0.168570, -0.118081, 0.978591, 0.193972, 0.000000, 0.000000, 0.000000, 1.000000, -0.168570, -0.118081, 0.978591, 0.265472, -0.619915, 0.784576, -0.012115, 0.013283, -0.766348, -0.608685, -0.205457, 0.250235, 0.000000, 0.000000, 0.000000, 1.000000, 0.995795, 0.037902, 0.083397, 0.004677, 0.082289, 0.029919, -0.996159, 0.027268, -0.040252, 0.998833, 0.026675, -0.048084, 0.000000, 0.000000, 0.000000, 1.000000
24.4868, 19.1482, 6.7552, 193.9934, 265.4934, 13.3518, 250.3183, 4.6360, 27.2447, -48.0790, 0.620214, -0.784359, 0.010762, 0.019148, 0.766117, 0.608623, 0.206502, 0.006755, -0.168522, -0.119830, 0.978387, 0.193993, 0.000000, 0.000000, 0.000000, 1.000000, -0.168522, -0.119830, 0.978387, 0.265493, -0.620214, 0.784359, -0.010762, 0.013352, -0.766117, -0.608623, -0.206502, 0.250318, 0.000000, 0.000000, 0.000000, 1.000000, 0.995983, 0.038217, 0.080973, 0.004636, 0.079788, 0.031570, -0.996312, 0.027245, -0.040633, 0.998771, 0.028394, -0.048079, 0.000000, 0.000000, 0.000000, 1.000000
24.6129, 19.0639, 6.6601, 194.0107, 265.5107, 13.4361, 250.4134, 4.5681, 27.2283, -48.0677, 0.619755, -0.784667, 0.014160, 0.019064, 0.765329, 0.608278, 0.210402, 0.006660, -0.173709, -0.119561, 0.977512, 0.194011, 0.000000, 0.000000, 0.000000, 1.000000, -0.173709, -0.119561, 0.977512, 0.265511, -0.619755, 0.784667, -0.014160, 0.013436, -0.765329, -0.608278, -0.210402, 0.250413, 0.000000, 0.000000, 0.000000, 1.000000, 0.995748, 0.037803, 0.084001, 0.004568, 0.082842, 0.031259, -0.996072, 0.027228, -0.040280, 0.998796, 0.027995, -0.048068, 0.000000, 0.000000, 0.000000, 1.000000
24.7175, 18.9896, 6.5723, 194.0709, 265.5709, 13.5104, 250.5012, 4.4978, 27.1706, -48.0639, 0.620012, -0.784438, 0.015535, 0.018990, 0.765316, 0.609023, 0.208284, 0.006572, -0.172847, -0.117249, 0.977945, 0.194071, 0.000000, 0.000000, 0.000000, 1.000000, -0.172847, -0.117249, 0.977945, 0.265571, -0.620012, 0.784438, -0.015535, 0.013510, -0.765316, -0.609023, -0.208284, 0.250501, 0.000000, 0.000000, 0.000000, 1.000000, 0.995955, 0.038367, 0.081250, 0.004498, 0.080173, 0.028805, -0.996365, 0.027171, -0.040568, 0.998848, 0.025612, -0.048064, 0.000000, 0.000000, 0.000000, 1.000000
24.8616, 18.9228, 6.4872, 194.0812, 265.5812, 13.5772, 250.5863, 4.4577, 27.1595, -48.0604, 0.619994, -0.784456, 0.015377, 0.018923, 0.764776, 0.608586, 0.211518, 0.006487, -0.175285, -0.119380, 0.977253, 0.194081, 0.000000, 0.000000, 0.000000, 1.000000, -0.175285, -0.119380, 0.977253, 0.265581, -0.619994, 0.784456, -0.015377, 0.013577, -0.764776, -0.608586, -0.211518, 0.250586, 0.000000, 0.000000, 0.000000, 1.000000, 0.995953, 0.038292, 0.081306, 0.004458, 0.080147, 0.030877, -0.996305, 0.027159, -0.040661, 0.998789, 0.027683, -0.048060, 0.000000, 0.000000, 0.000000, 1.000000
24.9866, 18.8493, 6.3905, 194.0723, 265.5723, 13.6507, 250.6830, 4.3971, 27.1706, -48.0566, 0.619600, -0.784702, 0.018413, 0.018849, 0.763817, 0.608180, 0.216103, 0.006390, -0.180775, -0.119833, 0.976197, 0.194072, 0.000000, 0.000000, 0.000000, 1.000000, -0.180775, -0.119833, 0.976197, 0.265572, -0.619600, 0.784702, -0.018413, 0.013651, -0.763817, -0.608180, -0.216103, 0.250683, 0.000000, 0.000000, 0.000000, 1.000000, 0.995684, 0.037935, 0.084703, 0.004397, 0.083539, 0.031294, -0.996013, 0.027171, -0.040434, 0.998790, 0.027990, -0.048057, 0.000000, 0.000000, 0.000000, 1.000000
25.0928, 18.7835, 6.3190, 194.1218, 265.6218, 13.7165, 250.7544, 4.3461, 27.1225, -48.0492, 0.619967, -0.784415, 0.018259, 0.018784, 0.764057, 0.608844, 0.213367, 0.006319, -0.178485, -0.118330, 0.976802, 0.194122, 0.000000, 0.000000, 0.000000, 1.000000, -0.178485, -0.118330, 0.976802, 0.265622, -0.619967, 0.784415, -0.018259, 0.013716, -0.764057, -0.608844, -0.213367, 0.250754, 0.000000, 0.000000, 0.000000, 1.000000, 0.996008, 0.038537, 0.080519, 0.004346, 0.079404, 0.029648, -0.996402, 0.027122, -0.040786, 0.998817, 0.026469, -0.048049, 0.000000, 0.000000, 0.000000, 1.000000
25.2281, 18.7149, 6.2182, 194.1329, 265.6329, 13.7851, 250.8552, 4.2880, 27.1143, -48.0535, 0.619885, -0.784441, 0.019889, 0.018715, 0.763214, 0.608613, 0.217011, 0.006218, -0.182337, -0.119342, 0.975967, 0.194133, 0.000000, 0.000000, 0.000000, 1.000000, -0.182337, -0.119342, 0.975967, 0.265633, -0.619885, 0.784441, -0.019889, 0.013785, -0.763214, -0.608613, -0.217011, 0.250855, 0.000000, 0.000000, 0.000000, 1.000000, 0.995877, 0.038515, 0.082126, 0.004288, 0.080973, 0.030590, -0.996247, 0.027114, -0.040883, 0.998790, 0.027346, -0.048053, 0.000000, 0.000000, 0.000000, 1.000000
25.3716, 18.6530, 6.1241, 194.1905, 265.6905, 13.8470, 250.9494, 4.2378, 27.0591, -48.0632, 0.620002, -0.784328, 0.020669, 0.018653, 0.763092, 0.608923, 0.216573, 0.006124, -0.182450, -0.118504, 0.976048, 0.194191, 0.000000, 0.000000, 0.000000, 1.000000, -0.182450, -0.118504, 0.976048, 0.265691, -0.620002, 0.784328, -0.020669, 0.013847, -0.763092, -0.608923, -0.216573, 0.250949, 0.000000, 0.000000, 0.000000, 1.000000, 0.996060, 0.038815, 0.079731, 0.004238, 0.078609, 0.029621, -0.996465, 0.027059, -0.041039, 0.998807, 0.026454, -0.048063, 0.000000, 0.000000, 0.000000, 1.000000
25.5004, 18.5673, 6.0327, 194.1396, 265.6396, 13.9327, 251.0408, 4.1806, 27.1124, -48.0428, 0.619756, -0.784494, 0.021700, 0.018567, 0.762323, 0.608350, 0.220849, 0.006033, -0.186456, -0.120330, 0.975067, 0.194140, 0.000000, 0.000000, 0.000000, 1.000000, -0.186456, -0.120330, 0.975067, 0.265640, -0.619756, 0.784494, -0.021700, 0.013933, -0.762323, -0.608350, -0.220849, 0.251041, 0.000000, 0.000000, 0.000000, 1.000000, 0.995918, 0.038527, 0.081630, 0.004181, 0.080443, 0.031422, -0.996264, 0.027112, -0.040948, 0.998763, 0.028195, -0.048043, 0.000000, 0.000000, 0.000000, 1.000000
25.6208, 18.4749, 5.9294, 194.1732, 265.6732, 14.0251, 251.1440, 4.0967, 27.0847, -48.0311, 0.619654, -0.784497, 0.024378, 0.018475, 0.761589, 0.608489, 0.222989, 0.005929, -0.189768, -0.119610, 0.974516, 0.194173, 0.000000, 0.000000, 0.000000, 1.000000, -0.189768, -0.119610, 0.974516, 0.265673, -0.619654, 0.784497, -0.024378, 0.014025, -0.761589, -0.608489, -0.222989, 0.251144, 0.000000, 0.000000, 0.000000, 1.000000, 0.995810, 0.038621, 0.082888, 0.004097, 0.081732, 0.030608, -0.996184, 0.027085, -0.041011, 0.998785, 0.027323, -0.048031, 0.000000, 0.000000, 0.000000, 1.000000
25.7331, 18.4131, 5.8512, 194.2009, 265.7009, 14.0869, 251.2222, 4.0476, 27.0603, -48.0291, 0.619585, -0.784539, 0.024771, 0.018413, 0.761543, 0.608471, 0.223191, 0.005851, -0.190175, -0.119422, 0.974460, 0.194201, 0.000000, 0.000000, 0.000000, 1.000000, -0.190175, -0.119422, 0.974460, 0.265701, -0.619585, 0.784539, -0.024771, 0.014087, -0.761543, -0.608471, -0.223191, 0.251222, 0.000000, 0.000000, 0.000000, 1.000000, 0.995938, 0.038621, 0.081335, 0.004048, 0.080189, 0.030349, -0.996318, 0.027060, -0.040947, 0.998793, 0.027129, -0.048029, 0.000000, 0.000000, 0.000000, 1.000000
25.8908, 18.3410, 5.7706, 194.1938, 265.6938, 14.1590, 251.3028, 4.0160, 27.0677, -48.0172, 0.619840, -0.784309, 0.025649, 0.018341, 0.760996, 0.608750, 0.224293, 0.005771, -0.191529, -0.119507, 0.974184, 0.194194, 0.000000, 0.000000, 0.000000, 1.000000, -0.191529, -0.119507, 0.974184, 0.265694, -0.619840, 0.784309, -0.025649, 0.014159, -0.760996, -0.608750, -0.224293, 0.251303, 0.000000, 0.000000, 0.000000, 1.000000, 0.996027, 0.039073, 0.080022, 0.004016, 0.078866, 0.030286, -0.996425, 0.027068, -0.041356, 0.998777, 0.027084, -0.048017, 0.000000, 0.000000, 0.000000, 1.000000
25.9954, 18.2605, 5.6624, 194.2084, 265.7084, 14.2395, 251.4110, 3.9298, 27.0619, -48.0164, 0.619596, -0.784405, 0.028472, 0.018261, 0.759990, 0.608590, 0.228110, 0.005662, -0.196258, -0.119697, 0.973219, 0.194208, 0.000000, 0.000000, 0.000000, 1.000000, -0.196258, -0.119697, 0.973219, 0.265708, -0.619596, 0.784405, -0.028472, 0.014239, -0.759990, -0.608590, -0.228110, 0.251411, 0.000000, 0.000000, 0.000000, 1.000000, 0.995785, 0.038966, 0.083032, 0.003930, 0.081874, 0.030426, -0.996178, 0.027062, -0.041344, 0.998777, 0.027108, -0.048016, 0.000000, 0.000000, 0.000000, 1.000000
26.1088, 18.2023, 5.5900, 194.2493, 265.7493, 14.2977, 251.4835, 3.8862, 27.0245, -48.0150, 0.619890, -0.784213, 0.027320, 0.018202, 0.760168, 0.608790, 0.226976, 0.005590, -0.194630, -0.119932, 0.973517, 0.194249, 0.000000, 0.000000, 0.000000, 1.000000, -0.194630, -0.119932, 0.973517, 0.265749, -0.619890, 0.784213, -0.027320, 0.014298, -0.760168, -0.608790, -0.226976, 0.251483, 0.000000, 0.000000, 0.000000, 1.000000, 0.996064, 0.039328, 0.079440, 0.003886, 0.078265, 0.030552, -0.996464, 0.027024, -0.041616, 0.998759, 0.027354, -0.048015, 0.000000, 0.000000, 0.000000, 1.000000
26.2222, 18.1134, 5.4820, 194.2501, 265.7501, 14.3866, 251.5914, 3.8010, 27.0325, -48.0062, 0.619346, -0.784486, 0.031509, 0.018113, 0.758974, 0.608509, 0.231679, 0.005482, -0.200922, -0.119575, 0.972282, 0.194250, 0.000000, 0.000000, 0.000000, 1.000000, -0.200922, -0.119575, 0.972282, 0.265750, -0.619346, 0.784486, -0.031509, 0.014387, -0.758974, -0.608509, -0.231679, 0.251591, 0.000000, 0.000000, 0.000000, 1.000000, 0.995717, 0.038959, 0.083843, 0.003801, 0.082697, 0.030164, -0.996118, 0.027032, -0.041337, 0.998785, 0.026813, -0.048006, 0.000000, 0.000000, 0.000000, 1.000000
26.3639, 18.0342, 5.4072, 194.3261, 265.8261, 14.4658, 251.6663, 3.7519, 26.9596, -47.9922, 0.618825, -0.784757, 0.034809, 0.018034, 0.758490, 0.608464, 0.233377, 0.005407, -0.204324, -0.118017, 0.971763, 0.194326, 0.000000, 0.000000, 0.000000, 1.000000, -0.204324, -0.118017, 0.971763, 0.265826, -0.618825, 0.784757, -0.034809, 0.014466, -0.758490, -0.608464, -0.233377, 0.251666, 0.000000, 0.000000, 0.000000, 1.000000, 0.995653, 0.038642, 0.084743, 0.003752, 0.083672, 0.028536, -0.996085, 0.026960, -0.040909, 0.998846, 0.025179, -0.047992, 0.000000, 0.000000, 0.000000, 1.000000
26.4735, 17.9651, 5.3203, 194.3288, 265.8288, 14.5349, 251.7532, 3.6931, 26.9635, -47.9872, 0.619243, -0.784514, 0.032805, 0.017965, 0.758448, 0.608436, 0.233587, 0.005320, -0.203212, -0.119766, 0.971782, 0.194329, 0.000000, 0.000000, 0.000000, 1.000000, -0.203212, -0.119766, 0.971782, 0.265829, -0.619243, 0.784514, -0.032805, 0.014535, -0.758448, -0.608436, -0.233587, 0.251753, 0.000000, 0.000000, 0.000000, 1.000000, 0.995882, 0.039040, 0.081822, 0.003693, 0.080671, 0.030193, -0.996283, 0.026963, -0.041365, 0.998781, 0.026919, -0.047987, 0.000000, 0.000000, 0.000000, 1.000000
26.6111, 17.9051, 5.2276, 194.3485, 265.8485, 14.5949, 251.8459, 3.6460, 26.9499, -47.9944, 0.619388, -0.784366, 0.033597, 0.017905, 0.757700, 0.608439, 0.235993, 0.005228, -0.205546, -0.120715, 0.971174, 0.194348, 0.000000, 0.000000, 0.000000, 1.000000, -0.205546, -0.120715, 0.971174, 0.265848, -0.619388, 0.784366, -0.033597, 0.014595, -0.757700, -0.608439, -0.235993, 0.251846, 0.000000, 0.000000, 0.000000, 1.000000, 0.995865, 0.039325, 0.081895, 0.003646, 0.080701, 0.031034, -0.996255, 0.026950, -0.041719, 0.998744, 0.027733, -0.047994, 0.000000, 0.000000, 0.000000, 1.000000
26.7427, 17.8326, 5.1132, 194.3143, 265.8143, 14.6674, 251.9602, 3.5783, 26.9939, -47.9995, 0.619262, -0.784378, 0.035580, 0.017833, 0.756992, 0.608448, 0.238233, 0.005113, -0.208513, -0.120595, 0.970556, 0.194314, 0.000000, 0.000000, 0.000000, 1.000000, -0.208513, -0.120595, 0.970556, 0.265814, -0.619262, 0.784378, -0.035580, 0.014667, -0.756992, -0.608448, -0.238233, 0.251960, 0.000000, 0.000000, 0.000000, 1.000000, 0.995800, 0.039381, 0.082649, 0.003578, 0.081463, 0.030825, -0.996200, 0.026994, -0.041779, 0.998749, 0.027488, -0.048000, 0.000000, 0.000000, 0.000000, 1.000000
26.8739, 17.7640, 5.0359, 194.4167, 265.9167, 14.7360, 252.0375, 3.5246, 26.8975, -47.9978, 0.619374, -0.784257, 0.036296, 0.017764, 0.756348, 0.608452, 0.240258, 0.005036, -0.210509, -0.121357, 0.970030, 0.194417, 0.000000, 0.000000, 0.000000, 1.000000, -0.210509, -0.121357, 0.970030, 0.265917, -0.619374, 0.784257, -0.036296, 0.014736, -0.756348, -0.608452, -0.240258, 0.252038, 0.000000, 0.000000, 0.000000, 1.000000, 0.995806, 0.039628, 0.082467, 0.003525, 0.081247, 0.031485, -0.996197, 0.026898, -0.042074, 0.998718, 0.028133, -0.047998, 0.000000, 0.000000, 0.000000, 1.000000
26.9943, 17.6888, 4.9538, 194.4323, 265.9323, 14.8112, 252.1197, 3.4692, 26.8886, -47.9863, 0.618995, -0.784449, 0.038530, 0.017689, 0.755971, 0.608390, 0.241599, 0.004954, -0.212963, -0.120421, 0.969611, 0.194432, 0.000000, 0.000000, 0.000000, 1.000000, -0.212963, -0.120421, 0.969611, 0.265932, -0.618995, 0.784449, -0.038530, 0.014811, -0.755971, -0.608390, -0.241599, 0.252120, 0.000000, 0.000000, 0.000000, 1.000000, 0.995786, 0.039404, 0.082814, 0.003469, 0.081641, 0.030490, -0.996195, 0.026889, -0.041779, 0.998758, 0.027145, -0.047986, 0.000000, 0.000000, 0.000000, 1.000000
27.1046, 17.6200, 4.8545, 194.4014, 265.9014, 14.8800, 252.2189, 3.4059, 26.9293, -47.9858, 0.619285, -0.784262, 0.037659, 0.017620, 0.755622, 0.608330, 0.242837, 0.004855, -0.213357, -0.121930, 0.969336, 0.194401, 0.000000, 0.000000, 0.000000, 1.000000, -0.213357, -0.121930, 0.969336, 0.265901, -0.619285, 0.784262, -0.037659, 0.014880, -0.755622, -0.608330, -0.242837, 0.252219, 0.000000, 0.000000, 0.000000, 1.000000, 0.995889, 0.039734, 0.081399, 0.003406, 0.080157, 0.031909, -0.996271, 0.026929, -0.042183, 0.998701, 0.028593, -0.047986, 0.000000, 0.000000, 0.000000, 1.000000
27.2413, 17.5535, 4.7870, 194.4514, 265.9514, 14.9465, 252.2864, 3.3703, 26.8838, -47.9757, 0.619264, -0.784240, 0.038481, 0.017554, 0.755595, 0.608539, 0.242399, 0.004787, -0.213516, -0.121032, 0.969413, 0.194451, 0.000000, 0.000000, 0.000000, 1.000000, -0.213516, -0.121032, 0.969413, 0.265951, -0.619264, 0.784240, -0.038481, 0.014946, -0.755595, -0.608539, -0.242399, 0.252286, 0.000000, 0.000000, 0.000000, 1.000000, 0.996066, 0.039863, 0.079147, 0.003370, 0.077943, 0.030895, -0.996479, 0.026884, -0.042168, 0.998727, 0.027666, -0.047976, 0.000000, 0.000000, 0.000000, 1.000000
27.3757, 17.4870, 4.7008, 194.5014, 266.0014, 15.0130, 252.3727, 3.3184, 26.8420, -47.9764, 0.619338, -0.784156, 0.038989, 0.017487, 0.755189, 0.608570, 0.243580, 0.004701, -0.214732, -0.121414, 0.969097, 0.194501, 0.000000, 0.000000, 0.000000, 1.000000, -0.214732, -0.121414, 0.969097, 0.266001, -0.619338, 0.784156, -0.038989, 0.015013, -0.755189, -0.608570, -0.243580, 0.252373, 0.000000, 0.000000, 0.000000, 1.000000, 0.996141, 0.040065, 0.078092, 0.003318, 0.076871, 0.031172, -0.996554, 0.026842, -0.042361, 0.998711, 0.027972, -0.047976, 0.000000, 0.000000, 0.000000, 1.000000
27.4972, 17.4075, 4.6019, 194.4962, 265.9962, 15.0925, 252.4716, 3.2504, 26.8579, -47.9693, 0.619035, -0.784196, 0.042811, 0.017407, 0.754129, 0.608752, 0.246393, 0.004602, -0.219282, -0.120241, 0.968224, 0.194496, 0.000000, 0.000000, 0.000000, 1.000000, -0.219282, -0.120241, 0.968224, 0.265996, -0.619035, 0.784196, -0.042811, 0.015093, -0.754129, -0.608752, -0.246393, 0.252472, 0.000000, 0.000000, 0.000000, 1.000000, 0.995940, 0.040081, 0.080600, 0.003250, 0.079433, 0.029900, -0.996392, 0.026858, -0.042347, 0.998749, 0.026595, -0.047969, 0.000000, 0.000000, 0.000000, 1.000000
27.6111, 17.3321, 4.5004, 194.5029, 266.0029, 15.1679, 252.5731, 3.1777, 26.8633, -47.9681, 0.618744, -0.784414, 0.043023, 0.017332, 0.753472, 0.608055, 0.250097, 0.004500, -0.222340, -0.122329, 0.967264, 0.194503, 0.000000, 0.000000, 0.000000, 1.000000, -0.222340, -0.122329, 0.967264, 0.266003, -0.618744, 0.784414, -0.043023, 0.015168, -0.753472, -0.608055, -0.250097, 0.252573, 0.000000, 0.000000, 0.000000, 1.000000, 0.995853, 0.039765, 0.081831, 0.003178, 0.080585, 0.032000, -0.996234, 0.026863, -0.042234, 0.998697, 0.028663, -0.047968, 0.000000, 0.000000, 0.000000, 1.000000
27.7464, 17.2685, 4.4220, 194.5812, 266.0812, 15.2315, 252.6515, 3.1296, 26.7932, -47.9690, 0.618948, -0.784189, 0.044178, 0.017268, 0.753151, 0.608529, 0.249914, 0.004422, -0.222863, -0.121411, 0.967260, 0.194581, 0.000000, 0.000000, 0.000000, 1.000000, -0.222863, -0.121411, 0.967260, 0.266081, -0.618948, 0.784189, -0.044178, 0.015232, -0.753151, -0.608529, -0.249914, 0.252651, 0.000000, 0.000000, 0.000000, 1.000000, 0.995982, 0.040212, 0.080020, 0.003130, 0.078806, 0.030916, -0.996410, 0.026793, -0.042541, 0.998713, 0.027623, -0.047969, 0.000000, 0.000000, 0.000000, 1.000000
27.8587, 17.1947, 4.3292, 194.5817, 266.0817, 15.3053, 252.7443, 3.0648, 26.8040, -47.9635, 0.618594, -0.784321, 0.046720, 0.017195, 0.752299, 0.608396, 0.252786, 0.004329, -0.226690, -0.121224, 0.966394, 0.194582, 0.000000, 0.000000, 0.000000, 1.000000, -0.226690, -0.121224, 0.966394, 0.266082, -0.618594, 0.784321, -0.046720, 0.015305, -0.752299, -0.608396, -0.252786, 0.252744, 0.000000, 0.000000, 0.000000, 1.000000, 0.995829, 0.040061, 0.081975, 0.003065, 0.080776, 0.030679, -0.996260, 0.026804, -0.042427, 0.998726, 0.027315, -0.047963, 0.000000, 0.000000, 0.000000, 1.000000
27.9991, 17.1149, 4.2239, 194.5467, 266.0467, 15.3851, 252.8495, 3.0054, 26.8511, -47.9573, 0.618348, -0.784503, 0.046912, 0.017115, 0.751408, 0.607643, 0.257210, 0.004224, -0.230288, -0.123795, 0.965216, 0.194547, 0.000000, 0.000000, 0.000000, 1.000000, -0.230288, -0.123795, 0.965216, 0.266047, -0.618348, 0.784503, -0.046912, 0.015385, -0.751408, -0.607643, -0.257210, 0.252850, 0.000000, 0.000000, 0.000000, 1.000000, 0.995725, 0.039826, 0.083339, 0.003005, 0.082039, 0.033247, -0.996074, 0.026851, -0.042441, 0.998653, 0.029838, -0.047957, 0.000000, 0.000000, 0.000000, 1.000000
28.1048, 17.0474, 4.1600, 194.6829, 266.1829, 15.4526, 252.9134, 2.9435, 26.7242, -47.9515, 0.618288, -0.784394, 0.049449, 0.017047, 0.751585, 0.608483, 0.254694, 0.004160, -0.229869, -0.120309, 0.965757, 0.194683, 0.000000, 0.000000, 0.000000, 1.000000, -0.229869, -0.120309, 0.965757, 0.266183, -0.618288, 0.784394, -0.049449, 0.015453, -0.751585, -0.608483, -0.254694, 0.252913, 0.000000, 0.000000, 0.000000, 1.000000, 0.995916, 0.040076, 0.080906, 0.002943, 0.079753, 0.029593, -0.996375, 0.026724, -0.042325, 0.998758, 0.026275, -0.047952, 0.000000, 0.000000, 0.000000, 1.000000
28.2379, 16.9745, 4.0450, 194.6173, 266.1173, 15.5255, 253.0285, 2.8818, 26.8040, -47.9541, 0.618360, -0.784279, 0.050374, 0.016975, 0.750312, 0.608217, 0.259045, 0.004045, -0.233802, -0.122387, 0.964551, 0.194617, 0.000000, 0.000000, 0.000000, 1.000000, -0.233802, -0.122387, 0.964551, 0.266117, -0.618360, 0.784279, -0.050374, 0.015525, -0.750312, -0.608217, -0.259045, 0.253028, 0.000000, 0.000000, 0.000000, 1.000000, 0.995752, 0.040330, 0.082775, 0.002882, 0.081531, 0.031588, -0.996170, 0.026804, -0.042790, 0.998687, 0.028166, -0.047954, 0.000000, 0.000000, 0.000000, 1.000000
28.3599, 16.8921, 3.9716, 194.6750, 266.1750, 15.6079, 253.1018, 2.8230, 26.7564, -47.9351, 0.617898, -0.784519, 0.052275, 0.016892, 0.750040, 0.608077, 0.260158, 0.003972, -0.235886, -0.121542, 0.964150, 0.194675, 0.000000, 0.000000, 0.000000, 1.000000, -0.235886, -0.121542, 0.964150, 0.266175, -0.617898, 0.784519, -0.052275, 0.015608, -0.750040, -0.608077, -0.260158, 0.253102, 0.000000, 0.000000, 0.000000, 1.000000, 0.995769, 0.040010, 0.082720, 0.002823, 0.081522, 0.030703, -0.996199, 0.026756, -0.042398, 0.998727, 0.027311, -0.047935, 0.000000, 0.000000, 0.000000, 1.000000
28.5091, 16.8295, 3.8941, 194.7367, 266.2367, 15.6705, 253.1794, 2.7830, 26.7044, -47.9350, 0.617837, -0.784490, 0.053405, 0.016830, 0.749541, 0.608115, 0.261506, 0.003894, -0.237625, -0.121539, 0.963723, 0.194737, 0.000000, 0.000000, 0.000000, 1.000000, -0.237625, -0.121539, 0.963723, 0.266237, -0.617837, 0.784490, -0.053405, 0.015670, -0.749541, -0.608115, -0.261506, 0.253179, 0.000000, 0.000000, 0.000000, 1.000000, 0.995830, 0.040139, 0.081925, 0.002783, 0.080728, 0.030587, -0.996267, 0.026704, -0.042495, 0.998726, 0.027219, -0.047935, 0.000000, 0.000000, 0.000000, 1.000000
28.6130, 16.7320, 3.7902, 194.7037, 266.2037, 15.7680, 253.2832, 2.6973, 26.7535, -47.9138, 0.617921, -0.784337, 0.054671, 0.016732, 0.748652, 0.608198, 0.263848, 0.003790, -0.240197, -0.122107, 0.963014, 0.194704, 0.000000, 0.000000, 0.000000, 1.000000, -0.240197, -0.122107, 0.963014, 0.266204, -0.617921, 0.784337, -0.054671, 0.015768, -0.748652, -0.608198, -0.263848, 0.253283, 0.000000, 0.000000, 0.000000, 1.000000, 0.995742, 0.040444, 0.082834, 0.002697, 0.081609, 0.031053, -0.996181, 0.026753, -0.042861, 0.998699, 0.027620, -0.047914, 0.000000, 0.000000, 0.000000, 1.000000
28.8018, 16.6760, 3.7076, 194.7123, 266.2123, 15.8240, 253.3659, 2.6857, 26.7531, -47.9175, 0.617680, -0.784521, 0.054758, 0.016676, 0.748587, 0.607870, 0.264785, 0.003708, -0.241016, -0.122561, 0.962751, 0.194712, 0.000000, 0.000000, 0.000000, 1.000000, -0.241016, -0.122561, 0.962751, 0.266212, -0.617680, 0.784521, -0.054758, 0.015824, -0.748587, -0.607870, -0.264785, 0.253366, 0.000000, 0.000000, 0.000000, 1.000000, 0.995950, 0.040254, 0.080389, 0.002686, 0.079152, 0.031432, -0.996367, 0.026753, -0.042634, 0.998695, 0.028118, -0.047917, 0.000000, 0.000000, 0.000000, 1.000000
28.8971, 16.6043, 3.6249, 194.7850, 266.2850, 15.8957, 253.4485, 2.6103, 26.6948, -47.9138, 0.618019, -0.784174, 0.055894, 0.016604, 0.748128, 0.608477, 0.264688, 0.003625, -0.241572, -0.121766, 0.962713, 0.194785, 0.000000, 0.000000, 0.000000, 1.000000, -0.241572, -0.121766, 0.962713, 0.266285, -0.618019, 0.784174, -0.055894, 0.015896, -0.748128, -0.608477, -0.264688, 0.253449, 0.000000, 0.000000, 0.000000, 1.000000, 0.996011, 0.040856, 0.079328, 0.002610, 0.078116, 0.030460, -0.996479, 0.026695, -0.043129, 0.998701, 0.027147, -0.047914, 0.000000, 0.000000, 0.000000, 1.000000
28.9890, 16.5267, 3.5248, 194.8113, 266.3113, 15.9733, 253.5487, 2.5238, 26.6861, -47.9116, 0.617257, -0.784509, 0.059493, 0.016527, 0.746679, 0.607960, 0.269917, 0.003525, -0.247922, -0.122185, 0.961044, 0.194811, 0.000000, 0.000000, 0.000000, 1.000000, -0.247922, -0.122185, 0.961044, 0.266311, -0.617257, 0.784509, -0.059493, 0.015973, -0.746679, -0.607960, -0.269917, 0.253549, 0.000000, 0.000000, 0.000000, 1.000000, 0.995625, 0.040371, 0.084265, 0.002524, 0.083049, 0.030914, -0.996066, 0.026686, -0.042817, 0.998706, 0.027426, -0.047912, 0.000000, 0.000000, 0.000000, 1.000000
29.1327, 16.4776, 3.4407, 194.8935, 266.3935, 16.0224, 253.6328, 2.4810, 26.6167, -47.9279, 0.617899, -0.784149, 0.057538, 0.016478, 0.746724, 0.608170, 0.269318, 0.003441, -0.246178, -0.123447, 0.961331, 0.194893, 0.000000, 0.000000, 0.000000, 1.000000, -0.246178, -0.123447, 0.961331, 0.266393, -0.617899, 0.784149, -0.057538, 0.016022, -0.746724, -0.608170, -0.269318, 0.253633, 0.000000, 0.000000, 0.000000, 1.000000, 0.995941, 0.041044, 0.080103, 0.002481, 0.078819, 0.031999, -0.996375, 0.026617, -0.043458, 0.998645, 0.028634, -0.047928, 0.000000, 0.000000, 0.000000, 1.000000
29.2234, 16.3892, 3.3642, 194.9031, 266.4031, 16.1108, 253.7092, 2.4093, 26.6210, -47.9019, 0.617719, -0.784140, 0.059562, 0.016389, 0.746188, 0.608359, 0.270376, 0.003364, -0.248247, -0.122572, 0.960911, 0.194903, 0.000000, 0.000000, 0.000000, 1.000000, -0.248247, -0.122572, 0.960911, 0.266403, -0.617719, 0.784140, -0.059562, 0.016111, -0.746188, -0.608359, -0.270376, 0.253709, 0.000000, 0.000000, 0.000000, 1.000000, 0.995898, 0.041096, 0.080615, 0.002409, 0.079372, 0.031039, -0.996362, 0.026621, -0.043448, 0.998673, 0.027649, -0.047902, 0.000000, 0.000000, 0.000000, 1.000000
29.3654, 16.3229, 3.2606, 194.9088, 266.4088, 16.1771, 253.8129, 2.3533, 26.6318, -47.9092, 0.617383, -0.784287, 0.061083, 0.016323, 0.745409, 0.608056, 0.273190, 0.003261, -0.251402, -0.123131, 0.960019, 0.194909, 0.000000, 0.000000, 0.000000, 1.000000, -0.251402, -0.123131, 0.960019, 0.266409, -0.617383, 0.784287, -0.061083, 0.016177, -0.745409, -0.608056, -0.273190, 0.253813, 0.000000, 0.000000, 0.000000, 1.000000, 0.995838, 0.040946, 0.081428, 0.002353, 0.080168, 0.031549, -0.996282, 0.026632, -0.043363, 0.998663, 0.028135, -0.047909, 0.000000, 0.000000, 0.000000, 1.000000
29.4935, 16.2618, 3.1881, 194.9773, 266.4773, 16.2382, 253.8854, 2.3078, 26.5757, -47.9079, 0.617013, -0.784418, 0.063118, 0.016262, 0.744698, 0.607929, 0.275405, 0.003188, -0.254403, -0.122925, 0.959254, 0.194977, 0.000000, 0.000000, 0.000000, 1.000000, -0.254403, -0.122925, 0.959254, 0.266477, -0.617013, 0.784418, -0.063118, 0.016238, -0.744698, -0.607929, -0.275405, 0.253885, 0.000000, 0.000000, 0.000000, 1.000000, 0.995775, 0.040803, 0.082265, 0.002308, 0.081020, 0.031284, -0.996221, 0.026576, -0.043222, 0.998677, 0.027846, -0.047908, 0.000000, 0.000000, 0.000000, 1.000000
29.6273, 16.1732, 3.1059, 195.0110, 266.5110, 16.3268, 253.9675, 2.2467, 26.5569, -47.8870, 0.617136, -0.784221, 0.064341, 0.016173, 0.744421, 0.608389, 0.275137, 0.003106, -0.254913, -0.121901, 0.959250, 0.195011, 0.000000, 0.000000, 0.000000, 1.000000, -0.254913, -0.121901, 0.959250, 0.266511, -0.617136, 0.784221, -0.064341, 0.016327, -0.744421, -0.608389, -0.275137, 0.253968, 0.000000, 0.000000, 0.000000, 1.000000, 0.995908, 0.041168, 0.080454, 0.002247, 0.079251, 0.030088, -0.996401, 0.026557, -0.043441, 0.998699, 0.026702, -0.047887, 0.000000, 0.000000, 0.000000, 1.000000
29.7549, 16.1000, 2.9988, 194.9706, 266.4706, 16.4000, 254.0747, 2.1859, 26.6155, -47.8868, 0.617053, -0.784142, 0.066080, 0.016100, 0.743441, 0.608426, 0.277694, 0.002999, -0.257957, -0.122225, 0.958394, 0.194971, 0.000000, 0.000000, 0.000000, 1.000000, -0.257957, -0.122225, 0.958394, 0.266471, -0.617053, 0.784142, -0.066080, 0.016400, -0.743441, -0.608426, -0.277694, 0.254075, 0.000000, 0.000000, 0.000000, 1.000000, 0.995820, 0.041370, 0.081428, 0.002186, 0.080210, 0.030303, -0.996317, 0.026616, -0.043685, 0.998684, 0.026858, -0.047887, 0.000000, 0.000000, 0.000000, 1.000000
29.8455, 16.0311, 2.9159, 195.0343, 266.5343, 16.4689, 254.1576, 2.1103, 26.5692, -47.8848, 0.616585, -0.784410, 0.067262, 0.016031, 0.742990, 0.608018, 0.279788, 0.002916, -0.260365, -0.122538, 0.957703, 0.195034, 0.000000, 0.000000, 0.000000, 1.000000, -0.260365, -0.122538, 0.957703, 0.266534, -0.616585, 0.784410, -0.067262, 0.016469, -0.742990, -0.608018, -0.279788, 0.254158, 0.000000, 0.000000, 0.000000, 1.000000, 0.995762, 0.040997, 0.082326, 0.002110, 0.081103, 0.030636, -0.996235, 0.026569, -0.043365, 0.998689, 0.027182, -0.047885, 0.000000, 0.000000, 0.000000, 1.000000
29.9235, 15.9742, 2.8174, 195.0947, 266.5947, 16.5258, 254.2560, 2.0242, 26.5293, -47.9013, 0.616723, -0.784343, 0.066779, 0.015974, 0.742587, 0.607836, 0.281247, 0.002817, -0.261185, -0.123862, 0.957309, 0.195095, 0.000000, 0.000000, 0.000000, 1.000000, -0.261185, -0.123862, 0.957309, 0.266595, -0.616723, 0.784343, -0.066779, 0.016526, -0.742587, -0.607836, -0.281247, 0.254256, 0.000000, 0.000000, 0.000000, 1.000000, 0.995789, 0.041183, 0.081909, 0.002024, 0.080625, 0.031910, -0.996234, 0.026529, -0.043641, 0.998642, 0.028455, -0.047901, 0.000000, 0.000000, 0.000000, 1.000000
29.9646, 15.9189, 2.7702, 195.0954, 266.5954, 16.5811, 254.3032, 1.9735, 26.5389, -47.8842, 0.616703, -0.784245, 0.068101, 0.015919, 0.742257, 0.608129, 0.281485, 0.002770, -0.262167, -0.123044, 0.957146, 0.195095, 0.000000, 0.000000, 0.000000, 1.000000, -0.262167, -0.123044, 0.957146, 0.266595, -0.616703, 0.784245, -0.068101, 0.016581, -0.742257, -0.608129, -0.281485, 0.254303, 0.000000, 0.000000, 0.000000, 1.000000, 0.995759, 0.041340, 0.082188, 0.001974, 0.080940, 0.031017, -0.996236, 0.026539, -0.043734, 0.998664, 0.027539, -0.047884, 0.000000, 0.000000, 0.000000, 1.000000
29.9817, 15.8882, 2.7550, 195.0458, 266.5458, 16.6118, 254.3185, 1.9607, 26.5913, -47.8640, 0.616599, -0.784309, 0.068303, 0.015888, 0.741873, 0.607885, 0.283021, 0.002755, -0.263496, -0.123838, 0.956678, 0.195046, 0.000000, 0.000000, 0.000000, 1.000000, -0.263496, -0.123838, 0.956678, 0.266546, -0.616599, 0.784309, -0.068303, 0.016612, -0.741873, -0.607885, -0.283021, 0.254318, 0.000000, 0.000000, 0.000000, 1.000000, 0.995669, 0.041269, 0.083306, 0.001961, 0.082025, 0.031834, -0.996122, 0.026591, -0.043761, 0.998641, 0.028311, -0.047864, 0.000000, 0.000000, 0.000000, 1.000000
29.9929, 15.8894, 2.7408, 195.1021, 266.6021, 16.6106, 254.3327, 1.9448, 26.5387, -47.8780, 0.616673, -0.784318, 0.067518, 0.015889, 0.741739, 0.607635, 0.283906, 0.002741, -0.263699, -0.124997, 0.956472, 0.195102, 0.000000, 0.000000, 0.000000, 1.000000, -0.263699, -0.124997, 0.956472, 0.266602, -0.616673, 0.784318, -0.067518, 0.016611, -0.741739, -0.607635, -0.283906, 0.254333, 0.000000, 0.000000, 0.000000, 1.000000, 0.995662, 0.041291, 0.083386, 0.001945, 0.082052, 0.033010, -0.996081, 0.026539, -0.043881, 0.998602, 0.029479, -0.047878, 0.000000, 0.000000, 0.000000, 1.000000
29.9993, 15.8719, 2.7302, 195.0479, 266.5479, 16.6281, 254.3433, 1.9394, 26.5943, -47.8655, 0.616656, -0.784372, 0.067057, 0.015872, 0.741886, 0.607515, 0.283779, 0.002730, -0.263327, -0.125246, 0.956542, 0.195048, 0.000000, 0.000000, 0.000000, 1.000000, -0.263327, -0.125246, 0.956542, 0.266548, -0.616656, 0.784372, -0.067057, 0.016628, -0.741886, -0.607515, -0.283779, 0.254343, 0.000000, 0.000000, 0.000000, 1.000000, 0.995706, 0.041215, 0.082892, 0.001939, 0.081548, 0.033276, -0.996114, 0.026594, -0.043813, 0.998596, 0.029772, -0.047865, 0.000000, 0.000000, 0.000000, 1.000000
30.0023, 15.8716, 2.7241, 195.0839, 266.5839, 16.6284, 254.3493, 1.9291, 26.5603, -47.8718, 0.616730, -0.784321, 0.066972, 0.015872, 0.741922, 0.607598, 0.283506, 0.002724, -0.263051, -0.125159, 0.956629, 0.195084, 0.000000, 0.000000, 0.000000, 1.000000, -0.263051, -0.125159, 0.956629, 0.266584, -0.616730, 0.784321, -0.066972, 0.016628, -0.741922, -0.607598, -0.283506, 0.254349, 0.000000, 0.000000, 0.000000, 1.000000, 0.995730, 0.041296, 0.082556, 0.001929, 0.081215, 0.033169, -0.996145, 0.026560, -0.043875, 0.998596, 0.029674, -0.047872, 0.000000, 0.000000, 0.000000, 1.000000
30.0039, 15.8608, 2.7254, 195.0636, 266.5636, 16.6392, 254.3481, 1.9282, 26.5802, -47.8606, 0.616815, -0.784201, 0.067588, 0.015861, 0.741838, 0.607893, 0.283094, 0.002725, -0.263089, -0.124477, 0.956708, 0.195064, 0.000000, 0.000000, 0.000000, 1.000000, -0.263089, -0.124477, 0.956708, 0.266564, -0.616815, 0.784201, -0.067588, 0.016639, -0.741838, -0.607893, -0.283094, 0.254348, 0.000000, 0.000000, 0.000000, 1.000000, 0.995724, 0.041471, 0.082552, 0.001928, 0.081238, 0.032437, -0.996167, 0.026580, -0.043990, 0.998613, 0.028929, -0.047861, 0.000000, 0.000000, 0.000000, 1.000000
30.0048, 15.8609, 2.7134, 195.0757, 266.5757, 16.6391, 254.3601, 1.9170, 26.5708, -47.8687, 0.616778, -0.784111, 0.068949, 0.015861, 0.741672, 0.608258, 0.282745, 0.002713, -0.263642, -0.123254, 0.956714, 0.195076, 0.000000, 0.000000, 0.000000, 1.000000, -0.263642, -0.123254, 0.956714, 0.266576, -0.616778, 0.784111, -0.068949, 0.016639, -0.741672, -0.608258, -0.282745, 0.254360, 0.000000, 0.000000, 0.000000, 1.000000, 0.995677, 0.041582, 0.083060, 0.001917, 0.081799, 0.031162, -0.996162, 0.026571, -0.044010, 0.998649, 0.027626, -0.047869, 0.000000, 0.000000, 0.000000, 1.000000
30.0052, 15.8774, 2.7448, 195.1682, 266.6682, 16.6226, 254.3287, 1.9342, 26.4733, -47.8716, 0.616934, -0.784126, 0.067370, 0.015877, 0.742077, 0.608084, 0.282057, 0.002745, -0.262134, -0.124017, 0.957029, 0.195168, 0.000000, 0.000000, 0.000000, 1.000000, -0.262134, -0.124017, 0.957029, 0.266668, -0.616934, 0.784126, -0.067370, 0.016623, -0.742077, -0.608084, -0.282057, 0.254329, 0.000000, 0.000000, 0.000000, 1.000000, 0.995804, 0.041579, 0.081524, 0.001934, 0.080228, 0.031944, -0.996265, 0.026473, -0.044028, 0.998624, 0.028474, -0.047872, 0.000000, 0.000000, 0.000000, 1.000000
30.0056, 15.8715, 2.7125, 195.0844, 266.5844, 16.6285, 254.3610, 1.9209, 26.5605, -47.8786, 0.616802, -0.784225, 0.067425, 0.015872, 0.741908, 0.607851, 0.283002, 0.002712, -0.262921, -0.124533, 0.956746, 0.195084, 0.000000, 0.000000, 0.000000, 1.000000, -0.262921, -0.124533, 0.956746, 0.266584, -0.616802, 0.784225, -0.067425, 0.016628, -0.741908, -0.607851, -0.283002, 0.254361, 0.000000, 0.000000, 0.000000, 1.000000, 0.995742, 0.041436, 0.082346, 0.001921, 0.081030, 0.032503, -0.996182, 0.026560, -0.043954, 0.998612, 0.029007, -0.047879, 0.000000, 0.000000, 0.000000, 1.000000
