# Joint_B_Angle(deg), Cam_X(mm), Cam_Y(mm), Cam_Z(mm), Torso_X(mm), Torso_Y(mm), Torso_Z(mm), EE_X(mm), EE_Y(mm), EE_Z(mm), T_cam2marker_flat(16), T_torso2marker_flat(16), T_ee2marker_flat(16)
-20.0145, -11.2845, -60.0232, 329.7996, 401.2996, 43.7845, 317.0967, 20.3146, -45.2910, -62.9465, 0.131648, 0.976409, -0.171157, -0.011284, -0.987708, 0.143879, 0.061087, -0.060023, 0.084272, 0.161011, 0.983348, 0.329800, 0.000000, 0.000000, 0.000000, 1.000000, 0.084272, 0.161011, 0.983348, 0.401300, -0.131648, -0.976409, 0.171157, 0.043784, 0.987708, -0.143879, -0.061087, 0.317097, 0.000000, 0.000000, 0.000000, 1.000000, -0.997330, -0.017214, 0.070965, 0.020315, 0.070708, 0.015074, 0.997383, -0.045291, -0.018238, 0.999738, -0.013817, -0.062947, 0.000000, 0.000000, 0.000000, 1.000000
-20.0145, -11.3110, -60.0419, 329.9603, 401.4603, 43.8110, 317.1153, 20.2977, -45.1281, -62.9521, 0.131808, 0.976689, -0.169427, -0.011311, -0.987847, 0.143622, 0.059423, -0.060042, 0.082371, 0.159536, 0.983750, 0.329960, 0.000000, 0.000000, 0.000000, 1.000000, 0.082371, 0.159536, 0.983750, 0.401460, -0.131808, -0.976689, 0.169427, 0.043811, 0.987847, -0.143622, -0.059423, 0.317115, 0.000000, 0.000000, 0.000000, 1.000000, -0.997461, -0.017487, 0.069038, 0.020298, 0.068805, 0.013576, 0.997538, -0.045128, -0.018381, 0.999755, -0.012338, -0.062952, 0.000000, 0.000000, 0.000000, 1.000000
-19.9756, -11.2940, -60.0147, 329.8166, 401.3166, 43.7940, 317.0882, 20.2054, -45.3267, -62.9518, 0.131979, 0.976481, -0.170488, -0.011294, -0.987748, 0.144003, 0.060149, -0.060015, 0.083285, 0.160460, 0.983522, 0.329817, 0.000000, 0.000000, 0.000000, 1.000000, 0.083285, 0.160460, 0.983522, 0.401317, -0.131979, -0.976481, 0.170488, 0.043794, 0.987748, -0.144003, -0.060149, 0.317088, 0.000000, 0.000000, 0.000000, 1.000000, -0.997413, -0.016477, 0.069974, 0.020205, 0.069732, 0.014798, 0.997456, -0.045327, -0.017471, 0.999755, -0.013611, -0.062952, 0.000000, 0.000000, 0.000000, 1.000000
-19.8804, -11.3083, -60.0029, 329.8940, 401.3940, 43.8083, 317.0764, 19.9261, -45.3805, -62.9520, 0.131996, 0.976576, -0.169932, -0.011308, -0.987782, 0.143916, 0.059795, -0.060003, 0.082850, 0.159963, 0.983640, 0.329894, 0.000000, 0.000000, 0.000000, 1.000000, 0.082850, 0.159963, 0.983640, 0.401394, -0.131996, -0.976576, 0.169932, 0.043808, 0.987782, -0.143916, -0.059795, 0.317076, 0.000000, 0.000000, 0.000000, 1.000000, -0.997456, -0.015062, 0.069671, 0.019926, 0.069446, 0.014978, 0.997473, -0.045380, -0.016068, 0.999774, -0.013894, -0.062952, 0.000000, 0.000000, 0.000000, 1.000000
-19.6934, -11.3463, -59.7910, 329.7844, 401.2844, 43.8463, 316.8645, 19.5704, -45.7443, -62.9688, 0.131470, 0.976736, -0.169419, -0.011346, -0.987995, 0.143088, 0.058246, -0.059791, 0.081133, 0.159728, 0.983821, 0.329784, 0.000000, 0.000000, 0.000000, 1.000000, 0.081133, 0.159728, 0.983821, 0.401284, -0.131470, -0.976736, 0.169419, 0.043846, 0.987995, -0.143088, -0.058246, 0.316864, 0.000000, 0.000000, 0.000000, 1.000000, -0.997581, -0.012937, 0.068301, 0.019570, 0.068091, 0.016073, 0.997550, -0.045744, -0.014003, 0.999787, -0.015154, -0.062969, 0.000000, 0.000000, 0.000000, 1.000000
-19.5234, -11.4540, -59.4249, 329.6465, 401.1465, 43.9540, 316.4983, 19.4294, -46.1038, -63.0336, 0.129228, 0.976762, -0.170986, -0.011454, -0.988222, 0.141110, 0.059214, -0.059425, 0.081965, 0.161320, 0.983492, 0.329647, 0.000000, 0.000000, 0.000000, 1.000000, 0.081965, 0.161320, 0.983492, 0.401147, -0.129228, -0.976762, 0.170986, 0.043954, 0.988222, -0.141110, -0.059214, 0.316498, 0.000000, 0.000000, 0.000000, 1.000000, -0.997491, -0.012223, 0.069727, 0.019429, 0.069489, 0.018883, 0.997404, -0.046104, -0.013508, 0.999747, -0.017987, -0.063034, 0.000000, 0.000000, 0.000000, 1.000000
-19.3623, -11.6076, -59.0392, 330.0797, 401.5797, 44.1076, 316.1126, 19.3336, -45.8795, -63.0599, 0.127837, 0.977253, -0.169218, -0.011608, -0.989018, 0.138369, 0.051930, -0.059039, 0.074163, 0.160721, 0.984210, 0.330080, 0.000000, 0.000000, 0.000000, 1.000000, 0.074163, 0.160721, 0.984210, 0.401580, -0.127837, -0.977253, 0.169218, 0.044108, 0.989018, -0.138369, -0.051930, 0.316113, 0.000000, 0.000000, 0.000000, 1.000000, -0.997970, -0.012444, 0.062456, 0.019334, 0.062208, 0.019399, 0.997875, -0.045879, -0.013629, 0.999734, -0.018585, -0.063060, 0.000000, 0.000000, 0.000000, 1.000000
-19.2098, -11.7516, -58.5699, 330.2215, 401.7215, 44.2516, 315.6433, 19.3493, -45.9338, -63.1071, 0.125262, 0.978008, -0.166761, -0.011752, -0.989302, 0.135796, 0.053300, -0.058570, 0.074773, 0.158301, 0.984556, 0.330222, 0.000000, 0.000000, 0.000000, 1.000000, 0.074773, 0.158301, 0.984556, 0.401722, -0.125262, -0.978008, 0.166761, 0.044252, 0.989302, -0.135796, -0.053300, 0.315643, 0.000000, 0.000000, 0.000000, 1.000000, -0.997893, -0.012648, 0.063636, 0.019349, 0.063403, 0.018011, 0.997825, -0.045934, -0.013767, 0.999758, -0.017172, -0.063107, 0.000000, 0.000000, 0.000000, 1.000000
-19.0441, -11.8924, -58.1356, 330.2160, 401.7160, 44.3924, 315.2090, 19.2909, -46.1529, -63.1777, 0.122845, 0.978387, -0.166337, -0.011892, -0.989252, 0.134115, 0.058263, -0.058136, 0.079312, 0.157391, 0.984346, 0.330216, 0.000000, 0.000000, 0.000000, 1.000000, 0.079312, 0.157391, 0.984346, 0.401716, -0.122845, -0.978387, 0.166337, 0.044392, 0.989252, -0.134115, -0.058263, 0.315209, 0.000000, 0.000000, 0.000000, 1.000000, -0.997568, -0.011728, 0.068709, 0.019291, 0.068488, 0.018262, 0.997485, -0.046153, -0.012953, 0.999764, -0.017414, -0.063178, 0.000000, 0.000000, 0.000000, 1.000000
-18.9127, -12.0723, -57.7035, 330.7947, 402.2947, 44.5723, 314.7769, 19.3335, -45.7404, -63.2079, 0.120087, 0.978748, -0.166224, -0.012072, -0.990167, 0.130185, 0.051207, -0.057703, 0.071758, 0.158440, 0.984758, 0.330795, 0.000000, 0.000000, 0.000000, 1.000000, 0.071758, 0.158440, 0.984758, 0.402295, -0.120087, -0.978748, 0.166224, 0.044572, 0.990167, -0.130185, -0.051207, 0.314777, 0.000000, 0.000000, 0.000000, 1.000000, -0.997991, -0.013598, 0.061874, 0.019334, 0.061593, 0.020224, 0.997896, -0.045740, -0.014821, 0.999703, -0.019346, -0.063208, 0.000000, 0.000000, 0.000000, 1.000000
-18.7460, -12.2019, -57.2261, 330.7461, 402.2461, 44.7019, 314.2996, 19.3128, -46.0060, -63.2698, 0.117692, 0.979116, -0.165772, -0.012202, -0.990244, 0.128252, 0.054472, -0.057226, 0.074595, 0.157743, 0.984659, 0.330746, 0.000000, 0.000000, 0.000000, 1.000000, 0.074595, 0.157743, 0.984659, 0.402246, -0.117692, -0.979116, 0.165772, 0.044702, 0.990244, -0.128252, -0.054472, 0.314300, 0.000000, 0.000000, 0.000000, 1.000000, -0.997785, -0.012909, 0.065261, 0.019313, 0.064986, 0.020698, 0.997672, -0.046006, -0.014230, 0.999702, -0.019813, -0.063270, 0.000000, 0.000000, 0.000000, 1.000000
-18.5719, -12.3485, -56.7467, 330.8836, 402.3836, 44.8485, 313.8201, 19.2726, -46.0949, -63.3233, 0.114502, 0.979788, -0.164026, -0.012349, -0.990622, 0.125003, 0.055162, -0.056747, 0.074551, 0.156171, 0.984913, 0.330884, 0.000000, 0.000000, 0.000000, 1.000000, 0.074551, 0.156171, 0.984913, 0.402384, -0.114502, -0.979788, 0.164026, 0.044849, 0.990622, -0.125003, -0.055162, 0.313820, 0.000000, 0.000000, 0.000000, 1.000000, -0.997736, -0.013443, 0.065902, 0.019273, 0.065622, 0.020325, 0.997638, -0.046095, -0.014751, 0.999703, -0.019397, -0.063323, 0.000000, 0.000000, 0.000000, 1.000000
-18.3929, -12.5300, -56.3140, 331.1262, 402.6262, 45.0300, 313.3874, 19.1728, -46.0823, -63.4045, 0.113152, 0.980936, -0.157989, -0.012530, -0.990831, 0.123220, 0.055423, -0.056314, 0.073834, 0.150269, 0.985884, 0.331126, 0.000000, 0.000000, 0.000000, 1.000000, 0.073834, 0.150269, 0.985884, 0.402626, -0.113152, -0.980936, 0.157989, 0.045030, 0.990831, -0.123220, -0.055423, 0.313387, 0.000000, 0.000000, 0.000000, 1.000000, -0.997771, -0.012460, 0.065565, 0.019173, 0.065367, 0.015624, 0.997739, -0.046082, -0.013456, 0.999800, -0.014774, -0.063404, 0.000000, 0.000000, 0.000000, 1.000000
-18.2232, -12.6825, -55.8576, 331.3316, 402.8316, 45.1825, 312.9311, 19.1220, -46.0976, -63.4607, 0.110566, 0.981123, -0.158659, -0.012683, -0.991231, 0.120482, 0.054272, -0.055858, 0.072363, 0.151268, 0.985841, 0.331332, 0.000000, 0.000000, 0.000000, 1.000000, 0.072363, 0.151268, 0.985841, 0.402832, -0.110566, -0.981123, 0.158659, 0.045183, 0.991231, -0.120482, -0.054272, 0.312931, 0.000000, 0.000000, 0.000000, 1.000000, -0.997824, -0.012520, 0.064739, 0.019122, 0.064511, 0.017830, 0.997758, -0.046098, -0.013646, 0.999763, -0.016983, -0.063461, 0.000000, 0.000000, 0.000000, 1.000000
-18.0595, -12.8322, -55.3913, 331.5858, 403.0858, 45.3322, 312.4648, 19.0986, -46.0569, -63.5078, 0.108121, 0.981659, -0.157019, -0.012832, -0.991719, 0.117514, 0.051799, -0.055391, 0.069301, 0.150118, 0.986236, 0.331586, 0.000000, 0.000000, 0.000000, 1.000000, 0.069301, 0.150118, 0.986236, 0.403086, -0.108121, -0.981659, 0.157019, 0.045332, 0.991719, -0.117514, -0.051799, 0.312465, 0.000000, 0.000000, 0.000000, 1.000000, -0.997975, -0.012925, 0.062273, 0.019099, 0.062039, 0.017820, 0.997915, -0.046057, -0.014008, 0.999758, -0.016982, -0.063508, 0.000000, 0.000000, 0.000000, 1.000000
-17.8609, -12.9594, -54.8727, 331.4222, 402.9222, 45.4594, 311.9461, 19.0197, -46.4829, -63.5815, 0.105343, 0.982435, -0.154027, -0.012959, -0.991611, 0.115442, 0.058139, -0.054873, 0.074899, 0.146610, 0.986355, 0.331422, 0.000000, 0.000000, 0.000000, 1.000000, 0.074899, 0.146610, 0.986355, 0.402922, -0.105343, -0.982435, 0.154027, 0.045459, 0.991611, -0.115442, -0.058139, 0.311946, 0.000000, 0.000000, 0.000000, 1.000000, -0.997584, -0.011899, 0.068444, 0.019020, 0.068254, 0.015686, 0.997545, -0.046483, -0.012943, 0.999806, -0.014836, -0.063582, 0.000000, 0.000000, 0.000000, 1.000000
-17.7264, -13.0923, -54.3878, 331.6486, 403.1486, 45.5923, 311.4613, 19.1021, -46.4319, -63.6171, 0.102196, 0.982072, -0.158400, -0.013092, -0.992227, 0.112000, 0.054235, -0.054388, 0.071003, 0.151626, 0.985884, 0.331649, 0.000000, 0.000000, 0.000000, 1.000000, 0.071003, 0.151626, 0.985884, 0.403149, -0.102196, -0.982072, 0.158400, 0.045592, 0.992227, -0.112000, -0.054235, 0.311461, 0.000000, 0.000000, 0.000000, 1.000000, -0.997779, -0.013178, 0.065294, 0.019102, 0.064998, 0.021701, 0.997649, -0.046432, -0.014564, 0.999678, -0.020797, -0.063617, 0.000000, 0.000000, 0.000000, 1.000000
-17.5263, -13.2333, -53.9070, 331.8773, 403.3773, 45.7333, 310.9804, 18.9785, -46.4696, -63.6603, 0.099227, 0.982658, -0.156646, -0.013233, -0.992548, 0.108932, 0.054614, -0.053907, 0.070731, 0.150059, 0.986144, 0.331877, 0.000000, 0.000000, 0.000000, 1.000000, 0.070731, 0.150059, 0.986144, 0.403377, -0.099227, -0.982658, 0.156646, 0.045733, 0.992548, -0.108932, -0.054614, 0.310980, 0.000000, 0.000000, 0.000000, 1.000000, -0.997753, -0.013108, 0.065708, 0.018979, 0.065417, 0.021537, 0.997626, -0.046470, -0.014492, 0.999682, -0.020631, -0.063660, 0.000000, 0.000000, 0.000000, 1.000000
-17.3738, -13.3844, -53.3641, 331.8505, 403.3505, 45.8844, 310.4375, 19.0669, -46.6934, -63.7418, 0.096375, 0.983399, -0.153744, -0.013384, -0.992688, 0.106243, 0.057296, -0.053364, 0.072679, 0.147098, 0.986448, 0.331850, 0.000000, 0.000000, 0.000000, 1.000000, 0.072679, 0.147098, 0.986448, 0.403350, -0.096375, -0.983399, 0.153744, 0.045884, 0.992688, -0.106243, -0.057296, 0.310438, 0.000000, 0.000000, 0.000000, 1.000000, -0.997581, -0.013426, 0.068201, 0.019067, 0.067931, 0.019625, 0.997497, -0.046693, -0.014731, 0.999717, -0.018665, -0.063742, 0.000000, 0.000000, 0.000000, 1.000000
-17.2127, -13.5127, -52.9434, 332.1371, 403.6371, 46.0127, 310.0168, 19.0016, -46.6208, -63.7765, 0.093617, 0.983219, -0.156579, -0.013513, -0.993113, 0.103349, 0.055193, -0.052943, 0.070449, 0.150334, 0.986122, 0.332137, 0.000000, 0.000000, 0.000000, 1.000000, 0.070449, 0.150334, 0.986122, 0.403637, -0.093617, -0.983219, 0.156579, 0.046013, 0.993113, -0.103349, -0.055193, 0.310017, 0.000000, 0.000000, 0.000000, 1.000000, -0.997681, -0.013746, 0.066659, 0.019002, 0.066316, 0.024040, 0.997509, -0.046621, -0.015315, 0.999616, -0.023073, -0.063776, 0.000000, 0.000000, 0.000000, 1.000000
-17.0358, -13.6794, -52.4680, 332.3926, 403.8926, 46.1794, 309.5415, 18.9467, -46.5968, -63.8475, 0.091948, 0.984203, -0.151297, -0.013679, -0.993318, 0.101299, 0.055295, -0.052468, 0.069747, 0.145202, 0.986941, 0.332393, 0.000000, 0.000000, 0.000000, 1.000000, 0.069747, 0.145202, 0.986941, 0.403893, -0.091948, -0.984203, 0.151297, 0.046179, 0.993318, -0.101299, -0.055295, 0.309541, 0.000000, 0.000000, 0.000000, 1.000000, -0.997710, -0.013059, 0.066361, 0.018947, 0.066091, 0.020116, 0.997611, -0.046597, -0.014362, 0.999712, -0.019207, -0.063847, 0.000000, 0.000000, 0.000000, 1.000000
-16.8730, -13.8385, -51.9798, 332.5889, 404.0889, 46.3385, 309.0532, 18.9470, -46.6133, -63.9189, 0.089123, 0.984914, -0.148327, -0.013838, -0.993645, 0.098197, 0.055008, -0.051980, 0.068744, 0.142482, 0.987407, 0.332589, 0.000000, 0.000000, 0.000000, 1.000000, 0.068744, 0.142482, 0.987407, 0.404089, -0.089123, -0.984914, 0.148327, 0.046338, 0.993645, -0.098197, -0.055008, 0.309053, 0.000000, 0.000000, 0.000000, 1.000000, -0.997730, -0.013624, 0.065946, 0.018947, 0.065689, 0.018527, 0.997668, -0.046613, -0.014814, 0.999736, -0.017590, -0.063919, 0.000000, 0.000000, 0.000000, 1.000000
-16.6961, -13.9533, -51.5377, 332.7136, 404.2136, 46.4533, 308.6112, 18.8533, -46.7258, -63.9615, 0.086919, 0.985173, -0.147915, -0.013953, -0.993748, 0.096186, 0.056685, -0.051538, 0.070071, 0.142063, 0.987374, 0.332714, 0.000000, 0.000000, 0.000000, 1.000000, 0.070071, 0.142063, 0.987374, 0.404214, -0.086919, -0.985173, 0.147915, 0.046453, 0.993748, -0.096186, -0.056685, 0.308611, 0.000000, 0.000000, 0.000000, 1.000000, -0.997617, -0.012845, 0.067795, 0.018853, 0.067539, 0.019369, 0.997529, -0.046726, -0.014126, 0.999730, -0.018456, -0.063962, 0.000000, 0.000000, 0.000000, 1.000000
-16.4615, -14.0967, -51.0554, 332.9370, 404.4370, 46.5967, 308.1289, 18.6238, -46.8179, -64.0148, 0.083924, 0.985588, -0.146878, -0.014097, -0.994292, 0.092572, 0.053050, -0.051055, 0.065883, 0.141588, 0.987731, 0.332937, 0.000000, 0.000000, 0.000000, 1.000000, 0.065883, 0.141588, 0.987731, 0.404437, -0.083924, -0.985588, 0.146878, 0.046597, 0.994292, -0.092572, -0.053050, 0.308129, 0.000000, 0.000000, 0.000000, 1.000000, -0.997845, -0.012760, 0.064367, 0.018624, 0.064096, 0.020568, 0.997732, -0.046818, -0.014055, 0.999707, -0.019706, -0.064015, 0.000000, 0.000000, 0.000000, 1.000000
-16.2809, -14.2188, -50.6111, 333.2628, 404.7628, 46.7188, 307.6845, 18.5203, -46.7357, -64.0423, 0.082156, 0.986210, -0.143668, -0.014219, -0.994574, 0.090363, 0.051554, -0.050611, 0.063825, 0.138653, 0.988282, 0.333263, 0.000000, 0.000000, 0.000000, 1.000000, 0.063825, 0.138653, 0.988282, 0.404763, -0.082156, -0.986210, 0.143668, 0.046719, 0.994574, -0.090363, -0.051554, 0.307685, 0.000000, 0.000000, 0.000000, 1.000000, -0.997954, -0.012146, 0.062771, 0.018520, 0.062535, 0.018899, 0.997864, -0.046736, -0.013307, 0.999748, -0.018100, -0.064042, 0.000000, 0.000000, 0.000000, 1.000000
-16.1495, -14.3545, -50.0598, 333.1076, 404.6076, 46.8545, 307.1332, 18.6781, -47.0616, -64.1334, 0.078827, 0.986476, -0.143707, -0.014355, -0.994655, 0.087473, 0.054864, -0.050060, 0.066693, 0.138614, 0.988098, 0.333108, 0.000000, 0.000000, 0.000000, 1.000000, 0.066693, 0.138614, 0.988098, 0.404608, -0.078827, -0.986476, 0.143707, 0.046855, 0.994655, -0.087473, -0.054864, 0.307133, 0.000000, 0.000000, 0.000000, 1.000000, -0.997720, -0.012964, 0.066230, 0.018678, 0.065966, 0.019800, 0.997625, -0.047062, -0.014245, 0.999720, -0.018900, -0.064133, 0.000000, 0.000000, 0.000000, 1.000000
-16.0194, -14.4837, -49.6382, 333.5220, 405.0220, 46.9837, 306.7116, 18.7080, -46.8203, -64.1646, 0.076088, 0.986390, -0.145760, -0.014484, -0.995129, 0.084311, 0.051085, -0.049638, 0.062678, 0.141163, 0.988000, 0.333522, 0.000000, 0.000000, 0.000000, 1.000000, 0.062678, 0.141163, 0.988000, 0.405022, -0.076088, -0.986390, 0.145760, 0.046984, 0.995129, -0.084311, -0.051085, 0.306712, 0.000000, 0.000000, 0.000000, 1.000000, -0.997925, -0.014046, 0.062837, 0.018708, 0.062499, 0.023307, 0.997773, -0.046820, -0.015479, 0.999630, -0.022381, -0.064165, 0.000000, 0.000000, 0.000000, 1.000000
-15.8880, -14.6332, -49.1710, 333.8669, 405.3669, 47.1332, 306.2444, 18.7809, -46.6481, -64.2211, 0.074035, 0.987066, -0.142195, -0.014633, -0.995456, 0.081709, 0.048897, -0.049171, 0.059883, 0.137929, 0.988630, 0.333867, 0.000000, 0.000000, 0.000000, 1.000000, 0.059883, 0.137929, 0.988630, 0.405367, -0.074035, -0.987066, 0.142195, 0.047133, 0.995456, -0.081709, -0.048897, 0.306244, 0.000000, 0.000000, 0.000000, 1.000000, -0.998063, -0.014611, 0.060479, 0.018781, 0.060166, 0.020986, 0.997968, -0.046648, -0.015850, 0.999673, -0.020067, -0.064221, 0.000000, 0.000000, 0.000000, 1.000000
-15.7168, -14.7745, -48.6768, 334.0920, 405.5920, 47.2745, 305.7502, 18.7577, -46.6517, -64.2811, 0.071539, 0.987594, -0.139785, -0.014775, -0.995702, 0.078975, 0.048388, -0.048677, 0.058827, 0.135723, 0.988999, 0.334092, 0.000000, 0.000000, 0.000000, 1.000000, 0.058827, 0.135723, 0.988999, 0.405592, -0.071539, -0.987594, 0.139785, 0.047275, 0.995702, -0.078975, -0.048388, 0.305750, 0.000000, 0.000000, 0.000000, 1.000000, -0.998093, -0.014665, 0.059958, 0.018758, 0.059660, 0.019992, 0.998019, -0.046652, -0.015834, 0.999693, -0.019079, -0.064281, 0.000000, 0.000000, 0.000000, 1.000000
-15.5369, -14.8815, -48.1769, 334.1253, 405.6253, 47.3815, 305.2503, 18.7100, -46.8624, -64.3299, 0.068923, 0.988034, -0.137980, -0.014882, -0.995858, 0.076361, 0.049360, -0.048177, 0.059306, 0.134006, 0.989204, 0.334125, 0.000000, 0.000000, 0.000000, 1.000000, 0.059306, 0.134006, 0.989204, 0.405625, -0.068923, -0.988034, 0.137980, 0.047382, 0.995858, -0.076361, -0.049360, 0.305250, 0.000000, 0.000000, 0.000000, 1.000000, -0.998034, -0.014452, 0.060980, 0.018710, 0.060692, 0.019557, 0.997965, -0.046862, -0.015615, 0.999704, -0.018641, -0.064330, 0.000000, 0.000000, 0.000000, 1.000000
-15.3433, -15.0070, -47.6976, 334.2302, 405.7302, 47.5070, 304.7711, 18.6001, -47.0191, -64.3912, 0.065344, 0.988122, -0.139085, -0.015007, -0.995840, 0.073446, 0.053938, -0.047698, 0.063513, 0.134982, 0.988810, 0.334230, 0.000000, 0.000000, 0.000000, 1.000000, 0.063513, 0.134982, 0.988810, 0.405730, -0.065344, -0.988122, 0.139085, 0.047507, 0.995840, -0.073446, -0.053938, 0.304771, 0.000000, 0.000000, 0.000000, 1.000000, -0.997724, -0.014294, 0.065891, 0.018600, 0.065568, 0.021938, 0.997607, -0.047019, -0.015705, 0.999657, -0.020951, -0.064391, 0.000000, 0.000000, 0.000000, 1.000000
-15.2185, -15.1331, -47.2417, 334.5501, 406.0501, 47.6331, 304.3152, 18.6797, -46.8659, -64.4350, 0.062814, 0.988602, -0.136824, -0.015133, -0.996104, 0.070603, 0.052833, -0.047242, 0.061891, 0.132972, 0.989186, 0.334550, 0.000000, 0.000000, 0.000000, 1.000000, 0.061891, 0.132972, 0.989186, 0.406050, -0.062814, -0.988602, 0.136824, 0.047633, 0.996104, -0.070603, -0.052833, 0.304315, 0.000000, 0.000000, 0.000000, 1.000000, -0.997786, -0.015190, 0.064748, 0.018680, 0.064426, 0.020814, 0.997705, -0.046866, -0.016502, 0.999668, -0.019789, -0.064435, 0.000000, 0.000000, 0.000000, 1.000000
-15.0543, -15.2447, -46.7234, 334.3095, 405.8095, 47.7447, 303.7968, 18.6982, -47.3272, -64.5216, 0.059695, 0.988670, -0.137722, -0.015245, -0.996019, 0.068145, 0.057470, -0.046723, 0.066204, 0.133743, 0.988802, 0.334309, 0.000000, 0.000000, 0.000000, 1.000000, 0.066204, 0.133743, 0.988802, 0.405809, -0.059695, -0.988670, 0.137722, 0.047745, 0.996019, -0.068145, -0.057470, 0.303797, 0.000000, 0.000000, 0.000000, 1.000000, -0.997458, -0.015041, 0.069649, 0.018698, 0.069297, 0.022779, 0.997336, -0.047327, -0.016588, 0.999627, -0.021679, -0.064522, 0.000000, 0.000000, 0.000000, 1.000000
-14.8783, -15.3780, -46.3043, 334.7428, 406.2428, 47.8780, 303.3777, 18.5834, -47.1320, -64.5636, 0.057681, 0.989322, -0.133850, -0.015378, -0.996434, 0.065322, 0.053411, -0.046304, 0.061584, 0.130292, 0.989561, 0.334743, 0.000000, 0.000000, 0.000000, 1.000000, 0.061584, 0.130292, 0.989561, 0.406243, -0.057681, -0.989322, 0.133850, 0.047878, 0.996434, -0.065322, -0.053411, 0.303378, 0.000000, 0.000000, 0.000000, 1.000000, -0.997738, -0.015121, 0.065496, 0.018583, 0.065179, 0.020573, 0.997661, -0.047132, -0.016433, 0.999674, -0.019541, -0.064564, 0.000000, 0.000000, 0.000000, 1.000000
-14.7026, -15.4969, -45.8173, 334.8721, 406.3721, 47.9969, 302.8907, 18.5349, -47.2414, -64.6209, 0.055740, 0.989972, -0.129800, -0.015497, -0.996660, 0.062939, 0.052033, -0.045817, 0.059681, 0.126466, 0.990174, 0.334872, 0.000000, 0.000000, 0.000000, 1.000000, 0.059681, 0.126466, 0.990174, 0.406372, -0.055740, -0.989972, 0.129800, 0.047997, 0.996660, -0.062939, -0.052033, 0.302891, 0.000000, 0.000000, 0.000000, 1.000000, -0.997839, -0.014768, 0.064026, 0.018535, 0.063757, 0.017990, 0.997803, -0.047241, -0.015887, 0.999729, -0.017009, -0.064621, 0.000000, 0.000000, 0.000000, 1.000000
-14.5571, -15.6032, -45.3478, 335.0540, 406.5540, 48.1032, 302.4213, 18.5615, -47.2575, -64.6639, 0.053192, 0.989817, -0.132035, -0.015603, -0.996932, 0.060240, 0.049973, -0.045348, 0.057418, 0.128972, 0.989985, 0.335054, 0.000000, 0.000000, 0.000000, 1.000000, 0.057418, 0.128972, 0.989985, 0.406554, -0.053192, -0.989817, 0.132035, 0.048103, 0.996932, -0.060240, -0.049973, 0.302421, 0.000000, 0.000000, 0.000000, 1.000000, -0.997941, -0.015134, 0.062330, 0.018561, 0.061997, 0.021573, 0.997843, -0.047257, -0.016446, 0.999653, -0.020590, -0.064664, 0.000000, 0.000000, 0.000000, 1.000000
-14.3811, -15.7308, -44.8181, 334.8273, 406.3273, 48.2308, 301.8916, 18.5535, -47.7213, -64.7671, 0.049702, 0.990371, -0.129210, -0.015731, -0.996601, 0.057688, 0.058813, -0.044818, 0.065701, 0.125847, 0.989872, 0.334827, 0.000000, 0.000000, 0.000000, 1.000000, 0.065701, 0.125847, 0.989872, 0.406327, -0.049702, -0.990371, 0.129210, 0.048231, 0.996601, -0.057688, -0.058813, 0.301892, 0.000000, 0.000000, 0.000000, 1.000000, -0.997353, -0.014938, 0.071163, 0.018553, 0.070864, 0.019702, 0.997291, -0.047721, -0.016299, 0.999694, -0.018592, -0.064767, 0.000000, 0.000000, 0.000000, 1.000000
-14.1899, -15.8512, -44.3720, 335.2723, 406.7723, 48.3512, 301.4454, 18.4169, -47.5385, -64.7982, 0.047315, 0.990485, -0.129231, -0.015851, -0.997072, 0.054612, 0.053517, -0.044372, 0.060066, 0.126320, 0.990169, 0.335272, 0.000000, 0.000000, 0.000000, 1.000000, 0.060066, 0.126320, 0.990169, 0.406772, -0.047315, -0.990485, 0.129231, 0.048351, 0.997072, -0.054612, -0.053517, 0.301445, 0.000000, 0.000000, 0.000000, 1.000000, -0.997699, -0.014981, 0.066118, 0.018417, 0.065787, 0.021570, 0.997600, -0.047539, -0.016371, 0.999655, -0.020535, -0.064798, 0.000000, 0.000000, 0.000000, 1.000000
-14.0025, -15.9827, -43.8642, 335.5190, 407.0190, 48.4827, 300.9376, 18.3531, -47.5474, -64.8588, 0.045280, 0.990998, -0.125986, -0.015983, -0.997189, 0.052374, 0.053575, -0.043864, 0.059691, 0.123206, 0.990584, 0.335519, 0.000000, 0.000000, 0.000000, 1.000000, 0.059691, 0.123206, 0.990584, 0.407019, -0.045280, -0.990998, 0.125986, 0.048483, 0.997189, -0.052374, -0.053575, 0.300938, 0.000000, 0.000000, 0.000000, 1.000000, -0.997705, -0.014289, 0.066189, 0.018353, 0.065901, 0.019795, 0.997630, -0.047547, -0.015565, 0.999702, -0.018808, -0.064859, 0.000000, 0.000000, 0.000000, 1.000000
-13.7584, -16.1120, -43.3621, 335.7982, 407.2982, 48.6120, 300.4355, 18.1071, -47.6040, -64.9129, 0.043119, 0.991376, -0.123754, -0.016112, -0.997569, 0.049509, 0.049033, -0.043362, 0.054737, 0.121339, 0.991101, 0.335798, 0.000000, 0.000000, 0.000000, 1.000000, 0.054737, 0.121339, 0.991101, 0.407298, -0.043119, -0.991376, 0.123754, 0.048612, 0.997569, -0.049509, -0.049033, 0.300436, 0.000000, 0.000000, 0.000000, 1.000000, -0.997998, -0.013310, 0.061831, 0.018107, 0.061563, 0.019689, 0.997909, -0.047604, -0.014500, 0.999718, -0.018830, -0.064913, 0.000000, 0.000000, 0.000000, 1.000000
-13.5868, -16.2225, -42.8986, 335.7928, 407.2928, 48.7225, 299.9721, 18.0446, -47.8439, -64.9849, 0.040398, 0.991962, -0.119917, -0.016222, -0.997271, 0.047453, 0.056565, -0.042899, 0.061801, 0.117305, 0.991171, 0.335793, 0.000000, 0.000000, 0.000000, 1.000000, 0.061801, 0.117305, 0.991171, 0.407293, -0.040398, -0.991962, 0.119917, 0.048722, 0.997271, -0.047453, -0.056565, 0.299972, 0.000000, 0.000000, 0.000000, 1.000000, -0.997513, -0.012700, 0.069332, 0.018045, 0.069114, 0.016875, 0.997466, -0.047844, -0.013838, 0.999777, -0.015955, -0.064985, 0.000000, 0.000000, 0.000000, 1.000000
-13.4501, -16.3445, -42.4164, 336.1810, 407.6810, 48.8445, 299.4899, 18.1121, -47.6424, -65.0310, 0.037751, 0.991899, -0.121292, -0.016345, -0.997867, 0.043887, 0.048322, -0.042416, 0.053253, 0.119209, 0.991440, 0.336181, 0.000000, 0.000000, 0.000000, 1.000000, 0.053253, 0.119209, 0.991440, 0.407681, -0.037751, -0.991899, 0.121292, 0.048845, 0.997867, -0.043887, -0.048322, 0.299490, 0.000000, 0.000000, 0.000000, 1.000000, -0.998017, -0.014078, 0.061358, 0.018112, 0.061073, 0.019801, 0.997937, -0.047642, -0.015264, 0.999705, -0.018902, -0.065031, 0.000000, 0.000000, 0.000000, 1.000000
-13.2994, -16.4435, -41.9332, 336.3630, 407.8630, 48.9435, 299.0067, 18.1335, -47.6685, -65.0754, 0.035643, 0.992129, -0.120039, -0.016443, -0.998002, 0.041606, 0.047540, -0.041933, 0.052160, 0.118104, 0.991630, 0.336363, 0.000000, 0.000000, 0.000000, 1.000000, 0.052160, 0.118104, 0.991630, 0.407863, -0.035643, -0.992129, 0.120039, 0.048943, 0.998002, -0.041606, -0.047540, 0.299007, 0.000000, 0.000000, 0.000000, 1.000000, -0.998058, -0.013984, 0.060706, 0.018134, 0.060423, 0.019792, 0.997977, -0.047669, -0.015158, 0.999706, -0.018908, -0.065075, 0.000000, 0.000000, 0.000000, 1.000000
-13.1585, -16.5604, -41.4759, 336.5771, 408.0771, 49.0604, 298.5493, 18.1612, -47.6470, -65.1379, 0.032252, 0.992450, -0.118331, -0.016560, -0.998058, 0.038293, 0.049134, -0.041476, 0.053295, 0.116517, 0.991758, 0.336577, 0.000000, 0.000000, 0.000000, 1.000000, 0.053295, 0.116517, 0.991758, 0.408077, -0.032252, -0.992450, 0.118331, 0.049060, 0.998058, -0.038293, -0.049134, 0.298549, 0.000000, 0.000000, 0.000000, 1.000000, -0.997938, -0.015088, 0.062384, 0.018161, 0.062090, 0.019234, 0.997885, -0.047647, -0.016256, 0.999701, -0.018258, -0.065138, 0.000000, 0.000000, 0.000000, 1.000000
-13.0197, -16.6325, -41.0060, 336.7588, 408.2588, 49.1325, 298.0795, 18.2047, -47.6596, -65.1596, 0.030754, 0.993141, -0.112804, -0.016632, -0.998231, 0.036264, 0.047121, -0.041006, 0.050888, 0.111155, 0.992499, 0.336759, 0.000000, 0.000000, 0.000000, 1.000000, 0.050888, 0.111155, 0.992499, 0.408259, -0.030754, -0.993141, 0.112804, 0.049132, 0.998231, -0.036264, -0.047121, 0.298079, 0.000000, 0.000000, 0.000000, 1.000000, -0.998070, -0.014988, 0.060266, 0.018205, 0.060044, 0.014856, 0.998085, -0.047660, -0.015854, 0.999777, -0.013928, -0.065160, 0.000000, 0.000000, 0.000000, 1.000000
-12.8397, -16.7539, -40.5395, 336.7766, 408.2766, 49.2539, 297.6130, 18.1184, -47.8884, -65.2453, 0.026774, 0.992869, -0.116166, -0.016754, -0.998073, 0.033057, 0.052508, -0.040540, 0.055973, 0.114536, 0.991841, 0.336777, 0.000000, 0.000000, 0.000000, 1.000000, 0.055973, 0.114536, 0.991841, 0.408277, -0.026774, -0.992869, 0.116166, 0.049254, 0.998073, -0.033057, -0.052508, 0.297613, 0.000000, 0.000000, 0.000000, 1.000000, -0.997699, -0.015297, 0.066049, 0.018118, 0.065745, 0.019584, 0.997644, -0.047888, -0.016555, 0.999691, -0.018533, -0.065245, 0.000000, 0.000000, 0.000000, 1.000000
-12.6459, -16.8531, -40.0459, 337.0402, 408.5402, 49.3531, 297.1194, 18.0169, -47.8946, -65.2847, 0.024754, 0.993563, -0.110542, -0.016853, -0.998155, 0.030696, 0.052379, -0.040046, 0.055435, 0.109042, 0.992490, 0.337040, 0.000000, 0.000000, 0.000000, 1.000000, 0.055435, 0.109042, 0.992490, 0.408540, -0.024754, -0.993563, 0.110542, 0.049353, 0.998155, -0.030696, -0.052379, 0.297119, 0.000000, 0.000000, 0.000000, 1.000000, -0.997718, -0.014662, 0.065902, 0.018017, 0.065675, 0.015474, 0.997721, -0.047895, -0.015648, 0.999773, -0.014476, -0.065285, 0.000000, 0.000000, 0.000000, 1.000000
-12.4778, -16.9350, -39.5618, 337.0517, 408.5517, 49.4350, 296.6352, 17.9823, -48.1175, -65.3336, 0.021577, 0.993080, -0.115444, -0.016935, -0.998271, 0.027715, 0.051828, -0.039562, 0.054669, 0.114126, 0.991961, 0.337052, 0.000000, 0.000000, 0.000000, 1.000000, 0.054669, 0.114126, 0.991961, 0.408552, -0.021577, -0.993080, 0.115444, 0.049435, 0.998271, -0.027715, -0.051828, 0.296635, 0.000000, 0.000000, 0.000000, 1.000000, -0.997722, -0.014908, 0.065787, 0.017982, 0.065453, 0.021829, 0.997617, -0.048118, -0.016309, 0.999651, -0.020804, -0.065334, 0.000000, 0.000000, 0.000000, 1.000000
-12.3438, -17.0185, -39.0615, 337.3100, 408.8100, 49.5185, 296.1349, 18.0714, -48.0473, -65.3640, 0.019356, 0.993637, -0.110957, -0.017019, -0.998381, 0.025147, 0.051029, -0.039061, 0.053495, 0.109790, 0.992514, 0.337310, 0.000000, 0.000000, 0.000000, 1.000000, 0.053495, 0.109790, 0.992514, 0.408810, -0.019356, -0.993637, 0.110957, 0.049519, 0.998381, -0.025147, -0.051029, 0.296135, 0.000000, 0.000000, 0.000000, 1.000000, -0.997768, -0.015412, 0.064979, 0.018071, 0.064692, 0.018459, 0.997735, -0.048047, -0.016577, 0.999711, -0.017421, -0.065364, 0.000000, 0.000000, 0.000000, 1.000000
-12.1768, -17.1483, -38.5525, 337.5206, 409.0206, 49.6483, 295.6260, 18.0682, -48.0670, -65.4441, 0.016423, 0.993439, -0.113179, -0.017148, -0.998587, 0.022018, 0.048363, -0.038553, 0.050538, 0.112224, 0.992397, 0.337521, 0.000000, 0.000000, 0.000000, 1.000000, 0.050538, 0.112224, 0.992397, 0.409021, -0.016423, -0.993439, 0.113179, 0.049648, 0.998587, -0.022018, -0.048363, 0.295626, 0.000000, 0.000000, 0.000000, 1.000000, -0.997912, -0.015858, 0.062616, 0.018068, 0.062258, 0.022146, 0.997814, -0.048067, -0.017211, 0.999629, -0.021112, -0.065444, 0.000000, 0.000000, 0.000000, 1.000000
-12.0212, -17.2336, -38.0820, 337.7629, 409.2629, 49.7336, 295.1554, 18.0606, -48.0427, -65.4806, 0.013719, 0.993860, -0.109792, -0.017234, -0.998542, 0.019352, 0.050402, -0.038082, 0.052217, 0.108941, 0.992676, 0.337763, 0.000000, 0.000000, 0.000000, 1.000000, 0.052217, 0.108941, 0.992676, 0.409263, -0.013719, -0.993860, 0.109792, 0.049734, 0.998542, -0.019352, -0.050402, 0.295155, 0.000000, 0.000000, 0.000000, 1.000000, -0.997773, -0.016105, 0.064723, 0.018061, 0.064397, 0.019994, 0.997724, -0.048043, -0.017362, 0.999670, -0.018913, -0.065481, 0.000000, 0.000000, 0.000000, 1.000000
-11.8549, -17.3034, -37.6017, 338.0111, 409.5111, 49.8034, 294.6752, 18.0285, -48.0295, -65.5017, 0.010756, 0.993333, -0.114775, -0.017303, -0.998875, 0.015976, 0.044653, -0.037602, 0.046189, 0.114166, 0.992387, 0.338011, 0.000000, 0.000000, 0.000000, 1.000000, 0.046189, 0.114166, 0.992387, 0.409511, -0.010756, -0.993333, 0.114775, 0.049803, 0.998875, -0.015976, -0.044653, 0.294675, 0.000000, 0.000000, 0.000000, 1.000000, -0.998096, -0.016767, 0.059355, 0.018029, 0.058899, 0.026490, 0.997912, -0.048029, -0.018304, 0.999508, -0.025452, -0.065502, 0.000000, 0.000000, 0.000000, 1.000000
-11.6829, -17.4082, -37.1187, 338.0670, 409.5670, 49.9082, 294.1921, 17.9804, -48.2129, -65.5754, 0.008266, 0.994042, -0.108681, -0.017408, -0.998716, 0.013639, 0.048794, -0.037119, 0.049986, 0.108138, 0.992878, 0.338067, 0.000000, 0.000000, 0.000000, 1.000000, 0.049986, 0.108138, 0.992878, 0.409567, -0.008266, -0.994042, 0.108681, 0.049908, 0.998716, -0.013639, -0.048794, 0.294192, 0.000000, 0.000000, 0.000000, 1.000000, -0.997846, -0.016463, 0.063507, 0.017980, 0.063144, 0.021695, 0.997769, -0.048213, -0.017804, 0.999629, -0.020608, -0.065575, 0.000000, 0.000000, 0.000000, 1.000000
-11.5247, -17.4978, -36.6435, 338.3670, 409.8670, 49.9978, 293.7169, 17.9694, -48.1353, -65.6152, 0.006071, 0.994287, -0.106563, -0.017498, -0.998953, 0.010862, 0.044437, -0.036643, 0.045341, 0.106182, 0.993312, 0.338367, 0.000000, 0.000000, 0.000000, 1.000000, 0.045341, 0.106182, 0.993312, 0.409867, -0.006071, -0.994287, 0.106563, 0.049998, 0.998953, -0.010862, -0.044437, 0.293717, 0.000000, 0.000000, 0.000000, 1.000000, -0.998100, -0.016760, 0.059291, 0.017969, 0.058937, 0.020904, 0.998043, -0.048135, -0.017967, 0.999641, -0.019876, -0.065615, 0.000000, 0.000000, 0.000000, 1.000000
-11.3531, -17.5877, -36.1744, 338.3246, 409.8246, 50.0877, 293.2479, 17.9062, -48.4178, -65.6852, 0.002409, 0.994134, -0.108132, -0.017588, -0.998527, 0.008252, 0.053626, -0.036174, 0.054204, 0.107843, 0.992689, 0.338325, 0.000000, 0.000000, 0.000000, 1.000000, 0.054204, 0.107843, 0.992689, 0.409825, -0.002409, -0.994134, 0.108132, 0.050088, 0.998527, -0.008252, -0.053626, 0.293248, 0.000000, 0.000000, 0.000000, 1.000000, -0.997497, -0.016623, 0.068724, 0.017906, 0.068319, 0.023846, 0.997379, -0.048418, -0.018218, 0.999577, -0.022650, -0.065685, 0.000000, 0.000000, 0.000000, 1.000000
-11.2041, -17.6994, -35.7060, 338.8043, 410.3043, 50.1994, 292.7795, 17.9196, -48.1467, -65.7357, 0.000479, 0.994476, -0.104964, -0.017699, -0.998950, 0.005286, 0.045515, -0.035706, 0.045818, 0.104832, 0.993434, 0.338804, 0.000000, 0.000000, 0.000000, 1.000000, 0.045818, 0.104832, 0.993434, 0.410304, -0.000479, -0.994476, 0.104964, 0.050199, 0.998950, -0.005286, -0.045515, 0.292779, 0.000000, 0.000000, 0.000000, 1.000000, -0.998005, -0.017272, 0.060729, 0.017920, 0.060345, 0.021932, 0.997937, -0.048147, -0.018568, 0.999610, -0.020846, -0.065736, 0.000000, 0.000000, 0.000000, 1.000000
-11.0248, -17.7734, -35.2384, 338.8080, 410.3080, 50.2734, 292.3119, 17.8305, -48.3959, -65.7877, -0.001884, 0.994685, -0.102947, -0.017773, -0.998745, 0.003280, 0.049974, -0.035238, 0.050046, 0.102912, 0.993431, 0.338808, 0.000000, 0.000000, 0.000000, 1.000000, 0.050046, 0.102912, 0.993431, 0.410308, 0.001884, -0.994685, 0.102947, 0.050273, 0.998745, -0.003280, -0.049974, 0.292312, 0.000000, 0.000000, 0.000000, 1.000000, -0.997726, -0.016463, 0.065365, 0.017831, 0.065008, 0.021323, 0.997657, -0.048396, -0.017818, 0.999637, -0.020204, -0.065788, 0.000000, 0.000000, 0.000000, 1.000000
-10.8602, -17.8647, -34.7363, 338.9842, 410.4842, 50.3647, 291.8097, 17.8242, -48.4518, -65.8441, -0.003769, 0.995175, -0.098040, -0.017865, -0.998927, 0.000779, 0.046306, -0.034736, 0.046159, 0.098109, 0.994105, 0.338984, 0.000000, 0.000000, 0.000000, 1.000000, 0.046159, 0.098109, 0.994105, 0.410484, 0.003769, -0.995175, 0.098040, 0.050365, 0.998927, -0.000779, -0.046306, 0.291810, 0.000000, 0.000000, 0.000000, 1.000000, -0.997952, -0.016429, 0.061820, 0.017824, 0.061528, 0.017720, 0.997948, -0.048452, -0.017491, 0.999708, -0.016673, -0.065844, 0.000000, 0.000000, 0.000000, 1.000000
-10.6833, -17.9703, -34.2754, 339.4000, 410.9000, 50.4703, 291.3488, 17.7416, -48.2848, -65.8970, -0.006212, 0.995210, -0.097560, -0.017970, -0.999101, -0.002086, 0.042341, -0.034275, 0.041934, 0.097735, 0.994329, 0.339400, 0.000000, 0.000000, 0.000000, 1.000000, 0.041934, 0.097735, 0.994329, 0.410900, 0.006212, -0.995210, 0.097560, 0.050470, 0.999101, 0.002086, -0.042341, 0.291349, 0.000000, 0.000000, 0.000000, 1.000000, -0.998176, -0.016495, 0.058081, 0.017742, 0.057771, 0.018662, 0.998155, -0.048285, -0.017548, 0.999690, -0.017675, -0.065897, 0.000000, 0.000000, 0.000000, 1.000000
-10.5198, -18.0376, -33.7692, 339.5021, 411.0021, 50.5376, 290.8427, 17.7407, -48.4155, -65.9385, -0.008626, 0.995386, -0.095562, -0.018038, -0.999172, -0.004779, 0.040411, -0.033769, 0.039768, 0.095831, 0.994603, 0.339502, 0.000000, 0.000000, 0.000000, 1.000000, 0.039768, 0.095831, 0.994603, 0.411002, 0.008626, -0.995386, 0.095562, 0.050538, 0.999172, 0.004779, -0.040411, 0.290843, 0.000000, 0.000000, 0.000000, 1.000000, -0.998273, -0.016626, 0.056339, 0.017741, 0.056039, 0.017970, 0.998267, -0.048415, -0.017610, 0.999700, -0.017007, -0.065939, 0.000000, 0.000000, 0.000000, 1.000000
-10.3610, -18.1439, -33.2697, 339.6700, 411.1700, 50.6439, 290.3431, 17.7488, -48.4712, -66.0154, -0.012060, 0.995297, -0.096122, -0.018144, -0.999083, -0.008044, 0.042063, -0.033270, 0.041092, 0.096541, 0.994480, 0.339670, 0.000000, 0.000000, 0.000000, 1.000000, 0.041092, 0.096541, 0.994480, 0.411170, 0.012060, -0.995297, 0.096122, 0.050644, 0.999083, 0.008044, -0.042063, 0.290343, 0.000000, 0.000000, 0.000000, 1.000000, -0.998154, -0.017359, 0.058201, 0.017749, 0.057854, 0.019881, 0.998127, -0.048471, -0.018483, 0.999652, -0.018840, -0.066015, 0.000000, 0.000000, 0.000000, 1.000000
-10.1870, -18.2143, -32.7785, 339.7492, 411.2492, 50.7143, 289.8520, 17.6995, -48.6396, -66.0636, -0.014248, 0.995964, -0.088616, -0.018214, -0.998693, -0.009824, 0.050164, -0.032779, 0.049091, 0.089215, 0.994802, 0.339749, 0.000000, 0.000000, 0.000000, 1.000000, 0.049091, 0.089215, 0.994802, 0.411249, 0.014248, -0.995964, 0.088616, 0.050714, 0.998693, 0.009824, -0.050164, 0.289852, 0.000000, 0.000000, 0.000000, 1.000000, -0.997653, -0.016499, 0.066457, 0.017699, 0.066232, 0.013808, 0.997709, -0.048640, -0.017379, 0.999769, -0.012683, -0.066064, 0.000000, 0.000000, 0.000000, 1.000000
-10.0074, -18.2729, -32.2990, 340.0988, 411.5988, 50.7729, 289.3724, 17.6251, -48.5471, -66.0807, -0.017231, 0.995361, -0.094654, -0.018273, -0.999075, -0.013409, 0.040869, -0.032299, 0.039410, 0.095271, 0.994671, 0.340099, 0.000000, 0.000000, 0.000000, 1.000000, 0.039410, 0.095271, 0.994671, 0.411599, 0.017231, -0.995361, 0.094654, 0.050773, 0.999075, 0.013409, -0.040869, 0.289372, 0.000000, 0.000000, 0.000000, 1.000000, -0.998202, -0.017138, 0.057438, 0.017625, 0.057069, 0.021243, 0.998144, -0.048547, -0.018327, 0.999627, -0.020227, -0.066081, 0.000000, 0.000000, 0.000000, 1.000000
-9.8407, -18.3545, -31.7964, 340.2459, 411.7459, 50.8545, 288.8698, 17.6101, -48.6375, -66.1383, -0.019721, 0.995526, -0.092407, -0.018355, -0.999003, -0.015918, 0.041716, -0.031796, 0.040058, 0.093137, 0.994847, 0.340246, 0.000000, 0.000000, 0.000000, 1.000000, 0.040058, 0.093137, 0.994847, 0.411746, 0.019721, -0.995526, 0.092407, 0.050855, 0.999003, 0.015918, -0.041716, 0.288870, 0.000000, 0.000000, 0.000000, 1.000000, -0.998143, -0.017038, 0.058489, 0.017610, 0.058139, 0.020347, 0.998101, -0.048637, -0.018195, 0.999648, -0.019318, -0.066138, 0.000000, 0.000000, 0.000000, 1.000000
-9.6671, -18.4475, -31.2999, 340.6488, 412.1488, 50.9475, 288.3733, 17.5718, -48.4818, -66.1896, -0.022119, 0.995195, -0.095377, -0.018448, -0.999141, -0.018661, 0.036996, -0.031300, 0.035039, 0.096113, 0.994753, 0.340649, 0.000000, 0.000000, 0.000000, 1.000000, 0.035039, 0.096113, 0.994753, 0.412149, 0.022119, -0.995195, 0.095377, 0.050948, 0.999141, 0.018661, -0.036996, 0.288373, 0.000000, 0.000000, 0.000000, 1.000000, -0.998397, -0.016976, 0.053986, 0.017572, 0.053560, 0.024635, 0.998261, -0.048482, -0.018277, 0.999552, -0.023686, -0.066190, 0.000000, 0.000000, 0.000000, 1.000000
-9.5214, -18.5112, -30.8705, 340.4432, 411.9432, 51.0112, 287.9440, 17.5427, -48.8948, -66.2584, -0.025599, 0.995270, -0.093709, -0.018511, -0.998646, -0.021214, 0.047501, -0.030871, 0.045289, 0.094798, 0.994466, 0.340443, 0.000000, 0.000000, 0.000000, 1.000000, 0.045289, 0.094798, 0.994466, 0.411943, 0.025599, -0.995270, 0.093709, 0.051011, 0.998646, 0.021214, -0.047501, 0.287944, 0.000000, 0.000000, 0.000000, 1.000000, -0.997758, -0.017241, 0.064662, 0.017543, 0.064232, 0.024411, 0.997636, -0.048895, -0.018778, 0.999553, -0.023249, -0.066258, 0.000000, 0.000000, 0.000000, 1.000000
-9.3562, -18.5574, -30.3544, 340.5992, 412.0992, 51.0574, 287.4279, 17.5454, -48.9777, -66.2839, -0.027422, 0.995707, -0.088404, -0.018557, -0.998804, -0.023711, 0.042768, -0.030354, 0.040488, 0.089471, 0.995166, 0.340599, 0.000000, 0.000000, 0.000000, 1.000000, 0.040488, 0.089471, 0.995166, 0.412099, 0.027422, -0.995707, 0.088404, 0.051057, 0.998804, 0.023711, -0.042768, 0.287428, 0.000000, 0.000000, 0.000000, 1.000000, -0.998040, -0.017210, 0.060165, 0.017545, 0.059813, 0.020301, 0.998003, -0.048978, -0.018397, 0.999646, -0.019231, -0.066284, 0.000000, 0.000000, 0.000000, 1.000000
-9.1909, -18.6392, -29.9001, 340.8739, 412.3739, 51.1392, 286.9736, 17.4877, -48.9389, -66.3377, -0.030527, 0.995485, -0.089872, -0.018639, -0.998765, -0.026855, 0.041791, -0.029900, 0.039189, 0.091037, 0.995076, 0.340874, 0.000000, 0.000000, 0.000000, 1.000000, 0.039189, 0.091037, 0.995076, 0.412374, 0.030527, -0.995485, 0.089872, 0.051139, 0.998765, 0.026855, -0.041791, 0.286974, 0.000000, 0.000000, 0.000000, 1.000000, -0.998078, -0.017706, 0.059391, 0.017488, 0.058976, 0.023124, 0.997992, -0.048939, -0.019043, 0.999576, -0.022035, -0.066338, 0.000000, 0.000000, 0.000000, 1.000000
-9.0158, -18.7293, -29.4069, 341.0360, 412.5360, 51.2293, 286.4804, 17.4362, -49.0267, -66.4085, -0.032428, 0.995768, -0.085991, -0.018729, -0.998816, -0.029164, 0.038946, -0.029407, 0.036273, 0.087152, 0.995534, 0.341036, 0.000000, 0.000000, 0.000000, 1.000000, 0.036273, 0.087152, 0.995534, 0.412536, 0.032428, -0.995768, 0.085991, 0.051229, 0.998816, 0.029164, -0.038946, 0.286480, 0.000000, 0.000000, 0.000000, 1.000000, -0.998236, -0.017307, 0.056800, 0.017436, 0.056442, 0.020532, 0.998195, -0.049027, -0.018442, 0.999639, -0.019519, -0.066408, 0.000000, 0.000000, 0.000000, 1.000000
-8.8477, -18.8086, -28.9324, 341.1661, 412.6661, 51.3086, 286.0058, 17.3869, -49.1371, -66.4721, -0.035640, 0.995931, -0.082770, -0.018809, -0.998496, -0.032034, 0.044496, -0.028932, 0.041663, 0.084232, 0.995575, 0.341166, 0.000000, 0.000000, 0.000000, 1.000000, 0.041663, 0.084232, 0.995575, 0.412666, 0.035640, -0.995931, 0.082770, 0.051309, 0.998496, 0.032034, -0.044496, 0.286006, 0.000000, 0.000000, 0.000000, 1.000000, -0.997884, -0.017565, 0.062602, 0.017387, 0.062269, 0.018871, 0.997881, -0.049137, -0.018709, 0.999668, -0.017737, -0.066472, 0.000000, 0.000000, 0.000000, 1.000000
-8.6658, -18.8502, -28.4440, 341.3889, 412.8889, 51.3502, 285.5175, 17.3107, -49.1772, -66.4922, -0.037892, 0.995807, -0.083267, -0.018850, -0.998488, -0.034409, 0.042869, -0.028444, 0.039824, 0.084765, 0.995605, 0.341389, 0.000000, 0.000000, 0.000000, 1.000000, 0.039824, 0.084765, 0.995605, 0.412889, 0.037892, -0.995807, 0.083267, 0.051350, 0.998488, 0.034409, -0.042869, 0.285517, 0.000000, 0.000000, 0.000000, 1.000000, -0.997980, -0.017046, 0.061205, 0.017311, 0.060848, 0.020765, 0.997931, -0.049177, -0.018282, 0.999639, -0.019686, -0.066492, 0.000000, 0.000000, 0.000000, 1.000000
-8.5256, -18.8897, -27.9162, 341.5387, 413.0387, 51.3897, 284.9896, 17.4020, -49.2329, -66.5205, -0.041400, 0.995750, -0.082271, -0.018890, -0.998389, -0.038031, 0.042097, -0.027916, 0.038789, 0.083881, 0.995721, 0.341539, 0.000000, 0.000000, 0.000000, 1.000000, 0.038789, 0.083881, 0.995721, 0.413039, 0.041400, -0.995750, 0.082271, 0.051390, 0.998389, 0.038031, -0.042097, 0.284990, 0.000000, 0.000000, 0.000000, 1.000000, -0.997989, -0.018462, 0.060636, 0.017402, 0.060247, 0.020964, 0.997963, -0.049233, -0.019696, 0.999610, -0.019810, -0.066521, 0.000000, 0.000000, 0.000000, 1.000000
-8.3452, -18.9640, -27.4605, 341.7964, 413.2964, 51.4640, 284.5340, 17.2972, -49.2343, -66.5737, -0.044481, 0.995163, -0.087588, -0.018964, -0.998279, -0.040924, 0.041996, -0.027461, 0.038209, 0.089306, 0.995271, 0.341796, 0.000000, 0.000000, 0.000000, 1.000000, 0.038209, 0.089306, 0.995271, 0.413296, 0.044481, -0.995163, 0.087588, 0.051464, 0.998279, 0.040924, -0.041996, 0.284534, 0.000000, 0.000000, 0.000000, 1.000000, -0.997990, -0.018394, 0.060642, 0.017297, 0.060119, 0.027769, 0.997805, -0.049234, -0.020037, 0.999445, -0.026607, -0.066574, 0.000000, 0.000000, 0.000000, 1.000000
-8.1527, -19.0196, -26.9740, 342.0546, 413.5546, 51.5196, 284.0474, 17.1859, -49.2539, -66.6093, -0.046402, 0.995287, -0.085147, -0.019020, -0.998303, -0.043203, 0.039046, -0.026974, 0.035183, 0.086814, 0.995603, 0.342055, 0.000000, 0.000000, 0.000000, 1.000000, 0.035183, 0.086814, 0.995603, 0.413555, 0.046402, -0.995287, 0.085147, 0.051520, 0.998303, 0.043203, -0.039046, 0.284047, 0.000000, 0.000000, 0.000000, 1.000000, -0.998162, -0.017666, 0.057970, 0.017186, 0.057487, 0.026706, 0.997989, -0.049254, -0.019179, 0.999487, -0.025641, -0.066609, 0.000000, 0.000000, 0.000000, 1.000000
-7.8858, -19.0971, -26.5147, 342.2371, 413.7371, 51.5971, 283.5882, 16.8115, -49.4527, -66.6656, -0.048843, 0.995476, -0.081498, -0.019097, -0.998216, -0.045847, 0.038240, -0.026515, 0.034331, 0.083220, 0.995940, 0.342237, 0.000000, 0.000000, 0.000000, 1.000000, 0.034331, 0.083220, 0.995940, 0.413737, 0.048843, -0.995476, 0.081498, 0.051597, 0.998216, 0.045847, -0.038240, 0.283588, 0.000000, 0.000000, 0.000000, 1.000000, -0.998210, -0.016146, 0.057581, 0.016811, 0.057166, 0.025082, 0.998050, -0.049453, -0.017558, 0.999555, -0.024114, -0.066666, 0.000000, 0.000000, 0.000000, 1.000000
-7.7462, -19.1609, -25.9961, 342.3196, 413.8196, 51.6609, 283.0696, 16.8926, -49.5740, -66.7277, -0.051854, 0.995772, -0.075820, -0.019161, -0.998010, -0.048942, 0.039770, -0.025996, 0.035891, 0.077732, 0.996328, 0.342320, 0.000000, 0.000000, 0.000000, 1.000000, 0.035891, 0.077732, 0.996328, 0.413820, 0.051854, -0.995772, 0.075820, 0.051661, 0.998010, 0.048942, -0.039770, 0.283070, 0.000000, 0.000000, 0.000000, 1.000000, -0.998083, -0.017138, 0.059463, 0.016893, 0.059105, 0.020654, 0.998038, -0.049574, -0.018332, 0.999640, -0.019602, -0.066728, 0.000000, 0.000000, 0.000000, 1.000000
-7.6175, -19.2035, -25.5538, 342.5047, 414.0047, 51.7035, 282.6272, 16.9346, -49.5774, -66.7627, -0.053146, 0.995944, -0.072607, -0.019203, -0.998066, -0.050630, 0.036071, -0.025554, 0.032248, 0.074384, 0.996708, 0.342505, 0.000000, 0.000000, 0.000000, 1.000000, 0.032248, 0.074384, 0.996708, 0.414005, 0.053146, -0.995944, 0.072607, 0.051703, 0.998066, 0.050630, -0.036071, 0.282627, 0.000000, 0.000000, 0.000000, 1.000000, -0.998287, -0.016852, 0.056032, 0.016935, 0.055723, 0.018264, 0.998279, -0.049577, -0.017846, 0.999691, -0.017294, -0.066763, 0.000000, 0.000000, 0.000000, 1.000000
-7.4742, -19.2726, -25.0650, 342.9424, 414.4424, 51.7726, 282.1384, 16.9820, -49.3489, -66.8116, -0.056423, 0.995322, -0.078420, -0.019273, -0.998107, -0.054306, 0.028873, -0.025065, 0.024480, 0.079901, 0.996502, 0.342942, 0.000000, 0.000000, 0.000000, 1.000000, 0.024480, 0.079901, 0.996502, 0.414442, 0.056423, -0.995322, 0.078420, 0.051773, 0.998107, 0.054306, -0.028873, 0.282138, 0.000000, 0.000000, 0.000000, 1.000000, -0.998643, -0.018149, 0.048821, 0.016982, 0.048362, 0.024914, 0.998519, -0.049349, -0.019339, 0.999525, -0.024003, -0.066812, 0.000000, 0.000000, 0.000000, 1.000000
-7.3481, -19.3371, -24.5980, 342.7618, 414.2618, 51.8371, 281.6714, 17.0467, -49.7135, -66.8921, -0.059551, 0.995676, -0.071290, -0.019337, -0.997518, -0.056670, 0.041780, -0.024598, 0.037559, 0.073601, 0.996580, 0.342762, 0.000000, 0.000000, 0.000000, 1.000000, 0.037559, 0.073601, 0.996580, 0.414262, 0.059551, -0.995676, 0.071290, 0.051837, 0.997518, 0.056670, -0.041780, 0.281671, 0.000000, 0.000000, 0.000000, 1.000000, -0.997894, -0.018643, 0.062134, 0.017047, 0.061769, 0.019565, 0.997899, -0.049713, -0.019819, 0.999635, -0.018372, -0.066892, 0.000000, 0.000000, 0.000000, 1.000000
-7.1534, -19.3903, -24.0951, 343.0930, 414.5930, 51.8903, 281.1686, 16.9450, -49.6654, -66.9301, -0.062109, 0.995399, -0.072958, -0.019390, -0.997561, -0.059579, 0.036355, -0.024095, 0.031841, 0.075038, 0.996672, 0.343093, 0.000000, 0.000000, 0.000000, 1.000000, 0.031841, 0.075038, 0.996672, 0.414593, 0.062109, -0.995399, 0.072958, 0.051890, 0.997561, 0.059579, -0.036355, 0.281169, 0.000000, 0.000000, 0.000000, 1.000000, -0.998210, -0.018439, 0.056891, 0.016945, 0.056472, 0.022478, 0.998151, -0.049665, -0.019684, 0.999577, -0.021396, -0.066930, 0.000000, 0.000000, 0.000000, 1.000000
-6.9126, -19.4557, -23.6184, 343.2996, 414.7996, 51.9557, 280.6918, 16.6682, -49.8063, -66.9829, -0.064260, 0.995708, -0.066608, -0.019456, -0.997320, -0.061738, 0.039256, -0.023618, 0.034975, 0.068952, 0.997007, 0.343300, 0.000000, 0.000000, 0.000000, 1.000000, 0.034975, 0.068952, 0.997007, 0.414800, 0.064260, -0.995708, 0.066608, 0.051956, 0.997320, 0.061738, -0.039256, 0.280692, 0.000000, 0.000000, 0.000000, 1.000000, -0.998033, -0.016909, 0.060373, 0.016668, 0.060065, 0.018168, 0.998029, -0.049806, -0.017973, 0.999692, -0.017116, -0.066983, 0.000000, 0.000000, 0.000000, 1.000000
-6.7740, -19.4963, -23.1105, 343.5388, 415.0388, 51.9963, 280.1840, 16.7447, -49.7724, -67.0215, -0.066119, 0.995507, -0.067782, -0.019496, -0.997392, -0.063968, 0.033433, -0.023111, 0.028947, 0.069816, 0.997140, 0.343539, 0.000000, 0.000000, 0.000000, 1.000000, 0.028947, 0.069816, 0.997140, 0.415039, 0.066119, -0.995507, 0.067782, 0.051996, 0.997392, 0.063968, -0.033433, 0.280184, 0.000000, 0.000000, 0.000000, 1.000000, -0.998360, -0.016926, 0.054687, 0.016745, 0.054344, 0.020088, 0.998320, -0.049772, -0.017996, 0.999655, -0.019135, -0.067022, 0.000000, 0.000000, 0.000000, 1.000000
-6.6204, -19.5646, -22.6286, 343.7609, 415.2609, 52.0646, 279.7020, 16.7469, -49.7747, -67.0875, -0.070129, 0.995172, -0.068657, -0.019565, -0.997006, -0.067678, 0.037400, -0.022629, 0.032573, 0.071075, 0.996939, 0.343761, 0.000000, 0.000000, 0.000000, 1.000000, 0.032573, 0.071075, 0.996939, 0.415261, 0.070129, -0.995172, 0.068657, 0.052065, 0.997006, 0.067678, -0.037400, 0.279702, 0.000000, 0.000000, 0.000000, 1.000000, -0.998105, -0.018180, 0.058787, 0.016747, 0.058373, 0.022551, 0.998040, -0.049775, -0.019470, 0.999580, -0.021447, -0.067088, 0.000000, 0.000000, 0.000000, 1.000000
-6.4940, -19.5986, -22.1243, 344.1643, 415.6643, 52.0986, 279.1977, 16.8625, -49.5602, -67.1157, -0.072521, 0.995042, -0.068060, -0.019599, -0.997106, -0.070773, 0.027755, -0.022124, 0.022801, 0.069876, 0.997295, 0.344164, 0.000000, 0.000000, 0.000000, 1.000000, 0.022801, 0.069876, 0.997295, 0.415664, 0.072521, -0.995042, 0.068060, 0.052099, 0.997106, 0.070773, -0.027755, 0.279198, 0.000000, 0.000000, 0.000000, 1.000000, -0.998595, -0.019302, 0.049351, 0.016863, 0.048918, 0.022340, 0.998553, -0.049560, -0.020377, 0.999564, -0.021364, -0.067116, 0.000000, 0.000000, 0.000000, 1.000000
-6.3391, -19.6308, -21.6530, 344.3305, 415.8305, 52.1308, 278.7264, 16.8493, -49.6225, -67.1508, -0.074934, 0.994567, -0.072262, -0.019631, -0.996950, -0.073134, 0.027249, -0.021653, 0.021816, 0.074083, 0.997013, 0.344331, 0.000000, 0.000000, 0.000000, 1.000000, 0.021816, 0.074083, 0.997013, 0.415831, 0.074934, -0.994567, 0.072262, 0.052131, 0.996950, 0.073134, -0.027249, 0.278726, 0.000000, 0.000000, 0.000000, 1.000000, -0.998625, -0.019120, 0.048817, 0.016849, 0.048277, 0.027735, 0.998449, -0.049622, -0.020444, 0.999432, -0.026773, -0.067151, 0.000000, 0.000000, 0.000000, 1.000000
-6.1767, -19.7050, -21.1712, 344.4345, 415.9345, 52.2050, 278.2447, 16.8193, -49.7559, -67.2316, -0.077236, 0.995142, -0.061047, -0.019705, -0.996738, -0.075632, 0.028154, -0.021171, 0.023400, 0.063022, 0.997738, 0.344434, 0.000000, 0.000000, 0.000000, 1.000000, 0.023400, 0.063022, 0.997738, 0.415934, 0.077236, -0.995142, 0.061047, 0.052205, 0.996738, 0.075632, -0.028154, 0.278245, 0.000000, 0.000000, 0.000000, 1.000000, -0.998536, -0.019292, 0.050539, 0.016819, 0.050195, 0.017889, 0.998579, -0.049756, -0.020169, 0.999654, -0.016895, -0.067232, 0.000000, 0.000000, 0.000000, 1.000000
-5.9902, -19.7292, -20.6893, 344.2769, 415.7769, 52.2292, 277.7627, 16.7092, -50.1872, -67.2731, -0.080923, 0.994950, -0.059376, -0.019729, -0.996127, -0.078675, 0.039267, -0.020689, 0.034398, 0.062324, 0.997463, 0.344277, 0.000000, 0.000000, 0.000000, 1.000000, 0.034398, 0.062324, 0.997463, 0.415777, 0.080923, -0.994950, 0.059376, 0.052229, 0.996127, 0.078675, -0.039267, 0.277763, 0.000000, 0.000000, 0.000000, 1.000000, -0.997890, -0.019401, 0.061961, 0.016709, 0.061601, 0.018616, 0.997927, -0.050187, -0.020514, 0.999638, -0.017382, -0.067273, 0.000000, 0.000000, 0.000000, 1.000000
-5.8438, -19.7235, -20.2332, 344.4166, 415.9166, 52.2235, 277.3067, 16.7091, -50.2657, -67.2746, -0.083814, 0.994376, -0.064743, -0.019723, -0.995893, -0.081354, 0.039743, -0.020233, 0.034252, 0.067808, 0.997110, 0.344417, 0.000000, 0.000000, 0.000000, 1.000000, 0.034252, 0.067808, 0.997110, 0.415917, 0.083814, -0.994376, 0.064743, 0.052223, 0.995893, 0.081354, -0.039743, 0.277307, 0.000000, 0.000000, 0.000000, 1.000000, -0.997865, -0.019642, 0.062285, 0.016709, 0.061782, 0.025238, 0.997771, -0.050266, -0.021170, 0.999488, -0.023970, -0.067275, 0.000000, 0.000000, 0.000000, 1.000000
-5.5940, -19.7849, -19.7569, 344.8134, 416.3134, 52.2849, 276.8304, 16.4072, -50.2311, -67.3244, -0.086377, 0.994059, -0.066224, -0.019785, -0.995747, -0.084004, 0.037828, -0.019757, 0.032040, 0.069209, 0.997088, 0.344813, 0.000000, 0.000000, 0.000000, 1.000000, 0.032040, 0.069209, 0.997088, 0.416313, 0.086377, -0.994059, 0.066224, 0.052285, 0.995747, 0.084004, -0.037828, 0.276830, 0.000000, 0.000000, 0.000000, 1.000000, -0.997996, -0.018304, 0.060577, 0.016407, 0.060041, 0.028514, 0.997789, -0.050231, -0.019991, 0.999426, -0.027358, -0.067324, 0.000000, 0.000000, 0.000000, 1.000000
-5.4288, -19.8100, -19.2678, 345.0003, 416.5003, 52.3100, 276.3413, 16.3790, -50.2893, -67.3576, -0.088247, 0.994151, -0.062261, -0.019810, -0.995730, -0.086341, 0.032668, -0.019268, 0.027101, 0.064878, 0.997525, 0.345000, 0.000000, 0.000000, 0.000000, 1.000000, 0.027101, 0.064878, 0.997525, 0.416500, 0.088247, -0.994151, 0.062261, 0.052310, 0.995730, 0.086341, -0.032668, 0.276341, 0.000000, 0.000000, 0.000000, 1.000000, -0.998272, -0.018127, 0.055900, 0.016379, 0.055431, 0.025432, 0.998139, -0.050289, -0.019515, 0.999512, -0.024383, -0.067358, 0.000000, 0.000000, 0.000000, 1.000000
-5.2504, -19.8606, -18.8068, 345.0265, 416.5265, 52.3606, 275.8803, 16.2754, -50.5249, -67.4204, -0.091799, 0.994051, -0.058616, -0.019861, -0.994973, -0.089200, 0.045524, -0.018807, 0.040025, 0.062500, 0.997242, 0.345027, 0.000000, 0.000000, 0.000000, 1.000000, 0.040025, 0.062500, 0.997242, 0.416527, 0.091799, -0.994051, 0.058616, 0.052361, 0.994973, 0.089200, -0.045524, 0.275880, 0.000000, 0.000000, 0.000000, 1.000000, -0.997438, -0.018221, 0.069176, 0.016275, 0.068723, 0.024417, 0.997337, -0.050525, -0.019861, 0.999536, -0.023102, -0.067420, 0.000000, 0.000000, 0.000000, 1.000000
-5.1174, -19.9329, -18.2969, 345.1728, 416.6728, 52.4329, 275.3704, 16.3649, -50.5769, -67.5094, -0.093931, 0.994197, -0.052441, -0.019933, -0.994963, -0.091890, 0.040066, -0.018297, 0.035015, 0.055940, 0.997820, 0.345173, 0.000000, 0.000000, 0.000000, 1.000000, 0.035015, 0.055940, 0.997820, 0.416673, 0.093931, -0.994197, 0.052441, 0.052433, 0.994963, 0.091890, -0.040066, 0.275370, 0.000000, 0.000000, 0.000000, 1.000000, -0.997747, -0.018968, 0.064351, 0.016365, 0.063993, 0.018884, 0.997772, -0.050577, -0.020141, 0.999642, -0.017628, -0.067509, 0.000000, 0.000000, 0.000000, 1.000000
-4.9498, -19.9368, -17.8197, 345.6139, 417.1139, 52.4368, 274.8932, 16.3257, -50.3857, -67.5148, -0.096375, 0.993835, -0.054808, -0.019937, -0.994916, -0.094571, 0.034612, -0.017820, 0.029215, 0.057865, 0.997897, 0.345614, 0.000000, 0.000000, 0.000000, 1.000000, 0.029215, 0.057865, 0.997897, 0.417114, 0.096375, -0.993835, 0.054808, 0.052437, 0.994916, 0.094571, -0.034612, 0.274893, 0.000000, 0.000000, 0.000000, 1.000000, -0.998081, -0.018955, 0.058956, 0.016326, 0.058534, 0.022098, 0.998041, -0.050386, -0.020220, 0.999576, -0.020946, -0.067515, 0.000000, 0.000000, 0.000000, 1.000000
-4.7969, -19.9640, -17.2557, 346.0738, 417.5738, 52.4640, 274.3292, 16.4181, -50.1564, -67.5529, -0.098285, 0.993475, -0.057854, -0.019964, -0.995106, -0.097516, 0.015968, -0.017256, 0.010222, 0.059141, 0.998197, 0.346074, 0.000000, 0.000000, 0.000000, 1.000000, 0.010222, 0.059141, 0.998197, 0.417574, 0.098285, -0.993475, 0.057854, 0.052464, 0.995106, 0.097516, -0.015968, 0.274329, 0.000000, 0.000000, 0.000000, 1.000000, -0.998997, -0.019455, 0.040338, 0.016418, 0.039856, 0.024564, 0.998903, -0.050156, -0.020425, 0.999509, -0.023764, -0.067553, 0.000000, 0.000000, 0.000000, 1.000000
-4.6496, -20.0374, -16.8038, 346.1176, 417.6176, 52.5374, 273.8773, 16.4010, -50.3303, -67.6453, -0.100112, 0.993927, -0.045688, -0.020037, -0.994918, -0.099502, 0.015427, -0.016804, 0.010787, 0.047000, 0.998837, 0.346118, 0.000000, 0.000000, 0.000000, 1.000000, 0.010787, 0.047000, 0.998837, 0.417618, 0.100112, -0.993927, 0.045688, 0.052537, 0.994918, 0.099502, -0.015427, 0.273877, 0.000000, 0.000000, 0.000000, 1.000000, -0.998972, -0.019418, 0.040952, 0.016401, 0.040694, 0.013532, 0.999080, -0.050330, -0.019954, 0.999720, -0.012728, -0.067645, 0.000000, 0.000000, 0.000000, 1.000000
-4.3822, -20.0191, -16.3080, 346.4155, 417.9155, 52.5191, 273.3815, 16.0638, -50.4253, -67.6298, -0.103470, 0.992715, -0.061733, -0.020019, -0.994573, -0.102583, 0.017381, -0.016308, 0.010922, 0.063196, 0.997941, 0.346415, 0.000000, 0.000000, 0.000000, 1.000000, 0.010922, 0.063196, 0.997941, 0.417915, 0.103470, -0.992715, 0.061733, 0.052519, 0.994573, 0.102583, -0.017381, 0.273381, 0.000000, 0.000000, 0.000000, 1.000000, -0.998962, -0.017867, 0.041903, 0.016064, 0.041321, 0.031764, 0.998641, -0.050425, -0.019174, 0.999336, -0.030993, -0.067630, 0.000000, 0.000000, 0.000000, 1.000000
-4.2385, -20.0751, -15.8478, 346.5297, 418.0297, 52.5751, 272.9213, 16.0687, -50.5253, -67.7057, -0.107050, 0.992977, -0.050376, -0.020075, -0.994039, -0.105837, 0.026171, -0.015848, 0.020656, 0.052877, 0.998387, 0.346530, 0.000000, 0.000000, 0.000000, 1.000000, 0.020656, 0.052877, 0.998387, 0.418030, 0.107050, -0.992977, 0.050376, 0.052575, 0.994039, 0.105837, -0.026171, 0.272921, 0.000000, 0.000000, 0.000000, 1.000000, -0.998475, -0.019115, 0.051794, 0.016069, 0.051359, 0.022569, 0.998425, -0.050525, -0.020254, 0.999563, -0.021553, -0.067706, 0.000000, 0.000000, 0.000000, 1.000000
-4.1117, -20.0874, -15.4177, 346.4416, 417.9416, 52.5874, 272.4912, 16.0945, -50.8042, -67.7443, -0.110132, 0.992340, -0.055963, -0.020087, -0.993249, -0.107820, 0.042787, -0.015418, 0.036425, 0.060298, 0.997516, 0.346442, 0.000000, 0.000000, 0.000000, 1.000000, 0.036425, 0.060298, 0.997516, 0.417942, 0.110132, -0.992340, 0.055963, 0.052587, 0.993249, 0.107820, -0.042787, 0.272491, 0.000000, 0.000000, 0.000000, 1.000000, -0.997508, -0.018910, 0.067971, 0.016094, 0.067367, 0.030972, 0.997247, -0.050804, -0.020963, 0.999341, -0.029621, -0.067744, 0.000000, 0.000000, 0.000000, 1.000000
-3.9480, -20.1191, -14.9460, 346.5950, 418.0950, 52.6191, 272.0194, 16.0501, -50.8951, -67.7955, -0.112393, 0.992764, -0.042269, -0.020119, -0.993075, -0.110760, 0.039182, -0.014946, 0.034217, 0.046380, 0.998338, 0.346595, 0.000000, 0.000000, 0.000000, 1.000000, 0.034217, 0.046380, 0.998338, 0.418095, 0.112393, -0.992764, 0.042269, 0.052619, 0.993075, 0.110760, -0.039182, 0.272019, 0.000000, 0.000000, 0.000000, 1.000000, -0.997638, -0.019626, 0.065826, 0.016050, 0.065469, 0.018314, 0.997687, -0.050895, -0.020787, 0.999640, -0.016986, -0.067795, 0.000000, 0.000000, 0.000000, 1.000000
-3.6980, -20.1331, -14.4761, 346.7426, 418.2426, 52.6331, 271.5496, 15.7337, -51.1147, -67.8202, -0.114312, 0.992550, -0.042148, -0.020133, -0.992866, -0.112694, 0.038958, -0.014476, 0.033917, 0.046300, 0.998352, 0.346743, 0.000000, 0.000000, 0.000000, 1.000000, 0.033917, 0.046300, 0.998352, 0.418243, 0.114312, -0.992550, 0.042148, 0.052633, 0.992866, 0.112694, -0.038958, 0.271550, 0.000000, 0.000000, 0.000000, 1.000000, -0.997669, -0.017610, 0.065928, 0.015734, 0.065572, 0.020097, 0.997645, -0.051115, -0.018893, 0.999643, -0.018896, -0.067820, 0.000000, 0.000000, 0.000000, 1.000000
-3.5473, -20.1475, -13.9784, 347.1354, 418.6354, 52.6475, 271.0519, 15.7646, -50.9497, -67.8543, -0.117144, 0.992088, -0.045150, -0.020148, -0.992749, -0.115746, 0.032438, -0.013978, 0.026955, 0.048623, 0.998453, 0.347135, 0.000000, 0.000000, 0.000000, 1.000000, 0.026955, 0.048623, 0.998453, 0.418635, 0.117144, -0.992088, 0.045150, 0.052648, 0.992749, 0.115746, -0.032438, 0.271052, 0.000000, 0.000000, 0.000000, 1.000000, -0.998071, -0.018227, 0.059355, 0.015765, 0.058919, 0.023604, 0.997984, -0.050950, -0.019591, 0.999555, -0.022485, -0.067854, 0.000000, 0.000000, 0.000000, 1.000000
-3.4161, -20.1728, -13.4438, 347.4509, 418.9509, 52.6728, 270.5173, 15.8905, -50.8352, -67.9089, -0.119654, 0.991601, -0.049092, -0.020173, -0.992737, -0.118875, 0.018501, -0.013444, 0.012510, 0.050949, 0.998623, 0.347451, 0.000000, 0.000000, 0.000000, 1.000000, 0.012510, 0.050949, 0.998623, 0.418951, 0.119654, -0.991601, 0.049092, 0.052673, 0.992737, 0.118875, -0.018501, 0.270517, 0.000000, 0.000000, 0.000000, 1.000000, -0.998790, -0.019232, 0.045269, 0.015891, 0.044743, 0.026978, 0.998634, -0.050835, -0.020427, 0.999451, -0.026085, -0.067909, 0.000000, 0.000000, 0.000000, 1.000000
-3.2757, -20.2207, -12.9902, 347.4819, 418.9819, 52.7207, 270.0637, 15.8957, -51.0152, -67.9851, -0.122263, 0.991734, -0.038938, -0.020221, -0.992180, -0.121137, 0.030074, -0.012990, 0.025109, 0.042310, 0.998789, 0.347482, 0.000000, 0.000000, 0.000000, 1.000000, 0.025109, 0.042310, 0.998789, 0.418982, 0.122263, -0.991734, 0.038938, 0.052721, 0.992180, 0.121137, -0.030074, 0.270064, 0.000000, 0.000000, 0.000000, 1.000000, -0.998128, -0.019518, 0.057957, 0.015896, 0.057579, 0.019421, 0.998152, -0.051015, -0.020607, 0.999621, -0.018261, -0.067985, 0.000000, 0.000000, 0.000000, 1.000000
-3.1458, -20.2394, -12.4564, 347.8045, 419.3045, 52.7394, 269.5299, 16.0251, -50.8925, -68.0362, -0.124822, 0.991398, -0.039368, -0.020239, -0.992071, -0.124125, 0.019692, -0.012456, 0.014637, 0.041514, 0.999031, 0.347805, 0.000000, 0.000000, 0.000000, 1.000000, 0.014637, 0.041514, 0.999031, 0.419305, 0.124822, -0.991398, 0.039368, 0.052739, 0.992071, 0.124125, -0.019692, 0.269530, 0.000000, 0.000000, 0.000000, 1.000000, -0.998648, -0.020489, 0.047773, 0.016025, 0.047371, 0.019658, 0.998684, -0.050893, -0.021402, 0.999597, -0.018661, -0.068036, 0.000000, 0.000000, 0.000000, 1.000000
-3.0131, -20.2258, -12.0181, 347.9598, 419.4598, 52.7258, 269.0915, 16.0488, -50.9391, -68.0501, -0.127910, 0.990794, -0.044346, -0.020226, -0.991518, -0.126709, 0.028930, -0.012018, 0.023045, 0.047671, 0.998597, 0.347960, 0.000000, 0.000000, 0.000000, 1.000000, 0.023045, 0.047671, 0.998597, 0.419460, 0.127910, -0.990794, 0.044346, 0.052726, 0.991518, 0.126709, -0.028930, 0.269092, 0.000000, 0.000000, 0.000000, 1.000000, -0.998181, -0.020816, 0.056589, 0.016049, 0.056023, 0.026860, 0.998068, -0.050939, -0.022296, 0.999422, -0.025645, -0.068050, 0.000000, 0.000000, 0.000000, 1.000000
-2.8358, -20.2288, -11.5057, 347.9480, 419.4480, 52.7288, 268.5792, 15.9979, -51.2180, -68.0880, -0.130452, 0.990843, -0.034833, -0.020229, -0.991176, -0.129502, 0.028285, -0.011506, 0.023515, 0.038216, 0.998993, 0.347948, 0.000000, 0.000000, 0.000000, 1.000000, 0.023515, 0.038216, 0.998993, 0.419448, 0.130452, -0.990843, 0.034833, 0.052729, 0.991176, 0.129502, -0.028285, 0.268579, 0.000000, 0.000000, 0.000000, 1.000000, -0.998141, -0.021084, 0.057187, 0.015998, 0.056795, 0.018773, 0.998209, -0.051218, -0.022119, 0.999601, -0.017541, -0.068088, 0.000000, 0.000000, 0.000000, 1.000000
-2.6853, -20.2252, -11.0577, 348.2457, 419.7457, 52.7252, 268.1311, 15.9788, -51.1478, -68.1103, -0.133470, 0.990280, -0.039124, -0.020225, -0.990659, -0.132200, 0.033436, -0.011058, 0.027939, 0.043221, 0.998675, 0.348246, 0.000000, 0.000000, 0.000000, 1.000000, 0.027939, 0.043221, 0.998675, 0.419746, 0.133470, -0.990280, 0.039124, 0.052725, 0.990659, 0.132200, -0.033436, 0.268131, 0.000000, 0.000000, 0.000000, 1.000000, -0.997849, -0.021274, 0.062009, 0.015979, 0.061474, 0.024955, 0.997797, -0.051148, -0.022774, 0.999462, -0.023594, -0.068110, 0.000000, 0.000000, 0.000000, 1.000000
-2.5174, -20.2579, -10.5171, 348.5994, 420.0994, 52.7579, 267.5906, 15.9938, -51.0489, -68.1775, -0.135340, 0.990160, -0.035592, -0.020258, -0.990720, -0.134788, 0.017503, -0.010517, 0.012534, 0.037631, 0.999213, 0.348599, 0.000000, 0.000000, 0.000000, 1.000000, 0.012534, 0.037631, 0.999213, 0.420099, 0.135340, -0.990160, 0.035592, 0.052758, 0.990720, 0.134788, -0.017503, 0.267591, 0.000000, 0.000000, 0.000000, 1.000000, -0.998675, -0.021381, 0.046808, 0.015994, 0.046368, 0.020662, 0.998711, -0.051049, -0.022321, 0.999558, -0.019643, -0.068178, 0.000000, 0.000000, 0.000000, 1.000000
-2.3276, -20.2584, -10.0718, 348.9073, 420.4073, 52.7584, 267.1452, 15.8478, -51.0243, -68.2019, -0.138034, 0.989718, -0.037492, -0.020258, -0.990324, -0.137373, 0.019684, -0.010072, 0.014331, 0.039846, 0.999103, 0.348907, 0.000000, 0.000000, 0.000000, 1.000000, 0.014331, 0.039846, 0.999103, 0.420407, 0.138034, -0.989718, 0.037492, 0.052758, 0.990324, 0.137373, -0.019684, 0.267145, 0.000000, 0.000000, 0.000000, 1.000000, -0.998580, -0.020913, 0.048992, 0.015848, 0.048479, 0.024334, 0.998528, -0.051024, -0.022075, 0.999485, -0.023286, -0.068202, 0.000000, 0.000000, 0.000000, 1.000000
-2.1744, -20.2892, -9.5782, 349.0069, 420.5069, 52.7892, 266.6517, 15.8540, -51.1573, -68.2709, -0.140582, 0.989386, -0.036779, -0.020289, -0.990003, -0.140045, 0.016788, -0.009578, 0.011459, 0.038772, 0.999182, 0.349007, 0.000000, 0.000000, 0.000000, 1.000000, 0.011459, 0.038772, 0.999182, 0.420507, 0.140582, -0.989386, 0.036779, 0.052789, 0.990003, 0.140045, -0.016788, 0.266652, 0.000000, 0.000000, 0.000000, 1.000000, -0.998698, -0.021212, 0.046388, 0.015854, 0.045866, 0.024456, 0.998648, -0.051157, -0.022318, 0.999476, -0.023451, -0.068271, 0.000000, 0.000000, 0.000000, 1.000000
-1.9984, -20.3155, -9.1180, 349.1150, 420.6150, 52.8155, 266.1914, 15.7554, -51.3137, -68.3299, -0.143419, 0.989244, -0.028779, -0.020315, -0.989528, -0.142861, 0.020601, -0.009118, 0.016268, 0.031433, 0.999373, 0.349115, 0.000000, 0.000000, 0.000000, 1.000000, 0.016268, 0.031433, 0.999373, 0.420615, 0.143419, -0.989244, 0.028779, 0.052815, 0.989528, 0.142861, -0.020601, 0.266191, 0.000000, 0.000000, 0.000000, 1.000000, -0.998450, -0.021483, 0.051351, 0.015755, 0.050957, 0.018484, 0.998530, -0.051314, -0.022401, 0.999598, -0.017361, -0.068330, 0.000000, 0.000000, 0.000000, 1.000000
-1.8226, -20.3279, -8.6349, 349.2775, 420.7775, 52.8279, 265.7083, 15.6838, -51.4165, -68.3781, -0.146041, 0.988888, -0.027783, -0.020328, -0.989098, -0.145420, 0.023206, -0.008635, 0.018908, 0.030869, 0.999345, 0.349278, 0.000000, 0.000000, 0.000000, 1.000000, 0.018908, 0.030869, 0.999345, 0.420778, 0.146041, -0.988888, 0.027783, 0.052828, 0.989098, 0.145420, -0.023206, 0.265708, 0.000000, 0.000000, 0.000000, 1.000000, -0.998299, -0.021298, 0.054275, 0.015684, 0.053867, 0.019278, 0.998362, -0.051416, -0.022309, 0.999587, -0.018098, -0.068378, 0.000000, 0.000000, 0.000000, 1.000000
-1.6750, -20.3220, -8.1894, 349.3289, 420.8289, 52.8220, 265.2629, 15.6610, -51.5899, -68.4093, -0.149070, 0.988633, -0.019566, -0.020322, -0.988474, -0.148459, 0.029645, -0.008189, 0.026403, 0.023760, 0.999369, 0.349329, 0.000000, 0.000000, 0.000000, 1.000000, 0.026403, 0.023760, 0.999369, 0.420829, 0.149070, -0.988633, 0.019566, 0.052822, 0.988474, 0.148459, -0.029645, 0.265263, 0.000000, 0.000000, 0.000000, 1.000000, -0.997835, -0.022251, 0.061888, 0.015661, 0.061601, 0.013343, 0.998012, -0.051590, -0.023032, 0.999663, -0.011943, -0.068409, 0.000000, 0.000000, 0.000000, 1.000000
-1.4832, -20.3064, -7.6616, 349.6441, 421.1441, 52.8064, 264.7351, 15.5913, -51.5652, -68.4342, -0.150985, 0.988170, -0.026916, -0.020306, -0.988426, -0.150505, 0.019046, -0.007662, 0.014769, 0.029481, 0.999456, 0.349644, 0.000000, 0.000000, 0.000000, 1.000000, 0.014769, 0.029481, 0.999456, 0.421144, 0.150985, -0.988170, 0.026916, 0.052806, 0.988426, 0.150505, -0.019046, 0.264735, 0.000000, 0.000000, 0.000000, 1.000000, -0.998491, -0.021096, 0.050697, 0.015591, 0.050265, 0.020518, 0.998525, -0.051565, -0.022105, 0.999567, -0.019427, -0.068434, 0.000000, 0.000000, 0.000000, 1.000000
-1.3449, -20.3274, -7.1726, 349.9195, 421.4195, 52.8274, 264.2461, 15.6456, -51.5030, -68.4992, -0.154013, 0.987900, -0.018236, -0.020327, -0.987978, -0.153722, 0.016421, -0.007173, 0.013419, 0.020546, 0.999699, 0.349919, 0.000000, 0.000000, 0.000000, 1.000000, 0.013419, 0.020546, 0.999699, 0.421419, 0.154013, -0.987900, 0.018236, 0.052827, 0.987978, 0.153722, -0.016421, 0.264246, 0.000000, 0.000000, 0.000000, 1.000000, -0.998526, -0.022444, 0.049421, 0.015646, 0.049144, 0.012699, 0.998711, -0.051503, -0.023043, 0.999667, -0.011577, -0.068499, 0.000000, 0.000000, 0.000000, 1.000000
-1.1443, -20.3094, -6.6636, 350.2027, 421.7027, 52.8094, 263.7370, 15.5284, -51.5227, -68.5219, -0.156361, 0.987336, -0.026801, -0.020309, -0.987584, -0.155870, 0.019539, -0.006664, 0.015114, 0.029523, 0.999450, 0.350203, 0.000000, 0.000000, 0.000000, 1.000000, 0.015114, 0.029523, 0.999450, 0.421703, 0.156361, -0.987336, 0.026801, 0.052809, 0.987584, 0.155870, -0.019539, 0.263737, 0.000000, 0.000000, 0.000000, 1.000000, -0.998443, -0.021146, 0.051623, 0.015528, 0.051131, 0.023197, 0.998423, -0.051523, -0.022310, 0.999507, -0.022080, -0.068522, 0.000000, 0.000000, 0.000000, 1.000000
-1.0235, -20.3088, -6.1994, 350.3657, 421.8657, 52.8088, 263.2729, 15.6114, -51.5479, -68.5680, -0.158778, 0.986941, -0.027152, -0.020309, -0.987195, -0.158271, 0.019901, -0.006199, 0.015344, 0.029965, 0.999433, 0.350366, 0.000000, 0.000000, 0.000000, 1.000000, 0.015344, 0.029965, 0.999433, 0.421866, 0.158778, -0.986941, 0.027152, 0.052809, 0.987195, 0.158271, -0.019901, 0.263273, 0.000000, 0.000000, 0.000000, 1.000000, -0.998408, -0.021644, 0.052088, 0.015611, 0.051553, 0.024598, 0.998367, -0.051548, -0.022890, 0.999463, -0.023443, -0.068568, 0.000000, 0.000000, 0.000000, 1.000000
-0.8363, -20.3151, -5.7638, 350.4799, 421.9799, 52.8151, 262.8373, 15.4541, -51.7150, -68.6102, -0.162047, 0.986506, -0.023398, -0.020315, -0.986442, -0.161322, 0.030122, -0.005764, 0.025941, 0.027962, 0.999272, 0.350480, 0.000000, 0.000000, 0.000000, 1.000000, 0.025941, 0.027962, 0.999272, 0.421980, 0.162047, -0.986506, 0.023398, 0.052815, 0.986442, 0.161322, -0.030122, 0.262837, 0.000000, 0.000000, 0.000000, 1.000000, -0.997779, -0.021827, 0.062933, 0.015454, 0.062406, 0.024057, 0.997761, -0.051715, -0.023292, 0.999472, -0.022642, -0.068610, 0.000000, 0.000000, 0.000000, 1.000000
-0.6627, -20.2618, -5.2846, 350.6170, 422.1170, 52.7618, 262.3580, 15.3911, -51.8426, -68.6020, -0.165420, 0.985713, -0.031732, -0.020262, -0.985947, -0.164526, 0.028996, -0.005285, 0.023361, 0.036083, 0.999076, 0.350617, 0.000000, 0.000000, 0.000000, 1.000000, 0.023361, 0.036083, 0.999076, 0.422117, 0.165420, -0.985713, 0.031732, 0.052762, 0.985947, 0.164526, -0.028996, 0.262358, 0.000000, 0.000000, 0.000000, 1.000000, -0.997903, -0.022058, 0.060850, 0.015391, 0.060092, 0.033545, 0.997629, -0.051843, -0.024047, 0.999194, -0.032150, -0.068602, 0.000000, 0.000000, 0.000000, 1.000000
-0.4669, -20.2487, -4.8303, 350.8641, 422.3641, 52.7487, 261.9038, 15.2319, -51.8905, -68.6280, -0.167709, 0.985203, -0.035352, -0.020249, -0.985587, -0.166751, 0.028511, -0.004830, 0.022194, 0.039624, 0.998968, 0.350864, 0.000000, 0.000000, 0.000000, 1.000000, 0.022194, 0.039624, 0.998968, 0.422364, 0.167709, -0.985203, 0.035352, 0.052749, 0.985587, 0.166751, -0.028511, 0.261904, 0.000000, 0.000000, 0.000000, 1.000000, -0.997972, -0.021093, 0.060050, 0.015232, 0.059206, 0.038579, 0.997500, -0.051891, -0.023357, 0.999033, -0.037252, -0.068628, 0.000000, 0.000000, 0.000000, 1.000000
-0.3426, -20.2360, -4.3392, 351.0743, 422.5743, 52.7360, 261.4127, 15.3339, -51.8752, -68.6704, -0.170738, 0.984666, -0.035793, -0.020236, -0.985093, -0.169813, 0.027487, -0.004339, 0.020987, 0.039953, 0.998981, 0.351074, 0.000000, 0.000000, 0.000000, 1.000000, 0.020987, 0.039953, 0.998981, 0.422574, 0.170738, -0.984666, 0.035793, 0.052736, 0.985093, 0.169813, -0.027487, 0.261413, 0.000000, 0.000000, 0.000000, 1.000000, -0.998006, -0.022213, 0.059087, 0.015334, 0.058169, 0.039919, 0.997508, -0.051875, -0.024516, 0.998956, -0.038547, -0.068670, 0.000000, 0.000000, 0.000000, 1.000000
-0.1668, -20.2569, -3.8457, 351.2619, 422.7619, 52.7569, 260.9192, 15.2691, -51.9559, -68.7411, -0.172590, 0.984661, -0.025601, -0.020257, -0.984859, -0.172078, 0.021016, -0.003846, 0.016288, 0.028841, 0.999451, 0.351262, 0.000000, 0.000000, 0.000000, 1.000000, 0.016288, 0.028841, 0.999451, 0.422762, 0.172590, -0.984661, 0.025601, 0.052757, 0.984859, 0.172078, -0.021016, 0.260919, 0.000000, 0.000000, 0.000000, 1.000000, -0.998275, -0.022076, 0.054398, 0.015269, 0.053721, 0.030165, 0.998100, -0.051956, -0.023675, 0.999301, -0.028927, -0.068741, 0.000000, 0.000000, 0.000000, 1.000000
0.0094, -20.2567, -3.3803, 351.4895, 422.9895, 52.7567, 260.4538, 15.1790, -51.9967, -68.7880, -0.175678, 0.984054, -0.027824, -0.020257, -0.984174, -0.174892, 0.028549, -0.003380, 0.023228, 0.032399, 0.999205, 0.351489, 0.000000, 0.000000, 0.000000, 1.000000, 0.023228, 0.032399, 0.999205, 0.422989, 0.175678, -0.984054, 0.027824, 0.052757, 0.984174, 0.174892, -0.028549, 0.260454, 0.000000, 0.000000, 0.000000, 1.000000, -0.997852, -0.022017, 0.061694, 0.015179, 0.060900, 0.035099, 0.997527, -0.051997, -0.024128, 0.999141, -0.033683, -0.068788, 0.000000, 0.000000, 0.000000, 1.000000
0.1892, -20.2264, -2.9358, 351.3247, 422.8247, 52.7264, 260.0092, 15.0470, -52.4340, -68.8014, -0.178463, 0.983728, -0.020753, -0.020226, -0.983344, -0.177576, 0.038746, -0.002936, 0.034431, 0.027322, 0.999034, 0.351325, 0.000000, 0.000000, 0.000000, 1.000000, 0.034431, 0.027322, 0.999034, 0.422825, 0.178463, -0.983728, 0.020753, 0.052726, 0.983344, 0.177576, -0.038746, 0.260009, 0.000000, 0.000000, 0.000000, 1.000000, -0.997086, -0.022057, 0.073033, 0.015047, 0.072323, 0.031424, 0.996886, -0.052434, -0.024283, 0.999263, -0.029737, -0.068801, 0.000000, 0.000000, 0.000000, 1.000000
0.3390, -20.1791, -2.4147, 351.8984, 423.3984, 52.6791, 259.4881, 15.1162, -52.0938, -68.8177, -0.181090, 0.982857, -0.034632, -0.020179, -0.983017, -0.179830, 0.036602, -0.002415, 0.029746, 0.040672, 0.998730, 0.351898, 0.000000, 0.000000, 0.000000, 1.000000, 0.029746, 0.040672, 0.998730, 0.423398, 0.181090, -0.982857, 0.034632, 0.052679, 0.983017, 0.179830, -0.036602, 0.259488, 0.000000, 0.000000, 0.000000, 1.000000, -0.997393, -0.021530, 0.068881, 0.015116, 0.067837, 0.045932, 0.996639, -0.052094, -0.024621, 0.998713, -0.044351, -0.068818, 0.000000, 0.000000, 0.000000, 1.000000
0.5117, -20.2069, -1.8808, 352.0830, 423.5830, 52.7069, 258.9542, 15.0985, -52.1759, -68.9072, -0.183331, 0.982853, -0.019744, -0.020207, -0.982862, -0.182865, 0.023297, -0.001881, 0.019287, 0.023676, 0.999534, 0.352083, 0.000000, 0.000000, 0.000000, 1.000000, 0.019287, 0.023676, 0.999534, 0.423583, 0.183331, -0.982853, 0.019744, 0.052707, 0.982862, 0.182865, -0.023297, 0.258954, 0.000000, 0.000000, 0.000000, 1.000000, -0.998046, -0.022435, 0.058315, 0.015098, 0.057624, 0.030311, 0.997878, -0.052176, -0.024155, 0.999289, -0.028959, -0.068907, 0.000000, 0.000000, 0.000000, 1.000000
0.6787, -20.2170, -1.3373, 352.4163, 423.9163, 52.7170, 258.4107, 15.1160, -52.1020, -68.9843, -0.185075, 0.982668, -0.010530, -0.020217, -0.982716, -0.185107, -0.002095, -0.001337, -0.004008, 0.009960, 0.999942, 0.352416, 0.000000, 0.000000, 0.000000, 1.000000, -0.004008, 0.009960, 0.999942, 0.423916, 0.185075, -0.982668, 0.010530, 0.052717, 0.982716, 0.185107, 0.002095, 0.258411, 0.000000, 0.000000, 0.000000, 1.000000, -0.999133, -0.022557, 0.034984, 0.015116, 0.034583, 0.017897, 0.999242, -0.052102, -0.023166, 0.999585, -0.017101, -0.068984, 0.000000, 0.000000, 0.000000, 1.000000
0.8615, -20.2048, -0.8926, 352.5301, 424.0301, 52.7048, 257.9660, 14.9811, -52.2663, -69.0210, -0.188418, 0.982043, -0.009466, -0.020205, -0.982035, -0.188298, 0.012287, -0.000893, 0.010284, 0.011612, 0.999880, 0.352530, 0.000000, 0.000000, 0.000000, 1.000000, 0.010284, 0.011612, 0.999880, 0.424030, 0.188418, -0.982043, 0.009466, 0.052705, 0.982035, 0.188298, -0.012287, 0.257966, 0.000000, 0.000000, 0.000000, 1.000000, -0.998510, -0.022843, 0.049567, 0.014981, 0.049090, 0.020991, 0.998574, -0.052266, -0.023851, 0.999519, -0.019838, -0.069021, 0.000000, 0.000000, 0.000000, 1.000000
1.0149, -20.1446, -0.4494, 352.7012, 424.2012, 52.6446, 257.5229, 14.9480, -52.3313, -69.0156, -0.191087, 0.981315, -0.022506, -0.020145, -0.981447, -0.190644, 0.020428, -0.000449, 0.015756, 0.025992, 0.999538, 0.352701, 0.000000, 0.000000, 0.000000, 1.000000, 0.015756, 0.025992, 0.999538, 0.424201, 0.191087, -0.981315, 0.022506, 0.052645, 0.981447, 0.190644, -0.020428, 0.257523, 0.000000, 0.000000, 0.000000, 1.000000, -0.998206, -0.022280, 0.055579, 0.014948, 0.054742, 0.036557, 0.997831, -0.052331, -0.024264, 0.999083, -0.035272, -0.069016, 0.000000, 0.000000, 0.000000, 1.000000
1.1711, -20.1027, -0.0185, 352.8877, 424.3877, 52.6027, 257.0920, 14.8914, -52.3848, -69.0270, -0.194735, 0.980635, -0.020822, -0.020103, -0.980341, -0.193902, 0.036520, -0.000019, 0.031776, 0.027524, 0.999116, 0.352888, 0.000000, 0.000000, 0.000000, 1.000000, 0.031776, 0.027524, 0.999116, 0.424388, 0.194735, -0.980635, 0.020822, 0.052603, 0.980341, 0.193902, -0.036520, 0.257092, 0.000000, 0.000000, 0.000000, 1.000000, -0.997149, -0.023062, 0.071851, 0.014891, 0.070909, 0.039344, 0.996707, -0.052385, -0.025813, 0.998960, -0.037597, -0.069027, 0.000000, 0.000000, 0.000000, 1.000000
1.3570, -20.0794, 0.4399, 353.1057, 424.6057, 52.5794, 256.6335, 14.7657, -52.4504, -69.0587, -0.196806, 0.980192, -0.022160, -0.020079, -0.980111, -0.196101, 0.030447, 0.000440, 0.025499, 0.027711, 0.999291, 0.353106, 0.000000, 0.000000, 0.000000, 1.000000, 0.025499, 0.027711, 0.999291, 0.424606, 0.196806, -0.980192, 0.022160, 0.052579, 0.980111, 0.196101, -0.030447, 0.256634, 0.000000, 0.000000, 0.000000, 1.000000, -0.997581, -0.022345, 0.065829, 0.014766, 0.064877, 0.040959, 0.997052, -0.052450, -0.024975, 0.998911, -0.039410, -0.069059, 0.000000, 0.000000, 0.000000, 1.000000
1.5100, -20.0556, 0.9272, 353.5463, 425.0463, 52.5556, 256.1463, 14.7816, -52.2480, -69.1040, -0.199566, 0.979647, -0.021560, -0.020056, -0.979674, -0.199018, 0.025111, 0.000927, 0.020309, 0.026133, 0.999452, 0.353546, 0.000000, 0.000000, 0.000000, 1.000000, 0.020309, 0.026133, 0.999452, 0.425046, 0.199566, -0.979647, 0.021560, 0.052556, 0.979674, 0.199018, -0.025111, 0.256146, 0.000000, 0.000000, 0.000000, 1.000000, -0.997884, -0.022945, 0.060835, 0.014782, 0.059871, 0.040602, 0.997380, -0.052248, -0.025355, 0.998912, -0.039142, -0.069104, 0.000000, 0.000000, 0.000000, 1.000000
1.6886, -20.0844, 1.4288, 353.4314, 424.9314, 52.5844, 255.6446, 14.6983, -52.6386, -69.1935, -0.201254, 0.979538, -0.001449, -0.020084, -0.979430, -0.201209, 0.015242, 0.001429, 0.014639, 0.004487, 0.999883, 0.353431, 0.000000, 0.000000, 0.000000, 1.000000, 0.014639, 0.004487, 0.999883, 0.424931, 0.201254, -0.979538, 0.001449, 0.052584, 0.979430, 0.201209, -0.015242, 0.255645, 0.000000, 0.000000, 0.000000, 1.000000, -0.998223, -0.023151, 0.054900, 0.014698, 0.054433, 0.020354, 0.998310, -0.052639, -0.024230, 0.999525, -0.019057, -0.069194, 0.000000, 0.000000, 0.000000, 1.000000
1.8323, -20.0021, 1.8530, 353.7149, 425.2149, 52.5021, 255.2204, 14.6853, -52.5775, -69.1720, -0.204586, 0.978639, -0.020253, -0.020002, -0.978355, -0.203782, 0.035989, 0.001853, 0.031093, 0.027177, 0.999147, 0.353715, 0.000000, 0.000000, 0.000000, 1.000000, 0.031093, 0.027177, 0.999147, 0.425215, 0.204586, -0.978639, 0.020253, 0.052502, 0.978355, 0.203782, -0.035989, 0.255220, 0.000000, 0.000000, 0.000000, 1.000000, -0.997144, -0.022647, 0.072049, 0.014685, 0.070999, 0.044161, 0.996498, -0.052577, -0.025750, 0.998768, -0.042427, -0.069172, 0.000000, 0.000000, 0.000000, 1.000000
2.0221, -20.0056, 2.4055, 353.9553, 425.4553, 52.5056, 254.6680, 14.6356, -52.6311, -69.2519, -0.206295, 0.978450, -0.008837, -0.020006, -0.978338, -0.206095, 0.019506, 0.002405, 0.017264, 0.012669, 0.999771, 0.353955, 0.000000, 0.000000, 0.000000, 1.000000, 0.017264, 0.012669, 0.999771, 0.425455, 0.206295, -0.978450, 0.008837, 0.052506, 0.978338, 0.206095, -0.019506, 0.254668, 0.000000, 0.000000, 0.000000, 1.000000, -0.998054, -0.022528, 0.058142, 0.014636, 0.057428, 0.031132, 0.997864, -0.052631, -0.024290, 0.999261, -0.029777, -0.069252, 0.000000, 0.000000, 0.000000, 1.000000
2.1608, -19.9725, 2.8905, 354.2501, 425.7501, 52.4725, 254.1829, 14.6894, -52.5550, -69.2936, -0.209003, 0.977878, -0.008454, -0.019972, -0.977727, -0.208786, 0.021392, 0.002891, 0.019153, 0.012737, 0.999735, 0.354250, 0.000000, 0.000000, 0.000000, 1.000000, 0.019153, 0.012737, 0.999735, 0.425750, 0.209003, -0.977878, 0.008454, 0.052472, 0.977727, 0.208786, -0.021392, 0.254183, 0.000000, 0.000000, 0.000000, 1.000000, -0.997918, -0.023073, 0.060223, 0.014689, 0.059463, 0.032310, 0.997708, -0.052555, -0.024966, 0.999212, -0.030870, -0.069294, 0.000000, 0.000000, 0.000000, 1.000000
2.3440, -19.9380, 3.4251, 354.4221, 425.9221, 52.4380, 253.6483, 14.6455, -52.6675, -69.3360, -0.211377, 0.977386, -0.005963, -0.019938, -0.977405, -0.211373, 0.001329, 0.003425, 0.000038, 0.006109, 0.999981, 0.354422, 0.000000, 0.000000, 0.000000, 1.000000, 0.000038, 0.006109, 0.999981, 0.425922, 0.211377, -0.977386, 0.005963, 0.052438, 0.977405, 0.211373, -0.001329, 0.253648, 0.000000, 0.000000, 0.000000, 1.000000, -0.998884, -0.023068, 0.041212, 0.014645, 0.040582, 0.027117, 0.998808, -0.052668, -0.024158, 0.999366, -0.026151, -0.069336, 0.000000, 0.000000, 0.000000, 1.000000
2.5189, -19.9387, 3.8811, 354.7390, 426.2390, 52.4387, 253.1924, 14.5503, -52.6205, -69.4038, -0.214394, 0.976737, -0.004464, -0.019939, -0.976721, -0.214353, 0.008336, 0.003881, 0.007185, 0.006147, 0.999955, 0.354739, 0.000000, 0.000000, 0.000000, 1.000000, 0.007185, 0.006147, 0.999955, 0.426239, 0.214394, -0.976737, 0.004464, 0.052439, 0.976721, 0.214353, -0.008336, 0.253192, 0.000000, 0.000000, 0.000000, 1.000000, -0.998547, -0.023338, 0.048562, 0.014550, 0.047890, 0.028541, 0.998445, -0.052620, -0.024688, 0.999320, -0.027382, -0.069404, 0.000000, 0.000000, 0.000000, 1.000000
2.6908, -19.8689, 4.3476, 354.8981, 426.3981, 52.3689, 252.7258, 14.4817, -52.7266, -69.4028, -0.217156, 0.976020, -0.015108, -0.019869, -0.976107, -0.217001, 0.011223, 0.004348, 0.007675, 0.017184, 0.999823, 0.354898, 0.000000, 0.000000, 0.000000, 1.000000, 0.007675, 0.017184, 0.999823, 0.426398, 0.217156, -0.976020, 0.015108, 0.052369, 0.976107, 0.217001, -0.011223, 0.252726, 0.000000, 0.000000, 0.000000, 1.000000, -0.998511, -0.022890, 0.049519, 0.014482, 0.048555, 0.040913, 0.997982, -0.052727, -0.024869, 0.998901, -0.039740, -0.069403, 0.000000, 0.000000, 0.000000, 1.000000
2.8369, -19.8288, 4.8154, 355.0202, 426.5202, 52.3288, 252.2580, 14.4882, -52.8338, -69.4352, -0.219749, 0.975519, -0.008543, -0.019829, -0.975510, -0.219645, 0.011657, 0.004815, 0.009495, 0.010895, 0.999896, 0.355020, 0.000000, 0.000000, 0.000000, 1.000000, 0.009495, 0.010895, 0.999896, 0.426520, 0.219749, -0.975519, 0.008543, 0.052329, 0.975510, 0.219645, -0.011657, 0.252258, 0.000000, 0.000000, 0.000000, 1.000000, -0.998402, -0.023519, 0.051378, 0.014488, 0.050519, 0.035797, 0.998081, -0.052834, -0.025313, 0.999082, -0.034551, -0.069435, 0.000000, 0.000000, 0.000000, 1.000000
3.0006, -19.7667, 5.3080, 355.3933, 426.8933, 52.2667, 251.7655, 14.4781, -52.7161, -69.4557, -0.221444, 0.974976, -0.019584, -0.019767, -0.975167, -0.221468, 0.000992, 0.005308, -0.003370, 0.019317, 0.999808, 0.355393, 0.000000, 0.000000, 0.000000, 1.000000, -0.003370, 0.019317, 0.999808, 0.426893, 0.221444, -0.974976, 0.019584, 0.052267, 0.975167, 0.221468, -0.000992, 0.251765, 0.000000, 0.000000, 0.000000, 1.000000, -0.998990, -0.022461, 0.038906, 0.014478, 0.037855, 0.045463, 0.998249, -0.052716, -0.024191, 0.998713, -0.044567, -0.069456, 0.000000, 0.000000, 0.000000, 1.000000
3.1581, -19.7285, 5.7592, 355.5048, 427.0048, 52.2285, 251.3143, 14.4312, -52.8498, -69.4872, -0.225090, 0.974277, -0.010865, -0.019728, -0.974309, -0.224984, 0.010199, 0.005759, 0.007492, 0.012881, 0.999889, 0.355505, 0.000000, 0.000000, 0.000000, 1.000000, 0.007492, 0.012881, 0.999889, 0.427005, 0.225090, -0.974277, 0.010865, 0.052228, 0.974309, 0.224984, -0.010199, 0.251314, 0.000000, 0.000000, 0.000000, 1.000000, -0.998475, -0.023811, 0.049808, 0.014431, 0.048822, 0.040321, 0.997993, -0.052850, -0.025771, 0.998903, -0.039097, -0.069487, 0.000000, 0.000000, 0.000000, 1.000000
3.3695, -19.6726, 6.1282, 355.6601, 427.1601, 52.1726, 250.9452, 14.1384, -53.0123, -69.4786, -0.228329, 0.973366, -0.020591, -0.019673, -0.973142, -0.227537, 0.034960, 0.006128, 0.029344, 0.028020, 0.999177, 0.355660, 0.000000, 0.000000, 0.000000, 1.000000, 0.029344, 0.028020, 0.999177, 0.427160, 0.228329, -0.973366, 0.020591, 0.052173, 0.973142, 0.227537, -0.034960, 0.250945, 0.000000, 0.000000, 0.000000, 1.000000, -0.997136, -0.022498, 0.072199, 0.014138, 0.070818, 0.057066, 0.995856, -0.053012, -0.026525, 0.998117, -0.055310, -0.069479, 0.000000, 0.000000, 0.000000, 1.000000
3.5013, -19.6724, 6.6977, 355.7698, 427.2698, 52.1724, 250.3758, 14.2802, -53.1179, -69.5773, -0.229988, 0.973189, -0.002935, -0.019672, -0.973154, -0.229950, 0.009749, 0.006698, 0.008812, 0.005098, 0.999948, 0.355770, 0.000000, 0.000000, 0.000000, 1.000000, 0.008812, 0.005098, 0.999948, 0.427270, 0.229988, -0.973189, 0.002935, 0.052172, 0.973154, 0.229950, -0.009749, 0.250376, 0.000000, 0.000000, 0.000000, 1.000000, -0.998399, -0.023770, 0.051327, 0.014280, 0.050472, 0.035235, 0.998104, -0.053118, -0.025534, 0.999096, -0.033979, -0.069577, 0.000000, 0.000000, 0.000000, 1.000000
3.6624, -19.5760, 7.2199, 356.2384, 427.7384, 52.0760, 249.8536, 14.3181, -52.9027, -69.5800, -0.231464, 0.972529, -0.024730, -0.019576, -0.972806, -0.231603, -0.002865, 0.007220, -0.008514, 0.023395, 0.999690, 0.356238, 0.000000, 0.000000, 0.000000, 1.000000, -0.008514, 0.023395, 0.999690, 0.427738, 0.231464, -0.972529, 0.024730, 0.052076, 0.972806, 0.231603, 0.002865, 0.249854, 0.000000, 0.000000, 0.000000, 1.000000, -0.999155, -0.022188, 0.034606, 0.014318, 0.033348, 0.054733, 0.997944, -0.052903, -0.024036, 0.998254, -0.053947, -0.069580, 0.000000, 0.000000, 0.000000, 1.000000
3.8454, -19.5514, 7.6915, 356.4836, 427.9836, 52.0514, 249.3819, 14.2121, -52.9414, -69.6340, -0.235055, 0.971926, -0.010423, -0.019551, -0.971982, -0.235038, 0.002881, 0.007692, 0.000350, 0.010809, 0.999942, 0.356484, 0.000000, 0.000000, 0.000000, 1.000000, 0.000350, 0.010809, 0.999942, 0.427984, 0.235055, -0.971926, 0.010423, 0.052051, 0.971982, 0.235038, -0.002881, 0.249382, 0.000000, 0.000000, 0.000000, 1.000000, -0.998787, -0.023299, 0.043385, 0.014212, 0.042339, 0.043636, 0.998150, -0.052941, -0.025149, 0.998776, -0.042596, -0.069634, 0.000000, 0.000000, 0.000000, 1.000000
4.0120, -19.4328, 8.1697, 356.7700, 428.2700, 51.9328, 248.9037, 14.1868, -52.9137, -69.6028, -0.237224, 0.970827, -0.034913, -0.019433, -0.971437, -0.237285, 0.002445, 0.008170, -0.005910, 0.034496, 0.999387, 0.356770, 0.000000, 0.000000, 0.000000, 1.000000, -0.005910, 0.034496, 0.999387, 0.428270, 0.237224, -0.970827, 0.034913, 0.051933, 0.971437, 0.237285, -0.002445, 0.248904, 0.000000, 0.000000, 0.000000, 1.000000, -0.999041, -0.022065, 0.037829, 0.014187, 0.036237, 0.068572, 0.996988, -0.052914, -0.024593, 0.997402, -0.067707, -0.069603, 0.000000, 0.000000, 0.000000, 1.000000
4.1957, -19.4509, 8.6376, 356.7015, 428.2015, 51.9509, 248.4359, 14.0514, -53.2678, -69.6894, -0.240390, 0.970671, -0.003283, -0.019451, -0.970571, -0.240312, 0.015553, 0.008638, 0.014308, 0.006925, 0.999874, 0.356702, 0.000000, 0.000000, 0.000000, 1.000000, 0.014308, 0.006925, 0.999874, 0.428202, 0.240390, -0.970671, 0.003283, 0.051951, 0.970571, 0.240312, -0.015553, 0.248436, 0.000000, 0.000000, 0.000000, 1.000000, -0.998068, -0.023320, 0.057597, 0.014051, 0.056570, 0.042512, 0.997493, -0.053268, -0.025710, 0.998824, -0.041110, -0.069689, 0.000000, 0.000000, 0.000000, 1.000000
4.3528, -19.4293, 9.0683, 356.8891, 428.3891, 51.9293, 248.0051, 13.9844, -53.3256, -69.7431, -0.242947, 0.970017, 0.006585, -0.019429, -0.969840, -0.243030, 0.018646, 0.009068, 0.019687, -0.001856, 0.999804, 0.356889, 0.000000, 0.000000, 0.000000, 1.000000, 0.019687, -0.001856, 0.999804, 0.428389, 0.242947, -0.970017, -0.006585, 0.051929, 0.969840, 0.243030, -0.018646, 0.248005, 0.000000, 0.000000, 0.000000, 1.000000, -0.997731, -0.023998, 0.062910, 0.013984, 0.062051, 0.034995, 0.997459, -0.053326, -0.026139, 0.999099, -0.033426, -0.069743, 0.000000, 0.000000, 0.000000, 1.000000
4.5615, -19.3613, 9.5986, 357.2259, 428.7259, 51.8613, 247.4749, 13.8655, -53.3125, -69.7718, -0.245690, 0.969342, 0.003549, -0.019361, -0.969343, -0.245699, 0.002424, 0.009599, 0.003222, -0.002844, 0.999991, 0.357226, 0.000000, 0.000000, 0.000000, 1.000000, 0.003222, -0.002844, 0.999991, 0.428726, 0.245690, -0.969342, -0.003549, 0.051861, 0.969343, 0.245699, -0.002424, 0.247475, 0.000000, 0.000000, 0.000000, 1.000000, -0.998635, -0.023478, 0.046667, 0.013865, 0.045814, 0.035631, 0.998314, -0.053312, -0.025101, 0.999089, -0.034506, -0.069772, 0.000000, 0.000000, 0.000000, 1.000000
4.6927, -19.3392, 10.0886, 357.4450, 428.9450, 51.8392, 246.9849, 13.9396, -53.3054, -69.8461, -0.248403, 0.968611, 0.009428, -0.019339, -0.968652, -0.248420, 0.000604, 0.010089, 0.002927, -0.008982, 0.999955, 0.357445, 0.000000, 0.000000, 0.000000, 1.000000, 0.002927, -0.008982, 0.999955, 0.428945, 0.248403, -0.968611, -0.009428, 0.051839, 0.968652, 0.248420, -0.000604, 0.246985, 0.000000, 0.000000, 0.000000, 1.000000, -0.998626, -0.024476, 0.046341, 0.013940, 0.045586, 0.030567, 0.998493, -0.053305, -0.025856, 0.999233, -0.029409, -0.069846, 0.000000, 0.000000, 0.000000, 1.000000
4.8237, -19.2960, 10.5326, 357.6007, 429.1007, 51.7960, 246.5409, 13.9710, -53.3587, -69.8884, -0.250081, 0.968184, 0.008922, -0.019296, -0.968200, -0.250130, 0.004782, 0.010533, 0.006862, -0.007443, 0.999949, 0.357601, 0.000000, 0.000000, 0.000000, 1.000000, 0.006862, -0.007443, 0.999949, 0.429101, 0.250081, -0.968184, -0.008922, 0.051796, 0.968200, 0.250130, -0.004782, 0.246541, 0.000000, 0.000000, 0.000000, 1.000000, -0.998437, -0.024092, 0.050435, 0.013971, 0.049625, 0.033124, 0.998218, -0.053359, -0.025720, 0.999161, -0.031877, -0.069888, 0.000000, 0.000000, 0.000000, 1.000000
5.0142, -19.2471, 10.9884, 357.6194, 429.1194, 51.7471, 246.0851, 13.8191, -53.6344, -69.9136, -0.252890, 0.967314, 0.018736, -0.019247, -0.967459, -0.253000, 0.003746, 0.010988, 0.008364, -0.017179, 0.999817, 0.357619, 0.000000, 0.000000, 0.000000, 1.000000, 0.008364, -0.017179, 0.999817, 0.429119, 0.252890, -0.967314, -0.018736, 0.051747, 0.967459, 0.253000, -0.003746, 0.246085, 0.000000, 0.000000, 0.000000, 1.000000, -0.998353, -0.024487, 0.051878, 0.013819, 0.051269, 0.024902, 0.998374, -0.053634, -0.025739, 0.999390, -0.023606, -0.069914, 0.000000, 0.000000, 0.000000, 1.000000
5.1915, -19.1397, 11.4671, 358.0544, 429.5544, 51.6397, 245.6063, 13.7628, -53.4755, -69.9077, -0.255697, 0.966741, 0.005464, -0.019140, -0.966755, -0.255704, 0.000615, 0.011467, 0.001992, -0.005125, 0.999985, 0.358054, 0.000000, 0.000000, 0.000000, 1.000000, 0.001992, -0.005125, 0.999985, 0.429554, 0.255697, -0.966741, -0.005464, 0.051640, 0.966755, 0.255704, -0.000615, 0.245606, 0.000000, 0.000000, 0.000000, 1.000000, -0.998657, -0.023903, 0.045977, 0.013763, 0.045040, 0.038338, 0.998249, -0.053476, -0.025624, 0.998979, -0.037210, -0.069908, 0.000000, 0.000000, 0.000000, 1.000000
5.3662, -19.1051, 11.9385, 358.1686, 429.6686, 51.6051, 245.1350, 13.6769, -53.6349, -69.9592, -0.258671, 0.965853, 0.014711, -0.019105, -0.965953, -0.258715, 0.001127, 0.011938, 0.004895, -0.013919, 0.999891, 0.358169, 0.000000, 0.000000, 0.000000, 1.000000, 0.004895, -0.013919, 0.999891, 0.429669, 0.258671, -0.965853, -0.014711, 0.051605, 0.965953, 0.258715, -0.001127, 0.245135, 0.000000, 0.000000, 0.000000, 1.000000, -0.998504, -0.024651, 0.048815, 0.013677, 0.048044, 0.030952, 0.998366, -0.053635, -0.026121, 0.999217, -0.029721, -0.069959, 0.000000, 0.000000, 0.000000, 1.000000
5.5237, -19.0189, 12.4056, 358.7542, 430.2542, 51.5189, 244.6679, 13.6744, -53.2979, -69.9846, -0.260375, 0.965501, -0.003715, -0.019019, -0.965453, -0.260317, 0.011635, 0.012406, 0.010267, 0.006616, 0.999925, 0.358754, 0.000000, 0.000000, 0.000000, 1.000000, 0.010267, 0.006616, 0.999925, 0.430254, 0.260375, -0.965501, 0.003715, 0.051519, 0.965453, 0.260317, -0.011635, 0.244668, 0.000000, 0.000000, 0.000000, 1.000000, -0.998235, -0.022878, 0.054807, 0.013674, 0.053542, 0.052656, 0.997176, -0.053298, -0.025699, 0.998351, -0.051338, -0.069985, 0.000000, 0.000000, 0.000000, 1.000000
5.6975, -18.9583, 12.9293, 358.6695, 430.1695, 51.4583, 244.1441, 13.6389, -53.6571, -70.0169, -0.262792, 0.964849, 0.002361, -0.018958, -0.964835, -0.262772, -0.006668, 0.012929, -0.005813, -0.004030, 0.999975, 0.358669, 0.000000, 0.000000, 0.000000, 1.000000, -0.005813, -0.004030, 0.999975, 0.430169, 0.262792, -0.964849, -0.002361, 0.051458, 0.964835, 0.262772, 0.006668, 0.244144, 0.000000, 0.000000, 0.000000, 1.000000, -0.998985, -0.023128, 0.038651, 0.013639, 0.037622, 0.043394, 0.998349, -0.053657, -0.024767, 0.998790, -0.042480, -0.070017, 0.000000, 0.000000, 0.000000, 1.000000
5.8652, -18.8606, 13.3629, 359.1399, 430.6399, 51.3606, 243.7105, 13.5691, -53.4475, -70.0198, -0.266050, 0.963959, -0.000291, -0.018861, -0.963878, -0.266024, 0.013023, 0.013363, 0.012476, 0.003745, 0.999915, 0.359140, 0.000000, 0.000000, 0.000000, 1.000000, 0.012476, 0.003745, 0.999915, 0.430640, 0.266050, -0.963959, 0.000291, 0.051361, 0.963878, 0.266024, -0.013023, 0.243711, 0.000000, 0.000000, 0.000000, 1.000000, -0.998084, -0.023485, 0.057235, 0.013569, 0.055940, 0.052507, 0.997053, -0.053447, -0.026421, 0.998344, -0.051093, -0.070020, 0.000000, 0.000000, 0.000000, 1.000000
6.0260, -18.8245, 13.8468, 359.1212, 430.6212, 51.3245, 243.2266, 13.5328, -53.7215, -70.0737, -0.268497, 0.963173, 0.014392, -0.018825, -0.963246, -0.268585, 0.004514, 0.013847, 0.008214, -0.012651, 0.999886, 0.359121, 0.000000, 0.000000, 0.000000, 1.000000, 0.008214, -0.012651, 0.999886, 0.430621, 0.268497, -0.963173, -0.014392, 0.051325, 0.963246, 0.268585, -0.004514, 0.243227, 0.000000, 0.000000, 0.000000, 1.000000, -0.998313, -0.024337, 0.052717, 0.013533, 0.051786, 0.037418, 0.997957, -0.053721, -0.026260, 0.999003, -0.036095, -0.070074, 0.000000, 0.000000, 0.000000, 1.000000
6.1967, -18.7895, 14.2962, 359.4236, 430.9236, 51.2895, 242.7773, 13.4454, -53.6876, -70.1352, -0.270758, 0.962531, 0.014959, -0.018789, -0.962485, -0.270965, 0.014139, 0.014296, 0.017662, -0.010570, 0.999788, 0.359424, 0.000000, 0.000000, 0.000000, 1.000000, 0.017662, -0.010570, 0.999788, 0.430924, 0.270758, -0.962531, -0.014959, 0.051289, 0.962485, 0.270965, -0.014139, 0.242777, 0.000000, 0.000000, 0.000000, 1.000000, -0.997767, -0.023996, 0.062336, 0.013445, 0.061324, 0.040835, 0.997282, -0.053688, -0.026477, 0.998878, -0.039272, -0.070135, 0.000000, 0.000000, 0.000000, 1.000000
6.3626, -18.7028, 14.7961, 359.4790, 430.9790, 51.2028, 242.2774, 13.4236, -53.8944, -70.1489, -0.273115, 0.961831, 0.016995, -0.018703, -0.961981, -0.273077, -0.004564, 0.014796, 0.000251, -0.017595, 0.999845, 0.359479, 0.000000, 0.000000, 0.000000, 1.000000, 0.000251, -0.017595, 0.999845, 0.430979, 0.273115, -0.961831, -0.016995, 0.051203, 0.961981, 0.273077, 0.004564, 0.242277, 0.000000, 0.000000, 0.000000, 1.000000, -0.998705, -0.023896, 0.044919, 0.013424, 0.044065, 0.035113, 0.998411, -0.053894, -0.025435, 0.999098, -0.034015, -0.070149, 0.000000, 0.000000, 0.000000, 1.000000
6.5452, -18.6047, 15.2817, 359.8288, 431.3288, 51.1047, 241.7918, 13.3511, -53.8301, -70.1615, -0.276062, 0.961098, 0.008957, -0.018605, -0.961140, -0.276055, -0.002032, 0.015282, 0.000520, -0.009170, 0.999958, 0.359829, 0.000000, 0.000000, 0.000000, 1.000000, 0.000520, -0.009170, 0.999958, 0.431329, 0.276062, -0.961098, -0.008957, 0.051105, 0.961140, 0.276055, 0.002032, 0.241792, 0.000000, 0.000000, 0.000000, 1.000000, -0.998683, -0.023681, 0.045514, 0.013351, 0.044416, 0.044975, 0.998000, -0.053830, -0.025681, 0.998707, -0.043864, -0.070162, 0.000000, 0.000000, 0.000000, 1.000000
6.6731, -18.5415, 15.7303, 360.1734, 431.6734, 51.0415, 241.3431, 13.4076, -53.6925, -70.2097, -0.278314, 0.960477, 0.005021, -0.018542, -0.960483, -0.278289, -0.005191, 0.015730, -0.003589, -0.006268, 0.999974, 0.360173, 0.000000, 0.000000, 0.000000, 1.000000, -0.003589, -0.006268, 0.999974, 0.431673, 0.278314, -0.960477, -0.005021, 0.051042, 0.960483, 0.278289, 0.005191, 0.241343, 0.000000, 0.000000, 0.000000, 1.000000, -0.998851, -0.023834, 0.041577, 0.013408, 0.040375, 0.048895, 0.997988, -0.053692, -0.025819, 0.998520, -0.047876, -0.070210, 0.000000, 0.000000, 0.000000, 1.000000
6.8662, -18.4771, 16.1876, 360.2805, 431.7805, 50.9771, 240.8858, 13.2538, -53.8857, -70.2359, -0.281053, 0.959658, 0.008076, -0.018477, -0.959692, -0.281048, -0.001736, 0.016188, 0.000604, -0.008238, 0.999966, 0.360281, 0.000000, 0.000000, 0.000000, 1.000000, 0.000604, -0.008238, 0.999966, 0.431781, 0.281053, -0.959658, -0.008076, 0.050977, 0.959692, 0.281048, 0.001736, 0.240886, 0.000000, 0.000000, 0.000000, 1.000000, -0.998666, -0.023730, 0.045856, 0.013254, 0.044666, 0.048447, 0.997827, -0.053886, -0.025900, 0.998544, -0.047322, -0.070236, 0.000000, 0.000000, 0.000000, 1.000000
7.0025, -18.3682, 16.6386, 360.5766, 432.0766, 50.8682, 240.4348, 13.2956, -53.8070, -70.2391, -0.283415, 0.958995, -0.002071, -0.018368, -0.958997, -0.283415, 0.000069, 0.016639, -0.000521, 0.002006, 0.999998, 0.360577, 0.000000, 0.000000, 0.000000, 1.000000, -0.000521, 0.002006, 0.999998, 0.432077, 0.283415, -0.958995, 0.002071, 0.050868, 0.958997, 0.283415, -0.000069, 0.240435, 0.000000, 0.000000, 0.000000, 1.000000, -0.998706, -0.023555, 0.045067, 0.013296, 0.043593, 0.059755, 0.997261, -0.053807, -0.026183, 0.997935, -0.058651, -0.070239, 0.000000, 0.000000, 0.000000, 1.000000
7.1679, -18.3337, 17.1164, 360.7627, 432.2627, 50.8337, 239.9570, 13.2454, -53.8848, -70.3111, -0.286191, 0.957989, 0.018750, -0.018334, -0.958132, -0.286304, 0.003583, 0.017116, 0.008800, -0.016940, 0.999818, 0.360763, 0.000000, 0.000000, 0.000000, 1.000000, 0.008800, -0.016940, 0.999818, 0.432263, 0.286191, -0.957989, -0.018750, 0.050834, 0.958132, 0.286304, -0.003583, 0.239957, 0.000000, 0.000000, 0.000000, 1.000000, -0.998231, -0.024838, 0.054024, 0.013245, 0.052946, 0.042179, 0.997706, -0.053885, -0.027060, 0.998801, -0.040790, -0.070311, 0.000000, 0.000000, 0.000000, 1.000000
7.3455, -18.2869, 17.5951, 360.9457, 432.4457, 50.7869, 239.4784, 13.1601, -53.9826, -70.3702, -0.288520, 0.957163, 0.024390, -0.018287, -0.957459, -0.288563, -0.001826, 0.017595, 0.005290, -0.023879, 0.999701, 0.360946, 0.000000, 0.000000, 0.000000, 1.000000, 0.005290, -0.023879, 0.999701, 0.432446, 0.288520, -0.957163, -0.024390, 0.050787, 0.957459, 0.288563, 0.001826, 0.239478, 0.000000, 0.000000, 0.000000, 1.000000, -0.998419, -0.024732, 0.050471, 0.013160, 0.049547, 0.036637, 0.998100, -0.053983, -0.026534, 0.999023, -0.035353, -0.070370, 0.000000, 0.000000, 0.000000, 1.000000
7.5083, -18.1605, 18.0858, 361.0931, 432.5931, 50.6605, 238.9876, 13.1527, -54.0924, -70.3578, -0.291303, 0.956486, 0.016637, -0.018161, -0.956630, -0.291236, -0.006376, 0.018086, -0.001254, -0.017773, 0.999841, 0.361093, 0.000000, 0.000000, 0.000000, 1.000000, -0.001254, -0.017773, 0.999841, 0.432593, 0.291303, -0.956486, -0.016637, 0.050661, 0.956630, 0.291236, 0.006376, 0.238988, 0.000000, 0.000000, 0.000000, 1.000000, -0.998720, -0.024621, 0.044183, 0.013153, 0.043070, 0.044029, 0.998101, -0.054092, -0.026519, 0.998727, -0.042912, -0.070358, 0.000000, 0.000000, 0.000000, 1.000000
7.6988, -18.1049, 18.5687, 361.2797, 432.7797, 50.6049, 238.5048, 13.0331, -54.2053, -70.4099, -0.293715, 0.955655, 0.021315, -0.018105, -0.955887, -0.293719, -0.003002, 0.018569, 0.003392, -0.021256, 0.999768, 0.361280, 0.000000, 0.000000, 0.000000, 1.000000, 0.003392, -0.021256, 0.999768, 0.432780, 0.293715, -0.955655, -0.021315, 0.050605, 0.955887, 0.293719, 0.003002, 0.238505, 0.000000, 0.000000, 0.000000, 1.000000, -0.998508, -0.024369, 0.048856, 0.013033, 0.047804, 0.042041, 0.997972, -0.054205, -0.026374, 0.998819, -0.040813, -0.070410, 0.000000, 0.000000, 0.000000, 1.000000
7.8574, -18.0407, 19.0588, 361.3307, 432.8307, 50.5407, 238.0147, 13.0164, -54.4086, -70.4542, -0.296850, 0.954307, 0.034340, -0.018041, -0.954920, -0.296552, -0.013585, 0.019059, -0.002781, -0.036824, 0.999318, 0.361331, 0.000000, 0.000000, 0.000000, 1.000000, -0.002781, -0.036824, 0.999318, 0.432831, 0.296850, -0.954307, -0.034340, 0.050541, 0.954920, 0.296552, 0.013585, 0.238015, 0.000000, 0.000000, 0.000000, 1.000000, -0.998772, -0.025657, 0.042383, 0.013016, 0.041668, 0.027773, 0.998745, -0.054409, -0.026802, 0.999285, -0.026670, -0.070454, 0.000000, 0.000000, 0.000000, 1.000000
8.0288, -17.9148, 19.5322, 361.6502, 433.1502, 50.4148, 237.5412, 12.9725, -54.3585, -70.4506, -0.298837, 0.954115, 0.019018, -0.017915, -0.954247, -0.298542, -0.016863, 0.019532, -0.010411, -0.023187, 0.999677, 0.361650, 0.000000, 0.000000, 0.000000, 1.000000, -0.010411, -0.023187, 0.999677, 0.433150, 0.298837, -0.954115, -0.019018, 0.050415, 0.954247, 0.298542, 0.016863, 0.237541, 0.000000, 0.000000, 0.000000, 1.000000, -0.999085, -0.024272, 0.035219, 0.012972, 0.034160, 0.042717, 0.998503, -0.054359, -0.025741, 0.998792, -0.041849, -0.070451, 0.000000, 0.000000, 0.000000, 1.000000
8.1940, -17.8469, 20.0045, 362.0410, 433.5410, 50.3469, 237.0689, 12.9342, -54.2317, -70.5100, -0.301424, 0.953289, 0.019575, -0.017847, -0.953475, -0.301243, -0.011724, 0.020005, -0.005279, -0.022198, 0.999740, 0.362041, 0.000000, 0.000000, 0.000000, 1.000000, -0.005279, -0.022198, 0.999740, 0.433541, 0.301424, -0.953289, -0.019575, 0.050347, 0.953475, 0.301243, 0.011724, 0.237069, 0.000000, 0.000000, 0.000000, 1.000000, -0.998883, -0.024423, 0.040455, 0.012934, 0.039327, 0.045022, 0.998212, -0.054232, -0.026201, 0.998687, -0.044011, -0.070510, 0.000000, 0.000000, 0.000000, 1.000000
8.3780, -17.7733, 20.4874, 362.3267, 433.8267, 50.2733, 236.5860, 12.8433, -54.2369, -70.5581, -0.304023, 0.952430, 0.021158, -0.017773, -0.952656, -0.303848, -0.011113, 0.020487, -0.004156, -0.023535, 0.999714, 0.362327, 0.000000, 0.000000, 0.000000, 1.000000, -0.004156, -0.023535, 0.999714, 0.433827, 0.304023, -0.952430, -0.021158, 0.050273, 0.952656, 0.303848, 0.011113, 0.236586, 0.000000, 0.000000, 0.000000, 1.000000, -0.998837, -0.024304, 0.041637, 0.012843, 0.040510, 0.045135, 0.998159, -0.054237, -0.026139, 0.998685, -0.044098, -0.070558, 0.000000, 0.000000, 0.000000, 1.000000
8.5335, -17.6753, 20.9050, 362.3543, 433.8543, 50.1753, 236.1685, 12.7743, -54.4536, -70.5535, -0.306694, 0.951392, 0.028133, -0.017675, -0.951785, -0.306344, -0.016114, 0.020905, -0.006713, -0.031718, 0.999474, 0.362354, 0.000000, 0.000000, 0.000000, 1.000000, -0.006713, -0.031718, 0.999474, 0.433854, 0.306694, -0.951392, -0.028133, 0.050175, 0.951785, 0.306344, 0.016114, 0.236168, 0.000000, 0.000000, 0.000000, 1.000000, -0.998931, -0.024897, 0.038957, 0.012774, 0.037990, 0.038205, 0.998547, -0.054454, -0.026350, 0.998960, -0.037219, -0.070554, 0.000000, 0.000000, 0.000000, 1.000000
8.6682, -17.6140, 21.3853, 362.6243, 434.1243, 50.1140, 235.6882, 12.8332, -54.4050, -70.6234, -0.308943, 0.950706, 0.026683, -0.017614, -0.951067, -0.308665, -0.014088, 0.021385, -0.005157, -0.029729, 0.999545, 0.362624, 0.000000, 0.000000, 0.000000, 1.000000, -0.005157, -0.029729, 0.999545, 0.434124, 0.308943, -0.950706, -0.026683, 0.050114, 0.951067, 0.308665, 0.014088, 0.235688, 0.000000, 0.000000, 0.000000, 1.000000, -0.998860, -0.025084, 0.040617, 0.012833, 0.039561, 0.041271, 0.998364, -0.054405, -0.026720, 0.998833, -0.040232, -0.070623, 0.000000, 0.000000, 0.000000, 1.000000
8.8356, -17.5193, 21.8516, 362.8058, 434.3058, 50.0193, 235.2219, 12.7792, -54.4891, -70.6464, -0.311252, 0.949998, 0.025031, -0.017519, -0.950290, -0.310898, -0.017076, 0.021852, -0.008440, -0.029102, 0.999541, 0.362806, 0.000000, 0.000000, 0.000000, 1.000000, -0.008440, -0.029102, 0.999541, 0.434306, 0.311252, -0.949998, -0.025031, 0.050019, 0.950290, 0.310898, 0.017076, 0.235222, 0.000000, 0.000000, 0.000000, 1.000000, -0.998993, -0.024737, 0.037439, 0.012779, 0.036347, 0.043210, 0.998405, -0.054489, -0.026315, 0.998760, -0.042267, -0.070646, 0.000000, 0.000000, 0.000000, 1.000000
9.0207, -17.4059, 22.3223, 362.7571, 434.2571, 49.9059, 234.7512, 12.6680, -54.8269, -70.6338, -0.314868, 0.948535, 0.033760, -0.017406, -0.949054, -0.314176, -0.024293, 0.022322, -0.012436, -0.039689, 0.999135, 0.362757, 0.000000, 0.000000, 0.000000, 1.000000, -0.012436, -0.039689, 0.999135, 0.434257, 0.314868, -0.948535, -0.033760, 0.049906, 0.949054, 0.314176, 0.024293, 0.234751, 0.000000, 0.000000, 0.000000, 1.000000, -0.999114, -0.025851, 0.033223, 0.012668, 0.032333, 0.034129, 0.998894, -0.054827, -0.026957, 0.999083, -0.033263, -0.070634, 0.000000, 0.000000, 0.000000, 1.000000
9.1791, -17.3209, 22.7691, 363.2498, 434.7498, 49.8209, 234.3043, 12.6351, -54.5878, -70.6872, -0.316577, 0.947986, 0.033203, -0.017321, -0.948566, -0.316415, -0.010146, 0.022769, 0.000887, -0.034707, 0.999397, 0.363250, 0.000000, 0.000000, 0.000000, 1.000000, 0.000887, -0.034707, 0.999397, 0.434750, 0.316577, -0.947986, -0.033203, 0.049821, 0.948566, 0.316415, 0.010146, 0.234304, 0.000000, 0.000000, 0.000000, 1.000000, -0.998584, -0.025403, 0.046750, 0.012635, 0.045703, 0.040351, 0.998140, -0.054588, -0.027242, 0.998863, -0.039133, -0.070687, 0.000000, 0.000000, 0.000000, 1.000000
9.3691, -17.2416, 23.2321, 363.4769, 434.9769, 49.7416, 233.8414, 12.5024, -54.6601, -70.7266, -0.318907, 0.947049, 0.037364, -0.017242, -0.947786, -0.318646, -0.012895, 0.023232, -0.000306, -0.039525, 0.999219, 0.363477, 0.000000, 0.000000, 0.000000, 1.000000, -0.000306, -0.039525, 0.999219, 0.434977, 0.318907, -0.947049, -0.037364, 0.049742, 0.947786, 0.318646, 0.012895, 0.233841, 0.000000, 0.000000, 0.000000, 1.000000, -0.998650, -0.025016, 0.045533, 0.012502, 0.044591, 0.037016, 0.998319, -0.054660, -0.026660, 0.999001, -0.035851, -0.070727, 0.000000, 0.000000, 0.000000, 1.000000
9.5324, -17.1239, 23.7354, 363.7850, 435.2850, 49.6239, 233.3380, 12.5091, -54.6140, -70.7541, -0.321783, 0.946366, 0.029089, -0.017124, -0.946812, -0.321586, -0.011348, 0.023735, -0.001385, -0.031193, 0.999512, 0.363785, 0.000000, 0.000000, 0.000000, 1.000000, -0.001385, -0.031193, 0.999512, 0.435285, 0.321783, -0.946366, -0.029089, 0.049624, 0.946812, 0.321586, 0.011348, 0.233338, 0.000000, 0.000000, 0.000000, 1.000000, -0.998686, -0.025041, 0.044711, 0.012509, 0.043508, 0.046650, 0.997963, -0.054614, -0.027075, 0.998597, -0.045499, -0.070754, 0.000000, 0.000000, 0.000000, 1.000000
9.6882, -17.0416, 24.1779, 363.8171, 435.3171, 49.5416, 232.8956, 12.4579, -54.8304, -70.7789, -0.324410, 0.945123, 0.038731, -0.017042, -0.945903, -0.323912, -0.018674, 0.024178, -0.005103, -0.042694, 0.999075, 0.363817, 0.000000, 0.000000, 0.000000, 1.000000, -0.005103, -0.042694, 0.999075, 0.435317, 0.324410, -0.945123, -0.038731, 0.049542, 0.945903, 0.323912, 0.018674, 0.232896, 0.000000, 0.000000, 0.000000, 1.000000, -0.998839, -0.025696, 0.040750, 0.012458, 0.039802, 0.036403, 0.998544, -0.054830, -0.027142, 0.999007, -0.035338, -0.070779, 0.000000, 0.000000, 0.000000, 1.000000
9.8701, -16.9422, 24.6790, 364.2402, 435.7402, 49.4422, 232.3945, 12.4020, -54.6980, -70.8314, -0.326906, 0.944459, 0.033611, -0.016942, -0.945055, -0.326618, -0.013868, 0.024679, -0.002120, -0.036298, 0.999339, 0.364240, 0.000000, 0.000000, 0.000000, 1.000000, -0.002120, -0.036298, 0.999339, 0.435740, 0.326906, -0.944459, -0.033611, 0.049442, 0.945055, 0.326618, 0.013868, 0.232394, 0.000000, 0.000000, 0.000000, 1.000000, -0.998713, -0.025285, 0.043960, 0.012402, 0.042814, 0.044228, 0.998104, -0.054698, -0.027181, 0.998701, -0.043089, -0.070831, 0.000000, 0.000000, 0.000000, 1.000000
10.0450, -16.8350, 25.0941, 364.3643, 435.8643, 49.3350, 231.9793, 12.2750, -54.8472, -70.8299, -0.329362, 0.943475, 0.037087, -0.016835, -0.944204, -0.329096, -0.013233, 0.025094, -0.000280, -0.039376, 0.999224, 0.364364, 0.000000, 0.000000, 0.000000, 1.000000, -0.000280, -0.039376, 0.999224, 0.435864, 0.329362, -0.943475, -0.037087, 0.049335, 0.944204, 0.329096, 0.013233, 0.231979, 0.000000, 0.000000, 0.000000, 1.000000, -0.998631, -0.025309, 0.045779, 0.012275, 0.044676, 0.042535, 0.998096, -0.054847, -0.027208, 0.998774, -0.041346, -0.070830, 0.000000, 0.000000, 0.000000, 1.000000
10.1788, -16.7420, 25.5657, 364.4352, 435.9352, 49.2420, 231.5078, 12.3263, -54.9954, -70.8638, -0.331981, 0.942178, 0.045699, -0.016742, -0.943265, -0.331261, -0.022742, 0.025566, -0.006289, -0.050657, 0.998696, 0.364435, 0.000000, 0.000000, 0.000000, 1.000000, -0.006289, -0.050657, 0.998696, 0.435935, 0.331981, -0.942178, -0.045699, 0.049242, 0.943265, 0.331261, 0.022742, 0.231508, 0.000000, 0.000000, 0.000000, 1.000000, -0.998877, -0.026172, 0.039502, 0.012326, 0.038649, 0.032338, 0.998729, -0.054995, -0.027416, 0.999134, -0.031290, -0.070864, 0.000000, 0.000000, 0.000000, 1.000000
10.3559, -16.6379, 26.0136, 364.7059, 436.2059, 49.1379, 231.0599, 12.2290, -55.0045, -70.8887, -0.333992, 0.941793, 0.038411, -0.016638, -0.942554, -0.333426, -0.020488, 0.026014, -0.006488, -0.043047, 0.999052, 0.364706, 0.000000, 0.000000, 0.000000, 1.000000, -0.006488, -0.043047, 0.999052, 0.436206, 0.333992, -0.941793, -0.038411, 0.049138, 0.942554, 0.333426, 0.020488, 0.231060, 0.000000, 0.000000, 0.000000, 1.000000, -0.998899, -0.025178, 0.039578, 0.012229, 0.038516, 0.041318, 0.998403, -0.055005, -0.026773, 0.998829, -0.040303, -0.070889, 0.000000, 0.000000, 0.000000, 1.000000
10.5203, -16.5128, 26.4755, 364.9714, 436.4714, 49.0128, 230.5980, 12.1921, -55.0004, -70.9016, -0.336534, 0.941053, 0.034130, -0.016513, -0.941607, -0.335869, -0.023823, 0.026475, -0.010956, -0.040154, 0.999133, 0.364971, 0.000000, 0.000000, 0.000000, 1.000000, -0.010956, -0.040154, 0.999133, 0.436471, 0.336534, -0.941053, -0.034130, 0.049013, 0.941607, 0.335869, 0.023823, 0.230598, 0.000000, 0.000000, 0.000000, 1.000000, -0.999067, -0.024981, 0.035227, 0.012192, 0.034065, 0.045507, 0.998383, -0.055000, -0.026543, 0.998652, -0.044614, -0.070902, 0.000000, 0.000000, 0.000000, 1.000000
10.7620, -16.4292, 26.9344, 365.1829, 436.6829, 48.9292, 230.1390, 11.8890, -55.1635, -70.9338, -0.338893, 0.939939, 0.040819, -0.016429, -0.940812, -0.338346, -0.019849, 0.026934, -0.004846, -0.045130, 0.998969, 0.365183, 0.000000, 0.000000, 0.000000, 1.000000, -0.004846, -0.045130, 0.998969, 0.436683, 0.338893, -0.939939, -0.040819, 0.048929, 0.940812, 0.338346, 0.019849, 0.230139, 0.000000, 0.000000, 0.000000, 1.000000, -0.998856, -0.024077, 0.041306, 0.011889, 0.040260, 0.042400, 0.998289, -0.055164, -0.025787, 0.998811, -0.041383, -0.070934, 0.000000, 0.000000, 0.000000, 1.000000
10.9499, -16.2823, 27.4058, 365.5195, 437.0195, 48.7823, 229.6676, 11.7956, -55.1220, -70.9333, -0.341278, 0.939250, 0.036600, -0.016282, -0.939892, -0.340516, -0.025543, 0.027406, -0.011528, -0.043117, 0.999004, 0.365520, 0.000000, 0.000000, 0.000000, 1.000000, -0.011528, -0.043117, 0.999004, 0.437020, 0.341278, -0.939250, -0.036600, 0.048782, 0.939892, 0.340516, 0.025543, 0.229668, 0.000000, 0.000000, 0.000000, 1.000000, -0.999125, -0.023272, 0.034739, 0.011796, 0.033645, 0.045868, 0.998381, -0.055122, -0.024828, 0.998676, -0.045045, -0.070933, 0.000000, 0.000000, 0.000000, 1.000000
11.0830, -16.1770, 27.8772, 365.4721, 436.9721, 48.6770, 229.1962, 11.8461, -55.3872, -70.9509, -0.344086, 0.937798, 0.046249, -0.016177, -0.938907, -0.343256, -0.025089, 0.027877, -0.007653, -0.052057, 0.998615, 0.365472, 0.000000, 0.000000, 0.000000, 1.000000, -0.007653, -0.052057, 0.998615, 0.436972, 0.344086, -0.937798, -0.046249, 0.048677, 0.938907, 0.343256, 0.025089, 0.229196, 0.000000, 0.000000, 0.000000, 1.000000, -0.998960, -0.024638, 0.038374, 0.011846, 0.037421, 0.038034, 0.998576, -0.055387, -0.026063, 0.998973, -0.037072, -0.070951, 0.000000, 0.000000, 0.000000, 1.000000
11.2206, -16.0457, 28.3621, 365.9643, 437.4643, 48.5457, 228.7113, 11.9286, -55.1213, -70.9968, -0.346170, 0.937568, 0.033662, -0.016046, -0.938080, -0.345411, -0.026409, 0.028362, -0.013133, -0.040720, 0.999084, 0.365964, 0.000000, 0.000000, 0.000000, 1.000000, -0.013133, -0.040720, 0.999084, 0.437464, 0.346170, -0.937568, -0.033662, 0.048546, 0.938080, 0.345411, 0.026409, 0.228711, 0.000000, 0.000000, 0.000000, 1.000000, -0.999160, -0.024029, 0.033208, 0.011929, 0.031963, 0.050446, 0.998215, -0.055121, -0.025661, 0.998438, -0.049636, -0.070997, 0.000000, 0.000000, 0.000000, 1.000000
11.3739, -15.9377, 28.8259, 366.0889, 437.5889, 48.4377, 228.2475, 11.9157, -55.2440, -71.0231, -0.349029, 0.935964, 0.046370, -0.015938, -0.937083, -0.348204, -0.025077, 0.028826, -0.007325, -0.052205, 0.998610, 0.366089, 0.000000, 0.000000, 0.000000, 1.000000, -0.007325, -0.052205, 0.998610, 0.437589, 0.349029, -0.935964, -0.046370, 0.048438, 0.937083, 0.348204, 0.025077, 0.228248, 0.000000, 0.000000, 0.000000, 1.000000, -0.998930, -0.025296, 0.038715, 0.011916, 0.037679, 0.040221, 0.998480, -0.055244, -0.026815, 0.998871, -0.039225, -0.071023, 0.000000, 0.000000, 0.000000, 1.000000
11.5104, -15.8416, 29.2958, 366.4081, 437.9081, 48.3416, 227.7776, 11.9679, -55.1503, -71.0852, -0.351259, 0.935369, 0.041258, -0.015842, -0.936219, -0.350398, -0.026757, 0.029296, -0.010571, -0.048025, 0.998790, 0.366408, 0.000000, 0.000000, 0.000000, 1.000000, -0.010571, -0.048025, 0.998790, 0.437908, 0.351259, -0.935369, -0.041258, 0.048342, 0.936219, 0.350398, 0.026757, 0.227778, 0.000000, 0.000000, 0.000000, 1.000000, -0.999049, -0.025197, 0.035587, 0.011968, 0.034416, 0.045484, 0.998372, -0.055150, -0.026775, 0.998647, -0.044573, -0.071085, 0.000000, 0.000000, 0.000000, 1.000000
11.7123, -15.7100, 29.7601, 366.6173, 438.1173, 48.2100, 227.3134, 11.8110, -55.2573, -71.0897, -0.353717, 0.934586, 0.037861, -0.015710, -0.935264, -0.352836, -0.028074, 0.029760, -0.012879, -0.045340, 0.998889, 0.366617, 0.000000, 0.000000, 0.000000, 1.000000, -0.012879, -0.045340, 0.998889, 0.438117, 0.353717, -0.934586, -0.037861, 0.048210, 0.935264, 0.352836, 0.028074, 0.227313, 0.000000, 0.000000, 0.000000, 1.000000, -0.999144, -0.024420, 0.033396, 0.011811, 0.032150, 0.049736, 0.998245, -0.055257, -0.026038, 0.998464, -0.048908, -0.071090, 0.000000, 0.000000, 0.000000, 1.000000
11.8683, -15.6061, 30.2114, 366.7081, 438.2081, 48.1061, 226.8620, 11.7747, -55.4174, -71.1157, -0.356392, 0.933230, 0.045463, -0.015606, -0.934245, -0.355254, -0.031320, 0.030211, -0.013078, -0.053636, 0.998475, 0.366708, 0.000000, 0.000000, 0.000000, 1.000000, -0.013078, -0.053636, 0.998475, 0.438208, 0.356392, -0.933230, -0.045463, 0.048106, 0.934245, 0.355254, 0.031320, 0.226862, 0.000000, 0.000000, 0.000000, 1.000000, -0.999142, -0.025064, 0.032977, 0.011775, 0.031888, 0.042695, 0.998579, -0.055417, -0.026436, 0.998774, -0.041859, -0.071116, 0.000000, 0.000000, 0.000000, 1.000000
12.0316, -15.4839, 30.6716, 367.0447, 438.5447, 47.9839, 226.4019, 11.7403, -55.3430, -71.1504, -0.358332, 0.932493, 0.045322, -0.015484, -0.933526, -0.357300, -0.029415, 0.030672, -0.011236, -0.052849, 0.998539, 0.367045, 0.000000, 0.000000, 0.000000, 1.000000, -0.011236, -0.052849, 0.998539, 0.438545, 0.358332, -0.932493, -0.045322, 0.047984, 0.933526, 0.357300, 0.029415, 0.226402, 0.000000, 0.000000, 0.000000, 1.000000, -0.999089, -0.024606, 0.034879, 0.011740, 0.033754, 0.044755, 0.998428, -0.055343, -0.026128, 0.998695, -0.043884, -0.071150, 0.000000, 0.000000, 0.000000, 1.000000
12.2117, -15.3556, 31.0998, 367.0668, 438.5668, 47.8556, 225.9736, 11.6088, -55.6028, -71.1361, -0.361428, 0.931101, 0.049201, -0.015356, -0.932319, -0.360199, -0.032217, 0.031100, -0.012276, -0.057515, 0.998269, 0.367067, 0.000000, 0.000000, 0.000000, 1.000000, -0.012276, -0.057515, 0.998269, 0.438567, 0.361428, -0.931101, -0.049201, 0.047856, 0.932319, 0.360199, 0.032217, 0.225974, 0.000000, 0.000000, 0.000000, 1.000000, -0.999115, -0.025161, 0.033707, 0.011609, 0.032643, 0.041535, 0.998604, -0.055603, -0.026526, 0.998820, -0.040677, -0.071136, 0.000000, 0.000000, 0.000000, 1.000000
12.3416, -15.2427, 31.5730, 367.4261, 438.9261, 47.7427, 225.5005, 11.6917, -55.4602, -71.1962, -0.364035, 0.930157, 0.047816, -0.015243, -0.931317, -0.362907, -0.030765, 0.031573, -0.011263, -0.055732, 0.998382, 0.367426, 0.000000, 0.000000, 0.000000, 1.000000, -0.011263, -0.055732, 0.998382, 0.438926, 0.364035, -0.930157, -0.047816, 0.047743, 0.931317, 0.362907, 0.030765, 0.225500, 0.000000, 0.000000, 0.000000, 1.000000, -0.999062, -0.025880, 0.034723, 0.011692, 0.033552, 0.044382, 0.998451, -0.055460, -0.027381, 0.998679, -0.043472, -0.071196, 0.000000, 0.000000, 0.000000, 1.000000
12.5235, -15.1268, 32.0290, 367.7250, 439.2250, 47.6268, 225.0444, 11.5893, -55.4510, -71.2322, -0.366356, 0.929073, 0.051061, -0.015127, -0.930441, -0.365327, -0.028541, 0.032029, -0.007863, -0.057965, 0.998288, 0.367725, 0.000000, 0.000000, 0.000000, 1.000000, -0.007863, -0.057965, 0.998288, 0.439225, 0.366356, -0.929073, -0.051061, 0.047627, 0.930441, 0.365327, 0.028541, 0.225044, 0.000000, 0.000000, 0.000000, 1.000000, -0.998943, -0.025739, 0.038079, 0.011589, 0.036934, 0.043580, 0.998367, -0.055451, -0.027356, 0.998718, -0.042583, -0.071232, 0.000000, 0.000000, 0.000000, 1.000000
12.6732, -14.9908, 32.4510, 367.8586, 439.3586, 47.4908, 224.6225, 11.5575, -55.5556, -71.2293, -0.368540, 0.928164, 0.051872, -0.014991, -0.929585, -0.367530, -0.028155, 0.032451, -0.007068, -0.058596, 0.998257, 0.367859, 0.000000, 0.000000, 0.000000, 1.000000, -0.007068, -0.058596, 0.998257, 0.439359, 0.368540, -0.928164, -0.051872, 0.047491, 0.929585, 0.367530, 0.028155, 0.224622, 0.000000, 0.000000, 0.000000, 1.000000, -0.998913, -0.025771, 0.038854, 0.011558, 0.037692, 0.044135, 0.998314, -0.055556, -0.027443, 0.998693, -0.043116, -0.071229, 0.000000, 0.000000, 0.000000, 1.000000
12.8760, -14.8823, 32.9505, 368.1467, 439.6467, 47.3823, 224.1230, 11.4255, -55.5922, -71.2839, -0.371109, 0.927201, 0.050759, -0.014882, -0.928542, -0.369980, -0.030425, 0.032950, -0.009430, -0.058422, 0.998247, 0.368147, 0.000000, 0.000000, 0.000000, 1.000000, -0.009430, -0.058422, 0.998247, 0.439647, 0.371109, -0.927201, -0.050759, 0.047382, 0.928542, 0.369980, 0.030425, 0.224123, 0.000000, 0.000000, 0.000000, 1.000000, -0.999016, -0.025172, 0.036519, 0.011426, 0.035337, 0.045892, 0.998321, -0.055592, -0.026806, 0.998629, -0.044957, -0.071284, 0.000000, 0.000000, 0.000000, 1.000000
13.0329, -14.7573, 33.4126, 368.2885, 439.7885, 47.2573, 223.6609, 11.4047, -55.7034, -71.3068, -0.374015, 0.926089, 0.049724, -0.014757, -0.927290, -0.372517, -0.036931, 0.033413, -0.015678, -0.059921, 0.998080, 0.368289, 0.000000, 0.000000, 0.000000, 1.000000, -0.015678, -0.059921, 0.998080, 0.439789, 0.374015, -0.926089, -0.049724, 0.047257, 0.927290, 0.372517, 0.036931, 0.223661, 0.000000, 0.000000, 0.000000, 1.000000, -0.999218, -0.025515, 0.030191, 0.011405, 0.029004, 0.045648, 0.998536, -0.055703, -0.026856, 0.998632, -0.044872, -0.071307, 0.000000, 0.000000, 0.000000, 1.000000
13.2155, -14.6109, 33.8528, 368.5129, 440.0129, 47.1109, 223.2206, 11.2925, -55.7661, -71.3063, -0.376037, 0.924823, 0.057430, -0.014611, -0.926564, -0.374718, -0.032639, 0.033853, -0.008666, -0.065486, 0.997816, 0.368513, 0.000000, 0.000000, 0.000000, 1.000000, -0.008666, -0.065486, 0.997816, 0.440013, 0.376037, -0.924823, -0.057430, 0.047111, 0.926564, 0.374718, 0.032639, 0.223221, 0.000000, 0.000000, 0.000000, 1.000000, -0.998990, -0.025383, 0.037076, 0.011293, 0.036002, 0.041511, 0.998489, -0.055766, -0.026883, 0.998816, -0.040556, -0.071306, 0.000000, 0.000000, 0.000000, 1.000000
13.3526, -14.5246, 34.3089, 368.7909, 440.2909, 47.0246, 222.7646, 11.3215, -55.7169, -71.3843, -0.378493, 0.923879, 0.056480, -0.014525, -0.925576, -0.377298, -0.030926, 0.034309, -0.007262, -0.063982, 0.997925, 0.368791, 0.000000, 0.000000, 0.000000, 1.000000, -0.007262, -0.063982, 0.997925, 0.440291, 0.378493, -0.923879, -0.056480, 0.047025, 0.925576, 0.377298, 0.030926, 0.222765, 0.000000, 0.000000, 0.000000, 1.000000, -0.998925, -0.025878, 0.038468, 0.011321, 0.037302, 0.044127, 0.998329, -0.055717, -0.027533, 0.998691, -0.043115, -0.071384, 0.000000, 0.000000, 0.000000, 1.000000
13.5231, -14.3738, 34.7734, 368.9363, 440.4363, 46.8738, 222.3000, 11.2678, -55.8427, -71.3850, -0.381130, 0.922803, 0.056340, -0.014374, -0.924427, -0.379509, -0.037532, 0.034773, -0.013254, -0.066387, 0.997706, 0.368936, 0.000000, 0.000000, 0.000000, 1.000000, -0.013254, -0.066387, 0.997706, 0.440436, 0.381130, -0.922803, -0.056340, 0.046874, 0.924427, 0.379509, 0.037532, 0.222300, 0.000000, 0.000000, 0.000000, 1.000000, -0.999143, -0.025735, 0.032407, 0.011268, 0.031279, 0.043059, 0.998583, -0.055843, -0.027094, 0.998741, -0.042217, -0.071385, 0.000000, 0.000000, 0.000000, 1.000000
13.6813, -14.2370, 35.2314, 369.1476, 440.6476, 46.7370, 221.8420, 11.2456, -55.8863, -71.4076, -0.383768, 0.921150, 0.064845, -0.014237, -0.923399, -0.382238, -0.035057, 0.035231, -0.007507, -0.073331, 0.997279, 0.369148, 0.000000, 0.000000, 0.000000, 1.000000, -0.007507, -0.073331, 0.997279, 0.440648, 0.383768, -0.921150, -0.064845, 0.046737, 0.923399, 0.382238, 0.035057, 0.221842, 0.000000, 0.000000, 0.000000, 1.000000, -0.998925, -0.026690, 0.037898, 0.011246, 0.036888, 0.037391, 0.998620, -0.055886, -0.028070, 0.998944, -0.036366, -0.071408, 0.000000, 0.000000, 0.000000, 1.000000
13.8529, -14.0964, 35.6761, 369.3961, 440.8961, 46.5964, 221.3974, 11.1705, -55.9112, -71.4242, -0.386131, 0.920905, 0.053263, -0.014096, -0.922329, -0.384525, -0.038077, 0.035676, -0.014584, -0.063829, 0.997854, 0.369396, 0.000000, 0.000000, 0.000000, 1.000000, -0.014584, -0.063829, 0.997854, 0.440896, 0.386131, -0.920905, -0.053263, 0.046596, 0.922329, 0.384525, 0.038077, 0.221397, 0.000000, 0.000000, 0.000000, 1.000000, -0.999186, -0.025734, 0.031073, 0.011171, 0.029806, 0.048233, 0.998391, -0.055911, -0.027191, 0.998505, -0.047427, -0.071424, 0.000000, 0.000000, 0.000000, 1.000000
14.0229, -13.9678, 36.1048, 369.5263, 441.0263, 46.4678, 220.9686, 11.0750, -56.0512, -71.4347, -0.388561, 0.919485, 0.059734, -0.013968, -0.921368, -0.387013, -0.036085, 0.036105, -0.010062, -0.069058, 0.997562, 0.369526, 0.000000, 0.000000, 0.000000, 1.000000, -0.010062, -0.069058, 0.997562, 0.441026, 0.388561, -0.919485, -0.059734, 0.046468, 0.921368, 0.387013, 0.036085, 0.220969, 0.000000, 0.000000, 0.000000, 1.000000, -0.999031, -0.026111, 0.035426, 0.011075, 0.034245, 0.044355, 0.998429, -0.056051, -0.027641, 0.998675, -0.043418, -0.071435, 0.000000, 0.000000, 0.000000, 1.000000
14.2007, -13.8369, 36.5482, 369.8935, 441.3935, 46.3369, 220.5252, 10.9807, -55.9682, -71.4745, -0.390663, 0.918349, 0.063388, -0.013837, -0.920512, -0.389249, -0.033815, 0.036548, -0.006380, -0.071559, 0.997416, 0.369894, 0.000000, 0.000000, 0.000000, 1.000000, -0.006380, -0.071559, 0.997416, 0.441394, 0.390663, -0.918349, -0.063388, 0.046337, 0.920512, 0.389249, 0.033815, 0.220525, 0.000000, 0.000000, 0.000000, 1.000000, -0.998902, -0.025901, 0.039030, 0.010981, 0.037887, 0.043245, 0.998346, -0.055968, -0.027546, 0.998729, -0.042216, -0.071474, 0.000000, 0.000000, 0.000000, 1.000000
14.3459, -13.6746, 37.0348, 370.1773, 441.6773, 46.1746, 220.0386, 11.0384, -55.9224, -71.5003, -0.392758, 0.917878, 0.056938, -0.013675, -0.919559, -0.391139, -0.037699, 0.037035, -0.012332, -0.067165, 0.997666, 0.370177, 0.000000, 0.000000, 0.000000, 1.000000, -0.012332, -0.067165, 0.997666, 0.441677, 0.392758, -0.917878, -0.056938, 0.046175, 0.919559, 0.391139, 0.037699, 0.220039, 0.000000, 0.000000, 0.000000, 1.000000, -0.999129, -0.025315, 0.033177, 0.011038, 0.031914, 0.048774, 0.998300, -0.055922, -0.026890, 0.998489, -0.047923, -0.071500, 0.000000, 0.000000, 0.000000, 1.000000
14.5226, -13.5403, 37.4651, 370.3711, 441.8711, 46.0403, 219.6083, 10.9287, -56.0088, -71.5155, -0.395502, 0.916572, 0.058941, -0.013540, -0.918410, -0.393959, -0.036324, 0.037465, -0.010074, -0.068498, 0.997600, 0.370371, 0.000000, 0.000000, 0.000000, 1.000000, -0.010074, -0.068498, 0.997600, 0.441871, 0.395502, -0.916572, -0.058941, 0.046040, 0.918410, 0.393959, 0.036324, 0.219608, 0.000000, 0.000000, 0.000000, 1.000000, -0.999046, -0.025672, 0.035330, 0.010929, 0.034046, 0.048850, 0.998226, -0.056009, -0.027353, 0.998476, -0.047930, -0.071515, 0.000000, 0.000000, 0.000000, 1.000000
14.6870, -13.3876, 37.9364, 370.5529, 442.0529, 45.8876, 219.1370, 10.9017, -56.0917, -71.5314, -0.397992, 0.915301, 0.061857, -0.013388, -0.917322, -0.396245, -0.038861, 0.037936, -0.011059, -0.072209, 0.997328, 0.370553, 0.000000, 0.000000, 0.000000, 1.000000, -0.011059, -0.072209, 0.997328, 0.442053, 0.397992, -0.915301, -0.061857, 0.045888, 0.917322, 0.396245, 0.038861, 0.219137, 0.000000, 0.000000, 0.000000, 1.000000, -0.999081, -0.025829, 0.034206, 0.010902, 0.032982, 0.046437, 0.998377, -0.056092, -0.027375, 0.998587, -0.045543, -0.071531, 0.000000, 0.000000, 0.000000, 1.000000
14.8553, -13.2542, 38.4140, 370.9811, 442.4811, 45.7542, 218.6594, 10.8723, -55.9384, -71.5970, -0.400374, 0.914343, 0.060650, -0.013254, -0.916333, -0.399069, -0.032823, 0.038414, -0.005808, -0.068717, 0.997619, 0.370981, 0.000000, 0.000000, 0.000000, 1.000000, -0.005808, -0.068717, 0.997619, 0.442481, 0.400374, -0.914343, -0.060650, 0.045754, 0.916333, 0.399069, 0.032823, 0.218659, 0.000000, 0.000000, 0.000000, 1.000000, -0.998883, -0.025965, 0.039487, 0.010872, 0.038117, 0.051275, 0.997957, -0.055938, -0.027937, 0.998347, -0.050228, -0.071597, 0.000000, 0.000000, 0.000000, 1.000000
15.0365, -13.1285, 38.8709, 371.1383, 442.6383, 45.6285, 218.2026, 10.7661, -56.0717, -71.6283, -0.402851, 0.913071, 0.063340, -0.013129, -0.915218, -0.401162, -0.038006, 0.038871, -0.009292, -0.073281, 0.997268, 0.371138, 0.000000, 0.000000, 0.000000, 1.000000, -0.009292, -0.073281, 0.997268, 0.442638, 0.402851, -0.913071, -0.063340, 0.045629, 0.915218, 0.401162, 0.038006, 0.218203, 0.000000, 0.000000, 0.000000, 1.000000, -0.999026, -0.025717, 0.035850, 0.010766, 0.034583, 0.048122, 0.998243, -0.056072, -0.027397, 0.998510, -0.047186, -0.071628, 0.000000, 0.000000, 0.000000, 1.000000
15.2062, -12.9604, 39.3397, 371.2054, 442.7054, 45.4604, 217.7338, 10.7202, -56.2748, -71.6180, -0.405175, 0.911874, 0.065721, -0.012960, -0.914123, -0.402930, -0.045025, 0.039340, -0.014577, -0.078320, 0.996822, 0.371205, 0.000000, 0.000000, 0.000000, 1.000000, -0.014577, -0.078320, 0.996822, 0.442705, 0.405175, -0.911874, -0.065721, 0.045460, 0.914123, 0.402930, 0.045025, 0.217734, 0.000000, 0.000000, 0.000000, 1.000000, -0.999216, -0.025348, 0.030407, 0.010720, 0.029262, 0.044393, 0.998585, -0.056275, -0.026662, 0.998692, -0.043617, -0.071618, 0.000000, 0.000000, 0.000000, 1.000000
15.3633, -12.8042, 39.8042, 371.5411, 443.0411, 45.3042, 217.2693, 10.7185, -56.1946, -71.6540, -0.407323, 0.911162, 0.062227, -0.012804, -0.913141, -0.405106, -0.045414, 0.039804, -0.016171, -0.075321, 0.997028, 0.371541, 0.000000, 0.000000, 0.000000, 1.000000, -0.016171, -0.075321, 0.997028, 0.443041, 0.407323, -0.911162, -0.062227, 0.045304, 0.913141, 0.405106, 0.045414, 0.217269, 0.000000, 0.000000, 0.000000, 1.000000, -0.999271, -0.024993, 0.028847, 0.010719, 0.027607, 0.048628, 0.998435, -0.056195, -0.026357, 0.998504, -0.047903, -0.071654, 0.000000, 0.000000, 0.000000, 1.000000
15.5351, -12.6469, 40.2466, 371.6664, 443.1664, 45.1469, 216.8268, 10.6395, -56.3422, -71.6528, -0.410192, 0.909837, 0.062763, -0.012647, -0.911829, -0.407815, -0.047488, 0.040247, -0.017611, -0.076708, 0.996898, 0.371666, 0.000000, 0.000000, 0.000000, 1.000000, -0.017611, -0.076708, 0.996898, 0.443166, 0.410192, -0.909837, -0.062763, 0.045147, 0.911829, 0.407815, 0.047488, 0.216827, 0.000000, 0.000000, 0.000000, 1.000000, -0.999307, -0.025336, 0.027280, 0.010640, 0.026025, 0.048610, 0.998479, -0.056342, -0.026623, 0.998496, -0.047917, -0.071653, 0.000000, 0.000000, 0.000000, 1.000000
15.7113, -12.5363, 40.6456, 371.9904, 443.4904, 45.0363, 216.4278, 10.4973, -56.3000, -71.7025, -0.412400, 0.908306, 0.070048, -0.012536, -0.910953, -0.410350, -0.042156, 0.040646, -0.009547, -0.081195, 0.996652, 0.371990, 0.000000, 0.000000, 0.000000, 1.000000, -0.009547, -0.081195, 0.996652, 0.443490, 0.412400, -0.908306, -0.070048, 0.045036, 0.910953, 0.410350, 0.042156, 0.216428, 0.000000, 0.000000, 0.000000, 1.000000, -0.999052, -0.025676, 0.035160, 0.010497, 0.033967, 0.045516, 0.998386, -0.056300, -0.027235, 0.998634, -0.044601, -0.071702, 0.000000, 0.000000, 0.000000, 1.000000
15.8768, -12.3772, 41.0835, 372.0450, 443.5450, 44.8772, 215.9899, 10.4318, -56.5083, -71.6925, -0.415405, 0.906969, 0.069606, -0.012377, -0.909572, -0.413245, -0.043673, 0.041084, -0.010846, -0.081454, 0.996618, 0.372045, 0.000000, 0.000000, 0.000000, 1.000000, -0.010846, -0.081454, 0.996618, 0.443545, 0.415405, -0.906969, -0.069606, 0.044877, 0.909572, 0.413245, 0.043673, 0.215990, 0.000000, 0.000000, 0.000000, 1.000000, -0.999086, -0.026244, 0.033734, 0.010432, 0.032487, 0.046588, 0.998386, -0.056508, -0.027773, 0.998569, -0.045693, -0.071693, 0.000000, 0.000000, 0.000000, 1.000000
16.0334, -12.2386, 41.5376, 372.2426, 443.7426, 44.7386, 215.5359, 10.4078, -56.5659, -71.7288, -0.417643, 0.905802, 0.071397, -0.012239, -0.908541, -0.415344, -0.045184, 0.041538, -0.011274, -0.083738, 0.996424, 0.372243, 0.000000, 0.000000, 0.000000, 1.000000, -0.011274, -0.083738, 0.996424, 0.443743, 0.417643, -0.905802, -0.071397, 0.044739, 0.908541, 0.415344, 0.045184, 0.215536, 0.000000, 0.000000, 0.000000, 1.000000, -0.999105, -0.026249, 0.033180, 0.010408, 0.031962, 0.045534, 0.998451, -0.056566, -0.027720, 0.998618, -0.044654, -0.071729, 0.000000, 0.000000, 0.000000, 1.000000
16.2281, -12.0763, 41.9815, 372.5741, 444.0741, 44.5763, 215.0919, 10.2679, -56.5424, -71.7488, -0.419821, 0.904761, 0.071821, -0.012076, -0.907533, -0.417459, -0.045957, 0.041982, -0.011598, -0.084474, 0.996358, 0.372574, 0.000000, 0.000000, 0.000000, 1.000000, -0.011598, -0.084474, 0.996358, 0.444074, 0.419821, -0.904761, -0.071821, 0.044576, 0.907533, 0.417459, 0.045957, 0.215092, 0.000000, 0.000000, 0.000000, 1.000000, -0.999136, -0.025544, 0.032797, 0.010268, 0.031590, 0.046303, 0.998428, -0.056542, -0.027022, 0.998601, -0.045456, -0.071749, 0.000000, 0.000000, 0.000000, 1.000000
16.3569, -11.9287, 42.4668, 372.8395, 444.3395, 44.4287, 214.6067, 10.3682, -56.4955, -71.8074, -0.422834, 0.903334, 0.072106, -0.011929, -0.906133, -0.420438, -0.046426, 0.042467, -0.011621, -0.084968, 0.996316, 0.372839, 0.000000, 0.000000, 0.000000, 1.000000, -0.011621, -0.084968, 0.996316, 0.444339, 0.422834, -0.903334, -0.072106, 0.044429, 0.906133, 0.420438, 0.046426, 0.214607, 0.000000, 0.000000, 0.000000, 1.000000, -0.999109, -0.026819, 0.032598, 0.010368, 0.031316, 0.046878, 0.998410, -0.056495, -0.028305, 0.998541, -0.045996, -0.071807, 0.000000, 0.000000, 0.000000, 1.000000
16.5489, -11.7636, 42.9256, 373.0861, 444.5861, 44.2636, 214.1479, 10.2472, -56.5539, -71.8234, -0.424459, 0.902439, 0.073747, -0.011764, -0.905384, -0.422055, -0.046366, 0.042926, -0.010717, -0.086450, 0.996199, 0.373086, 0.000000, 0.000000, 0.000000, 1.000000, -0.010717, -0.086450, 0.996199, 0.444586, 0.424459, -0.902439, -0.073747, 0.044264, 0.905384, 0.422055, 0.046366, 0.214148, 0.000000, 0.000000, 0.000000, 1.000000, -0.999110, -0.025676, 0.033461, 0.010247, 0.032232, 0.046858, 0.998381, -0.056554, -0.027203, 0.998572, -0.045988, -0.071823, 0.000000, 0.000000, 0.000000, 1.000000
16.6775, -11.6033, 43.3675, 373.2527, 444.7527, 44.1033, 213.7060, 10.3087, -56.5995, -71.8433, -0.427063, 0.901042, 0.075764, -0.011603, -0.904153, -0.424493, -0.048104, 0.043367, -0.011183, -0.089046, 0.995965, 0.373253, 0.000000, 0.000000, 0.000000, 1.000000, -0.011183, -0.089046, 0.995965, 0.444753, 0.427063, -0.901042, -0.075764, 0.044103, 0.904153, 0.424493, 0.048104, 0.213706, 0.000000, 0.000000, 0.000000, 1.000000, -0.999109, -0.026547, 0.032796, 0.010309, 0.031571, 0.045304, 0.998474, -0.056600, -0.027992, 0.998620, -0.044425, -0.071843, 0.000000, 0.000000, 0.000000, 1.000000
16.8853, -11.4431, 43.7933, 373.4069, 444.9069, 43.9431, 213.2801, 10.0996, -56.7700, -71.8369, -0.429728, 0.899689, 0.076772, -0.011443, -0.902889, -0.427087, -0.048870, 0.043793, -0.011180, -0.090318, 0.995850, 0.373407, 0.000000, 0.000000, 0.000000, 1.000000, -0.011180, -0.090318, 0.995850, 0.444907, 0.429728, -0.899689, -0.076772, 0.043943, 0.902889, 0.427087, 0.048870, 0.213280, 0.000000, 0.000000, 0.000000, 1.000000, -0.999122, -0.026221, 0.032682, 0.010100, 0.031462, 0.045653, 0.998462, -0.056770, -0.027673, 0.998613, -0.044788, -0.071837, 0.000000, 0.000000, 0.000000, 1.000000
17.0189, -11.2615, 44.2551, 373.7439, 445.2439, 43.7615, 212.8184, 10.1796, -56.6541, -71.8697, -0.431639, 0.899056, 0.073395, -0.011262, -0.901924, -0.428810, -0.051524, 0.044255, -0.014851, -0.088436, 0.995971, 0.373744, 0.000000, 0.000000, 0.000000, 1.000000, -0.014851, -0.088436, 0.995971, 0.445244, 0.431639, -0.899056, -0.073395, 0.043762, 0.901924, 0.428810, 0.051524, 0.212818, 0.000000, 0.000000, 0.000000, 1.000000, -0.999245, -0.025843, 0.029000, 0.010180, 0.027720, 0.048579, 0.998435, -0.056654, -0.027211, 0.998485, -0.047826, -0.071870, 0.000000, 0.000000, 0.000000, 1.000000
17.2127, -11.1210, 44.6994, 373.9334, 445.4334, 43.6210, 212.3740, 10.0258, -56.7737, -71.8993, -0.434081, 0.897766, 0.074768, -0.011121, -0.900755, -0.431182, -0.052170, 0.044699, -0.014598, -0.089994, 0.995835, 0.373933, 0.000000, 0.000000, 0.000000, 1.000000, -0.014598, -0.089994, 0.995835, 0.445433, 0.434081, -0.897766, -0.074768, 0.043621, 0.900755, 0.431182, 0.052170, 0.212374, 0.000000, 0.000000, 0.000000, 1.000000, -0.999250, -0.025526, 0.029129, 0.010026, 0.027866, 0.048530, 0.998433, -0.056774, -0.026900, 0.998496, -0.047782, -0.071899, 0.000000, 0.000000, 0.000000, 1.000000
17.3769, -10.9540, 45.1095, 373.9482, 445.4482, 43.4540, 211.9639, 9.9398, -57.0173, -71.8753, -0.436979, 0.896007, 0.078868, -0.010954, -0.899365, -0.433896, -0.053634, 0.045110, -0.013836, -0.094368, 0.995441, 0.373948, 0.000000, 0.000000, 0.000000, 1.000000, -0.013836, -0.094368, 0.995441, 0.445448, 0.436979, -0.896007, -0.078868, 0.043454, 0.899365, 0.433896, 0.053634, 0.211964, 0.000000, 0.000000, 0.000000, 1.000000, -0.999215, -0.026315, 0.029610, 0.009940, 0.028393, 0.045464, 0.998562, -0.057017, -0.027623, 0.998619, -0.044682, -0.071875, 0.000000, 0.000000, 0.000000, 1.000000
17.5337, -10.7880, 45.5773, 374.5059, 446.0059, 43.2880, 211.4961, 9.9533, -56.7197, -71.9541, -0.438866, 0.895219, 0.077323, -0.010788, -0.898456, -0.435930, -0.052366, 0.045577, -0.013171, -0.092453, 0.995630, 0.374506, 0.000000, 0.000000, 0.000000, 1.000000, -0.013171, -0.092453, 0.995630, 0.446006, 0.438866, -0.895219, -0.077323, 0.043288, 0.898456, 0.435930, 0.052366, 0.211496, 0.000000, 0.000000, 0.000000, 1.000000, -0.999206, -0.025911, 0.030258, 0.009953, 0.028973, 0.048607, 0.998398, -0.056720, -0.027340, 0.998482, -0.047817, -0.071954, 0.000000, 0.000000, 0.000000, 1.000000
17.7091, -10.6464, 45.9988, 374.7158, 446.2158, 43.1464, 211.0746, 9.8385, -56.7909, -71.9845, -0.441421, 0.893798, 0.079196, -0.010646, -0.897231, -0.438566, -0.051355, 0.045999, -0.011168, -0.093726, 0.995535, 0.374716, 0.000000, 0.000000, 0.000000, 1.000000, -0.011168, -0.093726, 0.995535, 0.446216, 0.441421, -0.893798, -0.079196, 0.043146, 0.897231, 0.438566, 0.051355, 0.211075, 0.000000, 0.000000, 0.000000, 1.000000, -0.999142, -0.026170, 0.032106, 0.009839, 0.030804, 0.048721, 0.998337, -0.056791, -0.027690, 0.998470, -0.047873, -0.071984, 0.000000, 0.000000, 0.000000, 1.000000
17.8875, -10.4662, 46.4348, 374.9252, 446.4252, 42.9662, 210.6387, 9.7438, -56.8644, -71.9863, -0.443484, 0.892347, 0.083899, -0.010466, -0.896249, -0.440713, -0.050094, 0.046435, -0.007726, -0.097411, 0.995214, 0.374925, 0.000000, 0.000000, 0.000000, 1.000000, -0.007726, -0.097411, 0.995214, 0.446425, 0.443484, -0.892347, -0.083899, 0.042966, 0.896249, 0.440713, 0.050094, 0.210639, 0.000000, 0.000000, 0.000000, 1.000000, -0.999035, -0.026060, 0.035357, 0.009744, 0.034121, 0.046421, 0.998339, -0.056864, -0.027658, 0.998582, -0.045487, -0.071986, 0.000000, 0.000000, 0.000000, 1.000000
18.0398, -10.2975, 46.8733, 375.0176, 446.5176, 42.7975, 210.2002, 9.7245, -57.0177, -71.9907, -0.446251, 0.891075, 0.082741, -0.010298, -0.894849, -0.443250, -0.052673, 0.046873, -0.010260, -0.097546, 0.995178, 0.375018, 0.000000, 0.000000, 0.000000, 1.000000, -0.010260, -0.097546, 0.995178, 0.446518, 0.446251, -0.891075, -0.082741, 0.042798, 0.894849, 0.443250, 0.052673, 0.210200, 0.000000, 0.000000, 0.000000, 1.000000, -0.999115, -0.026482, 0.032669, 0.009725, 0.031385, 0.047501, 0.998378, -0.057018, -0.027991, 0.998520, -0.046628, -0.071991, 0.000000, 0.000000, 0.000000, 1.000000
18.2114, -10.1007, 47.3477, 375.5520, 447.0520, 42.6007, 209.7257, 9.7077, -56.7627, -72.0448, -0.448132, 0.890396, 0.079833, -0.010101, -0.893936, -0.445581, -0.048328, 0.047348, -0.007459, -0.093023, 0.995636, 0.375552, 0.000000, 0.000000, 0.000000, 1.000000, -0.007459, -0.093023, 0.995636, 0.447052, 0.448132, -0.890396, -0.079833, 0.042601, 0.893936, 0.445581, 0.048328, 0.209726, 0.000000, 0.000000, 0.000000, 1.000000, -0.999032, -0.025947, 0.035511, 0.009708, 0.034088, 0.053372, 0.997993, -0.056763, -0.027790, 0.998238, -0.052436, -0.072045, 0.000000, 0.000000, 0.000000, 1.000000
18.3784, -9.9441, 47.7933, 375.5696, 447.0696, 42.4441, 209.2801, 9.6394, -57.0135, -72.0508, -0.450668, 0.888852, 0.082705, -0.009944, -0.892617, -0.447494, -0.054633, 0.047793, -0.011550, -0.098445, 0.995075, 0.375570, 0.000000, 0.000000, 0.000000, 1.000000, -0.011550, -0.098445, 0.995075, 0.447070, 0.450668, -0.888852, -0.082705, 0.042444, 0.892617, 0.447494, 0.054633, 0.209280, 0.000000, 0.000000, 0.000000, 1.000000, -0.999178, -0.025927, 0.031150, 0.009639, 0.029846, 0.049239, 0.998341, -0.057014, -0.027418, 0.998450, -0.048425, -0.072051, 0.000000, 0.000000, 0.000000, 1.000000
18.5412, -9.7508, 48.2823, 375.8473, 447.3473, 42.2508, 208.7912, 9.6500, -57.0020, -72.0826, -0.453212, 0.887782, 0.080259, -0.009751, -0.891262, -0.449700, -0.058502, 0.048282, -0.015844, -0.098046, 0.995056, 0.375847, 0.000000, 0.000000, 0.000000, 1.000000, -0.015844, -0.098046, 0.995056, 0.447347, 0.453212, -0.887782, -0.080259, 0.042251, 0.891262, 0.449700, 0.058502, 0.208791, 0.000000, 0.000000, 0.000000, 1.000000, -0.999310, -0.025772, 0.026745, 0.009650, 0.025407, 0.050915, 0.998380, -0.057002, -0.027092, 0.998370, -0.050225, -0.072083, 0.000000, 0.000000, 0.000000, 1.000000
18.6968, -9.5883, 48.6824, 376.0726, 447.5726, 42.0883, 208.3910, 9.5886, -57.0262, -72.1000, -0.455648, 0.885848, 0.087508, -0.009588, -0.890107, -0.452336, -0.055694, 0.048682, -0.009754, -0.103268, 0.994606, 0.376073, 0.000000, 0.000000, 0.000000, 1.000000, -0.009754, -0.103268, 0.994606, 0.447573, 0.455648, -0.885848, -0.087508, 0.042088, 0.890107, 0.452336, 0.055694, 0.208391, 0.000000, 0.000000, 0.000000, 1.000000, -0.999113, -0.026747, 0.032518, 0.009589, 0.031239, 0.046931, 0.998410, -0.057026, -0.028230, 0.998540, -0.046054, -0.072100, 0.000000, 0.000000, 0.000000, 1.000000
18.8699, -9.3993, 49.1159, 376.1323, 447.6323, 41.8993, 207.9576, 9.5045, -57.2400, -72.0795, -0.458046, 0.885019, 0.083275, -0.009399, -0.888835, -0.454631, -0.057286, 0.049116, -0.012840, -0.100257, 0.994879, 0.376132, 0.000000, 0.000000, 0.000000, 1.000000, -0.012840, -0.100257, 0.994879, 0.447632, 0.458046, -0.885019, -0.083275, 0.041899, 0.888835, 0.454631, 0.057286, 0.207958, 0.000000, 0.000000, 0.000000, 1.000000, -0.999222, -0.026286, 0.029396, 0.009505, 0.028019, 0.051299, 0.998290, -0.057240, -0.027749, 0.998337, -0.050523, -0.072080, 0.000000, 0.000000, 0.000000, 1.000000
19.0338, -9.2529, 49.5783, 376.5718, 448.0718, 41.7529, 207.4952, 9.4742, -57.0735, -72.1703, -0.460215, 0.883298, 0.089374, -0.009253, -0.887759, -0.456796, -0.056758, 0.049578, -0.009309, -0.105464, 0.994380, 0.376572, 0.000000, 0.000000, 0.000000, 1.000000, -0.009309, -0.105464, 0.994380, 0.448072, 0.460215, -0.883298, -0.089374, 0.041753, 0.887759, 0.456796, 0.056758, 0.207495, 0.000000, 0.000000, 0.000000, 1.000000, -0.999112, -0.026613, 0.032652, 0.009474, 0.031366, 0.047368, 0.998385, -0.057074, -0.028116, 0.998523, -0.046491, -0.072170, 0.000000, 0.000000, 0.000000, 1.000000
19.2092, -9.0501, 49.9766, 376.4730, 447.9730, 41.5501, 207.0969, 9.3509, -57.4415, -72.1000, -0.462515, 0.882012, 0.090190, -0.009050, -0.886498, -0.458424, -0.063003, 0.049977, -0.014224, -0.109093, 0.993930, 0.376473, 0.000000, 0.000000, 0.000000, 1.000000, -0.014224, -0.109093, 0.993930, 0.447973, 0.462515, -0.882012, -0.090190, 0.041550, 0.886498, 0.458424, 0.063003, 0.207097, 0.000000, 0.000000, 0.000000, 1.000000, -0.999282, -0.026019, 0.027541, 0.009351, 0.026350, 0.045070, 0.998636, -0.057442, -0.027225, 0.998645, -0.044352, -0.072100, 0.000000, 0.000000, 0.000000, 1.000000
19.3674, -8.8613, 50.4205, 377.0659, 448.5659, 41.3613, 206.6530, 9.3476, -57.1090, -72.1731, -0.464914, 0.881083, 0.086881, -0.008861, -0.885313, -0.461682, -0.055411, 0.050420, -0.008710, -0.102678, 0.994677, 0.377066, 0.000000, 0.000000, 0.000000, 1.000000, -0.008710, -0.102678, 0.994677, 0.448566, 0.464914, -0.881083, -0.086881, 0.041361, 0.885313, 0.461682, 0.055411, 0.206653, 0.000000, 0.000000, 0.000000, 1.000000, -0.999101, -0.026551, 0.033036, 0.009348, 0.031601, 0.052783, 0.998106, -0.057109, -0.028244, 0.998253, -0.051896, -0.072173, 0.000000, 0.000000, 0.000000, 1.000000
19.5297, -8.6972, 50.8412, 377.2273, 448.7273, 41.1972, 206.2322, 9.2798, -57.2091, -72.1924, -0.467154, 0.879638, 0.089459, -0.008697, -0.884137, -0.463789, -0.056587, 0.050841, -0.008286, -0.105529, 0.994382, 0.377227, 0.000000, 0.000000, 0.000000, 1.000000, -0.008286, -0.105529, 0.994382, 0.448727, 0.467154, -0.879638, -0.089459, 0.041197, 0.884137, 0.463789, 0.056587, 0.206232, 0.000000, 0.000000, 0.000000, 1.000000, -0.999093, -0.026624, 0.033243, 0.009280, 0.031849, 0.051194, 0.998181, -0.057209, -0.028278, 0.998334, -0.050300, -0.072192, 0.000000, 0.000000, 0.000000, 1.000000
19.7321, -8.5345, 51.3019, 377.3263, 448.8263, 41.0345, 205.7716, 9.1148, -57.4331, -72.2110, -0.469650, 0.878052, 0.091944, -0.008534, -0.882791, -0.465827, -0.060710, 0.051302, -0.010477, -0.109679, 0.993912, 0.377326, 0.000000, 0.000000, 0.000000, 1.000000, -0.010477, -0.109679, 0.993912, 0.448826, 0.469650, -0.878052, -0.091944, 0.041034, 0.882791, 0.465827, 0.060710, 0.205772, 0.000000, 0.000000, 0.000000, 1.000000, -0.999184, -0.026124, 0.030814, 0.009115, 0.029519, 0.048590, 0.998383, -0.057433, -0.027579, 0.998477, -0.047779, -0.072211, 0.000000, 0.000000, 0.000000, 1.000000
19.8532, -8.3298, 51.6949, 377.4513, 448.9513, 40.8298, 205.3785, 9.1720, -57.5022, -72.1895, -0.472025, 0.876617, 0.093466, -0.008330, -0.881514, -0.467982, -0.062649, 0.051695, -0.011179, -0.111964, 0.993649, 0.377451, 0.000000, 0.000000, 0.000000, 1.000000, -0.011179, -0.111964, 0.993649, 0.448951, 0.472025, -0.876617, -0.093466, 0.040830, 0.881514, 0.467982, 0.062649, 0.205379, 0.000000, 0.000000, 0.000000, 1.000000, -0.999193, -0.026869, 0.029858, 0.009172, 0.028566, 0.047271, 0.998474, -0.057502, -0.028240, 0.998521, -0.046465, -0.072190, 0.000000, 0.000000, 0.000000, 1.000000
19.9250, -8.1441, 52.1689, 377.8591, 449.3591, 40.6441, 204.9046, 9.4640, -57.2328, -72.2793, -0.474410, 0.875551, 0.091356, -0.008144, -0.880231, -0.470475, -0.062013, 0.052169, -0.011314, -0.109834, 0.993886, 0.377859, 0.000000, 0.000000, 0.000000, 1.000000, -0.011314, -0.109834, 0.993886, 0.449359, 0.474410, -0.875551, -0.091356, 0.040644, 0.880231, 0.470475, 0.062013, 0.204905, 0.000000, 0.000000, 0.000000, 1.000000, -0.999162, -0.028338, 0.029543, 0.009464, 0.028100, 0.050035, 0.998352, -0.057233, -0.029769, 0.998345, -0.049197, -0.072279, 0.000000, 0.000000, 0.000000, 1.000000
19.9512, -8.0481, 52.4364, 378.1020, 449.6020, 40.5481, 204.6371, 9.6718, -57.0486, -72.3441, -0.475333, 0.875249, 0.089434, -0.008048, -0.879698, -0.471220, -0.063899, 0.052436, -0.013784, -0.109048, 0.993941, 0.378102, 0.000000, 0.000000, 0.000000, 1.000000, -0.013784, -0.109048, 0.993941, 0.449602, 0.475333, -0.875249, -0.089434, 0.040548, 0.879698, 0.471220, 0.063899, 0.204637, 0.000000, 0.000000, 0.000000, 1.000000, -0.999223, -0.028689, 0.027016, 0.009672, 0.025528, 0.051044, 0.998370, -0.057049, -0.030021, 0.998284, -0.050272, -0.072344, 0.000000, 0.000000, 0.000000, 1.000000
19.9767, -7.9812, 52.5655, 378.1879, 449.6879, 40.4812, 204.5079, 9.7385, -57.0067, -72.3490, -0.476194, 0.874629, 0.090910, -0.007981, -0.879260, -0.472196, -0.062717, 0.052566, -0.011927, -0.109799, 0.993882, 0.378188, 0.000000, 0.000000, 0.000000, 1.000000, -0.011927, -0.109799, 0.993882, 0.449688, 0.476194, -0.874629, -0.090910, 0.040481, 0.879260, 0.472196, 0.062717, 0.204508, 0.000000, 0.000000, 0.000000, 1.000000, -0.999152, -0.029466, 0.028753, 0.009739, 0.027241, 0.050520, 0.998352, -0.057007, -0.030870, 0.998288, -0.049674, -0.072349, 0.000000, 0.000000, 0.000000, 1.000000
19.9890, -7.9482, 52.6319, 378.1178, 449.6178, 40.4482, 204.4416, 9.7697, -57.0969, -72.3348, -0.476517, 0.874588, 0.089598, -0.007948, -0.879025, -0.472140, -0.066324, 0.052632, -0.015704, -0.110364, 0.993767, 0.378118, 0.000000, 0.000000, 0.000000, 1.000000, -0.015704, -0.110364, 0.993767, 0.449618, 0.476517, -0.874588, -0.089598, 0.040448, 0.879025, 0.472140, 0.066324, 0.204442, 0.000000, 0.000000, 0.000000, 1.000000, -0.999260, -0.029264, 0.024952, 0.009770, 0.023467, 0.050040, 0.998471, -0.057097, -0.030468, 0.998318, -0.049316, -0.072335, 0.000000, 0.000000, 0.000000, 1.000000
19.9960, -7.9249, 52.6681, 378.2032, 449.7032, 40.4249, 204.4054, 9.7935, -57.0239, -72.3420, -0.476706, 0.874179, 0.092528, -0.007925, -0.878969, -0.472470, -0.064702, 0.052668, -0.012844, -0.112173, 0.993606, 0.378203, 0.000000, 0.000000, 0.000000, 1.000000, -0.012844, -0.112173, 0.993606, 0.449703, 0.476706, -0.874179, -0.092528, 0.040425, 0.878969, 0.472470, 0.064702, 0.204405, 0.000000, 0.000000, 0.000000, 1.000000, -0.999174, -0.029710, 0.027723, 0.009794, 0.026268, 0.048292, 0.998488, -0.057024, -0.031004, 0.998391, -0.047472, -0.072342, 0.000000, 0.000000, 0.000000, 1.000000
19.9991, -7.9396, 52.6885, 378.1928, 449.6928, 40.4396, 204.3849, 9.7951, -57.0426, -72.3615, -0.476860, 0.874093, 0.092554, -0.007940, -0.878889, -0.472646, -0.064500, 0.052689, -0.012634, -0.112102, 0.993616, 0.378193, 0.000000, 0.000000, 0.000000, 1.000000, -0.012634, -0.112102, 0.993616, 0.449693, 0.476860, -0.874093, -0.092554, 0.040440, 0.878889, 0.472646, 0.064500, 0.204385, 0.000000, 0.000000, 0.000000, 1.000000, -0.999165, -0.029855, 0.027909, 0.009795, 0.026444, 0.048394, 0.998478, -0.057043, -0.031160, 0.998382, -0.047564, -0.072362, 0.000000, 0.000000, 0.000000, 1.000000
20.0006, -7.9259, 52.6975, 378.1119, 449.6119, 40.4259, 204.3760, 9.8006, -57.1247, -72.3399, -0.477178, 0.874030, 0.091508, -0.007926, -0.878684, -0.472776, -0.066318, 0.052697, -0.014701, -0.112052, 0.993594, 0.378112, 0.000000, 0.000000, 0.000000, 1.000000, -0.014701, -0.112052, 0.993594, 0.449612, 0.477178, -0.874030, -0.091508, 0.040426, 0.878684, 0.472776, 0.066318, 0.204376, 0.000000, 0.000000, 0.000000, 1.000000, -0.999217, -0.029973, 0.025825, 0.009801, 0.024354, 0.048464, 0.998528, -0.057125, -0.031181, 0.998375, -0.047697, -0.072340, 0.000000, 0.000000, 0.000000, 1.000000
20.0017, -7.9322, 52.7032, 378.1820, 449.6820, 40.4322, 204.3703, 9.8024, -57.0585, -72.3589, -0.476943, 0.874186, 0.091235, -0.007932, -0.878820, -0.472629, -0.065558, 0.052703, -0.014190, -0.111447, 0.993669, 0.378182, 0.000000, 0.000000, 0.000000, 1.000000, -0.014190, -0.111447, 0.993669, 0.449682, 0.476943, -0.874186, -0.091235, 0.040432, 0.878820, 0.472629, 0.065558, 0.204370, 0.000000, 0.000000, 0.000000, 1.000000, -0.999210, -0.029727, 0.026382, 0.009802, 0.024903, 0.049072, 0.998485, -0.057058, -0.030977, 0.998353, -0.048293, -0.072359, 0.000000, 0.000000, 0.000000, 1.000000
20.0024, -7.9258, 52.6996, 378.1978, 449.6978, 40.4258, 204.3739, 9.8007, -57.0427, -72.3540, -0.476911, 0.874148, 0.091761, -0.007926, -0.878850, -0.472665, -0.064884, 0.052700, -0.013346, -0.111588, 0.993665, 0.378198, 0.000000, 0.000000, 0.000000, 1.000000, -0.013346, -0.111588, 0.993665, 0.449698, 0.476911, -0.874148, -0.091761, 0.040426, 0.878850, 0.472665, 0.064884, 0.204374, 0.000000, 0.000000, 0.000000, 1.000000, -0.999186, -0.029773, 0.027221, 0.009801, 0.025743, 0.048937, 0.998470, -0.057043, -0.031060, 0.998358, -0.048130, -0.072354, 0.000000, 0.000000, 0.000000, 1.000000
20.0026, -7.9214, 52.6984, 378.0973, 449.5973, 40.4214, 204.3750, 9.7969, -57.1413, -72.3336, -0.477529, 0.873515, 0.094537, -0.007921, -0.878513, -0.473054, -0.066592, 0.052698, -0.013448, -0.114851, 0.993292, 0.378097, 0.000000, 0.000000, 0.000000, 1.000000, -0.013448, -0.114851, 0.993292, 0.449597, 0.477529, -0.873515, -0.094537, 0.040421, 0.878513, 0.473054, 0.066592, 0.204375, 0.000000, 0.000000, 0.000000, 1.000000, -0.999170, -0.030545, 0.026934, 0.009797, 0.025523, 0.045685, 0.998630, -0.057141, -0.031734, 0.998489, -0.044868, -0.072334, 0.000000, 0.000000, 0.000000, 1.000000
