# Joint_A_Angle(deg), Cam_X(mm), Cam_Y(mm), Cam_Z(mm), Torso_X(mm), Torso_Y(mm), Torso_Z(mm), EE_X(mm), EE_Y(mm), EE_Z(mm), T_cam2marker_flat(16), T_torso2marker_flat(16), T_ee2marker_flat(16)
0.0000, 140.5422, 44.2562, 280.0301, 351.5302, -108.0422, 212.8160, 12.7798, 46.4522, -48.3801, 0.607738, -0.650607, -0.455374, 0.140542, 0.663596, 0.731037, -0.158826, 0.044256, 0.436229, -0.205660, 0.876019, 0.280030, 0.000000, 0.000000, 0.000000, 1.000000, 0.436226, -0.205662, 0.876019, 0.351530, -0.607738, 0.650607, 0.455374, -0.108042, -0.663597, -0.731036, 0.158823, 0.212816, 0.000000, 0.000000, 0.000000, 1.000000, 0.999982, 0.003218, 0.005157, 0.012780, 0.005095, 0.019027, -0.999806, 0.046452, -0.003316, 0.999814, 0.019010, -0.048380, 0.000000, 0.000000, 0.000000, 1.000000
0.0013, 140.4779, 44.2329, 279.9425, 351.4425, -107.9779, 212.8393, 12.6873, 46.4958, -48.3379, 0.607788, -0.650213, -0.455870, 0.140478, 0.662813, 0.731551, -0.159726, 0.044233, 0.437348, -0.205077, 0.875597, 0.279942, 0.000000, 0.000000, 0.000000, 1.000000, 0.437345, -0.205079, 0.875598, 0.351443, -0.607788, 0.650213, 0.455870, -0.107978, -0.662815, -0.731550, 0.159723, 0.212839, 0.000000, 0.000000, 0.000000, 1.000000, 0.999984, 0.004058, 0.004051, 0.012687, 0.003974, 0.018782, -0.999816, 0.046496, -0.004133, 0.999815, 0.018766, -0.048338, 0.000000, 0.000000, 0.000000, 1.000000
0.0286, 140.4865, 44.2403, 279.9179, 351.4179, -107.9865, 212.8319, 12.7087, 46.5165, -48.3336, 0.607678, -0.650270, -0.455936, 0.140487, 0.662962, 0.731443, -0.159601, 0.044240, 0.437274, -0.205283, 0.875586, 0.279918, 0.000000, 0.000000, 0.000000, 1.000000, 0.437272, -0.205285, 0.875586, 0.351418, -0.607678, 0.650270, 0.455936, -0.107987, -0.662964, -0.731442, 0.159597, 0.212832, 0.000000, 0.000000, 0.000000, 1.000000, 0.999986, 0.003871, 0.003614, 0.012709, 0.003540, 0.018917, -0.999815, 0.046516, -0.003938, 0.999814, 0.018903, -0.048334, 0.000000, 0.000000, 0.000000, 1.000000
0.0879, 140.4520, 44.2378, 279.8617, 351.3617, -107.9520, 212.8344, 12.7097, 46.5368, -48.3018, 0.607230, -0.650618, -0.456036, 0.140452, 0.663948, 0.730783, -0.158523, 0.044238, 0.436401, -0.206524, 0.875729, 0.279862, 0.000000, 0.000000, 0.000000, 1.000000, 0.436398, -0.206527, 0.875730, 0.351362, -0.607230, 0.650618, 0.456036, -0.107952, -0.663949, -0.730783, 0.158519, 0.212834, 0.000000, 0.000000, 0.000000, 1.000000, 0.999991, 0.002696, 0.003299, 0.012710, 0.003245, 0.019733, -0.999800, 0.046537, -0.002761, 0.999802, 0.019724, -0.048302, 0.000000, 0.000000, 0.000000, 1.000000
0.1749, 140.5067, 44.2287, 279.9831, 351.4831, -108.0067, 212.8435, 12.8605, 46.4335, -48.3677, 0.607784, -0.650533, -0.455419, 0.140507, 0.663422, 0.731152, -0.159022, 0.044229, 0.436429, -0.205484, 0.875960, 0.279983, 0.000000, 0.000000, 0.000000, 1.000000, 0.436427, -0.205486, 0.875961, 0.351483, -0.607784, 0.650533, 0.455419, -0.108007, -0.663424, -0.731151, 0.159019, 0.212843, 0.000000, 0.000000, 0.000000, 1.000000, 0.999992, 0.003478, 0.001922, 0.012861, 0.001856, 0.018916, -0.999819, 0.046434, -0.003514, 0.999815, 0.018910, -0.048368, 0.000000, 0.000000, 0.000000, 1.000000
0.2566, 140.4377, 44.1884, 279.8911, 351.3912, -107.9377, 212.8838, 12.8180, 46.4585, -48.3339, 0.608188, -0.650421, -0.455039, 0.140438, 0.663135, 0.731392, -0.159112, 0.044188, 0.436302, -0.204982, 0.876141, 0.279891, 0.000000, 0.000000, 0.000000, 1.000000, 0.436299, -0.204985, 0.876142, 0.351391, -0.608188, 0.650421, 0.455039, -0.107938, -0.663137, -0.731392, 0.159109, 0.212884, 0.000000, 0.000000, 0.000000, 1.000000, 0.999992, 0.003952, 0.000745, 0.012818, 0.000671, 0.018561, -0.999827, 0.046458, -0.003965, 0.999820, 0.018559, -0.048334, 0.000000, 0.000000, 0.000000, 1.000000
0.3428, 140.4149, 44.1388, 279.9086, 351.4086, -107.9149, 212.9334, 12.8486, 46.4051, -48.3581, 0.609034, -0.650197, -0.454226, 0.140415, 0.663519, 0.731428, -0.157338, 0.044139, 0.434535, -0.205564, 0.876883, 0.279909, 0.000000, 0.000000, 0.000000, 1.000000, 0.434532, -0.205566, 0.876883, 0.351409, -0.609034, 0.650197, 0.454226, -0.107915, -0.663521, -0.731428, 0.157335, 0.212933, 0.000000, 0.000000, 0.000000, 1.000000, 0.999992, 0.003886, 0.001238, 0.012849, 0.001163, 0.019173, -0.999816, 0.046405, -0.003909, 0.999809, 0.019168, -0.048358, 0.000000, 0.000000, 0.000000, 1.000000
0.4605, 140.3605, 44.0721, 279.8445, 351.3446, -107.8605, 213.0001, 12.8381, 46.3995, -48.3584, 0.609877, -0.650709, -0.452357, 0.140361, 0.663884, 0.731216, -0.156781, 0.044072, 0.432790, -0.204695, 0.877948, 0.279845, 0.000000, 0.000000, 0.000000, 1.000000, 0.432787, -0.204698, 0.877949, 0.351345, -0.609877, 0.650709, 0.452357, -0.107861, -0.663886, -0.731215, 0.156778, 0.213000, 0.000000, 0.000000, 0.000000, 1.000000, 0.999992, 0.003853, 0.001150, 0.012838, 0.001080, 0.018139, -0.999835, 0.046399, -0.003873, 0.999828, 0.018134, -0.048358, 0.000000, 0.000000, 0.000000, 1.000000
0.5717, 140.2714, 43.9976, 279.7465, 351.2466, -107.7714, 213.0746, 12.7821, 46.4091, -48.3349, 0.610741, -0.650205, -0.451917, 0.140271, 0.663846, 0.731550, -0.155382, 0.043998, 0.431630, -0.205105, 0.878423, 0.279747, 0.000000, 0.000000, 0.000000, 1.000000, 0.431627, -0.205108, 0.878424, 0.351247, -0.610741, 0.650205, 0.451917, -0.107771, -0.663847, -0.731549, 0.155378, 0.213075, 0.000000, 0.000000, 0.000000, 1.000000, 0.999991, 0.004241, 0.000615, 0.012782, 0.000536, 0.018771, -0.999824, 0.046409, -0.004251, 0.999815, 0.018768, -0.048335, 0.000000, 0.000000, 0.000000, 1.000000
0.6957, 140.2896, 43.9538, 279.8820, 351.3820, -107.7896, 213.1184, 12.9224, 46.2623, -48.4045, 0.611350, -0.650698, -0.450382, 0.140290, 0.664581, 0.731130, -0.154211, 0.043954, 0.429633, -0.205039, 0.879417, 0.279882, 0.000000, 0.000000, 0.000000, 1.000000, 0.429630, -0.205041, 0.879418, 0.351382, -0.611350, 0.650698, 0.450382, -0.107790, -0.664582, -0.731130, 0.154208, 0.213118, 0.000000, 0.000000, 0.000000, 1.000000, 0.999993, 0.003730, 0.000595, 0.012922, 0.000526, 0.018416, -0.999830, 0.046262, -0.003740, 0.999823, 0.018414, -0.048405, 0.000000, 0.000000, 0.000000, 1.000000
0.7901, 140.1085, 43.8733, 279.5812, 351.0813, -107.6085, 213.1988, 12.7059, 46.4140, -48.2859, 0.612184, -0.650401, -0.449678, 0.140109, 0.664683, 0.731319, -0.152870, 0.043873, 0.428285, -0.205309, 0.880012, 0.279581, 0.000000, 0.000000, 0.000000, 1.000000, 0.428282, -0.205312, 0.880012, 0.351081, -0.612184, 0.650401, 0.449678, -0.107609, -0.664685, -0.731318, 0.152866, 0.213199, 0.000000, 0.000000, 0.000000, 1.000000, 0.999992, 0.003951, 0.000525, 0.012706, 0.000450, 0.018810, -0.999823, 0.046414, -0.003961, 0.999815, 0.018809, -0.048286, 0.000000, 0.000000, 0.000000, 1.000000
0.9167, 140.1656, 43.8279, 279.8133, 351.3133, -107.6656, 213.2443, 12.9118, 46.1980, -48.4008, 0.612944, -0.651045, -0.447705, 0.140166, 0.665249, 0.730952, -0.152160, 0.043828, 0.426314, -0.204569, 0.881140, 0.279813, 0.000000, 0.000000, 0.000000, 1.000000, 0.426312, -0.204572, 0.881141, 0.351313, -0.612944, 0.651045, 0.447705, -0.107666, -0.665250, -0.730952, 0.152157, 0.213244, 0.000000, 0.000000, 0.000000, 1.000000, 0.999993, 0.003670, 0.000475, 0.012912, 0.000410, 0.017805, -0.999841, 0.046198, -0.003678, 0.999835, 0.017804, -0.048401, 0.000000, 0.000000, 0.000000, 1.000000
0.9962, 140.0538, 43.7288, 279.6686, 351.1687, -107.5538, 213.3434, 12.7799, 46.2430, -48.3713, 0.614287, -0.650292, -0.446959, 0.140054, 0.665264, 0.731418, -0.149839, 0.043729, 0.424353, -0.205302, 0.881916, 0.279669, 0.000000, 0.000000, 0.000000, 1.000000, 0.424350, -0.205305, 0.881917, 0.351169, -0.614287, 0.650292, 0.446959, -0.107554, -0.665266, -0.731417, 0.149835, 0.213343, 0.000000, 0.000000, 0.000000, 1.000000, 0.999990, 0.004154, 0.001423, 0.012780, 0.001345, 0.018854, -0.999821, 0.046243, -0.004181, 0.999814, 0.018848, -0.048371, 0.000000, 0.000000, 0.000000, 1.000000
1.1153, 140.0387, 43.6972, 279.7125, 351.2125, -107.5387, 213.3750, 12.8642, 46.1658, -48.3926, 0.614867, -0.650537, -0.445802, 0.140039, 0.665563, 0.731285, -0.149159, 0.043697, 0.423041, -0.204997, 0.882617, 0.279712, 0.000000, 0.000000, 0.000000, 1.000000, 0.423039, -0.204999, 0.882617, 0.351213, -0.614867, 0.650537, 0.445802, -0.107539, -0.665565, -0.731284, 0.149155, 0.213375, 0.000000, 0.000000, 0.000000, 1.000000, 0.999991, 0.004084, 0.000804, 0.012864, 0.000729, 0.018446, -0.999830, 0.046166, -0.004098, 0.999822, 0.018443, -0.048393, 0.000000, 0.000000, 0.000000, 1.000000
1.2498, 139.9310, 43.6108, 279.6394, 351.1394, -107.4310, 213.4614, 12.8180, 46.1398, -48.3702, 0.615712, -0.650460, -0.444747, 0.139931, 0.665919, 0.731274, -0.147612, 0.043611, 0.421248, -0.205279, 0.883408, 0.279639, 0.000000, 0.000000, 0.000000, 1.000000, 0.421246, -0.205282, 0.883409, 0.351139, -0.615712, 0.650460, 0.444747, -0.107431, -0.665921, -0.731274, 0.147609, 0.213461, 0.000000, 0.000000, 0.000000, 1.000000, 0.999992, 0.004049, 0.000471, 0.012818, 0.000395, 0.018719, -0.999825, 0.046140, -0.004057, 0.999817, 0.018717, -0.048370, 0.000000, 0.000000, 0.000000, 1.000000
1.3557, 139.8754, 43.5381, 279.5670, 351.0670, -107.3754, 213.5341, 12.7895, 46.1444, -48.3724, 0.616538, -0.650628, -0.443355, 0.139875, 0.666552, 0.731043, -0.145894, 0.043538, 0.419034, -0.205570, 0.884393, 0.279567, 0.000000, 0.000000, 0.000000, 1.000000, 0.419032, -0.205573, 0.884394, 0.351067, -0.616538, 0.650628, 0.443355, -0.107375, -0.666553, -0.731042, 0.145890, 0.213534, 0.000000, 0.000000, 0.000000, 1.000000, 0.999993, 0.003707, 0.001040, 0.012789, 0.000970, 0.018861, -0.999822, 0.046144, -0.003726, 0.999815, 0.018857, -0.048372, 0.000000, 0.000000, 0.000000, 1.000000
1.4827, 139.7948, 43.4786, 279.4910, 350.9911, -107.2948, 213.5936, 12.7706, 46.1393, -48.3479, 0.617140, -0.650681, -0.442439, 0.139795, 0.666966, 0.730919, -0.144616, 0.043479, 0.417486, -0.205843, 0.885062, 0.279491, 0.000000, 0.000000, 0.000000, 1.000000, 0.417483, -0.205846, 0.885062, 0.350991, -0.617140, 0.650681, 0.442439, -0.107295, -0.666968, -0.730918, 0.144612, 0.213594, 0.000000, 0.000000, 0.000000, 1.000000, 0.999994, 0.003519, 0.000521, 0.012771, 0.000454, 0.019053, -0.999818, 0.046139, -0.003528, 0.999812, 0.019051, -0.048348, 0.000000, 0.000000, 0.000000, 1.000000
1.5904, 139.7398, 43.3922, 279.4875, 350.9876, -107.2398, 213.6800, 12.7642, 46.0812, -48.3736, 0.618167, -0.650743, -0.440911, 0.139740, 0.667345, 0.730877, -0.143072, 0.043392, 0.415355, -0.205798, 0.886074, 0.279487, 0.000000, 0.000000, 0.000000, 1.000000, 0.415352, -0.205801, 0.886075, 0.350988, -0.618167, 0.650743, 0.440911, -0.107240, -0.667347, -0.730876, 0.143068, 0.213680, 0.000000, 0.000000, 0.000000, 1.000000, 0.999993, 0.003507, 0.001038, 0.012764, 0.000971, 0.018973, -0.999820, 0.046081, -0.003526, 0.999814, 0.018969, -0.048374, 0.000000, 0.000000, 0.000000, 1.000000
1.6893, 139.6591, 43.3117, 279.3787, 350.8787, -107.1591, 213.7605, 12.6949, 46.1088, -48.3579, 0.619358, -0.650631, -0.439403, 0.139659, 0.667272, 0.731141, -0.142061, 0.043312, 0.413695, -0.205215, 0.886986, 0.279379, 0.000000, 0.000000, 0.000000, 1.000000, 0.413692, -0.205218, 0.886986, 0.350879, -0.619358, 0.650631, 0.439403, -0.107159, -0.667274, -0.731140, 0.142057, 0.213761, 0.000000, 0.000000, 0.000000, 1.000000, 0.999991, 0.004027, 0.001296, 0.012695, 0.001221, 0.018537, -0.999827, 0.046109, -0.004051, 0.999820, 0.018532, -0.048358, 0.000000, 0.000000, 0.000000, 1.000000
1.7908, 139.5818, 43.2444, 279.3082, 350.8083, -107.0818, 213.8278, 12.6548, 46.1055, -48.3422, 0.620154, -0.650421, -0.438590, 0.139582, 0.667354, 0.731295, -0.140877, 0.043244, 0.412368, -0.205330, 0.887577, 0.279308, 0.000000, 0.000000, 0.000000, 1.000000, 0.412366, -0.205332, 0.887577, 0.350808, -0.620154, 0.650421, 0.438590, -0.107082, -0.667356, -0.731294, 0.140874, 0.213828, 0.000000, 0.000000, 0.000000, 1.000000, 0.999990, 0.004246, 0.001063, 0.012655, 0.000984, 0.018746, -0.999824, 0.046106, -0.004265, 0.999815, 0.018741, -0.048342, 0.000000, 0.000000, 0.000000, 1.000000
1.8949, 139.4571, 43.1648, 279.1655, 350.6656, -106.9571, 213.9074, 12.5495, 46.1444, -48.2904, 0.620659, -0.650565, -0.437660, 0.139457, 0.667746, 0.731134, -0.139852, 0.043165, 0.410971, -0.205446, 0.888198, 0.279166, 0.000000, 0.000000, 0.000000, 1.000000, 0.410969, -0.205449, 0.888198, 0.350666, -0.620659, 0.650565, 0.437660, -0.106957, -0.667748, -0.731133, 0.139848, 0.213907, 0.000000, 0.000000, 0.000000, 1.000000, 0.999992, 0.004035, 0.000763, 0.012550, 0.000687, 0.018755, -0.999824, 0.046144, -0.004048, 0.999816, 0.018752, -0.048290, 0.000000, 0.000000, 0.000000, 1.000000
2.0184, 139.4212, 43.0820, 279.1871, 350.6872, -106.9212, 213.9902, 12.5801, 46.0701, -48.3308, 0.621671, -0.650446, -0.436401, 0.139421, 0.667894, 0.731259, -0.138483, 0.043082, 0.409198, -0.205379, 0.889031, 0.279187, 0.000000, 0.000000, 0.000000, 1.000000, 0.409195, -0.205382, 0.889032, 0.350687, -0.621671, 0.650446, 0.436401, -0.106921, -0.667896, -0.731258, 0.138479, 0.213990, 0.000000, 0.000000, 0.000000, 1.000000, 0.999991, 0.004261, 0.000647, 0.012580, 0.000567, 0.018757, -0.999824, 0.046070, -0.004272, 0.999815, 0.018754, -0.048331, 0.000000, 0.000000, 0.000000, 1.000000
2.1313, 139.3321, 43.0167, 279.0602, 350.5603, -106.8321, 214.0555, 12.5195, 46.1107, -48.2952, 0.622473, -0.650391, -0.435337, 0.139332, 0.668104, 0.731299, -0.137257, 0.043017, 0.407632, -0.205412, 0.889743, 0.279060, 0.000000, 0.000000, 0.000000, 1.000000, 0.407630, -0.205415, 0.889743, 0.350560, -0.622473, 0.650391, 0.435337, -0.106832, -0.668105, -0.731298, 0.137253, 0.214056, 0.000000, 0.000000, 0.000000, 1.000000, 0.999990, 0.004348, 0.000447, 0.012519, 0.000365, 0.018808, -0.999823, 0.046111, -0.004356, 0.999814, 0.018807, -0.048295, 0.000000, 0.000000, 0.000000, 1.000000
2.2482, 139.2785, 42.9426, 279.0622, 350.5623, -106.7785, 214.1296, 12.5314, 46.0496, -48.3139, 0.623128, -0.650501, -0.434235, 0.139278, 0.668655, 0.731089, -0.135679, 0.042943, 0.405724, -0.205808, 0.890523, 0.279062, 0.000000, 0.000000, 0.000000, 1.000000, 0.405721, -0.205811, 0.890524, 0.350562, -0.623128, 0.650501, 0.434235, -0.106778, -0.668657, -0.731088, 0.135675, 0.214130, 0.000000, 0.000000, 0.000000, 1.000000, 0.999992, 0.004017, 0.000467, 0.012531, 0.000391, 0.019076, -0.999818, 0.046050, -0.004025, 0.999810, 0.019074, -0.048314, 0.000000, 0.000000, 0.000000, 1.000000
2.3506, 139.2381, 42.8862, 279.0611, 350.5612, -106.7381, 214.1860, 12.5502, 46.0027, -48.3279, 0.624405, -0.650293, -0.432709, 0.139238, 0.668533, 0.731418, -0.134503, 0.042886, 0.403958, -0.205296, 0.891444, 0.279061, 0.000000, 0.000000, 0.000000, 1.000000, 0.403955, -0.205299, 0.891444, 0.350561, -0.624405, 0.650293, 0.432709, -0.106738, -0.668534, -0.731418, 0.134500, 0.214186, 0.000000, 0.000000, 0.000000, 1.000000, 0.999989, 0.004609, 0.000789, 0.012550, 0.000703, 0.018747, -0.999824, 0.046003, -0.004623, 0.999814, 0.018743, -0.048328, 0.000000, 0.000000, 0.000000, 1.000000
2.4728, 139.1740, 42.8306, 279.0127, 350.5128, -106.6740, 214.2416, 12.5516, 45.9841, -48.3167, 0.624869, -0.650557, -0.431642, 0.139174, 0.669052, 0.731145, -0.133401, 0.042831, 0.402378, -0.205433, 0.892126, 0.279013, 0.000000, 0.000000, 0.000000, 1.000000, 0.402375, -0.205436, 0.892127, 0.350513, -0.624869, 0.650557, 0.431642, -0.106674, -0.669054, -0.731145, 0.133397, 0.214242, 0.000000, 0.000000, 0.000000, 1.000000, 0.999991, 0.004246, 0.000337, 0.012552, 0.000257, 0.018709, -0.999825, 0.045984, -0.004251, 0.999816, 0.018708, -0.048317, 0.000000, 0.000000, 0.000000, 1.000000
2.5673, 139.1029, 42.7483, 278.9911, 350.4912, -106.6029, 214.3239, 12.5192, 45.9409, -48.3253, 0.625687, -0.650604, -0.430383, 0.139103, 0.669467, 0.731047, -0.131849, 0.042748, 0.400412, -0.205631, 0.892965, 0.278991, 0.000000, 0.000000, 0.000000, 1.000000, 0.400410, -0.205634, 0.892965, 0.350491, -0.625687, 0.650604, 0.430383, -0.106603, -0.669468, -0.731046, 0.131846, 0.214324, 0.000000, 0.000000, 0.000000, 1.000000, 0.999991, 0.004102, 0.000850, 0.012519, 0.000773, 0.018845, -0.999822, 0.045941, -0.004117, 0.999814, 0.018842, -0.048325, 0.000000, 0.000000, 0.000000, 1.000000
2.6837, 139.0523, 42.6783, 278.9674, 350.4674, -106.5523, 214.3938, 12.5245, 45.9055, -48.3381, 0.626819, -0.650193, -0.429355, 0.139052, 0.669241, 0.731466, -0.130664, 0.042678, 0.399016, -0.205439, 0.893633, 0.278967, 0.000000, 0.000000, 0.000000, 1.000000, 0.399014, -0.205442, 0.893634, 0.350467, -0.626819, 0.650193, 0.429355, -0.106552, -0.669243, -0.731466, 0.130661, 0.214394, 0.000000, 0.000000, 0.000000, 1.000000, 0.999989, 0.004755, 0.000523, 0.012524, 0.000433, 0.018897, -0.999821, 0.045905, -0.004764, 0.999810, 0.018894, -0.048338, 0.000000, 0.000000, 0.000000, 1.000000
2.7962, 139.0130, 42.6002, 278.9854, 350.4855, -106.5130, 214.4719, 12.5446, 45.8370, -48.3722, 0.627482, -0.650726, -0.427576, 0.139013, 0.670105, 0.730962, -0.129047, 0.042600, 0.396516, -0.205546, 0.894721, 0.278985, 0.000000, 0.000000, 0.000000, 1.000000, 0.396514, -0.205549, 0.894721, 0.350485, -0.627482, 0.650726, 0.427576, -0.106513, -0.670107, -0.730962, 0.129044, 0.214472, 0.000000, 0.000000, 0.000000, 1.000000, 0.999991, 0.004077, 0.001190, 0.012545, 0.001114, 0.018689, -0.999825, 0.045837, -0.004099, 0.999817, 0.018685, -0.048372, 0.000000, 0.000000, 0.000000, 1.000000
2.9215, 138.8777, 42.5100, 278.7937, 350.2937, -106.3777, 214.5622, 12.4237, 45.9129, -48.3117, 0.627975, -0.650702, -0.426889, 0.138878, 0.670484, 0.730850, -0.127711, 0.042510, 0.395094, -0.206023, 0.895240, 0.278794, 0.000000, 0.000000, 0.000000, 1.000000, 0.395091, -0.206026, 0.895241, 0.350294, -0.627975, 0.650702, 0.426889, -0.106378, -0.670485, -0.730849, 0.127708, 0.214562, 0.000000, 0.000000, 0.000000, 1.000000, 0.999992, 0.003869, 0.000538, 0.012424, 0.000464, 0.019103, -0.999817, 0.045913, -0.003879, 0.999810, 0.019101, -0.048312, 0.000000, 0.000000, 0.000000, 1.000000
3.0199, 138.8359, 42.4633, 278.8238, 350.3238, -106.3359, 214.6089, 12.4569, 45.8406, -48.3237, 0.629124, -0.650577, -0.425384, 0.138836, 0.670400, 0.731110, -0.126658, 0.042463, 0.393403, -0.205494, 0.896106, 0.278824, 0.000000, 0.000000, 0.000000, 1.000000, 0.393401, -0.205497, 0.896106, 0.350324, -0.629124, 0.650577, 0.425384, -0.106336, -0.670402, -0.731109, 0.126655, 0.214609, 0.000000, 0.000000, 0.000000, 1.000000, 0.999990, 0.004363, 0.000812, 0.012457, 0.000731, 0.018709, -0.999825, 0.045841, -0.004378, 0.999815, 0.018705, -0.048324, 0.000000, 0.000000, 0.000000, 1.000000
3.1236, 138.7796, 42.3958, 278.8056, 350.3057, -106.2796, 214.6764, 12.4513, 45.8014, -48.3321, 0.629848, -0.650587, -0.424298, 0.138780, 0.670503, 0.731166, -0.125789, 0.042396, 0.392069, -0.205265, 0.896743, 0.278806, 0.000000, 0.000000, 0.000000, 1.000000, 0.392066, -0.205268, 0.896744, 0.350306, -0.629848, 0.650587, 0.424298, -0.106280, -0.670504, -0.731165, 0.125786, 0.214676, 0.000000, 0.000000, 0.000000, 1.000000, 0.999990, 0.004522, 0.000518, 0.012451, 0.000434, 0.018500, -0.999829, 0.045801, -0.004531, 0.999819, 0.018498, -0.048332, 0.000000, 0.000000, 0.000000, 1.000000
3.2471, 138.7753, 42.3379, 278.8959, 350.3959, -106.2753, 214.7343, 12.5434, 45.6834, -48.3884, 0.630651, -0.650848, -0.422701, 0.138775, 0.671054, 0.730923, -0.124247, 0.042338, 0.389828, -0.205298, 0.897712, 0.278896, 0.000000, 0.000000, 0.000000, 1.000000, 0.389825, -0.205301, 0.897712, 0.350396, -0.630651, 0.650848, 0.422701, -0.106275, -0.671056, -0.730923, 0.124244, 0.214734, 0.000000, 0.000000, 0.000000, 1.000000, 0.999991, 0.004222, 0.000783, 0.012543, 0.000705, 0.018379, -0.999831, 0.045683, -0.004235, 0.999822, 0.018376, -0.048388, 0.000000, 0.000000, 0.000000, 1.000000
3.3478, 138.6189, 42.2366, 278.6513, 350.1513, -106.1189, 214.8356, 12.3621, 45.8039, -48.3120, 0.631761, -0.650246, -0.421969, 0.138619, 0.670533, 0.731546, -0.123395, 0.042237, 0.388927, -0.204988, 0.898174, 0.278651, 0.000000, 0.000000, 0.000000, 1.000000, 0.388925, -0.204990, 0.898174, 0.350151, -0.631761, 0.650246, 0.421969, -0.106119, -0.670534, -0.731545, 0.123392, 0.214836, 0.000000, 0.000000, 0.000000, 1.000000, 0.999987, 0.005173, 0.000240, 0.012362, 0.000144, 0.018423, -0.999830, 0.045804, -0.005176, 0.999817, 0.018422, -0.048312, 0.000000, 0.000000, 0.000000, 1.000000
3.4651, 138.6450, 42.1972, 278.7636, 350.2636, -106.1450, 214.8750, 12.4891, 45.6824, -48.3792, 0.632471, -0.650632, -0.420307, 0.138645, 0.671236, 0.731171, -0.121783, 0.042197, 0.386552, -0.205101, 0.899172, 0.278764, 0.000000, 0.000000, 0.000000, 1.000000, 0.386550, -0.205104, 0.899173, 0.350264, -0.632471, 0.650632, 0.420307, -0.106145, -0.671237, -0.731170, 0.121779, 0.214875, 0.000000, 0.000000, 0.000000, 1.000000, 0.999989, 0.004671, 0.000711, 0.012489, 0.000626, 0.018307, -0.999832, 0.045682, -0.004683, 0.999822, 0.018304, -0.048379, 0.000000, 0.000000, 0.000000, 1.000000
3.5776, 138.5310, 42.1081, 278.6727, 350.1728, -106.0310, 214.9641, 12.4119, 45.6815, -48.3512, 0.633395, -0.650419, -0.419245, 0.138531, 0.671329, 0.731325, -0.120337, 0.042108, 0.384874, -0.205230, 0.899863, 0.278673, 0.000000, 0.000000, 0.000000, 1.000000, 0.384871, -0.205233, 0.899863, 0.350173, -0.633395, 0.650419, 0.419245, -0.106031, -0.671331, -0.731324, 0.120334, 0.214964, 0.000000, 0.000000, 0.000000, 1.000000, 0.999988, 0.004895, 0.000658, 0.012412, 0.000567, 0.018522, -0.999828, 0.045681, -0.004907, 0.999816, 0.018519, -0.048351, 0.000000, 0.000000, 0.000000, 1.000000
3.6782, 138.5048, 42.0683, 278.7071, 350.2071, -106.0048, 215.0039, 12.4619, 45.6126, -48.3693, 0.634079, -0.650629, -0.417883, 0.138505, 0.671773, 0.731132, -0.119025, 0.042068, 0.382968, -0.205251, 0.900670, 0.278707, 0.000000, 0.000000, 0.000000, 1.000000, 0.382966, -0.205254, 0.900671, 0.350207, -0.634079, 0.650629, 0.417883, -0.106005, -0.671774, -0.731131, 0.119021, 0.215004, 0.000000, 0.000000, 0.000000, 1.000000, 0.999989, 0.004657, 0.000956, 0.012462, 0.000870, 0.018421, -0.999830, 0.045613, -0.004674, 0.999819, 0.018417, -0.048369, 0.000000, 0.000000, 0.000000, 1.000000
3.7964, 138.3761, 41.9796, 278.5284, 350.0284, -105.8761, 215.0926, 12.3467, 45.6847, -48.3146, 0.634914, -0.650676, -0.416539, 0.138376, 0.671708, 0.731281, -0.118475, 0.041980, 0.381696, -0.204572, 0.901365, 0.278528, 0.000000, 0.000000, 0.000000, 1.000000, 0.381693, -0.204574, 0.901365, 0.350028, -0.634914, 0.650676, 0.416539, -0.105876, -0.671710, -0.731280, 0.118471, 0.215093, 0.000000, 0.000000, 0.000000, 1.000000, 0.999987, 0.005025, 0.000378, 0.012347, 0.000288, 0.017797, -0.999842, 0.045685, -0.005031, 0.999829, 0.017795, -0.048315, 0.000000, 0.000000, 0.000000, 1.000000
3.9138, 138.3476, 41.9051, 278.5859, 350.0860, -105.8476, 215.1671, 12.3937, 45.5859, -48.3607, 0.635870, -0.650809, -0.414870, 0.138348, 0.672370, 0.731032, -0.116236, 0.041905, 0.378930, -0.205035, 0.902426, 0.278586, 0.000000, 0.000000, 0.000000, 1.000000, 0.378928, -0.205038, 0.902426, 0.350086, -0.635870, 0.650809, 0.414870, -0.105848, -0.672372, -0.731031, 0.116232, 0.215167, 0.000000, 0.000000, 0.000000, 1.000000, 0.999988, 0.004633, 0.001301, 0.012394, 0.001217, 0.018120, -0.999835, 0.045586, -0.004656, 0.999825, 0.018114, -0.048361, 0.000000, 0.000000, 0.000000, 1.000000
4.0320, 138.3251, 41.8458, 278.6186, 350.1187, -105.8251, 215.2264, 12.4457, 45.5140, -48.3951, 0.636786, -0.650626, -0.413751, 0.138325, 0.672117, 0.731359, -0.115640, 0.041846, 0.377839, -0.204451, 0.903016, 0.278619, 0.000000, 0.000000, 0.000000, 1.000000, 0.377836, -0.204454, 0.903016, 0.350119, -0.636786, 0.650626, 0.413751, -0.105825, -0.672119, -0.731358, 0.115637, 0.215226, 0.000000, 0.000000, 0.000000, 1.000000, 0.999986, 0.005228, 0.000572, 0.012446, 0.000479, 0.017697, -0.999843, 0.045514, -0.005237, 0.999830, 0.017694, -0.048395, 0.000000, 0.000000, 0.000000, 1.000000
4.1291, 138.2331, 41.7701, 278.5355, 350.0356, -105.7331, 215.3021, 12.3822, 45.5216, -48.3734, 0.637372, -0.650594, -0.412896, 0.138233, 0.672333, 0.731339, -0.114505, 0.041770, 0.376464, -0.204621, 0.903551, 0.278536, 0.000000, 0.000000, 0.000000, 1.000000, 0.376461, -0.204624, 0.903552, 0.350036, -0.637372, 0.650594, 0.412896, -0.105733, -0.672334, -0.731338, 0.114502, 0.215302, 0.000000, 0.000000, 0.000000, 1.000000, 0.999986, 0.005201, 0.000387, 0.012382, 0.000294, 0.017853, -0.999841, 0.045522, -0.005207, 0.999827, 0.017851, -0.048373, 0.000000, 0.000000, 0.000000, 1.000000
4.2429, 138.0854, 41.6736, 278.3482, 349.8482, -105.5854, 215.3986, 12.2435, 45.5957, -48.3101, 0.638419, -0.650346, -0.411669, 0.138085, 0.672218, 0.731628, -0.113330, 0.041674, 0.374892, -0.204379, 0.904259, 0.278348, 0.000000, 0.000000, 0.000000, 1.000000, 0.374890, -0.204382, 0.904260, 0.349848, -0.638419, 0.650346, 0.411669, -0.105585, -0.672219, -0.731627, 0.113327, 0.215399, 0.000000, 0.000000, 0.000000, 1.000000, 0.999984, 0.005679, 0.000239, 0.012243, 0.000138, 0.017758, -0.999842, 0.045596, -0.005683, 0.999826, 0.017757, -0.048310, 0.000000, 0.000000, 0.000000, 1.000000
4.3554, 138.0794, 41.6223, 278.4007, 349.9008, -105.5794, 215.4498, 12.3141, 45.5150, -48.3533, 0.639105, -0.650410, -0.410503, 0.138079, 0.672596, 0.731506, -0.111862, 0.041622, 0.373041, -0.204611, 0.904972, 0.278401, 0.000000, 0.000000, 0.000000, 1.000000, 0.373038, -0.204614, 0.904973, 0.349901, -0.639105, 0.650410, 0.410503, -0.105579, -0.672598, -0.731506, 0.111858, 0.215450, 0.000000, 0.000000, 0.000000, 1.000000, 0.999985, 0.005505, 0.000276, 0.012314, 0.000177, 0.017917, -0.999839, 0.045515, -0.005509, 0.999824, 0.017916, -0.048353, 0.000000, 0.000000, 0.000000, 1.000000
4.4670, 138.0395, 41.5693, 278.4182, 349.9183, -105.5395, 215.5029, 12.3473, 45.4524, -48.3688, 0.639659, -0.650817, -0.408992, 0.138039, 0.673383, 0.731045, -0.110128, 0.041569, 0.370665, -0.204963, 0.905868, 0.278418, 0.000000, 0.000000, 0.000000, 1.000000, 0.370662, -0.204966, 0.905869, 0.349918, -0.639659, 0.650817, 0.408992, -0.105539, -0.673384, -0.731045, 0.110125, 0.215503, 0.000000, 0.000000, 0.000000, 1.000000, 0.999988, 0.004842, 0.000794, 0.012347, 0.000707, 0.018009, -0.999838, 0.045452, -0.004856, 0.999826, 0.018005, -0.048369, 0.000000, 0.000000, 0.000000, 1.000000
4.5620, 137.9343, 41.4811, 278.3201, 349.8201, -105.4343, 215.5911, 12.2597, 45.4686, -48.3446, 0.640445, -0.650915, -0.407603, 0.137934, 0.673780, 0.730916, -0.108548, 0.041481, 0.368579, -0.205116, 0.906685, 0.278320, 0.000000, 0.000000, 0.000000, 1.000000, 0.368577, -0.205118, 0.906685, 0.349820, -0.640445, 0.650915, 0.407603, -0.105434, -0.673782, -0.730915, 0.108545, 0.215591, 0.000000, 0.000000, 0.000000, 1.000000, 0.999988, 0.004666, 0.001393, 0.012260, 0.001308, 0.018085, -0.999836, 0.045469, -0.004690, 0.999826, 0.018078, -0.048345, 0.000000, 0.000000, 0.000000, 1.000000
4.6903, 137.9001, 41.4053, 278.3484, 349.8485, -105.4001, 215.6669, 12.2987, 45.3926, -48.3824, 0.641377, -0.650636, -0.406581, 0.137900, 0.673623, 0.731215, -0.107503, 0.041405, 0.367244, -0.204932, 0.907268, 0.278348, 0.000000, 0.000000, 0.000000, 1.000000, 0.367241, -0.204935, 0.907268, 0.349848, -0.641377, 0.650636, 0.406581, -0.105400, -0.673624, -0.731214, 0.107500, 0.215667, 0.000000, 0.000000, 0.000000, 1.000000, 0.999986, 0.005154, 0.000727, 0.012299, 0.000634, 0.018054, -0.999837, 0.045393, -0.005166, 0.999824, 0.018050, -0.048382, 0.000000, 0.000000, 0.000000, 1.000000
4.8085, 137.7519, 41.3167, 278.1608, 349.6608, -105.2519, 215.7554, 12.1692, 45.4691, -48.3129, 0.642031, -0.650420, -0.405893, 0.137752, 0.673720, 0.731314, -0.106215, 0.041317, 0.365920, -0.205265, 0.907727, 0.278161, 0.000000, 0.000000, 0.000000, 1.000000, 0.365918, -0.205268, 0.907728, 0.349661, -0.642031, 0.650420, 0.405893, -0.105252, -0.673721, -0.731313, 0.106212, 0.215755, 0.000000, 0.000000, 0.000000, 1.000000, 0.999986, 0.005275, 0.000144, 0.012169, 0.000047, 0.018443, -0.999830, 0.045469, -0.005277, 0.999816, 0.018442, -0.048313, 0.000000, 0.000000, 0.000000, 1.000000
4.9069, 137.6961, 41.2273, 278.1410, 349.6411, -105.1961, 215.8449, 12.1438, 45.4336, -48.3372, 0.642765, -0.650545, -0.404529, 0.137696, 0.673880, 0.731299, -0.105298, 0.041227, 0.364333, -0.204922, 0.908443, 0.278141, 0.000000, 0.000000, 0.000000, 1.000000, 0.364330, -0.204925, 0.908443, 0.349641, -0.642765, 0.650545, 0.404529, -0.105196, -0.673881, -0.731298, 0.105295, 0.215845, 0.000000, 0.000000, 0.000000, 1.000000, 0.999986, 0.005341, 0.000180, 0.012144, 0.000083, 0.018070, -0.999837, 0.045434, -0.005344, 0.999822, 0.018069, -0.048337, 0.000000, 0.000000, 0.000000, 1.000000
5.0322, 137.6446, 41.1893, 278.1322, 349.6322, -105.1446, 215.8829, 12.1812, 45.3904, -48.3290, 0.643639, -0.650615, -0.403025, 0.137645, 0.674010, 0.731335, -0.104208, 0.041189, 0.362546, -0.204571, 0.909237, 0.278132, 0.000000, 0.000000, 0.000000, 1.000000, 0.362544, -0.204573, 0.909237, 0.349632, -0.643639, 0.650615, 0.403025, -0.105145, -0.674011, -0.731335, 0.104205, 0.215883, 0.000000, 0.000000, 0.000000, 1.000000, 0.999985, 0.005488, -0.000017, 0.012181, -0.000114, 0.017715, -0.999843, 0.045390, -0.005487, 0.999828, 0.017715, -0.048329, 0.000000, 0.000000, 0.000000, 1.000000
5.1350, 137.5381, 41.1078, 278.0058, 349.5059, -105.0381, 215.9644, 12.0937, 45.4329, -48.2937, 0.644181, -0.650632, -0.402130, 0.137538, 0.674417, 0.731179, -0.102658, 0.041108, 0.360822, -0.205073, 0.909809, 0.278006, 0.000000, 0.000000, 0.000000, 1.000000, 0.360819, -0.205076, 0.909809, 0.349506, -0.644181, 0.650632, 0.402130, -0.105038, -0.674418, -0.731179, 0.102655, 0.215964, 0.000000, 0.000000, 0.000000, 1.000000, 0.999986, 0.005222, 0.000019, 0.012094, -0.000076, 0.018139, -0.999835, 0.045433, -0.005221, 0.999822, 0.018139, -0.048294, 0.000000, 0.000000, 0.000000, 1.000000
5.2475, 137.4356, 41.0105, 277.8863, 349.3864, -104.9356, 216.0617, 12.0083, 45.4673, -48.2738, 0.645149, -0.650364, -0.401010, 0.137436, 0.674246, 0.731485, -0.101599, 0.041011, 0.359409, -0.204833, 0.910422, 0.277886, 0.000000, 0.000000, 0.000000, 1.000000, 0.359407, -0.204836, 0.910422, 0.349386, -0.645149, 0.650364, 0.401010, -0.104936, -0.674248, -0.731484, 0.101596, 0.216062, 0.000000, 0.000000, 0.000000, 1.000000, 0.999984, 0.005722, -0.000288, 0.012008, -0.000391, 0.018049, -0.999837, 0.045467, -0.005716, 0.999821, 0.018051, -0.048274, 0.000000, 0.000000, 0.000000, 1.000000
5.3477, 137.4708, 40.9860, 278.0566, 349.5567, -104.9708, 216.0862, 12.1544, 45.3013, -48.3473, 0.646449, -0.650504, -0.398684, 0.137471, 0.674303, 0.731604, -0.100353, 0.040986, 0.356959, -0.203961, 0.911581, 0.278057, 0.000000, 0.000000, 0.000000, 1.000000, 0.356956, -0.203964, 0.911581, 0.349557, -0.646449, 0.650504, 0.398684, -0.104971, -0.674304, -0.731604, 0.100349, 0.216086, 0.000000, 0.000000, 0.000000, 1.000000, 0.999981, 0.006056, 0.000717, 0.012154, 0.000612, 0.017201, -0.999852, 0.045301, -0.006068, 0.999834, 0.017197, -0.048347, 0.000000, 0.000000, 0.000000, 1.000000
5.4690, 137.3409, 40.8803, 277.9132, 349.4132, -104.8409, 216.1918, 12.0442, 45.3448, -48.3107, 0.646542, -0.650734, -0.398156, 0.137341, 0.674977, 0.731174, -0.098952, 0.040880, 0.355513, -0.204770, 0.911965, 0.277913, 0.000000, 0.000000, 0.000000, 1.000000, 0.355510, -0.204773, 0.911965, 0.349413, -0.646542, 0.650734, 0.398156, -0.104841, -0.674978, -0.731173, 0.098948, 0.216192, 0.000000, 0.000000, 0.000000, 1.000000, 0.999986, 0.005366, 0.000027, 0.012044, -0.000069, 0.017791, -0.999842, 0.045345, -0.005365, 0.999827, 0.017791, -0.048311, 0.000000, 0.000000, 0.000000, 1.000000
5.5824, 137.2740, 40.8292, 277.8934, 349.3935, -104.7740, 216.2430, 12.0492, 45.3076, -48.2998, 0.647628, -0.650533, -0.396717, 0.137274, 0.675106, 0.731303, -0.097094, 0.040829, 0.353283, -0.204945, 0.912792, 0.277893, 0.000000, 0.000000, 0.000000, 1.000000, 0.353281, -0.204948, 0.912792, 0.349393, -0.647628, 0.650533, 0.396717, -0.104774, -0.675108, -0.731302, 0.097091, 0.216243, 0.000000, 0.000000, 0.000000, 1.000000, 0.999984, 0.005556, 0.000528, 0.012049, 0.000427, 0.018032, -0.999837, 0.045308, -0.005565, 0.999822, 0.018030, -0.048300, 0.000000, 0.000000, 0.000000, 1.000000
5.6892, 137.2063, 40.7430, 277.8640, 349.3641, -104.7063, 216.3292, 12.0211, 45.2765, -48.3121, 0.648019, -0.650759, -0.395707, 0.137206, 0.675654, 0.730984, -0.095672, 0.040743, 0.351515, -0.205364, 0.913380, 0.277864, 0.000000, 0.000000, 0.000000, 1.000000, 0.351512, -0.205366, 0.913380, 0.349364, -0.648019, 0.650759, 0.395707, -0.104706, -0.675656, -0.730983, 0.095669, 0.216329, 0.000000, 0.000000, 0.000000, 1.000000, 0.999987, 0.005080, 0.000488, 0.012021, 0.000395, 0.018284, -0.999833, 0.045277, -0.005089, 0.999820, 0.018282, -0.048312, 0.000000, 0.000000, 0.000000, 1.000000
5.7880, 137.1402, 40.6758, 277.8048, 349.3049, -104.6402, 216.3964, 11.9902, 45.2775, -48.3058, 0.648980, -0.651030, -0.393680, 0.137140, 0.675976, 0.730867, -0.094293, 0.040676, 0.349115, -0.204924, 0.914399, 0.277805, 0.000000, 0.000000, 0.000000, 1.000000, 0.349113, -0.204927, 0.914399, 0.349305, -0.648980, 0.651030, 0.393680, -0.104640, -0.675977, -0.730866, 0.094289, 0.216396, 0.000000, 0.000000, 0.000000, 1.000000, 0.999987, 0.005011, 0.001363, 0.011990, 0.001274, 0.017755, -0.999842, 0.045277, -0.005034, 0.999830, 0.017749, -0.048306, 0.000000, 0.000000, 0.000000, 1.000000
5.9054, 137.0975, 40.6204, 277.8140, 349.3141, -104.5975, 216.4518, 12.0202, 45.2220, -48.3197, 0.649683, -0.650938, -0.392671, 0.137098, 0.676007, 0.730968, -0.093270, 0.040620, 0.347743, -0.204853, 0.914937, 0.277814, 0.000000, 0.000000, 0.000000, 1.000000, 0.347741, -0.204856, 0.914937, 0.349314, -0.649683, 0.650938, 0.392671, -0.104598, -0.676009, -0.730968, 0.093266, 0.216452, 0.000000, 0.000000, 0.000000, 1.000000, 0.999986, 0.005204, 0.000850, 0.012020, 0.000757, 0.017727, -0.999843, 0.045222, -0.005218, 0.999829, 0.017723, -0.048320, 0.000000, 0.000000, 0.000000, 1.000000
6.0174, 137.0550, 40.5595, 277.8331, 349.3332, -104.5550, 216.5127, 12.0463, 45.1583, -48.3394, 0.650699, -0.650625, -0.391507, 0.137055, 0.675605, 0.731421, -0.092630, 0.040559, 0.346624, -0.204230, 0.915501, 0.277833, 0.000000, 0.000000, 0.000000, 1.000000, 0.346621, -0.204232, 0.915501, 0.349333, -0.650699, 0.650625, 0.391507, -0.104555, -0.675606, -0.731421, 0.092627, 0.216513, 0.000000, 0.000000, 0.000000, 1.000000, 0.999982, 0.005965, 0.000277, 0.012046, 0.000174, 0.017311, -0.999850, 0.045158, -0.005969, 0.999832, 0.017309, -0.048339, 0.000000, 0.000000, 0.000000, 1.000000
6.1233, 136.9493, 40.4738, 277.6987, 349.1988, -104.4493, 216.5984, 11.9569, 45.2105, -48.3060, 0.651424, -0.650918, -0.389811, 0.136949, 0.676238, 0.731079, -0.090696, 0.040474, 0.344018, -0.204523, 0.916418, 0.277699, 0.000000, 0.000000, 0.000000, 1.000000, 0.344015, -0.204526, 0.916418, 0.349199, -0.651424, 0.650918, 0.389811, -0.104449, -0.676240, -0.731078, 0.090692, 0.216598, 0.000000, 0.000000, 0.000000, 1.000000, 0.999984, 0.005473, 0.001158, 0.011957, 0.001062, 0.017423, -0.999848, 0.045211, -0.005492, 0.999833, 0.017417, -0.048306, 0.000000, 0.000000, 0.000000, 1.000000
6.2530, 136.8564, 40.3910, 277.6556, 349.1557, -104.3564, 216.6812, 11.9278, 45.1795, -48.2965, 0.652090, -0.650726, -0.389016, 0.136856, 0.676152, 0.731267, -0.089822, 0.040391, 0.342924, -0.204462, 0.916842, 0.277656, 0.000000, 0.000000, 0.000000, 1.000000, 0.342921, -0.204464, 0.916842, 0.349156, -0.652090, 0.650726, 0.389016, -0.104356, -0.676153, -0.731266, 0.089819, 0.216681, 0.000000, 0.000000, 0.000000, 1.000000, 0.999983, 0.005786, 0.000150, 0.011928, 0.000049, 0.017445, -0.999848, 0.045179, -0.005788, 0.999831, 0.017445, -0.048297, 0.000000, 0.000000, 0.000000, 1.000000
6.3699, 136.8090, 40.3366, 277.6460, 349.1461, -104.3090, 216.7355, 11.9490, 45.1406, -48.3028, 0.652664, -0.650858, -0.387833, 0.136809, 0.676439, 0.731143, -0.088654, 0.040337, 0.341263, -0.204484, 0.917456, 0.277646, 0.000000, 0.000000, 0.000000, 1.000000, 0.341260, -0.204487, 0.917457, 0.349146, -0.652664, 0.650858, 0.387833, -0.104309, -0.676440, -0.731143, 0.088651, 0.216736, 0.000000, 0.000000, 0.000000, 1.000000, 0.999984, 0.005645, -0.000118, 0.011949, -0.000216, 0.017392, -0.999849, 0.045141, -0.005642, 0.999833, 0.017393, -0.048303, 0.000000, 0.000000, 0.000000, 1.000000
6.4573, 136.7392, 40.2552, 277.6055, 349.1056, -104.2392, 216.8170, 11.9033, 45.1252, -48.3081, 0.653752, -0.650734, -0.386204, 0.136739, 0.676531, 0.731264, -0.086937, 0.040255, 0.338990, -0.204444, 0.918307, 0.277605, 0.000000, 0.000000, 0.000000, 1.000000, 0.338987, -0.204447, 0.918308, 0.349106, -0.653752, 0.650734, 0.386204, -0.104239, -0.676533, -0.731263, 0.086933, 0.216817, 0.000000, 0.000000, 0.000000, 1.000000, 0.999983, 0.005847, 0.000871, 0.011903, 0.000769, 0.017405, -0.999848, 0.045125, -0.005861, 0.999831, 0.017400, -0.048308, 0.000000, 0.000000, 0.000000, 1.000000
6.5646, 136.6623, 40.1915, 277.5703, 349.0704, -104.1623, 216.8807, 11.8826, 45.1002, -48.2968, 0.654629, -0.650557, -0.385015, 0.136662, 0.676421, 0.731490, -0.085895, 0.040191, 0.337514, -0.204202, 0.918905, 0.277570, 0.000000, 0.000000, 0.000000, 1.000000, 0.337512, -0.204205, 0.918905, 0.349070, -0.654629, 0.650557, 0.385015, -0.104162, -0.676422, -0.731489, 0.085892, 0.216881, 0.000000, 0.000000, 0.000000, 1.000000, 0.999980, 0.006230, 0.000684, 0.011883, 0.000576, 0.017260, -0.999851, 0.045100, -0.006241, 0.999832, 0.017256, -0.048297, 0.000000, 0.000000, 0.000000, 1.000000
6.7100, 136.6111, 40.1142, 277.5558, 349.0559, -104.1111, 216.9580, 11.9061, 45.0567, -48.3163, 0.655158, -0.650748, -0.383791, 0.136611, 0.676796, 0.731291, -0.084623, 0.040114, 0.335731, -0.204307, 0.919534, 0.277556, 0.000000, 0.000000, 0.000000, 1.000000, 0.335728, -0.204310, 0.919535, 0.349056, -0.655158, 0.650748, 0.383791, -0.104111, -0.676797, -0.731290, 0.084619, 0.216958, 0.000000, 0.000000, 0.000000, 1.000000, 0.999982, 0.005979, 0.000020, 0.011906, -0.000083, 0.017250, -0.999851, 0.045057, -0.005978, 0.999833, 0.017251, -0.048316, 0.000000, 0.000000, 0.000000, 1.000000
6.8045, 136.4676, 40.0174, 277.3778, 348.8779, -103.9676, 217.0548, 11.7617, 45.1388, -48.2576, 0.655795, -0.650441, -0.383223, 0.136468, 0.677050, 0.731287, -0.082598, 0.040017, 0.333971, -0.205294, 0.919955, 0.277378, 0.000000, 0.000000, 0.000000, 1.000000, 0.333969, -0.205297, 0.919956, 0.348878, -0.655795, 0.650441, 0.383223, -0.103968, -0.677051, -0.731287, 0.082594, 0.217055, 0.000000, 0.000000, 0.000000, 1.000000, 0.999983, 0.005877, 0.000261, 0.011762, 0.000153, 0.018265, -0.999833, 0.045139, -0.005880, 0.999816, 0.018264, -0.048258, 0.000000, 0.000000, 0.000000, 1.000000
6.9179, 136.4441, 39.9668, 277.4520, 348.9521, -103.9441, 217.1054, 11.8257, 45.0334, -48.2930, 0.656535, -0.650845, -0.381264, 0.136444, 0.677232, 0.731186, -0.081995, 0.039967, 0.332141, -0.204371, 0.920823, 0.277452, 0.000000, 0.000000, 0.000000, 1.000000, 0.332138, -0.204374, 0.920823, 0.348952, -0.656535, 0.650845, 0.381264, -0.103944, -0.677234, -0.731185, 0.081992, 0.217105, 0.000000, 0.000000, 0.000000, 1.000000, 0.999983, 0.005885, 0.000259, 0.011826, 0.000158, 0.017242, -0.999851, 0.045033, -0.005889, 0.999834, 0.017241, -0.048293, 0.000000, 0.000000, 0.000000, 1.000000
7.0453, 136.3435, 39.8890, 277.3450, 348.8451, -103.8435, 217.1832, 11.7719, 45.0616, -48.2625, 0.657345, -0.650690, -0.380131, 0.136343, 0.677124, 0.731393, -0.081041, 0.039889, 0.330758, -0.204124, 0.921376, 0.277345, 0.000000, 0.000000, 0.000000, 1.000000, 0.330755, -0.204127, 0.921376, 0.348845, -0.657345, 0.650690, 0.380131, -0.103843, -0.677125, -0.731392, 0.081037, 0.217183, 0.000000, 0.000000, 0.000000, 1.000000, 0.999980, 0.006248, -0.000392, 0.011772, -0.000499, 0.017076, -0.999854, 0.045062, -0.006240, 0.999835, 0.017079, -0.048263, 0.000000, 0.000000, 0.000000, 1.000000
7.1323, 136.3064, 39.8181, 277.3591, 348.8591, -103.8064, 217.2541, 11.7723, 45.0105, -48.2921, 0.657884, -0.650947, -0.378756, 0.136306, 0.677808, 0.730984, -0.078977, 0.039818, 0.328274, -0.204766, 0.922121, 0.277359, 0.000000, 0.000000, 0.000000, 1.000000, 0.328272, -0.204769, 0.922121, 0.348859, -0.657884, 0.650947, 0.378756, -0.103806, -0.677810, -0.730984, 0.078974, 0.217254, 0.000000, 0.000000, 0.000000, 1.000000, 0.999984, 0.005616, 0.000640, 0.011772, 0.000542, 0.017529, -0.999846, 0.045011, -0.005626, 0.999831, 0.017525, -0.048292, 0.000000, 0.000000, 0.000000, 1.000000
7.2505, 136.2600, 39.7717, 277.3978, 348.8979, -103.7600, 217.3005, 11.8157, 44.9290, -48.3025, 0.658961, -0.650624, -0.377437, 0.136260, 0.677614, 0.731312, -0.077597, 0.039772, 0.326511, -0.204624, 0.922778, 0.277398, 0.000000, 0.000000, 0.000000, 1.000000, 0.326508, -0.204626, 0.922779, 0.348898, -0.658961, 0.650624, 0.377437, -0.103760, -0.677616, -0.731311, 0.077593, 0.217301, 0.000000, 0.000000, 0.000000, 1.000000, 0.999981, 0.006134, 0.000596, 0.011816, 0.000489, 0.017534, -0.999846, 0.044929, -0.006143, 0.999827, 0.017530, -0.048303, 0.000000, 0.000000, 0.000000, 1.000000
7.3591, 136.1735, 39.6808, 277.3062, 348.8063, -103.6735, 217.3914, 11.7525, 44.9517, -48.2939, 0.659421, -0.650948, -0.376073, 0.136174, 0.677952, 0.731093, -0.076705, 0.039681, 0.324875, -0.204378, 0.923410, 0.277306, 0.000000, 0.000000, 0.000000, 1.000000, 0.324873, -0.204381, 0.923410, 0.348806, -0.659421, 0.650948, 0.376073, -0.103674, -0.677954, -0.731092, 0.076702, 0.217391, 0.000000, 0.000000, 0.000000, 1.000000, 0.999983, 0.005885, 0.000409, 0.011752, 0.000308, 0.017157, -0.999853, 0.044952, -0.005891, 0.999835, 0.017155, -0.048294, 0.000000, 0.000000, 0.000000, 1.000000
7.4812, 136.0971, 39.6139, 277.2577, 348.7578, -103.5971, 217.4583, 11.7369, 44.9379, -48.2827, 0.660094, -0.650874, -0.375020, 0.136097, 0.678194, 0.731041, -0.075047, 0.039614, 0.323002, -0.204798, 0.923974, 0.277258, 0.000000, 0.000000, 0.000000, 1.000000, 0.322999, -0.204801, 0.923974, 0.348758, -0.660094, 0.650874, 0.375020, -0.103597, -0.678195, -0.731041, 0.075044, 0.217458, 0.000000, 0.000000, 0.000000, 1.000000, 0.999983, 0.005800, 0.000281, 0.011737, 0.000179, 0.017556, -0.999846, 0.044938, -0.005804, 0.999829, 0.017554, -0.048283, 0.000000, 0.000000, 0.000000, 1.000000
7.5845, 136.1367, 39.5702, 277.4520, 348.9521, -103.6367, 217.5020, 11.8762, 44.7469, -48.3775, 0.661117, -0.650957, -0.373067, 0.136137, 0.678248, 0.731120, -0.073783, 0.039570, 0.320786, -0.204252, 0.924866, 0.277452, 0.000000, 0.000000, 0.000000, 1.000000, 0.320783, -0.204255, 0.924866, 0.348952, -0.661117, 0.650957, 0.373067, -0.103637, -0.678249, -0.731119, 0.073780, 0.217502, 0.000000, 0.000000, 0.000000, 1.000000, 0.999982, 0.006005, 0.000911, 0.011876, 0.000809, 0.017015, -0.999855, 0.044747, -0.006020, 0.999837, 0.017010, -0.048378, 0.000000, 0.000000, 0.000000, 1.000000
7.6922, 135.9854, 39.4729, 277.2352, 348.7352, -103.4854, 217.5993, 11.7246, 44.8627, -48.3069, 0.661509, -0.650765, -0.372708, 0.135985, 0.678175, 0.731253, -0.073127, 0.039473, 0.320132, -0.204387, 0.925063, 0.277235, 0.000000, 0.000000, 0.000000, 1.000000, 0.320130, -0.204389, 0.925063, 0.348735, -0.661509, 0.650765, 0.372708, -0.103485, -0.678176, -0.731252, 0.073124, 0.217599, 0.000000, 0.000000, 0.000000, 1.000000, 0.999981, 0.006215, -0.000221, 0.011725, -0.000328, 0.017211, -0.999852, 0.044863, -0.006210, 0.999833, 0.017212, -0.048307, 0.000000, 0.000000, 0.000000, 1.000000
7.8157, 135.8910, 39.3978, 277.1807, 348.6808, -103.3910, 217.6744, 11.6906, 44.8477, -48.2886, 0.662373, -0.650814, -0.371084, 0.135891, 0.678232, 0.731315, -0.071973, 0.039398, 0.318220, -0.204008, 0.925806, 0.277181, 0.000000, 0.000000, 0.000000, 1.000000, 0.318218, -0.204010, 0.925806, 0.348681, -0.662373, 0.650814, 0.371084, -0.103391, -0.678233, -0.731314, 0.071970, 0.217674, 0.000000, 0.000000, 0.000000, 1.000000, 0.999980, 0.006382, -0.000284, 0.011691, -0.000391, 0.016832, -0.999858, 0.044848, -0.006376, 0.999838, 0.016834, -0.048289, 0.000000, 0.000000, 0.000000, 1.000000
7.9277, 135.8903, 39.3536, 277.2694, 348.7695, -103.3903, 217.7186, 11.7756, 44.7384, -48.3371, 0.663141, -0.650946, -0.369477, 0.135890, 0.678716, 0.731073, -0.069842, 0.039354, 0.315578, -0.204454, 0.926611, 0.277269, 0.000000, 0.000000, 0.000000, 1.000000, 0.315576, -0.204457, 0.926612, 0.348770, -0.663141, 0.650946, 0.369477, -0.103390, -0.678717, -0.731072, 0.069839, 0.217719, 0.000000, 0.000000, 0.000000, 1.000000, 0.999982, 0.006022, 0.000529, 0.011776, 0.000425, 0.017168, -0.999853, 0.044738, -0.006030, 0.999834, 0.017165, -0.048337, 0.000000, 0.000000, 0.000000, 1.000000
8.0213, 135.7369, 39.2436, 277.0697, 348.5698, -103.2369, 217.8286, 11.6098, 44.8411, -48.2775, 0.663741, -0.650582, -0.369040, 0.135737, 0.678292, 0.731489, -0.069593, 0.039244, 0.315225, -0.204125, 0.926804, 0.277070, 0.000000, 0.000000, 0.000000, 1.000000, 0.315222, -0.204128, 0.926805, 0.348570, -0.663741, 0.650582, 0.369040, -0.103237, -0.678294, -0.731488, 0.069590, 0.217829, 0.000000, 0.000000, 0.000000, 1.000000, 0.999978, 0.006678, -0.000586, 0.011610, -0.000700, 0.017016, -0.999855, 0.044841, -0.006667, 0.999833, 0.017021, -0.048278, 0.000000, 0.000000, 0.000000, 1.000000
8.1268, 135.6926, 39.1927, 277.0887, 348.5888, -103.1926, 217.8795, 11.6342, 44.7820, -48.2887, 0.664690, -0.650652, -0.367206, 0.135693, 0.678579, 0.731404, -0.067658, 0.039193, 0.312598, -0.204207, 0.927676, 0.277089, 0.000000, 0.000000, 0.000000, 1.000000, 0.312595, -0.204209, 0.927676, 0.348589, -0.664690, 0.650652, 0.367206, -0.103193, -0.678581, -0.731404, 0.067655, 0.217879, 0.000000, 0.000000, 0.000000, 1.000000, 0.999978, 0.006580, 0.000378, 0.011634, 0.000266, 0.017048, -0.999855, 0.044782, -0.006585, 0.999833, 0.017046, -0.048289, 0.000000, 0.000000, 0.000000, 1.000000
8.2622, 135.6501, 39.1249, 277.1307, 348.6307, -103.1501, 217.9473, 11.6785, 44.6950, -48.3178, 0.664946, -0.651067, -0.366004, 0.135650, 0.679488, 0.730762, -0.065443, 0.039125, 0.310069, -0.205179, 0.928309, 0.277131, 0.000000, 0.000000, 0.000000, 1.000000, 0.310067, -0.205182, 0.928310, 0.348631, -0.664946, 0.651067, 0.366004, -0.103150, -0.679489, -0.730761, 0.065439, 0.217947, 0.000000, 0.000000, 0.000000, 1.000000, 0.999984, 0.005605, 0.000521, 0.011678, 0.000422, 0.017740, -0.999843, 0.044695, -0.005614, 0.999827, 0.017738, -0.048318, 0.000000, 0.000000, 0.000000, 1.000000
8.3487, 135.5504, 39.0479, 277.0243, 348.5244, -103.0504, 218.0243, 11.5947, 44.7351, -48.2875, 0.665690, -0.650921, -0.364910, 0.135550, 0.679204, 0.731064, -0.065018, 0.039048, 0.309094, -0.204566, 0.928770, 0.277024, 0.000000, 0.000000, 0.000000, 1.000000, 0.309091, -0.204569, 0.928770, 0.348524, -0.665690, 0.650921, 0.364910, -0.103050, -0.679206, -0.731063, 0.065014, 0.218024, 0.000000, 0.000000, 0.000000, 1.000000, 0.999981, 0.006124, 0.000167, 0.011595, 0.000061, 0.017236, -0.999851, 0.044735, -0.006126, 0.999833, 0.017235, -0.048288, 0.000000, 0.000000, 0.000000, 1.000000
8.4656, 135.5190, 38.9753, 277.0573, 348.5573, -103.0190, 218.0969, 11.6256, 44.6641, -48.3258, 0.666733, -0.650781, -0.363251, 0.135519, 0.679199, 0.731214, -0.063359, 0.038975, 0.306847, -0.204477, 0.929534, 0.277057, 0.000000, 0.000000, 0.000000, 1.000000, 0.306844, -0.204479, 0.929535, 0.348557, -0.666733, 0.650781, 0.363251, -0.103019, -0.679201, -0.731213, 0.063355, 0.218097, 0.000000, 0.000000, 0.000000, 1.000000, 0.999979, 0.006382, 0.000594, 0.011626, 0.000484, 0.017200, -0.999852, 0.044664, -0.006392, 0.999832, 0.017197, -0.048326, 0.000000, 0.000000, 0.000000, 1.000000
8.5856, 135.4336, 38.9031, 277.0268, 348.5269, -102.9336, 218.1691, 11.6038, 44.6327, -48.3159, 0.667529, -0.650664, -0.361997, 0.135434, 0.678867, 0.731548, -0.063065, 0.038903, 0.305852, -0.203650, 0.930044, 0.277027, 0.000000, 0.000000, 0.000000, 1.000000, 0.305850, -0.203653, 0.930044, 0.348527, -0.667529, 0.650664, 0.361997, -0.102934, -0.678868, -0.731547, 0.063061, 0.218169, 0.000000, 0.000000, 0.000000, 1.000000, 0.999976, 0.006976, -0.000312, 0.011604, -0.000427, 0.016481, -0.999864, 0.044633, -0.006969, 0.999840, 0.016484, -0.048316, 0.000000, 0.000000, 0.000000, 1.000000
8.7152, 135.3756, 38.8501, 276.9913, 348.4914, -102.8756, 218.2221, 11.6193, 44.6154, -48.3092, 0.667766, -0.651149, -0.360685, 0.135376, 0.679987, 0.730741, -0.060297, 0.038850, 0.302830, -0.204997, 0.930737, 0.276991, 0.000000, 0.000000, 0.000000, 1.000000, 0.302827, -0.204999, 0.930737, 0.348491, -0.667766, 0.651149, 0.360685, -0.102876, -0.679988, -0.730740, 0.060294, 0.218222, 0.000000, 0.000000, 0.000000, 1.000000, 0.999983, 0.005732, 0.000399, 0.011619, 0.000299, 0.017495, -0.999847, 0.044615, -0.005738, 0.999831, 0.017493, -0.048309, 0.000000, 0.000000, 0.000000, 1.000000
8.7939, 135.2413, 38.7414, 276.8599, 348.3600, -102.7413, 218.3308, 11.4774, 44.6675, -48.2742, 0.668762, -0.650638, -0.359760, 0.135241, 0.679404, 0.731333, -0.059688, 0.038741, 0.301940, -0.204506, 0.931134, 0.276860, 0.000000, 0.000000, 0.000000, 1.000000, 0.301937, -0.204508, 0.931134, 0.348360, -0.668762, 0.650638, 0.359760, -0.102741, -0.679405, -0.731332, 0.059684, 0.218331, 0.000000, 0.000000, 0.000000, 1.000000, 0.999978, 0.006649, 0.000178, 0.011477, 0.000063, 0.017249, -0.999851, 0.044667, -0.006651, 0.999829, 0.017249, -0.048274, 0.000000, 0.000000, 0.000000, 1.000000
8.9051, 135.1903, 38.6710, 276.8437, 348.3438, -102.6903, 218.4012, 11.4771, 44.6376, -48.2886, 0.669788, -0.650509, -0.358080, 0.135190, 0.679326, 0.731521, -0.058246, 0.038671, 0.299833, -0.204241, 0.931872, 0.276844, 0.000000, 0.000000, 0.000000, 1.000000, 0.299830, -0.204243, 0.931873, 0.348344, -0.669788, 0.650509, 0.358080, -0.102690, -0.679327, -0.731521, 0.058242, 0.218401, 0.000000, 0.000000, 0.000000, 1.000000, 0.999976, 0.006976, 0.000562, 0.011477, 0.000443, 0.017046, -0.999855, 0.044638, -0.006984, 0.999830, 0.017043, -0.048289, 0.000000, 0.000000, 0.000000, 1.000000
9.0475, 135.1254, 38.6019, 276.8182, 348.3182, -102.6254, 218.4703, 11.4899, 44.6056, -48.2910, 0.670070, -0.650884, -0.356871, 0.135125, 0.680008, 0.731025, -0.056489, 0.038602, 0.297649, -0.204823, 0.932444, 0.276818, 0.000000, 0.000000, 0.000000, 1.000000, 0.297647, -0.204826, 0.932445, 0.348318, -0.670070, 0.650884, 0.356871, -0.102625, -0.680009, -0.731025, 0.056485, 0.218470, 0.000000, 0.000000, 0.000000, 1.000000, 0.999980, 0.006256, 0.000255, 0.011490, 0.000146, 0.017411, -0.999848, 0.044606, -0.006260, 0.999829, 0.017409, -0.048291, 0.000000, 0.000000, 0.000000, 1.000000
9.1367, 135.0663, 38.5283, 276.7896, 348.2896, -102.5663, 218.5439, 11.4610, 44.5890, -48.2998, 0.670685, -0.651006, -0.355489, 0.135066, 0.680244, 0.730909, -0.055128, 0.038528, 0.295719, -0.204846, 0.933053, 0.276790, 0.000000, 0.000000, 0.000000, 1.000000, 0.295716, -0.204849, 0.933053, 0.348290, -0.670685, 0.651006, 0.355489, -0.102566, -0.680246, -0.730909, 0.055124, 0.218544, 0.000000, 0.000000, 0.000000, 1.000000, 0.999981, 0.006115, 0.000731, 0.011461, 0.000625, 0.017372, -0.999849, 0.044589, -0.006127, 0.999830, 0.017368, -0.048300, 0.000000, 0.000000, 0.000000, 1.000000
9.2544, 135.0033, 38.4686, 276.7731, 348.2732, -102.5033, 218.6036, 11.4650, 44.5552, -48.2984, 0.671675, -0.650641, -0.354288, 0.135003, 0.679618, 0.731506, -0.054942, 0.038469, 0.294911, -0.203878, 0.933521, 0.276773, 0.000000, 0.000000, 0.000000, 1.000000, 0.294908, -0.203880, 0.933521, 0.348273, -0.671675, 0.650641, 0.354288, -0.102503, -0.679619, -0.731505, 0.054938, 0.218604, 0.000000, 0.000000, 0.000000, 1.000000, 0.999975, 0.007087, -0.000258, 0.011465, -0.000376, 0.016617, -0.999862, 0.044555, -0.007082, 0.999837, 0.016620, -0.048298, 0.000000, 0.000000, 0.000000, 1.000000
9.3806, 134.8669, 38.3828, 276.6401, 348.1402, -102.3669, 218.6894, 11.3744, 44.6023, -48.2451, 0.672035, -0.650834, -0.353249, 0.134867, 0.679873, 0.731338, -0.054017, 0.038383, 0.293501, -0.203863, 0.933969, 0.276640, 0.000000, 0.000000, 0.000000, 1.000000, 0.293498, -0.203866, 0.933969, 0.348140, -0.672035, 0.650834, 0.353249, -0.102367, -0.679874, -0.731337, 0.054014, 0.218689, 0.000000, 0.000000, 0.000000, 1.000000, 0.999976, 0.006884, -0.001002, 0.011374, -0.001115, 0.016511, -0.999863, 0.044602, -0.006867, 0.999840, 0.016518, -0.048245, 0.000000, 0.000000, 0.000000, 1.000000
9.4830, 134.9071, 38.3200, 276.8101, 348.3101, -102.4071, 218.7522, 11.4872, 44.4321, -48.3496, 0.672843, -0.651137, -0.351146, 0.134907, 0.680321, 0.731064, -0.052040, 0.038320, 0.290595, -0.203877, 0.934874, 0.276810, 0.000000, 0.000000, 0.000000, 1.000000, 0.290592, -0.203880, 0.934874, 0.348310, -0.672843, 0.651137, 0.351146, -0.102407, -0.680322, -0.731063, 0.052036, 0.218752, 0.000000, 0.000000, 0.000000, 1.000000, 0.999979, 0.006519, 0.000234, 0.011487, 0.000127, 0.016391, -0.999866, 0.044432, -0.006522, 0.999844, 0.016390, -0.048350, 0.000000, 0.000000, 0.000000, 1.000000
9.5968, 134.8143, 38.2511, 276.7287, 348.2287, -102.3143, 218.8211, 11.4421, 44.4497, -48.3228, 0.673600, -0.650784, -0.350349, 0.134814, 0.680223, 0.731263, -0.050511, 0.038251, 0.289069, -0.204291, 0.935256, 0.276729, 0.000000, 0.000000, 0.000000, 1.000000, 0.289066, -0.204294, 0.935257, 0.348229, -0.673600, 0.650784, 0.350349, -0.102314, -0.680224, -0.731262, 0.050507, 0.218821, 0.000000, 0.000000, 0.000000, 1.000000, 0.999977, 0.006809, -0.000061, 0.011442, -0.000176, 0.016900, -0.999857, 0.044450, -0.006807, 0.999834, 0.016901, -0.048323, 0.000000, 0.000000, 0.000000, 1.000000
9.7137, 134.6925, 38.1656, 276.5970, 348.0971, -102.1925, 218.9066, 11.3549, 44.5035, -48.2793, 0.674394, -0.650637, -0.349092, 0.134692, 0.679878, 0.731609, -0.050147, 0.038166, 0.288026, -0.203521, 0.935746, 0.276597, 0.000000, 0.000000, 0.000000, 1.000000, 0.288023, -0.203524, 0.935746, 0.348097, -0.674394, 0.650637, 0.349092, -0.102192, -0.679879, -0.731608, 0.050144, 0.218907, 0.000000, 0.000000, 0.000000, 1.000000, 0.999972, 0.007399, -0.000870, 0.011355, -0.000990, 0.016233, -0.999868, 0.044504, -0.007384, 0.999841, 0.016240, -0.048279, 0.000000, 0.000000, 0.000000, 1.000000
9.8077, 134.6546, 38.1106, 276.6513, 348.1513, -102.1546, 218.9616, 11.3802, 44.4178, -48.3045, 0.675380, -0.650682, -0.347096, 0.134655, 0.680043, 0.731584, -0.048233, 0.038111, 0.285314, -0.203465, 0.936589, 0.276651, 0.000000, 0.000000, 0.000000, 1.000000, 0.285311, -0.203467, 0.936589, 0.348151, -0.675380, 0.650682, 0.347096, -0.102155, -0.680044, -0.731583, 0.048229, 0.218962, 0.000000, 0.000000, 0.000000, 1.000000, 0.999973, 0.007395, 0.000379, 0.011380, 0.000259, 0.016152, -0.999870, 0.044418, -0.007400, 0.999842, 0.016149, -0.048304, 0.000000, 0.000000, 0.000000, 1.000000
9.9163, 134.5650, 38.0371, 276.5452, 348.0453, -102.0650, 219.0351, 11.3239, 44.4615, -48.2783, 0.675661, -0.650975, -0.345996, 0.134565, 0.680688, 0.731109, -0.046299, 0.038037, 0.283100, -0.204233, 0.937093, 0.276545, 0.000000, 0.000000, 0.000000, 1.000000, 0.283098, -0.204236, 0.937093, 0.348045, -0.675661, 0.650975, 0.345996, -0.102065, -0.680689, -0.731108, 0.046295, 0.219035, 0.000000, 0.000000, 0.000000, 1.000000, 0.999977, 0.006686, 0.000691, 0.011324, 0.000579, 0.016734, -0.999860, 0.044461, -0.006696, 0.999838, 0.016729, -0.048278, 0.000000, 0.000000, 0.000000, 1.000000
10.0481, 134.4564, 37.9350, 276.4776, 347.9777, -101.9564, 219.1372, 11.2643, 44.4568, -48.2678, 0.676727, -0.650676, -0.344474, 0.134456, 0.680155, 0.731636, -0.045806, 0.037935, 0.281834, -0.203298, 0.937678, 0.276478, 0.000000, 0.000000, 0.000000, 1.000000, 0.281832, -0.203300, 0.937678, 0.347978, -0.676727, 0.650676, 0.344474, -0.101956, -0.680156, -0.731635, 0.045802, 0.219137, 0.000000, 0.000000, 0.000000, 1.000000, 0.999972, 0.007549, -0.000086, 0.011264, -0.000206, 0.015968, -0.999872, 0.044457, -0.007547, 0.999844, 0.015970, -0.048268, 0.000000, 0.000000, 0.000000, 1.000000
10.1413, 134.4027, 37.8865, 276.4703, 347.9704, -101.9027, 219.1857, 11.2652, 44.4247, -48.2661, 0.677201, -0.650756, -0.343387, 0.134403, 0.680431, 0.731470, -0.044324, 0.037887, 0.280022, -0.203635, 0.938147, 0.276470, 0.000000, 0.000000, 0.000000, 1.000000, 0.280019, -0.203638, 0.938148, 0.347970, -0.677201, 0.650756, 0.343387, -0.101903, -0.680432, -0.731470, 0.044320, 0.219186, 0.000000, 0.000000, 0.000000, 1.000000, 0.999973, 0.007313, 0.000166, 0.011265, 0.000048, 0.016238, -0.999868, 0.044425, -0.007315, 0.999841, 0.016237, -0.048266, 0.000000, 0.000000, 0.000000, 1.000000
10.2480, 134.3694, 37.8073, 276.5180, 348.0181, -101.8694, 219.2649, 11.2844, 44.3433, -48.3106, 0.677500, -0.651156, -0.342038, 0.134369, 0.681372, 0.730757, -0.041537, 0.037807, 0.276994, -0.204914, 0.938768, 0.276518, 0.000000, 0.000000, 0.000000, 1.000000, 0.276992, -0.204917, 0.938768, 0.348018, -0.677500, 0.651156, 0.342038, -0.101869, -0.681373, -0.730757, 0.041534, 0.219265, 0.000000, 0.000000, 0.000000, 1.000000, 0.999980, 0.006231, 0.001294, 0.011284, 0.001186, 0.017257, -0.999850, 0.044343, -0.006253, 0.999832, 0.017249, -0.048311, 0.000000, 0.000000, 0.000000, 1.000000
10.3636, 134.2962, 37.7545, 276.5175, 348.0176, -101.7962, 219.3177, 11.2881, 44.2939, -48.3004, 0.678489, -0.650824, -0.340706, 0.134296, 0.680967, 0.731186, -0.040635, 0.037754, 0.275566, -0.204440, 0.939291, 0.276517, 0.000000, 0.000000, 0.000000, 1.000000, 0.275563, -0.204442, 0.939291, 0.348018, -0.678489, 0.650824, 0.340706, -0.101796, -0.680968, -0.731185, 0.040631, 0.219318, 0.000000, 0.000000, 0.000000, 1.000000, 0.999976, 0.006914, 0.000937, 0.011288, 0.000820, 0.016930, -0.999856, 0.044294, -0.006929, 0.999833, 0.016924, -0.048300, 0.000000, 0.000000, 0.000000, 1.000000
10.4889, 134.2411, 37.6959, 276.4901, 347.9902, -101.7411, 219.3763, 11.3001, 44.2738, -48.3014, 0.679324, -0.650751, -0.339177, 0.134241, 0.680732, 0.731442, -0.039948, 0.037696, 0.274084, -0.203751, 0.939874, 0.276490, 0.000000, 0.000000, 0.000000, 1.000000, 0.274082, -0.203754, 0.939874, 0.347990, -0.679324, 0.650751, 0.339177, -0.101741, -0.680733, -0.731442, 0.039944, 0.219376, 0.000000, 0.000000, 0.000000, 1.000000, 0.999973, 0.007364, 0.000413, 0.011300, 0.000293, 0.016303, -0.999867, 0.044274, -0.007369, 0.999840, 0.016300, -0.048301, 0.000000, 0.000000, 0.000000, 1.000000
10.5939, 134.1082, 37.5956, 276.3381, 347.8381, -101.6082, 219.4766, 11.1815, 44.3479, -48.2573, 0.679642, -0.650815, -0.338418, 0.134108, 0.681144, 0.731154, -0.038155, 0.037596, 0.272268, -0.204580, 0.940222, 0.276338, 0.000000, 0.000000, 0.000000, 1.000000, 0.272265, -0.204583, 0.940222, 0.347838, -0.679642, 0.650815, 0.338418, -0.101608, -0.681145, -0.731154, 0.038151, 0.219477, 0.000000, 0.000000, 0.000000, 1.000000, 0.999976, 0.006928, 0.000417, 0.011181, 0.000299, 0.017036, -0.999855, 0.044348, -0.006934, 0.999831, 0.017033, -0.048257, 0.000000, 0.000000, 0.000000, 1.000000
10.6871, 134.0632, 37.5393, 276.3956, 347.8957, -101.5632, 219.5329, 11.2001, 44.2578, -48.2793, 0.680523, -0.650675, -0.336913, 0.134063, 0.681009, 0.731345, -0.036882, 0.037539, 0.270398, -0.204342, 0.940813, 0.276396, 0.000000, 0.000000, 0.000000, 1.000000, 0.270395, -0.204345, 0.940813, 0.347896, -0.680523, 0.650675, 0.336913, -0.101563, -0.681010, -0.731345, 0.036878, 0.219533, 0.000000, 0.000000, 0.000000, 1.000000, 0.999973, 0.007246, 0.000841, 0.011200, 0.000719, 0.016854, -0.999858, 0.044258, -0.007259, 0.999832, 0.016849, -0.048279, 0.000000, 0.000000, 0.000000, 1.000000
10.8294, 134.0132, 37.4566, 276.4031, 347.9032, -101.5132, 219.6156, 11.2214, 44.2026, -48.3077, 0.681046, -0.651008, -0.335209, 0.134013, 0.681277, 0.731149, -0.035806, 0.037457, 0.268397, -0.203984, 0.941463, 0.276403, 0.000000, 0.000000, 0.000000, 1.000000, 0.268395, -0.203987, 0.941463, 0.347903, -0.681046, 0.651008, 0.335209, -0.101513, -0.681278, -0.731149, 0.035802, 0.219616, 0.000000, 0.000000, 0.000000, 1.000000, 0.999975, 0.007024, 0.000422, 0.011221, 0.000306, 0.016382, -0.999866, 0.044203, -0.007030, 0.999841, 0.016379, -0.048308, 0.000000, 0.000000, 0.000000, 1.000000
10.9103, 133.8546, 37.3638, 276.2021, 347.7022, -101.3546, 219.7084, 11.0593, 44.3209, -48.2319, 0.681752, -0.650581, -0.334603, 0.133855, 0.680938, 0.731509, -0.034895, 0.037364, 0.267467, -0.204054, 0.941713, 0.276202, 0.000000, 0.000000, 0.000000, 1.000000, 0.267464, -0.204057, 0.941713, 0.347702, -0.681752, 0.650581, 0.334603, -0.101355, -0.680939, -0.731509, 0.034891, 0.219708, 0.000000, 0.000000, 0.000000, 1.000000, 0.999971, 0.007564, 0.000113, 0.011059, -0.000013, 0.016592, -0.999862, 0.044321, -0.007565, 0.999834, 0.016592, -0.048232, 0.000000, 0.000000, 0.000000, 1.000000
11.0307, 133.8215, 37.3096, 276.2492, 347.7493, -101.3215, 219.7626, 11.1053, 44.2399, -48.2583, 0.682530, -0.650656, -0.332864, 0.133821, 0.680991, 0.731522, -0.033563, 0.037310, 0.265336, -0.203770, 0.942377, 0.276249, 0.000000, 0.000000, 0.000000, 1.000000, 0.265333, -0.203773, 0.942377, 0.347749, -0.682530, 0.650656, 0.332864, -0.101321, -0.680993, -0.731521, 0.033559, 0.219763, 0.000000, 0.000000, 0.000000, 1.000000, 0.999971, 0.007632, 0.000278, 0.011105, 0.000154, 0.016284, -0.999867, 0.044240, -0.007635, 0.999838, 0.016283, -0.048258, 0.000000, 0.000000, 0.000000, 1.000000
11.1371, 133.7580, 37.2514, 276.2513, 347.7514, -101.2580, 219.8208, 11.1049, 44.1943, -48.2589, 0.682762, -0.651082, -0.331555, 0.133758, 0.681372, 0.731204, -0.032750, 0.037251, 0.263758, -0.203552, 0.942867, 0.276251, 0.000000, 0.000000, 0.000000, 1.000000, 0.263755, -0.203555, 0.942867, 0.347751, -0.682762, 0.651082, 0.331555, -0.101258, -0.681373, -0.731203, 0.032747, 0.219821, 0.000000, 0.000000, 0.000000, 1.000000, 0.999974, 0.007212, -0.000003, 0.011105, -0.000118, 0.015913, -0.999873, 0.044194, -0.007211, 0.999847, 0.015913, -0.048259, 0.000000, 0.000000, 0.000000, 1.000000
11.2645, 133.6567, 37.1607, 276.1380, 347.6381, -101.1567, 219.9115, 11.0426, 44.2404, -48.2362, 0.683565, -0.650784, -0.330483, 0.133657, 0.681445, 0.731236, -0.030456, 0.037161, 0.261481, -0.204387, 0.943321, 0.276138, 0.000000, 0.000000, 0.000000, 1.000000, 0.261478, -0.204390, 0.943321, 0.347638, -0.683565, 0.650784, 0.330483, -0.101157, -0.681446, -0.731235, 0.030453, 0.219912, 0.000000, 0.000000, 0.000000, 1.000000, 0.999974, 0.007254, 0.000194, 0.011043, 0.000073, 0.016784, -0.999859, 0.044240, -0.007256, 0.999833, 0.016783, -0.048236, 0.000000, 0.000000, 0.000000, 1.000000
11.3581, 133.6032, 37.0966, 276.1463, 347.6464, -101.1032, 219.9756, 11.0367, 44.1948, -48.2490, 0.684323, -0.650808, -0.328864, 0.133603, 0.681321, 0.731385, -0.029639, 0.037097, 0.259815, -0.203779, 0.943912, 0.276146, 0.000000, 0.000000, 0.000000, 1.000000, 0.259812, -0.203782, 0.943912, 0.347646, -0.684323, 0.650808, 0.328864, -0.101103, -0.681322, -0.731384, 0.029635, 0.219976, 0.000000, 0.000000, 0.000000, 1.000000, 0.999972, 0.007525, 0.000375, 0.011037, 0.000253, 0.016195, -0.999869, 0.044195, -0.007530, 0.999841, 0.016193, -0.048249, 0.000000, 0.000000, 0.000000, 1.000000
11.4772, 133.5680, 37.0409, 276.1850, 347.6851, -101.0680, 220.0313, 11.0763, 44.1217, -48.2735, 0.684467, -0.651000, -0.328183, 0.133568, 0.681748, 0.731041, -0.028258, 0.037041, 0.258311, -0.204396, 0.944191, 0.276185, 0.000000, 0.000000, 0.000000, 1.000000, 0.258308, -0.204399, 0.944192, 0.347685, -0.684467, 0.651000, 0.328183, -0.101068, -0.681749, -0.731040, 0.028254, 0.220031, 0.000000, 0.000000, 0.000000, 1.000000, 0.999975, 0.007034, -0.000220, 0.011076, -0.000338, 0.016690, -0.999861, 0.044122, -0.007029, 0.999836, 0.016692, -0.048273, 0.000000, 0.000000, 0.000000, 1.000000
11.5989, 133.4632, 36.9742, 276.1049, 347.6050, -100.9632, 220.0980, 11.0324, 44.1383, -48.2373, 0.685122, -0.651218, -0.326378, 0.133463, 0.682003, 0.730864, -0.026646, 0.036974, 0.255891, -0.204335, 0.944864, 0.276105, 0.000000, 0.000000, 0.000000, 1.000000, 0.255888, -0.204337, 0.944864, 0.347605, -0.685122, 0.651218, 0.326378, -0.100963, -0.682003, -0.730863, 0.026643, 0.220098, 0.000000, 0.000000, 0.000000, 1.000000, 0.999977, 0.006815, 0.000162, 0.011032, 0.000049, 0.016540, -0.999863, 0.044138, -0.006817, 0.999840, 0.016540, -0.048237, 0.000000, 0.000000, 0.000000, 1.000000
11.7167, 133.4104, 36.8979, 276.1116, 347.6117, -100.9104, 220.1743, 11.0364, 44.0897, -48.2590, 0.686407, -0.650722, -0.324664, 0.133410, 0.681263, 0.731578, -0.025969, 0.036898, 0.254415, -0.203356, 0.945473, 0.276112, 0.000000, 0.000000, 0.000000, 1.000000, 0.254413, -0.203359, 0.945473, 0.347612, -0.686407, 0.650722, 0.324664, -0.100910, -0.681264, -0.731578, 0.025965, 0.220174, 0.000000, 0.000000, 0.000000, 1.000000, 0.999969, 0.007924, -0.000105, 0.011036, -0.000230, 0.015781, -0.999875, 0.044090, -0.007922, 0.999844, 0.015782, -0.048259, 0.000000, 0.000000, 0.000000, 1.000000
11.8314, 133.2813, 36.7918, 275.9982, 347.4983, -100.7813, 220.2804, 10.9353, 44.1310, -48.2291, 0.686717, -0.650822, -0.323807, 0.133281, 0.681559, 0.731352, -0.024530, 0.036792, 0.252781, -0.203848, 0.945805, 0.275998, 0.000000, 0.000000, 0.000000, 1.000000, 0.252779, -0.203851, 0.945805, 0.347498, -0.686717, 0.650822, 0.323807, -0.100781, -0.681559, -0.731352, 0.024526, 0.220280, 0.000000, 0.000000, 0.000000, 1.000000, 0.999971, 0.007609, -0.000451, 0.010935, -0.000574, 0.016192, -0.999869, 0.044131, -0.007601, 0.999840, 0.016196, -0.048229, 0.000000, 0.000000, 0.000000, 1.000000
11.9263, 133.2773, 36.7394, 276.1012, 347.6013, -100.7773, 220.3328, 10.9953, 44.0119, -48.2841, 0.687314, -0.651157, -0.321862, 0.133277, 0.681883, 0.731101, -0.022971, 0.036739, 0.250271, -0.203683, 0.946508, 0.276101, 0.000000, 0.000000, 0.000000, 1.000000, 0.250269, -0.203686, 0.946508, 0.347601, -0.687314, 0.651157, 0.321862, -0.100777, -0.681884, -0.731100, 0.022968, 0.220333, 0.000000, 0.000000, 0.000000, 1.000000, 0.999973, 0.007276, 0.000466, 0.010995, 0.000350, 0.015910, -0.999873, 0.044012, -0.007282, 0.999847, 0.015907, -0.048284, 0.000000, 0.000000, 0.000000, 1.000000
12.0261, 133.1753, 36.6819, 275.9932, 347.4933, -100.6753, 220.3903, 10.9353, 44.0616, -48.2379, 0.688019, -0.651028, -0.320611, 0.133175, 0.681733, 0.731272, -0.021938, 0.036682, 0.248736, -0.203478, 0.946957, 0.275993, 0.000000, 0.000000, 0.000000, 1.000000, 0.248733, -0.203481, 0.946957, 0.347493, -0.688019, 0.651028, 0.320611, -0.100675, -0.681734, -0.731271, 0.021934, 0.220390, 0.000000, 0.000000, 0.000000, 1.000000, 0.999971, 0.007564, 0.000401, 0.010935, 0.000282, 0.015748, -0.999876, 0.044062, -0.007569, 0.999847, 0.015746, -0.048238, 0.000000, 0.000000, 0.000000, 1.000000
12.1434, 133.1181, 36.5836, 276.0212, 347.5213, -100.6181, 220.4886, 10.9257, 43.9917, -48.2768, 0.688853, -0.650746, -0.319392, 0.133118, 0.681694, 0.731368, -0.019874, 0.036584, 0.246526, -0.204037, 0.947414, 0.276021, 0.000000, 0.000000, 0.000000, 1.000000, 0.246523, -0.204040, 0.947414, 0.347521, -0.688853, 0.650746, 0.319392, -0.100618, -0.681695, -0.731367, 0.019871, 0.220489, 0.000000, 0.000000, 0.000000, 1.000000, 0.999970, 0.007717, 0.000717, 0.010926, 0.000591, 0.016355, -0.999866, 0.043992, -0.007728, 0.999836, 0.016350, -0.048277, 0.000000, 0.000000, 0.000000, 1.000000
12.2572, 133.0674, 36.5244, 276.0668, 347.5668, -100.5674, 220.5478, 10.9489, 43.9092, -48.2949, 0.689236, -0.650922, -0.318205, 0.133067, 0.681920, 0.731188, -0.018673, 0.036524, 0.244822, -0.204120, 0.947838, 0.276067, 0.000000, 0.000000, 0.000000, 1.000000, 0.244820, -0.204123, 0.947838, 0.347567, -0.689236, 0.650922, 0.318205, -0.100567, -0.681921, -0.731187, 0.018669, 0.220548, 0.000000, 0.000000, 0.000000, 1.000000, 0.999972, 0.007486, 0.000472, 0.010949, 0.000350, 0.016359, -0.999866, 0.043909, -0.007493, 0.999838, 0.016356, -0.048295, 0.000000, 0.000000, 0.000000, 1.000000
12.3649, 132.9891, 36.4667, 275.9885, 347.4886, -100.4891, 220.6055, 10.9191, 43.9373, -48.2700, 0.689790, -0.651061, -0.316717, 0.132989, 0.682016, 0.731127, -0.017555, 0.036467, 0.242990, -0.203897, 0.948357, 0.275988, 0.000000, 0.000000, 0.000000, 1.000000, 0.242988, -0.203900, 0.948358, 0.347489, -0.689790, 0.651061, 0.316717, -0.100489, -0.682017, -0.731126, 0.017552, 0.220606, 0.000000, 0.000000, 0.000000, 1.000000, 0.999972, 0.007433, 0.000506, 0.010919, 0.000386, 0.016088, -0.999871, 0.043937, -0.007440, 0.999843, 0.016084, -0.048270, 0.000000, 0.000000, 0.000000, 1.000000
12.4783, 132.8898, 36.3809, 275.9623, 347.4624, -100.3898, 220.6913, 10.8727, 43.9078, -48.2617, 0.690656, -0.650954, -0.315045, 0.132890, 0.681800, 0.731354, -0.016468, 0.036381, 0.241129, -0.203423, 0.948934, 0.275962, 0.000000, 0.000000, 0.000000, 1.000000, 0.241127, -0.203426, 0.948934, 0.347462, -0.690656, 0.650954, 0.315045, -0.100390, -0.681800, -0.731353, 0.016465, 0.220691, 0.000000, 0.000000, 0.000000, 1.000000, 0.999969, 0.007808, 0.000559, 0.010873, 0.000437, 0.015661, -0.999877, 0.043908, -0.007816, 0.999847, 0.015658, -0.048262, 0.000000, 0.000000, 0.000000, 1.000000
12.5903, 132.7973, 36.2855, 275.8628, 347.3629, -100.2973, 220.7867, 10.8058, 43.9505, -48.2508, 0.691276, -0.650983, -0.313621, 0.132797, 0.681939, 0.731260, -0.014764, 0.036285, 0.238950, -0.203664, 0.949433, 0.275863, 0.000000, 0.000000, 0.000000, 1.000000, 0.238947, -0.203667, 0.949433, 0.347363, -0.691276, 0.650983, 0.313621, -0.100297, -0.681940, -0.731259, 0.014761, 0.220787, 0.000000, 0.000000, 0.000000, 1.000000, 0.999970, 0.007697, 0.000871, 0.010806, 0.000749, 0.015864, -0.999874, 0.043951, -0.007710, 0.999845, 0.015858, -0.048251, 0.000000, 0.000000, 0.000000, 1.000000
12.7327, 132.7695, 36.2443, 275.9168, 347.4169, -100.2695, 220.8279, 10.8803, 43.8621, -48.2727, 0.691650, -0.651290, -0.312157, 0.132770, 0.682281, 0.730968, -0.013366, 0.036244, 0.236882, -0.203735, 0.949936, 0.275917, 0.000000, 0.000000, 0.000000, 1.000000, 0.236879, -0.203737, 0.949937, 0.347417, -0.691650, 0.651290, 0.312157, -0.100270, -0.682282, -0.730967, 0.013362, 0.220828, 0.000000, 0.000000, 0.000000, 1.000000, 0.999973, 0.007307, 0.000474, 0.010880, 0.000359, 0.015815, -0.999875, 0.043862, -0.007314, 0.999848, 0.015812, -0.048273, 0.000000, 0.000000, 0.000000, 1.000000
12.8342, 132.6892, 36.1636, 275.8980, 347.3981, -100.1892, 220.9086, 10.8429, 43.8347, -48.2745, 0.692510, -0.650784, -0.311303, 0.132689, 0.681549, 0.731650, -0.013383, 0.036164, 0.236474, -0.202901, 0.950217, 0.275898, 0.000000, 0.000000, 0.000000, 1.000000, 0.236471, -0.202903, 0.950217, 0.347398, -0.692510, 0.650784, 0.311303, -0.100189, -0.681550, -0.731649, 0.013379, 0.220909, 0.000000, 0.000000, 0.000000, 1.000000, 0.999965, 0.008347, -0.000656, 0.010843, -0.000783, 0.015175, -0.999885, 0.043835, -0.008337, 0.999850, 0.015181, -0.048275, 0.000000, 0.000000, 0.000000, 1.000000
12.9318, 132.5966, 36.0914, 275.8009, 347.3010, -100.0966, 220.9808, 10.7816, 43.8793, -48.2473, 0.692881, -0.650948, -0.310133, 0.132597, 0.681948, 0.731312, -0.011403, 0.036091, 0.234227, -0.203593, 0.950625, 0.275801, 0.000000, 0.000000, 0.000000, 1.000000, 0.234225, -0.203596, 0.950625, 0.347301, -0.692881, 0.650948, 0.310133, -0.100097, -0.681949, -0.731311, 0.011400, 0.220981, 0.000000, 0.000000, 0.000000, 1.000000, 0.999969, 0.007867, -0.000098, 0.010782, -0.000222, 0.015765, -0.999876, 0.043879, -0.007865, 0.999845, 0.015766, -0.048247, 0.000000, 0.000000, 0.000000, 1.000000
13.0434, 132.5187, 36.0217, 275.7709, 347.2710, -100.0187, 221.0505, 10.7585, 43.8621, -48.2406, 0.693402, -0.651179, -0.308479, 0.132519, 0.682181, 0.731116, -0.009925, 0.036022, 0.231997, -0.203556, 0.951179, 0.275771, 0.000000, 0.000000, 0.000000, 1.000000, 0.231994, -0.203559, 0.951179, 0.347271, -0.693402, 0.651179, 0.308479, -0.100019, -0.682182, -0.731115, 0.009922, 0.221051, 0.000000, 0.000000, 0.000000, 1.000000, 0.999971, 0.007613, 0.000237, 0.010759, 0.000118, 0.015641, -0.999878, 0.043862, -0.007615, 0.999849, 0.015640, -0.048241, 0.000000, 0.000000, 0.000000, 1.000000
13.1528, 132.5024, 35.9641, 275.8553, 347.3554, -100.0024, 221.1081, 10.8108, 43.7549, -48.2877, 0.694095, -0.651136, -0.307007, 0.132502, 0.682228, 0.731094, -0.008179, 0.035964, 0.229777, -0.203772, 0.951672, 0.275855, 0.000000, 0.000000, 0.000000, 1.000000, 0.229775, -0.203775, 0.951672, 0.347355, -0.694095, 0.651136, 0.307007, -0.100002, -0.682229, -0.731093, 0.008176, 0.221108, 0.000000, 0.000000, 0.000000, 1.000000, 0.999971, 0.007607, 0.000655, 0.010811, 0.000534, 0.015844, -0.999874, 0.043755, -0.007617, 0.999846, 0.015840, -0.048288, 0.000000, 0.000000, 0.000000, 1.000000
13.2671, 132.3929, 35.8886, 275.7521, 347.2521, -99.8929, 221.1836, 10.7471, 43.7981, -48.2505, 0.694665, -0.651058, -0.305881, 0.132393, 0.682055, 0.731263, -0.007503, 0.035889, 0.228564, -0.203415, 0.952040, 0.275752, 0.000000, 0.000000, 0.000000, 1.000000, 0.228561, -0.203418, 0.952040, 0.347252, -0.694665, 0.651058, 0.305881, -0.099893, -0.682055, -0.731262, 0.007499, 0.221184, 0.000000, 0.000000, 0.000000, 1.000000, 0.999969, 0.007890, -0.000013, 0.010747, -0.000136, 0.015515, -0.999880, 0.043798, -0.007889, 0.999849, 0.015515, -0.048250, 0.000000, 0.000000, 0.000000, 1.000000
13.3783, 132.3105, 35.8079, 275.7245, 347.2245, -99.8105, 221.2643, 10.7135, 43.7779, -48.2492, 0.695474, -0.651059, -0.304037, 0.132310, 0.682094, 0.731243, -0.005605, 0.035808, 0.225974, -0.203484, 0.952644, 0.275724, 0.000000, 0.000000, 0.000000, 1.000000, 0.225972, -0.203486, 0.952644, 0.347225, -0.695474, 0.651059, 0.304037, -0.099810, -0.682094, -0.731243, 0.005601, 0.221264, 0.000000, 0.000000, 0.000000, 1.000000, 0.999969, 0.007891, 0.000760, 0.010714, 0.000637, 0.015564, -0.999879, 0.043778, -0.007902, 0.999848, 0.015559, -0.048249, 0.000000, 0.000000, 0.000000, 1.000000
13.4837, 132.2334, 35.7270, 275.7047, 347.2048, -99.7334, 221.3452, 10.6808, 43.7531, -48.2532, 0.695697, -0.651074, -0.303492, 0.132233, 0.682138, 0.731207, -0.004972, 0.035727, 0.225152, -0.203565, 0.952821, 0.275705, 0.000000, 0.000000, 0.000000, 1.000000, 0.225150, -0.203567, 0.952821, 0.347205, -0.695697, 0.651074, 0.303492, -0.099733, -0.682138, -0.731206, 0.004968, 0.221345, 0.000000, 0.000000, 0.000000, 1.000000, 0.999969, 0.007865, -0.000229, 0.010681, -0.000352, 0.015622, -0.999878, 0.043753, -0.007861, 0.999847, 0.015624, -0.048253, 0.000000, 0.000000, 0.000000, 1.000000
13.6072, 132.1267, 35.6575, 275.5808, 347.0809, -99.6267, 221.4147, 10.6261, 43.8163, -48.2095, 0.696412, -0.650860, -0.302311, 0.132127, 0.682053, 0.731296, -0.003248, 0.035658, 0.223192, -0.203930, 0.953204, 0.275581, 0.000000, 0.000000, 0.000000, 1.000000, 0.223190, -0.203933, 0.953204, 0.347081, -0.696412, 0.650860, 0.302311, -0.099627, -0.682053, -0.731295, 0.003244, 0.221415, 0.000000, 0.000000, 0.000000, 1.000000, 0.999968, 0.008028, -0.000297, 0.010626, -0.000425, 0.016018, -0.999872, 0.043816, -0.008022, 0.999839, 0.016021, -0.048209, 0.000000, 0.000000, 0.000000, 1.000000
13.7149, 132.1111, 35.5937, 275.7056, 347.2056, -99.6111, 221.4785, 10.6811, 43.6715, -48.2692, 0.697284, -0.650863, -0.300287, 0.132111, 0.682063, 0.731292, -0.001264, 0.035594, 0.220420, -0.203933, 0.953848, 0.275706, 0.000000, 0.000000, 0.000000, 1.000000, 0.220417, -0.203936, 0.953848, 0.347206, -0.697284, 0.650863, 0.300287, -0.099611, -0.682064, -0.731292, 0.001260, 0.221479, 0.000000, 0.000000, 0.000000, 1.000000, 0.999967, 0.008053, 0.000731, 0.010681, 0.000602, 0.016005, -0.999872, 0.043672, -0.008063, 0.999839, 0.016000, -0.048269, 0.000000, 0.000000, 0.000000, 1.000000
13.8129, 132.0352, 35.5179, 275.6709, 347.1710, -99.5352, 221.5543, 10.6436, 43.6635, -48.2675, 0.697567, -0.651178, -0.298945, 0.132035, 0.682406, 0.730974, 0.000100, 0.035518, 0.218456, -0.204072, 0.954270, 0.275671, 0.000000, 0.000000, 0.000000, 1.000000, 0.218453, -0.204074, 0.954270, 0.347171, -0.697567, 0.651178, 0.298945, -0.099535, -0.682407, -0.730973, -0.000103, 0.221554, 0.000000, 0.000000, 0.000000, 1.000000, 0.999971, 0.007613, 0.000979, 0.010644, 0.000857, 0.016029, -0.999871, 0.043663, -0.007627, 0.999843, 0.016022, -0.048268, 0.000000, 0.000000, 0.000000, 1.000000
13.9232, 131.9390, 35.4332, 275.5946, 347.0947, -99.4390, 221.6390, 10.5862, 43.6874, -48.2508, 0.698126, -0.650802, -0.298456, 0.131939, 0.681970, 0.731380, 0.000393, 0.035433, 0.218030, -0.203812, 0.954423, 0.275595, 0.000000, 0.000000, 0.000000, 1.000000, 0.218027, -0.203815, 0.954423, 0.347095, -0.698126, 0.650802, 0.298456, -0.099439, -0.681971, -0.731379, -0.000396, 0.221639, 0.000000, 0.000000, 0.000000, 1.000000, 0.999966, 0.008239, -0.000373, 0.010586, -0.000503, 0.015879, -0.999874, 0.043687, -0.008232, 0.999840, 0.015882, -0.048251, 0.000000, 0.000000, 0.000000, 1.000000
14.0480, 131.8562, 35.3692, 275.5816, 347.0817, -99.3562, 221.7030, 10.5771, 43.6524, -48.2400, 0.699156, -0.650533, -0.296626, 0.131856, 0.681669, 0.731658, 0.002108, 0.035369, 0.215657, -0.203675, 0.954991, 0.275582, 0.000000, 0.000000, 0.000000, 1.000000, 0.215655, -0.203678, 0.954991, 0.347082, -0.699156, 0.650533, 0.296626, -0.099356, -0.681670, -0.731657, -0.002112, 0.221703, 0.000000, 0.000000, 0.000000, 1.000000, 0.999962, 0.008681, 0.000020, 0.010577, -0.000117, 0.015809, -0.999875, 0.043652, -0.008680, 0.999837, 0.015809, -0.048240, 0.000000, 0.000000, 0.000000, 1.000000
14.1539, 131.7829, 35.3059, 275.5404, 347.0405, -99.2829, 221.7663, 10.5546, 43.6508, -48.2297, 0.699727, -0.650896, -0.294476, 0.131783, 0.681861, 0.731474, 0.003407, 0.035306, 0.213184, -0.203176, 0.955653, 0.275540, 0.000000, 0.000000, 0.000000, 1.000000, 0.213182, -0.203178, 0.955653, 0.347041, -0.699727, 0.650896, 0.294476, -0.099283, -0.681862, -0.731473, -0.003410, 0.221766, 0.000000, 0.000000, 0.000000, 1.000000, 0.999964, 0.008438, 0.000698, 0.010555, 0.000570, 0.015209, -0.999884, 0.043651, -0.008448, 0.999849, 0.015204, -0.048230, 0.000000, 0.000000, 0.000000, 1.000000
14.2712, 131.7077, 35.2203, 275.5176, 347.0176, -99.2077, 221.8519, 10.5281, 43.6292, -48.2377, 0.699884, -0.651115, -0.293618, 0.131708, 0.682133, 0.731214, 0.004459, 0.035220, 0.211794, -0.203407, 0.955913, 0.275518, 0.000000, 0.000000, 0.000000, 1.000000, 0.211791, -0.203410, 0.955913, 0.347018, -0.699884, 0.651115, 0.293618, -0.099208, -0.682134, -0.731213, -0.004463, 0.221852, 0.000000, 0.000000, 0.000000, 1.000000, 0.999967, 0.008089, 0.000026, 0.010528, -0.000098, 0.015350, -0.999882, 0.043629, -0.008088, 0.999849, 0.015350, -0.048238, 0.000000, 0.000000, 0.000000, 1.000000
14.3640, 131.6318, 35.1526, 275.4840, 346.9841, -99.1318, 221.9196, 10.4923, 43.6224, -48.2302, 0.700691, -0.650868, -0.292238, 0.131632, 0.681866, 0.731454, 0.005808, 0.035153, 0.209978, -0.203337, 0.956328, 0.275484, 0.000000, 0.000000, 0.000000, 1.000000, 0.209976, -0.203340, 0.956328, 0.346984, -0.700691, 0.650868, 0.292238, -0.099132, -0.681867, -0.731453, -0.005812, 0.221920, 0.000000, 0.000000, 0.000000, 1.000000, 0.999964, 0.008465, 0.000381, 0.010492, 0.000251, 0.015341, -0.999882, 0.043622, -0.008470, 0.999846, 0.015338, -0.048230, 0.000000, 0.000000, 0.000000, 1.000000
14.4800, 131.5444, 35.0908, 275.4459, 346.9460, -99.0444, 221.9814, 10.4694, 43.6129, -48.2101, 0.701043, -0.650989, -0.291122, 0.131544, 0.681885, 0.731431, 0.006450, 0.035091, 0.208737, -0.203034, 0.956664, 0.275446, 0.000000, 0.000000, 0.000000, 1.000000, 0.208734, -0.203036, 0.956664, 0.346946, -0.701043, 0.650989, 0.291122, -0.099044, -0.681886, -0.731430, -0.006454, 0.221981, 0.000000, 0.000000, 0.000000, 1.000000, 0.999964, 0.008459, -0.000356, 0.010469, -0.000483, 0.014998, -0.999887, 0.043613, -0.008453, 0.999852, 0.015002, -0.048210, 0.000000, 0.000000, 0.000000, 1.000000
14.6000, 131.4744, 35.0047, 275.4354, 346.9355, -98.9744, 222.0675, 10.4506, 43.5812, -48.2242, 0.701722, -0.651125, -0.289175, 0.131474, 0.681936, 0.731368, 0.008013, 0.035005, 0.206276, -0.202822, 0.957243, 0.275435, 0.000000, 0.000000, 0.000000, 1.000000, 0.206273, -0.202824, 0.957243, 0.346935, -0.701722, 0.651125, 0.289175, -0.098974, -0.681936, -0.731368, -0.008017, 0.222067, 0.000000, 0.000000, 0.000000, 1.000000, 0.999965, 0.008396, 0.000100, 0.010451, -0.000024, 0.014739, -0.999891, 0.043581, -0.008397, 0.999856, 0.014738, -0.048224, 0.000000, 0.000000, 0.000000, 1.000000
14.7129, 131.4244, 34.9503, 275.4529, 346.9530, -98.9244, 222.1219, 10.4671, 43.5296, -48.2340, 0.702200, -0.650972, -0.288360, 0.131424, 0.682121, 0.731165, 0.010463, 0.034950, 0.204027, -0.204043, 0.957465, 0.275453, 0.000000, 0.000000, 0.000000, 1.000000, 0.204025, -0.204046, 0.957465, 0.346953, -0.702200, 0.650972, 0.288360, -0.098924, -0.682121, -0.731164, -0.010467, 0.222122, 0.000000, 0.000000, 0.000000, 1.000000, 0.999967, 0.008148, 0.000428, 0.010467, 0.000298, 0.015938, -0.999873, 0.043530, -0.008154, 0.999840, 0.015935, -0.048234, 0.000000, 0.000000, 0.000000, 1.000000
14.8109, 131.3813, 34.8864, 275.4841, 346.9842, -98.8813, 222.1858, 10.4738, 43.4698, -48.2579, 0.702716, -0.651017, -0.286997, 0.131381, 0.681896, 0.731372, 0.010603, 0.034886, 0.202999, -0.203153, 0.957873, 0.275484, 0.000000, 0.000000, 0.000000, 1.000000, 0.202996, -0.203156, 0.957873, 0.346984, -0.702716, 0.651017, 0.286997, -0.098881, -0.681897, -0.731372, -0.010606, 0.222186, 0.000000, 0.000000, 0.000000, 1.000000, 0.999964, 0.008466, -0.000154, 0.010474, -0.000282, 0.015056, -0.999887, 0.043470, -0.008462, 0.999851, 0.015058, -0.048258, 0.000000, 0.000000, 0.000000, 1.000000
14.9357, 131.3032, 34.8132, 275.4790, 346.9791, -98.8032, 222.2590, 10.4626, 43.4303, -48.2583, 0.703671, -0.650869, -0.284985, 0.131303, 0.681663, 0.731562, 0.012334, 0.034813, 0.200457, -0.202943, 0.958453, 0.275479, 0.000000, 0.000000, 0.000000, 1.000000, 0.200454, -0.202946, 0.958452, 0.346979, -0.703671, 0.650869, 0.284985, -0.098803, -0.681664, -0.731561, -0.012338, 0.222259, 0.000000, 0.000000, 0.000000, 1.000000, 0.999961, 0.008774, 0.000378, 0.010463, 0.000248, 0.014877, -0.999889, 0.043430, -0.008779, 0.999851, 0.014874, -0.048258, 0.000000, 0.000000, 0.000000, 1.000000
15.0535, 131.2071, 34.7295, 275.3818, 346.8819, -98.7071, 222.3427, 10.4080, 43.4760, -48.2371, 0.703910, -0.650987, -0.284125, 0.131207, 0.681844, 0.731373, 0.013525, 0.034730, 0.198997, -0.203249, 0.958692, 0.275382, 0.000000, 0.000000, 0.000000, 1.000000, 0.198994, -0.203252, 0.958692, 0.346882, -0.703910, 0.650987, 0.284125, -0.098707, -0.681845, -0.731372, -0.013528, 0.222343, 0.000000, 0.000000, 0.000000, 1.000000, 0.999964, 0.008532, -0.000210, 0.010408, -0.000339, 0.015121, -0.999886, 0.043476, -0.008528, 0.999849, 0.015123, -0.048237, 0.000000, 0.000000, 0.000000, 1.000000
15.1400, 131.1747, 34.6716, 275.4637, 346.9638, -98.6747, 222.4006, 10.4272, 43.3728, -48.2733, 0.704295, -0.651299, -0.282449, 0.131175, 0.682050, 0.731157, 0.014737, 0.034672, 0.196916, -0.203023, 0.959169, 0.275464, 0.000000, 0.000000, 0.000000, 1.000000, 0.196914, -0.203026, 0.959169, 0.346964, -0.704295, 0.651299, 0.282449, -0.098675, -0.682051, -0.731156, -0.014741, 0.222401, 0.000000, 0.000000, 0.000000, 1.000000, 0.999966, 0.008232, 0.000378, 0.010427, 0.000256, 0.014807, -0.999890, 0.043373, -0.008237, 0.999856, 0.014804, -0.048273, 0.000000, 0.000000, 0.000000, 1.000000
15.2604, 131.0396, 34.5798, 275.3087, 346.8088, -98.5396, 222.4924, 10.3307, 43.4638, -48.2210, 0.704962, -0.650956, -0.281576, 0.131040, 0.681868, 0.731289, 0.016530, 0.034580, 0.195153, -0.203650, 0.959397, 0.275309, 0.000000, 0.000000, 0.000000, 1.000000, 0.195150, -0.203653, 0.959397, 0.346809, -0.704962, 0.650956, 0.281576, -0.098540, -0.681869, -0.731288, -0.016534, 0.222492, 0.000000, 0.000000, 0.000000, 1.000000, 0.999964, 0.008472, 0.000165, 0.010331, 0.000034, 0.015485, -0.999880, 0.043464, -0.008474, 0.999844, 0.015484, -0.048221, 0.000000, 0.000000, 0.000000, 1.000000
15.3809, 130.9854, 34.5131, 275.3512, 346.8513, -98.4854, 222.5591, 10.3463, 43.3869, -48.2417, 0.705512, -0.651162, -0.279717, 0.130985, 0.681935, 0.731196, 0.017828, 0.034513, 0.192919, -0.203326, 0.959917, 0.275351, 0.000000, 0.000000, 0.000000, 1.000000, 0.192916, -0.203329, 0.959917, 0.346851, -0.705512, 0.651162, 0.279717, -0.098485, -0.681936, -0.731195, -0.017832, 0.222559, 0.000000, 0.000000, 0.000000, 1.000000, 0.999965, 0.008359, 0.000358, 0.010346, 0.000232, 0.015101, -0.999886, 0.043387, -0.008363, 0.999851, 0.015098, -0.048242, 0.000000, 0.000000, 0.000000, 1.000000
15.4934, 130.9238, 34.4294, 275.3469, 346.8470, -98.4238, 222.6428, 10.3299, 43.3548, -48.2609, 0.706378, -0.650944, -0.278032, 0.130924, 0.681663, 0.731408, 0.019443, 0.034429, 0.190699, -0.203258, 0.960375, 0.275347, 0.000000, 0.000000, 0.000000, 1.000000, 0.190696, -0.203261, 0.960375, 0.346847, -0.706378, 0.650944, 0.278032, -0.098424, -0.681664, -0.731407, -0.019447, 0.222643, 0.000000, 0.000000, 0.000000, 1.000000, 0.999962, 0.008700, 0.000772, 0.010330, 0.000641, 0.015075, -0.999886, 0.043355, -0.008710, 0.999849, 0.015069, -0.048261, 0.000000, 0.000000, 0.000000, 1.000000
15.6006, 130.8736, 34.3729, 275.3793, 346.8794, -98.3736, 222.6994, 10.3431, 43.2912, -48.2749, 0.706796, -0.650946, -0.276964, 0.130874, 0.681665, 0.731373, 0.020630, 0.034373, 0.189135, -0.203378, 0.960659, 0.275379, 0.000000, 0.000000, 0.000000, 1.000000, 0.189132, -0.203381, 0.960659, 0.346879, -0.706796, 0.650946, 0.276964, -0.098374, -0.681666, -0.731373, -0.020634, 0.222699, 0.000000, 0.000000, 0.000000, 1.000000, 0.999962, 0.008681, 0.000520, 0.010343, 0.000388, 0.015174, -0.999885, 0.043291, -0.008688, 0.999847, 0.015170, -0.048275, 0.000000, 0.000000, 0.000000, 1.000000
15.6924, 130.7979, 34.3102, 275.3454, 346.8454, -98.2979, 222.7620, 10.3099, 43.2878, -48.2638, 0.707533, -0.650933, -0.275104, 0.130798, 0.681374, 0.731626, 0.021283, 0.034310, 0.187420, -0.202507, 0.961179, 0.275345, 0.000000, 0.000000, 0.000000, 1.000000, 0.187417, -0.202510, 0.961179, 0.346845, -0.707533, 0.650933, 0.275104, -0.098298, -0.681375, -0.731625, -0.021287, 0.222762, 0.000000, 0.000000, 0.000000, 1.000000, 0.999959, 0.009050, 0.000768, 0.010310, 0.000638, 0.014322, -0.999897, 0.043288, -0.009060, 0.999856, 0.014315, -0.048264, 0.000000, 0.000000, 0.000000, 1.000000
15.8084, 130.6876, 34.2193, 275.2279, 346.7279, -98.1876, 222.8529, 10.2359, 43.3520, -48.2345, 0.708039, -0.650765, -0.274201, 0.130688, 0.681327, 0.731620, 0.022953, 0.034219, 0.185674, -0.203072, 0.961398, 0.275228, 0.000000, 0.000000, 0.000000, 1.000000, 0.185671, -0.203074, 0.961398, 0.346728, -0.708039, 0.650765, 0.274201, -0.098188, -0.681327, -0.731619, -0.022956, 0.222853, 0.000000, 0.000000, 0.000000, 1.000000, 0.999959, 0.009089, 0.000566, 0.010236, 0.000431, 0.014892, -0.999889, 0.043352, -0.009096, 0.999848, 0.014888, -0.048235, 0.000000, 0.000000, 0.000000, 1.000000
15.9196, 130.6422, 34.1619, 275.2938, 346.7939, -98.1422, 222.9103, 10.2607, 43.2572, -48.2587, 0.708270, -0.651084, -0.272842, 0.130642, 0.681639, 0.731282, 0.024404, 0.034162, 0.183635, -0.203264, 0.961749, 0.275294, 0.000000, 0.000000, 0.000000, 1.000000, 0.183633, -0.203267, 0.961749, 0.346794, -0.708270, 0.651084, 0.272842, -0.098142, -0.681640, -0.731281, -0.024407, 0.222910, 0.000000, 0.000000, 0.000000, 1.000000, 0.999963, 0.008625, 0.000643, 0.010261, 0.000514, 0.014980, -0.999888, 0.043257, -0.008634, 0.999851, 0.014975, -0.048259, 0.000000, 0.000000, 0.000000, 1.000000
16.0550, 130.4874, 34.0776, 275.1318, 346.6319, -97.9874, 222.9946, 10.1668, 43.3500, -48.1866, 0.708765, -0.651118, -0.271471, 0.130487, 0.681398, 0.731502, 0.024523, 0.034078, 0.182614, -0.202360, 0.962134, 0.275132, 0.000000, 0.000000, 0.000000, 1.000000, 0.182612, -0.202363, 0.962134, 0.346632, -0.708765, 0.651118, 0.271471, -0.097987, -0.681399, -0.731501, -0.024526, 0.222995, 0.000000, 0.000000, 0.000000, 1.000000, 0.999960, 0.008951, -0.000604, 0.010167, -0.000730, 0.014076, -0.999901, 0.043350, -0.008942, 0.999861, 0.014082, -0.048187, 0.000000, 0.000000, 0.000000, 1.000000
16.1407, 130.4030, 33.9886, 275.0587, 346.5588, -97.9030, 223.0836, 10.0979, 43.3847, -48.1815, 0.709136, -0.650998, -0.270792, 0.130403, 0.681447, 0.731397, 0.026222, 0.033989, 0.180986, -0.203126, 0.962281, 0.275059, 0.000000, 0.000000, 0.000000, 1.000000, 0.180983, -0.203129, 0.962281, 0.346559, -0.709136, 0.650998, 0.270792, -0.097903, -0.681448, -0.731396, -0.026226, 0.223084, 0.000000, 0.000000, 0.000000, 1.000000, 0.999961, 0.008848, -0.000427, 0.010098, -0.000558, 0.014834, -0.999890, 0.043385, -0.008841, 0.999851, 0.014839, -0.048182, 0.000000, 0.000000, 0.000000, 1.000000
16.2791, 130.4026, 33.9333, 275.2148, 346.7149, -97.9026, 223.1389, 10.1920, 43.2103, -48.2511, 0.709762, -0.651302, -0.268411, 0.130403, 0.681678, 0.731094, 0.028561, 0.033933, 0.177632, -0.203241, 0.962881, 0.275215, 0.000000, 0.000000, 0.000000, 1.000000, 0.177629, -0.203244, 0.962881, 0.346715, -0.709762, 0.651302, 0.268411, -0.097903, -0.681679, -0.731094, -0.028565, 0.223139, 0.000000, 0.000000, 0.000000, 1.000000, 0.999964, 0.008442, 0.000549, 0.010192, 0.000423, 0.014851, -0.999890, 0.043210, -0.008449, 0.999854, 0.014847, -0.048251, 0.000000, 0.000000, 0.000000, 1.000000
16.3815, 130.3516, 33.8853, 275.2554, 346.7555, -97.8516, 223.1869, 10.2074, 43.1405, -48.2599, 0.710320, -0.651359, -0.266790, 0.130352, 0.681389, 0.731363, 0.028577, 0.033885, 0.176507, -0.202086, 0.963331, 0.275255, 0.000000, 0.000000, 0.000000, 1.000000, 0.176504, -0.202089, 0.963331, 0.346756, -0.710320, 0.651359, 0.266790, -0.097852, -0.681390, -0.731362, -0.028580, 0.223187, 0.000000, 0.000000, 0.000000, 1.000000, 0.999961, 0.008814, -0.000007, 0.010207, -0.000128, 0.013700, -0.999906, 0.043140, -0.008813, 0.999867, 0.013701, -0.048260, 0.000000, 0.000000, 0.000000, 1.000000
16.4971, 130.2702, 33.8109, 275.2132, 346.7132, -97.7702, 223.2613, 10.1785, 43.1413, -48.2520, 0.710816, -0.651377, -0.265421, 0.130270, 0.681566, 0.731096, 0.031081, 0.033811, 0.173803, -0.202995, 0.963631, 0.275213, 0.000000, 0.000000, 0.000000, 1.000000, 0.173800, -0.202998, 0.963631, 0.346713, -0.710816, 0.651377, 0.265421, -0.097770, -0.681567, -0.731095, -0.031085, 0.223261, 0.000000, 0.000000, 0.000000, 1.000000, 0.999964, 0.008488, 0.000716, 0.010178, 0.000592, 0.014562, -0.999894, 0.043141, -0.008498, 0.999858, 0.014556, -0.048252, 0.000000, 0.000000, 0.000000, 1.000000
16.5880, 130.2243, 33.7456, 275.2434, 346.7435, -97.7243, 223.3266, 10.1748, 43.0854, -48.2749, 0.711584, -0.651023, -0.264230, 0.130224, 0.681099, 0.731494, 0.031944, 0.033746, 0.172486, -0.202697, 0.963931, 0.275243, 0.000000, 0.000000, 0.000000, 1.000000, 0.172484, -0.202700, 0.963930, 0.346744, -0.711584, 0.651023, 0.264230, -0.097724, -0.681100, -0.731493, -0.031947, 0.223327, 0.000000, 0.000000, 0.000000, 1.000000, 0.999959, 0.009086, 0.000613, 0.010175, 0.000483, 0.014342, -0.999897, 0.043085, -0.009094, 0.999856, 0.014337, -0.048275, 0.000000, 0.000000, 0.000000, 1.000000
16.7023, 130.0820, 33.6298, 275.0851, 346.5852, -97.5820, 223.4424, 10.0538, 43.1847, -48.2347, 0.711780, -0.651183, -0.263305, 0.130082, 0.681306, 0.731241, 0.033299, 0.033630, 0.170856, -0.203093, 0.964138, 0.275085, 0.000000, 0.000000, 0.000000, 1.000000, 0.170853, -0.203096, 0.964138, 0.346585, -0.711780, 0.651183, 0.263305, -0.097582, -0.681307, -0.731240, -0.033303, 0.223442, 0.000000, 0.000000, 0.000000, 1.000000, 0.999962, 0.008760, 0.000239, 0.010054, 0.000111, 0.014672, -0.999892, 0.043185, -0.008763, 0.999854, 0.014670, -0.048235, 0.000000, 0.000000, 0.000000, 1.000000
16.8218, 130.0747, 33.5830, 275.2084, 346.7085, -97.5747, 223.4892, 10.1272, 43.0436, -48.2873, 0.712727, -0.651092, -0.260958, 0.130075, 0.680912, 0.731554, 0.034469, 0.033583, 0.168463, -0.202256, 0.964735, 0.275208, 0.000000, 0.000000, 0.000000, 1.000000, 0.168460, -0.202259, 0.964734, 0.346708, -0.712727, 0.651092, 0.260958, -0.097575, -0.680912, -0.731553, -0.034472, 0.223489, 0.000000, 0.000000, 0.000000, 1.000000, 0.999957, 0.009211, 0.000715, 0.010127, 0.000588, 0.013859, -0.999904, 0.043044, -0.009220, 0.999862, 0.013853, -0.048287, 0.000000, 0.000000, 0.000000, 1.000000
16.9431, 129.9980, 33.5170, 275.1992, 346.6993, -97.4980, 223.5552, 10.1171, 43.0133, -48.2827, 0.713095, -0.651314, -0.259396, 0.129998, 0.680998, 0.731420, 0.035588, 0.033517, 0.166548, -0.202026, 0.965115, 0.275199, 0.000000, 0.000000, 0.000000, 1.000000, 0.166545, -0.202028, 0.965115, 0.346699, -0.713095, 0.651314, 0.259396, -0.097498, -0.680998, -0.731420, -0.035592, 0.223555, 0.000000, 0.000000, 0.000000, 1.000000, 0.999959, 0.009029, 0.000536, 0.010117, 0.000414, 0.013564, -0.999908, 0.043013, -0.009036, 0.999867, 0.013560, -0.048283, 0.000000, 0.000000, 0.000000, 1.000000
17.0609, 129.8851, 33.4396, 275.0811, 346.5812, -97.3851, 223.6326, 10.0531, 43.0808, -48.2417, 0.713570, -0.651047, -0.258758, 0.129885, 0.680894, 0.731428, 0.037377, 0.033440, 0.164929, -0.202858, 0.965219, 0.275081, 0.000000, 0.000000, 0.000000, 1.000000, 0.164926, -0.202861, 0.965219, 0.346581, -0.713570, 0.651047, 0.258758, -0.097385, -0.680895, -0.731427, -0.037380, 0.223633, 0.000000, 0.000000, 0.000000, 1.000000, 0.999958, 0.009115, 0.000179, 0.010053, 0.000047, 0.014418, -0.999896, 0.043081, -0.009117, 0.999855, 0.014417, -0.048242, 0.000000, 0.000000, 0.000000, 1.000000
17.1479, 129.8134, 33.3818, 275.0832, 346.5833, -97.3134, 223.6904, 10.0284, 43.0472, -48.2367, 0.713575, -0.651685, -0.257133, 0.129813, 0.681626, 0.730612, 0.039909, 0.033382, 0.161856, -0.203746, 0.965552, 0.275083, 0.000000, 0.000000, 0.000000, 1.000000, 0.161854, -0.203749, 0.965552, 0.346583, -0.713575, 0.651685, 0.257133, -0.097313, -0.681626, -0.730611, -0.039912, 0.223690, 0.000000, 0.000000, 0.000000, 1.000000, 0.999967, 0.007981, 0.001605, 0.010028, 0.001484, 0.015128, -0.999884, 0.043047, -0.008004, 0.999854, 0.015116, -0.048237, 0.000000, 0.000000, 0.000000, 1.000000
17.2622, 129.7544, 33.3145, 275.0962, 346.5963, -97.2544, 223.7577, 10.0283, 43.0019, -48.2490, 0.714679, -0.651294, -0.255049, 0.129754, 0.680670, 0.731537, 0.039266, 0.033314, 0.161004, -0.201667, 0.966131, 0.275096, 0.000000, 0.000000, 0.000000, 1.000000, 0.161001, -0.201670, 0.966130, 0.346596, -0.714679, 0.651294, 0.255049, -0.097254, -0.680671, -0.731536, -0.039270, 0.223758, 0.000000, 0.000000, 0.000000, 1.000000, 0.999957, 0.009256, 0.000739, 0.010028, 0.000617, 0.013168, -0.999913, 0.043002, -0.009265, 0.999870, 0.013162, -0.048249, 0.000000, 0.000000, 0.000000, 1.000000
17.3773, 129.6099, 33.2148, 274.9389, 346.4390, -97.1099, 223.8574, 9.9188, 43.1017, -48.1958, 0.715185, -0.650822, -0.254836, 0.129610, 0.680425, 0.731672, 0.040972, 0.033215, 0.159790, -0.202699, 0.966116, 0.274939, 0.000000, 0.000000, 0.000000, 1.000000, 0.159788, -0.202702, 0.966116, 0.346439, -0.715185, 0.650822, 0.254836, -0.097110, -0.680426, -0.731671, -0.040976, 0.223857, 0.000000, 0.000000, 0.000000, 1.000000, 0.999954, 0.009547, 0.000051, 0.009919, -0.000086, 0.014262, -0.999898, 0.043102, -0.009546, 0.999853, 0.014262, -0.048196, 0.000000, 0.000000, 0.000000, 1.000000
17.4753, 129.5775, 33.1612, 275.0181, 346.5182, -97.0775, 223.9110, 9.9451, 43.0017, -48.2284, 0.715679, -0.651153, -0.252593, 0.129578, 0.680589, 0.731411, 0.042847, 0.033161, 0.156849, -0.202577, 0.966624, 0.275018, 0.000000, 0.000000, 0.000000, 1.000000, 0.156847, -0.202579, 0.966623, 0.346518, -0.715679, 0.651153, 0.252593, -0.097078, -0.680590, -0.731411, -0.042851, 0.223911, 0.000000, 0.000000, 0.000000, 1.000000, 0.999957, 0.009177, 0.001299, 0.009945, 0.001170, 0.014054, -0.999901, 0.043002, -0.009194, 0.999859, 0.014042, -0.048228, 0.000000, 0.000000, 0.000000, 1.000000
17.5944, 129.5164, 33.0820, 275.0496, 346.5497, -97.0164, 223.9902, 9.9415, 42.9382, -48.2515, 0.716204, -0.651098, -0.251244, 0.129516, 0.680447, 0.731469, 0.044102, 0.033082, 0.155063, -0.202545, 0.966918, 0.275050, 0.000000, 0.000000, 0.000000, 1.000000, 0.155060, -0.202548, 0.966918, 0.346550, -0.716204, 0.651098, 0.251244, -0.097016, -0.680447, -0.731468, -0.044106, 0.223990, 0.000000, 0.000000, 0.000000, 1.000000, 0.999956, 0.009290, 0.001086, 0.009942, 0.000956, 0.014015, -0.999901, 0.042938, -0.009304, 0.999859, 0.014006, -0.048251, 0.000000, 0.000000, 0.000000, 1.000000
17.7025, 129.4436, 33.0236, 275.0405, 346.5406, -96.9436, 224.0486, 9.9286, 42.9125, -48.2440, 0.716679, -0.651000, -0.250140, 0.129444, 0.680238, 0.731615, 0.044898, 0.033024, 0.153778, -0.202332, 0.967168, 0.275041, 0.000000, 0.000000, 0.000000, 1.000000, 0.153775, -0.202335, 0.967168, 0.346541, -0.716679, 0.651000, 0.250140, -0.096944, -0.680239, -0.731614, -0.044901, 0.224049, 0.000000, 0.000000, 0.000000, 1.000000, 0.999955, 0.009522, 0.000569, 0.009929, 0.000437, 0.013810, -0.999905, 0.042913, -0.009529, 0.999859, 0.013805, -0.048244, 0.000000, 0.000000, 0.000000, 1.000000
17.8220, 129.3291, 32.9305, 274.9362, 346.4363, -96.8291, 224.1417, 9.8571, 42.9688, -48.2160, 0.717065, -0.651053, -0.248893, 0.129329, 0.680243, 0.731525, 0.046273, 0.032930, 0.151945, -0.202488, 0.967425, 0.274936, 0.000000, 0.000000, 0.000000, 1.000000, 0.151943, -0.202491, 0.967425, 0.346436, -0.717065, 0.651053, 0.248893, -0.096829, -0.680243, -0.731524, -0.046276, 0.224142, 0.000000, 0.000000, 0.000000, 1.000000, 0.999955, 0.009428, 0.000353, 0.009857, 0.000221, 0.013932, -0.999903, 0.042969, -0.009432, 0.999858, 0.013929, -0.048216, 0.000000, 0.000000, 0.000000, 1.000000
17.9350, 129.2315, 32.8598, 274.8851, 346.3851, -96.7315, 224.2124, 9.8161, 42.9783, -48.1930, 0.717538, -0.650992, -0.247685, 0.129231, 0.680124, 0.731553, 0.047560, 0.032860, 0.150233, -0.202583, 0.967673, 0.274885, 0.000000, 0.000000, 0.000000, 1.000000, 0.150231, -0.202585, 0.967672, 0.346385, -0.717538, 0.650992, 0.247685, -0.096731, -0.680125, -0.731552, -0.047564, 0.224212, 0.000000, 0.000000, 0.000000, 1.000000, 0.999955, 0.009504, 0.000162, 0.009816, 0.000029, 0.014019, -0.999902, 0.042978, -0.009505, 0.999857, 0.014018, -0.048193, 0.000000, 0.000000, 0.000000, 1.000000
18.0549, 129.2253, 32.8037, 275.0012, 346.5013, -96.7253, 224.2685, 9.8802, 42.8456, -48.2517, 0.717934, -0.651193, -0.246005, 0.129225, 0.680199, 0.731385, 0.049046, 0.032804, 0.147986, -0.202544, 0.968027, 0.275001, 0.000000, 0.000000, 0.000000, 1.000000, 0.147983, -0.202547, 0.968027, 0.346501, -0.717934, 0.651193, 0.246005, -0.096725, -0.680200, -0.731384, -0.049050, 0.224269, 0.000000, 0.000000, 0.000000, 1.000000, 0.999957, 0.009280, 0.000337, 0.009880, 0.000208, 0.013920, -0.999903, 0.042846, -0.009284, 0.999860, 0.013918, -0.048252, 0.000000, 0.000000, 0.000000, 1.000000
18.1582, 129.1515, 32.7158, 274.9866, 346.4867, -96.6515, 224.3564, 9.8423, 42.8280, -48.2640, 0.718729, -0.650875, -0.244520, 0.129151, 0.679748, 0.731720, 0.050286, 0.032716, 0.146190, -0.202354, 0.968339, 0.274987, 0.000000, 0.000000, 0.000000, 1.000000, 0.146188, -0.202357, 0.968339, 0.346487, -0.718729, 0.650875, 0.244520, -0.096651, -0.679748, -0.731719, -0.050290, 0.224356, 0.000000, 0.000000, 0.000000, 1.000000, 0.999952, 0.009789, 0.000489, 0.009842, 0.000354, 0.013781, -0.999905, 0.042828, -0.009795, 0.999857, 0.013776, -0.048264, 0.000000, 0.000000, 0.000000, 1.000000
18.2764, 129.0186, 32.6326, 274.8566, 346.3567, -96.5186, 224.4396, 9.7603, 42.9062, -48.2117, 0.719163, -0.650670, -0.243788, 0.129019, 0.679525, 0.731862, 0.051227, 0.032633, 0.145088, -0.202500, 0.968475, 0.274857, 0.000000, 0.000000, 0.000000, 1.000000, 0.145085, -0.202503, 0.968475, 0.346357, -0.719163, 0.650670, 0.243788, -0.096519, -0.679525, -0.731861, -0.051230, 0.224440, 0.000000, 0.000000, 0.000000, 1.000000, 0.999950, 0.010041, -0.000387, 0.009760, -0.000527, 0.013944, -0.999903, 0.042906, -0.010034, 0.999852, 0.013949, -0.048212, 0.000000, 0.000000, 0.000000, 1.000000
18.3810, 128.9580, 32.5660, 274.8622, 346.3623, -96.4580, 224.5062, 9.7504, 42.8716, -48.2210, 0.719476, -0.651053, -0.241836, 0.128958, 0.679727, 0.731565, 0.052762, 0.032566, 0.142568, -0.202343, 0.968882, 0.274862, 0.000000, 0.000000, 0.000000, 1.000000, 0.142566, -0.202346, 0.968881, 0.346362, -0.719476, 0.651053, 0.241836, -0.096458, -0.679728, -0.731564, -0.052765, 0.224506, 0.000000, 0.000000, 0.000000, 1.000000, 0.999954, 0.009611, 0.000291, 0.009750, 0.000160, 0.013697, -0.999906, 0.042872, -0.009614, 0.999860, 0.013695, -0.048221, 0.000000, 0.000000, 0.000000, 1.000000
18.4970, 128.9048, 32.5127, 274.9018, 346.4019, -96.4048, 224.5595, 9.7681, 42.8033, -48.2321, 0.719764, -0.651395, -0.240052, 0.128905, 0.679978, 0.731189, 0.054700, 0.032513, 0.139892, -0.202601, 0.969218, 0.274902, 0.000000, 0.000000, 0.000000, 1.000000, 0.139889, -0.202604, 0.969218, 0.346402, -0.719764, 0.651395, 0.240052, -0.096405, -0.679979, -0.731188, -0.054704, 0.224560, 0.000000, 0.000000, 0.000000, 1.000000, 0.999958, 0.009101, 0.000918, 0.009768, 0.000791, 0.013865, -0.999904, 0.042803, -0.009113, 0.999862, 0.013857, -0.048232, 0.000000, 0.000000, 0.000000, 1.000000
18.6192, 128.8497, 32.4504, 274.9316, 346.4317, -96.3497, 224.6218, 9.7813, 42.7435, -48.2465, 0.720256, -0.651367, -0.238646, 0.128850, 0.679823, 0.731242, 0.055899, 0.032450, 0.138097, -0.202499, 0.969496, 0.274932, 0.000000, 0.000000, 0.000000, 1.000000, 0.138095, -0.202502, 0.969496, 0.346432, -0.720256, 0.651367, 0.238646, -0.096350, -0.679824, -0.731242, -0.055903, 0.224622, 0.000000, 0.000000, 0.000000, 1.000000, 0.999957, 0.009201, 0.000651, 0.009781, 0.000524, 0.013751, -0.999905, 0.042744, -0.009209, 0.999863, 0.013745, -0.048247, 0.000000, 0.000000, 0.000000, 1.000000
18.7163, 128.7281, 32.3567, 274.7995, 346.2996, -96.2281, 224.7155, 9.6847, 42.8319, -48.2089, 0.720893, -0.650996, -0.237733, 0.128728, 0.679292, 0.731715, 0.056169, 0.032357, 0.137387, -0.201982, 0.969705, 0.274799, 0.000000, 0.000000, 0.000000, 1.000000, 0.137385, -0.201985, 0.969705, 0.346300, -0.720893, 0.650996, 0.237733, -0.096228, -0.679293, -0.731714, -0.056172, 0.224716, 0.000000, 0.000000, 0.000000, 1.000000, 0.999951, 0.009884, -0.000179, 0.009685, -0.000310, 0.013295, -0.999912, 0.042832, -0.009880, 0.999863, 0.013297, -0.048209, 0.000000, 0.000000, 0.000000, 1.000000
18.8104, 128.6230, 32.2946, 274.7594, 346.2595, -96.1230, 224.7776, 9.6319, 42.8340, -48.1769, 0.721170, -0.651107, -0.236587, 0.128623, 0.679358, 0.731546, 0.057558, 0.032295, 0.135598, -0.202237, 0.969904, 0.274759, 0.000000, 0.000000, 0.000000, 1.000000, 0.135595, -0.202240, 0.969904, 0.346259, -0.721170, 0.651107, 0.236587, -0.096123, -0.679358, -0.731545, -0.057562, 0.224778, 0.000000, 0.000000, 0.000000, 1.000000, 0.999953, 0.009676, -0.000020, 0.009632, -0.000151, 0.013510, -0.999909, 0.042834, -0.009675, 0.999862, 0.013510, -0.048177, 0.000000, 0.000000, 0.000000, 1.000000
18.9299, 128.5523, 32.2179, 274.7465, 346.2466, -96.0523, 224.8543, 9.6163, 42.8142, -48.1833, 0.721583, -0.651136, -0.235245, 0.128552, 0.679430, 0.731290, 0.059920, 0.032218, 0.133016, -0.203070, 0.970087, 0.274746, 0.000000, 0.000000, 0.000000, 1.000000, 0.133013, -0.203073, 0.970087, 0.346247, -0.721583, 0.651136, 0.235245, -0.096052, -0.679430, -0.731289, -0.059924, 0.224854, 0.000000, 0.000000, 0.000000, 1.000000, 0.999956, 0.009398, 0.000499, 0.009616, 0.000365, 0.014306, -0.999898, 0.042814, -0.009404, 0.999853, 0.014302, -0.048183, 0.000000, 0.000000, 0.000000, 1.000000
19.0459, 128.5099, 32.1577, 274.8099, 346.3100, -96.0099, 224.9145, 9.6395, 42.7264, -48.2111, 0.722241, -0.651101, -0.233314, 0.128510, 0.678946, 0.731763, 0.059624, 0.032158, 0.131909, -0.201470, 0.970572, 0.274810, 0.000000, 0.000000, 0.000000, 1.000000, 0.131907, -0.201473, 0.970572, 0.346310, -0.722241, 0.651101, 0.233314, -0.096010, -0.678947, -0.731762, -0.059628, 0.224915, 0.000000, 0.000000, 0.000000, 1.000000, 0.999950, 0.009984, -0.000284, 0.009640, -0.000411, 0.012714, -0.999919, 0.042726, -0.009980, 0.999869, 0.012718, -0.048211, 0.000000, 0.000000, 0.000000, 1.000000
19.1632, 128.4544, 32.0799, 274.8292, 346.3293, -95.9544, 224.9924, 9.6364, 42.6795, -48.2346, 0.722821, -0.651078, -0.231575, 0.128454, 0.678785, 0.731772, 0.061320, 0.032080, 0.129537, -0.201513, 0.970882, 0.274829, 0.000000, 0.000000, 0.000000, 1.000000, 0.129534, -0.201516, 0.970882, 0.346329, -0.722821, 0.651078, 0.231575, -0.095954, -0.678786, -0.731771, -0.061323, 0.224992, 0.000000, 0.000000, 0.000000, 1.000000, 0.999950, 0.010028, 0.000117, 0.009636, -0.000011, 0.012740, -0.999919, 0.042679, -0.010028, 0.999869, 0.012739, -0.048235, 0.000000, 0.000000, 0.000000, 1.000000
19.2823, 128.3727, 32.0230, 274.8082, 346.3083, -95.8727, 225.0492, 9.6248, 42.6647, -48.2178, 0.723355, -0.651245, -0.229429, 0.128373, 0.678780, 0.731599, 0.063408, 0.032023, 0.126556, -0.201598, 0.971258, 0.274808, 0.000000, 0.000000, 0.000000, 1.000000, 0.126553, -0.201601, 0.971258, 0.346308, -0.723355, 0.651245, 0.229429, -0.095873, -0.678780, -0.731599, -0.063412, 0.225049, 0.000000, 0.000000, 0.000000, 1.000000, 0.999951, 0.009805, 0.001057, 0.009625, 0.000931, 0.012774, -0.999918, 0.042665, -0.009818, 0.999870, 0.012765, -0.048218, 0.000000, 0.000000, 0.000000, 1.000000
19.3698, 128.2960, 31.9261, 274.8273, 346.3274, -95.7960, 225.1462, 9.5708, 42.6197, -48.2411, 0.723583, -0.651267, -0.228646, 0.128296, 0.678713, 0.731610, 0.063992, 0.031926, 0.125604, -0.201489, 0.971404, 0.274827, 0.000000, 0.000000, 0.000000, 1.000000, 0.125602, -0.201492, 0.971404, 0.346327, -0.723583, 0.651267, 0.228646, -0.095796, -0.678714, -0.731609, -0.063996, 0.225146, 0.000000, 0.000000, 0.000000, 1.000000, 0.999952, 0.009830, 0.000510, 0.009571, 0.000386, 0.012647, -0.999920, 0.042620, -0.009836, 0.999872, 0.012643, -0.048241, 0.000000, 0.000000, 0.000000, 1.000000
19.4985, 128.2451, 31.8773, 274.8717, 346.3718, -95.7451, 225.1950, 9.6020, 42.5464, -48.2513, 0.724057, -0.651285, -0.227086, 0.128245, 0.678775, 0.731293, 0.066899, 0.031877, 0.122496, -0.202579, 0.971574, 0.274872, 0.000000, 0.000000, 0.000000, 1.000000, 0.122494, -0.202582, 0.971574, 0.346372, -0.724057, 0.651285, 0.227086, -0.095745, -0.678775, -0.731292, -0.066903, 0.225195, 0.000000, 0.000000, 0.000000, 1.000000, 0.999954, 0.009495, 0.001397, 0.009602, 0.001266, 0.013701, -0.999905, 0.042546, -0.009513, 0.999861, 0.013688, -0.048251, 0.000000, 0.000000, 0.000000, 1.000000
19.6150, 128.1283, 31.7794, 274.7844, 346.2845, -95.6283, 225.2928, 9.5271, 42.5921, -48.2284, 0.724590, -0.651230, -0.225540, 0.128128, 0.678426, 0.731592, 0.067156, 0.031779, 0.121269, -0.201673, 0.971917, 0.274784, 0.000000, 0.000000, 0.000000, 1.000000, 0.121267, -0.201676, 0.971916, 0.346285, -0.724590, 0.651230, 0.225540, -0.095628, -0.678427, -0.731592, -0.067160, 0.225293, 0.000000, 0.000000, 0.000000, 1.000000, 0.999951, 0.009876, 0.000692, 0.009527, 0.000565, 0.012794, -0.999918, 0.042592, -0.009884, 0.999869, 0.012787, -0.048228, 0.000000, 0.000000, 0.000000, 1.000000
19.7077, 128.0813, 31.7187, 274.7969, 346.2970, -95.5813, 225.3535, 9.5220, 42.5578, -48.2438, 0.725181, -0.651075, -0.224086, 0.128081, 0.678183, 0.731655, 0.068917, 0.031719, 0.119083, -0.201948, 0.972130, 0.274797, 0.000000, 0.000000, 0.000000, 1.000000, 0.119081, -0.201951, 0.972129, 0.346297, -0.725181, 0.651075, 0.224086, -0.095581, -0.678183, -0.731654, -0.068920, 0.225354, 0.000000, 0.000000, 0.000000, 1.000000, 0.999949, 0.010019, 0.001351, 0.009522, 0.001219, 0.013076, -0.999914, 0.042558, -0.010035, 0.999864, 0.013063, -0.048244, 0.000000, 0.000000, 0.000000, 1.000000
19.8312, 127.9646, 31.6464, 274.7022, 346.2023, -95.4646, 225.4258, 9.4693, 42.6087, -48.2010, 0.725251, -0.651047, -0.223939, 0.127965, 0.678237, 0.731517, 0.069839, 0.031646, 0.118347, -0.202534, 0.972098, 0.274702, 0.000000, 0.000000, 0.000000, 1.000000, 0.118344, -0.202537, 0.972097, 0.346202, -0.725251, 0.651047, 0.223939, -0.095465, -0.678237, -0.731517, -0.069842, 0.225426, 0.000000, 0.000000, 0.000000, 1.000000, 0.999951, 0.009904, -0.000071, 0.009469, -0.000206, 0.013640, -0.999907, 0.042609, -0.009903, 0.999858, 0.013641, -0.048201, 0.000000, 0.000000, 0.000000, 1.000000
19.9380, 127.9239, 31.5905, 274.7515, 346.2516, -95.4239, 225.4817, 9.4868, 42.5377, -48.2241, 0.725797, -0.651246, -0.221581, 0.127924, 0.678078, 0.731557, 0.070962, 0.031590, 0.115885, -0.201753, 0.972557, 0.274751, 0.000000, 0.000000, 0.000000, 1.000000, 0.115883, -0.201755, 0.972556, 0.346252, -0.725797, 0.651246, 0.221581, -0.095424, -0.678078, -0.731556, -0.070965, 0.225482, 0.000000, 0.000000, 0.000000, 1.000000, 0.999951, 0.009903, 0.000584, 0.009487, 0.000457, 0.012814, -0.999918, 0.042538, -0.009910, 0.999869, 0.012809, -0.048224, 0.000000, 0.000000, 0.000000, 1.000000
20.0364, 127.8196, 31.5145, 274.6971, 346.1972, -95.3196, 225.5577, 9.4266, 42.5570, -48.1999, 0.726359, -0.651055, -0.220295, 0.127820, 0.677800, 0.731661, 0.072518, 0.031514, 0.113968, -0.201990, 0.972734, 0.274697, 0.000000, 0.000000, 0.000000, 1.000000, 0.113966, -0.201993, 0.972734, 0.346197, -0.726359, 0.651055, 0.220295, -0.095320, -0.677801, -0.731660, -0.072522, 0.225558, 0.000000, 0.000000, 0.000000, 1.000000, 0.999949, 0.010107, 0.000877, 0.009427, 0.000745, 0.013063, -0.999914, 0.042557, -0.010118, 0.999864, 0.013055, -0.048200, 0.000000, 0.000000, 0.000000, 1.000000
20.1630, 127.7927, 31.4659, 274.7809, 346.2810, -95.2927, 225.6064, 9.4771, 42.4518, -48.2334, 0.726578, -0.651413, -0.218510, 0.127793, 0.677874, 0.731519, 0.073258, 0.031466, 0.112123, -0.201350, 0.973081, 0.274781, 0.000000, 0.000000, 0.000000, 1.000000, 0.112120, -0.201353, 0.973081, 0.346281, -0.726578, 0.651413, 0.218510, -0.095293, -0.677875, -0.731518, -0.073262, 0.225606, 0.000000, 0.000000, 0.000000, 1.000000, 0.999951, 0.009852, 0.000499, 0.009477, 0.000378, 0.012349, -0.999924, 0.042452, -0.009857, 0.999875, 0.012345, -0.048233, 0.000000, 0.000000, 0.000000, 1.000000
20.2777, 127.6761, 31.3668, 274.6898, 346.1899, -95.1761, 225.7054, 9.4003, 42.5037, -48.2108, 0.726875, -0.651380, -0.217614, 0.127676, 0.677900, 0.731277, 0.075407, 0.031367, 0.110018, -0.202332, 0.973118, 0.274690, 0.000000, 0.000000, 0.000000, 1.000000, 0.110015, -0.202335, 0.973117, 0.346190, -0.726875, 0.651380, 0.217614, -0.095176, -0.677900, -0.731276, -0.075411, 0.225705, 0.000000, 0.000000, 0.000000, 1.000000, 0.999953, 0.009627, 0.000619, 0.009400, 0.000490, 0.013311, -0.999911, 0.042504, -0.009635, 0.999865, 0.013306, -0.048211, 0.000000, 0.000000, 0.000000, 1.000000
20.3972, 127.6013, 31.3020, 274.6776, 346.1777, -95.1013, 225.7702, 9.3888, 42.4847, -48.2061, 0.727559, -0.650989, -0.216498, 0.127601, 0.677366, 0.731685, 0.076237, 0.031302, 0.108779, -0.202115, 0.973302, 0.274678, 0.000000, 0.000000, 0.000000, 1.000000, 0.108776, -0.202118, 0.973302, 0.346178, -0.727559, 0.650989, 0.216498, -0.095101, -0.677367, -0.731684, -0.076240, 0.225770, 0.000000, 0.000000, 0.000000, 1.000000, 0.999948, 0.010244, -0.000075, 0.009389, -0.000209, 0.013133, -0.999914, 0.042485, -0.010242, 0.999861, 0.013134, -0.048206, 0.000000, 0.000000, 0.000000, 1.000000
20.4961, 127.5079, 31.2251, 274.6292, 346.1293, -95.0079, 225.8471, 9.3369, 42.5016, -48.1909, 0.727738, -0.651388, -0.214688, 0.127508, 0.677588, 0.731291, 0.078030, 0.031225, 0.106172, -0.202255, 0.973561, 0.274629, 0.000000, 0.000000, 0.000000, 1.000000, 0.106169, -0.202258, 0.973560, 0.346129, -0.727738, 0.651388, 0.214688, -0.095008, -0.677588, -0.731290, -0.078034, 0.225847, 0.000000, 0.000000, 0.000000, 1.000000, 0.999953, 0.009694, 0.000760, 0.009337, 0.000632, 0.013196, -0.999913, 0.042502, -0.009703, 0.999866, 0.013190, -0.048191, 0.000000, 0.000000, 0.000000, 1.000000
20.6042, 127.5261, 31.1835, 274.8129, 346.3130, -95.0261, 225.8887, 9.4208, 42.3112, -48.2681, 0.728574, -0.651200, -0.212413, 0.127526, 0.676999, 0.731763, 0.078714, 0.031184, 0.104177, -0.201152, 0.974005, 0.274813, 0.000000, 0.000000, 0.000000, 1.000000, 0.104175, -0.201155, 0.974004, 0.346313, -0.728574, 0.651200, 0.212413, -0.095026, -0.676999, -0.731762, -0.078718, 0.225889, 0.000000, 0.000000, 0.000000, 1.000000, 0.999947, 0.010291, 0.001029, 0.009421, 0.000905, 0.012107, -0.999926, 0.042311, -0.010303, 0.999874, 0.012097, -0.048268, 0.000000, 0.000000, 0.000000, 1.000000
20.7316, 127.4112, 31.0893, 274.7171, 346.2172, -94.9112, 225.9829, 9.3577, 42.3669, -48.2422, 0.728904, -0.651125, -0.211506, 0.127411, 0.676961, 0.731565, 0.080845, 0.031089, 0.102091, -0.202110, 0.974027, 0.274717, 0.000000, 0.000000, 0.000000, 1.000000, 0.102088, -0.202112, 0.974027, 0.346217, -0.728904, 0.651125, 0.211506, -0.094911, -0.676962, -0.731564, -0.080848, 0.225983, 0.000000, 0.000000, 0.000000, 1.000000, 0.999948, 0.010140, 0.000920, 0.009358, 0.000788, 0.013048, -0.999915, 0.042367, -0.010151, 0.999863, 0.013040, -0.048242, 0.000000, 0.000000, 0.000000, 1.000000
20.8235, 127.3101, 31.0221, 274.6741, 346.1742, -94.8101, 226.0502, 9.3023, 42.3782, -48.2161, 0.729259, -0.651167, -0.210147, 0.127310, 0.676823, 0.731584, 0.081827, 0.031022, 0.100457, -0.201906, 0.974239, 0.274674, 0.000000, 0.000000, 0.000000, 1.000000, 0.100454, -0.201908, 0.974239, 0.346174, -0.729259, 0.651167, 0.210147, -0.094810, -0.676823, -0.731583, -0.081831, 0.226050, 0.000000, 0.000000, 0.000000, 1.000000, 0.999948, 0.010164, 0.000993, 0.009302, 0.000863, 0.012823, -0.999917, 0.042378, -0.010176, 0.999866, 0.012813, -0.048216, 0.000000, 0.000000, 0.000000, 1.000000
20.9373, 127.1971, 30.9353, 274.5575, 346.0576, -94.6971, 226.1369, 9.2340, 42.4572, -48.1821, 0.729640, -0.651171, -0.208810, 0.127197, 0.676697, 0.731535, 0.083287, 0.030935, 0.098518, -0.202071, 0.974403, 0.274558, 0.000000, 0.000000, 0.000000, 1.000000, 0.098515, -0.202074, 0.974403, 0.346058, -0.729640, 0.651171, 0.208810, -0.094697, -0.676698, -0.731535, -0.083291, 0.226137, 0.000000, 0.000000, 0.000000, 1.000000, 0.999948, 0.010138, 0.000988, 0.009234, 0.000856, 0.012967, -0.999916, 0.042457, -0.010150, 0.999865, 0.012958, -0.048182, 0.000000, 0.000000, 0.000000, 1.000000
21.0568, 127.2059, 30.8802, 274.7247, 346.2248, -94.7059, 226.1920, 9.3073, 42.2804, -48.2597, 0.730041, -0.651396, -0.206697, 0.127206, 0.676632, 0.731426, 0.084768, 0.030880, 0.095966, -0.201742, 0.974726, 0.274725, 0.000000, 0.000000, 0.000000, 1.000000, 0.095963, -0.201744, 0.974726, 0.346225, -0.730041, 0.651396, 0.206697, -0.094706, -0.676632, -0.731425, -0.084772, 0.226192, 0.000000, 0.000000, 0.000000, 1.000000, 0.999949, 0.009959, 0.001474, 0.009307, 0.001348, 0.012587, -0.999920, 0.042280, -0.009976, 0.999871, 0.012573, -0.048260, 0.000000, 0.000000, 0.000000, 1.000000
21.1518, 127.0932, 30.7966, 274.6653, 346.1654, -94.5932, 226.2756, 9.2330, 42.3069, -48.2346, 0.730476, -0.651216, -0.205724, 0.127093, 0.676312, 0.731648, 0.085399, 0.030797, 0.094905, -0.201515, 0.974877, 0.274665, 0.000000, 0.000000, 0.000000, 1.000000, 0.094902, -0.201518, 0.974876, 0.346165, -0.730476, 0.651216, 0.205724, -0.094593, -0.676312, -0.731648, -0.085402, 0.226276, 0.000000, 0.000000, 0.000000, 1.000000, 0.999947, 0.010283, 0.000966, 0.009233, 0.000839, 0.012368, -0.999923, 0.042307, -0.010294, 0.999871, 0.012359, -0.048235, 0.000000, 0.000000, 0.000000, 1.000000
21.2638, 126.9930, 30.7260, 274.6054, 346.1055, -94.4930, 226.3462, 9.1894, 42.3331, -48.2081, 0.730833, -0.651364, -0.203980, 0.126993, 0.676186, 0.731659, 0.086298, 0.030726, 0.093033, -0.200998, 0.975164, 0.274605, 0.000000, 0.000000, 0.000000, 1.000000, 0.093030, -0.201001, 0.975164, 0.346105, -0.730833, 0.651364, 0.203980, -0.094493, -0.676186, -0.731659, -0.086302, 0.226346, 0.000000, 0.000000, 0.000000, 1.000000, 0.999947, 0.010255, 0.000914, 0.009189, 0.000793, 0.011813, -0.999930, 0.042333, -0.010265, 0.999878, 0.011804, -0.048208, 0.000000, 0.000000, 0.000000, 1.000000
21.3979, 126.9714, 30.6710, 274.7511, 346.2512, -94.4714, 226.4012, 9.2482, 42.1691, -48.2614, 0.731279, -0.651529, -0.201842, 0.126971, 0.676120, 0.731453, 0.088532, 0.030671, 0.089957, -0.201211, 0.975409, 0.274751, 0.000000, 0.000000, 0.000000, 1.000000, 0.089954, -0.201214, 0.975408, 0.346251, -0.731279, 0.651529, 0.201842, -0.094471, -0.676121, -0.731452, -0.088536, 0.226401, 0.000000, 0.000000, 0.000000, 1.000000, 0.999949, 0.010003, 0.001673, 0.009248, 0.001553, 0.011981, -0.999927, 0.042169, -0.010022, 0.999878, 0.011965, -0.048261, 0.000000, 0.000000, 0.000000, 1.000000
21.4910, 126.8636, 30.5784, 274.6492, 346.1493, -94.3636, 226.4938, 9.1664, 42.2401, -48.2380, 0.731575, -0.651311, -0.201476, 0.126864, 0.675879, 0.731605, 0.089112, 0.030578, 0.089362, -0.201366, 0.975431, 0.274649, 0.000000, 0.000000, 0.000000, 1.000000, 0.089359, -0.201369, 0.975431, 0.346149, -0.731575, 0.651311, 0.201476, -0.094364, -0.675880, -0.731604, -0.089116, 0.226494, 0.000000, 0.000000, 0.000000, 1.000000, 0.999947, 0.010271, 0.000711, 0.009166, 0.000586, 0.012146, -0.999926, 0.042240, -0.010279, 0.999873, 0.012140, -0.048238, 0.000000, 0.000000, 0.000000, 1.000000
21.6242, 126.7761, 30.5149, 274.6387, 346.1388, -94.2761, 226.5573, 9.1568, 42.2173, -48.2242, 0.731956, -0.651229, -0.200353, 0.126776, 0.675712, 0.731562, 0.090724, 0.030515, 0.087489, -0.201787, 0.975514, 0.274639, 0.000000, 0.000000, 0.000000, 1.000000, 0.087486, -0.201790, 0.975514, 0.346139, -0.731956, 0.651229, 0.200353, -0.094276, -0.675712, -0.731561, -0.090727, 0.226557, 0.000000, 0.000000, 0.000000, 1.000000, 0.999947, 0.010292, 0.000310, 0.009157, 0.000180, 0.012553, -0.999921, 0.042217, -0.010295, 0.999868, 0.012551, -0.048224, 0.000000, 0.000000, 0.000000, 1.000000
21.7244, 126.7411, 30.4618, 274.6879, 346.1880, -94.2411, 226.6104, 9.1731, 42.1508, -48.2490, 0.732690, -0.651285, -0.197468, 0.126741, 0.675305, 0.731751, 0.092219, 0.030462, 0.084436, -0.200919, 0.975962, 0.274688, 0.000000, 0.000000, 0.000000, 1.000000, 0.084434, -0.200922, 0.975962, 0.346188, -0.732690, 0.651285, 0.197468, -0.094241, -0.675305, -0.731750, -0.092223, 0.226610, 0.000000, 0.000000, 0.000000, 1.000000, 0.999944, 0.010476, 0.001714, 0.009173, 0.001591, 0.011660, -0.999931, 0.042151, -0.010495, 0.999877, 0.011643, -0.048249, 0.000000, 0.000000, 0.000000, 1.000000
21.8333, 126.6444, 30.3929, 274.6410, 346.1411, -94.1444, 226.6793, 9.1321, 42.1666, -48.2261, 0.732891, -0.651074, -0.197415, 0.126644, 0.675225, 0.731615, 0.093866, 0.030393, 0.083318, -0.202094, 0.975816, 0.274641, 0.000000, 0.000000, 0.000000, 1.000000, 0.083316, -0.202096, 0.975815, 0.346141, -0.732891, 0.651074, 0.197415, -0.094144, -0.675225, -0.731614, -0.093870, 0.226679, 0.000000, 0.000000, 0.000000, 1.000000, 0.999945, 0.010462, 0.000962, 0.009132, 0.000828, 0.012841, -0.999917, 0.042167, -0.010474, 0.999863, 0.012831, -0.048226, 0.000000, 0.000000, 0.000000, 1.000000
21.9516, 126.5454, 30.3170, 274.6027, 346.1028, -94.0454, 226.7552, 9.0923, 42.1730, -48.2084, 0.733226, -0.651382, -0.195142, 0.126545, 0.675176, 0.731485, 0.095217, 0.030317, 0.080721, -0.201571, 0.976142, 0.274603, 0.000000, 0.000000, 0.000000, 1.000000, 0.080718, -0.201573, 0.976142, 0.346103, -0.733226, 0.651382, 0.195142, -0.094045, -0.675177, -0.731484, -0.095221, 0.226755, 0.000000, 0.000000, 0.000000, 1.000000, 0.999947, 0.010218, 0.001499, 0.009092, 0.001373, 0.012260, -0.999924, 0.042173, -0.010235, 0.999873, 0.012246, -0.048208, 0.000000, 0.000000, 0.000000, 1.000000
22.0641, 126.4491, 30.2305, 274.5097, 346.0098, -93.9491, 226.8417, 9.0389, 42.2356, -48.1898, 0.733495, -0.651179, -0.194812, 0.126449, 0.675014, 0.731463, 0.096531, 0.030231, 0.079639, -0.202305, 0.976079, 0.274510, 0.000000, 0.000000, 0.000000, 1.000000, 0.079636, -0.202308, 0.976079, 0.346010, -0.733495, 0.651179, 0.194812, -0.093949, -0.675014, -0.731462, -0.096535, 0.226842, 0.000000, 0.000000, 0.000000, 1.000000, 0.999947, 0.010317, 0.000667, 0.009039, 0.000533, 0.012999, -0.999915, 0.042236, -0.010325, 0.999862, 0.012993, -0.048190, 0.000000, 0.000000, 0.000000, 1.000000
22.1515, 126.4086, 30.1641, 274.5989, 346.0990, -93.9086, 226.9081, 9.0354, 42.1327, -48.2282, 0.734125, -0.651121, -0.192620, 0.126409, 0.674570, 0.731764, 0.097348, 0.030164, 0.077567, -0.201401, 0.976433, 0.274599, 0.000000, 0.000000, 0.000000, 1.000000, 0.077565, -0.201404, 0.976432, 0.346099, -0.734125, 0.651121, 0.192620, -0.093909, -0.674570, -0.731764, -0.097352, 0.226908, 0.000000, 0.000000, 0.000000, 1.000000, 0.999942, 0.010654, 0.001319, 0.009035, 0.001190, 0.012083, -0.999926, 0.042133, -0.010669, 0.999870, 0.012070, -0.048228, 0.000000, 0.000000, 0.000000, 1.000000
22.2728, 126.3625, 30.1011, 274.6403, 346.1404, -93.8625, 226.9711, 9.0512, 42.0701, -48.2514, 0.734642, -0.651083, -0.190765, 0.126363, 0.674251, 0.731888, 0.098618, 0.030101, 0.075410, -0.201073, 0.976669, 0.274640, 0.000000, 0.000000, 0.000000, 1.000000, 0.075408, -0.201076, 0.976669, 0.346140, -0.734642, 0.651083, 0.190765, -0.093863, -0.674251, -0.731888, -0.098622, 0.226971, 0.000000, 0.000000, 0.000000, 1.000000, 0.999940, 0.010816, 0.001435, 0.009051, 0.001309, 0.011735, -0.999930, 0.042070, -0.010832, 0.999873, 0.011720, -0.048251, 0.000000, 0.000000, 0.000000, 1.000000
22.3928, 126.2329, 30.0257, 274.5593, 346.0594, -93.7329, 227.0465, 8.9876, 42.1135, -48.2049, 0.734758, -0.651189, -0.189956, 0.126233, 0.674210, 0.731893, 0.098867, 0.030026, 0.074646, -0.200713, 0.976802, 0.274559, 0.000000, 0.000000, 0.000000, 1.000000, 0.074644, -0.200716, 0.976802, 0.346059, -0.734758, 0.651189, 0.189956, -0.093733, -0.674210, -0.731892, -0.098871, 0.227046, 0.000000, 0.000000, 0.000000, 1.000000, 0.999942, 0.010793, 0.000110, 0.008988, -0.000012, 0.011341, -0.999936, 0.042114, -0.010793, 0.999877, 0.011340, -0.048205, 0.000000, 0.000000, 0.000000, 1.000000
22.5040, 126.1698, 29.9634, 274.5793, 346.0794, -93.6698, 227.1088, 8.9823, 42.0708, -48.2122, 0.735179, -0.651219, -0.188216, 0.126170, 0.674061, 0.731706, 0.101236, 0.029963, 0.071792, -0.201296, 0.976896, 0.274579, 0.000000, 0.000000, 0.000000, 1.000000, 0.071789, -0.201298, 0.976896, 0.346079, -0.735179, 0.651219, 0.188216, -0.093670, -0.674061, -0.731705, -0.101240, 0.227109, 0.000000, 0.000000, 0.000000, 1.000000, 0.999943, 0.010624, 0.001058, 0.008982, 0.000932, 0.011901, -0.999929, 0.042071, -0.010636, 0.999873, 0.011891, -0.048212, 0.000000, 0.000000, 0.000000, 1.000000
22.6033, 126.1151, 29.8924, 274.5985, 346.0987, -93.6151, 227.1798, 8.9683, 42.0330, -48.2313, 0.735612, -0.651290, -0.186269, 0.126115, 0.673786, 0.731856, 0.101977, 0.029892, 0.069906, -0.200521, 0.977192, 0.274599, 0.000000, 0.000000, 0.000000, 1.000000, 0.069903, -0.200523, 0.977192, 0.346099, -0.735612, 0.651290, 0.186269, -0.093615, -0.673786, -0.731855, -0.101980, 0.227180, 0.000000, 0.000000, 0.000000, 1.000000, 0.999941, 0.010749, 0.001268, 0.008968, 0.001149, 0.011097, -0.999938, 0.042033, -0.010763, 0.999881, 0.011084, -0.048231, 0.000000, 0.000000, 0.000000, 1.000000
22.7281, 126.0209, 29.8010, 274.5821, 346.0822, -93.5209, 227.2712, 8.9278, 42.0213, -48.2322, 0.736082, -0.651264, -0.184495, 0.126021, 0.673494, 0.731936, 0.103329, 0.029801, 0.067744, -0.200315, 0.977387, 0.274582, 0.000000, 0.000000, 0.000000, 1.000000, 0.067742, -0.200318, 0.977386, 0.346082, -0.736082, 0.651264, 0.184495, -0.093521, -0.673494, -0.731935, -0.103333, 0.227271, 0.000000, 0.000000, 0.000000, 1.000000, 0.999940, 0.010860, 0.001318, 0.008928, 0.001200, 0.010870, -0.999940, 0.042021, -0.010874, 0.999882, 0.010856, -0.048232, 0.000000, 0.000000, 0.000000, 1.000000
22.8375, 125.9766, 29.7497, 274.6501, 346.1502, -93.4766, 227.3225, 8.9452, 41.9347, -48.2530, 0.736234, -0.651417, -0.183343, 0.125977, 0.673595, 0.731454, 0.106042, 0.029750, 0.065029, -0.201571, 0.977313, 0.274650, 0.000000, 0.000000, 0.000000, 1.000000, 0.065027, -0.201574, 0.977312, 0.346150, -0.736234, 0.651417, 0.183343, -0.093477, -0.673595, -0.731453, -0.106046, 0.227322, 0.000000, 0.000000, 0.000000, 1.000000, 0.999944, 0.010360, 0.002092, 0.008945, 0.001966, 0.012098, -0.999925, 0.041935, -0.010384, 0.999873, 0.012077, -0.048253, 0.000000, 0.000000, 0.000000, 1.000000
22.9359, 125.8800, 29.6669, 274.5854, 346.0855, -93.3800, 227.4053, 8.8863, 41.9737, -48.2370, 0.736744, -0.651109, -0.182385, 0.125880, 0.673073, 0.731979, 0.105731, 0.029667, 0.064660, -0.200656, 0.977526, 0.274585, 0.000000, 0.000000, 0.000000, 1.000000, 0.064657, -0.200658, 0.977525, 0.346086, -0.736744, 0.651109, 0.182385, -0.093380, -0.673073, -0.731979, -0.105735, 0.227405, 0.000000, 0.000000, 0.000000, 1.000000, 0.999939, 0.011021, 0.000874, 0.008886, 0.000751, 0.011187, -0.999937, 0.041974, -0.011030, 0.999877, 0.011178, -0.048237, 0.000000, 0.000000, 0.000000, 1.000000
23.0454, 125.7618, 29.5942, 274.4781, 345.9783, -93.2618, 227.4780, 8.8241, 42.0483, -48.1911, 0.737041, -0.651033, -0.181455, 0.125762, 0.672942, 0.731799, 0.107797, 0.029594, 0.062609, -0.201560, 0.977473, 0.274478, 0.000000, 0.000000, 0.000000, 1.000000, 0.062607, -0.201563, 0.977473, 0.345978, -0.737041, 0.651033, 0.181455, -0.093262, -0.672942, -0.731798, -0.107801, 0.227478, 0.000000, 0.000000, 0.000000, 1.000000, 0.999940, 0.010919, 0.001047, 0.008824, 0.000915, 0.012083, -0.999927, 0.042048, -0.010931, 0.999867, 0.012072, -0.048191, 0.000000, 0.000000, 0.000000, 1.000000
23.1728, 125.7157, 29.5218, 274.5595, 346.0596, -93.2157, 227.5504, 8.8394, 41.9481, -48.2286, 0.737459, -0.651372, -0.178519, 0.125716, 0.672737, 0.731850, 0.108724, 0.029522, 0.059830, -0.200276, 0.977911, 0.274560, 0.000000, 0.000000, 0.000000, 1.000000, 0.059827, -0.200279, 0.977911, 0.346060, -0.737459, 0.651372, 0.178519, -0.093216, -0.672737, -0.731849, -0.108727, 0.227550, 0.000000, 0.000000, 0.000000, 1.000000, 0.999940, 0.010809, 0.001623, 0.008839, 0.001507, 0.010736, -0.999941, 0.041948, -0.010826, 0.999884, 0.010719, -0.048229, 0.000000, 0.000000, 0.000000, 1.000000
23.2770, 125.5908, 29.4513, 274.4690, 345.9691, -93.0908, 227.6209, 8.7712, 42.0064, -48.1800, 0.737682, -0.651235, -0.178099, 0.125591, 0.672621, 0.731695, 0.110471, 0.029451, 0.058372, -0.201286, 0.977792, 0.274469, 0.000000, 0.000000, 0.000000, 1.000000, 0.058369, -0.201289, 0.977791, 0.345969, -0.737682, 0.651235, 0.178099, -0.093091, -0.672621, -0.731694, -0.110475, 0.227621, 0.000000, 0.000000, 0.000000, 1.000000, 0.999941, 0.010766, 0.001294, 0.008771, 0.001168, 0.011746, -0.999930, 0.042006, -0.010780, 0.999873, 0.011733, -0.048180, 0.000000, 0.000000, 0.000000, 1.000000
23.3908, 125.6002, 29.4121, 274.6458, 346.1459, -93.1002, 227.6601, 8.8447, 41.8212, -48.2483, 0.738043, -0.651412, -0.175938, 0.125600, 0.672433, 0.731669, 0.111781, 0.029412, 0.055913, -0.200806, 0.978034, 0.274646, 0.000000, 0.000000, 0.000000, 1.000000, 0.055910, -0.200808, 0.978034, 0.346146, -0.738043, 0.651412, 0.175938, -0.093100, -0.672433, -0.731668, -0.111785, 0.227660, 0.000000, 0.000000, 0.000000, 1.000000, 0.999941, 0.010668, 0.001792, 0.008845, 0.001672, 0.011226, -0.999936, 0.041821, -0.010687, 0.999880, 0.011208, -0.048248, 0.000000, 0.000000, 0.000000, 1.000000
23.4848, 125.4397, 29.3190, 274.4597, 345.9598, -92.9397, 227.7532, 8.7226, 41.9716, -48.1743, 0.738475, -0.651131, -0.175165, 0.125440, 0.672044, 0.731899, 0.112612, 0.029319, 0.054878, -0.200880, 0.978078, 0.274460, 0.000000, 0.000000, 0.000000, 1.000000, 0.054875, -0.200883, 0.978077, 0.345960, -0.738475, 0.651131, 0.175165, -0.092940, -0.672044, -0.731898, -0.112616, 0.227753, 0.000000, 0.000000, 0.000000, 1.000000, 0.999938, 0.011045, 0.001284, 0.008723, 0.001159, 0.011305, -0.999935, 0.041972, -0.011058, 0.999875, 0.011292, -0.048174, 0.000000, 0.000000, 0.000000, 1.000000
23.6083, 125.3684, 29.2444, 274.4796, 345.9797, -92.8684, 227.8278, 8.7112, 41.9292, -48.1851, 0.738622, -0.651458, -0.173321, 0.125368, 0.672124, 0.731451, 0.115018, 0.029244, 0.051846, -0.201448, 0.978126, 0.274480, 0.000000, 0.000000, 0.000000, 1.000000, 0.051844, -0.201451, 0.978126, 0.345980, -0.738622, 0.651458, 0.173321, -0.092868, -0.672124, -0.731450, -0.115022, 0.227828, 0.000000, 0.000000, 0.000000, 1.000000, 0.999943, 0.010496, 0.002116, 0.008711, 0.001992, 0.011831, -0.999928, 0.041929, -0.010520, 0.999875, 0.011809, -0.048185, 0.000000, 0.000000, 0.000000, 1.000000
23.7186, 125.2928, 29.1841, 274.4652, 345.9653, -92.7928, 227.8881, 8.6949, 41.9204, -48.1761, 0.739106, -0.651273, -0.171948, 0.125293, 0.671669, 0.731843, 0.115178, 0.029184, 0.050827, -0.200621, 0.978350, 0.274465, 0.000000, 0.000000, 0.000000, 1.000000, 0.050824, -0.200624, 0.978349, 0.345965, -0.739106, 0.651273, 0.171948, -0.092793, -0.671669, -0.731843, -0.115182, 0.227888, 0.000000, 0.000000, 0.000000, 1.000000, 0.999939, 0.010962, 0.001315, 0.008695, 0.001195, 0.010989, -0.999939, 0.041920, -0.010976, 0.999880, 0.010975, -0.048176, 0.000000, 0.000000, 0.000000, 1.000000
23.8447, 125.2716, 29.1151, 274.5829, 346.0830, -92.7716, 227.9571, 8.7304, 41.7897, -48.2345, 0.739222, -0.651552, -0.170384, 0.125272, 0.671758, 0.731348, 0.117776, 0.029115, 0.047873, -0.201519, 0.978314, 0.274583, 0.000000, 0.000000, 0.000000, 1.000000, 0.047870, -0.201522, 0.978314, 0.346083, -0.739222, 0.651552, 0.170384, -0.092772, -0.671759, -0.731347, -0.117779, 0.227957, 0.000000, 0.000000, 0.000000, 1.000000, 0.999944, 0.010402, 0.002023, 0.008730, 0.001899, 0.011853, -0.999928, 0.041790, -0.010425, 0.999876, 0.011832, -0.048235, 0.000000, 0.000000, 0.000000, 1.000000
23.9414, 125.2201, 29.0491, 274.6192, 346.1193, -92.7201, 228.0231, 8.7200, 41.7381, -48.2554, 0.739912, -0.651151, -0.168917, 0.125220, 0.671092, 0.731864, 0.118369, 0.029049, 0.046548, -0.200941, 0.978497, 0.274619, 0.000000, 0.000000, 0.000000, 1.000000, 0.046545, -0.200944, 0.978496, 0.346119, -0.739912, 0.651151, 0.168917, -0.092720, -0.671092, -0.731863, -0.118373, 0.228023, 0.000000, 0.000000, 0.000000, 1.000000, 0.999937, 0.011093, 0.001822, 0.008720, 0.001696, 0.011278, -0.999935, 0.041738, -0.011113, 0.999875, 0.011258, -0.048255, 0.000000, 0.000000, 0.000000, 1.000000
24.0592, 125.0981, 28.9741, 274.5451, 346.0453, -92.5981, 228.0981, 8.6622, 41.7813, -48.2150, 0.740216, -0.651148, -0.167592, 0.125098, 0.670876, 0.731867, 0.119570, 0.028974, 0.044797, -0.200941, 0.978578, 0.274545, 0.000000, 0.000000, 0.000000, 1.000000, 0.044795, -0.200944, 0.978578, 0.346045, -0.740216, 0.651148, 0.167592, -0.092598, -0.670876, -0.731866, -0.119574, 0.228098, 0.000000, 0.000000, 0.000000, 1.000000, 0.999937, 0.011120, 0.001556, 0.008662, 0.001430, 0.011255, -0.999936, 0.041781, -0.011137, 0.999875, 0.011238, -0.048215, 0.000000, 0.000000, 0.000000, 1.000000
24.1712, 124.9854, 28.9059, 274.4506, 345.9507, -92.4854, 228.1663, 8.6110, 41.8466, -48.1720, 0.740613, -0.651012, -0.166361, 0.124985, 0.670513, 0.732123, 0.120036, 0.028906, 0.043652, -0.200447, 0.978732, 0.274451, 0.000000, 0.000000, 0.000000, 1.000000, 0.043649, -0.200450, 0.978731, 0.345951, -0.740613, 0.651012, 0.166361, -0.092485, -0.670513, -0.732122, -0.120039, 0.228166, 0.000000, 0.000000, 0.000000, 1.000000, 0.999934, 0.011437, 0.000825, 0.008611, 0.000702, 0.010741, -0.999942, 0.041847, -0.011445, 0.999877, 0.010732, -0.048172, 0.000000, 0.000000, 0.000000, 1.000000
24.2789, 124.9021, 28.8225, 274.3960, 345.8961, -92.4021, 228.2497, 8.5691, 41.8801, -48.1670, 0.740608, -0.651244, -0.165474, 0.124902, 0.670676, 0.731537, 0.122670, 0.028823, 0.041162, -0.201830, 0.978555, 0.274396, 0.000000, 0.000000, 0.000000, 1.000000, 0.041160, -0.201832, 0.978555, 0.345896, -0.740608, 0.651244, 0.165474, -0.092402, -0.670676, -0.731536, -0.122674, 0.228250, 0.000000, 0.000000, 0.000000, 1.000000, 0.999940, 0.010837, 0.001377, 0.008569, 0.001246, 0.012105, -0.999926, 0.041880, -0.010853, 0.999868, 0.012091, -0.048167, 0.000000, 0.000000, 0.000000, 1.000000
24.3993, 124.9159, 28.7686, 274.6314, 346.1315, -92.4159, 228.3036, 8.6396, 41.6395, -48.2601, 0.741110, -0.651262, -0.163138, 0.124916, 0.670259, 0.731755, 0.123647, 0.028769, 0.038850, -0.200980, 0.978825, 0.274631, 0.000000, 0.000000, 0.000000, 1.000000, 0.038848, -0.200983, 0.978824, 0.346131, -0.741110, 0.651262, 0.163138, -0.092416, -0.670259, -0.731754, -0.123650, 0.228304, 0.000000, 0.000000, 0.000000, 1.000000, 0.999938, 0.011030, 0.001663, 0.008640, 0.001539, 0.011222, -0.999936, 0.041639, -0.011048, 0.999876, 0.011204, -0.048260, 0.000000, 0.000000, 0.000000, 1.000000
24.4934, 124.7813, 28.6819, 274.4932, 345.9934, -92.2813, 228.3903, 8.5453, 41.7498, -48.2077, 0.741273, -0.651352, -0.162034, 0.124781, 0.670165, 0.731660, 0.124713, 0.028682, 0.037322, -0.201035, 0.978873, 0.274493, 0.000000, 0.000000, 0.000000, 1.000000, 0.037319, -0.201038, 0.978872, 0.345993, -0.741273, 0.651352, 0.162034, -0.092281, -0.670165, -0.731659, -0.124716, 0.228390, 0.000000, 0.000000, 0.000000, 1.000000, 0.999939, 0.010916, 0.001557, 0.008545, 0.001434, 0.011255, -0.999936, 0.041750, -0.010933, 0.999877, 0.011238, -0.048208, 0.000000, 0.000000, 0.000000, 1.000000
24.6186, 124.7050, 28.6140, 274.5344, 346.0345, -92.2050, 228.4582, 8.5359, 41.6869, -48.2144, 0.741643, -0.651470, -0.159849, 0.124705, 0.669904, 0.731595, 0.126479, 0.028614, 0.034547, -0.200886, 0.979005, 0.274534, 0.000000, 0.000000, 0.000000, 1.000000, 0.034545, -0.200889, 0.979005, 0.346034, -0.741643, 0.651470, 0.159849, -0.092205, -0.669904, -0.731594, -0.126483, 0.228458, 0.000000, 0.000000, 0.000000, 1.000000, 0.999939, 0.010815, 0.002177, 0.008536, 0.002057, 0.011073, -0.999937, 0.041687, -0.010838, 0.999880, 0.011050, -0.048214, 0.000000, 0.000000, 0.000000, 1.000000
24.7395, 124.6214, 28.5190, 274.5132, 346.0133, -92.1214, 228.5532, 8.4973, 41.6881, -48.2240, 0.742129, -0.651157, -0.158868, 0.124621, 0.669433, 0.731846, 0.127522, 0.028519, 0.033230, -0.200989, 0.979030, 0.274513, 0.000000, 0.000000, 0.000000, 1.000000, 0.033227, -0.200991, 0.979029, 0.346013, -0.742129, 0.651157, 0.158868, -0.092121, -0.669433, -0.731845, -0.127525, 0.228553, 0.000000, 0.000000, 0.000000, 1.000000, 0.999936, 0.011234, 0.001496, 0.008497, 0.001371, 0.011169, -0.999937, 0.041688, -0.011250, 0.999875, 0.011153, -0.048224, 0.000000, 0.000000, 0.000000, 1.000000
24.8348, 124.5845, 28.4620, 274.5884, 346.0885, -92.0845, 228.6103, 8.5033, 41.6012, -48.2553, 0.742336, -0.651383, -0.156963, 0.124585, 0.669334, 0.731591, 0.129487, 0.028462, 0.030487, -0.201183, 0.979079, 0.274588, 0.000000, 0.000000, 0.000000, 1.000000, 0.030484, -0.201186, 0.979079, 0.346089, -0.742336, 0.651383, 0.156963, -0.092085, -0.669334, -0.731590, -0.129491, 0.228610, 0.000000, 0.000000, 0.000000, 1.000000, 0.999937, 0.010908, 0.002565, 0.008503, 0.002442, 0.011338, -0.999933, 0.041601, -0.010937, 0.999876, 0.011311, -0.048255, 0.000000, 0.000000, 0.000000, 1.000000
24.9267, 124.5196, 28.4129, 274.5963, 346.0964, -92.0196, 228.6593, 8.4892, 41.5760, -48.2495, 0.742689, -0.651172, -0.156163, 0.124520, 0.668983, 0.731803, 0.130098, 0.028413, 0.029564, -0.201093, 0.979126, 0.274596, 0.000000, 0.000000, 0.000000, 1.000000, 0.029561, -0.201096, 0.979125, 0.346096, -0.742689, 0.651172, 0.156163, -0.092020, -0.668983, -0.731802, -0.130102, 0.228659, 0.000000, 0.000000, 0.000000, 1.000000, 0.999935, 0.011228, 0.001966, 0.008489, 0.001839, 0.011238, -0.999935, 0.041576, -0.011249, 0.999874, 0.011217, -0.048249, 0.000000, 0.000000, 0.000000, 1.000000
25.0589, 124.4021, 28.3306, 274.5362, 346.0363, -91.9021, 228.7416, 8.4414, 41.6079, -48.2201, 0.743120, -0.651133, -0.154267, 0.124402, 0.668584, 0.732030, 0.130872, 0.028331, 0.027713, -0.200394, 0.979323, 0.274536, 0.000000, 0.000000, 0.000000, 1.000000, 0.027711, -0.200397, 0.979323, 0.346036, -0.743120, 0.651133, 0.154267, -0.091902, -0.668584, -0.732030, -0.130876, 0.228742, 0.000000, 0.000000, 0.000000, 1.000000, 0.999933, 0.011456, 0.001580, 0.008441, 0.001460, 0.010504, -0.999944, 0.041608, -0.011472, 0.999879, 0.010487, -0.048220, 0.000000, 0.000000, 0.000000, 1.000000
25.1666, 124.2728, 28.2408, 274.4242, 345.9243, -91.7728, 228.8314, 8.3609, 41.6940, -48.1784, 0.743289, -0.651082, -0.153666, 0.124273, 0.668450, 0.731906, 0.132242, 0.028241, 0.026369, -0.201012, 0.979234, 0.274424, 0.000000, 0.000000, 0.000000, 1.000000, 0.026366, -0.201015, 0.979233, 0.345924, -0.743289, 0.651082, 0.153666, -0.091773, -0.668450, -0.731905, -0.132246, 0.228831, 0.000000, 0.000000, 0.000000, 1.000000, 0.999934, 0.011413, 0.001068, 0.008361, 0.000942, 0.011112, -0.999938, 0.041694, -0.011424, 0.999873, 0.011101, -0.048178, 0.000000, 0.000000, 0.000000, 1.000000
25.2910, 124.2244, 28.1840, 274.4819, 345.9820, -91.7244, 228.8882, 8.3786, 41.6191, -48.1986, 0.743555, -0.651181, -0.151950, 0.124224, 0.668229, 0.731909, 0.133334, 0.028184, 0.024389, -0.200679, 0.979353, 0.274482, 0.000000, 0.000000, 0.000000, 1.000000, 0.024386, -0.200682, 0.979353, 0.345982, -0.743555, 0.651181, 0.151950, -0.091724, -0.668230, -0.731909, -0.133338, 0.228888, 0.000000, 0.000000, 0.000000, 1.000000, 0.999935, 0.011374, 0.000903, 0.008379, 0.000781, 0.010745, -0.999942, 0.041619, -0.011383, 0.999878, 0.010736, -0.048199, 0.000000, 0.000000, 0.000000, 1.000000
25.4074, 124.1427, 28.1203, 274.4636, 345.9637, -91.6427, 228.9519, 8.3596, 41.6162, -48.1873, 0.743927, -0.651020, -0.150817, 0.124143, 0.667866, 0.732062, 0.134316, 0.028120, 0.022965, -0.200647, 0.979394, 0.274464, 0.000000, 0.000000, 0.000000, 1.000000, 0.022962, -0.200650, 0.979394, 0.345964, -0.743927, 0.651020, 0.150817, -0.091643, -0.667866, -0.732061, -0.134320, 0.228952, 0.000000, 0.000000, 0.000000, 1.000000, 0.999932, 0.011618, 0.000370, 0.008360, 0.000245, 0.010695, -0.999943, 0.041616, -0.011622, 0.999875, 0.010692, -0.048187, 0.000000, 0.000000, 0.000000, 1.000000
25.5010, 124.1047, 28.0658, 274.5472, 346.0474, -91.6047, 229.0064, 8.3644, 41.5219, -48.2177, 0.744213, -0.651323, -0.148075, 0.124105, 0.667655, 0.731891, 0.136283, 0.028066, 0.019610, -0.200286, 0.979541, 0.274547, 0.000000, 0.000000, 0.000000, 1.000000, 0.019608, -0.200289, 0.979541, 0.346047, -0.744213, 0.651323, 0.148075, -0.091605, -0.667655, -0.731890, -0.136287, 0.229006, 0.000000, 0.000000, 0.000000, 1.000000, 0.999934, 0.011304, 0.002088, 0.008364, 0.001972, 0.010300, -0.999945, 0.041522, -0.011325, 0.999883, 0.010277, -0.048218, 0.000000, 0.000000, 0.000000, 1.000000
25.6056, 124.0676, 27.9878, 274.6533, 346.1534, -91.5676, 229.0844, 8.3620, 41.4073, -48.2699, 0.744303, -0.651610, -0.146350, 0.124068, 0.667625, 0.731571, 0.138136, 0.027988, 0.017054, -0.200522, 0.979541, 0.274653, 0.000000, 0.000000, 0.000000, 1.000000, 0.017052, -0.200525, 0.979540, 0.346153, -0.744303, 0.651610, 0.146350, -0.091568, -0.667625, -0.731570, -0.138140, 0.229084, 0.000000, 0.000000, 0.000000, 1.000000, 0.999937, 0.010891, 0.002787, 0.008362, 0.002672, 0.010512, -0.999941, 0.041407, -0.010920, 0.999885, 0.010482, -0.048270, 0.000000, 0.000000, 0.000000, 1.000000
25.7216, 123.9383, 27.9300, 274.5135, 346.0136, -91.4383, 229.1422, 8.3092, 41.5169, -48.1998, 0.744921, -0.651076, -0.145579, 0.123938, 0.666957, 0.732043, 0.138856, 0.027930, 0.016164, -0.200532, 0.979554, 0.274513, 0.000000, 0.000000, 0.000000, 1.000000, 0.016162, -0.200535, 0.979553, 0.346014, -0.744921, 0.651076, 0.145579, -0.091438, -0.666957, -0.732043, -0.138860, 0.229142, 0.000000, 0.000000, 0.000000, 1.000000, 0.999931, 0.011625, 0.001817, 0.008309, 0.001695, 0.010513, -0.999943, 0.041517, -0.011643, 0.999877, 0.010492, -0.048200, 0.000000, 0.000000, 0.000000, 1.000000
25.8205, 123.8653, 27.8478, 274.5332, 346.0334, -91.3653, 229.2244, 8.2719, 41.4838, -48.2149, 0.745334, -0.650886, -0.144306, 0.123865, 0.666526, 0.732298, 0.139583, 0.027848, 0.014822, -0.200219, 0.979639, 0.274533, 0.000000, 0.000000, 0.000000, 1.000000, 0.014820, -0.200222, 0.979638, 0.346033, -0.745334, 0.650886, 0.144306, -0.091365, -0.666526, -0.732297, -0.139587, 0.229224, 0.000000, 0.000000, 0.000000, 1.000000, 0.999927, 0.011959, 0.001522, 0.008272, 0.001400, 0.010179, -0.999947, 0.041484, -0.011974, 0.999877, 0.010161, -0.048215, 0.000000, 0.000000, 0.000000, 1.000000
25.9620, 123.7604, 27.7833, 274.4612, 345.9614, -91.2604, 229.2889, 8.2525, 41.5281, -48.1787, 0.745223, -0.651379, -0.142650, 0.123760, 0.666696, 0.731897, 0.140868, 0.027783, 0.012647, -0.200082, 0.979698, 0.274461, 0.000000, 0.000000, 0.000000, 1.000000, 0.012644, -0.200085, 0.979697, 0.345961, -0.745223, 0.651379, 0.142650, -0.091260, -0.666696, -0.731896, -0.140871, 0.229289, 0.000000, 0.000000, 0.000000, 1.000000, 0.999935, 0.011352, 0.001142, 0.008253, 0.001028, 0.010000, -0.999949, 0.041528, -0.011363, 0.999886, 0.009988, -0.048179, 0.000000, 0.000000, 0.000000, 1.000000
26.0556, 123.7117, 27.7006, 274.5554, 346.0555, -91.2117, 229.3716, 8.2295, 41.4267, -48.2244, 0.745657, -0.651299, -0.140735, 0.123712, 0.666257, 0.731895, 0.142940, 0.027701, 0.009907, -0.200350, 0.979674, 0.274555, 0.000000, 0.000000, 0.000000, 1.000000, 0.009904, -0.200353, 0.979674, 0.346055, -0.745657, 0.651299, 0.140735, -0.091212, -0.666257, -0.731894, -0.142944, 0.229372, 0.000000, 0.000000, 0.000000, 1.000000, 0.999932, 0.011423, 0.002319, 0.008229, 0.002202, 0.010256, -0.999945, 0.041427, -0.011446, 0.999882, 0.010230, -0.048224, 0.000000, 0.000000, 0.000000, 1.000000
26.1611, 123.6494, 27.6457, 274.5731, 346.0732, -91.1494, 229.4265, 8.2229, 41.3931, -48.2264, 0.746017, -0.651209, -0.139231, 0.123649, 0.665873, 0.732121, 0.143569, 0.027646, 0.008440, -0.199815, 0.979797, 0.274573, 0.000000, 0.000000, 0.000000, 1.000000, 0.008437, -0.199818, 0.979797, 0.346073, -0.746017, 0.651209, 0.139231, -0.091149, -0.665873, -0.732120, -0.143573, 0.229426, 0.000000, 0.000000, 0.000000, 1.000000, 0.999930, 0.011665, 0.002014, 0.008223, 0.001901, 0.009691, -0.999951, 0.041393, -0.011684, 0.999885, 0.009668, -0.048226, 0.000000, 0.000000, 0.000000, 1.000000
26.2740, 123.5522, 27.5693, 274.5484, 346.0485, -91.0522, 229.5029, 8.1810, 41.3986, -48.2129, 0.745993, -0.651594, -0.137551, 0.123552, 0.665934, 0.731515, 0.146350, 0.027569, 0.005260, -0.200776, 0.979623, 0.274548, 0.000000, 0.000000, 0.000000, 1.000000, 0.005257, -0.200779, 0.979622, 0.346048, -0.745993, 0.651594, 0.137551, -0.091052, -0.665934, -0.731514, -0.146354, 0.229503, 0.000000, 0.000000, 0.000000, 1.000000, 0.999935, 0.010985, 0.003158, 0.008181, 0.003041, 0.010643, -0.999939, 0.041399, -0.011018, 0.999883, 0.010609, -0.048213, 0.000000, 0.000000, 0.000000, 1.000000
26.3962, 123.4970, 27.4993, 274.6034, 346.1035, -90.9970, 229.5729, 8.1815, 41.3294, -48.2377, 0.746625, -0.651164, -0.136148, 0.123497, 0.665228, 0.732257, 0.145849, 0.027499, 0.004723, -0.199464, 0.979894, 0.274603, 0.000000, 0.000000, 0.000000, 1.000000, 0.004721, -0.199467, 0.979893, 0.346104, -0.746625, 0.651164, 0.136148, -0.090997, -0.665228, -0.732256, -0.145853, 0.229573, 0.000000, 0.000000, 0.000000, 1.000000, 0.999929, 0.011831, 0.001726, 0.008181, 0.001616, 0.009286, -0.999956, 0.041329, -0.011846, 0.999887, 0.009266, -0.048238, 0.000000, 0.000000, 0.000000, 1.000000
26.4872, 123.4465, 27.4297, 274.6503, 346.1504, -90.9465, 229.6425, 8.1631, 41.2735, -48.2637, 0.746979, -0.651247, -0.133793, 0.123447, 0.664846, 0.732239, 0.147670, 0.027430, 0.001799, -0.199258, 0.979945, 0.274650, 0.000000, 0.000000, 0.000000, 1.000000, 0.001796, -0.199261, 0.979945, 0.346150, -0.746979, 0.651247, 0.133793, -0.090947, -0.664846, -0.732238, -0.147674, 0.229643, 0.000000, 0.000000, 0.000000, 1.000000, 0.999926, 0.011773, 0.003105, 0.008163, 0.002998, 0.009056, -0.999954, 0.041273, -0.011801, 0.999890, 0.009020, -0.048264, 0.000000, 0.000000, 0.000000, 1.000000
26.6208, 123.3023, 27.3440, 274.5128, 346.0129, -90.8023, 229.7282, 8.0949, 41.3828, -48.2043, 0.747288, -0.651032, -0.133107, 0.123302, 0.664500, 0.732239, 0.149220, 0.027344, 0.000320, -0.199960, 0.979804, 0.274513, 0.000000, 0.000000, 0.000000, 1.000000, 0.000317, -0.199963, 0.979803, 0.346013, -0.747288, 0.651032, 0.133107, -0.090802, -0.664500, -0.732238, -0.149223, 0.229728, 0.000000, 0.000000, 0.000000, 1.000000, 0.999926, 0.011952, 0.002324, 0.008095, 0.002207, 0.009746, -0.999950, 0.041383, -0.011975, 0.999881, 0.009718, -0.048204, 0.000000, 0.000000, 0.000000, 1.000000
26.7209, 123.1923, 27.2800, 274.4484, 345.9485, -90.6923, 229.7922, 8.0429, 41.4270, -48.1658, 0.747281, -0.651051, -0.133057, 0.123192, 0.664508, 0.731997, 0.150361, 0.027280, -0.000496, -0.200780, 0.979636, 0.274448, 0.000000, 0.000000, 0.000000, 1.000000, -0.000498, -0.200782, 0.979636, 0.345948, -0.747281, 0.651051, 0.133057, -0.090692, -0.664508, -0.731997, -0.150365, 0.229792, 0.000000, 0.000000, 0.000000, 1.000000, 0.999929, 0.011794, 0.001382, 0.008043, 0.001257, 0.010561, -0.999943, 0.041427, -0.011808, 0.999875, 0.010545, -0.048166, 0.000000, 0.000000, 0.000000, 1.000000
26.8273, 123.1719, 27.2204, 274.5765, 346.0766, -90.6719, 229.8518, 8.0642, 41.2921, -48.2199, 0.747362, -0.651511, -0.130320, 0.123172, 0.664406, 0.731706, 0.152217, 0.027220, -0.003815, -0.200347, 0.979718, 0.274577, 0.000000, 0.000000, 0.000000, 1.000000, -0.003817, -0.200349, 0.979717, 0.346077, -0.747362, 0.651511, 0.130320, -0.090672, -0.664406, -0.731706, -0.152220, 0.229852, 0.000000, 0.000000, 0.000000, 1.000000, 0.999933, 0.011276, 0.002798, 0.008064, 0.002684, 0.010098, -0.999945, 0.041292, -0.011304, 0.999885, 0.010067, -0.048220, 0.000000, 0.000000, 0.000000, 1.000000
26.9534, 123.0663, 27.1339, 274.5229, 346.0230, -90.5663, 229.9383, 8.0190, 41.3263, -48.2028, 0.747642, -0.651482, -0.128849, 0.123066, 0.664075, 0.731660, 0.153874, 0.027134, -0.005972, -0.200608, 0.979653, 0.274523, 0.000000, 0.000000, 0.000000, 1.000000, -0.005975, -0.200611, 0.979653, 0.346023, -0.747642, 0.651482, 0.128849, -0.090566, -0.664075, -0.731660, -0.153878, 0.229938, 0.000000, 0.000000, 0.000000, 1.000000, 0.999932, 0.011290, 0.002801, 0.008019, 0.002684, 0.010340, -0.999943, 0.041326, -0.011319, 0.999883, 0.010309, -0.048203, 0.000000, 0.000000, 0.000000, 1.000000
27.0523, 123.0044, 27.0585, 274.5684, 346.0686, -90.5044, 230.0138, 7.9935, 41.2711, -48.2252, 0.748057, -0.651259, -0.127564, 0.123004, 0.663598, 0.732067, 0.153999, 0.027058, -0.006908, -0.199851, 0.979802, 0.274568, 0.000000, 0.000000, 0.000000, 1.000000, -0.006911, -0.199854, 0.979801, 0.346069, -0.748057, 0.651259, 0.127564, -0.090504, -0.663598, -0.732066, -0.154003, 0.230014, 0.000000, 0.000000, 0.000000, 1.000000, 0.999929, 0.011741, 0.002109, 0.007993, 0.001997, 0.009546, -0.999952, 0.041271, -0.011761, 0.999886, 0.009522, -0.048225, 0.000000, 0.000000, 0.000000, 1.000000
27.1758, 122.9009, 26.9900, 274.5066, 346.0067, -90.4009, 230.0822, 7.9603, 41.3120, -48.1947, 0.748446, -0.651008, -0.126558, 0.122901, 0.663140, 0.732152, 0.155560, 0.026990, -0.008611, -0.200353, 0.979686, 0.274507, 0.000000, 0.000000, 0.000000, 1.000000, -0.008613, -0.200356, 0.979685, 0.346007, -0.748446, 0.651008, 0.126558, -0.090401, -0.663140, -0.732152, -0.155563, 0.230082, 0.000000, 0.000000, 0.000000, 1.000000, 0.999926, 0.012010, 0.001749, 0.007960, 0.001628, 0.010031, -0.999948, 0.041312, -0.012027, 0.999878, 0.010011, -0.048195, 0.000000, 0.000000, 0.000000, 1.000000
27.2892, 122.8417, 26.9385, 274.5358, 346.0359, -90.3417, 230.1337, 7.9633, 41.2681, -48.1984, 0.748562, -0.651207, -0.124835, 0.122842, 0.662979, 0.732051, 0.156716, 0.026938, -0.010669, -0.200075, 0.979722, 0.274536, 0.000000, 0.000000, 0.000000, 1.000000, -0.010671, -0.200078, 0.979722, 0.346036, -0.748562, 0.651207, 0.124835, -0.090342, -0.662979, -0.732051, -0.156720, 0.230134, 0.000000, 0.000000, 0.000000, 1.000000, 0.999929, 0.011811, 0.001823, 0.007963, 0.001708, 0.009725, -0.999951, 0.041268, -0.011828, 0.999883, 0.009704, -0.048198, 0.000000, 0.000000, 0.000000, 1.000000
27.3863, 122.7755, 26.8800, 274.5793, 346.0794, -90.2755, 230.1922, 7.9444, 41.2127, -48.2055, 0.748872, -0.651431, -0.121769, 0.122776, 0.662566, 0.732069, 0.158371, 0.026880, -0.014025, -0.199280, 0.979842, 0.274579, 0.000000, 0.000000, 0.000000, 1.000000, -0.014027, -0.199283, 0.979842, 0.346079, -0.748872, 0.651431, 0.121769, -0.090276, -0.662566, -0.732068, -0.158375, 0.230192, 0.000000, 0.000000, 0.000000, 1.000000, 0.999926, 0.011663, 0.003509, 0.007944, 0.003405, 0.008895, -0.999955, 0.041213, -0.011694, 0.999892, 0.008855, -0.048205, 0.000000, 0.000000, 0.000000, 1.000000
27.4939, 122.6327, 26.7898, 274.4354, 345.9355, -90.1327, 230.2824, 7.8575, 41.3358, -48.1491, 0.748591, -0.651754, -0.121771, 0.122633, 0.662839, 0.731214, 0.161152, 0.026790, -0.015991, -0.201351, 0.979389, 0.274435, 0.000000, 0.000000, 0.000000, 1.000000, -0.015994, -0.201354, 0.979388, 0.345935, -0.748591, 0.651754, 0.121771, -0.090133, -0.662839, -0.731214, -0.161156, 0.230282, 0.000000, 0.000000, 0.000000, 1.000000, 0.999934, 0.010898, 0.003502, 0.007858, 0.003382, 0.010998, -0.999934, 0.041336, -0.010935, 0.999880, 0.010960, -0.048149, 0.000000, 0.000000, 0.000000, 1.000000
27.6166, 122.6180, 26.7246, 274.5678, 346.0679, -90.1180, 230.3476, 7.8891, 41.1972, -48.2118, 0.749274, -0.651206, -0.120493, 0.122618, 0.662062, 0.732102, 0.160313, 0.026725, -0.016184, -0.199892, 0.979684, 0.274568, 0.000000, 0.000000, 0.000000, 1.000000, -0.016186, -0.199894, 0.979684, 0.346068, -0.749274, 0.651206, 0.120493, -0.090118, -0.662062, -0.732101, -0.160316, 0.230348, 0.000000, 0.000000, 0.000000, 1.000000, 0.999928, 0.011898, 0.001742, 0.007889, 0.001629, 0.009470, -0.999954, 0.041197, -0.011914, 0.999884, 0.009450, -0.048212, 0.000000, 0.000000, 0.000000, 1.000000
27.7286, 122.5041, 26.6535, 274.4889, 345.9891, -90.0041, 230.4187, 7.8390, 41.2570, -48.1731, 0.749400, -0.651298, -0.119209, 0.122504, 0.661872, 0.731976, 0.161667, 0.026654, -0.018035, -0.200055, 0.979619, 0.274489, 0.000000, 0.000000, 0.000000, 1.000000, -0.018038, -0.200058, 0.979618, 0.345989, -0.749400, 0.651298, 0.119209, -0.090004, -0.661872, -0.731976, -0.161671, 0.230419, 0.000000, 0.000000, 0.000000, 1.000000, 0.999929, 0.011767, 0.001647, 0.007839, 0.001534, 0.009616, -0.999953, 0.041257, -0.011783, 0.999885, 0.009597, -0.048173, 0.000000, 0.000000, 0.000000, 1.000000
27.8420, 122.4421, 26.5992, 274.5138, 346.0139, -89.9421, 230.4730, 7.8377, 41.2184, -48.1762, 0.749730, -0.651221, -0.117541, 0.122442, 0.661441, 0.732091, 0.162909, 0.026599, -0.020038, -0.199884, 0.979615, 0.274514, 0.000000, 0.000000, 0.000000, 1.000000, -0.020041, -0.199887, 0.979614, 0.346014, -0.749730, 0.651221, 0.117541, -0.089942, -0.661440, -0.732090, -0.162912, 0.230473, 0.000000, 0.000000, 0.000000, 1.000000, 0.999927, 0.011917, 0.001738, 0.007838, 0.001626, 0.009416, -0.999954, 0.041218, -0.011932, 0.999885, 0.009396, -0.048176, 0.000000, 0.000000, 0.000000, 1.000000
27.9554, 122.4043, 26.5339, 274.6460, 346.1461, -89.9043, 230.5383, 7.8445, 41.0791, -48.2238, 0.750214, -0.651122, -0.114970, 0.122404, 0.660804, 0.732376, 0.164205, 0.026534, -0.022716, -0.199162, 0.979703, 0.274646, 0.000000, 0.000000, 0.000000, 1.000000, -0.022719, -0.199165, 0.979703, 0.346146, -0.750214, 0.651122, 0.114970, -0.089904, -0.660804, -0.732375, -0.164209, 0.230538, 0.000000, 0.000000, 0.000000, 1.000000, 0.999923, 0.012183, 0.002533, 0.007845, 0.002428, 0.008650, -0.999960, 0.041079, -0.012204, 0.999888, 0.008620, -0.048224, 0.000000, 0.000000, 0.000000, 1.000000
28.0573, 122.2971, 26.4458, 274.5604, 346.0605, -89.7971, 230.6264, 7.7811, 41.1512, -48.2006, 0.750137, -0.651257, -0.114709, 0.122297, 0.660838, 0.731913, 0.166123, 0.026446, -0.024232, -0.200419, 0.979411, 0.274560, 0.000000, 0.000000, 0.000000, 1.000000, -0.024234, -0.200422, 0.979410, 0.346060, -0.750137, 0.651257, 0.114709, -0.089797, -0.660838, -0.731912, -0.166127, 0.230626, 0.000000, 0.000000, 0.000000, 1.000000, 0.999928, 0.011819, 0.002240, 0.007781, 0.002123, 0.009920, -0.999949, 0.041151, -0.011840, 0.999881, 0.009894, -0.048201, 0.000000, 0.000000, 0.000000, 1.000000
28.1628, 122.2156, 26.3861, 274.5628, 346.0629, -89.7156, 230.6861, 7.7562, 41.1351, -48.1905, 0.750252, -0.651406, -0.113104, 0.122216, 0.660616, 0.731708, 0.167898, 0.026386, -0.026611, -0.200685, 0.979294, 0.274563, 0.000000, 0.000000, 0.000000, 1.000000, -0.026613, -0.200687, 0.979294, 0.346063, -0.750252, 0.651406, 0.113104, -0.089716, -0.660616, -0.731707, -0.167902, 0.230686, 0.000000, 0.000000, 0.000000, 1.000000, 0.999929, 0.011596, 0.002782, 0.007756, 0.002664, 0.010175, -0.999945, 0.041135, -0.011624, 0.999881, 0.010144, -0.048190, 0.000000, 0.000000, 0.000000, 1.000000
28.2661, 122.1586, 26.3195, 274.6208, 346.1210, -89.6586, 230.7527, 7.7419, 41.0686, -48.2122, 0.750644, -0.651331, -0.110908, 0.122159, 0.660091, 0.732059, 0.168430, 0.026320, -0.028512, -0.199641, 0.979454, 0.274621, 0.000000, 0.000000, 0.000000, 1.000000, -0.028515, -0.199643, 0.979454, 0.346121, -0.750644, 0.651331, 0.110908, -0.089659, -0.660091, -0.732059, -0.168434, 0.230753, 0.000000, 0.000000, 0.000000, 1.000000, 0.999925, 0.011876, 0.002961, 0.007742, 0.002854, 0.009081, -0.999955, 0.041069, -0.011903, 0.999888, 0.009047, -0.048212, 0.000000, 0.000000, 0.000000, 1.000000
28.3948, 122.0266, 26.2381, 274.5763, 346.0765, -89.5266, 230.8341, 7.6830, 41.0940, -48.1754, 0.750878, -0.651176, -0.110239, 0.122027, 0.659775, 0.732101, 0.169484, 0.026238, -0.029658, -0.199994, 0.979348, 0.274576, 0.000000, 0.000000, 0.000000, 1.000000, -0.029660, -0.199997, 0.979347, 0.346076, -0.750878, 0.651176, 0.110239, -0.089527, -0.659775, -0.732101, -0.169487, 0.230834, 0.000000, 0.000000, 0.000000, 1.000000, 0.999926, 0.012051, 0.001920, 0.007683, 0.001806, 0.009411, -0.999954, 0.041094, -0.012068, 0.999883, 0.009389, -0.048175, 0.000000, 0.000000, 0.000000, 1.000000
28.5108, 121.9860, 26.1605, 274.6311, 346.1312, -89.4860, 230.9117, 7.6824, 41.0330, -48.2153, 0.751299, -0.651094, -0.107826, 0.121986, 0.659164, 0.732276, 0.171100, 0.026161, -0.032444, -0.199622, 0.979336, 0.274631, 0.000000, 0.000000, 0.000000, 1.000000, -0.032446, -0.199625, 0.979335, 0.346131, -0.751299, 0.651094, 0.107826, -0.089486, -0.659164, -0.732275, -0.171104, 0.230912, 0.000000, 0.000000, 0.000000, 1.000000, 0.999921, 0.012235, 0.002769, 0.007682, 0.002658, 0.009002, -0.999956, 0.041033, -0.012259, 0.999885, 0.008969, -0.048215, 0.000000, 0.000000, 0.000000, 1.000000
28.6194, 121.9034, 26.0855, 274.6196, 346.1197, -89.4034, 230.9867, 7.6490, 41.0336, -48.2130, 0.751324, -0.651141, -0.107367, 0.121903, 0.659054, 0.731928, 0.173001, 0.026085, -0.034063, -0.200740, 0.979052, 0.274620, 0.000000, 0.000000, 0.000000, 1.000000, -0.034065, -0.200743, 0.979051, 0.346120, -0.751324, 0.651141, 0.107367, -0.089403, -0.659054, -0.731927, -0.173004, 0.230987, 0.000000, 0.000000, 0.000000, 1.000000, 0.999925, 0.012023, 0.002495, 0.007649, 0.002373, 0.010128, -0.999946, 0.041034, -0.012047, 0.999876, 0.010099, -0.048213, 0.000000, 0.000000, 0.000000, 1.000000
28.7271, 121.8377, 26.0385, 274.6515, 346.1516, -89.3377, 231.0337, 7.6447, 40.9889, -48.2097, 0.751611, -0.651217, -0.104872, 0.121838, 0.658620, 0.732244, 0.173316, 0.026039, -0.036075, -0.199337, 0.979267, 0.274651, 0.000000, 0.000000, 0.000000, 1.000000, -0.036077, -0.199339, 0.979266, 0.346152, -0.751611, 0.651217, 0.104872, -0.089338, -0.658620, -0.732243, -0.173320, 0.231034, 0.000000, 0.000000, 0.000000, 1.000000, 0.999923, 0.012147, 0.002674, 0.007645, 0.002569, 0.008668, -0.999959, 0.040989, -0.012169, 0.999889, 0.008637, -0.048210, 0.000000, 0.000000, 0.000000, 1.000000
28.8492, 121.8205, 25.9946, 274.7945, 346.2946, -89.3205, 231.0776, 7.6846, 40.8378, -48.2574, 0.751908, -0.651262, -0.102428, 0.121820, 0.658123, 0.732338, 0.174799, 0.025995, -0.038828, -0.198844, 0.979262, 0.274794, 0.000000, 0.000000, 0.000000, 1.000000, -0.038830, -0.198846, 0.979261, 0.346295, -0.751908, 0.651262, 0.102428, -0.089320, -0.658123, -0.732337, -0.174803, 0.231078, 0.000000, 0.000000, 0.000000, 1.000000, 0.999920, 0.012175, 0.003349, 0.007685, 0.003250, 0.008139, -0.999962, 0.040838, -0.012202, 0.999893, 0.008099, -0.048257, 0.000000, 0.000000, 0.000000, 1.000000
28.9560, 121.6053, 25.8797, 274.5059, 346.0060, -89.1053, 231.1925, 7.5354, 41.1047, -48.1435, 0.751679, -0.651551, -0.102272, 0.121605, 0.658294, 0.731709, 0.176782, 0.025880, -0.040349, -0.200208, 0.978922, 0.274506, 0.000000, 0.000000, 0.000000, 1.000000, -0.040352, -0.200211, 0.978922, 0.346006, -0.751679, 0.651551, 0.102272, -0.089105, -0.658294, -0.731708, -0.176786, 0.231192, 0.000000, 0.000000, 0.000000, 1.000000, 0.999928, 0.011610, 0.002938, 0.007535, 0.002827, 0.009532, -0.999951, 0.041105, -0.011637, 0.999887, 0.009498, -0.048144, 0.000000, 0.000000, 0.000000, 1.000000
29.0681, 121.6107, 25.8441, 274.6794, 346.1796, -89.1107, 231.2281, 7.5888, 40.9262, -48.2060, 0.752112, -0.651323, -0.100528, 0.121611, 0.657701, 0.732101, 0.177361, 0.025844, -0.041922, -0.199513, 0.978998, 0.274679, 0.000000, 0.000000, 0.000000, 1.000000, -0.041925, -0.199515, 0.978997, 0.346180, -0.752112, 0.651323, 0.100528, -0.089111, -0.657701, -0.732101, -0.177365, 0.231228, 0.000000, 0.000000, 0.000000, 1.000000, 0.999924, 0.012031, 0.002662, 0.007589, 0.002557, 0.008782, -0.999958, 0.040926, -0.012054, 0.999889, 0.008751, -0.048206, 0.000000, 0.000000, 0.000000, 1.000000
29.1735, 121.5148, 25.7593, 274.6517, 346.1519, -89.0148, 231.3129, 7.5375, 40.9446, -48.1989, 0.752367, -0.651230, -0.099215, 0.121515, 0.657304, 0.732206, 0.178397, 0.025759, -0.043532, -0.199435, 0.978944, 0.274652, 0.000000, 0.000000, 0.000000, 1.000000, -0.043534, -0.199437, 0.978943, 0.346152, -0.752367, 0.651230, 0.099215, -0.089015, -0.657304, -0.732205, -0.178401, 0.231313, 0.000000, 0.000000, 0.000000, 1.000000, 0.999923, 0.012183, 0.002492, 0.007537, 0.002386, 0.008675, -0.999960, 0.040945, -0.012204, 0.999888, 0.008645, -0.048199, 0.000000, 0.000000, 0.000000, 1.000000
29.2904, 121.4309, 25.6809, 274.6341, 346.1342, -88.9309, 231.3913, 7.5071, 40.9521, -48.1970, 0.752708, -0.651064, -0.097706, 0.121431, 0.656782, 0.732344, 0.179748, 0.025681, -0.045473, -0.199470, 0.978848, 0.274634, 0.000000, 0.000000, 0.000000, 1.000000, -0.045476, -0.199473, 0.978848, 0.346134, -0.752708, 0.651064, 0.097706, -0.088931, -0.656782, -0.732343, -0.179752, 0.231391, 0.000000, 0.000000, 0.000000, 1.000000, 0.999920, 0.012418, 0.002480, 0.007507, 0.002372, 0.008676, -0.999960, 0.040952, -0.012439, 0.999885, 0.008646, -0.048197, 0.000000, 0.000000, 0.000000, 1.000000
29.3977, 121.3593, 25.6275, 274.6825, 346.1827, -88.8593, 231.4447, 7.4926, 40.8931, -48.1975, 0.752728, -0.651197, -0.096658, 0.121359, 0.656652, 0.732190, 0.180849, 0.025627, -0.046997, -0.199601, 0.978750, 0.274683, 0.000000, 0.000000, 0.000000, 1.000000, -0.046999, -0.199603, 0.978749, 0.346183, -0.752728, 0.651197, 0.096658, -0.088859, -0.656651, -0.732189, -0.180853, 0.231445, 0.000000, 0.000000, 0.000000, 1.000000, 0.999923, 0.012238, 0.002127, 0.007493, 0.002019, 0.008796, -0.999959, 0.040893, -0.012257, 0.999886, 0.008770, -0.048198, 0.000000, 0.000000, 0.000000, 1.000000
29.5009, 121.2831, 25.5611, 274.6793, 346.1795, -88.7831, 231.5111, 7.4655, 40.8873, -48.1948, 0.752839, -0.651391, -0.094468, 0.121283, 0.656319, 0.732051, 0.182613, 0.025561, -0.049797, -0.199479, 0.978636, 0.274679, 0.000000, 0.000000, 0.000000, 1.000000, -0.049799, -0.199482, 0.978635, 0.346179, -0.752839, 0.651391, 0.094468, -0.088783, -0.656318, -0.732050, -0.182616, 0.231511, 0.000000, 0.000000, 0.000000, 1.000000, 0.999923, 0.012011, 0.003134, 0.007465, 0.003030, 0.008661, -0.999958, 0.040887, -0.012038, 0.999890, 0.008624, -0.048195, 0.000000, 0.000000, 0.000000, 1.000000
29.6231, 121.1767, 25.4662, 274.6150, 346.1151, -88.6767, 231.6060, 7.4136, 40.9415, -48.1810, 0.753026, -0.651346, -0.093277, 0.121177, 0.655969, 0.732027, 0.183960, 0.025466, -0.051540, -0.199713, 0.978498, 0.274615, 0.000000, 0.000000, 0.000000, 1.000000, -0.051543, -0.199716, 0.978497, 0.346115, -0.753026, 0.651346, 0.093277, -0.088677, -0.655969, -0.732026, -0.183964, 0.231606, 0.000000, 0.000000, 0.000000, 1.000000, 0.999923, 0.012060, 0.002793, 0.007414, 0.002686, 0.008873, -0.999957, 0.040942, -0.012084, 0.999888, 0.008840, -0.048181, 0.000000, 0.000000, 0.000000, 1.000000
29.7312, 121.1264, 25.4179, 274.6770, 346.1772, -88.6264, 231.6543, 7.4179, 40.8707, -48.1946, 0.753498, -0.651023, -0.091706, 0.121126, 0.655313, 0.732468, 0.184541, 0.025418, -0.052969, -0.199148, 0.978537, 0.274677, 0.000000, 0.000000, 0.000000, 1.000000, -0.052971, -0.199150, 0.978536, 0.346177, -0.753498, 0.651023, 0.091706, -0.088626, -0.655313, -0.732467, -0.184545, 0.231654, 0.000000, 0.000000, 0.000000, 1.000000, 0.999918, 0.012579, 0.002460, 0.007418, 0.002357, 0.008246, -0.999963, 0.040871, -0.012599, 0.999887, 0.008216, -0.048195, 0.000000, 0.000000, 0.000000, 1.000000
29.8371, 121.0273, 25.3469, 274.6659, 346.1660, -88.5273, 231.7253, 7.3724, 40.8721, -48.1785, 0.753390, -0.651420, -0.089747, 0.121027, 0.655194, 0.732039, 0.186653, 0.025347, -0.055891, -0.199424, 0.978318, 0.274666, 0.000000, 0.000000, 0.000000, 1.000000, -0.055894, -0.199427, 0.978317, 0.346166, -0.753390, 0.651420, 0.089747, -0.088527, -0.655194, -0.732039, -0.186657, 0.231725, 0.000000, 0.000000, 0.000000, 1.000000, 0.999922, 0.012033, 0.003488, 0.007372, 0.003385, 0.008536, -0.999958, 0.040872, -0.012062, 0.999891, 0.008494, -0.048178, 0.000000, 0.000000, 0.000000, 1.000000
29.9558, 120.9597, 25.2821, 274.7044, 346.2046, -88.4597, 231.7901, 7.3614, 40.8248, -48.1881, 0.753594, -0.651391, -0.088230, 0.120960, 0.654777, 0.732024, 0.188170, 0.025282, -0.057985, -0.199575, 0.978165, 0.274704, 0.000000, 0.000000, 0.000000, 1.000000, -0.057988, -0.199578, 0.978165, 0.346205, -0.753594, 0.651391, 0.088230, -0.088460, -0.654777, -0.732023, -0.188173, 0.231790, 0.000000, 0.000000, 0.000000, 1.000000, 0.999921, 0.012071, 0.003563, 0.007361, 0.003459, 0.008663, -0.999956, 0.040825, -0.012101, 0.999890, 0.008621, -0.048188, 0.000000, 0.000000, 0.000000, 1.000000
30.0617, 120.9199, 25.2118, 274.7605, 346.2606, -88.4199, 231.8604, 7.3572, 40.7656, -48.2235, 0.753751, -0.651488, -0.086156, 0.120920, 0.654366, 0.731991, 0.189724, 0.025212, -0.060537, -0.199382, 0.978050, 0.274760, 0.000000, 0.000000, 0.000000, 1.000000, -0.060540, -0.199385, 0.978049, 0.346261, -0.753751, 0.651488, 0.086156, -0.088420, -0.654365, -0.731990, -0.189727, 0.231860, 0.000000, 0.000000, 0.000000, 1.000000, 0.999919, 0.011981, 0.004300, 0.007357, 0.004199, 0.008450, -0.999955, 0.040766, -0.012017, 0.999893, 0.008399, -0.048223, 0.000000, 0.000000, 0.000000, 1.000000
30.1702, 120.7756, 25.1178, 274.6210, 346.1212, -88.2756, 231.9544, 7.2729, 40.8934, -48.1697, 0.754161, -0.651002, -0.086240, 0.120776, 0.653880, 0.732297, 0.190214, 0.025118, -0.060676, -0.199843, 0.977947, 0.274621, 0.000000, 0.000000, 0.000000, 1.000000, -0.060679, -0.199846, 0.977947, 0.346121, -0.754161, 0.651002, 0.086240, -0.088276, -0.653880, -0.732296, -0.190218, 0.231954, 0.000000, 0.000000, 0.000000, 1.000000, 0.999917, 0.012591, 0.002674, 0.007273, 0.002563, 0.008863, -0.999957, 0.040893, -0.012614, 0.999881, 0.008830, -0.048170, 0.000000, 0.000000, 0.000000, 1.000000
30.2955, 120.7245, 25.0660, 274.7196, 346.2198, -88.2245, 232.0062, 7.2836, 40.7862, -48.1923, 0.754413, -0.650938, -0.084507, 0.120724, 0.653404, 0.732432, 0.191326, 0.025066, -0.062646, -0.199556, 0.977882, 0.274720, 0.000000, 0.000000, 0.000000, 1.000000, -0.062649, -0.199559, 0.977881, 0.346220, -0.754413, 0.650938, 0.084507, -0.088224, -0.653404, -0.732432, -0.191330, 0.232006, 0.000000, 0.000000, 0.000000, 1.000000, 0.999916, 0.012730, 0.002523, 0.007284, 0.002415, 0.008535, -0.999961, 0.040786, -0.012751, 0.999883, 0.008503, -0.048192, 0.000000, 0.000000, 0.000000, 1.000000
30.4075, 120.6475, 25.0028, 274.7400, 346.2401, -88.1475, 232.0694, 7.2627, 40.7575, -48.1911, 0.754375, -0.651224, -0.082618, 0.120647, 0.653235, 0.732290, 0.192445, 0.025003, -0.064825, -0.199145, 0.977824, 0.274740, 0.000000, 0.000000, 0.000000, 1.000000, -0.064827, -0.199148, 0.977823, 0.346240, -0.754375, 0.651224, 0.082618, -0.088147, -0.653235, -0.732289, -0.192449, 0.232069, 0.000000, 0.000000, 0.000000, 1.000000, 0.999919, 0.012412, 0.002722, 0.007263, 0.002622, 0.008111, -0.999964, 0.040757, -0.012434, 0.999890, 0.008078, -0.048191, 0.000000, 0.000000, 0.000000, 1.000000
30.5020, 120.5889, 24.9309, 274.8224, 346.3225, -88.0889, 232.1413, 7.2331, 40.6736, -48.2203, 0.754612, -0.651233, -0.080356, 0.120589, 0.652637, 0.732204, 0.194787, 0.024931, -0.068015, -0.199432, 0.977548, 0.274822, 0.000000, 0.000000, 0.000000, 1.000000, -0.068017, -0.199435, 0.977548, 0.346323, -0.754612, 0.651233, 0.080356, -0.088089, -0.652637, -0.732203, -0.194791, 0.232141, 0.000000, 0.000000, 0.000000, 1.000000, 0.999914, 0.012381, 0.004330, 0.007233, 0.004227, 0.008387, -0.999956, 0.040674, -0.012417, 0.999888, 0.008334, -0.048220, 0.000000, 0.000000, 0.000000, 1.000000
30.6233, 120.5394, 24.8682, 274.8624, 346.3625, -88.0394, 232.2040, 7.2380, 40.6270, -48.2407, 0.754876, -0.651124, -0.078736, 0.120539, 0.652186, 0.732508, 0.195157, 0.024868, -0.069396, -0.198670, 0.977606, 0.274862, 0.000000, 0.000000, 0.000000, 1.000000, -0.069399, -0.198673, 0.977606, 0.346362, -0.754876, 0.651124, 0.078736, -0.088039, -0.652185, -0.732507, -0.195161, 0.232204, 0.000000, 0.000000, 0.000000, 1.000000, 0.999914, 0.012629, 0.003663, 0.007238, 0.003568, 0.007566, -0.999965, 0.040627, -0.012656, 0.999892, 0.007520, -0.048241, 0.000000, 0.000000, 0.000000, 1.000000
30.7288, 120.4166, 24.7866, 274.7708, 346.2709, -87.9166, 232.2856, 7.1736, 40.7094, -48.2013, 0.754868, -0.651201, -0.078176, 0.120417, 0.652054, 0.732268, 0.196492, 0.024787, -0.070710, -0.199301, 0.977384, 0.274771, 0.000000, 0.000000, 0.000000, 1.000000, -0.070713, -0.199303, 0.977383, 0.346271, -0.754868, 0.651201, 0.078176, -0.087917, -0.652054, -0.732267, -0.196496, 0.232286, 0.000000, 0.000000, 0.000000, 1.000000, 0.999917, 0.012471, 0.003140, 0.007174, 0.003038, 0.008200, -0.999962, 0.040709, -0.012496, 0.999889, 0.008161, -0.048201, 0.000000, 0.000000, 0.000000, 1.000000
30.8514, 120.3072, 24.7227, 274.7020, 346.2021, -87.8072, 232.3495, 7.1416, 40.7654, -48.1622, 0.754827, -0.651474, -0.076273, 0.120307, 0.651775, 0.731905, 0.198758, 0.024723, -0.073662, -0.199741, 0.977076, 0.274702, 0.000000, 0.000000, 0.000000, 1.000000, -0.073664, -0.199744, 0.977075, 0.346202, -0.754827, 0.651474, 0.076273, -0.087807, -0.651774, -0.731904, -0.198762, 0.232350, 0.000000, 0.000000, 0.000000, 1.000000, 0.999919, 0.012076, 0.003942, 0.007142, 0.003838, 0.008653, -0.999955, 0.040765, -0.012110, 0.999890, 0.008606, -0.048162, 0.000000, 0.000000, 0.000000, 1.000000
30.9564, 120.2404, 24.6532, 274.7083, 346.2084, -87.7404, 232.4190, 7.1201, 40.7545, -48.1696, 0.755337, -0.650919, -0.075963, 0.120240, 0.651195, 0.732493, 0.198494, 0.024653, -0.073561, -0.199397, 0.977154, 0.274708, 0.000000, 0.000000, 0.000000, 1.000000, -0.073564, -0.199399, 0.977153, 0.346208, -0.755337, 0.650919, 0.075963, -0.087740, -0.651194, -0.732492, -0.198498, 0.232419, 0.000000, 0.000000, 0.000000, 1.000000, 0.999915, 0.012869, 0.002160, 0.007120, 0.002054, 0.008221, -0.999964, 0.040755, -0.012887, 0.999883, 0.008194, -0.048170, 0.000000, 0.000000, 0.000000, 1.000000
31.0693, 120.1691, 24.5753, 274.7298, 346.2299, -87.6691, 232.4970, 7.0941, 40.7294, -48.1832, 0.755279, -0.651110, -0.074894, 0.120169, 0.650944, 0.731921, 0.201405, 0.024575, -0.076321, -0.200869, 0.976641, 0.274730, 0.000000, 0.000000, 0.000000, 1.000000, -0.076323, -0.200872, 0.976640, 0.346230, -0.755279, 0.651110, 0.074894, -0.087669, -0.650944, -0.731920, -0.201409, 0.232497, 0.000000, 0.000000, 0.000000, 1.000000, 0.999918, 0.012477, 0.002949, 0.007094, 0.002828, 0.009733, -0.999949, 0.040729, -0.012505, 0.999875, 0.009697, -0.048183, 0.000000, 0.000000, 0.000000, 1.000000
31.1691, 120.1038, 24.5168, 274.7904, 346.2905, -87.6038, 232.5554, 7.0729, 40.6644, -48.1940, 0.755250, -0.651421, -0.072435, 0.120104, 0.650667, 0.731855, 0.202535, 0.024517, -0.078923, -0.200095, 0.976593, 0.274790, 0.000000, 0.000000, 0.000000, 1.000000, -0.078926, -0.200098, 0.976592, 0.346291, -0.755250, 0.651421, 0.072435, -0.087604, -0.650667, -0.731854, -0.202538, 0.232555, 0.000000, 0.000000, 0.000000, 1.000000, 0.999919, 0.012158, 0.003795, 0.007073, 0.003686, 0.008946, -0.999953, 0.040664, -0.012191, 0.999886, 0.008900, -0.048194, 0.000000, 0.000000, 0.000000, 1.000000
31.2763, 120.0222, 24.4616, 274.7909, 346.2910, -87.5222, 232.6106, 7.0515, 40.6558, -48.1802, 0.755460, -0.651330, -0.071054, 0.120022, 0.650211, 0.731943, 0.203677, 0.024462, -0.080654, -0.200070, 0.976456, 0.274791, 0.000000, 0.000000, 0.000000, 1.000000, -0.080656, -0.200073, 0.976455, 0.346291, -0.755460, 0.651330, 0.071054, -0.087522, -0.650211, -0.731942, -0.203681, 0.232611, 0.000000, 0.000000, 0.000000, 1.000000, 0.999917, 0.012299, 0.003720, 0.007052, 0.003611, 0.008888, -0.999954, 0.040656, -0.012331, 0.999885, 0.008843, -0.048180, 0.000000, 0.000000, 0.000000, 1.000000
31.3972, 119.9688, 24.3877, 274.8802, 346.3803, -87.4688, 232.6845, 7.0414, 40.5644, -48.2154, 0.755955, -0.651020, -0.068589, 0.119969, 0.649394, 0.732572, 0.204024, 0.024388, -0.082578, -0.198774, 0.976560, 0.274880, 0.000000, 0.000000, 0.000000, 1.000000, -0.082580, -0.198777, 0.976559, 0.346380, -0.755955, 0.651020, 0.068589, -0.087469, -0.649394, -0.732571, -0.204028, 0.232684, 0.000000, 0.000000, 0.000000, 1.000000, 0.999911, 0.012858, 0.003673, 0.007041, 0.003577, 0.007491, -0.999966, 0.040564, -0.012885, 0.999889, 0.007444, -0.048215, 0.000000, 0.000000, 0.000000, 1.000000
31.5031, 119.8472, 24.3234, 274.8397, 346.3398, -87.3472, 232.7488, 6.9864, 40.5958, -48.1739, 0.755899, -0.651229, -0.067215, 0.119847, 0.649212, 0.732363, 0.205350, 0.024323, -0.084504, -0.198860, 0.976378, 0.274840, 0.000000, 0.000000, 0.000000, 1.000000, -0.084507, -0.198863, 0.976377, 0.346340, -0.755899, 0.651229, 0.067215, -0.087347, -0.649211, -0.732362, -0.205354, 0.232749, 0.000000, 0.000000, 0.000000, 1.000000, 0.999914, 0.012585, 0.003741, 0.006986, 0.003646, 0.007579, -0.999965, 0.040596, -0.012613, 0.999892, 0.007533, -0.048174, 0.000000, 0.000000, 0.000000, 1.000000
31.6160, 119.7501, 24.2410, 274.7669, 346.2670, -87.2501, 232.8312, 6.9457, 40.6633, -48.1557, 0.755881, -0.651318, -0.066550, 0.119750, 0.648914, 0.731815, 0.208226, 0.024241, -0.086919, -0.200579, 0.975814, 0.274767, 0.000000, 0.000000, 0.000000, 1.000000, -0.086922, -0.200582, 0.975813, 0.346267, -0.755881, 0.651318, 0.066550, -0.087250, -0.648914, -0.731814, -0.208230, 0.232831, 0.000000, 0.000000, 0.000000, 1.000000, 0.999915, 0.012319, 0.004210, 0.006946, 0.004095, 0.009338, -0.999948, 0.040663, -0.012357, 0.999881, 0.009287, -0.048156, 0.000000, 0.000000, 0.000000, 1.000000
31.7382, 119.7209, 24.1898, 274.9275, 346.4276, -87.2209, 232.8824, 6.9629, 40.4998, -48.2042, 0.756029, -0.651418, -0.063826, 0.119721, 0.648414, 0.732079, 0.208853, 0.024190, -0.089324, -0.199284, 0.975862, 0.274927, 0.000000, 0.000000, 0.000000, 1.000000, -0.089327, -0.199287, 0.975861, 0.346428, -0.756029, 0.651418, 0.063826, -0.087221, -0.648414, -0.732078, -0.208856, 0.232882, 0.000000, 0.000000, 0.000000, 1.000000, 0.999914, 0.012325, 0.004522, 0.006963, 0.004424, 0.007987, -0.999958, 0.040500, -0.012361, 0.999892, 0.007932, -0.048204, 0.000000, 0.000000, 0.000000, 1.000000
31.8542, 119.6188, 24.1056, 274.8576, 346.3577, -87.1188, 232.9666, 6.9194, 40.5648, -48.1844, 0.756402, -0.651056, -0.063103, 0.119619, 0.647925, 0.732526, 0.208804, 0.024106, -0.089718, -0.198826, 0.975919, 0.274858, 0.000000, 0.000000, 0.000000, 1.000000, -0.089721, -0.198829, 0.975919, 0.346358, -0.756402, 0.651056, 0.063103, -0.087119, -0.647925, -0.732525, -0.208808, 0.232967, 0.000000, 0.000000, 0.000000, 1.000000, 0.999913, 0.012864, 0.003001, 0.006919, 0.002905, 0.007446, -0.999968, 0.040565, -0.012886, 0.999890, 0.007408, -0.048184, 0.000000, 0.000000, 0.000000, 1.000000
31.9412, 119.5553, 24.0492, 274.9046, 346.4047, -87.0553, 233.0231, 6.8921, 40.5159, -48.1924, 0.756528, -0.651133, -0.060756, 0.119555, 0.647374, 0.732515, 0.210543, 0.024049, -0.092587, -0.198614, 0.975695, 0.274905, 0.000000, 0.000000, 0.000000, 1.000000, -0.092589, -0.198617, 0.975694, 0.346405, -0.756528, 0.651133, 0.060756, -0.087055, -0.647374, -0.732514, -0.210547, 0.233023, 0.000000, 0.000000, 0.000000, 1.000000, 0.999908, 0.012792, 0.004401, 0.006892, 0.004309, 0.007217, -0.999965, 0.040516, -0.012823, 0.999892, 0.007161, -0.048192, 0.000000, 0.000000, 0.000000, 1.000000
32.0625, 119.5068, 23.9739, 275.0129, 346.5131, -87.0068, 233.0984, 6.8820, 40.4079, -48.2356, 0.756481, -0.651421, -0.058194, 0.119507, 0.646931, 0.732258, 0.212786, 0.023974, -0.096000, -0.198616, 0.975364, 0.275013, 0.000000, 0.000000, 0.000000, 1.000000, -0.096002, -0.198619, 0.975364, 0.346513, -0.756481, 0.651421, 0.058194, -0.087007, -0.646931, -0.732258, -0.212790, 0.233098, 0.000000, 0.000000, 0.000000, 1.000000, 0.999907, 0.012424, 0.005705, 0.006882, 0.005616, 0.007228, -0.999958, 0.040408, -0.012464, 0.999897, 0.007157, -0.048236, 0.000000, 0.000000, 0.000000, 1.000000
32.1645, 119.3715, 23.9020, 274.8518, 346.3519, -86.8715, 233.1703, 6.8207, 40.5602, -48.1676, 0.756625, -0.651258, -0.058143, 0.119371, 0.646637, 0.732145, 0.214065, 0.023902, -0.096843, -0.199564, 0.975088, 0.274852, 0.000000, 0.000000, 0.000000, 1.000000, -0.096845, -0.199567, 0.975087, 0.346352, -0.756625, 0.651258, 0.058143, -0.086871, -0.646637, -0.732145, -0.214068, 0.233170, 0.000000, 0.000000, 0.000000, 1.000000, 0.999909, 0.012574, 0.004831, 0.006821, 0.004728, 0.008164, -0.999955, 0.040560, -0.012612, 0.999888, 0.008103, -0.048168, 0.000000, 0.000000, 0.000000, 1.000000
32.2774, 119.2790, 23.8253, 274.8342, 346.3344, -86.7790, 233.2469, 6.7828, 40.5745, -48.1587, 0.756840, -0.651124, -0.056842, 0.119279, 0.646190, 0.732365, 0.214664, 0.023825, -0.098144, -0.199197, 0.975032, 0.274834, 0.000000, 0.000000, 0.000000, 1.000000, -0.098147, -0.199200, 0.975032, 0.346334, -0.756840, 0.651124, 0.056842, -0.086779, -0.646189, -0.732364, -0.214668, 0.233247, 0.000000, 0.000000, 0.000000, 1.000000, 0.999909, 0.012799, 0.004232, 0.006783, 0.004133, 0.007743, -0.999961, 0.040575, -0.012831, 0.999888, 0.007689, -0.048159, 0.000000, 0.000000, 0.000000, 1.000000
32.3960, 119.2332, 23.7695, 274.9798, 346.4799, -86.7332, 233.3027, 6.7816, 40.4274, -48.1966, 0.757074, -0.651006, -0.055051, 0.119233, 0.645590, 0.732513, 0.215959, 0.023770, -0.100265, -0.199037, 0.974849, 0.274980, 0.000000, 0.000000, 0.000000, 1.000000, -0.100268, -0.199040, 0.974849, 0.346480, -0.757074, 0.651006, 0.055051, -0.086733, -0.645589, -0.732513, -0.215963, 0.233303, 0.000000, 0.000000, 0.000000, 1.000000, 0.999906, 0.012985, 0.004369, 0.006782, 0.004271, 0.007535, -0.999962, 0.040427, -0.013018, 0.999887, 0.007479, -0.048197, 0.000000, 0.000000, 0.000000, 1.000000
32.5037, 119.1855, 23.7183, 275.0528, 346.5530, -86.6855, 233.3539, 6.7810, 40.3514, -48.2162, 0.757034, -0.651225, -0.052964, 0.119186, 0.645250, 0.732415, 0.217303, 0.023718, -0.102721, -0.198680, 0.974666, 0.275053, 0.000000, 0.000000, 0.000000, 1.000000, -0.102724, -0.198683, 0.974665, 0.346553, -0.757034, 0.651225, 0.052964, -0.086686, -0.645250, -0.732414, -0.217306, 0.233354, 0.000000, 0.000000, 0.000000, 1.000000, 0.999907, 0.012734, 0.004951, 0.006781, 0.004860, 0.007172, -0.999962, 0.040351, -0.012769, 0.999893, 0.007109, -0.048216, 0.000000, 0.000000, 0.000000, 1.000000
32.6333, 119.0572, 23.6339, 274.9419, 346.4420, -86.5572, 233.4384, 6.7323, 40.4556, -48.1715, 0.757110, -0.651136, -0.052974, 0.119057, 0.645004, 0.732176, 0.218832, 0.023634, -0.103703, -0.199848, 0.974324, 0.274942, 0.000000, 0.000000, 0.000000, 1.000000, -0.103706, -0.199851, 0.974323, 0.346442, -0.757110, 0.651136, 0.052974, -0.086557, -0.645004, -0.732176, -0.218835, 0.233438, 0.000000, 0.000000, 0.000000, 1.000000, 0.999911, 0.012781, 0.003718, 0.006732, 0.003612, 0.008337, -0.999959, 0.040456, -0.012811, 0.999884, 0.008291, -0.048171, 0.000000, 0.000000, 0.000000, 1.000000
32.7366, 119.0333, 23.5719, 275.0553, 346.5555, -86.5333, 233.5003, 6.7349, 40.3446, -48.2222, 0.757272, -0.651181, -0.050018, 0.119033, 0.644289, 0.732324, 0.220439, 0.023572, -0.106917, -0.199158, 0.974117, 0.275055, 0.000000, 0.000000, 0.000000, 1.000000, -0.106919, -0.199161, 0.974117, 0.346555, -0.757272, 0.651181, 0.050018, -0.086533, -0.644288, -0.732323, -0.220443, 0.233500, 0.000000, 0.000000, 0.000000, 1.000000, 0.999905, 0.012787, 0.005202, 0.006735, 0.005105, 0.007608, -0.999958, 0.040345, -0.012826, 0.999889, 0.007542, -0.048222, 0.000000, 0.000000, 0.000000, 1.000000
32.8421, 118.9213, 23.5036, 274.9659, 346.4660, -86.4213, 233.5686, 6.6900, 40.4286, -48.1807, 0.757329, -0.651141, -0.049679, 0.118921, 0.644137, 0.732333, 0.220854, 0.023504, -0.107426, -0.199259, 0.974041, 0.274966, 0.000000, 0.000000, 0.000000, 1.000000, -0.107428, -0.199262, 0.974040, 0.346466, -0.757329, 0.651141, 0.049679, -0.086421, -0.644136, -0.732332, -0.220858, 0.233569, 0.000000, 0.000000, 0.000000, 1.000000, 0.999910, 0.012847, 0.003895, 0.006690, 0.003797, 0.007683, -0.999963, 0.040429, -0.012877, 0.999888, 0.007633, -0.048181, 0.000000, 0.000000, 0.000000, 1.000000
32.9730, 118.8133, 23.4360, 274.9319, 346.4321, -86.3133, 233.6362, 6.6611, 40.4559, -48.1519, 0.757269, -0.651333, -0.048041, 0.118813, 0.643806, 0.732101, 0.222579, 0.023436, -0.109802, -0.199481, 0.973730, 0.274932, 0.000000, 0.000000, 0.000000, 1.000000, -0.109805, -0.199484, 0.973729, 0.346432, -0.757269, 0.651333, 0.048041, -0.086313, -0.643806, -0.732100, -0.222583, 0.233636, 0.000000, 0.000000, 0.000000, 1.000000, 0.999913, 0.012594, 0.003998, 0.006661, 0.003898, 0.007911, -0.999961, 0.040456, -0.012625, 0.999889, 0.007861, -0.048152, 0.000000, 0.000000, 0.000000, 1.000000
33.0662, 118.7558, 23.3557, 275.0083, 346.5084, -86.2558, 233.7165, 6.6230, 40.3853, -48.1867, 0.757177, -0.651621, -0.045538, 0.118756, 0.643355, 0.731875, 0.224618, 0.023356, -0.113037, -0.199373, 0.973382, 0.275008, 0.000000, 0.000000, 0.000000, 1.000000, -0.113040, -0.199375, 0.973381, 0.346508, -0.757177, 0.651621, 0.045538, -0.086256, -0.643355, -0.731874, -0.224621, 0.233717, 0.000000, 0.000000, 0.000000, 1.000000, 0.999909, 0.012232, 0.005616, 0.006623, 0.005521, 0.007820, -0.999954, 0.040385, -0.012275, 0.999895, 0.007752, -0.048187, 0.000000, 0.000000, 0.000000, 1.000000
33.1774, 118.7126, 23.3027, 275.1015, 346.6017, -86.2126, 233.7695, 6.6239, 40.2910, -48.2143, 0.757647, -0.651150, -0.044437, 0.118713, 0.642729, 0.732546, 0.224223, 0.023303, -0.113451, -0.198443, 0.973524, 0.275102, 0.000000, 0.000000, 0.000000, 1.000000, -0.113453, -0.198446, 0.973523, 0.346602, -0.757647, 0.651150, 0.044437, -0.086213, -0.642728, -0.732545, -0.224227, 0.233770, 0.000000, 0.000000, 0.000000, 1.000000, 0.999907, 0.012933, 0.004227, 0.006624, 0.004140, 0.006765, -0.999969, 0.040291, -0.012962, 0.999893, 0.006711, -0.048214, 0.000000, 0.000000, 0.000000, 1.000000
33.2771, 118.6313, 23.2304, 275.1071, 346.6072, -86.1313, 233.8418, 6.5853, 40.2864, -48.2140, 0.757528, -0.651387, -0.042957, 0.118631, 0.642226, 0.731842, 0.227934, 0.023230, -0.117035, -0.200255, 0.972729, 0.275107, 0.000000, 0.000000, 0.000000, 1.000000, -0.117038, -0.200258, 0.972728, 0.346607, -0.757528, 0.651387, 0.042957, -0.086131, -0.642225, -0.731841, -0.227938, 0.233842, 0.000000, 0.000000, 0.000000, 1.000000, 0.999903, 0.012514, 0.006107, 0.006585, 0.005999, 0.008652, -0.999945, 0.040286, -0.012566, 0.999884, 0.008576, -0.048214, 0.000000, 0.000000, 0.000000, 1.000000
33.3914, 118.5084, 23.1701, 275.0275, 346.5277, -86.0084, 233.9021, 6.5434, 40.3589, -48.1614, 0.757625, -0.651342, -0.041926, 0.118508, 0.641981, 0.732066, 0.227903, 0.023170, -0.117750, -0.199581, 0.972781, 0.275028, 0.000000, 0.000000, 0.000000, 1.000000, -0.117752, -0.199584, 0.972780, 0.346528, -0.757625, 0.651342, 0.041926, -0.086008, -0.641980, -0.732065, -0.227907, 0.233902, 0.000000, 0.000000, 0.000000, 1.000000, 0.999908, 0.012633, 0.004859, 0.006543, 0.004759, 0.007923, -0.999957, 0.040359, -0.012671, 0.999889, 0.007862, -0.048161, 0.000000, 0.000000, 0.000000, 1.000000
33.5013, 118.4177, 23.0992, 274.9947, 346.4948, -85.9177, 233.9730, 6.5104, 40.3904, -48.1466, 0.757942, -0.651026, -0.041096, 0.118418, 0.641336, 0.732184, 0.229335, 0.023099, -0.119213, -0.200179, 0.972480, 0.274995, 0.000000, 0.000000, 0.000000, 1.000000, -0.119215, -0.200182, 0.972479, 0.346495, -0.757942, 0.651026, 0.041096, -0.085918, -0.641336, -0.732183, -0.229338, 0.233973, 0.000000, 0.000000, 0.000000, 1.000000, 0.999905, 0.013032, 0.004532, 0.006510, 0.004422, 0.008468, -0.999954, 0.040390, -0.013070, 0.999879, 0.008410, -0.048147, 0.000000, 0.000000, 0.000000, 1.000000
33.6168, 118.4039, 23.0277, 275.2163, 346.7165, -85.9039, 234.0445, 6.5086, 40.1766, -48.2316, 0.757707, -0.651554, -0.036841, 0.118404, 0.640800, 0.732143, 0.230958, 0.023028, -0.123509, -0.198606, 0.972266, 0.275216, 0.000000, 0.000000, 0.000000, 1.000000, -0.123511, -0.198609, 0.972265, 0.346716, -0.757707, 0.651554, 0.036841, -0.085904, -0.640800, -0.732142, -0.230961, 0.234044, 0.000000, 0.000000, 0.000000, 1.000000, 0.999900, 0.012439, 0.006786, 0.006509, 0.006701, 0.006898, -0.999954, 0.040177, -0.012486, 0.999899, 0.006814, -0.048232, 0.000000, 0.000000, 0.000000, 1.000000
33.7293, 118.3041, 22.9606, 275.1296, 346.6298, -85.8041, 234.1116, 6.4795, 40.2595, -48.1978, 0.757822, -0.651417, -0.036906, 0.118304, 0.640605, 0.732124, 0.231560, 0.022961, -0.123822, -0.199123, 0.972120, 0.275130, 0.000000, 0.000000, 0.000000, 1.000000, -0.123825, -0.199126, 0.972119, 0.346630, -0.757822, 0.651417, 0.036906, -0.085804, -0.640604, -0.732123, -0.231564, 0.234112, 0.000000, 0.000000, 0.000000, 1.000000, 0.999907, 0.012606, 0.005184, 0.006480, 0.005091, 0.007387, -0.999960, 0.040260, -0.012644, 0.999893, 0.007322, -0.048198, 0.000000, 0.000000, 0.000000, 1.000000
33.8467, 118.1945, 22.8744, 275.0909, 346.5910, -85.6945, 234.1978, 6.4284, 40.2994, -48.1805, 0.757969, -0.651303, -0.035886, 0.118194, 0.640075, 0.732050, 0.233252, 0.022874, -0.125647, -0.199767, 0.971754, 0.275091, 0.000000, 0.000000, 0.000000, 1.000000, -0.125649, -0.199770, 0.971753, 0.346591, -0.757969, 0.651303, 0.035886, -0.085694, -0.640074, -0.732050, -0.233255, 0.234198, 0.000000, 0.000000, 0.000000, 1.000000, 0.999906, 0.012738, 0.005046, 0.006428, 0.004944, 0.008009, -0.999956, 0.040299, -0.012778, 0.999887, 0.007945, -0.048180, 0.000000, 0.000000, 0.000000, 1.000000
33.9640, 118.1053, 22.8211, 275.1007, 346.6008, -85.6053, 234.2511, 6.4083, 40.2858, -48.1621, 0.758173, -0.651194, -0.033480, 0.118105, 0.639328, 0.732301, 0.234509, 0.022821, -0.128193, -0.199203, 0.971537, 0.275101, 0.000000, 0.000000, 0.000000, 1.000000, -0.128196, -0.199206, 0.971536, 0.346601, -0.758173, 0.651194, 0.033480, -0.085605, -0.639328, -0.732300, -0.234513, 0.234251, 0.000000, 0.000000, 0.000000, 1.000000, 0.999900, 0.012928, 0.005646, 0.006408, 0.005551, 0.007380, -0.999957, 0.040286, -0.012969, 0.999889, 0.007308, -0.048162, 0.000000, 0.000000, 0.000000, 1.000000
34.0690, 118.0275, 22.7667, 275.1191, 346.6192, -85.5275, 234.3055, 6.3861, 40.2659, -48.1536, 0.758285, -0.651116, -0.032432, 0.118028, 0.638956, 0.732409, 0.235186, 0.022767, -0.129380, -0.199060, 0.971409, 0.275119, 0.000000, 0.000000, 0.000000, 1.000000, -0.129383, -0.199063, 0.971408, 0.346619, -0.758285, 0.651116, 0.032432, -0.085528, -0.638956, -0.732408, -0.235190, 0.234305, 0.000000, 0.000000, 0.000000, 1.000000, 0.999902, 0.013052, 0.005055, 0.006386, 0.004961, 0.007196, -0.999962, 0.040266, -0.013088, 0.999889, 0.007131, -0.048154, 0.000000, 0.000000, 0.000000, 1.000000
34.1776, 117.9307, 22.6727, 275.1241, 346.6243, -85.4307, 234.3995, 6.3281, 40.2674, -48.1587, 0.758000, -0.651530, -0.030722, 0.117931, 0.638707, 0.731884, 0.237486, 0.022673, -0.132245, -0.199637, 0.970905, 0.275124, 0.000000, 0.000000, 0.000000, 1.000000, -0.132247, -0.199640, 0.970904, 0.346624, -0.758000, 0.651530, 0.030722, -0.085431, -0.638707, -0.731883, -0.237490, 0.234399, 0.000000, 0.000000, 0.000000, 1.000000, 0.999904, 0.012488, 0.006000, 0.006328, 0.005903, 0.007839, -0.999952, 0.040267, -0.012535, 0.999891, 0.007765, -0.048159, 0.000000, 0.000000, 0.000000, 1.000000
34.2853, 117.8876, 22.6249, 275.2115, 346.7116, -85.3876, 234.4473, 6.3290, 40.1802, -48.1816, 0.758087, -0.651525, -0.028617, 0.117888, 0.638089, 0.731960, 0.238910, 0.022625, -0.134709, -0.199375, 0.970620, 0.275211, 0.000000, 0.000000, 0.000000, 1.000000, -0.134712, -0.199378, 0.970619, 0.346712, -0.758087, 0.651525, 0.028617, -0.085388, -0.638088, -0.731959, -0.238914, 0.234447, 0.000000, 0.000000, 0.000000, 1.000000, 0.999899, 0.012522, 0.006660, 0.006329, 0.006566, 0.007544, -0.999950, 0.040180, -0.012572, 0.999893, 0.007461, -0.048182, 0.000000, 0.000000, 0.000000, 1.000000
34.4048, 117.8017, 22.5458, 275.1584, 346.6586, -85.3017, 234.5264, 6.3042, 40.2343, -48.1721, 0.758356, -0.651217, -0.028502, 0.117802, 0.637720, 0.732166, 0.239263, 0.022546, -0.134944, -0.199622, 0.970536, 0.275158, 0.000000, 0.000000, 0.000000, 1.000000, -0.134946, -0.199625, 0.970536, 0.346659, -0.758356, 0.651217, 0.028502, -0.085302, -0.637719, -0.732165, -0.239266, 0.234526, 0.000000, 0.000000, 0.000000, 1.000000, 0.999904, 0.012935, 0.004900, 0.006304, 0.004800, 0.007719, -0.999959, 0.040234, -0.012973, 0.999887, 0.007656, -0.048172, 0.000000, 0.000000, 0.000000, 1.000000
34.5111, 117.6846, 22.4809, 275.0848, 346.5850, -85.1846, 234.5914, 6.2589, 40.3062, -48.1278, 0.758612, -0.650959, -0.027571, 0.117685, 0.637244, 0.732482, 0.239565, 0.022481, -0.135752, -0.199306, 0.970489, 0.275085, 0.000000, 0.000000, 0.000000, 1.000000, -0.135754, -0.199309, 0.970488, 0.346585, -0.758612, 0.650959, 0.027571, -0.085185, -0.637243, -0.732481, -0.239568, 0.234591, 0.000000, 0.000000, 0.000000, 1.000000, 0.999904, 0.013305, 0.003944, 0.006259, 0.003847, 0.007321, -0.999966, 0.040306, -0.013333, 0.999885, 0.007269, -0.048128, 0.000000, 0.000000, 0.000000, 1.000000
34.6509, 117.6254, 22.4270, 275.1667, 346.6668, -85.1254, 234.6452, 6.2668, 40.2224, -48.1433, 0.758341, -0.651359, -0.025482, 0.117625, 0.636891, 0.732036, 0.241853, 0.022427, -0.138880, -0.199637, 0.969978, 0.275167, 0.000000, 0.000000, 0.000000, 1.000000, -0.138882, -0.199639, 0.969977, 0.346667, -0.758341, 0.651359, 0.025482, -0.085125, -0.636891, -0.732035, -0.241857, 0.234645, 0.000000, 0.000000, 0.000000, 1.000000, 0.999908, 0.012779, 0.004623, 0.006267, 0.004525, 0.007704, -0.999960, 0.040222, -0.012815, 0.999889, 0.007646, -0.048143, 0.000000, 0.000000, 0.000000, 1.000000
34.7396, 117.5485, 22.3598, 275.1969, 346.6970, -85.0485, 234.7124, 6.2237, 40.1973, -48.1470, 0.758351, -0.651413, -0.023753, 0.117548, 0.636349, 0.731932, 0.243589, 0.022360, -0.141291, -0.199841, 0.969588, 0.275197, 0.000000, 0.000000, 0.000000, 1.000000, -0.141294, -0.199844, 0.969587, 0.346697, -0.758351, 0.651413, 0.023753, -0.085048, -0.636348, -0.731931, -0.243592, 0.234712, 0.000000, 0.000000, 0.000000, 1.000000, 0.999904, 0.012712, 0.005547, 0.006224, 0.005447, 0.007906, -0.999954, 0.040197, -0.012755, 0.999888, 0.007836, -0.048147, 0.000000, 0.000000, 0.000000, 1.000000
34.8438, 117.5202, 22.2872, 275.3424, 346.8425, -85.0202, 234.7850, 6.2082, 40.0610, -48.2087, 0.758491, -0.651365, -0.020369, 0.117520, 0.635471, 0.732331, 0.244680, 0.022287, -0.144459, -0.198532, 0.969390, 0.275342, 0.000000, 0.000000, 0.000000, 1.000000, -0.144461, -0.198534, 0.969389, 0.346843, -0.758491, 0.651365, 0.020369, -0.085020, -0.635470, -0.732330, -0.244684, 0.234785, 0.000000, 0.000000, 0.000000, 1.000000, 0.999893, 0.012837, 0.007000, 0.006208, 0.006917, 0.006518, -0.999955, 0.040061, -0.012882, 0.999896, 0.006429, -0.048209, 0.000000, 0.000000, 0.000000, 1.000000
34.9519, 117.4240, 22.2227, 275.3101, 346.8102, -84.9240, 234.8495, 6.1746, 40.0940, -48.1857, 0.758564, -0.651295, -0.019894, 0.117424, 0.635163, 0.732272, 0.245656, 0.022223, -0.145427, -0.198982, 0.969153, 0.275310, 0.000000, 0.000000, 0.000000, 1.000000, -0.145429, -0.198985, 0.969152, 0.346810, -0.758564, 0.651295, 0.019894, -0.084924, -0.635162, -0.732271, -0.245660, 0.234850, 0.000000, 0.000000, 0.000000, 1.000000, 0.999898, 0.012928, 0.006134, 0.006175, 0.006044, 0.006947, -0.999958, 0.040094, -0.012970, 0.999892, 0.006868, -0.048186, 0.000000, 0.000000, 0.000000, 1.000000
35.0723, 117.3288, 22.1496, 275.2560, 346.7561, -84.8288, 234.9226, 6.1480, 40.1491, -48.1655, 0.758578, -0.651311, -0.018766, 0.117329, 0.634752, 0.732176, 0.246999, 0.022150, -0.147134, -0.199280, 0.968834, 0.275256, 0.000000, 0.000000, 0.000000, 1.000000, -0.147136, -0.199282, 0.968833, 0.346756, -0.758578, 0.651311, 0.018766, -0.084829, -0.634752, -0.732175, -0.247003, 0.234923, 0.000000, 0.000000, 0.000000, 1.000000, 0.999900, 0.012910, 0.005792, 0.006148, 0.005699, 0.007231, -0.999958, 0.040149, -0.012952, 0.999891, 0.007157, -0.048166, 0.000000, 0.000000, 0.000000, 1.000000
35.1778, 117.2292, 22.0872, 275.2396, 346.7398, -84.7292, 234.9850, 6.1093, 40.1668, -48.1418, 0.758551, -0.651387, -0.017168, 0.117229, 0.634280, 0.732081, 0.248488, 0.022087, -0.149293, -0.199380, 0.968483, 0.275240, 0.000000, 0.000000, 0.000000, 1.000000, -0.149296, -0.199383, 0.968482, 0.346740, -0.758551, 0.651387, 0.017168, -0.084729, -0.634280, -0.732080, -0.248492, 0.234985, 0.000000, 0.000000, 0.000000, 1.000000, 0.999899, 0.012821, 0.006161, 0.006109, 0.006067, 0.007326, -0.999955, 0.040167, -0.012865, 0.999891, 0.007248, -0.048142, 0.000000, 0.000000, 0.000000, 1.000000
35.2986, 117.1663, 22.0140, 275.3412, 346.8413, -84.6663, 235.0582, 6.0847, 40.0719, -48.1727, 0.758817, -0.651123, -0.015363, 0.117166, 0.633570, 0.732483, 0.249114, 0.022014, -0.150951, -0.198766, 0.968352, 0.275341, 0.000000, 0.000000, 0.000000, 1.000000, -0.150953, -0.198768, 0.968351, 0.346841, -0.758817, 0.651123, 0.015363, -0.084666, -0.633569, -0.732482, -0.249118, 0.235058, 0.000000, 0.000000, 0.000000, 1.000000, 0.999896, 0.013203, 0.005829, 0.006085, 0.005742, 0.006610, -0.999962, 0.040072, -0.013241, 0.999891, 0.006534, -0.048173, 0.000000, 0.000000, 0.000000, 1.000000
35.4059, 117.0561, 21.9375, 275.2469, 346.7471, -84.5561, 235.1347, 6.0419, 40.1689, -48.1374, 0.758637, -0.651347, -0.014687, 0.117056, 0.633201, 0.731820, 0.251982, 0.021937, -0.153380, -0.200463, 0.967620, 0.275247, 0.000000, 0.000000, 0.000000, 1.000000, -0.153382, -0.200466, 0.967619, 0.346747, -0.758637, 0.651347, 0.014687, -0.084556, -0.633201, -0.731820, -0.251986, 0.235135, 0.000000, 0.000000, 0.000000, 1.000000, 0.999897, 0.012874, 0.006421, 0.006042, 0.006314, 0.008389, -0.999945, 0.040169, -0.012927, 0.999882, 0.008307, -0.048137, 0.000000, 0.000000, 0.000000, 1.000000
35.5175, 117.0103, 21.8793, 275.3684, 346.8686, -84.5103, 235.1929, 6.0298, 40.0527, -48.1724, 0.758512, -0.651554, -0.011737, 0.117010, 0.632579, 0.731856, 0.253436, 0.021879, -0.156537, -0.199659, 0.967281, 0.275368, 0.000000, 0.000000, 0.000000, 1.000000, -0.156540, -0.199662, 0.967280, 0.346869, -0.758512, 0.651554, 0.011737, -0.084510, -0.632579, -0.731856, -0.253440, 0.235193, 0.000000, 0.000000, 0.000000, 1.000000, 0.999891, 0.012636, 0.007673, 0.006030, 0.007578, 0.007573, -0.999943, 0.040053, -0.012694, 0.999891, 0.007477, -0.048172, 0.000000, 0.000000, 0.000000, 1.000000
35.6317, 116.9200, 21.8220, 275.3546, 346.8548, -84.4200, 235.2502, 6.0072, 40.0670, -48.1517, 0.758880, -0.651132, -0.011305, 0.116920, 0.632228, 0.732462, 0.252561, 0.021822, -0.156170, -0.198811, 0.967515, 0.275355, 0.000000, 0.000000, 0.000000, 1.000000, -0.156173, -0.198814, 0.967514, 0.346855, -0.758880, 0.651132, 0.011305, -0.084420, -0.632227, -0.732461, -0.252565, 0.235250, 0.000000, 0.000000, 0.000000, 1.000000, 0.999898, 0.013227, 0.005405, 0.006007, 0.005318, 0.006582, -0.999964, 0.040067, -0.013262, 0.999891, 0.006511, -0.048152, 0.000000, 0.000000, 0.000000, 1.000000
35.7315, 116.8551, 21.7557, 275.3796, 346.8797, -84.3551, 235.3165, 5.9818, 40.0480, -48.1617, 0.758673, -0.651398, -0.009784, 0.116855, 0.631812, 0.732033, 0.254836, 0.021756, -0.158837, -0.199519, 0.966935, 0.275380, 0.000000, 0.000000, 0.000000, 1.000000, -0.158840, -0.199522, 0.966934, 0.346880, -0.758673, 0.651398, 0.009784, -0.084355, -0.631811, -0.732032, -0.254840, 0.235317, 0.000000, 0.000000, 0.000000, 1.000000, 0.999897, 0.012873, 0.006357, 0.005982, 0.006263, 0.007348, -0.999953, 0.040048, -0.012919, 0.999890, 0.007267, -0.048162, 0.000000, 0.000000, 0.000000, 1.000000
35.8462, 116.7437, 21.6815, 275.3374, 346.8376, -84.2437, 235.3907, 5.9374, 40.0941, -48.1338, 0.758732, -0.651345, -0.008664, 0.116744, 0.631305, 0.731979, 0.256242, 0.021682, -0.160560, -0.199889, 0.966574, 0.275337, 0.000000, 0.000000, 0.000000, 1.000000, -0.160563, -0.199891, 0.966573, 0.346838, -0.758732, 0.651345, 0.008664, -0.084244, -0.631305, -0.731979, -0.256246, 0.235391, 0.000000, 0.000000, 0.000000, 1.000000, 0.999897, 0.012951, 0.006155, 0.005937, 0.006056, 0.007694, -0.999952, 0.040094, -0.012998, 0.999887, 0.007615, -0.048134, 0.000000, 0.000000, 0.000000, 1.000000
35.9525, 116.6634, 21.6115, 275.3672, 346.8673, -84.1634, 235.4607, 5.9019, 40.0710, -48.1372, 0.758518, -0.651609, -0.007582, 0.116663, 0.631104, 0.731651, 0.257671, 0.021612, -0.162353, -0.200234, 0.966203, 0.275367, 0.000000, 0.000000, 0.000000, 1.000000, -0.162356, -0.200236, 0.966202, 0.346867, -0.758518, 0.651609, 0.007582, -0.084163, -0.631104, -0.731650, -0.257675, 0.235461, 0.000000, 0.000000, 0.000000, 1.000000, 0.999902, 0.012612, 0.006087, 0.005902, 0.005986, 0.008084, -0.999949, 0.040071, -0.012660, 0.999888, 0.008008, -0.048137, 0.000000, 0.000000, 0.000000, 1.000000
36.0642, 116.6065, 21.5414, 275.4475, 346.9477, -84.1065, 235.5308, 5.8794, 39.9988, -48.1657, 0.758780, -0.651326, -0.005166, 0.116606, 0.630131, 0.732034, 0.258963, 0.021541, -0.164888, -0.199752, 0.965873, 0.275448, 0.000000, 0.000000, 0.000000, 1.000000, -0.164890, -0.199754, 0.965872, 0.346948, -0.758780, 0.651326, 0.005166, -0.084106, -0.630130, -0.732033, -0.258967, 0.235531, 0.000000, 0.000000, 0.000000, 1.000000, 0.999892, 0.013007, 0.006833, 0.005879, 0.006736, 0.007499, -0.999949, 0.039999, -0.013058, 0.999887, 0.007411, -0.048166, 0.000000, 0.000000, 0.000000, 1.000000
36.1657, 116.5216, 21.4837, 275.4499, 346.9501, -84.0216, 235.5885, 5.8492, 40.0001, -48.1519, 0.758788, -0.651326, -0.003875, 0.116522, 0.629898, 0.732285, 0.258818, 0.021484, -0.165738, -0.198829, 0.965918, 0.275450, 0.000000, 0.000000, 0.000000, 1.000000, -0.165740, -0.198832, 0.965917, 0.346950, -0.758788, 0.651326, 0.003875, -0.084022, -0.629898, -0.732284, -0.258822, 0.235588, 0.000000, 0.000000, 0.000000, 1.000000, 0.999898, 0.013032, 0.005930, 0.005849, 0.005845, 0.006520, -0.999962, 0.040000, -0.013070, 0.999894, 0.006443, -0.048152, 0.000000, 0.000000, 0.000000, 1.000000
36.2870, 116.4551, 21.4262, 275.5039, 347.0041, -83.9551, 235.6461, 5.8382, 39.9497, -48.1600, 0.758960, -0.651135, -0.001741, 0.116455, 0.629004, 0.732468, 0.260471, 0.021426, -0.168327, -0.198782, 0.965480, 0.275504, 0.000000, 0.000000, 0.000000, 1.000000, -0.168329, -0.198785, 0.965479, 0.347004, -0.758960, 0.651135, 0.001741, -0.083955, -0.629003, -0.732467, -0.260474, 0.235646, 0.000000, 0.000000, 0.000000, 1.000000, 0.999890, 0.013299, 0.006545, 0.005838, 0.006460, 0.006401, -0.999959, 0.039950, -0.013340, 0.999891, 0.006314, -0.048160, 0.000000, 0.000000, 0.000000, 1.000000
36.3981, 116.3652, 21.3595, 275.4933, 346.9934, -83.8652, 235.7127, 5.8074, 39.9653, -48.1468, 0.758738, -0.651396, 0.000328, 0.116365, 0.628458, 0.732153, 0.262666, 0.021360, -0.171340, -0.199088, 0.964887, 0.275493, 0.000000, 0.000000, 0.000000, 1.000000, -0.171342, -0.199091, 0.964886, 0.346993, -0.758738, 0.651396, -0.000328, -0.083865, -0.628457, -0.732152, -0.262669, 0.235713, 0.000000, 0.000000, 0.000000, 1.000000, 0.999887, 0.012964, 0.007660, 0.005807, 0.007573, 0.006751, -0.999949, 0.039965, -0.013016, 0.999893, 0.006652, -0.048147, 0.000000, 0.000000, 0.000000, 1.000000
36.5124, 116.3074, 21.2848, 275.5541, 347.0542, -83.8074, 235.7874, 5.7857, 39.9139, -48.1744, 0.758619, -0.651531, 0.001866, 0.116307, 0.628085, 0.732075, 0.263773, 0.021285, -0.173222, -0.198931, 0.964583, 0.275554, 0.000000, 0.000000, 0.000000, 1.000000, -0.173225, -0.198934, 0.964582, 0.347054, -0.758619, 0.651531, -0.001866, -0.083807, -0.628084, -0.732074, -0.263776, 0.235787, 0.000000, 0.000000, 0.000000, 1.000000, 0.999889, 0.012800, 0.007578, 0.005786, 0.007494, 0.006593, -0.999950, 0.039914, -0.012849, 0.999896, 0.006497, -0.048174, 0.000000, 0.000000, 0.000000, 1.000000
36.6267, 116.2142, 21.2162, 275.5126, 347.0127, -83.7142, 235.8560, 5.7586, 39.9602, -48.1547, 0.758785, -0.651338, 0.002129, 0.116214, 0.627775, 0.732198, 0.264166, 0.021216, -0.173620, -0.199109, 0.964475, 0.275513, 0.000000, 0.000000, 0.000000, 1.000000, -0.173623, -0.199112, 0.964474, 0.347013, -0.758785, 0.651338, -0.002129, -0.083714, -0.627775, -0.732197, -0.264170, 0.235856, 0.000000, 0.000000, 0.000000, 1.000000, 0.999896, 0.013067, 0.006051, 0.005759, 0.005964, 0.006707, -0.999960, 0.039960, -0.013107, 0.999892, 0.006629, -0.048155, 0.000000, 0.000000, 0.000000, 1.000000
36.7273, 116.1388, 21.1696, 275.5566, 347.0568, -83.6388, 235.9027, 5.7348, 39.9196, -48.1471, 0.758800, -0.651311, 0.004052, 0.116139, 0.627126, 0.732275, 0.265495, 0.021170, -0.175887, -0.198916, 0.964104, 0.275557, 0.000000, 0.000000, 0.000000, 1.000000, -0.175889, -0.198919, 0.964103, 0.347057, -0.758800, 0.651311, -0.004052, -0.083639, -0.627125, -0.732274, -0.265498, 0.235903, 0.000000, 0.000000, 0.000000, 1.000000, 0.999892, 0.013115, 0.006649, 0.005735, 0.006565, 0.006479, -0.999957, 0.039920, -0.013157, 0.999893, 0.006392, -0.048147, 0.000000, 0.000000, 0.000000, 1.000000
36.8468, 116.0460, 21.0923, 275.5407, 347.0409, -83.5460, 235.9799, 5.7019, 39.9433, -48.1387, 0.758769, -0.651333, 0.005890, 0.116046, 0.626582, 0.732347, 0.266576, 0.021092, -0.177943, -0.198579, 0.963796, 0.275541, 0.000000, 0.000000, 0.000000, 1.000000, -0.177945, -0.198582, 0.963795, 0.347041, -0.758769, 0.651333, -0.005890, -0.083546, -0.626582, -0.732346, -0.266580, 0.235980, 0.000000, 0.000000, 0.000000, 1.000000, 0.999892, 0.013099, 0.006685, 0.005702, 0.006606, 0.006107, -0.999960, 0.039943, -0.013140, 0.999896, 0.006020, -0.048139, 0.000000, 0.000000, 0.000000, 1.000000
36.9519, 115.9716, 21.0259, 275.6079, 347.1080, -83.4716, 236.0464, 5.6652, 39.8856, -48.1505, 0.758959, -0.651095, 0.007513, 0.115972, 0.625837, 0.732605, 0.267615, 0.021026, -0.179747, -0.198407, 0.963497, 0.275608, 0.000000, 0.000000, 0.000000, 1.000000, -0.179750, -0.198410, 0.963496, 0.347108, -0.758959, 0.651095, -0.007513, -0.083472, -0.625836, -0.732604, -0.267619, 0.236046, 0.000000, 0.000000, 0.000000, 1.000000, 0.999887, 0.013423, 0.006786, 0.005665, 0.006708, 0.005848, -0.999960, 0.039886, -0.013463, 0.999893, 0.005758, -0.048151, 0.000000, 0.000000, 0.000000, 1.000000
37.0819, 115.9019, 20.9548, 275.6567, 347.1569, -83.4019, 236.1174, 5.6496, 39.8445, -48.1654, 0.758813, -0.651252, 0.008608, 0.115902, 0.625461, 0.732321, 0.269268, 0.020955, -0.181665, -0.198940, 0.963027, 0.275657, 0.000000, 0.000000, 0.000000, 1.000000, -0.181667, -0.198943, 0.963026, 0.347157, -0.758813, 0.651252, -0.008608, -0.083402, -0.625460, -0.732320, -0.269272, 0.236117, 0.000000, 0.000000, 0.000000, 1.000000, 0.999891, 0.013233, 0.006472, 0.005650, 0.006388, 0.006408, -0.999959, 0.039845, -0.013273, 0.999892, 0.006323, -0.048165, 0.000000, 0.000000, 0.000000, 1.000000
37.2001, 115.7841, 20.8841, 275.5884, 347.0885, -83.2841, 236.1881, 5.6107, 39.9184, -48.1258, 0.758603, -0.651473, 0.010268, 0.115784, 0.624872, 0.731911, 0.271737, 0.020884, -0.184545, -0.199724, 0.962317, 0.275588, 0.000000, 0.000000, 0.000000, 1.000000, -0.184547, -0.199727, 0.962316, 0.347089, -0.758603, 0.651473, -0.010268, -0.083284, -0.624871, -0.731910, -0.271741, 0.236188, 0.000000, 0.000000, 0.000000, 1.000000, 0.999889, 0.012961, 0.007354, 0.005611, 0.007260, 0.007247, -0.999947, 0.039918, -0.013013, 0.999890, 0.007152, -0.048126, 0.000000, 0.000000, 0.000000, 1.000000
37.2841, 115.7160, 20.8203, 275.6155, 347.1157, -83.2160, 236.2519, 5.5726, 39.9014, -48.1322, 0.758437, -0.651652, 0.011085, 0.115716, 0.624446, 0.731433, 0.273994, 0.020820, -0.186657, -0.200885, 0.961667, 0.275616, 0.000000, 0.000000, 0.000000, 1.000000, -0.186659, -0.200888, 0.961666, 0.347116, -0.758437, 0.651652, -0.011085, -0.083216, -0.624445, -0.731432, -0.273998, 0.236252, 0.000000, 0.000000, 0.000000, 1.000000, 0.999886, 0.012743, 0.008055, 0.005573, 0.007947, 0.008476, -0.999933, 0.039901, -0.012811, 0.999883, 0.008373, -0.048132, 0.000000, 0.000000, 0.000000, 1.000000
37.4062, 115.6445, 20.7621, 275.6538, 347.1540, -83.1445, 236.3101, 5.5600, 39.8688, -48.1344, 0.758396, -0.651643, 0.014054, 0.115644, 0.623656, 0.731755, 0.274932, 0.020762, -0.189442, -0.199742, 0.961361, 0.275654, 0.000000, 0.000000, 0.000000, 1.000000, -0.189444, -0.199745, 0.961360, 0.347154, -0.758396, 0.651643, -0.014054, -0.083144, -0.623656, -0.731754, -0.274936, 0.236310, 0.000000, 0.000000, 0.000000, 1.000000, 0.999880, 0.012763, 0.008802, 0.005560, 0.008710, 0.007261, -0.999936, 0.039869, -0.012826, 0.999892, 0.007149, -0.048134, 0.000000, 0.000000, 0.000000, 1.000000
37.5209, 115.5123, 20.6776, 275.5511, 347.0513, -83.0123, 236.3946, 5.5060, 39.9808, -48.0887, 0.758621, -0.651384, 0.013929, 0.115512, 0.623354, 0.731864, 0.275325, 0.020678, -0.189536, -0.200184, 0.961250, 0.275551, 0.000000, 0.000000, 0.000000, 1.000000, -0.189539, -0.200187, 0.961249, 0.347051, -0.758621, 0.651384, -0.013929, -0.083012, -0.623354, -0.731864, -0.275328, 0.236395, 0.000000, 0.000000, 0.000000, 1.000000, 0.999890, 0.013124, 0.006976, 0.005506, 0.006876, 0.007628, -0.999947, 0.039981, -0.013176, 0.999885, 0.007537, -0.048089, 0.000000, 0.000000, 0.000000, 1.000000
37.6317, 115.4857, 20.6184, 275.7174, 347.2175, -82.9857, 236.4538, 5.4947, 39.8261, -48.1458, 0.758645, -0.651303, 0.016205, 0.115486, 0.622562, 0.732049, 0.276624, 0.020618, -0.192029, -0.199771, 0.960842, 0.275717, 0.000000, 0.000000, 0.000000, 1.000000, -0.192031, -0.199774, 0.960841, 0.347218, -0.758645, 0.651303, -0.016205, -0.082986, -0.622561, -0.732048, -0.276628, 0.236454, 0.000000, 0.000000, 0.000000, 1.000000, 0.999883, 0.013239, 0.007651, 0.005495, 0.007557, 0.007154, -0.999946, 0.039826, -0.013293, 0.999887, 0.007053, -0.048146, 0.000000, 0.000000, 0.000000, 1.000000
37.7446, 115.4121, 20.5471, 275.7222, 347.2223, -82.9121, 236.5251, 5.4719, 39.8309, -48.1498, 0.758431, -0.651525, 0.017284, 0.115412, 0.622279, 0.731761, 0.278020, 0.020547, -0.193785, -0.200103, 0.960420, 0.275722, 0.000000, 0.000000, 0.000000, 1.000000, -0.193787, -0.200106, 0.960419, 0.347222, -0.758431, 0.651525, -0.017284, -0.082912, -0.622278, -0.731760, -0.278023, 0.236525, 0.000000, 0.000000, 0.000000, 1.000000, 0.999888, 0.012967, 0.007454, 0.005472, 0.007357, 0.007529, -0.999945, 0.039831, -0.013022, 0.999888, 0.007433, -0.048150, 0.000000, 0.000000, 0.000000, 1.000000
37.8453, 115.3181, 20.4895, 275.7256, 347.2257, -82.8181, 236.5827, 5.4341, 39.8351, -48.1301, 0.758267, -0.651658, 0.019294, 0.115318, 0.621528, 0.731509, 0.280353, 0.020489, -0.196808, -0.200590, 0.959703, 0.275726, 0.000000, 0.000000, 0.000000, 1.000000, -0.196810, -0.200593, 0.959702, 0.347226, -0.758267, 0.651658, -0.019294, -0.082818, -0.621527, -0.731508, -0.280356, 0.236583, 0.000000, 0.000000, 0.000000, 1.000000, 0.999879, 0.012813, 0.008819, 0.005434, 0.008716, 0.008046, -0.999930, 0.039835, -0.012883, 0.999886, 0.007933, -0.048130, 0.000000, 0.000000, 0.000000, 1.000000
37.9617, 115.2458, 20.4371, 275.7651, 347.2652, -82.7458, 236.6351, 5.4202, 39.8015, -48.1278, 0.758545, -0.651303, 0.020346, 0.115246, 0.621018, 0.732025, 0.280136, 0.020437, -0.197347, -0.199860, 0.959745, 0.275765, 0.000000, 0.000000, 0.000000, 1.000000, -0.197349, -0.199863, 0.959744, 0.347265, -0.758545, 0.651303, -0.020346, -0.082746, -0.621017, -0.732024, -0.280139, 0.236635, 0.000000, 0.000000, 0.000000, 1.000000, 0.999884, 0.013282, 0.007430, 0.005420, 0.007335, 0.007171, -0.999947, 0.039801, -0.013335, 0.999886, 0.007072, -0.048128, 0.000000, 0.000000, 0.000000, 1.000000
38.0799, 115.1647, 20.3744, 275.7659, 347.2660, -82.6647, 236.6978, 5.4017, 39.8082, -48.1199, 0.758359, -0.651456, 0.022300, 0.115165, 0.620599, 0.732057, 0.280980, 0.020374, -0.199371, -0.199244, 0.959454, 0.275766, 0.000000, 0.000000, 0.000000, 1.000000, -0.199373, -0.199247, 0.959453, 0.347266, -0.758359, 0.651456, -0.022300, -0.082665, -0.620598, -0.732056, -0.280984, 0.236698, 0.000000, 0.000000, 0.000000, 1.000000, 0.999887, 0.013081, 0.007423, 0.005402, 0.007338, 0.006545, -0.999952, 0.039808, -0.013129, 0.999893, 0.006448, -0.048120, 0.000000, 0.000000, 0.000000, 1.000000
38.1845, 115.0387, 20.2859, 275.7228, 347.2229, -82.5387, 236.7863, 5.3324, 39.8667, -48.0926, 0.758001, -0.651821, 0.023743, 0.115039, 0.620018, 0.731364, 0.284048, 0.020286, -0.202514, -0.200588, 0.958516, 0.275723, 0.000000, 0.000000, 0.000000, 1.000000, -0.202516, -0.200591, 0.958515, 0.347223, -0.758001, 0.651821, -0.023743, -0.082539, -0.620017, -0.731364, -0.284052, 0.236786, 0.000000, 0.000000, 0.000000, 1.000000, 0.999881, 0.012647, 0.008802, 0.005332, 0.008702, 0.008010, -0.999930, 0.039867, -0.012716, 0.999888, 0.007899, -0.048093, 0.000000, 0.000000, 0.000000, 1.000000
38.3010, 114.9964, 20.2296, 275.7951, 347.2953, -82.4964, 236.8426, 5.3318, 39.8027, -48.1192, 0.758412, -0.651318, 0.024426, 0.114996, 0.619357, 0.731854, 0.284229, 0.020230, -0.202999, -0.200434, 0.958445, 0.275795, 0.000000, 0.000000, 0.000000, 1.000000, -0.203002, -0.200437, 0.958444, 0.347295, -0.758412, 0.651318, -0.024426, -0.082496, -0.619356, -0.731854, -0.284233, 0.236843, 0.000000, 0.000000, 0.000000, 1.000000, 0.999884, 0.013319, 0.007410, 0.005332, 0.007308, 0.007691, -0.999944, 0.039803, -0.013375, 0.999882, 0.007593, -0.048119, 0.000000, 0.000000, 0.000000, 1.000000
38.4152, 114.9142, 20.1637, 275.7986, 347.2987, -82.4142, 236.9085, 5.3072, 39.8089, -48.1134, 0.758311, -0.651393, 0.025516, 0.114914, 0.618984, 0.731757, 0.285289, 0.020164, -0.204507, -0.200544, 0.958102, 0.275799, 0.000000, 0.000000, 0.000000, 1.000000, -0.204509, -0.200547, 0.958101, 0.347299, -0.758311, 0.651393, -0.025516, -0.082414, -0.618983, -0.731757, -0.285293, 0.236909, 0.000000, 0.000000, 0.000000, 1.000000, 0.999888, 0.013238, 0.006970, 0.005307, 0.006867, 0.007798, -0.999946, 0.039809, -0.013292, 0.999882, 0.007706, -0.048113, 0.000000, 0.000000, 0.000000, 1.000000
38.5189, 114.8277, 20.1026, 275.8249, 347.3250, -82.3277, 236.9696, 5.2706, 39.7931, -48.1055, 0.758088, -0.651547, 0.028076, 0.114828, 0.618468, 0.731923, 0.285984, 0.020103, -0.206882, -0.199437, 0.957823, 0.275825, 0.000000, 0.000000, 0.000000, 1.000000, -0.206884, -0.199440, 0.957822, 0.347325, -0.758088, 0.651547, -0.028076, -0.082328, -0.618467, -0.731922, -0.285988, 0.236970, 0.000000, 0.000000, 0.000000, 1.000000, 0.999887, 0.013017, 0.007575, 0.005271, 0.007488, 0.006669, -0.999950, 0.039793, -0.013067, 0.999893, 0.006571, -0.048105, 0.000000, 0.000000, 0.000000, 1.000000
38.6411, 114.7596, 20.0398, 275.8819, 347.3820, -82.2596, 237.0324, 5.2532, 39.7465, -48.1169, 0.758289, -0.651226, 0.030049, 0.114760, 0.617507, 0.732276, 0.287155, 0.020040, -0.209007, -0.199191, 0.957413, 0.275882, 0.000000, 0.000000, 0.000000, 1.000000, -0.209009, -0.199193, 0.957412, 0.347382, -0.758289, 0.651226, -0.030049, -0.082260, -0.617506, -0.732275, -0.287158, 0.237032, 0.000000, 0.000000, 0.000000, 1.000000, 0.999880, 0.013445, 0.007742, 0.005253, 0.007658, 0.006298, -0.999951, 0.039746, -0.013493, 0.999890, 0.006194, -0.048117, 0.000000, 0.000000, 0.000000, 1.000000
38.7488, 114.6740, 19.9813, 275.8841, 347.3842, -82.1740, 237.0909, 5.2265, 39.7533, -48.1031, 0.758183, -0.651307, 0.030949, 0.114674, 0.617071, 0.732047, 0.288671, 0.019981, -0.210669, -0.199768, 0.956928, 0.275884, 0.000000, 0.000000, 0.000000, 1.000000, -0.210672, -0.199770, 0.956927, 0.347384, -0.758183, 0.651307, -0.030949, -0.082174, -0.617070, -0.732046, -0.288675, 0.237091, 0.000000, 0.000000, 0.000000, 1.000000, 0.999882, 0.013371, 0.007591, 0.005227, 0.007499, 0.006893, -0.999948, 0.039753, -0.013422, 0.999887, 0.006791, -0.048103, 0.000000, 0.000000, 0.000000, 1.000000
38.8547, 114.5475, 19.8996, 275.8119, 347.3121, -82.0475, 237.1726, 5.1688, 39.8396, -48.0650, 0.758074, -0.651401, 0.031630, 0.114547, 0.616479, 0.731569, 0.291136, 0.019900, -0.212786, -0.201203, 0.956159, 0.275812, 0.000000, 0.000000, 0.000000, 1.000000, -0.212788, -0.201206, 0.956158, 0.347312, -0.758074, 0.651401, -0.031630, -0.082047, -0.616478, -0.731569, -0.291139, 0.237173, 0.000000, 0.000000, 0.000000, 1.000000, 0.999880, 0.013311, 0.007962, 0.005169, 0.007851, 0.008382, -0.999934, 0.039840, -0.013377, 0.999876, 0.008276, -0.048065, 0.000000, 0.000000, 0.000000, 1.000000
38.9733, 114.5175, 19.8409, 275.9545, 347.4547, -82.0175, 237.2313, 5.1621, 39.7095, -48.1149, 0.757783, -0.651588, 0.034609, 0.114517, 0.616025, 0.731896, 0.291276, 0.019841, -0.215122, -0.199404, 0.956013, 0.275955, 0.000000, 0.000000, 0.000000, 1.000000, -0.215125, -0.199407, 0.956012, 0.347455, -0.757783, 0.651588, -0.034609, -0.082017, -0.616024, -0.731895, -0.291280, 0.237231, 0.000000, 0.000000, 0.000000, 1.000000, 0.999881, 0.013015, 0.008243, 0.005162, 0.008158, 0.006543, -0.999945, 0.039710, -0.013069, 0.999894, 0.006436, -0.048115, 0.000000, 0.000000, 0.000000, 1.000000
39.0797, 114.4571, 19.7725, 276.0115, 347.5117, -81.9571, 237.2997, 5.1355, 39.6666, -48.1355, 0.757820, -0.651466, 0.036080, 0.114457, 0.615341, 0.731996, 0.292468, 0.019773, -0.216943, -0.199436, 0.955594, 0.276012, 0.000000, 0.000000, 0.000000, 1.000000, -0.216946, -0.199439, 0.955593, 0.347512, -0.757820, 0.651466, -0.036080, -0.081957, -0.615340, -0.731995, -0.292471, 0.237300, 0.000000, 0.000000, 0.000000, 1.000000, 0.999878, 0.013189, 0.008326, 0.005136, 0.008240, 0.006517, -0.999945, 0.039667, -0.013243, 0.999892, 0.006408, -0.048136, 0.000000, 0.000000, 0.000000, 1.000000
39.2019, 114.3355, 19.7067, 275.9096, 347.4097, -81.8355, 237.3655, 5.1095, 39.7763, -48.0834, 0.757883, -0.651385, 0.036190, 0.114335, 0.614769, 0.731645, 0.294540, 0.019707, -0.218338, -0.200979, 0.954953, 0.275910, 0.000000, 0.000000, 0.000000, 1.000000, -0.218340, -0.200981, 0.954952, 0.347410, -0.757883, 0.651385, -0.036190, -0.081835, -0.614768, -0.731644, -0.294544, 0.237365, 0.000000, 0.000000, 0.000000, 1.000000, 0.999881, 0.013373, 0.007712, 0.005109, 0.007605, 0.008064, -0.999939, 0.039776, -0.013434, 0.999878, 0.007961, -0.048083, 0.000000, 0.000000, 0.000000, 1.000000
39.3126, 114.2872, 19.6668, 276.0193, 347.5194, -81.7872, 237.4054, 5.1016, 39.6744, -48.1013, 0.757637, -0.651514, 0.038937, 0.114287, 0.614365, 0.732032, 0.294424, 0.019667, -0.220324, -0.199145, 0.954881, 0.276019, 0.000000, 0.000000, 0.000000, 1.000000, -0.220326, -0.199148, 0.954880, 0.347519, -0.757637, 0.651514, -0.038937, -0.081787, -0.614364, -0.732031, -0.294427, 0.237405, 0.000000, 0.000000, 0.000000, 1.000000, 0.999883, 0.013139, 0.007779, 0.005102, 0.007699, 0.006176, -0.999951, 0.039674, -0.013186, 0.999895, 0.006074, -0.048101, 0.000000, 0.000000, 0.000000, 1.000000
39.4339, 114.1638, 19.5815, 275.9707, 347.4708, -81.6638, 237.4907, 5.0503, 39.7393, -48.0724, 0.757716, -0.651331, 0.040423, 0.114164, 0.613594, 0.732166, 0.295695, 0.019582, -0.222192, -0.199250, 0.954427, 0.275971, 0.000000, 0.000000, 0.000000, 1.000000, -0.222194, -0.199253, 0.954426, 0.347471, -0.757716, 0.651331, -0.040423, -0.081664, -0.613593, -0.732165, -0.295699, 0.237491, 0.000000, 0.000000, 0.000000, 1.000000, 0.999881, 0.013396, 0.007670, 0.005050, 0.007588, 0.006204, -0.999952, 0.039739, -0.013443, 0.999891, 0.006101, -0.048072, 0.000000, 0.000000, 0.000000, 1.000000
39.5200, 114.0856, 19.4994, 275.9991, 347.4993, -81.5856, 237.5728, 4.9938, 39.7311, -48.0857, 0.757357, -0.651652, 0.041951, 0.114086, 0.612824, 0.731478, 0.298976, 0.019499, -0.225514, -0.200723, 0.953338, 0.275999, 0.000000, 0.000000, 0.000000, 1.000000, -0.225517, -0.200725, 0.953337, 0.347499, -0.757357, 0.651652, -0.041951, -0.081586, -0.612823, -0.731477, -0.298979, 0.237573, 0.000000, 0.000000, 0.000000, 1.000000, 0.999869, 0.013057, 0.009601, 0.004994, 0.009500, 0.007803, -0.999924, 0.039731, -0.013131, 0.999884, 0.007678, -0.048086, 0.000000, 0.000000, 0.000000, 1.000000
39.6356, 114.0286, 19.4466, 276.0689, 347.5691, -81.5286, 237.6256, 4.9829, 39.6718, -48.0996, 0.757265, -0.651667, 0.043349, 0.114029, 0.612521, 0.731673, 0.299119, 0.019447, -0.226644, -0.199960, 0.953230, 0.276069, 0.000000, 0.000000, 0.000000, 1.000000, -0.226646, -0.199963, 0.953229, 0.347569, -0.757265, 0.651667, -0.043349, -0.081529, -0.612520, -0.731672, -0.299123, 0.237626, 0.000000, 0.000000, 0.000000, 1.000000, 0.999877, 0.013015, 0.008745, 0.004983, 0.008655, 0.006992, -0.999938, 0.039672, -0.013075, 0.999891, 0.006879, -0.048100, 0.000000, 0.000000, 0.000000, 1.000000
39.7477, 113.9415, 19.3902, 276.0514, 347.5516, -81.4415, 237.6820, 4.9640, 39.6988, -48.0796, 0.757627, -0.651227, 0.043640, 0.113942, 0.611941, 0.731994, 0.299521, 0.019390, -0.227000, -0.200220, 0.953091, 0.276051, 0.000000, 0.000000, 0.000000, 1.000000, -0.227003, -0.200223, 0.953090, 0.347552, -0.757627, 0.651227, -0.043640, -0.081442, -0.611940, -0.731993, -0.299525, 0.237682, 0.000000, 0.000000, 0.000000, 1.000000, 0.999881, 0.013617, 0.007289, 0.004964, 0.007192, 0.007103, -0.999949, 0.039699, -0.013668, 0.999882, 0.007004, -0.048080, 0.000000, 0.000000, 0.000000, 1.000000
39.8465, 113.8898, 19.3350, 276.1768, 347.6770, -81.3898, 237.7372, 4.9312, 39.5887, -48.1094, 0.757519, -0.651201, 0.045847, 0.113890, 0.611240, 0.732189, 0.300475, 0.019335, -0.229239, -0.199592, 0.952687, 0.276177, 0.000000, 0.000000, 0.000000, 1.000000, -0.229241, -0.199595, 0.952686, 0.347677, -0.757519, 0.651201, -0.045847, -0.081390, -0.611239, -0.732188, -0.300479, 0.237737, 0.000000, 0.000000, 0.000000, 1.000000, 0.999876, 0.013629, 0.007902, 0.004931, 0.007815, 0.006421, -0.999949, 0.039589, -0.013679, 0.999887, 0.006314, -0.048109, 0.000000, 0.000000, 0.000000, 1.000000
39.9164, 113.8287, 19.2702, 276.2182, 347.7184, -81.3287, 237.8020, 4.8840, 39.5648, -48.1239, 0.757252, -0.651346, 0.048150, 0.113829, 0.610562, 0.732156, 0.301928, 0.019270, -0.231913, -0.199237, 0.952114, 0.276218, 0.000000, 0.000000, 0.000000, 1.000000, -0.231916, -0.199240, 0.952113, 0.347718, -0.757252, 0.651346, -0.048150, -0.081329, -0.610561, -0.732156, -0.301932, 0.237802, 0.000000, 0.000000, 0.000000, 1.000000, 0.999865, 0.013427, 0.009442, 0.004884, 0.009361, 0.006081, -0.999938, 0.039565, -0.013484, 0.999891, 0.005955, -0.048124, 0.000000, 0.000000, 0.000000, 1.000000
39.9564, 113.7170, 19.2016, 276.1334, 347.6335, -81.2170, 237.8706, 4.8044, 39.6675, -48.0837, 0.757118, -0.651452, 0.048810, 0.113717, 0.609985, 0.731714, 0.304161, 0.019202, -0.233861, -0.200512, 0.951369, 0.276133, 0.000000, 0.000000, 0.000000, 1.000000, -0.233864, -0.200515, 0.951368, 0.347634, -0.757118, 0.651452, -0.048810, -0.081217, -0.609984, -0.731713, -0.304165, 0.237871, 0.000000, 0.000000, 0.000000, 1.000000, 0.999852, 0.013365, 0.010797, 0.004804, 0.010699, 0.007425, -0.999915, 0.039668, -0.013444, 0.999883, 0.007281, -0.048084, 0.000000, 0.000000, 0.000000, 1.000000
39.9731, 113.6302, 19.1726, 276.0284, 347.5285, -81.1302, 237.8996, 4.7567, 39.7788, -48.0273, 0.757074, -0.651557, 0.048077, 0.113630, 0.610031, 0.731328, 0.304996, 0.019173, -0.233882, -0.201576, 0.951139, 0.276028, 0.000000, 0.000000, 0.000000, 1.000000, -0.233884, -0.201579, 0.951138, 0.347529, -0.757074, 0.651557, -0.048077, -0.081130, -0.610030, -0.731327, -0.304999, 0.237900, 0.000000, 0.000000, 0.000000, 1.000000, 0.999856, 0.013289, 0.010529, 0.004757, 0.010415, 0.008555, -0.999909, 0.039779, -0.013378, 0.999875, 0.008415, -0.048027, 0.000000, 0.000000, 0.000000, 1.000000
39.9836, 113.5928, 19.1391, 275.9815, 347.4817, -81.0928, 237.9331, 4.7258, 39.8343, -48.0179, 0.757021, -0.651589, 0.048477, 0.113593, 0.609910, 0.731310, 0.305279, 0.019139, -0.234368, -0.201536, 0.951028, 0.275982, 0.000000, 0.000000, 0.000000, 1.000000, -0.234371, -0.201539, 0.951027, 0.347482, -0.757021, 0.651589, -0.048477, -0.081093, -0.609909, -0.731309, -0.305283, 0.237933, 0.000000, 0.000000, 0.000000, 1.000000, 0.999853, 0.013247, 0.010846, 0.004726, 0.010734, 0.008521, -0.999906, 0.039834, -0.013338, 0.999876, 0.008377, -0.048018, 0.000000, 0.000000, 0.000000, 1.000000
39.9889, 113.5953, 19.1408, 276.0391, 347.5392, -81.0953, 237.9314, 4.7193, 39.7782, -48.0294, 0.757090, -0.651472, 0.048971, 0.113595, 0.609748, 0.731534, 0.305065, 0.019141, -0.234566, -0.201102, 0.951071, 0.276039, 0.000000, 0.000000, 0.000000, 1.000000, -0.234568, -0.201105, 0.951070, 0.347539, -0.757090, 0.651472, -0.048971, -0.081095, -0.609747, -0.731533, -0.305069, 0.237931, 0.000000, 0.000000, 0.000000, 1.000000, 0.999850, 0.013376, 0.010981, 0.004719, 0.010874, 0.008034, -0.999909, 0.039778, -0.013463, 0.999878, 0.007887, -0.048029, 0.000000, 0.000000, 0.000000, 1.000000
39.9924, 113.5575, 19.1308, 275.9333, 347.4334, -81.0575, 237.9414, 4.7112, 39.8837, -47.9915, 0.756936, -0.651680, 0.048585, 0.113557, 0.609834, 0.731135, 0.305850, 0.019131, -0.234839, -0.201880, 0.950839, 0.275933, 0.000000, 0.000000, 0.000000, 1.000000, -0.234841, -0.201883, 0.950838, 0.347433, -0.756936, 0.651680, -0.048585, -0.081057, -0.609834, -0.731134, -0.305853, 0.237941, 0.000000, 0.000000, 0.000000, 1.000000, 0.999851, 0.013149, 0.011172, 0.004711, 0.011055, 0.008902, -0.999899, 0.039884, -0.013247, 0.999874, 0.008756, -0.047991, 0.000000, 0.000000, 0.000000, 1.000000
39.9942, 113.5953, 19.1297, 276.0495, 347.5497, -81.0953, 237.9425, 4.7137, 39.7711, -48.0394, 0.757022, -0.651527, 0.049304, 0.113595, 0.609734, 0.731546, 0.305065, 0.019130, -0.234826, -0.200879, 0.951054, 0.276050, 0.000000, 0.000000, 0.000000, 1.000000, -0.234828, -0.200881, 0.951053, 0.347550, -0.757022, 0.651527, -0.049304, -0.081095, -0.609733, -0.731546, -0.305068, 0.237943, 0.000000, 0.000000, 0.000000, 1.000000, 0.999850, 0.013293, 0.011141, 0.004714, 0.011038, 0.007818, -0.999909, 0.039771, -0.013379, 0.999881, 0.007670, -0.048039, 0.000000, 0.000000, 0.000000, 1.000000
39.9951, 113.5846, 19.1414, 276.0375, 347.5377, -81.0846, 237.9308, 4.7163, 39.7796, -48.0216, 0.756990, -0.651562, 0.049322, 0.113585, 0.609614, 0.731393, 0.305672, 0.019141, -0.235238, -0.201323, 0.950859, 0.276038, 0.000000, 0.000000, 0.000000, 1.000000, -0.235241, -0.201325, 0.950857, 0.347538, -0.756990, 0.651562, -0.049322, -0.081085, -0.609613, -0.731392, -0.305675, 0.237931, 0.000000, 0.000000, 0.000000, 1.000000, 0.999845, 0.013271, 0.011563, 0.004716, 0.011453, 0.008289, -0.999900, 0.039780, -0.013366, 0.999878, 0.008135, -0.048022, 0.000000, 0.000000, 0.000000, 1.000000
39.9959, 113.5628, 19.1278, 275.9789, 347.4791, -81.0628, 237.9444, 4.7055, 39.8404, -48.0058, 0.757111, -0.651467, 0.048721, 0.113563, 0.609753, 0.731459, 0.305238, 0.019128, -0.234490, -0.201391, 0.951029, 0.275979, 0.000000, 0.000000, 0.000000, 1.000000, -0.234492, -0.201394, 0.951028, 0.347479, -0.757111, 0.651467, -0.048721, -0.081063, -0.609752, -0.731458, -0.305241, 0.237944, 0.000000, 0.000000, 0.000000, 1.000000, 0.999852, 0.013399, 0.010788, 0.004705, 0.010677, 0.008330, -0.999908, 0.039840, -0.013488, 0.999876, 0.008186, -0.048006, 0.000000, 0.000000, 0.000000, 1.000000
39.9964, 113.5813, 19.1231, 276.0181, 347.5183, -81.0813, 237.9491, 4.7078, 39.8034, -48.0289, 0.756902, -0.651704, 0.048790, 0.113581, 0.609654, 0.731010, 0.306506, 0.019123, -0.235418, -0.202250, 0.950617, 0.276018, 0.000000, 0.000000, 0.000000, 1.000000, -0.235420, -0.202253, 0.950616, 0.347518, -0.756902, 0.651704, -0.048790, -0.081081, -0.609653, -0.731010, -0.306510, 0.237949, 0.000000, 0.000000, 0.000000, 1.000000, 0.999845, 0.013138, 0.011716, 0.004708, 0.011594, 0.009292, -0.999890, 0.039803, -0.013245, 0.999871, 0.009139, -0.048029, 0.000000, 0.000000, 0.000000, 1.000000
