# Joint_5_Angle(deg), Cam_X(mm), Cam_Y(mm), Cam_Z(mm), Torso_X(mm), Torso_Y(mm), Torso_Z(mm), EE_X(mm), EE_Y(mm), EE_Z(mm), T_cam2marker_flat(16), T_torso2marker_flat(16), T_ee2marker_flat(16)
0.0000, 23.0437, -6.3655, 232.2086, 254.2086, -23.0437, 206.4390, 1.3452, -88.5937, 12.6032, 0.998776, 0.048762, 0.008276, 0.023044, -0.048360, 0.997888, -0.043366, -0.006366, -0.010373, 0.042912, 0.999025, 0.232209, 0.000000, 0.000000, 0.000000, 1.000000, -0.010373, 0.042912, 0.999025, 0.254209, -0.998776, -0.048762, -0.008276, -0.023044, 0.048360, -0.997888, 0.043366, 0.206439, 0.000000, 0.000000, 0.000000, 1.000000, -0.999312, 0.024864, 0.027522, 0.001345, 0.026074, -0.056781, 0.998046, -0.088594, 0.026378, 0.998077, 0.056094, 0.012603, 0.000000, 0.000000, 0.000000, 1.000000
-0.0037, 23.0584, -6.3868, 232.1122, 254.1122, -23.0584, 206.4603, 1.3186, -88.6882, 12.5745, 0.998828, 0.048342, 0.002306, 0.023058, -0.048231, 0.998220, -0.035075, -0.006387, -0.003998, 0.034922, 0.999382, 0.232112, 0.000000, 0.000000, 0.000000, 1.000000, -0.003998, 0.034922, 0.999382, 0.254112, -0.998828, -0.048342, -0.002306, -0.023058, 0.048231, -0.998220, 0.035075, 0.206460, 0.000000, 0.000000, 0.000000, 1.000000, -0.999105, 0.025060, 0.034078, 0.001319, 0.032395, -0.064762, 0.997375, -0.088688, 0.027202, 0.997586, 0.063892, 0.012575, 0.000000, 0.000000, 0.000000, 1.000000
-0.0703, 23.0709, -6.3752, 232.1111, 254.1111, -23.0709, 206.4486, 1.1771, -88.7130, 12.6034, 0.998829, 0.048374, 0.000781, 0.023071, -0.048304, 0.998042, -0.039746, -0.006375, -0.002702, 0.039662, 0.999210, 0.232111, 0.000000, 0.000000, 0.000000, 1.000000, -0.002702, 0.039662, 0.999210, 0.254111, -0.998829, -0.048374, -0.000781, -0.023071, 0.048304, -0.998042, 0.039746, 0.206449, 0.000000, 0.000000, 0.000000, 1.000000, -0.999029, 0.026342, 0.035323, 0.001177, 0.033696, -0.059829, 0.997640, -0.088713, 0.028393, 0.997861, 0.058883, 0.012603, 0.000000, 0.000000, 0.000000, 1.000000
-0.2261, 22.9482, -6.4023, 232.1303, 254.1303, -22.9482, 206.4758, 0.9941, -88.7485, 12.6077, 0.998781, 0.049338, -0.001326, 0.022948, -0.049355, 0.998245, -0.032740, -0.006402, -0.000292, 0.032766, 0.999463, 0.232130, 0.000000, 0.000000, 0.000000, 1.000000, -0.000292, 0.032766, 0.999463, 0.254130, -0.998781, -0.049338, 0.001326, -0.022948, 0.049355, -0.998245, 0.032740, 0.206476, 0.000000, 0.000000, 0.000000, 1.000000, -0.998886, 0.027797, 0.038120, 0.000994, 0.036211, -0.066206, 0.997149, -0.088749, 0.030242, 0.997419, 0.065126, 0.012608, 0.000000, 0.000000, 0.000000, 1.000000
-0.3986, 22.7361, -6.4247, 232.1868, 254.1868, -22.7361, 206.4982, 0.8702, -88.7560, 12.6175, 0.998778, 0.049392, 0.001385, 0.022736, -0.049322, 0.998257, -0.032414, -0.006425, -0.002983, 0.032306, 0.999474, 0.232187, 0.000000, 0.000000, 0.000000, 1.000000, -0.002983, 0.032306, 0.999474, 0.254187, -0.998778, -0.049392, -0.001385, -0.022736, 0.049322, -0.998257, 0.032414, 0.206498, 0.000000, 0.000000, 0.000000, 1.000000, -0.998894, 0.030684, 0.035631, 0.000870, 0.033540, -0.066141, 0.997246, -0.088756, 0.032956, 0.997338, 0.065039, 0.012617, 0.000000, 0.000000, 0.000000, 1.000000
-0.5429, 22.0816, -6.4825, 232.5588, 254.5588, -22.0816, 206.5559, 1.2506, -88.4506, 12.5777, 0.998540, 0.052499, 0.012728, 0.022082, -0.052177, 0.998340, -0.024401, -0.006482, -0.013988, 0.023701, 0.999621, 0.232559, 0.000000, 0.000000, 0.000000, 1.000000, -0.013988, 0.023701, 0.999621, 0.254559, -0.998540, -0.052499, -0.012728, -0.022082, 0.052177, -0.998340, 0.024401, 0.206556, 0.000000, 0.000000, 0.000000, 1.000000, -0.999242, 0.029729, 0.025151, 0.001251, 0.022887, -0.074173, 0.996983, -0.088451, 0.031504, 0.996802, 0.073437, 0.012578, 0.000000, 0.000000, 0.000000, 1.000000
-0.7040, 21.6378, -6.4699, 232.7812, 254.7812, -21.6378, 206.5433, 1.3882, -88.3001, 12.6128, 0.998255, 0.054696, 0.022268, 0.021638, -0.054195, 0.998277, -0.022505, -0.006470, -0.023460, 0.021259, 0.999499, 0.232781, 0.000000, 0.000000, 0.000000, 1.000000, -0.023460, 0.021259, 0.999499, 0.254781, -0.998255, -0.054696, -0.022268, -0.021638, 0.054195, -0.998277, 0.022505, 0.206543, 0.000000, 0.000000, 0.000000, 1.000000, -0.999416, 0.030197, 0.016009, 0.001388, 0.013673, -0.076040, 0.997011, -0.088300, 0.031325, 0.996647, 0.075583, 0.012613, 0.000000, 0.000000, 0.000000, 1.000000
-0.8862, 20.5193, -6.4446, 232.5465, 254.5465, -20.5193, 206.5181, 2.1390, -88.6340, 12.5591, 0.998142, 0.060776, -0.004371, 0.020519, -0.060868, 0.997815, -0.025699, -0.006445, 0.002800, 0.025917, 0.999660, 0.232547, 0.000000, 0.000000, 0.000000, 1.000000, 0.002800, 0.025917, 0.999660, 0.254547, -0.998142, -0.060776, 0.004371, -0.020519, 0.060868, -0.997815, 0.025699, 0.206518, 0.000000, 0.000000, 0.000000, 1.000000, -0.998721, 0.027414, 0.042490, 0.002139, 0.040464, -0.070619, 0.996682, -0.088634, 0.030324, 0.997127, 0.069419, 0.012559, 0.000000, 0.000000, 0.000000, 1.000000
-1.3469, 19.7521, -6.4444, 233.1729, 255.1729, -19.7521, 206.5178, 2.0297, -88.1937, 12.6528, 0.997712, 0.066694, 0.011117, 0.019752, -0.066318, 0.997307, -0.031331, -0.006444, -0.013177, 0.030522, 0.999447, 0.233173, 0.000000, 0.000000, 0.000000, 1.000000, -0.013177, 0.030522, 0.999447, 0.255173, -0.997712, -0.066694, -0.011117, -0.019752, 0.066318, -0.997307, 0.031331, 0.206518, 0.000000, 0.000000, 0.000000, 1.000000, -0.999196, 0.029566, 0.027077, 0.002030, 0.025128, -0.064410, 0.997607, -0.088194, 0.031239, 0.997485, 0.063615, 0.012653, 0.000000, 0.000000, 0.000000, 1.000000
-1.5267, 19.3462, -6.5154, 233.1667, 255.1667, -19.3462, 206.5889, 2.0757, -88.2678, 12.5830, 0.997635, 0.067575, 0.012602, 0.019346, -0.067403, 0.997632, -0.013661, -0.006515, -0.013495, 0.012779, 0.999827, 0.233167, 0.000000, 0.000000, 0.000000, 1.000000, -0.013495, 0.012779, 0.999827, 0.255167, -0.997635, -0.067575, -0.012602, -0.019346, 0.067403, -0.997632, 0.013661, 0.206589, 0.000000, 0.000000, 0.000000, 1.000000, -0.999138, 0.031068, 0.027543, 0.002076, 0.024931, -0.081521, 0.996360, -0.088268, 0.033200, 0.996187, 0.080676, 0.012583, 0.000000, 0.000000, 0.000000, 1.000000
-1.6534, 18.9073, -6.5032, 233.3031, 255.3031, -18.9073, 206.5767, 2.2715, -88.1908, 12.5919, 0.997404, 0.069731, 0.017951, 0.018907, -0.069471, 0.997476, -0.014694, -0.006503, -0.018930, 0.013408, 0.999731, 0.233303, 0.000000, 0.000000, 0.000000, 1.000000, -0.018930, 0.013408, 0.999731, 0.255303, -0.997404, -0.069731, -0.017951, -0.018907, 0.069471, -0.997476, 0.014694, 0.206577, 0.000000, 0.000000, 0.000000, 1.000000, -0.999267, 0.031107, 0.022293, 0.002272, 0.019729, -0.080428, 0.996565, -0.088191, 0.032793, 0.996275, 0.079756, 0.012592, 0.000000, 0.000000, 0.000000, 1.000000
-1.8633, 18.0982, -6.4167, 233.3224, 255.3224, -18.0982, 206.4901, 2.6767, -88.2778, 12.6412, 0.997098, 0.076072, 0.003052, 0.018098, -0.075968, 0.996770, -0.026052, -0.006417, -0.005024, 0.025745, 0.999656, 0.233322, 0.000000, 0.000000, 0.000000, 1.000000, -0.005024, 0.025745, 0.999656, 0.255322, -0.997098, -0.076072, -0.003052, -0.018098, 0.075968, -0.996770, 0.026052, 0.206490, 0.000000, 0.000000, 0.000000, 1.000000, -0.998928, 0.028843, 0.036196, 0.002677, 0.034190, -0.067251, 0.997150, -0.088278, 0.031195, 0.997319, 0.066193, 0.012641, 0.000000, 0.000000, 0.000000, 1.000000
-2.0340, 17.7725, -6.4678, 233.1749, 255.1749, -17.7725, 206.5413, 2.6557, -88.4888, 12.5796, 0.996850, 0.078154, -0.013467, 0.017773, -0.078419, 0.996712, -0.020381, -0.006468, 0.011830, 0.021373, 0.999702, 0.233175, 0.000000, 0.000000, 0.000000, 1.000000, 0.011830, 0.021373, 0.999702, 0.255175, -0.996850, -0.078154, 0.013467, -0.017773, 0.078419, -0.996712, 0.020381, 0.206541, 0.000000, 0.000000, 0.000000, 1.000000, -0.998137, 0.029511, 0.053406, 0.002656, 0.051201, -0.071013, 0.996160, -0.088489, 0.033190, 0.997039, 0.069370, 0.012580, 0.000000, 0.000000, 0.000000, 1.000000
-2.1669, 17.3338, -6.4098, 233.3745, 255.3745, -17.3338, 206.4833, 2.8469, -88.3554, 12.6356, 0.996764, 0.080145, -0.006153, 0.017334, -0.080282, 0.996410, -0.026856, -0.006410, 0.003979, 0.027263, 0.999620, 0.233375, 0.000000, 0.000000, 0.000000, 1.000000, 0.003979, 0.027263, 0.999620, 0.255375, -0.996764, -0.080145, 0.006153, -0.017334, 0.080282, -0.996410, 0.026856, 0.206483, 0.000000, 0.000000, 0.000000, 1.000000, -0.998509, 0.030029, 0.045592, 0.002847, 0.043577, -0.064659, 0.996956, -0.088355, 0.032886, 0.997455, 0.063254, 0.012636, 0.000000, 0.000000, 0.000000, 1.000000
-2.3012, 16.8430, -6.4349, 233.6407, 255.6407, -16.8430, 206.5083, 3.0816, -88.1502, 12.6082, 0.996537, 0.082425, 0.010929, 0.016843, -0.082177, 0.996388, -0.021406, -0.006435, -0.012654, 0.020434, 0.999711, 0.233641, 0.000000, 0.000000, 0.000000, 1.000000, -0.012654, 0.020434, 0.999711, 0.255641, -0.996537, -0.082425, -0.010929, -0.016843, 0.082177, -0.996388, 0.021406, 0.206508, 0.000000, 0.000000, 0.000000, 1.000000, -0.999125, 0.029774, 0.029379, 0.003082, 0.027204, -0.070973, 0.997107, -0.088150, 0.031773, 0.997034, 0.070101, 0.012608, 0.000000, 0.000000, 0.000000, 1.000000
-2.4500, 16.4379, -6.3287, 233.7095, 255.7095, -16.4379, 206.4021, 3.2078, -88.1558, 12.7041, 0.996194, 0.085445, 0.017212, 0.016438, -0.084566, 0.995330, -0.046552, -0.006329, -0.021109, 0.044919, 0.998768, 0.233709, 0.000000, 0.000000, 0.000000, 1.000000, -0.021109, 0.044919, 0.998768, 0.255709, -0.996194, -0.085445, -0.017212, -0.016438, 0.084566, -0.995330, 0.046552, 0.206402, 0.000000, 0.000000, 0.000000, 1.000000, -0.999333, 0.030255, 0.020430, 0.003208, 0.019026, -0.045963, 0.998762, -0.088156, 0.031156, 0.998485, 0.045356, 0.012704, 0.000000, 0.000000, 0.000000, 1.000000
-2.6319, 16.1458, -6.3715, 233.6285, 255.6285, -16.1458, 206.4450, 3.1353, -88.3043, 12.6586, 0.996117, 0.087182, -0.012295, 0.016146, -0.087543, 0.995624, -0.032710, -0.006372, 0.009390, 0.033659, 0.999389, 0.233628, 0.000000, 0.000000, 0.000000, 1.000000, 0.009390, 0.033659, 0.999389, 0.255628, -0.996117, -0.087182, 0.012295, -0.016146, 0.087543, -0.995624, 0.032710, 0.206445, 0.000000, 0.000000, 0.000000, 1.000000, -0.998186, 0.031202, 0.051483, 0.003135, 0.049662, -0.056589, 0.997162, -0.088304, 0.034027, 0.997910, 0.054937, 0.012659, 0.000000, 0.000000, 0.000000, 1.000000
-2.7949, 15.7212, -6.3845, 233.9660, 255.9660, -15.7212, 206.4580, 3.2523, -88.0370, 12.6585, 0.995939, 0.089743, 0.007244, 0.015721, -0.089535, 0.995665, -0.025181, -0.006385, -0.009472, 0.024431, 0.999657, 0.233966, 0.000000, 0.000000, 0.000000, 1.000000, -0.009472, 0.024431, 0.999657, 0.255966, -0.995939, -0.089743, -0.007244, -0.015721, 0.089535, -0.995665, 0.025181, 0.206458, 0.000000, 0.000000, 0.000000, 1.000000, -0.998967, 0.031063, 0.033160, 0.003252, 0.031080, -0.065201, 0.997388, -0.088037, 0.033144, 0.997389, 0.064168, 0.012659, 0.000000, 0.000000, 0.000000, 1.000000
-2.9929, 14.8716, -6.4355, 234.1542, 256.1542, -14.8716, 206.5090, 3.7100, -87.9405, 12.5596, 0.995618, 0.092793, 0.011554, 0.014872, -0.092736, 0.995676, -0.005331, -0.006436, -0.011998, 0.004236, 0.999919, 0.234154, 0.000000, 0.000000, 0.000000, 1.000000, -0.011998, 0.004236, 0.999919, 0.256154, -0.995618, -0.092793, -0.011554, -0.014872, 0.092736, -0.995676, 0.005331, 0.206509, 0.000000, 0.000000, 0.000000, 1.000000, -0.999035, 0.030552, 0.031563, 0.003710, 0.028880, -0.084603, 0.995996, -0.087940, 0.033100, 0.995946, 0.083639, 0.012560, 0.000000, 0.000000, 0.000000, 1.000000
-3.1309, 14.4220, -6.2845, 234.3686, 256.3686, -14.4220, 206.3579, 3.9154, -87.8030, 12.6979, 0.994786, 0.096459, 0.033100, 0.014422, -0.095121, 0.994667, -0.039876, -0.006284, -0.036770, 0.036519, 0.998656, 0.234369, 0.000000, 0.000000, 0.000000, 1.000000, -0.036770, 0.036519, 0.998656, 0.256369, -0.994786, -0.096459, -0.033100, -0.014422, 0.095121, -0.994667, 0.039876, 0.206358, 0.000000, 0.000000, 0.000000, 1.000000, -0.999514, 0.030571, 0.006015, 0.003915, 0.004424, -0.051845, 0.998645, -0.087803, 0.030841, 0.998187, 0.051685, 0.012698, 0.000000, 0.000000, 0.000000, 1.000000
-3.2785, 14.1329, -6.2652, 234.2370, 256.2370, -14.1329, 206.3386, 3.9107, -87.9958, 12.6974, 0.995024, 0.099522, -0.004670, 0.014133, -0.099619, 0.994540, -0.031079, -0.006265, 0.001552, 0.031390, 0.999506, 0.234237, 0.000000, 0.000000, 0.000000, 1.000000, 0.001552, 0.031390, 0.999506, 0.256237, -0.995024, -0.099522, 0.004670, -0.014133, 0.099619, -0.994540, 0.031079, 0.206339, 0.000000, 0.000000, 0.000000, 1.000000, -0.998554, 0.029828, 0.044731, 0.003911, 0.042998, -0.056393, 0.997482, -0.087996, 0.032275, 0.997963, 0.055029, 0.012697, 0.000000, 0.000000, 0.000000, 1.000000
-3.4207, 13.7286, -6.2699, 234.1878, 256.1878, -13.7286, 206.3434, 4.0307, -88.1063, 12.6631, 0.994846, 0.101393, 0.000906, 0.013729, -0.101324, 0.994430, -0.029041, -0.006270, -0.003846, 0.028800, 0.999578, 0.234188, 0.000000, 0.000000, 0.000000, 1.000000, -0.003846, 0.028800, 0.999578, 0.256188, -0.994846, -0.101393, -0.000906, -0.013729, 0.101324, -0.994430, 0.029041, 0.206343, 0.000000, 0.000000, 0.000000, 1.000000, -0.998756, 0.030283, 0.039617, 0.004031, 0.037798, -0.058471, 0.997573, -0.088106, 0.032526, 0.997830, 0.057254, 0.012663, 0.000000, 0.000000, 0.000000, 1.000000
-3.5732, 13.2620, -6.2671, 234.4852, 256.4852, -13.2620, 206.3405, 4.2090, -87.8782, 12.6583, 0.994538, 0.103221, 0.015471, 0.013262, -0.102780, 0.994337, -0.027034, -0.006267, -0.018173, 0.025297, 0.999515, 0.234485, 0.000000, 0.000000, 0.000000, 1.000000, -0.018173, 0.025297, 0.999515, 0.256485, -0.994538, -0.103221, -0.015471, -0.013262, 0.102780, -0.994337, 0.027034, 0.206341, 0.000000, 0.000000, 0.000000, 1.000000, -0.999194, 0.030920, 0.025609, 0.004209, 0.023673, -0.061429, 0.997831, -0.087878, 0.032426, 0.997632, 0.060647, 0.012658, 0.000000, 0.000000, 0.000000, 1.000000
-3.7184, 12.8597, -6.2329, 234.4612, 256.4612, -12.8597, 206.3063, 4.3282, -87.9682, 12.6627, 0.994420, 0.105277, 0.006763, 0.012860, -0.105039, 0.994041, -0.029135, -0.006233, -0.009789, 0.028262, 0.999553, 0.234461, 0.000000, 0.000000, 0.000000, 1.000000, -0.009789, 0.028262, 0.999553, 0.256461, -0.994420, -0.105277, -0.006763, -0.012860, 0.105039, -0.994041, 0.029135, 0.206306, 0.000000, 0.000000, 0.000000, 1.000000, -0.998923, 0.031469, 0.034089, 0.004328, 0.032226, -0.057945, 0.997800, -0.087968, 0.033375, 0.997824, 0.056868, 0.012663, 0.000000, 0.000000, 0.000000, 1.000000
-3.8863, 12.0537, -6.2218, 234.7992, 256.7992, -12.0537, 206.2952, 4.8144, -87.7168, 12.6208, 0.993821, 0.110091, 0.014116, 0.012054, -0.109665, 0.993574, -0.028000, -0.006222, -0.017108, 0.026279, 0.999508, 0.234799, 0.000000, 0.000000, 0.000000, 1.000000, -0.017108, 0.026279, 0.999508, 0.256799, -0.993821, -0.110091, -0.014116, -0.012054, 0.109665, -0.993574, 0.028000, 0.206295, 0.000000, 0.000000, 0.000000, 1.000000, -0.999198, 0.029431, 0.027140, 0.004814, 0.025361, -0.059212, 0.997923, -0.087717, 0.030977, 0.997811, 0.058418, 0.012621, 0.000000, 0.000000, 0.000000, 1.000000
-4.2664, 11.1878, -6.2925, 234.9403, 256.9403, -11.1878, 206.3660, 4.9261, -87.7291, 12.5067, 0.992862, 0.113906, 0.035353, 0.011188, -0.113915, 0.993489, -0.001760, -0.006293, -0.035323, -0.002280, 0.999373, 0.234940, 0.000000, 0.000000, 0.000000, 1.000000, -0.035323, -0.002280, 0.999373, 0.256940, -0.992862, -0.113906, -0.035353, -0.011188, 0.113915, -0.993489, 0.001760, 0.206366, 0.000000, 0.000000, 0.000000, 1.000000, -0.999470, 0.030867, 0.010303, 0.004926, 0.007602, -0.086362, 0.996235, -0.087729, 0.031641, 0.995786, 0.086081, 0.012507, 0.000000, 0.000000, 0.000000, 1.000000
-4.4147, 10.7785, -6.2889, 235.0561, 257.0561, -10.7785, 206.3624, 5.0467, -87.6787, 12.4854, 0.992689, 0.115843, 0.033886, 0.010779, -0.116072, 0.993229, 0.004885, -0.006289, -0.033090, -0.008783, 0.999414, 0.235056, 0.000000, 0.000000, 0.000000, 1.000000, -0.033090, -0.008783, 0.999414, 0.257056, -0.992689, -0.115843, -0.033886, -0.010779, 0.116072, -0.993229, -0.004885, 0.206362, 0.000000, 0.000000, 0.000000, 1.000000, -0.999431, 0.031156, 0.012950, 0.005047, 0.010024, -0.092302, 0.995681, -0.087679, 0.032217, 0.995244, 0.091937, 0.012485, 0.000000, 0.000000, 0.000000, 1.000000
-4.5650, 10.1054, -6.1105, 235.1175, 257.1175, -10.1054, 206.1839, 5.4476, -87.7071, 12.5905, 0.992504, 0.121356, 0.014422, 0.010105, -0.121026, 0.992407, -0.021934, -0.006110, -0.016975, 0.020024, 0.999655, 0.235117, 0.000000, 0.000000, 0.000000, 1.000000, -0.016975, 0.020024, 0.999655, 0.257117, -0.992504, -0.121356, -0.014422, -0.010105, 0.121026, -0.992407, 0.021934, 0.206184, 0.000000, 0.000000, 0.000000, 1.000000, -0.999161, 0.029482, 0.028411, 0.005448, 0.026512, -0.062914, 0.997667, -0.087707, 0.031201, 0.997583, 0.062080, 0.012590, 0.000000, 0.000000, 0.000000, 1.000000
-4.7509, 9.8132, -6.1678, 235.0612, 257.0612, -9.8132, 206.2413, 5.3627, -87.8317, 12.5164, 0.992152, 0.124204, -0.014385, 0.009813, -0.124309, 0.992221, -0.006685, -0.006168, 0.013443, 0.008421, 0.999874, 0.235061, 0.000000, 0.000000, 0.000000, 1.000000, 0.013443, 0.008421, 0.999874, 0.257061, -0.992152, -0.124204, 0.014385, -0.009813, 0.124309, -0.992221, 0.006685, 0.206241, 0.000000, 0.000000, 0.000000, 1.000000, -0.997806, 0.029295, 0.059377, 0.005363, 0.057082, -0.073795, 0.995638, -0.087832, 0.033549, 0.996843, 0.071960, 0.012516, 0.000000, 0.000000, 0.000000, 1.000000
-5.0845, 8.5532, -6.1213, 235.4077, 257.4077, -8.5532, 206.1948, 5.9780, -87.6473, 12.4459, 0.991446, 0.130519, -0.000297, 0.008553, -0.130517, 0.991439, 0.003771, -0.006121, 0.000786, -0.003700, 0.999993, 0.235408, 0.000000, 0.000000, 0.000000, 1.000000, 0.000786, -0.003700, 0.999993, 0.257408, -0.991446, -0.130519, 0.000297, -0.008553, 0.130517, -0.991439, -0.003771, 0.206195, 0.000000, 0.000000, 0.000000, 1.000000, -0.998474, 0.028091, 0.047552, 0.005978, 0.045026, -0.084580, 0.995399, -0.087647, 0.031984, 0.996021, 0.083186, 0.012446, 0.000000, 0.000000, 0.000000, 1.000000
-5.2361, 8.0735, -6.1452, 235.5810, 257.5810, -8.0735, 206.2186, 6.1590, -87.5409, 12.3824, 0.991188, 0.130747, 0.021254, 0.008073, -0.131359, 0.990863, 0.030573, -0.006145, -0.017062, -0.033096, 0.999307, 0.235581, 0.000000, 0.000000, 0.000000, 1.000000, -0.017062, -0.033096, 0.999307, 0.257581, -0.991188, -0.130747, -0.021254, -0.008073, 0.131359, -0.990863, -0.030573, 0.206219, 0.000000, 0.000000, 0.000000, 1.000000, -0.999105, 0.028992, 0.030804, 0.006159, 0.027332, -0.113337, 0.993181, -0.087541, 0.032285, 0.993133, 0.112443, 0.012382, 0.000000, 0.000000, 0.000000, 1.000000
-5.3796, 7.7018, -6.2062, 235.4584, 257.4584, -7.7018, 206.2796, 6.2298, -87.7196, 12.2741, 0.991007, 0.133102, 0.013728, 0.007702, -0.133585, 0.990055, 0.044123, -0.006206, -0.007719, -0.045560, 0.998932, 0.235458, 0.000000, 0.000000, 0.000000, 1.000000, -0.007719, -0.045560, 0.998932, 0.257458, -0.991007, -0.133102, -0.013728, -0.007702, 0.133585, -0.990055, -0.044123, 0.206280, 0.000000, 0.000000, 0.000000, 1.000000, -0.998768, 0.028403, 0.040684, 0.006230, 0.036826, -0.125170, 0.991452, -0.087720, 0.033252, 0.991729, 0.123970, 0.012274, 0.000000, 0.000000, 0.000000, 1.000000
-5.6408, 6.8426, -6.1118, 235.9145, 257.9145, -6.8426, 206.1853, 6.6015, -87.3922, 12.2977, 0.989907, 0.138381, 0.030572, 0.006843, -0.139511, 0.989468, 0.038590, -0.006112, -0.024910, -0.042466, 0.998787, 0.235915, 0.000000, 0.000000, 0.000000, 1.000000, -0.024910, -0.042466, 0.998787, 0.257915, -0.989907, -0.138381, -0.030572, -0.006843, 0.139511, -0.989468, -0.038590, 0.206185, 0.000000, 0.000000, 0.000000, 1.000000, -0.999335, 0.027705, 0.023725, 0.006602, 0.020204, -0.121077, 0.992437, -0.087392, 0.030368, 0.992256, 0.120437, 0.012298, 0.000000, 0.000000, 0.000000, 1.000000
-5.8632, 6.3120, -5.9516, 235.8728, 257.8728, -6.3120, 206.0251, 6.7150, -87.5416, 12.3935, 0.988462, 0.141375, 0.054363, 0.006312, -0.141824, 0.989882, 0.004480, -0.005952, -0.053180, -0.012139, 0.998511, 0.235873, 0.000000, 0.000000, 0.000000, 1.000000, -0.053180, -0.012139, 0.998511, 0.257873, -0.988462, -0.141375, -0.054363, -0.006312, 0.141824, -0.989882, -0.004480, 0.206025, 0.000000, 0.000000, 0.000000, 1.000000, -0.999535, 0.030070, -0.005097, 0.006715, -0.007791, -0.090139, 0.995899, -0.087542, 0.029487, 0.995475, 0.090331, 0.012393, 0.000000, 0.000000, 0.000000, 1.000000
-6.0403, 5.5683, -5.9214, 235.9651, 257.9651, -5.5683, 205.9948, 7.1093, -87.5384, 12.3250, 0.988221, 0.144861, 0.049340, 0.005568, -0.145436, 0.989333, 0.008245, -0.005921, -0.047620, -0.015323, 0.998748, 0.235965, 0.000000, 0.000000, 0.000000, 1.000000, -0.047620, -0.015323, 0.998748, 0.257965, -0.988221, -0.144861, -0.049340, -0.005568, 0.145436, -0.989333, -0.008245, 0.205995, 0.000000, 0.000000, 0.000000, 1.000000, -0.999567, 0.029423, 0.000792, 0.007109, -0.001937, -0.092614, 0.995700, -0.087538, 0.029370, 0.995267, 0.092631, 0.012325, 0.000000, 0.000000, 0.000000, 1.000000
-6.3167, 4.8765, -5.8880, 236.1824, 258.1824, -4.8765, 205.9615, 7.2658, -87.4433, 12.2886, 0.988374, 0.148984, 0.030338, 0.004876, -0.149891, 0.988241, 0.030193, -0.005888, -0.025483, -0.034390, 0.999084, 0.236182, 0.000000, 0.000000, 0.000000, 1.000000, -0.025483, -0.034390, 0.999084, 0.258182, -0.988374, -0.148984, -0.030338, -0.004876, 0.149891, -0.988241, -0.030193, 0.205961, 0.000000, 0.000000, 0.000000, 1.000000, -0.999295, 0.028984, 0.023843, 0.007266, 0.020503, -0.110541, 0.993660, -0.087443, 0.031436, 0.993449, 0.109869, 0.012289, 0.000000, 0.000000, 0.000000, 1.000000
-6.4622, 4.4242, -5.9222, 236.2008, 258.2008, -4.4242, 205.9957, 7.4202, -87.4877, 12.1935, 0.987753, 0.152360, 0.033637, 0.004424, -0.153574, 0.987442, 0.037062, -0.005922, -0.027568, -0.041774, 0.998747, 0.236201, 0.000000, 0.000000, 0.000000, 1.000000, -0.027568, -0.041774, 0.998747, 0.258201, -0.987753, -0.152360, -0.033637, -0.004424, 0.153574, -0.987442, -0.037062, 0.205996, 0.000000, 0.000000, 0.000000, 1.000000, -0.999373, 0.027649, 0.022108, 0.007420, 0.018721, -0.117279, 0.992923, -0.087488, 0.030046, 0.992714, 0.116687, 0.012194, 0.000000, 0.000000, 0.000000, 1.000000
-6.6125, 4.0609, -5.6693, 236.4629, 258.4629, -4.0609, 205.7428, 7.5419, -87.3114, 12.4135, 0.987527, 0.155314, 0.025827, 0.004061, -0.155157, 0.987858, -0.007978, -0.005669, -0.026752, 0.003872, 0.999635, 0.236463, 0.000000, 0.000000, 0.000000, 1.000000, -0.026752, 0.003872, 0.999635, 0.258463, -0.987527, -0.155314, -0.025827, -0.004061, 0.155157, -0.987858, 0.007978, 0.205743, 0.000000, 0.000000, 0.000000, 1.000000, -0.999323, 0.029611, 0.021826, 0.007542, 0.019669, -0.071292, 0.997262, -0.087311, 0.031086, 0.997016, 0.070662, 0.012414, 0.000000, 0.000000, 0.000000, 1.000000
-6.7502, 3.6292, -5.7366, 236.3833, 258.3833, -3.6292, 205.8100, 7.6799, -87.4475, 12.2789, 0.987022, 0.156948, 0.034000, 0.003629, -0.157525, 0.987401, 0.015008, -0.005737, -0.031216, -0.020169, 0.999309, 0.236383, 0.000000, 0.000000, 0.000000, 1.000000, -0.031216, -0.020169, 0.999309, 0.258383, -0.987022, -0.156948, -0.034000, -0.003629, 0.157525, -0.987401, -0.015008, 0.205810, 0.000000, 0.000000, 0.000000, 1.000000, -0.999410, 0.029110, 0.018243, 0.007680, 0.015410, -0.094732, 0.995384, -0.087448, 0.030704, 0.995077, 0.094227, 0.012279, 0.000000, 0.000000, 0.000000, 1.000000
-6.9715, 2.8999, -5.6958, 236.3909, 258.3909, -2.8999, 205.7693, 7.9703, -87.5445, 12.2085, 0.986665, 0.161561, 0.019756, 0.002900, -0.162054, 0.986424, 0.026565, -0.005696, -0.015196, -0.029412, 0.999452, 0.236391, 0.000000, 0.000000, 0.000000, 1.000000, -0.015196, -0.029412, 0.999452, 0.258391, -0.986665, -0.161561, -0.019756, -0.002900, 0.162054, -0.986424, -0.026565, 0.205769, 0.000000, 0.000000, 0.000000, 1.000000, -0.999010, 0.027731, 0.034771, 0.007970, 0.031743, -0.103035, 0.994171, -0.087544, 0.031152, 0.994291, 0.102053, 0.012209, 0.000000, 0.000000, 0.000000, 1.000000
-7.1066, 2.4929, -5.6562, 236.7073, 258.7073, -2.4929, 205.7296, 8.1279, -87.2930, 12.2080, 0.986378, 0.162863, 0.023094, 0.002493, -0.163753, 0.985514, 0.044123, -0.005656, -0.015573, -0.047303, 0.998759, 0.236707, 0.000000, 0.000000, 0.000000, 1.000000, -0.015573, -0.047303, 0.998759, 0.258707, -0.986378, -0.162863, -0.023094, -0.002493, 0.163753, -0.985514, -0.044123, 0.205730, 0.000000, 0.000000, 0.000000, 1.000000, -0.999000, 0.027708, 0.035081, 0.008128, 0.031506, -0.120334, 0.992233, -0.087293, 0.031714, 0.992347, 0.119341, 0.012208, 0.000000, 0.000000, 0.000000, 1.000000
-7.2428, 2.1409, -5.5728, 236.8571, 258.8571, -2.1409, 205.6463, 8.2303, -87.2095, 12.2478, 0.985988, 0.166688, 0.006542, 0.002141, -0.166771, 0.985875, 0.015445, -0.005573, -0.003875, -0.016319, 0.999859, 0.236857, 0.000000, 0.000000, 0.000000, 1.000000, -0.003875, -0.016319, 0.999859, 0.258857, -0.985988, -0.166688, -0.006542, -0.002141, 0.166771, -0.985875, -0.015445, 0.205646, 0.000000, 0.000000, 0.000000, 1.000000, -0.998550, 0.027888, 0.046037, 0.008230, 0.043393, -0.088954, 0.995090, -0.087209, 0.031846, 0.995645, 0.087615, 0.012248, 0.000000, 0.000000, 0.000000, 1.000000
-7.3964, 1.5825, -5.5906, 236.7596, 258.7596, -1.5825, 205.6640, 8.4675, -87.3776, 12.1308, 0.984691, 0.167549, 0.048074, 0.001583, -0.168932, 0.985277, 0.026299, -0.005591, -0.042960, -0.034018, 0.998497, 0.236760, 0.000000, 0.000000, 0.000000, 1.000000, -0.042960, -0.034018, 0.998497, 0.258760, -0.984691, -0.167549, -0.048074, -0.001583, 0.168932, -0.985277, -0.026299, 0.205664, 0.000000, 0.000000, 0.000000, 1.000000, -0.999559, 0.028676, 0.007686, 0.008467, 0.004603, -0.106047, 0.994350, -0.087378, 0.029329, 0.993948, 0.105868, 0.012131, 0.000000, 0.000000, 0.000000, 1.000000
-7.6937, 0.8940, -5.5860, 236.8942, 258.8942, -0.8940, 205.6595, 8.5669, -87.3702, 12.0401, 0.984926, 0.171550, 0.022154, 0.000894, -0.172558, 0.983346, 0.057048, -0.005586, -0.011998, -0.060011, 0.998126, 0.236894, 0.000000, 0.000000, 0.000000, 1.000000, -0.011998, -0.060011, 0.998126, 0.258894, -0.984926, -0.171550, -0.022154, -0.000894, 0.172558, -0.983346, -0.057048, 0.205659, 0.000000, 0.000000, 0.000000, 1.000000, -0.998812, 0.028152, 0.039770, 0.008567, 0.035764, -0.130760, 0.990769, -0.087370, 0.033092, 0.991014, 0.129598, 0.012040, 0.000000, 0.000000, 0.000000, 1.000000
-7.8372, 0.4423, -5.4268, 237.1311, 259.1311, -0.4423, 205.5002, 8.7711, -87.2120, 12.1351, 0.983695, 0.175137, 0.040886, 0.000442, -0.176351, 0.983922, 0.028234, -0.005427, -0.035284, -0.034984, 0.998765, 0.237131, 0.000000, 0.000000, 0.000000, 1.000000, -0.035284, -0.034984, 0.998765, 0.259131, -0.983695, -0.175137, -0.040886, -0.000442, 0.176351, -0.983922, -0.028234, 0.205500, 0.000000, 0.000000, 0.000000, 1.000000, -0.999468, 0.028463, 0.015918, 0.008771, 0.012838, -0.105313, 0.994356, -0.087212, 0.029978, 0.994032, 0.104891, 0.012135, 0.000000, 0.000000, 0.000000, 1.000000
-7.9985, 0.1489, -5.4057, 237.1391, 259.1391, -0.1489, 205.4792, 8.7472, -87.2714, 12.1131, 0.984170, 0.176670, 0.014063, 0.000149, -0.177168, 0.982803, 0.052053, -0.005406, -0.004625, -0.053721, 0.998545, 0.237139, 0.000000, 0.000000, 0.000000, 1.000000, -0.004625, -0.053721, 0.998545, 0.259139, -0.984170, -0.176670, -0.014063, -0.000149, 0.177168, -0.982803, -0.052053, 0.205479, 0.000000, 0.000000, 0.000000, 1.000000, -0.998471, 0.028546, 0.047335, 0.008747, 0.043474, -0.123356, 0.991410, -0.087271, 0.034140, 0.991952, 0.121927, 0.012113, 0.000000, 0.000000, 0.000000, 1.000000
-8.1510, -0.6221, -5.2945, 237.3400, 259.3400, 0.6221, 205.3679, 9.2348, -87.1595, 12.0886, 0.983162, 0.182083, 0.015409, -0.000622, -0.182479, 0.982745, 0.030231, -0.005294, -0.009638, -0.032534, 0.999424, 0.237340, 0.000000, 0.000000, 0.000000, 1.000000, -0.009638, -0.032534, 0.999424, 0.259340, -0.983162, -0.182083, -0.015409, 0.000622, 0.182479, -0.982745, -0.030231, 0.205368, 0.000000, 0.000000, 0.000000, 1.000000, -0.998763, 0.026919, 0.041803, 0.009235, 0.038868, -0.101593, 0.994066, -0.087159, 0.031006, 0.994462, 0.100421, 0.012089, 0.000000, 0.000000, 0.000000, 1.000000
-8.3747, -0.9227, -5.3149, 237.2720, 259.2720, 0.9227, 205.3884, 9.0825, -87.3135, 12.0234, 0.982836, 0.184399, -0.005457, -0.000923, -0.183683, 0.980912, 0.063816, -0.005315, 0.017120, -0.061719, 0.997947, 0.237272, 0.000000, 0.000000, 0.000000, 1.000000, 0.017120, -0.061719, 0.997947, 0.259272, -0.982836, -0.184399, 0.005457, 0.000923, 0.183683, -0.980912, -0.063816, 0.205388, 0.000000, 0.000000, 0.000000, 1.000000, -0.997217, 0.026610, 0.069638, 0.009083, 0.065627, -0.129780, 0.989369, -0.087313, 0.035364, 0.991186, 0.127672, 0.012023, 0.000000, 0.000000, 0.000000, 1.000000
-8.6120, -1.8698, -5.2113, 237.4608, 259.4608, 1.8698, 205.2848, 9.5719, -87.2486, 11.9542, 0.981693, 0.189036, 0.023345, -0.001870, -0.189951, 0.980687, 0.046601, -0.005211, -0.014085, -0.050182, 0.998641, 0.237461, 0.000000, 0.000000, 0.000000, 1.000000, -0.014085, -0.050182, 0.998641, 0.259461, -0.981693, -0.189036, -0.023345, 0.001870, 0.189951, -0.980687, -0.046601, 0.205285, 0.000000, 0.000000, 0.000000, 1.000000, -0.998907, 0.026672, 0.038379, 0.009572, 0.034997, -0.117391, 0.992469, -0.087249, 0.030976, 0.992728, 0.116329, 0.011954, 0.000000, 0.000000, 0.000000, 1.000000
-8.7515, -2.1088, -5.1244, 237.7293, 259.7293, 2.1088, 205.1979, 9.5646, -87.0442, 12.0172, 0.981577, 0.191068, 0.000660, -0.002109, -0.190816, 0.980091, 0.054863, -0.005124, 0.009836, -0.053978, 0.998494, 0.237729, 0.000000, 0.000000, 0.000000, 1.000000, 0.009836, -0.053978, 0.998494, 0.259729, -0.981577, -0.191068, -0.000660, 0.002109, 0.190816, -0.980091, -0.054863, 0.205198, 0.000000, 0.000000, 0.000000, 1.000000, -0.997683, 0.026749, 0.062559, 0.009565, 0.058902, -0.120637, 0.990948, -0.087044, 0.034053, 0.992336, 0.118782, 0.012017, 0.000000, 0.000000, 0.000000, 1.000000
-8.8932, -2.5647, -5.0404, 237.7632, 259.7632, 2.5647, 205.1139, 9.7509, -87.0818, 12.0127, 0.981093, 0.193317, 0.009180, -0.002565, -0.193534, 0.980100, 0.044139, -0.005040, -0.000465, -0.045081, 0.998983, 0.237763, 0.000000, 0.000000, 0.000000, 1.000000, -0.000465, -0.045081, 0.998983, 0.259763, -0.981093, -0.193317, -0.009180, 0.002565, 0.193534, -0.980100, -0.044139, 0.205114, 0.000000, 0.000000, 0.000000, 1.000000, -0.998260, 0.027436, 0.052193, 0.009751, 0.048838, -0.111265, 0.992590, -0.087082, 0.033040, 0.993412, 0.109731, 0.012013, 0.000000, 0.000000, 0.000000, 1.000000
-9.0538, -2.8910, -4.8872, 238.1400, 260.1400, 2.8910, 204.9606, 9.8074, -86.7848, 12.1272, 0.980280, 0.196700, -0.019004, -0.002891, -0.196361, 0.980361, 0.018323, -0.004887, 0.022235, -0.014230, 0.999651, 0.238140, 0.000000, 0.000000, 0.000000, 1.000000, 0.022235, -0.014230, 0.999651, 0.260140, -0.980280, -0.196700, 0.019004, 0.002891, 0.196361, -0.980361, -0.018323, 0.204961, 0.000000, 0.000000, 0.000000, 1.000000, -0.996839, 0.028536, 0.074141, 0.009807, 0.071658, -0.079935, 0.994221, -0.086785, 0.034297, 0.996392, 0.077637, 0.012127, 0.000000, 0.000000, 0.000000, 1.000000
-9.1993, -3.7546, -4.8755, 237.9289, 259.9289, 3.7546, 204.9489, 10.3539, -87.0771, 11.9401, 0.979750, 0.200043, 0.008532, -0.003755, -0.200221, 0.978583, 0.047827, -0.004875, 0.001219, -0.048567, 0.998819, 0.237929, 0.000000, 0.000000, 0.000000, 1.000000, 0.001219, -0.048567, 0.998819, 0.259929, -0.979750, -0.200043, -0.008532, 0.003755, 0.200221, -0.978583, -0.047827, 0.204949, 0.000000, 0.000000, 0.000000, 1.000000, -0.998200, 0.025596, 0.054228, 0.010354, 0.050995, -0.113466, 0.992232, -0.087077, 0.031550, 0.993212, 0.111957, 0.011940, 0.000000, 0.000000, 0.000000, 1.000000
-9.4373, -4.1109, -4.6928, 238.4799, 260.4799, 4.1109, 204.7663, 10.3041, -86.6364, 12.0897, 0.979323, 0.202288, -0.002539, -0.004111, -0.202218, 0.979197, 0.016783, -0.004693, 0.005882, -0.015922, 0.999856, 0.238480, 0.000000, 0.000000, 0.000000, 1.000000, 0.005882, -0.015922, 0.999856, 0.260480, -0.979323, -0.202288, 0.002539, 0.004111, 0.202218, -0.979197, -0.016783, 0.204766, 0.000000, 0.000000, 0.000000, 1.000000, -0.997868, 0.029316, 0.058307, 0.010304, 0.055797, -0.080179, 0.995218, -0.086636, 0.033851, 0.996349, 0.078372, 0.012090, 0.000000, 0.000000, 0.000000, 1.000000
-9.6007, -4.4431, -4.7805, 238.2148, 260.2148, 4.4431, 204.8540, 10.2719, -86.9626, 11.9238, 0.978690, 0.204994, -0.011973, -0.004443, -0.204142, 0.977607, 0.051093, -0.004781, 0.022179, -0.047560, 0.998622, 0.238215, 0.000000, 0.000000, 0.000000, 1.000000, 0.022179, -0.047560, 0.998622, 0.260215, -0.978690, -0.204994, 0.011973, 0.004443, 0.204142, -0.977607, -0.051093, 0.204854, 0.000000, 0.000000, 0.000000, 1.000000, -0.996756, 0.027467, 0.075655, 0.010272, 0.072175, -0.111006, 0.991196, -0.086963, 0.035623, 0.993440, 0.108663, 0.011924, 0.000000, 0.000000, 0.000000, 1.000000
-9.7501, -4.9214, -4.6616, 238.3812, 260.3812, 4.9214, 204.7350, 10.4802, -86.8742, 11.9480, 0.978326, 0.206899, 0.008403, -0.004921, -0.207068, 0.977632, 0.036855, -0.004662, -0.000590, -0.037796, 0.999285, 0.238381, 0.000000, 0.000000, 0.000000, 1.000000, -0.000590, -0.037796, 0.999285, 0.260381, -0.978326, -0.206899, -0.008403, 0.004921, 0.207068, -0.977632, -0.036855, 0.204735, 0.000000, 0.000000, 0.000000, 1.000000, -0.998192, 0.028687, 0.052823, 0.010480, 0.049688, -0.100757, 0.993670, -0.086874, 0.033828, 0.994497, 0.099150, 0.011948, 0.000000, 0.000000, 0.000000, 1.000000
-9.9552, -5.7186, -4.5760, 238.5615, 260.5615, 5.7186, 204.6494, 10.8808, -86.8004, 11.8658, 0.977278, 0.211469, 0.014409, -0.005719, -0.211902, 0.976337, 0.043175, -0.004576, -0.004938, -0.045248, 0.998964, 0.238561, 0.000000, 0.000000, 0.000000, 1.000000, -0.004938, -0.045248, 0.998964, 0.260561, -0.977278, -0.211469, -0.014409, 0.005719, 0.211902, -0.976337, -0.043175, 0.204649, 0.000000, 0.000000, 0.000000, 1.000000, -0.998440, 0.027059, 0.048849, 0.010881, 0.045683, -0.107309, 0.993176, -0.086800, 0.032116, 0.993857, 0.105905, 0.011866, 0.000000, 0.000000, 0.000000, 1.000000
-10.0960, -6.1081, -4.3777, 238.6688, 260.6688, 6.1081, 204.4512, 11.0347, -86.7705, 11.9795, 0.976803, 0.213790, 0.012263, -0.006108, -0.213962, 0.976727, 0.015005, -0.004378, -0.008769, -0.017281, 0.999812, 0.238669, 0.000000, 0.000000, 0.000000, 1.000000, -0.008769, -0.017281, 0.999812, 0.260669, -0.976803, -0.213790, -0.012263, 0.006108, 0.213962, -0.976727, -0.015005, 0.204451, 0.000000, 0.000000, 0.000000, 1.000000, -0.998599, 0.028783, 0.044407, 0.011035, 0.042015, -0.078951, 0.995993, -0.086771, 0.032174, 0.996463, 0.077631, 0.011979, 0.000000, 0.000000, 0.000000, 1.000000
-10.2590, -6.5067, -4.4750, 238.8465, 260.8465, 6.5067, 204.5485, 11.0870, -86.6573, 11.8095, 0.976279, 0.216504, 0.002447, -0.006507, -0.216333, 0.974914, 0.052369, -0.004475, 0.008953, -0.051656, 0.998625, 0.238846, 0.000000, 0.000000, 0.000000, 1.000000, 0.008953, -0.051656, 0.998625, 0.260846, -0.976279, -0.216504, -0.002447, 0.006507, 0.216333, -0.974914, -0.052369, 0.204548, 0.000000, 0.000000, 0.000000, 1.000000, -0.997643, 0.026689, 0.063216, 0.011087, 0.059839, -0.112498, 0.991849, -0.086657, 0.033583, 0.993293, 0.110636, 0.011809, 0.000000, 0.000000, 0.000000, 1.000000
-10.4563, -7.3685, -4.2737, 238.8549, 260.8549, 7.3685, 204.3471, 11.5834, -86.7629, 11.8027, 0.975075, 0.220430, 0.025274, -0.007369, -0.221197, 0.974666, 0.033144, -0.004274, -0.017328, -0.037908, 0.999131, 0.238855, 0.000000, 0.000000, 0.000000, 1.000000, -0.017328, -0.037908, 0.999131, 0.260855, -0.975075, -0.220430, -0.025274, 0.007369, 0.221197, -0.974666, -0.033144, 0.204347, 0.000000, 0.000000, 0.000000, 1.000000, -0.998961, 0.026927, 0.036761, 0.011583, 0.033958, -0.098038, 0.994603, -0.086763, 0.030386, 0.994818, 0.097022, 0.011803, 0.000000, 0.000000, 0.000000, 1.000000
-10.6556, -7.6428, -4.2814, 239.0118, 261.0118, 7.6428, 204.3548, 11.4633, -86.6850, 11.7479, 0.974682, 0.223596, 0.000330, -0.007643, -0.223188, 0.972813, 0.061825, -0.004281, 0.013502, -0.060333, 0.998087, 0.239012, 0.000000, 0.000000, 0.000000, 1.000000, 0.013502, -0.060333, 0.998087, 0.261012, -0.974682, -0.223596, -0.000330, 0.007643, 0.223188, -0.972813, -0.061825, 0.204355, 0.000000, 0.000000, 0.000000, 1.000000, -0.997332, 0.025616, 0.068361, 0.011463, 0.064836, -0.119548, 0.990709, -0.086685, 0.033551, 0.992498, 0.117568, 0.011748, 0.000000, 0.000000, 0.000000, 1.000000
-10.8158, -8.0815, -4.1728, 239.1917, 261.1917, 8.0815, 204.2463, 11.6093, -86.5849, 11.7610, 0.974274, 0.225358, 0.002086, -0.008081, -0.225240, 0.973367, 0.042696, -0.004173, 0.007592, -0.042067, 0.999086, 0.239192, 0.000000, 0.000000, 0.000000, 1.000000, 0.007592, -0.042067, 0.999086, 0.261192, -0.974274, -0.225358, -0.002086, 0.008081, 0.225240, -0.973367, -0.042696, 0.204246, 0.000000, 0.000000, 0.000000, 1.000000, -0.997679, 0.027763, 0.062176, 0.011609, 0.059087, -0.100830, 0.993148, -0.086585, 0.033842, 0.994516, 0.098955, 0.011761, 0.000000, 0.000000, 0.000000, 1.000000
-10.9694, -8.8495, -3.9096, 239.4874, 261.4874, 8.8495, 203.9831, 12.1320, -86.3897, 11.8419, 0.973219, 0.229879, 0.000053, -0.008850, -0.229823, 0.972979, 0.022210, -0.003910, 0.005054, -0.021627, 0.999753, 0.239487, 0.000000, 0.000000, 0.000000, 1.000000, 0.005054, -0.021627, 0.999753, 0.261487, -0.973219, -0.229879, -0.000053, 0.008850, 0.229823, -0.972979, -0.022210, 0.203983, 0.000000, 0.000000, 0.000000, 1.000000, -0.997882, 0.027021, 0.059169, 0.012132, 0.056849, -0.079796, 0.995189, -0.086390, 0.031612, 0.996445, 0.078091, 0.011842, 0.000000, 0.000000, 0.000000, 1.000000
-11.1283, -9.2786, -3.9173, 239.2816, 261.2816, 9.2786, 203.9907, 12.2214, -86.6653, 11.7193, 0.972657, 0.231951, 0.011738, -0.009279, -0.232198, 0.972254, 0.028385, -0.003917, -0.004829, -0.030335, 0.999528, 0.239282, 0.000000, 0.000000, 0.000000, 1.000000, -0.004829, -0.030335, 0.999528, 0.261282, -0.972657, -0.231951, -0.011738, 0.009279, 0.232198, -0.972254, -0.028385, 0.203991, 0.000000, 0.000000, 0.000000, 1.000000, -0.998397, 0.027089, 0.049698, 0.012221, 0.047145, -0.087871, 0.995016, -0.086665, 0.031321, 0.995763, 0.086453, 0.011719, 0.000000, 0.000000, 0.000000, 1.000000
-11.3249, -9.6351, -3.8455, 239.6353, 261.6353, 9.6351, 203.9189, 12.2162, -86.3988, 11.7242, 0.972258, 0.233856, -0.005153, -0.009635, -0.233555, 0.971752, 0.033910, -0.003845, 0.012938, -0.031766, 0.999412, 0.239635, 0.000000, 0.000000, 0.000000, 1.000000, 0.012938, -0.031766, 0.999412, 0.261635, -0.972258, -0.233856, 0.005153, 0.009635, 0.233555, -0.971752, -0.033910, 0.203919, 0.000000, 0.000000, 0.000000, 1.000000, -0.997301, 0.028410, 0.067707, 0.012216, 0.064955, -0.088599, 0.993947, -0.086399, 0.034237, 0.995662, 0.086515, 0.011724, 0.000000, 0.000000, 0.000000, 1.000000
-11.4814, -9.9923, -3.7898, 239.6578, 261.6578, 9.9923, 203.8633, 12.2684, -86.4478, 11.6917, 0.971547, 0.236814, 0.003950, -0.009992, -0.236791, 0.970821, 0.037914, -0.003790, 0.005144, -0.037771, 0.999273, 0.239658, 0.000000, 0.000000, 0.000000, 1.000000, 0.005144, -0.037771, 0.999273, 0.261658, -0.971547, -0.236814, -0.003950, 0.009992, 0.236791, -0.970821, -0.037914, 0.203863, 0.000000, 0.000000, 0.000000, 1.000000, -0.997801, 0.027669, 0.060231, 0.012268, 0.057392, -0.093941, 0.993922, -0.086448, 0.033159, 0.995193, 0.092147, 0.011692, 0.000000, 0.000000, 0.000000, 1.000000
-12.6007, -14.2672, -2.9821, 240.7303, 262.7303, 14.2672, 203.0556, 14.4486, -85.9816, 11.3720, 0.965168, 0.261415, -0.010673, -0.014267, -0.260477, 0.963934, 0.054615, -0.002982, 0.024566, -0.049933, 0.998450, 0.240730, 0.000000, 0.000000, 0.000000, 1.000000, 0.024566, -0.049933, 0.998450, 0.262730, -0.965168, -0.261415, 0.010673, 0.014267, 0.260477, -0.963934, -0.054615, 0.203056, 0.000000, 0.000000, 0.000000, 1.000000, -0.996528, 0.020638, 0.080654, 0.014449, 0.078172, -0.101313, 0.991779, -0.085982, 0.028639, 0.994641, 0.099348, 0.011372, 0.000000, 0.000000, 0.000000, 1.000000
-13.0021, -15.1056, -2.7734, 240.4609, 262.4609, 15.1056, 202.8468, 14.5043, -86.4352, 11.3201, 0.963963, 0.265582, 0.015522, -0.015106, -0.266018, 0.962921, 0.044911, -0.002773, -0.003019, -0.047422, 0.998870, 0.240461, 0.000000, 0.000000, 0.000000, 1.000000, -0.003019, -0.047422, 0.998870, 0.262461, -0.963963, -0.265582, -0.015522, 0.015106, 0.266018, -0.962921, -0.044911, 0.202847, 0.000000, 0.000000, 0.000000, 1.000000, -0.998294, 0.023365, 0.053507, 0.014504, 0.050995, -0.097374, 0.993941, -0.086435, 0.028434, 0.994974, 0.096016, 0.011320, 0.000000, 0.000000, 0.000000, 1.000000
-13.2899, -15.4181, -2.6401, 241.1831, 263.1831, 15.4181, 202.7135, 14.3140, -85.8355, 11.3935, 0.963708, 0.266927, -0.004165, -0.015418, -0.266469, 0.962765, 0.045578, -0.002640, 0.016176, -0.042814, 0.998952, 0.241183, 0.000000, 0.000000, 0.000000, 1.000000, 0.016176, -0.042814, 0.998952, 0.263183, -0.963708, -0.266927, 0.004165, 0.015418, 0.266469, -0.962765, -0.045578, 0.202714, 0.000000, 0.000000, 0.000000, 1.000000, -0.996964, 0.027215, 0.072958, 0.014314, 0.070182, -0.091850, 0.993297, -0.085835, 0.033734, 0.995401, 0.089661, 0.011393, 0.000000, 0.000000, 0.000000, 1.000000
-13.4400, -15.8214, -2.5517, 240.9363, 262.9363, 15.8214, 202.6252, 14.4150, -86.1549, 11.3475, 0.962976, 0.269564, 0.003683, -0.015821, -0.269502, 0.962229, 0.038522, -0.002552, 0.006840, -0.038088, 0.999251, 0.240936, 0.000000, 0.000000, 0.000000, 1.000000, 0.006840, -0.038088, 0.999251, 0.262936, -0.962976, -0.269564, -0.003683, 0.015821, 0.269502, -0.962229, -0.038522, 0.202625, 0.000000, 0.000000, 0.000000, 1.000000, -0.997598, 0.027374, 0.063626, 0.014415, 0.061046, -0.086547, 0.994376, -0.086155, 0.032726, 0.995872, 0.084668, 0.011347, 0.000000, 0.000000, 0.000000, 1.000000
-13.5870, -16.2444, -2.4485, 241.1993, 263.1993, 16.2444, 202.5220, 14.5736, -85.9666, 11.3322, 0.962462, 0.271323, 0.007114, -0.016244, -0.271408, 0.961909, 0.032698, -0.002449, 0.002029, -0.033401, 0.999440, 0.241199, 0.000000, 0.000000, 0.000000, 1.000000, 0.002029, -0.033401, 0.999440, 0.263199, -0.962462, -0.271323, -0.007114, 0.016244, 0.271408, -0.961909, -0.032698, 0.202522, 0.000000, 0.000000, 0.000000, 1.000000, -0.997864, 0.028380, 0.058835, 0.014574, 0.056358, -0.081341, 0.995092, -0.085967, 0.033027, 0.996282, 0.079568, 0.011332, 0.000000, 0.000000, 0.000000, 1.000000
-13.7415, -16.5608, -2.4320, 241.2914, 263.2914, 16.5608, 202.5055, 14.5800, -85.9419, 11.2575, 0.961539, 0.274404, -0.012032, -0.016561, -0.273362, 0.960316, 0.055380, -0.002432, 0.026751, -0.049961, 0.998393, 0.241291, 0.000000, 0.000000, 0.000000, 1.000000, 0.026751, -0.049961, 0.998393, 0.263291, -0.961539, -0.274404, 0.012032, 0.016561, 0.273362, -0.960316, -0.055380, 0.202505, 0.000000, 0.000000, 0.000000, 1.000000, -0.996103, 0.026685, 0.084067, 0.014580, 0.081114, -0.097173, 0.991957, -0.085942, 0.034639, 0.994910, 0.094630, 0.011257, 0.000000, 0.000000, 0.000000, 1.000000
-13.9370, -17.3520, -2.2009, 241.5796, 263.5796, 17.3520, 202.2743, 15.0328, -85.7676, 11.2487, 0.960351, 0.278558, -0.011415, -0.017352, -0.277778, 0.959546, 0.045951, -0.002201, 0.023753, -0.040958, 0.998878, 0.241580, 0.000000, 0.000000, 0.000000, 1.000000, 0.023753, -0.040958, 0.998878, 0.263580, -0.960351, -0.278558, 0.011415, 0.017352, 0.277778, -0.959546, -0.045951, 0.202274, 0.000000, 0.000000, 0.000000, 1.000000, -0.996371, 0.026350, 0.080940, 0.015033, 0.078362, -0.087394, 0.993087, -0.085768, 0.033242, 0.995825, 0.085011, 0.011249, 0.000000, 0.000000, 0.000000, 1.000000
-14.0856, -17.9027, -2.0971, 241.3025, 263.3025, 17.9027, 202.1706, 15.2790, -86.1238, 11.1643, 0.959762, 0.279959, 0.021918, -0.017903, -0.280551, 0.959319, 0.031582, -0.002097, -0.012185, -0.036460, 0.999261, 0.241302, 0.000000, 0.000000, 0.000000, 1.000000, -0.012185, -0.036460, 0.999261, 0.263302, -0.959762, -0.279959, -0.021918, 0.017903, 0.280551, -0.959319, -0.031582, 0.202171, 0.000000, 0.000000, 0.000000, 1.000000, -0.998597, 0.027746, 0.045095, 0.015279, 0.042675, -0.082390, 0.995686, -0.086124, 0.031341, 0.996214, 0.081091, 0.011164, 0.000000, 0.000000, 0.000000, 1.000000
-14.2429, -18.1019, -2.0313, 241.8449, 263.8449, 18.1019, 202.1047, 15.2082, -85.6494, 11.1883, 0.958956, 0.283136, -0.015413, -0.018102, -0.281965, 0.957917, 0.053759, -0.002031, 0.029986, -0.047206, 0.998435, 0.241845, 0.000000, 0.000000, 0.000000, 1.000000, 0.029986, -0.047206, 0.998435, 0.263845, -0.958956, -0.283136, 0.015413, 0.018102, 0.281965, -0.957917, -0.053759, 0.202105, 0.000000, 0.000000, 0.000000, 1.000000, -0.995808, 0.026384, 0.087579, 0.015208, 0.084804, -0.092424, 0.992102, -0.085649, 0.034270, 0.995370, 0.089800, 0.011188, 0.000000, 0.000000, 0.000000, 1.000000
-14.3780, -18.6685, -1.9354, 241.5781, 263.5781, 18.6685, 202.0089, 15.4948, -85.9905, 11.0889, 0.958366, 0.285276, 0.012295, -0.018669, -0.285540, 0.957359, 0.043929, -0.001935, 0.000761, -0.045611, 0.998959, 0.241578, 0.000000, 0.000000, 0.000000, 1.000000, 0.000761, -0.045611, 0.998959, 0.263578, -0.958366, -0.285276, -0.012295, 0.018669, 0.285540, -0.957359, -0.043929, 0.202009, 0.000000, 0.000000, 0.000000, 1.000000, -0.997936, 0.026584, 0.058455, 0.015495, 0.055840, -0.090307, 0.994347, -0.085991, 0.031712, 0.995559, 0.088636, 0.011089, 0.000000, 0.000000, 0.000000, 1.000000
-14.5321, -19.3074, -1.7744, 241.9155, 263.9155, 19.3074, 201.8479, 15.8647, -85.7428, 11.0521, 0.956876, 0.290430, -0.006254, -0.019307, -0.289746, 0.955727, 0.051322, -0.001774, 0.020882, -0.047297, 0.998663, 0.241916, 0.000000, 0.000000, 0.000000, 1.000000, 0.020882, -0.047297, 0.998663, 0.263916, -0.956876, -0.290430, 0.006254, 0.019307, 0.289746, -0.955727, -0.051322, 0.201848, 0.000000, 0.000000, 0.000000, 1.000000, -0.996625, 0.023726, 0.078582, 0.015865, 0.076118, -0.091223, 0.992917, -0.085743, 0.030727, 0.995548, 0.089109, 0.011052, 0.000000, 0.000000, 0.000000, 1.000000
-14.7812, -19.8084, -1.5967, 242.0592, 264.0592, 19.8084, 201.6702, 15.9114, -85.7166, 11.0627, 0.956371, 0.292049, 0.007933, -0.019808, -0.292156, 0.955946, 0.028510, -0.001597, 0.000742, -0.029584, 0.999562, 0.242059, 0.000000, 0.000000, 0.000000, 1.000000, 0.000742, -0.029584, 0.999562, 0.264059, -0.956371, -0.292049, -0.007933, 0.019808, 0.292156, -0.955946, -0.028510, 0.201670, 0.000000, 0.000000, 0.000000, 1.000000, -0.997920, 0.027534, 0.058297, 0.015911, 0.056164, -0.072749, 0.995768, -0.085717, 0.031659, 0.996970, 0.071051, 0.011063, 0.000000, 0.000000, 0.000000, 1.000000
-14.9372, -20.0612, -1.5862, 242.0866, 264.0866, 20.0612, 201.6597, 15.8461, -85.7547, 10.9899, 0.955557, 0.294538, -0.012576, -0.020061, -0.293328, 0.954166, 0.059383, -0.001586, 0.029490, -0.053054, 0.998156, 0.242087, 0.000000, 0.000000, 0.000000, 1.000000, 0.029490, -0.053054, 0.998156, 0.264087, -0.955557, -0.294538, 0.012576, 0.020061, 0.293328, -0.954166, -0.059383, 0.201660, 0.000000, 0.000000, 0.000000, 1.000000, -0.995806, 0.025947, 0.087739, 0.015846, 0.084898, -0.095489, 0.991804, -0.085755, 0.034113, 0.995092, 0.092885, 0.010990, 0.000000, 0.000000, 0.000000, 1.000000
-15.0695, -20.5583, -1.4685, 241.7602, 263.7602, 20.5583, 201.5420, 16.0740, -86.1531, 10.9242, 0.954902, 0.296445, 0.016792, -0.020558, -0.296904, 0.953918, 0.043465, -0.001469, -0.003133, -0.046491, 0.998914, 0.241760, 0.000000, 0.000000, 0.000000, 1.000000, -0.003133, -0.046491, 0.998914, 0.263760, -0.954902, -0.296445, -0.016792, 0.020558, 0.296904, -0.953918, -0.043465, 0.201542, 0.000000, 0.000000, 0.000000, 1.000000, -0.998124, 0.026703, 0.055093, 0.016074, 0.052538, -0.088450, 0.994694, -0.086153, 0.031435, 0.995723, 0.086881, 0.010924, 0.000000, 0.000000, 0.000000, 1.000000
-15.2343, -20.8317, -1.3789, 242.3766, 264.3766, 20.8317, 201.4523, 16.0708, -85.6118, 10.9412, 0.954224, 0.298764, -0.013999, -0.020832, -0.297480, 0.952895, 0.059127, -0.001379, 0.031004, -0.052257, 0.998152, 0.242377, 0.000000, 0.000000, 0.000000, 1.000000, 0.031004, -0.052257, 0.998152, 0.264377, -0.954224, -0.298764, 0.013999, 0.020832, 0.297480, -0.952895, -0.059127, 0.201452, 0.000000, 0.000000, 0.000000, 1.000000, -0.995634, 0.026674, 0.089453, 0.016071, 0.086606, -0.093553, 0.991840, -0.085612, 0.034825, 0.995257, 0.090834, 0.010941, 0.000000, 0.000000, 0.000000, 1.000000
-15.3890, -21.6087, -1.1243, 242.6428, 264.6428, 21.6087, 201.1977, 16.5960, -85.4463, 10.9315, 0.953174, 0.302195, -0.011763, -0.021609, -0.301496, 0.952575, 0.041248, -0.001124, 0.023670, -0.035770, 0.999080, 0.242643, 0.000000, 0.000000, 0.000000, 1.000000, 0.023670, -0.035770, 0.999080, 0.264643, -0.953174, -0.302195, 0.011763, 0.021609, 0.301496, -0.952575, -0.041248, 0.201198, 0.000000, 0.000000, 0.000000, 1.000000, -0.996289, 0.026923, 0.081750, 0.016596, 0.079487, -0.076481, 0.993898, -0.085446, 0.033011, 0.996708, 0.074057, 0.010932, 0.000000, 0.000000, 0.000000, 1.000000
-15.5911, -22.0612, -1.0852, 242.3886, 264.3886, 22.0612, 201.1586, 16.6196, -85.7913, 10.8024, 0.952528, 0.304407, 0.005155, -0.022061, -0.304241, 0.951109, 0.053185, -0.001085, 0.011286, -0.052228, 0.998571, 0.242389, 0.000000, 0.000000, 0.000000, 1.000000, 0.011286, -0.052228, 0.998571, 0.264389, -0.952528, -0.304407, -0.005155, 0.022061, 0.304241, -0.951109, -0.053185, 0.201159, 0.000000, 0.000000, 0.000000, 1.000000, -0.997183, 0.026873, 0.070030, 0.016620, 0.067287, -0.092118, 0.993472, -0.085791, 0.033149, 0.995385, 0.090050, 0.010802, 0.000000, 0.000000, 0.000000, 1.000000
-15.7392, -25.5113, -0.1397, 243.2191, 265.2191, 25.5113, 200.2131, 19.9351, -85.2088, 10.5555, 0.945779, 0.324698, 0.008600, -0.025511, -0.324735, 0.944650, 0.046731, -0.000140, 0.007049, -0.046990, 0.998871, 0.243219, 0.000000, 0.000000, 0.000000, 1.000000, 0.007049, -0.046990, 0.998871, 0.265219, -0.945779, -0.324698, -0.008600, 0.025511, 0.324735, -0.944650, -0.046731, 0.200213, 0.000000, 0.000000, 0.000000, 1.000000, -0.997858, 0.008460, 0.064874, 0.019935, 0.063920, -0.085252, 0.994307, -0.085209, 0.013943, 0.996323, 0.084529, 0.010555, 0.000000, 0.000000, 0.000000, 1.000000
-17.0038, -27.0730, 0.3135, 243.5007, 265.5007, 27.0730, 199.7600, 19.0585, -85.4602, 10.3503, 0.942604, 0.333635, 0.013621, -0.027073, -0.333886, 0.941230, 0.051055, 0.000313, 0.004213, -0.052672, 0.998603, 0.243501, 0.000000, 0.000000, 0.000000, 1.000000, 0.004213, -0.052672, 0.998603, 0.265501, -0.942604, -0.333635, -0.013621, 0.027073, 0.333886, -0.941230, -0.051055, 0.199760, 0.000000, 0.000000, 0.000000, 1.000000, -0.997778, 0.020233, 0.063476, 0.019058, 0.061503, -0.086550, 0.994347, -0.085460, 0.025613, 0.996042, 0.085113, 0.010350, 0.000000, 0.000000, 0.000000, 1.000000
-17.4507, -27.4032, 0.4694, 244.1908, 266.1908, 27.4032, 199.6041, 18.5724, -84.9505, 10.3691, 0.942262, 0.334780, -0.008016, -0.027403, -0.333933, 0.941134, 0.052493, 0.000469, 0.025118, -0.046785, 0.998589, 0.244191, 0.000000, 0.000000, 0.000000, 1.000000, 0.025118, -0.046785, 0.998589, 0.266191, -0.942262, -0.334780, 0.008016, 0.027403, 0.333933, -0.941134, -0.052493, 0.199604, 0.000000, 0.000000, 0.000000, 1.000000, -0.996031, 0.027128, 0.084776, 0.018572, 0.082397, -0.079273, 0.993442, -0.084951, 0.033670, 0.996484, 0.076723, 0.010369, 0.000000, 0.000000, 0.000000, 1.000000
-17.7064, -28.2242, 0.6727, 244.0667, 266.0667, 28.2242, 199.4008, 18.8939, -85.2095, 10.2369, 0.940483, 0.339804, 0.004951, -0.028224, -0.339515, 0.938848, 0.057389, 0.000673, 0.014853, -0.055654, 0.998340, 0.244067, 0.000000, 0.000000, 0.000000, 1.000000, 0.014853, -0.055654, 0.998340, 0.266067, -0.940483, -0.339804, -0.004951, 0.028224, 0.339515, -0.938848, -0.057389, 0.199401, 0.000000, 0.000000, 0.000000, 1.000000, -0.996869, 0.025487, 0.074844, 0.018894, 0.072372, -0.087020, 0.993574, -0.085210, 0.031836, 0.995881, 0.084903, 0.010237, 0.000000, 0.000000, 0.000000, 1.000000
-17.9130, -28.6112, 0.7840, 243.6623, 265.6623, 28.6112, 199.2895, 18.8581, -85.7080, 10.1714, 0.939630, 0.341428, 0.022872, -0.028611, -0.342170, 0.938249, 0.051085, 0.000784, -0.004018, -0.055827, 0.998432, 0.243662, 0.000000, 0.000000, 0.000000, 1.000000, -0.004018, -0.055827, 0.998432, 0.265662, -0.939630, -0.341428, -0.022872, 0.028611, 0.342170, -0.938249, -0.051085, 0.199289, 0.000000, 0.000000, 0.000000, 1.000000, -0.998046, 0.027284, 0.056208, 0.018858, 0.053662, -0.086469, 0.994808, -0.085708, 0.032003, 0.995881, 0.084836, 0.010171, 0.000000, 0.000000, 0.000000, 1.000000
-18.0494, -29.3657, 1.0250, 244.3090, 266.3090, 29.3657, 199.0485, 19.4135, -85.1552, 10.1224, 0.938268, 0.345904, 0.002109, -0.029366, -0.345458, 0.936713, 0.056814, 0.001025, 0.017677, -0.054035, 0.998383, 0.244309, 0.000000, 0.000000, 0.000000, 1.000000, 0.017677, -0.054035, 0.998383, 0.266309, -0.938268, -0.345904, -0.002109, 0.029366, 0.345458, -0.936713, -0.056814, 0.199048, 0.000000, 0.000000, 0.000000, 1.000000, -0.996658, 0.025008, 0.077762, 0.019413, 0.075416, -0.083999, 0.993608, -0.085155, 0.031380, 0.996152, 0.081832, 0.010122, 0.000000, 0.000000, 0.000000, 1.000000
-18.2030, -29.7362, 1.1448, 244.4034, 266.4034, 29.7362, 198.9286, 19.5006, -85.1370, 10.0852, 0.937195, 0.348761, 0.005643, -0.029736, -0.348515, 0.935628, 0.056017, 0.001145, 0.014257, -0.054466, 0.998414, 0.244403, 0.000000, 0.000000, 0.000000, 1.000000, 0.014257, -0.054466, 0.998414, 0.266403, -0.937195, -0.348761, -0.005643, 0.029736, 0.348515, -0.935628, -0.056017, 0.198929, 0.000000, 0.000000, 0.000000, 1.000000, -0.996925, 0.024562, 0.074410, 0.019501, 0.072117, -0.083787, 0.993871, -0.085137, 0.030646, 0.996181, 0.081759, 0.010085, 0.000000, 0.000000, 0.000000, 1.000000
-18.3535, -30.1385, 1.2702, 244.2816, 266.2816, 30.1385, 198.8033, 19.6124, -85.3351, 10.0342, 0.936932, 0.349176, 0.015290, -0.030139, -0.349481, 0.935385, 0.054015, 0.001270, 0.004559, -0.055952, 0.998423, 0.244282, 0.000000, 0.000000, 0.000000, 1.000000, 0.004559, -0.055952, 0.998423, 0.266282, -0.936932, -0.349176, -0.015290, 0.030139, 0.349481, -0.935385, -0.054015, 0.198803, 0.000000, 0.000000, 0.000000, 1.000000, -0.997535, 0.026576, 0.064949, 0.019612, 0.062489, -0.084786, 0.994438, -0.085335, 0.031935, 0.996045, 0.082916, 0.010034, 0.000000, 0.000000, 0.000000, 1.000000
-18.5719, -30.9124, 1.5356, 244.4676, 266.4676, 30.9124, 198.5379, 20.0027, -85.2731, 9.9720, 0.935047, 0.354217, 0.014723, -0.030912, -0.354490, 0.933592, 0.052376, 0.001536, 0.004807, -0.054193, 0.998519, 0.244468, 0.000000, 0.000000, 0.000000, 1.000000, 0.004807, -0.054193, 0.998519, 0.266468, -0.935047, -0.354217, -0.014723, 0.030912, 0.354490, -0.933592, -0.052376, 0.198538, 0.000000, 0.000000, 0.000000, 1.000000, -0.997559, 0.025085, 0.065164, 0.020003, 0.062909, -0.082065, 0.994640, -0.085273, 0.030298, 0.996311, 0.080286, 0.009972, 0.000000, 0.000000, 0.000000, 1.000000
-18.7262, -31.2499, 1.6881, 244.6981, 266.6981, 31.2499, 198.3853, 20.0780, -85.1194, 9.9760, 0.934282, 0.356525, 0.002820, -0.031250, -0.356219, 0.933087, 0.049566, 0.001688, 0.015040, -0.047314, 0.998767, 0.244698, 0.000000, 0.000000, 0.000000, 1.000000, 0.015040, -0.047314, 0.998767, 0.266698, -0.934282, -0.356525, -0.002820, 0.031250, 0.356219, -0.933087, -0.049566, 0.198385, 0.000000, 0.000000, 0.000000, 1.000000, -0.996828, 0.025811, 0.075288, 0.020078, 0.073182, -0.074607, 0.994524, -0.085119, 0.031287, 0.996879, 0.072482, 0.009976, 0.000000, 0.000000, 0.000000, 1.000000
-18.8767, -31.6320, 1.7390, 244.5011, 266.5011, 31.6320, 198.3344, 20.1374, -85.3884, 9.8572, 0.933152, 0.358989, 0.018848, -0.031632, -0.359473, 0.931451, 0.056375, 0.001739, 0.002682, -0.059382, 0.998232, 0.244501, 0.000000, 0.000000, 0.000000, 1.000000, 0.002682, -0.059382, 0.998232, 0.266501, -0.933152, -0.358989, -0.018848, 0.031632, 0.359473, -0.931451, -0.056375, 0.198334, 0.000000, 0.000000, 0.000000, 1.000000, -0.997687, 0.024778, 0.063306, 0.020137, 0.060963, -0.086011, 0.994427, -0.085388, 0.030085, 0.995986, 0.084301, 0.009857, 0.000000, 0.000000, 0.000000, 1.000000
-19.0063, -31.9676, 1.9226, 245.2208, 267.2208, 31.9676, 198.1509, 20.3008, -84.7393, 9.9023, 0.932774, 0.360403, -0.006433, -0.031968, -0.359529, 0.931497, 0.055239, 0.001923, 0.025901, -0.049213, 0.998452, 0.245221, 0.000000, 0.000000, 0.000000, 1.000000, 0.025901, -0.049213, 0.998452, 0.267221, -0.932774, -0.360403, 0.006433, 0.031968, 0.359529, -0.931497, -0.055239, 0.198151, 0.000000, 0.000000, 0.000000, 1.000000, -0.995919, 0.026315, 0.086326, 0.020301, 0.084133, -0.075410, 0.993597, -0.084739, 0.032656, 0.996805, 0.072888, 0.009902, 0.000000, 0.000000, 0.000000, 1.000000
-19.1553, -32.4262, 2.0066, 244.7774, 266.7774, 32.4262, 198.0668, 20.4319, -85.2586, 9.7760, 0.931687, 0.362792, 0.018475, -0.032426, -0.363254, 0.930116, 0.054146, 0.002007, 0.002459, -0.057158, 0.998362, 0.244777, 0.000000, 0.000000, 0.000000, 1.000000, 0.002459, -0.057158, 0.998362, 0.266777, -0.931687, -0.362792, -0.018475, 0.032426, 0.363254, -0.930116, -0.054146, 0.198067, 0.000000, 0.000000, 0.000000, 1.000000, -0.997672, 0.025664, 0.063181, 0.020432, 0.060866, -0.082719, 0.994712, -0.085259, 0.030755, 0.996242, 0.080964, 0.009776, 0.000000, 0.000000, 0.000000, 1.000000
-19.2970, -32.7891, 2.1595, 245.1881, 267.1881, 32.7891, 197.9139, 20.5660, -84.9219, 9.7704, 0.931076, 0.364812, 0.002948, -0.032789, -0.364476, 0.929806, 0.051172, 0.002160, 0.015927, -0.048719, 0.998686, 0.245188, 0.000000, 0.000000, 0.000000, 1.000000, 0.015927, -0.048719, 0.998686, 0.267188, -0.931076, -0.364812, -0.002948, 0.032789, 0.364476, -0.929806, -0.051172, 0.197914, 0.000000, 0.000000, 0.000000, 1.000000, -0.996715, 0.026614, 0.076486, 0.020566, 0.074347, -0.073764, 0.994501, -0.084922, 0.032110, 0.996920, 0.071543, 0.009770, 0.000000, 0.000000, 0.000000, 1.000000
-19.4724, -33.1730, 2.2654, 244.8163, 266.8163, 33.1730, 197.8081, 20.5870, -85.3769, 9.6905, 0.929946, 0.367196, 0.019171, -0.033173, -0.367695, 0.928532, 0.051271, 0.002265, 0.001026, -0.054728, 0.998501, 0.244816, 0.000000, 0.000000, 0.000000, 1.000000, 0.001026, -0.054728, 0.998501, 0.266816, -0.929946, -0.367196, -0.019171, 0.033173, 0.367695, -0.928532, -0.051271, 0.197808, 0.000000, 0.000000, 0.000000, 1.000000, -0.997731, 0.026574, 0.061854, 0.020587, 0.059584, -0.079067, 0.995087, -0.085377, 0.031334, 0.996515, 0.077304, 0.009691, 0.000000, 0.000000, 0.000000, 1.000000
-19.6816, -33.9511, 2.5943, 245.2797, 267.2797, 33.9511, 197.4792, 21.0391, -85.0381, 9.6718, 0.928284, 0.371527, 0.015984, -0.033951, -0.371856, 0.927007, 0.048801, 0.002594, 0.003313, -0.051246, 0.998681, 0.245280, 0.000000, 0.000000, 0.000000, 1.000000, 0.003313, -0.051246, 0.998681, 0.267280, -0.928284, -0.371527, -0.015984, 0.033951, 0.371856, -0.927007, -0.048801, 0.197479, 0.000000, 0.000000, 0.000000, 1.000000, -0.997612, 0.025792, 0.064076, 0.021039, 0.061995, -0.074695, 0.995278, -0.085038, 0.030456, 0.996873, 0.072918, 0.009672, 0.000000, 0.000000, 0.000000, 1.000000
-19.8411, -34.3096, 2.6923, 245.5760, 267.5760, 34.3096, 197.3812, 21.1040, -84.8196, 9.6074, 0.927499, 0.373712, 0.009219, -0.034310, -0.373620, 0.925885, 0.056092, 0.002692, 0.012427, -0.055469, 0.998383, 0.245576, 0.000000, 0.000000, 0.000000, 1.000000, 0.012427, -0.055469, 0.998383, 0.267576, -0.927499, -0.373712, -0.009219, 0.034310, 0.373620, -0.925885, -0.056092, 0.197381, 0.000000, 0.000000, 0.000000, 1.000000, -0.996970, 0.025826, 0.073371, 0.021104, 0.071153, -0.078280, 0.994389, -0.084820, 0.031425, 0.996597, 0.076205, 0.009607, 0.000000, 0.000000, 0.000000, 1.000000
-19.9784, -34.6932, 2.8054, 245.3137, 267.3137, 34.6932, 197.2681, 21.2099, -85.1522, 9.5361, 0.926850, 0.374987, 0.018285, -0.034693, -0.375419, 0.925303, 0.053622, 0.002805, 0.003188, -0.056564, 0.998394, 0.245314, 0.000000, 0.000000, 0.000000, 1.000000, 0.003188, -0.056564, 0.998394, 0.267314, -0.926850, -0.374987, -0.018285, 0.034693, 0.375419, -0.925303, -0.053622, 0.197268, 0.000000, 0.000000, 0.000000, 1.000000, -0.997575, 0.026715, 0.064267, 0.021210, 0.061986, -0.078873, 0.994956, -0.085152, 0.031649, 0.996527, 0.077026, 0.009536, 0.000000, 0.000000, 0.000000, 1.000000
-20.1212, -35.0198, 2.9143, 245.7678, 267.7678, 35.0198, 197.1592, 21.2922, -84.7693, 9.4970, 0.925806, 0.377968, 0.004759, -0.035020, -0.377465, 0.923759, 0.064722, 0.002914, 0.020067, -0.061717, 0.997892, 0.245768, 0.000000, 0.000000, 0.000000, 1.000000, 0.020067, -0.061717, 0.997892, 0.267768, -0.925806, -0.377968, -0.004759, 0.035020, 0.377465, -0.923759, -0.064722, 0.197159, 0.000000, 0.000000, 0.000000, 1.000000, -0.996366, 0.025510, 0.081270, 0.021292, 0.078892, -0.083382, 0.993390, -0.084769, 0.032117, 0.996191, 0.081066, 0.009497, 0.000000, 0.000000, 0.000000, 1.000000
-20.3023, -35.7567, 3.2190, 245.7831, 267.7831, 35.7567, 196.8544, 21.7259, -84.8650, 9.4544, 0.924062, 0.382155, 0.008208, -0.035757, -0.381979, 0.922414, 0.056965, 0.003219, 0.014198, -0.055775, 0.998342, 0.245783, 0.000000, 0.000000, 0.000000, 1.000000, 0.014198, -0.055775, 0.998342, 0.267783, -0.924062, -0.382155, -0.008208, 0.035757, 0.381979, -0.922414, -0.056965, 0.196854, 0.000000, 0.000000, 0.000000, 1.000000, -0.996862, 0.024600, 0.075242, 0.021726, 0.073162, -0.076654, 0.994370, -0.084865, 0.030229, 0.996754, 0.074614, 0.009454, 0.000000, 0.000000, 0.000000, 1.000000
-20.5528, -36.1613, 3.3158, 245.9167, 267.9167, 36.1613, 196.7576, 21.6402, -84.8423, 9.3507, 0.923395, 0.383651, 0.012384, -0.036161, -0.383660, 0.921439, 0.061277, 0.003316, 0.012098, -0.061335, 0.998044, 0.245917, 0.000000, 0.000000, 0.000000, 1.000000, 0.012098, -0.061335, 0.998044, 0.267917, -0.923395, -0.383651, -0.012384, 0.036161, 0.383660, -0.921439, -0.061277, 0.196758, 0.000000, 0.000000, 0.000000, 1.000000, -0.996934, 0.026798, 0.073513, 0.021640, 0.071121, -0.081340, 0.994146, -0.084842, 0.032621, 0.996326, 0.079185, 0.009351, 0.000000, 0.000000, 0.000000, 1.000000
-20.7261, -36.8912, 3.6403, 246.3241, 268.3241, 36.8912, 196.4332, 22.1138, -84.5445, 9.3298, 0.921948, 0.387306, 0.002319, -0.036891, -0.386808, 0.920426, 0.056525, 0.003640, 0.019758, -0.053010, 0.998399, 0.246324, 0.000000, 0.000000, 0.000000, 1.000000, 0.019758, -0.053010, 0.998399, 0.268324, -0.921948, -0.387306, -0.002319, 0.036891, 0.386808, -0.920426, -0.056525, 0.196433, 0.000000, 0.000000, 0.000000, 1.000000, -0.996366, 0.026526, 0.080940, 0.022114, 0.078845, -0.072295, 0.994262, -0.084545, 0.032225, 0.997031, 0.069941, 0.009330, 0.000000, 0.000000, 0.000000, 1.000000
-20.9149, -37.2939, 3.7324, 246.1856, 268.1856, 37.2939, 196.3411, 22.1310, -84.7722, 9.2196, 0.920747, 0.390035, 0.009939, -0.037294, -0.389909, 0.918936, 0.059394, 0.003732, 0.014033, -0.058562, 0.998185, 0.246186, 0.000000, 0.000000, 0.000000, 1.000000, 0.014033, -0.058562, 0.998185, 0.268186, -0.920747, -0.390035, -0.009939, 0.037294, 0.389909, -0.918936, -0.059394, 0.196341, 0.000000, 0.000000, 0.000000, 1.000000, -0.996803, 0.026333, 0.075433, 0.022131, 0.073210, -0.077077, 0.994334, -0.084772, 0.031998, 0.996677, 0.074903, 0.009220, 0.000000, 0.000000, 0.000000, 1.000000
-21.0757, -37.6833, 3.9114, 246.2900, 268.2900, 37.6833, 196.1620, 22.2412, -84.7507, 9.2002, 0.919681, 0.392490, 0.011807, -0.037683, -0.392453, 0.917771, 0.060632, 0.003911, 0.012961, -0.060396, 0.998090, 0.246290, 0.000000, 0.000000, 0.000000, 1.000000, 0.012961, -0.060396, 0.998090, 0.268290, -0.919681, -0.392490, -0.011807, 0.037683, 0.392453, -0.917771, -0.060632, 0.196162, 0.000000, 0.000000, 0.000000, 1.000000, -0.996877, 0.026265, 0.074469, 0.022241, 0.072216, -0.078259, 0.994314, -0.084751, 0.031944, 0.996587, 0.076118, 0.009200, 0.000000, 0.000000, 0.000000, 1.000000
-21.2258, -38.0365, 3.9640, 246.0436, 268.0436, 38.0365, 196.1094, 22.2666, -85.0687, 9.0759, 0.918617, 0.394668, 0.019507, -0.038036, -0.395080, 0.916410, 0.064071, 0.003964, 0.007410, -0.066563, 0.997755, 0.246044, 0.000000, 0.000000, 0.000000, 1.000000, 0.007410, -0.066563, 0.997755, 0.268044, -0.918617, -0.394668, -0.019507, 0.038036, 0.395080, -0.916410, -0.064071, 0.196109, 0.000000, 0.000000, 0.000000, 1.000000, -0.997271, 0.025921, 0.069132, 0.022267, 0.066744, -0.083804, 0.994245, -0.085069, 0.031566, 0.996145, 0.081845, 0.009076, 0.000000, 0.000000, 0.000000, 1.000000
-21.3873, -38.8280, 4.2985, 246.4427, 268.4427, 38.8280, 195.7749, 22.8227, -84.7785, 9.0273, 0.916960, 0.398654, 0.016130, -0.038828, -0.398894, 0.915178, 0.057730, 0.004299, 0.008252, -0.059371, 0.998202, 0.246443, 0.000000, 0.000000, 0.000000, 1.000000, 0.008252, -0.059371, 0.998202, 0.268443, -0.916960, -0.398654, -0.016130, 0.038828, 0.398894, -0.915178, -0.057730, 0.195775, 0.000000, 0.000000, 0.000000, 1.000000, -0.997252, 0.024994, 0.069742, 0.022823, 0.067670, -0.075899, 0.994817, -0.084779, 0.030158, 0.996802, 0.073999, 0.009027, 0.000000, 0.000000, 0.000000, 1.000000
-21.6015, -39.1964, 4.4994, 246.4562, 268.4562, 39.1964, 195.5740, 22.8106, -84.8665, 9.0224, 0.916360, 0.399950, 0.018004, -0.039196, -0.400318, 0.914740, 0.054738, 0.004499, 0.005423, -0.057367, 0.998338, 0.246456, 0.000000, 0.000000, 0.000000, 1.000000, 0.005423, -0.057367, 0.998338, 0.268456, -0.916360, -0.399950, -0.018004, 0.039196, 0.400318, -0.914740, -0.054738, 0.195574, 0.000000, 0.000000, 0.000000, 1.000000, -0.997372, 0.027428, 0.067051, 0.022811, 0.064893, -0.073173, 0.995206, -0.084866, 0.032203, 0.996942, 0.071201, 0.009022, 0.000000, 0.000000, 0.000000, 1.000000
-21.7802, -39.5630, 4.5626, 246.6798, 268.6798, 39.5630, 195.5108, 22.8224, -84.7266, 8.9004, 0.914888, 0.403523, 0.012239, -0.039563, -0.403444, 0.912769, 0.063915, 0.004563, 0.014619, -0.063412, 0.997880, 0.246680, 0.000000, 0.000000, 0.000000, 1.000000, 0.014619, -0.063412, 0.997880, 0.268680, -0.914888, -0.403523, -0.012239, 0.039563, 0.403444, -0.912769, -0.063915, 0.195511, 0.000000, 0.000000, 0.000000, 1.000000, -0.996738, 0.026060, 0.076377, 0.022822, 0.074129, -0.078420, 0.994161, -0.084727, 0.031898, 0.996580, 0.076232, 0.008900, 0.000000, 0.000000, 0.000000, 1.000000
-21.9318, -40.2977, 4.9240, 247.1694, 269.1694, 40.2977, 195.1494, 23.3630, -84.3412, 8.8927, 0.913577, 0.406631, 0.005286, -0.040298, -0.406175, 0.911761, 0.060936, 0.004924, 0.019959, -0.057816, 0.998128, 0.247169, 0.000000, 0.000000, 0.000000, 1.000000, 0.019959, -0.057816, 0.998128, 0.269169, -0.913577, -0.406631, -0.005286, 0.040298, 0.406175, -0.911761, -0.060936, 0.195149, 0.000000, 0.000000, 0.000000, 1.000000, -0.996335, 0.025761, 0.081561, 0.023363, 0.079521, -0.072188, 0.994216, -0.084341, 0.031500, 0.997058, 0.069875, 0.008893, 0.000000, 0.000000, 0.000000, 1.000000
-22.1425, -40.6833, 5.0125, 246.9766, 268.9766, 40.6833, 195.0609, 23.3117, -84.6305, 8.7711, 0.912521, 0.408714, 0.016077, -0.040683, -0.408890, 0.910475, 0.061992, 0.005013, 0.010699, -0.063143, 0.997947, 0.246977, 0.000000, 0.000000, 0.000000, 1.000000, 0.010699, -0.063143, 0.997947, 0.268977, -0.912521, -0.408714, -0.016077, 0.040683, 0.408890, -0.910475, -0.061992, 0.195061, 0.000000, 0.000000, 0.000000, 1.000000, -0.997008, 0.026621, 0.072574, 0.023312, 0.070348, -0.076719, 0.994568, -0.084631, 0.032044, 0.996697, 0.074617, 0.008771, 0.000000, 0.000000, 0.000000, 1.000000
-22.2825, -41.0409, 5.1882, 247.1211, 269.1211, 41.0409, 194.8853, 23.4357, -84.5600, 8.7533, 0.911514, 0.411089, 0.012167, -0.041041, -0.411036, 0.909605, 0.060566, 0.005188, 0.013831, -0.060208, 0.998090, 0.247121, 0.000000, 0.000000, 0.000000, 1.000000, 0.013831, -0.060208, 0.998090, 0.269121, -0.911514, -0.411089, -0.012167, 0.041041, 0.411036, -0.909605, -0.060566, 0.194885, 0.000000, 0.000000, 0.000000, 1.000000, -0.996778, 0.026684, 0.075643, 0.023436, 0.073517, -0.073218, 0.994603, -0.084560, 0.032079, 0.996959, 0.071020, 0.008753, 0.000000, 0.000000, 0.000000, 1.000000
-22.4556, -41.3931, 5.2843, 246.6046, 268.6046, 41.3931, 194.7891, 23.4138, -85.1577, 8.6534, 0.910430, 0.412908, 0.024974, -0.041393, -0.413649, 0.908246, 0.063124, 0.005284, 0.003382, -0.067801, 0.997693, 0.246605, 0.000000, 0.000000, 0.000000, 1.000000, 0.003382, -0.067801, 0.997693, 0.268605, -0.910430, -0.412908, -0.024974, 0.041393, 0.413649, -0.908246, -0.063124, 0.194789, 0.000000, 0.000000, 0.000000, 1.000000, -0.997489, 0.026967, 0.065483, 0.023414, 0.063139, -0.080135, 0.994782, -0.085158, 0.032073, 0.996419, 0.078232, 0.008653, 0.000000, 0.000000, 0.000000, 1.000000
-22.6013, -42.1878, 5.6515, 247.2525, 269.2525, 42.1878, 194.4219, 24.0322, -84.6153, 8.6145, 0.908655, 0.417106, 0.019193, -0.042188, -0.417503, 0.906934, 0.056221, 0.005652, 0.006043, -0.059098, 0.998234, 0.247252, 0.000000, 0.000000, 0.000000, 1.000000, 0.006043, -0.059098, 0.998234, 0.269252, -0.908655, -0.417106, -0.019193, 0.042188, 0.417503, -0.906934, -0.056221, 0.194422, 0.000000, 0.000000, 0.000000, 1.000000, -0.997368, 0.025650, 0.067819, 0.024032, 0.065860, -0.070755, 0.995317, -0.084615, 0.030328, 0.997164, 0.068879, 0.008615, 0.000000, 0.000000, 0.000000, 1.000000
-22.7654, -42.5493, 5.7800, 247.3793, 269.3793, 42.5493, 194.2934, 24.0885, -84.5696, 8.5437, 0.907726, 0.419178, 0.017998, -0.042549, -0.419444, 0.905598, 0.062923, 0.005780, 0.010077, -0.064666, 0.997856, 0.247379, 0.000000, 0.000000, 0.000000, 1.000000, 0.010077, -0.064666, 0.997856, 0.269379, -0.907726, -0.419178, -0.017998, 0.042549, 0.419444, -0.905598, -0.062923, 0.194293, 0.000000, 0.000000, 0.000000, 1.000000, -0.997071, 0.025681, 0.072046, 0.024089, 0.069924, -0.075667, 0.994678, -0.084570, 0.030996, 0.996802, 0.073649, 0.008544, 0.000000, 0.000000, 0.000000, 1.000000
-22.9614, -43.2828, 6.0802, 247.7419, 269.7419, 43.2828, 193.9932, 24.5030, -84.3245, 8.4543, 0.906198, 0.422643, 0.013314, -0.043283, -0.422584, 0.904050, 0.064151, 0.006080, 0.015076, -0.063760, 0.997851, 0.247742, 0.000000, 0.000000, 0.000000, 1.000000, 0.015076, -0.063760, 0.997851, 0.269742, -0.906198, -0.422643, -0.013314, 0.043283, 0.422584, -0.904050, -0.064151, 0.193993, 0.000000, 0.000000, 0.000000, 1.000000, -0.996708, 0.025309, 0.077019, 0.024503, 0.074966, -0.073943, 0.994441, -0.084325, 0.030864, 0.996941, 0.071802, 0.008454, 0.000000, 0.000000, 0.000000, 1.000000
-23.3314, -44.3514, 6.5178, 247.7380, 269.7380, 44.3514, 193.5557, 24.9035, -84.5288, 8.2977, 0.902786, 0.429792, 0.016027, -0.044351, -0.429804, 0.900199, 0.070066, 0.006518, 0.015686, -0.070144, 0.997414, 0.247738, 0.000000, 0.000000, 0.000000, 1.000000, 0.015686, -0.070144, 0.997414, 0.269738, -0.902786, -0.429792, -0.016027, 0.044351, 0.429804, -0.900199, -0.070066, 0.193556, 0.000000, 0.000000, 0.000000, 1.000000, -0.996706, 0.023162, 0.077716, 0.024903, 0.075677, -0.078707, 0.994021, -0.084529, 0.029141, 0.996629, 0.076695, 0.008298, 0.000000, 0.000000, 0.000000, 1.000000
-23.6630, -45.0988, 6.8297, 247.8163, 269.8163, 45.0988, 193.2438, 25.0422, -84.6174, 8.1754, 0.900753, 0.433907, 0.019177, -0.045099, -0.434143, 0.898183, 0.069188, 0.006830, 0.012797, -0.070647, 0.997419, 0.247816, 0.000000, 0.000000, 0.000000, 1.000000, 0.012797, -0.070647, 0.997419, 0.269816, -0.900753, -0.433907, -0.019177, 0.045099, 0.434143, -0.898183, -0.069188, 0.193244, 0.000000, 0.000000, 0.000000, 1.000000, -0.996892, 0.024238, 0.074955, 0.025042, 0.072864, -0.077933, 0.994292, -0.084617, 0.029941, 0.996664, 0.075924, 0.008175, 0.000000, 0.000000, 0.000000, 1.000000
-24.3455, -46.9237, 7.5989, 248.4433, 270.4433, 46.9237, 192.4746, 25.6646, -84.3540, 7.8855, 0.896042, 0.443494, 0.020512, -0.046924, -0.443799, 0.893467, 0.068993, 0.007599, 0.012271, -0.070924, 0.997406, 0.248443, 0.000000, 0.000000, 0.000000, 1.000000, 0.012271, -0.070924, 0.997406, 0.270443, -0.896042, -0.443494, -0.020512, 0.046924, 0.443799, -0.893467, -0.068993, 0.192475, 0.000000, 0.000000, 0.000000, 1.000000, -0.996897, 0.025253, 0.074560, 0.025665, 0.072469, -0.075505, 0.994509, -0.084354, 0.030744, 0.996826, 0.073441, 0.007886, 0.000000, 0.000000, 0.000000, 1.000000
-24.4934, -47.3094, 7.8045, 248.4832, 270.4832, 47.3094, 192.2690, 25.8022, -84.3937, 7.8571, 0.894766, 0.446007, 0.021731, -0.047309, -0.446392, 0.892181, 0.068906, 0.007804, 0.011344, -0.071356, 0.997386, 0.248483, 0.000000, 0.000000, 0.000000, 1.000000, 0.011344, -0.071356, 0.997386, 0.270483, -0.894766, -0.446007, -0.021731, 0.047309, 0.446392, -0.892181, -0.068906, 0.192269, 0.000000, 0.000000, 0.000000, 1.000000, -0.996973, 0.024943, 0.073639, 0.025802, 0.071578, -0.075320, 0.994587, -0.084394, 0.030355, 0.996847, 0.073306, 0.007857, 0.000000, 0.000000, 0.000000, 1.000000
-24.6562, -47.6695, 7.9338, 248.4229, 270.4229, 47.6695, 192.1396, 25.8458, -84.5347, 7.7694, 0.893656, 0.448079, 0.024593, -0.047669, -0.448632, 0.890797, 0.072187, 0.007934, 0.010438, -0.075544, 0.997088, 0.248423, 0.000000, 0.000000, 0.000000, 1.000000, 0.010438, -0.075544, 0.997088, 0.270423, -0.893656, -0.448079, -0.024593, 0.047669, 0.448632, -0.890797, -0.072187, 0.192140, 0.000000, 0.000000, 0.000000, 1.000000, -0.997028, 0.025005, 0.072863, 0.025846, 0.070691, -0.078858, 0.994376, -0.084535, 0.030610, 0.996572, 0.076856, 0.007769, 0.000000, 0.000000, 0.000000, 1.000000
-24.8122, -48.0705, 8.1728, 248.8609, 270.8609, 48.0705, 191.9007, 26.0199, -84.1818, 7.7590, 0.892983, 0.449814, 0.015778, -0.048071, -0.449801, 0.890605, 0.067094, 0.008173, 0.016128, -0.067010, 0.997622, 0.248861, 0.000000, 0.000000, 0.000000, 1.000000, 0.016128, -0.067010, 0.997622, 0.270861, -0.892983, -0.449814, -0.015778, 0.048071, 0.449801, -0.890605, -0.067094, 0.191901, 0.000000, 0.000000, 0.000000, 1.000000, -0.996567, 0.026579, 0.078406, 0.026020, 0.076393, -0.069772, 0.994634, -0.084182, 0.031906, 0.997209, 0.067502, 0.007759, 0.000000, 0.000000, 0.000000, 1.000000
-25.0124, -48.7755, 8.4573, 248.8014, 270.8014, 48.7755, 191.6162, 26.3632, -84.3584, 7.6315, 0.890849, 0.453738, 0.022595, -0.048776, -0.454177, 0.888346, 0.067564, 0.008457, 0.010584, -0.070451, 0.997459, 0.248801, 0.000000, 0.000000, 0.000000, 1.000000, 0.010584, -0.070451, 0.997459, 0.270801, -0.890849, -0.453738, -0.022595, 0.048776, 0.454177, -0.888346, -0.067564, 0.191616, 0.000000, 0.000000, 0.000000, 1.000000, -0.997020, 0.025283, 0.072879, 0.026363, 0.070887, -0.072329, 0.994859, -0.084358, 0.030425, 0.997060, 0.070321, 0.007632, 0.000000, 0.000000, 0.000000, 1.000000
-25.1552, -49.2094, 8.6390, 249.0208, 271.0208, 49.2094, 191.4344, 26.5518, -84.2190, 7.5530, 0.890031, 0.455307, 0.023258, -0.049209, -0.455800, 0.887601, 0.066416, 0.008639, 0.009596, -0.069713, 0.997521, 0.249021, 0.000000, 0.000000, 0.000000, 1.000000, 0.009596, -0.069713, 0.997521, 0.271021, -0.890031, -0.455307, -0.023258, 0.049209, 0.455800, -0.887601, -0.066416, 0.191434, 0.000000, 0.000000, 0.000000, 1.000000, -0.997070, 0.026044, 0.071930, 0.026552, 0.069926, -0.071056, 0.995018, -0.084219, 0.031026, 0.997132, 0.069026, 0.007553, 0.000000, 0.000000, 0.000000, 1.000000
-25.2951, -49.5132, 8.7612, 248.9169, 270.9169, 49.5132, 191.3123, 26.5852, -84.3925, 7.4847, 0.888740, 0.457808, 0.023509, -0.049513, -0.458242, 0.885849, 0.072698, 0.008761, 0.012456, -0.075383, 0.997077, 0.248917, 0.000000, 0.000000, 0.000000, 1.000000, 0.012456, -0.075383, 0.997077, 0.270917, -0.888740, -0.457808, -0.023509, 0.049513, 0.458242, -0.885849, -0.072698, 0.191312, 0.000000, 0.000000, 0.000000, 1.000000, -0.996877, 0.025071, 0.074885, 0.026585, 0.072788, -0.076109, 0.994439, -0.084392, 0.030631, 0.996784, 0.074047, 0.007485, 0.000000, 0.000000, 0.000000, 1.000000
-25.4397, -49.9167, 8.9850, 249.4767, 271.4767, 49.9167, 191.0884, 26.7848, -83.9135, 7.4539, 0.887703, 0.460135, 0.016070, -0.049917, -0.459998, 0.884873, 0.073494, 0.008985, 0.019598, -0.072633, 0.997166, 0.249477, 0.000000, 0.000000, 0.000000, 1.000000, 0.019598, -0.072633, 0.997166, 0.271477, -0.887703, -0.460135, -0.016070, 0.049917, 0.459998, -0.884873, -0.073494, 0.191088, 0.000000, 0.000000, 0.000000, 1.000000, -0.996318, 0.025210, 0.081945, 0.026785, 0.079924, -0.072776, 0.994141, -0.083914, 0.031026, 0.997030, 0.070493, 0.007454, 0.000000, 0.000000, 0.000000, 1.000000
-25.5751, -50.2785, 9.1425, 249.4748, 271.4748, 50.2785, 190.9309, 26.9005, -83.9879, 7.3866, 0.886643, 0.462142, 0.017011, -0.050278, -0.462119, 0.883997, 0.070679, 0.009143, 0.017625, -0.070528, 0.997354, 0.249475, 0.000000, 0.000000, 0.000000, 1.000000, 0.017625, -0.070528, 0.997354, 0.271475, -0.886643, -0.462142, -0.017011, 0.050278, 0.462119, -0.883997, -0.070679, 0.190931, 0.000000, 0.000000, 0.000000, 1.000000, -0.996475, 0.025483, 0.079924, 0.026901, 0.077970, -0.070134, 0.994486, -0.083988, 0.030947, 0.997212, 0.067900, 0.007387, 0.000000, 0.000000, 0.000000, 1.000000
-25.7454, -50.5820, 9.2918, 249.2366, 271.2366, 50.5820, 190.7817, 26.8756, -84.3073, 7.3330, 0.885383, 0.464323, 0.022384, -0.050582, -0.464655, 0.882527, 0.072405, 0.009292, 0.013865, -0.074507, 0.997124, 0.249237, 0.000000, 0.000000, 0.000000, 1.000000, 0.013865, -0.074507, 0.997124, 0.271237, -0.885383, -0.464323, -0.022384, 0.050582, 0.464655, -0.882527, -0.072405, 0.190782, 0.000000, 0.000000, 0.000000, 1.000000, -0.996759, 0.025543, 0.076287, 0.026876, 0.074235, -0.073434, 0.994533, -0.084307, 0.031006, 0.996973, 0.071300, 0.007333, 0.000000, 0.000000, 0.000000, 1.000000
-25.8849, -50.9836, 9.4621, 249.6179, 271.6179, 50.9836, 190.6113, 27.0464, -84.0033, 7.2530, 0.884661, 0.465897, 0.017747, -0.050984, -0.465856, 0.881766, 0.073940, 0.009462, 0.018800, -0.073680, 0.997105, 0.249618, 0.000000, 0.000000, 0.000000, 1.000000, 0.018800, -0.073680, 0.997105, 0.271618, -0.884661, -0.465897, -0.017747, 0.050984, 0.465856, -0.881766, -0.073940, 0.190611, 0.000000, 0.000000, 0.000000, 1.000000, -0.996349, 0.026243, 0.081237, 0.027046, 0.079167, -0.072081, 0.994252, -0.084003, 0.031948, 0.997054, 0.069740, 0.007253, 0.000000, 0.000000, 0.000000, 1.000000
-26.0501, -51.6735, 9.8149, 249.7361, 271.7361, 51.6735, 190.2585, 27.4885, -83.9916, 7.1820, 0.882372, 0.470180, 0.018721, -0.051674, -0.470102, 0.879089, 0.078790, 0.009815, 0.020588, -0.078322, 0.996715, 0.249736, 0.000000, 0.000000, 0.000000, 1.000000, 0.020588, -0.078322, 0.996715, 0.271736, -0.882372, -0.470180, -0.018721, 0.051674, 0.470102, -0.879089, -0.078790, 0.190259, 0.000000, 0.000000, 0.000000, 1.000000, -0.996269, 0.023757, 0.082971, 0.027489, 0.080957, -0.075912, 0.993823, -0.083992, 0.029909, 0.996831, 0.073706, 0.007182, 0.000000, 0.000000, 0.000000, 1.000000
-26.2417, -52.0821, 10.0203, 250.0778, 272.0778, 52.0821, 190.0532, 27.5732, -83.7472, 7.1132, 0.881442, 0.472042, 0.015400, -0.052082, -0.471731, 0.878335, 0.077446, 0.010020, 0.023031, -0.075529, 0.996878, 0.250078, 0.000000, 0.000000, 0.000000, 1.000000, 0.023031, -0.075529, 0.996878, 0.272078, -0.881442, -0.472042, -0.015400, 0.052082, 0.471731, -0.878335, -0.077446, 0.190053, 0.000000, 0.000000, 0.000000, 1.000000, -0.996025, 0.025222, 0.085423, 0.027573, 0.083405, -0.072424, 0.993880, -0.083747, 0.031254, 0.997055, 0.070032, 0.007113, 0.000000, 0.000000, 0.000000, 1.000000
-26.4480, -54.9280, 11.4319, 250.5252, 272.5252, 54.9280, 188.6416, 30.3414, -83.5676, 6.8571, 0.872928, 0.487432, 0.020154, -0.054928, -0.487417, 0.869677, 0.078019, 0.011432, 0.020502, -0.077928, 0.996748, 0.250525, 0.000000, 0.000000, 0.000000, 1.000000, 0.020502, -0.077928, 0.996748, 0.272525, -0.872928, -0.487432, -0.020154, 0.054928, 0.487417, -0.869677, -0.078019, 0.188642, 0.000000, 0.000000, 0.000000, 1.000000, -0.996584, 0.010988, 0.081856, 0.030341, 0.080840, -0.073130, 0.994041, -0.083568, 0.016909, 0.997262, 0.071991, 0.006857, 0.000000, 0.000000, 0.000000, 1.000000
-27.5403, -55.6370, 11.7307, 250.5063, 272.5063, 55.6370, 188.3428, 28.8601, -84.0280, 6.4739, 0.870196, 0.491967, 0.026978, -0.055637, -0.492467, 0.866760, 0.078760, 0.011731, 0.015364, -0.081823, 0.996528, 0.250506, 0.000000, 0.000000, 0.000000, 1.000000, 0.015364, -0.081823, 0.996528, 0.272506, -0.870196, -0.491967, -0.026978, 0.055637, 0.492467, -0.866760, -0.078760, 0.188343, 0.000000, 0.000000, 0.000000, 1.000000, -0.996686, 0.024096, 0.077693, 0.028860, 0.075743, -0.073394, 0.994423, -0.084028, 0.029664, 0.997012, 0.071325, 0.006474, 0.000000, 0.000000, 0.000000, 1.000000
-27.7948, -56.0031, 11.9175, 250.7766, 272.7766, 56.0031, 188.1560, 28.7613, -83.8757, 6.3790, 0.869354, 0.493577, 0.024600, -0.056003, -0.493851, 0.865840, 0.080201, 0.011917, 0.018285, -0.081871, 0.996475, 0.250777, 0.000000, 0.000000, 0.000000, 1.000000, 0.018285, -0.081871, 0.996475, 0.272777, -0.869354, -0.493577, -0.024600, 0.056003, 0.493851, -0.865840, -0.080201, 0.188156, 0.000000, 0.000000, 0.000000, 1.000000, -0.996377, 0.026603, 0.080783, 0.028761, 0.078673, -0.072562, 0.994256, -0.083876, 0.032312, 0.997009, 0.070206, 0.006379, 0.000000, 0.000000, 0.000000, 1.000000
-27.9319, -56.6593, 12.2477, 250.6594, 272.6594, 56.6593, 187.8257, 29.2028, -84.0870, 6.2852, 0.867002, 0.497566, 0.027121, -0.056659, -0.498026, 0.863412, 0.080563, 0.012248, 0.016669, -0.083355, 0.996380, 0.250659, 0.000000, 0.000000, 0.000000, 1.000000, 0.016669, -0.083355, 0.996380, 0.272659, -0.867002, -0.497566, -0.027121, 0.056659, 0.498026, -0.863412, -0.080563, 0.187826, 0.000000, 0.000000, 0.000000, 1.000000, -0.996582, 0.024202, 0.078989, 0.029203, 0.077030, -0.073348, 0.994327, -0.084087, 0.029859, 0.997013, 0.071233, 0.006285, 0.000000, 0.000000, 0.000000, 1.000000
-28.1540, -57.4676, 12.6518, 250.9430, 272.9430, 57.4676, 187.4216, 29.6610, -83.9395, 6.1450, 0.864551, 0.501812, 0.027120, -0.057468, -0.502274, 0.861054, 0.079416, 0.012652, 0.016500, -0.082281, 0.996473, 0.250943, 0.000000, 0.000000, 0.000000, 1.000000, 0.016500, -0.082281, 0.996473, 0.272943, -0.864551, -0.501812, -0.027120, 0.057468, 0.502274, -0.861054, -0.079416, 0.187422, 0.000000, 0.000000, 0.000000, 1.000000, -0.996631, 0.023232, 0.078654, 0.029661, 0.076822, -0.071310, 0.994491, -0.083940, 0.028713, 0.997184, 0.069286, 0.006145, 0.000000, 0.000000, 0.000000, 1.000000
-28.4482, -58.1686, 13.0692, 251.2647, 273.2647, 58.1686, 187.0042, 29.8877, -83.7745, 6.0480, 0.862728, 0.505063, 0.024712, -0.058169, -0.505314, 0.859269, 0.079461, 0.013069, 0.018899, -0.081040, 0.996532, 0.251265, 0.000000, 0.000000, 0.000000, 1.000000, 0.018899, -0.081040, 0.996532, 0.273265, -0.862728, -0.505063, -0.024712, 0.058169, 0.505314, -0.859269, -0.079461, 0.187004, 0.000000, 0.000000, 0.000000, 1.000000, -0.996404, 0.024653, 0.081063, 0.029888, 0.079200, -0.068958, 0.994471, -0.083775, 0.030107, 0.997315, 0.066758, 0.006048, 0.000000, 0.000000, 0.000000, 1.000000
-28.7284, -58.8677, 13.4150, 251.2595, 273.2595, 58.8677, 186.6585, 30.0826, -83.9295, 5.8945, 0.860004, 0.509388, 0.030282, -0.058868, -0.510077, 0.856435, 0.079632, 0.013415, 0.014629, -0.083930, 0.996364, 0.251260, 0.000000, 0.000000, 0.000000, 1.000000, 0.014629, -0.083930, 0.996364, 0.273260, -0.860004, -0.509388, -0.030282, 0.058868, 0.510077, -0.856435, -0.079632, 0.186658, 0.000000, 0.000000, 0.000000, 1.000000, -0.996756, 0.024121, 0.076778, 0.030083, 0.074907, -0.070687, 0.994682, -0.083930, 0.029420, 0.997207, 0.068651, 0.005894, 0.000000, 0.000000, 0.000000, 1.000000
-28.8738, -59.2066, 13.6095, 251.4112, 273.4112, 59.2066, 186.4640, 30.1813, -83.8546, 5.8361, 0.858692, 0.511733, 0.027874, -0.059207, -0.512131, 0.854778, 0.084118, 0.013609, 0.019219, -0.086507, 0.996066, 0.251411, 0.000000, 0.000000, 0.000000, 1.000000, 0.019219, -0.086507, 0.996066, 0.273411, -0.858692, -0.511733, -0.027874, 0.059207, 0.512131, -0.854778, -0.084118, 0.186464, 0.000000, 0.000000, 0.000000, 1.000000, -0.996406, 0.023597, 0.081359, 0.030181, 0.079457, -0.072650, 0.994187, -0.083855, 0.029370, 0.997078, 0.070514, 0.005836, 0.000000, 0.000000, 0.000000, 1.000000
-29.0722, -59.5978, 13.8101, 251.4926, 273.4926, 59.5978, 186.2634, 30.2126, -83.8725, 5.7405, 0.857592, 0.513493, 0.029335, -0.059598, -0.514113, 0.854177, 0.077902, 0.013810, 0.014945, -0.081890, 0.996529, 0.251493, 0.000000, 0.000000, 0.000000, 1.000000, 0.014945, -0.081890, 0.996529, 0.273493, -0.857592, -0.513493, -0.029335, 0.059598, 0.514113, -0.854177, -0.077902, 0.186263, 0.000000, 0.000000, 0.000000, 1.000000, -0.996702, 0.025472, 0.077042, 0.030213, 0.075181, -0.067327, 0.994894, -0.083873, 0.030529, 0.997406, 0.065190, 0.005741, 0.000000, 0.000000, 0.000000, 1.000000
-29.3557, -60.2879, 14.2317, 251.9594, 273.9594, 60.2879, 185.8418, 30.4609, -83.5587, 5.6367, 0.856047, 0.516328, 0.024276, -0.060288, -0.516394, 0.852196, 0.084258, 0.014232, 0.022817, -0.084665, 0.996148, 0.251959, 0.000000, 0.000000, 0.000000, 1.000000, 0.022817, -0.084665, 0.996148, 0.273959, -0.856047, -0.516328, -0.024276, 0.060288, 0.516394, -0.852196, -0.084258, 0.185842, 0.000000, 0.000000, 0.000000, 1.000000, -0.996020, 0.026715, 0.085026, 0.030461, 0.083015, -0.069036, 0.994154, -0.083559, 0.032429, 0.997256, 0.066543, 0.005637, 0.000000, 0.000000, 0.000000, 1.000000
-29.6758, -62.3867, 15.3491, 252.3109, 274.3109, 62.3867, 184.7244, 32.1829, -83.4690, 5.3284, 0.848374, 0.528587, 0.029282, -0.062387, -0.529016, 0.844364, 0.084804, 0.015349, 0.020102, -0.087437, 0.995967, 0.252311, 0.000000, 0.000000, 0.000000, 1.000000, 0.020102, -0.087437, 0.995967, 0.274311, -0.848374, -0.528587, -0.029282, 0.062387, 0.529016, -0.844364, -0.084804, 0.184724, 0.000000, 0.000000, 0.000000, 1.000000, -0.996520, 0.017517, 0.081497, 0.032183, 0.080088, -0.069968, 0.994329, -0.083469, 0.023120, 0.997395, 0.068321, 0.005328, 0.000000, 0.000000, 0.000000, 1.000000
-30.3552, -63.0107, 15.7115, 252.0109, 274.0109, 63.0107, 184.3620, 31.4716, -84.0613, 5.0914, 0.845109, 0.533281, 0.037452, -0.063011, -0.534403, 0.840860, 0.085833, 0.015711, 0.014281, -0.092553, 0.995605, 0.252011, 0.000000, 0.000000, 0.000000, 1.000000, 0.014281, -0.092553, 0.995605, 0.274011, -0.845109, -0.533281, -0.037452, 0.063011, 0.534403, -0.840860, -0.085833, 0.184362, 0.000000, 0.000000, 0.000000, 1.000000, -0.996836, 0.023019, 0.076079, 0.031472, 0.074229, -0.072679, 0.994589, -0.084061, 0.028423, 0.997090, 0.070741, 0.005091, 0.000000, 0.000000, 0.000000, 1.000000
-30.5046, -63.4528, 15.9526, 252.7574, 274.7574, 63.4528, 184.1209, 31.7055, -83.4018, 4.9844, 0.844852, 0.534290, 0.027558, -0.063453, -0.534375, 0.840253, 0.091755, 0.015953, 0.025868, -0.092246, 0.995400, 0.252757, 0.000000, 0.000000, 0.000000, 1.000000, 0.025868, -0.092246, 0.995400, 0.274757, -0.844852, -0.534290, -0.027558, 0.063453, 0.534375, -0.840253, -0.091755, 0.184121, 0.000000, 0.000000, 0.000000, 1.000000, -0.995844, 0.024424, 0.087739, 0.031705, 0.085790, -0.071850, 0.993719, -0.083402, 0.030574, 0.997116, 0.069457, 0.004984, 0.000000, 0.000000, 0.000000, 1.000000
-30.6743, -63.7933, 16.1935, 252.8523, 274.8523, 63.7933, 183.8799, 31.7742, -83.3939, 4.9406, 0.843781, 0.536041, 0.026336, -0.063793, -0.536064, 0.839421, 0.089484, 0.016194, 0.025860, -0.089623, 0.995640, 0.252852, 0.000000, 0.000000, 0.000000, 1.000000, 0.025860, -0.089623, 0.995640, 0.274852, -0.843781, -0.536041, -0.026336, 0.063793, 0.536064, -0.839421, -0.089484, 0.183880, 0.000000, 0.000000, 0.000000, 1.000000, -0.995820, 0.025574, 0.087683, 0.031774, 0.085757, -0.068600, 0.993952, -0.083394, 0.031435, 0.997316, 0.066120, 0.004941, 0.000000, 0.000000, 0.000000, 1.000000
-30.8131, -64.1087, 16.3602, 252.4797, 274.4797, 64.1087, 183.7132, 31.8173, -83.8384, 4.8683, 0.842513, 0.537605, 0.033952, -0.064109, -0.538450, 0.838656, 0.082021, 0.016360, 0.015621, -0.087385, 0.996052, 0.252480, 0.000000, 0.000000, 0.000000, 1.000000, 0.015621, -0.087385, 0.996052, 0.274480, -0.842513, -0.537605, -0.033952, 0.064109, 0.538450, -0.838656, -0.082021, 0.183713, 0.000000, 0.000000, 0.000000, 1.000000, -0.996653, 0.026369, 0.077373, 0.031817, 0.075500, -0.065839, 0.994970, -0.083838, 0.031330, 0.997482, 0.063628, 0.004868, 0.000000, 0.000000, 0.000000, 1.000000
-30.9933, -64.8116, 16.7706, 252.9057, 274.9057, 64.8116, 183.3029, 32.2760, -83.5281, 4.7451, 0.840229, 0.541323, 0.031368, -0.064812, -0.541781, 0.835766, 0.089268, 0.016771, 0.022107, -0.092001, 0.995514, 0.252906, 0.000000, 0.000000, 0.000000, 1.000000, 0.022107, -0.092001, 0.995514, 0.274906, -0.840229, -0.541323, -0.031368, 0.064812, 0.541781, -0.835766, -0.089268, 0.183303, 0.000000, 0.000000, 0.000000, 1.000000, -0.996184, 0.024491, 0.083769, 0.032276, 0.081891, -0.069630, 0.994206, -0.083528, 0.030182, 0.997272, 0.067358, 0.004745, 0.000000, 0.000000, 0.000000, 1.000000
-31.1812, -65.1913, 16.9619, 252.9126, 274.9126, 65.1913, 183.1116, 32.3047, -83.6166, 4.6297, 0.838526, 0.543796, 0.034051, -0.065191, -0.544588, 0.834489, 0.083972, 0.016962, 0.017249, -0.088956, 0.995886, 0.252913, 0.000000, 0.000000, 0.000000, 1.000000, 0.017249, -0.088956, 0.995886, 0.274913, -0.838526, -0.543796, -0.034051, 0.065191, 0.544588, -0.834489, -0.083972, 0.183112, 0.000000, 0.000000, 0.000000, 1.000000, -0.996574, 0.025137, 0.078789, 0.032305, 0.076992, -0.065852, 0.994855, -0.083617, 0.030196, 0.997513, 0.063691, 0.004630, 0.000000, 0.000000, 0.000000, 1.000000
-31.3280, -65.8022, 17.3442, 252.9930, 274.9930, 65.8022, 182.7292, 32.7214, -83.6337, 4.5478, 0.836065, 0.547592, 0.033734, -0.065802, -0.548267, 0.831694, 0.087682, 0.017344, 0.019958, -0.091803, 0.995577, 0.252993, 0.000000, 0.000000, 0.000000, 1.000000, 0.019958, -0.091803, 0.995577, 0.274993, -0.836065, -0.547592, -0.033734, 0.065802, 0.548267, -0.831694, -0.087682, 0.182729, 0.000000, 0.000000, 0.000000, 1.000000, -0.996428, 0.022781, 0.081313, 0.032721, 0.079602, -0.067975, 0.994506, -0.083634, 0.028183, 0.997427, 0.065919, 0.004548, 0.000000, 0.000000, 0.000000, 1.000000
-31.5791, -66.1135, 17.5327, 252.9232, 274.9232, 66.1135, 182.5408, 32.5548, -83.8180, 4.4481, 0.835032, 0.548965, 0.036878, -0.066113, -0.549907, 0.830514, 0.088597, 0.017533, 0.018009, -0.094260, 0.995385, 0.252923, 0.000000, 0.000000, 0.000000, 1.000000, 0.018009, -0.094260, 0.995385, 0.274923, -0.835032, -0.548965, -0.036878, 0.066113, 0.549907, -0.830514, -0.088597, 0.182541, 0.000000, 0.000000, 0.000000, 1.000000, -0.996514, 0.025143, 0.079547, 0.032555, 0.077635, -0.069566, 0.994552, -0.083818, 0.030540, 0.997260, 0.067372, 0.004448, 0.000000, 0.000000, 0.000000, 1.000000
-31.7892, -66.8157, 17.9351, 252.9422, 274.9422, 66.8157, 182.1384, 32.9206, -83.9260, 4.3062, 0.831757, 0.553759, 0.039133, -0.066816, -0.554857, 0.827013, 0.090464, 0.017935, 0.017732, -0.096957, 0.995131, 0.252942, 0.000000, 0.000000, 0.000000, 1.000000, 0.017732, -0.096957, 0.995131, 0.274942, -0.831757, -0.553759, -0.039133, 0.066816, 0.554857, -0.827013, -0.090464, 0.182138, 0.000000, 0.000000, 0.000000, 1.000000, -0.996615, 0.022659, 0.079020, 0.032921, 0.077229, -0.071276, 0.994462, -0.083926, 0.028166, 0.997199, 0.069285, 0.004306, 0.000000, 0.000000, 0.000000, 1.000000
-31.9843, -67.2372, 18.2032, 253.3747, 275.3747, 67.2372, 181.8702, 33.0354, -83.5964, 4.2072, 0.831473, 0.554413, 0.035755, -0.067237, -0.555219, 0.826964, 0.088668, 0.018203, 0.019591, -0.093577, 0.995419, 0.253375, 0.000000, 0.000000, 0.000000, 1.000000, 0.019591, -0.093577, 0.995419, 0.275375, -0.831473, -0.554413, -0.035755, 0.067237, 0.555219, -0.826964, -0.088668, 0.181870, 0.000000, 0.000000, 0.000000, 1.000000, -0.996387, 0.025643, 0.080964, 0.033035, 0.079087, -0.067271, 0.994595, -0.083596, 0.030951, 0.997405, 0.065000, 0.004207, 0.000000, 0.000000, 0.000000, 1.000000
-32.1497, -67.5852, 18.4250, 253.5239, 275.5239, 67.5852, 181.6485, 33.1080, -83.5338, 4.1284, 0.829766, 0.557062, 0.034217, -0.067585, -0.557728, 0.825362, 0.087852, 0.018425, 0.020698, -0.091981, 0.995546, 0.253524, 0.000000, 0.000000, 0.000000, 1.000000, 0.020698, -0.091981, 0.995546, 0.275524, -0.829766, -0.557062, -0.034217, 0.067585, 0.557728, -0.825362, -0.087852, 0.181648, 0.000000, 0.000000, 0.000000, 1.000000, -0.996312, 0.025492, 0.081932, 0.033108, 0.080134, -0.064990, 0.994663, -0.083534, 0.030681, 0.997560, 0.062708, 0.004128, 0.000000, 0.000000, 0.000000, 1.000000
-32.3000, -67.8975, 18.5959, 253.4462, 275.4462, 67.8975, 181.4776, 33.1415, -83.6886, 4.0392, 0.828455, 0.558810, 0.037325, -0.067898, -0.559688, 0.823659, 0.091292, 0.018596, 0.020272, -0.096522, 0.995124, 0.253446, 0.000000, 0.000000, 0.000000, 1.000000, 0.020272, -0.096522, 0.995124, 0.275446, -0.828455, -0.558810, -0.037325, 0.067898, 0.559688, -0.823659, -0.091292, 0.181478, 0.000000, 0.000000, 0.000000, 1.000000, -0.996344, 0.025393, 0.081565, 0.033142, 0.079652, -0.068936, 0.994436, -0.083689, 0.030874, 0.997298, 0.066662, 0.004039, 0.000000, 0.000000, 0.000000, 1.000000
-32.4602, -68.6650, 19.1075, 253.9941, 275.9941, 68.6650, 180.9660, 33.7568, -83.2564, 3.9354, 0.826166, 0.562533, 0.031729, -0.068665, -0.562833, 0.821400, 0.092315, 0.019107, 0.025868, -0.094126, 0.995224, 0.253994, 0.000000, 0.000000, 0.000000, 1.000000, 0.025868, -0.094126, 0.995224, 0.275994, -0.826166, -0.562533, -0.031729, 0.068665, 0.562833, -0.821400, -0.092315, 0.180966, 0.000000, 0.000000, 0.000000, 1.000000, -0.995931, 0.023947, 0.086876, 0.033757, 0.085142, -0.065797, 0.994194, -0.083256, 0.029524, 0.997546, 0.063491, 0.003935, 0.000000, 0.000000, 0.000000, 1.000000
-32.9429, -69.6025, 19.6818, 253.9771, 275.9771, 69.6025, 180.3917, 33.8354, -83.5187, 3.6866, 0.822076, 0.568225, 0.036214, -0.069603, -0.568874, 0.817010, 0.094214, 0.019682, 0.023948, -0.098053, 0.994893, 0.253977, 0.000000, 0.000000, 0.000000, 1.000000, 0.023948, -0.098053, 0.994893, 0.275977, -0.822076, -0.568225, -0.036214, 0.069603, 0.568874, -0.817010, -0.094214, 0.180392, 0.000000, 0.000000, 0.000000, 1.000000, -0.996080, 0.024820, 0.084901, 0.033835, 0.083053, -0.067842, 0.994233, -0.083519, 0.030437, 0.997387, 0.065515, 0.003687, 0.000000, 0.000000, 0.000000, 1.000000
-33.0972, -69.9689, 19.9411, 254.1978, 276.1978, 69.9689, 180.1324, 33.9709, -83.3824, 3.6187, 0.820649, 0.570369, 0.034855, -0.069969, -0.570926, 0.815824, 0.092056, 0.019941, 0.024070, -0.095445, 0.995144, 0.254198, 0.000000, 0.000000, 0.000000, 1.000000, 0.024070, -0.095445, 0.995144, 0.276198, -0.820649, -0.570369, -0.034855, 0.069969, 0.570926, -0.815824, -0.092056, 0.180132, 0.000000, 0.000000, 0.000000, 1.000000, -0.996071, 0.025192, 0.084895, 0.033971, 0.083122, -0.064623, 0.994442, -0.083382, 0.030538, 0.997592, 0.062275, 0.003619, 0.000000, 0.000000, 0.000000, 1.000000
-33.2477, -70.3040, 20.1322, 253.9277, 275.9277, 70.3040, 179.9413, 34.0210, -83.7312, 3.5307, 0.819235, 0.571942, 0.041671, -0.070304, -0.573235, 0.814728, 0.087290, 0.020132, 0.015974, -0.095398, 0.995311, 0.253928, 0.000000, 0.000000, 0.000000, 1.000000, 0.015974, -0.095398, 0.995311, 0.275928, -0.819235, -0.571942, -0.041671, 0.070304, 0.573235, -0.814728, -0.087290, 0.179941, 0.000000, 0.000000, 0.000000, 1.000000, -0.996714, 0.025863, 0.076759, 0.034021, 0.074976, -0.064008, 0.995129, -0.083731, 0.030651, 0.997614, 0.061858, 0.003531, 0.000000, 0.000000, 0.000000, 1.000000
-33.3877, -70.9274, 20.5429, 254.2037, 276.2037, 70.9274, 179.5305, 34.4858, -83.5526, 3.4296, 0.817404, 0.574674, 0.040017, -0.070927, -0.575643, 0.812169, 0.094955, 0.020543, 0.022068, -0.100652, 0.994677, 0.254204, 0.000000, 0.000000, 0.000000, 1.000000, 0.022068, -0.100652, 0.994677, 0.276204, -0.817404, -0.574674, -0.040017, 0.070927, 0.575643, -0.812169, -0.094955, 0.179531, 0.000000, 0.000000, 0.000000, 1.000000, -0.996272, 0.024244, 0.082796, 0.034486, 0.080967, -0.068624, 0.994352, -0.083553, 0.029788, 0.997348, 0.066405, 0.003430, 0.000000, 0.000000, 0.000000, 1.000000
-33.6300, -71.2062, 20.7305, 254.0850, 276.0850, 71.2062, 179.3430, 34.3020, -83.7815, 3.3337, 0.815294, 0.577513, 0.042120, -0.071206, -0.578676, 0.810006, 0.094998, 0.020730, 0.020745, -0.101825, 0.994586, 0.254085, 0.000000, 0.000000, 0.000000, 1.000000, 0.020745, -0.101825, 0.994586, 0.276085, -0.815294, -0.577513, -0.042120, 0.071206, 0.578676, -0.810006, -0.094998, 0.179343, 0.000000, 0.000000, 0.000000, 1.000000, -0.996371, 0.024766, 0.081428, 0.034302, 0.079559, -0.068856, 0.994449, -0.083781, 0.030235, 0.997319, 0.066636, 0.003334, 0.000000, 0.000000, 0.000000, 1.000000
-33.7779, -71.5189, 20.9062, 253.9843, 275.9843, 71.5189, 179.1672, 34.3393, -83.9590, 3.2384, 0.813920, 0.579265, 0.044557, -0.071519, -0.580682, 0.808672, 0.094113, 0.020906, 0.018485, -0.102474, 0.994564, 0.253984, 0.000000, 0.000000, 0.000000, 1.000000, 0.018485, -0.102474, 0.994564, 0.275984, -0.813920, -0.579265, -0.044557, 0.071519, 0.580682, -0.808672, -0.094113, 0.179167, 0.000000, 0.000000, 0.000000, 1.000000, -0.996550, 0.025066, 0.079118, 0.034339, 0.077232, -0.068929, 0.994628, -0.083959, 0.030385, 0.997307, 0.066756, 0.003238, 0.000000, 0.000000, 0.000000, 1.000000
-33.9423, -72.2821, 21.4307, 254.6518, 276.6518, 72.2821, 178.6428, 34.9538, -83.4092, 3.1122, 0.812121, 0.582229, 0.038331, -0.072282, -0.582995, 0.806976, 0.094374, 0.021431, 0.024015, -0.098990, 0.994799, 0.254652, 0.000000, 0.000000, 0.000000, 1.000000, 0.024015, -0.098990, 0.994799, 0.276652, -0.812121, -0.582229, -0.038331, 0.072282, 0.582995, -0.806976, -0.094374, 0.178643, 0.000000, 0.000000, 0.000000, 1.000000, -0.996125, 0.024706, 0.084405, 0.034954, 0.082659, -0.064746, 0.994472, -0.083409, 0.030035, 0.997596, 0.062453, 0.003112, 0.000000, 0.000000, 0.000000, 1.000000
-34.0932, -72.6053, 21.6438, 254.6623, 276.6623, 72.6053, 178.4297, 35.0200, -83.4785, 3.0314, 0.810683, 0.584119, 0.039985, -0.072605, -0.584940, 0.805087, 0.098390, 0.021644, 0.025280, -0.103152, 0.994344, 0.254662, 0.000000, 0.000000, 0.000000, 1.000000, 0.025280, -0.103152, 0.994344, 0.276662, -0.810683, -0.584119, -0.039985, 0.072605, 0.584940, -0.805087, -0.098390, 0.178430, 0.000000, 0.000000, 0.000000, 1.000000, -0.996022, 0.024408, 0.085694, 0.035020, 0.083858, -0.068302, 0.994134, -0.083478, 0.030118, 0.997366, 0.065984, 0.003031, 0.000000, 0.000000, 0.000000, 1.000000
-34.2444, -72.9688, 21.8287, 254.6831, 276.6831, 72.9688, 178.2447, 35.1018, -83.5397, 2.9021, 0.808443, 0.587060, 0.042197, -0.072969, -0.588137, 0.803003, 0.096340, 0.021829, 0.022673, -0.102703, 0.994454, 0.254683, 0.000000, 0.000000, 0.000000, 1.000000, 0.022673, -0.102703, 0.994454, 0.276683, -0.808443, -0.587060, -0.042197, 0.072969, 0.588137, -0.803003, -0.096340, 0.178245, 0.000000, 0.000000, 0.000000, 1.000000, -0.996285, 0.023431, 0.082864, 0.035102, 0.081130, -0.067185, 0.994437, -0.083540, 0.028868, 0.997465, 0.065034, 0.002902, 0.000000, 0.000000, 0.000000, 1.000000
-34.4402, -73.2693, 22.0434, 254.6103, 276.6103, 73.2693, 178.0300, 35.0514, -83.7072, 2.8216, 0.807543, 0.588191, 0.043667, -0.073269, -0.589408, 0.802046, 0.096546, 0.022043, 0.021764, -0.103702, 0.994370, 0.254610, 0.000000, 0.000000, 0.000000, 1.000000, 0.021764, -0.103702, 0.994370, 0.276610, -0.807543, -0.588191, -0.043667, 0.073269, 0.589408, -0.802046, -0.096546, 0.178030, 0.000000, 0.000000, 0.000000, 1.000000, -0.996308, 0.025252, 0.082047, 0.035051, 0.080187, -0.067507, 0.994491, -0.083707, 0.030652, 0.997399, 0.065233, 0.002822, 0.000000, 0.000000, 0.000000, 1.000000
-34.6045, -73.9220, 22.5338, 254.8230, 276.8230, 73.9220, 177.5397, 35.5293, -83.6040, 2.7399, 0.805265, 0.591328, 0.043354, -0.073922, -0.592486, 0.799751, 0.096735, 0.022534, 0.022530, -0.103584, 0.994365, 0.254823, 0.000000, 0.000000, 0.000000, 1.000000, 0.022530, -0.103584, 0.994365, 0.276823, -0.805265, -0.591328, -0.043354, 0.073922, 0.592486, -0.799751, -0.096735, 0.177540, 0.000000, 0.000000, 0.000000, 1.000000, -0.996289, 0.024198, 0.082600, 0.035529, 0.080833, -0.066666, 0.994496, -0.083604, 0.029572, 0.997482, 0.064462, 0.002740, 0.000000, 0.000000, 0.000000, 1.000000
-34.7454, -74.2899, 22.7153, 255.1190, 277.1190, 74.2899, 177.3582, 35.6480, -83.3877, 2.5934, 0.803582, 0.593751, 0.041433, -0.074290, -0.594551, 0.797530, 0.102253, 0.022715, 0.027669, -0.106802, 0.993895, 0.255119, 0.000000, 0.000000, 0.000000, 1.000000, 0.027669, -0.106802, 0.993895, 0.277119, -0.803582, -0.593751, -0.041433, 0.074290, 0.594551, -0.797530, -0.102253, 0.177358, 0.000000, 0.000000, 0.000000, 1.000000, -0.995882, 0.023156, 0.087651, 0.035648, 0.085866, -0.069272, 0.993896, -0.083388, 0.029087, 0.997329, 0.066999, 0.002593, 0.000000, 0.000000, 0.000000, 1.000000
-34.8913, -74.6016, 22.9547, 254.9099, 276.9099, 74.6016, 177.1187, 35.7193, -83.6732, 2.5438, 0.801981, 0.595565, 0.046143, -0.074602, -0.597011, 0.796530, 0.095489, 0.022955, 0.020116, -0.104129, 0.994360, 0.254910, 0.000000, 0.000000, 0.000000, 1.000000, 0.020116, -0.104129, 0.994360, 0.276910, -0.801981, -0.595565, -0.046143, 0.074602, 0.597011, -0.796530, -0.095489, 0.177119, 0.000000, 0.000000, 0.000000, 1.000000, -0.996515, 0.023771, 0.079953, 0.035719, 0.078236, -0.066034, 0.994745, -0.083673, 0.028926, 0.997534, 0.063944, 0.002544, 0.000000, 0.000000, 0.000000, 1.000000
-35.0499, -74.9721, 23.2313, 255.4231, 277.4231, 74.9721, 176.8421, 35.8729, -83.2475, 2.4520, 0.801160, 0.597109, 0.040043, -0.074972, -0.597762, 0.795239, 0.101373, 0.023231, 0.028687, -0.105152, 0.994042, 0.255423, 0.000000, 0.000000, 0.000000, 1.000000, 0.028687, -0.105152, 0.994042, 0.277423, -0.801160, -0.597109, -0.040043, 0.074972, 0.597762, -0.795239, -0.101373, 0.176842, 0.000000, 0.000000, 0.000000, 1.000000, -0.995774, 0.024424, 0.088534, 0.035873, 0.086747, -0.066463, 0.994011, -0.083248, 0.030162, 0.997490, 0.064064, 0.002452, 0.000000, 0.000000, 0.000000, 1.000000
-35.2496, -75.5891, 23.6800, 255.2858, 277.2858, 75.5891, 176.3935, 36.2018, -83.5038, 2.3498, 0.798489, 0.600285, 0.045521, -0.075589, -0.601564, 0.792710, 0.098644, 0.023680, 0.023130, -0.106150, 0.994081, 0.255286, 0.000000, 0.000000, 0.000000, 1.000000, 0.023130, -0.106150, 0.994081, 0.277286, -0.798489, -0.600285, -0.045521, 0.075589, 0.601564, -0.792710, -0.098644, 0.176393, 0.000000, 0.000000, 0.000000, 1.000000, -0.996285, 0.023739, 0.082779, 0.036202, 0.081041, -0.066623, 0.994482, -0.083504, 0.029123, 0.997496, 0.064452, 0.002350, 0.000000, 0.000000, 0.000000, 1.000000
-35.4078, -75.9848, 23.9066, 255.4952, 277.4952, 75.9848, 176.1669, 36.3259, -83.3830, 2.2112, 0.796888, 0.602503, 0.044279, -0.075985, -0.603725, 0.791541, 0.094759, 0.023907, 0.022044, -0.102244, 0.994515, 0.255495, 0.000000, 0.000000, 0.000000, 1.000000, 0.022044, -0.102244, 0.994515, 0.277495, -0.796888, -0.602503, -0.044279, 0.075985, 0.603725, -0.791541, -0.094759, 0.176167, 0.000000, 0.000000, 0.000000, 1.000000, -0.996379, 0.024217, 0.081507, 0.036326, 0.079875, -0.062090, 0.994869, -0.083383, 0.029153, 0.997777, 0.059931, 0.002211, 0.000000, 0.000000, 0.000000, 1.000000
-35.5300, -76.2930, 24.1918, 255.5334, 277.5334, 76.2930, 175.8816, 36.4862, -83.4134, 2.1923, 0.795774, 0.603949, 0.044603, -0.076293, -0.605111, 0.790038, 0.098388, 0.024192, 0.024183, -0.105284, 0.994148, 0.255533, 0.000000, 0.000000, 0.000000, 1.000000, 0.024183, -0.105284, 0.994148, 0.277533, -0.795774, -0.603949, -0.044603, 0.076293, 0.605111, -0.790038, -0.098388, 0.175882, 0.000000, 0.000000, 0.000000, 1.000000, -0.996205, 0.024073, 0.083646, 0.036486, 0.081944, -0.064647, 0.994538, -0.083413, 0.029349, 0.997618, 0.062429, 0.002192, 0.000000, 0.000000, 0.000000, 1.000000
-35.6616, -76.6226, 24.4134, 255.8631, 277.8631, 76.6226, 175.6601, 36.6192, -83.1578, 2.0932, 0.794360, 0.606116, 0.040191, -0.076623, -0.606703, 0.788376, 0.101855, 0.024413, 0.030050, -0.105294, 0.993987, 0.255863, 0.000000, 0.000000, 0.000000, 1.000000, 0.030050, -0.105294, 0.993987, 0.277863, -0.794360, -0.606116, -0.040191, 0.076623, 0.606703, -0.788376, -0.101855, 0.175660, 0.000000, 0.000000, 0.000000, 1.000000, -0.995718, 0.023604, 0.089380, 0.036619, 0.087713, -0.064101, 0.994081, -0.083158, 0.029194, 0.997664, 0.061756, 0.002093, 0.000000, 0.000000, 0.000000, 1.000000
-35.8194, -76.9063, 24.5608, 255.5247, 277.5247, 76.9063, 175.5127, 36.5761, -83.5751, 1.9834, 0.792443, 0.607882, 0.050136, -0.076906, -0.609548, 0.786278, 0.101086, 0.024561, 0.022027, -0.110665, 0.993614, 0.255525, 0.000000, 0.000000, 0.000000, 1.000000, 0.022027, -0.110665, 0.993614, 0.277525, -0.792443, -0.607882, -0.050136, 0.076906, 0.609548, -0.786278, -0.101086, 0.175513, 0.000000, 0.000000, 0.000000, 1.000000, -0.996412, 0.023314, 0.081366, 0.036576, 0.079595, -0.068852, 0.994447, -0.083575, 0.028787, 0.997354, 0.066749, 0.001983, 0.000000, 0.000000, 0.000000, 1.000000
-35.9481, -77.3206, 24.8351, 255.9056, 277.9056, 77.3206, 175.2384, 36.8167, -83.2735, 1.8676, 0.791072, 0.610024, 0.045557, -0.077321, -0.611188, 0.785072, 0.100557, 0.024835, 0.025577, -0.107392, 0.993888, 0.255906, 0.000000, 0.000000, 0.000000, 1.000000, 0.025577, -0.107392, 0.993888, 0.277906, -0.791072, -0.610024, -0.045557, 0.077321, 0.611188, -0.785072, -0.100557, 0.175238, 0.000000, 0.000000, 0.000000, 1.000000, -0.996133, 0.023291, 0.084711, 0.036817, 0.083045, -0.065042, 0.994421, -0.083273, 0.028671, 0.997611, 0.062857, 0.001868, 0.000000, 0.000000, 0.000000, 1.000000
-36.0943, -77.6869, 25.1391, 256.1110, 278.1110, 77.6869, 174.9344, 36.9915, -83.1502, 1.8045, 0.790192, 0.611323, 0.043380, -0.077687, -0.612353, 0.784680, 0.096443, 0.025139, 0.024919, -0.102772, 0.994393, 0.256111, 0.000000, 0.000000, 0.000000, 1.000000, 0.024919, -0.102772, 0.994393, 0.278111, -0.790192, -0.611323, -0.043380, 0.077687, 0.612353, -0.784680, -0.096443, 0.174934, 0.000000, 0.000000, 0.000000, 1.000000, -0.996161, 0.024807, 0.083947, 0.036991, 0.082340, -0.059900, 0.994803, -0.083150, 0.029707, 0.997896, 0.057627, 0.001805, 0.000000, 0.000000, 0.000000, 1.000000
-36.2252, -77.9295, 25.3217, 255.8911, 277.8911, 77.9295, 174.7517, 37.0015, -83.4368, 1.7502, 0.788132, 0.613678, 0.047408, -0.077929, -0.614871, 0.781482, 0.105922, 0.025322, 0.027953, -0.112630, 0.993244, 0.255891, 0.000000, 0.000000, 0.000000, 1.000000, 0.027953, -0.112630, 0.993244, 0.277891, -0.788132, -0.613678, -0.047408, 0.077929, 0.614871, -0.781482, -0.105922, 0.174752, 0.000000, 0.000000, 0.000000, 1.000000, -0.995952, 0.022650, 0.086989, 0.037001, 0.085242, -0.069163, 0.993957, -0.083437, 0.028530, 0.997348, 0.066953, 0.001750, 0.000000, 0.000000, 0.000000, 1.000000
-36.3669, -78.2908, 25.5761, 256.3429, 278.3429, 78.2908, 174.4974, 37.1640, -83.0656, 1.6398, 0.787323, 0.615073, 0.042509, -0.078291, -0.615813, 0.781176, 0.102652, 0.025576, 0.029931, -0.106998, 0.993809, 0.256343, 0.000000, 0.000000, 0.000000, 1.000000, 0.029931, -0.106998, 0.993809, 0.278343, -0.787323, -0.615073, -0.042509, 0.078291, 0.615813, -0.781176, -0.102652, 0.174497, 0.000000, 0.000000, 0.000000, 1.000000, -0.995755, 0.024131, 0.088828, 0.037164, 0.087162, -0.063016, 0.994199, -0.083066, 0.029589, 0.997721, 0.060645, 0.001640, 0.000000, 0.000000, 0.000000, 1.000000
-36.4970, -78.6667, 25.8596, 256.5723, 278.5723, 78.6667, 174.2139, 37.3679, -82.9132, 1.5553, 0.785925, 0.616855, 0.042555, -0.078667, -0.617544, 0.779626, 0.104036, 0.025860, 0.030999, -0.108044, 0.993663, 0.256572, 0.000000, 0.000000, 0.000000, 1.000000, 0.030999, -0.108044, 0.993663, 0.278572, -0.785925, -0.616855, -0.042555, 0.078667, 0.617544, -0.779626, -0.104036, 0.174214, 0.000000, 0.000000, 0.000000, 1.000000, -0.995671, 0.023945, 0.089810, 0.037368, 0.088139, -0.063536, 0.994080, -0.082913, 0.029510, 0.997692, 0.061151, 0.001555, 0.000000, 0.000000, 0.000000, 1.000000
-36.6163, -78.9216, 26.0204, 256.2539, 278.2539, 78.9216, 174.0531, 37.3928, -83.2944, 1.4829, 0.784470, 0.618408, 0.046676, -0.078922, -0.619633, 0.778452, 0.100337, 0.026020, 0.025714, -0.107634, 0.993858, 0.256254, 0.000000, 0.000000, 0.000000, 1.000000, 0.025714, -0.107634, 0.993858, 0.278254, -0.784470, -0.618408, -0.046676, 0.078922, 0.619633, -0.778452, -0.100337, 0.174053, 0.000000, 0.000000, 0.000000, 1.000000, -0.996139, 0.024074, 0.084419, 0.037393, 0.082774, -0.062653, 0.994597, -0.083294, 0.029233, 0.997745, 0.060419, 0.001483, 0.000000, 0.000000, 0.000000, 1.000000
-36.7392, -79.3066, 26.3190, 256.5395, 278.5395, 79.3066, 173.7544, 37.6315, -83.0840, 1.4017, 0.783162, 0.620214, 0.044634, -0.079307, -0.621232, 0.777293, 0.099431, 0.026319, 0.026975, -0.105599, 0.994043, 0.256539, 0.000000, 0.000000, 0.000000, 1.000000, 0.026975, -0.105599, 0.994043, 0.278539, -0.783162, -0.620214, -0.044634, 0.079307, 0.621232, -0.777293, -0.099431, 0.173754, 0.000000, 0.000000, 0.000000, 1.000000, -0.996043, 0.024169, 0.085525, 0.037632, 0.083947, -0.060121, 0.994655, -0.083084, 0.029182, 0.997898, 0.057855, 0.001402, 0.000000, 0.000000, 0.000000, 1.000000
-36.8963, -79.5562, 26.4734, 256.4771, 278.4771, 79.5562, 173.6001, 37.5802, -83.2241, 1.2992, 0.781229, 0.622515, 0.046433, -0.079556, -0.623528, 0.774607, 0.105813, 0.026473, 0.029903, -0.111616, 0.993301, 0.256477, 0.000000, 0.000000, 0.000000, 1.000000, 0.029903, -0.111616, 0.993301, 0.278477, -0.781229, -0.622515, -0.046433, 0.079556, 0.623528, -0.774607, -0.105813, 0.173600, 0.000000, 0.000000, 0.000000, 1.000000, -0.995817, 0.023041, 0.088417, 0.037580, 0.086747, -0.065480, 0.994076, -0.083224, 0.028694, 0.997588, 0.063207, 0.001299, 0.000000, 0.000000, 0.000000, 1.000000
-37.0419, -79.8956, 26.7623, 256.6901, 278.6901, 79.8956, 173.3111, 37.7245, -83.0915, 1.2316, 0.780650, 0.623377, 0.044578, -0.079896, -0.624220, 0.774239, 0.104415, 0.026762, 0.030575, -0.109338, 0.993534, 0.256690, 0.000000, 0.000000, 0.000000, 1.000000, 0.030575, -0.109338, 0.993534, 0.278690, -0.780650, -0.623377, -0.044578, 0.079896, 0.624220, -0.774239, -0.104415, 0.173311, 0.000000, 0.000000, 0.000000, 1.000000, -0.995716, 0.024773, 0.089084, 0.037724, 0.087388, -0.062705, 0.994199, -0.083092, 0.030216, 0.997725, 0.060271, 0.001232, 0.000000, 0.000000, 0.000000, 1.000000
-37.1672, -80.2876, 27.0140, 257.0346, 279.0346, 80.2876, 173.0594, 37.9352, -82.8240, 1.1016, 0.779029, 0.625614, 0.041484, -0.080288, -0.625913, 0.772116, 0.109861, 0.027014, 0.036700, -0.111550, 0.993081, 0.257035, 0.000000, 0.000000, 0.000000, 1.000000, 0.036700, -0.111550, 0.993081, 0.279035, -0.779029, -0.625614, -0.041484, 0.080288, 0.625913, -0.772116, -0.109861, 0.173059, 0.000000, 0.000000, 0.000000, 1.000000, -0.995187, 0.023723, 0.095078, 0.037935, 0.093387, -0.064369, 0.993547, -0.082824, 0.029690, 0.997644, 0.061844, 0.001102, 0.000000, 0.000000, 0.000000, 1.000000
-37.3091, -80.4864, 27.2085, 256.5444, 278.5444, 80.4864, 172.8650, 37.8803, -83.3811, 1.0868, 0.777510, 0.627067, 0.047599, -0.080486, -0.628332, 0.771483, 0.100058, 0.027208, 0.026021, -0.107704, 0.993842, 0.256544, 0.000000, 0.000000, 0.000000, 1.000000, 0.026021, -0.107704, 0.993842, 0.278544, -0.777510, -0.627067, -0.047599, 0.080486, 0.628332, -0.771483, -0.100058, 0.172865, 0.000000, 0.000000, 0.000000, 1.000000, -0.996135, 0.024858, 0.084247, 0.037880, 0.082635, -0.059998, 0.994772, -0.083381, 0.029783, 0.997889, 0.057712, 0.001087, 0.000000, 0.000000, 0.000000, 1.000000
-37.4372, -80.8130, 27.4371, 256.4946, 278.4946, 80.8130, 172.6364, 37.9982, -83.5031, 0.9980, 0.775583, 0.629210, 0.050651, -0.080813, -0.630722, 0.769173, 0.102772, 0.027437, 0.025706, -0.111655, 0.993415, 0.256495, 0.000000, 0.000000, 0.000000, 1.000000, 0.025706, -0.111655, 0.993415, 0.278495, -0.775583, -0.629210, -0.050651, 0.080813, 0.630722, -0.769173, -0.102772, 0.172636, 0.000000, 0.000000, 0.000000, 1.000000, -0.996198, 0.023709, 0.083829, 0.037998, 0.082186, -0.063395, 0.994599, -0.083503, 0.028896, 0.997707, 0.061206, 0.000998, 0.000000, 0.000000, 0.000000, 1.000000
-37.5763, -81.1206, 27.6254, 256.5323, 278.5323, 81.1206, 172.4481, 38.0567, -83.5405, 0.8812, 0.773770, 0.631243, 0.053027, -0.081121, -0.632954, 0.767066, 0.104779, 0.027625, 0.025466, -0.114638, 0.993081, 0.256532, 0.000000, 0.000000, 0.000000, 1.000000, 0.025466, -0.114638, 0.993081, 0.278532, -0.773770, -0.631243, -0.053027, 0.081121, 0.632954, -0.767066, -0.104779, 0.172448, 0.000000, 0.000000, 0.000000, 1.000000, -0.996244, 0.023019, 0.083481, 0.038057, 0.081812, -0.065803, 0.994473, -0.083541, 0.028385, 0.997567, 0.063672, 0.000881, 0.000000, 0.000000, 0.000000, 1.000000
-37.7185, -81.4479, 27.8805, 256.6491, 278.6491, 81.4479, 172.1929, 38.1707, -83.5019, 0.7956, 0.773017, 0.632278, 0.051668, -0.081448, -0.633904, 0.766691, 0.101738, 0.027881, 0.024713, -0.111398, 0.993469, 0.256649, 0.000000, 0.000000, 0.000000, 1.000000, 0.024713, -0.111398, 0.993469, 0.278649, -0.773017, -0.632278, -0.051668, 0.081448, 0.633904, -0.766691, -0.101738, 0.172193, 0.000000, 0.000000, 0.000000, 1.000000, -0.996273, 0.024610, 0.082673, 0.038171, 0.081016, -0.062065, 0.994779, -0.083502, 0.029613, 0.997769, 0.059840, 0.000796, 0.000000, 0.000000, 0.000000, 1.000000
-37.8626, -81.7513, 28.1683, 256.7479, 278.7479, 81.7513, 171.9052, 38.2829, -83.4801, 0.7490, 0.771093, 0.634650, 0.051332, -0.081751, -0.636073, 0.764159, 0.107108, 0.028168, 0.028750, -0.115241, 0.992921, 0.256748, 0.000000, 0.000000, 0.000000, 1.000000, 0.028750, -0.115241, 0.992921, 0.278748, -0.771093, -0.634650, -0.051332, 0.081751, 0.636073, -0.764159, -0.107108, 0.171905, 0.000000, 0.000000, 0.000000, 1.000000, -0.995969, 0.023424, 0.086590, 0.038283, 0.084904, -0.065290, 0.994248, -0.083480, 0.028942, 0.997591, 0.063038, 0.000749, 0.000000, 0.000000, 0.000000, 1.000000
-38.0021, -82.1112, 28.4244, 256.8959, 278.8959, 82.1112, 171.6490, 38.4288, -83.4120, 0.6394, 0.770352, 0.635672, 0.049785, -0.082111, -0.637051, 0.764022, 0.102160, 0.028424, 0.026903, -0.110415, 0.993521, 0.256896, 0.000000, 0.000000, 0.000000, 1.000000, 0.026903, -0.110415, 0.993521, 0.278896, -0.770352, -0.635672, -0.049785, 0.082111, 0.637051, -0.764022, -0.102160, 0.171649, 0.000000, 0.000000, 0.000000, 1.000000, -0.996091, 0.025224, 0.084651, 0.038429, 0.083017, -0.059979, 0.994742, -0.083412, 0.030169, 0.997881, 0.057650, 0.000639, 0.000000, 0.000000, 0.000000, 1.000000
-38.1353, -82.3618, 28.6467, 256.8163, 278.8163, 82.3618, 171.4267, 38.4712, -83.5605, 0.5898, 0.768730, 0.637470, 0.051826, -0.082362, -0.639099, 0.762514, 0.100619, 0.028647, 0.024623, -0.110470, 0.993574, 0.256816, 0.000000, 0.000000, 0.000000, 1.000000, 0.024623, -0.110470, 0.993574, 0.278816, -0.768730, -0.637470, -0.051826, 0.082362, 0.639099, -0.762514, -0.100619, 0.171427, 0.000000, 0.000000, 0.000000, 1.000000, -0.996294, 0.025162, 0.082247, 0.038471, 0.080635, -0.059501, 0.994966, -0.083560, 0.029930, 0.997911, 0.057251, 0.000590, 0.000000, 0.000000, 0.000000, 1.000000
-38.2726, -82.7120, 28.8634, 256.9120, 278.9120, 82.7120, 171.2101, 38.5848, -83.5431, 0.4582, 0.766861, 0.639445, 0.055078, -0.082712, -0.641324, 0.760103, 0.104630, 0.028863, 0.025041, -0.115560, 0.992985, 0.256912, 0.000000, 0.000000, 0.000000, 1.000000, 0.025041, -0.115560, 0.992985, 0.278912, -0.766861, -0.639445, -0.055078, 0.082712, 0.641324, -0.760103, -0.104630, 0.171210, 0.000000, 0.000000, 0.000000, 1.000000, -0.996290, 0.024166, 0.082602, 0.038585, 0.080914, -0.064019, 0.994663, -0.083543, 0.029326, 0.997656, 0.061826, 0.000458, 0.000000, 0.000000, 0.000000, 1.000000
-38.4016, -82.9937, 29.0886, 256.9889, 278.9889, 82.9937, 170.9849, 38.6700, -83.5362, 0.3817, 0.765186, 0.641504, 0.054443, -0.082994, -0.643187, 0.757987, 0.108470, 0.029089, 0.028317, -0.118017, 0.992608, 0.256989, 0.000000, 0.000000, 0.000000, 1.000000, 0.028317, -0.118017, 0.992608, 0.278989, -0.765186, -0.641504, -0.054443, 0.082994, 0.643187, -0.757987, -0.108470, 0.170985, 0.000000, 0.000000, 0.000000, 1.000000, -0.996044, 0.023304, 0.085753, 0.038670, 0.084058, -0.065930, 0.994277, -0.083536, 0.028825, 0.997552, 0.063710, 0.000382, 0.000000, 0.000000, 0.000000, 1.000000
-38.5403, -83.3513, 29.3798, 257.2261, 279.2261, 83.3513, 170.6936, 38.8430, -83.3786, 0.2900, 0.764184, 0.642862, 0.052445, -0.083351, -0.644327, 0.757154, 0.107516, 0.029380, 0.029409, -0.115954, 0.992819, 0.257226, 0.000000, 0.000000, 0.000000, 1.000000, 0.029409, -0.115954, 0.992819, 0.279226, -0.764184, -0.642862, -0.052445, 0.083351, 0.644327, -0.757154, -0.107516, 0.170694, 0.000000, 0.000000, 0.000000, 1.000000, -0.995935, 0.024229, 0.086756, 0.038843, 0.085078, -0.063353, 0.994358, -0.083379, 0.029589, 0.997697, 0.061035, 0.000290, 0.000000, 0.000000, 0.000000, 1.000000
-38.9771, -85.2647, 30.9119, 257.7676, 279.7676, 85.2647, 169.1615, 40.3696, -83.1452, -0.0746, 0.755524, 0.652946, 0.053338, -0.085265, -0.654327, 0.748097, 0.110485, 0.030912, 0.032238, -0.118374, 0.992446, 0.257768, 0.000000, 0.000000, 0.000000, 1.000000, 0.032238, -0.118374, 0.992446, 0.279768, -0.755524, -0.652946, -0.053338, 0.085265, 0.654327, -0.748097, -0.110485, 0.169162, 0.000000, 0.000000, 0.000000, 1.000000, -0.995910, 0.018056, 0.088526, 0.040370, 0.087215, -0.063713, 0.994150, -0.083145, 0.023591, 0.997805, 0.061878, -0.000075, 0.000000, 0.000000, 0.000000, 1.000000
-39.5352, -85.9560, 31.4647, 258.0875, 280.0875, 85.9560, 168.6087, 40.0569, -83.0903, -0.3992, 0.752643, 0.656275, 0.053217, -0.085956, -0.657655, 0.745383, 0.109059, 0.031465, 0.031906, -0.117081, 0.992610, 0.258088, 0.000000, 0.000000, 0.000000, 1.000000, 0.031906, -0.117081, 0.992610, 0.280088, -0.752643, -0.656275, -0.053217, 0.085956, 0.657655, -0.745383, -0.109059, 0.168609, 0.000000, 0.000000, 0.000000, 1.000000, -0.995825, 0.023417, 0.088225, 0.040057, 0.086677, -0.060492, 0.994398, -0.083090, 0.028623, 0.997894, 0.058210, -0.000399, 0.000000, 0.000000, 0.000000, 1.000000
-39.6967, -86.2794, 31.7243, 258.2265, 280.2265, 86.2794, 168.3492, 40.1252, -83.0377, -0.5086, 0.751134, 0.658041, 0.052720, -0.086279, -0.659348, 0.743889, 0.109039, 0.031724, 0.032535, -0.116663, 0.992638, 0.258227, 0.000000, 0.000000, 0.000000, 1.000000, 0.032535, -0.116663, 0.992638, 0.280227, -0.751134, -0.658041, -0.052720, 0.086279, 0.659348, -0.743889, -0.109039, 0.168349, 0.000000, 0.000000, 0.000000, 1.000000, -0.995768, 0.023902, 0.088743, 0.040125, 0.087195, -0.059458, 0.994415, -0.083038, 0.029045, 0.997945, 0.057123, -0.000509, 0.000000, 0.000000, 0.000000, 1.000000
-39.8327, -86.6237, 31.9711, 258.2851, 280.2851, 86.6237, 168.1023, 40.2514, -83.0570, -0.6268, 0.749011, 0.660461, 0.052668, -0.086624, -0.661668, 0.741522, 0.111086, 0.031971, 0.034314, -0.118053, 0.992414, 0.258285, 0.000000, 0.000000, 0.000000, 1.000000, 0.034314, -0.118053, 0.992414, 0.280285, -0.749011, -0.660461, -0.052668, 0.086624, 0.661668, -0.741522, -0.111086, 0.168102, 0.000000, 0.000000, 0.000000, 1.000000, -0.995654, 0.022782, 0.090305, 0.040251, 0.088797, -0.060258, 0.994225, -0.083057, 0.028092, 0.997923, 0.057973, -0.000627, 0.000000, 0.000000, 0.000000, 1.000000
-39.9333, -86.9220, 32.2617, 258.4913, 280.4913, 86.9220, 167.8118, 40.4589, -82.9117, -0.6762, 0.748154, 0.661450, 0.052433, -0.086922, -0.662741, 0.741093, 0.107492, 0.032262, 0.032243, -0.115170, 0.992822, 0.258491, 0.000000, 0.000000, 0.000000, 1.000000, 0.032243, -0.115170, 0.992822, 0.280491, -0.748154, -0.661450, -0.052433, 0.086922, 0.662741, -0.741093, -0.107492, 0.167812, 0.000000, 0.000000, 0.000000, 1.000000, -0.995828, 0.023648, 0.088128, 0.040459, 0.086666, -0.057004, 0.994605, -0.082912, 0.028544, 0.998094, 0.054717, -0.000676, 0.000000, 0.000000, 0.000000, 1.000000
-39.9755, -87.2349, 32.5390, 258.2361, 280.2361, 87.2349, 167.5345, 40.7708, -83.2050, -0.6926, 0.745411, 0.664193, 0.056652, -0.087235, -0.665809, 0.737676, 0.111945, 0.032539, 0.032562, -0.121164, 0.992098, 0.258236, 0.000000, 0.000000, 0.000000, 1.000000, 0.032562, -0.121164, 0.992098, 0.280236, -0.745411, -0.664193, -0.056652, 0.087235, 0.665809, -0.737676, -0.111945, 0.167534, 0.000000, 0.000000, 0.000000, 1.000000, -0.995913, 0.019721, 0.088134, 0.040771, 0.086747, -0.062659, 0.994258, -0.083205, 0.025130, 0.997840, 0.060692, -0.000693, 0.000000, 0.000000, 0.000000, 1.000000
-39.9957, -87.3838, 32.6208, 258.2183, 280.2183, 87.3838, 167.4527, 40.8899, -83.2418, -0.7433, 0.744667, 0.664965, 0.057388, -0.087384, -0.666660, 0.736901, 0.111987, 0.032621, 0.032178, -0.121651, 0.992051, 0.258218, 0.000000, 0.000000, 0.000000, 1.000000, 0.032178, -0.121651, 0.992051, 0.280218, -0.744667, -0.664965, -0.057388, 0.087384, 0.666660, -0.736901, -0.111987, 0.167453, 0.000000, 0.000000, 0.000000, 1.000000, -0.995971, 0.018950, 0.087650, 0.040890, 0.086301, -0.063028, 0.994273, -0.083242, 0.024366, 0.997832, 0.061138, -0.000743, 0.000000, 0.000000, 0.000000, 1.000000
-39.9995, -87.4636, 32.6952, 258.5067, 280.5067, 87.4636, 167.3783, 41.0058, -82.9616, -0.7629, 0.745175, 0.664622, 0.054694, -0.087464, -0.665924, 0.737250, 0.114048, 0.032695, 0.035476, -0.121407, 0.991969, 0.258507, 0.000000, 0.000000, 0.000000, 1.000000, 0.035476, -0.121407, 0.991969, 0.280507, -0.745175, -0.664622, -0.054694, 0.087464, 0.665924, -0.737250, -0.114048, 0.167378, 0.000000, 0.000000, 0.000000, 1.000000, -0.995658, 0.019515, 0.091017, 0.041006, 0.089634, -0.062798, 0.993993, -0.082962, 0.025114, 0.997835, 0.060776, -0.000763, 0.000000, 0.000000, 0.000000, 1.000000
-40.0032, -87.5069, 32.7386, 258.5953, 280.5953, 87.5069, 167.3348, 41.0636, -82.8777, -0.7680, 0.744959, 0.664965, 0.053466, -0.087507, -0.666204, 0.737377, 0.111568, 0.032739, 0.034764, -0.118733, 0.992317, 0.258595, 0.000000, 0.000000, 0.000000, 1.000000, 0.034764, -0.118733, 0.992317, 0.280595, -0.744959, -0.664965, -0.053466, 0.087507, 0.666204, -0.737377, -0.111568, 0.167335, 0.000000, 0.000000, 0.000000, 1.000000, -0.995730, 0.019559, 0.090222, 0.041064, 0.088906, -0.060093, 0.994226, -0.082878, 0.024868, 0.998001, 0.058097, -0.000768, 0.000000, 0.000000, 0.000000, 1.000000
-40.0045, -87.5347, 32.7277, 258.5827, 280.5827, 87.5347, 167.3458, 41.0727, -82.8931, -0.7949, 0.744548, 0.665311, 0.054860, -0.087535, -0.666625, 0.736614, 0.114068, 0.032728, 0.035480, -0.121500, 0.991957, 0.258583, 0.000000, 0.000000, 0.000000, 1.000000, 0.035480, -0.121500, 0.991957, 0.280583, -0.744548, -0.665311, -0.054860, 0.087535, 0.666625, -0.736614, -0.114068, 0.167346, 0.000000, 0.000000, 0.000000, 1.000000, -0.995684, 0.018660, 0.090916, 0.041073, 0.089584, -0.062825, 0.993996, -0.082893, 0.024260, 0.997850, 0.060882, -0.000795, 0.000000, 0.000000, 0.000000, 1.000000
-40.0052, -87.5366, 32.7311, 258.5940, 280.5940, 87.5366, 167.3424, 41.0755, -82.8822, -0.7947, 0.744570, 0.665301, 0.054682, -0.087537, -0.666595, 0.736643, 0.114052, 0.032731, 0.035598, -0.121370, 0.991969, 0.258594, 0.000000, 0.000000, 0.000000, 1.000000, 0.035598, -0.121370, 0.991969, 0.280594, -0.744570, -0.665301, -0.054682, 0.087537, 0.666595, -0.736643, -0.114052, 0.167342, 0.000000, 0.000000, 0.000000, 1.000000, -0.995672, 0.018706, 0.091035, 0.041076, 0.089704, -0.062694, 0.993993, -0.082882, 0.024301, 0.997857, 0.060745, -0.000795, 0.000000, 0.000000, 0.000000, 1.000000

=== NEW ITERATION ===
# Joint_5_Angle(deg), Cam_X(mm), Cam_Y(mm), Cam_Z(mm), Torso_X(mm), Torso_Y(mm), Torso_Z(mm), EE_X(mm), EE_Y(mm), EE_Z(mm), T_cam2marker_flat(16), T_torso2marker_flat(16), T_ee2marker_flat(16)
0.0000, 19.1641, -5.5357, 222.4009, 244.4009, -19.1641, 205.6091, 1.2197, -88.6990, 12.1104, 0.998717, 0.050595, 0.002234, 0.019164, -0.050464, 0.997920, -0.040103, -0.005536, -0.004259, 0.039939, 0.999193, 0.222401, 0.000000, 0.000000, 0.000000, 1.000000, -0.004259, 0.039939, 0.999193, 0.244401, -0.998717, -0.050595, -0.002234, -0.019164, 0.050464, -0.997920, 0.040103, 0.205609, 0.000000, 0.000000, 0.000000, 1.000000, -0.998778, 0.022411, 0.044053, 0.001220, 0.042631, -0.060395, 0.997264, -0.088699, 0.025011, 0.997923, 0.059366, 0.012110, 0.000000, 0.000000, 0.000000, 1.000000
0.0000, 19.1335, -5.5510, 222.3829, 244.3829, -19.1335, 205.6244, 1.2482, -88.7166, 12.0911, 0.998692, 0.050694, 0.006668, 0.019134, -0.050380, 0.997891, -0.040937, -0.005551, -0.008729, 0.040548, 0.999139, 0.222383, 0.000000, 0.000000, 0.000000, 1.000000, -0.008729, 0.040548, 0.999139, 0.244383, -0.998692, -0.050694, -0.006668, -0.019134, 0.050380, -0.997891, 0.040937, 0.205624, 0.000000, 0.000000, 0.000000, 1.000000, -0.998967, 0.022340, 0.039574, 0.001248, 0.038178, -0.059783, 0.997481, -0.088717, 0.024650, 0.997961, 0.058868, 0.012091, 0.000000, 0.000000, 0.000000, 1.000000
-0.0532, 19.1434, -5.5180, 222.3858, 244.3858, -19.1434, 205.5914, 1.1373, -88.7299, 12.1340, 0.998693, 0.050825, 0.005382, 0.019143, -0.050541, 0.997757, -0.043899, -0.005518, -0.007601, 0.043569, 0.999021, 0.222386, 0.000000, 0.000000, 0.000000, 1.000000, -0.007601, 0.043569, 0.999021, 0.244386, -0.998693, -0.050825, -0.005382, -0.019143, 0.050541, -0.997757, 0.043899, 0.205591, 0.000000, 0.000000, 0.000000, 1.000000, -0.998901, 0.023268, 0.040676, 0.001137, 0.039304, -0.056645, 0.997620, -0.088730, 0.025517, 0.998123, 0.055668, 0.012134, 0.000000, 0.000000, 0.000000, 1.000000
-0.1677, 19.0456, -5.6228, 222.4040, 244.4040, -19.0456, 205.6963, 1.0012, -88.7334, 12.0441, 0.998664, 0.051164, 0.007188, 0.019046, -0.050936, 0.998283, -0.028930, -0.005623, -0.008655, 0.028525, 0.999556, 0.222404, 0.000000, 0.000000, 0.000000, 1.000000, -0.008655, 0.028525, 0.999556, 0.244404, -0.998664, -0.051164, -0.007188, -0.019046, 0.050936, -0.998283, 0.028930, 0.205696, 0.000000, 0.000000, 0.000000, 1.000000, -0.998901, 0.024205, 0.040127, 0.001001, 0.038309, -0.071390, 0.996713, -0.088733, 0.026990, 0.997155, 0.070384, 0.012044, 0.000000, 0.000000, 0.000000, 1.000000
-0.2966, 18.7326, -5.5429, 222.4835, 244.4835, -18.7326, 205.6164, 1.0682, -88.7075, 12.1288, 0.998247, 0.052498, 0.027325, 0.018733, -0.051360, 0.997846, -0.040798, -0.005543, -0.029408, 0.039324, 0.998794, 0.222484, 0.000000, 0.000000, 0.000000, 1.000000, -0.029408, 0.039324, 0.998794, 0.244484, -0.998247, -0.052498, -0.027325, -0.018733, 0.051360, -0.997846, 0.040798, 0.205616, 0.000000, 0.000000, 0.000000, 1.000000, -0.999486, 0.025606, 0.019289, 0.001068, 0.017717, -0.060278, 0.998024, -0.088707, 0.026718, 0.997853, 0.059793, 0.012129, 0.000000, 0.000000, 0.000000, 1.000000
-0.4320, 18.5029, -5.6280, 222.3748, 244.3748, -18.5029, 205.7014, 1.0184, -88.8500, 12.0386, 0.998570, 0.052756, 0.008653, 0.018503, -0.052542, 0.998345, -0.023400, -0.005628, -0.009873, 0.022911, 0.999689, 0.222375, 0.000000, 0.000000, 0.000000, 1.000000, -0.009873, 0.022911, 0.999689, 0.244375, -0.998570, -0.052756, -0.008653, -0.018503, 0.052542, -0.998345, 0.023400, 0.205701, 0.000000, 0.000000, 0.000000, 1.000000, -0.998860, 0.026909, 0.039421, 0.001018, 0.037267, -0.076338, 0.996385, -0.088850, 0.029821, 0.996719, 0.075248, 0.012039, 0.000000, 0.000000, 0.000000, 1.000000
-0.5750, 18.1643, -5.5841, 222.5331, 244.5331, -18.1643, 205.6575, 1.0844, -88.7466, 12.0939, 0.998416, 0.055305, 0.010321, 0.018164, -0.054985, 0.998065, -0.029050, -0.005584, -0.011908, 0.028436, 0.999525, 0.222533, 0.000000, 0.000000, 0.000000, 1.000000, -0.011908, 0.028436, 0.999525, 0.244533, -0.998416, -0.055305, -0.010321, -0.018164, 0.054985, -0.998065, 0.029050, 0.205658, 0.000000, 0.000000, 0.000000, 1.000000, -0.998930, 0.027095, 0.037482, 0.001084, 0.035495, -0.070402, 0.996887, -0.088747, 0.029650, 0.997151, 0.069365, 0.012094, 0.000000, 0.000000, 0.000000, 1.000000
-0.7383, 17.7736, -5.5804, 222.8416, 244.8416, -17.7736, 205.6538, 1.1668, -88.4970, 12.1218, 0.997977, 0.057135, 0.027876, 0.017774, -0.056255, 0.997923, -0.031401, -0.005580, -0.029612, 0.029769, 0.999118, 0.222842, 0.000000, 0.000000, 0.000000, 1.000000, -0.029612, 0.029769, 0.999118, 0.244842, -0.997977, -0.057135, -0.027876, -0.017774, 0.056255, -0.997923, 0.031401, 0.205654, 0.000000, 0.000000, 0.000000, 1.000000, -0.999404, 0.028148, 0.019989, 0.001167, 0.018018, -0.068634, 0.997479, -0.088497, 0.029449, 0.997245, 0.068085, 0.012122, 0.000000, 0.000000, 0.000000, 1.000000
-0.9275, 17.3855, -5.6577, 222.9441, 244.9441, -17.3855, 205.7311, 1.1781, -88.4503, 12.0526, 0.998070, 0.058575, 0.020605, 0.017385, -0.058245, 0.998169, -0.016298, -0.005658, -0.021522, 0.015067, 0.999655, 0.222944, 0.000000, 0.000000, 0.000000, 1.000000, -0.021522, 0.015067, 0.999655, 0.244944, -0.998070, -0.058575, -0.020605, -0.017385, 0.058245, -0.998169, 0.016298, 0.205731, 0.000000, 0.000000, 0.000000, 1.000000, -0.999157, 0.029258, 0.028786, 0.001178, 0.026276, -0.082804, 0.996219, -0.088450, 0.031531, 0.996136, 0.081965, 0.012053, 0.000000, 0.000000, 0.000000, 1.000000
-1.0931, 16.6343, -5.4835, 222.8604, 244.8604, -16.6343, 205.5569, 1.6101, -88.6234, 12.1752, 0.997777, 0.065093, 0.014257, 0.016634, -0.064334, 0.996753, -0.048416, -0.005483, -0.017362, 0.047392, 0.998725, 0.222860, 0.000000, 0.000000, 0.000000, 1.000000, -0.017362, 0.047392, 0.998725, 0.244860, -0.997777, -0.065093, -0.014257, -0.016634, 0.064334, -0.996753, 0.048416, 0.205557, 0.000000, 0.000000, 0.000000, 1.000000, -0.999106, 0.027155, 0.032395, 0.001610, 0.031012, -0.049897, 0.998273, -0.088623, 0.028725, 0.998385, 0.049010, 0.012175, 0.000000, 0.000000, 0.000000, 1.000000
-1.2243, 16.2350, -5.5530, 222.9560, 244.9560, -16.2350, 205.6265, 1.7469, -88.5705, 12.0987, 0.997662, 0.066449, 0.015940, 0.016235, -0.065847, 0.997189, -0.035750, -0.005553, -0.018271, 0.034617, 0.999234, 0.222956, 0.000000, 0.000000, 0.000000, 1.000000, -0.018271, 0.034617, 0.999234, 0.244956, -0.997662, -0.066449, -0.015940, -0.016235, 0.065847, -0.997189, 0.035750, 0.205627, 0.000000, 0.000000, 0.000000, 1.000000, -0.999110, 0.027460, 0.032025, 0.001747, 0.030264, -0.062299, 0.997599, -0.088571, 0.029389, 0.997680, 0.061413, 0.012099, 0.000000, 0.000000, 0.000000, 1.000000
-1.3564, 15.7625, -5.5831, 223.0900, 245.0900, -15.7625, 205.6565, 1.9600, -88.4869, 12.0566, 0.997115, 0.068986, 0.031659, 0.015762, -0.068051, 0.997239, -0.029720, -0.005583, -0.033622, 0.027480, 0.999057, 0.223090, 0.000000, 0.000000, 0.000000, 1.000000, -0.033622, 0.027480, 0.999057, 0.245090, -0.997115, -0.068986, -0.031659, -0.015762, 0.068051, -0.997239, 0.029720, 0.205657, 0.000000, 0.000000, 0.000000, 1.000000, -0.999493, 0.026857, 0.017096, 0.001960, 0.015208, -0.069008, 0.997500, -0.088487, 0.027970, 0.997255, 0.068564, 0.012057, 0.000000, 0.000000, 0.000000, 1.000000
-1.4952, 15.3775, -5.5230, 223.2239, 245.2239, -15.3775, 205.5964, 2.0812, -88.4102, 12.1121, 0.997025, 0.071491, 0.028828, 0.015377, -0.070243, 0.996637, -0.042193, -0.005523, -0.031748, 0.040042, 0.998693, 0.223224, 0.000000, 0.000000, 0.000000, 1.000000, -0.031748, 0.040042, 0.998693, 0.245224, -0.997025, -0.071491, -0.028828, -0.015377, 0.070243, -0.996637, 0.042193, 0.205596, 0.000000, 0.000000, 0.000000, 1.000000, -0.999448, 0.027356, 0.018849, 0.002081, 0.017293, -0.056053, 0.998278, -0.088410, 0.028366, 0.998053, 0.055549, 0.012112, 0.000000, 0.000000, 0.000000, 1.000000
-1.6310, 15.0085, -5.4850, 223.2175, 245.2175, -15.0085, 205.5584, 2.1840, -88.4694, 12.1323, 0.997008, 0.074037, 0.022211, 0.015008, -0.073107, 0.996517, -0.040117, -0.005485, -0.025104, 0.038373, 0.998948, 0.223217, 0.000000, 0.000000, 0.000000, 1.000000, -0.025104, 0.038373, 0.998948, 0.245217, -0.997008, -0.074037, -0.022211, -0.015008, 0.073107, -0.996517, 0.040117, 0.205558, 0.000000, 0.000000, 0.000000, 1.000000, -0.999301, 0.027076, 0.025766, 0.002184, 0.024182, -0.057300, 0.998064, -0.088469, 0.028500, 0.997990, 0.056605, 0.012132, 0.000000, 0.000000, 0.000000, 1.000000
-1.7743, 14.5682, -5.5228, 223.2059, 245.2059, -14.5682, 205.5963, 2.3342, -88.5311, 12.0695, 0.996863, 0.075091, 0.024997, 0.014568, -0.074492, 0.996931, -0.024066, -0.005523, -0.026728, 0.022128, 0.999398, 0.223206, 0.000000, 0.000000, 0.000000, 1.000000, -0.026728, 0.022128, 0.999398, 0.245206, -0.996863, -0.075091, -0.024997, -0.014568, 0.074492, -0.996931, 0.024066, 0.205596, 0.000000, 0.000000, 0.000000, 1.000000, -0.999309, 0.027700, 0.024790, 0.002334, 0.022707, -0.073137, 0.997063, -0.088531, 0.029432, 0.996937, 0.072458, 0.012070, 0.000000, 0.000000, 0.000000, 1.000000
-1.9195, 14.2204, -5.5314, 223.3448, 245.3448, -14.2204, 205.6049, 2.3992, -88.4427, 12.0586, 0.996952, 0.076844, 0.013452, 0.014220, -0.076511, 0.996787, -0.023720, -0.005531, -0.015232, 0.022618, 0.999628, 0.223345, 0.000000, 0.000000, 0.000000, 1.000000, -0.015232, 0.022618, 0.999628, 0.245345, -0.996952, -0.076844, -0.013452, -0.014220, 0.076511, -0.996787, 0.023720, 0.205605, 0.000000, 0.000000, 0.000000, 1.000000, -0.998928, 0.028477, 0.036487, 0.002399, 0.034349, -0.072248, 0.996795, -0.088443, 0.031022, 0.996980, 0.071193, 0.012059, 0.000000, 0.000000, 0.000000, 1.000000
-2.4438, 12.5615, -5.3945, 223.6658, 245.6658, -12.5615, 205.4680, 3.0433, -88.3364, 12.1121, 0.995997, 0.088053, 0.015354, 0.012561, -0.087375, 0.995359, -0.040320, -0.005395, -0.018833, 0.038817, 0.999069, 0.223666, 0.000000, 0.000000, 0.000000, 1.000000, -0.018833, 0.038817, 0.999069, 0.245666, -0.995997, -0.088053, -0.015354, -0.012561, 0.087375, -0.995359, 0.040320, 0.205468, 0.000000, 0.000000, 0.000000, 1.000000, -0.999077, 0.027107, 0.033328, 0.003043, 0.031817, -0.054395, 0.998012, -0.088336, 0.028866, 0.998151, 0.053482, 0.012112, 0.000000, 0.000000, 0.000000, 1.000000
-2.6086, 12.0273, -5.5311, 223.8237, 245.8237, -12.0273, 205.6046, 3.2411, -88.2294, 11.9505, 0.995372, 0.088640, 0.037107, 0.012027, -0.088311, 0.996039, -0.010410, -0.005531, -0.037883, 0.007085, 0.999257, 0.223824, 0.000000, 0.000000, 0.000000, 1.000000, -0.037883, 0.007085, 0.999257, 0.245824, -0.995372, -0.088640, -0.037107, -0.012027, 0.088311, -0.996039, 0.010410, 0.205605, 0.000000, 0.000000, 0.000000, 1.000000, -0.999497, 0.027758, 0.015369, 0.003241, 0.012940, -0.085634, 0.996243, -0.088229, 0.028970, 0.995940, 0.085232, 0.011950, 0.000000, 0.000000, 0.000000, 1.000000
-2.8112, 9.3959, -5.2465, 224.1364, 246.1364, -9.3959, 205.3200, 5.5010, -88.1073, 11.9625, 0.994252, 0.106572, -0.010266, 0.009396, -0.106875, 0.993627, -0.035815, -0.005247, 0.006384, 0.036707, 0.999306, 0.224136, 0.000000, 0.000000, 0.000000, 1.000000, 0.006384, 0.036707, 0.999306, 0.246136, -0.994252, -0.106572, 0.010266, -0.009396, 0.106875, -0.993627, 0.035815, 0.205320, 0.000000, 0.000000, 0.000000, 1.000000, -0.998113, 0.014779, 0.059599, 0.005501, 0.058708, -0.054748, 0.996773, -0.088107, 0.017994, 0.998391, 0.053777, 0.011963, 0.000000, 0.000000, 0.000000, 1.000000
-3.6415, 9.0182, -5.0944, 224.2383, 246.2383, -9.0182, 205.1679, 4.2599, -88.2418, 12.1609, 0.993960, 0.109438, -0.008134, 0.009018, -0.109735, 0.991882, -0.064244, -0.005094, 0.001037, 0.064749, 0.997901, 0.224238, 0.000000, 0.000000, 0.000000, 1.000000, 0.001037, 0.064749, 0.997901, 0.246238, -0.993960, -0.109438, 0.008134, -0.009018, 0.109735, -0.991882, 0.064244, 0.205168, 0.000000, 0.000000, 0.000000, 1.000000, -0.998139, 0.027608, 0.054374, 0.004260, 0.053694, -0.024773, 0.998250, -0.088242, 0.028906, 0.999312, 0.023244, 0.012161, 0.000000, 0.000000, 0.000000, 1.000000
-3.8109, 8.5702, -5.1510, 224.2979, 246.2979, -8.5702, 205.2244, 4.3644, -88.2382, 12.0677, 0.993874, 0.110458, -0.003598, 0.008570, -0.110501, 0.992646, -0.049422, -0.005151, -0.001888, 0.049517, 0.998772, 0.224298, 0.000000, 0.000000, 0.000000, 1.000000, -0.001888, 0.049517, 0.998772, 0.246298, -0.993874, -0.110458, 0.003598, -0.008570, 0.110501, -0.992646, 0.049422, 0.205224, 0.000000, 0.000000, 0.000000, 1.000000, -0.998231, 0.028793, 0.052022, 0.004364, 0.050864, -0.039585, 0.997921, -0.088238, 0.030792, 0.998801, 0.038050, 0.012068, 0.000000, 0.000000, 0.000000, 1.000000
-3.9617, 8.0957, -5.1032, 224.4272, 246.4272, -8.0957, 205.1767, 4.5497, -88.1716, 12.0759, 0.993403, 0.113317, 0.017622, 0.008096, -0.112270, 0.992317, -0.051993, -0.005103, -0.023378, 0.049671, 0.998492, 0.224427, 0.000000, 0.000000, 0.000000, 1.000000, -0.023378, 0.049671, 0.998492, 0.246427, -0.993403, -0.113317, -0.017622, -0.008096, 0.112270, -0.992317, 0.051993, 0.205177, 0.000000, 0.000000, 0.000000, 1.000000, -0.999119, 0.028537, 0.030768, 0.004550, 0.029645, -0.038952, 0.998801, -0.088172, 0.029701, 0.998834, 0.038071, 0.012076, 0.000000, 0.000000, 0.000000, 1.000000
-4.1010, 7.8689, -5.0893, 224.3063, 246.3063, -7.8689, 205.1628, 4.4940, -88.3372, 12.0621, 0.993065, 0.115176, -0.023582, 0.007869, -0.116154, 0.992190, -0.045473, -0.005089, 0.018161, 0.047897, 0.998687, 0.224306, 0.000000, 0.000000, 0.000000, 1.000000, 0.018161, 0.047897, 0.998687, 0.246306, -0.993065, -0.115176, 0.023582, -0.007869, 0.116154, -0.992190, 0.045473, 0.205163, 0.000000, 0.000000, 0.000000, 1.000000, -0.996946, 0.028991, 0.072517, 0.004494, 0.071322, -0.040324, 0.996638, -0.088337, 0.031818, 0.998766, 0.038133, 0.012062, 0.000000, 0.000000, 0.000000, 1.000000
-4.2598, 7.4285, -5.0210, 224.4542, 246.4542, -7.4285, 205.0945, 4.6342, -88.2545, 12.0952, 0.993049, 0.117411, -0.008265, 0.007429, -0.117689, 0.991539, -0.054769, -0.005021, 0.001764, 0.055361, 0.998465, 0.224454, 0.000000, 0.000000, 0.000000, 1.000000, 0.001764, 0.055361, 0.998465, 0.246454, -0.993049, -0.117411, 0.008265, -0.007429, 0.117689, -0.991539, 0.054769, 0.205094, 0.000000, 0.000000, 0.000000, 1.000000, -0.997977, 0.029855, 0.056129, 0.004634, 0.055158, -0.032398, 0.997952, -0.088254, 0.031612, 0.999029, 0.030686, 0.012095, 0.000000, 0.000000, 0.000000, 1.000000
-4.5510, 6.0220, -5.2044, 224.7318, 246.7318, -6.0220, 205.2779, 5.4364, -88.0936, 11.7563, 0.991425, 0.122733, 0.044874, 0.006022, -0.123071, 0.992386, 0.004825, -0.005204, -0.043940, -0.010306, 0.998981, 0.224732, 0.000000, 0.000000, 0.000000, 1.000000, -0.043940, -0.010306, 0.998981, 0.246732, -0.991425, -0.122733, -0.044874, -0.006022, 0.123071, -0.992386, -0.004825, 0.205278, 0.000000, 0.000000, 0.000000, 1.000000, -0.999579, 0.026062, 0.012726, 0.005436, 0.010143, -0.096943, 0.995238, -0.088094, 0.027172, 0.994949, 0.096638, 0.011756, 0.000000, 0.000000, 0.000000, 1.000000
-4.8305, 5.3755, -5.0870, 224.9388, 246.9388, -5.3755, 205.1604, 5.5513, -87.9954, 11.8155, 0.991725, 0.128221, 0.006444, 0.005375, -0.128203, 0.991743, -0.003154, -0.005087, -0.006796, 0.002302, 0.999974, 0.224939, 0.000000, 0.000000, 0.000000, 1.000000, -0.006796, 0.002302, 0.999974, 0.246939, -0.991725, -0.128221, -0.006444, -0.005375, 0.128203, -0.991743, 0.003154, 0.205160, 0.000000, 0.000000, 0.000000, 1.000000, -0.998412, 0.026082, 0.049925, 0.005551, 0.047591, -0.083502, 0.995371, -0.087995, 0.030130, 0.996166, 0.082128, 0.011816, 0.000000, 0.000000, 0.000000, 1.000000
-4.9704, 4.7104, -5.0472, 225.0589, 247.0589, -4.7104, 205.1207, 5.9431, -87.9428, 11.7715, 0.989881, 0.129657, 0.057666, 0.004710, -0.129561, 0.991557, -0.005416, -0.005047, -0.057881, -0.002110, 0.998321, 0.225059, 0.000000, 0.000000, 0.000000, 1.000000, -0.057881, -0.002110, 0.998321, 0.247059, -0.989881, -0.129657, -0.057666, -0.004710, 0.129561, -0.991557, 0.005416, 0.205121, 0.000000, 0.000000, 0.000000, 1.000000, -0.999640, 0.026800, -0.000833, 0.005943, -0.003176, -0.087510, 0.996159, -0.087943, 0.026624, 0.995803, 0.087563, 0.011772, 0.000000, 0.000000, 0.000000, 1.000000
-5.1014, 4.4195, -5.1512, 224.9486, 246.9486, -4.4195, 205.2247, 5.9478, -88.0880, 11.6245, 0.990359, 0.132315, 0.041004, 0.004420, -0.133529, 0.990638, 0.028410, -0.005151, -0.036861, -0.033612, 0.998755, 0.224949, 0.000000, 0.000000, 0.000000, 1.000000, -0.036861, -0.033612, 0.998755, 0.246949, -0.990359, -0.132315, -0.041004, -0.004420, 0.133529, -0.990638, -0.028410, 0.205225, 0.000000, 0.000000, 0.000000, 1.000000, -0.999476, 0.024492, 0.021169, 0.005948, 0.018127, -0.118369, 0.992804, -0.088088, 0.026821, 0.992668, 0.117863, 0.011625, 0.000000, 0.000000, 0.000000, 1.000000
-5.3486, 3.6310, -5.0624, 225.1973, 247.1973, -3.6310, 205.1358, 6.2632, -87.9440, 11.6236, 0.990068, 0.136698, 0.032846, 0.003631, -0.137450, 0.990268, 0.021848, -0.005062, -0.029540, -0.026146, 0.999222, 0.225197, 0.000000, 0.000000, 0.000000, 1.000000, -0.029540, -0.026146, 0.999222, 0.247197, -0.990068, -0.136698, -0.032846, -0.003631, 0.137450, -0.990268, -0.021848, 0.205136, 0.000000, 0.000000, 0.000000, 1.000000, -0.999281, 0.024794, 0.028669, 0.006263, 0.025771, -0.110187, 0.993577, -0.087944, 0.027794, 0.993602, 0.109469, 0.011624, 0.000000, 0.000000, 0.000000, 1.000000
-5.4943, 3.2019, -5.0974, 225.2003, 247.2003, -3.2019, 205.1709, 6.3913, -87.9925, 11.5290, 0.989629, 0.138328, 0.038734, 0.003202, -0.139766, 0.989484, 0.037242, -0.005097, -0.033175, -0.042270, 0.998555, 0.225200, 0.000000, 0.000000, 0.000000, 1.000000, -0.033175, -0.042270, 0.998555, 0.247200, -0.989629, -0.138328, -0.038734, -0.003202, 0.139766, -0.989484, -0.037242, 0.205171, 0.000000, 0.000000, 0.000000, 1.000000, -0.999367, 0.024635, 0.025649, 0.006391, 0.022354, -0.125774, 0.991807, -0.087993, 0.027659, 0.991753, 0.125143, 0.011529, 0.000000, 0.000000, 0.000000, 1.000000
-5.6331, 2.7621, -4.9050, 225.2931, 247.2931, -2.7621, 204.9784, 6.5869, -87.9710, 11.6615, 0.988453, 0.141501, 0.054207, 0.002762, -0.141780, 0.989897, 0.001330, -0.004905, -0.053471, -0.009001, 0.998529, 0.225293, 0.000000, 0.000000, 0.000000, 1.000000, -0.053471, -0.009001, 0.998529, 0.247293, -0.988453, -0.141501, -0.054207, -0.002762, 0.141780, -0.989897, -0.001330, 0.204978, 0.000000, 0.000000, 0.000000, 1.000000, -0.999654, 0.025895, 0.004702, 0.006587, 0.002293, -0.092273, 0.995731, -0.087971, 0.026218, 0.995397, 0.092182, 0.011661, 0.000000, 0.000000, 0.000000, 1.000000
-5.7658, 2.4813, -5.0030, 225.3555, 247.3555, -2.4813, 205.0764, 6.5872, -87.9452, 11.5320, 0.989374, 0.142370, 0.029477, 0.002481, -0.143600, 0.988614, 0.044954, -0.005003, -0.022742, -0.048709, 0.998554, 0.225355, 0.000000, 0.000000, 0.000000, 1.000000, -0.022742, -0.048709, 0.998554, 0.247355, -0.989374, -0.142370, -0.029477, -0.002481, 0.143600, -0.988614, -0.044954, 0.205076, 0.000000, 0.000000, 0.000000, 1.000000, -0.999021, 0.024802, 0.036643, 0.006587, 0.033080, -0.131343, 0.990785, -0.087945, 0.029386, 0.991027, 0.130394, 0.011532, 0.000000, 0.000000, 0.000000, 1.000000
-5.9331, 2.1385, -4.9749, 225.5035, 247.5035, -2.1385, 205.0483, 6.6060, -87.8569, 11.5242, 0.989216, 0.145242, 0.018900, 0.002139, -0.145983, 0.988187, 0.046649, -0.004975, -0.011902, -0.048905, 0.998733, 0.225503, 0.000000, 0.000000, 0.000000, 1.000000, -0.011902, -0.048905, 0.998733, 0.247503, -0.989216, -0.145242, -0.018900, -0.002139, 0.145983, -0.988187, -0.046649, 0.205048, 0.000000, 0.000000, 0.000000, 1.000000, -0.998554, 0.024763, 0.047723, 0.006606, 0.044084, -0.131017, 0.990400, -0.087857, 0.030777, 0.991071, 0.129736, 0.011524, 0.000000, 0.000000, 0.000000, 1.000000
-6.1517, 1.2427, -4.8017, 225.5498, 247.5498, -1.2427, 204.8751, 7.0857, -87.9194, 11.5534, 0.987850, 0.150889, 0.037209, 0.001243, -0.151716, 0.988212, 0.020481, -0.004802, -0.033680, -0.025877, 0.999098, 0.225550, 0.000000, 0.000000, 0.000000, 1.000000, -0.033680, -0.025877, 0.999098, 0.247550, -0.987850, -0.150889, -0.037209, -0.001243, 0.151716, -0.988212, -0.020481, 0.204875, 0.000000, 0.000000, 0.000000, 1.000000, -0.999376, 0.024321, 0.025633, 0.007086, 0.022881, -0.107390, 0.993954, -0.087919, 0.026927, 0.993919, 0.106766, 0.011553, 0.000000, 0.000000, 0.000000, 1.000000
-6.3092, 1.0045, -4.7574, 225.8459, 247.8459, -1.0045, 204.8309, 7.0325, -87.6782, 11.5879, 0.988298, 0.152289, 0.008646, 0.001004, -0.152477, 0.987890, 0.028699, -0.004757, -0.004171, -0.029682, 0.999551, 0.225846, 0.000000, 0.000000, 0.000000, 1.000000, -0.004171, -0.029682, 0.999551, 0.247846, -0.988298, -0.152289, -0.008646, -0.001004, 0.152477, -0.987890, -0.028699, 0.204831, 0.000000, 0.000000, 0.000000, 1.000000, -0.998138, 0.025377, 0.055473, 0.007033, 0.052342, -0.110747, 0.992469, -0.087678, 0.031329, 0.993525, 0.109212, 0.011588, 0.000000, 0.000000, 0.000000, 1.000000
-6.4461, 0.5725, -4.7931, 225.6580, 247.6580, -0.5725, 204.8666, 7.1675, -87.9148, 11.4676, 0.987729, 0.155334, 0.016216, 0.000572, -0.155938, 0.986636, 0.047260, -0.004793, -0.008659, -0.049209, 0.998751, 0.225658, 0.000000, 0.000000, 0.000000, 1.000000, -0.008659, -0.049209, 0.998751, 0.247658, -0.987729, -0.155334, -0.016216, -0.000572, 0.155938, -0.986636, -0.047260, 0.204867, 0.000000, 0.000000, 0.000000, 1.000000, -0.998394, 0.023363, 0.051615, 0.007168, 0.048168, -0.129640, 0.990391, -0.087915, 0.029829, 0.991286, 0.128306, 0.011468, 0.000000, 0.000000, 0.000000, 1.000000
-6.5966, 0.0796, -4.6246, 225.8642, 247.8642, -0.0796, 204.6981, 7.3962, -87.7833, 11.5664, 0.986885, 0.157952, 0.033297, 0.000080, -0.158483, 0.987263, 0.013963, -0.004625, -0.030667, -0.019057, 0.999348, 0.225864, 0.000000, 0.000000, 0.000000, 1.000000, -0.030667, -0.019057, 0.999348, 0.247864, -0.986885, -0.157952, -0.033297, -0.000080, 0.158483, -0.987263, -0.013963, 0.204698, 0.000000, 0.000000, 0.000000, 1.000000, -0.999257, 0.025280, 0.029100, 0.007396, 0.026457, -0.099252, 0.994711, -0.087783, 0.028035, 0.994741, 0.098509, 0.011566, 0.000000, 0.000000, 0.000000, 1.000000
-6.7199, -0.3581, -4.6047, 225.8199, 247.8199, 0.3581, 204.6782, 7.5821, -87.8789, 11.5071, 0.986482, 0.159811, 0.036246, -0.000358, -0.160441, 0.986929, 0.015178, -0.004605, -0.033347, -0.020789, 0.999228, 0.225820, 0.000000, 0.000000, 0.000000, 1.000000, -0.033347, -0.020789, 0.999228, 0.247820, -0.986482, -0.159811, -0.036246, 0.000358, 0.160441, -0.986929, -0.015178, 0.204678, 0.000000, 0.000000, 0.000000, 1.000000, -0.999322, 0.025416, 0.026636, 0.007582, 0.023953, -0.100599, 0.994639, -0.087879, 0.027959, 0.994602, 0.099922, 0.011507, 0.000000, 0.000000, 0.000000, 1.000000
-6.8825, -0.6012, -4.6084, 226.0659, 248.0659, 0.6012, 204.6819, 7.5117, -87.6847, 11.4859, 0.986799, 0.161902, 0.003820, -0.000601, -0.161932, 0.986117, 0.036757, -0.004608, 0.002184, -0.036891, 0.999317, 0.226066, 0.000000, 0.000000, 0.000000, 1.000000, 0.002184, -0.036891, 0.999317, 0.248066, -0.986799, -0.161902, -0.003820, 0.000601, 0.161932, -0.986117, -0.036757, 0.204682, 0.000000, 0.000000, 0.000000, 1.000000, -0.997713, 0.025053, 0.062777, 0.007512, 0.059467, -0.116110, 0.991455, -0.087685, 0.032128, 0.992920, 0.114355, 0.011486, 0.000000, 0.000000, 0.000000, 1.000000
-7.0242, -1.6094, -4.4147, 226.1119, 248.1119, 1.6094, 204.4882, 8.2580, -87.7352, 11.4908, 0.984780, 0.167060, 0.047954, -0.001609, -0.167787, 0.985756, 0.011536, -0.004415, -0.045344, -0.019407, 0.998783, 0.226112, 0.000000, 0.000000, 0.000000, 1.000000, -0.045344, -0.019407, 0.998783, 0.248112, -0.984780, -0.167060, -0.047954, 0.001609, 0.167787, -0.985756, -0.011536, 0.204488, 0.000000, 0.000000, 0.000000, 1.000000, -0.999614, 0.023413, 0.014967, 0.008258, 0.012601, -0.098148, 0.995092, -0.087735, 0.024767, 0.994896, 0.097815, 0.011491, 0.000000, 0.000000, 0.000000, 1.000000
-7.2756, -1.8467, -4.4994, 226.1189, 248.1189, 1.8467, 204.5728, 7.9753, -87.7938, 11.3743, 0.985453, 0.169481, 0.012573, -0.001847, -0.169902, 0.984185, 0.050135, -0.004499, -0.003877, -0.051542, 0.998663, 0.226119, 0.000000, 0.000000, 0.000000, 1.000000, -0.003877, -0.051542, 0.998663, 0.248119, -0.985453, -0.169481, -0.012573, 0.001847, 0.169902, -0.984185, -0.050135, 0.204573, 0.000000, 0.000000, 0.000000, 1.000000, -0.998074, 0.023135, 0.057555, 0.007975, 0.054098, -0.129345, 0.990123, -0.087794, 0.030351, 0.991330, 0.127844, 0.011374, 0.000000, 0.000000, 0.000000, 1.000000
-7.4437, -3.0329, -4.3009, 226.5352, 248.5352, 3.0329, 204.3744, 8.8669, -87.4904, 11.3689, 0.984259, 0.176443, 0.010080, -0.003033, -0.176681, 0.983727, 0.032640, -0.004301, -0.004156, -0.033907, 0.999416, 0.226535, 0.000000, 0.000000, 0.000000, 1.000000, -0.004156, -0.033907, 0.999416, 0.248535, -0.984259, -0.176443, -0.010080, 0.003033, 0.176681, -0.983727, -0.032640, 0.204374, 0.000000, 0.000000, 0.000000, 1.000000, -0.998174, 0.020184, 0.056939, 0.008867, 0.054359, -0.111087, 0.992323, -0.087490, 0.026354, 0.993606, 0.109786, 0.011369, 0.000000, 0.000000, 0.000000, 1.000000
-8.0479, -5.0917, -3.9280, 226.6628, 248.6628, 5.0917, 204.0015, 9.7616, -87.6365, 11.3323, 0.981602, 0.187698, 0.035040, -0.005092, -0.188296, 0.982004, 0.014570, -0.003928, -0.031674, -0.020900, 0.999280, 0.226663, 0.000000, 0.000000, 0.000000, 1.000000, -0.031674, -0.020900, 0.999280, 0.248663, -0.981602, -0.187698, -0.035040, 0.005092, 0.188296, -0.982004, -0.014570, 0.204001, 0.000000, 0.000000, 0.000000, 1.000000, -0.999351, 0.020030, 0.029941, 0.009762, 0.027881, -0.096193, 0.994972, -0.087636, 0.022810, 0.995161, 0.095573, 0.011332, 0.000000, 0.000000, 0.000000, 1.000000
-8.5551, -5.6599, -3.9117, 227.0954, 249.0954, 5.6599, 203.9852, 9.3376, -87.3587, 11.2691, 0.981219, 0.192221, -0.016118, -0.005660, -0.191330, 0.980476, 0.045390, -0.003912, 0.024528, -0.041453, 0.998839, 0.227095, 0.000000, 0.000000, 0.000000, 1.000000, 0.024528, -0.041453, 0.998839, 0.249095, -0.981219, -0.192221, 0.016118, 0.005660, 0.191330, -0.980476, -0.045390, 0.203985, 0.000000, 0.000000, 0.000000, 1.000000, -0.995925, 0.022762, 0.087269, 0.009338, 0.084097, -0.115230, 0.989773, -0.087359, 0.032585, 0.993078, 0.112846, 0.011269, 0.000000, 0.000000, 0.000000, 1.000000
-8.7438, -6.2729, -3.7368, 226.9341, 248.9341, 6.2729, 203.8103, 9.5874, -87.6082, 11.2959, 0.980467, 0.194684, 0.027980, -0.006273, -0.195179, 0.980634, 0.016163, -0.003737, -0.024291, -0.021308, 0.999478, 0.226934, 0.000000, 0.000000, 0.000000, 1.000000, -0.024291, -0.021308, 0.999478, 0.248934, -0.980467, -0.194684, -0.027980, 0.006273, 0.195179, -0.980634, -0.016163, 0.203810, 0.000000, 0.000000, 0.000000, 1.000000, -0.998956, 0.024895, 0.038317, 0.009587, 0.035800, -0.094672, 0.994865, -0.087608, 0.028394, 0.995197, 0.093682, 0.011296, 0.000000, 0.000000, 0.000000, 1.000000
-8.9013, -6.6089, -3.7625, 226.9645, 248.9645, 6.6089, 203.8360, 9.5980, -87.6299, 11.2011, 0.980050, 0.197538, 0.021937, -0.006609, -0.198102, 0.979797, 0.027461, -0.003763, -0.016070, -0.031259, 0.999382, 0.226965, 0.000000, 0.000000, 0.000000, 1.000000, -0.016070, -0.031259, 0.999382, 0.248965, -0.980050, -0.197538, -0.021937, 0.006609, 0.198102, -0.979797, -0.027461, 0.203836, 0.000000, 0.000000, 0.000000, 1.000000, -0.998608, 0.024028, 0.046952, 0.009598, 0.044213, -0.104041, 0.993590, -0.087630, 0.028759, 0.994283, 0.102833, 0.011201, 0.000000, 0.000000, 0.000000, 1.000000
-9.0464, -6.9622, -3.6819, 227.3371, 249.3371, 6.9622, 203.7553, 9.6950, -87.3175, 11.2286, 0.979911, 0.199363, 0.005447, -0.006962, -0.199430, 0.979272, 0.035411, -0.003682, 0.001726, -0.035786, 0.999358, 0.227337, 0.000000, 0.000000, 0.000000, 1.000000, 0.001726, -0.035786, 0.999358, 0.249337, -0.979911, -0.199363, -0.005447, 0.006962, 0.199430, -0.979272, -0.035411, 0.203755, 0.000000, 0.000000, 0.000000, 1.000000, -0.997586, 0.024351, 0.065025, 0.009695, 0.062035, -0.108110, 0.992202, -0.087318, 0.031191, 0.993841, 0.106338, 0.011229, 0.000000, 0.000000, 0.000000, 1.000000
-9.1828, -7.3152, -3.6159, 227.3184, 249.3184, 7.3152, 203.6894, 9.7798, -87.3915, 11.2128, 0.979440, 0.201737, 0.000110, -0.007315, -0.201632, 0.978915, 0.032697, -0.003616, 0.006488, -0.032047, 0.999465, 0.227318, 0.000000, 0.000000, 0.000000, 1.000000, 0.006488, -0.032047, 0.999465, 0.249318, -0.979440, -0.201737, -0.000110, 0.007315, 0.201632, -0.978915, -0.032697, 0.203689, 0.000000, 0.000000, 0.000000, 1.000000, -0.997255, 0.024545, 0.069859, 0.009780, 0.066955, -0.103958, 0.992325, -0.087392, 0.031619, 0.994279, 0.102029, 0.011213, 0.000000, 0.000000, 0.000000, 1.000000
-9.3094, -7.8066, -3.4013, 227.5653, 249.5653, 7.8066, 203.4748, 10.0700, -87.2170, 11.3262, 0.978901, 0.203466, 0.018845, -0.007807, -0.203466, 0.979080, -0.001925, -0.003401, -0.018842, -0.001950, 0.999821, 0.227565, 0.000000, 0.000000, 0.000000, 1.000000, -0.018842, -0.001950, 0.999821, 0.249565, -0.978901, -0.203466, -0.018845, 0.007807, 0.203466, -0.979080, 0.001925, 0.203475, 0.000000, 0.000000, 0.000000, 1.000000, -0.998669, 0.026970, 0.043961, 0.010070, 0.041873, -0.073657, 0.996404, -0.087217, 0.030111, 0.996919, 0.072430, 0.011326, 0.000000, 0.000000, 0.000000, 1.000000
-9.6779, -8.9947, -3.3095, 227.4604, 249.4604, 8.9947, 203.3830, 10.5055, -87.4739, 11.1307, 0.977248, 0.210408, 0.026743, -0.008995, -0.210938, 0.977318, 0.018809, -0.003310, -0.022179, -0.024022, 0.999465, 0.227460, 0.000000, 0.000000, 0.000000, 1.000000, -0.022179, -0.024022, 0.999465, 0.249460, -0.977248, -0.210408, -0.026743, 0.008995, 0.210938, -0.977318, -0.018809, 0.203383, 0.000000, 0.000000, 0.000000, 1.000000, -0.998826, 0.024790, 0.041618, 0.010505, 0.039106, -0.094380, 0.994768, -0.087474, 0.028588, 0.995228, 0.093299, 0.011131, 0.000000, 0.000000, 0.000000, 1.000000
-9.8440, -9.2303, -3.2716, 227.7794, 249.7794, 9.2303, 203.3450, 10.4317, -87.2116, 11.1338, 0.976908, 0.213100, -0.015430, -0.009230, -0.212461, 0.976531, 0.035311, -0.003272, 0.022593, -0.031217, 0.999257, 0.227779, 0.000000, 0.000000, 0.000000, 1.000000, 0.022593, -0.031217, 0.999257, 0.249779, -0.976908, -0.213100, 0.015430, 0.009230, 0.212461, -0.976531, -0.035311, 0.203345, 0.000000, 0.000000, 0.000000, 1.000000, -0.995937, 0.024400, 0.086684, 0.010432, 0.083811, -0.101000, 0.991350, -0.087212, 0.032944, 0.994587, 0.098544, 0.011134, 0.000000, 0.000000, 0.000000, 1.000000
-9.9910, -9.6147, -3.1813, 227.8407, 249.8407, 9.6147, 203.2547, 10.5369, -87.2118, 11.1328, 0.976532, 0.215281, -0.006235, -0.009615, -0.215069, 0.976285, 0.024772, -0.003181, 0.011420, -0.022849, 0.999674, 0.227841, 0.000000, 0.000000, 0.000000, 1.000000, 0.011420, -0.022849, 0.999674, 0.249841, -0.976532, -0.215281, 0.006235, 0.009615, 0.215069, -0.976285, -0.024772, 0.203255, 0.000000, 0.000000, 0.000000, 1.000000, -0.996824, 0.025292, 0.075516, 0.010537, 0.072892, -0.092232, 0.993066, -0.087212, 0.032082, 0.995416, 0.090096, 0.011133, 0.000000, 0.000000, 0.000000, 1.000000
-10.1621, -10.1767, -3.0620, 227.8294, 249.8294, 10.1767, 203.1355, 10.7691, -87.3008, 11.1096, 0.975838, 0.217538, 0.020455, -0.010177, -0.217788, 0.975935, 0.010910, -0.003062, -0.017589, -0.015102, 0.999731, 0.227829, 0.000000, 0.000000, 0.000000, 1.000000, -0.017589, -0.015102, 0.999731, 0.249829, -0.975838, -0.217538, -0.020455, 0.010177, 0.217788, -0.975935, -0.010910, 0.203135, 0.000000, 0.000000, 0.000000, 1.000000, -0.998564, 0.026468, 0.046571, 0.010769, 0.044200, -0.084018, 0.995483, -0.087301, 0.030261, 0.996113, 0.082727, 0.011110, 0.000000, 0.000000, 0.000000, 1.000000
-10.3094, -10.8641, -3.0132, 228.0283, 250.0283, 10.8641, 203.0867, 11.1654, -87.1745, 10.9987, 0.975132, 0.221599, 0.003482, -0.010864, -0.221602, 0.974674, 0.030046, -0.003013, 0.003265, -0.030071, 0.999542, 0.228028, 0.000000, 0.000000, 0.000000, 1.000000, 0.003265, -0.030071, 0.999542, 0.250028, -0.975132, -0.221599, -0.003482, 0.010864, 0.221602, -0.974674, -0.030046, 0.203087, 0.000000, 0.000000, 0.000000, 1.000000, -0.997408, 0.023813, 0.067897, 0.011165, 0.065250, -0.098319, 0.993013, -0.087174, 0.030322, 0.994870, 0.096511, 0.010999, 0.000000, 0.000000, 0.000000, 1.000000
-10.4713, -11.3339, -2.9111, 228.0831, 250.0831, 11.3339, 202.9845, 11.3262, -87.1898, 10.9818, 0.974392, 0.224439, 0.013684, -0.011334, -0.224689, 0.974208, 0.020820, -0.002911, -0.008658, -0.023362, 0.999690, 0.228083, 0.000000, 0.000000, 0.000000, 1.000000, -0.008658, -0.023362, 0.999690, 0.250083, -0.974392, -0.224439, -0.013684, 0.011334, 0.224689, -0.974208, -0.020820, 0.202985, 0.000000, 0.000000, 0.000000, 1.000000, -0.998137, 0.024173, 0.056012, 0.011326, 0.053595, -0.091123, 0.994396, -0.087190, 0.029141, 0.995546, 0.089658, 0.010982, 0.000000, 0.000000, 0.000000, 1.000000
-10.6631, -11.5930, -2.9195, 228.2264, 250.2264, 11.5930, 202.9930, 11.2010, -87.1061, 10.9159, 0.973870, 0.226904, -0.009621, -0.011593, -0.226240, 0.972977, 0.046163, -0.002920, 0.019835, -0.042780, 0.998888, 0.228226, 0.000000, 0.000000, 0.000000, 1.000000, 0.019835, -0.042780, 0.998888, 0.250226, -0.973870, -0.226904, 0.009621, 0.011593, 0.226240, -0.972977, -0.046163, 0.202993, 0.000000, 0.000000, 0.000000, 1.000000, -0.996090, 0.023541, 0.085150, 0.011201, 0.082081, -0.109835, 0.990555, -0.087106, 0.032671, 0.993671, 0.107473, 0.010916, 0.000000, 0.000000, 0.000000, 1.000000
-10.7980, -12.1433, -2.7750, 227.9598, 249.9598, 12.1433, 202.8484, 11.4825, -87.4418, 10.8953, 0.973066, 0.228929, 0.027083, -0.012143, -0.229727, 0.972751, 0.031336, -0.002775, -0.019171, -0.036714, 0.999142, 0.227960, 0.000000, 0.000000, 0.000000, 1.000000, -0.019171, -0.036714, 0.999142, 0.249960, -0.973066, -0.228929, -0.027083, 0.012143, 0.229727, -0.972751, -0.031336, 0.202848, 0.000000, 0.000000, 0.000000, 1.000000, -0.998637, 0.024242, 0.046227, 0.011483, 0.043488, -0.103393, 0.993689, -0.087442, 0.028869, 0.994345, 0.102198, 0.010895, 0.000000, 0.000000, 0.000000, 1.000000
-10.9437, -12.4486, -2.6398, 228.5429, 250.5429, 12.4486, 202.7133, 11.5586, -86.9222, 10.9825, 0.972758, 0.231746, -0.005999, -0.012449, -0.231599, 0.972629, 0.018832, -0.002640, 0.010199, -0.016929, 0.999805, 0.228543, 0.000000, 0.000000, 0.000000, 1.000000, 0.010199, -0.016929, 0.999805, 0.250543, -0.972758, -0.231746, 0.005999, 0.012449, 0.231599, -0.972629, -0.018832, 0.202713, 0.000000, 0.000000, 0.000000, 1.000000, -0.996847, 0.025282, 0.075216, 0.011559, 0.072879, -0.083239, 0.993861, -0.086922, 0.031387, 0.996209, 0.081134, 0.010982, 0.000000, 0.000000, 0.000000, 1.000000
-11.0791, -13.3164, -2.5651, 228.2795, 250.2795, 13.3164, 202.6386, 12.1274, -87.2639, 10.8079, 0.971497, 0.235881, 0.023509, -0.013316, -0.236497, 0.971222, 0.028223, -0.002565, -0.016175, -0.032979, 0.999325, 0.228280, 0.000000, 0.000000, 0.000000, 1.000000, -0.016175, -0.032979, 0.999325, 0.250280, -0.971497, -0.235881, -0.023509, 0.013316, 0.236497, -0.971222, -0.028223, 0.202639, 0.000000, 0.000000, 0.000000, 1.000000, -0.998533, 0.022227, 0.049372, 0.012127, 0.046953, -0.098629, 0.994016, -0.087264, 0.026964, 0.994876, 0.097441, 0.010808, 0.000000, 0.000000, 0.000000, 1.000000
-11.2412, -13.7534, -2.4235, 228.4647, 250.4647, 13.7534, 202.4970, 12.2735, -87.1511, 10.8368, 0.971011, 0.238075, 0.021398, -0.013753, -0.238516, 0.970907, 0.021202, -0.002424, -0.015728, -0.025691, 0.999546, 0.228465, 0.000000, 0.000000, 0.000000, 1.000000, -0.015728, -0.025691, 0.999546, 0.250465, -0.971011, -0.238075, -0.021398, 0.013753, 0.238516, -0.970907, -0.021202, 0.202497, 0.000000, 0.000000, 0.000000, 1.000000, -0.998485, 0.023300, 0.049853, 0.012273, 0.047544, -0.090896, 0.994725, -0.087151, 0.027709, 0.995588, 0.089651, 0.010837, 0.000000, 0.000000, 0.000000, 1.000000
-11.3640, -13.9908, -2.4106, 228.7761, 250.7761, 13.9908, 202.4840, 12.2805, -86.8837, 10.8027, 0.970771, 0.240000, -0.001927, -0.013991, -0.239749, 0.970067, 0.038610, -0.002411, 0.011136, -0.037019, 0.999253, 0.228776, 0.000000, 0.000000, 0.000000, 1.000000, 0.011136, -0.037019, 0.999253, 0.250776, -0.970771, -0.240000, 0.001927, 0.013991, 0.239749, -0.970067, -0.038610, 0.202484, 0.000000, 0.000000, 0.000000, 1.000000, -0.996770, 0.022606, 0.077065, 0.012280, 0.074391, -0.101759, 0.992024, -0.086884, 0.030268, 0.994552, 0.099748, 0.010803, 0.000000, 0.000000, 0.000000, 1.000000
-11.4959, -14.4474, -2.3068, 228.5693, 250.5693, 14.4474, 202.3803, 12.4705, -87.1517, 10.7632, 0.970028, 0.242748, 0.010892, -0.014447, -0.242973, 0.969533, 0.031130, -0.002307, -0.003003, -0.032844, 0.999456, 0.228569, 0.000000, 0.000000, 0.000000, 1.000000, -0.003003, -0.032844, 0.999456, 0.250569, -0.970028, -0.242748, -0.010892, 0.014447, 0.242973, -0.969533, -0.031130, 0.202380, 0.000000, 0.000000, 0.000000, 1.000000, -0.997764, 0.022364, 0.062987, 0.012471, 0.060536, -0.097148, 0.993427, -0.087152, 0.028336, 0.995019, 0.095577, 0.010763, 0.000000, 0.000000, 0.000000, 1.000000
-11.6462, -14.7648, -2.2502, 228.7698, 250.7698, 14.7648, 202.3236, 12.5043, -87.0085, 10.7399, 0.969554, 0.244838, -0.004345, -0.014765, -0.244506, 0.968912, 0.037773, -0.002250, 0.013459, -0.035561, 0.999277, 0.228770, 0.000000, 0.000000, 0.000000, 1.000000, 0.013459, -0.035561, 0.999277, 0.250770, -0.969554, -0.244838, 0.004345, 0.014765, 0.244506, -0.968912, -0.037773, 0.202324, 0.000000, 0.000000, 0.000000, 1.000000, -0.996567, 0.022602, 0.079644, 0.012504, 0.077030, -0.099384, 0.992063, -0.087009, 0.030338, 0.994792, 0.097302, 0.010740, 0.000000, 0.000000, 0.000000, 1.000000
-11.7782, -15.1729, -2.1529, 228.9536, 250.9536, 15.1729, 202.2263, 12.6708, -86.8849, 10.7292, 0.969076, 0.246761, 0.000594, -0.015173, -0.246649, 0.968556, 0.032621, -0.002153, 0.007474, -0.031759, 0.999468, 0.228954, 0.000000, 0.000000, 0.000000, 1.000000, 0.007474, -0.031759, 0.999468, 0.250954, -0.969076, -0.246761, -0.000594, 0.015173, 0.246649, -0.968556, -0.032621, 0.202226, 0.000000, 0.000000, 0.000000, 1.000000, -0.997008, 0.023182, 0.073739, 0.012671, 0.071223, -0.095197, 0.992907, -0.086885, 0.030037, 0.995188, 0.093261, 0.010729, 0.000000, 0.000000, 0.000000, 1.000000
-11.9070, -15.6325, -1.9734, 229.0476, 251.0476, 15.6325, 202.0468, 12.9098, -86.8585, 10.7761, 0.968322, 0.249654, 0.005125, -0.015633, -0.249705, 0.968188, 0.016131, -0.001973, -0.000935, -0.016900, 0.999857, 0.229048, 0.000000, 0.000000, 0.000000, 1.000000, -0.000935, -0.016900, 0.999857, 0.251048, -0.968322, -0.249654, -0.005125, 0.015633, 0.249705, -0.968188, -0.016131, 0.202047, 0.000000, 0.000000, 0.000000, 1.000000, -0.997601, 0.023500, 0.065123, 0.012910, 0.063057, -0.079958, 0.994802, -0.086859, 0.028585, 0.996521, 0.078284, 0.010776, 0.000000, 0.000000, 0.000000, 1.000000
-12.0522, -15.9804, -1.9123, 229.2474, 251.2474, 15.9804, 201.9857, 12.9834, -86.7167, 10.7450, 0.968078, 0.250647, 0.000355, -0.015980, -0.250579, 0.967779, 0.024792, -0.001912, 0.005870, -0.024089, 0.999693, 0.229247, 0.000000, 0.000000, 0.000000, 1.000000, 0.005870, -0.024089, 0.999693, 0.251247, -0.968078, -0.250647, -0.000355, 0.015980, 0.250579, -0.967779, -0.024792, 0.201986, 0.000000, 0.000000, 0.000000, 1.000000, -0.997085, 0.024468, 0.072268, 0.012983, 0.069900, -0.086727, 0.993777, -0.086717, 0.030583, 0.995932, 0.084764, 0.010745, 0.000000, 0.000000, 0.000000, 1.000000
-12.1843, -16.3714, -1.9065, 229.0819, 251.0819, 16.3714, 201.9800, 13.0844, -86.9332, 10.6259, 0.967239, 0.253867, 0.000256, -0.016371, -0.253682, 0.966493, 0.039210, -0.001907, 0.009706, -0.037991, 0.999231, 0.229082, 0.000000, 0.000000, 0.000000, 1.000000, 0.009706, -0.037991, 0.999231, 0.251082, -0.967239, -0.253867, -0.000256, 0.016371, 0.253682, -0.966493, -0.039210, 0.201980, 0.000000, 0.000000, 0.000000, 1.000000, -0.996816, 0.022385, 0.076534, 0.013084, 0.073936, -0.100040, 0.992233, -0.086933, 0.029867, 0.994732, 0.098066, 0.010626, 0.000000, 0.000000, 0.000000, 1.000000
-12.3238, -16.8607, -1.7348, 229.1968, 251.1968, 16.8607, 201.8083, 13.3303, -86.8894, 10.6533, 0.966536, 0.256128, 0.014384, -0.016861, -0.256363, 0.966415, 0.017917, -0.001735, -0.009312, -0.021005, 0.999736, 0.229197, 0.000000, 0.000000, 0.000000, 1.000000, -0.009312, -0.021005, 0.999736, 0.251197, -0.966536, -0.256128, -0.014384, 0.016861, 0.256363, -0.966415, -0.017917, 0.201808, 0.000000, 0.000000, 0.000000, 1.000000, -0.998075, 0.023725, 0.057307, 0.013330, 0.055167, -0.082710, 0.995046, -0.086889, 0.028347, 0.996291, 0.081242, 0.010653, 0.000000, 0.000000, 0.000000, 1.000000
-12.4664, -17.0930, -1.6820, 229.4528, 251.4528, 17.0930, 201.7555, 13.2987, -86.6851, 10.6469, 0.966255, 0.257413, -0.009439, -0.017093, -0.257015, 0.965904, 0.031192, -0.001682, 0.017147, -0.027714, 0.999469, 0.229453, 0.000000, 0.000000, 0.000000, 1.000000, 0.017147, -0.027714, 0.999469, 0.251453, -0.966255, -0.257413, 0.009439, 0.017093, 0.257015, -0.965904, -0.031192, 0.201755, 0.000000, 0.000000, 0.000000, 1.000000, -0.996164, 0.024366, 0.084044, 0.013299, 0.081574, -0.088985, 0.992687, -0.086685, 0.031667, 0.995735, 0.086656, 0.010647, 0.000000, 0.000000, 0.000000, 1.000000
-12.6433, -17.6389, -1.5852, 229.2055, 251.2055, 17.6389, 201.6587, 13.4795, -87.0083, 10.5601, 0.965587, 0.259332, 0.019730, -0.017639, -0.259701, 0.965498, 0.019195, -0.001585, -0.014071, -0.023658, 0.999621, 0.229206, 0.000000, 0.000000, 0.000000, 1.000000, -0.014071, -0.023658, 0.999621, 0.251206, -0.965587, -0.259332, -0.019730, 0.017639, 0.259701, -0.965498, -0.019195, 0.201659, 0.000000, 0.000000, 0.000000, 1.000000, -0.998263, 0.025736, 0.052991, 0.013480, 0.050649, -0.084443, 0.995140, -0.087008, 0.030085, 0.996096, 0.082992, 0.010560, 0.000000, 0.000000, 0.000000, 1.000000
-12.9784, -18.7793, -1.2613, 229.4737, 251.4737, 18.7793, 201.3347, 14.0089, -86.9030, 10.5358, 0.963526, 0.267126, 0.016144, -0.018779, -0.267366, 0.963477, 0.015101, -0.001261, -0.011520, -0.018867, 0.999756, 0.229474, 0.000000, 0.000000, 0.000000, 1.000000, -0.011520, -0.018867, 0.999756, 0.251474, -0.963526, -0.267126, -0.016144, 0.018779, 0.267366, -0.963477, -0.015101, 0.201335, 0.000000, 0.000000, 0.000000, 1.000000, -0.998163, 0.023808, 0.055720, 0.014009, 0.053699, -0.078430, 0.995472, -0.086903, 0.028070, 0.996635, 0.077007, 0.010536, 0.000000, 0.000000, 0.000000, 1.000000
-13.1289, -19.0706, -1.2341, 229.8475, 251.8475, 19.0706, 201.3075, 14.0185, -86.5841, 10.4889, 0.963240, 0.268571, -0.006197, -0.019071, -0.268259, 0.962842, 0.031187, -0.001234, 0.014342, -0.028378, 0.999494, 0.229847, 0.000000, 0.000000, 0.000000, 1.000000, 0.014342, -0.028378, 0.999494, 0.251847, -0.963240, -0.268571, 0.006197, 0.019071, 0.268259, -0.962842, -0.031187, 0.201308, 0.000000, 0.000000, 0.000000, 1.000000, -0.996345, 0.024205, 0.081924, 0.014018, 0.079523, -0.087464, 0.992988, -0.086584, 0.031201, 0.995874, 0.085219, 0.010489, 0.000000, 0.000000, 0.000000, 1.000000
-13.2671, -19.5332, -1.1743, 229.5905, 251.5905, 19.5332, 201.2477, 14.1830, -86.9009, 10.3856, 0.962389, 0.271199, 0.016079, -0.019533, -0.271559, 0.962023, 0.027718, -0.001174, -0.007951, -0.031041, 0.999486, 0.229591, 0.000000, 0.000000, 0.000000, 1.000000, -0.007951, -0.031041, 0.999486, 0.251591, -0.962389, -0.271199, -0.016079, 0.019533, 0.271559, -0.962023, -0.027718, 0.201248, 0.000000, 0.000000, 0.000000, 1.000000, -0.997925, 0.023664, 0.059873, 0.014183, 0.057531, -0.089633, 0.994312, -0.086901, 0.028896, 0.995694, 0.088086, 0.010386, 0.000000, 0.000000, 0.000000, 1.000000
-13.4079, -19.8987, -1.0456, 229.8451, 251.8451, 19.8987, 201.1191, 14.3043, -86.7095, 10.4045, 0.961918, 0.273084, 0.011753, -0.019899, -0.273312, 0.961519, 0.027958, -0.001046, -0.003666, -0.030105, 0.999540, 0.229845, 0.000000, 0.000000, 0.000000, 1.000000, -0.003666, -0.030105, 0.999540, 0.251845, -0.961918, -0.273084, -0.011753, 0.019899, 0.273312, -0.961519, -0.027958, 0.201119, 0.000000, 0.000000, 0.000000, 1.000000, -0.997638, 0.024211, 0.064282, 0.014304, 0.061917, -0.088271, 0.994170, -0.086709, 0.029744, 0.995802, 0.086563, 0.010404, 0.000000, 0.000000, 0.000000, 1.000000
-13.5584, -20.2587, -0.9513, 229.8411, 251.8411, 20.2587, 201.0248, 14.3739, -86.7751, 10.3759, 0.961337, 0.275343, 0.004142, -0.020259, -0.275337, 0.960855, 0.030780, -0.000951, 0.004495, -0.030730, 0.999518, 0.229841, 0.000000, 0.000000, 0.000000, 1.000000, 0.004495, -0.030730, 0.999518, 0.251841, -0.961337, -0.275343, -0.004142, 0.020259, 0.275337, -0.960855, -0.030780, 0.201025, 0.000000, 0.000000, 0.000000, 1.000000, -0.997063, 0.024416, 0.072587, 0.014374, 0.070170, -0.088412, 0.993609, -0.086775, 0.030677, 0.995785, 0.086439, 0.010376, 0.000000, 0.000000, 0.000000, 1.000000
-13.6830, -20.7549, -0.7571, 229.8480, 251.8480, 20.7549, 200.8305, 14.6552, -86.8372, 10.4017, 0.960565, 0.277383, 0.019352, -0.020755, -0.277599, 0.960649, 0.009550, -0.000757, -0.015941, -0.014545, 0.999767, 0.229848, 0.000000, 0.000000, 0.000000, 1.000000, -0.015941, -0.014545, 0.999767, 0.251848, -0.960565, -0.277383, -0.019352, 0.020755, 0.277599, -0.960649, -0.009550, 0.200831, 0.000000, 0.000000, 0.000000, 1.000000, -0.998322, 0.025654, 0.051911, 0.014655, 0.049950, -0.071908, 0.996160, -0.086837, 0.029289, 0.997081, 0.070506, 0.010402, 0.000000, 0.000000, 0.000000, 1.000000
-13.8476, -21.0618, -0.7153, 230.2527, 252.2527, 21.0618, 200.7887, 14.6564, -86.4931, 10.3586, 0.960074, 0.279737, -0.002300, -0.021062, -0.279608, 0.959828, 0.023457, -0.000715, 0.008770, -0.021877, 0.999722, 0.230253, 0.000000, 0.000000, 0.000000, 1.000000, 0.008770, -0.021877, 0.999722, 0.252253, -0.960074, -0.279737, 0.002300, 0.021062, 0.279608, -0.959828, -0.023457, 0.200789, 0.000000, 0.000000, 0.000000, 1.000000, -0.996710, 0.025513, 0.076925, 0.014656, 0.074709, -0.078685, 0.994096, -0.086493, 0.031415, 0.996573, 0.076520, 0.010359, 0.000000, 0.000000, 0.000000, 1.000000
-14.0280, -21.8373, -0.5277, 230.3674, 252.3674, 21.8373, 200.6011, 15.0964, -86.4746, 10.2897, 0.958744, 0.284270, -0.000291, -0.021837, -0.284139, 0.958333, 0.029378, -0.000528, 0.008631, -0.028083, 0.999568, 0.230367, 0.000000, 0.000000, 0.000000, 1.000000, 0.008631, -0.028083, 0.999568, 0.252367, -0.958744, -0.284270, 0.000291, 0.021837, 0.284139, -0.958333, -0.029378, 0.200601, 0.000000, 0.000000, 0.000000, 1.000000, -0.996750, 0.023443, 0.077070, 0.015096, 0.074850, -0.084153, 0.993638, -0.086475, 0.029780, 0.996177, 0.082125, 0.010290, 0.000000, 0.000000, 0.000000, 1.000000
-14.2776, -22.2107, -0.4509, 230.4390, 252.4390, 22.2107, 200.5244, 14.9790, -86.4893, 10.2310, 0.958121, 0.286363, 0.000723, -0.022211, -0.286232, 0.957601, 0.032722, -0.000451, 0.008678, -0.031559, 0.999464, 0.230439, 0.000000, 0.000000, 0.000000, 1.000000, 0.008678, -0.031559, 0.999464, 0.252439, -0.958121, -0.286363, -0.000723, 0.022211, 0.286232, -0.957601, -0.032722, 0.200524, 0.000000, 0.000000, 0.000000, 1.000000, -0.996672, 0.025302, 0.077491, 0.014979, 0.075029, -0.086923, 0.993386, -0.086489, 0.031871, 0.995894, 0.084736, 0.010231, 0.000000, 0.000000, 0.000000, 1.000000
-14.4290, -23.0921, -0.2172, 230.4832, 252.4832, 23.0921, 200.2906, 15.5862, -86.5422, 10.1637, 0.956662, 0.290906, 0.013102, -0.023092, -0.291133, 0.956443, 0.021426, -0.000217, -0.006298, -0.024312, 0.999685, 0.230483, 0.000000, 0.000000, 0.000000, 1.000000, -0.006298, -0.024312, 0.999685, 0.252483, -0.956662, -0.290906, -0.013102, 0.023092, 0.291133, -0.956443, -0.021426, 0.200291, 0.000000, 0.000000, 0.000000, 1.000000, -0.997765, 0.023741, 0.062454, 0.015586, 0.060402, -0.079076, 0.995037, -0.086542, 0.028561, 0.996586, 0.077465, 0.010164, 0.000000, 0.000000, 0.000000, 1.000000
-14.6914, -23.8211, -0.0003, 230.7449, 252.7449, 23.8211, 200.0738, 15.8356, -86.3980, 10.1268, 0.955493, 0.294899, 0.008245, -0.023821, -0.295014, 0.955148, 0.025665, -0.000000, -0.000306, -0.026955, 0.999637, 0.230745, 0.000000, 0.000000, 0.000000, 1.000000, -0.000306, -0.026955, 0.999637, 0.252745, -0.955493, -0.294899, -0.008245, 0.023821, 0.295014, -0.955148, -0.025665, 0.200074, 0.000000, 0.000000, 0.000000, 1.000000, -0.997348, 0.023901, 0.068744, 0.015836, 0.066610, -0.080858, 0.994497, -0.086398, 0.029328, 0.996439, 0.079051, 0.010127, 0.000000, 0.000000, 0.000000, 1.000000
-14.9990, -24.6068, 0.1990, 230.8927, 252.8927, 24.6068, 199.8744, 16.0345, -86.3800, 10.0401, 0.954154, 0.299158, 0.009751, -0.024607, -0.299304, 0.953910, 0.021736, 0.000199, -0.002799, -0.023658, 0.999716, 0.230893, 0.000000, 0.000000, 0.000000, 1.000000, -0.002799, -0.023658, 0.999716, 0.252893, -0.954154, -0.299158, -0.009751, 0.024607, 0.299304, -0.953910, -0.021736, 0.199874, 0.000000, 0.000000, 0.000000, 1.000000, -0.997475, 0.025016, 0.066466, 0.016034, 0.064378, -0.076615, 0.994980, -0.086380, 0.029982, 0.996747, 0.074811, 0.010040, 0.000000, 0.000000, 0.000000, 1.000000
-15.2345, -25.4138, 0.3260, 230.6783, 252.6783, 25.4138, 199.7474, 16.3483, -86.7009, 9.8613, 0.952344, 0.304403, 0.019459, -0.025414, -0.304904, 0.951822, 0.032690, 0.000326, -0.008570, -0.037065, 0.999276, 0.230678, 0.000000, 0.000000, 0.000000, 1.000000, -0.008570, -0.037065, 0.999276, 0.252678, -0.952344, -0.304403, -0.019459, 0.025414, 0.304904, -0.951822, -0.032690, 0.199747, 0.000000, 0.000000, 0.000000, 1.000000, -0.997872, 0.022531, 0.061182, 0.016348, 0.058951, -0.089063, 0.994280, -0.086701, 0.027852, 0.995771, 0.087545, 0.009861, 0.000000, 0.000000, 0.000000, 1.000000
-15.3815, -25.6975, 0.5123, 231.2137, 253.2137, 25.6975, 199.5612, 16.4179, -86.2313, 9.9550, 0.952073, 0.305868, -0.001320, -0.025698, -0.305690, 0.951649, 0.030305, 0.000512, 0.010525, -0.028449, 0.999540, 0.231214, 0.000000, 0.000000, 0.000000, 1.000000, 0.010525, -0.028449, 0.999540, 0.253214, -0.952073, -0.305868, 0.001320, 0.025698, 0.305690, -0.951649, -0.030305, 0.199561, 0.000000, 0.000000, 0.000000, 1.000000, -0.996485, 0.024225, 0.080196, 0.016418, 0.078028, -0.080077, 0.993730, -0.086231, 0.030495, 0.996494, 0.077906, 0.009955, 0.000000, 0.000000, 0.000000, 1.000000
-15.5837, -26.1575, 0.5680, 230.8081, 252.8081, 26.1575, 199.5054, 16.4343, -86.7127, 9.8135, 0.950925, 0.308684, 0.021342, -0.026158, -0.309228, 0.950507, 0.030251, 0.000568, -0.010947, -0.035366, 0.999314, 0.230808, 0.000000, 0.000000, 0.000000, 1.000000, -0.010947, -0.035366, 0.999314, 0.252808, -0.950925, -0.308684, -0.021342, 0.026158, 0.309228, -0.950507, -0.030251, 0.199505, 0.000000, 0.000000, 0.000000, 1.000000, -0.997957, 0.024206, 0.059127, 0.016434, 0.056837, -0.086316, 0.994645, -0.086713, 0.029180, 0.995974, 0.084764, 0.009814, 0.000000, 0.000000, 0.000000, 1.000000
-15.7318, -26.5580, 0.7240, 231.1002, 253.1002, 26.5580, 199.3495, 16.5841, -86.4894, 9.8245, 0.950332, 0.310711, 0.018088, -0.026558, -0.311105, 0.950014, 0.026217, 0.000724, -0.009038, -0.030542, 0.999493, 0.231100, 0.000000, 0.000000, 0.000000, 1.000000, -0.009038, -0.030542, 0.999493, 0.253100, -0.950332, -0.310711, -0.018088, 0.026558, 0.311105, -0.950014, -0.026217, 0.199349, 0.000000, 0.000000, 0.000000, 1.000000, -0.997820, 0.025025, 0.061065, 0.016584, 0.058858, -0.081057, 0.994970, -0.086489, 0.029849, 0.996395, 0.079407, 0.009824, 0.000000, 0.000000, 0.000000, 1.000000
-15.8858, -27.3491, 0.8976, 231.1707, 253.1707, 27.3491, 199.1759, 17.0807, -86.5085, 9.7054, 0.948908, 0.315033, 0.018089, -0.027349, -0.315431, 0.948574, 0.026646, 0.000898, -0.008765, -0.030991, 0.999481, 0.231171, 0.000000, 0.000000, 0.000000, 1.000000, -0.008765, -0.030991, 0.999481, 0.253171, -0.948908, -0.315033, -0.018089, 0.027349, 0.315431, -0.948574, -0.026646, 0.199176, 0.000000, 0.000000, 0.000000, 1.000000, -0.997845, 0.023109, 0.061412, 0.017081, 0.059362, -0.080860, 0.994956, -0.086508, 0.027958, 0.996458, 0.079314, 0.009705, 0.000000, 0.000000, 0.000000, 1.000000
-16.2292, -29.6167, 1.5561, 231.4310, 253.4310, 29.6167, 198.5174, 18.7564, -86.4922, 9.5115, 0.944351, 0.328009, 0.024733, -0.029617, -0.328707, 0.943840, 0.033438, 0.001556, -0.012376, -0.039707, 0.999135, 0.231431, 0.000000, 0.000000, 0.000000, 1.000000, -0.012376, -0.039707, 0.999135, 0.253431, -0.944351, -0.328009, -0.024733, 0.029617, 0.328707, -0.943840, -0.033438, 0.198517, 0.000000, 0.000000, 0.000000, 1.000000, -0.998211, 0.014648, 0.057971, 0.018756, 0.056468, -0.087843, 0.994533, -0.086492, 0.019660, 0.996027, 0.086859, 0.009511, 0.000000, 0.000000, 0.000000, 1.000000
-17.3024, -31.6005, 2.2411, 231.9994, 253.9994, 31.6005, 197.8323, 18.7205, -86.3416, 9.3232, 0.940753, 0.338193, 0.024691, -0.031601, -0.338745, 0.940592, 0.023217, 0.002241, -0.015372, -0.030206, 0.999425, 0.231999, 0.000000, 0.000000, 0.000000, 1.000000, -0.015372, -0.030206, 0.999425, 0.253999, -0.940753, -0.338193, -0.024691, 0.031601, 0.338745, -0.940592, -0.023217, 0.197832, 0.000000, 0.000000, 0.000000, 1.000000, -0.998166, 0.023185, 0.055921, 0.018721, 0.054033, -0.075332, 0.995693, -0.086342, 0.027298, 0.996889, 0.073941, 0.009323, 0.000000, 0.000000, 0.000000, 1.000000
-18.8216, -36.5084, 3.8327, 232.9434, 254.9434, 36.5084, 196.2407, 20.8425, -86.1373, 8.7493, 0.929900, 0.367381, 0.017833, -0.036508, -0.367809, 0.929024, 0.040378, 0.003833, -0.001734, -0.044106, 0.999025, 0.232943, 0.000000, 0.000000, 0.000000, 1.000000, -0.001734, -0.044106, 0.999025, 0.254943, -0.929900, -0.367381, -0.017833, 0.036508, 0.367809, -0.929024, -0.040378, 0.196241, 0.000000, 0.000000, 0.000000, 1.000000, -0.997352, 0.017100, 0.070692, 0.020843, 0.069027, -0.083679, 0.994099, -0.086137, 0.022915, 0.996346, 0.082277, 0.008749, 0.000000, 0.000000, 0.000000, 1.000000
-19.2744, -36.8346, 3.9670, 233.0239, 255.0239, 36.8346, 196.1064, 20.2795, -86.1976, 8.6712, 0.928884, 0.369986, 0.016894, -0.036835, -0.370371, 0.927924, 0.042212, 0.003967, -0.000058, -0.045468, 0.998966, 0.233024, 0.000000, 0.000000, 0.000000, 1.000000, -0.000058, -0.045468, 0.998966, 0.255024, -0.928884, -0.369986, -0.016894, 0.036835, 0.370371, -0.927924, -0.042212, 0.196106, 0.000000, 0.000000, 0.000000, 1.000000, -0.997096, 0.021996, 0.072909, 0.020280, 0.070830, -0.083854, 0.993958, -0.086198, 0.027976, 0.996235, 0.082053, 0.008671, 0.000000, 0.000000, 0.000000, 1.000000
-19.4084, -37.2924, 4.1675, 233.3725, 255.3725, 37.2924, 195.9060, 20.5305, -85.9203, 8.6636, 0.928512, 0.370958, 0.015977, -0.037292, -0.371302, 0.927697, 0.038910, 0.004168, -0.000388, -0.042061, 0.999115, 0.233373, 0.000000, 0.000000, 0.000000, 1.000000, -0.000388, -0.042061, 0.999115, 0.255373, -0.928512, -0.370958, -0.015977, 0.037292, 0.371302, -0.927697, -0.038910, 0.195906, 0.000000, 0.000000, 0.000000, 1.000000, -0.997079, 0.023573, 0.072646, 0.020530, 0.070548, -0.080105, 0.994287, -0.085920, 0.029257, 0.996508, 0.078208, 0.008664, 0.000000, 0.000000, 0.000000, 1.000000
-19.5715, -37.6037, 4.2550, 233.1261, 255.1261, 37.6037, 195.8185, 20.5013, -86.2288, 8.5831, 0.927472, 0.373252, 0.021866, -0.037604, -0.373807, 0.926924, 0.032878, 0.004255, -0.007996, -0.038667, 0.999220, 0.233126, 0.000000, 0.000000, 0.000000, 1.000000, -0.007996, -0.038667, 0.999220, 0.255126, -0.927472, -0.373252, -0.021866, 0.037604, 0.373807, -0.926924, -0.032878, 0.195818, 0.000000, 0.000000, 0.000000, 1.000000, -0.997586, 0.024225, 0.065080, 0.020501, 0.063068, -0.076203, 0.995096, -0.086229, 0.029066, 0.996798, 0.074491, 0.008583, 0.000000, 0.000000, 0.000000, 1.000000
-19.7286, -38.0093, 4.4078, 233.3028, 255.3028, 38.0093, 195.6657, 20.6253, -86.1234, 8.5396, 0.926616, 0.375475, 0.020053, -0.038009, -0.375969, 0.925984, 0.034653, 0.004408, -0.005558, -0.039650, 0.999198, 0.233303, 0.000000, 0.000000, 0.000000, 1.000000, -0.005558, -0.039650, 0.999198, 0.255303, -0.926616, -0.375475, -0.020053, 0.038009, 0.375969, -0.925984, -0.034653, 0.195666, 0.000000, 0.000000, 0.000000, 1.000000, -0.997409, 0.024459, 0.067655, 0.020625, 0.065604, -0.076669, 0.994896, -0.086123, 0.029522, 0.996757, 0.074866, 0.008540, 0.000000, 0.000000, 0.000000, 1.000000
-19.9127, -38.7964, 4.6891, 233.5005, 255.5005, 38.7964, 195.3843, 21.0962, -86.0313, 8.4530, 0.925054, 0.379300, 0.020137, -0.038796, -0.379797, 0.924409, 0.034950, 0.004689, -0.005358, -0.039978, 0.999186, 0.233501, 0.000000, 0.000000, 0.000000, 1.000000, -0.005358, -0.039978, 0.999186, 0.255501, -0.925054, -0.379300, -0.020137, 0.038796, 0.379797, -0.924409, -0.034950, 0.195384, 0.000000, 0.000000, 0.000000, 1.000000, -0.997413, 0.023489, 0.067935, 0.021096, 0.065967, -0.076304, 0.994900, -0.086031, 0.028553, 0.996808, 0.074557, 0.008453, 0.000000, 0.000000, 0.000000, 1.000000
-20.0821, -39.1328, 4.7629, 233.2877, 255.2877, 39.1328, 195.3106, 21.0727, -86.3086, 8.3458, 0.923779, 0.382078, 0.025458, -0.039133, -0.382852, 0.922857, 0.041937, 0.004763, -0.007471, -0.048487, 0.998796, 0.233288, 0.000000, 0.000000, 0.000000, 1.000000, -0.007471, -0.048487, 0.998796, 0.255288, -0.923779, -0.382078, -0.025458, 0.039133, 0.382852, -0.922857, -0.041937, 0.195311, 0.000000, 0.000000, 0.000000, 1.000000, -0.997556, 0.022638, 0.066102, 0.021073, 0.063983, -0.084180, 0.994394, -0.086309, 0.028075, 0.996193, 0.082525, 0.008346, 0.000000, 0.000000, 0.000000, 1.000000
-20.2331, -39.5004, 4.9760, 233.8993, 255.8993, 39.5004, 195.0975, 21.2299, -85.7698, 8.3829, 0.923274, 0.383892, 0.013832, -0.039500, -0.384130, 0.922373, 0.040903, 0.004976, 0.002944, -0.043078, 0.999067, 0.233899, 0.000000, 0.000000, 0.000000, 1.000000, 0.002944, -0.043078, 0.999067, 0.255899, -0.923274, -0.383892, -0.013832, 0.039500, 0.384130, -0.922373, -0.040903, 0.195097, 0.000000, 0.000000, 0.000000, 1.000000, -0.996786, 0.023785, 0.076504, 0.021230, 0.074432, -0.078337, 0.994144, -0.085770, 0.029639, 0.996643, 0.076315, 0.008383, 0.000000, 0.000000, 0.000000, 1.000000
-20.3966, -39.8785, 5.0608, 233.5682, 255.5682, 39.8785, 195.0127, 21.2511, -86.1665, 8.2636, 0.922013, 0.386407, 0.024133, -0.039878, -0.387103, 0.921150, 0.040414, 0.005061, -0.006614, -0.046604, 0.998892, 0.233568, 0.000000, 0.000000, 0.000000, 1.000000, -0.006614, -0.046604, 0.998892, 0.255568, -0.922013, -0.386407, -0.024133, 0.039878, 0.387103, -0.921150, -0.040414, 0.195013, 0.000000, 0.000000, 0.000000, 1.000000, -0.997465, 0.023562, 0.067142, 0.021251, 0.065027, -0.081293, 0.994567, -0.086167, 0.028893, 0.996412, 0.079555, 0.008264, 0.000000, 0.000000, 0.000000, 1.000000
-20.5444, -40.2532, 5.2399, 233.6347, 255.6347, 40.2532, 194.8335, 21.3689, -86.1683, 8.2464, 0.921621, 0.387264, 0.025314, -0.040253, -0.387988, 0.920916, 0.037139, 0.005240, -0.008929, -0.044050, 0.998989, 0.233635, 0.000000, 0.000000, 0.000000, 1.000000, -0.008929, -0.044050, 0.998989, 0.255635, -0.921621, -0.387264, -0.025314, 0.040253, 0.387988, -0.920916, -0.037139, 0.194834, 0.000000, 0.000000, 0.000000, 1.000000, -0.997566, 0.025425, 0.064921, 0.021369, 0.062753, -0.078368, 0.994948, -0.086168, 0.030385, 0.996600, 0.076582, 0.008246, 0.000000, 0.000000, 0.000000, 1.000000
-20.6787, -40.6285, 5.3017, 233.4851, 255.4851, 40.6285, 194.7717, 21.4501, -86.3753, 8.1166, 0.920144, 0.390238, 0.032376, -0.040629, -0.391335, 0.919341, 0.040863, 0.005302, -0.013818, -0.050269, 0.998640, 0.233485, 0.000000, 0.000000, 0.000000, 1.000000, -0.013818, -0.050269, 0.998640, 0.255485, -0.920144, -0.390238, -0.032376, 0.040629, 0.391335, -0.919341, -0.040863, 0.194772, 0.000000, 0.000000, 0.000000, 1.000000, -0.997898, 0.023939, 0.060214, 0.021450, 0.058009, -0.084027, 0.994774, -0.086375, 0.028874, 0.996176, 0.082462, 0.008117, 0.000000, 0.000000, 0.000000, 1.000000
-20.8230, -41.3971, 5.6122, 233.6023, 255.6023, 41.3971, 194.4613, 21.9894, -86.3544, 8.0526, 0.918512, 0.394005, 0.033109, -0.041397, -0.395133, 0.917723, 0.040668, 0.005612, -0.014362, -0.050437, 0.998624, 0.233602, 0.000000, 0.000000, 0.000000, 1.000000, -0.014362, -0.050437, 0.998624, 0.255602, -0.918512, -0.394005, -0.033109, 0.041397, 0.395133, -0.917723, -0.040668, 0.194461, 0.000000, 0.000000, 0.000000, 1.000000, -0.997968, 0.022331, 0.059672, 0.021989, 0.057614, -0.083587, 0.994834, -0.086354, 0.027203, 0.996250, 0.082131, 0.008053, 0.000000, 0.000000, 0.000000, 1.000000
-20.9738, -41.7781, 5.8184, 234.0605, 256.0605, 41.7781, 194.2550, 22.1452, -85.9687, 8.0639, 0.917899, 0.396200, 0.022077, -0.041778, -0.396798, 0.916940, 0.042096, 0.005818, -0.003565, -0.047400, 0.998870, 0.234061, 0.000000, 0.000000, 0.000000, 1.000000, -0.003565, -0.047400, 0.998870, 0.256061, -0.917899, -0.396200, -0.022077, 0.041778, 0.396798, -0.916940, -0.042096, 0.194255, 0.000000, 0.000000, 0.000000, 1.000000, -0.997251, 0.022837, 0.070492, 0.022145, 0.068460, -0.080072, 0.994435, -0.085969, 0.028355, 0.996527, 0.078288, 0.008064, 0.000000, 0.000000, 0.000000, 1.000000
-21.1197, -42.1488, 5.9146, 233.8299, 255.8299, 42.1488, 194.1588, 22.2057, -86.2614, 7.9580, 0.916391, 0.399230, 0.029029, -0.042149, -0.400175, 0.915425, 0.043106, 0.005915, -0.009364, -0.051119, 0.998649, 0.233830, 0.000000, 0.000000, 0.000000, 1.000000, -0.009364, -0.051119, 0.998649, 0.255830, -0.916391, -0.399230, -0.029029, 0.042149, 0.400175, -0.915425, -0.043106, 0.194159, 0.000000, 0.000000, 0.000000, 1.000000, -0.997661, 0.021706, 0.064817, 0.022206, 0.062805, -0.083214, 0.994551, -0.086261, 0.026981, 0.996295, 0.081656, 0.007958, 0.000000, 0.000000, 0.000000, 1.000000
-21.3256, -42.5431, 6.0997, 234.2679, 256.2679, 42.5431, 193.9738, 22.2514, -85.9091, 7.9296, 0.915938, 0.400827, 0.019910, -0.042543, -0.401319, 0.914944, 0.042655, 0.006100, -0.001119, -0.047060, 0.998891, 0.234268, 0.000000, 0.000000, 0.000000, 1.000000, -0.001119, -0.047060, 0.998891, 0.256268, -0.915938, -0.400827, -0.019910, 0.042543, 0.401319, -0.914944, -0.042655, 0.193974, 0.000000, 0.000000, 0.000000, 1.000000, -0.997034, 0.023911, 0.073153, 0.022251, 0.071072, -0.078609, 0.994369, -0.085909, 0.029526, 0.996619, 0.076677, 0.007930, 0.000000, 0.000000, 0.000000, 1.000000
-21.4752, -42.8798, 6.1998, 233.8550, 255.8550, 42.8798, 193.8737, 22.2612, -86.3829, 7.8335, 0.914703, 0.402808, 0.032612, -0.042880, -0.403934, 0.913774, 0.043058, 0.006200, -0.012456, -0.052558, 0.998540, 0.233855, 0.000000, 0.000000, 0.000000, 1.000000, -0.012456, -0.052558, 0.998540, 0.255855, -0.914703, -0.402808, -0.032612, 0.042880, 0.403934, -0.913774, -0.043058, 0.193874, 0.000000, 0.000000, 0.000000, 1.000000, -0.997789, 0.023805, 0.062052, 0.022261, 0.059865, -0.083593, 0.994700, -0.086383, 0.028866, 0.996216, 0.081983, 0.007834, 0.000000, 0.000000, 0.000000, 1.000000
-21.6185, -43.2913, 6.3840, 234.6884, 256.6884, 43.2913, 193.6894, 22.4782, -85.6216, 7.8175, 0.914095, 0.405305, 0.012604, -0.043291, -0.405406, 0.912768, 0.050003, 0.006384, 0.008762, -0.050817, 0.998670, 0.234688, 0.000000, 0.000000, 0.000000, 1.000000, 0.008762, -0.050817, 0.998670, 0.256688, -0.914095, -0.405305, -0.012604, 0.043291, 0.405406, -0.912768, -0.050003, 0.193689, 0.000000, 0.000000, 0.000000, 1.000000, -0.996246, 0.023725, 0.083256, 0.022478, 0.081079, -0.081356, 0.993382, -0.085622, 0.030341, 0.996403, 0.079127, 0.007817, 0.000000, 0.000000, 0.000000, 1.000000
-21.7716, -44.0332, 6.6617, 234.5957, 256.5957, 44.0332, 193.4117, 22.9445, -85.8091, 7.7114, 0.912019, 0.409727, 0.018574, -0.044033, -0.410143, 0.910838, 0.046438, 0.006662, 0.002109, -0.049970, 0.998748, 0.234596, 0.000000, 0.000000, 0.000000, 1.000000, 0.002109, -0.049970, 0.998748, 0.256596, -0.912019, -0.409727, -0.018574, 0.044033, 0.410143, -0.910838, -0.046438, 0.193412, 0.000000, 0.000000, 0.000000, 1.000000, -0.996830, 0.021621, 0.076564, 0.022945, 0.074616, -0.079832, 0.994012, -0.085809, 0.027603, 0.996574, 0.077966, 0.007711, 0.000000, 0.000000, 0.000000, 1.000000
-21.9232, -44.4061, 6.8448, 234.5792, 256.5792, 44.4061, 193.2287, 23.0474, -85.8948, 7.6808, 0.911207, 0.411348, 0.022255, -0.044406, -0.411946, 0.910086, 0.045205, 0.006845, -0.001659, -0.050359, 0.998730, 0.234579, 0.000000, 0.000000, 0.000000, 1.000000, -0.001659, -0.050359, 0.998730, 0.256579, -0.911207, -0.411348, -0.022255, 0.044406, 0.411946, -0.910086, -0.045205, 0.193229, 0.000000, 0.000000, 0.000000, 1.000000, -0.997086, 0.022428, 0.072919, 0.023047, 0.070920, -0.079762, 0.994288, -0.085895, 0.028116, 0.996562, 0.077939, 0.007681, 0.000000, 0.000000, 0.000000, 1.000000
-22.0768, -44.7554, 6.9528, 234.4707, 256.4707, 44.7554, 193.1207, 23.0848, -86.0675, 7.5890, 0.910407, 0.412970, 0.024821, -0.044755, -0.413701, 0.909222, 0.046551, 0.006953, -0.003344, -0.052649, 0.998607, 0.234471, 0.000000, 0.000000, 0.000000, 1.000000, -0.003344, -0.052649, 0.998607, 0.256471, -0.910407, -0.412970, -0.024821, 0.044755, 0.413701, -0.909222, -0.046551, 0.193121, 0.000000, 0.000000, 0.000000, 1.000000, -0.997180, 0.023079, 0.071404, 0.023085, 0.069306, -0.081576, 0.994255, -0.086067, 0.028771, 0.996400, 0.079746, 0.007589, 0.000000, 0.000000, 0.000000, 1.000000
-22.2212, -45.1463, 7.1774, 234.8486, 256.8486, 45.1463, 192.8960, 23.2642, -85.7619, 7.5974, 0.909474, 0.415327, 0.018978, -0.045146, -0.415759, 0.908403, 0.044142, 0.007177, 0.001094, -0.048037, 0.998845, 0.234849, 0.000000, 0.000000, 0.000000, 1.000000, 0.001094, -0.048037, 0.998845, 0.256849, -0.909474, -0.415327, -0.018978, 0.045146, 0.415759, -0.908403, -0.044142, 0.192896, 0.000000, 0.000000, 0.000000, 1.000000, -0.996847, 0.023438, 0.075802, 0.023264, 0.073812, -0.076492, 0.994334, -0.085762, 0.029103, 0.996795, 0.074520, 0.007597, 0.000000, 0.000000, 0.000000, 1.000000
-22.4068, -45.8650, 7.4424, 234.7282, 256.7282, 45.8650, 192.6310, 23.6339, -85.9836, 7.4722, 0.907285, 0.419691, 0.026354, -0.045865, -0.420471, 0.906335, 0.041974, 0.007442, -0.006270, -0.049164, 0.998771, 0.234728, 0.000000, 0.000000, 0.000000, 1.000000, -0.006270, -0.049164, 0.998771, 0.256728, -0.907285, -0.419691, -0.026354, 0.045865, 0.420471, -0.906335, -0.041974, 0.192631, 0.000000, 0.000000, 0.000000, 1.000000, -0.997415, 0.021745, 0.068483, 0.023634, 0.066628, -0.076861, 0.994813, -0.085984, 0.026895, 0.996805, 0.075213, 0.007472, 0.000000, 0.000000, 0.000000, 1.000000
-22.5721, -46.2030, 7.5413, 234.5144, 256.5144, 46.2030, 192.5322, 23.6250, -86.2630, 7.3677, 0.905794, 0.422460, 0.032637, -0.046203, -0.423601, 0.904670, 0.046195, 0.007541, -0.010010, -0.055669, 0.998399, 0.234514, 0.000000, 0.000000, 0.000000, 1.000000, -0.010010, -0.055669, 0.998399, 0.256514, -0.905794, -0.422460, -0.032637, 0.046203, 0.423601, -0.904670, -0.046195, 0.192532, 0.000000, 0.000000, 0.000000, 1.000000, -0.997671, 0.020906, 0.064929, 0.023625, 0.062994, -0.082744, 0.994578, -0.086263, 0.026165, 0.996351, 0.081235, 0.007368, 0.000000, 0.000000, 0.000000, 1.000000
-22.7085, -46.5798, 7.7472, 234.8638, 256.8638, 46.5798, 192.3263, 23.7981, -85.9818, 7.3610, 0.905472, 0.423706, 0.024362, -0.046580, -0.424399, 0.904282, 0.046477, 0.007747, -0.002338, -0.052423, 0.998622, 0.234864, 0.000000, 0.000000, 0.000000, 1.000000, -0.002338, -0.052423, 0.998622, 0.256864, -0.905472, -0.423706, -0.024362, 0.046580, 0.424399, -0.904282, -0.046477, 0.192326, 0.000000, 0.000000, 0.000000, 1.000000, -0.997111, 0.022215, 0.072641, 0.023798, 0.070678, -0.079124, 0.994356, -0.085982, 0.027838, 0.996617, 0.077325, 0.007361, 0.000000, 0.000000, 0.000000, 1.000000
-22.8533, -46.9932, 7.9015, 235.0307, 257.0307, 46.9932, 192.1720, 23.9501, -85.8839, 7.2837, 0.904558, 0.425607, 0.025180, -0.046993, -0.426334, 0.903477, 0.044370, 0.007901, -0.003866, -0.050870, 0.998698, 0.235031, 0.000000, 0.000000, 0.000000, 1.000000, -0.003866, -0.050870, 0.998698, 0.257031, -0.904558, -0.425607, -0.025180, 0.046993, 0.426334, -0.903477, -0.044370, 0.192172, 0.000000, 0.000000, 0.000000, 1.000000, -0.997204, 0.022775, 0.071166, 0.023950, 0.069220, -0.077114, 0.994617, -0.085884, 0.028140, 0.996762, 0.075322, 0.007284, 0.000000, 0.000000, 0.000000, 1.000000
-22.9946, -47.3558, 8.0916, 235.1940, 257.1940, 47.3558, 191.9819, 24.0789, -85.7881, 7.2606, 0.903860, 0.427243, 0.022359, -0.047356, -0.427828, 0.902600, 0.047710, 0.008092, 0.000202, -0.052689, 0.998611, 0.235194, 0.000000, 0.000000, 0.000000, 1.000000, 0.000202, -0.052689, 0.998611, 0.257194, -0.903860, -0.427243, -0.022359, 0.047356, 0.427828, -0.902600, -0.047710, 0.191982, 0.000000, 0.000000, 0.000000, 1.000000, -0.996885, 0.023228, 0.075367, 0.024079, 0.073336, -0.078484, 0.994214, -0.085788, 0.029009, 0.996645, 0.076536, 0.007261, 0.000000, 0.000000, 0.000000, 1.000000
-23.1346, -47.7746, 8.2452, 235.1533, 257.1533, 47.7746, 191.8283, 24.2294, -85.8963, 7.1734, 0.902508, 0.429760, 0.028009, -0.047775, -0.430612, 0.901559, 0.042015, 0.008245, -0.007195, -0.049980, 0.998724, 0.235153, 0.000000, 0.000000, 0.000000, 1.000000, -0.007195, -0.049980, 0.998724, 0.257153, -0.902508, -0.429760, -0.028009, 0.047775, 0.430612, -0.901559, -0.042015, 0.191828, 0.000000, 0.000000, 0.000000, 1.000000, -0.997420, 0.023135, 0.067960, 0.024229, 0.066047, -0.075285, 0.994972, -0.085896, 0.028136, 0.996894, 0.073563, 0.007173, 0.000000, 0.000000, 0.000000, 1.000000
-23.2594, -48.1211, 8.3886, 235.2499, 257.2499, 48.1211, 191.6848, 24.3523, -85.8591, 7.1157, 0.901329, 0.432311, 0.026706, -0.048121, -0.433122, 0.900065, 0.047835, 0.008389, -0.003358, -0.054682, 0.998498, 0.235250, 0.000000, 0.000000, 0.000000, 1.000000, -0.003358, -0.054682, 0.998498, 0.257250, -0.901329, -0.432311, -0.026706, 0.048121, 0.433122, -0.900065, -0.047835, 0.191685, 0.000000, 0.000000, 0.000000, 1.000000, -0.997169, 0.022000, 0.071907, 0.024352, 0.069952, -0.079481, 0.994379, -0.085859, 0.027591, 0.996594, 0.077717, 0.007116, 0.000000, 0.000000, 0.000000, 1.000000
-23.3947, -48.5179, 8.5927, 235.4100, 257.4100, 48.5179, 191.4807, 24.5302, -85.7674, 7.0865, 0.900517, 0.434113, 0.024777, -0.048518, -0.434808, 0.899456, 0.043823, 0.008593, -0.003262, -0.050237, 0.998732, 0.235410, 0.000000, 0.000000, 0.000000, 1.000000, -0.003262, -0.050237, 0.998732, 0.257410, -0.900517, -0.434113, -0.024777, 0.048518, 0.434808, -0.899456, -0.043823, 0.191481, 0.000000, 0.000000, 0.000000, 1.000000, -0.997146, 0.022789, 0.071981, 0.024530, 0.070103, -0.074624, 0.994745, -0.085767, 0.028040, 0.996951, 0.072813, 0.007086, 0.000000, 0.000000, 0.000000, 1.000000
-23.5314, -48.8184, 8.6937, 235.2298, 257.2298, 48.8184, 191.3797, 24.5475, -86.0044, 7.0010, 0.899284, 0.436412, 0.028859, -0.048818, -0.437351, 0.897834, 0.051162, 0.008694, -0.003583, -0.058631, 0.998273, 0.235230, 0.000000, 0.000000, 0.000000, 1.000000, -0.003583, -0.058631, 0.998273, 0.257230, -0.899284, -0.436412, -0.028859, 0.048818, 0.437351, -0.897834, -0.051162, 0.191380, 0.000000, 0.000000, 0.000000, 1.000000, -0.997176, 0.021747, 0.071876, 0.024548, 0.069859, -0.082482, 0.994141, -0.086004, 0.027548, 0.996355, 0.080730, 0.007001, 0.000000, 0.000000, 0.000000, 1.000000
-23.6777, -49.2088, 8.9115, 235.6329, 257.6329, 49.2088, 191.1620, 24.7211, -85.6738, 6.9868, 0.898853, 0.437533, 0.025057, -0.049209, -0.438241, 0.897724, 0.045123, 0.008911, -0.002752, -0.051540, 0.998667, 0.235633, 0.000000, 0.000000, 0.000000, 1.000000, -0.002752, -0.051540, 0.998667, 0.257633, -0.898853, -0.437533, -0.025057, 0.049209, 0.438241, -0.897724, -0.045123, 0.191162, 0.000000, 0.000000, 0.000000, 1.000000, -0.997072, 0.023756, 0.072683, 0.024721, 0.070721, -0.075028, 0.994670, -0.085674, 0.029083, 0.996898, 0.073128, 0.006987, 0.000000, 0.000000, 0.000000, 1.000000
-23.8285, -49.5271, 8.9957, 235.2336, 257.2336, 49.5271, 191.0778, 24.7012, -86.1329, 6.8683, 0.897180, 0.440399, 0.033421, -0.049527, -0.441601, 0.895770, 0.050847, 0.008996, -0.007545, -0.060377, 0.998147, 0.235234, 0.000000, 0.000000, 0.000000, 1.000000, -0.007545, -0.060377, 0.998147, 0.257234, -0.897180, -0.440399, -0.033421, 0.049527, 0.441601, -0.895770, -0.050847, 0.191078, 0.000000, 0.000000, 0.000000, 1.000000, -0.997430, 0.022266, 0.068099, 0.024701, 0.066029, -0.083249, 0.994339, -0.086133, 0.027809, 0.996280, 0.081564, 0.006868, 0.000000, 0.000000, 0.000000, 1.000000
-23.9840, -49.9504, 9.2163, 235.7353, 257.7353, 49.9504, 190.8572, 24.8926, -85.7085, 6.8379, 0.896582, 0.442185, 0.024748, -0.049950, -0.442877, 0.895270, 0.048494, 0.009216, -0.000712, -0.054439, 0.998517, 0.235735, 0.000000, 0.000000, 0.000000, 1.000000, -0.000712, -0.054439, 0.998517, 0.257735, -0.896582, -0.442185, -0.024748, 0.049950, 0.442877, -0.895270, -0.048494, 0.190857, 0.000000, 0.000000, 0.000000, 1.000000, -0.996912, 0.023583, 0.074902, 0.024893, 0.072893, -0.076865, 0.994373, -0.085709, 0.029208, 0.996763, 0.074909, 0.006838, 0.000000, 0.000000, 0.000000, 1.000000
-24.2005, -50.6750, 9.5079, 235.7875, 257.7875, 50.6750, 190.5655, 25.2238, -85.7685, 6.7017, 0.894168, 0.446908, 0.027142, -0.050675, -0.447727, 0.892769, 0.050043, 0.009508, -0.001867, -0.056899, 0.998378, 0.235787, 0.000000, 0.000000, 0.000000, 1.000000, -0.001867, -0.056899, 0.998378, 0.257787, -0.894168, -0.446908, -0.027142, 0.050675, 0.447727, -0.892769, -0.050043, 0.190566, 0.000000, 0.000000, 0.000000, 1.000000, -0.997035, 0.021807, 0.073791, 0.025224, 0.071875, -0.078454, 0.994323, -0.085769, 0.027472, 0.996679, 0.076654, 0.006702, 0.000000, 0.000000, 0.000000, 1.000000
-24.4028, -51.3526, 9.8111, 235.5819, 257.5819, 51.3526, 190.2624, 25.5289, -86.0798, 6.5925, 0.892155, 0.450569, 0.032365, -0.051353, -0.451685, 0.890787, 0.049794, 0.009811, -0.006395, -0.059043, 0.998235, 0.235582, 0.000000, 0.000000, 0.000000, 1.000000, -0.006395, -0.059043, 0.998235, 0.257582, -0.892155, -0.450569, -0.032365, 0.051353, 0.451685, -0.890787, -0.049794, 0.190262, 0.000000, 0.000000, 0.000000, 1.000000, -0.997372, 0.020989, 0.069337, 0.025529, 0.067458, -0.079843, 0.994522, -0.086080, 0.026410, 0.996586, 0.078218, 0.006593, 0.000000, 0.000000, 0.000000, 1.000000
-24.6562, -51.7889, 10.0719, 236.2337, 258.2337, 51.7889, 190.0015, 25.5594, -85.5338, 6.5609, 0.891767, 0.451830, 0.024532, -0.051789, -0.452495, 0.890437, 0.048685, 0.010072, 0.000153, -0.054516, 0.998513, 0.236234, 0.000000, 0.000000, 0.000000, 1.000000, 0.000153, -0.054516, 0.998513, 0.258234, -0.891767, -0.451830, -0.024532, 0.051789, 0.452495, -0.890437, -0.048685, 0.190002, 0.000000, 0.000000, 0.000000, 1.000000, -0.996806, 0.024427, 0.076032, 0.025559, 0.074022, -0.074693, 0.994456, -0.085534, 0.029971, 0.996907, 0.072646, 0.006561, 0.000000, 0.000000, 0.000000, 1.000000
-24.8291, -53.2198, 10.7065, 236.1241, 258.1241, 53.2198, 189.3669, 26.7487, -85.8018, 6.3821, 0.886841, 0.461029, 0.031053, -0.053220, -0.462058, 0.885358, 0.051421, 0.010707, -0.003786, -0.059951, 0.998194, 0.236124, 0.000000, 0.000000, 0.000000, 1.000000, -0.003786, -0.059951, 0.998194, 0.258124, -0.886841, -0.461029, -0.031053, 0.053220, 0.462058, -0.885358, -0.051421, 0.189367, 0.000000, 0.000000, 0.000000, 1.000000, -0.997280, 0.016528, 0.071833, 0.026749, 0.070317, -0.078954, 0.994395, -0.085802, 0.022107, 0.996741, 0.077577, 0.006382, 0.000000, 0.000000, 0.000000, 1.000000
-25.2877, -53.6167, 10.9397, 236.3936, 258.3936, 53.6167, 189.1338, 26.2765, -85.6868, 6.2727, 0.886039, 0.462631, 0.030120, -0.053617, -0.463593, 0.884696, 0.048926, 0.010940, -0.004012, -0.057314, 0.998348, 0.236394, 0.000000, 0.000000, 0.000000, 1.000000, -0.004012, -0.057314, 0.998348, 0.258394, -0.886039, -0.462631, -0.030120, 0.053617, 0.463593, -0.884696, -0.048926, 0.189134, 0.000000, 0.000000, 0.000000, 1.000000, -0.997137, 0.022924, 0.072054, 0.026277, 0.070149, -0.075207, 0.994697, -0.085687, 0.028222, 0.996904, 0.073384, 0.006273, 0.000000, 0.000000, 0.000000, 1.000000
-25.4320, -53.9842, 11.1063, 236.4026, 258.4026, 53.9842, 188.9671, 26.3785, -85.7449, 6.1993, 0.884912, 0.464661, 0.031960, -0.053984, -0.465710, 0.883728, 0.046259, 0.011106, -0.006749, -0.055819, 0.998418, 0.236403, 0.000000, 0.000000, 0.000000, 1.000000, -0.006749, -0.055819, 0.998418, 0.258403, -0.884912, -0.464661, -0.031960, 0.053984, 0.465710, -0.883728, -0.046259, 0.188967, 0.000000, 0.000000, 0.000000, 1.000000, -0.997321, 0.023290, 0.069340, 0.026379, 0.067470, -0.073240, 0.995029, -0.085745, 0.028253, 0.997042, 0.071472, 0.006199, 0.000000, 0.000000, 0.000000, 1.000000
-25.5905, -54.3354, 11.2355, 236.4716, 258.4716, 54.3354, 188.8379, 26.4229, -85.7439, 6.0972, 0.884082, 0.466384, 0.029757, -0.054335, -0.467321, 0.882707, 0.049395, 0.011236, -0.003230, -0.057575, 0.998336, 0.236472, 0.000000, 0.000000, 0.000000, 1.000000, -0.003230, -0.057575, 0.998336, 0.258472, -0.884082, -0.466384, -0.029757, 0.054335, 0.467321, -0.882707, -0.049395, 0.188838, 0.000000, 0.000000, 0.000000, 1.000000, -0.997047, 0.023898, 0.072980, 0.026423, 0.071022, -0.074498, 0.994689, -0.085744, 0.029207, 0.996935, 0.072580, 0.006097, 0.000000, 0.000000, 0.000000, 1.000000
-25.7372, -54.7170, 11.4075, 236.5538, 258.5538, 54.7170, 188.6659, 26.5396, -85.7308, 6.0194, 0.882723, 0.468813, 0.031836, -0.054717, -0.469870, 0.881329, 0.049823, 0.011408, -0.004700, -0.058939, 0.998251, 0.236554, 0.000000, 0.000000, 0.000000, 1.000000, -0.004700, -0.058939, 0.998251, 0.258554, -0.882723, -0.468813, -0.031836, 0.054717, 0.469870, -0.881329, -0.049823, 0.188666, 0.000000, 0.000000, 0.000000, 1.000000, -0.997158, 0.023544, 0.071566, 0.026540, 0.069613, -0.075331, 0.994726, -0.085731, 0.028811, 0.996881, 0.073478, 0.006019, 0.000000, 0.000000, 0.000000, 1.000000
-25.9003, -55.0261, 11.6028, 236.4700, 258.4700, 55.0261, 188.4707, 26.5585, -85.8844, 5.9897, 0.881714, 0.470591, 0.033534, -0.055026, -0.471747, 0.880305, 0.050169, 0.011603, -0.005911, -0.060055, 0.998178, 0.236470, 0.000000, 0.000000, 0.000000, 1.000000, -0.005911, -0.060055, 0.998178, 0.258470, -0.881714, -0.470591, -0.033534, 0.055026, 0.471747, -0.880305, -0.050169, 0.188471, 0.000000, 0.000000, 0.000000, 1.000000, -0.997220, 0.024230, 0.070469, 0.026558, 0.068450, -0.075937, 0.994760, -0.085884, 0.029454, 0.996818, 0.074068, 0.005990, 0.000000, 0.000000, 0.000000, 1.000000
-26.0578, -55.7164, 11.9063, 236.3947, 258.3947, 55.7164, 188.1671, 26.9733, -86.0554, 5.8638, 0.879464, 0.474706, 0.034606, -0.055716, -0.475926, 0.878005, 0.051006, 0.011906, -0.006171, -0.061328, 0.998099, 0.236395, 0.000000, 0.000000, 0.000000, 1.000000, -0.006171, -0.061328, 0.998099, 0.258395, -0.879464, -0.474706, -0.034606, 0.055716, 0.475926, -0.878005, -0.051006, 0.188167, 0.000000, 0.000000, 0.000000, 1.000000, -0.997291, 0.022154, 0.070148, 0.026973, 0.068268, -0.076514, 0.994729, -0.086055, 0.027404, 0.996822, 0.074794, 0.005864, 0.000000, 0.000000, 0.000000, 1.000000
-26.2422, -56.0981, 12.1032, 236.6894, 258.6894, 56.0981, 187.9702, 27.0392, -85.8414, 5.7949, 0.878401, 0.476922, 0.030951, -0.056098, -0.477922, 0.876780, 0.053365, 0.012103, -0.001687, -0.061668, 0.998095, 0.236689, 0.000000, 0.000000, 0.000000, 1.000000, -0.001687, -0.061668, 0.998095, 0.258689, -0.878401, -0.476922, -0.030951, 0.056098, 0.477922, -0.876780, -0.053365, 0.187970, 0.000000, 0.000000, 0.000000, 1.000000, -0.996944, 0.022787, 0.074718, 0.027039, 0.072786, -0.076266, 0.994427, -0.085841, 0.028358, 0.996827, 0.074374, 0.005795, 0.000000, 0.000000, 0.000000, 1.000000
-26.3916, -56.5197, 12.3615, 237.2333, 259.2333, 56.5197, 187.7119, 27.2609, -85.3754, 5.7699, 0.877595, 0.478847, 0.023091, -0.056520, -0.479368, 0.875921, 0.054484, 0.012362, 0.005864, -0.058884, 0.998248, 0.237233, 0.000000, 0.000000, 0.000000, 1.000000, 0.005864, -0.058884, 0.998248, 0.259233, -0.877595, -0.478847, -0.023091, 0.056520, 0.479368, -0.875921, -0.054484, 0.187712, 0.000000, 0.000000, 0.000000, 1.000000, -0.996334, 0.023484, 0.082261, 0.027261, 0.080355, -0.073013, 0.994089, -0.085375, 0.029351, 0.997054, 0.070858, 0.005770, 0.000000, 0.000000, 0.000000, 1.000000
-26.5322, -56.8946, 12.5066, 237.0528, 259.0528, 56.8946, 187.5669, 27.3498, -85.6212, 5.6628, 0.876123, 0.481081, 0.031145, -0.056895, -0.482076, 0.874730, 0.049507, 0.012507, -0.003426, -0.058389, 0.998288, 0.237053, 0.000000, 0.000000, 0.000000, 1.000000, -0.003426, -0.058389, 0.998288, 0.259053, -0.876123, -0.481081, -0.031145, 0.056895, 0.482076, -0.874730, -0.049507, 0.187567, 0.000000, 0.000000, 0.000000, 1.000000, -0.997057, 0.023427, 0.072997, 0.027350, 0.071144, -0.072026, 0.994862, -0.085621, 0.028564, 0.997128, 0.070147, 0.005663, 0.000000, 0.000000, 0.000000, 1.000000
-26.6862, -57.1900, 12.6831, 236.9683, 258.9683, 57.1900, 187.3903, 27.3653, -85.7715, 5.6195, 0.875324, 0.482535, 0.031110, -0.057190, -0.483532, 0.873774, 0.052107, 0.012683, -0.002040, -0.060653, 0.998157, 0.236968, 0.000000, 0.000000, 0.000000, 1.000000, -0.002040, -0.060653, 0.998157, 0.258968, -0.875324, -0.482535, -0.031110, 0.057190, 0.483532, -0.873774, -0.052107, 0.187390, 0.000000, 0.000000, 0.000000, 1.000000, -0.996926, 0.024184, 0.074522, 0.027365, 0.072559, -0.073820, 0.994628, -0.085771, 0.029555, 0.996978, 0.071838, 0.005619, 0.000000, 0.000000, 0.000000, 1.000000
-26.8537, -57.8992, 13.0276, 237.1495, 259.1495, 57.8992, 187.0458, 27.8130, -85.6928, 5.5068, 0.873146, 0.486494, 0.030653, -0.057899, -0.487459, 0.871344, 0.056072, 0.013028, 0.000569, -0.063901, 0.997956, 0.237150, 0.000000, 0.000000, 0.000000, 1.000000, 0.000569, -0.063901, 0.997956, 0.259150, -0.873146, -0.486494, -0.030653, 0.057899, 0.487459, -0.871344, -0.056072, 0.187046, 0.000000, 0.000000, 0.000000, 1.000000, -0.996774, 0.022199, 0.077126, 0.027813, 0.075230, -0.076347, 0.994239, -0.085693, 0.027960, 0.996834, 0.074431, 0.005507, 0.000000, 0.000000, 0.000000, 1.000000
-27.0134, -58.3125, 13.2754, 237.5316, 259.5316, 58.3125, 186.7980, 27.9885, -85.3897, 5.4640, 0.872208, 0.488453, 0.025821, -0.058312, -0.489121, 0.870564, 0.053662, 0.013275, 0.003732, -0.059434, 0.998225, 0.237532, 0.000000, 0.000000, 0.000000, 1.000000, 0.003732, -0.059434, 0.998225, 0.259532, -0.872208, -0.488453, -0.025821, 0.058312, 0.489121, -0.870564, -0.053662, 0.186798, 0.000000, 0.000000, 0.000000, 1.000000, -0.996504, 0.023216, 0.080253, 0.027988, 0.078417, -0.071394, 0.994361, -0.085390, 0.028814, 0.997178, 0.069324, 0.005464, 0.000000, 0.000000, 0.000000, 1.000000
-27.2180, -58.6553, 13.4147, 237.1505, 259.1505, 58.6553, 186.6588, 27.8975, -85.8500, 5.3420, 0.870443, 0.490973, 0.035705, -0.058655, -0.492233, 0.868976, 0.050872, 0.013415, -0.006050, -0.061856, 0.998067, 0.237151, 0.000000, 0.000000, 0.000000, 1.000000, -0.006050, -0.061856, 0.998067, 0.259151, -0.870443, -0.490973, -0.035705, 0.058655, 0.492233, -0.868976, -0.050872, 0.186659, 0.000000, 0.000000, 0.000000, 1.000000, -0.997225, 0.023598, 0.070601, 0.027898, 0.068710, -0.073143, 0.994952, -0.085850, 0.028642, 0.997042, 0.071318, 0.005342, 0.000000, 0.000000, 0.000000, 1.000000
-27.3821, -59.3633, 13.7767, 237.5043, 259.5043, 59.3633, 186.2968, 28.3710, -85.5994, 5.2384, 0.868611, 0.494332, 0.033929, -0.059363, -0.495482, 0.867049, 0.052185, 0.013777, -0.003622, -0.062139, 0.998061, 0.237504, 0.000000, 0.000000, 0.000000, 1.000000, -0.003622, -0.062139, 0.998061, 0.259504, -0.868611, -0.494332, -0.033929, 0.059363, 0.495482, -0.867049, -0.052185, 0.186297, 0.000000, 0.000000, 0.000000, 1.000000, -0.997077, 0.022550, 0.073003, 0.028371, 0.071191, -0.072780, 0.994804, -0.085599, 0.027746, 0.997093, 0.070962, 0.005238, 0.000000, 0.000000, 0.000000, 1.000000
-27.5941, -59.6988, 13.9468, 237.2959, 259.2959, 59.6988, 186.1267, 28.2859, -85.8906, 5.1426, 0.867058, 0.496716, 0.038522, -0.059699, -0.498133, 0.865667, 0.049830, 0.013947, -0.008596, -0.062395, 0.998015, 0.237296, 0.000000, 0.000000, 0.000000, 1.000000, -0.008596, -0.062395, 0.998015, 0.259296, -0.867058, -0.496716, -0.038522, 0.059699, 0.498133, -0.865667, -0.049830, 0.186127, 0.000000, 0.000000, 0.000000, 1.000000, -0.997402, 0.023445, 0.068119, 0.028286, 0.066266, -0.072369, 0.995174, -0.085891, 0.028262, 0.997102, 0.070628, 0.005143, 0.000000, 0.000000, 0.000000, 1.000000
-27.7943, -60.4205, 14.3658, 237.8452, 259.8452, 60.4205, 185.7076, 28.7397, -85.4579, 5.0639, 0.865012, 0.500950, 0.028346, -0.060421, -0.501729, 0.863058, 0.058305, 0.014366, 0.004744, -0.064657, 0.997896, 0.237845, 0.000000, 0.000000, 0.000000, 1.000000, 0.004744, -0.064657, 0.997896, 0.259845, -0.865012, -0.500950, -0.028346, 0.060421, 0.501729, -0.863058, -0.058305, 0.185708, 0.000000, 0.000000, 0.000000, 1.000000, -0.996441, 0.021772, 0.081427, 0.028740, 0.079622, -0.073818, 0.994088, -0.085458, 0.027654, 0.997034, 0.071822, 0.005064, 0.000000, 0.000000, 0.000000, 1.000000
-27.9692, -61.1550, 14.7359, 237.9241, 259.9241, 61.1550, 185.3376, 29.1951, -85.4865, 4.9368, 0.862868, 0.504401, 0.032229, -0.061155, -0.505429, 0.861015, 0.056519, 0.014736, 0.000759, -0.065058, 0.997881, 0.237924, 0.000000, 0.000000, 0.000000, 1.000000, 0.000759, -0.065058, 0.997881, 0.259924, -0.862868, -0.504401, -0.032229, 0.061155, 0.505429, -0.861015, -0.056519, 0.185338, 0.000000, 0.000000, 0.000000, 1.000000, -0.996782, 0.020763, 0.077422, 0.029195, 0.075706, -0.073539, 0.994415, -0.085487, 0.026341, 0.997076, 0.071731, 0.004937, 0.000000, 0.000000, 0.000000, 1.000000
-28.3025, -62.5947, 15.5302, 238.2330, 260.2330, 62.5947, 184.5433, 30.1555, -85.3890, 4.7390, 0.858231, 0.512071, 0.034976, -0.062595, -0.513258, 0.856547, 0.053791, 0.015530, -0.002414, -0.064117, 0.997939, 0.238233, 0.000000, 0.000000, 0.000000, 1.000000, -0.002414, -0.064117, 0.997939, 0.260233, -0.858231, -0.512071, -0.034976, 0.062595, 0.513258, -0.856547, -0.053791, 0.184543, 0.000000, 0.000000, 0.000000, 1.000000, -0.997095, 0.017744, 0.074069, 0.030156, 0.072632, -0.071214, 0.994813, -0.085389, 0.022926, 0.997303, 0.069719, 0.004739, 0.000000, 0.000000, 0.000000, 1.000000
-28.7578, -62.8954, 15.6576, 238.0325, 260.0325, 62.8954, 184.4158, 29.5047, -85.7327, 4.5338, 0.856633, 0.514629, 0.036562, -0.062895, -0.515925, 0.854599, 0.059005, 0.015658, -0.000880, -0.069408, 0.997588, 0.238032, 0.000000, 0.000000, 0.000000, 1.000000, -0.000880, -0.069408, 0.997588, 0.260032, -0.856633, -0.514629, -0.036562, 0.062895, 0.515925, -0.854599, -0.059005, 0.184416, 0.000000, 0.000000, 0.000000, 1.000000, -0.996861, 0.022013, 0.076050, 0.029505, 0.074200, -0.075263, 0.994399, -0.085733, 0.027614, 0.996921, 0.073394, 0.004534, 0.000000, 0.000000, 0.000000, 1.000000
-28.9127, -63.3295, 15.9617, 238.6522, 260.6522, 63.3295, 184.1117, 29.7533, -85.1955, 4.5066, 0.856289, 0.515691, 0.028840, -0.063329, -0.516456, 0.854189, 0.060280, 0.015962, 0.006451, -0.066512, 0.997765, 0.238652, 0.000000, 0.000000, 0.000000, 1.000000, 0.006451, -0.066512, 0.997765, 0.260652, -0.856289, -0.515691, -0.028840, 0.063329, 0.516456, -0.854189, -0.060280, 0.184112, 0.000000, 0.000000, 0.000000, 1.000000, -0.996230, 0.023794, 0.083422, 0.029753, 0.081522, -0.071957, 0.994071, -0.085196, 0.029655, 0.997124, 0.069746, 0.004507, 0.000000, 0.000000, 0.000000, 1.000000
-29.1041, -63.9912, 16.2654, 238.3652, 260.3652, 63.9912, 183.8081, 30.0469, -85.5862, 4.3377, 0.853619, 0.519602, 0.036716, -0.063991, -0.520895, 0.851706, 0.057146, 0.016265, -0.001578, -0.067906, 0.997690, 0.238365, 0.000000, 0.000000, 0.000000, 1.000000, -0.001578, -0.067906, 0.997690, 0.260365, -0.853619, -0.519602, -0.036716, 0.063991, 0.520895, -0.851706, -0.057146, 0.183808, 0.000000, 0.000000, 0.000000, 1.000000, -0.996906, 0.022374, 0.075356, 0.030047, 0.073556, -0.072585, 0.994646, -0.085586, 0.027724, 0.997111, 0.070714, 0.004338, 0.000000, 0.000000, 0.000000, 1.000000
-29.2498, -64.3484, 16.4917, 238.5559, 260.5559, 64.3484, 183.5817, 30.1757, -85.4664, 4.2841, 0.852068, 0.522347, 0.033662, -0.064348, -0.523425, 0.849997, 0.059422, 0.016492, 0.002426, -0.068251, 0.997665, 0.238556, 0.000000, 0.000000, 0.000000, 1.000000, 0.002426, -0.068251, 0.997665, 0.260556, -0.852068, -0.522347, -0.033662, 0.064348, 0.523425, -0.849997, -0.059422, 0.183582, 0.000000, 0.000000, 0.000000, 1.000000, -0.996614, 0.021640, 0.079322, 0.030176, 0.077571, -0.072370, 0.994357, -0.085466, 0.027259, 0.997143, 0.070447, 0.004284, 0.000000, 0.000000, 0.000000, 1.000000
-29.4187, -64.6336, 16.6414, 238.3659, 260.3659, 64.6336, 183.4320, 30.1245, -85.7245, 4.1960, 0.850650, 0.524378, 0.037717, -0.064634, -0.525729, 0.848728, 0.057191, 0.016641, -0.002022, -0.068478, 0.997651, 0.238366, 0.000000, 0.000000, 0.000000, 1.000000, -0.002022, -0.068478, 0.997651, 0.260366, -0.850650, -0.524378, -0.037717, 0.064634, 0.525729, -0.848728, -0.057191, 0.183432, 0.000000, 0.000000, 0.000000, 1.000000, -0.996943, 0.022153, 0.074926, 0.030124, 0.073158, -0.072051, 0.994714, -0.085725, 0.027435, 0.997155, 0.070210, 0.004196, 0.000000, 0.000000, 0.000000, 1.000000
-29.5603, -64.9847, 16.8478, 238.4460, 260.4460, 64.9847, 183.2256, 30.2373, -85.7127, 4.1278, 0.849490, 0.526168, 0.038904, -0.064985, -0.527602, 0.847388, 0.059749, 0.016848, -0.001529, -0.071282, 0.997455, 0.238446, 0.000000, 0.000000, 0.000000, 1.000000, -0.001529, -0.071282, 0.997455, 0.260446, -0.849490, -0.526168, -0.038904, 0.064985, 0.527602, -0.847388, -0.059749, 0.183226, 0.000000, 0.000000, 0.000000, 1.000000, -0.996900, 0.022160, 0.075500, 0.030237, 0.073666, -0.074372, 0.994506, -0.085713, 0.027653, 0.996984, 0.072509, 0.004128, 0.000000, 0.000000, 0.000000, 1.000000
-29.7079, -65.3592, 17.0878, 238.6763, 260.6763, 65.3592, 182.9857, 30.3861, -85.5556, 4.0713, 0.848484, 0.527833, 0.038311, -0.065359, -0.529217, 0.846547, 0.057329, 0.017088, -0.002172, -0.068918, 0.997620, 0.238676, 0.000000, 0.000000, 0.000000, 1.000000, -0.002172, -0.068918, 0.997620, 0.260676, -0.848484, -0.527833, -0.038311, 0.065359, 0.529217, -0.846547, -0.057329, 0.182986, 0.000000, 0.000000, 0.000000, 1.000000, -0.996928, 0.023040, 0.074856, 0.030386, 0.073039, -0.071556, 0.994759, -0.085556, 0.028276, 0.997170, 0.069653, 0.004071, 0.000000, 0.000000, 0.000000, 1.000000
-29.9384, -66.0482, 17.4503, 238.7068, 260.7068, 66.0482, 182.6231, 30.6732, -85.6446, 3.9118, 0.845764, 0.532163, 0.038536, -0.066048, -0.533557, 0.843530, 0.061441, 0.017450, 0.000191, -0.072526, 0.997366, 0.238707, 0.000000, 0.000000, 0.000000, 1.000000, 0.000191, -0.072526, 0.997366, 0.260707, -0.845764, -0.532163, -0.038536, 0.066048, 0.533557, -0.843530, -0.061441, 0.182623, 0.000000, 0.000000, 0.000000, 1.000000, -0.996784, 0.021487, 0.077207, 0.030673, 0.075421, -0.074258, 0.994383, -0.085645, 0.027099, 0.997008, 0.072399, 0.003912, 0.000000, 0.000000, 0.000000, 1.000000
-30.4018, -67.0644, 18.0417, 238.7654, 260.7654, 67.0644, 182.0317, 30.8659, -85.7975, 3.6726, 0.841418, 0.538632, 0.043481, -0.067064, -0.540374, 0.839168, 0.061591, 0.018042, -0.003313, -0.075320, 0.997154, 0.238765, 0.000000, 0.000000, 0.000000, 1.000000, -0.003313, -0.075320, 0.997154, 0.260765, -0.841418, -0.538632, -0.043481, 0.067064, 0.540374, -0.839168, -0.061591, 0.182032, 0.000000, 0.000000, 0.000000, 1.000000, -0.997043, 0.021497, 0.073774, 0.030866, 0.071963, -0.075455, 0.994549, -0.085797, 0.026947, 0.996917, 0.073685, 0.003673, 0.000000, 0.000000, 0.000000, 1.000000
-30.5917, -67.8316, 18.5505, 239.1564, 261.1564, 67.8316, 181.5230, 31.4105, -85.5274, 3.5919, 0.839523, 0.541973, 0.038303, -0.067832, -0.543324, 0.837341, 0.060488, 0.018550, 0.000710, -0.071592, 0.997434, 0.239156, 0.000000, 0.000000, 0.000000, 1.000000, 0.000710, -0.071592, 0.997434, 0.261156, -0.839523, -0.541973, -0.038303, 0.067832, 0.543324, -0.837341, -0.060488, 0.181523, 0.000000, 0.000000, 0.000000, 1.000000, -0.996752, 0.021278, 0.077672, 0.031411, 0.075986, -0.071041, 0.994575, -0.085527, 0.026680, 0.997246, 0.069193, 0.003592, 0.000000, 0.000000, 0.000000, 1.000000
-30.7450, -68.1204, 18.7129, 239.1236, 261.1236, 68.1204, 181.3605, 31.4117, -85.6258, 3.5072, 0.838482, 0.543529, 0.039043, -0.068120, -0.544930, 0.836376, 0.059385, 0.018713, -0.000377, -0.071069, 0.997471, 0.239124, 0.000000, 0.000000, 0.000000, 1.000000, -0.000377, -0.071069, 0.997471, 0.261124, -0.838482, -0.543529, -0.039043, 0.068120, 0.544930, -0.836376, -0.059385, 0.181361, 0.000000, 0.000000, 0.000000, 1.000000, -0.996814, 0.022142, 0.076626, 0.031412, 0.074910, -0.070049, 0.994727, -0.085626, 0.027393, 0.997298, 0.068167, 0.003507, 0.000000, 0.000000, 0.000000, 1.000000
-30.8986, -68.4497, 18.8864, 239.2287, 261.2287, 68.4497, 181.1870, 31.4619, -85.5898, 3.4073, 0.837244, 0.545398, 0.039535, -0.068450, -0.546826, 0.834807, 0.063865, 0.018886, 0.001828, -0.075089, 0.997175, 0.239229, 0.000000, 0.000000, 0.000000, 1.000000, 0.001828, -0.075089, 0.997175, 0.261229, -0.837244, -0.545398, -0.039535, 0.068450, 0.546826, -0.834807, -0.063865, 0.181187, 0.000000, 0.000000, 0.000000, 1.000000, -0.996636, 0.022069, 0.078929, 0.031462, 0.077116, -0.073544, 0.994306, -0.085590, 0.027748, 0.997048, 0.071594, 0.003407, 0.000000, 0.000000, 0.000000, 1.000000
-31.0427, -68.7626, 19.1172, 239.0839, 261.0839, 68.7626, 180.9563, 31.5321, -85.8018, 3.3668, 0.836133, 0.546880, 0.042478, -0.068763, -0.548521, 0.833971, 0.060137, 0.019117, -0.002538, -0.073582, 0.997286, 0.239084, 0.000000, 0.000000, 0.000000, 1.000000, -0.002538, -0.073582, 0.997286, 0.261084, -0.836133, -0.546880, -0.042478, 0.068763, 0.548521, -0.833971, -0.060137, 0.180956, 0.000000, 0.000000, 0.000000, 1.000000, -0.996950, 0.022983, 0.074581, 0.031532, 0.072767, -0.071601, 0.994775, -0.085802, 0.028203, 0.997169, 0.069710, 0.003367, 0.000000, 0.000000, 0.000000, 1.000000
-31.1968, -69.0877, 19.2877, 239.0587, 261.0587, 69.0877, 180.7857, 31.5665, -85.8952, 3.2650, 0.834559, 0.549060, 0.045217, -0.069088, -0.550901, 0.832375, 0.060495, 0.019288, -0.004422, -0.075397, 0.997144, 0.239059, 0.000000, 0.000000, 0.000000, 1.000000, -0.004422, -0.075397, 0.997144, 0.261059, -0.834559, -0.549060, -0.045217, 0.069088, 0.550901, -0.832375, -0.060495, 0.180786, 0.000000, 0.000000, 0.000000, 1.000000, -0.997092, 0.022813, 0.072717, 0.031567, 0.070884, -0.072874, 0.994819, -0.085895, 0.027994, 0.997080, 0.071045, 0.003265, 0.000000, 0.000000, 0.000000, 1.000000
-31.3198, -69.5092, 19.5114, 239.3641, 261.3641, 69.5092, 180.5621, 31.7990, -85.6597, 3.1596, 0.833014, 0.551627, 0.042379, -0.069509, -0.553252, 0.830650, 0.062704, 0.019511, -0.000613, -0.075680, 0.997132, 0.239364, 0.000000, 0.000000, 0.000000, 1.000000, -0.000613, -0.075680, 0.997132, 0.261364, -0.833014, -0.551627, -0.042379, 0.069509, 0.553252, -0.830650, -0.062704, 0.180562, 0.000000, 0.000000, 0.000000, 1.000000, -0.996834, 0.021833, 0.076457, 0.031799, 0.074691, -0.072657, 0.994556, -0.085660, 0.027269, 0.997118, 0.070796, 0.003160, 0.000000, 0.000000, 0.000000, 1.000000
-31.4787, -69.8734, 19.7760, 239.5877, 261.5877, 69.8734, 180.2974, 31.9271, -85.5127, 3.1064, 0.832158, 0.553094, 0.039998, -0.069873, -0.554538, 0.829852, 0.061913, 0.019776, 0.001051, -0.073701, 0.997280, 0.239588, 0.000000, 0.000000, 0.000000, 1.000000, 0.001051, -0.073701, 0.997280, 0.261588, -0.832158, -0.553094, -0.039998, 0.069873, 0.554538, -0.829852, -0.061913, 0.180297, 0.000000, 0.000000, 0.000000, 1.000000, -0.996676, 0.023071, 0.078135, 0.031927, 0.076347, -0.070215, 0.994606, -0.085513, 0.028433, 0.997265, 0.068220, 0.003106, 0.000000, 0.000000, 0.000000, 1.000000
-31.6466, -70.5358, 20.1758, 239.6712, 261.6712, 70.5358, 179.8976, 32.3443, -85.5328, 2.9860, 0.829678, 0.556789, 0.040252, -0.070536, -0.558236, 0.827184, 0.064339, 0.020176, 0.002528, -0.075851, 0.997116, 0.239671, 0.000000, 0.000000, 0.000000, 1.000000, 0.002528, -0.075851, 0.997116, 0.261671, -0.829678, -0.556789, -0.040252, 0.070536, 0.558236, -0.827184, -0.064339, 0.179898, 0.000000, 0.000000, 0.000000, 1.000000, -0.996606, 0.021264, 0.079527, 0.032344, 0.077821, -0.071652, 0.994389, -0.085533, 0.026843, 0.997203, 0.069754, 0.002986, 0.000000, 0.000000, 0.000000, 1.000000
-31.8294, -70.8382, 20.3767, 239.7159, 261.7159, 70.8382, 179.6967, 32.3202, -85.5642, 2.9048, 0.828565, 0.558409, 0.040747, -0.070838, -0.559889, 0.826052, 0.064515, 0.020377, 0.002366, -0.076269, 0.997085, 0.239716, 0.000000, 0.000000, 0.000000, 1.000000, 0.002366, -0.076269, 0.997085, 0.261716, -0.828565, -0.558409, -0.040747, 0.070838, 0.559889, -0.826052, -0.064515, 0.179697, 0.000000, 0.000000, 0.000000, 1.000000, -0.996588, 0.022420, 0.079437, 0.032320, 0.077655, -0.071524, 0.994411, -0.085564, 0.027976, 0.997187, 0.069539, 0.002905, 0.000000, 0.000000, 0.000000, 1.000000
-31.9755, -71.2006, 20.6184, 239.7265, 261.7265, 71.2006, 179.4551, 32.4427, -85.6257, 2.8345, 0.827172, 0.560293, 0.043113, -0.071201, -0.561948, 0.824872, 0.061654, 0.020618, -0.001018, -0.075225, 0.997166, 0.239727, 0.000000, 0.000000, 0.000000, 1.000000, -0.001018, -0.075225, 0.997166, 0.261727, -0.827172, -0.560293, -0.043113, 0.071201, 0.561948, -0.824872, -0.061654, 0.179455, 0.000000, 0.000000, 0.000000, 1.000000, -0.996844, 0.022809, 0.076044, 0.032443, 0.074285, -0.070000, 0.994777, -0.085626, 0.028013, 0.997286, 0.068085, 0.002835, 0.000000, 0.000000, 0.000000, 1.000000
-32.1242, -71.5263, 20.8091, 239.6318, 261.6318, 71.5263, 179.2644, 32.4925, -85.7885, 2.7429, 0.825479, 0.562541, 0.046168, -0.071526, -0.564422, 0.823196, 0.061445, 0.020809, -0.003440, -0.076780, 0.997042, 0.239632, 0.000000, 0.000000, 0.000000, 1.000000, -0.003440, -0.076780, 0.997042, 0.261632, -0.825479, -0.562541, -0.046168, 0.071526, 0.564422, -0.823196, -0.061445, 0.179264, 0.000000, 0.000000, 0.000000, 1.000000, -0.997033, 0.022465, 0.073622, 0.032492, 0.071863, -0.071018, 0.994883, -0.085789, 0.027579, 0.997222, 0.069193, 0.002743, 0.000000, 0.000000, 0.000000, 1.000000
-32.2754, -71.9113, 21.0110, 239.8762, 261.8762, 71.9113, 179.0625, 32.6173, -85.6178, 2.6208, 0.824313, 0.564522, 0.042700, -0.071911, -0.566134, 0.821857, 0.063585, 0.021011, 0.000802, -0.076588, 0.997063, 0.239876, 0.000000, 0.000000, 0.000000, 1.000000, 0.000802, -0.076588, 0.997063, 0.261876, -0.824313, -0.564522, -0.042700, 0.071911, 0.566134, -0.821857, -0.063585, 0.179062, 0.000000, 0.000000, 0.000000, 1.000000, -0.996707, 0.022708, 0.077848, 0.032617, 0.076082, -0.070319, 0.994619, -0.085618, 0.028060, 0.997266, 0.068360, 0.002621, 0.000000, 0.000000, 0.000000, 1.000000
-32.4437, -72.6050, 21.4985, 240.0253, 262.0253, 72.6050, 178.5750, 33.1130, -85.5783, 2.5392, 0.821628, 0.568349, 0.043658, -0.072605, -0.570023, 0.819276, 0.062130, 0.021498, -0.000457, -0.075934, 0.997113, 0.240025, 0.000000, 0.000000, 0.000000, 1.000000, -0.000457, -0.075934, 0.997113, 0.262025, -0.821628, -0.568349, -0.043658, 0.072605, 0.570023, -0.819276, -0.062130, 0.178575, 0.000000, 0.000000, 0.000000, 1.000000, -0.996853, 0.021064, 0.076428, 0.033113, 0.074814, -0.068955, 0.994811, -0.085578, 0.026224, 0.997397, 0.067162, 0.002539, 0.000000, 0.000000, 0.000000, 1.000000
-32.6061, -72.9011, 21.6857, 240.0909, 262.0909, 72.9011, 178.3878, 33.1195, -85.5826, 2.4510, 0.820353, 0.570252, 0.042813, -0.072901, -0.571846, 0.817566, 0.067663, 0.021686, 0.003582, -0.079990, 0.996789, 0.240091, 0.000000, 0.000000, 0.000000, 1.000000, 0.003582, -0.079990, 0.996789, 0.262091, -0.820353, -0.570252, -0.042813, 0.072901, 0.571846, -0.817566, -0.067663, 0.178388, 0.000000, 0.000000, 0.000000, 1.000000, -0.996530, 0.021025, 0.080541, 0.033120, 0.078828, -0.072460, 0.994251, -0.085583, 0.026740, 0.997150, 0.070551, 0.002451, 0.000000, 0.000000, 0.000000, 1.000000
-32.7959, -73.3037, 21.9513, 240.3671, 262.3671, 73.3037, 178.1222, 33.2138, -85.3946, 2.3485, 0.819265, 0.571941, 0.041091, -0.073304, -0.573405, 0.816717, 0.064652, 0.021951, 0.003418, -0.076529, 0.997061, 0.240367, 0.000000, 0.000000, 0.000000, 1.000000, 0.003418, -0.076529, 0.997061, 0.262367, -0.819265, -0.571941, -0.041091, 0.073304, 0.573405, -0.816717, -0.064652, 0.178122, 0.000000, 0.000000, 0.000000, 1.000000, -0.996506, 0.022706, 0.080378, 0.033214, 0.078660, -0.068455, 0.994548, -0.085395, 0.028085, 0.997396, 0.066429, 0.002348, 0.000000, 0.000000, 0.000000, 1.000000
-32.9432, -73.6033, 22.1902, 240.3128, 262.3128, 73.6033, 177.8832, 33.2761, -85.5169, 2.3042, 0.818323, 0.573248, 0.041638, -0.073603, -0.574753, 0.815848, 0.063641, 0.022190, 0.002512, -0.076010, 0.997104, 0.240313, 0.000000, 0.000000, 0.000000, 1.000000, 0.002512, -0.076010, 0.997104, 0.262313, -0.818323, -0.573248, -0.041638, 0.073603, 0.574753, -0.815848, -0.063641, 0.177883, 0.000000, 0.000000, 0.000000, 1.000000, -0.996552, 0.023725, 0.079509, 0.033276, 0.077753, -0.067500, 0.994685, -0.085517, 0.028966, 0.997437, 0.065422, 0.002304, 0.000000, 0.000000, 0.000000, 1.000000
-33.0970, -73.9094, 22.3353, 240.2157, 262.2157, 73.9094, 177.7382, 33.2699, -85.6807, 2.1779, 0.816329, 0.575788, 0.045554, -0.073909, -0.577584, 0.813535, 0.067509, 0.022335, 0.001811, -0.081421, 0.996678, 0.240216, 0.000000, 0.000000, 0.000000, 1.000000, 0.001811, -0.081421, 0.996678, 0.262216, -0.816329, -0.575788, -0.045554, 0.073909, 0.577584, -0.813535, -0.067509, 0.177738, 0.000000, 0.000000, 0.000000, 1.000000, -0.996631, 0.022566, 0.078847, 0.033270, 0.077034, -0.072309, 0.994403, -0.085681, 0.028141, 0.997127, 0.070327, 0.002178, 0.000000, 0.000000, 0.000000, 1.000000
-33.2547, -74.6188, 22.8193, 240.5188, 262.5188, 74.6188, 177.2542, 33.8093, -85.4856, 2.0723, 0.814138, 0.579114, 0.042497, -0.074619, -0.580654, 0.811363, 0.067311, 0.022819, 0.004500, -0.079476, 0.996827, 0.240519, 0.000000, 0.000000, 0.000000, 1.000000, 0.004500, -0.079476, 0.996827, 0.262519, -0.814138, -0.579114, -0.042497, 0.074619, 0.580654, -0.811363, -0.067311, 0.177254, 0.000000, 0.000000, 0.000000, 1.000000, -0.996453, 0.021484, 0.081362, 0.033809, 0.079689, -0.069729, 0.994378, -0.085486, 0.027037, 0.997335, 0.067770, 0.002072, 0.000000, 0.000000, 0.000000, 1.000000
-33.3793, -74.9467, 23.0570, 240.6179, 262.6179, 74.9467, 177.0164, 33.9528, -85.4508, 2.0128, 0.812872, 0.580794, 0.043801, -0.074947, -0.582440, 0.810341, 0.064120, 0.023057, 0.001747, -0.077632, 0.996981, 0.240618, 0.000000, 0.000000, 0.000000, 1.000000, 0.001747, -0.077632, 0.996981, 0.262618, -0.812872, -0.580794, -0.043801, 0.074947, 0.582440, -0.810341, -0.064120, 0.177016, 0.000000, 0.000000, 0.000000, 1.000000, -0.996671, 0.021823, 0.078559, 0.033953, 0.076931, -0.067472, 0.994751, -0.085451, 0.027009, 0.997482, 0.065568, 0.002013, 0.000000, 0.000000, 0.000000, 1.000000
-33.5560, -75.3267, 23.2613, 240.7363, 262.7363, 75.3267, 176.8121, 34.0061, -85.4133, 1.8727, 0.811301, 0.583051, 0.042926, -0.075327, -0.584616, 0.808601, 0.066253, 0.023261, 0.003919, -0.078846, 0.996879, 0.240736, 0.000000, 0.000000, 0.000000, 1.000000, 0.003919, -0.078846, 0.996879, 0.262736, -0.811301, -0.583051, -0.042926, 0.075327, 0.584616, -0.808601, -0.066253, 0.176812, 0.000000, 0.000000, 0.000000, 1.000000, -0.996493, 0.021941, 0.080744, 0.034006, 0.079087, -0.068086, 0.994540, -0.085413, 0.027319, 0.997438, 0.066112, 0.001873, 0.000000, 0.000000, 0.000000, 1.000000
-33.7447, -75.6276, 23.4882, 240.7613, 262.7613, 75.6276, 176.5853, 33.9775, -85.4676, 1.7935, 0.810270, 0.584384, 0.044257, -0.075628, -0.586049, 0.807540, 0.066522, 0.023488, 0.003135, -0.079838, 0.996803, 0.240761, 0.000000, 0.000000, 0.000000, 1.000000, 0.003135, -0.079838, 0.996803, 0.262761, -0.810270, -0.584384, -0.044257, 0.075628, 0.586049, -0.807540, -0.066522, 0.176585, 0.000000, 0.000000, 0.000000, 1.000000, -0.996514, 0.023429, 0.080065, 0.033977, 0.078297, -0.068540, 0.994571, -0.085468, 0.028790, 0.997373, 0.066467, 0.001794, 0.000000, 0.000000, 0.000000, 1.000000
-33.8996, -75.9990, 23.7513, 240.9499, 262.9499, 75.9990, 176.3222, 34.1122, -85.3553, 1.7101, 0.808987, 0.586337, 0.041810, -0.075999, -0.587810, 0.806385, 0.064986, 0.023751, 0.004389, -0.077150, 0.997010, 0.240950, 0.000000, 0.000000, 0.000000, 1.000000, 0.004389, -0.077150, 0.997010, 0.262950, -0.808987, -0.586337, -0.041810, 0.075999, 0.587810, -0.806385, -0.064986, 0.176322, 0.000000, 0.000000, 0.000000, 1.000000, -0.996404, 0.024061, 0.081243, 0.034112, 0.079525, -0.065352, 0.994688, -0.085355, 0.029242, 0.997572, 0.063203, 0.001710, 0.000000, 0.000000, 0.000000, 1.000000
-34.0510, -76.5814, 24.1261, 240.8697, 262.8697, 76.5814, 175.9474, 34.4678, -85.5286, 1.5892, 0.805641, 0.590622, 0.045917, -0.076581, -0.592395, 0.802772, 0.068018, 0.024126, 0.003312, -0.081999, 0.996627, 0.240870, 0.000000, 0.000000, 0.000000, 1.000000, 0.003312, -0.081999, 0.996627, 0.262870, -0.805641, -0.590622, -0.045917, 0.076581, 0.592395, -0.802772, -0.068018, 0.175947, 0.000000, 0.000000, 0.000000, 1.000000, -0.996579, 0.020729, 0.080004, 0.034468, 0.078393, -0.069443, 0.994501, -0.085529, 0.026171, 0.997370, 0.067581, 0.001589, 0.000000, 0.000000, 0.000000, 1.000000
-34.1943, -76.9311, 24.3719, 240.7904, 262.7904, 76.9311, 175.7016, 34.5787, -85.6786, 1.5104, 0.804501, 0.592090, 0.046979, -0.076931, -0.593945, 0.801612, 0.068169, 0.024372, 0.002703, -0.082745, 0.996567, 0.240790, 0.000000, 0.000000, 0.000000, 1.000000, 0.002703, -0.082745, 0.996567, 0.262790, -0.804501, -0.592090, -0.046979, 0.076931, 0.593945, -0.801612, -0.068169, 0.175702, 0.000000, 0.000000, 0.000000, 1.000000, -0.996614, 0.021282, 0.079425, 0.034579, 0.077770, -0.069737, 0.994529, -0.085679, 0.026704, 0.997338, 0.067846, 0.001510, 0.000000, 0.000000, 0.000000, 1.000000
-34.3481, -77.2675, 24.6427, 240.9728, 262.9728, 77.2675, 175.4307, 34.6909, -85.5705, 1.4500, 0.803551, 0.593376, 0.047016, -0.077267, -0.595232, 0.800743, 0.067152, 0.024643, 0.002199, -0.081945, 0.996634, 0.240973, 0.000000, 0.000000, 0.000000, 1.000000, 0.002199, -0.081945, 0.996634, 0.262973, -0.803551, -0.593376, -0.047016, 0.077267, 0.595232, -0.800743, -0.067152, 0.175431, 0.000000, 0.000000, 0.000000, 1.000000, -0.996625, 0.022454, 0.078954, 0.034691, 0.077255, -0.068490, 0.994656, -0.085571, 0.027742, 0.997399, 0.066525, 0.001450, 0.000000, 0.000000, 0.000000, 1.000000
-34.4854, -77.6115, 24.8453, 241.2440, 263.2440, 77.6115, 175.2282, 34.8097, -85.3673, 1.3351, 0.802089, 0.595738, 0.041833, -0.077611, -0.597144, 0.799040, 0.070382, 0.024845, 0.008503, -0.081433, 0.996643, 0.241244, 0.000000, 0.000000, 0.000000, 1.000000, 0.008503, -0.081433, 0.996643, 0.263244, -0.802089, -0.595738, -0.041833, 0.077611, 0.597144, -0.799040, -0.070382, 0.175228, 0.000000, 0.000000, 0.000000, 1.000000, -0.996125, 0.021964, 0.085157, 0.034810, 0.083507, -0.067463, 0.994221, -0.085367, 0.027582, 0.997480, 0.065367, 0.001335, 0.000000, 0.000000, 0.000000, 1.000000
-34.6195, -77.9132, 25.0350, 241.0328, 263.0328, 77.9132, 175.0385, 34.8569, -85.6416, 1.2443, 0.800279, 0.597678, 0.048320, -0.077913, -0.599619, 0.797231, 0.069850, 0.025035, 0.003226, -0.084873, 0.996387, 0.241033, 0.000000, 0.000000, 0.000000, 1.000000, 0.003226, -0.084873, 0.996387, 0.263033, -0.800279, -0.597678, -0.048320, 0.077913, 0.599619, -0.797231, -0.069850, 0.175038, 0.000000, 0.000000, 0.000000, 1.000000, -0.996573, 0.021386, 0.079901, 0.034857, 0.078220, -0.070409, 0.994447, -0.085642, 0.026893, 0.997289, 0.068495, 0.001244, 0.000000, 0.000000, 0.000000, 1.000000
-34.8601, -78.6195, 25.5651, 241.3048, 263.3048, 78.6195, 174.5083, 35.2370, -85.5018, 1.1136, 0.798127, 0.600735, 0.045956, -0.078620, -0.602480, 0.795343, 0.066687, 0.025565, 0.003510, -0.080912, 0.996715, 0.241305, 0.000000, 0.000000, 0.000000, 1.000000, 0.003510, -0.080912, 0.996715, 0.263305, -0.798127, -0.600735, -0.045956, 0.078620, 0.602480, -0.795343, -0.066687, 0.174508, 0.000000, 0.000000, 0.000000, 1.000000, -0.996540, 0.022280, 0.080077, 0.035237, 0.078465, -0.065666, 0.994752, -0.085502, 0.027422, 0.997593, 0.063690, 0.001114, 0.000000, 0.000000, 0.000000, 1.000000
-35.0084, -78.8621, 25.7668, 241.1354, 263.1354, 78.8621, 174.3066, 35.2179, -85.7344, 1.0593, 0.796258, 0.602847, 0.050488, -0.078862, -0.604957, 0.793346, 0.068040, 0.025767, 0.000963, -0.084720, 0.996404, 0.241135, 0.000000, 0.000000, 0.000000, 1.000000, 0.000963, -0.084720, 0.996404, 0.263135, -0.796258, -0.602847, -0.050488, 0.078862, 0.604957, -0.793346, -0.068040, 0.174307, 0.000000, 0.000000, 0.000000, 1.000000, -0.996754, 0.021669, 0.077543, 0.035218, 0.075887, -0.068930, 0.994731, -0.085734, 0.026899, 0.997386, 0.067062, 0.001059, 0.000000, 0.000000, 0.000000, 1.000000
-35.1589, -79.2407, 25.9574, 241.3176, 263.3176, 79.2407, 174.1161, 35.3184, -85.6261, 0.9031, 0.794865, 0.604664, 0.050705, -0.079241, -0.606786, 0.792064, 0.066676, 0.025957, 0.000155, -0.083765, 0.996485, 0.241318, 0.000000, 0.000000, 0.000000, 1.000000, 0.000155, -0.083765, 0.996485, 0.263318, -0.794865, -0.604664, -0.050705, 0.079241, 0.606786, -0.792064, -0.066676, 0.174116, 0.000000, 0.000000, 0.000000, 1.000000, -0.996809, 0.022127, 0.076699, 0.035318, 0.075054, -0.067484, 0.994893, -0.085626, 0.027190, 0.997475, 0.065608, 0.000903, 0.000000, 0.000000, 0.000000, 1.000000
-35.2997, -79.5698, 26.2300, 241.4305, 263.4305, 79.5698, 173.8435, 35.4475, -85.5834, 0.8457, 0.793603, 0.606615, 0.047034, -0.079570, -0.608404, 0.790392, 0.071590, 0.026230, 0.006252, -0.085430, 0.996325, 0.241431, 0.000000, 0.000000, 0.000000, 1.000000, 0.006252, -0.085430, 0.996325, 0.263431, -0.793603, -0.606615, -0.047034, 0.079570, 0.608404, -0.790392, -0.071590, 0.173843, 0.000000, 0.000000, 0.000000, 1.000000, -0.996328, 0.021875, 0.082779, 0.035448, 0.081106, -0.068649, 0.994338, -0.085583, 0.027434, 0.997401, 0.066623, 0.000846, 0.000000, 0.000000, 0.000000, 1.000000
-35.4922, -79.9312, 26.5095, 241.6424, 263.6424, 79.9312, 173.5639, 35.5010, -85.4588, 0.7478, 0.792537, 0.608110, 0.045690, -0.079931, -0.609799, 0.789587, 0.068539, 0.026510, 0.005603, -0.082182, 0.996602, 0.241642, 0.000000, 0.000000, 0.000000, 1.000000, 0.005603, -0.082182, 0.996602, 0.263642, -0.792537, -0.608110, -0.045690, 0.079931, 0.609799, -0.789587, -0.068539, 0.173564, 0.000000, 0.000000, 0.000000, 1.000000, -0.996338, 0.023778, 0.082130, 0.035501, 0.080442, -0.064864, 0.994647, -0.085459, 0.028978, 0.997611, 0.062713, 0.000748, 0.000000, 0.000000, 0.000000, 1.000000
-35.6614, -80.6424, 26.9691, 241.7776, 263.7776, 80.6424, 173.1043, 35.9832, -85.4341, 0.5767, 0.788989, 0.612579, 0.047354, -0.080642, -0.614388, 0.786024, 0.068510, 0.026969, 0.004747, -0.083147, 0.996526, 0.241778, 0.000000, 0.000000, 0.000000, 1.000000, 0.004747, -0.083147, 0.996526, 0.263778, -0.788989, -0.612579, -0.047354, 0.080642, 0.614388, -0.786024, -0.068510, 0.173104, 0.000000, 0.000000, 0.000000, 1.000000, -0.996494, 0.020931, 0.081000, 0.035983, 0.079490, -0.065034, 0.994712, -0.085434, 0.026088, 0.997664, 0.063142, 0.000577, 0.000000, 0.000000, 0.000000, 1.000000
-35.8042, -80.8589, 27.1539, 241.6820, 263.6820, 80.8589, 172.9196, 35.9493, -85.5893, 0.5211, 0.787890, 0.613757, 0.050308, -0.080859, -0.615792, 0.784514, 0.073056, 0.027154, 0.005371, -0.088540, 0.996058, 0.241682, 0.000000, 0.000000, 0.000000, 1.000000, 0.005371, -0.088540, 0.996058, 0.263682, -0.787890, -0.613757, -0.050308, 0.080859, 0.615792, -0.784514, -0.073056, 0.172920, 0.000000, 0.000000, 0.000000, 1.000000, -0.996429, 0.021134, 0.081744, 0.035949, 0.080088, -0.069971, 0.994329, -0.085589, 0.026733, 0.997325, 0.068028, 0.000521, 0.000000, 0.000000, 0.000000, 1.000000
-35.9407, -81.2239, 27.4162, 241.7758, 263.7758, 81.2239, 172.6573, 36.1059, -85.5672, 0.4287, 0.786793, 0.615149, 0.050479, -0.081224, -0.617185, 0.783299, 0.074331, 0.027416, 0.006184, -0.089638, 0.995955, 0.241776, 0.000000, 0.000000, 0.000000, 1.000000, 0.006184, -0.089638, 0.995955, 0.263776, -0.786793, -0.615149, -0.050479, 0.081224, 0.617185, -0.783299, -0.074331, 0.172657, 0.000000, 0.000000, 0.000000, 1.000000, -0.996351, 0.021566, 0.082586, 0.036106, 0.080880, -0.070635, 0.994218, -0.085567, 0.027275, 0.997269, 0.068633, 0.000429, 0.000000, 0.000000, 0.000000, 1.000000
-36.0789, -81.5827, 27.6874, 242.1045, 264.1045, 81.5827, 172.3860, 36.2774, -85.3110, 0.3399, 0.785531, 0.617141, 0.045571, -0.081583, -0.618761, 0.782287, 0.071846, 0.027687, 0.008689, -0.084635, 0.996374, 0.242104, 0.000000, 0.000000, 0.000000, 1.000000, 0.008689, -0.084635, 0.996374, 0.264104, -0.785531, -0.617141, -0.045571, 0.081583, 0.618761, -0.782287, -0.071846, 0.172386, 0.000000, 0.000000, 0.000000, 1.000000, -0.996139, 0.022152, 0.084946, 0.036277, 0.083347, -0.065175, 0.994387, -0.085311, 0.027564, 0.997628, 0.063077, 0.000340, 0.000000, 0.000000, 0.000000, 1.000000
-36.2173, -81.8602, 27.9078, 241.8509, 263.8509, 81.8602, 172.1656, 36.3103, -85.6281, 0.2753, 0.783538, 0.619209, 0.051466, -0.081860, -0.621322, 0.780123, 0.073258, 0.027908, 0.005212, -0.089377, 0.995984, 0.241851, 0.000000, 0.000000, 0.000000, 1.000000, 0.005212, -0.089377, 0.995984, 0.263851, -0.783538, -0.619209, -0.051466, 0.081860, 0.621322, -0.780123, -0.073258, 0.172166, 0.000000, 0.000000, 0.000000, 1.000000, -0.996450, 0.021226, 0.081473, 0.036310, 0.079826, -0.069390, 0.994391, -0.085628, 0.026760, 0.997364, 0.067450, 0.000275, 0.000000, 0.000000, 0.000000, 1.000000
-36.3588, -82.2044, 28.1182, 242.0053, 264.0053, 82.2044, 171.9553, 36.4109, -85.5436, 0.1488, 0.781925, 0.621373, 0.049891, -0.082204, -0.623348, 0.778673, 0.071455, 0.028118, 0.005551, -0.086972, 0.996195, 0.242005, 0.000000, 0.000000, 0.000000, 1.000000, 0.005551, -0.086972, 0.996195, 0.264005, -0.781925, -0.621373, -0.049891, 0.082204, 0.623348, -0.778673, -0.071455, 0.171955, 0.000000, 0.000000, 0.000000, 1.000000, -0.996431, 0.021266, 0.081693, 0.036411, 0.080121, -0.066488, 0.994565, -0.085544, 0.026582, 0.997561, 0.064547, 0.000149, 0.000000, 0.000000, 0.000000, 1.000000
-36.4885, -82.5082, 28.4168, 242.1610, 264.1610, 82.5082, 171.6566, 36.5633, -85.4545, 0.1197, 0.781172, 0.622524, 0.047266, -0.082508, -0.624239, 0.777642, 0.074821, 0.028417, 0.009822, -0.087953, 0.996076, 0.242161, 0.000000, 0.000000, 0.000000, 1.000000, 0.009822, -0.087953, 0.996076, 0.264161, -0.781172, -0.622524, -0.047266, 0.082508, 0.624239, -0.777642, -0.074821, 0.171657, 0.000000, 0.000000, 0.000000, 1.000000, -0.996055, 0.021892, 0.085997, 0.036563, 0.084361, -0.067072, 0.994175, -0.085455, 0.027533, 0.997508, 0.064961, 0.000120, 0.000000, 0.000000, 0.000000, 1.000000
-36.6247, -82.9432, 28.7083, 242.5181, 264.5181, 82.9432, 171.3651, 36.8111, -85.1755, -0.0087, 0.779785, 0.624313, 0.046564, -0.082943, -0.625952, 0.776215, 0.075328, 0.028708, 0.010885, -0.087887, 0.996071, 0.242518, 0.000000, 0.000000, 0.000000, 1.000000, 0.010885, -0.087887, 0.996071, 0.264518, -0.779785, -0.624313, -0.046564, 0.082943, 0.625952, -0.776215, -0.075328, 0.171365, 0.000000, 0.000000, 0.000000, 1.000000, -0.995965, 0.021970, 0.087010, 0.036811, 0.085381, -0.066541, 0.994124, -0.085176, 0.027630, 0.997542, 0.064396, -0.000009, 0.000000, 0.000000, 0.000000, 1.000000
-36.7838, -83.2938, 28.9370, 242.6425, 264.6425, 83.2938, 171.1365, 36.8873, -85.1268, -0.1371, 0.777739, 0.626896, 0.046085, -0.083294, -0.628452, 0.773954, 0.077738, 0.028937, 0.013067, -0.089422, 0.995908, 0.242642, 0.000000, 0.000000, 0.000000, 1.000000, 0.013067, -0.089422, 0.995908, 0.264642, -0.777739, -0.626896, -0.046085, 0.083294, 0.628452, -0.773954, -0.077738, 0.171136, 0.000000, 0.000000, 0.000000, 1.000000, -0.995798, 0.021182, 0.089094, 0.036887, 0.087487, -0.067474, 0.993878, -0.085127, 0.027064, 0.997496, 0.065338, -0.000137, 0.000000, 0.000000, 0.000000, 1.000000
-36.9365, -83.4947, 29.1120, 242.2439, 264.2439, 83.4947, 170.9615, 36.7891, -85.5859, -0.1944, 0.776535, 0.627846, 0.052941, -0.083495, -0.630057, 0.773161, 0.072460, 0.029112, 0.004562, -0.089624, 0.995965, 0.242244, 0.000000, 0.000000, 0.000000, 1.000000, 0.004562, -0.089624, 0.995965, 0.264244, -0.776535, -0.627846, -0.052941, 0.083495, 0.630057, -0.773161, -0.072460, 0.170961, 0.000000, 0.000000, 0.000000, 1.000000, -0.996486, 0.022570, 0.080662, 0.036789, 0.078987, -0.067253, 0.994605, -0.085586, 0.027873, 0.997481, 0.065234, -0.000194, 0.000000, 0.000000, 0.000000, 1.000000
-37.0586, -83.8449, 29.4035, 242.4978, 264.4978, 83.8449, 170.6700, 36.9948, -85.4001, -0.2635, 0.775275, 0.629781, 0.048224, -0.083845, -0.631586, 0.772123, 0.070182, 0.029403, 0.006964, -0.084868, 0.996368, 0.242498, 0.000000, 0.000000, 0.000000, 1.000000, 0.006964, -0.084868, 0.996368, 0.264498, -0.775275, -0.629781, -0.048224, 0.083845, 0.631586, -0.772123, -0.070182, 0.170670, 0.000000, 0.000000, 0.000000, 1.000000, -0.996295, 0.022895, 0.082899, 0.036995, 0.081344, -0.062077, 0.994751, -0.085400, 0.027921, 0.997809, 0.059985, -0.000264, 0.000000, 0.000000, 0.000000, 1.000000
-37.2157, -84.0710, 29.5901, 242.3015, 264.3015, 84.0710, 170.4833, 36.9288, -85.6606, -0.3368, 0.773823, 0.631326, 0.051237, -0.084071, -0.633375, 0.770519, 0.071669, 0.029590, 0.005767, -0.087911, 0.996112, 0.242302, 0.000000, 0.000000, 0.000000, 1.000000, 0.005767, -0.087911, 0.996112, 0.264302, -0.773823, -0.631326, -0.051237, 0.084071, 0.633375, -0.770519, -0.071669, 0.170483, 0.000000, 0.000000, 0.000000, 1.000000, -0.996383, 0.023173, 0.081749, 0.036929, 0.080108, -0.064613, 0.994690, -0.085661, 0.028332, 0.997641, 0.062523, -0.000337, 0.000000, 0.000000, 0.000000, 1.000000
-37.3559, -84.5210, 29.8920, 242.7079, 264.7079, 84.5210, 170.1815, 37.1876, -85.3352, -0.4785, 0.772722, 0.632862, 0.048851, -0.084521, -0.634684, 0.769290, 0.073277, 0.029892, 0.008793, -0.087627, 0.996115, 0.242708, 0.000000, 0.000000, 0.000000, 1.000000, 0.008793, -0.087627, 0.996115, 0.264708, -0.772722, -0.632862, -0.048851, 0.084521, 0.634684, -0.769290, -0.073277, 0.170181, 0.000000, 0.000000, 0.000000, 1.000000, -0.996122, 0.023655, 0.084748, 0.037188, 0.083092, -0.063879, 0.994492, -0.085335, 0.028939, 0.997677, 0.061666, -0.000478, 0.000000, 0.000000, 0.000000, 1.000000
-37.5286, -85.1632, 30.3665, 242.8019, 264.8019, 85.1632, 169.7069, 37.6093, -85.3493, -0.6261, 0.769112, 0.637025, 0.051634, -0.085163, -0.639063, 0.765507, 0.074824, 0.030367, 0.008138, -0.090546, 0.995859, 0.242802, 0.000000, 0.000000, 0.000000, 1.000000, 0.008138, -0.090546, 0.995859, 0.264802, -0.769112, -0.637025, -0.051634, 0.085163, 0.639063, -0.765507, -0.074824, 0.169707, 0.000000, 0.000000, 0.000000, 1.000000, -0.996261, 0.020815, 0.083848, 0.037609, 0.082314, -0.066004, 0.994418, -0.085349, 0.026233, 0.997602, 0.064043, -0.000626, 0.000000, 0.000000, 0.000000, 1.000000
-37.7191, -85.4691, 30.6384, 242.8179, 264.8179, 85.4691, 169.4350, 37.6010, -85.4154, -0.7131, 0.768068, 0.638237, 0.052212, -0.085469, -0.640348, 0.764834, 0.070587, 0.030638, 0.005118, -0.087650, 0.996138, 0.242818, 0.000000, 0.000000, 0.000000, 1.000000, 0.005118, -0.087650, 0.996138, 0.264818, -0.768068, -0.638237, -0.052212, 0.085469, 0.640348, -0.764834, -0.070587, 0.169435, 0.000000, 0.000000, 0.000000, 1.000000, -0.996463, 0.022971, 0.080838, 0.037601, 0.079267, -0.062596, 0.994886, -0.085415, 0.027913, 0.997775, 0.060554, -0.000713, 0.000000, 0.000000, 0.000000, 1.000000
-37.8719, -85.7406, 30.8590, 242.8102, 264.8102, 85.7406, 169.2145, 37.6128, -85.4916, -0.7988, 0.766408, 0.640278, 0.051609, -0.085741, -0.642294, 0.762754, 0.075264, 0.030859, 0.008825, -0.090831, 0.995827, 0.242810, 0.000000, 0.000000, 0.000000, 1.000000, 0.008825, -0.090831, 0.995827, 0.264810, -0.766408, -0.640278, -0.051609, 0.085741, 0.642294, -0.762754, -0.075264, 0.169214, 0.000000, 0.000000, 0.000000, 1.000000, -0.996167, 0.022476, 0.084534, 0.037613, 0.082914, -0.065230, 0.994420, -0.085492, 0.027864, 0.997617, 0.063116, -0.000799, 0.000000, 0.000000, 0.000000, 1.000000
-38.0272, -86.0612, 31.0950, 242.7867, 264.7867, 86.0612, 168.9784, 37.6655, -85.5876, -0.9072, 0.764927, 0.641958, 0.052686, -0.086061, -0.644048, 0.761083, 0.077167, 0.031095, 0.009440, -0.092959, 0.995625, 0.242787, 0.000000, 0.000000, 0.000000, 1.000000, 0.009440, -0.092959, 0.995625, 0.264787, -0.764927, -0.641958, -0.052686, 0.086061, 0.644048, -0.761083, -0.077167, 0.168978, 0.000000, 0.000000, 0.000000, 1.000000, -0.996111, 0.022644, 0.085146, 0.037666, 0.083469, -0.066845, 0.994266, -0.085588, 0.028205, 0.997506, 0.064695, -0.000907, 0.000000, 0.000000, 0.000000, 1.000000
-38.1832, -86.3872, 31.3194, 242.9902, 264.9902, 86.3872, 168.7541, 37.7279, -85.4582, -1.0360, 0.763175, 0.644114, 0.051780, -0.086387, -0.646115, 0.759394, 0.076526, 0.031319, 0.009970, -0.091859, 0.995722, 0.242990, 0.000000, 0.000000, 0.000000, 1.000000, 0.009970, -0.091859, 0.995722, 0.264990, -0.763175, -0.644114, -0.051780, 0.086387, 0.646115, -0.759394, -0.076526, 0.168754, 0.000000, 0.000000, 0.000000, 1.000000, -0.996073, 0.022694, 0.085579, 0.037728, 0.083944, -0.065205, 0.994335, -0.085458, 0.028146, 0.997614, 0.063044, -0.001036, 0.000000, 0.000000, 0.000000, 1.000000
-38.3236, -86.9379, 31.8184, 242.9490, 264.9490, 86.9379, 168.2551, 38.1569, -85.5924, -1.0980, 0.760822, 0.646727, 0.053796, -0.086938, -0.648909, 0.757107, 0.075532, 0.031818, 0.008119, -0.092375, 0.995691, 0.242949, 0.000000, 0.000000, 0.000000, 1.000000, 0.008119, -0.092375, 0.995691, 0.264949, -0.760822, -0.646727, -0.053796, 0.086938, 0.648909, -0.757107, -0.075532, 0.168255, 0.000000, 0.000000, 0.000000, 1.000000, -0.996267, 0.021619, 0.083573, 0.038157, 0.082011, -0.065161, 0.994499, -0.085592, 0.026946, 0.997641, 0.063145, -0.001098, 0.000000, 0.000000, 0.000000, 1.000000
-38.5328, -87.2288, 32.0492, 242.8815, 264.8815, 87.2288, 168.0243, 38.0604, -85.7452, -1.2191, 0.758843, 0.648885, 0.055729, -0.087229, -0.651218, 0.754876, 0.077958, 0.032049, 0.008517, -0.095450, 0.995398, 0.242882, 0.000000, 0.000000, 0.000000, 1.000000, 0.008517, -0.095450, 0.995398, 0.264882, -0.758843, -0.648885, -0.055729, 0.087229, 0.651218, -0.754876, -0.077958, 0.168024, 0.000000, 0.000000, 0.000000, 1.000000, -0.996226, 0.021919, 0.083984, 0.038060, 0.082336, -0.067552, 0.994313, -0.085745, 0.027468, 0.997475, 0.065493, -0.001219, 0.000000, 0.000000, 0.000000, 1.000000
-38.6987, -87.6100, 32.3285, 243.1766, 265.1766, 87.6100, 167.7450, 38.1845, -85.5327, -1.3566, 0.757615, 0.650554, 0.052906, -0.087610, -0.652616, 0.753707, 0.077570, 0.032328, 0.010587, -0.093295, 0.995582, 0.243177, 0.000000, 0.000000, 0.000000, 1.000000, 0.010587, -0.093295, 0.995582, 0.265177, -0.757615, -0.650554, -0.052906, 0.087610, 0.652616, -0.753707, -0.077570, 0.167745, 0.000000, 0.000000, 0.000000, 1.000000, -0.996031, 0.022926, 0.085998, 0.038184, 0.084357, -0.064890, 0.994320, -0.085533, 0.028377, 0.997629, 0.062699, -0.001357, 0.000000, 0.000000, 0.000000, 1.000000
-38.8518, -87.8723, 32.5558, 243.1333, 265.1333, 87.8723, 167.5177, 38.1904, -85.6437, -1.4366, 0.756093, 0.652127, 0.055266, -0.087872, -0.654400, 0.752125, 0.077906, 0.032556, 0.009238, -0.095070, 0.995428, 0.243133, 0.000000, 0.000000, 0.000000, 1.000000, 0.009238, -0.095070, 0.995428, 0.265133, -0.756093, -0.652127, -0.055266, 0.087872, 0.654400, -0.752125, -0.077906, 0.167518, 0.000000, 0.000000, 0.000000, 1.000000, -0.996140, 0.023216, 0.084649, 0.038190, 0.082955, -0.066169, 0.994354, -0.085644, 0.028686, 0.997538, 0.063988, -0.001437, 0.000000, 0.000000, 0.000000, 1.000000
-38.9949, -88.5494, 33.1019, 243.2753, 265.2753, 88.5494, 166.9716, 38.7502, -85.6067, -1.5662, 0.753186, 0.655536, 0.054620, -0.088549, -0.657744, 0.749354, 0.076429, 0.033102, 0.009173, -0.093491, 0.995578, 0.243275, 0.000000, 0.000000, 0.000000, 1.000000, 0.009173, -0.093491, 0.995578, 0.265275, -0.753186, -0.655536, -0.054620, 0.088549, 0.657744, -0.749354, -0.076429, 0.166972, 0.000000, 0.000000, 0.000000, 1.000000, -0.996211, 0.021430, 0.084291, 0.038750, 0.082771, -0.063958, 0.994514, -0.085607, 0.026703, 0.997722, 0.061942, -0.001566, 0.000000, 0.000000, 0.000000, 1.000000
-39.1482, -88.8118, 33.3358, 243.1859, 265.1859, 88.8118, 166.7377, 38.7557, -85.7638, -1.6441, 0.751282, 0.657321, 0.059198, -0.088812, -0.659952, 0.747379, 0.076730, 0.033336, 0.006193, -0.096714, 0.995293, 0.243186, 0.000000, 0.000000, 0.000000, 1.000000, 0.006193, -0.096714, 0.995293, 0.265186, -0.751282, -0.657321, -0.059198, 0.088812, 0.659952, -0.747379, -0.076730, 0.166738, 0.000000, 0.000000, 0.000000, 1.000000, -0.996465, 0.021201, 0.081289, 0.038756, 0.079717, -0.066653, 0.994587, -0.085764, 0.026505, 0.997551, 0.064727, -0.001644, 0.000000, 0.000000, 0.000000, 1.000000
-39.3554, -89.1245, 33.5957, 243.2889, 265.2889, 89.1245, 166.4778, 38.7094, -85.7489, -1.7705, 0.749781, 0.659170, 0.057650, -0.089124, -0.661633, 0.745762, 0.077975, 0.033596, 0.008405, -0.096607, 0.995287, 0.243289, 0.000000, 0.000000, 0.000000, 1.000000, 0.008405, -0.096607, 0.995287, 0.265289, -0.749781, -0.659170, -0.057650, 0.089124, 0.661633, -0.745762, -0.077975, 0.166478, 0.000000, 0.000000, 0.000000, 1.000000, -0.996258, 0.022340, 0.083494, 0.038709, 0.081865, -0.065917, 0.994461, -0.085749, 0.027720, 0.997575, 0.063841, -0.001771, 0.000000, 0.000000, 0.000000, 1.000000
-39.4974, -89.4865, 33.8651, 243.5344, 265.5344, 89.4865, 166.2083, 38.8600, -85.5791, -1.8984, 0.748496, 0.660701, 0.056822, -0.089486, -0.663088, 0.744619, 0.076525, 0.033865, 0.008250, -0.094957, 0.995447, 0.243534, 0.000000, 0.000000, 0.000000, 1.000000, 0.008250, -0.094957, 0.995447, 0.265534, -0.748496, -0.660701, -0.056822, 0.089486, 0.663088, -0.744619, -0.076525, 0.166208, 0.000000, 0.000000, 0.000000, 1.000000, -0.996260, 0.023018, 0.083283, 0.038860, 0.081671, -0.063819, 0.994614, -0.085579, 0.028209, 0.997696, 0.061700, -0.001898, 0.000000, 0.000000, 0.000000, 1.000000
-39.6499, -90.1257, 34.4421, 243.6868, 265.6868, 90.1257, 165.6313, 39.3922, -85.5323, -1.9961, 0.745391, 0.664255, 0.056186, -0.090126, -0.666565, 0.741517, 0.076450, 0.034442, 0.009119, -0.094437, 0.995489, 0.243687, 0.000000, 0.000000, 0.000000, 1.000000, 0.009119, -0.094437, 0.995489, 0.265687, -0.745391, -0.664255, -0.056186, 0.090126, 0.666565, -0.741517, -0.076450, 0.165631, 0.000000, 0.000000, 0.000000, 1.000000, -0.996257, 0.020989, 0.083849, 0.039392, 0.082393, -0.062623, 0.994631, -0.085532, 0.026127, 0.997817, 0.060659, -0.001996, 0.000000, 0.000000, 0.000000, 1.000000
-39.7953, -90.4936, 34.7018, 243.8750, 265.8750, 90.4936, 165.3717, 39.5274, -85.4196, -2.1389, 0.743669, 0.666158, 0.056487, -0.090494, -0.668454, 0.739486, 0.079562, 0.034702, 0.011229, -0.096927, 0.995228, 0.243875, 0.000000, 0.000000, 0.000000, 1.000000, 0.011229, -0.096927, 0.995228, 0.265875, -0.743669, -0.666158, -0.056487, 0.090494, 0.668454, -0.739486, -0.079562, 0.165372, 0.000000, 0.000000, 0.000000, 1.000000, -0.996091, 0.020552, 0.085906, 0.039527, 0.084421, -0.064593, 0.994334, -0.085420, 0.025984, 0.997700, 0.062606, -0.002139, 0.000000, 0.000000, 0.000000, 1.000000
-39.8922, -90.7428, 34.9170, 243.7514, 265.7514, 90.7428, 165.1565, 39.6312, -85.5941, -2.1987, 0.742080, 0.667902, 0.056779, -0.090743, -0.670220, 0.737918, 0.079256, 0.034917, 0.011037, -0.096869, 0.995236, 0.243751, 0.000000, 0.000000, 0.000000, 1.000000, 0.011037, -0.096869, 0.995236, 0.265751, -0.742080, -0.667902, -0.056779, 0.090743, 0.670220, -0.737918, -0.079256, 0.165156, 0.000000, 0.000000, 0.000000, 1.000000, -0.996132, 0.019892, 0.085589, 0.039631, 0.084158, -0.064154, 0.994385, -0.085594, 0.025271, 0.997742, 0.062232, -0.002199, 0.000000, 0.000000, 0.000000, 1.000000
-39.9450, -91.0301, 35.1604, 243.8033, 265.8033, 91.0301, 164.9130, 39.8926, -85.5850, -2.2487, 0.740514, 0.669583, 0.057421, -0.091030, -0.671952, 0.736317, 0.079486, 0.035160, 0.010942, -0.097445, 0.995181, 0.243803, 0.000000, 0.000000, 0.000000, 1.000000, 0.010942, -0.097445, 0.995181, 0.265803, -0.740514, -0.669583, -0.057421, 0.091030, 0.671952, -0.736317, -0.079486, 0.164913, 0.000000, 0.000000, 0.000000, 1.000000, -0.996181, 0.018446, 0.085338, 0.039893, 0.083991, -0.064446, 0.994380, -0.085585, 0.023842, 0.997751, 0.062651, -0.002249, 0.000000, 0.000000, 0.000000, 1.000000
-39.9722, -91.1938, 35.3083, 243.8727, 265.8727, 91.1938, 164.7651, 40.0570, -85.5395, -2.2707, 0.739790, 0.670370, 0.057568, -0.091194, -0.672728, 0.735414, 0.081257, 0.035308, 0.012136, -0.098840, 0.995029, 0.243873, 0.000000, 0.000000, 0.000000, 1.000000, 0.012136, -0.098840, 0.995029, 0.265873, -0.739790, -0.670370, -0.057568, 0.091194, 0.672728, -0.735414, -0.081257, 0.164765, 0.000000, 0.000000, 0.000000, 1.000000, -0.996098, 0.017626, 0.086473, 0.040057, 0.085146, -0.065696, 0.994200, -0.085540, 0.023205, 0.997684, 0.063939, -0.002271, 0.000000, 0.000000, 0.000000, 1.000000
-39.9880, -91.3107, 35.4027, 243.9692, 265.9692, 91.3107, 164.6708, 40.1775, -85.4593, -2.2946, 0.739811, 0.670362, 0.057400, -0.091311, -0.672720, 0.735580, 0.079813, 0.035403, 0.011281, -0.097661, 0.995156, 0.243969, 0.000000, 0.000000, 0.000000, 1.000000, 0.011281, -0.097661, 0.995156, 0.265969, -0.739811, -0.670362, -0.057400, 0.091311, 0.672720, -0.735580, -0.079813, 0.164671, 0.000000, 0.000000, 0.000000, 1.000000, -0.996162, 0.018104, 0.085632, 0.040177, 0.084304, -0.064491, 0.994351, -0.085459, 0.023525, 0.997754, 0.062717, -0.002295, 0.000000, 0.000000, 0.000000, 1.000000
-39.9953, -91.3535, 35.4465, 243.9065, 265.9065, 91.3535, 164.6269, 40.2179, -85.5282, -2.2939, 0.739320, 0.670829, 0.058262, -0.091353, -0.673276, 0.735148, 0.079102, 0.035447, 0.010233, -0.097708, 0.995163, 0.243906, 0.000000, 0.000000, 0.000000, 1.000000, 0.010233, -0.097708, 0.995163, 0.265906, -0.739320, -0.670829, -0.058262, 0.091353, 0.673276, -0.735148, -0.079102, 0.164627, 0.000000, 0.000000, 0.000000, 1.000000, -0.996266, 0.017592, 0.084529, 0.040218, 0.083236, -0.064476, 0.994442, -0.085528, 0.022944, 0.997764, 0.062771, -0.002294, 0.000000, 0.000000, 0.000000, 1.000000
-40.0001, -91.3564, 35.4634, 243.8722, 265.8722, 91.3564, 164.6101, 40.2191, -85.5640, -2.2850, 0.739086, 0.671017, 0.059054, -0.091356, -0.673539, 0.734878, 0.079371, 0.035463, 0.009862, -0.098437, 0.995094, 0.243872, 0.000000, 0.000000, 0.000000, 1.000000, 0.009862, -0.098437, 0.995094, 0.265872, -0.739086, -0.671017, -0.059054, 0.091356, 0.673539, -0.734878, -0.079371, 0.164610, 0.000000, 0.000000, 0.000000, 1.000000, -0.996304, 0.017301, 0.084137, 0.040219, 0.082847, -0.065171, 0.994429, -0.085564, 0.022688, 0.997724, 0.063497, -0.002285, 0.000000, 0.000000, 0.000000, 1.000000
-40.0028, -91.3549, 35.4769, 243.8299, 265.8299, 91.3549, 164.5966, 40.2184, -85.6071, -2.2741, 0.738840, 0.671299, 0.058936, -0.091355, -0.673803, 0.734594, 0.079756, 0.035477, 0.010246, -0.098638, 0.995071, 0.243830, 0.000000, 0.000000, 0.000000, 1.000000, 0.010246, -0.098638, 0.995071, 0.265830, -0.738840, -0.671299, -0.058936, 0.091355, 0.673803, -0.734594, -0.079756, 0.164597, 0.000000, 0.000000, 0.000000, 1.000000, -0.996281, 0.016933, 0.084489, 0.040218, 0.083218, -0.065337, 0.994387, -0.085607, 0.022359, 0.997720, 0.063685, -0.002274, 0.000000, 0.000000, 0.000000, 1.000000
-40.0039, -91.3430, 35.4695, 243.7796, 265.7796, 91.3430, 164.6039, 40.1987, -85.6565, -2.2700, 0.739107, 0.670903, 0.060089, -0.091343, -0.673526, 0.734879, 0.079464, 0.035470, 0.009155, -0.099204, 0.995025, 0.243780, 0.000000, 0.000000, 0.000000, 1.000000, 0.009155, -0.099204, 0.995025, 0.265780, -0.739107, -0.670903, -0.060089, 0.091343, 0.673526, -0.734879, -0.079464, 0.164604, 0.000000, 0.000000, 0.000000, 1.000000, -0.996360, 0.017394, 0.083456, 0.040199, 0.082144, -0.065936, 0.994437, -0.085657, 0.022800, 0.997672, 0.064267, -0.002270, 0.000000, 0.000000, 0.000000, 1.000000
-40.0047, -91.4278, 35.5280, 244.0734, 266.0734, 91.4278, 164.5455, 40.3187, -85.3721, -2.2969, 0.739058, 0.671266, 0.056525, -0.091428, -0.673480, 0.734437, 0.083834, 0.035528, 0.014760, -0.100026, 0.994875, 0.244073, 0.000000, 0.000000, 0.000000, 1.000000, 0.014760, -0.100026, 0.994875, 0.266073, -0.739058, -0.671266, -0.056525, 0.091428, 0.673480, -0.734437, -0.083834, 0.164545, 0.000000, 0.000000, 0.000000, 1.000000, -0.995887, 0.016783, 0.089036, 0.040319, 0.087734, -0.066716, 0.993907, -0.085372, 0.022620, 0.997631, 0.064969, -0.002297, 0.000000, 0.000000, 0.000000, 1.000000
-40.0052, -91.4308, 35.5444, 244.1077, 266.1077, 91.4308, 164.5290, 40.3343, -85.3383, -2.2885, 0.739440, 0.670888, 0.056008, -0.091431, -0.673081, 0.735020, 0.081898, 0.035544, 0.013778, -0.098256, 0.995066, 0.244108, 0.000000, 0.000000, 0.000000, 1.000000, 0.013778, -0.098256, 0.995066, 0.266108, -0.739440, -0.670888, -0.056008, 0.091431, 0.673081, -0.735020, -0.081898, 0.164529, 0.000000, 0.000000, 0.000000, 1.000000, -0.995958, 0.017593, 0.088078, 0.040334, 0.086766, -0.064993, 0.994106, -0.085338, 0.023214, 0.997731, 0.063204, -0.002289, 0.000000, 0.000000, 0.000000, 1.000000
