{
    "joint_offset_deg": [
        2.1557370280949977,
        2.605552995075138,
        1.0519102141363572,
        1.8111851246185304,
        -1.0545999551130107,
        8.971954052930972,
        1.227794469615042,
        5.318106645935615,
        -2.3663242490669774,
        0.9882430495006962,
        1.9999992039848602,
        -1.765890182131103,
        -11.642396665019056,
        1.271395739687184
    ],
    "right_arm_joint_offset_deg": [
        2.1557370280949977,
        2.605552995075138,
        1.0519102141363572,
        1.8111851246185304,
        -1.0545999551130107,
        8.971954052930972,
        1.227794469615042
    ],
    "left_arm_joint_offset_deg": [
        5.318106645935615,
        -2.3663242490669774,
        0.9882430495006962,
        1.9999992039848602,
        -1.765890182131103,
        -11.642396665019056,
        1.271395739687184
    ],
    "head_joint_offset_deg": [
        1.152611568604172,
        0.42979741629932383
    ],
    "xi_cam": [
        0.0,
        0.0,
        0.0,
        0.0,
        0.0,
        0.0
    ],
    "measurement_noise": {
        "measurement_noise_enabled": true,
        "measurement_noise_rot_std_rad": 0.004093003231589248,
        "measurement_noise_rot_std_deg": 0.234511810703471,
        "measurement_noise_pos_std_m": 0.0002548235705055635,
        "measurement_noise_pos_std_mm": 0.25482357050556353,
        "measurement_noise_max_rot_std_rad": 0.03490658503988659,
        "measurement_noise_max_rot_std_deg": 2.0,
        "measurement_noise_max_pos_std_m": 0.001,
        "measurement_noise_max_pos_std_mm": 1.0
    },
    "xi_mount_cam": [
        0.0,
        0.0,
        0.0,
        0.0,
        0.0,
        0.0
    ]
}