{
    "joint_offset_deg": [
        2.6613052681653113,
        4.333145560689567,
        -0.5948594955149311,
        1.9448450707592533,
        0.910557330043877,
        7.634789436214287,
        0.19435622570162192,
        5.712951463388738,
        -0.34739207285249635,
        -0.8392034772561465,
        1.5615888762790193,
        0.3361367660355733,
        -9.662721662769838,
        0.5419107347326436
    ],
    "right_arm_joint_offset_deg": [
        2.6613052681653113,
        4.333145560689567,
        -0.5948594955149311,
        1.9448450707592533,
        0.910557330043877,
        7.634789436214287,
        0.19435622570162192
    ],
    "left_arm_joint_offset_deg": [
        5.712951463388738,
        -0.34739207285249635,
        -0.8392034772561465,
        1.5615888762790193,
        0.3361367660355733,
        -9.662721662769838,
        0.5419107347326436
    ],
    "head_joint_offset_deg": [
        1.3650170348204274,
        0.821112699296473
    ],
    "xi_cam": [
        0.0,
        0.0,
        0.0,
        0.0,
        0.0,
        0.0
    ],
    "measurement_noise": {
        "measurement_noise_enabled": true,
        "measurement_noise_rot_std_rad": 0.004156699400058686,
        "measurement_noise_rot_std_deg": 0.23816133232792402,
        "measurement_noise_pos_std_m": 0.0005499484214833178,
        "measurement_noise_pos_std_mm": 0.5499484214833178,
        "measurement_noise_max_rot_std_rad": 0.03490658503988659,
        "measurement_noise_max_rot_std_deg": 2.0,
        "measurement_noise_max_pos_std_m": 0.001,
        "measurement_noise_max_pos_std_mm": 1.0
    },
    "xi_mount_cam": [
        0.0,
        0.0,
        0.0,
        0.0,
        0.0,
        0.0
    ]
}