# ordered T_camera_marker; translation metres; no encoder/FK
3.717384997925911039e-01 9.251516069480117954e-01 7.684394532730212668e-02 -1.177571664180915127e-02 -9.206061983415999572e-01 3.780382103073623989e-01 -9.783322095604021773e-02 1.305808147294684231e-02 -1.195605091448705970e-01 -3.437463758526190793e-02 9.922316609259662634e-01 1.623408262687446035e-01 0.000000000000000000e+00 0.000000000000000000e+00 0.000000000000000000e+00 1.000000000000000000e+00
3.717755626891667275e-01 9.251819877036108197e-01 7.629692402678535379e-02 -1.176350724613908251e-02 -9.206408243602374197e-01 3.780030600833713672e-01 -9.764301863886451494e-02 1.305356124701233245e-02 -1.191780328267587757e-01 -3.394077483503740722e-02 9.922926082034175810e-01 1.623150862041652931e-01 0.000000000000000000e+00 0.000000000000000000e+00 0.000000000000000000e+00 1.000000000000000000e+00
3.718913749186304463e-01 9.252620431932685463e-01 7.474594762894382072e-02 -1.175901112433996518e-02 -9.205926433181985669e-01 3.779543181286105780e-01 -9.828386681622466869e-02 1.306685185136919128e-02 -1.191888850922893928e-01 -3.225964714244767412e-02 9.923473811305706382e-01 1.623521604846087929e-01 0.000000000000000000e+00 0.000000000000000000e+00 0.000000000000000000e+00 1.000000000000000000e+00
3.721824257832090921e-01 9.251343752618427230e-01 7.487743082535459893e-02 -1.175400601604629711e-02 -9.204811109689817750e-01 3.782558511976210069e-01 -9.816840318591350811e-02 1.305709018667346177e-02 -1.191417906841883007e-01 -3.238670627962807191e-02 9.923488978020390539e-01 1.623212242381962822e-01 0.000000000000000000e+00 0.000000000000000000e+00 0.000000000000000000e+00 1.000000000000000000e+00
3.720420805319890056e-01 9.252402661550219731e-01 7.426398991983243492e-02 -1.175773303369007441e-02 -9.205338168160953627e-01 3.780522829780620930e-01 -9.845792722308606415e-02 1.305795790745493089e-02 -1.191729097212123889e-01 -3.173202200395129624e-02 9.923663115846488303e-01 1.623400273476329203e-01 0.000000000000000000e+00 0.000000000000000000e+00 0.000000000000000000e+00 1.000000000000000000e+00
3.719239282884903020e-01 9.251574175700796321e-01 7.587057586126025321e-02 -1.174945266881764414e-02 -9.204813167261864937e-01 3.781332033891117161e-01 -9.863785304189617853e-02 1.304286981790863699e-02 -1.199447252882926696e-01 -3.315166978826199901e-02 9.922269043246942921e-01 1.623325747227038485e-01 0.000000000000000000e+00 0.000000000000000000e+00 0.000000000000000000e+00 1.000000000000000000e+00
3.727195177834843332e-01 9.251287668513146212e-01 7.222828952296242444e-02 -1.171622901998964177e-02 -9.205006822399111055e-01 3.784470989672399921e-01 -9.724344337351652212e-02 1.297150083950335611e-02 -1.172972934858479976e-01 -3.024166046112609918e-02 9.926362812800311186e-01 1.623794778309568809e-01 0.000000000000000000e+00 0.000000000000000000e+00 0.000000000000000000e+00 1.000000000000000000e+00
3.722762113184833743e-01 9.247936061574092426e-01 7.853157643095083629e-02 -1.170527568122213882e-02 -9.205071088379769284e-01 3.787143420675150307e-01 -9.613589179446938027e-02 1.280602264091123058e-02 -1.186468923533381542e-01 -3.649976880397443058e-02 9.922654291126702386e-01 1.622040223803164205e-01 0.000000000000000000e+00 0.000000000000000000e+00 0.000000000000000000e+00 1.000000000000000000e+00
3.738576186975073323e-01 9.246160231294683340e-01 7.290878351800640644e-02 -1.163882254190548061e-02 -9.199135469601243953e-01 3.796823643735086073e-01 -9.798146918160108299e-02 1.274959194676639901e-02 -1.182774156847875430e-01 -3.043865890588056539e-02 9.925139500193129738e-01 1.623926479202229545e-01 0.000000000000000000e+00 0.000000000000000000e+00 0.000000000000000000e+00 1.000000000000000000e+00
3.745560451320875117e-01 9.243330166044005924e-01 7.291257415575523593e-02 -1.155164872248397832e-02 -9.194081983455175688e-01 3.804326005343167116e-01 -9.979780190839077081e-02 1.258990648850404764e-02 -1.199847234861964179e-01 -2.965654844559454523e-02 9.923326837629782293e-01 1.622111920786974137e-01 0.000000000000000000e+00 0.000000000000000000e+00 0.000000000000000000e+00 1.000000000000000000e+00
3.751846974033727911e-01 9.241050829285128998e-01 7.256885378746064097e-02 -1.151616132665501252e-02 -9.188410931060240205e-01 3.810937874847472040e-01 -1.024625334464118742e-01 1.252104792745582090e-02 -1.223416873108522096e-01 -2.823687033324655954e-02 9.920862818826379215e-01 1.622589413761100496e-01 0.000000000000000000e+00 0.000000000000000000e+00 0.000000000000000000e+00 1.000000000000000000e+00
3.759020697945622547e-01 9.234863122994412254e-01 7.662026441969005397e-02 -1.148661708995972995e-02 -9.192696004880391847e-01 3.820488965937240966e-01 -9.477363678829067717e-02 1.230211309727742390e-02 -1.167948438190871685e-01 -3.480907363169984808e-02 9.925458643559893490e-01 1.622922236501441740e-01 0.000000000000000000e+00 0.000000000000000000e+00 0.000000000000000000e+00 1.000000000000000000e+00
3.761659032069296638e-01 9.237262775568674256e-01 7.231166859814625036e-02 -1.142097491642493461e-02 -9.184457221472693833e-01 3.820386085753935679e-01 -1.024888141562683014e-01 1.226290261375453938e-02 -1.222974600467880424e-01 -2.786154533959862845e-02 9.921023463118076036e-01 1.622945396815045904e-01 0.000000000000000000e+00 0.000000000000000000e+00 0.000000000000000000e+00 1.000000000000000000e+00
3.779414647714208209e-01 9.229359183045086068e-01 7.314054901247515894e-02 -1.134395629136663100e-02 -9.182389653374648519e-01 3.837666703820729608e-01 -9.777701795329632461e-02 1.206684298235253389e-02 -1.183108268182363754e-01 -3.020651266317899569e-02 9.925170602313666546e-01 1.623083371558555199e-01 0.000000000000000000e+00 0.000000000000000000e+00 0.000000000000000000e+00 1.000000000000000000e+00
3.782746576819452367e-01 9.228074034189438501e-01 7.303957523694740162e-02 -1.130697218751477648e-02 -9.185016998571727820e-01 3.839818702204514933e-01 -9.440630647095854533e-02 1.191791903623683722e-02 -1.151647112404287354e-01 -3.137546074866338214e-02 9.928507791947980277e-01 1.623082670894960833e-01 0.000000000000000000e+00 0.000000000000000000e+00 0.000000000000000000e+00 1.000000000000000000e+00
3.787527650787766986e-01 9.223957723320769242e-01 7.571249651868819375e-02 -1.126777025009278836e-02 -9.178933818302578151e-01 3.848471188406427101e-01 -9.677000936379397122e-02 1.177842093373636552e-02 -1.183979836711483991e-01 -3.284409085311422449e-02 9.924228852453165217e-01 1.622463575015251624e-01 0.000000000000000000e+00 0.000000000000000000e+00 0.000000000000000000e+00 1.000000000000000000e+00
3.799337392389833812e-01 9.220654681243414252e-01 7.379448678948330453e-02 -1.117422938296003428e-02 -9.173418260590961992e-01 3.858350852090148830e-01 -9.805743818964016145e-02 1.164646664823075321e-02 -1.188878797457800507e-01 -3.043944011297298330e-02 9.924409869282715402e-01 1.622424435412119226e-01 0.000000000000000000e+00 0.000000000000000000e+00 0.000000000000000000e+00 1.000000000000000000e+00
3.807760142659117331e-01 9.215831820964952570e-01 7.545903151157071220e-02 -1.114851272535231051e-02 -9.173738483434952240e-01 3.867421181449155476e-01 -9.410502870851228385e-02 1.146748655120009668e-02 -1.159087974884215888e-01 -3.339120437603617514e-02 9.926984326244832069e-01 1.621645335014541278e-01 0.000000000000000000e+00 0.000000000000000000e+00 0.000000000000000000e+00 1.000000000000000000e+00
3.818447787266199822e-01 9.214900904098941581e-01 7.106742035267343827e-02 -1.107854677992281024e-02 -9.162002593611828782e-01 3.875198213776063771e-01 -1.020072192835846103e-01 1.141833946513420329e-02 -1.215386757609275559e-01 -2.616106488339143415e-02 9.922418802784163105e-01 1.622378584090633791e-01 0.000000000000000000e+00 0.000000000000000000e+00 0.000000000000000000e+00 1.000000000000000000e+00
3.819079599656302060e-01 9.209815060122072961e-01 7.706734521428125484e-02 -1.104100755422363425e-02 -9.170320236215896426e-01 3.879917418767304116e-01 -9.227500142483271994e-02 1.120005815871680591e-02 -1.148850632910253106e-01 -3.543266598701247383e-02 9.927466688000871065e-01 1.621900056092532572e-01 0.000000000000000000e+00 0.000000000000000000e+00 0.000000000000000000e+00 1.000000000000000000e+00
3.826406436366109332e-01 9.210561855311844015e-01 7.239917770323489599e-02 -1.094830937819707764e-02 -9.157724021852874374e-01 3.884789990856606368e-01 -1.022006588295375912e-01 1.114439519456101799e-02 -1.222581090690854078e-01 -2.719504300691098775e-02 9.921256898209540598e-01 1.621661706329368680e-01 0.000000000000000000e+00 0.000000000000000000e+00 0.000000000000000000e+00 1.000000000000000000e+00
3.835298456735263262e-01 9.202814379958532687e-01 7.737526967917843224e-02 -1.093765958003744404e-02 -9.157188881671851632e-01 3.898222268272748536e-01 -9.745537094115891419e-02 1.093576753971077509e-02 -1.198489688378472640e-01 -3.347695254513444185e-02 9.922275536976362664e-01 1.620659000068707667e-01 0.000000000000000000e+00 0.000000000000000000e+00 0.000000000000000000e+00 1.000000000000000000e+00
3.848978192843052204e-01 9.201289755877407606e-01 7.222421335010208165e-02 -1.082778912327051271e-02 -9.148977232575340457e-01 3.906860395691009735e-01 -1.016197542999952991e-01 1.084355854637429964e-02 -1.217202722982777680e-01 -2.696454653179970740e-02 9.921981095234799763e-01 1.621370769219612484e-01 0.000000000000000000e+00 0.000000000000000000e+00 0.000000000000000000e+00 1.000000000000000000e+00
3.854435635431438523e-01 9.196144183432802821e-01 7.577981854235800452e-02 -1.078973338226601325e-02 -9.151314777819087309e-01 3.914963670314013378e-01 -9.625472961841552433e-02 1.063752205183060399e-02 -1.181847608444608760e-01 -3.224773133670908593e-02 9.924678564708144801e-01 1.620754851086842752e-01 0.000000000000000000e+00 0.000000000000000000e+00 0.000000000000000000e+00 1.000000000000000000e+00
3.866080722121010838e-01 9.194921343276266645e-01 7.119279043603148061e-02 -1.071586284184435252e-02 -9.143693681926160499e-01 3.922294969831602307e-01 -1.004225084698308623e-01 1.057755253512280592e-02 -1.202616190290110992e-01 -2.627235440463873001e-02 9.923945316166137287e-01 1.621588877786253879e-01 0.000000000000000000e+00 0.000000000000000000e+00 0.000000000000000000e+00 1.000000000000000000e+00
3.878123631378106451e-01 9.186212281671750635e-01 7.574041297813061124e-02 -1.066455728586490279e-02 -9.137061884158816927e-01 3.939571262821321973e-01 -9.969344964462530101e-02 1.037006089416742452e-02 -1.214189945930543579e-01 -3.054213175525001545e-02 9.921313451050001175e-01 1.619854643260643101e-01 0.000000000000000000e+00 0.000000000000000000e+00 0.000000000000000000e+00 1.000000000000000000e+00
3.882088720068744836e-01 9.190839793868935681e-01 6.766469189689947039e-02 -1.056123692184512269e-02 -9.135803580737776874e-01 3.934520375941197856e-01 -1.027931099579313251e-01 1.029517892554242080e-02 -1.210983114537034500e-01 -2.191193618527415010e-02 9.923986426913704584e-01 1.621737521353936728e-01 0.000000000000000000e+00 0.000000000000000000e+00 0.000000000000000000e+00 1.000000000000000000e+00
3.889079329429944720e-01 9.182393485910090858e-01 7.474702932670070077e-02 -1.054389782371236393e-02 -9.136410604962778015e-01 3.948373230866925598e-01 -9.676518419850949071e-02 1.008684692743104516e-02 -1.183665166727653623e-01 -3.065920737550278941e-02 9.924965394064917401e-01 1.620486064774287749e-01 0.000000000000000000e+00 0.000000000000000000e+00 0.000000000000000000e+00 1.000000000000000000e+00
3.913862282571165530e-01 9.173826145774686136e-01 7.229079333964855136e-02 -1.036421880593627574e-02 -9.125631240977776226e-01 3.970445927959503352e-01 -9.789859993075469835e-02 9.675399953139936227e-03 -1.185131421723862877e-01 -2.765374843498603213e-02 9.925673303760920163e-01 1.621013305731827669e-01 0.000000000000000000e+00 0.000000000000000000e+00 0.000000000000000000e+00 1.000000000000000000e+00
3.920102533275117707e-01 9.167953076958820224e-01 7.625172177015435149e-02 -1.032238179739142572e-02 -9.118456749612323664e-01 3.982002469066651673e-01 -9.987005766477401181e-02 9.545099294723032035e-03 -1.219238546823157854e-01 -3.037971609946120422e-02 9.920744158122016820e-01 1.619750887351215918e-01 0.000000000000000000e+00 0.000000000000000000e+00 0.000000000000000000e+00 1.000000000000000000e+00
3.936096937570523480e-01 9.162350745605676305e-01 7.473083115736416093e-02 -1.024431924185863901e-02 -9.117126922206315598e-01 3.994862062872850395e-01 -9.586833590920668113e-02 9.348462873431787057e-03 -1.176918681315205911e-01 -3.039834092814486244e-02 9.925847898514912337e-01 1.620193000606758860e-01 0.000000000000000000e+00 0.000000000000000000e+00 0.000000000000000000e+00 1.000000000000000000e+00
3.934379587574219905e-01 9.165090895497007839e-01 7.223338135219750655e-02 -1.018615045438104813e-02 -9.112358949794638896e-01 3.991759773512887355e-01 -1.015267590668542663e-01 9.275951699219974617e-03 -1.218840281159462025e-01 -2.587716905734288586e-02 9.922069621867249944e-01 1.620325247803242608e-01 0.000000000000000000e+00 0.000000000000000000e+00 0.000000000000000000e+00 1.000000000000000000e+00
3.950174002259562722e-01 9.157795270458054526e-01 7.286364911591738935e-02 -1.008728730333549248e-02 -9.112417864100600395e-01 4.006556551507232111e-01 -9.546440538728162561e-02 9.073490812639870354e-03 -1.166175810884841069e-01 -2.868630055454359645e-02 9.927625274664456656e-01 1.620143869361684308e-01 0.000000000000000000e+00 0.000000000000000000e+00 0.000000000000000000e+00 1.000000000000000000e+00
3.956768143710155394e-01 9.154092917463487744e-01 7.393028576742495528e-02 -1.004545070818088637e-02 -9.104331087999633088e-01 4.015493182622499324e-01 -9.934636079875666659e-02 8.965836968684704963e-03 -1.206292376252098703e-01 -2.799952834550081121e-02 9.923026823718609224e-01 1.619265839905065785e-01 0.000000000000000000e+00 0.000000000000000000e+00 0.000000000000000000e+00 1.000000000000000000e+00
3.965540099275329244e-01 9.153954755594827519e-01 6.925345143473082832e-02 -9.967503205278088751e-03 -9.099944614904632578e-01 4.019188537161374475e-01 -1.018396537905943422e-01 8.831620595459943601e-03 -1.210578261289873836e-01 -2.263533416441196322e-02 9.923873459391697738e-01 1.619461108549614670e-01 0.000000000000000000e+00 0.000000000000000000e+00 0.000000000000000000e+00 1.000000000000000000e+00
3.971795786657622562e-01 9.147581148522522243e-01 7.393222303462348988e-02 -9.930627415418682991e-03 -9.095393731451516528e-01 4.030966877848404795e-01 -1.012481555171026171e-01 8.695348331340651410e-03 -1.224194060989192423e-01 -2.703056804517062206e-02 9.921102949781053226e-01 1.618925815569159099e-01 0.000000000000000000e+00 0.000000000000000000e+00 0.000000000000000000e+00 1.000000000000000000e+00
3.979550316374784735e-01 9.143770148401747511e-01 7.447460994449224547e-02 -9.867922549373476723e-03 -9.096969355545695413e-01 4.038101909868280770e-01 -9.689589825068188611e-02 8.496687848888073713e-03 -1.186729886580707577e-01 -2.918911418923446355e-02 9.925042656713415345e-01 1.618657089718013586e-01 0.000000000000000000e+00 0.000000000000000000e+00 0.000000000000000000e+00 1.000000000000000000e+00
3.992840414270440452e-01 9.142158265456774568e-01 6.914966923341200888e-02 -9.785396419207847279e-03 -9.087337316725476732e-01 4.046315886818604435e-01 -1.023537120053777949e-01 8.418826460427950020e-03 -1.215535239397553813e-01 -2.197043318183384414e-02 9.923416956288946267e-01 1.619397983992569290e-01 0.000000000000000000e+00 0.000000000000000000e+00 0.000000000000000000e+00 1.000000000000000000e+00
3.997358317693900931e-01 9.135298116841221727e-01 7.532959553858140089e-02 -9.739351068451937085e-03 -9.086903123811540528e-01 4.057262160078514701e-01 -9.832677066084806461e-02 8.225785933723422580e-03 -1.203876280365829554e-01 -2.914654024618733297e-02 9.922989963752872900e-01 1.617925524168848939e-01 0.000000000000000000e+00 0.000000000000000000e+00 0.000000000000000000e+00 1.000000000000000000e+00
4.005379437695089639e-01 9.137265256107800493e-01 6.836074894371961530e-02 -9.659357806130159513e-03 -9.081773604833804914e-01 4.057895016215389838e-01 -1.027071676134779094e-01 8.154680717544588939e-03 -1.215863376631343279e-01 -2.094556681008155619e-02 9.923598368155931437e-01 1.619200319080647543e-01 0.000000000000000000e+00 0.000000000000000000e+00 0.000000000000000000e+00 1.000000000000000000e+00
4.009235762117160928e-01 9.128367196148663432e-01 7.739127444601584527e-02 -9.629343851691705286e-03 -9.076586927669514360e-01 4.072537329338200007e-01 -1.014893810014521891e-01 7.965366546517643406e-03 -1.241611190437546530e-01 -2.955537741662350726e-02 9.918218066686999013e-01 1.617529387789433393e-01 0.000000000000000000e+00 0.000000000000000000e+00 0.000000000000000000e+00 1.000000000000000000e+00
4.022681929020124891e-01 9.127169258843573774e-01 7.161085241468452545e-02 -9.560984100384445350e-03 -9.073257465963172619e-01 4.078883948678356242e-01 -1.019168626654886473e-01 7.881657930360911821e-03 -1.222304812343661812e-01 -2.397645796086360359e-02 9.922120937183068756e-01 1.618286369074252440e-01 0.000000000000000000e+00 0.000000000000000000e+00 0.000000000000000000e+00 1.000000000000000000e+00
4.027444352048195619e-01 9.122830702366155897e-01 7.440779308113475154e-02 -9.504195514044794582e-03 -9.068604003445839279e-01 4.087266977098097387e-01 -1.026971317325587746e-01 7.707268441646760587e-03 -1.241013061913999321e-01 -2.611678270553048631e-02 9.919257933246318215e-01 1.616878605756297549e-01 0.000000000000000000e+00 0.000000000000000000e+00 0.000000000000000000e+00 1.000000000000000000e+00
4.033124655279461956e-01 9.120781098257700892e-01 7.384156503230088209e-02 -9.441659031543899253e-03 -9.070540237501373282e-01 4.091316937364013473e-01 -9.931895679611488226e-02 7.594388667432162149e-03 -1.207975709542796761e-01 -2.692171534345130790e-02 9.923120316183371425e-01 1.618302374621305162e-01 0.000000000000000000e+00 0.000000000000000000e+00 0.000000000000000000e+00 1.000000000000000000e+00
4.039002089044311239e-01 9.116130785362543953e-01 7.632965536807875817e-02 -9.391021064569493246e-03 -9.068119847042757087e-01 4.099803647976072996e-01 -9.802104303216394032e-02 7.398483894408621787e-03 -1.206509247525662243e-01 -2.962592651839962565e-02 9.922528200183041713e-01 1.617613386435862721e-01 0.000000000000000000e+00 0.000000000000000000e+00 0.000000000000000000e+00 1.000000000000000000e+00
4.051939210780318157e-01 9.114407893559132168e-01 7.136927784193447533e-02 -9.306998717709753094e-03 -9.057989868475749828e-01 4.108096368232856954e-01 -1.037479528425814812e-01 7.343906607283059648e-03 -1.238793031434878289e-01 -2.260817974516302065e-02 9.920397111312095895e-01 1.617843721259801248e-01 0.000000000000000000e+00 0.000000000000000000e+00 0.000000000000000000e+00 1.000000000000000000e+00
4.058508074943529276e-01 9.109143165337247883e-01 7.429825024910427511e-02 -9.278875131779601784e-03 -9.062627766521240691e-01 4.116243248413601896e-01 -9.619352812781412077e-02 7.131971626925713570e-03 -1.182070290251974187e-01 -2.829351750474350113e-02 9.925858024152092174e-01 1.617117880656204487e-01 0.000000000000000000e+00 0.000000000000000000e+00 0.000000000000000000e+00 1.000000000000000000e+00
4.065868928061633358e-01 9.110340485857429949e-01 6.858615688095991147e-02 -9.201313053942035761e-03 -9.054270373971956554e-01 4.118336285945686792e-01 -1.029317361593027474e-01 7.084761005729155181e-03 -1.220204021808111577e-01 -2.024906605503212775e-02 9.923210149823153969e-01 1.618347531111927196e-01 0.000000000000000000e+00 0.000000000000000000e+00 0.000000000000000000e+00 1.000000000000000000e+00
4.075351217680521221e-01 9.100671002415454680e-01 7.545195546467656222e-02 -9.149581466484157238e-03 -9.049891668291365487e-01 4.135425317967935666e-01 -9.988584642982695216e-02 6.877170829913159186e-03 -1.221054153074462023e-01 -2.757621172392227954e-02 9.921339728582794226e-01 1.616719013950592421e-01 0.000000000000000000e+00 0.000000000000000000e+00 0.000000000000000000e+00 1.000000000000000000e+00
4.084182918501784720e-01 9.101587132436341765e-01 6.932254747825200569e-02 -9.089416415104531813e-03 -9.042871270684571527e-01 4.137878987979446421e-01 -1.050921815676978954e-01 6.806514682769728396e-03 -1.243353960079689458e-01 -1.976591801748723426e-02 9.920433547907406835e-01 1.617429240526108980e-01 0.000000000000000000e+00 0.000000000000000000e+00 0.000000000000000000e+00 1.000000000000000000e+00
4.089734118096119975e-01 9.094806568716017336e-01 7.473742843586023143e-02 -9.037530867784200617e-03 -9.045961474578446682e-01 4.148357074366617603e-01 -9.806704767632098974e-02 6.615318155193556163e-03 -1.201938369353060532e-01 -2.750037475970465439e-02 9.923694730043064460e-01 1.616617128828449212e-01 0.000000000000000000e+00 0.000000000000000000e+00 0.000000000000000000e+00 1.000000000000000000e+00
4.100040142154787182e-01 9.092972646720164365e-01 7.124038733178210403e-02 -8.940836657473723650e-03 -9.042191132195721570e-01 4.154619405627327788e-01 -9.888969224473670439e-02 6.489846039707938830e-03 -1.195177962296995328e-01 -2.387174907368751903e-02 9.925450296991863430e-01 1.617644142797884099e-01 0.000000000000000000e+00 0.000000000000000000e+00 0.000000000000000000e+00 1.000000000000000000e+00
4.106824331502477721e-01 9.088211611658120193e-01 7.337599143464655638e-02 -8.909835540597699916e-03 -9.034541962215719701e-01 4.164627824196996952e-01 -1.016329975395544039e-01 6.365169357123091898e-03 -1.229245883923369004e-01 -2.455296064565221786e-02 9.921122404708591080e-01 1.616400231387810082e-01 0.000000000000000000e+00 0.000000000000000000e+00 0.000000000000000000e+00 1.000000000000000000e+00
4.119638273507115755e-01 9.087081123951140649e-01 6.734516628431322371e-02 -8.806021605894071708e-03 -9.030838441116052495e-01 4.170203159163753948e-01 -1.026334575935764493e-01 6.244439949900965244e-03 -1.213481580377679669e-01 -1.853705964588613087e-02 9.924369007450930535e-01 1.617161307297035333e-01 0.000000000000000000e+00 0.000000000000000000e+00 0.000000000000000000e+00 1.000000000000000000e+00
4.121301321727535716e-01 9.081516725730605089e-01 7.354790111227611782e-02 -8.786657679664421766e-03 -9.024899137426261042e-01 4.179791922850976116e-01 -1.039487874365287862e-01 6.103654434226986857e-03 -1.251427574735985704e-01 -2.353581142535517146e-02 9.918595444076010459e-01 1.615663812249290010e-01 0.000000000000000000e+00 0.000000000000000000e+00 0.000000000000000000e+00 1.000000000000000000e+00
4.126929151269397855e-01 9.081282459427011400e-01 7.062327325366252184e-02 -8.692732431905237159e-03 -9.022132494299566208e-01 4.182043017834625731e-01 -1.054344086285193272e-01 6.005465048192461068e-03 -1.252829212505338630e-01 -2.020521939597800382e-02 9.919152880927348814e-01 1.616822321416882258e-01 0.000000000000000000e+00 0.000000000000000000e+00 0.000000000000000000e+00 1.000000000000000000e+00
4.136608402585846833e-01 9.073581742957109730e-01 7.473856283951424428e-02 -8.668196873848751580e-03 -9.021323667994044504e-01 4.195654585295257588e-01 -1.006082441046153020e-01 5.806664815139760821e-03 -1.226454320774595097e-01 -2.580638579234104807e-02 9.921149774309783176e-01 1.615718329322054503e-01 0.000000000000000000e+00 0.000000000000000000e+00 0.000000000000000000e+00 1.000000000000000000e+00
4.147319745917606437e-01 9.070406900667967731e-01 7.262627495864040772e-02 -8.593143623522900981e-03 -9.015301585319700495e-01 4.204149470528384946e-01 -1.024433772963374289e-01 5.699184641047547011e-03 -1.234534831770248420e-01 -2.298823302709077782e-02 9.920840582499812488e-01 1.615940832064066135e-01 0.000000000000000000e+00 0.000000000000000000e+00 0.000000000000000000e+00 1.000000000000000000e+00
4.155575024693037300e-01 9.068458180854018780e-01 7.030380048399009763e-02 -8.524044022323049377e-03 -9.018142317397811469e-01 4.208531565492173998e-01 -9.804953877580466215e-02 5.524778594729651965e-03 -1.185033905551345357e-01 -2.265574636991585927e-02 9.926951513850357234e-01 1.615895691467603146e-01 0.000000000000000000e+00 0.000000000000000000e+00 0.000000000000000000e+00 1.000000000000000000e+00
4.162188727272985167e-01 9.064678896083705473e-01 7.125878959513526345e-02 -8.455053675651164058e-03 -9.008921513014677140e-01 4.217286388697169541e-01 -1.026561585123333675e-01 5.419710836103884370e-03 -1.231063837054371390e-01 -2.146905368298177019e-02 9.921612258221577108e-01 1.615955127118259838e-01 0.000000000000000000e+00 0.000000000000000000e+00 0.000000000000000000e+00 1.000000000000000000e+00
4.171307562394100388e-01 9.060471273816753657e-01 7.127787288178645542e-02 -8.371939285992127666e-03 -9.003725861461003843e-01 4.226533447708891167e-01 -1.034086856630666851e-01 5.273494773910368180e-03 -1.238189739729774891e-01 -2.104169948920863592e-02 9.920817045822812874e-01 1.615012997095357228e-01 0.000000000000000000e+00 0.000000000000000000e+00 0.000000000000000000e+00 1.000000000000000000e+00
4.179343143226475488e-01 9.054535972889335982e-01 7.405870690329577344e-02 -8.325965882149307870e-03 -8.999717602541233985e-01 4.237723544944932974e-01 -1.023123761393905234e-01 5.083753596808925079e-03 -1.240231416178168289e-01 -2.389089204536630484e-02 9.919916761850995357e-01 1.614420536872499257e-01 0.000000000000000000e+00 0.000000000000000000e+00 0.000000000000000000e+00 1.000000000000000000e+00
4.182773814452350192e-01 9.055409130044299593e-01 7.099075324590378711e-02 -8.256185924064903675e-03 -8.997119236993881275e-01 4.237804299330810154e-01 -1.045399519747327588e-01 5.032299194136551079e-03 -1.247496954884611264e-01 -2.014452979933885335e-02 9.919837253678609468e-01 1.615364052840511655e-01 0.000000000000000000e+00 0.000000000000000000e+00 0.000000000000000000e+00 1.000000000000000000e+00
4.195908740864603415e-01 9.048503505499021493e-01 7.203708415170288759e-02 -8.174687810504073504e-03 -8.998625461119265090e-01 4.250649780721769688e-01 -9.781187311088956893e-02 4.815712131571710762e-03 -1.191255492676581290e-01 -2.378250462459836900e-02 9.925943259889509207e-01 1.615224699978997924e-01 0.000000000000000000e+00 0.000000000000000000e+00 0.000000000000000000e+00 1.000000000000000000e+00
4.200171187784933480e-01 9.048611477617921617e-01 6.936802724761083339e-02 -8.142942463574826331e-03 -8.984124102592653260e-01 4.253869255032783347e-01 -1.090921844267764840e-01 4.783058048045891672e-03 -1.282215310513428741e-01 -1.650051157026974358e-02 9.916082755265653859e-01 1.614805723243804281e-01 0.000000000000000000e+00 0.000000000000000000e+00 0.000000000000000000e+00 1.000000000000000000e+00
4.213990850640548236e-01 9.042746727195407619e-01 6.863036780569400919e-02 -8.045767780549792011e-03 -8.988594500296218648e-01 4.265163431457361098e-01 -1.006752110602917583e-01 4.555278076081620449e-03 -1.203100170377474909e-01 -1.926461283171921474e-02 9.925494317628823504e-01 1.615303806305075640e-01 0.000000000000000000e+00 0.000000000000000000e+00 0.000000000000000000e+00 1.000000000000000000e+00
4.217666027679840557e-01 9.037349914905344894e-01 7.332119710668430490e-02 -8.017659397977194499e-03 -8.983386675713272984e-01 4.274662119943758998e-01 -1.012930202400523505e-01 4.443961417434680317e-03 -1.228843811707815703e-01 -2.314525348279790340e-02 9.921510601241583238e-01 1.614347286873276943e-01 0.000000000000000000e+00 0.000000000000000000e+00 0.000000000000000000e+00 1.000000000000000000e+00
4.221796315271600375e-01 9.030956361781735664e-01 7.862970583393524837e-02 -7.979038688293473361e-03 -8.982894828464850212e-01 4.284297637290742089e-01 -9.759068889214858600e-02 4.247181610083425665e-03 -1.218210315626406248e-01 -2.943143671296794689e-02 9.921156317698177629e-01 1.614217024672549849e-01 0.000000000000000000e+00 0.000000000000000000e+00 0.000000000000000000e+00 1.000000000000000000e+00
4.234681745080821624e-01 9.030030071287884486e-01 7.252774844952721012e-02 -7.887854050705642509e-03 -8.976640881184654308e-01 4.290443857070006528e-01 -1.005987077240393518e-01 4.147081039343980709e-03 -1.219585588683168714e-01 -2.250520405745923269e-02 9.922800137607810100e-01 1.614934901840427151e-01 0.000000000000000000e+00 0.000000000000000000e+00 0.000000000000000000e+00 1.000000000000000000e+00
4.243147338618215580e-01 9.025986822974246815e-01 7.261284557655148242e-02 -7.822151575940589768e-03 -8.971097339602022158e-01 4.299229154972459832e-01 -1.017861088960726745e-01 4.017359024401304622e-03 -1.230899340385996910e-01 -2.195234487020591985e-02 9.921526912189841951e-01 1.613610806164011147e-01 0.000000000000000000e+00 0.000000000000000000e+00 0.000000000000000000e+00 1.000000000000000000e+00
4.250459963889853809e-01 9.025883187514991413e-01 6.833906501435967062e-02 -7.727694238697293064e-03 -8.969705526302353960e-01 4.301328482375979534e-01 -1.021252201036629281e-01 3.899070669262495823e-03 -1.215719073960128266e-01 -1.789021297675793404e-02 9.924213881269092763e-01 1.614735578977170849e-01 0.000000000000000000e+00 0.000000000000000000e+00 0.000000000000000000e+00 1.000000000000000000e+00
4.253997133403859543e-01 9.018464391642501132e-01 7.555186335676750131e-02 -7.703084026957060515e-03 -8.962647568662706066e-01 4.313951168392626268e-01 -1.029938773261962759e-01 3.723700492044004860e-03 -1.254773664425664625e-01 -2.390090655186815488e-02 9.918085385681232324e-01 1.613163260885686068e-01 0.000000000000000000e+00 0.000000000000000000e+00 0.000000000000000000e+00 1.000000000000000000e+00
4.267867636772634254e-01 9.017763890781663738e-01 6.820852183584646955e-02 -7.595027274057920309e-03 -8.950046565054631253e-01 4.319884657681858364e-01 -1.111423873991693040e-01 3.665083291504371826e-03 -1.296908754825327192e-01 -1.361284483098103293e-02 9.914610266027514829e-01 1.614015576581462330e-01 0.000000000000000000e+00 0.000000000000000000e+00 0.000000000000000000e+00 1.000000000000000000e+00
4.272481010787037570e-01 9.011901076770434393e-01 7.290713236495213745e-02 -7.554935578548378078e-03 -8.954260645313980582e-01 4.329199520611686780e-01 -1.038868522247548831e-01 3.452055987297230830e-03 -1.251847557910082953e-01 -2.089748626974837625e-02 9.919133389490997210e-01 1.613757535714420988e-01 0.000000000000000000e+00 0.000000000000000000e+00 0.000000000000000000e+00 1.000000000000000000e+00
4.286176043609431496e-01 9.006723295423307851e-01 7.124818614306510645e-02 -7.464473733659214225e-03 -8.952358079109582478e-01 4.340137852336123370e-01 -1.009201786621764380e-01 3.314980507042073615e-03 -1.218187073724713854e-01 -2.052776227411678978e-02 9.923400694873292238e-01 1.614008490851454314e-01 0.000000000000000000e+00 0.000000000000000000e+00 0.000000000000000000e+00 1.000000000000000000e+00
4.291751350923337927e-01 9.005551871053936175e-01 6.934737483168902650e-02 -7.404134071142503930e-03 -8.950430325393108344e-01 4.343423724529203445e-01 -1.012159740100495586e-01 3.185014761101169403e-03 -1.212710737204525796e-01 -1.862950534873007019e-02 9.924445920096247598e-01 1.613673969193087920e-01 0.000000000000000000e+00 0.000000000000000000e+00 0.000000000000000000e+00 1.000000000000000000e+00
4.299518574041034658e-01 9.000261444762009955e-01 7.137464237434776315e-02 -7.353374357650220398e-03 -8.941976038152479322e-01 4.354174104815163870e-01 -1.040303993101995561e-01 3.086436979164788007e-03 -1.247078411561613476e-01 -1.909497077440117790e-02 9.920097461443080356e-01 1.613283122010986670e-01 0.000000000000000000e+00 0.000000000000000000e+00 0.000000000000000000e+00 1.000000000000000000e+00
4.309545720287827342e-01 8.994711873136342906e-01 7.231694158418082441e-02 -7.305119393207315341e-03 -8.937739418966592631e-01 4.365123357936350756e-01 -1.030782299348027287e-01 2.920209833000831940e-03 -1.242831349540074320e-01 -2.021296347856637449e-02 9.920408955650055205e-01 1.613124058919988280e-01 0.000000000000000000e+00 0.000000000000000000e+00 0.000000000000000000e+00 1.000000000000000000e+00
4.313722339421915963e-01 8.993957061064470349e-01 7.074856621168257309e-02 -7.216855408630366842e-03 -8.934403768301071302e-01 4.367659963363029751e-01 -1.048797287088065189e-01 2.809476206064243347e-03 -1.252289456691200731e-01 -1.796742278798658249e-02 9.919651621327021385e-01 1.613131520227004678e-01 0.000000000000000000e+00 0.000000000000000000e+00 0.000000000000000000e+00 1.000000000000000000e+00
4.317316255550516235e-01 8.990919108287646067e-01 7.239847635049856400e-02 -7.161320815445350665e-03 -8.934500666019323800e-01 4.372850408502100827e-01 -1.026098023467207215e-01 2.660143693322794805e-03 -1.239144139500956976e-01 -2.038452675219906696e-02 9.920835091283866092e-01 1.612463804914686105e-01 0.000000000000000000e+00 0.000000000000000000e+00 0.000000000000000000e+00 1.000000000000000000e+00
4.330495746040847194e-01 8.981639383003172661e-01 7.595792172041576640e-02 -7.101450022615973801e-03 -8.931014298403447960e-01 4.389389375252329972e-01 -9.850099056025314603e-02 2.483076403801257048e-03 -1.218109270646634823e-01 -2.518231643600571390e-02 9.922338176995196823e-01 1.612178699311692665e-01 0.000000000000000000e+00 0.000000000000000000e+00 0.000000000000000000e+00 1.000000000000000000e+00
4.335687262203662962e-01 8.987360407666733497e-01 6.551098129850876917e-02 -7.016061606822373252e-03 -8.921118649373676046e-01 4.383525425991248170e-01 -1.094690313963480044e-01 2.466917235244241949e-03 -1.271006690840814912e-01 -1.098077519699777738e-02 9.918290389449442301e-01 1.612399627036869842e-01 0.000000000000000000e+00 0.000000000000000000e+00 0.000000000000000000e+00 1.000000000000000000e+00
4.347540482638413417e-01 8.979499354837786607e-01 6.837273493783421752e-02 -6.940527428287588708e-03 -8.923785467260220150e-01 4.397702520003183846e-01 -1.013047619745958833e-01 2.240187899740212710e-03 -1.210348993528502504e-01 -1.697170646264758997e-02 9.925031558228876172e-01 1.612894913888671400e-01 0.000000000000000000e+00 0.000000000000000000e+00 0.000000000000000000e+00 1.000000000000000000e+00
4.348000791520342800e-01 8.973111187081147522e-01 7.603714495019245345e-02 -6.931711719900516058e-03 -8.919540605270087630e-01 4.407460476714327169e-01 -1.008011675100674576e-01 2.119491730751038062e-03 -1.239630794985598639e-01 -2.399328457721010971e-02 9.919967123012207733e-01 1.612386380873292169e-01 0.000000000000000000e+00 0.000000000000000000e+00 0.000000000000000000e+00 1.000000000000000000e+00
4.365282395939473759e-01 8.971835043730397308e-01 6.711822046151881549e-02 -6.796193243543234043e-03 -8.917244759313570635e-01 4.413629232516870782e-01 -1.001310591358739732e-01 1.980606128423108292e-03 -1.194594285184546328e-01 -1.614092499323267066e-02 9.927078701604048483e-01 1.613212132816767841e-01 0.000000000000000000e+00 0.000000000000000000e+00 0.000000000000000000e+00 1.000000000000000000e+00
4.366121389496604999e-01 8.968878948515653926e-01 7.044106891955682903e-02 -6.781035756089239322e-03 -8.908719859248827033e-01 4.419357554666347720e-01 -1.050708938497743050e-01 1.890381714826964770e-03 -1.253672398039379909e-01 -1.687874725393444936e-02 9.919668155110230590e-01 1.611891345355271343e-01 0.000000000000000000e+00 0.000000000000000000e+00 0.000000000000000000e+00 1.000000000000000000e+00
4.376730144622220098e-01 8.965327097680911850e-01 6.834788019708315510e-02 -6.695476368409016520e-03 -8.906133843828972774e-01 4.427112758388536129e-01 -1.039929122737499184e-01 1.751239193159886878e-03 -1.234914246803922311e-01 -1.535664550016349605e-02 9.922268094893369472e-01 1.611886138235642807e-01 0.000000000000000000e+00 0.000000000000000000e+00 0.000000000000000000e+00 1.000000000000000000e+00
4.380598693023831647e-01 8.960452183991816089e-01 7.215620202548159168e-02 -6.637976617577328979e-03 -8.902959125028973020e-01 4.435531494779894057e-01 -1.031202781648214578e-01 1.601155163941746402e-03 -1.244055428323542212e-01 -1.906751614971244346e-02 9.920482300475457205e-01 1.610938986444331589e-01 0.000000000000000000e+00 0.000000000000000000e+00 0.000000000000000000e+00 1.000000000000000000e+00
4.386026378900926281e-01 8.954084157515890263e-01 7.662568131561291185e-02 -6.603018315935577608e-03 -8.893719706881207943e-01 4.447193546966468070e-01 -1.060292097137691264e-01 1.451547227874255570e-03 -1.290163702410692670e-01 -2.164404212312560916e-02 9.914062293784480229e-01 1.610424629390021789e-01 0.000000000000000000e+00 0.000000000000000000e+00 0.000000000000000000e+00 1.000000000000000000e+00
4.393389541024330103e-01 8.955039527502858254e-01 7.109116693932077125e-02 -6.520936294047872603e-03 -8.884743804656972666e-01 4.448456606912524758e-01 -1.128078606315118526e-01 1.399709553173118272e-03 -1.326444822232564769e-01 -1.360179299861503238e-02 9.910703469294936951e-01 1.610951521182404089e-01 0.000000000000000000e+00 0.000000000000000000e+00 0.000000000000000000e+00 1.000000000000000000e+00
4.402435308564333627e-01 8.945996722001805512e-01 7.666198561470935480e-02 -6.483166813752638466e-03 -8.886587937044820862e-01 4.463360527642389886e-01 -1.052125295510619035e-01 1.192688720386583627e-03 -1.283401025040700472e-01 -2.180721215946161695e-02 9.914904253632894626e-01 1.609889234057430563e-01 0.000000000000000000e+00 0.000000000000000000e+00 0.000000000000000000e+00 1.000000000000000000e+00
4.408854598584258100e-01 8.949790706832775333e-01 6.806228268520909952e-02 -6.384675583010338169e-03 -8.880327450973178882e-01 4.459692469489873190e-01 -1.118448676098963424e-01 1.150554748529466521e-03 -1.304525006289510292e-01 -1.113075984154197201e-02 9.913920774673374847e-01 1.611243908628590127e-01 0.000000000000000000e+00 0.000000000000000000e+00 0.000000000000000000e+00 1.000000000000000000e+00
4.418389009588603589e-01 8.938190843267097563e-01 7.658870734532782776e-02 -6.358408616475565329e-03 -8.882875026041587851e-01 4.478374107082469524e-01 -1.019164672042704584e-01 8.984960562562439509e-04 -1.253941717813575052e-01 -2.300213171631747266e-02 9.918403115521027269e-01 1.610120804029912256e-01 0.000000000000000000e+00 0.000000000000000000e+00 0.000000000000000000e+00 1.000000000000000000e+00
4.431553708184948759e-01 8.936605158944409544e-01 7.059886433933501571e-02 -6.240514191563744859e-03 -8.872945854947024147e-01 4.484932147713203698e-01 -1.075274609384516827e-01 8.313643889321713177e-04 -1.277561578418287547e-01 -1.499061824501622675e-02 9.916923139251032637e-01 1.609701780023255757e-01 0.000000000000000000e+00 0.000000000000000000e+00 0.000000000000000000e+00 1.000000000000000000e+00
4.432841192924416029e-01 8.935176744104543767e-01 7.159158539421708878e-02 -6.203585505689014276e-03 -8.871611886754541265e-01 4.487488012370258739e-01 -1.075617901314747243e-01 6.843020787494909999e-04 -1.282349986980137468e-01 -1.583284258954469059e-02 9.916174192724001024e-01 1.610092265657574462e-01 0.000000000000000000e+00 0.000000000000000000e+00 0.000000000000000000e+00 1.000000000000000000e+00
4.439244769205706320e-01 8.929468714088566461e-01 7.467893700323362249e-02 -6.134608082159718860e-03 -8.868189879688803678e-01 4.497567840769504111e-01 -1.061645786249366397e-01 5.401863200007517079e-04 -1.283866868824362628e-01 -1.909764430223160475e-02 9.915402859256182699e-01 1.610024805222942945e-01 0.000000000000000000e+00 0.000000000000000000e+00 0.000000000000000000e+00 1.000000000000000000e+00
4.449578930183842873e-01 8.925098424281235898e-01 7.374723458927633091e-02 -6.053992909773391398e-03 -8.860477199461304076e-01 4.507058300774450799e-01 -1.085527185862448230e-01 3.902685779618571228e-04 -1.301226783420297017e-01 -1.704218011660760257e-02 9.913514274352810407e-01 1.609447309305426788e-01 0.000000000000000000e+00 0.000000000000000000e+00 0.000000000000000000e+00 1.000000000000000000e+00
4.460178826948467679e-01 8.921237808487082477e-01 7.199449951636360812e-02 -5.974942304573578611e-03 -8.861370944067169519e-01 4.514655755140438709e-01 -1.045939005974733660e-01 2.339912375079196253e-04 -1.258137442127325589e-01 -1.714624652741588567e-02 9.919056951127933619e-01 1.609969031998847167e-01 0.000000000000000000e+00 0.000000000000000000e+00 0.000000000000000000e+00 1.000000000000000000e+00
4.466509554881132327e-01 8.920041762024204512e-01 6.950880231306705292e-02 -5.898121070948128541e-03 -8.846261112188456011e-01 4.519131549201962361e-01 -1.149397396895324719e-01 1.762616017112752999e-04 -1.339386699627043986e-01 -1.015135692980331100e-02 9.909376280276704918e-01 1.609346754970101823e-01 0.000000000000000000e+00 0.000000000000000000e+00 0.000000000000000000e+00 1.000000000000000000e+00
4.473564860905401841e-01 8.910970352951548268e-01 7.627744123205752735e-02 -5.850551015067848720e-03 -8.858808507213471461e-01 4.532161517774156434e-01 -9.904664604767213221e-02 -7.874159780325595034e-05 -1.228303410316302774e-01 -2.326356499456257859e-02 9.921549848011635975e-01 1.609500097464762192e-01 0.000000000000000000e+00 0.000000000000000000e+00 0.000000000000000000e+00 1.000000000000000000e+00
4.479191695882167590e-01 8.913986988412301304e-01 6.911423311854000828e-02 -5.778672022138389534e-03 -8.847487419678414788e-01 4.530567004336946701e-01 -1.093585377483400206e-01 -1.136604211238859591e-04 -1.287947246657407951e-01 -1.216494538808227110e-02 9.915966584261872718e-01 1.610123762079399001e-01 0.000000000000000000e+00 0.000000000000000000e+00 0.000000000000000000e+00 1.000000000000000000e+00
4.496967670551040297e-01 8.904142645977021209e-01 7.025137081310799114e-02 -5.680198016558080445e-03 -8.845886580332854576e-01 4.548745335172253990e-01 -1.029177576337419187e-01 -3.197114414641976385e-04 -1.235949990050509845e-01 -1.586178295211142231e-02 9.922059665525708727e-01 1.609790724285141417e-01 0.000000000000000000e+00 0.000000000000000000e+00 0.000000000000000000e+00 1.000000000000000000e+00
4.502426173642337104e-01 8.902150955118661724e-01 6.927242764479295267e-02 -5.630380041126613333e-03 -8.842869266736128608e-01 4.553060409625888649e-01 -1.036003879196877447e-01 -4.449373142782151727e-04 -1.237667840058093022e-01 -1.461139232832402157e-02 9.922037544733879333e-01 1.609644556010066674e-01 0.000000000000000000e+00 0.000000000000000000e+00 0.000000000000000000e+00 1.000000000000000000e+00
4.507395527625382980e-01 8.894177012617442424e-01 7.596057041453305181e-02 -5.577895219991512235e-03 -8.835621800559171346e-01 4.566448779765953647e-01 -1.038909495219632884e-01 -6.121675556891332127e-04 -1.270894549137015495e-01 -2.028812707015064526e-02 9.916837511776237513e-01 1.608075121776671168e-01 0.000000000000000000e+00 0.000000000000000000e+00 0.000000000000000000e+00 1.000000000000000000e+00
4.514745778729684078e-01 8.894388521213327792e-01 7.119855245376287278e-02 -5.481730419194286684e-03 -8.828927901946646006e-01 4.568448272812636879e-01 -1.085961546677990386e-01 -6.957320132031886636e-04 -1.291163295509331621e-01 -1.383228554645172387e-02 9.915329754072007562e-01 1.608925683352637748e-01 0.000000000000000000e+00 0.000000000000000000e+00 0.000000000000000000e+00 1.000000000000000000e+00
4.523507912208337700e-01 8.887802605261626576e-01 7.381334690238633423e-02 -5.430937082785277162e-03 -8.827350906477197112e-01 4.579928633304243268e-01 -1.049823646026378787e-01 -8.781634163167046899e-04 -1.271122394620109175e-01 -1.766877577665228877e-02 9.917309579424788968e-01 1.608155617115171188e-01 0.000000000000000000e+00 0.000000000000000000e+00 0.000000000000000000e+00 1.000000000000000000e+00
4.530299614069530079e-01 8.887999120202153547e-01 6.927171472160870147e-02 -5.343440607707014567e-03 -8.824393774702034010e-01 4.581194507290348161e-01 -1.068986153031333125e-01 -9.582363736672348548e-04 -1.267461997758295156e-01 -1.269981324999470973e-02 9.918538781422395756e-01 1.608680726058228927e-01 0.000000000000000000e+00 0.000000000000000000e+00 0.000000000000000000e+00 1.000000000000000000e+00
4.536924537549770209e-01 8.882471652026617814e-01 7.197312634048383395e-02 -5.288952232904887626e-03 -8.812398844330966430e-01 4.591934308846056800e-01 -1.120609616091496896e-01 -1.076962252661542831e-03 -1.325874182949894897e-01 -1.258437689597925735e-02 9.910914236174225289e-01 1.607833346533195928e-01 0.000000000000000000e+00 0.000000000000000000e+00 0.000000000000000000e+00 1.000000000000000000e+00
4.549589931563648992e-01 8.880233569668153359e-01 6.653444241544942406e-02 -5.182998334422712038e-03 -8.816945683866878047e-01 4.596832460011591737e-01 -1.063296827007868817e-01 -1.244976517551771474e-03 -1.250080102375800695e-01 -1.028741110415288401e-02 9.921023972096909560e-01 1.609245590034038831e-01 0.000000000000000000e+00 0.000000000000000000e+00 0.000000000000000000e+00 1.000000000000000000e+00
4.551975228391915151e-01 8.876377508429715846e-01 6.996026357507972859e-02 -5.138733117105401260e-03 -8.801585101545581491e-01 4.604529505049088089e-01 -1.153433022495572863e-01 -1.330213479525700626e-03 -1.345964791648446568e-01 -9.072135898171754254e-03 9.908589627927238963e-01 1.607948653135760630e-01 0.000000000000000000e+00 0.000000000000000000e+00 0.000000000000000000e+00 1.000000000000000000e+00
4.570010686199477146e-01 8.868109163510550230e-01 6.867621073434580781e-02 -5.032309169930104277e-03 -8.811953442674492765e-01 4.619048717283422700e-01 -1.006908869510814153e-01 -1.581532986218346214e-03 -1.210156540353255622e-01 -1.450131422410120413e-02 9.925446707147121961e-01 1.608172459985132141e-01 0.000000000000000000e+00 0.000000000000000000e+00 0.000000000000000000e+00 1.000000000000000000e+00
4.566836832488194720e-01 8.866131397725216523e-01 7.319258047782462029e-02 -5.013849151181869017e-03 -8.799379477381097381e-01 4.622881703377298424e-01 -1.095392883683194291e-01 -1.651257425482691556e-03 -1.309550365000739514e-01 -1.438012338281476066e-02 9.912840110012666184e-01 1.607801413887720299e-01 0.000000000000000000e+00 0.000000000000000000e+00 0.000000000000000000e+00 1.000000000000000000e+00
4.580059318483433173e-01 8.860835098549955102e-01 7.132026328318386010e-02 -4.923319671448696776e-03 -8.794852950111911039e-01 4.633450583014002699e-01 -1.087059005148762469e-01 -1.755991048464620270e-03 -1.293683974191875696e-01 -1.293717553115757840e-02 9.915122022640301402e-01 1.607578487114764698e-01 0.000000000000000000e+00 0.000000000000000000e+00 0.000000000000000000e+00 1.000000000000000000e+00
4.584926495404783586e-01 8.859829318931429221e-01 6.941710676326595664e-02 -4.848471475044873261e-03 -8.791080191620399553e-01 4.636034862090495645e-01 -1.106385928137644803e-01 -1.885027130494331326e-03 -1.302059175396665380e-01 -1.029815366200158983e-02 9.914334909961473041e-01 1.607338693920412065e-01 0.000000000000000000e+00 0.000000000000000000e+00 0.000000000000000000e+00 1.000000000000000000e+00
4.595402483323082765e-01 8.854422048036693083e-01 6.938920748284563289e-02 -4.789182914598579498e-03 -8.792129877996416321e-01 4.645817223389561157e-01 -1.055857251383740536e-01 -2.050841103948126010e-03 -1.257270147864317511e-01 -1.248700208160671149e-02 9.919862864636317390e-01 1.607903340241548795e-01 0.000000000000000000e+00 0.000000000000000000e+00 0.000000000000000000e+00 1.000000000000000000e+00
4.604122412825757960e-01 8.851020274480878580e-01 6.793356375488793231e-02 -4.711402244293247041e-03 -8.782733146614680741e-01 4.653105329769708920e-01 -1.101003753592384588e-01 -2.150011480152826202e-03 -1.290602682110693900e-01 -8.972675630571733119e-03 9.915961568407349880e-01 1.607563402829669530e-01 0.000000000000000000e+00 0.000000000000000000e+00 0.000000000000000000e+00 1.000000000000000000e+00
4.608599718139675394e-01 8.848448344176285119e-01 6.824738371592618813e-02 -4.642788308059067094e-03 -8.783758930103811036e-01 4.657677240083925585e-01 -1.073136424237736419e-01 -2.302601385836260985e-03 -1.267433507441109442e-01 -1.049029439442430295e-02 9.918800717655708032e-01 1.607623461790406993e-01 0.000000000000000000e+00 0.000000000000000000e+00 0.000000000000000000e+00 1.000000000000000000e+00
4.614770552187708041e-01 8.844850443865198697e-01 6.873960840146955964e-02 -4.592918779594452883e-03 -8.772321425293919672e-01 4.664998579182518257e-01 -1.133210072120051370e-01 -2.392192949119975338e-03 -1.322977536464773340e-01 -8.005549252031313179e-03 9.911776912144810714e-01 1.607391812135051945e-01 0.000000000000000000e+00 0.000000000000000000e+00 0.000000000000000000e+00 1.000000000000000000e+00
4.622032800524575324e-01 8.835689792083138983e-01 7.532587131608643738e-02 -4.551993002795249113e-03 -8.767602651689934135e-01 4.680616893790857658e-01 -1.104974766969471223e-01 -2.573749398330852419e-03 -1.328892972723750565e-01 -1.497043474232848809e-02 9.910178206036861503e-01 1.605403533138719530e-01 0.000000000000000000e+00 0.000000000000000000e+00 0.000000000000000000e+00 1.000000000000000000e+00
4.627064433829345402e-01 8.838412626315138576e-01 6.875587045370118444e-02 -4.464097323217182389e-03 -8.757797846857281465e-01 4.677596130433311350e-01 -1.192086957456227336e-01 -2.611695861568762763e-03 -1.375227835223478690e-01 -5.056369793046786021e-03 9.904856975932470053e-01 1.606227228881600688e-01 0.000000000000000000e+00 0.000000000000000000e+00 0.000000000000000000e+00 1.000000000000000000e+00
4.632030308208536784e-01 8.826434109821685858e-01 7.989719199157049867e-02 -4.435532241408722716e-03 -8.761516493334942091e-01 4.696312369572223644e-01 -1.086498441978959451e-01 -2.834187261377714775e-03 -1.334212861899219948e-01 -1.967511940985038760e-02 9.908640926320999576e-01 1.605407035843204600e-01 0.000000000000000000e+00 0.000000000000000000e+00 0.000000000000000000e+00 1.000000000000000000e+00
4.642566215768192950e-01 8.832548946363668607e-01 6.577674682574766174e-02 -4.299751297176946339e-03 -8.748442175969405321e-01 4.688918928617970550e-01 -1.216058705230871895e-01 -2.862884566802229719e-03 -1.382511636814490741e-01 -1.088075999886702061e-03 9.903966033015983994e-01 1.606414558903495882e-01 0.000000000000000000e+00 0.000000000000000000e+00 0.000000000000000000e+00 1.000000000000000000e+00
4.652209703192556889e-01 8.820949261567669897e-01 7.401344488468343530e-02 -4.269367298534612436e-03 -8.752977137108257644e-01 4.708768239596720084e-01 -1.101314170900085931e-01 -3.095129256241248121e-03 -1.319975800831652002e-01 -1.354835437017717220e-02 9.911574450843056994e-01 1.605212682881232977e-01 0.000000000000000000e+00 0.000000000000000000e+00 0.000000000000000000e+00 1.000000000000000000e+00
4.658026763118802149e-01 8.825061529974470576e-01 6.489034336737739550e-02 -4.176882736034114550e-03 -8.745818682769178620e-01 4.702974758952451206e-01 -1.180120326399693859e-01 -3.136861593748538519e-03 -1.346641096281618877e-01 -1.781597094668879722e-03 9.908897029891097219e-01 1.606861429813076503e-01 0.000000000000000000e+00 0.000000000000000000e+00 0.000000000000000000e+00 1.000000000000000000e+00
4.671407030392373816e-01 8.811294552720526640e-01 7.341966096341395742e-02 -4.120340733443470134e-03 -8.751749196636181560e-01 4.726074454470444719e-01 -1.034942631250564821e-01 -3.405400838548489160e-03 -1.258905221046706657e-01 -1.590866304861916769e-02 9.919165745586766558e-01 1.605374791628803033e-01 0.000000000000000000e+00 0.000000000000000000e+00 0.000000000000000000e+00 1.000000000000000000e+00
4.675474882313545022e-01 8.809856304035684760e-01 7.255112177615602453e-02 -4.037962572361145433e-03 -8.747481520037375669e-01 4.729330596529341402e-01 -1.055935208872229580e-01 -3.487151453975058466e-03 -1.273381985682125739e-01 -1.409397423516443870e-02 9.917592162796677879e-01 1.605799503550124074e-01 0.000000000000000000e+00 0.000000000000000000e+00 0.000000000000000000e+00 1.000000000000000000e+00
4.679484230119680954e-01 8.807448038421058500e-01 7.288939501561864098e-02 -3.976250110397489511e-03 -8.736921490491832420e-01 4.734549108139607942e-01 -1.118144718538894022e-01 -3.584170960870569547e-03 -1.329898570960657556e-01 -1.135948640014704941e-02 9.910522993153757509e-01 1.604965766450178744e-01 0.000000000000000000e+00 0.000000000000000000e+00 0.000000000000000000e+00 1.000000000000000000e+00
4.690580562453587898e-01 8.804281265040506677e-01 6.950434469796090697e-02 -3.897843250948332654e-03 -8.724229964112567570e-01 4.741530007812156944e-01 -1.185624189318543464e-01 -3.661253744560015802e-03 -1.373413819798310898e-01 -5.024530897072394808e-03 9.905110291587542193e-01 1.604518125242273274e-01 0.000000000000000000e+00 0.000000000000000000e+00 0.000000000000000000e+00 1.000000000000000000e+00
4.694668046343487000e-01 8.801401021305564898e-01 7.038693037793267160e-02 -3.831038003412611925e-03 -8.726892985055699770e-01 4.746522972906279114e-01 -1.145363913810166362e-01 -3.835888683308736388e-03 -1.342173894108746046e-01 -7.654887219483444416e-03 9.909223456363200899e-01 1.604864233905756998e-01 0.000000000000000000e+00 0.000000000000000000e+00 0.000000000000000000e+00 1.000000000000000000e+00
4.702684232039582302e-01 8.797478133665279643e-01 6.993850880648921908e-02 -3.749409875185360369e-03 -8.721097086710103419e-01 4.753960592718961542e-01 -1.158587194410377053e-01 -3.941872947416723109e-03 -1.351749465656567339e-01 -6.509355234145627889e-03 9.908003644102112428e-01 1.605708446662044708e-01 0.000000000000000000e+00 0.000000000000000000e+00 0.000000000000000000e+00 1.000000000000000000e+00
4.706663944865284166e-01 8.793850513455271356e-01 7.179886190655412892e-02 -3.702700713718243102e-03 -8.707518404050779148e-01 4.760888066921107331e-01 -1.230068314105034200e-01 -4.036896619877963083e-03 -1.423530032427191283e-01 -4.623809306928156060e-03 9.898051539850011293e-01 1.604134623969926954e-01 0.000000000000000000e+00 0.000000000000000000e+00 0.000000000000000000e+00 1.000000000000000000e+00
4.723741633009632124e-01 8.787251611575541688e-01 6.859111454368714555e-02 -3.618663957927950332e-03 -8.715336904368349291e-01 4.772812049573609827e-01 -1.123907372873785004e-01 -4.244859194870887788e-03 -1.314978185342473571e-01 -6.688986700531536489e-03 9.912938924343547287e-01 1.605312917665552841e-01 0.000000000000000000e+00 0.000000000000000000e+00 0.000000000000000000e+00 1.000000000000000000e+00
4.727596398667905930e-01 8.788216496229344088e-01 6.458197168751474149e-02 -3.509958915135379890e-03 -8.698713320392195136e-01 4.771410759450446792e-01 -1.251409578927659694e-01 -4.286043411876644567e-03 -1.407912945083479306e-01 2.983588448431634399e-03 9.900348022118384828e-01 1.604428370642771995e-01 0.000000000000000000e+00 0.000000000000000000e+00 0.000000000000000000e+00 1.000000000000000000e+00
4.743119071706103917e-01 8.776886881472621971e-01 6.848927955903601206e-02 -3.429922166228544563e-03 -8.714327208040634209e-01 4.791300186328991129e-01 -1.050687315849238440e-01 -4.584804784599298341e-03 -1.250329069813433946e-01 -9.848448769998699448e-03 9.921037144515784112e-01 1.604928525148024976e-01 0.000000000000000000e+00 0.000000000000000000e+00 0.000000000000000000e+00 1.000000000000000000e+00
4.745423352164270803e-01 8.776569053874533344e-01 6.728988418075096400e-02 -3.369732607856101240e-03 -8.704216649469816991e-01 4.792617958507716103e-01 -1.125799992397305826e-01 -4.673559047160840210e-03 -1.310560844763209165e-01 -5.146597284813488049e-03 9.913615966226063669e-01 1.604776853451014562e-01 0.000000000000000000e+00 0.000000000000000000e+00 0.000000000000000000e+00 1.000000000000000000e+00
4.754683911033922294e-01 8.772979100413936804e-01 6.540784431973323265e-02 -3.286320820969571965e-03 -8.696784137379806046e-01 4.799419769206444419e-01 -1.153913145245055172e-01 -4.766735864570329634e-03 -1.326245291782083280e-01 -2.018867629734237557e-03 9.911642943698849573e-01 1.604365504737457204e-01 0.000000000000000000e+00 0.000000000000000000e+00 0.000000000000000000e+00 1.000000000000000000e+00
4.761842397601787624e-01 8.769439589385595868e-01 6.494507437201543776e-02 -3.228521835743972546e-03 -8.694679125320531332e-01 4.805882829459514616e-01 -1.142823318462483084e-01 -4.906550182932015863e-03 -1.314310423042232279e-01 -2.048212935249003885e-03 9.913231995381714956e-01 1.604625137491021425e-01 0.000000000000000000e+00 0.000000000000000000e+00 0.000000000000000000e+00 1.000000000000000000e+00
4.769340986559053031e-01 8.758538845524379557e-01 7.357879078704698816e-02 -3.200788863316944392e-03 -8.688143514148307656e-01 4.824550780441745346e-01 -1.113495417368949719e-01 -5.082083204092261580e-03 -1.330243899249540229e-01 -1.081991607150165069e-02 9.910537024305492437e-01 1.602675955805888675e-01 0.000000000000000000e+00 0.000000000000000000e+00 0.000000000000000000e+00 1.000000000000000000e+00
4.773745518091379036e-01 8.759998184090074247e-01 6.883208141855655382e-02 -3.092897720242647041e-03 -8.683965301643437051e-01 4.822880460248432088e-01 -1.152636415356857180e-01 -5.167720746539070792e-03 -1.341678191056001612e-01 -4.749611449876997571e-03 9.909472425449914468e-01 1.603727009621839228e-01 0.000000000000000000e+00 0.000000000000000000e+00 0.000000000000000000e+00 1.000000000000000000e+00
4.776373817081288609e-01 8.753215620581682455e-01 7.533056876893853837e-02 -3.069188571972028805e-03 -8.676029400405980141e-01 4.834427337392345758e-01 -1.163970000800984977e-01 -5.299350003987146097e-03 -1.383028200287835796e-01 -9.761464581922382755e-03 9.903418822716234526e-01 1.602560745196648651e-01 0.000000000000000000e+00 0.000000000000000000e+00 0.000000000000000000e+00 1.000000000000000000e+00
4.790906132074934098e-01 8.751035277735159656e-01 6.830812554019405347e-02 -2.947165244860116412e-03 -8.669207153961246970e-01 4.839315830702937693e-01 -1.194097823637184919e-01 -5.428193384474856893e-03 -1.375523811263883178e-01 -2.009623205066098095e-03 9.904924552267090343e-01 1.603114083796467748e-01 0.000000000000000000e+00 0.000000000000000000e+00 0.000000000000000000e+00 1.000000000000000000e+00
4.790935751848763857e-01 8.747963306354964441e-01 7.211606009235740911e-02 -2.911612403596342599e-03 -8.666751542009072384e-01 4.844600162942689914e-01 -1.190490222680995192e-01 -5.531426859158331162e-03 -1.390809954932989145e-01 -5.465575800217982450e-03 9.902659259884514231e-01 1.602926755059871089e-01 0.000000000000000000e+00 0.000000000000000000e+00 0.000000000000000000e+00 1.000000000000000000e+00
4.808335138974785261e-01 8.746179365374069370e-01 6.198868445169411490e-02 -2.733192801418231430e-03 -8.669172961252176179e-01 4.848088845593289675e-01 -1.158220494175478121e-01 -5.703741601321391137e-03 -1.313527068314352952e-01 1.952060293024963922e-03 9.913337762170051359e-01 1.604472254648158513e-01 0.000000000000000000e+00 0.000000000000000000e+00 0.000000000000000000e+00 1.000000000000000000e+00
4.809416406663535315e-01 8.742808346505133166e-01 6.578875615147200540e-02 -2.721729324309063967e-03 -8.656334681394564079e-01 4.854161219558527085e-01 -1.226779824670972685e-01 -5.785510994272208621e-03 -1.391899317839216388e-01 2.052001009384220309e-03 9.902635771257289887e-01 1.603210637290936325e-01 0.000000000000000000e+00 0.000000000000000000e+00 0.000000000000000000e+00 1.000000000000000000e+00
4.824399041242784514e-01 8.736022076451490648e-01 6.380377501432496490e-02 -2.630884476696082781e-03 -8.660536289189799675e-01 4.866407114488842112e-01 -1.145946324955456064e-01 -5.969128091601664382e-03 -1.311596383984888481e-01 2.753262442167087043e-05 9.913612603370842713e-01 1.603576997471765353e-01 0.000000000000000000e+00 0.000000000000000000e+00 0.000000000000000000e+00 1.000000000000000000e+00
4.825556952385483545e-01 8.735791931461498461e-01 6.324076450330914922e-02 -2.562465801238978692e-03 -8.644496515097677136e-01 4.866426527648978761e-01 -1.261179151214618099e-01 -6.026622830790368500e-03 -1.409496399338517614e-01 6.190461377376360597e-03 9.899974127190700468e-01 1.603324856833313328e-01 0.000000000000000000e+00 0.000000000000000000e+00 0.000000000000000000e+00 1.000000000000000000e+00
4.843008102656128910e-01 8.723200772642601963e-01 6.715957100626823717e-02 -2.497888213468587616e-03 -8.653011094821826399e-01 4.889137787399649993e-01 -1.105319270035231422e-01 -6.285847674413953291e-03 -1.292544587431104786e-01 -4.582549496045515425e-03 9.916008698741352045e-01 1.603042522529016523e-01 0.000000000000000000e+00 0.000000000000000000e+00 0.000000000000000000e+00 1.000000000000000000e+00
4.841414658884872768e-01 8.723612912893471405e-01 6.777033619017812371e-02 -2.420374242314627007e-03 -8.645959214256530023e-01 4.888560436290538824e-01 -1.161622195960237414e-01 -6.364614388595864897e-03 -1.344653623111653484e-01 -2.355008987594033043e-03 9.909154960294018766e-01 1.602702440854250066e-01 0.000000000000000000e+00 0.000000000000000000e+00 0.000000000000000000e+00 1.000000000000000000e+00
4.854412811367990743e-01 8.718480086307490717e-01 6.502163036144591179e-02 -2.322403991695785614e-03 -8.647187586812680182e-01 4.897715845173743476e-01 -1.112890982264997108e-01 -6.521115890972086111e-03 -1.288729256011139634e-01 -2.201101073950662013e-03 9.916586732344310207e-01 1.603090087780521256e-01 0.000000000000000000e+00 0.000000000000000000e+00 0.000000000000000000e+00 1.000000000000000000e+00
4.858138148055219374e-01 8.716638483028205098e-01 6.470759542761377048e-02 -2.266883407319380400e-03 -8.629195106686362582e-01 4.900876713694132247e-01 -1.232233438886791571e-01 -6.568222280153092861e-03 -1.391217288977812383e-01 4.026156184711346397e-03 9.902671026621397976e-01 1.601936892906591636e-01 0.000000000000000000e+00 0.000000000000000000e+00 0.000000000000000000e+00 1.000000000000000000e+00
4.874650037782581324e-01 8.710065559182684769e-01 6.103646155257737294e-02 -2.168678116918079657e-03 -8.644816936543009422e-01 4.912705842915258136e-01 -1.064171712951177823e-01 -6.804927511587280896e-03 -1.226754719903468821e-01 -8.902568501915758548e-04 9.924464398720398428e-01 1.602517276981181016e-01 0.000000000000000000e+00 0.000000000000000000e+00 0.000000000000000000e+00 1.000000000000000000e+00
4.870954395029933326e-01 8.706779734791616487e-01 6.824880448481171480e-02 -2.158864236353711264e-03 -8.625857660933282656e-01 4.918520848089751873e-01 -1.184369992960419143e-01 -6.871664783427136082e-03 -1.366888033036054440e-01 -1.180325075963870041e-03 9.906133341946006254e-01 1.602209959127443295e-01 0.000000000000000000e+00 0.000000000000000000e+00 0.000000000000000000e+00 1.000000000000000000e+00
4.877333497487887359e-01 8.702664007001286173e-01 6.893889580830700470e-02 -2.080754732796965233e-03 -8.621057776533405104e-01 4.925792599288918439e-01 -1.189087920409340193e-01 -6.995666015105059775e-03 -1.374401967386346124e-01 -1.436836924676263005e-03 9.905090246030557877e-01 1.600992245341359699e-01 0.000000000000000000e+00 0.000000000000000000e+00 0.000000000000000000e+00 1.000000000000000000e+00
4.891299913698073931e-01 8.702036747919127402e-01 5.913895434671559426e-02 -1.958785400606444932e-03 -8.622827572030510312e-01 4.926507247488988717e-01 -1.173188392147170162e-01 -7.120651454032264453e-03 -1.312261337267698058e-01 6.389662200419088389e-03 9.913318687725560796e-01 1.602449534460071157e-01 0.000000000000000000e+00 0.000000000000000000e+00 0.000000000000000000e+00 1.000000000000000000e+00
4.890660306254825951e-01 8.689505084846897986e-01 7.575903571478151410e-02 -1.963116669583517965e-03 -8.606042889112315297e-01 4.948581681296775336e-01 -1.203148010135634688e-01 -7.247144539251694148e-03 -1.420375851520578325e-01 -6.356668902721865355e-03 9.898408544632986139e-01 1.600285024961456692e-01 0.000000000000000000e+00 0.000000000000000000e+00 0.000000000000000000e+00 1.000000000000000000e+00
4.906943287338623172e-01 8.693291329128841616e-01 5.904180228750958992e-02 -1.783377923097245396e-03 -8.604879330142308769e-01 4.941308166293709725e-01 -1.240776095598535300e-01 -7.342579035418280407e-03 -1.370386547121678067e-01 1.007942092206056545e-02 9.905144180619256389e-01 1.601936972630971512e-01 0.000000000000000000e+00 0.000000000000000000e+00 0.000000000000000000e+00 1.000000000000000000e+00
4.905025963079164275e-01 8.682493744298334093e-01 7.449984441189035078e-02 -1.821102069376074554e-03 -8.605828669110100471e-01 4.960709908866960394e-01 -1.153720121169694024e-01 -7.545197837753312917e-03 -1.371288889855810100e-01 -7.523018203766905498e-03 9.905246448234823475e-01 1.600885862406689619e-01 0.000000000000000000e+00 0.000000000000000000e+00 0.000000000000000000e+00 1.000000000000000000e+00
4.923360137395059732e-01 8.686559776645002007e-01 5.515471006926423586e-02 -1.625879477412171857e-03 -8.603288274121576595e-01 4.952724863409678768e-01 -1.205797370923403222e-01 -7.613348888429466096e-03 -1.320589197998949804e-01 1.191456005765284543e-02 9.911702603286268731e-01 1.602133350163333636e-01 0.000000000000000000e+00 0.000000000000000000e+00 0.000000000000000000e+00 1.000000000000000000e+00
4.926366422815506296e-01 8.679522471758742697e-01 6.299234321653532365e-02 -1.612163922959749867e-03 -8.596493619579486101e-01 4.966234905209759853e-01 -1.198669393454845911e-01 -7.764276122293235077e-03 -1.353222567312986346e-01 4.899518865395108280e-03 9.907895243431050769e-01 1.600825761286815418e-01 0.000000000000000000e+00 0.000000000000000000e+00 0.000000000000000000e+00 1.000000000000000000e+00
4.935962140471021331e-01 8.675841731904837539e-01 6.050190003423289165e-02 -1.515496988504203045e-03 -8.589187699213235438e-01 4.972167632996395414e-01 -1.226133637523693642e-01 -7.860759124603206374e-03 -1.364599727217030156e-01 8.555274584443502139e-03 9.906086427654349214e-01 1.600720895145240352e-01 0.000000000000000000e+00 0.000000000000000000e+00 0.000000000000000000e+00 1.000000000000000000e+00
4.940690547694577273e-01 8.668854349914869584e-01 6.637327563737560610e-02 -1.477127367691694320e-03 -8.588679608396798670e-01 4.985061729065228819e-01 -1.176325695425465001e-01 -8.031496771647519267e-03 -1.350614488383146128e-01 1.112732543065667046e-03 9.908365994774228636e-01 1.601076865586316123e-01 0.000000000000000000e+00 0.000000000000000000e+00 0.000000000000000000e+00 1.000000000000000000e+00
4.952475599779420090e-01 8.666274806977573020e-01 6.071790539332595771e-02 -1.354781056994129899e-03 -8.583262277063149481e-01 4.989029569886181403e-01 -1.198829693470270796e-01 -8.153650835516659465e-03 -1.341862182466660447e-01 7.255977361543181070e-03 9.909295684483266919e-01 1.601042857443660816e-01 0.000000000000000000e+00 0.000000000000000000e+00 0.000000000000000000e+00 1.000000000000000000e+00
4.950106100675791820e-01 8.662583348920362969e-01 6.753512530972136108e-02 -1.340708565391429989e-03 -8.563382033862405596e-01 4.995477396238112155e-01 -1.309081252557181552e-01 -8.186753645904510171e-03 -1.471372738015386816e-01 6.968003072444703405e-03 9.890915375188655823e-01 1.599823016125424824e-01 0.000000000000000000e+00 0.000000000000000000e+00 0.000000000000000000e+00 1.000000000000000000e+00
4.968244677343219284e-01 8.656567213441606068e-01 6.167567634153849065e-02 -1.212280773146675629e-03 -8.578813676422387680e-01 5.006164387080942468e-01 -1.158565507319589682e-01 -8.430098263484862853e-03 -1.311678592978850477e-01 4.649955580800856081e-03 9.913492677156254818e-01 1.600707764030371016e-01 0.000000000000000000e+00 0.000000000000000000e+00 0.000000000000000000e+00 1.000000000000000000e+00
4.965916392628123566e-01 8.654266930879598307e-01 6.658365193582516106e-02 -1.181026991643911901e-03 -8.561857610012174602e-01 5.010032345732889913e-01 -1.262604514718215221e-01 -8.496957540401301259e-03 -1.426277899746017652e-01 5.691909867539937662e-03 9.897600293450028452e-01 1.599845269593508923e-01 0.000000000000000000e+00 0.000000000000000000e+00 0.000000000000000000e+00 1.000000000000000000e+00
4.986814962275874508e-01 8.648099300913982823e-01 5.848546943921471841e-02 -1.039890644062853092e-03 -8.572997415260623644e-01 5.020550668838472674e-01 -1.139204239616500997e-01 -8.714049285902662409e-03 -1.278824401532952515e-01 6.670429638807567896e-03 9.917669014788064175e-01 1.600729406783368280e-01 0.000000000000000000e+00 0.000000000000000000e+00 0.000000000000000000e+00 1.000000000000000000e+00
4.989494237021736001e-01 8.647937989157843397e-01 5.640175479606216596e-02 -9.826873736257272455e-04 -8.559424622822138229e-01 5.019408504605448185e-01 -1.241687718438342636e-01 -8.773743524640649147e-03 -1.356907286793392620e-01 1.367728027610864983e-02 9.906568316802337737e-01 1.600472197091364901e-01 0.000000000000000000e+00 0.000000000000000000e+00 0.000000000000000000e+00 1.000000000000000000e+00
4.989874566729259331e-01 8.639063677328637780e-01 6.839083179560484504e-02 -9.636715570792694701e-04 -8.538569264904718459e-01 5.036000522422566794e-01 -1.315877519598284418e-01 -8.860016579002968906e-03 -1.481211232989064208e-01 7.264652242620600608e-03 9.889425451766467035e-01 1.599053025586192334e-01 0.000000000000000000e+00 0.000000000000000000e+00 0.000000000000000000e+00 1.000000000000000000e+00
5.005030734062549946e-01 8.639090095446364526e-01 5.619516650476424208e-02 -7.864646987040977907e-04 -8.545570430977664778e-01 5.033960415826841395e-01 -1.277680923035431904e-01 -9.027471381564181746e-03 -1.386684304479398333e-01 1.592634755647946015e-02 9.902107946546609973e-01 1.599891393134062201e-01 0.000000000000000000e+00 0.000000000000000000e+00 0.000000000000000000e+00 1.000000000000000000e+00
5.005763310875021022e-01 8.633368607506589631e-01 6.381850534267163866e-02 -7.825270994144588538e-04 -8.537139052524608251e-01 5.045277771578211556e-01 -1.289352165034056974e-01 -9.147725581537131598e-03 -1.435127336983295088e-01 1.005917220178034754e-02 9.895973465612400988e-01 1.599581978426764806e-01 0.000000000000000000e+00 0.000000000000000000e+00 0.000000000000000000e+00 1.000000000000000000e+00
5.023579837634332135e-01 8.628827050146316013e-01 5.540661996341426920e-02 -6.254456996718194776e-04 -8.533053922368808442e-01 5.050928087753909779e-01 -1.294262805725681365e-01 -9.273135593625303486e-03 -1.396651843825118533e-01 1.773955777403470740e-02 9.900398700867458768e-01 1.599957804681332585e-01 0.000000000000000000e+00 0.000000000000000000e+00 0.000000000000000000e+00 1.000000000000000000e+00
5.022128174049947935e-01 8.623516277457280443e-01 6.428029370211850446e-02 -6.270634331228627399e-04 -8.528641905190256223e-01 5.062222719463032039e-01 -1.279127980924902597e-01 -9.415634855027841046e-03 -1.428459259638317214e-01 9.417086057603281379e-03 9.897001363674349239e-01 1.598605915563619528e-01 0.000000000000000000e+00 0.000000000000000000e+00 0.000000000000000000e+00 1.000000000000000000e+00
5.038872928668285400e-01 8.617495413441891294e-01 5.903663337639317166e-02 -5.140139760898262749e-04 -8.527953950154980589e-01 5.071823935572249420e-01 -1.245232263713266924e-01 -9.568003014524501665e-03 -1.372501742355888565e-01 1.239950235468471884e-02 9.904588037943105050e-01 1.599369997270894683e-01 0.000000000000000000e+00 0.000000000000000000e+00 0.000000000000000000e+00 1.000000000000000000e+00
5.037651280089564532e-01 8.614115624738709620e-01 6.473651086090562168e-02 -4.713872829651936805e-04 -8.518305332975972810e-01 5.078172773601348222e-01 -1.284770615965004636e-01 -9.668252141353214299e-03 -1.435459450630731104e-01 9.577726810904706178e-03 9.895973063853220619e-01 1.598577776734073363e-01 0.000000000000000000e+00 0.000000000000000000e+00 0.000000000000000000e+00 1.000000000000000000e+00
5.049641726004922004e-01 8.609457157824018658e-01 6.151145312726712111e-02 -3.525196376251642878e-04 -8.519828453927813516e-01 5.085909116752493908e-01 -1.243403221716855855e-01 -9.846543608746182938e-03 -1.383344336971824573e-01 1.038070504669010713e-02 9.903311695672378789e-01 1.598877060417655815e-01 0.000000000000000000e+00 0.000000000000000000e+00 0.000000000000000000e+00 1.000000000000000000e+00
5.054392844442648913e-01 8.606050784907899320e-01 6.237009392594071444e-02 -3.060069889440036168e-04 -8.508761778542697218e-01 5.091205916944147036e-01 -1.296377764111919240e-01 -9.930599541494113461e-03 -1.433208278673364644e-01 1.245479781410218506e-02 9.895979073900830203e-01 1.598231222152097231e-01 0.000000000000000000e+00 0.000000000000000000e+00 0.000000000000000000e+00 1.000000000000000000e+00
5.061223457243615442e-01 8.596810098786915599e-01 6.920066771659655336e-02 -2.589568079321858535e-04 -8.509744243158261501e-01 5.108230306480323613e-01 -1.220752248407009077e-01 -1.014481069152709143e-02 -1.402950473780814056e-01 2.897000778802873155e-03 9.901055029983771849e-01 1.597331197464709474e-01 0.000000000000000000e+00 0.000000000000000000e+00 0.000000000000000000e+00 1.000000000000000000e+00
5.069929101599148780e-01 8.597350356559246842e-01 6.175643701903880262e-02 -1.543703335752431665e-04 -8.502312379385533747e-01 5.105890164418362964e-01 -1.280847310276802264e-01 -1.019705965982323215e-02 -1.416510892335654248e-01 1.243079863340187247e-02 9.898385950064183536e-01 1.598179407301434374e-01 0.000000000000000000e+00 0.000000000000000000e+00 0.000000000000000000e+00 1.000000000000000000e+00
5.081642239734318611e-01 8.591882431941461062e-01 5.970497659690217340e-02 -6.081014015253924138e-05 -8.501694586747908788e-01 5.115028975521961341e-01 -1.248065596526102966e-01 -1.036798996626648629e-02 -1.377715972546331713e-01 1.266288089908317038e-02 9.903830766108854267e-01 1.598537541931904782e-01 0.000000000000000000e+00 0.000000000000000000e+00 0.000000000000000000e+00 1.000000000000000000e+00
5.081077830494163949e-01 8.588186960653172441e-01 6.524513846468268929e-02 -2.827510835317349251e-05 -8.482649877529861993e-01 5.121099978409910936e-01 -1.348697915165820438e-01 -1.041512845678654355e-02 -1.492413862071559905e-01 1.318322418714153871e-02 9.887129063803092865e-01 1.597149162630985553e-01 0.000000000000000000e+00 0.000000000000000000e+00 0.000000000000000000e+00 1.000000000000000000e+00
5.085172229429862911e-01 8.586799450895411523e-01 6.386693879759611225e-02 7.970108799510382648e-05 -8.474369552088326651e-01 5.122360056337370571e-01 -1.395165992947698663e-01 -1.053006187992457272e-02 -1.525150514432474513e-01 1.682338947468206558e-02 9.881579492418440802e-01 1.597334006283132601e-01 0.000000000000000000e+00 0.000000000000000000e+00 0.000000000000000000e+00 1.000000000000000000e+00
5.098165747367533474e-01 8.578575594230728463e-01 6.455592818923608367e-02 1.672267350547654286e-04 -8.479564430271724351e-01 5.137523514780586442e-01 -1.304928813363832596e-01 -1.072631395628968580e-02 -1.451100646143831108e-01 1.178681854678231833e-02 9.893453088058563605e-01 1.596974640292976866e-01 0.000000000000000000e+00 0.000000000000000000e+00 0.000000000000000000e+00 1.000000000000000000e+00
5.098846652015279757e-01 8.578944296507454714e-01 6.351988481214310145e-02 2.196776917031776093e-04 -8.454980354684383803e-01 5.133897309869134284e-01 -1.468470501446858534e-01 -1.074284808217785929e-02 -1.585897229057955660e-01 2.116912117700664453e-02 9.871176060111865880e-01 1.597059370566010217e-01 0.000000000000000000e+00 0.000000000000000000e+00 0.000000000000000000e+00 1.000000000000000000e+00
5.112068604285462392e-01 8.565953983930020277e-01 7.008472945458965597e-02 2.726225979523025063e-04 -8.467245666629433787e-01 5.159406412702695066e-01 -1.298567013868516806e-01 -1.101356520766718847e-02 -1.473942131165256464e-01 7.041174444452645564e-03 9.890527629010512634e-01 1.596241724146350849e-01 0.000000000000000000e+00 0.000000000000000000e+00 0.000000000000000000e+00 1.000000000000000000e+00
5.119061856090341145e-01 8.572566137889859883e-01 5.534577897410307423e-02 4.216453584599262985e-04 -8.450146390540870245e-01 5.140965851655042718e-01 -1.471562465730165969e-01 -1.097573374404849263e-02 -1.546037416089924288e-01 2.856219942876644935e-02 9.875636100243321280e-01 1.597123484712308916e-01 0.000000000000000000e+00 0.000000000000000000e+00 0.000000000000000000e+00 1.000000000000000000e+00
5.135944628224814457e-01 8.559381877319827137e-01 5.992116938257925629e-02 5.082585434576084894e-04 -8.476347727622899342e-01 5.169708850391951938e-01 -1.194001508626023195e-01 -1.130800960499778011e-02 -1.331766487125566889e-01 1.053198954994823133e-02 9.910363552533336673e-01 1.597183413478986125e-01 0.000000000000000000e+00 0.000000000000000000e+00 0.000000000000000000e+00 1.000000000000000000e+00
5.128014497610151601e-01 8.566434213652075469e-01 5.653955920161178594e-02 5.722480714750508403e-04 -8.441512096283964040e-01 5.151251557316431917e-01 -1.485086166367644012e-01 -1.121613109292429050e-02 -1.563438786966605543e-01 2.842749662143868178e-02 9.872935070332033991e-01 1.596732183359617085e-01 0.000000000000000000e+00 0.000000000000000000e+00 0.000000000000000000e+00 1.000000000000000000e+00
5.138089222276885915e-01 8.552020023526692993e-01 6.804356406895675780e-02 5.978032330440080774e-04 -8.444931623574879476e-01 5.181526932506098637e-01 -1.354587952426454245e-01 -1.145356026308009915e-02 -1.511015889084909580e-01 1.213761299121714210e-02 9.884437202897313757e-01 1.595632916880681540e-01 0.000000000000000000e+00 0.000000000000000000e+00 0.000000000000000000e+00 1.000000000000000000e+00
5.140864428113879336e-01 8.557266615771983442e-01 5.871124239425214164e-02 6.999988463453091182e-04 -8.430087884231567408e-01 5.167039076990855850e-01 -1.495100478557078727e-01 -1.146038107194934444e-02 -1.582760624947903705e-01 2.736699534910445875e-02 9.870155700933533893e-01 1.596870122693057059e-01 0.000000000000000000e+00 0.000000000000000000e+00 0.000000000000000000e+00 1.000000000000000000e+00
5.153928094944110194e-01 8.546975947753748803e-01 6.214719146225928387e-02 7.910948183777243101e-04 -8.430991346323973845e-01 5.187129011821715041e-01 -1.418477188018100743e-01 -1.167067672258428196e-02 -1.534734540679932036e-01 2.071105097197338540e-02 9.879357019887862190e-01 1.595678714408594046e-01 0.000000000000000000e+00 0.000000000000000000e+00 0.000000000000000000e+00 1.000000000000000000e+00
5.167260841903572599e-01 8.542811761470642251e-01 5.654932358648051549e-02 8.880148853854366369e-04 -8.441629529469910631e-01 5.193927143934021773e-01 -1.327407891601894985e-01 -1.184641490431083757e-02 -1.427692641611491009e-01 2.085378420916421394e-02 9.895362837688376212e-01 1.596501941400881586e-01 0.000000000000000000e+00 0.000000000000000000e+00 0.000000000000000000e+00 1.000000000000000000e+00
5.177862333499002601e-01 8.538936620949106882e-01 5.256453545371576885e-02 9.864088343702734265e-04 -8.436515084942637355e-01 5.198390093745590690e-01 -1.342368673197872064e-01 -1.196817547546208740e-02 -1.419491062623352562e-01 2.515985227737541768e-02 9.895541587324589994e-01 1.596645220084171313e-01 0.000000000000000000e+00 0.000000000000000000e+00 0.000000000000000000e+00 1.000000000000000000e+00
5.173393543463530309e-01 8.536840119798306814e-01 5.986317845319294451e-02 1.021938150503256789e-03 -8.412828352266560339e-01 5.201507222059984503e-01 -1.472630888633578161e-01 -1.199670042050014936e-02 -1.568540200233884963e-01 2.582312681683771732e-02 9.872841447748990085e-01 1.594931856167793316e-01 0.000000000000000000e+00 0.000000000000000000e+00 0.000000000000000000e+00 1.000000000000000000e+00
5.179830675156978925e-01 8.530272442171463743e-01 6.354575037190857145e-02 1.076773793882383279e-03 -8.414023331952119600e-01 5.214844547875213676e-01 -1.417606331412751830e-01 -1.218506418366077648e-02 -1.540638032137385260e-01 1.996206497992083356e-02 9.878592311159803963e-01 1.595695744331551980e-01 0.000000000000000000e+00 0.000000000000000000e+00 0.000000000000000000e+00 1.000000000000000000e+00
5.190535043250426028e-01 8.528882937284436583e-01 5.625849330436077933e-02 1.196403325752506096e-03 -8.411537996308355858e-01 5.213838627186201391e-01 -1.435937082995593639e-01 -1.228606047059843318e-02 -1.518016634115083030e-01 2.721077208744527437e-02 9.880363499729674093e-01 1.595372483958962251e-01 0.000000000000000000e+00 0.000000000000000000e+00 0.000000000000000000e+00 1.000000000000000000e+00
5.192518537474933860e-01 8.522437559279362196e-01 6.370316210076197583e-02 1.225091862327238462e-03 -8.392813671371196493e-01 5.225724888042151406e-01 -1.500825796733784301e-01 -1.236696135169300555e-02 -1.611964613638873223e-01 2.446578073172256396e-02 9.866190381383019847e-01 1.594790252884732973e-01 0.000000000000000000e+00 0.000000000000000000e+00 0.000000000000000000e+00 1.000000000000000000e+00
5.205755882976300652e-01 8.520924821545933225e-01 5.421677530248933397e-02 1.363620034421843480e-03 -8.402268666132602926e-01 5.225404537632241109e-01 -1.448112108995239788e-01 -1.253079484199786341e-02 -1.517230025073292299e-01 2.983079007582607745e-02 9.879728004725701895e-01 1.595534487946826674e-01 0.000000000000000000e+00 0.000000000000000000e+00 0.000000000000000000e+00 1.000000000000000000e+00
5.218476839022994085e-01 8.515246258381060640e-01 5.080163774013111283e-02 1.472458193131182761e-03 -8.401868703877662936e-01 5.233719357123929328e-01 -1.420135195559701358e-01 -1.266681311054911226e-02 -1.475161605852622071e-01 3.142655723964314640e-02 9.885602429120071699e-01 1.595737302578484618e-01 0.000000000000000000e+00 0.000000000000000000e+00 0.000000000000000000e+00 1.000000000000000000e+00
5.214795694423945971e-01 8.505791924935608428e-01 6.763206304096193444e-02 1.430063176066235023e-03 -8.384667409922903492e-01 5.255213319315843457e-01 -1.442250114738116151e-01 -1.279058551010761255e-02 -1.582168856473364360e-01 1.850316140164724732e-02 9.872310013944062268e-01 1.594184487219577895e-01 0.000000000000000000e+00 0.000000000000000000e+00 0.000000000000000000e+00 1.000000000000000000e+00
5.216691176470565905e-01 8.511847348025494142e-01 5.784357295720114756e-02 1.565843568517592084e-03 -8.366499949247820922e-01 5.236730582976717452e-01 -1.605718344091681682e-01 -1.278618143482711939e-02 -1.669674150416887159e-01 3.537054215412642477e-02 9.853277663102870676e-01 1.594239869903839313e-01 0.000000000000000000e+00 0.000000000000000000e+00 0.000000000000000000e+00 1.000000000000000000e+00
5.233196370992476698e-01 8.497163414531735404e-01 6.417707140206274641e-02 1.616538848621208073e-03 -8.381001917309222060e-01 5.268510395834543614e-01 -1.414780926872588607e-01 -1.306421834176065173e-02 -1.540280040995889166e-01 2.025144827579213047e-02 9.878589235289773063e-01 1.593740418205197851e-01 0.000000000000000000e+00 0.000000000000000000e+00 0.000000000000000000e+00 1.000000000000000000e+00
5.239941598952501112e-01 8.502252728202692733e-01 5.046886023450472547e-02 1.766242067420965844e-03 -8.377374790361411527e-01 5.251787054750551853e-01 -1.496103055732335985e-01 -1.309616062853859349e-02 -1.537076335574850683e-01 3.611527063783683683e-02 9.874561512355441995e-01 1.594868663701268785e-01 0.000000000000000000e+00 0.000000000000000000e+00 0.000000000000000000e+00 1.000000000000000000e+00
5.243475815160321130e-01 8.490660060936386921e-01 6.439356376599533749e-02 1.787777597417075171e-03 -8.370692812812602357e-01 5.278481656348632534e-01 -1.438448204530995977e-01 -1.330041937200337684e-02 -1.561237717119420554e-01 2.152280957744989731e-02 9.875029805394667237e-01 1.593439049691581233e-01 0.000000000000000000e+00 0.000000000000000000e+00 0.000000000000000000e+00 1.000000000000000000e+00
5.266603796936124571e-01 8.487610855317520020e-01 4.725954028491918119e-02 1.966387433731831263e-03 -8.369830035207130869e-01 5.274665907750216709e-01 -1.457341670083636131e-01 -1.341230127687387946e-02 -1.486213183847654440e-01 3.719697975827730013e-02 9.881943576131350104e-01 1.595149833215596946e-01 0.000000000000000000e+00 0.000000000000000000e+00 0.000000000000000000e+00 1.000000000000000000e+00
5.261742222580342299e-01 8.481361472974145999e-01 6.169087030226701879e-02 1.968827036670199680e-03 -8.351483171614296763e-01 5.290576110333307103e-01 -1.504171949949109077e-01 -1.354003487282132157e-02 -1.602122847149521079e-01 2.762462407352001686e-02 9.866959531543706419e-01 1.593822697692945378e-01 0.000000000000000000e+00 0.000000000000000000e+00 0.000000000000000000e+00 1.000000000000000000e+00
5.277477014868839911e-01 8.482105507756281249e-01 4.495803741508969803e-02 2.165555616932214513e-03 -8.361109689833627900e-01 5.280884678043261671e-01 -1.484621760509435562e-01 -1.367123826570736111e-02 -1.496690052115433878e-01 4.076066394190561160e-02 9.878956205763858023e-01 1.594598827349716363e-01 0.000000000000000000e+00 0.000000000000000000e+00 0.000000000000000000e+00 1.000000000000000000e+00
5.275643146273635287e-01 8.476033446155218920e-01 5.696019775546010133e-02 2.146428966791535855e-03 -8.347475242298963982e-01 5.296744814484301012e-01 -1.504709755879699573e-01 -1.377767848375934315e-02 -1.577100653852472334e-01 3.183573305136249559e-02 9.869721482277317159e-01 1.593715212990685637e-01 0.000000000000000000e+00 0.000000000000000000e+00 0.000000000000000000e+00 1.000000000000000000e+00
5.292180753248012515e-01 8.471645742464377626e-01 4.733300002498030956e-02 2.290559108439895689e-03 -8.343159821451906488e-01 5.297222262039888996e-01 -1.526800740194862172e-01 -1.387602087351156449e-02 -1.544184920487786938e-01 4.131037650932090077e-02 9.871415208094731497e-01 1.593339527467876882e-01 0.000000000000000000e+00 0.000000000000000000e+00 0.000000000000000000e+00 1.000000000000000000e+00
5.280387536707015217e-01 8.468398364358703523e-01 6.354027106615675602e-02 2.269401648866548483e-03 -8.314154221083823737e-01 5.307597558775598579e-01 -1.644459711307443839e-01 -1.391924500357327558e-02 -1.729840180543647521e-01 3.400548435269666603e-02 9.843374200606751501e-01 1.593056669905132672e-01 0.000000000000000000e+00 0.000000000000000000e+00 0.000000000000000000e+00 1.000000000000000000e+00
5.308655661503547396e-01 8.460064772977234915e-01 4.954584792048462999e-02 2.440986374368902655e-03 -8.351472016404178911e-01 5.321884176647903031e-01 -1.389411375209864963e-01 -1.424270248958878216e-02 -1.439128287125313876e-01 3.238098938795833104e-02 9.890604477271418560e-01 1.594049556613762464e-01 0.000000000000000000e+00 0.000000000000000000e+00 0.000000000000000000e+00 1.000000000000000000e+00
5.303062780336684767e-01 8.461095462095652442e-01 5.360864940586485689e-02 2.489718129035706738e-03 -8.313535106112449613e-01 5.313711376215234372e-01 -1.627760869942703192e-01 -1.421274606199800054e-02 -1.662124901216386064e-01 4.175344196412295733e-02 9.852055918495958853e-01 1.592646232069801215e-01 0.000000000000000000e+00 0.000000000000000000e+00 0.000000000000000000e+00 1.000000000000000000e+00
5.312275989462902359e-01 8.452904616164310658e-01 5.728240234173381795e-02 2.541768500078192636e-03 -8.319280062154660316e-01 5.332315362888023769e-01 -1.534924140843552665e-01 -1.442117135528261755e-02 -1.602904569589810591e-01 3.388457181911103122e-02 9.864881171106504310e-01 1.592653333915678704e-01 0.000000000000000000e+00 0.000000000000000000e+00 0.000000000000000000e+00 1.000000000000000000e+00
5.319665421324153431e-01 8.451118243082245129e-01 5.289236680378376493e-02 2.655332517933611629e-03 -8.316454251048790436e-01 5.331988553189973556e-01 -1.551285518163439403e-01 -1.452750809553633900e-02 -1.593031228626934082e-01 3.853550442041377838e-02 9.864773337209822301e-01 1.592969950064891116e-01 0.000000000000000000e+00 0.000000000000000000e+00 0.000000000000000000e+00 1.000000000000000000e+00
5.322932844856775869e-01 8.439184289913561621e-01 6.682472970548419822e-02 2.637296489692151323e-03 -8.296848785282497918e-01 5.357372800260105095e-01 -1.568711864298080461e-01 -1.463018540120331924e-02 -1.681869841367432117e-01 2.805801131750979005e-02 9.853557156519130444e-01 1.591701050772618975e-01 0.000000000000000000e+00 0.000000000000000000e+00 0.000000000000000000e+00 1.000000000000000000e+00
5.324396495679746266e-01 8.442701556722465028e-01 6.095837767766813103e-02 2.764542601428589264e-03 -8.278860603447630861e-01 5.344058366449040420e-01 -1.703381133119876434e-01 -1.466794663309409739e-02 -1.763878982661788442e-01 4.022817421933183590e-02 9.834983494364488710e-01 1.591841298781153380e-01 0.000000000000000000e+00 0.000000000000000000e+00 0.000000000000000000e+00 1.000000000000000000e+00
5.337336398224511447e-01 8.436579826220789169e-01 5.804834261132632567e-02 2.865894347253027889e-03 -8.298235437864820430e-01 5.357268697258877888e-01 -1.561717235332505116e-01 -1.488651439497636411e-02 -1.628535780986168913e-01 3.518422106208466543e-02 9.860227090126940652e-01 1.592000271863117655e-01 0.000000000000000000e+00 0.000000000000000000e+00 0.000000000000000000e+00 1.000000000000000000e+00
5.342394231134267590e-01 8.434940402726979203e-01 5.573188329738722885e-02 2.968392953457841578e-03 -8.280220966119388182e-01 5.354345786604650659e-01 -1.664007797369334574e-01 -1.495983572736429151e-02 -1.701988434561239882e-01 4.275062571624924090e-02 9.844819641248219177e-01 1.592321805308975768e-01 0.000000000000000000e+00 0.000000000000000000e+00 0.000000000000000000e+00 1.000000000000000000e+00
5.380932085608733928e-01 8.428006419708977681e-01 -1.194892439122191390e-02 3.483577545070291707e-03 -8.428372980120435454e-01 5.378571124118918245e-01 -1.830343431434411014e-02 -1.602092042729055810e-02 -8.999332220910734662e-03 1.991995284593628748e-02 9.997610752065684281e-01 1.589947403542372739e-01 0.000000000000000000e+00 0.000000000000000000e+00 0.000000000000000000e+00 1.000000000000000000e+00
5.365067723052683313e-01 8.418755722905023609e-01 5.836098055312449739e-02 3.115664750359895072e-03 -8.276543532925252356e-01 5.384240344763676633e-01 -1.583913841536938594e-01 -1.529145398057415485e-02 -1.647687917856859585e-01 3.667533065604821479e-02 9.856501232053669348e-01 1.591768458030155819e-01 0.000000000000000000e+00 0.000000000000000000e+00 0.000000000000000000e+00 1.000000000000000000e+00
5.366358723437099076e-01 8.419488246011604948e-01 5.607242875629597778e-02 3.194947945656386162e-03 -8.264243035321058306e-01 5.378361595213988489e-01 -1.665987276144281215e-01 -1.532473834748133978e-02 -1.704253826323401388e-01 4.306323564244521340e-02 9.844291476234456884e-01 1.592186100731381448e-01 0.000000000000000000e+00 0.000000000000000000e+00 0.000000000000000000e+00 1.000000000000000000e+00
5.373154785390651389e-01 8.414427483419542053e-01 5.715048368189083045e-02 3.295579336779096234e-03 -8.272592859534315668e-01 5.390190351764179155e-01 -1.584315420656576268e-01 -1.552182878887141924e-02 -1.641162707538593168e-01 3.784945151811659747e-02 9.857145979915402645e-01 1.591079638761070947e-01 0.000000000000000000e+00 0.000000000000000000e+00 0.000000000000000000e+00 1.000000000000000000e+00
5.368972773523081887e-01 8.415913050100721771e-01 5.886755390809277066e-02 3.331811241299543341e-03 -8.233510013522810089e-01 5.379169972551185452e-01 -1.809376484765753135e-01 -1.545299105115995227e-02 -1.839414095408498095e-01 4.867627138021474176e-02 9.817312149772181584e-01 1.590970135574375222e-01 0.000000000000000000e+00 0.000000000000000000e+00 0.000000000000000000e+00 1.000000000000000000e+00
5.389351227743780504e-01 8.405171041758929817e-01 5.549712630341382957e-02 3.449444629825166274e-03 -8.261625174684346096e-01 5.402846735732699246e-01 -1.598373117643176744e-01 -1.576526914861440393e-02 -1.643302411924981721e-01 4.029229566053704054e-02 9.855821136465592325e-01 1.590797064342829858e-01 0.000000000000000000e+00 0.000000000000000000e+00 0.000000000000000000e+00 1.000000000000000000e+00
5.423601696551237916e-01 8.400181582042612893e-01 -1.466084099860187270e-02 3.979504297327084855e-03 -8.401352174542514595e-01 5.421818065701089484e-01 -1.455008651076136750e-02 -1.677373728219861901e-02 -4.273495614023348210e-03 2.020847622889584971e-02 9.997866546037426083e-01 1.589024250596621224e-01 0.000000000000000000e+00 0.000000000000000000e+00 0.000000000000000000e+00 1.000000000000000000e+00
5.405666177201429168e-01 8.397000185773562109e-01 5.188073445695058628e-02 3.627622145686926550e-03 -8.246034020989625457e-01 5.410545155792090277e-01 -1.651945532339491041e-01 -1.597479899086320584e-02 -1.667841750689241231e-01 4.651763077087162079e-02 9.848955015503133570e-01 1.591223812559229844e-01 0.000000000000000000e+00 0.000000000000000000e+00 0.000000000000000000e+00 1.000000000000000000e+00
5.443760832432112950e-01 8.388412564901682744e-01 1.624893107772303752e-04 4.022859009487932298e-03 -8.385363982121541992e-01 5.441834434403449716e-01 -2.685309588848900503e-02 -1.695519805670998859e-02 -2.261390868841208629e-02 1.448192996132291466e-02 9.996393773948820671e-01 1.589815707056201066e-01 0.000000000000000000e+00 0.000000000000000000e+00 0.000000000000000000e+00 1.000000000000000000e+00
5.447361737200762111e-01 8.385239133687819590e-01 -1.183840147632559889e-02 4.215042068081978864e-03 -8.380833274667943700e-01 5.438424199309913609e-01 -4.303206369428957956e-02 -1.698659868384910440e-02 -2.964518954227084516e-02 3.336268862527266843e-02 9.990035504164618274e-01 1.589280354454971900e-01 0.000000000000000000e+00 0.000000000000000000e+00 0.000000000000000000e+00 1.000000000000000000e+00
5.455690097841863206e-01 8.380656029922078920e-01 7.075623007261663128e-04 4.223002781796095749e-03 -8.376621430306315785e-01 5.453321784892869450e-01 -3.057693963525787151e-02 -1.717304557717322377e-02 -2.601133784395062015e-02 1.608913252588451553e-02 9.995321656245645947e-01 1.589819259361692216e-01 0.000000000000000000e+00 0.000000000000000000e+00 0.000000000000000000e+00 1.000000000000000000e+00
5.463258341620951253e-01 8.375221234544808491e-01 -9.207369406511040077e-03 4.339401557145424956e-03 -8.372558580865944178e-01 5.457837899994809616e-01 -3.350645719085549451e-02 -1.728865244424559328e-02 -2.303716620531108539e-02 2.601436714777932008e-02 9.993960884830044300e-01 1.588174057519229354e-01 0.000000000000000000e+00 0.000000000000000000e+00 0.000000000000000000e+00 1.000000000000000000e+00
5.472114007229881283e-01 8.369253411184441882e-01 -1.075436248975994089e-02 4.432920034797221444e-03 -8.367559651617818561e-01 5.467036442624563231e-01 -3.089627997550420391e-02 -1.743815526542722219e-02 -1.997843049291858977e-02 2.590557360734400960e-02 9.994647385331381084e-01 1.588325604424911941e-01 0.000000000000000000e+00 0.000000000000000000e+00 0.000000000000000000e+00 1.000000000000000000e+00
5.475649135200727491e-01 8.367598248640444325e-01 -2.379280405623213079e-03 4.458797032565494159e-03 -8.361494046465296481e-01 5.470521475574064985e-01 -3.985123538967436096e-02 -1.750502820646439306e-02 -3.204432228974229968e-02 2.381057215446411024e-02 9.992027912604466433e-01 1.588616860285110011e-01 0.000000000000000000e+00 0.000000000000000000e+00 0.000000000000000000e+00 1.000000000000000000e+00
5.490987355457702668e-01 8.356090446190909127e-01 1.575129114728628099e-02 4.439292701481113712e-03 -8.341868927072555451e-01 5.491243830511974844e-01 -5.093760864092156809e-02 -1.756443484652946835e-02 -5.121334452513498503e-02 1.483025587817327767e-02 9.985776168396416352e-01 1.589566280120423281e-01 0.000000000000000000e+00 0.000000000000000000e+00 0.000000000000000000e+00 1.000000000000000000e+00
5.492154057728454442e-01 8.356570833042440416e-01 -6.298982871262095301e-03 4.645645801716526829e-03 -8.353801889980265738e-01 5.488000661090145504e-01 -3.095847651876192791e-02 -1.779311865755590916e-02 -2.241378797504333178e-02 2.226491774485119673e-02 9.995008231844658697e-01 1.587538932404988223e-01 0.000000000000000000e+00 0.000000000000000000e+00 0.000000000000000000e+00 1.000000000000000000e+00
5.503314899588218623e-01 8.348389128873415777e-01 1.338808010078980544e-02 4.643884467584477246e-03 -8.338274393804466778e-01 5.503532068951184630e-01 -4.293191116764602522e-02 -1.787801294978469402e-02 -4.320940286501191024e-02 1.246343409100854685e-02 9.989882933822138433e-01 1.588825365334326778e-01 0.000000000000000000e+00 0.000000000000000000e+00 0.000000000000000000e+00 1.000000000000000000e+00
5.504292129374449560e-01 8.348300913761670383e-01 -9.295164222616419947e-03 4.816049442574510224e-03 -8.344925721757185944e-01 5.497985319921493419e-01 -3.665680295430170932e-02 -1.800667500103564009e-02 -2.549173451567739168e-02 2.793372069986618800e-02 9.992846835207893630e-01 1.587576083947279393e-01 0.000000000000000000e+00 0.000000000000000000e+00 0.000000000000000000e+00 1.000000000000000000e+00
5.512261419852434452e-01 8.343426600780834423e-01 4.697442484158275561e-03 4.834734057655540318e-03 -8.331692028019721530e-01 5.507335911719194455e-01 -5.021544640055837505e-02 -1.807687786816449330e-02 -4.448392849547432026e-02 2.376630237771230891e-02 9.987273616843090895e-01 1.587504454726503533e-01 0.000000000000000000e+00 0.000000000000000000e+00 0.000000000000000000e+00 1.000000000000000000e+00
5.517481589630810479e-01 8.340047911605479314e-01 -3.158702597803422427e-03 4.955355609041769104e-03 -8.335687243392697621e-01 5.513284678496581659e-01 -3.464249329870724980e-02 -1.827380712647910799e-02 -2.715052272522932436e-02 2.174692759447073576e-02 9.993947769805221482e-01 1.587264954315548982e-01 0.000000000000000000e+00 0.000000000000000000e+00 0.000000000000000000e+00 1.000000000000000000e+00
5.529072712472352658e-01 8.332295628473580518e-01 4.695210233492810165e-03 4.985940530075382363e-03 -8.322187568548942149e-01 5.524982727635001645e-01 -4.644996590142387582e-02 -1.832572126028196580e-02 -4.129758032658439881e-02 2.177508187239363124e-02 9.989095833300529748e-01 1.587462816900072071e-01 0.000000000000000000e+00 0.000000000000000000e+00 0.000000000000000000e+00 1.000000000000000000e+00
5.537866393547050681e-01 8.326231721809737030e-01 7.681876041334750535e-03 5.076059836641250156e-03 -8.319705513646254991e-01 5.536804529223907645e-01 -3.553811634987431162e-02 -1.854593314861844450e-02 -3.384316377442875973e-02 1.328943937676941439e-02 9.993387969386499092e-01 1.586831785351017488e-01 0.000000000000000000e+00 0.000000000000000000e+00 0.000000000000000000e+00 1.000000000000000000e+00
5.544001130433505731e-01 8.322480206466394970e-01 1.935661972244767312e-03 5.176301417240496833e-03 -8.315933630194002335e-01 5.540534088853895645e-01 -3.843564341289370384e-02 -1.866200673766374094e-02 -3.306044826683286059e-02 1.969904140383439001e-02 9.992592028738920273e-01 1.586747594455773513e-01 0.000000000000000000e+00 0.000000000000000000e+00 0.000000000000000000e+00 1.000000000000000000e+00
5.554540735340104396e-01 8.314863755680230728e-01 1.005879909465364624e-02 5.229790191606509958e-03 -8.302541217987486899e-01 5.552240771728106372e-01 -4.903383896646801299e-02 -1.873642514454134170e-02 -4.635585648721036317e-02 1.888468618625364567e-02 9.987464659246528820e-01 1.587211459504803690e-01 0.000000000000000000e+00 0.000000000000000000e+00 0.000000000000000000e+00 1.000000000000000000e+00
5.558169002314375939e-01 8.312150822341749512e-01 1.220903286708838707e-02 5.294105089131509803e-03 -8.304429248712147382e-01 5.558493739032216441e-01 -3.736337863119693070e-02 -1.890299890951503345e-02 -3.784338711661190680e-02 1.062829232897174320e-02 9.992271600860896941e-01 1.586983707520375486e-01 0.000000000000000000e+00 0.000000000000000000e+00 0.000000000000000000e+00 1.000000000000000000e+00
5.564956789688314531e-01 8.308482773694342294e-01 -1.923351570247745085e-03 5.488393972187762850e-03 -8.298790189302692744e-01 5.557315856030660139e-01 -4.963082411602226518e-02 -1.896395597458206198e-02 -4.016681750341655199e-02 2.921548827840365556e-02 9.987657793578540444e-01 1.586205327328678583e-01 0.000000000000000000e+00 0.000000000000000000e+00 0.000000000000000000e+00 1.000000000000000000e+00
5.576264935370585096e-01 8.299490483388877182e-01 1.540359915537220167e-02 5.435009107702134731e-03 -8.292053753422173878e-01 5.577924172065091835e-01 -3.586174578142675012e-02 -1.916531569158675535e-02 -3.835543258962145763e-02 7.224712332962927516e-03 9.992380418711894752e-01 1.586149713853493015e-01 0.000000000000000000e+00 0.000000000000000000e+00 0.000000000000000000e+00 1.000000000000000000e+00
5.579827696076335997e-01 8.298516912531074263e-01 -1.182939284873951724e-03 5.636972067104235005e-03 -8.289119303434125952e-01 5.572819015825446476e-01 -4.839311834238742283e-02 -1.924472308141692359e-02 -3.949988044731072429e-02 2.798307868873924076e-02 9.988276661925958866e-01 1.586537038703092206e-01 0.000000000000000000e+00 0.000000000000000000e+00 0.000000000000000000e+00 1.000000000000000000e+00
5.593366329426652239e-01 8.285949461824601014e-01 2.393629481035800671e-02 5.554819710935830941e-03 -8.279098983126541578e-01 5.598477290216898883e-01 -3.370045378310562029e-02 -1.943140251808797223e-02 -4.132470597950946983e-02 -9.671970547430047693e-04 9.991453013478892586e-01 1.586211883000046841e-01 0.000000000000000000e+00 0.000000000000000000e+00 0.000000000000000000e+00 1.000000000000000000e+00
5.598091687475594824e-01 8.284585911304168659e-01 1.643342229638573154e-02 5.678083329458569369e-03 -8.275668737781348705e-01 5.599869737660106983e-01 -3.934029279847386928e-02 -1.954035032716163606e-02 -4.179430596685367733e-02 8.423300694503412997e-03 9.990907286098490436e-01 1.586331355661743103e-01 0.000000000000000000e+00 0.000000000000000000e+00 0.000000000000000000e+00 1.000000000000000000e+00
5.604502031931946071e-01 8.280785925421171312e-01 1.346901311058794348e-02 5.822702474164905169e-03 -8.271705244877801677e-01 5.604935010841282095e-01 -4.044698580941667732e-02 -1.965773520086131626e-02 -4.104257739613420553e-02 1.152735077642201740e-02 9.990909002812304873e-01 1.585878758125996713e-01 0.000000000000000000e+00 0.000000000000000000e+00 0.000000000000000000e+00 1.000000000000000000e+00
5.605796472405839559e-01 8.280205875206630983e-01 1.150503114111619749e-02 5.887410273910307669e-03 -8.274966813057204051e-01 5.606472853458459582e-01 -3.039512892475478706e-02 -1.983120657836676126e-02 -3.161805698712798207e-02 7.518515562878492001e-03 9.994717456717270299e-01 1.585061378650546859e-01 0.000000000000000000e+00 0.000000000000000000e+00 0.000000000000000000e+00 1.000000000000000000e+00
5.623878514800236816e-01 8.265707381942487553e-01 2.237675733205434642e-02 5.920760070786927273e-03 -8.249169510186525889e-01 5.627121844288970332e-01 -5.354457411679380829e-02 -1.983197455544169138e-02 -5.685005215277056517e-02 1.165385156391400556e-02 9.983147095550348737e-01 1.586159829785273312e-01 0.000000000000000000e+00 0.000000000000000000e+00 0.000000000000000000e+00 1.000000000000000000e+00
5.627367603010576813e-01 8.264919426933285962e-01 1.544044263865902190e-02 6.062471671968373138e-03 -8.256900372761537543e-01 5.628880331005912119e-01 -3.732324389776084383e-02 -2.006260429634096690e-02 -3.953860074375456501e-02 8.254141697077476900e-03 9.991839511301563448e-01 1.585025992317239951e-01 0.000000000000000000e+00 0.000000000000000000e+00 0.000000000000000000e+00 1.000000000000000000e+00
5.628767148746265381e-01 8.263392070845456683e-01 1.825701746815908827e-02 6.101700359811121702e-03 -8.246860765165442420e-01 5.629555198164108987e-01 -5.453400689462507833e-02 -2.008213166621964849e-02 -5.534147677553242356e-02 1.563961454508666638e-02 9.983449921771452296e-01 1.585406896920521225e-01 0.000000000000000000e+00 0.000000000000000000e+00 0.000000000000000000e+00 1.000000000000000000e+00
5.643074407380752611e-01 8.252871082772400557e-01 2.140797138998516008e-02 6.173498913834016624e-03 -8.239890889090372150e-01 5.646423732354625136e-01 -4.712718648380420650e-02 -2.024778031594086369e-02 -5.098130722625911909e-02 8.954287152836956643e-03 9.986594650105140580e-01 1.585834325545696644e-01 0.000000000000000000e+00 0.000000000000000000e+00 0.000000000000000000e+00 1.000000000000000000e+00
5.646772457534712242e-01 8.250923449959063349e-01 1.903235028655626826e-02 6.280579757943175780e-03 -8.238586824303913980e-01 5.649009690431097130e-01 -4.630082675520118263e-02 -2.040232013582894341e-02 -4.895385084274168908e-02 1.046505629759969525e-02 9.987462155544595266e-01 1.584631873107973099e-01 0.000000000000000000e+00 0.000000000000000000e+00 0.000000000000000000e+00 1.000000000000000000e+00
5.659225914672605384e-01 8.241320442141547575e-01 2.319470125649725559e-02 6.350432998382411938e-03 -8.231197264865647290e-01 5.663826157281753870e-01 -4.104446941541124716e-02 -2.054285809997946285e-02 -4.696313805169674560e-02 4.135976342782638621e-03 9.988880604772634175e-01 1.585658412318149413e-01 0.000000000000000000e+00 0.000000000000000000e+00 0.000000000000000000e+00 1.000000000000000000e+00
5.663248084861248755e-01 8.238106680705605811e-01 2.474256385847796447e-02 6.409787576569890913e-03 -8.226374497931272511e-01 5.668457574269536448e-01 -4.419856881080502786e-02 -2.064082797003820302e-02 -5.043646985083563572e-02 4.676586383258053703e-03 9.987163221099302213e-01 1.584246711647721573e-01 0.000000000000000000e+00 0.000000000000000000e+00 0.000000000000000000e+00 1.000000000000000000e+00
5.670256575872678617e-01 8.232522583256666193e-01 2.715921205440224168e-02 6.481441018574569078e-03 -8.221001601914731394e-01 5.676706546562461098e-01 -4.360452333534987901e-02 -2.077002953321583495e-02 -5.131500999591135509e-02 2.397290937407869915e-03 9.986796396969754852e-01 1.584307637804636959e-01 0.000000000000000000e+00 0.000000000000000000e+00 0.000000000000000000e+00 1.000000000000000000e+00
5.671165937975282123e-01 8.235407423932763482e-01 1.262595175899891564e-02 6.650361652936136181e-03 -8.223880782314343385e-01 5.670338009938992174e-01 -4.637367047387151719e-02 -2.085239983366423203e-02 -4.534994842662407738e-02 1.591584583810510406e-02 9.988443662698208714e-01 1.583842927186042693e-01 0.000000000000000000e+00 0.000000000000000000e+00 0.000000000000000000e+00 1.000000000000000000e+00
5.684263143683234709e-01 8.221244771738661639e-01 3.166810959373877327e-02 6.625798833162842988e-03 -8.207737814322483283e-01 5.693072306068394095e-01 -4.711344704199572908e-02 -2.098041502036463238e-02 -5.676200178862467888e-02 7.881689972050014148e-04 9.983874267750870724e-01 1.584205233358525755e-01 0.000000000000000000e+00 0.000000000000000000e+00 0.000000000000000000e+00 1.000000000000000000e+00
5.687126607924988253e-01 8.224337803696356586e-01 1.298408106976811638e-02 6.808583244869556052e-03 -8.216421331228661584e-01 5.687594905226026620e-01 -3.764102838361400166e-02 -2.116753393316843368e-02 -3.834207260468189965e-02 1.073866134020659384e-02 9.992069688613054446e-01 1.582906363322052756e-01 0.000000000000000000e+00 0.000000000000000000e+00 0.000000000000000000e+00 1.000000000000000000e+00
5.700895400787714395e-01 8.208645371219162046e-01 3.434134517453919788e-02 6.785769851045459454e-03 -8.194084954567663059e-01 5.711228712162754739e-01 -4.887109111689588725e-02 -2.122415473065680444e-02 -5.972967324582574566e-02 -2.786921234517493462e-04 9.982145503170383183e-01 1.583815413170360786e-01 0.000000000000000000e+00 0.000000000000000000e+00 0.000000000000000000e+00 1.000000000000000000e+00
5.704350580791177627e-01 8.209608784625505029e-01 2.504157639349209596e-02 6.911650680043524182e-03 -8.195569291347118979e-01 5.709396032703194512e-01 -4.852225597404978552e-02 -2.135616972679641248e-02 -5.413210158080442036e-02 7.155798454944226061e-03 9.985081422436763443e-01 1.583515007803262820e-01 0.000000000000000000e+00 0.000000000000000000e+00 0.000000000000000000e+00 1.000000000000000000e+00
5.707904788526977358e-01 8.208027702437800111e-01 2.193266083366703784e-02 7.001090811890034980e-03 -8.193160855341582449e-01 5.711078259721069639e-01 -5.056681815575867628e-02 -2.144773155355435973e-02 -5.403129867115934876e-02 1.089327652959435483e-02 9.984798221748689695e-01 1.583095359296649296e-01 0.000000000000000000e+00 0.000000000000000000e+00 0.000000000000000000e+00 1.000000000000000000e+00
5.712361657920829172e-01 8.206138308211936572e-01 1.679832003877740343e-02 7.129122313403616316e-03 -8.196992674722931582e-01 5.714132240396816442e-01 -3.974969557069094744e-02 -2.162085571986045035e-02 -4.221793216804911597e-02 8.936893058653064617e-03 9.990684551850848027e-01 1.582572556487373272e-01 0.000000000000000000e+00 0.000000000000000000e+00 0.000000000000000000e+00 1.000000000000000000e+00
5.720270406195775426e-01 8.199349436004648162e-01 2.217550592232095386e-02 7.189764058071671134e-03 -8.183741634991474889e-01 5.723408097484278256e-01 -5.186256852089515118e-02 -2.167615739510869027e-02 -5.521587921131763943e-02 1.151893048058790642e-02 9.984079932189569018e-01 1.583061305694811460e-01 0.000000000000000000e+00 0.000000000000000000e+00 0.000000000000000000e+00 1.000000000000000000e+00
5.729246348791922072e-01 8.194417973936575228e-01 1.650767799529316918e-02 7.290063394237938574e-03 -8.185277496499253624e-01 5.730871777276959067e-01 -3.979208183964921819e-02 -2.187195219891314296e-02 -4.206763365787782871e-02 9.285871437631052286e-03 9.990716124433074441e-01 1.582431120869814412e-01 0.000000000000000000e+00 0.000000000000000000e+00 0.000000000000000000e+00 1.000000000000000000e+00
5.737782693892706787e-01 8.186877470574479565e-01 2.299718231988414838e-02 7.344681757462698940e-03 -8.175870744561853920e-01 5.742099401084350685e-01 -4.282896639943162276e-02 -2.196440969586044983e-02 -4.826876069291323457e-02 5.772131206747507792e-03 9.988177057113587498e-01 1.581727776785020190e-01 0.000000000000000000e+00 0.000000000000000000e+00 0.000000000000000000e+00 1.000000000000000000e+00
5.745359447303639566e-01 8.181826367329849692e-01 2.203681377714335546e-02 7.420780811455871331e-03 -8.171062423115045270e-01 5.749230679441463820e-01 -4.243647866238868527e-02 -2.210716794801789384e-02 -4.739026259012532605e-02 6.374864261365426749e-03 9.988561078139774896e-01 1.582259263643089331e-01 0.000000000000000000e+00 0.000000000000000000e+00 0.000000000000000000e+00 1.000000000000000000e+00
5.748916923583178296e-01 8.177817111800191885e-01 2.706686012209217479e-02 7.494808955887645452e-03 -8.162497935965111751e-01 5.754866053991440911e-01 -5.051179525440259444e-02 -2.217636964574132633e-02 -5.688423780839641647e-02 6.945492469896976523e-03 9.983566214651498072e-01 1.582288191012731493e-01 0.000000000000000000e+00 0.000000000000000000e+00 0.000000000000000000e+00 1.000000000000000000e+00
5.763908144491348695e-01 8.165714796283264354e-01 3.137909616717284716e-02 7.561637873333253330e-03 -8.155237948108778889e-01 5.772417244987551044e-01 -4.138757778571189316e-02 -2.234956651093720700e-02 -5.190923921546234526e-02 -1.734979916004880662e-03 9.986502995186868903e-01 1.581833733038768286e-01 0.000000000000000000e+00 0.000000000000000000e+00 0.000000000000000000e+00 1.000000000000000000e+00
5.764545202041509997e-01 8.168004534578083842e-01 2.317769115594860499e-02 7.662683532094824793e-03 -8.152429595132713036e-01 5.768186125028912370e-01 -5.156748233414093496e-02 -2.240119917082921547e-02 -5.548966660779865168e-02 1.083085875440313942e-02 9.984005155239039642e-01 1.581991347282049876e-01 0.000000000000000000e+00 0.000000000000000000e+00 0.000000000000000000e+00 1.000000000000000000e+00
5.775544152225833283e-01 8.158586152932064683e-01 2.838339847078735767e-02 7.744154633472740898e-03 -8.144590248410382705e-01 5.782331438155438041e-01 -4.798883461991604316e-02 -2.255861121557648993e-02 -5.556432589247206622e-02 4.599048275926786306e-03 9.984445174585671046e-01 1.581848485052304576e-01 0.000000000000000000e+00 0.000000000000000000e+00 0.000000000000000000e+00 1.000000000000000000e+00
5.780115591169888711e-01 8.156995066350882784e-01 2.317223343619104897e-02 7.858700474610142567e-03 -8.145532250714302425e-01 5.784406427494782621e-01 -4.369744090106811307e-02 -2.267528561583472685e-02 -4.904774258698848394e-02 6.382608467091401699e-03 9.987760415910448275e-01 1.580482563315149247e-01 0.000000000000000000e+00 0.000000000000000000e+00 0.000000000000000000e+00 1.000000000000000000e+00
5.786397903648549113e-01 8.150783139129249566e-01 2.869381806905942772e-02 7.906845430765476260e-03 -8.127599577656341445e-01 5.792045881288442333e-01 -6.279566978144870970e-02 -2.271846173608790126e-02 -6.780297972302956611e-02 1.301488683621460432e-02 9.976138374447895973e-01 1.581597650815604050e-01 0.000000000000000000e+00 0.000000000000000000e+00 0.000000000000000000e+00 1.000000000000000000e+00
5.792456692519213357e-01 8.145814563145551412e-01 3.052057799833502588e-02 8.000520609659549087e-03 -8.130639718838191810e-01 5.800349100066305441e-01 -4.986462471640711741e-02 -2.290719060970738616e-02 -5.832179933268426958e-02 4.068685544334954551e-03 9.982895439302865714e-01 1.581267200870840051e-01 0.000000000000000000e+00 0.000000000000000000e+00 0.000000000000000000e+00 1.000000000000000000e+00
5.804938276641984363e-01 8.135770665492834119e-01 3.345553510004919961e-02 8.060843968475037841e-03 -8.123485883568266619e-01 5.814558093818413820e-01 -4.470920185799003022e-02 -2.307011887051920243e-02 -5.582729653528502312e-02 -1.224140992891305929e-03 9.984396899364481603e-01 1.581174034023776487e-01 0.000000000000000000e+00 0.000000000000000000e+00 0.000000000000000000e+00 1.000000000000000000e+00
5.814526642474981966e-01 8.128949944001880867e-01 3.338453711831473186e-02 8.151909257890208038e-03 -8.112482825502763673e-01 5.824023467084648020e-01 -5.180473537911305104e-02 -2.318032953185367173e-02 -6.155504283738968269e-02 3.038853005853128092e-03 9.980990642585012562e-01 1.580737867576968159e-01 0.000000000000000000e+00 0.000000000000000000e+00 0.000000000000000000e+00 1.000000000000000000e+00
5.821086673481221663e-01 8.128462650340314566e-01 2.074726050393637528e-02 8.329690338141437431e-03 -8.119549768033348380e-01 5.824519393487774810e-01 -3.845587072403922752e-02 -2.335353542593441439e-02 -4.334299300335888588e-02 5.539654237675731285e-03 9.990448924790304996e-01 1.579832527258372421e-01 0.000000000000000000e+00 0.000000000000000000e+00 0.000000000000000000e+00 1.000000000000000000e+00
5.821616987909707941e-01 8.125889209244893108e-01 2.805355684374205225e-02 8.362189199262961073e-03 -8.107898748037222214e-01 5.827651771195695440e-01 -5.481356814294544022e-02 -2.339157942557070630e-02 -6.088953421217424555e-02 9.164820105755033808e-03 9.981024349714079369e-01 1.580597408147866034e-01 0.000000000000000000e+00 0.000000000000000000e+00 0.000000000000000000e+00 1.000000000000000000e+00
5.833980998579907373e-01 8.116176736984508366e-01 3.038764259366936657e-02 8.426001137569846811e-03 -8.107197845238165446e-01 5.841843297238804578e-01 -3.823741474938814611e-02 -2.356226180996922465e-02 -4.878614622761281994e-02 -2.328227947451428498e-03 9.988065334642552973e-01 1.579341620405883828e-01 0.000000000000000000e+00 0.000000000000000000e+00 0.000000000000000000e+00 1.000000000000000000e+00
5.835153592672082112e-01 8.116271273647163165e-01 2.777105732519848796e-02 8.562002750891251068e-03 -8.097620881207187038e-01 5.840878086209376763e-01 -5.591772941352659426e-02 -2.361973790175741356e-02 -6.160508210881971564e-02 1.014090459916760362e-02 9.980490849213159432e-01 1.580413280824749800e-01 0.000000000000000000e+00 0.000000000000000000e+00 0.000000000000000000e+00 1.000000000000000000e+00
5.845280112743702627e-01 8.105336928675160868e-01 3.690713700867118141e-02 8.580083406320132555e-03 -8.091885339250067810e-01 5.856865033272032894e-01 -4.674651200519760325e-02 -2.376761956577982948e-02 -5.950563502667512161e-02 -2.540186391004360666e-03 9.982247376483770473e-01 1.579994162842117134e-01 0.000000000000000000e+00 0.000000000000000000e+00 0.000000000000000000e+00 1.000000000000000000e+00
5.855646106011664909e-01 8.100821752408834397e-01 2.968090578979942773e-02 8.712743732572992075e-03 -8.084174159729312636e-01 5.862786526460571634e-01 -5.233185457417294240e-02 -2.389315168703661646e-02 -5.979438404359375958e-02 6.649120883436783480e-03 9.981885697744313779e-01 1.579720863677838982e-01 0.000000000000000000e+00 0.000000000000000000e+00 0.000000000000000000e+00 1.000000000000000000e+00
5.865151746476986450e-01 8.093286632977456652e-01 3.141758540473734568e-02 8.793946985465810051e-03 -8.084355865663233054e-01 5.873481987009635530e-01 -3.813129759001439301e-02 -2.408597194412053291e-02 -4.931381430334106503e-02 -3.034509419625731202e-03 9.987787239781581450e-01 1.579535017905275562e-01 0.000000000000000000e+00 0.000000000000000000e+00 0.000000000000000000e+00 1.000000000000000000e+00
5.871073278628271552e-01 8.087083138225197310e-01 3.599789888462467252e-02 8.836449970393983611e-03 -8.077196749469768289e-01 5.881851523900721856e-01 -4.033798720087149181e-02 -2.419650384555119271e-02 -5.379509525338654202e-02 -5.393483308994598269e-03 9.985374294759684632e-01 1.578968259254059092e-01 0.000000000000000000e+00 0.000000000000000000e+00 0.000000000000000000e+00 1.000000000000000000e+00
5.879950123628011616e-01 8.080038807233765885e-01 3.730407715562320675e-02 8.920066863107319055e-03 -8.067022247740499585e-01 5.891691334114409484e-01 -4.594837080691591136e-02 -2.426201810492348634e-02 -5.910487273539682257e-02 -3.075869173920966343e-03 9.982470400896550355e-01 1.579427015404598345e-01 0.000000000000000000e+00 0.000000000000000000e+00 0.000000000000000000e+00 1.000000000000000000e+00
5.879409355774057877e-01 8.082752756467964650e-01 3.188314680924207722e-02 9.040121341104467509e-03 -8.073870153717287446e-01 5.887950839630650135e-01 -3.803362341480001629e-02 -2.443099675137943086e-02 -4.951427755199835912e-02 -3.380514609076377269e-03 9.987676949318502473e-01 1.578127145517806418e-01 0.000000000000000000e+00 0.000000000000000000e+00 0.000000000000000000e+00 1.000000000000000000e+00
5.882601201540240687e-01 8.081978965214116073e-01 2.768015705769962323e-02 9.180419524336328255e-03 -8.062858273352573324e-01 5.888082436617960713e-01 -5.663935764299107833e-02 -2.446300954558662186e-02 -6.207411436881611622e-02 1.100055699847547405e-02 9.980109178115490476e-01 1.578802278353403366e-01 0.000000000000000000e+00 0.000000000000000000e+00 0.000000000000000000e+00 1.000000000000000000e+00
5.900170143295091485e-01 8.069057043891620928e-01 2.798404949112635876e-02 9.252189978175076601e-03 -8.061183004268199781e-01 5.906783366690010473e-01 -3.567055237751926011e-02 -2.469836874140547353e-02 -4.531234399881420294e-02 -1.512221601578510322e-03 9.989717236574620074e-01 1.578022960311394884e-01 0.000000000000000000e+00 0.000000000000000000e+00 0.000000000000000000e+00 1.000000000000000000e+00
5.903516057953326346e-01 8.065555351579347665e-01 3.087313137616520820e-02 9.337519963040620194e-03 -8.052652717398049997e-01 5.911546361022096407e-01 -4.565126881788063307e-02 -2.480284866454872394e-02 -5.507107829605709104e-02 2.089239326143844250e-03 9.984802508884930150e-01 1.577471312699379735e-01 0.000000000000000000e+00 0.000000000000000000e+00 0.000000000000000000e+00 1.000000000000000000e+00
5.917454881787762577e-01 8.049399207161433978e-01 4.369211894095283155e-02 9.327472363522921681e-03 -8.039897860040432498e-01 5.932528530460365879e-01 -4.063836062035981744e-02 -2.492623260277839620e-02 -5.863191299313351423e-02 -1.108045081331989618e-02 9.982181737418625023e-01 1.578711110623433056e-01 0.000000000000000000e+00 0.000000000000000000e+00 0.000000000000000000e+00 1.000000000000000000e+00
5.917851199046454402e-01 8.049514300273727940e-01 4.293678092651975059e-02 9.417362387973964022e-03 -8.033313811471782806e-01 5.933259552326922703e-01 -5.121526053218947161e-02 -2.499569317746766148e-02 -6.670130376245456127e-02 -4.184034428725530441e-03 9.977642156002028972e-01 1.578168385953182540e-01 0.000000000000000000e+00 0.000000000000000000e+00 0.000000000000000000e+00 1.000000000000000000e+00
5.928271876404928031e-01 8.039967787649885400e-01 4.631528181697795732e-02 9.512949675587790282e-03 -8.027723647425831777e-01 5.945461694731921654e-01 -4.551244632356620662e-02 -2.513246447620342411e-02 -6.412843363021730747e-02 -1.019961275129591116e-02 9.978895289058096196e-01 1.578749203709077509e-01 0.000000000000000000e+00 0.000000000000000000e+00 0.000000000000000000e+00 1.000000000000000000e+00
5.930253925121016234e-01 8.041791854073843115e-01 4.020847663594892540e-02 9.626299342115673952e-03 -8.021714318976378433e-01 5.943852109471300382e-01 -5.680858081864906262e-02 -2.518621801094423837e-02 -6.958360211401201645e-02 1.434839660552942459e-03 9.975750916858276973e-01 1.578595416786216510e-01 0.000000000000000000e+00 0.000000000000000000e+00 0.000000000000000000e+00 1.000000000000000000e+00
5.941804959072751746e-01 8.032525997998537504e-01 4.165092073604867440e-02 9.709314925718148109e-03 -8.020273037836215257e-01 5.956002875361736670e-01 -4.486091252306078497e-02 -2.537578041529806386e-02 -6.084194498007935992e-02 -6.749696408233307743e-03 9.981245910854203984e-01 1.577654816227795354e-01 0.000000000000000000e+00 0.000000000000000000e+00 0.000000000000000000e+00 1.000000000000000000e+00
5.947503630139079345e-01 8.027864881825306220e-01 4.249541253340442110e-02 9.780110995307830790e-03 -8.011614312545398686e-01 5.962556946280401782e-01 -5.118112634370668157e-02 -2.546025091163342524e-02 -6.642564839730086268e-02 -3.605692054634158927e-03 9.977848626932587228e-01 1.577555038585018443e-01 0.000000000000000000e+00 0.000000000000000000e+00 0.000000000000000000e+00 1.000000000000000000e+00
5.953206140801198254e-01 8.025464283073653338e-01 3.889211825498722908e-02 9.897527581450960010e-03 -8.010150374947540008e-01 5.965874232657786269e-01 -4.958181227402332775e-02 -2.556373566764554017e-02 -6.299425496461448504e-02 -1.636096632092208514e-03 9.980125485329648383e-01 1.576991646684648696e-01 0.000000000000000000e+00 0.000000000000000000e+00 0.000000000000000000e+00 1.000000000000000000e+00
5.959411529093113780e-01 8.017824796482138083e-01 4.471015095347512930e-02 9.960515055948332419e-03 -8.002107407163079333e-01 5.975889570558606811e-01 -5.049959254436273831e-02 -2.569800563083318723e-02 -6.720798100954089582e-02 -5.682757609680282040e-03 9.977228039663977865e-01 1.577294060070004167e-01 0.000000000000000000e+00 0.000000000000000000e+00 0.000000000000000000e+00 1.000000000000000000e+00
5.962620088757752956e-01 8.020280534628198010e-01 3.496595816026112219e-02 1.009824644227009724e-02 -8.001449005425870231e-01 5.972662305893056134e-01 -5.514696667393306773e-02 -2.580858079200601049e-02 -6.511340036519605579e-02 4.904208017886362708e-03 9.978658195552141397e-01 1.577143640308156514e-01 0.000000000000000000e+00 0.000000000000000000e+00 0.000000000000000000e+00 1.000000000000000000e+00
5.970375777837958475e-01 8.011148234593489237e-01 4.196630014373897710e-02 1.010551269630140594e-02 -8.000736279637329362e-01 5.984480762939361487e-01 -4.173834947668185469e-02 -2.597598770954905045e-02 -5.855186206269111238e-02 -8.656766935964468890e-03 9.982468331205505141e-01 1.576856199401847070e-01 0.000000000000000000e+00 0.000000000000000000e+00 0.000000000000000000e+00 1.000000000000000000e+00
5.984433046853353533e-01 8.001352095000430209e-01 4.061105262877526267e-02 1.022219792827070914e-02 -7.986280145056551261e-01 5.998121671935087162e-01 -4.917985902157070294e-02 -2.607511615561446811e-02 -6.370954029068238988e-02 -3.001766971075792156e-03 9.979639692248420957e-01 1.576339612792660716e-01 0.000000000000000000e+00 0.000000000000000000e+00 0.000000000000000000e+00 1.000000000000000000e+00
5.987777541211092291e-01 7.997973736223558117e-01 4.230085479588482911e-02 1.030562843347212348e-02 -7.983529055945974839e-01 6.002504374843673496e-01 -4.829130800143500296e-02 -2.619438178887451354e-02 -6.401436790552852973e-02 -4.855249386759824537e-03 9.979371659854383569e-01 1.576291003857922257e-01 0.000000000000000000e+00 0.000000000000000000e+00 0.000000000000000000e+00 1.000000000000000000e+00
5.988927963729079318e-01 8.000343007872645629e-01 3.567262278654500379e-02 1.043673635995528461e-02 -7.982149925503128074e-01 5.999415587242754588e-01 -5.406433004662808406e-02 -2.628220543201641515e-02 -6.465480740472892562e-02 3.904315473840777595e-03 9.979000512076037221e-01 1.576294540653885301e-01 0.000000000000000000e+00 0.000000000000000000e+00 0.000000000000000000e+00 1.000000000000000000e+00
5.999685186528318503e-01 7.988563165630405694e-01 4.320141332014015151e-02 1.047955425459566603e-02 -7.971597573664949143e-01 6.015135856654445501e-01 -5.213182804478234955e-02 -2.639704212000478986e-02 -6.763207715956504051e-02 -3.160972513480367341e-03 9.977053224233354278e-01 1.576293808315332168e-01 0.000000000000000000e+00 0.000000000000000000e+00 0.000000000000000000e+00 1.000000000000000000e+00
6.002936704021527570e-01 7.988527417635584715e-01 3.849423660701609823e-02 1.062029703566724249e-02 -7.970883505558279403e-01 6.015254832590157807e-01 -5.307781455746732324e-02 -2.652602035440771236e-02 -6.555662196377273765e-02 1.178968554634639287e-03 9.978481544552989524e-01 1.576188143814029607e-01 0.000000000000000000e+00 0.000000000000000000e+00 0.000000000000000000e+00 1.000000000000000000e+00
6.017218806177389023e-01 7.972632010043119166e-01 4.798089943102214205e-02 1.064875849203586813e-02 -7.957791329307992712e-01 6.035722241548433509e-01 -4.935728741210423237e-02 -2.664008178672226321e-02 -6.831068714159593824e-02 -8.482838742657067277e-03 9.976280326199284954e-01 1.575969591605476117e-01 0.000000000000000000e+00 0.000000000000000000e+00 0.000000000000000000e+00 1.000000000000000000e+00
6.022095812092965739e-01 7.976027017332328883e-01 3.425712316542655483e-02 1.079941926640196059e-02 -7.961729070639734784e-01 6.031813324965812351e-01 -4.775962923799045856e-02 -2.678652348404053293e-02 -5.875646651242017598e-02 1.486712983855276171e-03 9.982712393570589704e-01 1.575331203973022176e-01 0.000000000000000000e+00 0.000000000000000000e+00 0.000000000000000000e+00 1.000000000000000000e+00
6.029703798029411033e-01 7.965203243373131237e-01 4.452071425616113687e-02 1.082850557671478746e-02 -7.950584178781843203e-01 6.045811698173031434e-01 -4.861811661695546183e-02 -2.689629744029144870e-02 -6.564170352249845686e-02 -6.081284397480887782e-03 9.978247264618880230e-01 1.575170285254575420e-01 0.000000000000000000e+00 0.000000000000000000e+00 0.000000000000000000e+00 1.000000000000000000e+00
6.043293395623006159e-01 7.955714782047296207e-01 4.303571088451146887e-02 1.092866293065494245e-02 -7.941947570632936770e-01 6.058329494072484112e-01 -4.712881566187086813e-02 -2.702779738594100062e-02 -6.356679319715401177e-02 -5.697409907678894353e-03 9.979613230596535711e-01 1.575134106803935119e-01 0.000000000000000000e+00 0.000000000000000000e+00 0.000000000000000000e+00 1.000000000000000000e+00
6.035012230022083202e-01 7.961885361528265870e-01 4.324452258561532758e-02 1.099639340847015367e-02 -7.940935132693117682e-01 6.050484024334711330e-01 -5.772281088361638779e-02 -2.709007608977665252e-02 -7.212326960447770774e-02 4.955920937222933753e-04 9.973956027424807358e-01 1.575502765397289451e-01 0.000000000000000000e+00 0.000000000000000000e+00 0.000000000000000000e+00 1.000000000000000000e+00
6.051813845379133694e-01 7.949278653339145739e-01 4.295556686205025121e-02 1.113050087263515488e-02 -7.934768860851920680e-01 6.066843198513075519e-01 -4.825523075381185634e-02 -2.725868723787610096e-02 -6.441989643985344960e-02 -4.881082074935556153e-03 9.979109439125599668e-01 1.574674301248190356e-01 0.000000000000000000e+00 0.000000000000000000e+00 0.000000000000000000e+00 1.000000000000000000e+00
6.054044771784757861e-01 7.948058781763459590e-01 4.205989810477347990e-02 1.122445022103231091e-02 -7.928759148971481485e-01 6.068637319243216366e-01 -5.535516643363325162e-02 -2.734864013372208247e-02 -6.952123839710119824e-02 1.639854035781485031e-04 9.975804581689242667e-01 1.574744851298517101e-01 0.000000000000000000e+00 0.000000000000000000e+00 0.000000000000000000e+00 1.000000000000000000e+00
6.064761207419904210e-01 7.941771445116274641e-01 3.833246802782520890e-02 1.136230416213630801e-02 -7.926647693887716173e-01 6.076859486989190096e-01 -4.899337836626750653e-02 -2.753001571640322984e-02 -6.220352353036001647e-02 -6.714828757600592446e-04 9.980632599044789721e-01 1.573843040220145872e-01 0.000000000000000000e+00 0.000000000000000000e+00 0.000000000000000000e+00 1.000000000000000000e+00
6.073349583079301617e-01 7.935134929230722722e-01 3.847837010750886771e-02 1.142198057479822115e-02 -7.920201310178820453e-01 6.085519653789893679e-01 -4.866844455893910154e-02 -2.761735756529812985e-02 -6.203515519060132793e-02 -9.175959867886301913e-04 9.980735431510461275e-01 1.573528144348531332e-01 0.000000000000000000e+00 0.000000000000000000e+00 0.000000000000000000e+00 1.000000000000000000e+00
6.082616466483363737e-01 7.922602848961411981e-01 4.838812036997936633e-02 1.147387529389894134e-02 -7.906490131104518815e-01 6.101404917602903932e-01 -5.101684410054647956e-02 -2.774840407858704741e-02 -6.994217099949630312e-02 -7.226430017394078198e-03 9.975248725846794784e-01 1.574051492394834550e-01 0.000000000000000000e+00 0.000000000000000000e+00 0.000000000000000000e+00 1.000000000000000000e+00
6.083845859089052066e-01 7.926139853724593065e-01 4.038893190512578280e-02 1.158269450065696309e-02 -7.912423319065583494e-01 6.097136057573728785e-01 -4.674281927114243979e-02 -2.786164689713487366e-02 -6.167469357460804436e-02 -3.519821917338128436e-03 9.980900976495801213e-01 1.573173669067295666e-01 0.000000000000000000e+00 0.000000000000000000e+00 0.000000000000000000e+00 1.000000000000000000e+00
6.090006527151281546e-01 7.921805202878993146e-01 3.960086197219921805e-02 1.170181738622101328e-02 -7.900832422305268388e-01 6.102745454200014796e-01 -5.773603345320271057e-02 -2.794409908790937425e-02 -6.990475905864178274e-02 3.873304636064202333e-03 9.975461503971380095e-01 1.574166158574509811e-01 0.000000000000000000e+00 0.000000000000000000e+00 0.000000000000000000e+00 1.000000000000000000e+00
6.098149422221765814e-01 7.909501805991608903e-01 5.023492861264974851e-02 1.172963553905192330e-02 -7.891028339453899365e-01 6.118464570740629327e-01 -5.441167544995379607e-02 -2.807667938198867702e-02 -7.377298761686211515e-02 -6.459471810560876714e-03 9.972541408898790705e-01 1.573890624209129119e-01 0.000000000000000000e+00 0.000000000000000000e+00 0.000000000000000000e+00 1.000000000000000000e+00
6.108725113397923678e-01 7.908193462277172125e-01 3.794122456354473427e-02 1.189644137247653118e-02 -7.893796593189147393e-01 6.120491050084311269e-01 -4.770373687597808526e-02 -2.825328559964293898e-02 -6.094693054592148496e-02 -8.091293743919883430e-04 9.981406799478147462e-01 1.573223189189730808e-01 0.000000000000000000e+00 0.000000000000000000e+00 0.000000000000000000e+00 1.000000000000000000e+00
6.114251436602907708e-01 7.899817594173427215e-01 4.569588042561766733e-02 1.195448587097988277e-02 -7.886126809138703786e-01 6.130872815487830030e-01 -4.705342394514172577e-02 -2.834859425167045310e-02 -6.518690974291337092e-02 -7.266704273799155789e-03 9.978466123644287311e-01 1.572352028863464035e-01 0.000000000000000000e+00 0.000000000000000000e+00 0.000000000000000000e+00 1.000000000000000000e+00
6.117483610428303686e-01 7.901548419879759200e-01 3.767317937694867475e-02 1.208559757156292026e-02 -7.883675739922234582e-01 6.129006966439630721e-01 -5.319120539112686535e-02 -2.845171291411225170e-02 -6.511920637590064287e-02 2.839319689935539126e-03 9.978734525102225250e-01 1.572850658127163403e-01 0.000000000000000000e+00 0.000000000000000000e+00 0.000000000000000000e+00 1.000000000000000000e+00
6.127152737990497755e-01 7.891005721115442739e-01 4.359220511271545695e-02 1.213795260031105654e-02 -7.875348274215843158e-01 6.142522745925077521e-01 -4.983009889600852060e-02 -2.856842343520092642e-02 -6.609757069220376091e-02 -3.798717041867086253e-03 9.978059334847759754e-01 1.572479914684853930e-01 0.000000000000000000e+00 0.000000000000000000e+00 0.000000000000000000e+00 1.000000000000000000e+00
6.132632853197261813e-01 7.886120892937387161e-01 4.471146943034084997e-02 1.222592936324132587e-02 -7.868051244125409127e-01 6.148862432930957134e-01 -5.340977445252781397e-02 -2.869474413407952298e-02 -6.961206128985168717e-02 -2.424959518864060193e-03 9.975711906898223624e-01 1.572573380368227081e-01 0.000000000000000000e+00 0.000000000000000000e+00 0.000000000000000000e+00 1.000000000000000000e+00
6.136025342822206685e-01 7.881809132898228709e-01 4.756866456036885904e-02 1.229959527979906757e-02 -7.856794810979496058e-01 6.154425760965919201e-01 -6.275498792324991915e-02 -2.877953269897716784e-02 -7.873806515334698386e-02 1.132895940243256599e-03 9.968946953629034269e-01 1.573605697164708328e-01 0.000000000000000000e+00 0.000000000000000000e+00 0.000000000000000000e+00 1.000000000000000000e+00
6.150397115176181595e-01 7.871265583477993211e-01 4.645357252002904613e-02 1.241872762873767223e-02 -7.855399147202841714e-01 6.167663040220204840e-01 -5.026299438220158122e-02 -2.895470234502591639e-02 -6.821433601211430997e-02 -5.577397830995242667e-03 9.976550992180921451e-01 1.572485096848520447e-01 0.000000000000000000e+00 0.000000000000000000e+00 0.000000000000000000e+00 1.000000000000000000e+00
6.157439343768151829e-01 7.865992947812909808e-01 4.605384596030942523e-02 1.248085771446881195e-02 -7.850291940673959079e-01 6.174403033621276293e-01 -4.996635113732624672e-02 -2.907596770696245850e-02 -6.773899718814133109e-02 -5.387135942174971215e-03 9.976885320711494920e-01 1.571905774887932816e-01 0.000000000000000000e+00 0.000000000000000000e+00 0.000000000000000000e+00 1.000000000000000000e+00
6.163319701688930730e-01 7.859748742428950274e-01 4.876883847905171682e-02 1.259203965989276301e-02 -7.840209730666100052e-01 6.182454327838139418e-01 -5.553106008028596552e-02 -2.918225294265990380e-02 -7.379712961502266078e-02 -4.010224534824646109e-03 9.972652113453891465e-01 1.572782790032196953e-01 0.000000000000000000e+00 0.000000000000000000e+00 0.000000000000000000e+00 1.000000000000000000e+00
6.165723762930438445e-01 7.859514301675201153e-01 4.603101356671211036e-02 1.268777056084217231e-02 -7.844568801259177437e-01 6.182590339797391366e-01 -4.881772347776197618e-02 -2.930931804880896815e-02 -6.682744956573324902e-02 -6.009685521676352143e-03 9.977464485852454157e-01 1.571501512472173179e-01 0.000000000000000000e+00 0.000000000000000000e+00 0.000000000000000000e+00 1.000000000000000000e+00
6.173470878381288607e-01 7.855307280653693880e-01 4.270887967240848820e-02 1.280882093812036986e-02 -7.839102255908241279e-01 6.188183269447227186e-01 -5.048402174428456152e-02 -2.938823203181161609e-02 -6.608578782101909299e-02 -2.313763692538259309e-03 9.978112622864356851e-01 1.571793146806377550e-01 0.000000000000000000e+00 0.000000000000000000e+00 0.000000000000000000e+00 1.000000000000000000e+00
6.176940513282898060e-01 7.848941090629657502e-01 4.894176653837973429e-02 1.286089433240163518e-02 -7.827880172739285491e-01 6.196236981036471470e-01 -5.752732186285112320e-02 -2.949836525979045512e-02 -7.547833441455718828e-02 -2.776743886930770067e-03 9.971435757840445557e-01 1.572019508343733829e-01 0.000000000000000000e+00 0.000000000000000000e+00 0.000000000000000000e+00 1.000000000000000000e+00
6.186100973822793447e-01 7.844665399487471547e-01 4.397493737946168990e-02 1.297244251427741128e-02 -7.827797444689561512e-01 6.201657929907287148e-01 -5.148068427377626433e-02 -2.963206556327837790e-02 -6.765662617809464763e-02 -2.576219133026250857e-03 9.977053392806796150e-01 1.571012346589243380e-01 0.000000000000000000e+00 0.000000000000000000e+00 0.000000000000000000e+00 1.000000000000000000e+00
6.195451023241556054e-01 7.832626545654732819e-01 5.160891540421959356e-02 1.301102412395832401e-02 -7.813138304295486058e-01 6.216627768053336611e-01 -5.553458664822018970e-02 -2.972582582824954966e-02 -7.558150941637993558e-02 -5.916578211284072297e-03 9.971220735379453526e-01 1.571940818573527576e-01 0.000000000000000000e+00 0.000000000000000000e+00 0.000000000000000000e+00 1.000000000000000000e+00
6.202006677692287751e-01 7.832335726149263211e-01 4.354655471402432698e-02 1.314688888462229276e-02 -7.814824353363926113e-01 6.217256324363610309e-01 -5.236832279448741523e-02 -2.988255955055956967e-02 -6.809063782417944244e-02 -1.551998861329579454e-03 9.976779321706131798e-01 1.570832470619524524e-01 0.000000000000000000e+00 0.000000000000000000e+00 0.000000000000000000e+00 1.000000000000000000e+00
6.213388900989632591e-01 7.820190400810341780e-01 4.882831761720164004e-02 1.321245750824188644e-02 -7.805026290786972742e-01 6.232093130183731233e-01 -4.925239251456564604e-02 -2.999274347010204636e-02 -6.894657099399409406e-02 -7.508203373996845398e-03 9.975920996230197568e-01 1.570451959389634611e-01 0.000000000000000000e+00 0.000000000000000000e+00 0.000000000000000000e+00 1.000000000000000000e+00
6.213378193740441979e-01 7.821111174167520996e-01 4.734463252182959797e-02 1.331416009336066839e-02 -7.800799789460874933e-01 6.231360538261531135e-01 -5.636208716363579757e-02 -3.009975568028500428e-02 -7.358356245099381687e-02 -1.912703607215800183e-03 9.972872208656498039e-01 1.571329302721628518e-01 0.000000000000000000e+00 0.000000000000000000e+00 0.000000000000000000e+00 1.000000000000000000e+00
6.221758851958910652e-01 7.811276777112503567e-01 5.231365972801548664e-02 1.338513836510999734e-02 -7.792458233773835730e-01 6.243344358438616126e-01 -5.461189401980894725e-02 -3.019738921954087316e-02 -7.532008118432456656e-02 -6.786997344642872743e-03 9.971363106603985393e-01 1.570926774929450320e-01 0.000000000000000000e+00 0.000000000000000000e+00 0.000000000000000000e+00 1.000000000000000000e+00
6.227086331325289992e-01 7.812844854104001868e-01 4.276109305459714627e-02 1.353909180939858077e-02 -7.793196693424089272e-01 6.241740106020285950e-01 -5.538643755485042619e-02 -3.030297405809466091e-02 -6.996292731337101778e-02 1.165051923832465669e-03 9.975489118112248477e-01 1.570443396015067938e-01 0.000000000000000000e+00 0.000000000000000000e+00 0.000000000000000000e+00 1.000000000000000000e+00
6.233762857820649428e-01 7.803055540098219334e-01 5.025185276168848969e-02 1.359163154523533416e-02 -7.784368252373071728e-01 6.253759142055448361e-01 -5.423167935848269283e-02 -3.043134553114548724e-02 -7.374357896806722767e-02 -5.311149875886572724e-03 9.972630927934595935e-01 1.570314953090235222e-01 0.000000000000000000e+00 0.000000000000000000e+00 0.000000000000000000e+00 1.000000000000000000e+00
6.245235863989897496e-01 7.799080763036683184e-01 4.139664899064890435e-02 1.373740792560213149e-02 -7.782533665591189198e-01 6.258938715327786451e-01 -5.077951375414399560e-02 -3.057513260073969549e-02 -6.551326179287084162e-02 -5.040773959038326313e-04 9.978515713447756452e-01 1.569501287701007830e-01 0.000000000000000000e+00 0.000000000000000000e+00 0.000000000000000000e+00 1.000000000000000000e+00
6.247351241178097370e-01 7.797695764027222642e-01 4.080970975422305164e-02 1.380151079707558209e-02 -7.778472919606352898e-01 6.260617190333195303e-01 -5.477512529014536002e-02 -3.064580784061443283e-02 -6.826137328688240691e-02 2.476222478685619066e-03 9.976643991038394166e-01 1.569066215086689087e-01 0.000000000000000000e+00 0.000000000000000000e+00 0.000000000000000000e+00 1.000000000000000000e+00
6.259193954765143175e-01 7.780087200327244767e-01 5.410491585204546539e-02 1.384472907029450639e-02 -7.761188612154731326e-01 6.282059553994300272e-01 -5.474295266321316938e-02 -3.079436202429283731e-02 -7.657952488695848881e-02 -7.727169839690684050e-03 9.970335336458631126e-01 1.570217714401525300e-01 0.000000000000000000e+00 0.000000000000000000e+00 0.000000000000000000e+00 1.000000000000000000e+00
6.262027391559595868e-01 7.783036946406343137e-01 4.597269170183020115e-02 1.396584484470299835e-02 -7.763987938486582863e-01 6.278859751336545170e-01 -5.444368779581722217e-02 -3.089160779081999084e-02 -7.123933172006828574e-02 -1.600355959784562077e-03 9.974579672732480917e-01 1.569407676466265666e-01 0.000000000000000000e+00 0.000000000000000000e+00 0.000000000000000000e+00 1.000000000000000000e+00
6.271157262088022932e-01 7.774818294078981173e-01 4.741171671806967969e-02 1.404244989340594149e-02 -7.762743172070484254e-01 6.288402264590073898e-01 -4.425103424457979551e-02 -3.104298696183255962e-02 -6.421876973546869483e-02 -9.053978547153306022e-03 9.978947715496511162e-01 1.568983004410123283e-01 0.000000000000000000e+00 0.000000000000000000e+00 0.000000000000000000e+00 1.000000000000000000e+00
6.273858038985355989e-01 7.768747617546387652e-01 5.341027630767015977e-02 1.410906096453088364e-02 -7.747593283359746064e-01 6.296329807654769128e-01 -5.753514307595114508e-02 -3.110166600122814956e-02 -7.832647204475469416e-02 -5.283377807246469882e-03 9.969137624167740963e-01 1.569693186278205421e-01 0.000000000000000000e+00 0.000000000000000000e+00 0.000000000000000000e+00 1.000000000000000000e+00
6.286966342759939819e-01 7.761679761791218102e-01 4.799807083668246321e-02 1.423359527940247504e-02 -7.748045084535721827e-01 6.304772096150021987e-01 -4.665256516097381068e-02 -3.126953842902236574e-02 -6.647191685257242133e-02 -7.858810984289775481e-03 9.977573469335406786e-01 1.569159152389536516e-01 0.000000000000000000e+00 0.000000000000000000e+00 0.000000000000000000e+00 1.000000000000000000e+00
6.288140270573537860e-01 7.761055499408957559e-01 4.746677497843451721e-02 1.433670166717107911e-02 -7.743340060154377813e-01 6.305920702276933687e-01 -5.254034729648938973e-02 -3.135843366488403477e-02 -7.070902703331065353e-02 -3.717030655187098659e-03 9.974900586868578056e-01 1.568146992232573034e-01 0.000000000000000000e+00 0.000000000000000000e+00 0.000000000000000000e+00 1.000000000000000000e+00
6.294796795656553146e-01 7.758253046886247617e-01 4.301662026150390727e-02 1.446907918528749989e-02 -7.739081821075164402e-01 6.309469417435825678e-01 -5.451680815545938141e-02 -3.146742365934489943e-02 -6.943672429600150631e-02 1.026308541651029665e-03 9.975858298962643200e-01 1.568929229430254813e-01 0.000000000000000000e+00 0.000000000000000000e+00 0.000000000000000000e+00 1.000000000000000000e+00
6.303975371800194516e-01 7.748806486107689961e-01 4.646423921598324264e-02 1.452801064901370655e-02 -7.735441494916232008e-01 6.320695449342731420e-01 -4.601672689210144218e-02 -3.162998004886832110e-02 -6.502610171805991990e-02 -6.933309104236767134e-03 9.978594767401960386e-01 1.567761478849400147e-01 0.000000000000000000e+00 0.000000000000000000e+00 0.000000000000000000e+00 1.000000000000000000e+00
6.307094537459667638e-01 7.745840513576994768e-01 4.717130841684483850e-02 1.464411242896333960e-02 -7.722473409789952781e-01 6.324692004735492645e-01 -6.013946128143121683e-02 -3.170507422285383931e-02 -7.641746728553355794e-02 1.502609277979679442e-03 9.970747779675415146e-01 1.568649390778549257e-01 0.000000000000000000e+00 0.000000000000000000e+00 0.000000000000000000e+00 1.000000000000000000e+00
6.317130659510299395e-01 7.735282930690544623e-01 5.091740496554093137e-02 1.469944064496879303e-02 -7.720955091341713539e-01 6.336972692659217365e-01 -4.791967967086900593e-02 -3.186051835292454809e-02 -6.933344850499353895e-02 -9.041611946384201653e-03 9.975525661196087412e-01 1.568401214350656769e-01 0.000000000000000000e+00 0.000000000000000000e+00 0.000000000000000000e+00 1.000000000000000000e+00
6.322466232797657737e-01 7.731081129943122576e-01 5.067596051095311915e-02 1.482421963821497699e-02 -7.707721680535555286e-01 6.342733391721578906e-01 -6.006326805479680897e-02 -3.195544671236619921e-02 -7.857781051515415338e-02 -1.084821540431008674e-03 9.969073933203975724e-01 1.568556874781500965e-01 0.000000000000000000e+00 0.000000000000000000e+00 0.000000000000000000e+00 1.000000000000000000e+00
6.334393010376608846e-01 7.716154912614663353e-01 5.800159951454175733e-02 1.486263846126410250e-02 -7.701331571088361194e-01 6.359513165738031049e-01 -4.960688732044041954e-02 -3.207636723379595628e-02 -7.516363630437314369e-02 -1.324600292058260992e-02 9.970832318237687897e-01 1.568397014377893028e-01 0.000000000000000000e+00 0.000000000000000000e+00 0.000000000000000000e+00 1.000000000000000000e+00
6.337219202414777763e-01 7.720583783395879029e-01 4.819116351676928228e-02 1.498787745795102447e-02 -7.701914706909124275e-01 6.355442683137348947e-01 -5.374552528842674315e-02 -3.219268351310137360e-02 -7.212230085364473853e-02 -3.056705613118076981e-03 9.973911119868530406e-01 1.568035037597748371e-01 0.000000000000000000e+00 0.000000000000000000e+00 0.000000000000000000e+00 1.000000000000000000e+00
6.342721385209367790e-01 7.716539999451977883e-01 4.742318699385583702e-02 1.508333947280630222e-02 -7.697764968174282130e-01 6.360381877304235321e-01 -5.384764336613326319e-02 -3.229848313177625940e-02 -7.171470730307227814e-02 -2.351194839898096411e-03 9.974224143457272040e-01 1.567232133318712251e-01 0.000000000000000000e+00 0.000000000000000000e+00 0.000000000000000000e+00 1.000000000000000000e+00
6.350369374505975273e-01 7.710540300603204722e-01 4.694433726344730134e-02 1.520197475508272035e-02 -7.693503311883470586e-01 6.367600604652273732e-01 -5.134874191935575455e-02 -3.242893819893151452e-02 -6.948493342981929000e-02 -3.508293610641838312e-03 9.975768320797124833e-01 1.567457349520626486e-01 0.000000000000000000e+00 0.000000000000000000e+00 0.000000000000000000e+00 1.000000000000000000e+00
6.353277931880509932e-01 7.706114885174865092e-01 5.016501736932848371e-02 1.530148438977624141e-02 -7.683738838554635686e-01 6.373039780504784479e-01 -5.869594679282573446e-02 -3.252894050981567503e-02 -7.720213605640700860e-02 -1.254322884778478336e-03 9.970146723405974853e-01 1.567485336297537168e-01 0.000000000000000000e+00 0.000000000000000000e+00 0.000000000000000000e+00 1.000000000000000000e+00
6.365062836724391104e-01 7.698936260999891257e-01 4.608205004240210900e-02 1.541849638616927913e-02 -7.680011953179752826e-01 6.381713792301555443e-01 -5.395789767626071876e-02 -3.264407310639554083e-02 -7.095008693202134453e-02 -1.046528590573133494e-03 9.974793180523833236e-01 1.567043054838700988e-01 0.000000000000000000e+00 0.000000000000000000e+00 0.000000000000000000e+00 1.000000000000000000e+00
6.365891673337888967e-01 7.693007532492729394e-01 5.413486014920873557e-02 1.546523112315215803e-02 -7.665305054828853715e-01 6.388868055562827442e-01 -6.522755437880986551e-02 -3.272300139876889447e-02 -8.476565458619042537e-02 2.713281480773432897e-05 9.964009148261481208e-01 1.568351694667472207e-01 0.000000000000000000e+00 0.000000000000000000e+00 0.000000000000000000e+00 1.000000000000000000e+00
6.376754769206042228e-01 7.688831077425642979e-01 4.678410800919754337e-02 1.558854078634706701e-02 -7.670466282186892970e-01 6.393862590500550835e-01 -5.314773632353174404e-02 -3.289564248393166135e-02 -7.077751247691399517e-02 -1.994584195315327046e-03 9.974901329644660919e-01 1.566278054652835428e-01 0.000000000000000000e+00 0.000000000000000000e+00 0.000000000000000000e+00 1.000000000000000000e+00
6.386242756351947492e-01 7.680062155719471484e-01 4.822330776998519364e-02 1.566437309582920795e-02 -7.660939618462765388e-01 6.404381781371295546e-01 -5.421237503624173198e-02 -3.298912848083365018e-02 -7.251948836070651327e-02 -2.322246164856898998e-03 9.973642920120266986e-01 1.566168588010935225e-01 0.000000000000000000e+00 0.000000000000000000e+00 0.000000000000000000e+00 1.000000000000000000e+00
6.393681977891308987e-01 7.672365183536161704e-01 5.056117641530989693e-02 1.575340300595382340e-02 -7.654027298013829084e-01 6.413472481990133423e-01 -5.322000037715744758e-02 -3.312033632840082065e-02 -7.325959915581227444e-02 -4.672486722767481282e-03 9.973019597891881194e-01 1.566115163553864209e-01 0.000000000000000000e+00 0.000000000000000000e+00 0.000000000000000000e+00 1.000000000000000000e+00
6.409073151907811461e-01 7.657735471455600074e-01 5.318540990771193633e-02 1.604189455989732047e-02 -7.637827502399743285e-01 6.430900535882754232e-01 -5.541744681677536477e-02 -3.345405071864306079e-02 -7.664022293029736088e-02 -5.104651597885194458e-03 9.970457455710136641e-01 1.566215743031241503e-01 0.000000000000000000e+00 0.000000000000000000e+00 0.000000000000000000e+00 1.000000000000000000e+00
6.417542080821380113e-01 7.654416140423403458e-01 4.744124683358072470e-02 1.617869541016383333e-02 -7.633487735407176178e-01 6.435053442411535762e-01 -5.656431619808281047e-02 -3.356767517377733795e-02 -7.382537736273470097e-02 8.617036175199987991e-05 9.972711798863529431e-01 1.566016004583119237e-01 0.000000000000000000e+00 0.000000000000000000e+00 0.000000000000000000e+00 1.000000000000000000e+00
6.420225962514013451e-01 7.651894572380366633e-01 4.787567685546510049e-02 1.625765905228514219e-02 -7.632362600693016752e-01 6.438035369620301873e-01 -5.465726951289477664e-02 -3.365480688920542002e-02 -7.264569648668467439e-02 -1.449250474770343716e-03 9.973567578630155861e-01 1.565268064634678935e-01 0.000000000000000000e+00 0.000000000000000000e+00 0.000000000000000000e+00 1.000000000000000000e+00
6.426808219564906777e-01 7.648119500202392729e-01 4.498935646982121783e-02 1.636542367380403040e-02 -7.629044699759714998e-01 6.442534772882752003e-01 -5.398357799042061145e-02 -3.380021101157987262e-02 -7.027183489856733689e-02 3.716291228668434921e-04 9.975278096934359073e-01 1.564976644890093971e-01 0.000000000000000000e+00 0.000000000000000000e+00 0.000000000000000000e+00 1.000000000000000000e+00
6.438730969810775306e-01 7.635249490965803076e-01 4.956901341624846136e-02 1.643061212922453107e-02 -7.618746106244709271e-01 6.457567348253361317e-01 -5.045113589931475573e-02 -3.392885414402387056e-02 -7.053022522157885443e-02 -5.281243677838460410e-03 9.974956620434038967e-01 1.565019575096377735e-01 0.000000000000000000e+00 0.000000000000000000e+00 0.000000000000000000e+00 1.000000000000000000e+00
6.444135179375176659e-01 7.629765211399367475e-01 5.097103185724424779e-02 1.651784844885030926e-02 -7.611225526754513693e-01 6.464110720587221692e-01 -5.334028242049660556e-02 -3.404283174184571936e-02 -7.364562246459276096e-02 -4.422002837314538415e-03 9.972746703805874802e-01 1.565033268292205515e-01 0.000000000000000000e+00 0.000000000000000000e+00 0.000000000000000000e+00 1.000000000000000000e+00
6.455793039287294199e-01 7.617627275874681025e-01 5.426701758340831544e-02 1.659730654536032204e-02 -7.599952153567128832e-01 6.478136196509375333e-01 -5.239071320047196390e-02 -3.413606410298988814e-02 -7.506420567621310824e-02 -7.420313554778540377e-03 9.971510938533576507e-01 1.565209643488899571e-01 0.000000000000000000e+00 0.000000000000000000e+00 0.000000000000000000e+00 1.000000000000000000e+00
6.451461686671751128e-01 7.625052494306683304e-01 4.870488317139632511e-02 1.673107307218938897e-02 -7.602851264804155740e-01 6.469818474432574851e-01 -5.814650059606453480e-02 -3.425392829865449296e-02 -7.584818723426070552e-02 4.833938187757368110e-04 9.971192600806046968e-01 1.565603471341566466e-01 0.000000000000000000e+00 0.000000000000000000e+00 0.000000000000000000e+00 1.000000000000000000e+00
6.465949497439773541e-01 7.607919759299627271e-01 5.577221822884966679e-02 1.679561694358431764e-02 -7.588460178494357278e-01 6.489593418964578753e-01 -5.481326262292847418e-02 -3.435920339773226861e-02 -7.789539241596564467e-02 -6.880546918616409907e-03 9.969377944056807550e-01 1.565357994529462393e-01 0.000000000000000000e+00 0.000000000000000000e+00 0.000000000000000000e+00 1.000000000000000000e+00
6.469963505726098463e-01 7.610021626439402720e-01 4.765952997009551689e-02 1.691999449761707325e-02 -7.590863611124123445e-01 6.487481311159127850e-01 -5.397924366575333754e-02 -3.447404069092169232e-02 -7.199735216548480699e-02 -1.253325518915691245e-03 9.974040357128612921e-01 1.564298301815320313e-01 0.000000000000000000e+00 0.000000000000000000e+00 0.000000000000000000e+00 1.000000000000000000e+00
6.474922701278499337e-01 7.605361202936185006e-01 4.835876190944020381e-02 1.701827449205098666e-02 -7.584702310195292618e-01 6.492954988824686247e-01 -5.602020874780793552e-02 -3.459320198157699033e-02 -7.400451865842497257e-02 -4.060291821173234172e-04 9.972578234130018426e-01 1.563990397062431092e-01 0.000000000000000000e+00 0.000000000000000000e+00 0.000000000000000000e+00 1.000000000000000000e+00
6.486310145111957581e-01 7.594423617324749243e-01 5.025043502674879370e-02 1.711094705547106312e-02 -7.574844579278806611e-01 6.505691021164335952e-01 -5.456316861328629197e-02 -3.468417543172454265e-02 -7.412896203159353992e-02 -2.672560124295682293e-03 9.972450824198133557e-01 1.563830193602454566e-01 0.000000000000000000e+00 0.000000000000000000e+00 0.000000000000000000e+00 1.000000000000000000e+00
6.488335140983457761e-01 7.594490285258621576e-01 4.745781341271097797e-02 1.720355867269340172e-02 -7.576110219395619794e-01 6.505646510473029887e-01 -5.283156483952880511e-02 -3.481394013523374936e-02 -7.099725641518958574e-02 -1.675672648474933052e-03 9.974751032996718170e-01 1.563497182227006344e-01 0.000000000000000000e+00 0.000000000000000000e+00 0.000000000000000000e+00 1.000000000000000000e+00
6.497674629456804407e-01 7.583651595769592690e-01 5.181243901754582076e-02 1.729749395211810717e-02 -7.564666078500935642e-01 6.518161619954688790e-01 -5.379555901066093715e-02 -3.491925109890308548e-02 -7.456886283769260937e-02 -4.239776091940917341e-03 9.972068536636636837e-01 1.563944368451807843e-01 0.000000000000000000e+00 0.000000000000000000e+00 0.000000000000000000e+00 1.000000000000000000e+00
6.504131311675220850e-01 7.578183796153818985e-01 5.171133649381409736e-02 1.737236893835152757e-02 -7.557452978971863633e-01 6.524603454801326530e-01 -5.607621850873062419e-02 -3.502463312680536428e-02 -7.623518551923766373e-02 -2.607890538881534742e-03 9.970864533207661751e-01 1.563915335237831272e-01 0.000000000000000000e+00 0.000000000000000000e+00 0.000000000000000000e+00 1.000000000000000000e+00
6.513251938792201656e-01 7.567546991264052503e-01 5.565803776904321154e-02 1.747785508428330997e-02 -7.548946050379347072e-01 6.536596924074798975e-01 -5.350833398994483958e-02 -3.516254798862713388e-02 -7.687409903743258610e-02 -7.164626428693449123e-03 9.970150655959619801e-01 1.563505910193241366e-01 0.000000000000000000e+00 0.000000000000000000e+00 0.000000000000000000e+00 1.000000000000000000e+00
6.515202859309201511e-01 7.566215969162194410e-01 5.518220818744164202e-02 1.756540514557101626e-02 -7.544355169584605614e-01 6.538402118284539766e-01 -5.761968541864001536e-02 -3.525426732933158863e-02 -7.967664508570028448e-02 -4.091023841599910477e-03 9.968123673750315383e-01 1.563882890877240917e-01 0.000000000000000000e+00 0.000000000000000000e+00 0.000000000000000000e+00 1.000000000000000000e+00
6.526521577968230625e-01 7.557226210555585411e-01 5.411544093941548367e-02 1.766073800376706873e-02 -7.536817260638908333e-01 6.548767470783343203e-01 -5.568035500473519223e-02 -3.537764240983728992e-02 -7.751784775459660826e-02 -4.445915093193655854e-03 9.969810515343203727e-01 1.563294077833949081e-01 0.000000000000000000e+00 0.000000000000000000e+00 0.000000000000000000e+00 1.000000000000000000e+00
6.532130995542124730e-01 7.552505796037701780e-01 5.393707981479646529e-02 1.776854672176626099e-02 -7.532476089011742593e-01 6.554200416902375981e-01 -5.515984622377775870e-02 -3.550765498013136456e-02 -7.701094893222655557e-02 -4.596842278839632229e-03 9.970196501501971120e-01 1.563112671220548977e-01 0.000000000000000000e+00 0.000000000000000000e+00 0.000000000000000000e+00 1.000000000000000000e+00
6.533832510063040111e-01 7.554078541293625104e-01 4.949041547719082446e-02 1.787396925263073574e-02 -7.534138736789484092e-01 6.552533184206578154e-01 -5.486915022849982171e-02 -3.560231566511985052e-02 -7.387734600345903513e-02 -1.436181878400423495e-03 9.972663010094633407e-01 1.562474467065286809e-01 0.000000000000000000e+00 0.000000000000000000e+00 0.000000000000000000e+00 1.000000000000000000e+00
6.542938372233739752e-01 7.544550186842843287e-01 5.193456800252874844e-02 1.798630293273088127e-02 -7.526623291183761610e-01 6.563332584658342350e-01 -5.221180094309780390e-02 -3.575011684471232631e-02 -7.347783950018012267e-02 -4.927333327137552177e-03 9.972846777568926679e-01 1.562437125379708691e-01 0.000000000000000000e+00 0.000000000000000000e+00 0.000000000000000000e+00 1.000000000000000000e+00
6.549265233426568855e-01 7.539660144119355589e-01 5.105387481946175449e-02 1.809378800392587305e-02 -7.518453621445659874e-01 6.569120089953618402e-01 -5.652578048452139986e-02 -3.584356975727110567e-02 -7.615642089808889736e-02 -1.364386110563754750e-03 9.970949493436092048e-01 1.562058837499233910e-01 0.000000000000000000e+00 0.000000000000000000e+00 0.000000000000000000e+00 1.000000000000000000e+00
6.554372783643949152e-01 7.534164823072551087e-01 5.258876608208461201e-02 1.819077686156337498e-02 -7.511151137633003128e-01 6.575429595867999799e-01 -5.885016715504219620e-02 -3.594833116607367568e-02 -7.891805881177769988e-02 -9.276236270260099226e-04 9.968806746586009737e-01 1.562693894246179327e-01 0.000000000000000000e+00 0.000000000000000000e+00 0.000000000000000000e+00 1.000000000000000000e+00
6.562055205252415035e-01 7.526566444713939097e-01 5.387290938178846550e-02 1.828903906527282880e-02 -7.505025530124086464e-01 6.584062140998694357e-01 -5.698399035284587577e-02 -3.608349699277893508e-02 -7.835963727617194230e-02 -3.038546978143829430e-03 9.969205256579924956e-01 1.562622308587903741e-01 0.000000000000000000e+00 0.000000000000000000e+00 0.000000000000000000e+00 1.000000000000000000e+00
6.565683414792449213e-01 7.526090403576686239e-01 4.997644784398432016e-02 1.839284802096278343e-02 -7.502320658564971545e-01 6.584652741822066835e-01 -5.979406372578903450e-02 -3.615895242592580966e-02 -7.790930835199326443e-02 1.764955540583749982e-03 9.969588881212975151e-01 1.561670979530811187e-01 0.000000000000000000e+00 0.000000000000000000e+00 0.000000000000000000e+00 1.000000000000000000e+00
6.575954997107930078e-01 7.510788178666540915e-01 5.872621316023939747e-02 1.844174231457109195e-02 -7.487000913385901679e-01 6.601966924360340716e-01 -5.990409440186361678e-02 -3.629716860017394298e-02 -8.376354809640772225e-02 -4.575658264124732311e-03 9.964751534091307317e-01 1.563323980547766667e-01 0.000000000000000000e+00 0.000000000000000000e+00 0.000000000000000000e+00 1.000000000000000000e+00
6.583712796727977379e-01 7.509141700628538807e-01 5.172201949671070831e-02 1.859460456655935220e-02 -7.484369230092093872e-01 6.603982736261064801e-01 -6.096140146162118412e-02 -3.641121609886514149e-02 -7.993391256850529425e-02 1.424566766994189021e-03 9.967991473867827690e-01 1.561929216974407841e-01 0.000000000000000000e+00 0.000000000000000000e+00 0.000000000000000000e+00 1.000000000000000000e+00
6.594164513213608414e-01 7.495141404634886317e-01 5.829662916516709786e-02 1.864748026106036877e-02 -7.478064592443944836e-01 6.619180119300936971e-01 -5.147858773192930115e-02 -3.655317419734369772e-02 -7.717151831540461360e-02 -9.648768200662943134e-03 9.969711420262398205e-01 1.562039647972183198e-01 0.000000000000000000e+00 0.000000000000000000e+00 0.000000000000000000e+00 1.000000000000000000e+00
6.645923545705075819e-01 7.455626364380879556e-01 4.953137787217640198e-02 2.177976765679823928e-02 -7.408072559875994445e-01 6.661084446455073360e-01 -8.662649391535159893e-02 -4.096708965950639908e-02 -9.757874626450183109e-02 2.087810143261938783e-02 9.950087904928364146e-01 1.672590738609137095e-01 0.000000000000000000e+00 0.000000000000000000e+00 0.000000000000000000e+00 1.000000000000000000e+00
6.595008432418186795e-01 7.506170996375370885e-01 4.040553792565645952e-02 2.193688428532061807e-02 -7.449879312486541449e-01 6.598329169365514391e-01 -9.804847791196280582e-02 -4.116742720041299125e-02 -1.002577680640290014e-01 3.456141575129246385e-02 9.943610453371982683e-01 1.670727809818434162e-01 0.000000000000000000e+00 0.000000000000000000e+00 0.000000000000000000e+00 1.000000000000000000e+00
