# Joint_4_Angle(deg), Cam_X(mm), Cam_Y(mm), Cam_Z(mm), Torso_X(mm), Torso_Y(mm), Torso_Z(mm), EE_X(mm), EE_Y(mm), EE_Z(mm), T_cam2marker_flat(16), T_torso2marker_flat(16), T_ee2marker_flat(16)
0.0000, 22.4014, -64.0094, 236.1873, 258.1873, -22.4014, 264.0828, 5.5570, -119.6196, -18.4464, 0.999758, 0.009030, 0.020063, 0.022401, -0.010149, 0.998356, 0.056419, -0.064009, -0.019521, -0.056609, 0.998206, 0.236187, 0.000000, 0.000000, 0.000000, 1.000000, -0.019521, -0.056609, 0.998206, 0.258187, -0.999758, -0.009030, -0.020063, -0.022401, 0.010149, -0.998356, -0.056419, 0.264083, 0.000000, 0.000000, 0.000000, 1.000000, -0.999703, 0.014190, 0.019816, 0.005557, 0.021133, 0.099647, 0.994798, -0.119620, 0.012142, 0.994922, -0.099918, -0.018446, 0.000000, 0.000000, 0.000000, 1.000000
0.0013, 22.3876, -63.9816, 236.2345, 258.2345, -22.3876, 264.0550, 5.5714, -119.5660, -18.4294, 0.999761, 0.009553, 0.019643, 0.022388, -0.010621, 0.998429, 0.055007, -0.063982, -0.019087, -0.055203, 0.998293, 0.236235, 0.000000, 0.000000, 0.000000, 1.000000, -0.019087, -0.055203, 0.998293, 0.258235, -0.999761, -0.009553, -0.019643, -0.022388, 0.010621, -0.998429, -0.055007, 0.264055, 0.000000, 0.000000, 0.000000, 1.000000, -0.999701, 0.013725, 0.020219, 0.005571, 0.021504, 0.101045, 0.994649, -0.119566, 0.011609, 0.994787, -0.101310, -0.018429, 0.000000, 0.000000, 0.000000, 1.000000
0.0664, 22.3785, -64.0064, 236.1809, 258.1809, -22.3785, 264.0798, 5.5495, -119.4615, -18.5804, 0.999765, 0.009859, 0.019321, 0.022378, -0.010969, 0.998242, 0.058249, -0.064006, -0.018712, -0.058447, 0.998115, 0.236181, 0.000000, 0.000000, 0.000000, 1.000000, -0.018712, -0.058447, 0.998115, 0.258181, -0.999765, -0.009859, -0.019321, -0.022378, 0.010969, -0.998242, -0.058249, 0.264080, 0.000000, 0.000000, 0.000000, 1.000000, -0.999697, 0.013486, 0.020596, 0.005549, 0.021805, 0.096714, 0.995073, -0.119462, 0.011428, 0.995221, -0.096979, -0.018580, 0.000000, 0.000000, 0.000000, 1.000000
0.1736, 22.3476, -63.9737, 236.1112, 258.1112, -22.3476, 264.0471, 5.5302, -119.2598, -18.7597, 0.999688, 0.009229, 0.023229, 0.022348, -0.010539, 0.998323, 0.056918, -0.063974, -0.022664, -0.057145, 0.998109, 0.236111, 0.000000, 0.000000, 0.000000, 1.000000, -0.022664, -0.057145, 0.998109, 0.258111, -0.999688, -0.009229, -0.023229, -0.022348, 0.010539, -0.998323, -0.056918, 0.264047, 0.000000, 0.000000, 0.000000, 1.000000, -0.999757, 0.014491, 0.016636, 0.005530, 0.017954, 0.096152, 0.995205, -0.119260, 0.012822, 0.995261, -0.096389, -0.018760, 0.000000, 0.000000, 0.000000, 1.000000
0.3256, 22.3343, -63.9510, 236.0342, 258.0342, -22.3343, 264.0244, 5.4732, -118.9540, -19.0397, 0.999729, 0.010489, 0.020788, 0.022334, -0.011428, 0.998894, 0.045612, -0.063951, -0.020287, -0.045837, 0.998743, 0.236034, 0.000000, 0.000000, 0.000000, 1.000000, -0.020287, -0.045837, 0.998743, 0.258034, -0.999729, -0.010489, -0.020788, -0.022334, 0.011428, -0.998894, -0.045612, 0.264024, 0.000000, 0.000000, 0.000000, 1.000000, -0.999724, 0.014139, 0.018771, 0.005473, 0.020151, 0.104858, 0.994283, -0.118954, 0.012090, 0.994387, -0.105114, -0.019040, 0.000000, 0.000000, 0.000000, 1.000000
0.4364, 22.3149, -63.8851, 235.7418, 257.7418, -22.3149, 263.9586, 5.4331, -118.9576, -19.1594, 0.999797, 0.011165, 0.016751, 0.022315, -0.011948, 0.998804, 0.047404, -0.063885, -0.016202, -0.047595, 0.998735, 0.235742, 0.000000, 0.000000, 0.000000, 1.000000, -0.016202, -0.047595, 0.998735, 0.257742, -0.999797, -0.011165, -0.016751, -0.022315, 0.011948, -0.998804, -0.047404, 0.263959, 0.000000, 0.000000, 0.000000, 1.000000, -0.999645, 0.013728, 0.022826, 0.005433, 0.024101, 0.101243, 0.994570, -0.118958, 0.011343, 0.994767, -0.101538, -0.019159, 0.000000, 0.000000, 0.000000, 1.000000
0.5601, 22.3056, -63.8125, 235.5794, 257.5794, -22.3056, 263.8860, 5.3822, -118.7989, -19.3186, 0.999801, 0.011469, 0.016311, 0.022306, -0.012167, 0.998986, 0.043357, -0.063813, -0.015797, -0.043547, 0.998926, 0.235579, 0.000000, 0.000000, 0.000000, 1.000000, -0.015797, -0.043547, 0.998926, 0.257579, -0.999801, -0.011469, -0.016311, -0.022306, 0.012167, -0.998986, -0.043357, 0.263886, 0.000000, 0.000000, 0.000000, 1.000000, -0.999635, 0.013958, 0.023138, 0.005382, 0.024456, 0.103168, 0.994363, -0.118799, 0.011493, 0.994566, -0.103472, -0.019319, 0.000000, 0.000000, 0.000000, 1.000000
0.6770, 22.1605, -63.6755, 234.9232, 256.9232, -22.1605, 263.7490, 5.4524, -119.1421, -19.3324, 0.999781, 0.012045, 0.017098, 0.022160, -0.012899, 0.998629, 0.050733, -0.063676, -0.016464, -0.050943, 0.998566, 0.234923, 0.000000, 0.000000, 0.000000, 1.000000, -0.016464, -0.050943, 0.998566, 0.256923, -0.999781, -0.012045, -0.017098, -0.022160, 0.012899, -0.998629, -0.050733, 0.263749, 0.000000, 0.000000, 0.000000, 1.000000, -0.999656, 0.013448, 0.022515, 0.005452, 0.023680, 0.093831, 0.995306, -0.119142, 0.011272, 0.995497, -0.094117, -0.019332, 0.000000, 0.000000, 0.000000, 1.000000
0.8108, 22.0689, -63.5373, 234.4677, 256.4677, -22.0689, 263.6108, 5.4697, -119.2421, -19.4086, 0.999733, 0.011697, 0.019934, 0.022069, -0.012568, 0.998948, 0.044100, -0.063537, -0.019397, -0.044338, 0.998828, 0.234468, 0.000000, 0.000000, 0.000000, 1.000000, -0.019397, -0.044338, 0.998828, 0.256468, -0.999733, -0.011697, -0.019934, -0.022069, 0.012568, -0.998948, -0.044100, 0.263611, 0.000000, 0.000000, 0.000000, 1.000000, -0.999706, 0.014461, 0.019483, 0.005470, 0.020810, 0.098104, 0.994959, -0.119242, 0.012477, 0.995071, -0.098376, -0.019409, 0.000000, 0.000000, 0.000000, 1.000000
0.9422, 21.9800, -63.4769, 234.2067, 256.2067, -21.9800, 263.5503, 5.4923, -119.1666, -19.5853, 0.999702, 0.012633, 0.020883, 0.021980, -0.013462, 0.999106, 0.040064, -0.063477, -0.020358, -0.040333, 0.998979, 0.234207, 0.000000, 0.000000, 0.000000, 1.000000, -0.020358, -0.040333, 0.998979, 0.256207, -0.999702, -0.012633, -0.020883, -0.021980, 0.013462, -0.999106, -0.040064, 0.263550, 0.000000, 0.000000, 0.000000, 1.000000, -0.999732, 0.014077, 0.018393, 0.005492, 0.019709, 0.099879, 0.994804, -0.119167, 0.012167, 0.994900, -0.100130, -0.019585, 0.000000, 0.000000, 0.000000, 1.000000
1.0828, 21.9809, -63.4563, 234.1110, 256.1110, -21.9809, 263.5297, 5.4237, -118.9061, -19.8416, 0.999752, 0.013271, 0.017878, 0.021981, -0.013862, 0.999347, 0.033371, -0.063456, -0.017424, -0.033611, 0.999283, 0.234111, 0.000000, 0.000000, 0.000000, 1.000000, -0.017424, -0.033611, 0.999283, 0.256111, -0.999752, -0.013271, -0.017878, -0.021981, 0.013862, -0.999347, -0.033371, 0.263530, 0.000000, 0.000000, 0.000000, 1.000000, -0.999676, 0.014129, 0.021193, 0.005424, 0.022551, 0.104186, 0.994302, -0.118906, 0.011841, 0.994457, -0.104471, -0.019842, 0.000000, 0.000000, 0.000000, 1.000000
1.2676, 21.8630, -63.2735, 233.4835, 255.4835, -21.8630, 263.3470, 5.4381, -119.0439, -19.9587, 0.999755, 0.013835, 0.017252, 0.021863, -0.014396, 0.999356, 0.032881, -0.063274, -0.016786, -0.033121, 0.999310, 0.233484, 0.000000, 0.000000, 0.000000, 1.000000, -0.016786, -0.033121, 0.999310, 0.255484, -0.999755, -0.013835, -0.017252, -0.021863, 0.014396, -0.999356, -0.032881, 0.263347, 0.000000, 0.000000, 0.000000, 1.000000, -0.999663, 0.014144, 0.021772, 0.005438, 0.023097, 0.101536, 0.994564, -0.119044, 0.011857, 0.994731, -0.101829, -0.019959, 0.000000, 0.000000, 0.000000, 1.000000
1.3915, 21.8086, -63.1875, 233.2360, 255.2360, -21.8086, 263.2610, 5.4302, -118.9686, -20.0971, 0.999740, 0.013781, 0.018174, 0.021809, -0.014282, 0.999513, 0.027752, -0.063188, -0.017783, -0.028005, 0.999450, 0.233236, 0.000000, 0.000000, 0.000000, 1.000000, -0.017783, -0.028005, 0.999450, 0.255236, -0.999740, -0.013781, -0.018174, -0.021809, 0.014282, -0.999513, -0.027752, 0.263261, 0.000000, 0.000000, 0.000000, 1.000000, -0.999677, 0.014771, 0.020671, 0.005430, 0.022103, 0.104503, 0.994279, -0.118969, 0.012527, 0.994415, -0.104796, -0.020097, 0.000000, 0.000000, 0.000000, 1.000000
1.5271, 21.6115, -62.9740, 232.4396, 254.4396, -21.6115, 263.0474, 5.5424, -119.3971, -20.0655, 0.999656, 0.014134, 0.022103, 0.021612, -0.014766, 0.999479, 0.028710, -0.062974, -0.021685, -0.029027, 0.999343, 0.232440, 0.000000, 0.000000, 0.000000, 1.000000, -0.021685, -0.029027, 0.999343, 0.254440, -0.999656, -0.014134, -0.022103, -0.021612, 0.014766, -0.999479, -0.028710, 0.263047, 0.000000, 0.000000, 0.000000, 1.000000, -0.999751, 0.014788, 0.016734, 0.005542, 0.018146, 0.101184, 0.994702, -0.119397, 0.013017, 0.994758, -0.101427, -0.020065, 0.000000, 0.000000, 0.000000, 1.000000
1.6484, 21.6145, -62.9152, 232.1821, 254.1821, -21.6145, 262.9886, 5.4754, -119.3398, -20.2247, 0.999735, 0.014880, 0.017579, 0.021614, -0.015318, 0.999569, 0.025026, -0.062915, -0.017199, -0.025289, 0.999532, 0.232182, 0.000000, 0.000000, 0.000000, 1.000000, -0.017199, -0.025289, 0.999532, 0.254182, -0.999735, -0.014880, -0.017579, -0.021614, 0.015318, -0.999569, -0.025026, 0.262989, 0.000000, 0.000000, 0.000000, 1.000000, -0.999671, 0.014555, 0.021130, 0.005475, 0.022516, 0.102856, 0.994441, -0.119340, 0.012300, 0.994590, -0.103149, -0.020225, 0.000000, 0.000000, 0.000000, 1.000000
1.7807, 21.5703, -62.8707, 231.9807, 253.9807, -21.5703, 262.9442, 5.4534, -119.2032, -20.4304, 0.999725, 0.014697, 0.018287, 0.021570, -0.015156, 0.999567, 0.025219, -0.062871, -0.017908, -0.025489, 0.999515, 0.231981, 0.000000, 0.000000, 0.000000, 1.000000, -0.017908, -0.025489, 0.999515, 0.253981, -0.999725, -0.014697, -0.018287, -0.021570, 0.015156, -0.999567, -0.025219, 0.262944, 0.000000, 0.000000, 0.000000, 1.000000, -0.999678, 0.015133, 0.020392, 0.005453, 0.021811, 0.100389, 0.994709, -0.119203, 0.013006, 0.994833, -0.100686, -0.020430, 0.000000, 0.000000, 0.000000, 1.000000
1.9090, 21.5318, -62.8177, 231.8055, 253.8055, -21.5318, 262.8912, 5.4266, -119.0487, -20.6218, 0.999726, 0.015676, 0.017375, 0.021532, -0.016023, 0.999672, 0.019989, -0.062818, -0.017056, -0.020262, 0.999649, 0.231806, 0.000000, 0.000000, 0.000000, 1.000000, -0.017056, -0.020262, 0.999649, 0.253806, -0.999726, -0.015676, -0.017375, -0.021532, 0.016023, -0.999672, -0.019989, 0.262891, 0.000000, 0.000000, 0.000000, 1.000000, -0.999668, 0.014746, 0.021134, 0.005427, 0.022548, 0.103430, 0.994381, -0.119049, 0.012477, 0.994527, -0.103728, -0.020622, 0.000000, 0.000000, 0.000000, 1.000000
2.0393, 21.3688, -62.5579, 231.0792, 253.0792, -21.3688, 262.6314, 5.5116, -119.4156, -20.5482, 0.999678, 0.016328, 0.019424, 0.021369, -0.016630, 0.999742, 0.015477, -0.062558, -0.019167, -0.015795, 0.999692, 0.231079, 0.000000, 0.000000, 0.000000, 1.000000, -0.019167, -0.015795, 0.999692, 0.253079, -0.999678, -0.016328, -0.019424, -0.021369, 0.016630, -0.999742, -0.015477, 0.262631, 0.000000, 0.000000, 0.000000, 1.000000, -0.999714, 0.014659, 0.018910, 0.005512, 0.020355, 0.105669, 0.994193, -0.119416, 0.012576, 0.994293, -0.105937, -0.020548, 0.000000, 0.000000, 0.000000, 1.000000
2.1634, 21.3004, -62.4433, 230.6752, 252.6752, -21.3004, 262.5168, 5.5116, -119.4925, -20.6445, 0.999632, 0.015148, 0.022525, 0.021300, -0.015529, 0.999738, 0.016841, -0.062443, -0.022264, -0.017184, 0.999604, 0.230675, 0.000000, 0.000000, 0.000000, 1.000000, -0.022264, -0.017184, 0.999604, 0.252675, -0.999632, -0.015148, -0.022525, -0.021300, 0.015529, -0.999738, -0.016841, 0.262517, 0.000000, 0.000000, 0.000000, 1.000000, -0.999744, 0.016160, 0.015826, 0.005512, 0.017396, 0.102119, 0.994620, -0.119493, 0.014457, 0.994641, -0.102374, -0.020644, 0.000000, 0.000000, 0.000000, 1.000000
2.3052, 21.2972, -62.3857, 230.3960, 252.3960, -21.2972, 262.4591, 5.4420, -119.4052, -20.8476, 0.999701, 0.015473, 0.018959, 0.021297, -0.015799, 0.999727, 0.017208, -0.062386, -0.018687, -0.017502, 0.999672, 0.230396, 0.000000, 0.000000, 0.000000, 1.000000, -0.018687, -0.017502, 0.999672, 0.252396, -0.999701, -0.015473, -0.018959, -0.021297, 0.015799, -0.999727, -0.017208, 0.262459, 0.000000, 0.000000, 0.000000, 1.000000, -0.999680, 0.016249, 0.019372, 0.005442, 0.020894, 0.099392, 0.994829, -0.119405, 0.014239, 0.994916, -0.099700, -0.020848, 0.000000, 0.000000, 0.000000, 1.000000
2.4478, 21.1780, -62.2553, 229.8586, 251.8586, -21.1780, 262.3288, 5.4799, -119.5683, -20.9544, 0.999692, 0.017608, 0.017516, 0.021178, -0.017758, 0.999806, 0.008481, -0.062255, -0.017363, -0.008789, 0.999811, 0.229859, 0.000000, 0.000000, 0.000000, 1.000000, -0.017363, -0.008789, 0.999811, 0.251859, -0.999692, -0.017608, -0.017516, -0.021178, 0.017758, -0.999806, -0.008481, 0.262329, 0.000000, 0.000000, 0.000000, 1.000000, -0.999679, 0.014879, 0.020503, 0.005480, 0.021963, 0.105699, 0.994156, -0.119568, 0.012625, 0.994287, -0.105991, -0.020954, 0.000000, 0.000000, 0.000000, 1.000000
2.5479, 21.1217, -62.1524, 229.5581, 251.5581, -21.1217, 262.2258, 5.4824, -119.6040, -21.0271, 0.999661, 0.017658, 0.019127, 0.021122, -0.017785, 0.999821, 0.006476, -0.062152, -0.019009, -0.006814, 0.999796, 0.229558, 0.000000, 0.000000, 0.000000, 1.000000, -0.019009, -0.006814, 0.999796, 0.251558, -0.999661, -0.017658, -0.019127, -0.021122, 0.017785, -0.999821, -0.006476, 0.262226, 0.000000, 0.000000, 0.000000, 1.000000, -0.999708, 0.015207, 0.018805, 0.005482, 0.020313, 0.105951, 0.994164, -0.119604, 0.013126, 0.994255, -0.106229, -0.021027, 0.000000, 0.000000, 0.000000, 1.000000
2.6798, 21.0364, -62.0589, 229.2176, 251.2176, -21.0364, 262.1323, 5.4984, -119.6018, -21.1717, 0.999598, 0.017395, 0.022411, 0.021036, -0.017569, 0.999817, 0.007579, -0.062059, -0.022275, -0.007970, 0.999720, 0.229218, 0.000000, 0.000000, 0.000000, 1.000000, -0.022275, -0.007970, 0.999720, 0.251218, -0.999598, -0.017395, -0.022411, -0.021036, 0.017569, -0.999817, -0.007579, 0.262132, 0.000000, 0.000000, 0.000000, 1.000000, -0.999754, 0.015824, 0.015522, 0.005498, 0.017065, 0.102539, 0.994583, -0.119602, 0.014146, 0.994603, -0.102784, -0.021172, 0.000000, 0.000000, 0.000000, 1.000000
2.8083, 20.9562, -61.9008, 228.7390, 250.7390, -20.9562, 261.9742, 5.5062, -119.7379, -21.2309, 0.999623, 0.016652, 0.021843, 0.020956, -0.016843, 0.999821, 0.008589, -0.061901, -0.021696, -0.008954, 0.999725, 0.228739, 0.000000, 0.000000, 0.000000, 1.000000, -0.021696, -0.008954, 0.999725, 0.250739, -0.999623, -0.016652, -0.021843, -0.020956, 0.016843, -0.999821, -0.008589, 0.261974, 0.000000, 0.000000, 0.000000, 1.000000, -0.999727, 0.016919, 0.016104, 0.005506, 0.017707, 0.099333, 0.994897, -0.119738, 0.015233, 0.994910, -0.099605, -0.021231, 0.000000, 0.000000, 0.000000, 1.000000
2.9312, 20.9044, -61.7989, 228.3124, 250.3124, -20.9044, 261.8723, 5.4884, -119.8423, -21.3411, 0.999619, 0.017851, 0.021075, 0.020904, -0.018078, 0.999780, 0.010613, -0.061799, -0.020881, -0.010990, 0.999722, 0.228312, 0.000000, 0.000000, 0.000000, 1.000000, -0.020881, -0.010990, 0.999722, 0.250312, -0.999619, -0.017851, -0.021075, -0.020904, 0.018078, -0.999780, -0.010613, 0.261872, 0.000000, 0.000000, 0.000000, 1.000000, -0.999729, 0.016018, 0.016916, 0.005488, 0.018367, 0.095255, 0.995283, -0.119842, 0.014331, 0.995324, -0.095524, -0.021341, 0.000000, 0.000000, 0.000000, 1.000000
3.0483, 20.8418, -61.6687, 228.0614, 250.0614, -20.8418, 261.7422, 5.4932, -119.7838, -21.4302, 0.999614, 0.019442, 0.019835, 0.020842, -0.019420, 0.999811, -0.001264, -0.061669, -0.019856, 0.000879, 0.999802, 0.228061, 0.000000, 0.000000, 0.000000, 1.000000, -0.019856, 0.000879, 0.999802, 0.250061, -0.999614, -0.019442, -0.019835, -0.020842, 0.019420, -0.999811, 0.001264, 0.261742, 0.000000, 0.000000, 0.000000, 1.000000, -0.999727, 0.015230, 0.017715, 0.005493, 0.019220, 0.105114, 0.994274, -0.119784, 0.013281, 0.994343, -0.105379, -0.021430, 0.000000, 0.000000, 0.000000, 1.000000
3.1685, 20.7842, -61.5820, 227.7092, 249.7092, -20.7842, 261.6554, 5.4845, -119.8225, -21.5587, 0.999567, 0.019734, 0.021804, 0.020784, -0.019717, 0.999805, -0.001000, -0.061582, -0.021819, 0.000569, 0.999762, 0.227709, 0.000000, 0.000000, 0.000000, 1.000000, -0.021819, 0.000569, 0.999762, 0.249709, -0.999567, -0.019734, -0.021804, -0.020784, 0.019717, -0.999805, 0.001000, 0.261655, 0.000000, 0.000000, 0.000000, 1.000000, -0.999759, 0.015290, 0.015738, 0.005485, 0.017228, 0.102764, 0.994557, -0.119822, 0.013590, 0.994588, -0.103003, -0.021559, 0.000000, 0.000000, 0.000000, 1.000000
3.3016, 20.6871, -61.4260, 227.0985, 249.0985, -20.6871, 261.4995, 5.5029, -120.0801, -21.6214, 0.999646, 0.020090, 0.017428, 0.020687, -0.020136, 0.999794, 0.002473, -0.061426, -0.017374, -0.002823, 0.999845, 0.227098, 0.000000, 0.000000, 0.000000, 1.000000, -0.017374, -0.002823, 0.999845, 0.249098, -0.999646, -0.020090, -0.017428, -0.020687, 0.020136, -0.999794, -0.002473, 0.261499, 0.000000, 0.000000, 0.000000, 1.000000, -0.999680, 0.015210, 0.020206, 0.005503, 0.021590, 0.097128, 0.995038, -0.120080, 0.013172, 0.995156, -0.097425, -0.021621, 0.000000, 0.000000, 0.000000, 1.000000
3.4420, 20.6079, -61.2902, 226.6090, 248.6090, -20.6079, 261.3637, 5.5040, -120.2002, -21.7326, 0.999638, 0.020593, 0.017289, 0.020608, -0.020585, 0.999788, -0.000610, -0.061290, -0.017298, 0.000254, 0.999850, 0.226609, 0.000000, 0.000000, 0.000000, 1.000000, -0.017298, 0.000254, 0.999850, 0.248609, -0.999638, -0.020593, -0.017289, -0.020608, 0.020585, -0.999788, 0.000610, 0.261364, 0.000000, 0.000000, 0.000000, 1.000000, -0.999680, 0.015248, 0.020206, 0.005504, 0.021603, 0.097806, 0.994971, -0.120200, 0.013195, 0.995089, -0.098104, -0.021733, 0.000000, 0.000000, 0.000000, 1.000000
3.5677, 20.5765, -61.1795, 226.5216, 248.5216, -20.5765, 261.2529, 5.4784, -119.9583, -21.8764, 0.999635, 0.021827, 0.015925, 0.020576, -0.021623, 0.999683, -0.012891, -0.061179, -0.016202, 0.012542, 0.999790, 0.226522, 0.000000, 0.000000, 0.000000, 1.000000, -0.016202, 0.012542, 0.999790, 0.248522, -0.999635, -0.021827, -0.015925, -0.020576, 0.021623, -0.999683, 0.012891, 0.261253, 0.000000, 0.000000, 0.000000, 1.000000, -0.999667, 0.014852, 0.021096, 0.005478, 0.022578, 0.107919, 0.993903, -0.119958, 0.012485, 0.994049, -0.108218, -0.021876, 0.000000, 0.000000, 0.000000, 1.000000
3.6960, 20.5070, -61.0845, 226.1588, 248.1588, -20.5070, 261.1580, 5.4795, -119.9867, -22.0166, 0.999608, 0.021979, 0.017325, 0.020507, -0.021816, 0.999717, -0.009533, -0.061085, -0.017530, 0.009151, 0.999804, 0.226159, 0.000000, 0.000000, 0.000000, 1.000000, -0.017530, 0.009151, 0.999804, 0.248159, -0.999608, -0.021979, -0.017325, -0.020507, 0.021816, -0.999717, 0.009533, 0.261158, 0.000000, 0.000000, 0.000000, 1.000000, -0.999692, 0.014961, 0.019785, 0.005480, 0.021214, 0.102362, 0.994521, -0.119987, 0.012854, 0.994635, -0.102647, -0.022017, 0.000000, 0.000000, 0.000000, 1.000000
3.8202, 20.4487, -61.0048, 225.8889, 247.8889, -20.4487, 261.0782, 5.4724, -119.9343, -22.1721, 0.999644, 0.022421, 0.014479, 0.020449, -0.022262, 0.999691, -0.011042, -0.061005, -0.014722, 0.010716, 0.999834, 0.225889, 0.000000, 0.000000, 0.000000, 1.000000, -0.014722, 0.010716, 0.999834, 0.247889, -0.999644, -0.022421, -0.014479, -0.020449, 0.022262, -0.999691, 0.011042, 0.261078, 0.000000, 0.000000, 0.000000, 1.000000, -0.999634, 0.014954, 0.022553, 0.005472, 0.023961, 0.101811, 0.994515, -0.119934, 0.012576, 0.994691, -0.102132, -0.022172, 0.000000, 0.000000, 0.000000, 1.000000
3.9439, 20.2886, -60.8313, 225.2861, 247.2861, -20.2886, 260.9047, 5.5592, -120.2099, -22.2076, 0.999565, 0.022198, 0.019416, 0.020289, -0.021943, 0.999672, -0.013223, -0.060831, -0.019703, 0.012792, 0.999724, 0.225286, 0.000000, 0.000000, 0.000000, 1.000000, -0.019703, 0.012792, 0.999724, 0.247286, -0.999565, -0.022198, -0.019416, -0.020289, 0.021943, -0.999672, 0.013223, 0.260905, 0.000000, 0.000000, 0.000000, 1.000000, -0.999725, 0.015628, 0.017511, 0.005559, 0.019013, 0.101751, 0.994628, -0.120210, 0.013762, 0.994687, -0.102020, -0.022208, 0.000000, 0.000000, 0.000000, 1.000000
4.0627, 20.2349, -60.6964, 224.9211, 246.9211, -20.2349, 260.7699, 5.5495, -120.2606, -22.2905, 0.999549, 0.022971, 0.019324, 0.020235, -0.022631, 0.999588, -0.017630, -0.060696, -0.019721, 0.017185, 0.999658, 0.224921, 0.000000, 0.000000, 0.000000, 1.000000, -0.019721, 0.017185, 0.999658, 0.246921, -0.999549, -0.022971, -0.019324, -0.020235, 0.022631, -0.999588, 0.017630, 0.260770, 0.000000, 0.000000, 0.000000, 1.000000, -0.999730, 0.015376, 0.017410, 0.005549, 0.018918, 0.104116, 0.994385, -0.120261, 0.013477, 0.994446, -0.104379, -0.022291, 0.000000, 0.000000, 0.000000, 1.000000
4.1840, 20.2191, -60.6159, 224.7557, 246.7557, -20.2191, 260.6894, 5.5071, -120.1095, -22.4492, 0.999613, 0.024135, 0.013838, 0.020219, -0.023764, 0.999370, -0.026356, -0.060616, -0.014465, 0.026017, 0.999557, 0.224756, 0.000000, 0.000000, 0.000000, 1.000000, -0.014465, 0.026017, 0.999557, 0.246756, -0.999613, -0.024135, -0.013838, -0.020219, 0.023764, -0.999370, 0.026356, 0.260689, 0.000000, 0.000000, 0.000000, 1.000000, -0.999635, 0.014902, 0.022518, 0.005507, 0.024033, 0.110865, 0.993545, -0.120110, 0.012309, 0.993724, -0.111183, -0.022449, 0.000000, 0.000000, 0.000000, 1.000000
4.3172, 20.1942, -60.5181, 224.4941, 246.4941, -20.1942, 260.5916, 5.4640, -120.0228, -22.6076, 0.999629, 0.024070, 0.012783, 0.020194, -0.023718, 0.999353, -0.027037, -0.060518, -0.013425, 0.026724, 0.999553, 0.224494, 0.000000, 0.000000, 0.000000, 1.000000, -0.013425, 0.026724, 0.999553, 0.246494, -0.999629, -0.024070, -0.012783, -0.020194, 0.023718, -0.999353, 0.027037, 0.260592, 0.000000, 0.000000, 0.000000, 1.000000, -0.999605, 0.015392, 0.023521, 0.005464, 0.025065, 0.109290, 0.993694, -0.120023, 0.012724, 0.993891, -0.109632, -0.022608, 0.000000, 0.000000, 0.000000, 1.000000
4.4701, 20.0104, -60.2702, 223.6519, 245.6519, -20.0104, 260.3436, 5.5560, -120.4581, -22.6169, 0.999520, 0.023447, 0.020256, 0.020010, -0.022987, 0.999479, -0.022667, -0.060270, -0.020777, 0.022191, 0.999538, 0.223652, 0.000000, 0.000000, 0.000000, 1.000000, -0.020777, 0.022191, 0.999538, 0.245652, -0.999520, -0.023447, -0.020256, -0.020010, 0.022987, -0.999479, 0.022667, 0.260344, 0.000000, 0.000000, 0.000000, 1.000000, -0.999736, 0.016311, 0.016185, 0.005556, 0.017769, 0.102146, 0.994611, -0.120458, 0.014570, 0.994636, -0.102409, -0.022617, 0.000000, 0.000000, 0.000000, 1.000000
4.5995, 19.9668, -60.2033, 223.4692, 245.4692, -19.9668, 260.2768, 5.5340, -120.3062, -22.8082, 0.999526, 0.024201, 0.019035, 0.019967, -0.023739, 0.999427, -0.024110, -0.060203, -0.019608, 0.023646, 0.999528, 0.223469, 0.000000, 0.000000, 0.000000, 1.000000, -0.019608, 0.023646, 0.999528, 0.245469, -0.999526, -0.024201, -0.019035, -0.019967, 0.023739, -0.999427, 0.024110, 0.260277, 0.000000, 0.000000, 0.000000, 1.000000, -0.999722, 0.016007, 0.017327, 0.005534, 0.018863, 0.101411, 0.994666, -0.120306, 0.014164, 0.994716, -0.101684, -0.022808, 0.000000, 0.000000, 0.000000, 1.000000
4.7391, 19.8925, -60.0447, 223.0151, 245.0151, -19.8925, 260.1181, 5.5338, -120.3924, -22.9088, 0.999501, 0.024102, 0.020408, 0.019893, -0.023477, 0.999265, -0.030317, -0.060045, -0.021123, 0.029823, 0.999332, 0.223015, 0.000000, 0.000000, 0.000000, 1.000000, -0.021123, 0.029823, 0.999332, 0.245015, -0.999501, -0.024102, -0.020408, -0.019893, 0.023477, -0.999265, 0.030317, 0.260118, 0.000000, 0.000000, 0.000000, 1.000000, -0.999737, 0.016750, 0.015666, 0.005534, 0.017343, 0.105163, 0.994304, -0.120392, 0.015007, 0.994314, -0.105426, -0.022909, 0.000000, 0.000000, 0.000000, 1.000000
4.8698, 19.8241, -59.8718, 222.6447, 244.6447, -19.8241, 259.9453, 5.5347, -120.4167, -22.9841, 0.999502, 0.026048, 0.017829, 0.019824, -0.025413, 0.999064, -0.034996, -0.059872, -0.018724, 0.034526, 0.999228, 0.222645, 0.000000, 0.000000, 0.000000, 1.000000, -0.018724, 0.034526, 0.999228, 0.244645, -0.999502, -0.026048, -0.017829, -0.019824, 0.025413, -0.999064, 0.034996, 0.259945, 0.000000, 0.000000, 0.000000, 1.000000, -0.999719, 0.015369, 0.018020, 0.005535, 0.019572, 0.107679, 0.993993, -0.120417, 0.013337, 0.994067, -0.107949, -0.022984, 0.000000, 0.000000, 0.000000, 1.000000
5.0410, 19.7418, -59.7240, 222.1044, 244.1044, -19.7418, 259.7974, 5.5234, -120.5092, -23.1580, 0.999520, 0.025980, 0.016881, 0.019742, -0.025348, 0.999008, -0.036626, -0.059724, -0.017816, 0.036180, 0.999186, 0.222104, 0.000000, 0.000000, 0.000000, 1.000000, -0.017816, 0.036180, 0.999186, 0.244104, -0.999520, -0.025980, -0.016881, -0.019742, 0.025348, -0.999008, 0.036626, 0.259797, 0.000000, 0.000000, 0.000000, 1.000000, -0.999694, 0.016014, 0.018859, 0.005523, 0.020458, 0.106396, 0.994113, -0.120509, 0.013914, 0.994195, -0.106691, -0.023158, 0.000000, 0.000000, 0.000000, 1.000000
5.1706, 19.6859, -59.6565, 221.7986, 243.7986, -19.6859, 259.7300, 5.5095, -120.4790, -23.3422, 0.999506, 0.025412, 0.018498, 0.019686, -0.024718, 0.999015, -0.036858, -0.059657, -0.019416, 0.036383, 0.999149, 0.221799, 0.000000, 0.000000, 0.000000, 1.000000, -0.019416, 0.036383, 0.999149, 0.243799, -0.999506, -0.025412, -0.018498, -0.019686, 0.024718, -0.999015, 0.036858, 0.259730, 0.000000, 0.000000, 0.000000, 1.000000, -0.999708, 0.016982, 0.017212, 0.005510, 0.018893, 0.104360, 0.994360, -0.120479, 0.015090, 0.994395, -0.104650, -0.023342, 0.000000, 0.000000, 0.000000, 1.000000
5.3013, 19.6004, -59.4809, 221.3921, 243.3921, -19.6004, 259.5544, 5.5263, -120.5403, -23.4160, 0.999490, 0.026519, 0.017804, 0.019600, -0.025762, 0.998807, -0.041474, -0.059481, -0.018883, 0.040994, 0.998981, 0.221392, 0.000000, 0.000000, 0.000000, 1.000000, -0.018883, 0.040994, 0.998981, 0.243392, -0.999490, -0.026519, -0.017804, -0.019600, 0.025762, -0.998807, 0.041474, 0.259554, 0.000000, 0.000000, 0.000000, 1.000000, -0.999709, 0.016435, 0.017679, 0.005526, 0.019334, 0.106753, 0.994098, -0.120540, 0.014451, 0.994150, -0.107040, -0.023416, 0.000000, 0.000000, 0.000000, 1.000000
5.4358, 19.5500, -59.3600, 221.1766, 243.1766, -19.5500, 259.4335, 5.5111, -120.4038, -23.5640, 0.999476, 0.027151, 0.017648, 0.019550, -0.026280, 0.998509, -0.047845, -0.059360, -0.018921, 0.047356, 0.998699, 0.221177, 0.000000, 0.000000, 0.000000, 1.000000, -0.018921, 0.047356, 0.998699, 0.243177, -0.999476, -0.027151, -0.017648, -0.019550, 0.026280, -0.998509, 0.047845, 0.259433, 0.000000, 0.000000, 0.000000, 1.000000, -0.999711, 0.016435, 0.017527, 0.005511, 0.019242, 0.110806, 0.993656, -0.120404, 0.014388, 0.993706, -0.111091, -0.023564, 0.000000, 0.000000, 0.000000, 1.000000
5.5677, 19.4516, -59.1948, 220.6297, 242.6297, -19.4516, 259.2683, 5.5346, -120.6039, -23.6440, 0.999492, 0.027869, 0.015461, 0.019452, -0.027124, 0.998553, -0.046430, -0.059195, -0.016733, 0.045987, 0.998802, 0.220630, 0.000000, 0.000000, 0.000000, 1.000000, -0.016733, 0.045987, 0.998802, 0.242630, -0.999492, -0.027869, -0.015461, -0.019452, 0.027124, -0.998553, 0.046430, 0.259268, 0.000000, 0.000000, 0.000000, 1.000000, -0.999676, 0.016068, 0.019743, 0.005535, 0.021354, 0.107219, 0.994006, -0.120604, 0.013855, 0.994106, -0.107528, -0.023644, 0.000000, 0.000000, 0.000000, 1.000000
5.6885, 19.3477, -59.0479, 220.1332, 242.1332, -19.3477, 259.1214, 5.5699, -120.7835, -23.7241, 0.999455, 0.027073, 0.018877, 0.019348, -0.026252, 0.998754, -0.042452, -0.059048, -0.020003, 0.041933, 0.998920, 0.220133, 0.000000, 0.000000, 0.000000, 1.000000, -0.020003, 0.041933, 0.998920, 0.242133, -0.999455, -0.027073, -0.018877, -0.019348, 0.026252, -0.998754, 0.042452, 0.259121, 0.000000, 0.000000, 0.000000, 1.000000, -0.999718, 0.017086, 0.016479, 0.005570, 0.018124, 0.101091, 0.994712, -0.120783, 0.015330, 0.994731, -0.101372, -0.023724, 0.000000, 0.000000, 0.000000, 1.000000
5.8331, 19.3240, -58.9185, 219.7951, 241.7951, -19.3240, 258.9920, 5.5192, -120.7419, -23.8787, 0.999445, 0.028650, 0.017004, 0.019324, -0.027845, 0.998561, -0.045828, -0.058919, -0.018292, 0.045329, 0.998805, 0.219795, 0.000000, 0.000000, 0.000000, 1.000000, -0.018292, 0.045329, 0.998805, 0.241795, -0.999445, -0.028650, -0.017004, -0.019324, 0.027845, -0.998561, 0.045828, 0.258992, 0.000000, 0.000000, 0.000000, 1.000000, -0.999706, 0.016066, 0.018169, 0.005519, 0.019716, 0.102057, 0.994583, -0.120742, 0.014125, 0.994649, -0.102344, -0.023879, 0.000000, 0.000000, 0.000000, 1.000000
5.9447, 19.2376, -58.7422, 219.2813, 241.2813, -19.2376, 258.8156, 5.5419, -120.9605, -23.9111, 0.999451, 0.029346, 0.015379, 0.019238, -0.028570, 0.998419, -0.048413, -0.058742, -0.016775, 0.047947, 0.998709, 0.219281, 0.000000, 0.000000, 0.000000, 1.000000, -0.016775, 0.047947, 0.998709, 0.241281, -0.999451, -0.029346, -0.015379, -0.019238, 0.028570, -0.998419, 0.048413, 0.258816, 0.000000, 0.000000, 0.000000, 1.000000, -0.999682, 0.015800, 0.019652, 0.005542, 0.021174, 0.102780, 0.994479, -0.120961, 0.013693, 0.994579, -0.103082, -0.023911, 0.000000, 0.000000, 0.000000, 1.000000
6.0748, 19.1700, -58.6385, 218.9247, 240.9247, -19.1700, 258.7119, 5.5401, -120.9781, -24.0637, 0.999404, 0.029831, 0.017351, 0.019170, -0.028981, 0.998458, -0.047339, -0.058638, -0.018737, 0.046808, 0.998728, 0.218925, 0.000000, 0.000000, 0.000000, 1.000000, -0.018737, 0.046808, 0.998728, 0.240925, -0.999404, -0.029831, -0.017351, -0.019170, 0.028981, -0.998458, 0.047339, 0.258712, 0.000000, 0.000000, 0.000000, 1.000000, -0.999721, 0.015668, 0.017702, 0.005540, 0.019175, 0.099441, 0.994859, -0.120978, 0.013827, 0.994920, -0.099714, -0.024064, 0.000000, 0.000000, 0.000000, 1.000000
6.2018, 19.1170, -58.5333, 218.7398, 240.7398, -19.1170, 258.6068, 5.5308, -120.8317, -24.2184, 0.999366, 0.030952, 0.017576, 0.019117, -0.029949, 0.998052, -0.054738, -0.058533, -0.019236, 0.054177, 0.998346, 0.218740, 0.000000, 0.000000, 0.000000, 1.000000, -0.019236, 0.054177, 0.998346, 0.240740, -0.999366, -0.030952, -0.017576, -0.019117, 0.029949, -0.998052, 0.054738, 0.258607, 0.000000, 0.000000, 0.000000, 1.000000, -0.999738, 0.015192, 0.017112, 0.005531, 0.018609, 0.104648, 0.994335, -0.120832, 0.013316, 0.994393, -0.104904, -0.024218, 0.000000, 0.000000, 0.000000, 1.000000
6.3376, 19.0660, -58.4429, 218.4651, 240.4651, -19.0660, 258.5163, 5.5121, -120.7526, -24.4008, 0.999400, 0.030922, 0.015586, 0.019066, -0.030000, 0.997965, -0.056273, -0.058443, -0.017295, 0.055772, 0.998294, 0.218465, 0.000000, 0.000000, 0.000000, 1.000000, -0.017295, 0.055772, 0.998294, 0.240465, -0.999400, -0.030922, -0.015586, -0.019066, 0.030000, -0.997965, 0.056273, 0.258516, 0.000000, 0.000000, 0.000000, 1.000000, -0.999696, 0.015689, 0.018997, 0.005512, 0.020527, 0.103914, 0.994374, -0.120753, 0.013626, 0.994463, -0.104204, -0.024401, 0.000000, 0.000000, 0.000000, 1.000000
6.4679, 18.9070, -58.1243, 217.6126, 239.6126, -18.9070, 258.1978, 5.5926, -121.2583, -24.3223, 0.999382, 0.031163, 0.016272, 0.018907, -0.030203, 0.997960, -0.056241, -0.058124, -0.017991, 0.055714, 0.998285, 0.217613, 0.000000, 0.000000, 0.000000, 1.000000, -0.017991, 0.055714, 0.998285, 0.239613, -0.999382, -0.031163, -0.016272, -0.018907, 0.030203, -0.997960, 0.056241, 0.258198, 0.000000, 0.000000, 0.000000, 1.000000, -0.999707, 0.015840, 0.018286, 0.005593, 0.019803, 0.101638, 0.994624, -0.121258, 0.013896, 0.994695, -0.101922, -0.024322, 0.000000, 0.000000, 0.000000, 1.000000
6.6004, 18.8951, -58.0665, 217.5516, 239.5516, -18.8951, 258.1399, 5.5429, -120.9743, -24.5403, 0.999357, 0.031584, 0.016999, 0.018895, -0.030471, 0.997603, -0.062121, -0.058066, -0.018920, 0.061563, 0.997924, 0.217552, 0.000000, 0.000000, 0.000000, 1.000000, -0.018920, 0.061563, 0.997924, 0.239552, -0.999357, -0.031584, -0.016999, -0.018895, 0.030471, -0.997603, 0.062121, 0.258140, 0.000000, 0.000000, 0.000000, 1.000000, -0.999723, 0.016022, 0.017251, 0.005543, 0.018843, 0.105213, 0.994271, -0.120974, 0.014115, 0.994321, -0.105485, -0.024540, 0.000000, 0.000000, 0.000000, 1.000000
6.7228, 18.8795, -57.9839, 217.2992, 239.2992, -18.8795, 258.0574, 5.4955, -120.9065, -24.7041, 0.999420, 0.031483, 0.012975, 0.018880, -0.030580, 0.997436, -0.064706, -0.057984, -0.014979, 0.064272, 0.997820, 0.217299, 0.000000, 0.000000, 0.000000, 1.000000, -0.014979, 0.064272, 0.997820, 0.239299, -0.999420, -0.031483, -0.012975, -0.018880, 0.030580, -0.997436, 0.064706, 0.258057, 0.000000, 0.000000, 0.000000, 1.000000, -0.999639, 0.016585, 0.021119, 0.005495, 0.022758, 0.105814, 0.994125, -0.120906, 0.014253, 0.994248, -0.106153, -0.024704, 0.000000, 0.000000, 0.000000, 1.000000
6.8451, 18.7752, -57.7031, 216.6758, 238.6758, -18.7752, 257.7765, 5.5330, -121.2047, -24.6594, 0.999400, 0.032643, 0.011592, 0.018775, -0.031727, 0.996904, -0.071949, -0.057703, -0.013905, 0.071538, 0.997341, 0.216676, 0.000000, 0.000000, 0.000000, 1.000000, -0.013905, 0.071538, 0.997341, 0.238676, -0.999400, -0.032643, -0.011592, -0.018775, 0.031727, -0.996904, 0.071949, 0.257777, 0.000000, 0.000000, 0.000000, 1.000000, -0.999627, 0.016041, 0.022113, 0.005533, 0.023759, 0.111002, 0.993536, -0.121205, 0.013483, 0.993691, -0.111342, -0.024659, 0.000000, 0.000000, 0.000000, 1.000000
6.9693, 18.6885, -57.6314, 216.3722, 238.3722, -18.6885, 257.7048, 5.5524, -121.1868, -24.8406, 0.999349, 0.031865, 0.016943, 0.018689, -0.030580, 0.996981, -0.071365, -0.057631, -0.019166, 0.070800, 0.997306, 0.216372, 0.000000, 0.000000, 0.000000, 1.000000, -0.019166, 0.070800, 0.997306, 0.238372, -0.999349, -0.031865, -0.016943, -0.018689, 0.030580, -0.996981, 0.071365, 0.257705, 0.000000, 0.000000, 0.000000, 1.000000, -0.999712, 0.017170, 0.016774, 0.005552, 0.018535, 0.108117, 0.993965, -0.121187, 0.015253, 0.993990, -0.108404, -0.024841, 0.000000, 0.000000, 0.000000, 1.000000
7.1057, 18.6409, -57.5382, 216.0721, 238.0721, -18.6409, 257.6117, 5.5301, -121.1309, -25.0251, 0.999340, 0.032088, 0.017047, 0.018641, -0.030751, 0.996810, -0.073645, -0.057538, -0.019356, 0.073072, 0.997139, 0.216072, 0.000000, 0.000000, 0.000000, 1.000000, -0.019356, 0.073072, 0.997139, 0.238072, -0.999340, -0.032088, -0.017047, -0.018641, 0.030751, -0.996810, 0.073645, 0.257612, 0.000000, 0.000000, 0.000000, 1.000000, -0.999712, 0.017435, 0.016519, 0.005530, 0.018308, 0.108057, 0.993976, -0.121131, 0.015545, 0.993992, -0.108345, -0.025025, 0.000000, 0.000000, 0.000000, 1.000000
7.2472, 18.5409, -57.2402, 215.4651, 237.4651, -18.5409, 257.3136, 5.5522, -121.3639, -25.0085, 0.999332, 0.033881, 0.013706, 0.018541, -0.032739, 0.996543, -0.076354, -0.057240, -0.016245, 0.075854, 0.996987, 0.215465, 0.000000, 0.000000, 0.000000, 1.000000, -0.016245, 0.075854, 0.996987, 0.237465, -0.999332, -0.033881, -0.013706, -0.018541, 0.032739, -0.996543, 0.076354, 0.257314, 0.000000, 0.000000, 0.000000, 1.000000, -0.999675, 0.016166, 0.019710, 0.005552, 0.021350, 0.108478, 0.993870, -0.121364, 0.013929, 0.993967, -0.108788, -0.025009, 0.000000, 0.000000, 0.000000, 1.000000
7.3720, 18.5064, -57.1412, 215.1891, 237.1891, -18.5064, 257.2146, 5.5250, -121.3135, -25.1648, 0.999379, 0.033787, 0.010006, 0.018506, -0.032907, 0.996419, -0.077892, -0.057141, -0.012602, 0.077515, 0.996912, 0.215189, 0.000000, 0.000000, 0.000000, 1.000000, -0.012602, 0.077515, 0.996912, 0.237189, -0.999379, -0.033787, -0.010006, -0.018506, 0.032907, -0.996419, 0.077892, 0.257215, 0.000000, 0.000000, 0.000000, 1.000000, -0.999590, 0.016688, 0.023284, 0.005525, 0.024953, 0.107997, 0.993838, -0.121313, 0.014071, 0.994011, -0.108369, -0.025165, 0.000000, 0.000000, 0.000000, 1.000000
7.4944, 18.4437, -57.0475, 214.9001, 236.9001, -18.4437, 257.1209, 5.5238, -121.2835, -25.3227, 0.999348, 0.034225, 0.011509, 0.018444, -0.033252, 0.996537, -0.076208, -0.057047, -0.014078, 0.075776, 0.997025, 0.214900, 0.000000, 0.000000, 0.000000, 1.000000, -0.014078, 0.075776, 0.997025, 0.236900, -0.999348, -0.034225, -0.011509, -0.018444, 0.033252, -0.996537, 0.076208, 0.257121, 0.000000, 0.000000, 0.000000, 1.000000, -0.999624, 0.016561, 0.021840, 0.005524, 0.023449, 0.104189, 0.994281, -0.121284, 0.014191, 0.994420, -0.104538, -0.025323, 0.000000, 0.000000, 0.000000, 1.000000
7.6434, 18.2747, -56.8254, 214.3754, 236.3754, -18.2747, 256.8988, 5.6146, -121.4206, -25.4076, 0.999237, 0.034918, 0.017481, 0.018275, -0.033351, 0.995984, -0.083091, -0.056825, -0.020313, 0.082444, 0.996389, 0.214375, 0.000000, 0.000000, 0.000000, 1.000000, -0.020313, 0.082444, 0.996389, 0.236375, -0.999237, -0.034918, -0.017481, -0.018275, 0.033351, -0.995984, 0.083091, 0.256899, 0.000000, 0.000000, 0.000000, 1.000000, -0.999743, 0.016540, 0.015481, 0.005615, 0.017183, 0.108316, 0.993968, -0.121421, 0.014763, 0.993979, -0.108572, -0.025408, 0.000000, 0.000000, 0.000000, 1.000000
7.7625, 18.2544, -56.7160, 214.1297, 236.1297, -18.2544, 256.7895, 5.5740, -121.3541, -25.5436, 0.999280, 0.034949, 0.014750, 0.018254, -0.033487, 0.995394, -0.089832, -0.056716, -0.017821, 0.089273, 0.995848, 0.214130, 0.000000, 0.000000, 0.000000, 1.000000, -0.017821, 0.089273, 0.995848, 0.236130, -0.999280, -0.034949, -0.014750, -0.018254, 0.033487, -0.995394, 0.089832, 0.256789, 0.000000, 0.000000, 0.000000, 1.000000, -0.999695, 0.017095, 0.017838, 0.005574, 0.019659, 0.113091, 0.993390, -0.121354, 0.014965, 0.993438, -0.113392, -0.025544, 0.000000, 0.000000, 0.000000, 1.000000
7.8849, 18.2224, -56.5999, 213.8631, 235.8631, -18.2224, 256.6734, 5.5450, -121.3000, -25.6802, 0.999275, 0.035601, 0.013528, 0.018222, -0.034226, 0.995259, -0.091036, -0.056600, -0.016705, 0.090507, 0.995756, 0.213863, 0.000000, 0.000000, 0.000000, 1.000000, -0.016705, 0.090507, 0.995756, 0.235863, -0.999275, -0.035601, -0.013528, -0.018222, 0.034226, -0.995259, 0.091036, 0.256673, 0.000000, 0.000000, 0.000000, 1.000000, -0.999678, 0.016852, 0.018956, 0.005545, 0.020731, 0.112255, 0.993463, -0.121300, 0.014614, 0.993537, -0.112568, -0.025680, 0.000000, 0.000000, 0.000000, 1.000000
8.0238, 18.1410, -56.4665, 213.6046, 235.6046, -18.1410, 256.5399, 5.5568, -121.1965, -25.8372, 0.999203, 0.036152, 0.016929, 0.018141, -0.034429, 0.995080, -0.092899, -0.056466, -0.020204, 0.092242, 0.995532, 0.213605, 0.000000, 0.000000, 0.000000, 1.000000, -0.020204, 0.092242, 0.995532, 0.235605, -0.999203, -0.036152, -0.016929, -0.018141, 0.034429, -0.995080, 0.092899, 0.256540, 0.000000, 0.000000, 0.000000, 1.000000, -0.999740, 0.016778, 0.015435, 0.005557, 0.017214, 0.111635, 0.993600, -0.121196, 0.014948, 0.993608, -0.111895, -0.025837, 0.000000, 0.000000, 0.000000, 1.000000
8.1600, 18.0089, -56.2559, 212.8762, 234.8762, -18.0089, 256.3294, 5.6073, -121.5702, -25.9072, 0.999175, 0.034828, 0.020865, 0.018009, -0.032885, 0.995650, -0.087180, -0.056256, -0.023810, 0.086422, 0.995974, 0.212876, 0.000000, 0.000000, 0.000000, 1.000000, -0.023810, 0.086422, 0.995974, 0.234876, -0.999175, -0.034828, -0.020865, -0.018009, 0.032885, -0.995650, 0.087180, 0.256329, 0.000000, 0.000000, 0.000000, 1.000000, -0.999763, 0.018327, 0.011777, 0.005607, 0.013612, 0.103452, 0.994541, -0.121570, 0.017009, 0.994466, -0.103677, -0.025907, 0.000000, 0.000000, 0.000000, 1.000000
8.2938, 17.9942, -56.0554, 212.5129, 234.5129, -17.9942, 256.1288, 5.5553, -121.5811, -25.9835, 0.999215, 0.037072, 0.013994, 0.017994, -0.035629, 0.995104, -0.092192, -0.056055, -0.017343, 0.091621, 0.995643, 0.212513, 0.000000, 0.000000, 0.000000, 1.000000, -0.017343, 0.091621, 0.995643, 0.234513, -0.999215, -0.037072, -0.013994, -0.017994, 0.035629, -0.995104, 0.092192, 0.256129, 0.000000, 0.000000, 0.000000, 1.000000, -0.999693, 0.016658, 0.018340, 0.005555, 0.020011, 0.106437, 0.994118, -0.121581, 0.014608, 0.994180, -0.106738, -0.025983, 0.000000, 0.000000, 0.000000, 1.000000
8.4296, 17.9375, -55.9696, 212.2281, 234.2281, -17.9375, 256.0430, 5.5416, -121.5117, -26.1825, 0.999233, 0.037527, 0.011151, 0.017937, -0.036336, 0.995041, -0.092591, -0.055970, -0.014571, 0.092115, 0.995642, 0.212228, 0.000000, 0.000000, 0.000000, 1.000000, -0.014571, 0.092115, 0.995642, 0.234228, -0.999233, -0.037527, -0.011151, -0.017937, 0.036336, -0.995041, 0.092591, 0.256043, 0.000000, 0.000000, 0.000000, 1.000000, -0.999639, 0.016630, 0.021126, 0.005542, 0.022752, 0.104626, 0.994251, -0.121512, 0.014324, 0.994373, -0.104966, -0.026183, 0.000000, 0.000000, 0.000000, 1.000000
8.5834, 17.8501, -55.7299, 211.7000, 233.7000, -17.8501, 255.8033, 5.5486, -121.6378, -26.2654, 0.999129, 0.038506, 0.016092, 0.017850, -0.036798, 0.994743, -0.095567, -0.055730, -0.019688, 0.094892, 0.995293, 0.211700, 0.000000, 0.000000, 0.000000, 1.000000, -0.019688, 0.094892, 0.995293, 0.233700, -0.999129, -0.038506, -0.016092, -0.017850, 0.036798, -0.994743, 0.095567, 0.255803, 0.000000, 0.000000, 0.000000, 1.000000, -0.999741, 0.016205, 0.015995, 0.005549, 0.017608, 0.104806, 0.994337, -0.121638, 0.014437, 0.994361, -0.105064, -0.026265, 0.000000, 0.000000, 0.000000, 1.000000
8.7482, 17.6865, -55.4911, 211.0815, 233.0815, -17.6865, 255.5646, 5.6223, -121.8286, -26.3773, 0.999143, 0.038744, 0.014566, 0.017686, -0.037075, 0.994172, -0.101232, -0.055491, -0.018403, 0.100606, 0.994756, 0.211082, 0.000000, 0.000000, 0.000000, 1.000000, -0.018403, 0.100606, 0.994756, 0.233082, -0.999143, -0.038744, -0.014566, -0.017686, 0.037075, -0.994172, 0.101232, 0.255565, 0.000000, 0.000000, 0.000000, 1.000000, -0.999714, 0.016650, 0.017176, 0.005622, 0.018871, 0.107704, 0.994004, -0.121829, 0.014700, 0.994044, -0.107987, -0.026377, 0.000000, 0.000000, 0.000000, 1.000000
8.8677, 17.6418, -55.3828, 210.8201, 232.8201, -17.6418, 255.4562, 5.6071, -121.7775, -26.5219, 0.999081, 0.038918, 0.017965, 0.017642, -0.036823, 0.993785, -0.105045, -0.055383, -0.021941, 0.104287, 0.994305, 0.210820, 0.000000, 0.000000, 0.000000, 1.000000, -0.021941, 0.104287, 0.994305, 0.232820, -0.999081, -0.038918, -0.017965, -0.017642, 0.036823, -0.993785, 0.105045, 0.255456, 0.000000, 0.000000, 0.000000, 1.000000, -0.999765, 0.016953, 0.013533, 0.005607, 0.015307, 0.109345, 0.993886, -0.121778, 0.015369, 0.993859, -0.109579, -0.026522, 0.000000, 0.000000, 0.000000, 1.000000
9.0123, 17.6200, -55.2282, 210.5513, 232.5513, -17.6200, 255.3017, 5.5584, -121.6672, -26.6725, 0.999133, 0.039211, 0.014023, 0.017620, -0.037480, 0.993486, -0.107610, -0.055228, -0.018151, 0.106992, 0.994094, 0.210551, 0.000000, 0.000000, 0.000000, 1.000000, -0.018151, 0.106992, 0.994094, 0.232551, -0.999133, -0.039211, -0.014023, -0.017620, 0.037480, -0.993486, 0.107610, 0.255302, 0.000000, 0.000000, 0.000000, 1.000000, -0.999703, 0.017182, 0.017290, 0.005558, 0.019071, 0.109588, 0.993794, -0.121667, 0.015181, 0.993829, -0.109883, -0.026672, 0.000000, 0.000000, 0.000000, 1.000000
9.1386, 17.5816, -55.0825, 210.1436, 232.1436, -17.5816, 255.1560, 5.5293, -121.7442, -26.7946, 0.999169, 0.039895, 0.008343, 0.017582, -0.038790, 0.993626, -0.105839, -0.055083, -0.012513, 0.105427, 0.994348, 0.210144, 0.000000, 0.000000, 0.000000, 1.000000, -0.012513, 0.105427, 0.994348, 0.232144, -0.999169, -0.039895, -0.008343, -0.017582, 0.038790, -0.993626, 0.105839, 0.255156, 0.000000, 0.000000, 0.000000, 1.000000, -0.999593, 0.016831, 0.023031, 0.005529, 0.024687, 0.105891, 0.994071, -0.121744, 0.014293, 0.994235, -0.106264, -0.026795, 0.000000, 0.000000, 0.000000, 1.000000
9.2955, 17.4684, -54.8455, 209.7282, 231.7282, -17.4684, 254.9189, 5.5649, -121.7518, -26.8950, 0.999082, 0.040125, 0.015019, 0.017468, -0.038161, 0.992769, -0.113818, -0.054845, -0.019478, 0.113140, 0.993388, 0.209728, 0.000000, 0.000000, 0.000000, 1.000000, -0.019478, 0.113140, 0.993388, 0.231728, -0.999082, -0.040125, -0.015019, -0.017468, 0.038161, -0.992769, 0.113818, 0.254919, 0.000000, 0.000000, 0.000000, 1.000000, -0.999724, 0.017317, 0.015871, 0.005565, 0.017697, 0.110929, 0.993671, -0.121752, 0.015446, 0.993677, -0.111205, -0.026895, 0.000000, 0.000000, 0.000000, 1.000000
9.4390, 17.4110, -54.7854, 209.4438, 231.4438, -17.4110, 254.8588, 5.5466, -121.6609, -27.1414, 0.999069, 0.040005, 0.016153, 0.017411, -0.037984, 0.993166, -0.110360, -0.054785, -0.020458, 0.109644, 0.993760, 0.209444, 0.000000, 0.000000, 0.000000, 1.000000, -0.020458, 0.109644, 0.993760, 0.231444, -0.999069, -0.040005, -0.016153, -0.017411, 0.037984, -0.993166, 0.110360, 0.254859, 0.000000, 0.000000, 0.000000, 1.000000, -0.999731, 0.017761, 0.014906, 0.005547, 0.016690, 0.104977, 0.994335, -0.121661, 0.016096, 0.994316, -0.105246, -0.027141, 0.000000, 0.000000, 0.000000, 1.000000
9.6209, 17.3437, -54.4841, 208.9175, 230.9175, -17.3437, 254.5575, 5.5239, -121.7123, -27.2308, 0.999074, 0.042042, 0.009149, 0.017344, -0.040650, 0.991998, -0.119526, -0.054484, -0.014101, 0.119044, 0.992789, 0.208918, 0.000000, 0.000000, 0.000000, 1.000000, -0.014101, 0.119044, 0.992789, 0.230918, -0.999074, -0.042042, -0.009149, -0.017344, 0.040650, -0.991998, 0.119526, 0.254558, 0.000000, 0.000000, 0.000000, 1.000000, -0.999635, 0.016565, 0.021319, 0.005524, 0.023033, 0.111346, 0.993515, -0.121712, 0.014084, 0.993644, -0.111687, -0.027231, 0.000000, 0.000000, 0.000000, 1.000000
9.7559, 17.1751, -54.2226, 208.2236, 230.2236, -17.1751, 254.2960, 5.6163, -122.0591, -27.2697, 0.999054, 0.042047, 0.011076, 0.017175, -0.040379, 0.991658, -0.122413, -0.054223, -0.016130, 0.121850, 0.992417, 0.208224, 0.000000, 0.000000, 0.000000, 1.000000, -0.016130, 0.121850, 0.992417, 0.230224, -0.999054, -0.042047, -0.011076, -0.017175, 0.040379, -0.991658, 0.122413, 0.254296, 0.000000, 0.000000, 0.000000, 1.000000, -0.999670, 0.017054, 0.019192, 0.005616, 0.020981, 0.111849, 0.993504, -0.122059, 0.014796, 0.993579, -0.112170, -0.027270, 0.000000, 0.000000, 0.000000, 1.000000
9.8947, 17.1321, -54.0452, 207.9290, 229.9290, -17.1321, 254.1187, 5.5919, -121.9912, -27.3918, 0.999056, 0.042543, 0.008742, 0.017132, -0.041069, 0.990857, -0.128511, -0.054045, -0.014129, 0.128031, 0.991670, 0.207929, 0.000000, 0.000000, 0.000000, 1.000000, -0.014129, 0.128031, 0.991670, 0.229929, -0.999056, -0.042543, -0.008742, -0.017132, 0.041069, -0.990857, 0.128511, 0.254119, 0.000000, 0.000000, 0.000000, 1.000000, -0.999630, 0.017165, 0.021121, 0.005592, 0.022968, 0.115683, 0.993021, -0.121991, 0.014602, 0.993138, -0.116035, -0.027392, 0.000000, 0.000000, 0.000000, 1.000000
10.0386, 17.0543, -53.9843, 207.7462, 229.7462, -17.0543, 254.0577, 5.5974, -121.7977, -27.6417, 0.998992, 0.042533, 0.014337, 0.017054, -0.040347, 0.990908, -0.128352, -0.053984, -0.019666, 0.127644, 0.991625, 0.207746, 0.000000, 0.000000, 0.000000, 1.000000, -0.019666, 0.127644, 0.991625, 0.229746, -0.998992, -0.042533, -0.014337, -0.017054, 0.040347, -0.990908, 0.128352, 0.254058, 0.000000, 0.000000, 0.000000, 1.000000, -0.999725, 0.017598, 0.015509, 0.005597, 0.017398, 0.112839, 0.993461, -0.121798, 0.015732, 0.993457, -0.113114, -0.027642, 0.000000, 0.000000, 0.000000, 1.000000
10.1687, 16.9863, -53.7199, 207.2538, 229.2538, -16.9863, 253.7933, 5.5996, -121.9531, -27.6639, 0.998924, 0.044312, 0.013683, 0.016986, -0.042015, 0.989607, -0.137521, -0.053720, -0.019635, 0.136798, 0.990404, 0.207254, 0.000000, 0.000000, 0.000000, 1.000000, -0.019635, 0.136798, 0.990404, 0.229254, -0.998924, -0.044312, -0.013683, -0.016986, 0.042015, -0.989607, 0.137521, 0.253793, 0.000000, 0.000000, 0.000000, 1.000000, -0.999743, 0.016484, 0.015569, 0.005600, 0.017435, 0.119852, 0.992639, -0.121953, 0.014497, 0.992655, -0.120108, -0.027664, 0.000000, 0.000000, 0.000000, 1.000000
10.2922, 16.9750, -53.5871, 206.9798, 228.9798, -16.9750, 253.6606, 5.5482, -121.9035, -27.7977, 0.998973, 0.045191, 0.003250, 0.016975, -0.044291, 0.989155, -0.140038, -0.053587, -0.009543, 0.139751, 0.990141, 0.206980, 0.000000, 0.000000, 0.000000, 1.000000, -0.009543, 0.139751, 0.990141, 0.228980, -0.998973, -0.045191, -0.003250, -0.016975, 0.044291, -0.989155, 0.140038, 0.253661, 0.000000, 0.000000, 0.000000, 1.000000, -0.999538, 0.016066, 0.025801, 0.005548, 0.027555, 0.120735, 0.992302, -0.121903, 0.012828, 0.992555, -0.121122, -0.027798, 0.000000, 0.000000, 0.000000, 1.000000
10.4511, 16.7937, -53.3146, 206.1434, 228.1434, -16.7937, 253.3880, 5.6377, -122.3317, -27.8900, 0.998898, 0.044516, 0.014866, 0.016794, -0.042161, 0.990295, -0.132431, -0.053315, -0.020617, 0.131658, 0.991081, 0.206143, 0.000000, 0.000000, 0.000000, 1.000000, -0.020617, 0.131658, 0.991081, 0.228143, -0.998898, -0.044516, -0.014866, -0.016794, 0.042161, -0.990295, 0.132431, 0.253388, 0.000000, 0.000000, 0.000000, 1.000000, -0.999749, 0.016985, 0.014630, 0.005638, 0.016410, 0.109890, 0.993808, -0.122332, 0.015272, 0.993799, -0.110141, -0.027890, 0.000000, 0.000000, 0.000000, 1.000000
10.5812, 16.7887, -53.1664, 205.9583, 227.9583, -16.7887, 253.2398, 5.5821, -122.1761, -28.0221, 0.998976, 0.045154, 0.002837, 0.016789, -0.044321, 0.989288, -0.139087, -0.053166, -0.009087, 0.138819, 0.990276, 0.205958, 0.000000, 0.000000, 0.000000, 1.000000, -0.009087, 0.138819, 0.990276, 0.227958, -0.998976, -0.045154, -0.002837, -0.016789, 0.044321, -0.989288, 0.139087, 0.253240, 0.000000, 0.000000, 0.000000, 1.000000, -0.999513, 0.016951, 0.026188, 0.005582, 0.027965, 0.114870, 0.992987, -0.122176, 0.013824, 0.993236, -0.115288, -0.028022, 0.000000, 0.000000, 0.000000, 1.000000
10.6987, 16.7663, -53.0257, 205.6783, 227.6783, -16.7663, 253.0992, 5.5458, -122.1489, -28.1387, 0.998936, 0.045998, 0.003352, 0.016766, -0.045043, 0.988632, -0.143452, -0.053026, -0.009913, 0.143148, 0.989652, 0.205678, 0.000000, 0.000000, 0.000000, 1.000000, -0.009913, 0.143148, 0.989652, 0.227678, -0.998936, -0.045998, -0.003352, -0.016766, 0.045043, -0.988632, 0.143452, 0.253099, 0.000000, 0.000000, 0.000000, 1.000000, -0.999541, 0.016588, 0.025368, 0.005546, 0.027141, 0.117236, 0.992733, -0.122149, 0.013493, 0.992966, -0.117633, -0.028139, 0.000000, 0.000000, 0.000000, 1.000000
10.8398, 16.5960, -52.8180, 204.9001, 226.9001, -16.5960, 252.8915, 5.6310, -122.5644, -28.2614, 0.998869, 0.044781, 0.015976, 0.016596, -0.042363, 0.990794, -0.128580, -0.052818, -0.021587, 0.127757, 0.991571, 0.204900, 0.000000, 0.000000, 0.000000, 1.000000, -0.021587, 0.127757, 0.991571, 0.226900, -0.998869, -0.044781, -0.015976, -0.016596, 0.042363, -0.990794, 0.128580, 0.252891, 0.000000, 0.000000, 0.000000, 1.000000, -0.999748, 0.017778, 0.013676, 0.005631, 0.015377, 0.099345, 0.994934, -0.122564, 0.016329, 0.994894, -0.099594, -0.028261, 0.000000, 0.000000, 0.000000, 1.000000
10.9707, 16.5768, -52.6126, 204.5784, 226.5784, -16.5768, 252.6861, 5.5863, -122.5453, -28.3450, 0.998887, 0.045736, 0.011507, 0.016577, -0.043727, 0.989561, -0.137322, -0.052613, -0.017668, 0.136666, 0.990460, 0.204578, 0.000000, 0.000000, 0.000000, 1.000000, -0.017668, 0.136666, 0.990460, 0.226578, -0.998887, -0.045736, -0.011507, -0.016577, 0.043727, -0.989561, 0.137322, 0.252686, 0.000000, 0.000000, 0.000000, 1.000000, -0.999693, 0.017484, 0.017561, 0.005586, 0.019319, 0.106077, 0.994170, -0.122545, 0.015519, 0.994204, -0.106383, -0.028345, 0.000000, 0.000000, 0.000000, 1.000000
11.0865, 16.4893, -52.5234, 204.3493, 226.3493, -16.4893, 252.5969, 5.6157, -122.4728, -28.5142, 0.998836, 0.045626, 0.015672, 0.016489, -0.043107, 0.989946, -0.134717, -0.052523, -0.021661, 0.133884, 0.990760, 0.204349, 0.000000, 0.000000, 0.000000, 1.000000, -0.021661, 0.133884, 0.990760, 0.226349, -0.998836, -0.045626, -0.015672, -0.016489, 0.043107, -0.989946, 0.134717, 0.252597, 0.000000, 0.000000, 0.000000, 1.000000, -0.999749, 0.017861, 0.013537, 0.005616, 0.015279, 0.101303, 0.994738, -0.122473, 0.016396, 0.994695, -0.101550, -0.028514, 0.000000, 0.000000, 0.000000, 1.000000
11.2186, 16.4720, -52.3998, 204.0676, 226.0676, -16.4720, 252.4733, 5.5653, -122.4080, -28.6815, 0.998845, 0.046630, 0.011623, 0.016472, -0.044586, 0.989438, -0.137930, -0.052400, -0.017931, 0.137252, 0.990374, 0.204068, 0.000000, 0.000000, 0.000000, 1.000000, -0.017931, 0.137252, 0.990374, 0.226068, -0.998845, -0.046630, -0.011623, -0.016472, 0.044586, -0.989438, 0.137930, 0.252473, 0.000000, 0.000000, 0.000000, 1.000000, -0.999699, 0.017356, 0.017352, 0.005565, 0.019041, 0.102463, 0.994555, -0.122408, 0.015484, 0.994585, -0.102762, -0.028681, 0.000000, 0.000000, 0.000000, 1.000000
11.3744, 16.4449, -52.0881, 203.6611, 225.6611, -16.4449, 252.1615, 5.5217, -122.4123, -28.7171, 0.998866, 0.047601, 0.000351, 0.016445, -0.046985, 0.987078, -0.153199, -0.052088, -0.007639, 0.153009, 0.988195, 0.203661, 0.000000, 0.000000, 0.000000, 1.000000, -0.007639, 0.153009, 0.988195, 0.225661, -0.998866, -0.047601, -0.000351, -0.016445, 0.046985, -0.987078, 0.153199, 0.252162, 0.000000, 0.000000, 0.000000, 1.000000, -0.999470, 0.017308, 0.027559, 0.005522, 0.029379, 0.115661, 0.992854, -0.122412, 0.013997, 0.993138, -0.116108, -0.028717, 0.000000, 0.000000, 0.000000, 1.000000
11.5014, 16.3788, -51.9938, 203.3910, 225.3910, -16.3788, 252.0673, 5.5221, -122.3501, -28.9067, 0.998862, 0.047567, 0.003548, 0.016379, -0.046451, 0.986934, -0.154282, -0.051994, -0.010840, 0.153941, 0.988021, 0.203391, 0.000000, 0.000000, 0.000000, 1.000000, -0.010840, 0.153941, 0.988021, 0.225391, -0.998862, -0.047567, -0.003548, -0.016379, 0.046451, -0.986934, 0.154282, 0.252067, 0.000000, 0.000000, 0.000000, 1.000000, -0.999548, 0.017752, 0.024266, 0.005522, 0.026142, 0.114428, 0.993088, -0.122350, 0.014853, 0.993273, -0.114840, -0.028907, 0.000000, 0.000000, 0.000000, 1.000000
11.6224, 16.2280, -51.8088, 202.9781, 224.9781, -16.2280, 251.8823, 5.6103, -122.4538, -29.0050, 0.998762, 0.047626, 0.014360, 0.016228, -0.044879, 0.987237, -0.152802, -0.051809, -0.021454, 0.151969, 0.988152, 0.202978, 0.000000, 0.000000, 0.000000, 1.000000, -0.021454, 0.151969, 0.988152, 0.224978, -0.998762, -0.047626, -0.014360, -0.016228, 0.044879, -0.987237, 0.152802, 0.251882, 0.000000, 0.000000, 0.000000, 1.000000, -0.999746, 0.018000, 0.013549, 0.005610, 0.015456, 0.110379, 0.993769, -0.122454, 0.016392, 0.993727, -0.110629, -0.029005, 0.000000, 0.000000, 0.000000, 1.000000
11.7584, 16.1966, -51.6122, 202.5134, 224.5134, -16.1966, 251.6856, 5.5706, -122.5649, -29.1193, 0.998829, 0.048321, 0.002500, 0.016197, -0.047355, 0.986866, -0.154446, -0.051612, -0.009930, 0.154146, 0.987998, 0.202513, 0.000000, 0.000000, 0.000000, 1.000000, -0.009930, 0.154146, 0.987998, 0.224513, -0.998829, -0.048321, -0.002500, -0.016197, 0.047355, -0.986866, 0.154446, 0.251686, 0.000000, 0.000000, 0.000000, 1.000000, -0.999523, 0.017777, 0.025241, 0.005571, 0.027051, 0.110271, 0.993533, -0.122565, 0.014879, 0.993743, -0.110699, -0.029119, 0.000000, 0.000000, 0.000000, 1.000000
11.9219, 16.1747, -51.3772, 202.1111, 224.1111, -16.1747, 251.4506, 5.5129, -122.5423, -29.2516, 0.998737, 0.050088, -0.003938, 0.016175, -0.050045, 0.984808, -0.166278, -0.051377, -0.004451, 0.166266, 0.986071, 0.202111, 0.000000, 0.000000, 0.000000, 1.000000, -0.004451, 0.166266, 0.986071, 0.224111, -0.998737, -0.050088, 0.003938, -0.016175, 0.050045, -0.984808, 0.166278, 0.251451, 0.000000, 0.000000, 0.000000, 1.000000, -0.999383, 0.016838, 0.030823, 0.005513, 0.032621, 0.119737, 0.992270, -0.122542, 0.013017, 0.992663, -0.120212, -0.029252, 0.000000, 0.000000, 0.000000, 1.000000
12.0768, 16.0673, -51.1105, 201.6702, 223.6702, -16.0673, 251.1840, 5.5450, -122.5857, -29.3426, 0.998744, 0.050095, 0.001013, 0.016067, -0.049135, 0.983166, -0.175982, -0.051111, -0.009812, 0.175711, 0.984393, 0.201670, 0.000000, 0.000000, 0.000000, 1.000000, -0.009812, 0.175711, 0.984393, 0.223670, -0.998744, -0.050095, -0.001013, -0.016067, 0.049135, -0.983166, 0.175982, 0.251184, 0.000000, 0.000000, 0.000000, 1.000000, -0.999529, 0.017553, 0.025180, 0.005545, 0.027203, 0.126605, 0.991580, -0.122586, 0.014217, 0.991798, -0.127023, -0.029343, 0.000000, 0.000000, 0.000000, 1.000000
12.2115, 15.9579, -50.9808, 201.3023, 223.3023, -15.9579, 251.0542, 5.5834, -122.6034, -29.5249, 0.998715, 0.050419, 0.005168, 0.015958, -0.048786, 0.983955, -0.171619, -0.050981, -0.013738, 0.171147, 0.985150, 0.201302, 0.000000, 0.000000, 0.000000, 1.000000, -0.013738, 0.171147, 0.985150, 0.223302, -0.998715, -0.050419, -0.005168, -0.015958, 0.048786, -0.983955, 0.171619, 0.251054, 0.000000, 0.000000, 0.000000, 1.000000, -0.999620, 0.017513, 0.021298, 0.005583, 0.023244, 0.119722, 0.992535, -0.122603, 0.014833, 0.992653, -0.120084, -0.029525, 0.000000, 0.000000, 0.000000, 1.000000
12.3526, 15.8717, -50.6637, 200.8432, 222.8432, -15.8717, 250.7371, 5.6028, -122.7047, -29.5384, 0.998680, 0.051065, 0.005612, 0.015872, -0.049210, 0.982283, -0.180829, -0.050664, -0.014747, 0.180314, 0.983499, 0.200843, 0.000000, 0.000000, 0.000000, 1.000000, -0.014747, 0.180314, 0.983499, 0.222843, -0.998680, -0.051065, -0.005612, -0.015872, 0.049210, -0.982283, 0.180829, 0.250737, 0.000000, 0.000000, 0.000000, 1.000000, -0.999642, 0.017537, 0.020184, 0.005603, 0.022245, 0.126578, 0.991707, -0.122705, 0.014837, 0.991802, -0.126923, -0.029538, 0.000000, 0.000000, 0.000000, 1.000000
12.5016, 15.7865, -50.5697, 200.5541, 222.5541, -15.7865, 250.6431, 5.6106, -122.6027, -29.7828, 0.998612, 0.051365, 0.011645, 0.015786, -0.048578, 0.983691, -0.173180, -0.050570, -0.020351, 0.172374, 0.984821, 0.200554, 0.000000, 0.000000, 0.000000, 1.000000, -0.020351, 0.172374, 0.984821, 0.222554, -0.998612, -0.051365, -0.011645, -0.015786, 0.048578, -0.983691, 0.173180, 0.250643, 0.000000, 0.000000, 0.000000, 1.000000, -0.999740, 0.017477, 0.014659, 0.005611, 0.016590, 0.116044, 0.993106, -0.122603, 0.015655, 0.993090, -0.116303, -0.029783, 0.000000, 0.000000, 0.000000, 1.000000
12.6352, 15.8010, -50.3323, 200.1828, 222.1828, -15.8010, 250.4058, 5.5325, -122.6289, -29.8505, 0.998639, 0.052132, -0.001281, 0.015801, -0.051489, 0.981829, -0.182651, -0.050332, -0.008265, 0.182469, 0.983177, 0.200183, 0.000000, 0.000000, 0.000000, 1.000000, -0.008265, 0.182469, 0.983177, 0.222183, -0.998639, -0.052132, 0.001281, -0.015801, 0.051489, -0.981829, 0.182651, 0.250406, 0.000000, 0.000000, 0.000000, 1.000000, -0.999488, 0.017378, 0.026850, 0.005532, 0.028801, 0.123973, 0.991868, -0.122629, 0.013908, 0.992133, -0.124410, -0.029850, 0.000000, 0.000000, 0.000000, 1.000000
12.7608, 15.6072, -50.1435, 199.6853, 221.6853, -15.6072, 250.2169, 5.6590, -122.8064, -29.9721, 0.998555, 0.051313, 0.015959, 0.015607, -0.047615, 0.982539, -0.179858, -0.050143, -0.024909, 0.178839, 0.983563, 0.199685, 0.000000, 0.000000, 0.000000, 1.000000, -0.024909, 0.178839, 0.983563, 0.221685, -0.998555, -0.051313, -0.015959, -0.015607, 0.047615, -0.982539, 0.179858, 0.250217, 0.000000, 0.000000, 0.000000, 1.000000, -0.999781, 0.018482, 0.009809, 0.005659, 0.011926, 0.118136, 0.992926, -0.122806, 0.017192, 0.992825, -0.118330, -0.029972, 0.000000, 0.000000, 0.000000, 1.000000
12.8938, 15.6104, -49.9479, 199.1446, 221.1446, -15.6104, 250.0213, 5.5835, -123.0015, -30.0936, 0.998619, 0.052519, 0.001336, 0.015610, -0.051481, 0.983326, -0.174414, -0.049948, -0.010474, 0.174104, 0.984672, 0.199145, 0.000000, 0.000000, 0.000000, 1.000000, -0.010474, 0.174104, 0.984672, 0.221145, -0.998619, -0.052519, -0.001336, -0.015610, 0.051481, -0.983326, 0.174414, 0.250021, 0.000000, 0.000000, 0.000000, 1.000000, -0.999540, 0.017552, 0.024749, 0.005584, 0.026550, 0.111134, 0.993451, -0.123002, 0.014687, 0.993650, -0.111549, -0.030094, 0.000000, 0.000000, 0.000000, 1.000000
13.0491, 15.6406, -49.8031, 198.9849, 220.9849, -15.6406, 249.8766, 5.4813, -122.7521, -30.2884, 0.998526, 0.053341, -0.010068, 0.015641, -0.054283, 0.981316, -0.184584, -0.049803, 0.000034, 0.184859, 0.982765, 0.198985, 0.000000, 0.000000, 0.000000, 1.000000, 0.000034, 0.184859, 0.982765, 0.220985, -0.998526, -0.053341, 0.010068, -0.015641, 0.054283, -0.981316, 0.184584, 0.249877, 0.000000, 0.000000, 0.000000, 1.000000, -0.999222, 0.017479, 0.035351, 0.005481, 0.037189, 0.119368, 0.992153, -0.122752, 0.013122, 0.992696, -0.119926, -0.030288, 0.000000, 0.000000, 0.000000, 1.000000
13.1878, 15.5697, -49.4513, 198.1203, 220.1203, -15.5697, 249.5247, 5.4748, -123.2683, -30.2962, 0.998278, 0.054100, -0.022681, 0.015570, -0.057342, 0.981488, -0.182735, -0.049451, 0.012375, 0.183721, 0.982900, 0.198120, 0.000000, 0.000000, 0.000000, 1.000000, 0.012375, 0.183721, 0.982900, 0.220120, -0.998278, -0.054100, 0.022681, -0.015570, 0.057342, -0.981488, 0.182735, 0.249525, 0.000000, 0.000000, 0.000000, 1.000000, -0.998700, 0.017109, 0.048017, 0.005475, 0.049681, 0.115881, 0.992020, -0.123268, 0.011408, 0.993116, -0.116581, -0.030296, 0.000000, 0.000000, 0.000000, 1.000000
13.3192, 15.4218, -49.4063, 198.0648, 220.0648, -15.4218, 249.4798, 5.5583, -122.9784, -30.5456, 0.998607, 0.052748, 0.001611, 0.015422, -0.051591, 0.982206, -0.180581, -0.049406, -0.011107, 0.180246, 0.983559, 0.198065, 0.000000, 0.000000, 0.000000, 1.000000, -0.011107, 0.180246, 0.983559, 0.220065, -0.998607, -0.052748, -0.001611, -0.015422, 0.051591, -0.982206, 0.180581, 0.249480, 0.000000, 0.000000, 0.000000, 1.000000, -0.999537, 0.018770, 0.023936, 0.005558, 0.025861, 0.110077, 0.993587, -0.122978, 0.016015, 0.993746, -0.110511, -0.030546, 0.000000, 0.000000, 0.000000, 1.000000
13.4857, 15.2940, -49.1353, 197.7148, 219.7148, -15.2940, 249.2088, 5.6096, -122.9032, -30.6656, 0.998487, 0.054622, 0.006307, 0.015294, -0.052402, 0.980041, -0.191764, -0.049135, -0.016656, 0.191143, 0.981421, 0.197715, 0.000000, 0.000000, 0.000000, 1.000000, -0.016656, 0.191143, 0.981421, 0.219715, -0.998487, -0.054622, -0.006307, -0.015294, 0.052402, -0.980041, 0.191764, 0.249209, 0.000000, 0.000000, 0.000000, 1.000000, -0.999675, 0.017679, 0.018385, 0.005610, 0.020350, 0.118318, 0.992767, -0.122903, 0.015376, 0.992818, -0.118639, -0.030666, 0.000000, 0.000000, 0.000000, 1.000000
13.6597, 15.2668, -48.7907, 197.0816, 219.0816, -15.2668, 248.8641, 5.5498, -123.0927, -30.7426, 0.998444, 0.055517, -0.005295, 0.015267, -0.055447, 0.978012, -0.201042, -0.048791, -0.005982, 0.201023, 0.979568, 0.197082, 0.000000, 0.000000, 0.000000, 1.000000, -0.005982, 0.201023, 0.979568, 0.219082, -0.998444, -0.055517, 0.005295, -0.015267, 0.055447, -0.978012, 0.201042, 0.248864, 0.000000, 0.000000, 0.000000, 1.000000, -0.999419, 0.017555, 0.029225, 0.005550, 0.031199, 0.125380, 0.991618, -0.123093, 0.013744, 0.991954, -0.125854, -0.030743, 0.000000, 0.000000, 0.000000, 1.000000
13.7848, 15.1851, -48.6403, 196.6330, 218.6330, -15.1851, 248.7138, 5.5642, -123.2171, -30.9001, 0.998428, 0.055372, -0.008720, 0.015185, -0.056010, 0.979364, -0.194190, -0.048640, -0.002212, 0.194374, 0.980925, 0.196633, 0.000000, 0.000000, 0.000000, 1.000000, -0.002212, 0.194374, 0.980925, 0.218633, -0.998428, -0.055372, 0.008720, -0.015185, 0.056010, -0.979364, 0.194190, 0.248714, 0.000000, 0.000000, 0.000000, 1.000000, -0.999291, 0.017913, 0.033108, 0.005564, 0.034974, 0.116510, 0.992574, -0.123217, 0.013923, 0.993028, -0.117054, -0.030900, 0.000000, 0.000000, 0.000000, 1.000000
13.9197, 15.1439, -48.4536, 196.3649, 218.3649, -15.1439, 248.5271, 5.5409, -123.1367, -31.0265, 0.998375, 0.055980, -0.010615, 0.015144, -0.056972, 0.978232, -0.199541, -0.048454, -0.000786, 0.199822, 0.979832, 0.196365, 0.000000, 0.000000, 0.000000, 1.000000, -0.000786, 0.199822, 0.979832, 0.218365, -0.998375, -0.055980, 0.010615, -0.015144, 0.056972, -0.978232, 0.199541, 0.248527, 0.000000, 0.000000, 0.000000, 1.000000, -0.999243, 0.017847, 0.034567, 0.005541, 0.036460, 0.119747, 0.992135, -0.123137, 0.013567, 0.992644, -0.120307, -0.031027, 0.000000, 0.000000, 0.000000, 1.000000
14.0858, 15.1728, -48.1133, 195.7678, 217.7678, -15.1728, 248.1868, 5.4323, -123.3104, -31.0896, 0.998050, 0.057014, -0.025414, 0.015173, -0.061107, 0.975505, -0.211320, -0.048113, 0.012743, 0.212461, 0.977086, 0.195768, 0.000000, 0.000000, 0.000000, 1.000000, 0.012743, 0.212461, 0.977086, 0.217768, -0.998050, -0.057014, 0.025414, -0.015173, 0.061107, -0.975505, 0.211320, 0.248187, 0.000000, 0.000000, 0.000000, 1.000000, -0.998674, 0.017615, 0.048363, 0.005432, 0.050245, 0.129765, 0.990271, -0.123310, 0.011168, 0.991388, -0.130478, -0.031090, 0.000000, 0.000000, 0.000000, 1.000000
14.2328, 15.0537, -48.0338, 195.5308, 217.5308, -15.0537, 248.1072, 5.4755, -123.1597, -31.3529, 0.998284, 0.056665, -0.014753, 0.015054, -0.058489, 0.976897, -0.205553, -0.048034, 0.002765, 0.206064, 0.978535, 0.195531, 0.000000, 0.000000, 0.000000, 1.000000, 0.002765, 0.206064, 0.978535, 0.217531, -0.998284, -0.056665, 0.014753, -0.015054, 0.058489, -0.976897, 0.205553, 0.248107, 0.000000, 0.000000, 0.000000, 1.000000, -0.999106, 0.018257, 0.038142, 0.005476, 0.040072, 0.120757, 0.991873, -0.123160, 0.013502, 0.992514, -0.121380, -0.031353, 0.000000, 0.000000, 0.000000, 1.000000
14.3635, 14.9402, -47.6809, 194.9374, 216.9374, -14.9402, 247.7544, 5.5262, -123.4319, -31.3412, 0.998289, 0.055915, -0.017094, 0.014940, -0.058269, 0.975603, -0.211670, -0.047681, 0.004841, 0.212304, 0.977192, 0.194937, 0.000000, 0.000000, 0.000000, 1.000000, 0.004841, 0.212304, 0.977192, 0.216937, -0.998289, -0.055915, 0.017094, -0.014940, 0.058269, -0.975603, 0.211670, 0.247754, 0.000000, 0.000000, 0.000000, 1.000000, -0.999010, 0.019550, 0.039967, 0.005526, 0.042101, 0.124830, 0.991284, -0.123432, 0.014390, 0.991985, -0.125530, -0.031341, 0.000000, 0.000000, 0.000000, 1.000000
14.4969, 14.7877, -47.6204, 194.7992, 216.7992, -14.7877, 247.6938, 5.6100, -123.2188, -31.5893, 0.998403, 0.056477, 0.001513, 0.014788, -0.055006, 0.977820, -0.202097, -0.047620, -0.012893, 0.201691, 0.979364, 0.194799, 0.000000, 0.000000, 0.000000, 1.000000, -0.012893, 0.201691, 0.979364, 0.216799, -0.998403, -0.056477, -0.001513, -0.014788, 0.055006, -0.977820, 0.202097, 0.247694, 0.000000, 0.000000, 0.000000, 1.000000, -0.999572, 0.019139, 0.022142, 0.005610, 0.024147, 0.111806, 0.993437, -0.123219, 0.016538, 0.993546, -0.112220, -0.031589, 0.000000, 0.000000, 0.000000, 1.000000
14.6388, 14.7782, -47.3743, 194.5635, 216.5635, -14.7782, 247.4478, 5.5598, -123.0919, -31.6701, 0.998319, 0.057886, -0.002851, 0.014778, -0.057126, 0.974530, -0.216861, -0.047374, -0.009774, 0.216660, 0.976198, 0.194564, 0.000000, 0.000000, 0.000000, 1.000000, -0.009774, 0.216660, 0.976198, 0.216564, -0.998319, -0.057886, 0.002851, -0.014778, 0.057126, -0.974530, 0.216861, 0.247448, 0.000000, 0.000000, 0.000000, 1.000000, -0.999509, 0.018509, 0.025293, 0.005560, 0.027406, 0.124633, 0.991824, -0.123092, 0.015205, 0.992030, -0.125079, -0.031670, 0.000000, 0.000000, 0.000000, 1.000000
14.8212, 14.6957, -47.1416, 193.9153, 215.9153, -14.6957, 247.2151, 5.5440, -123.2671, -31.8954, 0.998257, 0.058658, -0.006424, 0.014696, -0.058721, 0.976756, -0.206156, -0.047142, -0.005818, 0.206174, 0.978498, 0.193915, 0.000000, 0.000000, 0.000000, 1.000000, -0.005818, 0.206174, 0.978498, 0.215915, -0.998257, -0.058658, 0.006424, -0.014696, 0.058721, -0.976756, 0.206156, 0.247215, 0.000000, 0.000000, 0.000000, 1.000000, -0.999398, 0.018042, 0.029643, 0.005544, 0.031465, 0.110898, 0.993334, -0.123267, 0.014635, 0.993668, -0.111399, -0.031895, 0.000000, 0.000000, 0.000000, 1.000000
14.9698, 14.7049, -46.7640, 193.1683, 215.1683, -14.7049, 246.8375, 5.4588, -123.6440, -31.9101, 0.997894, 0.058430, -0.028172, 0.014705, -0.063174, 0.973976, -0.217670, -0.046764, 0.014720, 0.218992, 0.975616, 0.193168, 0.000000, 0.000000, 0.000000, 1.000000, 0.014720, 0.218992, 0.975616, 0.215168, -0.997894, -0.058430, 0.028172, -0.014705, 0.063174, -0.973976, 0.217670, 0.246837, 0.000000, 0.000000, 0.000000, 1.000000, -0.998550, 0.019018, 0.050368, 0.005459, 0.052310, 0.121380, 0.991227, -0.123644, 0.012737, 0.992424, -0.122198, -0.031910, 0.000000, 0.000000, 0.000000, 1.000000
15.1271, 14.5590, -46.7083, 193.0150, 215.0150, -14.5590, 246.7818, 5.5259, -123.3791, -32.2176, 0.998194, 0.059414, -0.008841, 0.014559, -0.059947, 0.976016, -0.209284, -0.046708, -0.003805, 0.209436, 0.977815, 0.193015, 0.000000, 0.000000, 0.000000, 1.000000, -0.003805, 0.209436, 0.977815, 0.215015, -0.998194, -0.059414, 0.008841, -0.014559, 0.059947, -0.976016, 0.209284, 0.246782, 0.000000, 0.000000, 0.000000, 1.000000, -0.999329, 0.018286, 0.031732, 0.005526, 0.033540, 0.109015, 0.993474, -0.123379, 0.014708, 0.993872, -0.109556, -0.032218, 0.000000, 0.000000, 0.000000, 1.000000
15.2622, 14.5187, -46.4058, 192.5449, 214.5449, -14.5187, 246.4792, 5.5031, -123.5116, -32.2574, 0.998098, 0.060158, -0.013445, 0.014519, -0.061641, 0.975370, -0.211786, -0.046406, 0.000373, 0.212212, 0.977224, 0.192545, 0.000000, 0.000000, 0.000000, 1.000000, 0.000373, 0.212212, 0.977224, 0.214545, -0.998098, -0.060158, 0.013445, -0.014519, 0.061641, -0.975370, 0.211786, 0.246479, 0.000000, 0.000000, 0.000000, 1.000000, -0.999186, 0.018014, 0.036086, 0.005503, 0.037847, 0.109557, 0.993260, -0.123512, 0.013939, 0.993817, -0.110150, -0.032257, 0.000000, 0.000000, 0.000000, 1.000000
15.4323, 14.4045, -46.3185, 192.3673, 214.3673, -14.4045, 246.3919, 5.5317, -123.2379, -32.5616, 0.998231, 0.059326, 0.003825, 0.014405, -0.057144, 0.975272, -0.213494, -0.046318, -0.016397, 0.212897, 0.976937, 0.192367, 0.000000, 0.000000, 0.000000, 1.000000, -0.016397, 0.212897, 0.976937, 0.214367, -0.998231, -0.059326, -0.003825, -0.014405, 0.057144, -0.975272, 0.213494, 0.246392, 0.000000, 0.000000, 0.000000, 1.000000, -0.999637, 0.019378, 0.018707, 0.005532, 0.020682, 0.107317, 0.994010, -0.123238, 0.017254, 0.994036, -0.107679, -0.032562, 0.000000, 0.000000, 0.000000, 1.000000
15.5678, 14.3051, -45.9740, 191.6540, 213.6540, -14.3051, 246.0475, 5.5621, -123.6177, -32.5941, 0.998186, 0.060005, -0.004925, 0.014305, -0.059665, 0.974941, -0.214312, -0.045974, -0.008058, 0.214217, 0.976753, 0.191654, 0.000000, 0.000000, 0.000000, 1.000000, -0.008058, 0.214217, 0.976753, 0.213654, -0.998186, -0.060005, 0.004925, -0.014305, 0.059665, -0.974941, 0.214312, 0.246047, 0.000000, 0.000000, 0.000000, 1.000000, -0.999443, 0.019137, 0.027323, 0.005562, 0.029208, 0.106369, 0.993898, -0.123618, 0.016114, 0.994143, -0.106868, -0.032594, 0.000000, 0.000000, 0.000000, 1.000000
15.7265, 14.3449, -45.7328, 191.1926, 213.1926, -14.3449, 245.8062, 5.4438, -123.6690, -32.7424, 0.997845, 0.060860, -0.024514, 0.014345, -0.064787, 0.972992, -0.221559, -0.045733, 0.010368, 0.222670, 0.974839, 0.191193, 0.000000, 0.000000, 0.000000, 1.000000, 0.010368, 0.222670, 0.974839, 0.213193, -0.997845, -0.060860, 0.024514, -0.014345, 0.064787, -0.972992, 0.221559, 0.245806, 0.000000, 0.000000, 0.000000, 1.000000, -0.998752, 0.018952, 0.046207, 0.005444, 0.048049, 0.112299, 0.992512, -0.123669, 0.013621, 0.993494, -0.113069, -0.032742, 0.000000, 0.000000, 0.000000, 1.000000
15.8689, 14.2625, -45.3691, 190.7281, 212.7281, -14.2625, 245.4425, 5.4643, -123.7858, -32.7458, 0.997769, 0.062508, -0.023467, 0.014263, -0.066250, 0.970561, -0.231563, -0.045369, 0.008301, 0.232601, 0.972537, 0.190728, 0.000000, 0.000000, 0.000000, 1.000000, 0.008301, 0.232601, 0.972537, 0.212728, -0.997769, -0.062508, 0.023467, -0.014263, 0.066250, -0.970561, 0.231563, 0.245443, 0.000000, 0.000000, 0.000000, 1.000000, -0.998857, 0.017948, 0.044304, 0.005464, 0.046144, 0.120059, 0.991694, -0.123786, 0.012480, 0.992604, -0.120750, -0.032746, 0.000000, 0.000000, 0.000000, 1.000000
16.0218, 14.1319, -45.2718, 190.5046, 212.5046, -14.1319, 245.3452, 5.5164, -123.6053, -33.0129, 0.998017, 0.061142, -0.014980, 0.014132, -0.062945, 0.972358, -0.224850, -0.045272, 0.000818, 0.225347, 0.974278, 0.190505, 0.000000, 0.000000, 0.000000, 1.000000, 0.000818, 0.225347, 0.974278, 0.212505, -0.998017, -0.061142, 0.014980, -0.014132, 0.062945, -0.972358, 0.224850, 0.245345, 0.000000, 0.000000, 0.000000, 1.000000, -0.999145, 0.019622, 0.036377, 0.005516, 0.038320, 0.109995, 0.993193, -0.123605, 0.015487, 0.993738, -0.110653, -0.033013, 0.000000, 0.000000, 0.000000, 1.000000
16.1892, 14.1163, -44.9717, 189.8389, 211.8389, -14.1163, 245.0451, 5.4455, -123.8444, -33.1541, 0.997672, 0.061951, -0.028502, 0.014116, -0.066768, 0.972414, -0.223502, -0.044972, 0.013869, 0.224885, 0.974287, 0.189839, 0.000000, 0.000000, 0.000000, 1.000000, 0.013869, 0.224885, 0.974287, 0.211839, -0.997672, -0.061951, 0.028502, -0.014116, 0.066768, -0.972414, 0.223502, 0.245045, 0.000000, 0.000000, 0.000000, 1.000000, -0.998567, 0.019308, 0.049912, 0.005445, 0.051694, 0.106694, 0.992947, -0.123844, 0.013846, 0.994104, -0.107539, -0.033154, 0.000000, 0.000000, 0.000000, 1.000000
16.3226, 14.1266, -44.7603, 189.4916, 211.4916, -14.1266, 244.8337, 5.3723, -123.8494, -33.2719, 0.997408, 0.062144, -0.036270, 0.014127, -0.068699, 0.972352, -0.223185, -0.044760, 0.021398, 0.225098, 0.974101, 0.189492, 0.000000, 0.000000, 0.000000, 1.000000, 0.021398, 0.225098, 0.974101, 0.211492, -0.997408, -0.062144, 0.036270, -0.014127, 0.068699, -0.972352, 0.223185, 0.244834, 0.000000, 0.000000, 0.000000, 1.000000, -0.998147, 0.019521, 0.057631, 0.005372, 0.059365, 0.104639, 0.992737, -0.123849, 0.013349, 0.994319, -0.105604, -0.033272, 0.000000, 0.000000, 0.000000, 1.000000
16.4516, 13.8869, -44.4962, 189.1348, 211.1348, -13.8869, 244.5696, 5.5522, -123.8900, -33.3500, 0.997988, 0.061725, -0.014467, 0.013887, -0.063398, 0.971754, -0.227322, -0.044496, 0.000027, 0.227782, 0.973712, 0.189135, 0.000000, 0.000000, 0.000000, 1.000000, 0.000027, 0.227782, 0.973712, 0.211135, -0.997988, -0.061725, 0.014467, -0.013887, 0.063398, -0.971754, 0.227322, 0.244570, 0.000000, 0.000000, 0.000000, 1.000000, -0.999160, 0.020390, 0.035560, 0.005552, 0.037513, 0.105158, 0.993748, -0.123890, 0.016523, 0.994246, -0.105835, -0.033350, 0.000000, 0.000000, 0.000000, 1.000000
16.5867, 13.8732, -44.3044, 188.8500, 210.8500, -13.8732, 244.3778, 5.5031, -123.8268, -33.4868, 0.997728, 0.062479, -0.025186, 0.013873, -0.066669, 0.969395, -0.236280, -0.044304, 0.009652, 0.237423, 0.971358, 0.188850, 0.000000, 0.000000, 0.000000, 1.000000, 0.009652, 0.237423, 0.971358, 0.210850, -0.997728, -0.062479, 0.025186, -0.013873, 0.066669, -0.969395, 0.236280, 0.244378, 0.000000, 0.000000, 0.000000, 1.000000, -0.998762, 0.020248, 0.045432, 0.005503, 0.047433, 0.112731, 0.992493, -0.123827, 0.014975, 0.993419, -0.113552, -0.033487, 0.000000, 0.000000, 0.000000, 1.000000
16.7583, 13.8294, -43.9935, 188.1355, 210.1355, -13.8294, 244.0670, 5.4571, -124.1057, -33.6423, 0.997460, 0.063368, -0.032535, 0.013829, -0.069155, 0.970960, -0.229029, -0.043994, 0.017077, 0.230697, 0.972876, 0.188135, 0.000000, 0.000000, 0.000000, 1.000000, 0.017077, 0.230697, 0.972876, 0.210135, -0.997460, -0.063368, 0.032535, -0.013829, 0.069155, -0.970960, 0.229029, 0.244067, 0.000000, 0.000000, 0.000000, 1.000000, -0.998382, 0.019734, 0.053323, 0.005457, 0.055079, 0.102955, 0.993160, -0.124106, 0.014109, 0.994490, -0.103876, -0.033642, 0.000000, 0.000000, 0.000000, 1.000000
16.8746, 13.7826, -43.7961, 187.9816, 209.9816, -13.7826, 243.8696, 5.4551, -123.9664, -33.7207, 0.997532, 0.064107, -0.028627, 0.013783, -0.069129, 0.968063, -0.240987, -0.043796, 0.012264, 0.242371, 0.970106, 0.187982, 0.000000, 0.000000, 0.000000, 1.000000, 0.012264, 0.242371, 0.970106, 0.209982, -0.997532, -0.064107, 0.028627, -0.013783, 0.069129, -0.968063, 0.240987, 0.243870, 0.000000, 0.000000, 0.000000, 1.000000, -0.998637, 0.019589, 0.048383, 0.005455, 0.050292, 0.112941, 0.992328, -0.123966, 0.013975, 0.993409, -0.113772, -0.033721, 0.000000, 0.000000, 0.000000, 1.000000
16.9958, 13.7182, -43.6452, 187.6202, 209.6202, -13.7182, 243.7187, 5.4564, -124.0132, -33.8849, 0.997586, 0.064310, -0.026190, 0.013718, -0.068665, 0.969754, -0.234228, -0.043645, 0.010335, 0.235461, 0.971829, 0.187620, 0.000000, 0.000000, 0.000000, 1.000000, 0.010335, 0.235461, 0.971829, 0.209620, -0.997586, -0.064310, 0.026190, -0.013718, 0.068665, -0.969754, 0.234228, 0.243719, 0.000000, 0.000000, 0.000000, 1.000000, -0.998725, 0.019610, 0.046511, 0.005456, 0.048302, 0.103802, 0.993424, -0.124013, 0.014653, 0.994405, -0.104617, -0.033885, 0.000000, 0.000000, 0.000000, 1.000000
17.1248, 13.6008, -43.5346, 187.5708, 209.5708, -13.6008, 243.6080, 5.5139, -123.7259, -34.0685, 0.997850, 0.064800, -0.009864, 0.013601, -0.065252, 0.967808, -0.243083, -0.043535, -0.006205, 0.243203, 0.969955, 0.187571, 0.000000, 0.000000, 0.000000, 1.000000, -0.006205, 0.243203, 0.969955, 0.209571, -0.997850, -0.064800, 0.009864, -0.013601, 0.065252, -0.967808, 0.243083, 0.243608, 0.000000, 0.000000, 0.000000, 1.000000, -0.999372, 0.019670, 0.029476, 0.005514, 0.031459, 0.109545, 0.993484, -0.123726, 0.016313, 0.993787, -0.110095, -0.034069, 0.000000, 0.000000, 0.000000, 1.000000
17.2441, 13.4659, -43.2609, 186.9959, 208.9959, -13.4659, 243.3344, 5.5892, -124.0082, -34.1435, 0.997856, 0.065193, -0.005732, 0.013466, -0.064719, 0.970005, -0.234312, -0.043261, -0.009716, 0.234180, 0.972145, 0.186996, 0.000000, 0.000000, 0.000000, 1.000000, -0.009716, 0.234180, 0.972145, 0.208996, -0.997856, -0.065193, 0.005732, -0.013466, 0.064719, -0.970005, 0.234312, 0.243334, 0.000000, 0.000000, 0.000000, 1.000000, -0.999471, 0.019450, 0.026082, 0.005589, 0.027872, 0.098280, 0.994768, -0.124008, 0.016785, 0.994969, -0.098770, -0.034144, 0.000000, 0.000000, 0.000000, 1.000000
17.3808, 13.5239, -43.0696, 186.6876, 208.6876, -13.5239, 243.1431, 5.4652, -123.9621, -34.2860, 0.997662, 0.065402, -0.019815, 0.013524, -0.068234, 0.969308, -0.236192, -0.043070, 0.003760, 0.236992, 0.971504, 0.186688, 0.000000, 0.000000, 0.000000, 1.000000, 0.003760, 0.236992, 0.971504, 0.208688, -0.997662, -0.065402, 0.019815, -0.013524, 0.068234, -0.969308, 0.236192, 0.243143, 0.000000, 0.000000, 0.000000, 1.000000, -0.999008, 0.019713, 0.039921, 0.005465, 0.041680, 0.098829, 0.994231, -0.123962, 0.015654, 0.994909, -0.099553, -0.034286, 0.000000, 0.000000, 0.000000, 1.000000
17.5280, 13.4690, -42.9513, 186.4250, 208.4250, -13.4690, 243.0248, 5.4463, -123.8343, -34.5266, 0.997678, 0.065021, -0.020273, 0.013469, -0.067947, 0.970684, -0.230557, -0.042951, 0.004688, 0.231399, 0.972848, 0.186425, 0.000000, 0.000000, 0.000000, 1.000000, 0.004688, 0.231399, 0.972848, 0.208425, -0.997678, -0.065021, 0.020273, -0.013469, 0.067947, -0.970684, 0.230557, 0.243025, 0.000000, 0.000000, 0.000000, 1.000000, -0.998957, 0.020422, 0.040834, 0.005446, 0.042523, 0.090570, 0.994982, -0.123834, 0.016621, 0.995681, -0.091344, -0.034527, 0.000000, 0.000000, 0.000000, 1.000000
17.6383, 13.3428, -42.7018, 186.1366, 208.1366, -13.3428, 242.7752, 5.5241, -123.8549, -34.5688, 0.997712, 0.066526, -0.012074, 0.013343, -0.067434, 0.966124, -0.249113, -0.042702, -0.004908, 0.249357, 0.968399, 0.186137, 0.000000, 0.000000, 0.000000, 1.000000, -0.004908, 0.249357, 0.968399, 0.208137, -0.997712, -0.066526, 0.012074, -0.013343, 0.067434, -0.966124, 0.249113, 0.242775, 0.000000, 0.000000, 0.000000, 1.000000, -0.999326, 0.019615, 0.031018, 0.005524, 0.032946, 0.107149, 0.993697, -0.123855, 0.016168, 0.994050, -0.107723, -0.034569, 0.000000, 0.000000, 0.000000, 1.000000
17.7686, 13.2775, -42.3982, 185.4789, 207.4789, -13.2775, 242.4716, 5.5211, -124.1930, -34.6509, 0.997566, 0.066570, -0.020730, 0.013278, -0.069621, 0.967070, -0.244801, -0.042398, 0.003751, 0.245649, 0.969352, 0.185479, 0.000000, 0.000000, 0.000000, 1.000000, 0.003751, 0.245649, 0.969352, 0.207479, -0.997566, -0.066570, 0.020730, -0.013278, 0.069621, -0.967070, 0.244801, 0.242472, 0.000000, 0.000000, 0.000000, 1.000000, -0.999002, 0.019896, 0.039992, 0.005521, 0.041805, 0.101117, 0.993996, -0.124193, 0.015733, 0.994676, -0.101848, -0.034651, 0.000000, 0.000000, 0.000000, 1.000000
17.9158, 13.2470, -42.2943, 185.3553, 207.3553, -13.2470, 242.3678, 5.4813, -123.9245, -34.8857, 0.997519, 0.066509, -0.023067, 0.013247, -0.070082, 0.969151, -0.236296, -0.042294, 0.006639, 0.237326, 0.971407, 0.185355, 0.000000, 0.000000, 0.000000, 1.000000, 0.006639, 0.237326, 0.971407, 0.207355, -0.997519, -0.066509, 0.023067, -0.013247, 0.070082, -0.969151, 0.236296, 0.242368, 0.000000, 0.000000, 0.000000, 1.000000, -0.998868, 0.020234, 0.043046, 0.005481, 0.044701, 0.090060, 0.994933, -0.123925, 0.016255, 0.995731, -0.090863, -0.034886, 0.000000, 0.000000, 0.000000, 1.000000
18.0582, 13.0985, -41.8925, 184.8281, 206.8281, -13.0985, 241.9660, 5.5699, -124.1167, -34.8871, 0.997675, 0.067052, -0.012150, 0.013098, -0.067940, 0.964958, -0.253455, -0.041893, -0.005271, 0.253691, 0.967271, 0.184828, 0.000000, 0.000000, 0.000000, 1.000000, -0.005271, 0.253691, 0.967271, 0.206828, -0.997675, -0.067052, 0.012150, -0.013098, 0.067940, -0.964958, 0.253455, 0.241966, 0.000000, 0.000000, 0.000000, 1.000000, -0.999322, 0.020444, 0.030604, 0.005570, 0.032578, 0.104446, 0.993997, -0.124117, 0.017125, 0.994320, -0.105041, -0.034887, 0.000000, 0.000000, 0.000000, 1.000000
18.1819, 13.0944, -41.7373, 184.4620, 206.4620, -13.0944, 241.8107, 5.5099, -124.1599, -35.0561, 0.997515, 0.066852, -0.022237, 0.013094, -0.070270, 0.966844, -0.245509, -0.041737, 0.005087, 0.246462, 0.969139, 0.184462, 0.000000, 0.000000, 0.000000, 1.000000, 0.005087, 0.246462, 0.969139, 0.206462, -0.997515, -0.066852, 0.022237, -0.013094, 0.070270, -0.966844, 0.245509, 0.241811, 0.000000, 0.000000, 0.000000, 1.000000, -0.998927, 0.020879, 0.041336, 0.005510, 0.043138, 0.094894, 0.994552, -0.124160, 0.016842, 0.995268, -0.095693, -0.035056, 0.000000, 0.000000, 0.000000, 1.000000
18.2982, 13.0748, -41.5691, 184.2877, 206.2877, -13.0748, 241.6426, 5.4778, -124.0368, -35.1689, 0.997384, 0.067472, -0.025945, 0.013075, -0.071827, 0.965478, -0.250386, -0.041569, 0.008155, 0.251594, 0.967798, 0.184288, 0.000000, 0.000000, 0.000000, 1.000000, 0.008155, 0.251594, 0.967798, 0.206288, -0.997384, -0.067472, 0.025945, -0.013075, 0.071827, -0.965478, 0.250386, 0.241643, 0.000000, 0.000000, 0.000000, 1.000000, -0.998792, 0.020709, 0.044559, 0.005478, 0.046386, 0.098204, 0.994085, -0.124037, 0.016211, 0.994951, -0.099046, -0.035169, 0.000000, 0.000000, 0.000000, 1.000000
18.4120, 13.0972, -41.3781, 183.8953, 205.8953, -13.0972, 241.4515, 5.3972, -124.1382, -35.2846, 0.997135, 0.067278, -0.034576, 0.013097, -0.073765, 0.966069, -0.247527, -0.041378, 0.016750, 0.249368, 0.968264, 0.183895, 0.000000, 0.000000, 0.000000, 1.000000, 0.016750, 0.249368, 0.968264, 0.205895, -0.997135, -0.067278, 0.034576, -0.013097, 0.073765, -0.966069, 0.247527, 0.241452, 0.000000, 0.000000, 0.000000, 1.000000, -0.998349, 0.021205, 0.053390, 0.005397, 0.055156, 0.093960, 0.994047, -0.124138, 0.016062, 0.995350, -0.094975, -0.035285, 0.000000, 0.000000, 0.000000, 1.000000
18.5722, 12.9577, -41.1109, 183.3680, 205.3680, -12.9577, 241.1844, 5.4563, -124.2608, -35.4617, 0.997249, 0.067276, -0.031111, 0.012958, -0.072900, 0.966111, -0.247619, -0.041111, 0.013398, 0.249206, 0.968358, 0.183368, 0.000000, 0.000000, 0.000000, 1.000000, 0.013398, 0.249206, 0.968358, 0.205368, -0.997249, -0.067276, 0.031111, -0.012958, 0.072900, -0.966111, 0.247619, 0.241184, 0.000000, 0.000000, 0.000000, 1.000000, -0.998518, 0.021689, 0.049905, 0.005456, 0.051682, 0.091052, 0.994504, -0.124261, 0.017026, 0.995610, -0.092038, -0.035462, 0.000000, 0.000000, 0.000000, 1.000000
18.7119, 12.8768, -40.8201, 183.1557, 205.1557, -12.8768, 240.8935, 5.4826, -124.1316, -35.5175, 0.997367, 0.068981, -0.022368, 0.012877, -0.072454, 0.960751, -0.267782, -0.040820, 0.003018, 0.268698, 0.963220, 0.183156, 0.000000, 0.000000, 0.000000, 1.000000, 0.003018, 0.268698, 0.963220, 0.205156, -0.997367, -0.068981, 0.022368, -0.012877, 0.072454, -0.960751, 0.267782, 0.240894, 0.000000, 0.000000, 0.000000, 1.000000, -0.999011, 0.020759, 0.039316, 0.005483, 0.041348, 0.108806, 0.993203, -0.124132, 0.016341, 0.993846, -0.109557, -0.035518, 0.000000, 0.000000, 0.000000, 1.000000
18.8514, 12.8158, -40.5781, 182.6386, 204.6386, -12.8158, 240.6516, 5.4722, -124.2954, -35.6694, 0.997266, 0.068590, -0.027484, 0.012816, -0.073307, 0.965087, -0.251463, -0.040578, 0.009276, 0.252791, 0.967477, 0.182639, 0.000000, 0.000000, 0.000000, 1.000000, 0.009276, 0.252791, 0.967477, 0.204639, -0.997266, -0.068590, 0.027484, -0.012816, 0.073307, -0.965087, 0.251463, 0.240652, 0.000000, 0.000000, 0.000000, 1.000000, -0.998720, 0.021283, 0.045892, 0.005472, 0.047630, 0.090010, 0.994801, -0.124295, 0.017042, 0.995713, -0.090909, -0.035669, 0.000000, 0.000000, 0.000000, 1.000000
18.9813, 12.7086, -40.4677, 182.5474, 204.5474, -12.7086, 240.5411, 5.5191, -124.0454, -35.8647, 0.997465, 0.069473, -0.015403, 0.012709, -0.071113, 0.965290, -0.251314, -0.040468, -0.002591, 0.251772, 0.967783, 0.182547, 0.000000, 0.000000, 0.000000, 1.000000, -0.002591, 0.251772, 0.967783, 0.204547, -0.997465, -0.069473, 0.015403, -0.012709, 0.071113, -0.965290, 0.251314, 0.240541, 0.000000, 0.000000, 0.000000, 1.000000, -0.999211, 0.020772, 0.033864, 0.005519, 0.035546, 0.086772, 0.995594, -0.124045, 0.017742, 0.996012, -0.087442, -0.035865, 0.000000, 0.000000, 0.000000, 1.000000
19.1265, 12.7253, -40.2797, 182.1227, 204.1227, -12.7253, 240.3532, 5.4277, -124.0908, -36.0619, 0.997156, 0.069781, -0.028478, 0.012725, -0.074692, 0.965447, -0.249664, -0.040280, 0.010072, 0.251081, 0.967914, 0.182123, 0.000000, 0.000000, 0.000000, 1.000000, 0.010072, 0.251081, 0.967914, 0.204123, -0.997156, -0.069781, 0.028478, -0.012725, 0.074692, -0.965447, 0.249664, 0.240353, 0.000000, 0.000000, 0.000000, 1.000000, -0.998676, 0.020890, 0.047001, 0.005428, 0.048591, 0.083586, 0.995315, -0.124091, 0.016864, 0.996282, -0.084491, -0.036062, 0.000000, 0.000000, 0.000000, 1.000000
19.3050, 12.5709, -39.9206, 181.5532, 203.5532, -12.5709, 239.9940, 5.4984, -124.2201, -36.2037, 0.997212, 0.070825, -0.023509, 0.012571, -0.074483, 0.964048, -0.255075, -0.039921, 0.004598, 0.256115, 0.966635, 0.181553, 0.000000, 0.000000, 0.000000, 1.000000, 0.004598, 0.256115, 0.966635, 0.203553, -0.997212, -0.070825, 0.023509, -0.012571, 0.074483, -0.964048, 0.255075, 0.239994, 0.000000, 0.000000, 0.000000, 1.000000, -0.998928, 0.020479, 0.041521, 0.005498, 0.043131, 0.085756, 0.995382, -0.124220, 0.016824, 0.996106, -0.086547, -0.036204, 0.000000, 0.000000, 0.000000, 1.000000
19.4221, 12.5100, -39.8494, 181.4777, 203.4777, -12.5100, 239.9229, 5.5020, -123.9817, -36.4042, 0.997419, 0.070679, -0.012666, 0.012510, -0.071587, 0.965065, -0.252040, -0.039849, -0.005590, 0.252296, 0.967634, 0.181478, 0.000000, 0.000000, 0.000000, 1.000000, -0.005590, 0.252296, 0.967634, 0.203478, -0.997419, -0.070679, 0.012666, -0.012510, 0.071587, -0.965065, 0.252040, 0.239923, 0.000000, 0.000000, 0.000000, 1.000000, -0.999300, 0.020909, 0.031009, 0.005502, 0.032586, 0.079810, 0.996277, -0.123982, 0.018356, 0.996591, -0.080435, -0.036404, 0.000000, 0.000000, 0.000000, 1.000000
19.5451, 12.5452, -39.6125, 181.1051, 203.1051, -12.5452, 239.6859, 5.4116, -124.0463, -36.4989, 0.997089, 0.071386, -0.026801, 0.012545, -0.075839, 0.964925, -0.251332, -0.039612, 0.007919, 0.252633, 0.967530, 0.181105, 0.000000, 0.000000, 0.000000, 1.000000, 0.007919, 0.252633, 0.967530, 0.203105, -0.997089, -0.071386, 0.026801, -0.012545, 0.075839, -0.964925, 0.251332, 0.239686, 0.000000, 0.000000, 0.000000, 1.000000, -0.998770, 0.020578, 0.045104, 0.005412, 0.046582, 0.078079, 0.995858, -0.124046, 0.016971, 0.996735, -0.078942, -0.036499, 0.000000, 0.000000, 0.000000, 1.000000
19.6765, 12.3632, -39.2315, 180.6328, 202.6328, -12.3632, 239.3049, 5.5384, -124.2167, -36.5079, 0.997386, 0.070780, -0.014545, 0.012363, -0.072103, 0.961609, -0.264780, -0.039231, -0.004755, 0.265137, 0.964199, 0.180633, 0.000000, 0.000000, 0.000000, 1.000000, -0.004755, 0.265137, 0.964199, 0.202633, -0.997386, -0.070780, 0.014545, -0.012363, 0.072103, -0.961609, 0.264780, 0.239305, 0.000000, 0.000000, 0.000000, 1.000000, -0.999262, 0.021812, 0.031617, 0.005538, 0.033434, 0.088706, 0.995497, -0.124217, 0.018909, 0.995819, -0.089370, -0.036508, 0.000000, 0.000000, 0.000000, 1.000000
19.8035, 12.3389, -38.9867, 180.2326, 202.2326, -12.3389, 239.0601, 5.5019, -124.3002, -36.6152, 0.997249, 0.071837, -0.018248, 0.012339, -0.074088, 0.959028, -0.273451, -0.038987, -0.002144, 0.274051, 0.961713, 0.180233, 0.000000, 0.000000, 0.000000, 1.000000, -0.002144, 0.274051, 0.961713, 0.202233, -0.997249, -0.071837, 0.018248, -0.012339, 0.074088, -0.959028, 0.273451, 0.239060, 0.000000, 0.000000, 0.000000, 1.000000, -0.999180, 0.021292, 0.034449, 0.005502, 0.036337, 0.095791, 0.994738, -0.124300, 0.017880, 0.995174, -0.096486, -0.036615, 0.000000, 0.000000, 0.000000, 1.000000
19.9303, 12.2516, -38.8762, 180.0805, 202.0805, -12.2516, 238.9497, 5.5298, -124.1173, -36.8153, 0.997339, 0.072031, -0.011288, 0.012252, -0.072426, 0.960987, -0.266943, -0.038876, -0.008381, 0.267050, 0.963646, 0.180081, 0.000000, 0.000000, 0.000000, 1.000000, -0.008381, 0.267050, 0.963646, 0.202081, -0.997339, -0.072031, 0.011288, -0.012252, 0.072426, -0.960987, 0.266943, 0.238950, 0.000000, 0.000000, 0.000000, 1.000000, -0.999376, 0.021361, 0.028116, 0.005530, 0.029863, 0.086386, 0.995814, -0.124117, 0.018842, 0.996033, -0.086970, -0.036815, 0.000000, 0.000000, 0.000000, 1.000000
20.0786, 12.1810, -38.6175, 179.6167, 201.6167, -12.1810, 238.6910, 5.5281, -124.2074, -36.9726, 0.997325, 0.072106, -0.012000, 0.012181, -0.072755, 0.963300, -0.258381, -0.038618, -0.007072, 0.258563, 0.965969, 0.179617, 0.000000, 0.000000, 0.000000, 1.000000, -0.007072, 0.258563, 0.965969, 0.201617, -0.997325, -0.072106, 0.012000, -0.012181, 0.072755, -0.963300, 0.258381, 0.238691, 0.000000, 0.000000, 0.000000, 1.000000, -0.999328, 0.021583, 0.029631, 0.005528, 0.031175, 0.075081, 0.996690, -0.124207, 0.019286, 0.996944, -0.075703, -0.036973, 0.000000, 0.000000, 0.000000, 1.000000
20.2186, 12.1232, -38.2817, 179.3254, 201.3254, -12.1232, 238.3551, 5.5307, -124.1659, -37.0046, 0.997151, 0.073619, -0.016460, 0.012123, -0.075284, 0.957309, -0.279091, -0.038282, -0.004790, 0.279535, 0.960124, 0.179325, 0.000000, 0.000000, 0.000000, 1.000000, -0.004790, 0.279535, 0.960124, 0.201325, -0.997151, -0.073619, 0.016460, -0.012123, 0.075284, -0.957309, 0.279091, 0.238355, 0.000000, 0.000000, 0.000000, 1.000000, -0.999269, 0.020852, 0.032032, 0.005531, 0.033864, 0.094440, 0.994954, -0.124166, 0.017722, 0.995312, -0.095078, -0.037005, 0.000000, 0.000000, 0.000000, 1.000000
20.3790, 12.0140, -37.9960, 178.8458, 200.8458, -12.0140, 238.0694, 5.5630, -124.2439, -37.1708, 0.997131, 0.074080, -0.015524, 0.012014, -0.075467, 0.957339, -0.278940, -0.037996, -0.005803, 0.279311, 0.960183, 0.178846, 0.000000, 0.000000, 0.000000, 1.000000, -0.005803, 0.279311, 0.960183, 0.200846, -0.997131, -0.074080, 0.015524, -0.012014, 0.075467, -0.957339, 0.278940, 0.238069, 0.000000, 0.000000, 0.000000, 1.000000, -0.999299, 0.020871, 0.031085, 0.005563, 0.032870, 0.091482, 0.995264, -0.124244, 0.017929, 0.995588, -0.092104, -0.037171, 0.000000, 0.000000, 0.000000, 1.000000
20.5515, 12.0036, -37.8470, 178.6707, 200.6707, -12.0036, 237.9205, 5.4907, -123.9606, -37.4304, 0.997192, 0.073422, -0.014729, 0.012004, -0.074663, 0.959695, -0.270946, -0.037847, -0.005758, 0.271285, 0.962482, 0.178671, 0.000000, 0.000000, 0.000000, 1.000000, -0.005758, 0.271285, 0.962482, 0.200671, -0.997192, -0.073422, 0.014729, -0.012004, 0.074663, -0.959695, 0.270946, 0.237920, 0.000000, 0.000000, 0.000000, 1.000000, -0.999277, 0.021921, 0.031064, 0.005491, 0.032729, 0.080184, 0.996243, -0.123961, 0.019348, 0.996539, -0.080843, -0.037430, 0.000000, 0.000000, 0.000000, 1.000000
20.7024, 11.9049, -37.5496, 178.0882, 200.0882, -11.9049, 237.6231, 5.5150, -124.1679, -37.5865, 0.997063, 0.074119, -0.019304, 0.011905, -0.076586, 0.961647, -0.263381, -0.037550, -0.000958, 0.264086, 0.964499, 0.178088, 0.000000, 0.000000, 0.000000, 1.000000, -0.000958, 0.264086, 0.964499, 0.200088, -0.997063, -0.074119, 0.019304, -0.011905, 0.076586, -0.961647, 0.263381, 0.237623, 0.000000, 0.000000, 0.000000, 1.000000, -0.999107, 0.021555, 0.036335, 0.005515, 0.037766, 0.070173, 0.996820, -0.124168, 0.018936, 0.997302, -0.070925, -0.037587, 0.000000, 0.000000, 0.000000, 1.000000
20.8347, 11.8269, -37.2824, 177.8884, 199.8884, -11.8269, 237.3558, 5.5406, -124.0465, -37.6566, 0.997099, 0.075058, -0.012625, 0.011827, -0.075490, 0.954070, -0.289918, -0.037282, -0.009715, 0.290030, 0.956968, 0.177888, 0.000000, 0.000000, 0.000000, 1.000000, -0.009715, 0.290030, 0.956968, 0.199888, -0.997099, -0.075058, 0.012625, -0.011827, 0.075490, -0.954070, 0.289918, 0.237356, 0.000000, 0.000000, 0.000000, 1.000000, -0.999405, 0.021438, 0.027021, 0.005541, 0.028938, 0.094856, 0.995070, -0.124046, 0.018769, 0.995260, -0.095420, -0.037657, 0.000000, 0.000000, 0.000000, 1.000000
20.9958, 11.7519, -36.9247, 177.3199, 199.3199, -11.7519, 236.9982, 5.5412, -124.2235, -37.7740, 0.997099, 0.075213, -0.011656, 0.011752, -0.075418, 0.955749, -0.284352, -0.036925, -0.010247, 0.284406, 0.958649, 0.177320, 0.000000, 0.000000, 0.000000, 1.000000, -0.010247, 0.284406, 0.958649, 0.199320, -0.997099, -0.075213, 0.011656, -0.011752, 0.075418, -0.955749, 0.284352, 0.236998, 0.000000, 0.000000, 0.000000, 1.000000, -0.999411, 0.021684, 0.026588, 0.005541, 0.028365, 0.086258, 0.995869, -0.124224, 0.019301, 0.996037, -0.086822, -0.037774, 0.000000, 0.000000, 0.000000, 1.000000
21.1531, 11.7177, -36.7672, 177.1395, 199.1395, -11.7177, 236.8406, 5.5017, -123.9897, -37.9982, 0.997076, 0.076146, -0.006417, 0.011718, -0.074814, 0.955614, -0.284964, -0.036767, -0.015566, 0.284611, 0.958517, 0.177140, 0.000000, 0.000000, 0.000000, 1.000000, -0.015566, 0.284611, 0.958517, 0.199140, -0.997076, -0.076146, 0.006417, -0.011718, 0.074814, -0.955614, 0.284964, 0.236841, 0.000000, 0.000000, 0.000000, 1.000000, -0.999548, 0.021228, 0.021289, 0.005502, 0.022998, 0.083813, 0.996216, -0.123990, 0.019363, 0.996255, -0.084263, -0.037998, 0.000000, 0.000000, 0.000000, 1.000000
21.2908, 11.5480, -36.3333, 176.4720, 198.4720, -11.5480, 236.4067, 5.6110, -124.3477, -38.0239, 0.997076, 0.076249, -0.005121, 0.011548, -0.074339, 0.952196, -0.296305, -0.036333, -0.017717, 0.295819, 0.955080, 0.176472, 0.000000, 0.000000, 0.000000, 1.000000, -0.017717, 0.295819, 0.955080, 0.198472, -0.997076, -0.076249, 0.005121, -0.011548, 0.074339, -0.952196, 0.296305, 0.236407, 0.000000, 0.000000, 0.000000, 1.000000, -0.999587, 0.021708, 0.018819, 0.005611, 0.020764, 0.093127, 0.995438, -0.124348, 0.019857, 0.995418, -0.093539, -0.038024, 0.000000, 0.000000, 0.000000, 1.000000
21.4433, 11.6231, -36.1961, 176.2062, 198.2062, -11.6231, 236.2695, 5.4596, -124.2042, -38.2661, 0.996883, 0.076334, -0.019952, 0.011623, -0.078827, 0.952821, -0.293118, -0.036196, -0.003364, 0.293777, 0.955868, 0.176206, 0.000000, 0.000000, 0.000000, 1.000000, -0.003364, 0.293777, 0.955868, 0.198206, -0.996883, -0.076334, 0.019952, -0.011623, 0.078827, -0.952821, 0.293118, 0.236270, 0.000000, 0.000000, 0.000000, 1.000000, -0.999183, 0.022056, 0.033868, 0.005460, 0.035693, 0.088392, 0.995446, -0.124204, 0.018961, 0.995842, -0.089107, -0.038266, 0.000000, 0.000000, 0.000000, 1.000000
21.5804, 11.4935, -35.9461, 175.9156, 197.9156, -11.4935, 236.0196, 5.5299, -124.1564, -38.3910, 0.996943, 0.077359, -0.011001, 0.011493, -0.077288, 0.955582, -0.284410, -0.035946, -0.011490, 0.284391, 0.958640, 0.175916, 0.000000, 0.000000, 0.000000, 1.000000, -0.011490, 0.284391, 0.958640, 0.197916, -0.996943, -0.077359, 0.011001, -0.011493, 0.077288, -0.955582, 0.284410, 0.236020, 0.000000, 0.000000, 0.000000, 1.000000, -0.999439, 0.021302, 0.025833, 0.005530, 0.027389, 0.076311, 0.996708, -0.124156, 0.019260, 0.996856, -0.076852, -0.038391, 0.000000, 0.000000, 0.000000, 1.000000
21.7663, 11.2989, -35.4355, 175.3043, 197.3043, -11.2989, 235.5089, 5.6480, -124.3415, -38.4425, 0.996938, 0.078177, -0.001449, 0.011299, -0.074839, 0.948671, -0.307281, -0.035435, -0.022648, 0.306449, 0.951618, 0.175304, 0.000000, 0.000000, 0.000000, 1.000000, -0.022648, 0.306449, 0.951618, 0.197304, -0.996938, -0.078177, 0.001449, -0.011299, 0.074839, -0.948671, 0.307281, 0.235509, 0.000000, 0.000000, 0.000000, 1.000000, -0.999675, 0.021361, 0.013938, 0.005648, 0.015931, 0.096167, 0.995238, -0.124342, 0.019919, 0.995136, -0.096476, -0.038443, 0.000000, 0.000000, 0.000000, 1.000000
21.9175, 11.3460, -35.2558, 175.0235, 197.0235, -11.3460, 235.3293, 5.5274, -124.2258, -38.6489, 0.996832, 0.077865, -0.016212, 0.011346, -0.079130, 0.950396, -0.300809, -0.035256, -0.008015, 0.301139, 0.953546, 0.175024, 0.000000, 0.000000, 0.000000, 1.000000, -0.008015, 0.301139, 0.953546, 0.197024, -0.996832, -0.077865, 0.016212, -0.011346, 0.079130, -0.950396, 0.300809, 0.235329, 0.000000, 0.000000, 0.000000, 1.000000, -0.999328, 0.022060, 0.029277, 0.005527, 0.031111, 0.088017, 0.995633, -0.124226, 0.019387, 0.995875, -0.088645, -0.038649, 0.000000, 0.000000, 0.000000, 1.000000
22.0544, 11.2630, -34.9755, 174.5893, 196.5893, -11.2630, 235.0489, 5.5481, -124.3249, -38.7734, 0.996869, 0.078136, -0.012109, 0.011263, -0.078211, 0.951932, -0.296156, -0.034975, -0.011614, 0.296176, 0.955063, 0.174589, 0.000000, 0.000000, 0.000000, 1.000000, -0.011614, 0.296176, 0.955063, 0.196589, -0.996869, -0.078136, 0.012109, -0.011263, 0.078211, -0.951932, 0.296156, 0.235049, 0.000000, 0.000000, 0.000000, 1.000000, -0.999426, 0.022133, 0.025654, 0.005548, 0.027359, 0.080501, 0.996379, -0.124325, 0.019988, 0.996509, -0.081060, -0.038773, 0.000000, 0.000000, 0.000000, 1.000000
22.2166, 11.2802, -34.7479, 174.3432, 196.3432, -11.2802, 234.8213, 5.4594, -124.1553, -38.9535, 0.996738, 0.078572, -0.018454, 0.011280, -0.080482, 0.950389, -0.300471, -0.034748, -0.006070, 0.300976, 0.953613, 0.174343, 0.000000, 0.000000, 0.000000, 1.000000, -0.006070, 0.300976, 0.953613, 0.196343, -0.996738, -0.078572, 0.018454, -0.011280, 0.080482, -0.950389, 0.300471, 0.234821, 0.000000, 0.000000, 0.000000, 1.000000, -0.999257, 0.022253, 0.031476, 0.005459, 0.033217, 0.082754, 0.996016, -0.124155, 0.019560, 0.996322, -0.083432, -0.038954, 0.000000, 0.000000, 0.000000, 1.000000
22.3701, 11.1296, -34.3820, 173.7331, 195.7331, -11.1296, 234.4554, 5.5381, -124.3992, -39.0794, 0.996775, 0.078091, -0.018489, 0.011130, -0.080021, 0.949812, -0.302412, -0.034382, -0.006054, 0.302916, 0.952998, 0.173733, 0.000000, 0.000000, 0.000000, 1.000000, -0.006054, 0.302916, 0.952998, 0.195733, -0.996775, -0.078091, 0.018489, -0.011130, 0.080021, -0.949812, 0.302412, 0.234455, 0.000000, 0.000000, 0.000000, 1.000000, -0.999241, 0.023227, 0.031281, 0.005538, 0.033091, 0.082133, 0.996072, -0.124399, 0.020566, 0.996351, -0.082840, -0.039079, 0.000000, 0.000000, 0.000000, 1.000000
22.5035, 11.1247, -34.1950, 173.5330, 195.5330, -11.1247, 234.2684, 5.4825, -124.2578, -39.2306, 0.996653, 0.079344, -0.019694, 0.011125, -0.081553, 0.948175, -0.307103, -0.034195, -0.005694, 0.307681, 0.951472, 0.173533, 0.000000, 0.000000, 0.000000, 1.000000, -0.005694, 0.307681, 0.951472, 0.195533, -0.996653, -0.079344, 0.019694, -0.011125, 0.081553, -0.948175, 0.307103, 0.234268, 0.000000, 0.000000, 0.000000, 1.000000, -0.999237, 0.022438, 0.031964, 0.005482, 0.033761, 0.084887, 0.995818, -0.124258, 0.019631, 0.996138, -0.085579, -0.039231, 0.000000, 0.000000, 0.000000, 1.000000
22.6589, 11.0366, -33.8413, 173.1677, 195.1677, -11.0366, 233.9148, 5.5077, -124.2548, -39.3138, 0.996604, 0.080573, -0.017007, 0.011037, -0.081874, 0.947362, -0.309519, -0.033841, -0.008827, 0.309860, 0.950741, 0.173168, 0.000000, 0.000000, 0.000000, 1.000000, -0.008827, 0.309860, 0.950741, 0.195168, -0.996604, -0.080573, 0.017007, -0.011037, 0.081874, -0.947362, 0.309519, 0.233915, 0.000000, 0.000000, 0.000000, 1.000000, -0.999343, 0.021703, 0.029010, 0.005508, 0.030747, 0.084558, 0.995944, -0.124255, 0.019162, 0.996182, -0.085170, -0.039314, 0.000000, 0.000000, 0.000000, 1.000000
22.7979, 10.9340, -33.6958, 172.9232, 194.9232, -10.9340, 233.7692, 5.5414, -124.1328, -39.5384, 0.996742, 0.079989, -0.010400, 0.010934, -0.079334, 0.948847, -0.305608, -0.033696, -0.014578, 0.305437, 0.952101, 0.172923, 0.000000, 0.000000, 0.000000, 1.000000, -0.014578, 0.305437, 0.952101, 0.194923, -0.996742, -0.079989, 0.010400, -0.010934, 0.079334, -0.948847, 0.305608, 0.233769, 0.000000, 0.000000, 0.000000, 1.000000, -0.999482, 0.022653, 0.022841, 0.005541, 0.024534, 0.077519, 0.996689, -0.124133, 0.020808, 0.996734, -0.078034, -0.039538, 0.000000, 0.000000, 0.000000, 1.000000
22.9307, 10.8538, -33.4362, 172.6326, 194.6326, -10.8538, 233.5097, 5.5657, -124.0997, -39.6479, 0.996677, 0.081247, -0.005855, 0.010854, -0.078890, 0.944859, -0.317834, -0.033436, -0.020291, 0.317239, 0.948128, 0.172633, 0.000000, 0.000000, 0.000000, 1.000000, -0.020291, 0.317239, 0.948128, 0.194633, -0.996677, -0.081247, 0.005855, -0.010854, 0.078890, -0.944859, 0.317834, 0.233510, 0.000000, 0.000000, 0.000000, 1.000000, -0.999615, 0.021939, 0.016971, 0.005566, 0.018833, 0.087676, 0.995971, -0.124100, 0.020363, 0.995907, -0.088056, -0.039648, 0.000000, 0.000000, 0.000000, 1.000000
23.0733, 10.7555, -33.1091, 172.1395, 194.1395, -10.7555, 233.1826, 5.5977, -124.2518, -39.7633, 0.996578, 0.082590, -0.003334, 0.010755, -0.079431, 0.945746, -0.315047, -0.033109, -0.022866, 0.314234, 0.949070, 0.172139, 0.000000, 0.000000, 0.000000, 1.000000, -0.022866, 0.314234, 0.949070, 0.194139, -0.996578, -0.082590, 0.003334, -0.010755, 0.079431, -0.945746, 0.315047, 0.233183, 0.000000, 0.000000, 0.000000, 1.000000, -0.999671, 0.020990, 0.014760, 0.005598, 0.016437, 0.082132, 0.996486, -0.124252, 0.019704, 0.996400, -0.082450, -0.039763, 0.000000, 0.000000, 0.000000, 1.000000
23.2143, 10.7647, -32.8961, 171.8698, 193.8698, -10.7647, 232.9696, 5.5254, -124.1619, -39.9236, 0.996535, 0.082833, -0.007533, 0.010765, -0.080919, 0.944563, -0.318204, -0.032896, -0.019243, 0.317711, 0.947992, 0.171870, 0.000000, 0.000000, 0.000000, 1.000000, -0.019243, 0.317711, 0.947992, 0.193870, -0.996535, -0.082833, 0.007533, -0.010765, 0.080919, -0.944563, 0.318204, 0.232970, 0.000000, 0.000000, 0.000000, 1.000000, -0.999603, 0.021213, 0.018559, 0.005525, 0.020268, 0.083379, 0.996312, -0.124162, 0.019587, 0.996292, -0.083776, -0.039924, 0.000000, 0.000000, 0.000000, 1.000000
23.3440, 10.7584, -32.7100, 171.6245, 193.6245, -10.7584, 232.7834, 5.4719, -124.0749, -40.0815, 0.996567, 0.081973, -0.011610, 0.010758, -0.081450, 0.945595, -0.314985, -0.032710, -0.014842, 0.314849, 0.949026, 0.171624, 0.000000, 0.000000, 0.000000, 1.000000, -0.014842, 0.314849, 0.949026, 0.193624, -0.996567, -0.081973, 0.011610, -0.010758, 0.081450, -0.945595, 0.314985, 0.232783, 0.000000, 0.000000, 0.000000, 1.000000, -0.999485, 0.022435, 0.022946, 0.005472, 0.024634, 0.078116, 0.996640, -0.124075, 0.020567, 0.996692, -0.078628, -0.040081, 0.000000, 0.000000, 0.000000, 1.000000
23.5026, 10.6361, -32.2758, 170.9577, 192.9577, -10.6361, 232.3492, 5.5241, -124.3764, -40.1766, 0.996517, 0.082240, -0.013772, 0.010636, -0.082240, 0.942048, -0.325241, -0.032276, -0.013774, 0.325240, 0.945531, 0.170958, 0.000000, 0.000000, 0.000000, 1.000000, -0.013774, 0.325240, 0.945531, 0.192958, -0.996517, -0.082240, 0.013772, -0.010636, 0.082240, -0.942048, 0.325241, 0.232349, 0.000000, 0.000000, 0.000000, 1.000000, -0.999454, 0.022764, 0.023938, 0.005524, 0.025820, 0.086344, 0.995931, -0.124376, 0.020605, 0.996005, -0.086885, -0.040177, 0.000000, 0.000000, 0.000000, 1.000000
23.6254, 10.5701, -32.0415, 170.8060, 192.8060, -10.5701, 232.1149, 5.5422, -124.2312, -40.2587, 0.996459, 0.083637, -0.008630, 0.010570, -0.081819, 0.940886, -0.328694, -0.032041, -0.019371, 0.328236, 0.944397, 0.170806, 0.000000, 0.000000, 0.000000, 1.000000, -0.019371, 0.328236, 0.944397, 0.192806, -0.996459, -0.083637, 0.008630, -0.010570, 0.081819, -0.940886, 0.328694, 0.232115, 0.000000, 0.000000, 0.000000, 1.000000, -0.999593, 0.021767, 0.018422, 0.005542, 0.020259, 0.087456, 0.995962, -0.124231, 0.020068, 0.995930, -0.087862, -0.040259, 0.000000, 0.000000, 0.000000, 1.000000
23.7544, 10.5247, -31.8860, 170.6483, 192.6483, -10.5247, 231.9595, 5.5289, -124.0543, -40.4296, 0.996452, 0.083975, -0.005550, 0.010525, -0.081092, 0.940425, -0.330188, -0.031886, -0.022508, 0.329467, 0.943899, 0.170648, 0.000000, 0.000000, 0.000000, 1.000000, -0.022508, 0.329467, 0.943899, 0.192648, -0.996452, -0.083975, 0.005550, -0.010525, 0.081092, -0.940425, 0.330188, 0.231959, 0.000000, 0.000000, 0.000000, 1.000000, -0.999647, 0.021831, 0.015172, 0.005529, 0.017008, 0.086561, 0.996101, -0.124054, 0.020433, 0.996007, -0.086902, -0.040430, 0.000000, 0.000000, 0.000000, 1.000000
23.8775, 10.4249, -31.4567, 170.1001, 192.1001, -10.4249, 231.5301, 5.5829, -124.3421, -40.4263, 0.996364, 0.084656, -0.009595, 0.010425, -0.082924, 0.937759, -0.337241, -0.031457, -0.019552, 0.336811, 0.941369, 0.170100, 0.000000, 0.000000, 0.000000, 1.000000, -0.019552, 0.336811, 0.941369, 0.192100, -0.996364, -0.084656, 0.009595, -0.010425, 0.082924, -0.937759, 0.337241, 0.231530, 0.000000, 0.000000, 0.000000, 1.000000, -0.999598, 0.021591, 0.018370, 0.005583, 0.020288, 0.092243, 0.995530, -0.124342, 0.019800, 0.995502, -0.092644, -0.040426, 0.000000, 0.000000, 0.000000, 1.000000
24.0181, 10.3720, -31.3610, 169.9174, 191.9174, -10.3720, 231.4345, 5.5622, -124.1413, -40.6879, 0.996466, 0.083435, -0.009724, 0.010372, -0.082007, 0.941220, -0.327689, -0.031361, -0.018188, 0.327329, 0.944735, 0.169917, 0.000000, 0.000000, 0.000000, 1.000000, -0.018188, 0.327329, 0.944735, 0.191917, -0.996466, -0.083435, 0.009724, -0.010372, 0.082007, -0.941220, 0.327689, 0.231434, 0.000000, 0.000000, 0.000000, 1.000000, -0.999541, 0.023149, 0.019567, 0.005562, 0.021356, 0.079766, 0.996585, -0.124141, 0.021510, 0.996545, -0.080224, -0.040688, 0.000000, 0.000000, 0.000000, 1.000000
24.1530, 10.3490, -31.1153, 169.6014, 191.6014, -10.3490, 231.1887, 5.5262, -124.1228, -40.8234, 0.996246, 0.085640, -0.012616, 0.010349, -0.084870, 0.937633, -0.337108, -0.031115, -0.017041, 0.336913, 0.941381, 0.169601, 0.000000, 0.000000, 0.000000, 1.000000, -0.017041, 0.336913, 0.941381, 0.191601, -0.996246, -0.085640, 0.012616, -0.010349, 0.084870, -0.937633, 0.337108, 0.231189, 0.000000, 0.000000, 0.000000, 1.000000, -0.999542, 0.021439, 0.021345, 0.005526, 0.023147, 0.087676, 0.995880, -0.124123, 0.019479, 0.995918, -0.088132, -0.040823, 0.000000, 0.000000, 0.000000, 1.000000
24.2908, 10.3229, -30.7330, 169.2086, 191.2086, -10.3229, 230.8064, 5.5018, -124.2057, -40.8544, 0.996283, 0.085044, -0.013733, 0.010323, -0.084622, 0.936308, -0.340831, -0.030733, -0.016127, 0.340726, 0.940024, 0.169209, 0.000000, 0.000000, 0.000000, 1.000000, -0.016127, 0.340726, 0.940024, 0.191209, -0.996283, -0.085044, 0.013733, -0.010323, 0.084622, -0.936308, 0.340831, 0.230806, 0.000000, 0.000000, 0.000000, 1.000000, -0.999505, 0.022488, 0.021999, 0.005502, 0.023926, 0.089332, 0.995715, -0.124206, 0.020426, 0.995748, -0.089825, -0.040854, 0.000000, 0.000000, 0.000000, 1.000000
24.4241, 10.2369, -30.5525, 168.8306, 190.8306, -10.2369, 230.6260, 5.5191, -124.2361, -41.0738, 0.996273, 0.085418, -0.012031, 0.010237, -0.084463, 0.937640, -0.337192, -0.030553, -0.017521, 0.336951, 0.941359, 0.168831, 0.000000, 0.000000, 0.000000, 1.000000, -0.017521, 0.336951, 0.941359, 0.190831, -0.996273, -0.085418, 0.012031, -0.010237, 0.084463, -0.937640, 0.337192, 0.230626, 0.000000, 0.000000, 0.000000, 1.000000, -0.999533, 0.022483, 0.020702, 0.005519, 0.022504, 0.083064, 0.996290, -0.124236, 0.020680, 0.996291, -0.083531, -0.041074, 0.000000, 0.000000, 0.000000, 1.000000
24.5722, 10.1364, -30.1555, 168.4148, 190.4148, -10.1364, 230.2289, 5.5609, -124.3174, -41.1293, 0.996247, 0.086172, -0.008078, 0.010136, -0.083600, 0.933924, -0.347558, -0.030155, -0.022405, 0.346929, 0.937624, 0.168415, 0.000000, 0.000000, 0.000000, 1.000000, -0.022405, 0.346929, 0.937624, 0.190415, -0.996247, -0.086172, 0.008078, -0.010136, 0.083600, -0.933924, 0.347558, 0.230229, 0.000000, 0.000000, 0.000000, 1.000000, -0.999631, 0.022261, 0.015572, 0.005561, 0.017540, 0.091142, 0.995683, -0.124317, 0.020745, 0.995589, -0.091499, -0.041129, 0.000000, 0.000000, 0.000000, 1.000000
24.7199, 10.1186, -29.9337, 168.1699, 190.1699, -10.1186, 230.0071, 5.5140, -124.1878, -41.3000, 0.996215, 0.085852, -0.013616, 0.010119, -0.085298, 0.935344, -0.343302, -0.029934, -0.016738, 0.343164, 0.939127, 0.168170, 0.000000, 0.000000, 0.000000, 1.000000, -0.016738, 0.343164, 0.939127, 0.190170, -0.996215, -0.085852, 0.013616, -0.010119, 0.085298, -0.935344, 0.343302, 0.230007, 0.000000, 0.000000, 0.000000, 1.000000, -0.999504, 0.022998, 0.021533, 0.005514, 0.023407, 0.084603, 0.996140, -0.124188, 0.021087, 0.996149, -0.085099, -0.041300, 0.000000, 0.000000, 0.000000, 1.000000
24.8546, 10.0806, -29.7503, 167.9511, 189.9511, -10.0806, 229.8237, 5.4902, -124.0604, -41.4753, 0.996135, 0.087344, -0.009316, 0.010081, -0.085103, 0.933389, -0.348630, -0.029750, -0.021755, 0.348076, 0.937214, 0.167951, 0.000000, 0.000000, 0.000000, 1.000000, -0.021755, 0.348076, 0.937214, 0.189951, -0.996135, -0.087344, 0.009316, -0.010081, 0.085103, -0.933389, 0.348630, 0.229824, 0.000000, 0.000000, 0.000000, 1.000000, -0.999621, 0.021948, 0.016620, 0.005490, 0.018482, 0.087577, 0.995986, -0.124060, 0.020404, 0.995916, -0.087949, -0.041475, 0.000000, 0.000000, 0.000000, 1.000000
24.9908, 9.9689, -29.3869, 167.4769, 189.4769, -9.9689, 229.4604, 5.5454, -124.2241, -41.5578, 0.996114, 0.087564, -0.009487, 0.009969, -0.085406, 0.933962, -0.347017, -0.029387, -0.021525, 0.346479, 0.937811, 0.167477, 0.000000, 0.000000, 0.000000, 1.000000, -0.021525, 0.346479, 0.937811, 0.189477, -0.996114, -0.087564, 0.009487, -0.009969, 0.085406, -0.933962, 0.347017, 0.229460, 0.000000, 0.000000, 0.000000, 1.000000, -0.999611, 0.022127, 0.016955, 0.005545, 0.018749, 0.083556, 0.996327, -0.124224, 0.020629, 0.996257, -0.083938, -0.041558, 0.000000, 0.000000, 0.000000, 1.000000
25.1323, 9.9982, -29.1036, 167.0471, 189.0471, -9.9982, 229.1771, 5.4508, -124.3061, -41.7028, 0.996028, 0.087213, -0.017966, 0.009998, -0.087854, 0.929607, -0.357928, -0.029104, -0.014515, 0.358084, 0.933577, 0.167047, 0.000000, 0.000000, 0.000000, 1.000000, -0.014515, 0.358084, 0.933577, 0.189047, -0.996028, -0.087213, 0.017966, -0.009998, 0.087854, -0.929607, 0.357928, 0.229177, 0.000000, 0.000000, 0.000000, 1.000000, -0.999446, 0.022991, 0.024079, 0.005451, 0.026129, 0.093477, 0.995279, -0.124306, 0.020632, 0.995356, -0.094026, -0.041703, 0.000000, 0.000000, 0.000000, 1.000000
25.3151, 9.8648, -28.7432, 166.7379, 188.7379, -9.8648, 228.8167, 5.5115, -124.1766, -41.8495, 0.996016, 0.088739, -0.008779, 0.009865, -0.085994, 0.929800, -0.357878, -0.028743, -0.023595, 0.357207, 0.933727, 0.166738, 0.000000, 0.000000, 0.000000, 1.000000, -0.023595, 0.357207, 0.933727, 0.188738, -0.996016, -0.088739, 0.008779, -0.009865, 0.085994, -0.929800, 0.357878, 0.228817, 0.000000, 0.000000, 0.000000, 1.000000, -0.999646, 0.022007, 0.014919, 0.005512, 0.016832, 0.089477, 0.995847, -0.124177, 0.020581, 0.995746, -0.089816, -0.041849, 0.000000, 0.000000, 0.000000, 1.000000
25.4388, 9.8146, -28.5060, 166.3347, 188.3347, -9.8146, 228.5795, 5.5027, -124.2732, -42.0043, 0.995959, 0.088996, -0.012051, 0.009815, -0.087376, 0.929218, -0.359054, -0.028506, -0.020756, 0.358656, 0.933239, 0.166335, 0.000000, 0.000000, 0.000000, 1.000000, -0.020756, 0.358656, 0.933239, 0.188335, -0.995959, -0.088996, 0.012051, -0.009815, 0.087376, -0.929218, 0.359054, 0.228579, 0.000000, 0.000000, 0.000000, 1.000000, -0.999593, 0.022133, 0.018008, 0.005503, 0.019909, 0.088916, 0.995840, -0.124273, 0.020440, 0.995793, -0.089321, -0.042004, 0.000000, 0.000000, 0.000000, 1.000000
25.6036, 9.6840, -28.1202, 165.8970, 187.8970, -9.6840, 228.1936, 5.5659, -124.3266, -42.1252, 0.996005, 0.088826, -0.009141, 0.009684, -0.086004, 0.926723, -0.365770, -0.028120, -0.024019, 0.365095, 0.930660, 0.165897, 0.000000, 0.000000, 0.000000, 1.000000, -0.024019, 0.365095, 0.930660, 0.187897, -0.996005, -0.088826, 0.009141, -0.009684, 0.086004, -0.926723, 0.365770, 0.228194, 0.000000, 0.000000, 0.000000, 1.000000, -0.999637, 0.022840, 0.014285, 0.005566, 0.016350, 0.092971, 0.995535, -0.124327, 0.021410, 0.995407, -0.093311, -0.042125, 0.000000, 0.000000, 0.000000, 1.000000
25.7256, 9.6642, -27.9444, 165.7269, 187.7269, -9.6642, 228.0178, 5.5330, -124.1867, -42.2692, 0.995902, 0.089598, -0.012270, 0.009664, -0.087989, 0.928689, -0.360270, -0.027944, -0.020884, 0.359874, 0.932767, 0.165727, 0.000000, 0.000000, 0.000000, 1.000000, -0.020884, 0.359874, 0.932767, 0.187727, -0.995902, -0.089598, 0.012270, -0.009664, 0.087989, -0.928689, 0.360270, 0.228018, 0.000000, 0.000000, 0.000000, 1.000000, -0.999587, 0.022404, 0.018023, 0.005533, 0.019874, 0.085333, 0.996154, -0.124187, 0.020780, 0.996101, -0.085743, -0.042269, 0.000000, 0.000000, 0.000000, 1.000000
25.8491, 9.6505, -27.7803, 165.6180, 187.6180, -9.6505, 227.8537, 5.4930, -123.9803, -42.4100, 0.995940, 0.089495, -0.009693, 0.009651, -0.087133, 0.931367, -0.353502, -0.027780, -0.022609, 0.352912, 0.935384, 0.165618, 0.000000, 0.000000, 0.000000, 1.000000, -0.022609, 0.352912, 0.935384, 0.187618, -0.995940, -0.089495, 0.009693, -0.009651, 0.087133, -0.931367, 0.353502, 0.227854, 0.000000, 0.000000, 0.000000, 1.000000, -0.999607, 0.022836, 0.016265, 0.005493, 0.017953, 0.075782, 0.996963, -0.123980, 0.021534, 0.996863, -0.076162, -0.042410, 0.000000, 0.000000, 0.000000, 1.000000
25.9774, 9.5136, -27.3188, 165.0541, 187.0541, -9.5136, 227.3923, 5.5845, -124.2826, -42.4200, 0.995903, 0.090057, -0.008189, 0.009514, -0.086752, 0.925934, -0.367588, -0.027319, -0.025521, 0.366793, 0.929953, 0.165054, 0.000000, 0.000000, 0.000000, 1.000000, -0.025521, 0.366793, 0.929953, 0.187054, -0.995903, -0.090057, 0.008189, -0.009514, 0.086752, -0.925934, 0.367588, 0.227392, 0.000000, 0.000000, 0.000000, 1.000000, -0.999656, 0.022745, 0.013045, 0.005585, 0.015009, 0.088445, 0.995968, -0.124283, 0.021499, 0.995821, -0.088756, -0.042420, 0.000000, 0.000000, 0.000000, 1.000000
26.0991, 9.4821, -27.1783, 164.8255, 186.8255, -9.4821, 227.2518, 5.5552, -124.1896, -42.6164, 0.995837, 0.090225, -0.013000, 0.009482, -0.088809, 0.928118, -0.361537, -0.027178, -0.020554, 0.361187, 0.932267, 0.164825, 0.000000, 0.000000, 0.000000, 1.000000, -0.020554, 0.361187, 0.932267, 0.186825, -0.995837, -0.090225, 0.013000, -0.009482, 0.088809, -0.928118, 0.361537, 0.227252, 0.000000, 0.000000, 0.000000, 1.000000, -0.999565, 0.022914, 0.018543, 0.005555, 0.020330, 0.080366, 0.996558, -0.124190, 0.021344, 0.996502, -0.080797, -0.042616, 0.000000, 0.000000, 0.000000, 1.000000
26.2266, 9.4721, -26.9463, 164.5491, 186.5491, -9.4721, 227.0198, 5.5097, -124.1516, -42.7496, 0.995739, 0.090993, -0.014991, 0.009472, -0.090073, 0.924743, -0.369780, -0.026946, -0.019785, 0.369555, 0.928998, 0.164549, 0.000000, 0.000000, 0.000000, 1.000000, -0.019785, 0.369555, 0.928998, 0.186549, -0.995739, -0.090993, 0.014991, -0.009472, 0.090073, -0.924743, 0.369780, 0.227020, 0.000000, 0.000000, 0.000000, 1.000000, -0.999555, 0.022573, 0.019497, 0.005510, 0.021396, 0.087180, 0.995963, -0.124152, 0.020782, 0.995937, -0.087624, -0.042750, 0.000000, 0.000000, 0.000000, 1.000000
26.3874, 9.4080, -26.4953, 163.9693, 185.9693, -9.4080, 226.5687, 5.5101, -124.3715, -42.8408, 0.995663, 0.091843, -0.014807, 0.009408, -0.090619, 0.921507, -0.377641, -0.026495, -0.021038, 0.377345, 0.925834, 0.163969, 0.000000, 0.000000, 0.000000, 1.000000, -0.021038, 0.377345, 0.925834, 0.185969, -0.995663, -0.091843, 0.014807, -0.009408, 0.090619, -0.921507, 0.377641, 0.226569, 0.000000, 0.000000, 0.000000, 1.000000, -0.999585, 0.022240, 0.018315, 0.005510, 0.020305, 0.092833, 0.995475, -0.124371, 0.020439, 0.995433, -0.093246, -0.042841, 0.000000, 0.000000, 0.000000, 1.000000
26.5151, 9.3485, -26.3283, 163.8488, 185.8488, -9.3485, 226.4017, 5.5123, -124.1658, -42.9986, 0.995728, 0.091905, -0.008935, 0.009349, -0.088476, 0.921900, -0.377191, -0.026328, -0.026429, 0.376370, 0.926092, 0.163849, 0.000000, 0.000000, 0.000000, 1.000000, -0.026429, 0.376370, 0.926092, 0.185849, -0.995728, -0.091905, 0.008935, -0.009349, 0.088476, -0.921900, 0.377191, 0.226402, 0.000000, 0.000000, 0.000000, 1.000000, -0.999667, 0.022561, 0.012531, 0.005512, 0.014506, 0.089601, 0.995872, -0.124166, 0.021345, 0.995722, -0.089899, -0.042999, 0.000000, 0.000000, 0.000000, 1.000000
26.6256, 9.2826, -26.1301, 163.5823, 185.5823, -9.2826, 226.2036, 5.5282, -124.1585, -43.1334, 0.995660, 0.092604, -0.009218, 0.009283, -0.089228, 0.921815, -0.377220, -0.026130, -0.026435, 0.376405, 0.926078, 0.163582, 0.000000, 0.000000, 0.000000, 1.000000, -0.026435, 0.376405, 0.926078, 0.185582, -0.995660, -0.092604, 0.009218, -0.009283, 0.089228, -0.921815, 0.377220, 0.226204, 0.000000, 0.000000, 0.000000, 1.000000, -0.999672, 0.022194, 0.012790, 0.005528, 0.014692, 0.087778, 0.996032, -0.124158, 0.020983, 0.995893, -0.088075, -0.043133, 0.000000, 0.000000, 0.000000, 1.000000
26.7484, 9.2458, -25.8406, 163.2616, 185.2616, -9.2458, 225.9140, 5.5166, -124.1938, -43.2212, 0.995647, 0.092792, -0.008775, 0.009246, -0.088973, 0.918147, -0.386122, -0.025841, -0.027772, 0.385222, 0.922406, 0.163262, 0.000000, 0.000000, 0.000000, 1.000000, -0.027772, 0.385222, 0.922406, 0.185262, -0.995647, -0.092792, 0.008775, -0.009246, 0.088973, -0.918147, 0.386122, 0.225914, 0.000000, 0.000000, 0.000000, 1.000000, -0.999686, 0.022404, 0.011213, 0.005517, 0.013298, 0.095187, 0.995371, -0.124194, 0.021233, 0.995207, -0.095455, -0.043221, 0.000000, 0.000000, 0.000000, 1.000000
26.8743, 9.1727, -25.4798, 162.9059, 184.9059, -9.1727, 225.5533, 5.5445, -124.2758, -43.2637, 0.995531, 0.094010, -0.008902, 0.009173, -0.090353, 0.920892, -0.379202, -0.025480, -0.027451, 0.378312, 0.925271, 0.162906, 0.000000, 0.000000, 0.000000, 1.000000, -0.027451, 0.378312, 0.925271, 0.184906, -0.995531, -0.094010, 0.008902, -0.009173, 0.090353, -0.920892, 0.379202, 0.225553, 0.000000, 0.000000, 0.000000, 1.000000, -0.999694, 0.021541, 0.012179, 0.005545, 0.013982, 0.085633, 0.996229, -0.124276, 0.020417, 0.996094, -0.085908, -0.043264, 0.000000, 0.000000, 0.000000, 1.000000
26.9958, 9.1555, -25.3339, 162.7082, 184.7082, -9.1555, 225.4074, 5.5049, -124.1545, -43.4477, 0.995549, 0.093696, -0.010116, 0.009155, -0.090381, 0.918845, -0.384129, -0.025334, -0.026696, 0.383333, 0.923224, 0.162708, 0.000000, 0.000000, 0.000000, 1.000000, -0.026696, 0.383333, 0.923224, 0.184708, -0.995549, -0.093696, 0.010116, -0.009155, 0.090381, -0.918845, 0.384129, 0.225407, 0.000000, 0.000000, 0.000000, 1.000000, -0.999672, 0.022239, 0.012740, 0.005505, 0.014671, 0.088953, 0.995928, -0.124155, 0.021015, 0.995788, -0.089250, -0.043448, 0.000000, 0.000000, 0.000000, 1.000000
27.1450, 9.0536, -25.0109, 162.3096, 184.3096, -9.0536, 225.0843, 5.5422, -124.1987, -43.5940, 0.995554, 0.093666, -0.009970, 0.009054, -0.090047, 0.915297, -0.392585, -0.025011, -0.027646, 0.391737, 0.919662, 0.162310, 0.000000, 0.000000, 0.000000, 1.000000, -0.027646, 0.391737, 0.919662, 0.184310, -0.995554, -0.093666, 0.009970, -0.009054, 0.090047, -0.915297, 0.392585, 0.225084, 0.000000, 0.000000, 0.000000, 1.000000, -0.999675, 0.022740, 0.011511, 0.005542, 0.013633, 0.095483, 0.995338, -0.124199, 0.021535, 0.995171, -0.095762, -0.043594, 0.000000, 0.000000, 0.000000, 1.000000
27.2826, 9.0396, -24.6309, 161.8050, 183.8050, -9.0396, 224.7044, 5.5004, -124.3942, -43.6848, 0.995454, 0.093766, -0.016734, 0.009040, -0.092909, 0.917228, -0.387377, -0.024631, -0.020973, 0.387171, 0.921770, 0.161805, 0.000000, 0.000000, 0.000000, 1.000000, -0.020973, 0.387171, 0.921770, 0.183805, -0.995454, -0.093766, 0.016734, -0.009040, 0.092909, -0.917228, 0.387377, 0.224704, 0.000000, 0.000000, 0.000000, 1.000000, -0.999557, 0.023048, 0.018857, 0.005500, 0.020821, 0.088193, 0.995886, -0.124394, 0.021290, 0.995837, -0.088634, -0.043685, 0.000000, 0.000000, 0.000000, 1.000000
27.3984, 8.9768, -24.4320, 161.7138, 183.7138, -8.9768, 224.5055, 5.5187, -124.2050, -43.7811, 0.995443, 0.094629, -0.011785, 0.008977, -0.091647, 0.915197, -0.392448, -0.024432, -0.026351, 0.391739, 0.919699, 0.161714, 0.000000, 0.000000, 0.000000, 1.000000, -0.026351, 0.391739, 0.919699, 0.183714, -0.995443, -0.094629, 0.011785, -0.008977, 0.091647, -0.915197, 0.392448, 0.224505, 0.000000, 0.000000, 0.000000, 1.000000, -0.999658, 0.022540, 0.013281, 0.005519, 0.015285, 0.091193, 0.995716, -0.124205, 0.021233, 0.995578, -0.091506, -0.043781, 0.000000, 0.000000, 0.000000, 1.000000
27.5379, 8.9369, -24.2113, 161.4484, 183.4484, -8.9369, 224.2848, 5.4960, -124.1187, -43.9588, 0.995527, 0.093621, -0.012708, 0.008937, -0.091088, 0.915359, -0.392200, -0.024211, -0.025086, 0.391603, 0.919792, 0.161448, 0.000000, 0.000000, 0.000000, 1.000000, -0.025086, 0.391603, 0.919792, 0.183448, -0.995527, -0.093621, 0.012708, -0.008937, 0.091088, -0.915359, 0.392200, 0.224285, 0.000000, 0.000000, 0.000000, 1.000000, -0.999612, 0.023974, 0.014204, 0.005496, 0.016277, 0.088613, 0.995933, -0.124119, 0.022618, 0.995778, -0.088969, -0.043959, 0.000000, 0.000000, 0.000000, 1.000000
27.6612, 8.8776, -23.9795, 161.1643, 183.1643, -8.8776, 224.0530, 5.5012, -124.1012, -44.0995, 0.995418, 0.094925, -0.011539, 0.008878, -0.091796, 0.914788, -0.393365, -0.023980, -0.026784, 0.392621, 0.919310, 0.161164, 0.000000, 0.000000, 0.000000, 1.000000, -0.026784, 0.392621, 0.919310, 0.183164, -0.995418, -0.094925, 0.011539, -0.008878, 0.091796, -0.914788, 0.393365, 0.224053, 0.000000, 0.000000, 0.000000, 1.000000, -0.999652, 0.023039, 0.012873, 0.005501, 0.014847, 0.087664, 0.996039, -0.124101, 0.021819, 0.995884, -0.087975, -0.044100, 0.000000, 0.000000, 0.000000, 1.000000
27.8002, 8.7753, -23.6114, 160.7688, 182.7688, -8.7753, 223.6848, 5.5503, -124.1865, -44.1863, 0.995323, 0.096067, -0.010197, 0.008775, -0.092283, 0.914237, -0.394531, -0.023611, -0.028579, 0.393627, 0.918826, 0.160769, 0.000000, 0.000000, 0.000000, 1.000000, -0.028579, 0.393627, 0.918826, 0.182769, -0.995323, -0.096067, 0.010197, -0.008775, 0.092283, -0.914237, 0.394531, 0.223685, 0.000000, 0.000000, 0.000000, 1.000000, -0.999686, 0.022314, 0.011368, 0.005550, 0.013257, 0.086423, 0.996170, -0.124187, 0.021246, 0.996009, -0.086692, -0.044186, 0.000000, 0.000000, 0.000000, 1.000000
27.9299, 8.7709, -23.3986, 160.6302, 182.6302, -8.7709, 223.4720, 5.5027, -124.0058, -44.3083, 0.995275, 0.096149, -0.013516, 0.008771, -0.093551, 0.912357, -0.398565, -0.023399, -0.025991, 0.397946, 0.917041, 0.160630, 0.000000, 0.000000, 0.000000, 1.000000, -0.025991, 0.397946, 0.917041, 0.182630, -0.995275, -0.096149, 0.013516, -0.008771, 0.093551, -0.912357, 0.398565, 0.223472, 0.000000, 0.000000, 0.000000, 1.000000, -0.999644, 0.022628, 0.014118, 0.005503, 0.016078, 0.088897, 0.995911, -0.124006, 0.021281, 0.995784, -0.089229, -0.044308, 0.000000, 0.000000, 0.000000, 1.000000
28.0611, 8.6697, -23.0017, 160.1880, 182.1880, -8.6697, 223.0752, 5.5558, -124.1683, -44.3678, 0.995271, 0.096549, -0.010699, 0.008670, -0.092833, 0.912923, -0.397434, -0.023002, -0.028605, 0.396548, 0.917568, 0.160188, 0.000000, 0.000000, 0.000000, 1.000000, -0.028605, 0.396548, 0.917568, 0.182188, -0.995271, -0.096549, 0.010699, -0.008670, 0.092833, -0.912923, 0.397434, 0.223075, 0.000000, 0.000000, 0.000000, 1.000000, -0.999679, 0.022622, 0.011447, 0.005556, 0.013335, 0.085150, 0.996279, -0.124168, 0.021563, 0.996111, -0.085424, -0.044368, 0.000000, 0.000000, 0.000000, 1.000000
28.1740, 8.6471, -22.7584, 159.8587, 181.8587, -8.6471, 222.8319, 5.5299, -124.2283, -44.4891, 0.995253, 0.095786, -0.017211, 0.008647, -0.094577, 0.910264, -0.403082, -0.022758, -0.022943, 0.402797, 0.915002, 0.159859, 0.000000, 0.000000, 0.000000, 1.000000, -0.022943, 0.402797, 0.915002, 0.181859, -0.995253, -0.095786, 0.017211, -0.008647, 0.094577, -0.910264, 0.403082, 0.222832, 0.000000, 0.000000, 0.000000, 1.000000, -0.999571, 0.023733, 0.017150, 0.005530, 0.019221, 0.089979, 0.995758, -0.124228, 0.022090, 0.995661, -0.090397, -0.044489, 0.000000, 0.000000, 0.000000, 1.000000
28.2979, 8.6156, -22.5511, 159.6131, 181.6131, -8.6156, 222.6245, 5.5055, -124.1646, -44.6428, 0.995185, 0.097512, -0.009915, 0.008616, -0.093077, 0.908501, -0.407386, -0.022551, -0.030717, 0.406347, 0.913202, 0.159613, 0.000000, 0.000000, 0.000000, 1.000000, -0.030717, 0.406347, 0.913202, 0.181613, -0.995185, -0.097512, 0.009915, -0.008616, 0.093077, -0.908501, 0.407386, 0.222625, 0.000000, 0.000000, 0.000000, 1.000000, -0.999706, 0.022374, 0.009334, 0.005505, 0.011351, 0.091805, 0.995712, -0.124165, 0.021421, 0.995526, -0.092032, -0.044643, 0.000000, 0.000000, 0.000000, 1.000000
28.4262, 8.5852, -22.3452, 159.3440, 181.3440, -8.5852, 222.4186, 5.4764, -124.1095, -44.8152, 0.995129, 0.097975, -0.010904, 0.008585, -0.093913, 0.908568, -0.407044, -0.022345, -0.029973, 0.406086, 0.913343, 0.159344, 0.000000, 0.000000, 0.000000, 1.000000, -0.029973, 0.406086, 0.913343, 0.181344, -0.995129, -0.097975, 0.010904, -0.008585, 0.093913, -0.908568, 0.407044, 0.222419, 0.000000, 0.000000, 0.000000, 1.000000, -0.999698, 0.022298, 0.010345, 0.005476, 0.012298, 0.089345, 0.995925, -0.124110, 0.021283, 0.995751, -0.089592, -0.044815, 0.000000, 0.000000, 0.000000, 1.000000
28.5623, 8.5136, -21.9137, 158.8821, 180.8821, -8.5136, 221.9872, 5.5023, -124.2881, -44.8606, 0.995046, 0.098267, -0.015087, 0.008514, -0.095805, 0.907234, -0.409570, -0.021914, -0.026560, 0.408986, 0.912154, 0.158882, 0.000000, 0.000000, 0.000000, 1.000000, -0.026560, 0.408986, 0.912154, 0.180882, -0.995046, -0.098267, 0.015087, -0.008514, 0.095805, -0.907234, 0.409570, 0.221987, 0.000000, 0.000000, 0.000000, 1.000000, -0.999649, 0.022412, 0.014121, 0.005502, 0.016089, 0.090197, 0.995794, -0.124288, 0.021044, 0.995672, -0.090525, -0.044861, 0.000000, 0.000000, 0.000000, 1.000000
28.6983, 8.4223, -21.6876, 158.6696, 180.6696, -8.4223, 221.7610, 5.5346, -124.1642, -45.0212, 0.995075, 0.098706, -0.009123, 0.008422, -0.093580, 0.905059, -0.414863, -0.021688, -0.032693, 0.413674, 0.909838, 0.158670, 0.000000, 0.000000, 0.000000, 1.000000, -0.032693, 0.413674, 0.909838, 0.180670, -0.995075, -0.098706, 0.009123, -0.008422, 0.093580, -0.905059, 0.414863, 0.221761, 0.000000, 0.000000, 0.000000, 1.000000, -0.999722, 0.022376, 0.007485, 0.005535, 0.009537, 0.093015, 0.995619, -0.124164, 0.021582, 0.995413, -0.093202, -0.045021, 0.000000, 0.000000, 0.000000, 1.000000
28.8400, 8.3775, -21.4566, 158.4361, 180.4361, -8.3775, 221.5300, 5.5180, -124.0444, -45.1913, 0.995008, 0.099081, -0.011906, 0.008378, -0.095084, 0.905058, -0.414522, -0.021457, -0.030296, 0.413584, 0.909962, 0.158436, 0.000000, 0.000000, 0.000000, 1.000000, -0.030296, 0.413584, 0.909962, 0.180436, -0.995008, -0.099081, 0.011906, -0.008378, 0.095084, -0.905058, 0.414522, 0.221530, 0.000000, 0.000000, 0.000000, 1.000000, -0.999696, 0.022428, 0.010266, 0.005518, 0.012257, 0.090509, 0.995820, -0.124044, 0.021405, 0.995643, -0.090756, -0.045191, 0.000000, 0.000000, 0.000000, 1.000000
28.9461, 8.3652, -21.2484, 158.2504, 180.2504, -8.3652, 221.3219, 5.4889, -123.9764, -45.2870, 0.994980, 0.099320, -0.012286, 0.008365, -0.095456, 0.904981, -0.414606, -0.021248, -0.030061, 0.413697, 0.909918, 0.158250, 0.000000, 0.000000, 0.000000, 1.000000, -0.030061, 0.413697, 0.909918, 0.180250, -0.994980, -0.099320, 0.012286, -0.008365, 0.095456, -0.904981, 0.414606, 0.221322, 0.000000, 0.000000, 0.000000, 1.000000, -0.999690, 0.022508, 0.010605, 0.005489, 0.012565, 0.088827, 0.995968, -0.123976, 0.021475, 0.995793, -0.089082, -0.045287, 0.000000, 0.000000, 0.000000, 1.000000
29.0782, 8.2480, -20.8331, 157.7803, 179.7803, -8.2480, 220.9065, 5.5574, -124.1705, -45.3522, 0.994899, 0.099987, -0.013329, 0.008248, -0.096462, 0.904425, -0.415584, -0.020833, -0.029498, 0.414750, 0.909457, 0.157780, 0.000000, 0.000000, 0.000000, 1.000000, -0.029498, 0.414750, 0.909457, 0.179780, -0.994899, -0.099987, 0.013329, -0.008248, 0.096462, -0.904425, 0.415584, 0.220907, 0.000000, 0.000000, 0.000000, 1.000000, -0.999687, 0.022236, 0.011493, 0.005557, 0.013403, 0.087751, 0.996052, -0.124171, 0.021140, 0.995894, -0.088021, -0.045352, 0.000000, 0.000000, 0.000000, 1.000000
29.1990, 8.2322, -20.5161, 157.4587, 179.4587, -8.2322, 220.5896, 5.5289, -124.2239, -45.4260, 0.994950, 0.099322, -0.014450, 0.008232, -0.096121, 0.901495, -0.421981, -0.020516, -0.028885, 0.421240, 0.906489, 0.157459, 0.000000, 0.000000, 0.000000, 1.000000, -0.028885, 0.421240, 0.906489, 0.179459, -0.994950, -0.099322, 0.014450, -0.008232, 0.096121, -0.901495, 0.421981, 0.220590, 0.000000, 0.000000, 0.000000, 1.000000, -0.999661, 0.023256, 0.011713, 0.005529, 0.013824, 0.092775, 0.995591, -0.124224, 0.022067, 0.995416, -0.093065, -0.045426, 0.000000, 0.000000, 0.000000, 1.000000
29.3399, 8.2191, -20.3848, 157.3058, 179.3058, -8.2191, 220.4582, 5.4743, -123.9969, -45.6590, 0.994909, 0.099518, -0.015859, 0.008219, -0.096896, 0.901470, -0.421858, -0.020385, -0.027686, 0.421247, 0.906523, 0.157306, 0.000000, 0.000000, 0.000000, 1.000000, -0.027686, 0.421247, 0.906523, 0.179306, -0.994909, -0.099518, 0.015859, -0.008219, 0.096896, -0.901470, 0.421858, 0.220458, 0.000000, 0.000000, 0.000000, 1.000000, -0.999638, 0.023485, 0.013101, 0.005474, 0.015174, 0.090381, 0.995792, -0.123997, 0.022203, 0.995630, -0.090705, -0.045659, 0.000000, 0.000000, 0.000000, 1.000000
29.4568, 8.1431, -20.1487, 157.0619, 179.0619, -8.1431, 220.2222, 5.5010, -123.9622, -45.7814, 0.994850, 0.100358, -0.014184, 0.008143, -0.096856, 0.900109, -0.424762, -0.020149, -0.029861, 0.423948, 0.905194, 0.157062, 0.000000, 0.000000, 0.000000, 1.000000, -0.029861, 0.423948, 0.905194, 0.179062, -0.994850, -0.100358, 0.014184, -0.008143, 0.096856, -0.900109, 0.424762, 0.220222, 0.000000, 0.000000, 0.000000, 1.000000, -0.999675, 0.022987, 0.011031, 0.005501, 0.013089, 0.091391, 0.995729, -0.123962, 0.021881, 0.995550, -0.091662, -0.045781, 0.000000, 0.000000, 0.000000, 1.000000
29.5844, 8.0897, -19.7300, 156.6808, 178.6808, -8.0897, 219.8034, 5.5144, -124.0872, -45.8011, 0.994794, 0.100679, -0.015763, 0.008090, -0.097897, 0.901205, -0.422192, -0.019730, -0.028300, 0.421537, 0.906369, 0.156681, 0.000000, 0.000000, 0.000000, 1.000000, -0.028300, 0.421537, 0.906369, 0.178681, -0.994794, -0.100679, 0.015763, -0.008090, 0.097897, -0.901205, 0.422192, 0.219803, 0.000000, 0.000000, 0.000000, 1.000000, -0.999651, 0.023058, 0.012925, 0.005514, 0.014877, 0.086568, 0.996135, -0.124087, 0.021850, 0.995979, -0.086881, -0.045801, 0.000000, 0.000000, 0.000000, 1.000000
29.7264, 8.0520, -19.5313, 156.4661, 178.4661, -8.0520, 219.6047, 5.4881, -123.9384, -45.9998, 0.994721, 0.101406, -0.015747, 0.008052, -0.098455, 0.899761, -0.425133, -0.019531, -0.028943, 0.424438, 0.904994, 0.156466, 0.000000, 0.000000, 0.000000, 1.000000, -0.028943, 0.424438, 0.904994, 0.178466, -0.994721, -0.101406, 0.015747, -0.008052, 0.098455, -0.899761, 0.425133, 0.219605, 0.000000, 0.000000, 0.000000, 1.000000, -0.999663, 0.022748, 0.012483, 0.005488, 0.014427, 0.087368, 0.996072, -0.123938, 0.021568, 0.995916, -0.087667, -0.046000, 0.000000, 0.000000, 0.000000, 1.000000
29.8510, 7.9659, -19.0906, 156.0422, 178.0422, -7.9659, 219.1640, 5.5360, -124.1212, -46.0136, 0.994644, 0.102761, -0.011069, 0.007966, -0.097488, 0.897209, -0.430711, -0.019091, -0.034329, 0.429484, 0.902422, 0.156042, 0.000000, 0.000000, 0.000000, 1.000000, -0.034329, 0.429484, 0.902422, 0.178042, -0.994644, -0.102761, 0.011069, -0.007966, 0.097488, -0.897209, 0.430711, 0.219164, 0.000000, 0.000000, 0.000000, 1.000000, -0.999739, 0.021742, 0.007057, 0.005536, 0.009006, 0.090863, 0.995823, -0.124121, 0.021010, 0.995626, -0.091035, -0.046014, 0.000000, 0.000000, 0.000000, 1.000000
29.9533, 7.9483, -18.9186, 155.9125, 177.9125, -7.9483, 218.9921, 5.5111, -124.0000, -46.1207, 0.994671, 0.101931, -0.015506, 0.007948, -0.098765, 0.898819, -0.427047, -0.018919, -0.029592, 0.426303, 0.904096, 0.155913, 0.000000, 0.000000, 0.000000, 1.000000, -0.029592, 0.426303, 0.904096, 0.177913, -0.994671, -0.101931, 0.015506, -0.007948, 0.098765, -0.898819, 0.427047, 0.218992, 0.000000, 0.000000, 0.000000, 1.000000, -0.999666, 0.022901, 0.011951, 0.005511, 0.013870, 0.085561, 0.996236, -0.124000, 0.021792, 0.996070, -0.085850, -0.046121, 0.000000, 0.000000, 0.000000, 1.000000
29.9821, 7.9020, -18.6583, 155.4738, 177.4738, -7.9020, 218.7318, 5.5493, -124.4171, -46.0985, 0.994582, 0.103083, -0.013433, 0.007902, -0.098654, 0.895214, -0.434579, -0.018658, -0.032773, 0.433550, 0.900534, 0.155474, 0.000000, 0.000000, 0.000000, 1.000000, -0.032773, 0.433550, 0.900534, 0.177474, -0.994582, -0.103083, 0.013433, -0.007902, 0.098654, -0.895214, 0.434579, 0.218732, 0.000000, 0.000000, 0.000000, 1.000000, -0.999723, 0.021796, 0.008849, 0.005549, 0.010843, 0.093126, 0.995595, -0.124417, 0.020876, 0.995416, -0.093337, -0.046098, 0.000000, 0.000000, 0.000000, 1.000000
29.9984, 7.8769, -18.4853, 155.2905, 177.2905, -7.8769, 218.5587, 5.5772, -124.6015, -46.0395, 0.994618, 0.102461, -0.015389, 0.007877, -0.098848, 0.893860, -0.437313, -0.018485, -0.031052, 0.436480, 0.899178, 0.155291, 0.000000, 0.000000, 0.000000, 1.000000, -0.031052, 0.436480, 0.899178, 0.177291, -0.994618, -0.102461, 0.015389, -0.007877, 0.098848, -0.893860, 0.437313, 0.218559, 0.000000, 0.000000, 0.000000, 1.000000, -0.999694, 0.022454, 0.010399, 0.005577, 0.012511, 0.096063, 0.995297, -0.124601, 0.021349, 0.995122, -0.096315, -0.046039, 0.000000, 0.000000, 0.000000, 1.000000
30.0048, 7.8732, -18.4566, 155.2542, 177.2542, -7.8732, 218.5301, 5.5789, -124.6267, -46.0396, 0.994615, 0.102664, -0.014193, 0.007873, -0.098531, 0.894209, -0.436672, -0.018457, -0.032139, 0.435719, 0.899509, 0.155254, 0.000000, 0.000000, 0.000000, 1.000000, -0.032139, 0.435719, 0.899509, 0.177254, -0.994615, -0.102664, 0.014193, -0.007873, 0.098531, -0.894209, 0.436672, 0.218530, 0.000000, 0.000000, 0.000000, 1.000000, -0.999709, 0.022274, 0.009301, 0.005579, 0.011380, 0.095121, 0.995401, -0.124627, 0.021286, 0.995217, -0.095347, -0.046040, 0.000000, 0.000000, 0.000000, 1.000000
30.0070, 7.8761, -18.4157, 155.1795, 177.1795, -7.8761, 218.4891, 5.5758, -124.7045, -46.0319, 0.994641, 0.102076, -0.016424, 0.007876, -0.098918, 0.893328, -0.438384, -0.018416, -0.030077, 0.437659, 0.898638, 0.155179, 0.000000, 0.000000, 0.000000, 1.000000, -0.030077, 0.437659, 0.898638, 0.177179, -0.994641, -0.102076, 0.016424, -0.007876, 0.098918, -0.893328, 0.438384, 0.218489, 0.000000, 0.000000, 0.000000, 1.000000, -0.999675, 0.022860, 0.011274, 0.005576, 0.013446, 0.097205, 0.995174, -0.124705, 0.021654, 0.995002, -0.097480, -0.046032, 0.000000, 0.000000, 0.000000, 1.000000
30.0089, 7.8774, -18.4627, 155.2560, 177.2560, -7.8774, 218.5361, 5.5728, -124.6105, -46.0531, 0.994632, 0.102294, -0.015612, 0.007877, -0.098903, 0.895400, -0.434140, -0.018463, -0.030431, 0.433353, 0.900710, 0.155256, 0.000000, 0.000000, 0.000000, 1.000000, -0.030431, 0.433353, 0.900710, 0.177256, -0.994632, -0.102294, 0.015612, -0.007877, 0.098903, -0.895400, 0.434140, 0.218536, 0.000000, 0.000000, 0.000000, 1.000000, -0.999682, 0.022670, 0.011051, 0.005573, 0.013102, 0.092414, 0.995634, -0.124611, 0.021550, 0.995463, -0.092681, -0.046053, 0.000000, 0.000000, 0.000000, 1.000000
30.0098, 7.8801, -18.4566, 155.2500, 177.2500, -7.8801, 218.5301, 5.5681, -124.6157, -46.0511, 0.994572, 0.102791, -0.016147, 0.007880, -0.099574, 0.895211, -0.434375, -0.018457, -0.030195, 0.433625, 0.900587, 0.155250, 0.000000, 0.000000, 0.000000, 1.000000, -0.030195, 0.433625, 0.900587, 0.177250, -0.994572, -0.102791, 0.016147, -0.007880, 0.099574, -0.895211, 0.434375, 0.218530, 0.000000, 0.000000, 0.000000, 1.000000, -0.999687, 0.022173, 0.011563, 0.005568, 0.013572, 0.092722, 0.995600, -0.124616, 0.021003, 0.995445, -0.092994, -0.046051, 0.000000, 0.000000, 0.000000, 1.000000
30.0103, 7.8766, -18.4563, 155.2511, 177.2511, -7.8766, 218.5298, 5.5724, -124.6134, -46.0519, 0.994623, 0.102015, -0.017839, 0.007877, -0.099605, 0.895159, -0.434476, -0.018456, -0.028354, 0.433916, 0.900507, 0.155251, 0.000000, 0.000000, 0.000000, 1.000000, -0.028354, 0.433916, 0.900507, 0.177251, -0.994623, -0.102015, 0.017839, -0.007877, 0.099605, -0.895159, 0.434476, 0.218530, 0.000000, 0.000000, 0.000000, 1.000000, -0.999649, 0.022953, 0.013219, 0.005572, 0.015300, 0.093001, 0.995548, -0.124613, 0.021621, 0.995401, -0.093319, -0.046052, 0.000000, 0.000000, 0.000000, 1.000000

=== NEW ITERATION ===
# Joint_4_Angle(deg), Cam_X(mm), Cam_Y(mm), Cam_Z(mm), Torso_X(mm), Torso_Y(mm), Torso_Z(mm), EE_X(mm), EE_Y(mm), EE_Z(mm), T_cam2marker_flat(16), T_torso2marker_flat(16), T_ee2marker_flat(16)
0.0000, 19.9602, -61.8013, 227.3966, 249.3966, -19.9602, 261.8748, 8.4312, -118.5768, -17.4939, 0.999555, 0.020992, -0.021173, 0.019960, -0.019811, 0.998314, 0.054553, -0.061801, 0.022283, -0.054109, 0.998286, 0.227397, 0.000000, 0.000000, 0.000000, 1.000000, 0.022283, -0.054109, 0.998286, 0.249397, -0.999555, -0.020992, 0.021173, -0.019960, 0.019811, -0.998314, -0.054553, 0.261875, 0.000000, 0.000000, 0.000000, 1.000000, -0.999782, 0.008287, 0.019181, 0.008431, 0.019940, 0.104029, 0.994374, -0.118577, 0.006245, 0.994540, -0.104171, -0.017494, 0.000000, 0.000000, 0.000000, 1.000000
0.0040, 19.9728, -61.7962, 227.3653, 249.3653, -19.9728, 261.8697, 8.4162, -118.5972, -17.4916, 0.999537, 0.021095, -0.021941, 0.019973, -0.019888, 0.998351, 0.053856, -0.061796, 0.023041, -0.053395, 0.998308, 0.227365, 0.000000, 0.000000, 0.000000, 1.000000, 0.023041, -0.053395, 0.998308, 0.249365, -0.999537, -0.021095, 0.021941, -0.019973, 0.019888, -0.998351, -0.053856, 0.261870, 0.000000, 0.000000, 0.000000, 1.000000, -0.999768, 0.008196, 0.019935, 0.008416, 0.020684, 0.104673, 0.994292, -0.118597, 0.006063, 0.994473, -0.104818, -0.017492, 0.000000, 0.000000, 0.000000, 1.000000
0.0723, 19.9787, -61.8060, 227.3349, 249.3349, -19.9787, 261.8795, 8.3799, -118.4601, -17.6373, 0.999545, 0.021107, -0.021547, 0.019979, -0.019919, 0.998345, 0.053943, -0.061806, 0.022650, -0.053490, 0.998311, 0.227335, 0.000000, 0.000000, 0.000000, 1.000000, 0.022650, -0.053490, 0.998311, 0.249335, -0.999545, -0.021107, 0.021547, -0.019979, 0.019919, -0.998345, -0.053943, 0.261879, 0.000000, 0.000000, 0.000000, 1.000000, -0.999774, 0.008393, 0.019521, 0.008380, 0.020285, 0.103411, 0.994432, -0.118460, 0.006328, 0.994603, -0.103558, -0.017637, 0.000000, 0.000000, 0.000000, 1.000000
0.1613, 19.9524, -61.7843, 227.2915, 249.2915, -19.9524, 261.8578, 8.3665, -118.2798, -17.7931, 0.999535, 0.020935, -0.022157, 0.019952, -0.019693, 0.998300, 0.054862, -0.061784, 0.023268, -0.054400, 0.998248, 0.227291, 0.000000, 0.000000, 0.000000, 1.000000, 0.023268, -0.054400, 0.998248, 0.249291, -0.999535, -0.020935, 0.022157, -0.019952, 0.019693, -0.998300, -0.054862, 0.261858, 0.000000, 0.000000, 0.000000, 1.000000, -0.999758, 0.008842, 0.020138, 0.008367, 0.020929, 0.100984, 0.994668, -0.118280, 0.006761, 0.994849, -0.101144, -0.017793, 0.000000, 0.000000, 0.000000, 1.000000
0.2839, 19.9556, -61.7421, 227.1813, 249.1813, -19.9556, 261.8155, 8.3091, -118.0781, -17.9867, 0.999513, 0.021529, -0.022590, 0.019956, -0.020320, 0.998416, 0.052465, -0.061742, 0.023684, -0.051980, 0.998367, 0.227181, 0.000000, 0.000000, 0.000000, 1.000000, 0.023684, -0.051980, 0.998367, 0.249181, -0.999513, -0.021529, 0.022590, -0.019956, 0.020320, -0.998416, -0.052465, 0.261816, 0.000000, 0.000000, 0.000000, 1.000000, -0.999753, 0.008621, 0.020469, 0.008309, 0.021238, 0.101298, 0.994629, -0.118078, 0.006501, 0.994819, -0.101456, -0.017987, 0.000000, 0.000000, 0.000000, 1.000000
0.3935, 19.8993, -61.6969, 226.9127, 248.9127, -19.8993, 261.7704, 8.3171, -118.0658, -18.1291, 0.999500, 0.021923, -0.022770, 0.019899, -0.020797, 0.998605, 0.048537, -0.061697, 0.023802, -0.048040, 0.998562, 0.226913, 0.000000, 0.000000, 0.000000, 1.000000, 0.023802, -0.048040, 0.998562, 0.248913, -0.999500, -0.021923, 0.022770, -0.019899, 0.020797, -0.998605, -0.048537, 0.261770, 0.000000, 0.000000, 0.000000, 1.000000, -0.999753, 0.008559, 0.020506, 0.008317, 0.021282, 0.103349, 0.994417, -0.118066, 0.006392, 0.994608, -0.103506, -0.018129, 0.000000, 0.000000, 0.000000, 1.000000
0.5157, 19.8490, -61.6456, 226.7098, 248.7098, -19.8490, 261.7190, 8.3140, -117.9560, -18.3003, 0.999535, 0.022068, -0.021055, 0.019849, -0.021060, 0.998675, 0.046964, -0.061646, 0.022064, -0.046498, 0.998675, 0.226710, 0.000000, 0.000000, 0.000000, 1.000000, 0.022064, -0.046498, 0.998675, 0.248710, -0.999535, -0.022068, 0.021055, -0.019849, 0.021060, -0.998675, -0.046964, 0.261719, 0.000000, 0.000000, 0.000000, 1.000000, -0.999786, 0.008786, 0.018717, 0.008314, 0.019521, 0.102796, 0.994511, -0.117956, 0.006814, 0.994664, -0.102946, -0.018300, 0.000000, 0.000000, 0.000000, 1.000000
0.6508, 19.7611, -61.5401, 226.1794, 248.1794, -19.7611, 261.6136, 8.3453, -118.1299, -18.3979, 0.999514, 0.021608, -0.022490, 0.019761, -0.020533, 0.998686, 0.046961, -0.061540, 0.023475, -0.046476, 0.998644, 0.226179, 0.000000, 0.000000, 0.000000, 1.000000, 0.023475, -0.046476, 0.998644, 0.248179, -0.999514, -0.021608, 0.022490, -0.019761, 0.020533, -0.998686, -0.046961, 0.261614, 0.000000, 0.000000, 0.000000, 1.000000, -0.999751, 0.009663, 0.020122, 0.008345, 0.020992, 0.100510, 0.994715, -0.118130, 0.007589, 0.994889, -0.100688, -0.018398, 0.000000, 0.000000, 0.000000, 1.000000
0.7846, 19.6794, -61.3540, 225.6286, 247.6286, -19.6794, 261.4274, 8.3738, -118.3157, -18.4115, 0.999469, 0.022428, -0.023618, 0.019679, -0.021485, 0.998991, 0.039440, -0.061354, 0.024479, -0.038912, 0.998943, 0.225629, 0.000000, 0.000000, 0.000000, 1.000000, 0.024479, -0.038912, 0.998943, 0.247629, -0.999469, -0.022428, 0.023618, -0.019679, 0.021485, -0.998991, -0.039440, 0.261427, 0.000000, 0.000000, 0.000000, 1.000000, -0.999737, 0.009236, 0.020983, 0.008374, 0.021842, 0.105753, 0.994153, -0.118316, 0.006963, 0.994350, -0.105927, -0.018411, 0.000000, 0.000000, 0.000000, 1.000000
0.9701, 19.6551, -61.2928, 225.4445, 247.4445, -19.6551, 261.3663, 8.3158, -118.0285, -18.7067, 0.999450, 0.022320, -0.024539, 0.019655, -0.021404, 0.999087, 0.036974, -0.061293, 0.025342, -0.036428, 0.999015, 0.225445, 0.000000, 0.000000, 0.000000, 1.000000, 0.025342, -0.036428, 0.999015, 0.247445, -0.999450, -0.022320, 0.024539, -0.019655, 0.021404, -0.999087, -0.036974, 0.261366, 0.000000, 0.000000, 0.000000, 1.000000, -0.999714, 0.009907, 0.021782, 0.008316, 0.022703, 0.105056, 0.994207, -0.118028, 0.007562, 0.994417, -0.105251, -0.018707, 0.000000, 0.000000, 0.000000, 1.000000
1.1162, 19.5514, -61.0982, 224.6309, 246.6309, -19.5514, 261.1717, 8.3620, -118.4427, -18.7044, 0.999523, 0.022709, -0.020926, 0.019551, -0.021904, 0.999039, 0.037961, -0.061098, 0.021768, -0.037485, 0.999060, 0.224631, 0.000000, 0.000000, 0.000000, 1.000000, 0.021768, -0.037485, 0.999060, 0.246631, -0.999523, -0.022709, 0.020926, -0.019551, 0.021904, -0.999039, -0.037961, 0.261172, 0.000000, 0.000000, 0.000000, 1.000000, -0.999785, 0.009971, 0.018166, 0.008362, 0.019085, 0.101507, 0.994652, -0.118443, 0.008074, 0.994785, -0.101676, -0.018704, 0.000000, 0.000000, 0.000000, 1.000000
1.2472, 19.5235, -61.0588, 224.4234, 246.4234, -19.5235, 261.1322, 8.3320, -118.3169, -18.9074, 0.999525, 0.022748, -0.020808, 0.019524, -0.022063, 0.999226, 0.032555, -0.061059, 0.021532, -0.032080, 0.999253, 0.224423, 0.000000, 0.000000, 0.000000, 1.000000, 0.021532, -0.032080, 0.999253, 0.246423, -0.999525, -0.022748, 0.020808, -0.019524, 0.022063, -0.999226, -0.032555, 0.261132, 0.000000, 0.000000, 0.000000, 1.000000, -0.999788, 0.010320, 0.017841, 0.008332, 0.018824, 0.104649, 0.994331, -0.118317, 0.008395, 0.994456, -0.104821, -0.018907, 0.000000, 0.000000, 0.000000, 1.000000
1.3649, 19.5167, -60.9765, 224.1759, 246.1759, -19.5167, 261.0499, 8.2879, -118.2580, -19.0359, 0.999417, 0.024241, -0.024055, 0.019517, -0.023506, 0.999262, 0.030371, -0.060976, 0.024773, -0.029788, 0.999249, 0.224176, 0.000000, 0.000000, 0.000000, 1.000000, 0.024773, -0.029788, 0.999249, 0.246176, -0.999417, -0.024241, 0.024055, -0.019517, 0.023506, -0.999262, -0.030371, 0.261050, 0.000000, 0.000000, 0.000000, 1.000000, -0.999738, 0.009186, 0.020988, 0.008288, 0.021837, 0.104915, 0.994241, -0.118258, 0.006931, 0.994439, -0.105088, -0.019036, 0.000000, 0.000000, 0.000000, 1.000000
1.4761, 19.4425, -60.8479, 223.6943, 245.6943, -19.4425, 260.9214, 8.3172, -118.4410, -19.0756, 0.999493, 0.023673, -0.021292, 0.019443, -0.022973, 0.999206, 0.032545, -0.060848, 0.022046, -0.032040, 0.999243, 0.223694, 0.000000, 0.000000, 0.000000, 1.000000, 0.022046, -0.032040, 0.999243, 0.245694, -0.999493, -0.023673, 0.021292, -0.019443, 0.022973, -0.999206, -0.032545, 0.260921, 0.000000, 0.000000, 0.000000, 1.000000, -0.999782, 0.010103, 0.018275, 0.008317, 0.019201, 0.100776, 0.994724, -0.118441, 0.008208, 0.994858, -0.100948, -0.019076, 0.000000, 0.000000, 0.000000, 1.000000
1.5858, 19.3669, -60.7510, 223.1622, 245.1622, -19.3669, 260.8245, 8.3479, -118.6823, -19.1383, 0.999440, 0.025258, -0.021951, 0.019367, -0.024601, 0.999255, 0.029719, -0.060751, 0.022686, -0.029163, 0.999317, 0.223162, 0.000000, 0.000000, 0.000000, 1.000000, 0.022686, -0.029163, 0.999317, 0.245162, -0.999440, -0.025258, 0.021951, -0.019367, 0.024601, -0.999255, -0.029719, 0.260824, 0.000000, 0.000000, 0.000000, 1.000000, -0.999784, 0.008846, 0.018814, 0.008348, 0.019617, 0.101761, 0.994615, -0.118682, 0.006884, 0.994770, -0.101912, -0.019138, 0.000000, 0.000000, 0.000000, 1.000000
1.7165, 19.3291, -60.5921, 222.7732, 244.7732, -19.3291, 260.6656, 8.3317, -118.7213, -19.2017, 0.999307, 0.025812, -0.026813, 0.019329, -0.025138, 0.999367, 0.025171, -0.060592, 0.027446, -0.024480, 0.999324, 0.222773, 0.000000, 0.000000, 0.000000, 1.000000, 0.027446, -0.024480, 0.999324, 0.244773, -0.999307, -0.025812, 0.026813, -0.019329, 0.025138, -0.999367, -0.025171, 0.260666, 0.000000, 0.000000, 0.000000, 1.000000, -0.999686, 0.008681, 0.023496, 0.008332, 0.024274, 0.104185, 0.994262, -0.118721, 0.006183, 0.994520, -0.104363, -0.019202, 0.000000, 0.000000, 0.000000, 1.000000
1.8396, 19.2997, -60.5688, 222.5959, 244.5959, -19.2997, 260.6423, 8.3070, -118.5860, -19.4112, 0.999268, 0.025744, -0.028288, 0.019300, -0.025118, 0.999437, 0.022253, -0.060569, 0.028845, -0.021526, 0.999352, 0.222596, 0.000000, 0.000000, 0.000000, 1.000000, 0.028845, -0.021526, 0.999352, 0.244596, -0.999268, -0.025744, 0.028288, -0.019300, 0.025118, -0.999437, -0.022253, 0.260642, 0.000000, 0.000000, 0.000000, 1.000000, -0.999650, 0.009117, 0.024831, 0.008307, 0.025652, 0.105021, 0.994139, -0.118586, 0.006456, 0.994428, -0.105218, -0.019411, 0.000000, 0.000000, 0.000000, 1.000000
1.9648, 19.2573, -60.4542, 222.2715, 244.2715, -19.2573, 260.5276, 8.2971, -118.5804, -19.5167, 0.999338, 0.025499, -0.025959, 0.019257, -0.024909, 0.999429, 0.022814, -0.060454, 0.026526, -0.022152, 0.999403, 0.222272, 0.000000, 0.000000, 0.000000, 1.000000, 0.026526, -0.022152, 0.999403, 0.244272, -0.999338, -0.025499, 0.025959, -0.019257, 0.024909, -0.999429, -0.022814, 0.260528, 0.000000, 0.000000, 0.000000, 1.000000, -0.999699, 0.009749, 0.022494, 0.008297, 0.023374, 0.102259, 0.994483, -0.118580, 0.007395, 0.994710, -0.102457, -0.019517, 0.000000, 0.000000, 0.000000, 1.000000
2.0823, 19.1512, -60.3675, 221.8645, 243.8645, -19.1512, 260.4410, 8.3537, -118.6796, -19.6269, 0.999424, 0.025358, -0.022553, 0.019151, -0.024826, 0.999414, 0.023558, -0.060368, 0.023137, -0.022985, 0.999468, 0.221864, 0.000000, 0.000000, 0.000000, 1.000000, 0.023137, -0.022985, 0.999468, 0.243864, -0.999424, -0.025358, 0.022553, -0.019151, 0.024826, -0.999414, -0.023558, 0.260441, 0.000000, 0.000000, 0.000000, 1.000000, -0.999765, 0.010255, 0.019091, 0.008354, 0.020016, 0.099422, 0.994844, -0.118680, 0.008305, 0.994992, -0.099604, -0.019627, 0.000000, 0.000000, 0.000000, 1.000000
2.2144, 19.0513, -60.2185, 221.3764, 243.3764, -19.0513, 260.2920, 8.4000, -118.8155, -19.6964, 0.999398, 0.026254, -0.022682, 0.019051, -0.025827, 0.999488, 0.018902, -0.060219, 0.023167, -0.018305, 0.999564, 0.221376, 0.000000, 0.000000, 0.000000, 1.000000, 0.023167, -0.018305, 0.999564, 0.243376, -0.999398, -0.026254, 0.022682, -0.019051, 0.025827, -0.999488, -0.018902, 0.260292, 0.000000, 0.000000, 0.000000, 1.000000, -0.999771, 0.009749, 0.019025, 0.008400, 0.019920, 0.101819, 0.994603, -0.118815, 0.007760, 0.994755, -0.101990, -0.019696, 0.000000, 0.000000, 0.000000, 1.000000
2.3342, 19.0219, -60.0996, 220.9413, 242.9413, -19.0219, 260.1730, 8.3804, -118.9335, -19.7754, 0.999399, 0.026477, -0.022355, 0.019022, -0.026052, 0.999479, 0.019077, -0.060100, 0.022848, -0.018483, 0.999568, 0.220941, 0.000000, 0.000000, 0.000000, 1.000000, 0.022848, -0.018483, 0.999568, 0.242941, -0.999399, -0.026477, 0.022355, -0.019022, 0.026052, -0.999479, -0.019077, 0.260173, 0.000000, 0.000000, 0.000000, 1.000000, -0.999777, 0.009896, 0.018679, 0.008380, 0.019572, 0.099595, 0.994836, -0.118933, 0.007984, 0.994979, -0.099766, -0.019775, 0.000000, 0.000000, 0.000000, 1.000000
2.4627, 18.9970, -59.9615, 220.6797, 242.6797, -18.9970, 260.0349, 8.3511, -118.8551, -19.8745, 0.999350, 0.025954, -0.025016, 0.018997, -0.025659, 0.999598, 0.012074, -0.059961, 0.025319, -0.011424, 0.999614, 0.220680, 0.000000, 0.000000, 0.000000, 1.000000, 0.025319, -0.011424, 0.999614, 0.242680, -0.999350, -0.025954, 0.025016, -0.018997, 0.025659, -0.999598, -0.012074, 0.260035, 0.000000, 0.000000, 0.000000, 1.000000, -0.999720, 0.010788, 0.021061, 0.008351, 0.022074, 0.104423, 0.994288, -0.118855, 0.008527, 0.994474, -0.104632, -0.019875, 0.000000, 0.000000, 0.000000, 1.000000
2.5906, 18.8712, -59.8173, 219.9308, 241.9308, -18.8712, 259.8907, 8.4267, -119.2622, -19.9160, 0.999424, 0.026404, -0.021332, 0.018871, -0.026149, 0.999585, 0.012105, -0.059817, 0.021643, -0.011540, 0.999699, 0.219931, 0.000000, 0.000000, 0.000000, 1.000000, 0.021643, -0.011540, 0.999699, 0.241931, -0.999424, -0.026404, 0.021332, -0.018871, 0.026149, -0.999585, -0.012105, 0.259891, 0.000000, 0.000000, 0.000000, 1.000000, -0.999792, 0.010735, 0.017346, 0.008427, 0.018352, 0.102122, 0.994603, -0.119262, 0.008906, 0.994714, -0.102298, -0.019916, 0.000000, 0.000000, 0.000000, 1.000000
2.7209, 18.8395, -59.7393, 219.7827, 241.7827, -18.8395, 259.8127, 8.4018, -119.0727, -20.0934, 0.999438, 0.026881, -0.020010, 0.018840, -0.026727, 0.999611, 0.007958, -0.059739, 0.020216, -0.007419, 0.999768, 0.219783, 0.000000, 0.000000, 0.000000, 1.000000, 0.020216, -0.007419, 0.999768, 0.241783, -0.999438, -0.026881, 0.020010, -0.018840, 0.026727, -0.999611, -0.007958, 0.259813, 0.000000, 0.000000, 0.000000, 1.000000, -0.999818, 0.010642, 0.015837, 0.008402, 0.016858, 0.103994, 0.994435, -0.119073, 0.008936, 0.994521, -0.104154, -0.020093, 0.000000, 0.000000, 0.000000, 1.000000
2.8340, 18.8148, -59.6081, 219.3770, 241.3770, -18.8148, 259.6816, 8.3814, -119.1772, -20.1538, 0.999357, 0.027811, -0.022628, 0.018815, -0.027633, 0.999585, 0.008139, -0.059608, 0.022845, -0.007509, 0.999711, 0.219377, 0.000000, 0.000000, 0.000000, 1.000000, 0.022845, -0.007509, 0.999711, 0.241377, -0.999357, -0.027811, 0.022628, -0.018815, 0.027633, -0.999585, -0.008139, 0.259682, 0.000000, 0.000000, 0.000000, 1.000000, -0.999779, 0.010057, 0.018436, 0.008381, 0.019366, 0.101967, 0.994599, -0.119177, 0.008123, 0.994737, -0.102140, -0.020154, 0.000000, 0.000000, 0.000000, 1.000000
2.9408, 18.7554, -59.4968, 218.9938, 240.9938, -18.7554, 259.5703, 8.3973, -119.2778, -20.2254, 0.999310, 0.028576, -0.023715, 0.018755, -0.028383, 0.999562, 0.008409, -0.059497, 0.023945, -0.007730, 0.999683, 0.218994, 0.000000, 0.000000, 0.000000, 1.000000, 0.023945, -0.007730, 0.999683, 0.240994, -0.999310, -0.028576, 0.023715, -0.018755, 0.028383, -0.999562, -0.008409, 0.259570, 0.000000, 0.000000, 0.000000, 1.000000, -0.999763, 0.009622, 0.019509, 0.008397, 0.020374, 0.099920, 0.994787, -0.119278, 0.007622, 0.994949, -0.100092, -0.020225, 0.000000, 0.000000, 0.000000, 1.000000
3.0828, 18.7314, -59.4288, 218.7240, 240.7240, -18.7314, 259.5022, 8.3593, -119.1819, -20.4244, 0.999262, 0.029083, -0.025075, 0.018731, -0.028892, 0.999551, 0.007968, -0.059429, 0.025296, -0.007238, 0.999654, 0.218724, 0.000000, 0.000000, 0.000000, 1.000000, 0.025296, -0.007238, 0.999654, 0.240724, -0.999262, -0.029083, 0.025075, -0.018731, 0.028892, -0.999551, -0.007968, 0.259502, 0.000000, 0.000000, 0.000000, 1.000000, -0.999738, 0.009549, 0.020822, 0.008359, 0.021658, 0.097981, 0.994953, -0.119182, 0.007461, 0.995142, -0.098162, -0.020424, 0.000000, 0.000000, 0.000000, 1.000000
3.1997, 18.6412, -59.2429, 218.2129, 240.2129, -18.6412, 259.3164, 8.4048, -119.3766, -20.4326, 0.999158, 0.029740, -0.028250, 0.018641, -0.029866, 0.999546, -0.004068, -0.059243, 0.028116, 0.004908, 0.999593, 0.218213, 0.000000, 0.000000, 0.000000, 1.000000, 0.028116, 0.004908, 0.999593, 0.240213, -0.999158, -0.029740, 0.028250, -0.018641, 0.029866, -0.999546, 0.004068, 0.259316, 0.000000, 0.000000, 0.000000, 1.000000, -0.999681, 0.009197, 0.023502, 0.008405, 0.024359, 0.108063, 0.993846, -0.119377, 0.006601, 0.994102, -0.108252, -0.020433, 0.000000, 0.000000, 0.000000, 1.000000
3.3119, 18.5982, -59.1317, 217.9287, 239.9287, -18.5982, 259.2051, 8.4014, -119.3653, -20.5278, 0.999273, 0.029434, -0.024215, 0.018598, -0.029521, 0.999559, -0.003250, -0.059132, 0.024109, 0.003963, 0.999701, 0.217929, 0.000000, 0.000000, 0.000000, 1.000000, 0.024109, 0.003963, 0.999701, 0.239929, -0.999273, -0.029434, 0.024215, -0.018598, 0.029521, -0.999559, 0.003250, 0.259205, 0.000000, 0.000000, 0.000000, 1.000000, -0.999762, 0.009853, 0.019475, 0.008401, 0.020405, 0.105206, 0.994241, -0.119365, 0.007748, 0.994402, -0.105382, -0.020528, 0.000000, 0.000000, 0.000000, 1.000000
3.4207, 18.5035, -59.0516, 217.5043, 239.5043, -18.5035, 259.1251, 8.4506, -119.5055, -20.6354, 0.999316, 0.029441, -0.022364, 0.018503, -0.029478, 0.999565, -0.001312, -0.059052, 0.022316, 0.001970, 0.999749, 0.217504, 0.000000, 0.000000, 0.000000, 1.000000, 0.022316, 0.001970, 0.999749, 0.239504, -0.999316, -0.029441, 0.022364, -0.018503, 0.029478, -0.999565, 0.001312, 0.259125, 0.000000, 0.000000, 0.000000, 1.000000, -0.999792, 0.010190, 0.017678, 0.008451, 0.018620, 0.101366, 0.994675, -0.119505, 0.008344, 0.994797, -0.101534, -0.020635, 0.000000, 0.000000, 0.000000, 1.000000
3.5470, 18.4731, -58.9795, 217.2891, 239.2891, -18.4731, 259.0529, 8.4262, -119.3940, -20.8063, 0.999325, 0.029305, -0.022171, 0.018473, -0.029389, 0.999562, -0.003470, -0.058979, 0.022059, 0.004119, 0.999748, 0.217289, 0.000000, 0.000000, 0.000000, 1.000000, 0.022059, 0.004119, 0.999748, 0.239289, -0.999325, -0.029305, 0.022171, -0.018473, 0.029389, -0.999562, 0.003470, 0.259053, 0.000000, 0.000000, 0.000000, 1.000000, -0.999792, 0.010705, 0.017371, 0.008426, 0.018368, 0.101344, 0.994682, -0.119394, 0.008888, 0.994794, -0.101520, -0.020806, 0.000000, 0.000000, 0.000000, 1.000000
3.6508, 18.4552, -58.8876, 217.0569, 239.0569, -18.4552, 258.9611, 8.4015, -119.3535, -20.9088, 0.999269, 0.029749, -0.024005, 0.018455, -0.029921, 0.999529, -0.006812, -0.058888, 0.023791, 0.007525, 0.999689, 0.217057, 0.000000, 0.000000, 0.000000, 1.000000, 0.023791, 0.007525, 0.999689, 0.239057, -0.999269, -0.029749, 0.024005, -0.018455, 0.029921, -0.999529, 0.006812, 0.258961, 0.000000, 0.000000, 0.000000, 1.000000, -0.999763, 0.010563, 0.019036, 0.008402, 0.020024, 0.102960, 0.994484, -0.119353, 0.008545, 0.994629, -0.103147, -0.020909, 0.000000, 0.000000, 0.000000, 1.000000
3.7747, 18.4209, -58.7389, 216.7400, 238.7400, -18.4209, 258.8123, 8.3842, -119.3424, -20.9906, 0.999207, 0.030062, -0.026125, 0.018421, -0.030399, 0.999459, -0.012588, -0.058739, 0.025733, 0.013372, 0.999579, 0.216740, 0.000000, 0.000000, 0.000000, 1.000000, 0.025733, 0.013372, 0.999579, 0.238740, -0.999207, -0.030062, 0.026125, -0.018421, 0.030399, -0.999459, 0.012588, 0.258812, 0.000000, 0.000000, 0.000000, 1.000000, -0.999725, 0.010606, 0.020901, 0.008384, 0.021914, 0.106657, 0.994054, -0.119342, 0.008314, 0.994239, -0.106860, -0.020991, 0.000000, 0.000000, 0.000000, 1.000000
3.8979, 18.3431, -58.5828, 216.1845, 238.1845, -18.3431, 258.6562, 8.4136, -119.5696, -21.0434, 0.999249, 0.030312, -0.024151, 0.018343, -0.030622, 0.999452, -0.012608, -0.058583, 0.023756, 0.013338, 0.999629, 0.216184, 0.000000, 0.000000, 0.000000, 1.000000, 0.023756, 0.013338, 0.999629, 0.238184, -0.999249, -0.030312, 0.024151, -0.018343, 0.030622, -0.999452, 0.012608, 0.258656, 0.000000, 0.000000, 0.000000, 1.000000, -0.999764, 0.010736, 0.018899, 0.008414, 0.019918, 0.104517, 0.994324, -0.119570, 0.008700, 0.994465, -0.104706, -0.021043, 0.000000, 0.000000, 0.000000, 1.000000
4.0118, 18.2941, -58.5350, 215.9357, 237.9357, -18.2941, 258.6085, 8.4126, -119.5253, -21.2121, 0.999264, 0.029880, -0.024064, 0.018294, -0.030219, 0.999447, -0.013842, -0.058535, 0.023637, 0.014559, 0.999615, 0.215936, 0.000000, 0.000000, 0.000000, 1.000000, 0.023637, 0.014559, 0.999615, 0.237936, -0.999264, -0.029880, 0.024064, -0.018294, 0.030219, -0.999447, 0.013842, 0.258608, 0.000000, 0.000000, 0.000000, 1.000000, -0.999758, 0.011512, 0.018735, 0.008413, 0.019830, 0.103789, 0.994402, -0.119525, 0.009503, 0.994533, -0.103992, -0.021212, 0.000000, 0.000000, 0.000000, 1.000000
4.1247, 18.2585, -58.4370, 215.6279, 237.6279, -18.2585, 258.5105, 8.4016, -119.5373, -21.3238, 0.999195, 0.031198, -0.025236, 0.018259, -0.031694, 0.999307, -0.019531, -0.058437, 0.024609, 0.020315, 0.999491, 0.215628, 0.000000, 0.000000, 0.000000, 1.000000, 0.024609, 0.020315, 0.999491, 0.237628, -0.999195, -0.031198, 0.025236, -0.018259, 0.031694, -0.999307, 0.019531, 0.258510, 0.000000, 0.000000, 0.000000, 1.000000, -0.999752, 0.010506, 0.019644, 0.008402, 0.020661, 0.107578, 0.993982, -0.119537, 0.008329, 0.994141, -0.107769, -0.021324, 0.000000, 0.000000, 0.000000, 1.000000
4.2480, 18.1890, -58.2950, 215.2559, 237.2559, -18.1890, 258.3685, 8.4213, -119.5834, -21.4097, 0.999153, 0.032504, -0.025252, 0.018189, -0.033035, 0.999236, -0.020893, -0.058295, 0.024554, 0.021709, 0.999463, 0.215256, 0.000000, 0.000000, 0.000000, 1.000000, 0.024554, 0.021709, 0.999463, 0.237256, -0.999153, -0.032504, 0.025252, -0.018189, 0.033035, -0.999236, 0.020893, 0.258368, 0.000000, 0.000000, 0.000000, 1.000000, -0.999763, 0.009570, 0.019575, 0.008421, 0.020486, 0.106854, 0.994064, -0.119583, 0.007422, 0.994229, -0.107025, -0.021410, 0.000000, 0.000000, 0.000000, 1.000000
4.3697, 18.1729, -58.2182, 214.9280, 236.9280, -18.1729, 258.2916, 8.3854, -119.5951, -21.5595, 0.999176, 0.032524, -0.024295, 0.018173, -0.032950, 0.999306, -0.017358, -0.058218, 0.023714, 0.018144, 0.999554, 0.214928, 0.000000, 0.000000, 0.000000, 1.000000, 0.023714, 0.018144, 0.999554, 0.236928, -0.999176, -0.032524, 0.024295, -0.018173, 0.032950, -0.999306, 0.017358, 0.258292, 0.000000, 0.000000, 0.000000, 1.000000, -0.999775, 0.009946, 0.018740, 0.008385, 0.019652, 0.101228, 0.994669, -0.119595, 0.007996, 0.994814, -0.101401, -0.021559, 0.000000, 0.000000, 0.000000, 1.000000
4.4877, 18.1445, -58.1017, 214.5661, 236.5661, -18.1445, 258.1752, 8.3662, -119.6468, -21.6606, 0.999097, 0.032366, -0.027528, 0.018145, -0.032872, 0.999295, -0.018129, -0.058102, 0.026922, 0.019017, 0.999457, 0.214566, 0.000000, 0.000000, 0.000000, 1.000000, 0.026922, 0.019017, 0.999457, 0.236566, -0.999097, -0.032366, 0.027528, -0.018145, 0.032872, -0.999295, 0.018129, 0.258175, 0.000000, 0.000000, 0.000000, 1.000000, -0.999705, 0.010461, 0.021905, 0.008366, 0.022843, 0.100081, 0.994717, -0.119647, 0.008213, 0.994924, -0.100290, -0.021661, 0.000000, 0.000000, 0.000000, 1.000000
4.6077, 18.1039, -58.0072, 214.2980, 236.2980, -18.1039, 258.0807, 8.3551, -119.6019, -21.7964, 0.999049, 0.033109, -0.028376, 0.018104, -0.033719, 0.999205, -0.021292, -0.058007, 0.027648, 0.022229, 0.999371, 0.214298, 0.000000, 0.000000, 0.000000, 1.000000, 0.027648, 0.022229, 0.999371, 0.236298, -0.999049, -0.033109, 0.028376, -0.018104, 0.033719, -0.999205, 0.021292, 0.258081, 0.000000, 0.000000, 0.000000, 1.000000, -0.999694, 0.010069, 0.022598, 0.008355, 0.023502, 0.101223, 0.994586, -0.119602, 0.007727, 0.994813, -0.101429, -0.021796, 0.000000, 0.000000, 0.000000, 1.000000
4.7184, 17.9802, -57.8003, 213.6203, 235.6203, -17.9802, 257.8738, 8.4392, -119.9799, -21.7736, 0.999148, 0.032850, -0.024998, 0.017980, -0.033498, 0.999102, -0.025948, -0.057800, 0.024123, 0.026763, 0.999351, 0.213620, 0.000000, 0.000000, 0.000000, 1.000000, 0.024123, 0.026763, 0.999351, 0.235620, -0.999148, -0.032850, 0.024998, -0.017980, 0.033498, -0.999102, 0.025948, 0.257874, 0.000000, 0.000000, 0.000000, 1.000000, -0.999763, 0.010643, 0.018997, 0.008439, 0.020000, 0.103843, 0.994393, -0.119980, 0.008610, 0.994537, -0.104032, -0.021774, 0.000000, 0.000000, 0.000000, 1.000000
4.8432, 17.9200, -57.7034, 213.2825, 235.2825, -17.9200, 257.7768, 8.4469, -119.9912, -21.9146, 0.999141, 0.032913, -0.025163, 0.017920, -0.033555, 0.999111, -0.025510, -0.057703, 0.024301, 0.026333, 0.999358, 0.213282, 0.000000, 0.000000, 0.000000, 1.000000, 0.024301, 0.026333, 0.999358, 0.235282, -0.999141, -0.032913, 0.025163, -0.017920, 0.033555, -0.999111, 0.025510, 0.257777, 0.000000, 0.000000, 0.000000, 1.000000, -0.999756, 0.010966, 0.019150, 0.008447, 0.020163, 0.101283, 0.994653, -0.119991, 0.008968, 0.994797, -0.101479, -0.021915, 0.000000, 0.000000, 0.000000, 1.000000
4.9482, 17.8866, -57.5795, 213.0668, 235.0668, -17.8866, 257.6529, 8.4376, -119.9300, -21.9958, 0.999191, 0.032804, -0.023281, 0.017887, -0.033448, 0.999052, -0.027863, -0.057579, 0.022345, 0.028619, 0.999341, 0.213067, 0.000000, 0.000000, 0.000000, 1.000000, 0.022345, 0.028619, 0.999341, 0.235067, -0.999191, -0.032804, 0.023281, -0.017887, 0.033448, -0.999052, 0.027863, 0.257653, 0.000000, 0.000000, 0.000000, 1.000000, -0.999788, 0.011386, 0.017143, 0.008438, 0.018214, 0.101763, 0.994642, -0.119930, 0.009580, 0.994743, -0.101949, -0.021996, 0.000000, 0.000000, 0.000000, 1.000000
5.0577, 17.8811, -57.4728, 212.8205, 234.8205, -17.8811, 257.5462, 8.3978, -119.8896, -22.1002, 0.999048, 0.034070, -0.027243, 0.017881, -0.035015, 0.998773, -0.035022, -0.057473, 0.026016, 0.035943, 0.999015, 0.212821, 0.000000, 0.000000, 0.000000, 1.000000, 0.026016, 0.035943, 0.999015, 0.234821, -0.999048, -0.034070, 0.027243, -0.017881, 0.035015, -0.998773, 0.035022, 0.257546, 0.000000, 0.000000, 0.000000, 1.000000, -0.999730, 0.010409, 0.020759, 0.008398, 0.021756, 0.107176, 0.994002, -0.119890, 0.008122, 0.994186, -0.107374, -0.022100, 0.000000, 0.000000, 0.000000, 1.000000
5.1917, 17.8152, -57.3595, 212.3964, 234.3964, -17.8152, 257.4329, 8.4073, -119.9637, -22.2410, 0.999075, 0.033860, -0.026489, 0.017815, -0.034610, 0.998998, -0.028369, -0.057359, 0.025501, 0.029259, 0.999247, 0.212396, 0.000000, 0.000000, 0.000000, 1.000000, 0.025501, 0.029259, 0.999247, 0.234396, -0.999075, -0.033860, 0.026489, -0.017815, 0.034610, -0.998998, 0.028369, 0.257433, 0.000000, 0.000000, 0.000000, 1.000000, -0.999733, 0.011078, 0.020273, 0.008407, 0.021265, 0.098236, 0.994936, -0.119964, 0.009030, 0.995101, -0.098446, -0.022241, 0.000000, 0.000000, 0.000000, 1.000000
5.2980, 17.7781, -57.2991, 212.2163, 234.2163, -17.7781, 257.3726, 8.3981, -119.8681, -22.3922, 0.999060, 0.034194, -0.026641, 0.017778, -0.035084, 0.998816, -0.033704, -0.057299, 0.025457, 0.034607, 0.999077, 0.212216, 0.000000, 0.000000, 0.000000, 1.000000, 0.025457, 0.034607, 0.999077, 0.234216, -0.999060, -0.034194, 0.026641, -0.017778, 0.035084, -0.998816, 0.033704, 0.257373, 0.000000, 0.000000, 0.000000, 1.000000, -0.999736, 0.011037, 0.020162, 0.008398, 0.021182, 0.101741, 0.994585, -0.119868, 0.008926, 0.994750, -0.101948, -0.022392, 0.000000, 0.000000, 0.000000, 1.000000
5.4207, 17.6708, -57.0428, 211.6818, 233.6818, -17.6708, 257.1163, 8.4628, -120.0715, -22.3621, 0.999083, 0.034767, -0.024982, 0.017671, -0.035829, 0.998415, -0.043393, -0.057043, 0.023434, 0.044248, 0.998746, 0.211682, 0.000000, 0.000000, 0.000000, 1.000000, 0.023434, 0.044248, 0.998746, 0.233682, -0.999083, -0.034767, 0.024982, -0.017671, 0.035829, -0.998415, 0.043393, 0.257116, 0.000000, 0.000000, 0.000000, 1.000000, -0.999779, 0.010775, 0.018029, 0.008463, 0.019100, 0.109239, 0.993832, -0.120072, 0.008739, 0.993957, -0.109421, -0.022362, 0.000000, 0.000000, 0.000000, 1.000000
5.5402, 17.6061, -56.9526, 211.2702, 233.2702, -17.6061, 257.0261, 8.4766, -120.1716, -22.4986, 0.999068, 0.034920, -0.025370, 0.017606, -0.035948, 0.998500, -0.041289, -0.056953, 0.023890, 0.042162, 0.998825, 0.211270, 0.000000, 0.000000, 0.000000, 1.000000, 0.023890, 0.042162, 0.998825, 0.233270, -0.999068, -0.034920, 0.025370, -0.017606, 0.035948, -0.998500, 0.041289, 0.257026, 0.000000, 0.000000, 0.000000, 1.000000, -0.999768, 0.011006, 0.018492, 0.008477, 0.019548, 0.105121, 0.994267, -0.120172, 0.008999, 0.994399, -0.105312, -0.022499, 0.000000, 0.000000, 0.000000, 1.000000
5.6547, 17.5880, -56.8573, 210.9827, 232.9827, -17.5880, 256.9308, 8.4467, -120.1603, -22.6259, 0.998990, 0.035636, -0.027377, 0.017588, -0.036693, 0.998561, -0.039113, -0.056857, 0.025944, 0.040078, 0.998860, 0.210983, 0.000000, 0.000000, 0.000000, 1.000000, 0.025944, 0.040078, 0.998860, 0.232983, -0.998990, -0.035636, 0.027377, -0.017588, 0.036693, -0.998561, 0.039113, 0.256931, 0.000000, 0.000000, 0.000000, 1.000000, -0.999732, 0.010655, 0.020573, 0.008447, 0.021546, 0.101087, 0.994644, -0.120160, 0.008519, 0.994821, -0.101289, -0.022626, 0.000000, 0.000000, 0.000000, 1.000000
5.7823, 17.5843, -56.7408, 210.8242, 232.8242, -17.5843, 256.8143, 8.3970, -119.9852, -22.7671, 0.999018, 0.036209, -0.025516, 0.017584, -0.037421, 0.998110, -0.048739, -0.056741, 0.023703, 0.049646, 0.998486, 0.210824, 0.000000, 0.000000, 0.000000, 1.000000, 0.023703, 0.049646, 0.998486, 0.232824, -0.999018, -0.036209, 0.025516, -0.017584, 0.037421, -0.998110, 0.048739, 0.256814, 0.000000, 0.000000, 0.000000, 1.000000, -0.999780, 0.010404, 0.018237, 0.008397, 0.019259, 0.108428, 0.993918, -0.119985, 0.008363, 0.994050, -0.108604, -0.022767, 0.000000, 0.000000, 0.000000, 1.000000
5.8931, 17.5723, -56.6568, 210.4715, 232.4715, -17.5723, 256.7302, 8.3626, -120.0492, -22.8946, 0.998941, 0.036691, -0.027753, 0.017572, -0.038082, 0.997952, -0.051394, -0.056657, 0.025811, 0.052396, 0.998293, 0.210471, 0.000000, 0.000000, 0.000000, 1.000000, 0.025811, 0.052396, 0.998293, 0.232471, -0.998941, -0.036691, 0.027753, -0.017572, 0.038082, -0.997952, 0.051394, 0.256730, 0.000000, 0.000000, 0.000000, 1.000000, -0.999741, 0.010242, 0.020322, 0.008363, 0.021320, 0.109272, 0.993783, -0.120049, 0.007958, 0.993959, -0.109462, -0.022895, 0.000000, 0.000000, 0.000000, 1.000000
6.0174, 17.4216, -56.4405, 209.7100, 231.7100, -17.4216, 256.5140, 8.4695, -120.4787, -22.9036, 0.999011, 0.036300, -0.025691, 0.017422, -0.037495, 0.998160, -0.047657, -0.056441, 0.023913, 0.048573, 0.998533, 0.209710, 0.000000, 0.000000, 0.000000, 1.000000, 0.023913, 0.048573, 0.998533, 0.231710, -0.999011, -0.036300, 0.025691, -0.017422, 0.037495, -0.998160, 0.047657, 0.256514, 0.000000, 0.000000, 0.000000, 1.000000, -0.999770, 0.011043, 0.018401, 0.008469, 0.019445, 0.103343, 0.994456, -0.120479, 0.009080, 0.994584, -0.103534, -0.022904, 0.000000, 0.000000, 0.000000, 1.000000
6.1398, 17.3980, -56.3119, 209.5179, 231.5179, -17.3980, 256.3854, 8.4425, -120.3502, -23.0225, 0.999044, 0.035984, -0.024813, 0.017398, -0.037265, 0.997884, -0.053279, -0.056312, 0.022843, 0.054152, 0.998271, 0.209518, 0.000000, 0.000000, 0.000000, 1.000000, 0.022843, 0.054152, 0.998271, 0.231518, -0.999044, -0.035984, 0.024813, -0.017398, 0.037265, -0.997884, 0.053279, 0.256385, 0.000000, 0.000000, 0.000000, 1.000000, -0.999783, 0.011695, 0.017229, 0.008443, 0.018380, 0.106810, 0.994110, -0.120350, 0.009786, 0.994211, -0.107001, -0.023023, 0.000000, 0.000000, 0.000000, 1.000000
6.2422, 17.3550, -56.2206, 209.2300, 231.2300, -17.3550, 256.2941, 8.4421, -120.3697, -23.1331, 0.999007, 0.036562, -0.025443, 0.017355, -0.037845, 0.997935, -0.051899, -0.056221, 0.023493, 0.052810, 0.998328, 0.209230, 0.000000, 0.000000, 0.000000, 1.000000, 0.023493, 0.052810, 0.998328, 0.231230, -0.999007, -0.036562, 0.025443, -0.017355, 0.037845, -0.997935, 0.051899, 0.256294, 0.000000, 0.000000, 0.000000, 1.000000, -0.999774, 0.011443, 0.017905, 0.008442, 0.018996, 0.103721, 0.994425, -0.120370, 0.009522, 0.994541, -0.103915, -0.023133, 0.000000, 0.000000, 0.000000, 1.000000
6.3642, 17.3063, -56.0985, 208.8375, 230.8375, -17.3063, 256.1720, 8.4411, -120.4428, -23.2495, 0.998961, 0.036904, -0.026744, 0.017306, -0.038193, 0.998047, -0.049422, -0.056099, 0.024868, 0.050392, 0.998420, 0.208838, 0.000000, 0.000000, 0.000000, 1.000000, 0.024868, 0.050392, 0.998420, 0.230838, -0.998961, -0.036904, 0.026744, -0.017306, 0.038193, -0.998047, 0.049422, 0.256172, 0.000000, 0.000000, 0.000000, 1.000000, -0.999748, 0.011494, 0.019298, 0.008441, 0.020344, 0.099227, 0.994857, -0.120443, 0.009520, 0.994998, -0.099436, -0.023250, 0.000000, 0.000000, 0.000000, 1.000000
6.4747, 17.2472, -55.9460, 208.5773, 230.5773, -17.2472, 256.0195, 8.4566, -120.4116, -23.3193, 0.998857, 0.037903, -0.029132, 0.017247, -0.039474, 0.997684, -0.055394, -0.055946, 0.026965, 0.056481, 0.998039, 0.208577, 0.000000, 0.000000, 0.000000, 1.000000, 0.026965, 0.056481, 0.998039, 0.230577, -0.998857, -0.037903, 0.029132, -0.017247, 0.039474, -0.997684, 0.055394, 0.256019, 0.000000, 0.000000, 0.000000, 1.000000, -0.999713, 0.010789, 0.021369, 0.008457, 0.022371, 0.103400, 0.994388, -0.120412, 0.008519, 0.994581, -0.103611, -0.023319, 0.000000, 0.000000, 0.000000, 1.000000
6.5979, 17.2357, -55.8510, 208.3916, 230.3916, -17.2357, 255.9245, 8.4154, -120.2762, -23.4746, 0.998830, 0.038551, -0.029192, 0.017236, -0.040321, 0.997219, -0.062678, -0.055851, 0.026694, 0.063781, 0.997607, 0.208392, 0.000000, 0.000000, 0.000000, 1.000000, 0.026694, 0.063781, 0.997607, 0.230392, -0.998830, -0.038551, 0.029192, -0.017236, 0.040321, -0.997219, 0.062678, 0.255924, 0.000000, 0.000000, 0.000000, 1.000000, -0.999724, 0.010461, 0.021044, 0.008415, 0.022056, 0.108564, 0.993845, -0.120276, 0.008112, 0.994034, -0.108764, -0.023475, 0.000000, 0.000000, 0.000000, 1.000000
6.7188, 17.1017, -55.6627, 207.7491, 229.7491, -17.1017, 255.7362, 8.5041, -120.5993, -23.5193, 0.999011, 0.037881, -0.023271, 0.017102, -0.039206, 0.997463, -0.059415, -0.055663, 0.020961, 0.060268, 0.997962, 0.207749, 0.000000, 0.000000, 0.000000, 1.000000, 0.020961, 0.060268, 0.997962, 0.229749, -0.999011, -0.037881, 0.023271, -0.017102, 0.039206, -0.997463, 0.059415, 0.255736, 0.000000, 0.000000, 0.000000, 1.000000, -0.999817, 0.011536, 0.015262, 0.008504, 0.016370, 0.103003, 0.994546, -0.120599, 0.009901, 0.994614, -0.103173, -0.023519, 0.000000, 0.000000, 0.000000, 1.000000
6.8304, 17.0752, -55.4853, 207.4453, 229.4453, -17.0752, 255.5587, 8.4881, -120.6085, -23.5650, 0.998957, 0.038118, -0.025149, 0.017075, -0.039712, 0.997011, -0.066277, -0.055485, 0.022548, 0.067206, 0.997484, 0.207445, 0.000000, 0.000000, 0.000000, 1.000000, 0.022548, 0.067206, 0.997484, 0.229445, -0.998957, -0.038118, 0.025149, -0.017075, 0.039712, -0.997011, 0.066277, 0.255559, 0.000000, 0.000000, 0.000000, 1.000000, -0.999792, 0.011585, 0.016772, 0.008488, 0.017927, 0.108009, 0.993988, -0.120608, 0.009703, 0.994082, -0.108194, -0.023565, 0.000000, 0.000000, 0.000000, 1.000000
6.9546, 17.0623, -55.4008, 207.1416, 229.1416, -17.0623, 255.4742, 8.4479, -120.5893, -23.7297, 0.998786, 0.038627, -0.030557, 0.017062, -0.040567, 0.997018, -0.065643, -0.055401, 0.027931, 0.066803, 0.997375, 0.207142, 0.000000, 0.000000, 0.000000, 1.000000, 0.027931, 0.066803, 0.997375, 0.229142, -0.998786, -0.038627, 0.030557, -0.017062, 0.040567, -0.997018, 0.065643, 0.255474, 0.000000, 0.000000, 0.000000, 1.000000, -0.999688, 0.011461, 0.022177, 0.008448, 0.023263, 0.105484, 0.994149, -0.120589, 0.009054, 0.994355, -0.105718, -0.023730, 0.000000, 0.000000, 0.000000, 1.000000
7.0666, 17.0411, -55.3053, 206.7479, 228.7479, -17.0411, 255.3788, 8.4229, -120.6906, -23.8558, 0.998814, 0.038630, -0.029633, 0.017041, -0.040522, 0.996986, -0.066163, -0.055305, 0.026988, 0.067285, 0.997369, 0.206748, 0.000000, 0.000000, 0.000000, 1.000000, 0.026988, 0.067285, 0.997369, 0.228748, -0.998814, -0.038630, 0.029633, -0.017041, 0.040522, -0.996986, 0.066163, 0.255379, 0.000000, 0.000000, 0.000000, 1.000000, -0.999706, 0.011798, 0.021202, 0.008423, 0.022316, 0.104050, 0.994322, -0.120691, 0.009525, 0.994502, -0.104283, -0.023856, 0.000000, 0.000000, 0.000000, 1.000000
7.1901, 17.0062, -55.1297, 206.4908, 228.4908, -17.0062, 255.2032, 8.4094, -120.6230, -23.9323, 0.998718, 0.039720, -0.031377, 0.017006, -0.041928, 0.996437, -0.073176, -0.055130, 0.028358, 0.074398, 0.996825, 0.206491, 0.000000, 0.000000, 0.000000, 1.000000, 0.028358, 0.074398, 0.996825, 0.228491, -0.998718, -0.039720, 0.031377, -0.017006, 0.041928, -0.996437, 0.073176, 0.255203, 0.000000, 0.000000, 0.000000, 1.000000, -0.999685, 0.011026, 0.022559, 0.008409, 0.023628, 0.109026, 0.993758, -0.120623, 0.008498, 0.993978, -0.109252, -0.023932, 0.000000, 0.000000, 0.000000, 1.000000
7.3099, 16.9338, -55.0438, 206.0865, 228.0865, -16.9338, 255.1172, 8.4312, -120.7152, -24.0880, 0.998808, 0.040417, -0.027372, 0.016934, -0.042259, 0.996621, -0.070437, -0.055044, 0.024433, 0.071510, 0.997141, 0.206086, 0.000000, 0.000000, 0.000000, 1.000000, 0.024433, 0.071510, 0.997141, 0.228086, -0.998808, -0.040417, 0.027372, -0.016934, 0.042259, -0.996621, 0.070437, 0.255117, 0.000000, 0.000000, 0.000000, 1.000000, -0.999768, 0.010723, 0.018672, 0.008431, 0.019688, 0.104098, 0.994372, -0.120715, 0.008719, 0.994509, -0.104285, -0.024088, 0.000000, 0.000000, 0.000000, 1.000000
7.4164, 16.8578, -54.8107, 205.5755, 227.5755, -16.8578, 254.8841, 8.4721, -120.9433, -24.0670, 0.998788, 0.040264, -0.028296, 0.016858, -0.042342, 0.996120, -0.077155, -0.054811, 0.025080, 0.078259, 0.996618, 0.205576, 0.000000, 0.000000, 0.000000, 1.000000, 0.025080, 0.078259, 0.996618, 0.227576, -0.998788, -0.040264, 0.028296, -0.016858, 0.042342, -0.996120, 0.077155, 0.254884, 0.000000, 0.000000, 0.000000, 1.000000, -0.999753, 0.011143, 0.019216, 0.008472, 0.020318, 0.109008, 0.993833, -0.120943, 0.008979, 0.993978, -0.109208, -0.024067, 0.000000, 0.000000, 0.000000, 1.000000
7.5329, 16.7775, -54.7260, 205.2466, 227.2466, -16.7775, 254.7995, 8.5021, -120.9688, -24.2219, 0.998858, 0.040735, -0.024966, 0.016777, -0.042462, 0.996422, -0.073075, -0.054726, 0.021900, 0.074052, 0.997014, 0.205247, 0.000000, 0.000000, 0.000000, 1.000000, 0.021900, 0.074052, 0.997014, 0.227247, -0.998858, -0.040735, 0.024966, -0.016777, 0.042462, -0.996422, 0.073075, 0.254799, 0.000000, 0.000000, 0.000000, 1.000000, -0.999809, 0.011069, 0.016083, 0.008502, 0.017137, 0.102821, 0.994552, -0.120969, 0.009355, 0.994638, -0.102991, -0.024222, 0.000000, 0.000000, 0.000000, 1.000000
7.6449, 16.7458, -54.6187, 204.9084, 226.9084, -16.7458, 254.6922, 8.4878, -121.0144, -24.3429, 0.998772, 0.040747, -0.028192, 0.016746, -0.042708, 0.996428, -0.072856, -0.054619, 0.025123, 0.073970, 0.996944, 0.204908, 0.000000, 0.000000, 0.000000, 1.000000, 0.025123, 0.073970, 0.996944, 0.226908, -0.998772, -0.040747, 0.028192, -0.016746, 0.042708, -0.996428, 0.072856, 0.254692, 0.000000, 0.000000, 0.000000, 1.000000, -0.999749, 0.011402, 0.019291, 0.008488, 0.020344, 0.100824, 0.994696, -0.121014, 0.009396, 0.994839, -0.101031, -0.024343, 0.000000, 0.000000, 0.000000, 1.000000
7.7610, 16.7346, -54.4612, 204.5808, 226.5808, -16.7346, 254.5347, 8.4552, -121.0378, -24.4220, 0.998606, 0.041181, -0.033031, 0.016735, -0.043629, 0.996063, -0.077166, -0.054461, 0.029723, 0.078499, 0.996471, 0.204581, 0.000000, 0.000000, 0.000000, 1.000000, 0.029723, 0.078499, 0.996471, 0.226581, -0.998606, -0.041181, 0.033031, -0.016735, 0.043629, -0.996063, 0.077166, 0.254535, 0.000000, 0.000000, 0.000000, 1.000000, -0.999652, 0.011279, 0.023865, 0.008455, 0.024905, 0.103358, 0.994332, -0.121038, 0.008749, 0.994580, -0.103603, -0.024422, 0.000000, 0.000000, 0.000000, 1.000000
7.8816, 16.7038, -54.3632, 204.4697, 226.4697, -16.7038, 254.4367, 8.4343, -120.8343, -24.5770, 0.998710, 0.040892, -0.030092, 0.016704, -0.043243, 0.995680, -0.082168, -0.054363, 0.026602, 0.083363, 0.996164, 0.204470, 0.000000, 0.000000, 0.000000, 1.000000, 0.026602, 0.083363, 0.996164, 0.226470, -0.998710, -0.040892, 0.030092, -0.016704, 0.043243, -0.995680, 0.082168, 0.254437, 0.000000, 0.000000, 0.000000, 1.000000, -0.999716, 0.011895, 0.020639, 0.008434, 0.021787, 0.106151, 0.994111, -0.120834, 0.009634, 0.994279, -0.106380, -0.024577, 0.000000, 0.000000, 0.000000, 1.000000
7.9849, 16.6284, -54.2655, 204.1892, 226.1892, -16.6284, 254.3389, 8.4661, -120.8442, -24.6945, 0.998897, 0.040743, -0.023322, 0.016628, -0.042584, 0.995488, -0.084790, -0.054265, 0.019762, 0.085690, 0.996126, 0.204189, 0.000000, 0.000000, 0.000000, 1.000000, 0.019762, 0.085690, 0.996126, 0.226189, -0.998897, -0.040743, 0.023322, -0.016628, 0.042584, -0.995488, 0.084790, 0.254339, 0.000000, 0.000000, 0.000000, 1.000000, -0.999830, 0.012340, 0.013718, 0.008466, 0.014958, 0.106710, 0.994178, -0.120844, 0.010804, 0.994214, -0.106876, -0.024694, 0.000000, 0.000000, 0.000000, 1.000000
8.1090, 16.5446, -54.1677, 203.8782, 225.8782, -16.5446, 254.2411, 8.4984, -120.8311, -24.8561, 0.998938, 0.040610, -0.021758, 0.016545, -0.042292, 0.995619, -0.083392, -0.054168, 0.018277, 0.084224, 0.996279, 0.203878, 0.000000, 0.000000, 0.000000, 1.000000, 0.018277, 0.084224, 0.996279, 0.225878, -0.998938, -0.040610, 0.021758, -0.016545, 0.042292, -0.995619, 0.083392, 0.254241, 0.000000, 0.000000, 0.000000, 1.000000, -0.999843, 0.012868, 0.012196, 0.008498, 0.013459, 0.103127, 0.994577, -0.120831, 0.011541, 0.994585, -0.103283, -0.024856, 0.000000, 0.000000, 0.000000, 1.000000
8.2266, 16.5404, -53.8998, 203.4514, 225.4514, -16.5404, 253.9733, 8.4622, -120.9482, -24.8284, 0.998652, 0.042253, -0.030161, 0.016540, -0.044949, 0.994448, -0.095149, -0.053900, 0.025973, 0.096377, 0.995006, 0.203451, 0.000000, 0.000000, 0.000000, 1.000000, 0.025973, 0.096377, 0.995006, 0.225451, -0.998652, -0.042253, 0.030161, -0.016540, 0.044949, -0.994448, 0.095149, 0.253973, 0.000000, 0.000000, 0.000000, 1.000000, -0.999736, 0.011466, 0.019934, 0.008462, 0.021105, 0.113242, 0.993343, -0.120948, 0.009132, 0.993501, -0.113454, -0.024828, 0.000000, 0.000000, 0.000000, 1.000000
8.3584, 16.5112, -53.8073, 203.1038, 225.1038, -16.5112, 253.8807, 8.4361, -120.9523, -25.0095, 0.998598, 0.042736, -0.031228, 0.016511, -0.045497, 0.994550, -0.093809, -0.053807, 0.027049, 0.095099, 0.995100, 0.203104, 0.000000, 0.000000, 0.000000, 1.000000, 0.027049, 0.095099, 0.995100, 0.225104, -0.998598, -0.042736, 0.031228, -0.016511, 0.045497, -0.994550, 0.093809, 0.253881, 0.000000, 0.000000, 0.000000, 1.000000, -0.999714, 0.011400, 0.021032, 0.008436, 0.022156, 0.109713, 0.993716, -0.120952, 0.009021, 0.993898, -0.109934, -0.025009, 0.000000, 0.000000, 0.000000, 1.000000
8.4806, 16.4481, -53.6668, 202.7492, 224.7492, -16.4481, 253.7403, 8.4493, -120.9875, -25.1250, 0.998636, 0.043857, -0.028320, 0.016448, -0.046323, 0.994562, -0.093279, -0.053667, 0.024075, 0.094464, 0.995237, 0.202749, 0.000000, 0.000000, 0.000000, 1.000000, 0.024075, 0.094464, 0.995237, 0.224749, -0.998636, -0.043857, 0.028320, -0.016448, 0.046323, -0.994562, 0.093279, 0.253740, 0.000000, 0.000000, 0.000000, 1.000000, -0.999779, 0.010661, 0.018135, 0.008449, 0.019173, 0.106987, 0.994076, -0.120988, 0.008658, 0.994203, -0.107168, -0.025125, 0.000000, 0.000000, 0.000000, 1.000000
8.6034, 16.4185, -53.5288, 202.5179, 224.5179, -16.4185, 253.6022, 8.4292, -120.8982, -25.2455, 0.998547, 0.043750, -0.031470, 0.016419, -0.046587, 0.994298, -0.095927, -0.053529, 0.027094, 0.097254, 0.994891, 0.202518, 0.000000, 0.000000, 0.000000, 1.000000, 0.027094, 0.097254, 0.994891, 0.224518, -0.998547, -0.043750, 0.031470, -0.016419, 0.046587, -0.994298, 0.095927, 0.253602, 0.000000, 0.000000, 0.000000, 1.000000, -0.999716, 0.011121, 0.021099, 0.008429, 0.022175, 0.107678, 0.993938, -0.120898, 0.008781, 0.994124, -0.107894, -0.025245, 0.000000, 0.000000, 0.000000, 1.000000
8.7148, 16.2978, -53.2682, 201.8638, 223.8638, -16.2978, 253.3417, 8.5133, -121.2597, -25.2205, 0.998675, 0.043488, -0.027511, 0.016298, -0.046047, 0.993874, -0.100471, -0.053268, 0.022974, 0.101604, 0.994560, 0.201864, 0.000000, 0.000000, 0.000000, 1.000000, 0.022974, 0.101604, 0.994560, 0.223864, -0.998675, -0.043488, 0.027511, -0.016298, 0.046047, -0.993874, 0.100471, 0.253342, 0.000000, 0.000000, 0.000000, 1.000000, -0.999789, 0.011680, 0.016876, 0.008513, 0.018060, 0.110123, 0.993754, -0.121260, 0.009749, 0.993849, -0.110311, -0.025220, 0.000000, 0.000000, 0.000000, 1.000000
8.8345, 16.2151, -53.1866, 201.4624, 223.4624, -16.2151, 253.2600, 8.5460, -121.3487, -25.3933, 0.998754, 0.043964, -0.023595, 0.016215, -0.046018, 0.994411, -0.095017, -0.053187, 0.019286, 0.095985, 0.995196, 0.201462, 0.000000, 0.000000, 0.000000, 1.000000, 0.019286, 0.095985, 0.995196, 0.223462, -0.998754, -0.043964, 0.023595, -0.016215, 0.046018, -0.994411, 0.095017, 0.253260, 0.000000, 0.000000, 0.000000, 1.000000, -0.999845, 0.011630, 0.013233, 0.008546, 0.014356, 0.102460, 0.994633, -0.121349, 0.010212, 0.994669, -0.102611, -0.025393, 0.000000, 0.000000, 0.000000, 1.000000
8.9363, 16.2278, -53.0635, 201.2812, 223.2812, -16.2278, 253.1370, 8.4915, -121.2645, -25.4834, 0.998705, 0.043705, -0.026045, 0.016228, -0.046181, 0.993548, -0.103582, -0.053064, 0.021350, 0.104651, 0.994280, 0.201281, 0.000000, 0.000000, 0.000000, 1.000000, 0.021350, 0.104651, 0.994280, 0.223281, -0.998705, -0.043705, 0.026045, -0.016228, 0.046181, -0.993548, 0.103582, 0.253137, 0.000000, 0.000000, 0.000000, 1.000000, -0.999811, 0.012111, 0.015184, 0.008492, 0.016419, 0.109385, 0.993864, -0.121265, 0.010376, 0.993926, -0.109563, -0.025483, 0.000000, 0.000000, 0.000000, 1.000000
9.0582, 16.2054, -52.8884, 200.9854, 222.9854, -16.2054, 252.9618, 8.4668, -121.2420, -25.5660, 0.998542, 0.044634, -0.030364, 0.016205, -0.047706, 0.992853, -0.109398, -0.052888, 0.025264, 0.110687, 0.993534, 0.200985, 0.000000, 0.000000, 0.000000, 1.000000, 0.025264, 0.110687, 0.993534, 0.222985, -0.998542, -0.044634, 0.030364, -0.016205, 0.047706, -0.992853, 0.109398, 0.252962, 0.000000, 0.000000, 0.000000, 1.000000, -0.999751, 0.011490, 0.019139, 0.008467, 0.020319, 0.113332, 0.993349, -0.121242, 0.009244, 0.993491, -0.113537, -0.025566, 0.000000, 0.000000, 0.000000, 1.000000
9.1817, 16.1348, -52.7913, 200.6217, 222.6217, -16.1348, 252.8648, 8.4854, -121.2834, -25.7330, 0.998555, 0.044935, -0.029484, 0.016135, -0.047841, 0.993145, -0.106655, -0.052791, 0.024489, 0.107911, 0.993859, 0.200622, 0.000000, 0.000000, 0.000000, 1.000000, 0.024489, 0.107911, 0.993859, 0.222622, -0.998555, -0.044935, 0.029484, -0.016135, 0.047841, -0.993145, 0.106655, 0.252865, 0.000000, 0.000000, 0.000000, 1.000000, -0.999764, 0.011600, 0.018385, 0.008485, 0.019536, 0.108447, 0.993910, -0.121283, 0.009535, 0.994035, -0.108648, -0.025733, 0.000000, 0.000000, 0.000000, 1.000000
9.2997, 16.0882, -52.6624, 200.2668, 222.2668, -16.0882, 252.7358, 8.4844, -121.3302, -25.8561, 0.998589, 0.044725, -0.028629, 0.016088, -0.047477, 0.993439, -0.104041, -0.052662, 0.023788, 0.105253, 0.994161, 0.200267, 0.000000, 0.000000, 0.000000, 1.000000, 0.023788, 0.105253, 0.994161, 0.222267, -0.998589, -0.044725, 0.028629, -0.016088, 0.047477, -0.993439, 0.104041, 0.252736, 0.000000, 0.000000, 0.000000, 1.000000, -0.999770, 0.012202, 0.017653, 0.008484, 0.018825, 0.103774, 0.994423, -0.121330, 0.010302, 0.994526, -0.103980, -0.025856, 0.000000, 0.000000, 0.000000, 1.000000
9.4181, 16.0510, -52.3989, 199.8002, 221.8002, -16.0510, 252.4724, 8.4832, -121.4882, -25.8465, 0.998412, 0.045023, -0.033849, 0.016051, -0.048621, 0.992255, -0.114306, -0.052399, 0.028441, 0.115770, 0.992869, 0.199800, 0.000000, 0.000000, 0.000000, 1.000000, 0.028441, 0.115770, 0.992869, 0.221800, -0.998412, -0.045023, 0.033849, -0.016051, 0.048621, -0.992255, 0.114306, 0.252472, 0.000000, 0.000000, 0.000000, 1.000000, -0.999679, 0.012148, 0.022241, 0.008483, 0.023465, 0.112270, 0.993401, -0.121488, 0.009571, 0.993604, -0.112519, -0.025847, 0.000000, 0.000000, 0.000000, 1.000000
9.5443, 15.9906, -52.3023, 199.4599, 221.4599, -15.9906, 252.3757, 8.4892, -121.4993, -26.0217, 0.998485, 0.045519, -0.030930, 0.015991, -0.048621, 0.992926, -0.108325, -0.052302, 0.025780, 0.109665, 0.993634, 0.199460, 0.000000, 0.000000, 0.000000, 1.000000, 0.025780, 0.109665, 0.993634, 0.221460, -0.998485, -0.045519, 0.030930, -0.015991, 0.048621, -0.992926, 0.108325, 0.252376, 0.000000, 0.000000, 0.000000, 1.000000, -0.999734, 0.012110, 0.019649, 0.008489, 0.020803, 0.104005, 0.994359, -0.121499, 0.009999, 0.994503, -0.104230, -0.026022, 0.000000, 0.000000, 0.000000, 1.000000
9.6647, 15.9657, -52.1106, 199.2379, 221.2379, -15.9657, 252.1841, 8.4694, -121.4078, -26.0877, 0.998352, 0.046722, -0.033326, 0.015966, -0.050366, 0.991674, -0.118515, -0.052111, 0.027511, 0.119998, 0.992393, 0.199238, 0.000000, 0.000000, 0.000000, 1.000000, 0.027511, 0.119998, 0.992393, 0.221238, -0.998352, -0.046722, 0.033326, -0.015966, 0.050366, -0.991674, 0.118515, 0.252184, 0.000000, 0.000000, 0.000000, 1.000000, -0.999708, 0.011155, 0.021413, 0.008469, 0.022531, 0.112284, 0.993421, -0.121408, 0.008677, 0.993614, -0.112503, -0.026088, 0.000000, 0.000000, 0.000000, 1.000000
9.7748, 15.9815, -51.9911, 198.7559, 220.7559, -15.9815, 252.0645, 8.4091, -121.6031, -26.2043, 0.998077, 0.047169, -0.040210, 0.015981, -0.051455, 0.992234, -0.113245, -0.051991, 0.034556, 0.115096, 0.992753, 0.198756, 0.000000, 0.000000, 0.000000, 1.000000, 0.034556, 0.115096, 0.992753, 0.220756, -0.998077, -0.047169, 0.040210, -0.015981, 0.051455, -0.992234, 0.113245, 0.252065, 0.000000, 0.000000, 0.000000, 1.000000, -0.999530, 0.011106, 0.028576, 0.008409, 0.029589, 0.105495, 0.993980, -0.121603, 0.008024, 0.994358, -0.105774, -0.026204, 0.000000, 0.000000, 0.000000, 1.000000
9.8982, 15.8925, -51.9239, 198.5598, 220.5598, -15.8925, 251.9973, 8.4443, -121.4761, -26.4056, 0.998422, 0.046387, -0.031643, 0.015893, -0.049715, 0.992224, -0.114106, -0.051924, 0.026104, 0.115499, 0.992965, 0.198560, 0.000000, 0.000000, 0.000000, 1.000000, 0.026104, 0.115499, 0.992965, 0.220560, -0.998422, -0.046387, 0.031643, -0.015893, 0.049715, -0.992224, 0.114106, 0.251997, 0.000000, 0.000000, 0.000000, 1.000000, -0.999726, 0.012263, 0.019935, 0.008444, 0.021102, 0.103793, 0.994375, -0.121476, 0.010125, 0.994523, -0.104023, -0.026406, 0.000000, 0.000000, 0.000000, 1.000000
10.0114, 15.7555, -51.6502, 197.9490, 219.9490, -15.7555, 251.7237, 8.5458, -121.7932, -26.3879, 0.998589, 0.046487, -0.025687, 0.015756, -0.049239, 0.991593, -0.119659, -0.051650, 0.019909, 0.120755, 0.992483, 0.197949, 0.000000, 0.000000, 0.000000, 1.000000, 0.019909, 0.120755, 0.992483, 0.219949, -0.998589, -0.046487, 0.025687, -0.015756, 0.049239, -0.991593, 0.119659, 0.251724, 0.000000, 0.000000, 0.000000, 1.000000, -0.999830, 0.012448, 0.013635, 0.008546, 0.014891, 0.107122, 0.994134, -0.121793, 0.010914, 0.994168, -0.107289, -0.026388, 0.000000, 0.000000, 0.000000, 1.000000
10.1406, 15.7807, -51.5176, 197.6515, 219.6515, -15.7807, 251.5911, 8.4679, -121.7533, -26.5322, 0.998231, 0.046921, -0.036516, 0.015781, -0.051112, 0.990979, -0.123884, -0.051518, 0.030374, 0.125532, 0.991625, 0.197651, 0.000000, 0.000000, 0.000000, 1.000000, 0.030374, 0.125532, 0.991625, 0.219651, -0.998231, -0.046921, 0.036516, -0.015781, 0.051112, -0.990979, 0.123884, 0.251591, 0.000000, 0.000000, 0.000000, 1.000000, -0.999632, 0.012352, 0.024160, 0.008468, 0.025371, 0.109699, 0.993641, -0.121753, 0.009623, 0.993888, -0.109972, -0.026532, 0.000000, 0.000000, 0.000000, 1.000000
10.2586, 15.7407, -51.3617, 197.4415, 219.4415, -15.7407, 251.4351, 8.4604, -121.6563, -26.6324, 0.998265, 0.047492, -0.034803, 0.015741, -0.051669, 0.990029, -0.131049, -0.051362, 0.028232, 0.132620, 0.990765, 0.197441, 0.000000, 0.000000, 0.000000, 1.000000, 0.028232, 0.132620, 0.990765, 0.219441, -0.998265, -0.047492, 0.034803, -0.015741, 0.051669, -0.990029, 0.131049, 0.251435, 0.000000, 0.000000, 0.000000, 1.000000, -0.999685, 0.012055, 0.021998, 0.008460, 0.023238, 0.114784, 0.993119, -0.121656, 0.009447, 0.993317, -0.115028, -0.026632, 0.000000, 0.000000, 0.000000, 1.000000
10.3693, 15.6696, -51.2330, 197.0751, 219.0751, -15.6696, 251.3064, 8.4874, -121.7340, -26.7496, 0.998263, 0.047883, -0.034325, 0.015670, -0.051808, 0.990872, -0.124451, -0.051233, 0.028052, 0.126013, 0.991632, 0.197075, 0.000000, 0.000000, 0.000000, 1.000000, 0.028052, 0.126013, 0.991632, 0.219075, -0.998263, -0.047883, 0.034325, -0.015670, 0.051808, -0.990872, 0.124451, 0.251306, 0.000000, 0.000000, 0.000000, 1.000000, -0.999687, 0.012088, 0.021891, 0.008487, 0.023053, 0.106270, 0.994070, -0.121734, 0.009690, 0.994264, -0.106515, -0.026750, 0.000000, 0.000000, 0.000000, 1.000000
10.4862, 15.6732, -51.0457, 196.8007, 218.8007, -15.6732, 251.1192, 8.4416, -121.7052, -26.8158, 0.997921, 0.048732, -0.042180, 0.015673, -0.054015, 0.989395, -0.134832, -0.051046, 0.035162, 0.136830, 0.989970, 0.196801, 0.000000, 0.000000, 0.000000, 1.000000, 0.035162, 0.136830, 0.989970, 0.218801, -0.997921, -0.048732, 0.042180, -0.015673, 0.054015, -0.989395, 0.134832, 0.251119, 0.000000, 0.000000, 0.000000, 1.000000, -0.999512, 0.011453, 0.029069, 0.008442, 0.030195, 0.115113, 0.992893, -0.121705, 0.008025, 0.993286, -0.115403, -0.026816, 0.000000, 0.000000, 0.000000, 1.000000
10.6016, 15.6301, -50.9568, 196.6219, 218.6219, -15.6301, 251.0303, 8.4352, -121.5826, -26.9779, 0.998140, 0.048374, -0.037094, 0.015630, -0.052977, 0.989388, -0.135294, -0.050957, 0.030155, 0.137007, 0.990111, 0.196622, 0.000000, 0.000000, 0.000000, 1.000000, 0.030155, 0.137007, 0.990111, 0.218622, -0.998140, -0.048374, 0.037094, -0.015630, 0.052977, -0.989388, 0.135294, 0.251030, 0.000000, 0.000000, 0.000000, 1.000000, -0.999640, 0.012165, 0.023933, 0.008435, 0.025159, 0.113325, 0.993239, -0.121583, 0.009370, 0.993484, -0.113590, -0.026978, 0.000000, 0.000000, 0.000000, 1.000000
10.7066, 15.4735, -50.6873, 195.9496, 217.9496, -15.4735, 250.7607, 8.5596, -121.9843, -26.9578, 0.998476, 0.048511, -0.026317, 0.015473, -0.051599, 0.989732, -0.133294, -0.050687, 0.019580, 0.134449, 0.990727, 0.195950, 0.000000, 0.000000, 0.000000, 1.000000, 0.019580, 0.134449, 0.990727, 0.217950, -0.998476, -0.048511, 0.026317, -0.015473, 0.051599, -0.989732, 0.133294, 0.250761, 0.000000, 0.000000, 0.000000, 1.000000, -0.999835, 0.012385, 0.013279, 0.008560, 0.014551, 0.108965, 0.993939, -0.121984, 0.010863, 0.993968, -0.109127, -0.026958, 0.000000, 0.000000, 0.000000, 1.000000
10.8301, 15.4887, -50.5692, 195.7422, 217.7422, -15.4887, 250.6427, 8.4932, -121.8703, -27.1075, 0.998286, 0.048564, -0.032655, 0.015489, -0.052608, 0.989143, -0.137216, -0.050569, 0.025636, 0.138699, 0.990003, 0.195742, 0.000000, 0.000000, 0.000000, 1.000000, 0.025636, 0.138699, 0.990003, 0.217742, -0.998286, -0.048564, 0.032655, -0.015489, 0.052608, -0.989143, 0.137216, 0.250643, 0.000000, 0.000000, 0.000000, 1.000000, -0.999733, 0.012658, 0.019326, 0.008493, 0.020614, 0.111121, 0.993593, -0.121870, 0.010429, 0.993726, -0.111352, -0.027107, 0.000000, 0.000000, 0.000000, 1.000000
10.9488, 15.4735, -50.4629, 195.3421, 217.3421, -15.4735, 250.5364, 8.4588, -121.9617, -27.2664, 0.998216, 0.049205, -0.033831, 0.015474, -0.053283, 0.989729, -0.132655, -0.050463, 0.026956, 0.134221, 0.990585, 0.195342, 0.000000, 0.000000, 0.000000, 1.000000, 0.026956, 0.134221, 0.990585, 0.217342, -0.998216, -0.049205, 0.033831, -0.015474, 0.053283, -0.989729, 0.132655, 0.250536, 0.000000, 0.000000, 0.000000, 1.000000, -0.999707, 0.012442, 0.020764, 0.008459, 0.021953, 0.104601, 0.994272, -0.121962, 0.010199, 0.994436, -0.104844, -0.027266, 0.000000, 0.000000, 0.000000, 1.000000
11.0711, 15.4407, -50.3100, 195.1005, 217.1005, -15.4407, 250.3834, 8.4438, -121.8851, -27.3828, 0.998201, 0.050013, -0.033055, 0.015441, -0.054079, 0.989170, -0.136448, -0.050310, 0.025873, 0.137990, 0.990096, 0.195101, 0.000000, 0.000000, 0.000000, 1.000000, 0.025873, 0.137990, 0.990096, 0.217101, -0.998201, -0.050013, 0.033055, -0.015441, 0.054079, -0.989170, 0.136448, 0.250383, 0.000000, 0.000000, 0.000000, 1.000000, -0.999734, 0.011958, 0.019717, 0.008444, 0.020877, 0.106290, 0.994116, -0.121885, 0.009792, 0.994263, -0.106511, -0.027383, 0.000000, 0.000000, 0.000000, 1.000000
11.2028, 15.3385, -50.1944, 194.7787, 216.7787, -15.3385, 250.2678, 8.4898, -121.8629, -27.5636, 0.998311, 0.049044, -0.031149, 0.015339, -0.052788, 0.989615, -0.133699, -0.050194, 0.024269, 0.135117, 0.990532, 0.194779, 0.000000, 0.000000, 0.000000, 1.000000, 0.024269, 0.135117, 0.990532, 0.216779, -0.998311, -0.049044, 0.031149, -0.015339, 0.052788, -0.989615, 0.133699, 0.250268, 0.000000, 0.000000, 0.000000, 1.000000, -0.999749, 0.013373, 0.017966, 0.008490, 0.019228, 0.101162, 0.994684, -0.121863, 0.011485, 0.994780, -0.101394, -0.027564, 0.000000, 0.000000, 0.000000, 1.000000
11.3210, 15.2546, -49.9154, 194.2464, 216.2464, -15.2546, 249.9889, 8.5374, -122.0920, -27.5603, 0.998201, 0.050272, -0.032682, 0.015255, -0.054419, 0.988408, -0.141733, -0.049915, 0.025178, 0.143257, 0.989365, 0.194246, 0.000000, 0.000000, 0.000000, 1.000000, 0.025178, 0.143257, 0.989365, 0.216246, -0.998201, -0.050272, 0.032682, -0.015255, 0.054419, -0.988408, 0.141733, 0.249989, 0.000000, 0.000000, 0.000000, 1.000000, -0.999744, 0.012396, 0.018954, 0.008537, 0.020176, 0.107310, 0.994021, -0.122092, 0.010288, 0.994148, -0.107533, -0.027560, 0.000000, 0.000000, 0.000000, 1.000000
11.4434, 15.2491, -49.7526, 193.8043, 215.8043, -15.2491, 249.8261, 8.4949, -122.2167, -27.6748, 0.997893, 0.050677, -0.040511, 0.015249, -0.055922, 0.988420, -0.141061, -0.049753, 0.032893, 0.143029, 0.989172, 0.193804, 0.000000, 0.000000, 0.000000, 1.000000, 0.032893, 0.143029, 0.989172, 0.215804, -0.997893, -0.050677, 0.040511, -0.015249, 0.055922, -0.988420, 0.141061, 0.249826, 0.000000, 0.000000, 0.000000, 1.000000, -0.999565, 0.012371, 0.026789, 0.008495, 0.027942, 0.104989, 0.994081, -0.122217, 0.009485, 0.994396, -0.105289, -0.027675, 0.000000, 0.000000, 0.000000, 1.000000
11.5539, 15.2237, -49.5826, 193.6390, 215.6390, -15.2237, 249.6561, 8.4782, -122.0964, -27.7483, 0.997819, 0.052133, -0.040478, 0.015224, -0.057777, 0.986407, -0.153826, -0.049583, 0.031908, 0.155829, 0.987268, 0.193639, 0.000000, 0.000000, 0.000000, 1.000000, 0.031908, 0.155829, 0.987268, 0.215639, -0.997819, -0.052133, 0.040478, -0.015224, 0.057777, -0.986407, 0.153826, 0.249656, 0.000000, 0.000000, 0.000000, 1.000000, -0.999603, 0.011070, 0.025915, 0.008478, 0.027025, 0.115960, 0.992886, -0.122096, 0.007986, 0.993192, -0.116213, -0.027748, 0.000000, 0.000000, 0.000000, 1.000000
11.6826, 15.2029, -49.5039, 193.4393, 215.4393, -15.2029, 249.5773, 8.4423, -121.9586, -27.9527, 0.997959, 0.051497, -0.037765, 0.015203, -0.056774, 0.986206, -0.155481, -0.049504, 0.029237, 0.157307, 0.987117, 0.193439, 0.000000, 0.000000, 0.000000, 1.000000, 0.029237, 0.157307, 0.987117, 0.215439, -0.997959, -0.051497, 0.037765, -0.015203, 0.056774, -0.986206, 0.155481, 0.249577, 0.000000, 0.000000, 0.000000, 1.000000, -0.999661, 0.012080, 0.023067, 0.008442, 0.024307, 0.115253, 0.993039, -0.121959, 0.009338, 0.993263, -0.115507, -0.027953, 0.000000, 0.000000, 0.000000, 1.000000
11.8255, 15.0452, -49.2075, 192.8915, 214.8915, -15.0452, 249.2810, 8.5529, -122.1396, -27.9946, 0.998198, 0.051327, -0.031085, 0.015045, -0.055724, 0.985067, -0.162904, -0.049208, 0.022259, 0.164343, 0.986152, 0.192892, 0.000000, 0.000000, 0.000000, 1.000000, 0.022259, 0.164343, 0.986152, 0.214892, -0.998198, -0.051327, 0.031085, -0.015045, 0.055724, -0.985067, 0.162904, 0.249281, 0.000000, 0.000000, 0.000000, 1.000000, -0.999795, 0.012582, 0.015875, 0.008553, 0.017271, 0.119895, 0.992636, -0.122140, 0.010586, 0.992707, -0.120088, -0.027995, 0.000000, 0.000000, 0.000000, 1.000000
11.9698, 15.0270, -49.1356, 192.5201, 214.5201, -15.0270, 249.2091, 8.5070, -122.1314, -28.2480, 0.998182, 0.051530, -0.031266, 0.015027, -0.055722, 0.986685, -0.152798, -0.049136, 0.022976, 0.154263, 0.987763, 0.192520, 0.000000, 0.000000, 0.000000, 1.000000, 0.022976, 0.154263, 0.987763, 0.214520, -0.998182, -0.051530, 0.031266, -0.015027, 0.055722, -0.986685, 0.152798, 0.249209, 0.000000, 0.000000, 0.000000, 1.000000, -0.999777, 0.012975, 0.016676, 0.008507, 0.017973, 0.107287, 0.994066, -0.122131, 0.011109, 0.994143, -0.107496, -0.028248, 0.000000, 0.000000, 0.000000, 1.000000
12.0973, 15.0245, -48.9360, 192.2030, 214.2030, -15.0245, 249.0094, 8.4620, -122.1198, -28.3352, 0.997839, 0.052579, -0.039395, 0.015025, -0.058240, 0.985400, -0.159983, -0.048936, 0.030408, 0.161932, 0.986333, 0.192203, 0.000000, 0.000000, 0.000000, 1.000000, 0.030408, 0.161932, 0.986333, 0.214203, -0.997839, -0.052579, 0.039395, -0.015025, 0.058240, -0.985400, 0.159983, 0.249009, 0.000000, 0.000000, 0.000000, 1.000000, -0.999631, 0.012201, 0.024287, 0.008462, 0.025510, 0.112825, 0.993287, -0.122120, 0.009378, 0.993540, -0.113095, -0.028335, 0.000000, 0.000000, 0.000000, 1.000000
12.2326, 14.9888, -48.6356, 191.4587, 213.4587, -14.9888, 248.7090, 8.4548, -122.5190, -28.3640, 0.997384, 0.054071, -0.047967, 0.014989, -0.060966, 0.985806, -0.156426, -0.048636, 0.038828, 0.158941, 0.986524, 0.191459, 0.000000, 0.000000, 0.000000, 1.000000, 0.038828, 0.158941, 0.986524, 0.213459, -0.997384, -0.054071, 0.047967, -0.014989, 0.060966, -0.985806, 0.156426, 0.248709, 0.000000, 0.000000, 0.000000, 1.000000, -0.999391, 0.011170, 0.033044, 0.008455, 0.034054, 0.107495, 0.993622, -0.122519, 0.007546, 0.994143, -0.107810, -0.028364, 0.000000, 0.000000, 0.000000, 1.000000
12.3614, 14.9696, -48.4818, 191.2641, 213.2641, -14.9696, 248.5552, 8.4222, -122.3796, -28.4966, 0.997320, 0.053677, -0.049710, 0.014970, -0.061236, 0.984266, -0.165745, -0.048482, 0.040031, 0.168344, 0.984915, 0.191264, 0.000000, 0.000000, 0.000000, 1.000000, 0.040031, 0.168344, 0.984915, 0.213264, -0.997320, -0.053677, 0.049710, -0.014970, 0.061236, -0.984266, 0.165745, 0.248555, 0.000000, 0.000000, 0.000000, 1.000000, -0.999347, 0.011814, 0.034134, 0.008422, 0.035266, 0.114771, 0.992766, -0.122380, 0.007810, 0.993322, -0.115113, -0.028497, 0.000000, 0.000000, 0.000000, 1.000000
12.5095, 14.8740, -48.3857, 190.9469, 212.9469, -14.8740, 248.4591, 8.4521, -122.3074, -28.7399, 0.997633, 0.053414, -0.043306, 0.014874, -0.059816, 0.984747, -0.163388, -0.048386, 0.033918, 0.165592, 0.985611, 0.190947, 0.000000, 0.000000, 0.000000, 1.000000, 0.033918, 0.165592, 0.985611, 0.212947, -0.997633, -0.053414, 0.043306, -0.014874, 0.059816, -0.984747, 0.163388, 0.248459, 0.000000, 0.000000, 0.000000, 1.000000, -0.999532, 0.012577, 0.027871, 0.008452, 0.029082, 0.109471, 0.993565, -0.122307, 0.009445, 0.993910, -0.109785, -0.028740, 0.000000, 0.000000, 0.000000, 1.000000
12.6382, 14.7572, -48.1371, 190.4436, 212.4436, -14.7572, 248.2105, 8.5255, -122.4807, -28.8033, 0.997931, 0.053481, -0.035679, 0.014757, -0.058619, 0.984826, -0.163342, -0.048137, 0.026402, 0.165096, 0.985924, 0.190444, 0.000000, 0.000000, 0.000000, 1.000000, 0.026402, 0.165096, 0.985924, 0.212444, -0.997931, -0.053481, 0.035679, -0.014757, 0.058619, -0.984826, 0.163342, 0.248211, 0.000000, 0.000000, 0.000000, 1.000000, -0.999712, 0.012913, 0.020225, 0.008525, 0.021490, 0.106771, 0.994051, -0.122481, 0.010677, 0.994200, -0.107018, -0.028803, 0.000000, 0.000000, 0.000000, 1.000000
12.7797, 14.8188, -47.8525, 190.0264, 212.0264, -14.8188, 247.9259, 8.4160, -122.5381, -28.8423, 0.997199, 0.054516, -0.051212, 0.014819, -0.062783, 0.982223, -0.176910, -0.047852, 0.040658, 0.179630, 0.982894, 0.190026, 0.000000, 0.000000, 0.000000, 1.000000, 0.040658, 0.179630, 0.982894, 0.212026, -0.997199, -0.054516, 0.051212, -0.014819, 0.062783, -0.982223, 0.176910, 0.247926, 0.000000, 0.000000, 0.000000, 1.000000, -0.999322, 0.012076, 0.034773, 0.008416, 0.035965, 0.119011, 0.992241, -0.122538, 0.007843, 0.992820, -0.119364, -0.028842, 0.000000, 0.000000, 0.000000, 1.000000
12.9272, 14.6828, -47.6004, 189.4896, 211.4896, -14.6828, 247.6739, 8.4990, -122.6960, -28.9486, 0.997343, 0.054728, -0.048080, 0.014683, -0.062226, 0.983192, -0.171646, -0.047600, 0.037878, 0.174182, 0.983985, 0.189490, 0.000000, 0.000000, 0.000000, 1.000000, 0.037878, 0.174182, 0.983985, 0.211490, -0.997343, -0.054728, 0.048080, -0.014683, 0.062226, -0.983192, 0.171646, 0.247674, 0.000000, 0.000000, 0.000000, 1.000000, -0.999412, 0.012407, 0.031967, 0.008499, 0.033149, 0.110995, 0.993268, -0.122696, 0.008776, 0.993743, -0.111341, -0.028949, 0.000000, 0.000000, 0.000000, 1.000000
13.0502, 14.6543, -47.4856, 189.3521, 211.3521, -14.6543, 247.5591, 8.4757, -122.5116, -29.1076, 0.997511, 0.054734, -0.044455, 0.014654, -0.061806, 0.982164, -0.177578, -0.047486, 0.033943, 0.179884, 0.983102, 0.189352, 0.000000, 0.000000, 0.000000, 1.000000, 0.033943, 0.179884, 0.983102, 0.211352, -0.997511, -0.054734, 0.044455, -0.014654, 0.061806, -0.982164, 0.177578, 0.247559, 0.000000, 0.000000, 0.000000, 1.000000, -0.999530, 0.012684, 0.027910, 0.008476, 0.029182, 0.114651, 0.992977, -0.122512, 0.009395, 0.993325, -0.114967, -0.029108, 0.000000, 0.000000, 0.000000, 1.000000
13.1730, 14.5916, -47.4056, 189.0898, 211.0898, -14.5916, 247.4790, 8.4846, -122.4504, -29.3115, 0.997631, 0.054981, -0.041340, 0.014592, -0.061390, 0.982751, -0.174447, -0.047406, 0.031036, 0.176572, 0.983798, 0.189090, 0.000000, 0.000000, 0.000000, 1.000000, 0.031036, 0.176572, 0.983798, 0.211090, -0.997631, -0.054981, 0.041340, -0.014592, 0.061390, -0.982751, 0.174447, 0.247479, 0.000000, 0.000000, 0.000000, 1.000000, -0.999605, 0.012870, 0.024986, 0.008485, 0.026244, 0.109209, 0.993672, -0.122450, 0.010060, 0.993936, -0.109503, -0.029311, 0.000000, 0.000000, 0.000000, 1.000000
13.3203, 14.5229, -47.1025, 188.4704, 210.4704, -14.5229, 247.1759, 8.5048, -122.6964, -29.3723, 0.997653, 0.055795, -0.039691, 0.014523, -0.061864, 0.982938, -0.173224, -0.047102, 0.029348, 0.175273, 0.984082, 0.188470, 0.000000, 0.000000, 0.000000, 1.000000, 0.029348, 0.175273, 0.984082, 0.210470, -0.997653, -0.055795, 0.039691, -0.014523, 0.061864, -0.982938, 0.173224, 0.247176, 0.000000, 0.000000, 0.000000, 1.000000, -0.999648, 0.012530, 0.023391, 0.008505, 0.024583, 0.105382, 0.994128, -0.122696, 0.009991, 0.994353, -0.105653, -0.029372, 0.000000, 0.000000, 0.000000, 1.000000
13.4710, 14.5476, -46.9164, 188.1945, 210.1945, -14.5476, 246.9899, 8.4202, -122.5825, -29.5268, 0.997301, 0.055820, -0.047694, 0.014548, -0.063664, 0.981037, -0.183067, -0.046916, 0.036571, 0.185609, 0.981943, 0.188194, 0.000000, 0.000000, 0.000000, 1.000000, 0.036571, 0.185609, 0.981943, 0.210194, -0.997301, -0.055820, 0.047694, -0.014548, 0.063664, -0.981037, 0.183067, 0.246990, 0.000000, 0.000000, 0.000000, 1.000000, -0.999448, 0.012793, 0.030655, 0.008420, 0.031909, 0.113254, 0.993054, -0.122582, 0.009232, 0.993484, -0.113600, -0.029527, 0.000000, 0.000000, 0.000000, 1.000000
13.6149, 14.4682, -46.7908, 187.9215, 209.9215, -14.4682, 246.8643, 8.4380, -122.4786, -29.7353, 0.997694, 0.055510, -0.039051, 0.014468, -0.061678, 0.981666, -0.180354, -0.046791, 0.028324, 0.182347, 0.982826, 0.187922, 0.000000, 0.000000, 0.000000, 1.000000, 0.028324, 0.182347, 0.982826, 0.209922, -0.997694, -0.055510, 0.039051, -0.014468, 0.061678, -0.981666, 0.180354, 0.246864, 0.000000, 0.000000, 0.000000, 1.000000, -0.999661, 0.013606, 0.022187, 0.008438, 0.023523, 0.107501, 0.993927, -0.122479, 0.011138, 0.994112, -0.107784, -0.029735, 0.000000, 0.000000, 0.000000, 1.000000
13.7450, 14.3721, -46.5066, 187.3807, 209.3807, -14.3721, 246.5801, 8.4912, -122.6905, -29.7783, 0.997605, 0.056386, -0.040062, 0.014372, -0.062947, 0.980166, -0.187917, -0.046507, 0.028672, 0.189989, 0.981368, 0.187381, 0.000000, 0.000000, 0.000000, 1.000000, 0.028672, 0.189989, 0.981368, 0.209381, -0.997605, -0.056386, 0.040062, -0.014372, 0.062947, -0.980166, 0.187917, 0.246580, 0.000000, 0.000000, 0.000000, 1.000000, -0.999659, 0.012996, 0.022638, 0.008491, 0.023963, 0.113005, 0.993305, -0.122690, 0.010351, 0.993509, -0.113278, -0.029778, 0.000000, 0.000000, 0.000000, 1.000000
13.8865, 14.3789, -46.3251, 186.9074, 208.9074, -14.3789, 246.3986, 8.4295, -122.7976, -29.9368, 0.996968, 0.056395, -0.053607, 0.014379, -0.065468, 0.980322, -0.186234, -0.046325, 0.042049, 0.189179, 0.981042, 0.186907, 0.000000, 0.000000, 0.000000, 1.000000, 0.042049, 0.189179, 0.981042, 0.208907, -0.996968, -0.056395, 0.053607, -0.014379, 0.065468, -0.980322, 0.186234, 0.246399, 0.000000, 0.000000, 0.000000, 1.000000, -0.999253, 0.013436, 0.036235, 0.008430, 0.037493, 0.109770, 0.993250, -0.122798, 0.009368, 0.993866, -0.110192, -0.029937, 0.000000, 0.000000, 0.000000, 1.000000
13.9966, 14.2937, -46.1692, 186.8825, 208.8825, -14.2937, 246.2426, 8.4738, -122.5395, -30.0247, 0.997565, 0.057504, -0.039460, 0.014294, -0.064099, 0.978923, -0.193910, -0.046169, 0.027478, 0.195968, 0.980225, 0.186883, 0.000000, 0.000000, 0.000000, 1.000000, 0.027478, 0.195968, 0.980225, 0.208883, -0.997565, -0.057504, 0.039460, -0.014294, 0.064099, -0.978923, 0.193910, 0.246243, 0.000000, 0.000000, 0.000000, 1.000000, -0.999689, 0.012538, 0.021544, 0.008474, 0.022842, 0.114758, 0.993131, -0.122539, 0.009980, 0.993314, -0.115008, -0.030025, 0.000000, 0.000000, 0.000000, 1.000000
14.1148, 14.2961, -46.0728, 186.4899, 208.4899, -14.2961, 246.1462, 8.4216, -122.6216, -30.2133, 0.997082, 0.057366, -0.050373, 0.014296, -0.065862, 0.980039, -0.187576, -0.046073, 0.038607, 0.190347, 0.980958, 0.186490, 0.000000, 0.000000, 0.000000, 1.000000, 0.038607, 0.190347, 0.980958, 0.208490, -0.997082, -0.057366, 0.050373, -0.014296, 0.065862, -0.980039, 0.187576, 0.246146, 0.000000, 0.000000, 0.000000, 1.000000, -0.999374, 0.013141, 0.032854, 0.008422, 0.034074, 0.107047, 0.993670, -0.122622, 0.009541, 0.994167, -0.107428, -0.030213, 0.000000, 0.000000, 0.000000, 1.000000
14.2291, 14.0625, -45.8047, 186.0593, 208.0593, -14.0625, 245.8782, 8.6183, -122.7643, -30.2443, 0.998066, 0.057267, -0.024188, 0.014062, -0.060857, 0.979488, -0.192091, -0.045805, 0.012691, 0.193192, 0.981079, 0.186059, 0.000000, 0.000000, 0.000000, 1.000000, 0.012691, 0.193192, 0.981079, 0.208059, -0.998066, -0.057267, 0.024188, -0.014062, 0.060857, -0.979488, 0.192091, 0.245878, 0.000000, 0.000000, 0.000000, 1.000000, -0.999888, 0.013542, 0.006391, 0.008618, 0.007816, 0.107978, 0.994123, -0.122764, 0.012772, 0.994061, -0.108072, -0.030244, 0.000000, 0.000000, 0.000000, 1.000000
14.3363, 14.1277, -45.5420, 185.5507, 207.5507, -14.1277, 245.6154, 8.5224, -123.0064, -30.2520, 0.997324, 0.057896, -0.044645, 0.014128, -0.065554, 0.978517, -0.195467, -0.045542, 0.032369, 0.197871, 0.979694, 0.185551, 0.000000, 0.000000, 0.000000, 1.000000, 0.032369, 0.197871, 0.979694, 0.207551, -0.997324, -0.057896, 0.044645, -0.014128, 0.065554, -0.978517, 0.195467, 0.245615, 0.000000, 0.000000, 0.000000, 1.000000, -0.999562, 0.013155, 0.026518, 0.008522, 0.027815, 0.110886, 0.993444, -0.123006, 0.010129, 0.993746, -0.111203, -0.030252, 0.000000, 0.000000, 0.000000, 1.000000
14.4584, 14.1285, -45.4474, 185.3181, 207.3181, -14.1285, 245.5209, 8.4689, -122.9182, -30.4400, 0.997216, 0.057575, -0.047384, 0.014128, -0.065745, 0.978708, -0.194442, -0.045447, 0.035181, 0.197016, 0.979769, 0.185318, 0.000000, 0.000000, 0.000000, 1.000000, 0.035181, 0.197016, 0.979769, 0.207318, -0.997216, -0.057575, 0.047384, -0.014128, 0.065745, -0.978708, 0.194442, 0.245521, 0.000000, 0.000000, 0.000000, 1.000000, -0.999475, 0.013869, 0.029295, 0.008469, 0.030623, 0.107935, 0.993686, -0.122918, 0.010619, 0.994061, -0.108303, -0.030440, 0.000000, 0.000000, 0.000000, 1.000000
14.5698, 14.1418, -45.2413, 184.9142, 206.9142, -14.1418, 245.3148, 8.4163, -123.0398, -30.5094, 0.996707, 0.059016, -0.055612, 0.014142, -0.068987, 0.977565, -0.199018, -0.045241, 0.042619, 0.202199, 0.978417, 0.184914, 0.000000, 0.000000, 0.000000, 1.000000, 0.042619, 0.202199, 0.978417, 0.206914, -0.996707, -0.059016, 0.055612, -0.014142, 0.068987, -0.977565, 0.199018, 0.245315, 0.000000, 0.000000, 0.000000, 1.000000, -0.999229, 0.012672, 0.037148, 0.008416, 0.038330, 0.111283, 0.993049, -0.123040, 0.008450, 0.993708, -0.111683, -0.030509, 0.000000, 0.000000, 0.000000, 1.000000
14.6742, 14.0811, -45.1309, 184.5429, 206.5429, -14.0811, 245.2044, 8.4356, -123.1382, -30.6621, 0.996726, 0.059312, -0.054944, 0.014081, -0.068811, 0.979110, -0.191333, -0.045131, 0.042448, 0.194488, 0.979986, 0.184543, 0.000000, 0.000000, 0.000000, 1.000000, 0.042448, 0.194488, 0.979986, 0.206543, -0.996726, -0.059312, 0.054944, -0.014081, 0.068811, -0.979110, 0.191333, 0.245204, 0.000000, 0.000000, 0.000000, 1.000000, -0.999232, 0.012839, 0.037014, 0.008436, 0.038130, 0.101677, 0.994086, -0.123138, 0.009000, 0.994735, -0.102088, -0.030662, 0.000000, 0.000000, 0.000000, 1.000000
14.7938, 14.0069, -45.0506, 184.4589, 206.4589, -14.0069, 245.1241, 8.4566, -122.9066, -30.8515, 0.997310, 0.059071, -0.043408, 0.014007, -0.066430, 0.978661, -0.194445, -0.045051, 0.030996, 0.196806, 0.979952, 0.184459, 0.000000, 0.000000, 0.000000, 1.000000, 0.030996, 0.196806, 0.979952, 0.206459, -0.997310, -0.059071, 0.043408, -0.014007, 0.066430, -0.978661, 0.194445, 0.245124, 0.000000, 0.000000, 0.000000, 1.000000, -0.999591, 0.013405, 0.025253, 0.008457, 0.026490, 0.101986, 0.994433, -0.122907, 0.010755, 0.994695, -0.102300, -0.030852, 0.000000, 0.000000, 0.000000, 1.000000
14.9052, 13.9577, -44.8261, 184.1625, 206.1625, -13.9577, 244.8996, 8.4682, -122.9224, -30.8992, 0.997444, 0.058263, -0.041354, 0.013958, -0.065570, 0.976369, -0.205922, -0.044826, 0.028380, 0.208108, 0.977694, 0.184162, 0.000000, 0.000000, 0.000000, 1.000000, 0.028380, 0.208108, 0.977694, 0.206162, -0.997444, -0.058263, 0.041354, -0.013958, 0.065570, -0.976369, 0.205922, 0.244900, 0.000000, 0.000000, 0.000000, 1.000000, -0.999648, 0.014342, 0.022328, 0.008468, 0.023791, 0.111562, 0.993473, -0.122922, 0.011758, 0.993654, -0.111864, -0.030899, 0.000000, 0.000000, 0.000000, 1.000000
15.0280, 13.8753, -44.5113, 183.6848, 205.6848, -13.8753, 244.5848, 8.5148, -123.0966, -30.9029, 0.997186, 0.060020, -0.044916, 0.013875, -0.068192, 0.975127, -0.210898, -0.044511, 0.031141, 0.213367, 0.976476, 0.183685, 0.000000, 0.000000, 0.000000, 1.000000, 0.031141, 0.213367, 0.976476, 0.205685, -0.997186, -0.060020, 0.044916, -0.013875, 0.068192, -0.975127, 0.210898, 0.244585, 0.000000, 0.000000, 0.000000, 1.000000, -0.999593, 0.012857, 0.025480, 0.008515, 0.026789, 0.114802, 0.993027, -0.123097, 0.009842, 0.993305, -0.115100, -0.030903, 0.000000, 0.000000, 0.000000, 1.000000
15.1339, 13.9233, -44.2930, 183.2433, 205.2433, -13.9233, 244.3664, 8.4323, -123.2727, -30.9540, 0.996387, 0.059677, -0.060428, 0.013923, -0.071163, 0.974999, -0.210508, -0.044293, 0.046354, 0.214048, 0.975723, 0.183243, 0.000000, 0.000000, 0.000000, 1.000000, 0.046354, 0.214048, 0.975723, 0.205243, -0.996387, -0.059677, 0.060428, -0.013923, 0.071163, -0.974999, 0.210508, 0.244366, 0.000000, 0.000000, 0.000000, 1.000000, -0.999070, 0.013512, 0.040951, 0.008432, 0.042224, 0.113688, 0.992619, -0.123273, 0.008757, 0.993425, -0.114153, -0.030954, 0.000000, 0.000000, 0.000000, 1.000000
15.2532, 13.8482, -44.1708, 183.0255, 205.0255, -13.8482, 244.2443, 8.4580, -123.1790, -31.1165, 0.996696, 0.060405, -0.054300, 0.013848, -0.070564, 0.975023, -0.210597, -0.044171, 0.040223, 0.213732, 0.976064, 0.183025, 0.000000, 0.000000, 0.000000, 1.000000, 0.040223, 0.213732, 0.976064, 0.205025, -0.996696, -0.060405, 0.054300, -0.013848, 0.070564, -0.975023, 0.210597, 0.244244, 0.000000, 0.000000, 0.000000, 1.000000, -0.999308, 0.013157, 0.034803, 0.008458, 0.036054, 0.111328, 0.993130, -0.123179, 0.009192, 0.993697, -0.111725, -0.031117, 0.000000, 0.000000, 0.000000, 1.000000
15.3875, 13.8050, -44.1324, 182.7973, 204.7973, -13.8050, 244.2058, 8.4371, -123.0467, -31.3930, 0.996769, 0.060871, -0.052400, 0.013805, -0.070411, 0.976135, -0.205435, -0.044132, 0.038644, 0.208461, 0.977267, 0.182797, 0.000000, 0.000000, 0.000000, 1.000000, 0.038644, 0.208461, 0.977267, 0.204797, -0.996769, -0.060871, 0.052400, -0.013805, 0.070411, -0.976135, 0.205435, 0.244206, 0.000000, 0.000000, 0.000000, 1.000000, -0.999359, 0.013208, 0.033274, 0.008437, 0.034466, 0.103671, 0.994014, -0.123047, 0.009679, 0.994524, -0.104060, -0.031393, 0.000000, 0.000000, 0.000000, 1.000000
15.4846, 13.7951, -43.8548, 182.3079, 204.3079, -13.7951, 243.9283, 8.4225, -123.3000, -31.3789, 0.996279, 0.060594, -0.061288, 0.013795, -0.072419, 0.974117, -0.214132, -0.043855, 0.046726, 0.217774, 0.974880, 0.182308, 0.000000, 0.000000, 0.000000, 1.000000, 0.046726, 0.217774, 0.974880, 0.204308, -0.996279, -0.060594, 0.061288, -0.013795, 0.072419, -0.974117, 0.214132, 0.243928, 0.000000, 0.000000, 0.000000, 1.000000, -0.999048, 0.013597, 0.041447, 0.008422, 0.042707, 0.111490, 0.992847, -0.123300, 0.008879, 0.993673, -0.111964, -0.031379, 0.000000, 0.000000, 0.000000, 1.000000
15.6092, 13.7110, -43.8079, 182.2185, 204.2185, -13.7110, 243.8813, 8.4481, -123.0558, -31.6154, 0.997072, 0.060508, -0.046751, 0.013711, -0.069104, 0.974791, -0.212150, -0.043808, 0.032735, 0.214759, 0.976118, 0.182218, 0.000000, 0.000000, 0.000000, 1.000000, 0.032735, 0.214759, 0.976118, 0.204218, -0.997072, -0.060508, 0.046751, -0.013711, 0.069104, -0.974791, 0.212150, 0.243881, 0.000000, 0.000000, 0.000000, 1.000000, -0.999534, 0.014127, 0.027072, 0.008448, 0.028422, 0.106294, 0.993928, -0.123056, 0.011164, 0.994234, -0.106646, -0.031615, 0.000000, 0.000000, 0.000000, 1.000000
15.7223, 13.6605, -43.4733, 181.6644, 203.6644, -13.6605, 243.5467, 8.4697, -123.3363, -31.5915, 0.996786, 0.061664, -0.051132, 0.013661, -0.071228, 0.974339, -0.213520, -0.043473, 0.036654, 0.216476, 0.975600, 0.181664, 0.000000, 0.000000, 0.000000, 1.000000, 0.036654, 0.216476, 0.975600, 0.203664, -0.996786, -0.061664, 0.051132, -0.013661, 0.071228, -0.974339, 0.213520, 0.243547, 0.000000, 0.000000, 0.000000, 1.000000, -0.999421, 0.013283, 0.031310, 0.008470, 0.032544, 0.106104, 0.993822, -0.123336, 0.009879, 0.994266, -0.106475, -0.031591, 0.000000, 0.000000, 0.000000, 1.000000
15.8414, 13.6687, -43.2451, 181.2973, 203.2973, -13.6687, 243.3185, 8.4212, -123.4049, -31.6625, 0.996369, 0.062041, -0.058314, 0.013669, -0.073364, 0.973149, -0.218170, -0.043245, 0.043213, 0.221656, 0.974167, 0.181297, 0.000000, 0.000000, 0.000000, 1.000000, 0.043213, 0.221656, 0.974167, 0.203297, -0.996369, -0.062041, 0.058314, -0.013669, 0.073364, -0.973149, 0.218170, 0.243319, 0.000000, 0.000000, 0.000000, 1.000000, -0.999188, 0.013165, 0.038086, 0.008421, 0.039300, 0.109349, 0.993226, -0.123405, 0.008911, 0.993916, -0.109777, -0.031662, 0.000000, 0.000000, 0.000000, 1.000000
15.9579, 13.5795, -43.1693, 181.0805, 203.0805, -13.5795, 243.2427, 8.4587, -123.3121, -31.8690, 0.996908, 0.061012, -0.049524, 0.013579, -0.070101, 0.975271, -0.209602, -0.043169, 0.035511, 0.212426, 0.976532, 0.181081, 0.000000, 0.000000, 0.000000, 1.000000, 0.035511, 0.212426, 0.976532, 0.203081, -0.996908, -0.061012, 0.049524, -0.013579, 0.070101, -0.975271, 0.209602, 0.243243, 0.000000, 0.000000, 0.000000, 1.000000, -0.999442, 0.014743, 0.029957, 0.008459, 0.031260, 0.097960, 0.994699, -0.123312, 0.011730, 0.995081, -0.098367, -0.031869, 0.000000, 0.000000, 0.000000, 1.000000
16.0759, 13.5096, -43.0010, 180.9014, 202.9014, -13.5096, 243.0745, 8.4832, -123.1884, -31.9816, 0.997084, 0.061723, -0.044868, 0.013510, -0.070086, 0.973306, -0.218547, -0.043001, 0.030181, 0.221054, 0.974794, 0.180901, 0.000000, 0.000000, 0.000000, 1.000000, 0.030181, 0.221054, 0.974794, 0.202901, -0.997084, -0.061723, 0.044868, -0.013510, 0.070086, -0.973306, 0.218547, 0.243074, 0.000000, 0.000000, 0.000000, 1.000000, -0.999596, 0.014217, 0.024595, 0.008483, 0.025951, 0.104733, 0.994162, -0.123188, 0.011558, 0.994399, -0.105060, -0.031982, 0.000000, 0.000000, 0.000000, 1.000000
16.1857, 13.4351, -42.8462, 180.5708, 202.5708, -13.4351, 242.9197, 8.5156, -123.2357, -32.1088, 0.997123, 0.061204, -0.044713, 0.013435, -0.069474, 0.973862, -0.216253, -0.042846, 0.030309, 0.218737, 0.975313, 0.180571, 0.000000, 0.000000, 0.000000, 1.000000, 0.030309, 0.218737, 0.975313, 0.202571, -0.997123, -0.061204, 0.044713, -0.013435, 0.069474, -0.973862, 0.216253, 0.242920, 0.000000, 0.000000, 0.000000, 1.000000, -0.999583, 0.015124, 0.024595, 0.008516, 0.025993, 0.100496, 0.994598, -0.123236, 0.012570, 0.994823, -0.100847, -0.032109, 0.000000, 0.000000, 0.000000, 1.000000
16.3063, 13.4554, -42.6408, 180.3587, 202.3587, -13.4554, 242.7143, 8.4520, -123.1433, -32.1880, 0.996757, 0.062595, -0.050572, 0.013455, -0.072521, 0.971099, -0.227391, -0.042641, 0.034877, 0.230321, 0.972490, 0.180359, 0.000000, 0.000000, 0.000000, 1.000000, 0.034877, 0.230321, 0.972490, 0.202359, -0.996757, -0.062595, 0.050572, -0.013455, 0.072521, -0.971099, 0.227391, 0.242714, 0.000000, 0.000000, 0.000000, 1.000000, -0.999468, 0.013856, 0.029536, 0.008452, 0.030886, 0.110249, 0.993424, -0.123143, 0.010509, 0.993807, -0.110618, -0.032188, 0.000000, 0.000000, 0.000000, 1.000000
16.4059, 13.4268, -42.4580, 180.0250, 202.0250, -13.4268, 242.5315, 8.4461, -123.2258, -32.2635, 0.996630, 0.062566, -0.053057, 0.013427, -0.072989, 0.971537, -0.225364, -0.042458, 0.037447, 0.228477, 0.972829, 0.180025, 0.000000, 0.000000, 0.000000, 1.000000, 0.037447, 0.228477, 0.972829, 0.202025, -0.996630, -0.062566, 0.053057, -0.013427, 0.072989, -0.971537, 0.225364, 0.242532, 0.000000, 0.000000, 0.000000, 1.000000, -0.999382, 0.014231, 0.032149, 0.008446, 0.033486, 0.106666, 0.993731, -0.123226, 0.010712, 0.994193, -0.107077, -0.032264, 0.000000, 0.000000, 0.000000, 1.000000
16.5346, 13.4003, -42.1748, 179.4874, 201.4874, -13.4003, 242.2482, 8.4323, -123.4437, -32.3285, 0.996399, 0.062818, -0.056952, 0.013400, -0.074186, 0.971114, -0.226792, -0.042175, 0.041060, 0.230200, 0.972277, 0.179487, 0.000000, 0.000000, 0.000000, 1.000000, 0.041060, 0.230200, 0.972277, 0.201487, -0.996399, -0.062818, 0.056952, -0.013400, 0.074186, -0.971114, 0.226792, 0.242248, 0.000000, 0.000000, 0.000000, 1.000000, -0.999253, 0.014338, 0.035889, 0.008432, 0.037212, 0.106225, 0.993646, -0.123444, 0.010434, 0.994239, -0.106679, -0.032329, 0.000000, 0.000000, 0.000000, 1.000000
16.6348, 13.2728, -42.0015, 179.1345, 201.1345, -13.2728, 242.0749, 8.5240, -123.5413, -32.4270, 0.996841, 0.063248, -0.048035, 0.013273, -0.072643, 0.970586, -0.229532, -0.042001, 0.032105, 0.232296, 0.972115, 0.179135, 0.000000, 0.000000, 0.000000, 1.000000, 0.032105, 0.232296, 0.972115, 0.201135, -0.996841, -0.063248, 0.048035, -0.013273, 0.072643, -0.970586, 0.229532, 0.242075, 0.000000, 0.000000, 0.000000, 1.000000, -0.999542, 0.014169, 0.026758, 0.008524, 0.028119, 0.106654, 0.993898, -0.123541, 0.011228, 0.994195, -0.107004, -0.032427, 0.000000, 0.000000, 0.000000, 1.000000
16.7559, 13.2641, -41.8737, 178.9104, 200.9104, -13.2641, 241.9471, 8.4828, -123.4499, -32.5901, 0.996879, 0.063307, -0.047153, 0.013264, -0.072509, 0.970500, -0.229941, -0.041874, 0.031205, 0.232642, 0.972062, 0.178910, 0.000000, 0.000000, 0.000000, 1.000000, 0.031205, 0.232642, 0.972062, 0.200910, -0.996879, -0.063307, 0.047153, -0.013264, 0.072509, -0.970500, 0.229941, 0.241947, 0.000000, 0.000000, 0.000000, 1.000000, -0.999562, 0.014474, 0.025819, 0.008483, 0.027198, 0.104940, 0.994107, -0.123450, 0.011680, 0.994373, -0.105287, -0.032590, 0.000000, 0.000000, 0.000000, 1.000000
16.8587, 13.2506, -41.6901, 178.4975, 200.4975, -13.2506, 241.7636, 8.4609, -123.6017, -32.6845, 0.996425, 0.063612, -0.055586, 0.013251, -0.074566, 0.971535, -0.224855, -0.041690, 0.039701, 0.228196, 0.972805, 0.178497, 0.000000, 0.000000, 0.000000, 1.000000, 0.039701, 0.228196, 0.972805, 0.200497, -0.996425, -0.063612, 0.055586, -0.013251, 0.074566, -0.971535, 0.224855, 0.241764, 0.000000, 0.000000, 0.000000, 1.000000, -0.999295, 0.014583, 0.034607, 0.008461, 0.035879, 0.098636, 0.994477, -0.123602, 0.011089, 0.995017, -0.099090, -0.032684, 0.000000, 0.000000, 0.000000, 1.000000
16.9737, 13.1818, -41.5746, 178.3789, 200.3789, -13.1818, 241.6480, 8.4815, -123.4200, -32.8383, 0.996715, 0.064538, -0.048924, 0.013182, -0.073989, 0.971298, -0.226067, -0.041575, 0.032930, 0.228944, 0.972882, 0.178379, 0.000000, 0.000000, 0.000000, 1.000000, 0.032930, 0.228944, 0.972882, 0.200379, -0.996715, -0.064538, 0.048924, -0.013182, 0.073989, -0.971298, 0.226067, 0.241648, 0.000000, 0.000000, 0.000000, 1.000000, -0.999514, 0.013992, 0.027844, 0.008481, 0.029077, 0.097432, 0.994817, -0.123420, 0.011207, 0.995144, -0.097792, -0.032838, 0.000000, 0.000000, 0.000000, 1.000000
17.1031, 13.2425, -41.3811, 177.9279, 199.9279, -13.2425, 241.4546, 8.3728, -123.5401, -32.9807, 0.995878, 0.064262, -0.064007, 0.013242, -0.077112, 0.971423, -0.224482, -0.041381, 0.047753, 0.228492, 0.972374, 0.177928, 0.000000, 0.000000, 0.000000, 1.000000, 0.047753, 0.228492, 0.972374, 0.199928, -0.995878, -0.064262, 0.064007, -0.013242, 0.077112, -0.971423, 0.224482, 0.241455, 0.000000, 0.000000, 0.000000, 1.000000, -0.998968, 0.014677, 0.042982, 0.008373, 0.044183, 0.094758, 0.994519, -0.123540, 0.010524, 0.995392, -0.095309, -0.032981, 0.000000, 0.000000, 0.000000, 1.000000
17.2165, 13.1601, -41.2813, 177.8369, 199.8369, -13.1601, 241.3548, 8.4064, -123.3328, -33.1446, 0.996522, 0.064009, -0.053362, 0.013160, -0.074652, 0.970263, -0.230254, -0.041281, 0.037037, 0.233436, 0.971666, 0.177837, 0.000000, 0.000000, 0.000000, 1.000000, 0.037037, 0.233436, 0.971666, 0.199837, -0.996522, -0.064009, 0.053362, -0.013160, 0.074652, -0.970263, 0.230254, 0.241355, 0.000000, 0.000000, 0.000000, 1.000000, -0.999377, 0.015172, 0.031879, 0.008406, 0.033214, 0.097878, 0.994644, -0.123333, 0.011970, 0.995083, -0.098321, -0.033145, 0.000000, 0.000000, 0.000000, 1.000000
17.3285, 13.0294, -40.8932, 177.2799, 199.2799, -13.0294, 240.9666, 8.5134, -123.6296, -33.0896, 0.996638, 0.064386, -0.050676, 0.013029, -0.074714, 0.968018, -0.239497, -0.040893, 0.033635, 0.242478, 0.969574, 0.177280, 0.000000, 0.000000, 0.000000, 1.000000, 0.033635, 0.242478, 0.969574, 0.199280, -0.996638, -0.064386, 0.050676, -0.013029, 0.074714, -0.968018, 0.239497, 0.240967, 0.000000, 0.000000, 0.000000, 1.000000, -0.999484, 0.014934, 0.028423, 0.008513, 0.029839, 0.105222, 0.994001, -0.123630, 0.011854, 0.994337, -0.105613, -0.033090, 0.000000, 0.000000, 0.000000, 1.000000
17.4397, 13.0713, -40.7147, 177.0108, 199.0108, -13.0713, 240.7882, 8.4311, -123.6175, -33.1868, 0.996153, 0.064580, -0.059241, 0.013071, -0.077213, 0.966511, -0.244734, -0.040715, 0.041452, 0.248367, 0.967779, 0.177011, 0.000000, 0.000000, 0.000000, 1.000000, 0.041452, 0.248367, 0.967779, 0.199011, -0.996153, -0.064580, 0.059241, -0.013071, 0.077213, -0.966511, 0.244734, 0.240788, 0.000000, 0.000000, 0.000000, 1.000000, -0.999222, 0.014944, 0.036505, 0.008431, 0.037924, 0.109361, 0.993278, -0.123618, 0.010851, 0.993890, -0.109842, -0.033187, 0.000000, 0.000000, 0.000000, 1.000000
17.5518, 13.0207, -40.5516, 176.6230, 198.6230, -13.0207, 240.6251, 8.4399, -123.7171, -33.3270, 0.996108, 0.065072, -0.059448, 0.013021, -0.077300, 0.969025, -0.234554, -0.040552, 0.042343, 0.238236, 0.970284, 0.176623, 0.000000, 0.000000, 0.000000, 1.000000, 0.042343, 0.238236, 0.970284, 0.198623, -0.996108, -0.065072, 0.059448, -0.013021, 0.077300, -0.969025, 0.234554, 0.240625, 0.000000, 0.000000, 0.000000, 1.000000, -0.999183, 0.015034, 0.037515, 0.008440, 0.038800, 0.097058, 0.994522, -0.123717, 0.011310, 0.995165, -0.097562, -0.033327, 0.000000, 0.000000, 0.000000, 1.000000
17.6669, 13.0047, -40.4700, 176.4560, 198.4560, -13.0047, 240.5434, 8.4040, -123.5785, -33.5194, 0.996097, 0.065499, -0.059159, 0.013005, -0.077620, 0.969151, -0.233925, -0.040470, 0.042012, 0.237604, 0.970453, 0.176456, 0.000000, 0.000000, 0.000000, 1.000000, 0.042012, 0.237604, 0.970453, 0.198456, -0.996097, -0.065499, 0.059159, -0.013005, 0.077620, -0.969151, 0.233925, 0.240543, 0.000000, 0.000000, 0.000000, 1.000000, -0.999193, 0.014975, 0.037264, 0.008404, 0.038515, 0.094439, 0.994785, -0.123578, 0.011378, 0.995418, -0.094939, -0.033519, 0.000000, 0.000000, 0.000000, 1.000000
17.7653, 13.0200, -40.2386, 175.9941, 197.9941, -13.0200, 240.3121, 8.3604, -123.7993, -33.5690, 0.995256, 0.065321, -0.072106, 0.013020, -0.080584, 0.968717, -0.234719, -0.040239, 0.054518, 0.239417, 0.969385, 0.175994, 0.000000, 0.000000, 0.000000, 1.000000, 0.054518, 0.239417, 0.969385, 0.197994, -0.995256, -0.065321, 0.072106, -0.013020, 0.080584, -0.968717, 0.234719, 0.240312, 0.000000, 0.000000, 0.000000, 1.000000, -0.998627, 0.015415, 0.050075, 0.008360, 0.051313, 0.094615, 0.994191, -0.123799, 0.010588, 0.995395, -0.095276, -0.033569, 0.000000, 0.000000, 0.000000, 1.000000
17.8763, 12.8190, -40.0890, 175.9752, 197.9752, -12.8190, 240.1625, 8.5164, -123.5328, -33.6796, 0.996839, 0.066410, -0.043610, 0.012819, -0.075161, 0.966169, -0.246715, -0.040089, 0.025751, 0.249213, 0.968106, 0.175975, 0.000000, 0.000000, 0.000000, 1.000000, 0.025751, 0.249213, 0.968106, 0.197975, -0.996839, -0.066410, 0.043610, -0.012819, 0.075161, -0.966169, 0.246715, 0.240162, 0.000000, 0.000000, 0.000000, 1.000000, -0.999682, 0.014437, 0.020661, 0.008516, 0.022037, 0.102765, 0.994461, -0.123533, 0.012234, 0.994601, -0.103051, -0.033680, 0.000000, 0.000000, 0.000000, 1.000000
18.0002, 12.8562, -39.8888, 175.5229, 197.5229, -12.8562, 239.9622, 8.4354, -123.6701, -33.8132, 0.996096, 0.066362, -0.058220, 0.012856, -0.078615, 0.966843, -0.242969, -0.039889, 0.040166, 0.246598, 0.968285, 0.175523, 0.000000, 0.000000, 0.000000, 1.000000, 0.040166, 0.246598, 0.968285, 0.197523, -0.996096, -0.066362, 0.058220, -0.012856, 0.078615, -0.966843, 0.242969, 0.239962, 0.000000, 0.000000, 0.000000, 1.000000, -0.999258, 0.014928, 0.035500, 0.008435, 0.036795, 0.097962, 0.994510, -0.123670, 0.011368, 0.995078, -0.098438, -0.033813, 0.000000, 0.000000, 0.000000, 1.000000
18.1077, 12.8049, -39.8110, 175.4466, 197.4466, -12.8049, 239.8845, 8.4380, -123.4612, -33.9833, 0.996560, 0.066408, -0.049586, 0.012805, -0.076526, 0.967025, -0.242913, -0.039811, 0.031820, 0.245872, 0.968780, 0.175447, 0.000000, 0.000000, 0.000000, 1.000000, 0.031820, 0.245872, 0.968780, 0.197447, -0.996560, -0.066408, 0.049586, -0.012805, 0.076526, -0.967025, 0.242913, 0.239884, 0.000000, 0.000000, 0.000000, 1.000000, -0.999522, 0.015231, 0.026886, 0.008438, 0.028219, 0.095379, 0.995041, -0.123461, 0.012591, 0.995325, -0.095763, -0.033983, 0.000000, 0.000000, 0.000000, 1.000000
18.2261, 12.7875, -39.3952, 174.8489, 196.8489, -12.7875, 239.4687, 8.4319, -123.7896, -33.9216, 0.996017, 0.067089, -0.058724, 0.012788, -0.079600, 0.965811, -0.246724, -0.039395, 0.040164, 0.250415, 0.967305, 0.174849, 0.000000, 0.000000, 0.000000, 1.000000, 0.040164, 0.250415, 0.967305, 0.196849, -0.996017, -0.067089, 0.058724, -0.012788, 0.079600, -0.965811, 0.246724, 0.239469, 0.000000, 0.000000, 0.000000, 1.000000, -0.999255, 0.014805, 0.035646, 0.008432, 0.036929, 0.098019, 0.994499, -0.123790, 0.011230, 0.995074, -0.098493, -0.033922, 0.000000, 0.000000, 0.000000, 1.000000
18.3357, 12.7445, -39.2120, 174.5845, 196.5845, -12.7445, 239.2854, 8.4354, -123.7771, -34.0218, 0.996067, 0.066525, -0.058517, 0.012745, -0.079198, 0.964616, -0.251485, -0.039212, 0.039716, 0.255130, 0.966091, 0.174584, 0.000000, 0.000000, 0.000000, 1.000000, 0.039716, 0.255130, 0.966091, 0.196584, -0.996067, -0.066525, 0.058517, -0.012745, 0.079198, -0.964616, 0.251485, 0.239285, 0.000000, 0.000000, 0.000000, 1.000000, -0.999265, 0.015594, 0.035013, 0.008435, 0.036413, 0.100996, 0.994220, -0.123777, 0.011967, 0.994765, -0.101489, -0.034022, 0.000000, 0.000000, 0.000000, 1.000000
18.4537, 12.6646, -39.0598, 174.2432, 196.2432, -12.6646, 239.1332, 8.4688, -123.8127, -34.1874, 0.996036, 0.067260, -0.058211, 0.012665, -0.079714, 0.965327, -0.248574, -0.039060, 0.039474, 0.252229, 0.966862, 0.174243, 0.000000, 0.000000, 0.000000, 1.000000, 0.039474, 0.252229, 0.966862, 0.196243, -0.996036, -0.067260, 0.058211, -0.012665, 0.079714, -0.965327, 0.248574, 0.239133, 0.000000, 0.000000, 0.000000, 1.000000, -0.999272, 0.015288, 0.034941, 0.008469, 0.036250, 0.095994, 0.994722, -0.123813, 0.011853, 0.995265, -0.096478, -0.034187, 0.000000, 0.000000, 0.000000, 1.000000
18.5691, 12.6265, -38.9612, 174.0358, 196.0358, -12.6265, 239.0347, 8.4588, -123.7153, -34.3749, 0.996092, 0.067122, -0.057408, 0.012626, -0.079431, 0.965002, -0.249924, -0.038961, 0.038624, 0.253507, 0.966562, 0.174036, 0.000000, 0.000000, 0.000000, 1.000000, 0.038624, 0.253507, 0.966562, 0.196036, -0.996092, -0.067122, 0.057408, -0.012626, 0.079431, -0.965002, 0.249924, 0.239035, 0.000000, 0.000000, 0.000000, 1.000000, -0.999298, 0.015751, 0.033998, 0.008459, 0.035349, 0.095336, 0.994817, -0.123715, 0.012428, 0.995321, -0.095826, -0.034375, 0.000000, 0.000000, 0.000000, 1.000000
18.6954, 12.6463, -38.6833, 173.6067, 195.6067, -12.6463, 238.7567, 8.3997, -123.8354, -34.4410, 0.995755, 0.066731, -0.063401, 0.012646, -0.080899, 0.963025, -0.256979, -0.038683, 0.043908, 0.261017, 0.964335, 0.173607, 0.000000, 0.000000, 0.000000, 1.000000, 0.043908, 0.261017, 0.964335, 0.195607, -0.995755, -0.066731, 0.063401, -0.012646, 0.080899, -0.963025, 0.256979, 0.238757, 0.000000, 0.000000, 0.000000, 1.000000, -0.999092, 0.016346, 0.039338, 0.008400, 0.040790, 0.100911, 0.994059, -0.123835, 0.012280, 0.994761, -0.101487, -0.034441, 0.000000, 0.000000, 0.000000, 1.000000
18.8046, 12.5674, -38.5998, 173.5193, 195.5193, -12.5674, 238.6733, 8.4302, -123.6327, -34.6149, 0.996182, 0.067818, -0.054981, 0.012567, -0.079755, 0.963087, -0.257103, -0.038600, 0.035515, 0.260506, 0.964819, 0.173519, 0.000000, 0.000000, 0.000000, 1.000000, 0.035515, 0.260506, 0.964819, 0.195519, -0.996182, -0.067818, 0.054981, -0.012567, 0.079755, -0.963087, 0.257103, 0.238673, 0.000000, 0.000000, 0.000000, 1.000000, -0.999400, 0.015605, 0.030914, 0.008430, 0.032304, 0.098513, 0.994611, -0.123633, 0.012476, 0.995013, -0.098958, -0.034615, 0.000000, 0.000000, 0.000000, 1.000000
18.9171, 12.5627, -38.4100, 173.1170, 195.1170, -12.5627, 238.4835, 8.3949, -123.7500, -34.7372, 0.995898, 0.068297, -0.059355, 0.012563, -0.081169, 0.964197, -0.252458, -0.038410, 0.039988, 0.256240, 0.965786, 0.173117, 0.000000, 0.000000, 0.000000, 1.000000, 0.039988, 0.256240, 0.965786, 0.195117, -0.995898, -0.068297, 0.059355, -0.012563, 0.081169, -0.964197, 0.252458, 0.238483, 0.000000, 0.000000, 0.000000, 1.000000, -0.999243, 0.015578, 0.035652, 0.008395, 0.036940, 0.092193, 0.995056, -0.123750, 0.012214, 0.995619, -0.092698, -0.034737, 0.000000, 0.000000, 0.000000, 1.000000
19.0294, 12.4240, -38.1009, 172.7445, 194.7445, -12.4240, 238.1744, 8.5036, -123.8563, -34.7494, 0.996446, 0.068421, -0.049132, 0.012424, -0.078809, 0.963198, -0.256980, -0.038101, 0.029741, 0.259939, 0.965167, 0.172745, 0.000000, 0.000000, 0.000000, 1.000000, 0.029741, 0.259939, 0.965167, 0.194745, -0.996446, -0.068421, 0.049132, -0.012424, 0.078809, -0.963198, 0.256980, 0.238174, 0.000000, 0.000000, 0.000000, 1.000000, -0.999563, 0.015707, 0.025052, 0.008504, 0.026422, 0.094083, 0.995214, -0.123856, 0.013275, 0.995440, -0.094457, -0.034749, 0.000000, 0.000000, 0.000000, 1.000000
19.1430, 12.4040, -37.8776, 172.4399, 194.4399, -12.4040, 237.9510, 8.4858, -123.8799, -34.8280, 0.996252, 0.069013, -0.052145, 0.012404, -0.080381, 0.961327, -0.263420, -0.037878, 0.031949, 0.266624, 0.963271, 0.172440, 0.000000, 0.000000, 0.000000, 1.000000, 0.031949, 0.266624, 0.963271, 0.194440, -0.996252, -0.069013, 0.052145, -0.012404, 0.080381, -0.961327, 0.263420, 0.237951, 0.000000, 0.000000, 0.000000, 1.000000, -0.999506, 0.015294, 0.027469, 0.008486, 0.028851, 0.099035, 0.994666, -0.123880, 0.012492, 0.994966, -0.099427, -0.034828, 0.000000, 0.000000, 0.000000, 1.000000
19.2599, 12.3851, -37.7915, 172.2348, 194.2348, -12.3851, 237.8649, 8.4539, -123.7730, -35.0319, 0.996281, 0.068267, -0.052576, 0.012385, -0.079537, 0.963296, -0.256388, -0.037791, 0.033144, 0.259616, 0.965143, 0.172235, 0.000000, 0.000000, 0.000000, 1.000000, 0.033144, 0.259616, 0.965143, 0.194235, -0.996281, -0.068267, 0.052576, -0.012385, 0.079537, -0.963296, 0.256388, 0.237865, 0.000000, 0.000000, 0.000000, 1.000000, -0.999457, 0.016580, 0.028484, 0.008454, 0.029862, 0.089808, 0.995511, -0.123773, 0.013947, 0.995821, -0.090255, -0.035032, 0.000000, 0.000000, 0.000000, 1.000000
19.3649, 12.4110, -37.5788, 171.8210, 193.8210, -12.4110, 237.6522, 8.3930, -123.9270, -35.1186, 0.995619, 0.069372, -0.062694, 0.012411, -0.083385, 0.962102, -0.259629, -0.037579, 0.042306, 0.263719, 0.963671, 0.171821, 0.000000, 0.000000, 0.000000, 1.000000, 0.042306, 0.263719, 0.963671, 0.193821, -0.995619, -0.069372, 0.062694, -0.012411, 0.083385, -0.962102, 0.259629, 0.237652, 0.000000, 0.000000, 0.000000, 1.000000, -0.999144, 0.015692, 0.038266, 0.008393, 0.039554, 0.092240, 0.994951, -0.123927, 0.012083, 0.995613, -0.092782, -0.035119, 0.000000, 0.000000, 0.000000, 1.000000
19.4755, 12.3565, -37.3878, 171.5287, 193.5287, -12.3565, 237.4612, 8.4092, -123.9408, -35.2253, 0.995584, 0.069243, -0.063394, 0.012356, -0.083428, 0.962207, -0.259225, -0.037388, 0.043049, 0.263369, 0.963734, 0.171529, 0.000000, 0.000000, 0.000000, 1.000000, 0.043049, 0.263369, 0.963734, 0.193529, -0.995584, -0.069243, 0.063394, -0.012356, 0.083428, -0.962207, 0.259225, 0.237461, 0.000000, 0.000000, 0.000000, 1.000000, -0.999109, 0.016171, 0.038971, 0.008409, 0.040272, 0.089989, 0.995128, -0.123941, 0.012585, 0.995811, -0.090560, -0.035225, 0.000000, 0.000000, 0.000000, 1.000000
19.5970, 12.3353, -37.2441, 171.3956, 193.3956, -12.3353, 237.3176, 8.3804, -123.7601, -35.3714, 0.995762, 0.069698, -0.060001, 0.012335, -0.083152, 0.961042, -0.263597, -0.037244, 0.039291, 0.267469, 0.962765, 0.171396, 0.000000, 0.000000, 0.000000, 1.000000, 0.039291, 0.267469, 0.962765, 0.193396, -0.995762, -0.069698, 0.060001, -0.012335, 0.083152, -0.961042, 0.263597, 0.237318, 0.000000, 0.000000, 0.000000, 1.000000, -0.999253, 0.015983, 0.035188, 0.008380, 0.036515, 0.092143, 0.995076, -0.123760, 0.012662, 0.995618, -0.092657, -0.035371, 0.000000, 0.000000, 0.000000, 1.000000
19.7082, 12.2426, -37.0314, 171.0268, 193.0268, -12.2426, 237.1048, 8.4363, -123.8507, -35.4763, 0.995865, 0.069002, -0.059091, 0.012243, -0.082186, 0.961466, -0.262352, -0.037031, 0.038711, 0.266124, 0.963161, 0.171027, 0.000000, 0.000000, 0.000000, 1.000000, 0.038711, 0.266124, 0.963161, 0.193027, -0.995865, -0.069002, 0.059091, -0.012243, 0.082186, -0.961466, 0.262352, 0.237105, 0.000000, 0.000000, 0.000000, 1.000000, -0.999264, 0.017058, 0.034365, 0.008436, 0.035749, 0.088854, 0.995403, -0.123851, 0.013926, 0.995899, -0.089398, -0.035476, 0.000000, 0.000000, 0.000000, 1.000000
19.8305, 12.2533, -36.6698, 170.4939, 192.4939, -12.2533, 236.7432, 8.3952, -124.1005, -35.4811, 0.995178, 0.069913, -0.068789, 0.012253, -0.085887, 0.959863, -0.266994, -0.036670, 0.047362, 0.271614, 0.961240, 0.170494, 0.000000, 0.000000, 0.000000, 1.000000, 0.047362, 0.271614, 0.961240, 0.192494, -0.995178, -0.069913, 0.068789, -0.012253, 0.085887, -0.959863, 0.266994, 0.236743, 0.000000, 0.000000, 0.000000, 1.000000, -0.998915, 0.016380, 0.043595, 0.008395, 0.044927, 0.092433, 0.994705, -0.124100, 0.012263, 0.995584, -0.093069, -0.035481, 0.000000, 0.000000, 0.000000, 1.000000
19.9492, 12.1629, -36.5253, 170.2884, 192.2884, -12.1629, 236.5988, 8.4388, -123.9977, -35.6411, 0.995864, 0.071012, -0.056680, 0.012163, -0.083787, 0.959038, -0.270603, -0.036525, 0.035142, 0.274233, 0.961021, 0.170288, 0.000000, 0.000000, 0.000000, 1.000000, 0.035142, 0.274233, 0.961021, 0.192288, -0.995864, -0.071012, 0.056680, -0.012163, 0.083787, -0.959038, 0.270603, 0.236599, 0.000000, 0.000000, 0.000000, 1.000000, -0.999392, 0.015573, 0.031179, 0.008439, 0.032497, 0.093110, 0.995125, -0.123998, 0.012594, 0.995534, -0.093559, -0.035641, 0.000000, 0.000000, 0.000000, 1.000000
20.0577, 12.1492, -36.3846, 170.0453, 192.0453, -12.1492, 236.4581, 8.4089, -123.9607, -35.7834, 0.995791, 0.070828, -0.058167, 0.012149, -0.083818, 0.960504, -0.265341, -0.036385, 0.037076, 0.269100, 0.962398, 0.170045, 0.000000, 0.000000, 0.000000, 1.000000, 0.037076, 0.269100, 0.962398, 0.192045, -0.995791, -0.070828, 0.058167, -0.012149, 0.083818, -0.960504, 0.265341, 0.236458, 0.000000, 0.000000, 0.000000, 1.000000, -0.999320, 0.016228, 0.033123, 0.008409, 0.034399, 0.085941, 0.995706, -0.123961, 0.013311, 0.996168, -0.086441, -0.035783, 0.000000, 0.000000, 0.000000, 1.000000
20.1792, 12.0958, -36.1513, 169.8731, 191.8731, -12.0958, 236.2247, 8.4212, -123.8344, -35.8537, 0.995962, 0.071107, -0.054798, 0.012096, -0.083562, 0.957398, -0.276416, -0.036151, 0.032808, 0.279879, 0.959475, 0.169873, 0.000000, 0.000000, 0.000000, 1.000000, 0.032808, 0.279879, 0.959475, 0.191873, -0.995962, -0.071107, 0.054798, -0.012096, 0.083562, -0.957398, 0.276416, 0.236225, 0.000000, 0.000000, 0.000000, 1.000000, -0.999458, 0.016035, 0.028742, 0.008421, 0.030139, 0.095024, 0.995019, -0.123834, 0.013224, 0.995346, -0.095456, -0.035854, 0.000000, 0.000000, 0.000000, 1.000000
20.3012, 11.9566, -35.9947, 169.6042, 191.6042, -11.9566, 236.0681, 8.5119, -123.7860, -36.0262, 0.996473, 0.071159, -0.044474, 0.011957, -0.080769, 0.957071, -0.278373, -0.035995, 0.022756, 0.280983, 0.959443, 0.169604, 0.000000, 0.000000, 0.000000, 1.000000, 0.022756, 0.280983, 0.959443, 0.191604, -0.996473, -0.071159, 0.044474, -0.011957, 0.080769, -0.957071, 0.278373, 0.236068, 0.000000, 0.000000, 0.000000, 1.000000, -0.999700, 0.016328, 0.018259, 0.008512, 0.019717, 0.094084, 0.995369, -0.123786, 0.014534, 0.995430, -0.094377, -0.036026, 0.000000, 0.000000, 0.000000, 1.000000
20.4130, 11.9973, -35.8050, 169.2491, 191.2491, -11.9973, 235.8784, 8.4316, -123.8598, -36.1455, 0.995855, 0.071573, -0.056120, 0.011997, -0.084442, 0.956821, -0.278144, -0.035805, 0.033789, 0.281730, 0.958899, 0.169249, 0.000000, 0.000000, 0.000000, 1.000000, 0.033789, 0.281730, 0.958899, 0.191249, -0.995855, -0.071573, 0.056120, -0.011997, 0.084442, -0.956821, 0.278144, 0.235878, 0.000000, 0.000000, 0.000000, 1.000000, -0.999422, 0.016236, 0.029856, 0.008432, 0.031240, 0.092944, 0.995181, -0.123860, 0.013383, 0.995539, -0.093397, -0.036146, 0.000000, 0.000000, 0.000000, 1.000000
20.5236, 11.9445, -35.4869, 168.7855, 190.7855, -11.9445, 235.5603, 8.4569, -124.0667, -36.1668, 0.995807, 0.071753, -0.056741, 0.011945, -0.084743, 0.957172, -0.276840, -0.035487, 0.034447, 0.280488, 0.959239, 0.168786, 0.000000, 0.000000, 0.000000, 1.000000, 0.034447, 0.280488, 0.959239, 0.190786, -0.995807, -0.071753, 0.056741, -0.011945, 0.084743, -0.957172, 0.276840, 0.235560, 0.000000, 0.000000, 0.000000, 1.000000, -0.999397, 0.016431, 0.030573, 0.008457, 0.031928, 0.089764, 0.995451, -0.124067, 0.013612, 0.995828, -0.090234, -0.036167, 0.000000, 0.000000, 0.000000, 1.000000
20.6497, 11.9461, -35.3167, 168.5471, 190.5471, -11.9461, 235.3901, 8.4065, -123.9818, -36.3187, 0.995555, 0.071263, -0.061583, 0.011946, -0.085572, 0.957542, -0.275302, -0.035317, 0.039349, 0.279348, 0.959383, 0.168547, 0.000000, 0.000000, 0.000000, 1.000000, 0.039349, 0.279348, 0.959383, 0.190547, -0.995555, -0.071263, 0.061583, -0.011946, 0.085572, -0.957542, 0.275302, 0.235390, 0.000000, 0.000000, 0.000000, 1.000000, -0.999219, 0.017342, 0.035514, 0.008406, 0.036884, 0.086425, 0.995575, -0.123982, 0.014196, 0.996107, -0.086997, -0.036319, 0.000000, 0.000000, 0.000000, 1.000000
20.7593, 11.8922, -35.1201, 168.3609, 190.3609, -11.8922, 235.1936, 8.4221, -123.8960, -36.4045, 0.995804, 0.071538, -0.057066, 0.011892, -0.084992, 0.954155, -0.286993, -0.035120, 0.033919, 0.290639, 0.956231, 0.168361, 0.000000, 0.000000, 0.000000, 1.000000, 0.033919, 0.290639, 0.956231, 0.190361, -0.995804, -0.071538, 0.057066, -0.011892, 0.084992, -0.954155, 0.286993, 0.235194, 0.000000, 0.000000, 0.000000, 1.000000, -0.999406, 0.017089, 0.029916, 0.008422, 0.031426, 0.096278, 0.994858, -0.123896, 0.014120, 0.995208, -0.096758, -0.036405, 0.000000, 0.000000, 0.000000, 1.000000
20.8641, 11.8025, -34.9395, 168.0344, 190.0344, -11.8025, 235.0129, 8.4744, -123.9574, -36.5269, 0.995945, 0.072410, -0.053394, 0.011803, -0.084752, 0.954238, -0.286788, -0.034939, 0.030184, 0.290150, 0.956505, 0.168034, 0.000000, 0.000000, 0.000000, 1.000000, 0.030184, 0.290150, 0.956505, 0.190034, -0.995945, -0.072410, 0.053394, -0.011803, 0.084752, -0.954238, 0.286788, 0.235013, 0.000000, 0.000000, 0.000000, 1.000000, -0.999518, 0.016551, 0.026258, 0.008474, 0.027700, 0.093974, 0.995189, -0.123957, 0.014004, 0.995437, -0.094387, -0.036527, 0.000000, 0.000000, 0.000000, 1.000000
20.9744, 11.8016, -34.7760, 167.7006, 189.7006, -11.8016, 234.8494, 8.4340, -124.0088, -36.6720, 0.995743, 0.072834, -0.056484, 0.011802, -0.085918, 0.955333, -0.282767, -0.034776, 0.033366, 0.286416, 0.957524, 0.167701, 0.000000, 0.000000, 0.000000, 1.000000, 0.033366, 0.286416, 0.957524, 0.189701, -0.995743, -0.072834, 0.056484, -0.011802, 0.085918, -0.955333, 0.282767, 0.234849, 0.000000, 0.000000, 0.000000, 1.000000, -0.999422, 0.016571, 0.029688, 0.008434, 0.031037, 0.088203, 0.995619, -0.124009, 0.013880, 0.995965, -0.088666, -0.036672, 0.000000, 0.000000, 0.000000, 1.000000
21.0907, 11.7901, -34.6331, 167.5691, 189.5691, -11.7901, 234.7066, 8.3990, -123.8410, -36.8108, 0.995734, 0.073205, -0.056166, 0.011790, -0.086320, 0.954106, -0.286758, -0.034633, 0.032596, 0.290383, 0.956355, 0.167569, 0.000000, 0.000000, 0.000000, 1.000000, 0.032596, 0.290383, 0.956355, 0.189569, -0.995734, -0.073205, 0.056166, -0.011790, 0.086320, -0.954106, 0.286758, 0.234707, 0.000000, 0.000000, 0.000000, 1.000000, -0.999445, 0.016445, 0.028978, 0.008399, 0.030348, 0.090339, 0.995449, -0.123841, 0.013752, 0.995775, -0.090788, -0.036811, 0.000000, 0.000000, 0.000000, 1.000000
21.2069, 11.7425, -34.3992, 167.1998, 189.1998, -11.7425, 234.4726, 8.4086, -123.9238, -36.9127, 0.995773, 0.073272, -0.055380, 0.011742, -0.086104, 0.954585, -0.285226, -0.034399, 0.031966, 0.288789, 0.956859, 0.167200, 0.000000, 0.000000, 0.000000, 1.000000, 0.031966, 0.288789, 0.956859, 0.189200, -0.995773, -0.073272, 0.055380, -0.011742, 0.086104, -0.954585, 0.285226, 0.234473, 0.000000, 0.000000, 0.000000, 1.000000, -0.999458, 0.016781, 0.028318, 0.008409, 0.029670, 0.086690, 0.995793, -0.123924, 0.014256, 0.996094, -0.087141, -0.036913, 0.000000, 0.000000, 0.000000, 1.000000
21.3313, 11.6970, -34.0641, 166.7760, 188.7760, -11.6970, 234.1376, 8.4222, -124.0580, -36.9458, 0.995619, 0.072998, -0.058429, 0.011697, -0.086919, 0.952892, -0.290587, -0.034064, 0.034465, 0.294393, 0.955063, 0.166776, 0.000000, 0.000000, 0.000000, 1.000000, 0.034465, 0.294393, 0.955063, 0.188776, -0.995619, -0.072998, 0.058429, -0.011697, 0.086919, -0.952892, 0.290587, 0.234138, 0.000000, 0.000000, 0.000000, 1.000000, -0.999376, 0.017277, 0.030819, 0.008422, 0.032259, 0.090399, 0.995383, -0.124058, 0.014411, 0.995756, -0.090900, -0.036946, 0.000000, 0.000000, 0.000000, 1.000000
21.4497, 11.5974, -33.8136, 166.3561, 188.3561, -11.5974, 233.8870, 8.4830, -124.1870, -37.0539, 0.995629, 0.074068, -0.056888, 0.011597, -0.087724, 0.950674, -0.297530, -0.033814, 0.032045, 0.301220, 0.953016, 0.166356, 0.000000, 0.000000, 0.000000, 1.000000, 0.032045, 0.301220, 0.953016, 0.188356, -0.995629, -0.074068, 0.056888, -0.011597, 0.087724, -0.950674, 0.297530, 0.233887, 0.000000, 0.000000, 0.000000, 1.000000, -0.999457, 0.016368, 0.028613, 0.008483, 0.030049, 0.095489, 0.994977, -0.124187, 0.013554, 0.995296, -0.095929, -0.037054, 0.000000, 0.000000, 0.000000, 1.000000
21.5723, 11.5834, -33.6581, 166.2908, 188.2908, -11.5834, 233.7316, 8.4486, -123.9393, -37.1821, 0.995845, 0.073399, -0.053893, 0.011583, -0.086111, 0.951527, -0.295264, -0.033658, 0.029609, 0.298678, 0.953895, 0.166291, 0.000000, 0.000000, 0.000000, 1.000000, 0.029609, 0.298678, 0.953895, 0.188291, -0.995845, -0.073399, 0.053893, -0.011583, 0.086111, -0.951527, 0.295264, 0.233732, 0.000000, 0.000000, 0.000000, 1.000000, -0.999513, 0.017493, 0.025824, 0.008449, 0.027308, 0.090742, 0.995500, -0.123939, 0.015071, 0.995721, -0.091175, -0.037182, 0.000000, 0.000000, 0.000000, 1.000000
21.6800, 11.5828, -33.5114, 166.0764, 188.0764, -11.5828, 233.5848, 8.4076, -123.8777, -37.3168, 0.995665, 0.074794, -0.055291, 0.011583, -0.087948, 0.950521, -0.297951, -0.033511, 0.030270, 0.301522, 0.952979, 0.166076, 0.000000, 0.000000, 0.000000, 1.000000, 0.030270, 0.301522, 0.952979, 0.188076, -0.995665, -0.074794, 0.055291, -0.011583, 0.087948, -0.950521, 0.297951, 0.233585, 0.000000, 0.000000, 0.000000, 1.000000, -0.999504, 0.016341, 0.026938, 0.008408, 0.028329, 0.091864, 0.995369, -0.123878, 0.013791, 0.995637, -0.092281, -0.037317, 0.000000, 0.000000, 0.000000, 1.000000
21.8032, 11.5420, -33.3309, 165.7053, 187.7053, -11.5420, 233.4044, 8.4016, -123.9318, -37.4900, 0.995535, 0.074957, -0.057370, 0.011542, -0.088469, 0.952854, -0.290245, -0.033331, 0.032909, 0.294024, 0.955231, 0.165705, 0.000000, 0.000000, 0.000000, 1.000000, 0.032909, 0.294024, 0.955231, 0.187705, -0.995535, -0.074957, 0.057370, -0.011542, 0.088469, -0.952854, 0.290245, 0.233404, 0.000000, 0.000000, 0.000000, 1.000000, -0.999417, 0.016778, 0.029724, 0.008402, 0.031002, 0.081931, 0.996156, -0.123932, 0.014279, 0.996497, -0.082403, -0.037490, 0.000000, 0.000000, 0.000000, 1.000000
21.9081, 11.5185, -33.1256, 165.4547, 187.4547, -11.5185, 233.1991, 8.3914, -123.9255, -37.5726, 0.995644, 0.074130, -0.056552, 0.011518, -0.087666, 0.950827, -0.297058, -0.033126, 0.031750, 0.300721, 0.953183, 0.165455, 0.000000, 0.000000, 0.000000, 1.000000, 0.031750, 0.300721, 0.953183, 0.187455, -0.995644, -0.074130, 0.056552, -0.011518, 0.087666, -0.950827, 0.297058, 0.233199, 0.000000, 0.000000, 0.000000, 1.000000, -0.999444, 0.017732, 0.028230, 0.008391, 0.029672, 0.087128, 0.995755, -0.123926, 0.015197, 0.996039, -0.087606, -0.037573, 0.000000, 0.000000, 0.000000, 1.000000
22.0436, 11.4194, -32.7272, 164.8816, 186.8816, -11.4194, 232.8007, 8.4579, -124.1881, -37.6120, 0.995647, 0.075373, -0.054819, 0.011419, -0.088442, 0.949624, -0.300654, -0.032727, 0.029396, 0.304193, 0.952157, 0.164882, 0.000000, 0.000000, 0.000000, 1.000000, 0.029396, 0.304193, 0.952157, 0.186882, -0.995647, -0.075373, 0.054819, -0.011419, 0.088442, -0.949624, 0.300654, 0.232801, 0.000000, 0.000000, 0.000000, 1.000000, -0.999517, 0.016799, 0.026135, 0.008458, 0.027521, 0.088433, 0.995702, -0.124188, 0.014416, 0.995940, -0.088852, -0.037612, 0.000000, 0.000000, 0.000000, 1.000000
22.1522, 11.3738, -32.5748, 164.7824, 186.7824, -11.3738, 232.6482, 8.4611, -124.0126, -37.7252, 0.995819, 0.076069, -0.050572, 0.011374, -0.087995, 0.947428, -0.307631, -0.032575, 0.024512, 0.310794, 0.950161, 0.164782, 0.000000, 0.000000, 0.000000, 1.000000, 0.024512, 0.310794, 0.950161, 0.186782, -0.995819, -0.076069, 0.050572, -0.011374, 0.087995, -0.947428, 0.307631, 0.232648, 0.000000, 0.000000, 0.000000, 1.000000, -0.999643, 0.016234, 0.021220, 0.008461, 0.022648, 0.093485, 0.995363, -0.124013, 0.014175, 0.995488, -0.093819, -0.037725, 0.000000, 0.000000, 0.000000, 1.000000
22.2735, 11.3509, -32.4522, 164.5256, 186.5256, -11.3509, 232.5256, 8.4327, -123.9482, -37.9267, 0.995702, 0.075881, -0.053095, 0.011351, -0.088357, 0.950112, -0.299132, -0.032452, 0.027747, 0.302538, 0.952733, 0.164526, 0.000000, 0.000000, 0.000000, 1.000000, 0.027747, 0.302538, 0.952733, 0.186526, -0.995702, -0.075881, 0.053095, -0.011351, 0.088357, -0.950112, 0.299132, 0.232526, 0.000000, 0.000000, 0.000000, 1.000000, -0.999554, 0.017049, 0.024536, 0.008433, 0.025866, 0.082770, 0.996233, -0.123948, 0.014954, 0.996423, -0.083174, -0.037927, 0.000000, 0.000000, 0.000000, 1.000000
22.3772, 11.3368, -32.1488, 164.2182, 186.2182, -11.3368, 232.2222, 8.4233, -124.0228, -37.9261, 0.995605, 0.076333, -0.054262, 0.011337, -0.089513, 0.945978, -0.311629, -0.032149, 0.027543, 0.315117, 0.948653, 0.164218, 0.000000, 0.000000, 0.000000, 1.000000, 0.027543, 0.315117, 0.948653, 0.186218, -0.995605, -0.076333, 0.054262, -0.011337, 0.089513, -0.945978, 0.311629, 0.232222, 0.000000, 0.000000, 0.000000, 1.000000, -0.999564, 0.016526, 0.024452, 0.008423, 0.025903, 0.094167, 0.995219, -0.124023, 0.014144, 0.995419, -0.094554, -0.037926, 0.000000, 0.000000, 0.000000, 1.000000
22.4890, 11.2659, -31.9848, 163.9515, 185.9515, -11.2659, 232.0583, 8.4516, -124.0028, -38.0751, 0.995770, 0.075443, -0.052451, 0.011266, -0.088105, 0.945994, -0.311983, -0.031985, 0.026081, 0.315284, 0.948639, 0.163952, 0.000000, 0.000000, 0.000000, 1.000000, 0.026081, 0.315284, 0.948639, 0.185952, -0.995770, -0.075443, 0.052451, -0.011266, 0.088105, -0.945994, 0.311983, 0.232058, 0.000000, 0.000000, 0.000000, 1.000000, -0.999587, 0.017758, 0.022594, 0.008452, 0.024142, 0.092432, 0.995426, -0.124003, 0.015589, 0.995561, -0.092823, -0.038075, 0.000000, 0.000000, 0.000000, 1.000000
22.5969, 11.2360, -31.8642, 163.7263, 185.7263, -11.2360, 231.9376, 8.4361, -123.9445, -38.2447, 0.995693, 0.076331, -0.052627, 0.011236, -0.088930, 0.946799, -0.309294, -0.031864, 0.026219, 0.312642, 0.949509, 0.163726, 0.000000, 0.000000, 0.000000, 1.000000, 0.026219, 0.312642, 0.949509, 0.185726, -0.995693, -0.076331, 0.052627, -0.011236, 0.088930, -0.946799, 0.309294, 0.231938, 0.000000, 0.000000, 0.000000, 1.000000, -0.999586, 0.017284, 0.023021, 0.008436, 0.024453, 0.087812, 0.995837, -0.123944, 0.015190, 0.995987, -0.088199, -0.038245, 0.000000, 0.000000, 0.000000, 1.000000
22.7070, 11.2216, -31.5999, 163.4579, 185.4579, -11.2216, 231.6733, 8.4192, -123.9539, -38.2887, 0.995451, 0.076259, -0.057111, 0.011222, -0.090526, 0.943950, -0.317433, -0.031600, 0.029703, 0.321159, 0.946559, 0.163458, 0.000000, 0.000000, 0.000000, 1.000000, 0.029703, 0.321159, 0.946559, 0.185458, -0.995451, -0.076259, 0.057111, -0.011222, 0.090526, -0.943950, 0.317433, 0.231673, 0.000000, 0.000000, 0.000000, 1.000000, -0.999493, 0.017423, 0.026656, 0.008419, 0.028193, 0.094871, 0.995090, -0.123954, 0.014808, 0.995337, -0.095314, -0.038289, 0.000000, 0.000000, 0.000000, 1.000000
22.8193, 11.1843, -31.5161, 163.3234, 185.3234, -11.1843, 231.5896, 8.4070, -123.7860, -38.4841, 0.995662, 0.075803, -0.053955, 0.011184, -0.088790, 0.947416, -0.307439, -0.031516, 0.027813, 0.310896, 0.950037, 0.163323, 0.000000, 0.000000, 0.000000, 1.000000, 0.027813, 0.310896, 0.950037, 0.185323, -0.995662, -0.075803, 0.053955, -0.011184, 0.088790, -0.947416, 0.307439, 0.231590, 0.000000, 0.000000, 0.000000, 1.000000, -0.999528, 0.018552, 0.024477, 0.008407, 0.025923, 0.082178, 0.996280, -0.123786, 0.016471, 0.996445, -0.082620, -0.038484, 0.000000, 0.000000, 0.000000, 1.000000
22.9432, 11.1764, -31.1087, 162.7527, 184.7527, -11.1764, 231.1822, 8.3891, -124.0851, -38.4905, 0.995447, 0.077410, -0.055619, 0.011176, -0.091025, 0.945162, -0.313662, -0.031109, 0.028288, 0.317297, 0.947904, 0.162753, 0.000000, 0.000000, 0.000000, 1.000000, 0.028288, 0.317297, 0.947904, 0.184753, -0.995447, -0.077410, 0.055619, -0.011176, 0.091025, -0.945162, 0.313662, 0.231182, 0.000000, 0.000000, 0.000000, 1.000000, -0.999528, 0.017120, 0.025501, 0.008389, 0.026894, 0.086769, 0.995865, -0.124085, 0.014837, 0.996081, -0.087189, -0.038490, 0.000000, 0.000000, 0.000000, 1.000000
23.0522, 11.1000, -30.8749, 162.5209, 184.5209, -11.1000, 230.9483, 8.4314, -124.0553, -38.5612, 0.995667, 0.078421, -0.049971, 0.011100, -0.090391, 0.942360, -0.322160, -0.030875, 0.021827, 0.325282, 0.945365, 0.162521, 0.000000, 0.000000, 0.000000, 1.000000, 0.021827, 0.325282, 0.945365, 0.184521, -0.995667, -0.078421, 0.049971, -0.011100, 0.090391, -0.942360, 0.322160, 0.230948, 0.000000, 0.000000, 0.000000, 1.000000, -0.999688, 0.016183, 0.019014, 0.008431, 0.020443, 0.093299, 0.995428, -0.124055, 0.014335, 0.995507, -0.093601, -0.038561, 0.000000, 0.000000, 0.000000, 1.000000
23.1616, 10.9884, -30.6333, 162.1620, 184.1620, -10.9884, 230.7068, 8.5090, -124.1489, -38.6596, 0.995769, 0.078034, -0.048521, 0.010988, -0.089732, 0.939514, -0.330548, -0.030633, 0.019793, 0.333503, 0.942541, 0.162162, 0.000000, 0.000000, 0.000000, 1.000000, 0.019793, 0.333503, 0.942541, 0.184162, -0.995769, -0.078034, 0.048521, -0.010988, 0.089732, -0.939514, 0.330548, 0.230707, 0.000000, 0.000000, 0.000000, 1.000000, -0.999722, 0.016633, 0.016710, 0.008509, 0.018293, 0.100095, 0.994810, -0.124149, 0.014874, 0.994839, -0.100372, -0.038660, 0.000000, 0.000000, 0.000000, 1.000000
23.2798, 11.0236, -30.5186, 161.9644, 183.9644, -11.0236, 230.5920, 8.4237, -124.0342, -38.8475, 0.995461, 0.077779, -0.054845, 0.011024, -0.091300, 0.943146, -0.319592, -0.030519, 0.026869, 0.323149, 0.945967, 0.161964, 0.000000, 0.000000, 0.000000, 1.000000, 0.026869, 0.323149, 0.945967, 0.183964, -0.995461, -0.077779, 0.054845, -0.011024, 0.091300, -0.943146, 0.319592, 0.230592, 0.000000, 0.000000, 0.000000, 1.000000, -0.999555, 0.017598, 0.024079, 0.008424, 0.025525, 0.087161, 0.995867, -0.124034, 0.015426, 0.996039, -0.087572, -0.038847, 0.000000, 0.000000, 0.000000, 1.000000
23.3901, 10.9830, -30.2967, 161.7198, 183.7198, -10.9830, 230.3702, 8.4294, -124.0112, -38.9338, 0.995452, 0.078701, -0.053688, 0.010983, -0.091949, 0.941153, -0.325231, -0.030297, 0.024933, 0.328689, 0.944109, 0.161720, 0.000000, 0.000000, 0.000000, 1.000000, 0.024933, 0.328689, 0.944109, 0.183720, -0.995452, -0.078701, 0.053688, -0.010983, 0.091949, -0.941153, 0.325231, 0.230370, 0.000000, 0.000000, 0.000000, 1.000000, -0.999609, 0.016829, 0.022332, 0.008429, 0.023775, 0.091108, 0.995557, -0.124011, 0.014719, 0.995699, -0.091473, -0.038934, 0.000000, 0.000000, 0.000000, 1.000000
23.4927, 10.9515, -30.1738, 161.5657, 183.5657, -10.9515, 230.2472, 8.4194, -123.8986, -39.0767, 0.995590, 0.078134, -0.051926, 0.010951, -0.090765, 0.942202, -0.322516, -0.030174, 0.023726, 0.325806, 0.945139, 0.161566, 0.000000, 0.000000, 0.000000, 1.000000, 0.023726, 0.325806, 0.945139, 0.183566, -0.995590, -0.078134, 0.051926, -0.010951, 0.090765, -0.942202, 0.322516, 0.230247, 0.000000, 0.000000, 0.000000, 1.000000, -0.999624, 0.017810, 0.020836, 0.008419, 0.022298, 0.086316, 0.996018, -0.123899, 0.015941, 0.996109, -0.086681, -0.039077, 0.000000, 0.000000, 0.000000, 1.000000
23.5973, 10.9415, -29.9399, 161.2378, 183.2378, -10.9415, 230.0134, 8.3978, -123.9764, -39.1575, 0.995256, 0.078613, -0.057318, 0.010941, -0.093076, 0.940877, -0.325712, -0.029940, 0.028324, 0.329502, 0.943730, 0.161238, 0.000000, 0.000000, 0.000000, 1.000000, 0.028324, 0.329502, 0.943730, 0.183238, -0.995256, -0.078613, 0.057318, -0.010941, 0.093076, -0.940877, 0.325712, 0.230013, 0.000000, 0.000000, 0.000000, 1.000000, -0.999512, 0.017528, 0.025856, 0.008398, 0.027309, 0.088421, 0.995709, -0.123976, 0.015167, 0.995929, -0.088856, -0.039157, 0.000000, 0.000000, 0.000000, 1.000000
23.7030, 10.8714, -29.6956, 161.0044, 183.0044, -10.8714, 229.7691, 8.4357, -123.9609, -39.2139, 0.995551, 0.079125, -0.051156, 0.010871, -0.091644, 0.939301, -0.330627, -0.029696, 0.021890, 0.333845, 0.942374, 0.161004, 0.000000, 0.000000, 0.000000, 1.000000, 0.021890, 0.333845, 0.942374, 0.183004, -0.995551, -0.079125, 0.051156, -0.010871, 0.091644, -0.939301, 0.330627, 0.229769, 0.000000, 0.000000, 0.000000, 1.000000, -0.999668, 0.017194, 0.019214, 0.008436, 0.020705, 0.091196, 0.995618, -0.123961, 0.015366, 0.995685, -0.091522, -0.039214, 0.000000, 0.000000, 0.000000, 1.000000
23.8381, 10.7882, -29.3851, 160.5379, 182.5379, -10.7882, 229.4586, 8.4794, -124.1036, -39.3298, 0.995537, 0.080047, -0.049991, 0.010788, -0.092184, 0.938268, -0.333399, -0.029385, 0.020218, 0.336519, 0.941460, 0.160538, 0.000000, 0.000000, 0.000000, 1.000000, 0.020218, 0.336519, 0.941460, 0.182538, -0.995537, -0.080047, 0.049991, -0.010788, 0.092184, -0.938268, 0.333399, 0.229459, 0.000000, 0.000000, 0.000000, 1.000000, -0.999705, 0.016593, 0.017739, 0.008479, 0.019189, 0.091709, 0.995601, -0.124104, 0.014893, 0.995648, -0.092000, -0.039330, 0.000000, 0.000000, 0.000000, 1.000000
23.9467, 10.7878, -29.1623, 160.2996, 182.2996, -10.7878, 229.2358, 8.4443, -124.0815, -39.4090, 0.995321, 0.080591, -0.053307, 0.010788, -0.093772, 0.938723, -0.331670, -0.029162, 0.023311, 0.335117, 0.941888, 0.160300, 0.000000, 0.000000, 0.000000, 1.000000, 0.023311, 0.335117, 0.941888, 0.182300, -0.995321, -0.080591, 0.053307, -0.010788, 0.093772, -0.938723, 0.331670, 0.229236, 0.000000, 0.000000, 0.000000, 1.000000, -0.999640, 0.016430, 0.021203, 0.008444, 0.022575, 0.088369, 0.995832, -0.124081, 0.014488, 0.995952, -0.088708, -0.039409, 0.000000, 0.000000, 0.000000, 1.000000
24.0614, 10.8150, -29.0153, 160.0618, 182.0618, -10.8150, 229.0887, 8.3718, -124.0229, -39.5719, 0.995123, 0.079697, -0.058124, 0.010815, -0.094460, 0.939667, -0.328791, -0.029015, 0.028414, 0.332678, 0.942612, 0.160062, 0.000000, 0.000000, 0.000000, 1.000000, 0.028414, 0.332678, 0.942612, 0.182062, -0.995123, -0.079697, 0.058124, -0.010815, 0.094460, -0.939667, 0.328791, 0.229089, 0.000000, 0.000000, 0.000000, 1.000000, -0.999497, 0.017764, 0.026272, 0.008372, 0.027672, 0.083830, 0.996096, -0.124023, 0.015493, 0.996322, -0.084279, -0.039572, 0.000000, 0.000000, 0.000000, 1.000000
24.1653, 10.7333, -28.7567, 159.6857, 181.6857, -10.7333, 228.8302, 8.4244, -124.1542, -39.6508, 0.995341, 0.080392, -0.053226, 0.010733, -0.093756, 0.935799, -0.339837, -0.028757, 0.022489, 0.343244, 0.938977, 0.159686, 0.000000, 0.000000, 0.000000, 1.000000, 0.022489, 0.343244, 0.938977, 0.181686, -0.995341, -0.080392, 0.053226, -0.010733, 0.093756, -0.935799, 0.339837, 0.228830, 0.000000, 0.000000, 0.000000, 1.000000, -0.999650, 0.017020, 0.020239, 0.008424, 0.021741, 0.093232, 0.995407, -0.124154, 0.015055, 0.995499, -0.093569, -0.039651, 0.000000, 0.000000, 0.000000, 1.000000
24.2760, 10.6507, -28.5372, 159.4477, 181.4477, -10.6507, 228.6106, 8.4715, -124.1227, -39.7477, 0.995517, 0.079885, -0.050643, 0.010651, -0.092447, 0.934985, -0.342427, -0.028537, 0.019995, 0.345574, 0.938179, 0.159448, 0.000000, 0.000000, 0.000000, 1.000000, 0.019995, 0.345574, 0.938179, 0.181448, -0.995517, -0.079885, 0.050643, -0.010651, 0.092447, -0.934985, 0.342427, 0.228611, 0.000000, 0.000000, 0.000000, 1.000000, -0.999691, 0.017787, 0.017372, 0.008472, 0.018966, 0.093810, 0.995409, -0.124123, 0.016076, 0.995431, -0.094118, -0.039748, 0.000000, 0.000000, 0.000000, 1.000000
24.3910, 10.6889, -28.3425, 159.2183, 181.2183, -10.6889, 228.4159, 8.3935, -124.0676, -39.8636, 0.995042, 0.080250, -0.058755, 0.010689, -0.095599, 0.934686, -0.342379, -0.028342, 0.027442, 0.346298, 0.937723, 0.159218, 0.000000, 0.000000, 0.000000, 1.000000, 0.027442, 0.346298, 0.937723, 0.181218, -0.995042, -0.080250, 0.058755, -0.010689, 0.095599, -0.934686, 0.342379, 0.228416, 0.000000, 0.000000, 0.000000, 1.000000, -0.999519, 0.017745, 0.025423, 0.008393, 0.026961, 0.092611, 0.995337, -0.124068, 0.015308, 0.995544, -0.093045, -0.039864, 0.000000, 0.000000, 0.000000, 1.000000
24.5074, 10.6235, -28.1935, 158.9731, 180.9731, -10.6235, 228.2669, 8.4123, -124.0092, -40.0417, 0.995048, 0.080539, -0.058253, 0.010623, -0.095610, 0.935775, -0.339388, -0.028193, 0.027177, 0.343277, 0.938841, 0.158973, 0.000000, 0.000000, 0.000000, 1.000000, 0.027177, 0.343277, 0.938841, 0.180973, -0.995048, -0.080539, 0.058253, -0.010623, 0.095610, -0.935775, 0.339388, 0.228267, 0.000000, 0.000000, 0.000000, 1.000000, -0.999521, 0.017922, 0.025214, 0.008412, 0.026688, 0.087414, 0.995815, -0.124009, 0.015643, 0.996011, -0.087850, -0.040042, 0.000000, 0.000000, 0.000000, 1.000000
24.6190, 10.5890, -28.0226, 158.8837, 180.8837, -10.5890, 228.0961, 8.4055, -123.8204, -40.1450, 0.995339, 0.080597, -0.052966, 0.010589, -0.093871, 0.935603, -0.340345, -0.028023, 0.022124, 0.343730, 0.938808, 0.158884, 0.000000, 0.000000, 0.000000, 1.000000, 0.022124, 0.343730, 0.938808, 0.180884, -0.995339, -0.080597, 0.052966, -0.010589, 0.093871, -0.935603, 0.340345, 0.228096, 0.000000, 0.000000, 0.000000, 1.000000, -0.999638, 0.018191, 0.019837, 0.008406, 0.021331, 0.085984, 0.996068, -0.123820, 0.016414, 0.996130, -0.086341, -0.040145, 0.000000, 0.000000, 0.000000, 1.000000
24.7267, 10.5320, -27.5926, 158.2933, 180.2933, -10.5320, 227.6661, 8.4490, -124.1937, -40.1254, 0.995136, 0.082083, -0.054475, 0.010532, -0.095872, 0.934127, -0.343824, -0.027593, 0.022665, 0.347375, 0.937453, 0.158293, 0.000000, 0.000000, 0.000000, 1.000000, 0.022665, 0.347375, 0.937453, 0.180293, -0.995136, -0.082083, 0.054475, -0.010532, 0.095872, -0.934127, 0.343824, 0.227666, 0.000000, 0.000000, 0.000000, 1.000000, -0.999638, 0.016902, 0.020953, 0.008449, 0.022362, 0.088007, 0.995869, -0.124194, 0.014988, 0.995976, -0.088353, -0.040125, 0.000000, 0.000000, 0.000000, 1.000000
24.8394, 10.4949, -27.4115, 158.0927, 180.0927, -10.4949, 227.4850, 8.4441, -124.1122, -40.2518, 0.995298, 0.081025, -0.053082, 0.010495, -0.094444, 0.933490, -0.345943, -0.027412, 0.021521, 0.349330, 0.936753, 0.158093, 0.000000, 0.000000, 0.000000, 1.000000, 0.021521, 0.349330, 0.936753, 0.180093, -0.995298, -0.081025, 0.053082, -0.010495, 0.094444, -0.933490, 0.345943, 0.227485, 0.000000, 0.000000, 0.000000, 1.000000, -0.999647, 0.018240, 0.019332, 0.008444, 0.020867, 0.088158, 0.995888, -0.124112, 0.016461, 0.995939, -0.088507, -0.040252, 0.000000, 0.000000, 0.000000, 1.000000
24.9574, 10.4331, -27.1736, 157.7596, 179.7596, -10.4331, 227.2470, 8.4684, -124.1575, -40.3734, 0.995265, 0.082932, -0.050702, 0.010433, -0.095605, 0.929364, -0.356569, -0.027174, 0.017549, 0.359728, 0.932892, 0.157760, 0.000000, 0.000000, 0.000000, 1.000000, 0.017549, 0.359728, 0.932892, 0.179760, -0.995265, -0.082932, 0.050702, -0.010433, 0.095605, -0.929364, 0.356569, 0.227247, 0.000000, 0.000000, 0.000000, 1.000000, -0.999742, 0.016305, 0.015808, 0.008468, 0.017320, 0.097209, 0.995113, -0.124157, 0.014689, 0.995130, -0.097466, -0.040373, 0.000000, 0.000000, 0.000000, 1.000000
25.0688, 10.4397, -27.0399, 157.5839, 179.5839, -10.4397, 227.1133, 8.4168, -124.0440, -40.5322, 0.995233, 0.082174, -0.052522, 0.010440, -0.095352, 0.932948, -0.347155, -0.027040, 0.020473, 0.350508, 0.936336, 0.157584, 0.000000, 0.000000, 0.000000, 1.000000, 0.020473, 0.350508, 0.936336, 0.179584, -0.995233, -0.082174, 0.052522, -0.010440, 0.095352, -0.932948, 0.347155, 0.227113, 0.000000, 0.000000, 0.000000, 1.000000, -0.999669, 0.017750, 0.018599, 0.008417, 0.020051, 0.085484, 0.996138, -0.124044, 0.016092, 0.996181, -0.085811, -0.040532, 0.000000, 0.000000, 0.000000, 1.000000
25.1930, 10.4420, -26.8152, 157.3999, 179.3999, -10.4420, 226.8886, 8.3713, -123.9263, -40.6342, 0.995050, 0.082942, -0.054730, 0.010442, -0.096907, 0.931838, -0.349694, -0.026815, 0.021995, 0.353267, 0.935264, 0.157400, 0.000000, 0.000000, 0.000000, 1.000000, 0.021995, 0.353267, 0.935264, 0.179400, -0.995050, -0.082942, 0.054730, -0.010442, 0.096907, -0.931838, 0.349694, 0.226889, 0.000000, 0.000000, 0.000000, 1.000000, -0.999641, 0.017262, 0.020510, 0.008371, 0.021926, 0.086294, 0.996028, -0.123926, 0.015423, 0.996120, -0.086642, -0.040634, 0.000000, 0.000000, 0.000000, 1.000000
25.2993, 10.3692, -26.6130, 157.0418, 179.0418, -10.3692, 226.6864, 8.4089, -124.0192, -40.7749, 0.995196, 0.083125, -0.051722, 0.010369, -0.096165, 0.929087, -0.357140, -0.026613, 0.018367, 0.360398, 0.932618, 0.157042, 0.000000, 0.000000, 0.000000, 1.000000, 0.018367, 0.360398, 0.932618, 0.179042, -0.995196, -0.083125, 0.051722, -0.010369, 0.096165, -0.929087, 0.357140, 0.226686, 0.000000, 0.000000, 0.000000, 1.000000, -0.999714, 0.017139, 0.016695, 0.008409, 0.018204, 0.092077, 0.995585, -0.124019, 0.015526, 0.995604, -0.092363, -0.040775, 0.000000, 0.000000, 0.000000, 1.000000
25.4114, 10.3330, -26.3923, 156.8801, 178.8801, -10.3330, 226.4658, 8.4078, -123.9127, -40.8535, 0.995230, 0.081988, -0.052868, 0.010333, -0.095500, 0.929447, -0.356382, -0.026392, 0.019919, 0.359731, 0.932844, 0.156880, 0.000000, 0.000000, 0.000000, 1.000000, 0.019919, 0.359731, 0.932844, 0.178880, -0.995230, -0.081988, 0.052868, -0.010333, 0.095500, -0.929447, 0.356382, 0.226466, 0.000000, 0.000000, 0.000000, 1.000000, -0.999666, 0.018652, 0.017902, 0.008408, 0.019502, 0.089450, 0.995800, -0.123913, 0.016972, 0.995817, -0.089783, -0.040853, 0.000000, 0.000000, 0.000000, 1.000000
25.5335, 10.2689, -25.9480, 156.2747, 178.2747, -10.2689, 226.0215, 8.4523, -124.2647, -40.8661, 0.994953, 0.083354, -0.055868, 0.010269, -0.098030, 0.926312, -0.363781, -0.025948, 0.021429, 0.367421, 0.929808, 0.156275, 0.000000, 0.000000, 0.000000, 1.000000, 0.021429, 0.367421, 0.929808, 0.178275, -0.994953, -0.083354, 0.055868, -0.010269, 0.098030, -0.926312, 0.363781, 0.226021, 0.000000, 0.000000, 0.000000, 1.000000, -0.999648, 0.017363, 0.020063, 0.008452, 0.021633, 0.095578, 0.995187, -0.124265, 0.015362, 0.995271, -0.095920, -0.040866, 0.000000, 0.000000, 0.000000, 1.000000
25.6285, 10.3044, -25.7836, 156.0575, 178.0575, -10.3044, 225.8571, 8.3848, -124.2474, -40.9708, 0.994820, 0.082506, -0.059387, 0.010304, -0.098424, 0.927877, -0.359662, -0.025784, 0.025429, 0.363644, 0.931191, 0.156057, 0.000000, 0.000000, 0.000000, 1.000000, 0.025429, 0.363644, 0.931191, 0.178057, -0.994820, -0.082506, 0.059387, -0.010304, 0.098424, -0.927877, 0.359662, 0.225857, 0.000000, 0.000000, 0.000000, 1.000000, -0.999538, 0.018652, 0.023980, 0.008385, 0.025564, 0.089915, 0.995621, -0.124247, 0.016414, 0.995775, -0.090351, -0.040971, 0.000000, 0.000000, 0.000000, 1.000000
25.7480, 10.1991, -25.5846, 155.8158, 177.8158, -10.1991, 225.6580, 8.4468, -124.1890, -41.1174, 0.995131, 0.084336, -0.051006, 0.010199, -0.097132, 0.926964, -0.362358, -0.025585, 0.016721, 0.365548, 0.930642, 0.155816, 0.000000, 0.000000, 0.000000, 1.000000, 0.016721, 0.365548, 0.930642, 0.177816, -0.995131, -0.084336, 0.051006, -0.010199, 0.097132, -0.926964, 0.362358, 0.225658, 0.000000, 0.000000, 0.000000, 1.000000, -0.999736, 0.017109, 0.015335, 0.008447, 0.016814, 0.089905, 0.995808, -0.124189, 0.015659, 0.995803, -0.090169, -0.041117, 0.000000, 0.000000, 0.000000, 1.000000
25.8634, 10.1989, -25.3738, 155.6206, 177.6206, -10.1989, 225.4473, 8.4071, -124.1040, -41.2203, 0.995029, 0.084534, -0.052644, 0.010199, -0.098019, 0.924742, -0.367756, -0.025374, 0.017594, 0.371088, 0.928431, 0.155621, 0.000000, 0.000000, 0.000000, 1.000000, 0.017594, 0.371088, 0.928431, 0.177621, -0.995029, -0.084534, 0.052644, -0.010199, 0.098019, -0.924742, 0.367756, 0.225447, 0.000000, 0.000000, 0.000000, 1.000000, -0.999721, 0.017051, 0.016360, 0.008407, 0.017891, 0.093865, 0.995424, -0.124104, 0.015437, 0.995439, -0.094143, -0.041220, 0.000000, 0.000000, 0.000000, 1.000000
25.9785, 10.1356, -25.2171, 155.3710, 177.3710, -10.1356, 225.2906, 8.4250, -124.0548, -41.3966, 0.995040, 0.084740, -0.052103, 0.010136, -0.097914, 0.926792, -0.362587, -0.025217, 0.017563, 0.365891, 0.930492, 0.155371, 0.000000, 0.000000, 0.000000, 1.000000, 0.017563, 0.365891, 0.930492, 0.177371, -0.995040, -0.084740, 0.052103, -0.010136, 0.097914, -0.926792, 0.362587, 0.225291, 0.000000, 0.000000, 0.000000, 1.000000, -0.999715, 0.017401, 0.016368, 0.008425, 0.017811, 0.086326, 0.996108, -0.124055, 0.015920, 0.996115, -0.086612, -0.041397, 0.000000, 0.000000, 0.000000, 1.000000
26.0906, 10.1160, -24.9770, 155.1153, 177.1153, -10.1160, 225.0505, 8.4102, -124.0452, -41.4845, 0.994948, 0.084712, -0.053880, 0.010116, -0.098651, 0.924538, -0.368100, -0.024977, 0.018631, 0.371556, 0.928224, 0.155115, 0.000000, 0.000000, 0.000000, 1.000000, 0.018631, 0.371556, 0.928224, 0.177115, -0.994948, -0.084712, 0.053880, -0.010116, 0.098651, -0.924538, 0.368100, 0.225050, 0.000000, 0.000000, 0.000000, 1.000000, -0.999693, 0.017553, 0.017508, 0.008410, 0.019027, 0.090480, 0.995717, -0.124045, 0.015894, 0.995744, -0.090786, -0.041485, 0.000000, 0.000000, 0.000000, 1.000000
26.1932, 10.0721, -24.8440, 154.9424, 176.9424, -10.0721, 224.9174, 8.4127, -123.9521, -41.6342, 0.995033, 0.084764, -0.052189, 0.010072, -0.098109, 0.923747, -0.370224, -0.024844, 0.016828, 0.373506, 0.927475, 0.154942, 0.000000, 0.000000, 0.000000, 1.000000, 0.016828, 0.373506, 0.927475, 0.176942, -0.995033, -0.084764, 0.052189, -0.010072, 0.098109, -0.923747, 0.370224, 0.224917, 0.000000, 0.000000, 0.000000, 1.000000, -0.999721, 0.017744, 0.015574, 0.008413, 0.017123, 0.090818, 0.995720, -0.123952, 0.016254, 0.995709, -0.091096, -0.041634, 0.000000, 0.000000, 0.000000, 1.000000
26.3090, 10.0469, -24.5943, 154.7392, 176.7392, -10.0469, 224.6677, 8.4027, -123.8841, -41.7075, 0.994934, 0.085135, -0.053460, 0.010047, -0.098917, 0.923907, -0.369609, -0.024594, 0.017926, 0.373025, 0.927648, 0.154739, 0.000000, 0.000000, 0.000000, 1.000000, 0.017926, 0.373025, 0.927648, 0.176739, -0.994934, -0.085135, 0.053460, -0.010047, 0.098917, -0.923907, 0.369609, 0.224668, 0.000000, 0.000000, 0.000000, 1.000000, -0.999700, 0.017748, 0.016884, 0.008403, 0.018388, 0.088320, 0.995922, -0.123884, 0.016184, 0.995934, -0.088620, -0.041707, 0.000000, 0.000000, 0.000000, 1.000000
26.4276, 10.0537, -24.4063, 154.5029, 176.5029, -10.0537, 224.4797, 8.3535, -123.8226, -41.8521, 0.994885, 0.084499, -0.055348, 0.010054, -0.099009, 0.924334, -0.368516, -0.024406, 0.020021, 0.372111, 0.927972, 0.154503, 0.000000, 0.000000, 0.000000, 1.000000, 0.020021, 0.372111, 0.927972, 0.176503, -0.994885, -0.084499, 0.055348, -0.010054, 0.099009, -0.924334, 0.368516, 0.224480, 0.000000, 0.000000, 0.000000, 1.000000, -0.999646, 0.018787, 0.018853, 0.008354, 0.020391, 0.085310, 0.996146, -0.123823, 0.017106, 0.996177, -0.085663, -0.041852, 0.000000, 0.000000, 0.000000, 1.000000
26.5280, 9.9561, -23.9702, 153.9750, 175.9750, -9.9561, 224.0437, 8.4427, -124.1620, -41.8188, 0.994805, 0.085390, -0.055421, 0.009956, -0.099988, 0.921821, -0.374497, -0.023970, 0.019110, 0.378093, 0.925571, 0.153975, 0.000000, 0.000000, 0.000000, 1.000000, 0.019110, 0.378093, 0.925571, 0.175975, -0.994805, -0.085390, 0.055421, -0.009956, 0.099988, -0.921821, 0.374497, 0.224044, 0.000000, 0.000000, 0.000000, 1.000000, -0.999672, 0.017963, 0.018242, 0.008443, 0.019788, 0.090018, 0.995744, -0.124162, 0.016244, 0.995778, -0.090344, -0.041819, 0.000000, 0.000000, 0.000000, 1.000000
26.6478, 9.9589, -23.8187, 153.7428, 175.7428, -9.9589, 223.8921, 8.3911, -124.0830, -42.0014, 0.994676, 0.084048, -0.059627, 0.009959, -0.100316, 0.922138, -0.373627, -0.023819, 0.023581, 0.377620, 0.925660, 0.153743, 0.000000, 0.000000, 0.000000, 1.000000, 0.023581, 0.377620, 0.925660, 0.175743, -0.994676, -0.084048, 0.059627, -0.009959, 0.100316, -0.922138, 0.373627, 0.223892, 0.000000, 0.000000, 0.000000, 1.000000, -0.999553, 0.019699, 0.022505, 0.008391, 0.024145, 0.087462, 0.995875, -0.124083, 0.017649, 0.995973, -0.087899, -0.042001, 0.000000, 0.000000, 0.000000, 1.000000
26.7636, 9.8813, -23.5329, 153.4380, 175.4380, -9.8813, 223.6064, 8.4377, -124.1218, -42.0785, 0.994898, 0.086968, -0.051138, 0.009881, -0.099991, 0.917453, -0.385075, -0.023533, 0.013428, 0.388223, 0.921468, 0.153438, 0.000000, 0.000000, 0.000000, 1.000000, 0.013428, 0.388223, 0.921468, 0.175438, -0.994898, -0.086968, 0.051138, -0.009881, 0.099991, -0.917453, 0.385075, 0.223606, 0.000000, 0.000000, 0.000000, 1.000000, -0.999779, 0.016687, 0.012757, 0.008438, 0.014316, 0.096909, 0.995190, -0.124122, 0.015370, 0.995153, -0.097126, -0.042078, 0.000000, 0.000000, 0.000000, 1.000000
26.8697, 9.8936, -23.3464, 153.2042, 175.2042, -9.8936, 223.4198, 8.3886, -124.0940, -42.1989, 0.994726, 0.086773, -0.054694, 0.009894, -0.101125, 0.918882, -0.381352, -0.023346, 0.017166, 0.384871, 0.922811, 0.153204, 0.000000, 0.000000, 0.000000, 1.000000, 0.017166, 0.384871, 0.922811, 0.175204, -0.994726, -0.086773, 0.054694, -0.009894, 0.101125, -0.918882, 0.381352, 0.223420, 0.000000, 0.000000, 0.000000, 1.000000, -0.999710, 0.017349, 0.016688, 0.008389, 0.018208, 0.091475, 0.995641, -0.124094, 0.015746, 0.995656, -0.091765, -0.042199, 0.000000, 0.000000, 0.000000, 1.000000
26.9923, 9.8379, -23.1402, 153.0032, 175.0032, -9.8379, 223.2137, 8.4007, -123.9912, -42.3342, 0.994811, 0.087046, -0.052676, 0.009838, -0.100557, 0.920023, -0.378742, -0.023140, 0.015495, 0.382073, 0.924002, 0.153003, 0.000000, 0.000000, 0.000000, 1.000000, 0.015495, 0.382073, 0.924002, 0.175003, -0.994811, -0.087046, 0.052676, -0.009838, 0.100557, -0.920023, 0.378742, 0.223214, 0.000000, 0.000000, 0.000000, 1.000000, -0.999734, 0.017568, 0.014957, 0.008401, 0.016420, 0.086360, 0.996129, -0.123991, 0.016208, 0.996109, -0.086626, -0.042334, 0.000000, 0.000000, 0.000000, 1.000000
27.1004, 9.8237, -22.9379, 152.7160, 174.7160, -9.8237, 223.0114, 8.3774, -124.0126, -42.4638, 0.994586, 0.087042, -0.056774, 0.009824, -0.102222, 0.917814, -0.383625, -0.022938, 0.018717, 0.387351, 0.921742, 0.152716, 0.000000, 0.000000, 0.000000, 1.000000, 0.018717, 0.387351, 0.921742, 0.174716, -0.994586, -0.087042, 0.056774, -0.009824, 0.102222, -0.917814, 0.383625, 0.223011, 0.000000, 0.000000, 0.000000, 1.000000, -0.999673, 0.017687, 0.018463, 0.008377, 0.019986, 0.090206, 0.995723, -0.124013, 0.015946, 0.995766, -0.090530, -0.042464, 0.000000, 0.000000, 0.000000, 1.000000
27.2114, 9.7589, -22.6981, 152.4993, 174.4993, -9.7589, 222.7715, 8.4092, -123.9684, -42.5486, 0.994760, 0.086534, -0.054440, 0.009759, -0.100953, 0.915471, -0.389514, -0.022698, 0.016132, 0.392969, 0.919410, 0.152499, 0.000000, 0.000000, 0.000000, 1.000000, 0.016132, 0.392969, 0.919410, 0.174499, -0.994760, -0.086534, 0.054440, -0.009759, 0.100953, -0.915471, 0.389514, 0.222772, 0.000000, 0.000000, 0.000000, 1.000000, -0.999713, 0.018301, 0.015446, 0.008409, 0.017107, 0.094384, 0.995389, -0.123968, 0.016759, 0.995368, -0.094670, -0.042549, 0.000000, 0.000000, 0.000000, 1.000000
27.3232, 9.7373, -22.4772, 152.2097, 174.2097, -9.7373, 222.5506, 8.3933, -123.9867, -42.6715, 0.994765, 0.086728, -0.054046, 0.009737, -0.100970, 0.915642, -0.389107, -0.022477, 0.015740, 0.392527, 0.919606, 0.152210, 0.000000, 0.000000, 0.000000, 1.000000, 0.015740, 0.392527, 0.919606, 0.174210, -0.994765, -0.086728, 0.054046, -0.009737, 0.100970, -0.915642, 0.389107, 0.222551, 0.000000, 0.000000, 0.000000, 1.000000, -0.999716, 0.018470, 0.015087, 0.008393, 0.016725, 0.091992, 0.995619, -0.123987, 0.017001, 0.995588, -0.092275, -0.042672, 0.000000, 0.000000, 0.000000, 1.000000
27.4401, 9.7172, -22.1404, 151.8839, 173.8839, -9.7172, 222.2138, 8.3880, -124.0602, -42.7074, 0.994519, 0.087778, -0.056811, 0.009717, -0.102963, 0.916720, -0.386036, -0.022140, 0.018194, 0.389769, 0.920733, 0.151884, 0.000000, 0.000000, 0.000000, 1.000000, 0.018194, 0.389769, 0.920733, 0.173884, -0.994519, -0.087778, 0.056811, -0.009717, 0.102963, -0.916720, 0.386036, 0.222214, 0.000000, 0.000000, 0.000000, 1.000000, -0.999675, 0.017892, 0.018156, 0.008388, 0.019647, 0.087008, 0.996014, -0.124060, 0.016241, 0.996047, -0.087331, -0.042707, 0.000000, 0.000000, 0.000000, 1.000000
27.5489, 9.6564, -21.8635, 151.5940, 173.5940, -9.6564, 221.9370, 8.4200, -124.1039, -42.7766, 0.994646, 0.088622, -0.053152, 0.009656, -0.102419, 0.913899, -0.392809, -0.021864, 0.013764, 0.396149, 0.918083, 0.151594, 0.000000, 0.000000, 0.000000, 1.000000, 0.013764, 0.396149, 0.918083, 0.173594, -0.994646, -0.088622, 0.053152, -0.009656, 0.102419, -0.913899, 0.392809, 0.221937, 0.000000, 0.000000, 0.000000, 1.000000, -0.999759, 0.017107, 0.013725, 0.008420, 0.015243, 0.092058, 0.995637, -0.124104, 0.015768, 0.995607, -0.092296, -0.042777, 0.000000, 0.000000, 0.000000, 1.000000
27.6634, 9.6208, -21.7028, 151.3881, 173.3881, -9.6208, 221.7763, 8.4119, -124.0166, -42.9398, 0.994552, 0.088419, -0.055212, 0.009621, -0.102996, 0.915144, -0.389747, -0.021703, 0.016066, 0.393310, 0.919265, 0.151388, 0.000000, 0.000000, 0.000000, 1.000000, 0.016066, 0.393310, 0.919265, 0.173388, -0.994552, -0.088419, 0.055212, -0.009621, 0.102996, -0.915144, 0.389747, 0.221776, 0.000000, 0.000000, 0.000000, 1.000000, -0.999712, 0.017787, 0.016106, 0.008412, 0.017595, 0.087021, 0.996051, -0.124017, 0.016315, 0.996048, -0.087309, -0.042940, 0.000000, 0.000000, 0.000000, 1.000000
27.7785, 9.5987, -21.4109, 151.0156, 173.0156, -9.5987, 221.4844, 8.4023, -124.1264, -43.0316, 0.994645, 0.088710, -0.053031, 0.009599, -0.102555, 0.910737, -0.400050, -0.021411, 0.012809, 0.403347, 0.914958, 0.151016, 0.000000, 0.000000, 0.000000, 1.000000, 0.012809, 0.403347, 0.914958, 0.173016, -0.994645, -0.088710, 0.053031, -0.009599, 0.102555, -0.910737, 0.400050, 0.221484, 0.000000, 0.000000, 0.000000, 1.000000, -0.999767, 0.017413, 0.012734, 0.008402, 0.014348, 0.095947, 0.995283, -0.124126, 0.016109, 0.995234, -0.096175, -0.043032, 0.000000, 0.000000, 0.000000, 1.000000
27.8903, 9.5931, -21.2581, 150.8063, 172.8063, -9.5931, 221.3315, 8.3652, -124.0477, -43.1952, 0.994447, 0.088420, -0.057063, 0.009593, -0.103919, 0.910585, -0.400045, -0.021258, 0.016588, 0.403753, 0.914717, 0.150806, 0.000000, 0.000000, 0.000000, 1.000000, 0.016588, 0.403753, 0.914717, 0.172806, -0.994447, -0.088420, 0.057063, -0.009593, 0.103919, -0.910585, 0.400045, 0.221332, 0.000000, 0.000000, 0.000000, 1.000000, -0.999698, 0.018030, 0.016710, 0.008365, 0.018341, 0.094478, 0.995358, -0.124048, 0.016367, 0.995364, -0.094780, -0.043195, 0.000000, 0.000000, 0.000000, 1.000000
27.9989, 9.5454, -21.0409, 150.6593, 172.6593, -9.5454, 221.1144, 8.3784, -123.9385, -43.2764, 0.994641, 0.089262, -0.052173, 0.009545, -0.102694, 0.911453, -0.398381, -0.021041, 0.011993, 0.401604, 0.915735, 0.150659, 0.000000, 0.000000, 0.000000, 1.000000, 0.011993, 0.401604, 0.915735, 0.172659, -0.994641, -0.089262, 0.052173, -0.009545, 0.102694, -0.911453, 0.398381, 0.221114, 0.000000, 0.000000, 0.000000, 1.000000, -0.999773, 0.017613, 0.012027, 0.008378, 0.013570, 0.090283, 0.995824, -0.123938, 0.016454, 0.995760, -0.090501, -0.043276, 0.000000, 0.000000, 0.000000, 1.000000
28.1037, 9.5357, -20.9009, 150.4913, 172.4913, -9.5357, 220.9744, 8.3469, -123.8368, -43.4248, 0.994358, 0.089124, -0.057527, 0.009536, -0.104653, 0.912797, -0.394777, -0.020901, 0.017327, 0.398570, 0.916974, 0.150491, 0.000000, 0.000000, 0.000000, 1.000000, 0.017327, 0.398570, 0.916974, 0.172491, -0.994358, -0.089124, 0.057527, -0.009536, 0.104653, -0.912797, 0.394777, 0.220974, 0.000000, 0.000000, 0.000000, 1.000000, -0.999677, 0.018208, 0.017746, 0.008347, 0.019236, 0.085192, 0.996179, -0.123837, 0.016627, 0.996198, -0.085514, -0.043425, 0.000000, 0.000000, 0.000000, 1.000000
28.2212, 9.5408, -20.6796, 150.2661, 172.2661, -9.5408, 220.7531, 8.3029, -123.7785, -43.5411, 0.994348, 0.088694, -0.058361, 0.009541, -0.104672, 0.911002, -0.398898, -0.020680, 0.017787, 0.402752, 0.915136, 0.150266, 0.000000, 0.000000, 0.000000, 1.000000, 0.017787, 0.402752, 0.915136, 0.172266, -0.994348, -0.088694, 0.058361, -0.009541, 0.104672, -0.911002, 0.398898, 0.220753, 0.000000, 0.000000, 0.000000, 1.000000, -0.999660, 0.018818, 0.018071, 0.008303, 0.019655, 0.087728, 0.995951, -0.123778, 0.017157, 0.995967, -0.088068, -0.043541, 0.000000, 0.000000, 0.000000, 1.000000
28.3291, 9.3977, -20.1921, 149.6837, 171.6837, -9.3977, 220.2655, 8.4394, -124.1673, -43.5183, 0.994511, 0.088922, -0.055139, 0.009398, -0.103717, 0.907312, -0.407464, -0.020192, 0.013796, 0.410946, 0.911555, 0.149684, 0.000000, 0.000000, 0.000000, 1.000000, 0.013796, 0.410946, 0.911555, 0.171684, -0.994511, -0.088922, 0.055139, -0.009398, 0.103717, -0.907312, 0.407464, 0.220266, 0.000000, 0.000000, 0.000000, 1.000000, -0.999732, 0.018554, 0.013846, 0.008439, 0.015545, 0.094815, 0.995373, -0.124167, 0.017155, 0.995322, -0.095078, -0.043518, 0.000000, 0.000000, 0.000000, 1.000000
28.4487, 9.3603, -20.0159, 149.5200, 171.5200, -9.3603, 220.0894, 8.4309, -124.0295, -43.6678, 0.994528, 0.089214, -0.054359, 0.009360, -0.103620, 0.908642, -0.404516, -0.020016, 0.013304, 0.407935, 0.912914, 0.149520, 0.000000, 0.000000, 0.000000, 1.000000, 0.013304, 0.407935, 0.912914, 0.171520, -0.994528, -0.089214, 0.054359, -0.009360, 0.103620, -0.908642, 0.404516, 0.220089, 0.000000, 0.000000, 0.000000, 1.000000, -0.999734, 0.018766, 0.013404, 0.008431, 0.015032, 0.089485, 0.995875, -0.124029, 0.017489, 0.995811, -0.089743, -0.043668, 0.000000, 0.000000, 0.000000, 1.000000
28.5658, 9.3908, -19.8393, 149.3578, 171.3578, -9.3908, 219.9127, 8.3580, -123.8994, -43.8038, 0.994330, 0.091010, -0.055004, 0.009391, -0.105518, 0.908604, -0.404110, -0.019839, 0.013199, 0.407623, 0.913055, 0.149358, 0.000000, 0.000000, 0.000000, 1.000000, 0.013199, 0.407623, 0.913055, 0.171358, -0.994330, -0.091010, 0.055004, -0.009391, 0.105518, -0.908604, 0.404110, 0.219913, 0.000000, 0.000000, 0.000000, 1.000000, -0.999751, 0.017336, 0.014064, 0.008358, 0.015523, 0.087141, 0.996075, -0.123899, 0.016042, 0.996045, -0.087388, -0.043804, 0.000000, 0.000000, 0.000000, 1.000000
28.6708, 9.3389, -19.5662, 149.0293, 171.0293, -9.3389, 219.6397, 8.3827, -123.9906, -43.8872, 0.994311, 0.091523, -0.054485, 0.009339, -0.105849, 0.906073, -0.409668, -0.019566, 0.011874, 0.413105, 0.910606, 0.149029, 0.000000, 0.000000, 0.000000, 1.000000, 0.011874, 0.413105, 0.910606, 0.171029, -0.994311, -0.091523, 0.054485, -0.009339, 0.105849, -0.906073, 0.409668, 0.219640, 0.000000, 0.000000, 0.000000, 1.000000, -0.999774, 0.016894, 0.012870, 0.008383, 0.014361, 0.091333, 0.995717, -0.123991, 0.015646, 0.995677, -0.091555, -0.043887, 0.000000, 0.000000, 0.000000, 1.000000
28.8125, 9.3137, -19.3353, 148.7293, 170.7293, -9.3137, 219.4088, 8.3565, -123.9353, -44.0787, 0.994231, 0.091177, -0.056487, 0.009314, -0.106373, 0.905655, -0.410455, -0.019335, 0.013734, 0.414096, 0.910129, 0.148729, 0.000000, 0.000000, 0.000000, 1.000000, 0.013734, 0.414096, 0.910129, 0.170729, -0.994231, -0.091177, 0.056487, -0.009314, 0.106373, -0.905655, 0.410455, 0.219409, 0.000000, 0.000000, 0.000000, 1.000000, -0.999736, 0.017633, 0.014738, 0.008356, 0.016267, 0.089996, 0.995809, -0.123935, 0.016233, 0.995786, -0.090259, -0.044079, 0.000000, 0.000000, 0.000000, 1.000000
28.9422, 9.2257, -18.9144, 148.3045, 170.3045, -9.2257, 218.9879, 8.4202, -124.0933, -44.1146, 0.994224, 0.090998, -0.056911, 0.009226, -0.106414, 0.904830, -0.412261, -0.018914, 0.013980, 0.415936, 0.909286, 0.148305, 0.000000, 0.000000, 0.000000, 1.000000, 0.013980, 0.415936, 0.909286, 0.170305, -0.994224, -0.090998, 0.056911, -0.009226, 0.106414, -0.904830, 0.412261, 0.218988, 0.000000, 0.000000, 0.000000, 1.000000, -0.999724, 0.018127, 0.014919, 0.008420, 0.016489, 0.089792, 0.995824, -0.124093, 0.016712, 0.995796, -0.090066, -0.044115, 0.000000, 0.000000, 0.000000, 1.000000
29.0635, 9.2215, -18.7260, 148.1688, 170.1688, -9.2215, 218.7994, 8.3803, -123.9290, -44.2455, 0.994200, 0.091292, -0.056859, 0.009221, -0.106681, 0.904177, -0.413622, -0.018726, 0.013650, 0.417289, 0.908671, 0.148169, 0.000000, 0.000000, 0.000000, 1.000000, 0.013650, 0.417289, 0.908671, 0.170169, -0.994200, -0.091292, 0.056859, -0.009221, 0.106681, -0.904177, 0.413622, 0.218799, 0.000000, 0.000000, 0.000000, 1.000000, -0.999728, 0.018142, 0.014682, 0.008380, 0.016245, 0.089200, 0.995881, -0.123929, 0.016758, 0.995849, -0.089470, -0.044245, 0.000000, 0.000000, 0.000000, 1.000000
29.1654, 9.1820, -18.4743, 147.8615, 169.8615, -9.1820, 218.5477, 8.3919, -124.0028, -44.3372, 0.994304, 0.091202, -0.055144, 0.009182, -0.105953, 0.901790, -0.418984, -0.018474, 0.011516, 0.422441, 0.906317, 0.147862, 0.000000, 0.000000, 0.000000, 1.000000, 0.011516, 0.422441, 0.906317, 0.169862, -0.994304, -0.091202, 0.055144, -0.009182, 0.105953, -0.901790, 0.418984, 0.218548, 0.000000, 0.000000, 0.000000, 1.000000, -0.999757, 0.018303, 0.012315, 0.008392, 0.013968, 0.093109, 0.995558, -0.124003, 0.017075, 0.995488, -0.093342, -0.044337, 0.000000, 0.000000, 0.000000, 1.000000
29.2753, 9.1703, -18.2738, 147.6663, 169.6663, -9.1703, 218.3472, 8.3656, -123.9319, -44.4538, 0.994167, 0.091497, -0.057105, 0.009170, -0.107016, 0.902725, -0.416696, -0.018274, 0.013424, 0.420377, 0.907250, 0.147666, 0.000000, 0.000000, 0.000000, 1.000000, 0.013424, 0.420377, 0.907250, 0.169666, -0.994167, -0.091497, 0.057105, -0.009170, 0.107016, -0.902725, 0.416696, 0.218347, 0.000000, 0.000000, 0.000000, 1.000000, -0.999724, 0.018445, 0.014525, 0.008366, 0.016111, 0.088963, 0.995905, -0.123932, 0.017077, 0.995864, -0.089236, -0.044454, 0.000000, 0.000000, 0.000000, 1.000000
29.3928, 9.1042, -18.0420, 147.3960, 169.3960, -9.1042, 218.1155, 8.3941, -123.9177, -44.5897, 0.994277, 0.091306, -0.055458, 0.009104, -0.106174, 0.901961, -0.418560, -0.018042, 0.011804, 0.422053, 0.906494, 0.147396, 0.000000, 0.000000, 0.000000, 1.000000, 0.011804, 0.422053, 0.906494, 0.169396, -0.994277, -0.091306, 0.055458, -0.009104, 0.106174, -0.901961, 0.418560, 0.218115, 0.000000, 0.000000, 0.000000, 1.000000, -0.999741, 0.018918, 0.012635, 0.008394, 0.014268, 0.088793, 0.995948, -0.123918, 0.017720, 0.995870, -0.089040, -0.044590, 0.000000, 0.000000, 0.000000, 1.000000
29.5115, 9.0969, -17.8233, 147.1657, 169.1657, -9.0969, 217.8968, 8.3615, -123.8603, -44.7205, 0.994075, 0.092590, -0.056940, 0.009097, -0.108040, 0.899153, -0.424089, -0.017823, 0.011931, 0.427728, 0.903829, 0.147166, 0.000000, 0.000000, 0.000000, 1.000000, 0.011931, 0.427728, 0.903829, 0.169166, -0.994075, -0.092590, 0.056940, -0.009097, 0.108040, -0.899153, 0.424089, 0.217897, 0.000000, 0.000000, 0.000000, 1.000000, -0.999753, 0.017721, 0.013412, 0.008362, 0.015004, 0.093008, 0.995552, -0.123860, 0.016394, 0.995508, -0.093251, -0.044720, 0.000000, 0.000000, 0.000000, 1.000000
29.6350, 9.0408, -17.3459, 146.6664, 168.6664, -9.0408, 217.4193, 8.4032, -124.1280, -44.7189, 0.994152, 0.093209, -0.054526, 0.009041, -0.107601, 0.897670, -0.427330, -0.017346, 0.009116, 0.430698, 0.902450, 0.146666, 0.000000, 0.000000, 0.000000, 1.000000, 0.009116, 0.430698, 0.902450, 0.168666, -0.994152, -0.093209, 0.054526, -0.009041, 0.107601, -0.897670, 0.427330, 0.217419, 0.000000, 0.000000, 0.000000, 1.000000, -0.999794, 0.017334, 0.010597, 0.008403, 0.012184, 0.094172, 0.995481, -0.124128, 0.016258, 0.995405, -0.094364, -0.044719, 0.000000, 0.000000, 0.000000, 1.000000
29.7527, 9.0657, -17.2420, 146.5952, 168.5952, -9.0657, 217.3155, 8.3268, -123.8856, -44.8978, 0.994061, 0.092785, -0.056870, 0.009066, -0.108159, 0.900110, -0.422023, -0.017242, 0.012032, 0.425667, 0.904800, 0.146595, 0.000000, 0.000000, 0.000000, 1.000000, 0.012032, 0.425667, 0.904800, 0.168595, -0.994061, -0.092785, 0.056870, -0.009066, 0.108159, -0.900110, 0.422023, 0.217315, 0.000000, 0.000000, 0.000000, 1.000000, -0.999739, 0.018368, 0.013552, 0.008327, 0.015094, 0.086612, 0.996128, -0.123886, 0.017123, 0.996073, -0.086867, -0.044898, 0.000000, 0.000000, 0.000000, 1.000000
29.8567, 8.9871, -16.9959, 146.3007, 168.3007, -8.9871, 217.0693, 8.3747, -123.9390, -45.0036, 0.994035, 0.093412, -0.056298, 0.008987, -0.108555, 0.897261, -0.427947, -0.016996, 0.010539, 0.431505, 0.902049, 0.146301, 0.000000, 0.000000, 0.000000, 1.000000, 0.010539, 0.431505, 0.902049, 0.168301, -0.994035, -0.093412, 0.056298, -0.008987, 0.108555, -0.897261, 0.427947, 0.217069, 0.000000, 0.000000, 0.000000, 1.000000, -0.999767, 0.017774, 0.012245, 0.008375, 0.013818, 0.091272, 0.995730, -0.123939, 0.016581, 0.995667, -0.091496, -0.045004, 0.000000, 0.000000, 0.000000, 1.000000
29.9443, 8.9600, -16.7523, 146.0200, 168.0200, -8.9600, 216.8257, 8.3820, -124.0279, -45.0667, 0.993939, 0.092757, -0.059004, 0.008960, -0.109193, 0.895183, -0.432116, -0.016752, 0.012737, 0.435940, 0.899886, 0.146020, 0.000000, 0.000000, 0.000000, 1.000000, 0.012737, 0.435940, 0.899886, 0.168020, -0.993939, -0.092757, 0.059004, -0.008960, 0.109193, -0.895183, 0.432116, 0.216826, 0.000000, 0.000000, 0.000000, 1.000000, -0.999726, 0.018482, 0.014392, 0.008382, 0.016079, 0.094672, 0.995379, -0.124028, 0.017034, 0.995337, -0.094943, -0.045067, 0.000000, 0.000000, 0.000000, 1.000000
29.9771, 8.9339, -16.5710, 145.9186, 167.9186, -8.9339, 216.6444, 8.4111, -124.0887, -45.0071, 0.993999, 0.092714, -0.058052, 0.008934, -0.108698, 0.896706, -0.429072, -0.016571, 0.012275, 0.432807, 0.901403, 0.145919, 0.000000, 0.000000, 0.000000, 1.000000, 0.012275, 0.432807, 0.901403, 0.167919, -0.993999, -0.092714, 0.058052, -0.008934, 0.108698, -0.896706, 0.429072, 0.216644, 0.000000, 0.000000, 0.000000, 1.000000, -0.999728, 0.018782, 0.013817, 0.008411, 0.015465, 0.090648, 0.995763, -0.124089, 0.017450, 0.995706, -0.090914, -0.045007, 0.000000, 0.000000, 0.000000, 1.000000
29.9918, 8.9077, -16.3697, 145.6628, 167.6628, -8.9077, 216.4431, 8.4511, -124.3543, -44.9441, 0.993941, 0.093026, -0.058542, 0.008908, -0.109222, 0.895607, -0.431230, -0.016370, 0.012315, 0.435011, 0.900341, 0.145663, 0.000000, 0.000000, 0.000000, 1.000000, 0.012315, 0.435011, 0.900341, 0.167663, -0.993941, -0.093026, 0.058542, -0.008908, 0.109222, -0.895607, 0.431230, 0.216443, 0.000000, 0.000000, 0.000000, 1.000000, -0.999732, 0.018404, 0.014034, 0.008451, 0.015684, 0.092833, 0.995558, -0.124354, 0.017019, 0.995512, -0.093097, -0.044944, 0.000000, 0.000000, 0.000000, 1.000000
29.9995, 8.8862, -16.2934, 145.5578, 167.5578, -8.8862, 216.3668, 8.4765, -124.4559, -44.9289, 0.994082, 0.092750, -0.056552, 0.008886, -0.108133, 0.894664, -0.433456, -0.016293, 0.010391, 0.437005, 0.899399, 0.145558, 0.000000, 0.000000, 0.000000, 1.000000, 0.010391, 0.437005, 0.899399, 0.167558, -0.994082, -0.092750, 0.056552, -0.008886, 0.108133, -0.894664, 0.433456, 0.216367, 0.000000, 0.000000, 0.000000, 1.000000, -0.999757, 0.018605, 0.011782, 0.008476, 0.013497, 0.094908, 0.995395, -0.124456, 0.017401, 0.995312, -0.095136, -0.044929, 0.000000, 0.000000, 0.000000, 1.000000
30.0026, 8.8749, -16.2734, 145.5320, 167.5320, -8.8749, 216.3469, 8.4882, -124.4775, -44.9273, 0.994052, 0.092533, -0.057423, 0.008875, -0.108325, 0.894394, -0.433965, -0.016273, 0.011202, 0.437604, 0.899098, 0.145532, 0.000000, 0.000000, 0.000000, 1.000000, 0.011202, 0.437604, 0.899098, 0.167532, -0.994052, -0.092533, 0.057423, -0.008875, 0.108325, -0.894394, 0.433965, 0.216347, 0.000000, 0.000000, 0.000000, 1.000000, -0.999744, 0.018803, 0.012583, 0.008488, 0.014323, 0.095518, 0.995325, -0.124478, 0.017513, 0.995250, -0.095763, -0.044927, 0.000000, 0.000000, 0.000000, 1.000000
30.0048, 8.8866, -16.2594, 145.5264, 167.5264, -8.8866, 216.3329, 8.4771, -124.4816, -44.9197, 0.994037, 0.092624, -0.057549, 0.008887, -0.108480, 0.893664, -0.435427, -0.016259, 0.011099, 0.439074, 0.898383, 0.145526, 0.000000, 0.000000, 0.000000, 1.000000, 0.011099, 0.439074, 0.898383, 0.167526, -0.994037, -0.092624, 0.057549, -0.008887, 0.108480, -0.893664, 0.435427, 0.216333, 0.000000, 0.000000, 0.000000, 1.000000, -0.999748, 0.018645, 0.012527, 0.008477, 0.014281, 0.097108, 0.995171, -0.124482, 0.017339, 0.995099, -0.097349, -0.044920, 0.000000, 0.000000, 0.000000, 1.000000
30.0063, 8.8910, -16.2801, 145.5529, 167.5529, -8.8910, 216.3535, 8.4696, -124.4452, -44.9324, 0.994024, 0.093058, -0.057070, 0.008891, -0.108638, 0.894573, -0.433517, -0.016280, 0.010711, 0.437126, 0.899337, 0.145553, 0.000000, 0.000000, 0.000000, 1.000000, 0.010711, 0.437126, 0.899337, 0.167553, -0.994024, -0.093058, 0.057070, -0.008891, 0.108638, -0.894573, 0.433517, 0.216354, 0.000000, 0.000000, 0.000000, 1.000000, -0.999757, 0.018311, 0.012288, 0.008470, 0.013973, 0.094925, 0.995386, -0.124445, 0.017060, 0.995316, -0.095158, -0.044932, 0.000000, 0.000000, 0.000000, 1.000000
30.0070, 8.8895, -16.2621, 145.5370, 167.5370, -8.8895, 216.3356, 8.4727, -124.4644, -44.9229, 0.994015, 0.093296, -0.056831, 0.008890, -0.108755, 0.894236, -0.434182, -0.016262, 0.010312, 0.437764, 0.899031, 0.145537, 0.000000, 0.000000, 0.000000, 1.000000, 0.010312, 0.437764, 0.899031, 0.167537, -0.994015, -0.093296, 0.056831, -0.008890, 0.108755, -0.894236, 0.434182, 0.216336, 0.000000, 0.000000, 0.000000, 1.000000, -0.999766, 0.018042, 0.011967, 0.008473, 0.013640, 0.095621, 0.995324, -0.124464, 0.016813, 0.995254, -0.095845, -0.044923, 0.000000, 0.000000, 0.000000, 1.000000
30.0072, 8.8908, -16.2431, 145.5026, 167.5026, -8.8908, 216.3165, 8.4724, -124.5027, -44.9176, 0.993976, 0.092801, -0.058305, 0.008891, -0.108980, 0.893281, -0.436088, -0.016243, 0.011613, 0.439815, 0.898013, 0.145503, 0.000000, 0.000000, 0.000000, 1.000000, 0.011613, 0.439815, 0.898013, 0.167503, -0.993976, -0.092801, 0.058305, -0.008891, 0.108980, -0.893281, 0.436088, 0.216317, 0.000000, 0.000000, 0.000000, 1.000000, -0.999743, 0.018437, 0.013202, 0.008472, 0.014946, 0.097888, 0.995085, -0.124503, 0.017054, 0.995027, -0.098138, -0.044918, 0.000000, 0.000000, 0.000000, 1.000000

=== NEW ITERATION ===
# Joint_4_Angle(deg), Cam_X(mm), Cam_Y(mm), Cam_Z(mm), Torso_X(mm), Torso_Y(mm), Torso_Z(mm), EE_X(mm), EE_Y(mm), EE_Z(mm), T_cam2marker_flat(16), T_torso2marker_flat(16), T_ee2marker_flat(16)
0.0000, 19.9626, -61.8040, 227.2292, 249.2292, -19.9626, 261.8774, 8.4343, -118.8203, -17.3801, 0.999462, 0.021673, -0.024605, 0.019963, -0.020238, 0.998160, 0.057151, -0.061804, 0.025798, -0.056622, 0.998062, 0.227229, 0.000000, 0.000000, 0.000000, 1.000000, 0.025798, -0.056622, 0.998062, 0.249229, -0.999462, -0.021673, 0.024605, -0.019963, 0.020238, -0.998160, -0.057151, 0.261877, 0.000000, 0.000000, 0.000000, 1.000000, -0.999713, 0.007398, 0.022773, 0.008434, 0.023409, 0.101907, 0.994518, -0.118820, 0.005037, 0.994766, -0.102051, -0.017380, 0.000000, 0.000000, 0.000000, 1.000000
0.0024, 19.9515, -61.8117, 227.2703, 249.2703, -19.9515, 261.8851, 8.4445, -118.7749, -17.3995, 0.999531, 0.021307, -0.022016, 0.019951, -0.020049, 0.998238, 0.055851, -0.061812, 0.023167, -0.055384, 0.998196, 0.227270, 0.000000, 0.000000, 0.000000, 1.000000, 0.023167, -0.055384, 0.998196, 0.249270, -0.999531, -0.021307, 0.022016, -0.019951, 0.020049, -0.998238, -0.055851, 0.261885, 0.000000, 0.000000, 0.000000, 1.000000, -0.999767, 0.007766, 0.020147, 0.008444, 0.020841, 0.103100, 0.994453, -0.118775, 0.005646, 0.994641, -0.103238, -0.017400, 0.000000, 0.000000, 0.000000, 1.000000
0.0824, 19.9538, -61.8134, 227.3006, 249.3006, -19.9538, 261.8869, 8.4062, -118.5479, -17.5711, 0.999518, 0.021446, -0.022440, 0.019954, -0.020243, 0.998415, 0.052522, -0.061813, 0.023531, -0.052043, 0.998368, 0.227301, 0.000000, 0.000000, 0.000000, 1.000000, 0.023531, -0.052043, 0.998368, 0.249301, -0.999518, -0.021446, 0.022440, -0.019954, 0.020243, -0.998415, -0.052522, 0.261887, 0.000000, 0.000000, 0.000000, 1.000000, -0.999760, 0.007863, 0.020456, 0.008406, 0.021169, 0.105060, 0.994241, -0.118548, 0.005668, 0.994435, -0.105201, -0.017571, 0.000000, 0.000000, 0.000000, 1.000000
0.1833, 19.9665, -61.8057, 227.3064, 249.3064, -19.9665, 261.8791, 8.3478, -118.2921, -17.7718, 0.999451, 0.021420, -0.025289, 0.019966, -0.020026, 0.998331, 0.054163, -0.061806, 0.026407, -0.053626, 0.998212, 0.227306, 0.000000, 0.000000, 0.000000, 1.000000, 0.026407, -0.053626, 0.998212, 0.249306, -0.999451, -0.021420, 0.025289, -0.019966, 0.020026, -0.998331, -0.054163, 0.261879, 0.000000, 0.000000, 0.000000, 1.000000, -0.999694, 0.008202, 0.023329, 0.008348, 0.024043, 0.101760, 0.994518, -0.118292, 0.005783, 0.994775, -0.101926, -0.017772, 0.000000, 0.000000, 0.000000, 1.000000
0.3078, 19.9156, -61.7360, 227.1194, 249.1194, -19.9156, 261.8094, 8.3452, -118.1581, -17.9319, 0.999545, 0.021881, -0.020779, 0.019916, -0.020845, 0.998588, 0.048861, -0.061736, 0.021819, -0.048406, 0.998589, 0.227119, 0.000000, 0.000000, 0.000000, 1.000000, 0.021819, -0.048406, 0.998589, 0.249119, -0.999545, -0.021881, 0.020779, -0.019916, 0.020845, -0.998588, -0.048861, 0.261809, 0.000000, 0.000000, 0.000000, 1.000000, -0.999793, 0.008110, 0.018636, 0.008345, 0.019384, 0.104828, 0.994301, -0.118158, 0.006110, 0.994457, -0.104964, -0.017932, 0.000000, 0.000000, 0.000000, 1.000000
0.4357, 19.8872, -61.7143, 226.9032, 248.9032, -19.8872, 261.7877, 8.3162, -118.0523, -18.1423, 0.999546, 0.021805, -0.020796, 0.019887, -0.020743, 0.998535, 0.049986, -0.061714, 0.021855, -0.049531, 0.998533, 0.226903, 0.000000, 0.000000, 0.000000, 1.000000, 0.021855, -0.049531, 0.998533, 0.248903, -0.999546, -0.021805, 0.020796, -0.019887, 0.020743, -0.998535, -0.049986, 0.261788, 0.000000, 0.000000, 0.000000, 1.000000, -0.999789, 0.008586, 0.018658, 0.008316, 0.019434, 0.101524, 0.994643, -0.118052, 0.006646, 0.994796, -0.101669, -0.018142, 0.000000, 0.000000, 0.000000, 1.000000
0.6289, 19.7420, -61.5239, 226.0715, 248.0715, -19.7420, 261.5974, 8.3820, -118.3680, -18.2318, 0.999536, 0.021339, -0.021746, 0.019742, -0.020252, 0.998590, 0.049066, -0.061524, 0.022762, -0.048603, 0.998559, 0.226071, 0.000000, 0.000000, 0.000000, 1.000000, 0.022762, -0.048603, 0.998559, 0.248071, -0.999536, -0.021339, 0.021746, -0.019742, 0.020252, -0.998590, -0.049066, 0.261597, 0.000000, 0.000000, 0.000000, 1.000000, -0.999763, 0.009644, 0.019538, 0.008382, 0.020398, 0.099149, 0.994864, -0.118368, 0.007658, 0.995026, -0.099322, -0.018232, 0.000000, 0.000000, 0.000000, 1.000000
0.7532, 19.7029, -61.5103, 225.9932, 247.9932, -19.7029, 261.5838, 8.3655, -118.1349, -18.4640, 0.999597, 0.021933, -0.018018, 0.019703, -0.021151, 0.998873, 0.042481, -0.061510, 0.018929, -0.042082, 0.998935, 0.225993, 0.000000, 0.000000, 0.000000, 1.000000, 0.018929, -0.042082, 0.998935, 0.247993, -0.999597, -0.021933, 0.018018, -0.019703, 0.021151, -0.998873, -0.042481, 0.261584, 0.000000, 0.000000, 0.000000, 1.000000, -0.999834, 0.009415, 0.015579, 0.008366, 0.016471, 0.103515, 0.994491, -0.118135, 0.007750, 0.994583, -0.103653, -0.018464, 0.000000, 0.000000, 0.000000, 1.000000
0.9044, 19.6396, -61.2654, 225.2983, 247.2983, -19.6396, 261.3389, 8.3700, -118.4121, -18.4348, 0.999534, 0.021712, -0.021444, 0.019640, -0.020869, 0.999030, 0.038785, -0.061265, 0.022266, -0.038319, 0.999017, 0.225298, 0.000000, 0.000000, 0.000000, 1.000000, 0.022266, -0.038319, 0.999017, 0.247298, -0.999534, -0.021712, 0.021444, -0.019640, 0.020869, -0.999030, -0.038785, 0.261339, 0.000000, 0.000000, 0.000000, 1.000000, -0.999771, 0.010092, 0.018853, 0.008370, 0.019807, 0.104679, 0.994309, -0.118412, 0.008061, 0.994455, -0.104855, -0.018435, 0.000000, 0.000000, 0.000000, 1.000000
1.0257, 19.6228, -61.2092, 225.0252, 247.0252, -19.6228, 261.2827, 8.3350, -118.3732, -18.5909, 0.999523, 0.021526, -0.022137, 0.019623, -0.020629, 0.998987, 0.039987, -0.061209, 0.022975, -0.039511, 0.998955, 0.225025, 0.000000, 0.000000, 0.000000, 1.000000, 0.022975, -0.039511, 0.998955, 0.247025, -0.999523, -0.021526, 0.022137, -0.019623, 0.020629, -0.998987, -0.039987, 0.261283, 0.000000, 0.000000, 0.000000, 1.000000, -0.999752, 0.010654, 0.019549, 0.008335, 0.020530, 0.101420, 0.994632, -0.118373, 0.008614, 0.994787, -0.101614, -0.018591, 0.000000, 0.000000, 0.000000, 1.000000
1.1549, 19.5605, -61.1393, 224.6020, 246.6020, -19.5605, 261.2127, 8.3416, -118.4613, -18.7308, 0.999390, 0.023827, -0.025521, 0.019561, -0.022896, 0.999084, 0.036163, -0.061139, 0.026359, -0.035556, 0.999020, 0.224602, 0.000000, 0.000000, 0.000000, 1.000000, 0.026359, -0.035556, 0.999020, 0.246602, -0.999390, -0.023827, 0.025521, -0.019561, 0.022896, -0.999084, -0.036163, 0.261213, 0.000000, 0.000000, 0.000000, 1.000000, -0.999702, 0.008736, 0.022788, 0.008342, 0.023568, 0.103143, 0.994387, -0.118461, 0.006337, 0.994628, -0.103318, -0.018731, 0.000000, 0.000000, 0.000000, 1.000000
1.3096, 19.4495, -60.9667, 224.1082, 246.1082, -19.4495, 261.0402, 8.3893, -118.5421, -18.8148, 0.999576, 0.022504, -0.018504, 0.019449, -0.021914, 0.999264, 0.031469, -0.060967, 0.019199, -0.031051, 0.999333, 0.224108, 0.000000, 0.000000, 0.000000, 1.000000, 0.019199, -0.031051, 0.999333, 0.246108, -0.999576, -0.022504, 0.018504, -0.019449, 0.021914, -0.999264, -0.031469, 0.261040, 0.000000, 0.000000, 0.000000, 1.000000, -0.999823, 0.010523, 0.015584, 0.008389, 0.016604, 0.104987, 0.994335, -0.118542, 0.008827, 0.994418, -0.105143, -0.018815, 0.000000, 0.000000, 0.000000, 1.000000
1.4394, 19.4247, -60.8595, 223.7869, 245.7869, -19.4247, 260.9329, 8.3588, -118.5231, -18.9349, 0.999530, 0.022927, -0.020333, 0.019425, -0.022321, 0.999314, 0.029567, -0.060859, 0.020997, -0.029099, 0.999356, 0.223787, 0.000000, 0.000000, 0.000000, 1.000000, 0.020997, -0.029099, 0.999356, 0.245787, -0.999530, -0.022927, 0.020333, -0.019425, 0.022321, -0.999314, -0.029567, 0.260933, 0.000000, 0.000000, 0.000000, 1.000000, -0.999795, 0.010497, 0.017320, 0.008359, 0.018325, 0.104711, 0.994334, -0.118523, 0.008624, 0.994447, -0.104882, -0.018935, 0.000000, 0.000000, 0.000000, 1.000000
1.5636, 19.3552, -60.7918, 223.3569, 245.3569, -19.3552, 260.8653, 8.3753, -118.6310, -19.0693, 0.999527, 0.024052, -0.019165, 0.019355, -0.023353, 0.999082, 0.035901, -0.060792, 0.020010, -0.035437, 0.999172, 0.223357, 0.000000, 0.000000, 0.000000, 1.000000, 0.020010, -0.035437, 0.999172, 0.245357, -0.999527, -0.024052, 0.019165, -0.019355, 0.023353, -0.999082, -0.035901, 0.260865, 0.000000, 0.000000, 0.000000, 1.000000, -0.999819, 0.009773, 0.016339, 0.008375, 0.017204, 0.096277, 0.995206, -0.118631, 0.008153, 0.995307, -0.096428, -0.019069, 0.000000, 0.000000, 0.000000, 1.000000
1.6893, 19.3106, -60.6360, 222.7369, 244.7369, -19.3106, 260.7094, 8.3699, -118.9121, -19.0952, 0.999314, 0.025472, -0.026874, 0.019311, -0.024733, 0.999316, 0.027479, -0.060636, 0.027556, -0.026795, 0.999261, 0.222737, 0.000000, 0.000000, 0.000000, 1.000000, 0.027556, -0.026795, 0.999261, 0.244737, -0.999314, -0.025472, 0.026874, -0.019311, 0.024733, -0.999316, -0.027479, 0.260709, 0.000000, 0.000000, 0.000000, 1.000000, -0.999680, 0.008713, 0.023731, 0.008370, 0.024501, 0.102727, 0.994408, -0.118912, 0.006227, 0.994671, -0.102908, -0.019095, 0.000000, 0.000000, 0.000000, 1.000000
1.8240, 19.2924, -60.5451, 222.4150, 244.4150, -19.2924, 260.6186, 8.3311, -118.8836, -19.2432, 0.999248, 0.025331, -0.029369, 0.019292, -0.024554, 0.999346, 0.026531, -0.060545, 0.030022, -0.025790, 0.999216, 0.222415, 0.000000, 0.000000, 0.000000, 1.000000, 0.030022, -0.025790, 0.999216, 0.244415, -0.999248, -0.025331, 0.029369, -0.019292, 0.024554, -0.999346, -0.026531, 0.260619, 0.000000, 0.000000, 0.000000, 1.000000, -0.999615, 0.009262, 0.026163, 0.008331, 0.026968, 0.101426, 0.994478, -0.118884, 0.006557, 0.994800, -0.101636, -0.019243, 0.000000, 0.000000, 0.000000, 1.000000
1.9441, 19.2064, -60.4206, 222.1506, 244.1506, -19.2064, 260.4941, 8.3672, -118.8301, -19.3379, 0.999376, 0.025170, -0.024786, 0.019206, -0.024618, 0.999447, 0.022363, -0.060421, 0.025336, -0.021739, 0.999443, 0.222151, 0.000000, 0.000000, 0.000000, 1.000000, 0.025336, -0.021739, 0.999443, 0.244151, -0.999376, -0.025170, 0.024786, -0.019206, 0.024618, -0.999447, -0.022363, 0.260494, 0.000000, 0.000000, 0.000000, 1.000000, -0.999723, 0.009780, 0.021411, 0.008367, 0.022308, 0.103404, 0.994389, -0.118830, 0.007511, 0.994591, -0.103593, -0.019338, 0.000000, 0.000000, 0.000000, 1.000000
2.0834, 19.1308, -60.3758, 221.8499, 243.8499, -19.1308, 260.4492, 8.3815, -118.7748, -19.5468, 0.999426, 0.025220, -0.022598, 0.019131, -0.024690, 0.999421, 0.023423, -0.060376, 0.023176, -0.022852, 0.999470, 0.221850, 0.000000, 0.000000, 0.000000, 1.000000, 0.023176, -0.022852, 0.999470, 0.243850, -0.999426, -0.025220, 0.022598, -0.019131, 0.024690, -0.999421, -0.023423, 0.260449, 0.000000, 0.000000, 0.000000, 1.000000, -0.999763, 0.010163, 0.019231, 0.008382, 0.020151, 0.099915, 0.994792, -0.118775, 0.008188, 0.994944, -0.100096, -0.019547, 0.000000, 0.000000, 0.000000, 1.000000
2.2353, 19.0648, -60.2625, 221.3536, 243.3536, -19.0648, 260.3360, 8.3827, -118.8739, -19.6905, 0.999434, 0.025877, -0.021503, 0.019065, -0.025431, 0.999461, 0.020751, -0.060263, 0.022028, -0.020192, 0.999553, 0.221354, 0.000000, 0.000000, 0.000000, 1.000000, 0.022028, -0.020192, 0.999553, 0.243354, -0.999434, -0.025877, 0.021503, -0.019065, 0.025431, -0.999461, -0.020751, 0.260336, 0.000000, 0.000000, 0.000000, 1.000000, -0.999788, 0.009965, 0.018016, 0.008383, 0.018922, 0.099965, 0.994811, -0.118874, 0.008112, 0.994941, -0.100132, -0.019690, 0.000000, 0.000000, 0.000000, 1.000000
2.3669, 19.0079, -60.0741, 220.7963, 242.7963, -19.0079, 260.1475, 8.3888, -119.0751, -19.7117, 0.999421, 0.025601, -0.022429, 0.019008, -0.025139, 0.999471, 0.020624, -0.060074, 0.022945, -0.020048, 0.999536, 0.220796, 0.000000, 0.000000, 0.000000, 1.000000, 0.022945, -0.020048, 0.999536, 0.242796, -0.999421, -0.025601, 0.022429, -0.019008, 0.025139, -0.999471, -0.020624, 0.260148, 0.000000, 0.000000, 0.000000, 1.000000, -0.999765, 0.010646, 0.018902, 0.008389, 0.019854, 0.097859, 0.995002, -0.119075, 0.008743, 0.995143, -0.098048, -0.019712, 0.000000, 0.000000, 0.000000, 1.000000
2.5367, 18.9316, -59.8752, 220.1754, 242.1754, -18.9316, 259.9487, 8.3972, -119.2431, -19.7970, 0.999386, 0.026170, -0.023286, 0.018932, -0.025831, 0.999557, 0.014767, -0.059875, 0.023662, -0.014157, 0.999620, 0.220175, 0.000000, 0.000000, 0.000000, 1.000000, 0.023662, -0.014157, 0.999620, 0.242175, -0.999386, -0.026170, 0.023286, -0.018932, 0.025831, -0.999557, -0.014767, 0.259949, 0.000000, 0.000000, 0.000000, 1.000000, -0.999754, 0.010573, 0.019508, 0.008397, 0.020476, 0.100817, 0.994694, -0.119243, 0.008551, 0.994849, -0.101008, -0.019797, 0.000000, 0.000000, 0.000000, 1.000000
2.6864, 18.8627, -59.8163, 219.9801, 241.9801, -18.8627, 259.8898, 8.3994, -119.0557, -20.0300, 0.999487, 0.025943, -0.018798, 0.018863, -0.025748, 0.999613, 0.010534, -0.059816, 0.019064, -0.010044, 0.999768, 0.219980, 0.000000, 0.000000, 0.000000, 1.000000, 0.019064, -0.010044, 0.999768, 0.241980, -0.999487, -0.025943, 0.018798, -0.018863, 0.025748, -0.999613, -0.010534, 0.259890, 0.000000, 0.000000, 0.000000, 1.000000, -0.999827, 0.011249, 0.014835, 0.008399, 0.015909, 0.102353, 0.994621, -0.119056, 0.009670, 0.994685, -0.102514, -0.020030, 0.000000, 0.000000, 0.000000, 1.000000
2.8202, 18.7842, -59.5934, 219.2315, 241.2315, -18.7842, 259.6668, 8.4276, -119.4391, -20.0059, 0.999423, 0.027133, -0.020412, 0.018784, -0.026905, 0.999574, 0.011335, -0.059593, 0.020711, -0.010779, 0.999727, 0.219232, 0.000000, 0.000000, 0.000000, 1.000000, 0.020711, -0.010779, 0.999727, 0.241232, -0.999423, -0.027133, 0.020412, -0.018784, 0.026905, -0.999574, -0.011335, 0.259667, 0.000000, 0.000000, 0.000000, 1.000000, -0.999810, 0.010474, 0.016448, 0.008428, 0.017408, 0.099331, 0.994902, -0.119439, 0.008787, 0.994999, -0.099495, -0.020006, 0.000000, 0.000000, 0.000000, 1.000000
2.9867, 18.7510, -59.5379, 219.1335, 241.1335, -18.7510, 259.6114, 8.3872, -119.1121, -20.2871, 0.999271, 0.028422, -0.025481, 0.018751, -0.028270, 0.999581, 0.006272, -0.059538, 0.025649, -0.005547, 0.999656, 0.219134, 0.000000, 0.000000, 0.000000, 1.000000, 0.025649, -0.005547, 0.999656, 0.241134, -0.999271, -0.028422, 0.025481, -0.018751, 0.028270, -0.999581, -0.006272, 0.259611, 0.000000, 0.000000, 0.000000, 1.000000, -0.999727, 0.009675, 0.021279, 0.008387, 0.022153, 0.101687, 0.994570, -0.119112, 0.007459, 0.994769, -0.101873, -0.020287, 0.000000, 0.000000, 0.000000, 1.000000
3.1630, 18.6969, -59.3957, 218.4785, 240.4785, -18.6969, 259.4692, 8.3671, -119.3052, -20.4440, 0.999181, 0.029140, -0.028062, 0.018697, -0.029113, 0.999575, 0.001389, -0.059396, 0.028091, -0.000571, 0.999605, 0.218479, 0.000000, 0.000000, 0.000000, 1.000000, 0.028091, -0.000571, 0.999605, 0.240479, -0.999181, -0.029140, 0.028062, -0.018697, 0.029113, -0.999575, -0.001389, 0.259469, 0.000000, 0.000000, 0.000000, 1.000000, -0.999676, 0.009478, 0.023640, 0.008367, 0.024495, 0.103622, 0.994315, -0.119305, 0.006975, 0.994572, -0.103821, -0.020444, 0.000000, 0.000000, 0.000000, 1.000000
3.3269, 18.5408, -59.1369, 217.7547, 239.7547, -18.5408, 259.2103, 8.4612, -119.5859, -20.4591, 0.999181, 0.029504, -0.027700, 0.018541, -0.029501, 0.999565, 0.000516, -0.059137, 0.027704, 0.000301, 0.999616, 0.217755, 0.000000, 0.000000, 0.000000, 1.000000, 0.027704, 0.000301, 0.999616, 0.239755, -0.999181, -0.029504, 0.027700, -0.018541, 0.029501, -0.999565, -0.000516, 0.259210, 0.000000, 0.000000, 0.000000, 1.000000, -0.999685, 0.009614, 0.023200, 0.008461, 0.024058, 0.101688, 0.994525, -0.119586, 0.007203, 0.994770, -0.101887, -0.020459, 0.000000, 0.000000, 0.000000, 1.000000
3.5000, 18.4971, -59.1017, 217.5803, 239.5803, -18.4971, 259.1752, 8.4254, -119.3197, -20.7683, 0.999300, 0.029778, -0.022663, 0.018497, -0.029858, 0.999549, -0.003230, -0.059102, 0.022557, 0.003905, 0.999738, 0.217580, 0.000000, 0.000000, 0.000000, 1.000000, 0.022557, 0.003905, 0.999738, 0.239580, -0.999300, -0.029778, 0.022663, -0.018497, 0.029858, -0.999549, 0.003230, 0.259175, 0.000000, 0.000000, 0.000000, 1.000000, -0.999789, 0.009855, 0.017996, 0.008425, 0.018911, 0.102312, 0.994573, -0.119320, 0.007960, 0.994704, -0.102477, -0.020768, 0.000000, 0.000000, 0.000000, 1.000000
3.6363, 18.4506, -58.9184, 217.1321, 239.1321, -18.4506, 258.9918, 8.4189, -119.4041, -20.8271, 0.999294, 0.030006, -0.022625, 0.018451, -0.030231, 0.999496, -0.009636, -0.058918, 0.022325, 0.010313, 0.999698, 0.217132, 0.000000, 0.000000, 0.000000, 1.000000, 0.022325, 0.010313, 0.999698, 0.239132, -0.999294, -0.030006, 0.022625, -0.018451, 0.030231, -0.999496, 0.009636, 0.258992, 0.000000, 0.000000, 0.000000, 1.000000, -0.999794, 0.010014, 0.017664, 0.008419, 0.018630, 0.106358, 0.994153, -0.119404, 0.008076, 0.994278, -0.106522, -0.020827, 0.000000, 0.000000, 0.000000, 1.000000
3.7611, 18.4177, -58.7600, 216.6921, 238.6921, -18.4177, 258.8335, 8.4021, -119.5121, -20.8885, 0.999215, 0.030736, -0.025001, 0.018418, -0.031040, 0.999448, -0.011855, -0.058760, 0.024623, 0.012622, 0.999617, 0.216692, 0.000000, 0.000000, 0.000000, 1.000000, 0.024623, 0.012622, 0.999617, 0.238692, -0.999215, -0.030736, 0.025001, -0.018418, 0.031040, -0.999448, 0.011855, 0.258833, 0.000000, 0.000000, 0.000000, 1.000000, -0.999755, 0.009657, 0.019920, 0.008402, 0.020836, 0.106519, 0.994092, -0.119512, 0.007478, 0.994264, -0.106694, -0.020889, 0.000000, 0.000000, 0.000000, 1.000000
3.9138, 18.3248, -58.5890, 216.0833, 238.0833, -18.3248, 258.6624, 8.4337, -119.7167, -20.9835, 0.999245, 0.029951, -0.024758, 0.018325, -0.030269, 0.999463, -0.012559, -0.058589, 0.024369, 0.013299, 0.999615, 0.216083, 0.000000, 0.000000, 0.000000, 1.000000, 0.024369, 0.013299, 0.999615, 0.238083, -0.999245, -0.029951, 0.024758, -0.018325, 0.030269, -0.999463, 0.012559, 0.258662, 0.000000, 0.000000, 0.000000, 1.000000, -0.999748, 0.010908, 0.019613, 0.008434, 0.020648, 0.104586, 0.994302, -0.119717, 0.008795, 0.994456, -0.104785, -0.020984, 0.000000, 0.000000, 0.000000, 1.000000
4.0392, 18.2668, -58.5425, 215.8374, 237.8374, -18.2668, 258.6159, 8.4348, -119.6408, -21.1796, 0.999302, 0.029288, -0.023185, 0.018267, -0.029593, 0.999479, -0.012919, -0.058542, 0.022794, 0.013596, 0.999648, 0.215837, 0.000000, 0.000000, 0.000000, 1.000000, 0.022794, 0.013596, 0.999648, 0.237837, -0.999302, -0.029288, 0.023185, -0.018267, 0.029593, -0.999479, 0.012919, 0.258616, 0.000000, 0.000000, 0.000000, 1.000000, -0.999766, 0.011961, 0.018006, 0.008435, 0.019141, 0.102742, 0.994524, -0.119641, 0.010045, 0.994636, -0.102947, -0.021180, 0.000000, 0.000000, 0.000000, 1.000000
4.1647, 18.2316, -58.4829, 215.7453, 237.7453, -18.2316, 258.5564, 8.4153, -119.4096, -21.3745, 0.999322, 0.030448, -0.020692, 0.018232, -0.030875, 0.999311, -0.020619, -0.058483, 0.020050, 0.021243, 0.999573, 0.215745, 0.000000, 0.000000, 0.000000, 1.000000, 0.020050, 0.021243, 0.999573, 0.237745, -0.999322, -0.030448, 0.020692, -0.018232, 0.030875, -0.999311, 0.020619, 0.258556, 0.000000, 0.000000, 0.000000, 1.000000, -0.999823, 0.011144, 0.015160, 0.008415, 0.016277, 0.108200, 0.993996, -0.119410, 0.009437, 0.994067, -0.108362, -0.021375, 0.000000, 0.000000, 0.000000, 1.000000
4.2818, 18.1684, -58.3053, 215.2386, 237.2386, -18.1684, 258.3787, 8.4336, -119.6024, -21.4003, 0.999252, 0.031508, -0.022424, 0.018168, -0.031964, 0.999284, -0.020240, -0.058305, 0.021770, 0.020941, 0.999544, 0.215239, 0.000000, 0.000000, 0.000000, 1.000000, 0.021770, 0.020941, 0.999544, 0.237239, -0.999252, -0.031508, 0.022424, -0.018168, 0.031964, -0.999284, 0.020240, 0.258379, 0.000000, 0.000000, 0.000000, 1.000000, -0.999803, 0.010446, 0.016879, 0.008434, 0.017891, 0.105896, 0.994216, -0.119602, 0.008598, 0.994322, -0.106062, -0.021400, 0.000000, 0.000000, 0.000000, 1.000000
4.4033, 18.1557, -58.1287, 214.7027, 236.7027, -18.1557, 258.2021, 8.3996, -119.8137, -21.4330, 0.999067, 0.032573, -0.028358, 0.018156, -0.033163, 0.999238, -0.020596, -0.058129, 0.027665, 0.021517, 0.999386, 0.214703, 0.000000, 0.000000, 0.000000, 1.000000, 0.027665, 0.021517, 0.999386, 0.236703, -0.999067, -0.032573, 0.028358, -0.018156, 0.033163, -0.999238, 0.020596, 0.258202, 0.000000, 0.000000, 0.000000, 1.000000, -0.999693, 0.009751, 0.022764, 0.008400, 0.023659, 0.104388, 0.994255, -0.119814, 0.007319, 0.994489, -0.104587, -0.021433, 0.000000, 0.000000, 0.000000, 1.000000
4.5277, 18.1072, -58.0134, 214.1928, 236.1928, -18.1072, 258.0868, 8.3973, -119.9972, -21.5379, 0.999101, 0.032313, -0.027434, 0.018107, -0.032848, 0.999274, -0.019291, -0.058013, 0.026790, 0.020175, 0.999437, 0.214193, 0.000000, 0.000000, 0.000000, 1.000000, 0.026790, 0.020175, 0.999437, 0.236193, -0.999101, -0.032313, 0.027434, -0.018107, 0.032848, -0.999274, 0.019291, 0.258087, 0.000000, 0.000000, 0.000000, 1.000000, -0.999707, 0.010402, 0.021869, 0.008397, 0.022808, 0.100929, 0.994632, -0.119997, 0.008139, 0.994839, -0.101137, -0.021538, 0.000000, 0.000000, 0.000000, 1.000000
4.6466, 18.0131, -57.9309, 213.9280, 235.9280, -18.0131, 258.0044, 8.4411, -119.9528, -21.6869, 0.999110, 0.033906, -0.025078, 0.018013, -0.034515, 0.999110, -0.024247, -0.057931, 0.024234, 0.025091, 0.999391, 0.213928, 0.000000, 0.000000, 0.000000, 1.000000, 0.024234, 0.025091, 0.999391, 0.235928, -0.999110, -0.033906, 0.025078, -0.018013, 0.034515, -0.999110, 0.024247, 0.258004, 0.000000, 0.000000, 0.000000, 1.000000, -0.999772, 0.009142, 0.019277, 0.008441, 0.020122, 0.103782, 0.994396, -0.119953, 0.007091, 0.994558, -0.103943, -0.021687, 0.000000, 0.000000, 0.000000, 1.000000
4.7586, 17.9376, -57.8010, 213.4904, 235.4904, -17.9376, 257.8745, 8.4719, -120.0944, -21.7607, 0.999152, 0.032943, -0.024682, 0.017938, -0.033562, 0.999122, -0.025075, -0.057801, 0.023834, 0.025882, 0.999381, 0.213490, 0.000000, 0.000000, 0.000000, 1.000000, 0.023834, 0.025882, 0.999381, 0.235490, -0.999152, -0.032943, 0.024682, -0.017938, 0.033562, -0.999122, 0.025075, 0.257874, 0.000000, 0.000000, 0.000000, 1.000000, -0.999768, 0.010446, 0.018820, 0.008472, 0.019794, 0.102659, 0.994520, -0.120094, 0.008457, 0.994662, -0.102842, -0.021761, 0.000000, 0.000000, 0.000000, 1.000000
4.8700, 17.9031, -57.7449, 213.2280, 235.2280, -17.9031, 257.8184, 8.4570, -120.0688, -21.9192, 0.999208, 0.032753, -0.022588, 0.017903, -0.033310, 0.999139, -0.024730, -0.057745, 0.021759, 0.025462, 0.999439, 0.213228, 0.000000, 0.000000, 0.000000, 1.000000, 0.021759, 0.025462, 0.999439, 0.235228, -0.999208, -0.032753, 0.022588, -0.017903, 0.033310, -0.999139, 0.024730, 0.257818, 0.000000, 0.000000, 0.000000, 1.000000, -0.999800, 0.010982, 0.016726, 0.008457, 0.017745, 0.100338, 0.994795, -0.120069, 0.009247, 0.994893, -0.100513, -0.021919, 0.000000, 0.000000, 0.000000, 1.000000
4.9871, 17.9080, -57.6102, 212.9884, 234.9884, -17.9080, 257.6837, 8.4053, -119.9999, -22.0116, 0.999125, 0.032647, -0.026135, 0.017908, -0.033357, 0.999073, -0.027212, -0.057610, 0.025222, 0.028060, 0.999288, 0.212988, 0.000000, 0.000000, 0.000000, 1.000000, 0.025222, 0.028060, 0.999288, 0.234988, -0.999125, -0.032647, 0.026135, -0.017908, 0.033357, -0.999073, 0.027212, 0.257684, 0.000000, 0.000000, 0.000000, 1.000000, -0.999732, 0.011433, 0.020128, 0.008405, 0.021180, 0.100922, 0.994669, -0.120000, 0.009341, 0.994829, -0.101137, -0.022012, 0.000000, 0.000000, 0.000000, 1.000000
5.1102, 17.7895, -57.3927, 212.4272, 234.4272, -17.7895, 257.4661, 8.4783, -120.2309, -22.0168, 0.999139, 0.033532, -0.024430, 0.017790, -0.034251, 0.998973, -0.029650, -0.057393, 0.023411, 0.030461, 0.999262, 0.212427, 0.000000, 0.000000, 0.000000, 1.000000, 0.023411, 0.030461, 0.999262, 0.234427, -0.999139, -0.033532, 0.024430, -0.017790, 0.034251, -0.998973, 0.029650, 0.257466, 0.000000, 0.000000, 0.000000, 1.000000, -0.999773, 0.010912, 0.018290, 0.008478, 0.019301, 0.101206, 0.994678, -0.120231, 0.009003, 0.994806, -0.101393, -0.022017, 0.000000, 0.000000, 0.000000, 1.000000
5.2370, 17.7694, -57.3419, 212.3586, 234.3586, -17.7694, 257.4154, 8.4416, -119.9730, -22.2273, 0.999062, 0.034568, -0.026064, 0.017769, -0.035565, 0.998614, -0.038805, -0.057342, 0.024687, 0.039695, 0.998907, 0.212359, 0.000000, 0.000000, 0.000000, 1.000000, 0.024687, 0.039695, 0.998907, 0.234359, -0.999062, -0.034568, 0.026064, -0.017769, 0.035565, -0.998614, 0.038805, 0.257415, 0.000000, 0.000000, 0.000000, 1.000000, -0.999758, 0.010206, 0.019485, 0.008442, 0.020476, 0.108224, 0.993916, -0.119973, 0.008036, 0.994074, -0.108407, -0.022227, 0.000000, 0.000000, 0.000000, 1.000000
5.3501, 17.6893, -57.2041, 211.8174, 233.8174, -17.6893, 257.2775, 8.4774, -120.2152, -22.2933, 0.999130, 0.034191, -0.023895, 0.017689, -0.035041, 0.998732, -0.036132, -0.057204, 0.022630, 0.036938, 0.999061, 0.211817, 0.000000, 0.000000, 0.000000, 1.000000, 0.022630, 0.036938, 0.999061, 0.233817, -0.999130, -0.034191, 0.023895, -0.017689, 0.035041, -0.998732, 0.036132, 0.257278, 0.000000, 0.000000, 0.000000, 1.000000, -0.999788, 0.010951, 0.017412, 0.008477, 0.018453, 0.103549, 0.994453, -0.120215, 0.009087, 0.994564, -0.103729, -0.022293, 0.000000, 0.000000, 0.000000, 1.000000
5.4723, 17.6580, -57.1090, 211.7299, 233.7299, -17.6580, 257.1824, 8.4560, -119.9846, -22.4494, 0.999095, 0.034969, -0.024225, 0.017658, -0.035983, 0.998437, -0.042762, -0.057109, 0.022692, 0.043594, 0.998792, 0.211730, 0.000000, 0.000000, 0.000000, 1.000000, 0.022692, 0.043594, 0.998792, 0.233730, -0.999095, -0.034969, 0.024225, -0.017658, 0.035983, -0.998437, 0.042762, 0.257182, 0.000000, 0.000000, 0.000000, 1.000000, -0.999793, 0.010503, 0.017412, 0.008456, 0.018446, 0.108083, 0.993971, -0.119985, 0.008558, 0.994086, -0.108255, -0.022449, 0.000000, 0.000000, 0.000000, 1.000000
5.5793, 17.6180, -56.9562, 211.2587, 233.2587, -17.6180, 257.0296, 8.4550, -120.1721, -22.4925, 0.999049, 0.034572, -0.026575, 0.017618, -0.035616, 0.998570, -0.039878, -0.056956, 0.025158, 0.040786, 0.998851, 0.211259, 0.000000, 0.000000, 0.000000, 1.000000, 0.025158, 0.040786, 0.998851, 0.233259, -0.999049, -0.034572, 0.026575, -0.017618, 0.035616, -0.998570, 0.039878, 0.257030, 0.000000, 0.000000, 0.000000, 1.000000, -0.999739, 0.011249, 0.019866, 0.008455, 0.020925, 0.103462, 0.994413, -0.120172, 0.009131, 0.994570, -0.103671, -0.022492, 0.000000, 0.000000, 0.000000, 1.000000
5.6887, 17.6050, -56.8703, 210.9164, 232.9164, -17.6050, 256.9438, 8.4231, -120.2289, -22.6151, 0.998966, 0.034688, -0.029377, 0.017605, -0.035876, 0.998518, -0.040926, -0.056870, 0.027914, 0.041938, 0.998730, 0.210916, 0.000000, 0.000000, 0.000000, 1.000000, 0.027914, 0.041938, 0.998730, 0.232916, -0.998966, -0.034688, 0.029377, -0.017605, 0.035876, -0.998518, 0.040926, 0.256944, 0.000000, 0.000000, 0.000000, 1.000000, -0.999679, 0.011462, 0.022586, 0.008423, 0.023645, 0.102739, 0.994427, -0.120229, 0.009077, 0.994642, -0.102977, -0.022615, 0.000000, 0.000000, 0.000000, 1.000000
5.8333, 17.5649, -56.6782, 210.5471, 232.5471, -17.5649, 256.7516, 8.4044, -120.2171, -22.7067, 0.998959, 0.036690, -0.027100, 0.017565, -0.038121, 0.997797, -0.054302, -0.056678, 0.025048, 0.055278, 0.998157, 0.210547, 0.000000, 0.000000, 0.000000, 1.000000, 0.025048, 0.055278, 0.998157, 0.232547, -0.998959, -0.036690, 0.027100, -0.017565, 0.038121, -0.997797, 0.054302, 0.256752, 0.000000, 0.000000, 0.000000, 1.000000, -0.999758, 0.009812, 0.019664, 0.008404, 0.020652, 0.113540, 0.993319, -0.120217, 0.007514, 0.993485, -0.113715, -0.022707, 0.000000, 0.000000, 0.000000, 1.000000
5.9515, 17.4813, -56.5463, 209.9847, 231.9847, -17.4813, 256.6198, 8.4412, -120.4686, -22.7943, 0.998979, 0.035730, -0.027650, 0.017481, -0.037024, 0.998171, -0.047795, -0.056546, 0.025891, 0.048770, 0.998474, 0.209985, 0.000000, 0.000000, 0.000000, 1.000000, 0.025891, 0.048770, 0.998474, 0.231985, -0.998979, -0.035730, 0.027650, -0.017481, 0.037024, -0.998171, 0.047795, 0.256620, 0.000000, 0.000000, 0.000000, 1.000000, -0.999728, 0.011184, 0.020488, 0.008441, 0.021551, 0.105048, 0.994234, -0.120469, 0.008967, 0.994404, -0.105260, -0.022794, 0.000000, 0.000000, 0.000000, 1.000000
6.0750, 17.4166, -56.4077, 209.5764, 231.5764, -17.4166, 256.4812, 8.4572, -120.5526, -22.8954, 0.999045, 0.035711, -0.025167, 0.017417, -0.036834, 0.998278, -0.045664, -0.056408, 0.023493, 0.046547, 0.998640, 0.209576, 0.000000, 0.000000, 0.000000, 1.000000, 0.023493, 0.046547, 0.998640, 0.231576, -0.999045, -0.035711, 0.025167, -0.017417, 0.036834, -0.998278, 0.045664, 0.256481, 0.000000, 0.000000, 0.000000, 1.000000, -0.999769, 0.011598, 0.018073, 0.008457, 0.019151, 0.100724, 0.994730, -0.120553, 0.009717, 0.994847, -0.100923, -0.022895, 0.000000, 0.000000, 0.000000, 1.000000
6.1849, 17.3682, -56.3422, 209.4176, 231.4176, -17.3682, 256.4156, 8.4567, -120.4263, -23.0542, 0.999077, 0.035774, -0.023788, 0.017368, -0.036879, 0.998179, -0.047744, -0.056342, 0.022037, 0.048577, 0.998576, 0.209418, 0.000000, 0.000000, 0.000000, 1.000000, 0.022037, 0.048577, 0.998576, 0.231418, -0.999077, -0.035774, 0.023788, -0.017368, 0.036879, -0.998179, 0.047744, 0.256416, 0.000000, 0.000000, 0.000000, 1.000000, -0.999792, 0.011860, 0.016581, 0.008457, 0.017694, 0.100868, 0.994742, -0.120426, 0.010125, 0.994829, -0.101057, -0.023054, 0.000000, 0.000000, 0.000000, 1.000000
6.3077, 17.2733, -56.1281, 208.7913, 230.7913, -17.2733, 256.2015, 8.5075, -120.7258, -23.0707, 0.998997, 0.036942, -0.025322, 0.017273, -0.038072, 0.998231, -0.045672, -0.056128, 0.023590, 0.046590, 0.998635, 0.208791, 0.000000, 0.000000, 0.000000, 1.000000, 0.023590, 0.046590, 0.998635, 0.230791, -0.998997, -0.036942, 0.025322, -0.017273, 0.038072, -0.998231, 0.045672, 0.256202, 0.000000, 0.000000, 0.000000, 1.000000, -0.999773, 0.011080, 0.018187, 0.008507, 0.019175, 0.096783, 0.995121, -0.120726, 0.009266, 0.995244, -0.096974, -0.023071, 0.000000, 0.000000, 0.000000, 1.000000
6.4222, 17.2347, -56.0021, 208.6001, 230.6001, -17.2347, 256.0756, 8.4990, -120.6171, -23.1778, 0.998910, 0.037678, -0.027569, 0.017235, -0.039192, 0.997626, -0.056626, -0.056002, 0.025370, 0.057645, 0.998015, 0.208600, 0.000000, 0.000000, 0.000000, 1.000000, 0.025370, 0.057645, 0.998015, 0.230600, -0.998910, -0.037678, 0.027569, -0.017235, 0.039192, -0.997626, 0.056626, 0.256076, 0.000000, 0.000000, 0.000000, 1.000000, -0.999746, 0.010614, 0.019879, 0.008499, 0.020891, 0.105836, 0.994164, -0.120617, 0.008448, 0.994327, -0.106031, -0.023178, 0.000000, 0.000000, 0.000000, 1.000000
6.5263, 17.2150, -55.8913, 208.4551, 230.4551, -17.2150, 255.9648, 8.4747, -120.4896, -23.2798, 0.998999, 0.038092, -0.023466, 0.017215, -0.039525, 0.997168, -0.063976, -0.055891, 0.020963, 0.064840, 0.997675, 0.208455, 0.000000, 0.000000, 0.000000, 1.000000, 0.020963, 0.064840, 0.997675, 0.230455, -0.998999, -0.038092, 0.023466, -0.017215, 0.039525, -0.997168, 0.063976, 0.255965, 0.000000, 0.000000, 0.000000, 1.000000, -0.999827, 0.010465, 0.015406, 0.008475, 0.016475, 0.111222, 0.993659, -0.120490, 0.008685, 0.993741, -0.111375, -0.023280, 0.000000, 0.000000, 0.000000, 1.000000
6.6562, 17.1641, -55.8097, 208.1202, 230.1202, -17.1641, 255.8832, 8.4708, -120.4869, -23.4579, 0.998997, 0.037135, -0.025018, 0.017164, -0.038619, 0.997347, -0.061698, -0.055810, 0.022661, 0.062602, 0.997781, 0.208120, 0.000000, 0.000000, 0.000000, 1.000000, 0.022661, 0.062602, 0.997781, 0.230120, -0.998997, -0.037135, 0.025018, -0.017164, 0.038619, -0.997347, 0.061698, 0.255883, 0.000000, 0.000000, 0.000000, 1.000000, -0.999785, 0.011838, 0.017029, 0.008471, 0.018196, 0.106780, 0.994116, -0.120487, 0.009950, 0.994212, -0.106972, -0.023458, 0.000000, 0.000000, 0.000000, 1.000000
6.7808, 17.1001, -55.7234, 207.7098, 229.7098, -17.1001, 255.7968, 8.4812, -120.5728, -23.6183, 0.999029, 0.036702, -0.024373, 0.017100, -0.038073, 0.997568, -0.058381, -0.055723, 0.022171, 0.059252, 0.997997, 0.207710, 0.000000, 0.000000, 0.000000, 1.000000, 0.022171, 0.059252, 0.997997, 0.229710, -0.999029, -0.036702, 0.024373, -0.017100, 0.038073, -0.997568, 0.058381, 0.255797, 0.000000, 0.000000, 0.000000, 1.000000, -0.999783, 0.012683, 0.016527, 0.008481, 0.017728, 0.101315, 0.994696, -0.120573, 0.010941, 0.994774, -0.101518, -0.023618, 0.000000, 0.000000, 0.000000, 1.000000
6.9148, 17.0806, -55.4344, 207.1815, 229.1815, -17.0806, 255.5078, 8.4552, -120.7441, -23.5906, 0.998813, 0.038147, -0.030285, 0.017081, -0.040170, 0.996790, -0.069259, -0.055434, 0.027546, 0.070393, 0.997139, 0.207182, 0.000000, 0.000000, 0.000000, 1.000000, 0.027546, 0.070393, 0.997139, 0.229182, -0.998813, -0.038147, 0.030285, -0.017081, 0.040170, -0.996790, 0.069259, 0.255508, 0.000000, 0.000000, 0.000000, 1.000000, -0.999694, 0.011557, 0.021853, 0.008455, 0.022994, 0.110121, 0.993652, -0.120744, 0.009077, 0.993851, -0.110353, -0.023591, 0.000000, 0.000000, 0.000000, 1.000000
7.0247, 17.0572, -55.3112, 206.7361, 228.7361, -17.0572, 255.3846, 8.4349, -120.9018, -23.6824, 0.998780, 0.038319, -0.031154, 0.017057, -0.040322, 0.996975, -0.066446, -0.055311, 0.028514, 0.067621, 0.997304, 0.206736, 0.000000, 0.000000, 0.000000, 1.000000, 0.028514, 0.067621, 0.997304, 0.228736, -0.998780, -0.038319, 0.031154, -0.017057, 0.040322, -0.996975, 0.066446, 0.255385, 0.000000, 0.000000, 0.000000, 1.000000, -0.999670, 0.011747, 0.022836, 0.008435, 0.023949, 0.105481, 0.994133, -0.120902, 0.009270, 0.994352, -0.105728, -0.023682, 0.000000, 0.000000, 0.000000, 1.000000
7.1488, 16.9826, -55.1898, 206.3473, 228.3473, -16.9826, 255.2632, 8.4577, -120.9663, -23.8118, 0.998716, 0.040031, -0.031060, 0.016983, -0.042134, 0.996636, -0.070295, -0.055190, 0.028142, 0.071514, 0.997043, 0.206347, 0.000000, 0.000000, 0.000000, 1.000000, 0.028142, 0.071514, 0.997043, 0.228347, -0.998716, -0.040031, 0.031060, -0.016983, 0.042134, -0.996636, 0.070295, 0.255263, 0.000000, 0.000000, 0.000000, 1.000000, -0.999692, 0.010383, 0.022527, 0.008458, 0.023511, 0.107233, 0.993956, -0.120966, 0.007905, 0.994180, -0.107444, -0.023812, 0.000000, 0.000000, 0.000000, 1.000000
7.2659, 16.9131, -55.0781, 206.0239, 228.0239, -16.9131, 255.1515, 8.4788, -120.9836, -23.9391, 0.998834, 0.039879, -0.027228, 0.016913, -0.041701, 0.996672, -0.070040, -0.055078, 0.024344, 0.071094, 0.997173, 0.206024, 0.000000, 0.000000, 0.000000, 1.000000, 0.024344, 0.071094, 0.997173, 0.228024, -0.998834, -0.039879, 0.027228, -0.016913, 0.041701, -0.996672, 0.070040, 0.255152, 0.000000, 0.000000, 0.000000, 1.000000, -0.999766, 0.010900, 0.018684, 0.008479, 0.019725, 0.104815, 0.994296, -0.120984, 0.008880, 0.994432, -0.105006, -0.023939, 0.000000, 0.000000, 0.000000, 1.000000
7.3839, 16.8737, -54.9689, 205.8133, 227.8133, -16.8737, 255.0424, 8.4698, -120.8862, -24.0735, 0.998829, 0.039503, -0.027915, 0.016874, -0.041392, 0.996639, -0.070698, -0.054969, 0.025029, 0.071770, 0.997107, 0.205813, 0.000000, 0.000000, 0.000000, 1.000000, 0.025029, 0.071770, 0.997107, 0.227813, -0.998829, -0.039503, 0.027915, -0.016874, 0.041392, -0.996639, 0.070698, 0.255042, 0.000000, 0.000000, 0.000000, 1.000000, -0.999746, 0.011632, 0.019303, 0.008470, 0.020404, 0.103475, 0.994423, -0.120886, 0.009570, 0.994564, -0.103686, -0.024073, 0.000000, 0.000000, 0.000000, 1.000000
7.5129, 16.7615, -54.6985, 205.0679, 227.0679, -16.7615, 254.7719, 8.5373, -121.2900, -24.0582, 0.998841, 0.040574, -0.025875, 0.016762, -0.042338, 0.996527, -0.071703, -0.054698, 0.022876, 0.072716, 0.997090, 0.205068, 0.000000, 0.000000, 0.000000, 1.000000, 0.022876, 0.072716, 0.997090, 0.227068, -0.998841, -0.040574, 0.025875, -0.016762, 0.042338, -0.996527, 0.071703, 0.254772, 0.000000, 0.000000, 0.000000, 1.000000, -0.999792, 0.010950, 0.017192, 0.008537, 0.018223, 0.102209, 0.994596, -0.121290, 0.009134, 0.994703, -0.102387, -0.024058, 0.000000, 0.000000, 0.000000, 1.000000
7.6260, 16.7607, -54.6145, 204.9339, 226.9339, -16.7607, 254.6880, 8.4903, -121.1295, -24.2092, 0.998660, 0.041294, -0.031181, 0.016761, -0.043511, 0.996298, -0.074137, -0.054615, 0.028004, 0.075394, 0.996760, 0.204934, 0.000000, 0.000000, 0.000000, 1.000000, 0.028004, 0.075394, 0.996760, 0.226934, -0.998660, -0.041294, 0.031181, -0.016761, 0.043511, -0.996298, 0.074137, 0.254688, 0.000000, 0.000000, 0.000000, 1.000000, -0.999695, 0.010554, 0.022332, 0.008490, 0.023301, 0.102944, 0.994414, -0.121129, 0.008196, 0.994631, -0.103159, -0.024209, 0.000000, 0.000000, 0.000000, 1.000000
7.7693, 16.7143, -54.5702, 204.8096, 226.8096, -16.7143, 254.6437, 8.4709, -120.8827, -24.4666, 0.998819, 0.040585, -0.026712, 0.016714, -0.042536, 0.996121, -0.077026, -0.054570, 0.023482, 0.078072, 0.996671, 0.204810, 0.000000, 0.000000, 0.000000, 1.000000, 0.023482, 0.078072, 0.996671, 0.226810, -0.998819, -0.040585, 0.026712, -0.016714, 0.042536, -0.996121, 0.077026, 0.254644, 0.000000, 0.000000, 0.000000, 1.000000, -0.999775, 0.011684, 0.017687, 0.008471, 0.018799, 0.103172, 0.994486, -0.120883, 0.009794, 0.994595, -0.103368, -0.024467, 0.000000, 0.000000, 0.000000, 1.000000
7.8913, 16.7015, -54.4010, 204.4082, 226.4082, -16.7015, 254.4744, 8.4357, -120.9645, -24.5451, 0.998578, 0.041444, -0.033537, 0.016702, -0.043987, 0.995900, -0.079049, -0.054401, 0.030124, 0.080411, 0.996306, 0.204408, 0.000000, 0.000000, 0.000000, 1.000000, 0.030124, 0.080411, 0.996306, 0.226408, -0.998578, -0.041444, 0.033537, -0.016702, 0.043987, -0.995900, 0.079049, 0.254474, 0.000000, 0.000000, 0.000000, 1.000000, -0.999640, 0.011179, 0.024377, 0.008436, 0.025404, 0.103418, 0.994313, -0.120964, 0.008595, 0.994575, -0.103665, -0.024545, 0.000000, 0.000000, 0.000000, 1.000000
8.0002, 16.6173, -54.2770, 204.1846, 226.1846, -16.6173, 254.3504, 8.4756, -120.9028, -24.6502, 0.998707, 0.041441, -0.029456, 0.016617, -0.043763, 0.995579, -0.083113, -0.054277, 0.025881, 0.084295, 0.996105, 0.204185, 0.000000, 0.000000, 0.000000, 1.000000, 0.025881, 0.084295, 0.996105, 0.226185, -0.998707, -0.041441, 0.029456, -0.016617, 0.043763, -0.995579, 0.083113, 0.254350, 0.000000, 0.000000, 0.000000, 1.000000, -0.999733, 0.011481, 0.020061, 0.008476, 0.021161, 0.105432, 0.994201, -0.120903, 0.009300, 0.994360, -0.105646, -0.024650, 0.000000, 0.000000, 0.000000, 1.000000
8.1119, 16.5435, -54.2118, 203.9042, 225.9042, -16.5435, 254.2852, 8.5018, -120.8924, -24.8181, 0.998865, 0.041127, -0.024009, 0.016543, -0.042988, 0.995626, -0.082951, -0.054212, 0.020493, 0.083889, 0.996264, 0.203904, 0.000000, 0.000000, 0.000000, 1.000000, 0.020493, 0.083889, 0.996264, 0.225904, -0.998865, -0.041127, 0.024009, -0.016543, 0.042988, -0.995626, 0.082951, 0.254285, 0.000000, 0.000000, 0.000000, 1.000000, -0.999820, 0.012142, 0.014597, 0.008502, 0.015772, 0.103121, 0.994544, -0.120892, 0.010571, 0.994595, -0.103294, -0.024818, 0.000000, 0.000000, 0.000000, 1.000000
8.2430, 16.5502, -53.8949, 203.2250, 225.2250, -16.5502, 253.9684, 8.4536, -121.2257, -24.7654, 0.998548, 0.042504, -0.033099, 0.016550, -0.045402, 0.994690, -0.092361, -0.053895, 0.028998, 0.093729, 0.995175, 0.203225, 0.000000, 0.000000, 0.000000, 1.000000, 0.028998, 0.093729, 0.995175, 0.225225, -0.998548, -0.042504, 0.033099, -0.016550, 0.045402, -0.994690, 0.092361, 0.253968, 0.000000, 0.000000, 0.000000, 1.000000, -0.999671, 0.011068, 0.023140, 0.008454, 0.024224, 0.110696, 0.993559, -0.121226, 0.008435, 0.993793, -0.110928, -0.024765, 0.000000, 0.000000, 0.000000, 1.000000
8.3540, 16.4714, -53.8097, 202.8982, 224.8982, -16.4714, 253.8832, 8.4856, -121.2631, -24.9134, 0.998574, 0.042909, -0.031777, 0.016471, -0.045522, 0.995195, -0.086685, -0.053810, 0.027904, 0.088008, 0.995729, 0.202898, 0.000000, 0.000000, 0.000000, 1.000000, 0.027904, 0.088008, 0.995729, 0.224898, -0.998574, -0.042909, 0.031777, -0.016471, 0.045522, -0.995195, 0.086685, 0.253883, 0.000000, 0.000000, 0.000000, 1.000000, -0.999695, 0.011061, 0.022099, 0.008486, 0.023123, 0.103087, 0.994404, -0.121263, 0.008721, 0.994611, -0.103311, -0.024913, 0.000000, 0.000000, 0.000000, 1.000000
8.4784, 16.4029, -53.7188, 202.6445, 224.6445, -16.4029, 253.7923, 8.4998, -121.1926, -25.0851, 0.998711, 0.042394, -0.027895, 0.016403, -0.044618, 0.995414, -0.084623, -0.053719, 0.024179, 0.085759, 0.996023, 0.202644, 0.000000, 0.000000, 0.000000, 1.000000, 0.024179, 0.085759, 0.996023, 0.224644, -0.998711, -0.042394, 0.027895, -0.016403, 0.044618, -0.995414, 0.084623, 0.253792, 0.000000, 0.000000, 0.000000, 1.000000, -0.999760, 0.011981, 0.018315, 0.008500, 0.019410, 0.098718, 0.994926, -0.121193, 0.010113, 0.995043, -0.098927, -0.025085, 0.000000, 0.000000, 0.000000, 1.000000
8.6016, 16.4072, -53.5929, 202.4946, 224.4946, -16.4072, 253.6664, 8.4452, -121.0206, -25.2170, 0.998653, 0.043294, -0.028591, 0.016407, -0.045814, 0.994486, -0.094336, -0.053593, 0.024349, 0.095519, 0.995130, 0.202495, 0.000000, 0.000000, 0.000000, 1.000000, 0.024349, 0.095519, 0.995130, 0.224495, -0.998653, -0.043294, 0.028591, -0.016407, 0.045814, -0.994486, 0.094336, 0.253666, 0.000000, 0.000000, 0.000000, 1.000000, -0.999765, 0.011363, 0.018444, 0.008445, 0.019549, 0.106356, 0.994136, -0.121021, 0.009335, 0.994263, -0.106553, -0.025217, 0.000000, 0.000000, 0.000000, 1.000000
8.7183, 16.3061, -53.3122, 201.7489, 223.7489, -16.3061, 253.3857, 8.5096, -121.4599, -25.1811, 0.998491, 0.043944, -0.032946, 0.016306, -0.046988, 0.994060, -0.098168, -0.053312, 0.028436, 0.099568, 0.994624, 0.201749, 0.000000, 0.000000, 0.000000, 1.000000, 0.028436, 0.099568, 0.994624, 0.223749, -0.998491, -0.043944, 0.032946, -0.016306, 0.046988, -0.994060, 0.098168, 0.253386, 0.000000, 0.000000, 0.000000, 1.000000, -0.999685, 0.011030, 0.022554, 0.008510, 0.023618, 0.108405, 0.993826, -0.121460, 0.008517, 0.994046, -0.108631, -0.025181, 0.000000, 0.000000, 0.000000, 1.000000
8.9328, 16.2246, -53.1454, 201.2761, 223.2761, -16.2246, 253.2188, 8.5000, -121.3734, -25.4687, 0.998531, 0.044863, -0.030395, 0.016225, -0.047708, 0.993800, -0.100431, -0.053145, 0.025701, 0.101734, 0.994480, 0.201276, 0.000000, 0.000000, 0.000000, 1.000000, 0.025701, 0.101734, 0.994480, 0.223276, -0.998531, -0.044863, 0.030395, -0.016225, 0.047708, -0.993800, 0.100431, 0.253219, 0.000000, 0.000000, 0.000000, 1.000000, -0.999746, 0.010747, 0.019830, 0.008500, 0.020866, 0.106902, 0.994051, -0.121373, 0.008563, 0.994211, -0.107099, -0.025469, 0.000000, 0.000000, 0.000000, 1.000000
9.0492, 16.2452, -52.9706, 200.9741, 222.9741, -16.2452, 253.0440, 8.4350, -121.3715, -25.5376, 0.998391, 0.044243, -0.035459, 0.016245, -0.047822, 0.993063, -0.107420, -0.052971, 0.030460, 0.108943, 0.993581, 0.200974, 0.000000, 0.000000, 0.000000, 1.000000, 0.030460, 0.108943, 0.993581, 0.222974, -0.998391, -0.044243, 0.035459, -0.016245, 0.047822, -0.993063, 0.107420, 0.253044, 0.000000, 0.000000, 0.000000, 1.000000, -0.999633, 0.011647, 0.024466, 0.008435, 0.025619, 0.112123, 0.993364, -0.121372, 0.008827, 0.993626, -0.112380, -0.025538, 0.000000, 0.000000, 0.000000, 1.000000
9.1687, 16.1079, -52.8226, 200.5685, 222.5685, -16.1079, 252.8961, 8.5242, -121.4649, -25.6493, 0.998674, 0.044283, -0.026271, 0.016108, -0.046751, 0.993655, -0.102295, -0.052823, 0.021574, 0.103387, 0.994407, 0.200568, 0.000000, 0.000000, 0.000000, 1.000000, 0.021574, 0.103387, 0.994407, 0.222568, -0.998674, -0.044283, 0.026271, -0.016108, 0.046751, -0.993655, 0.102295, 0.252896, 0.000000, 0.000000, 0.000000, 1.000000, -0.999806, 0.012037, 0.015560, 0.008524, 0.016734, 0.104527, 0.994381, -0.121465, 0.010343, 0.994449, -0.104708, -0.025649, 0.000000, 0.000000, 0.000000, 1.000000
9.2769, 16.0736, -52.7199, 200.2783, 222.2783, -16.0736, 252.7934, 8.5138, -121.4730, -25.7771, 0.998588, 0.044400, -0.029153, 0.016074, -0.047223, 0.993392, -0.104610, -0.052720, 0.024316, 0.105839, 0.994086, 0.200278, 0.000000, 0.000000, 0.000000, 1.000000, 0.024316, 0.105839, 0.994086, 0.222278, -0.998588, -0.044400, 0.029153, -0.016074, 0.047223, -0.993392, 0.104610, 0.252793, 0.000000, 0.000000, 0.000000, 1.000000, -0.999758, 0.012226, 0.018281, 0.008514, 0.019466, 0.105131, 0.994268, -0.121473, 0.010234, 0.994383, -0.105343, -0.025777, 0.000000, 0.000000, 0.000000, 1.000000
9.3931, 16.0367, -52.5664, 200.0392, 222.0392, -16.0367, 252.6398, 8.5048, -121.4089, -25.8719, 0.998557, 0.044131, -0.030601, 0.016037, -0.047343, 0.992386, -0.113707, -0.052566, 0.025350, 0.114992, 0.993043, 0.200039, 0.000000, 0.000000, 0.000000, 1.000000, 0.025350, 0.114992, 0.993043, 0.222039, -0.998557, -0.044131, 0.030601, -0.016037, 0.047343, -0.992386, 0.113707, 0.252640, 0.000000, 0.000000, 0.000000, 1.000000, -0.999735, 0.012749, 0.019179, 0.008505, 0.020491, 0.112302, 0.993463, -0.121409, 0.010512, 0.993592, -0.112533, -0.025872, 0.000000, 0.000000, 0.000000, 1.000000
9.5153, 15.9589, -52.3356, 199.3387, 221.3387, -15.9589, 252.4091, 8.5405, -121.7909, -25.9071, 0.998413, 0.045356, -0.033375, 0.015959, -0.048610, 0.993365, -0.104221, -0.052336, 0.028426, 0.105678, 0.993994, 0.199339, 0.000000, 0.000000, 0.000000, 1.000000, 0.028426, 0.105678, 0.993994, 0.221339, -0.998413, -0.045356, 0.033375, -0.015959, 0.048610, -0.993365, 0.104221, 0.252409, 0.000000, 0.000000, 0.000000, 1.000000, -0.999676, 0.012005, 0.022465, 0.008541, 0.023563, 0.100892, 0.994618, -0.121791, 0.009673, 0.994825, -0.101142, -0.025907, 0.000000, 0.000000, 0.000000, 1.000000
9.6394, 15.9485, -52.1987, 199.1544, 221.1544, -15.9485, 252.2722, 8.5011, -121.6516, -26.0350, 0.998241, 0.046691, -0.036527, 0.015948, -0.050672, 0.991843, -0.116960, -0.052199, 0.030768, 0.118605, 0.992465, 0.199154, 0.000000, 0.000000, 0.000000, 1.000000, 0.030768, 0.118605, 0.992465, 0.221154, -0.998241, -0.046691, 0.036527, -0.015948, 0.050672, -0.991843, 0.116960, 0.252272, 0.000000, 0.000000, 0.000000, 1.000000, -0.999632, 0.010901, 0.024840, 0.008501, 0.025903, 0.111700, 0.993404, -0.121652, 0.008055, 0.993682, -0.111941, -0.026035, 0.000000, 0.000000, 0.000000, 1.000000
9.7449, 15.9695, -51.9853, 198.7054, 220.7054, -15.9695, 252.0587, 8.4431, -121.8269, -26.0475, 0.998086, 0.046938, -0.040252, 0.015969, -0.051496, 0.991329, -0.120891, -0.051985, 0.034229, 0.122733, 0.991849, 0.198705, 0.000000, 0.000000, 0.000000, 1.000000, 0.034229, 0.122733, 0.991849, 0.220705, -0.998086, -0.046938, 0.040252, -0.015969, 0.051496, -0.991329, 0.120891, 0.252059, 0.000000, 0.000000, 0.000000, 1.000000, -0.999539, 0.010931, 0.028311, 0.008443, 0.029374, 0.114030, 0.993043, -0.121827, 0.007626, 0.993417, -0.114298, -0.026048, 0.000000, 0.000000, 0.000000, 1.000000
9.8633, 15.8725, -51.9538, 198.3477, 220.3477, -15.8725, 252.0272, 8.4865, -121.8746, -26.2763, 0.998500, 0.045436, -0.030553, 0.015873, -0.048481, 0.993004, -0.107666, -0.051954, 0.025447, 0.108986, 0.993718, 0.198348, 0.000000, 0.000000, 0.000000, 1.000000, 0.025447, 0.108986, 0.993718, 0.220348, -0.998500, -0.045436, 0.030553, -0.015873, 0.048481, -0.993004, 0.107666, 0.252027, 0.000000, 0.000000, 0.000000, 1.000000, -0.999728, 0.012959, 0.019373, 0.008487, 0.020554, 0.098252, 0.994949, -0.121875, 0.010990, 0.995077, -0.098492, -0.026276, 0.000000, 0.000000, 0.000000, 1.000000
9.9857, 15.7944, -51.8207, 198.2323, 220.2323, -15.7944, 251.8941, 8.5149, -121.6707, -26.4087, 0.998378, 0.047135, -0.031933, 0.015794, -0.050691, 0.991279, -0.121641, -0.051821, 0.025921, 0.123062, 0.992060, 0.198232, 0.000000, 0.000000, 0.000000, 1.000000, 0.025921, 0.123062, 0.992060, 0.220232, -0.998378, -0.047135, 0.031933, -0.015794, 0.050691, -0.991279, 0.121641, 0.251894, 0.000000, 0.000000, 0.000000, 1.000000, -0.999736, 0.011469, 0.019893, 0.008515, 0.021037, 0.110248, 0.993681, -0.121671, 0.009204, 0.993838, -0.110460, -0.026409, 0.000000, 0.000000, 0.000000, 1.000000
10.0852, 15.7573, -51.6970, 197.8871, 219.8871, -15.7573, 251.7704, 8.5120, -121.7567, -26.5030, 0.998500, 0.046697, -0.028591, 0.015757, -0.049786, 0.991639, -0.119053, -0.051697, 0.022793, 0.120298, 0.992476, 0.197887, 0.000000, 0.000000, 0.000000, 1.000000, 0.022793, 0.120298, 0.992476, 0.219887, -0.998500, -0.046697, 0.028591, -0.015757, 0.049786, -0.991639, 0.119053, 0.251770, 0.000000, 0.000000, 0.000000, 1.000000, -0.999786, 0.012248, 0.016693, 0.008512, 0.017896, 0.105782, 0.994228, -0.121757, 0.010412, 0.994314, -0.105978, -0.026503, 0.000000, 0.000000, 0.000000, 1.000000
10.2065, 15.7504, -51.5719, 197.6221, 219.6221, -15.7504, 251.6453, 8.4692, -121.7055, -26.6395, 0.998310, 0.046780, -0.034490, 0.015750, -0.050626, 0.991399, -0.120688, -0.051572, 0.028547, 0.122230, 0.992091, 0.197622, 0.000000, 0.000000, 0.000000, 1.000000, 0.028547, 0.122230, 0.992091, 0.219622, -0.998310, -0.046780, 0.034490, -0.015750, 0.050626, -0.991399, 0.120688, 0.251645, 0.000000, 0.000000, 0.000000, 1.000000, -0.999669, 0.012515, 0.022456, 0.008469, 0.023654, 0.105644, 0.994123, -0.121706, 0.010069, 0.994325, -0.105905, -0.026640, 0.000000, 0.000000, 0.000000, 1.000000
10.3166, 15.6799, -51.2991, 197.0743, 219.0743, -15.6799, 251.3726, 8.5059, -121.9690, -26.6155, 0.998164, 0.047843, -0.037144, 0.015680, -0.052114, 0.990898, -0.124121, -0.051299, 0.030868, 0.125829, 0.991572, 0.197074, 0.000000, 0.000000, 0.000000, 1.000000, 0.030868, 0.125829, 0.991572, 0.219074, -0.998164, -0.047843, 0.037144, -0.015680, 0.052114, -0.990898, 0.124121, 0.251373, 0.000000, 0.000000, 0.000000, 1.000000, -0.999622, 0.011748, 0.024867, 0.008506, 0.025986, 0.107367, 0.993880, -0.121969, 0.009007, 0.994150, -0.107631, -0.026616, 0.000000, 0.000000, 0.000000, 1.000000
10.4269, 15.6227, -51.1233, 196.7314, 218.7314, -15.6227, 251.1968, 8.5210, -122.0256, -26.6843, 0.998188, 0.047292, -0.037217, 0.015623, -0.051753, 0.990185, -0.129832, -0.051123, 0.030712, 0.131522, 0.990837, 0.196731, 0.000000, 0.000000, 0.000000, 1.000000, 0.030712, 0.131522, 0.990837, 0.218731, -0.998188, -0.047292, 0.037217, -0.015623, 0.051753, -0.990185, 0.129832, 0.251197, 0.000000, 0.000000, 0.000000, 1.000000, -0.999619, 0.012569, 0.024577, 0.008521, 0.025824, 0.111192, 0.993463, -0.122026, 0.009754, 0.993719, -0.111475, -0.026684, 0.000000, 0.000000, 0.000000, 1.000000
10.5392, 15.6115, -50.9887, 196.5601, 218.5601, -15.6115, 251.0622, 8.4870, -121.9050, -26.7926, 0.998100, 0.047821, -0.038842, 0.015612, -0.052767, 0.988982, -0.138314, -0.050989, 0.031799, 0.140100, 0.989627, 0.196560, 0.000000, 0.000000, 0.000000, 1.000000, 0.031799, 0.140100, 0.989627, 0.218560, -0.998100, -0.047821, 0.038842, -0.015612, 0.052767, -0.988982, 0.138314, 0.251062, 0.000000, 0.000000, 0.000000, 1.000000, -0.999596, 0.012272, 0.025656, 0.008487, 0.026925, 0.117875, 0.992663, -0.121905, 0.009158, 0.992953, -0.118157, -0.026793, 0.000000, 0.000000, 0.000000, 1.000000
10.6592, 15.5535, -50.9069, 196.1843, 218.1843, -15.5535, 250.9804, 8.4946, -121.9669, -26.9778, 0.998224, 0.047718, -0.035662, 0.015553, -0.051990, 0.990089, -0.130466, -0.050907, 0.029083, 0.132089, 0.990811, 0.196184, 0.000000, 0.000000, 0.000000, 1.000000, 0.029083, 0.132089, 0.990811, 0.218184, -0.998224, -0.047718, 0.035662, -0.015553, 0.051990, -0.990089, 0.130466, 0.250980, 0.000000, 0.000000, 0.000000, 1.000000, -0.999655, 0.012849, 0.022921, 0.008495, 0.024174, 0.107793, 0.993879, -0.121967, 0.010299, 0.994090, -0.108066, -0.026978, 0.000000, 0.000000, 0.000000, 1.000000
10.7980, 15.5160, -50.7742, 195.8262, 217.8262, -15.5160, 250.8477, 8.4738, -121.9629, -27.1515, 0.997981, 0.048882, -0.040544, 0.015516, -0.053691, 0.990378, -0.127545, -0.050774, 0.033919, 0.129465, 0.991004, 0.195826, 0.000000, 0.000000, 0.000000, 1.000000, 0.033919, 0.129465, 0.991004, 0.217826, -0.997981, -0.048882, 0.040544, -0.015516, 0.053691, -0.990378, 0.127545, 0.250848, 0.000000, 0.000000, 0.000000, 1.000000, -0.999536, 0.012145, 0.027949, 0.008474, 0.029051, 0.102783, 0.994280, -0.121963, 0.009203, 0.994630, -0.103088, -0.027151, 0.000000, 0.000000, 0.000000, 1.000000
10.9248, 15.4568, -50.5086, 195.4641, 217.4641, -15.4568, 250.5821, 8.4902, -121.9981, -27.1694, 0.998328, 0.048577, -0.031332, 0.015457, -0.052394, 0.989394, -0.135482, -0.050509, 0.024418, 0.136897, 0.990284, 0.195464, 0.000000, 0.000000, 0.000000, 1.000000, 0.024418, 0.136897, 0.990284, 0.217464, -0.998328, -0.048577, 0.031332, -0.015457, 0.052394, -0.989394, 0.135482, 0.250582, 0.000000, 0.000000, 0.000000, 1.000000, -0.999753, 0.012741, 0.018235, 0.008490, 0.019507, 0.108075, 0.993951, -0.121998, 0.010693, 0.994061, -0.108296, -0.027169, 0.000000, 0.000000, 0.000000, 1.000000
11.0305, 15.4044, -50.3680, 195.0303, 217.0303, -15.4044, 250.4414, 8.5021, -122.1572, -27.2697, 0.998193, 0.049543, -0.034011, 0.015404, -0.053653, 0.989652, -0.133083, -0.050368, 0.027065, 0.134667, 0.990521, 0.195030, 0.000000, 0.000000, 0.000000, 1.000000, 0.027065, 0.134667, 0.990521, 0.217030, -0.998193, -0.049543, 0.034011, -0.015404, 0.053653, -0.989652, 0.133083, 0.250441, 0.000000, 0.000000, 0.000000, 1.000000, -0.999705, 0.012128, 0.021033, 0.008502, 0.022182, 0.104027, 0.994327, -0.122157, 0.009871, 0.994501, -0.104265, -0.027270, 0.000000, 0.000000, 0.000000, 1.000000
11.1415, 15.3079, -50.2274, 194.6657, 216.6657, -15.3079, 250.3008, 8.5561, -122.2330, -27.3830, 0.998360, 0.048698, -0.030108, 0.015308, -0.052360, 0.989319, -0.136039, -0.050227, 0.023161, 0.137392, 0.990246, 0.194666, 0.000000, 0.000000, 0.000000, 1.000000, 0.023161, 0.137392, 0.990246, 0.216666, -0.998360, -0.048698, 0.030108, -0.015308, 0.052360, -0.989319, 0.136039, 0.250301, 0.000000, 0.000000, 0.000000, 1.000000, -0.999769, 0.013278, 0.016920, 0.008556, 0.018221, 0.104871, 0.994319, -0.122233, 0.011429, 0.994397, -0.105089, -0.027383, 0.000000, 0.000000, 0.000000, 1.000000
11.2599, 15.2941, -50.1215, 194.4950, 216.4950, -15.2941, 250.1950, 8.5189, -122.0948, -27.5357, 0.998214, 0.049058, -0.034104, 0.015294, -0.053393, 0.988613, -0.140690, -0.050122, 0.026813, 0.142260, 0.989466, 0.194495, 0.000000, 0.000000, 0.000000, 1.000000, 0.026813, 0.142260, 0.989466, 0.216495, -0.998214, -0.049058, 0.034104, -0.015294, 0.053393, -0.988613, 0.140690, 0.250195, 0.000000, 0.000000, 0.000000, 1.000000, -0.999700, 0.013218, 0.020597, 0.008519, 0.021902, 0.107734, 0.993938, -0.122095, 0.010918, 0.994092, -0.107991, -0.027536, 0.000000, 0.000000, 0.000000, 1.000000
11.3680, 15.2892, -49.9516, 194.2975, 216.2975, -15.2892, 250.0251, 8.4830, -122.0128, -27.6031, 0.998048, 0.050855, -0.036254, 0.015289, -0.055792, 0.986866, -0.151603, -0.049952, 0.028069, 0.153330, 0.987776, 0.194298, 0.000000, 0.000000, 0.000000, 1.000000, 0.028069, 0.153330, 0.987776, 0.216298, -0.998048, -0.050855, 0.036254, -0.015289, 0.055792, -0.986866, 0.151603, 0.250025, 0.000000, 0.000000, 0.000000, 1.000000, -0.999690, 0.011596, 0.022028, 0.008483, 0.023235, 0.117001, 0.992860, -0.122013, 0.008936, 0.993064, -0.117234, -0.027603, 0.000000, 0.000000, 0.000000, 1.000000
11.4961, 15.3013, -49.8096, 193.8668, 215.8668, -15.3013, 249.8831, 8.4197, -122.1104, -27.7490, 0.997685, 0.050459, -0.045582, 0.015301, -0.056715, 0.987294, -0.148437, -0.049810, 0.037513, 0.150678, 0.987871, 0.193867, 0.000000, 0.000000, 0.000000, 1.000000, 0.037513, 0.150678, 0.987871, 0.215867, -0.997685, -0.050459, 0.045582, -0.015301, 0.056715, -0.987294, 0.148437, 0.249883, 0.000000, 0.000000, 0.000000, 1.000000, -0.999426, 0.012424, 0.031506, 0.008420, 0.032702, 0.112152, 0.993153, -0.122110, 0.008806, 0.993613, -0.112494, -0.027749, 0.000000, 0.000000, 0.000000, 1.000000
11.6112, 15.2138, -49.5080, 193.3887, 215.3887, -15.2138, 249.5814, 8.4726, -122.2952, -27.7176, 0.997842, 0.051400, -0.040857, 0.015214, -0.057140, 0.986310, -0.154686, -0.049508, 0.032347, 0.156687, 0.987118, 0.193389, 0.000000, 0.000000, 0.000000, 1.000000, 0.032347, 0.156687, 0.987118, 0.215389, -0.997842, -0.051400, 0.040857, -0.015214, 0.057140, -0.986310, 0.154686, 0.249581, 0.000000, 0.000000, 0.000000, 1.000000, -0.999583, 0.011749, 0.026362, 0.008473, 0.027550, 0.116223, 0.992841, -0.122295, 0.008601, 0.993154, -0.116499, -0.027718, 0.000000, 0.000000, 0.000000, 1.000000
11.7411, 15.0841, -49.5037, 193.2390, 215.2390, -15.0841, 249.5771, 8.5398, -122.1006, -28.0040, 0.998354, 0.050399, -0.027364, 0.015084, -0.053933, 0.987326, -0.149257, -0.049504, 0.019495, 0.150487, 0.988420, 0.193239, 0.000000, 0.000000, 0.000000, 1.000000, 0.019495, 0.150487, 0.988420, 0.215239, -0.998354, -0.050399, 0.027364, -0.015084, 0.053933, -0.987326, 0.149257, 0.249577, 0.000000, 0.000000, 0.000000, 1.000000, -0.999825, 0.013241, 0.013210, 0.008540, 0.014562, 0.107777, 0.994068, -0.122101, 0.011739, 0.994087, -0.107951, -0.028004, 0.000000, 0.000000, 0.000000, 1.000000
11.8701, 15.0727, -49.2275, 192.7870, 214.7870, -15.0727, 249.3009, 8.5084, -122.2229, -28.0234, 0.998000, 0.051410, -0.036772, 0.015073, -0.056648, 0.985567, -0.159525, -0.049227, 0.028040, 0.161289, 0.986509, 0.192787, 0.000000, 0.000000, 0.000000, 1.000000, 0.028040, 0.161289, 0.986509, 0.214787, -0.998000, -0.051410, 0.036772, -0.015073, 0.056648, -0.985567, 0.159525, 0.249301, 0.000000, 0.000000, 0.000000, 1.000000, -0.999682, 0.012466, 0.021904, 0.008508, 0.023208, 0.116436, 0.992927, -0.122223, 0.009827, 0.993120, -0.116689, -0.028023, 0.000000, 0.000000, 0.000000, 1.000000
12.0105, 15.0007, -49.0496, 192.3704, 214.3704, -15.0007, 249.1230, 8.5253, -122.2749, -28.1687, 0.998105, 0.051898, -0.033063, 0.015001, -0.056523, 0.985625, -0.159210, -0.049050, 0.024325, 0.160777, 0.986691, 0.192370, 0.000000, 0.000000, 0.000000, 1.000000, 0.024325, 0.160777, 0.986691, 0.214370, -0.998105, -0.051898, 0.033063, -0.015001, 0.056523, -0.985625, 0.159210, 0.249123, 0.000000, 0.000000, 0.000000, 1.000000, -0.999757, 0.012417, 0.018187, 0.008525, 0.019480, 0.113523, 0.993344, -0.122275, 0.010270, 0.993458, -0.113737, -0.028169, 0.000000, 0.000000, 0.000000, 1.000000
12.1366, 14.9531, -48.8427, 191.8778, 213.8778, -14.9531, 248.9161, 8.5271, -122.4424, -28.2581, 0.997893, 0.052940, -0.037517, 0.014953, -0.058143, 0.986224, -0.154857, -0.048843, 0.028802, 0.156712, 0.987224, 0.191878, 0.000000, 0.000000, 0.000000, 1.000000, 0.028802, 0.156712, 0.987224, 0.213878, -0.997893, -0.052940, 0.037517, -0.014953, 0.058143, -0.986224, 0.154857, 0.248916, 0.000000, 0.000000, 0.000000, 1.000000, -0.999668, 0.011822, 0.022885, 0.008527, 0.024022, 0.107273, 0.993939, -0.122442, 0.009296, 0.994159, -0.107521, -0.028258, 0.000000, 0.000000, 0.000000, 1.000000
12.2487, 14.9394, -48.7555, 191.6424, 213.6424, -14.9394, 248.8290, 8.4929, -122.3846, -28.4228, 0.997855, 0.052825, -0.038667, 0.014939, -0.058188, 0.986334, -0.154141, -0.048756, 0.029996, 0.156061, 0.987292, 0.191642, 0.000000, 0.000000, 0.000000, 1.000000, 0.029996, 0.156061, 0.987292, 0.213642, -0.997855, -0.052825, 0.038667, -0.014939, 0.058188, -0.986334, 0.154141, 0.248829, 0.000000, 0.000000, 0.000000, 1.000000, -0.999635, 0.012293, 0.024053, 0.008493, 0.025210, 0.104703, 0.994184, -0.122385, 0.009703, 0.994428, -0.104975, -0.028423, 0.000000, 0.000000, 0.000000, 1.000000
12.3961, 14.8838, -48.5254, 191.3186, 213.3186, -14.8838, 248.5988, 8.4931, -122.3282, -28.5281, 0.997948, 0.052843, -0.036151, 0.014884, -0.058177, 0.984171, -0.167401, -0.048525, 0.026733, 0.169161, 0.985226, 0.191319, 0.000000, 0.000000, 0.000000, 1.000000, 0.026733, 0.169161, 0.985226, 0.213319, -0.997948, -0.052843, 0.036151, -0.014884, 0.058177, -0.984171, 0.167401, 0.248599, 0.000000, 0.000000, 0.000000, 1.000000, -0.999709, 0.012528, 0.020630, 0.008493, 0.021939, 0.115382, 0.993079, -0.122328, 0.010061, 0.993242, -0.115623, -0.028528, 0.000000, 0.000000, 0.000000, 1.000000
12.5198, 14.7745, -48.3044, 190.6856, 212.6856, -14.7745, 248.3779, 8.5592, -122.6429, -28.6139, 0.997850, 0.053943, -0.037215, 0.014774, -0.059192, 0.985581, -0.158515, -0.048304, 0.028128, 0.160377, 0.986655, 0.190686, 0.000000, 0.000000, 0.000000, 1.000000, 0.028128, 0.160377, 0.986655, 0.212686, -0.997850, -0.053943, 0.037215, -0.014774, 0.059192, -0.985581, 0.158515, 0.248378, 0.000000, 0.000000, 0.000000, 1.000000, -0.999681, 0.011942, 0.022252, 0.008559, 0.023379, 0.104413, 0.994259, -0.122643, 0.009550, 0.994462, -0.104659, -0.028614, 0.000000, 0.000000, 0.000000, 1.000000
12.6360, 14.7578, -48.1494, 190.5173, 212.5173, -14.7578, 248.2229, 8.5303, -122.5108, -28.7181, 0.998026, 0.053657, -0.032636, 0.014758, -0.058416, 0.983936, -0.168696, -0.048149, 0.023060, 0.170269, 0.985128, 0.190517, 0.000000, 0.000000, 0.000000, 1.000000, 0.023060, 0.170269, 0.985128, 0.212517, -0.998026, -0.053657, 0.032636, -0.014758, 0.058416, -0.983936, 0.168696, 0.248223, 0.000000, 0.000000, 0.000000, 1.000000, -0.999779, 0.012432, 0.016974, 0.008530, 0.018265, 0.112400, 0.993495, -0.122511, 0.010443, 0.993585, -0.112602, -0.028718, 0.000000, 0.000000, 0.000000, 1.000000
12.7615, 14.7917, -47.9968, 190.1098, 212.1098, -14.7917, 248.0703, 8.4470, -122.5931, -28.8556, 0.997479, 0.053497, -0.046621, 0.014792, -0.060528, 0.984351, -0.165500, -0.047997, 0.037038, 0.167904, 0.985107, 0.190110, 0.000000, 0.000000, 0.000000, 1.000000, 0.037038, 0.167904, 0.985107, 0.212110, -0.997479, -0.053497, 0.046621, -0.014792, 0.060528, -0.984351, 0.165500, 0.248070, 0.000000, 0.000000, 0.000000, 1.000000, -0.999431, 0.013017, 0.031113, 0.008447, 0.032337, 0.107874, 0.993639, -0.122593, 0.009578, 0.994079, -0.108233, -0.028856, 0.000000, 0.000000, 0.000000, 1.000000
12.9494, 14.6273, -47.7182, 189.5259, 211.5259, -14.6273, 247.7916, 8.5415, -122.6914, -29.0263, 0.997802, 0.053437, -0.039195, 0.014627, -0.059304, 0.983965, -0.168212, -0.047718, 0.029578, 0.170167, 0.984971, 0.189526, 0.000000, 0.000000, 0.000000, 1.000000, 0.029578, 0.170167, 0.984971, 0.211526, -0.997802, -0.053437, 0.039195, -0.014627, 0.059304, -0.983965, 0.168212, 0.247792, 0.000000, 0.000000, 0.000000, 1.000000, -0.999632, 0.013618, 0.023467, 0.008541, 0.024791, 0.106948, 0.993956, -0.122691, 0.011025, 0.994171, -0.107246, -0.029026, 0.000000, 0.000000, 0.000000, 1.000000
13.1315, 14.5336, -47.4752, 188.9589, 210.9589, -14.5336, 247.5486, 8.5638, -122.7867, -29.2168, 0.997741, 0.054570, -0.039189, 0.014534, -0.060325, 0.984436, -0.165066, -0.047475, 0.029571, 0.167057, 0.985504, 0.188959, 0.000000, 0.000000, 0.000000, 1.000000, 0.029571, 0.167057, 0.985504, 0.210959, -0.997741, -0.054570, 0.039189, -0.014534, 0.060325, -0.984436, 0.165066, 0.247549, 0.000000, 0.000000, 0.000000, 1.000000, -0.999635, 0.013094, 0.023642, 0.008564, 0.024842, 0.100692, 0.994607, -0.122787, 0.010643, 0.994831, -0.100981, -0.029217, 0.000000, 0.000000, 0.000000, 1.000000
13.2550, 14.5162, -47.2776, 188.7910, 210.7910, -14.5162, 247.3510, 8.5349, -122.6380, -29.2963, 0.997795, 0.055293, -0.036709, 0.014516, -0.060850, 0.982977, -0.173360, -0.047278, 0.026498, 0.175211, 0.984174, 0.188791, 0.000000, 0.000000, 0.000000, 1.000000, 0.026498, 0.175211, 0.984174, 0.210791, -0.997795, -0.055293, 0.036709, -0.014516, 0.060850, -0.982977, 0.173360, 0.247351, 0.000000, 0.000000, 0.000000, 1.000000, -0.999709, 0.012618, 0.020569, 0.008535, 0.021801, 0.106810, 0.994040, -0.122638, 0.010346, 0.994199, -0.107054, -0.029296, 0.000000, 0.000000, 0.000000, 1.000000
13.3829, 14.5395, -47.1122, 188.4355, 210.4355, -14.5395, 247.1857, 8.4618, -122.6630, -29.4279, 0.997308, 0.055524, -0.047899, 0.014539, -0.063154, 0.982318, -0.176247, -0.047112, 0.037266, 0.178797, 0.983180, 0.188436, 0.000000, 0.000000, 0.000000, 1.000000, 0.037266, 0.178797, 0.983180, 0.210436, -0.997308, -0.055524, 0.047899, -0.014539, 0.063154, -0.982318, 0.176247, 0.247186, 0.000000, 0.000000, 0.000000, 1.000000, -0.999423, 0.012721, 0.031503, 0.008462, 0.032697, 0.108247, 0.993586, -0.122663, 0.009230, 0.994043, -0.108601, -0.029428, 0.000000, 0.000000, 0.000000, 1.000000
13.5114, 14.4088, -46.8547, 187.9995, 209.9995, -14.4088, 246.9282, 8.5483, -122.7720, -29.4877, 0.997868, 0.055722, -0.033975, 0.014409, -0.060965, 0.981678, -0.180533, -0.046855, 0.023293, 0.182219, 0.982982, 0.187999, 0.000000, 0.000000, 0.000000, 1.000000, 0.023293, 0.182219, 0.982982, 0.209999, -0.997868, -0.055722, 0.033975, -0.014409, 0.060965, -0.981678, 0.180533, 0.246928, 0.000000, 0.000000, 0.000000, 1.000000, -0.999768, 0.012864, 0.017283, 0.008548, 0.018589, 0.109511, 0.993812, -0.122772, 0.010892, 0.993902, -0.109725, -0.029488, 0.000000, 0.000000, 0.000000, 1.000000
13.6373, 14.3016, -46.7483, 187.6751, 209.6751, -14.3016, 246.8217, 8.6020, -122.7658, -29.6824, 0.998156, 0.054715, -0.026282, 0.014302, -0.058474, 0.982917, -0.174513, -0.046748, 0.016285, 0.175728, 0.984304, 0.187675, 0.000000, 0.000000, 0.000000, 1.000000, 0.016285, 0.175728, 0.984304, 0.209675, -0.998156, -0.054715, 0.026282, -0.014302, 0.058474, -0.982917, 0.174513, 0.246822, 0.000000, 0.000000, 0.000000, 1.000000, -0.999847, 0.014370, 0.010000, 0.008602, 0.011398, 0.100804, 0.994841, -0.122766, 0.013288, 0.994803, -0.100952, -0.029682, 0.000000, 0.000000, 0.000000, 1.000000
13.7604, 14.3295, -46.5491, 187.5057, 209.5057, -14.3295, 246.6225, 8.5284, -122.6209, -29.7579, 0.997841, 0.056484, -0.033512, 0.014330, -0.061900, 0.979359, -0.192418, -0.046549, 0.021951, 0.194077, 0.980741, 0.187506, 0.000000, 0.000000, 0.000000, 1.000000, 0.021951, 0.194077, 0.980741, 0.209506, -0.997841, -0.056484, 0.033512, -0.014330, 0.061900, -0.979359, 0.192418, 0.246623, 0.000000, 0.000000, 0.000000, 1.000000, -0.999793, 0.012659, 0.015923, 0.008528, 0.017299, 0.117253, 0.992951, -0.122621, 0.010702, 0.993021, -0.117448, -0.029758, 0.000000, 0.000000, 0.000000, 1.000000
13.8898, 14.3756, -46.4058, 187.0013, 209.0013, -14.3756, 246.4793, 8.4308, -122.7888, -29.9282, 0.997193, 0.055930, -0.049787, 0.014376, -0.064077, 0.981412, -0.180898, -0.046406, 0.038744, 0.183580, 0.982241, 0.187001, 0.000000, 0.000000, 0.000000, 1.000000, 0.038744, 0.183580, 0.982241, 0.209001, -0.997193, -0.055930, 0.049787, -0.014376, 0.064077, -0.981412, 0.180898, 0.246479, 0.000000, 0.000000, 0.000000, 1.000000, -0.999362, 0.013797, 0.032942, 0.008431, 0.034205, 0.104424, 0.993945, -0.122789, 0.010274, 0.994437, -0.104829, -0.029928, 0.000000, 0.000000, 0.000000, 1.000000
14.0186, 14.2650, -46.1455, 186.5858, 208.5858, -14.2650, 246.2189, 8.4989, -122.8777, -29.9860, 0.997438, 0.057280, -0.042861, 0.014265, -0.064406, 0.979782, -0.189419, -0.046145, 0.031145, 0.191694, 0.980960, 0.186586, 0.000000, 0.000000, 0.000000, 1.000000, 0.031145, 0.191694, 0.980960, 0.208586, -0.997438, -0.057280, 0.042861, -0.014265, 0.064406, -0.979782, 0.189419, 0.246219, 0.000000, 0.000000, 0.000000, 1.000000, -0.999597, 0.012698, 0.025389, 0.008499, 0.026637, 0.110430, 0.993527, -0.122878, 0.009812, 0.993803, -0.110724, -0.029986, 0.000000, 0.000000, 0.000000, 1.000000
14.1543, 14.2681, -45.9555, 186.1266, 208.1266, -14.2681, 246.0289, 8.4433, -122.9870, -30.1255, 0.996815, 0.057062, -0.055714, 0.014268, -0.066747, 0.979268, -0.191255, -0.045955, 0.043646, 0.194365, 0.979958, 0.186127, 0.000000, 0.000000, 0.000000, 1.000000, 0.043646, 0.194365, 0.979958, 0.208127, -0.996815, -0.057062, 0.055714, -0.014268, 0.066747, -0.979268, 0.191255, 0.246029, 0.000000, 0.000000, 0.000000, 1.000000, -0.999187, 0.013287, 0.038053, 0.008443, 0.039294, 0.110818, 0.993064, -0.122987, 0.008978, 0.993752, -0.111250, -0.030125, 0.000000, 0.000000, 0.000000, 1.000000
14.2567, 14.0720, -45.8328, 186.0264, 208.0264, -14.0720, 245.9062, 8.5976, -122.8205, -30.2451, 0.997987, 0.056565, -0.028683, 0.014072, -0.061075, 0.979042, -0.194287, -0.045833, 0.017092, 0.195648, 0.980525, 0.186026, 0.000000, 0.000000, 0.000000, 1.000000, 0.017092, 0.195648, 0.980525, 0.208026, -0.997987, -0.056565, 0.028683, -0.014072, 0.061075, -0.979042, 0.194287, 0.245906, 0.000000, 0.000000, 0.000000, 1.000000, -0.999842, 0.014076, 0.010846, 0.008598, 0.012334, 0.110372, 0.993814, -0.122821, 0.012792, 0.993791, -0.110529, -0.030245, 0.000000, 0.000000, 0.000000, 1.000000
14.4081, 14.0843, -45.6643, 185.7425, 207.7425, -14.0843, 245.7378, 8.5238, -122.7114, -30.4250, 0.997669, 0.057309, -0.037057, 0.014084, -0.063548, 0.978084, -0.198274, -0.045664, 0.024882, 0.200167, 0.979446, 0.185742, 0.000000, 0.000000, 0.000000, 1.000000, 0.024882, 0.200167, 0.979446, 0.207742, -0.997669, -0.057309, 0.037057, -0.014084, 0.063548, -0.978084, 0.198274, 0.245738, 0.000000, 0.000000, 0.000000, 1.000000, -0.999728, 0.013714, 0.018873, 0.008524, 0.020296, 0.112366, 0.993460, -0.122711, 0.011503, 0.993572, -0.112613, -0.030425, 0.000000, 0.000000, 0.000000, 1.000000
14.5340, 14.0754, -45.3682, 185.0407, 207.0407, -14.0754, 245.4417, 8.4952, -123.0982, -30.4638, 0.997243, 0.058018, -0.046272, 0.014075, -0.065941, 0.978807, -0.193880, -0.045368, 0.034043, 0.196397, 0.979933, 0.185041, 0.000000, 0.000000, 0.000000, 1.000000, 0.034043, 0.196397, 0.979933, 0.207041, -0.997243, -0.058018, 0.046272, -0.014075, 0.065941, -0.978807, 0.193880, 0.245442, 0.000000, 0.000000, 0.000000, 1.000000, -0.999507, 0.013457, 0.028353, 0.008495, 0.029626, 0.106388, 0.993883, -0.123098, 0.010358, 0.994234, -0.106735, -0.030464, 0.000000, 0.000000, 0.000000, 1.000000
14.6402, 14.0793, -45.1911, 184.7031, 206.7031, -14.0793, 245.2646, 8.4531, -123.1652, -30.5460, 0.996910, 0.059419, -0.051378, 0.014079, -0.068387, 0.978310, -0.195531, -0.045191, 0.038646, 0.198440, 0.979351, 0.184703, 0.000000, 0.000000, 0.000000, 1.000000, 0.038646, 0.198440, 0.979351, 0.206703, -0.996910, -0.059419, 0.051378, -0.014079, 0.068387, -0.978310, 0.195531, 0.245265, 0.000000, 0.000000, 0.000000, 1.000000, -0.999369, 0.012342, 0.033301, 0.008453, 0.034429, 0.106641, 0.993701, -0.123165, 0.008713, 0.994221, -0.106999, -0.030546, 0.000000, 0.000000, 0.000000, 1.000000
14.7738, 13.9956, -45.1332, 184.5375, 206.5375, -13.9956, 245.2066, 8.4753, -122.9749, -30.7960, 0.997464, 0.058356, -0.040734, 0.013996, -0.065124, 0.979276, -0.191772, -0.045133, 0.028698, 0.193939, 0.980594, 0.184538, 0.000000, 0.000000, 0.000000, 1.000000, 0.028698, 0.193939, 0.980594, 0.206538, -0.997464, -0.058356, 0.040734, -0.013996, 0.065124, -0.979276, 0.191772, 0.245207, 0.000000, 0.000000, 0.000000, 1.000000, -0.999640, 0.013901, 0.022930, 0.008475, 0.024204, 0.099798, 0.994713, -0.122975, 0.011539, 0.994911, -0.100099, -0.030796, 0.000000, 0.000000, 0.000000, 1.000000
14.9032, 13.9231, -44.8950, 184.1486, 206.1486, -13.9231, 244.9685, 8.5025, -123.0352, -30.8793, 0.997341, 0.058877, -0.042939, 0.013923, -0.066365, 0.977240, -0.201490, -0.044895, 0.030099, 0.203804, 0.978549, 0.184149, 0.000000, 0.000000, 0.000000, 1.000000, 0.030099, 0.203804, 0.978549, 0.206149, -0.997341, -0.058877, 0.042939, -0.013923, 0.066365, -0.977240, 0.201490, 0.244968, 0.000000, 0.000000, 0.000000, 1.000000, -0.999610, 0.013594, 0.024383, 0.008502, 0.025706, 0.107596, 0.993862, -0.123035, 0.010887, 0.994102, -0.107903, -0.030879, 0.000000, 0.000000, 0.000000, 1.000000
15.0383, 13.9122, -44.5447, 183.6548, 205.6548, -13.9122, 244.6181, 8.4743, -123.1965, -30.8704, 0.996964, 0.059708, -0.049982, 0.013912, -0.068998, 0.974907, -0.211652, -0.044545, 0.036091, 0.214458, 0.976066, 0.183655, 0.000000, 0.000000, 0.000000, 1.000000, 0.036091, 0.214458, 0.976066, 0.205655, -0.996964, -0.059708, 0.049982, -0.013912, 0.068998, -0.974907, 0.211652, 0.244618, 0.000000, 0.000000, 0.000000, 1.000000, -0.999447, 0.012970, 0.030619, 0.008474, 0.031920, 0.116111, 0.992723, -0.123197, 0.009320, 0.993152, -0.116461, -0.030870, 0.000000, 0.000000, 0.000000, 1.000000
15.1620, 13.8889, -44.4193, 183.3168, 205.3168, -13.8889, 244.4928, 8.4467, -123.2115, -31.0468, 0.996777, 0.058973, -0.054379, 0.013889, -0.068924, 0.976450, -0.204440, -0.044419, 0.041042, 0.207529, 0.977367, 0.183317, 0.000000, 0.000000, 0.000000, 1.000000, 0.041042, 0.207529, 0.977367, 0.205317, -0.996777, -0.058973, 0.054379, -0.013889, 0.068924, -0.976450, 0.204440, 0.244493, 0.000000, 0.000000, 0.000000, 1.000000, -0.999268, 0.014222, 0.035511, 0.008447, 0.036831, 0.106959, 0.993581, -0.123211, 0.010333, 0.994162, -0.107405, -0.031047, 0.000000, 0.000000, 0.000000, 1.000000
15.2938, 13.8597, -44.1964, 182.9626, 204.9626, -13.8597, 244.2699, 8.4284, -123.2303, -31.1469, 0.996445, 0.060448, -0.058682, 0.013860, -0.071553, 0.974922, -0.210728, -0.044196, 0.044472, 0.214178, 0.975782, 0.182963, 0.000000, 0.000000, 0.000000, 1.000000, 0.044472, 0.214178, 0.975782, 0.204963, -0.996445, -0.060448, 0.058682, -0.013860, 0.071553, -0.974922, 0.210728, 0.244270, 0.000000, 0.000000, 0.000000, 1.000000, -0.999143, 0.013020, 0.039299, 0.008428, 0.040507, 0.111462, 0.992943, -0.123230, 0.008547, 0.993683, -0.111893, -0.031147, 0.000000, 0.000000, 0.000000, 1.000000
15.4274, 13.7396, -44.0273, 182.5780, 204.5780, -13.7396, 244.1008, 8.4959, -123.2682, -31.3150, 0.997052, 0.059849, -0.048006, 0.013740, -0.068539, 0.975992, -0.206740, -0.044027, 0.034481, 0.209421, 0.977217, 0.182578, 0.000000, 0.000000, 0.000000, 1.000000, 0.034481, 0.209421, 0.977217, 0.204578, -0.997052, -0.059849, 0.048006, -0.013740, 0.068539, -0.975992, 0.206740, 0.244101, 0.000000, 0.000000, 0.000000, 1.000000, -0.999482, 0.014125, 0.028921, 0.008496, 0.030239, 0.104344, 0.994081, -0.123268, 0.011024, 0.994441, -0.104718, -0.031315, 0.000000, 0.000000, 0.000000, 1.000000
15.5562, 13.6889, -43.8457, 182.2393, 204.2393, -13.6889, 243.9192, 8.4973, -123.2755, -31.4513, 0.996966, 0.060207, -0.049333, 0.013689, -0.069372, 0.974723, -0.212372, -0.043846, 0.035300, 0.215150, 0.975943, 0.182239, 0.000000, 0.000000, 0.000000, 1.000000, 0.035300, 0.215150, 0.975943, 0.204239, -0.996966, -0.060207, 0.049333, -0.013689, 0.069372, -0.974723, 0.212372, 0.243919, 0.000000, 0.000000, 0.000000, 1.000000, -0.999458, 0.014049, 0.029787, 0.008497, 0.031132, 0.107972, 0.993666, -0.123276, 0.010744, 0.994055, -0.108351, -0.031451, 0.000000, 0.000000, 0.000000, 1.000000
15.6916, 13.6817, -43.7180, 181.8193, 203.8193, -13.6817, 243.7915, 8.4483, -123.3404, -31.6616, 0.996539, 0.061463, -0.055970, 0.013682, -0.071673, 0.976352, -0.203961, -0.043718, 0.042111, 0.207266, 0.977378, 0.181819, 0.000000, 0.000000, 0.000000, 1.000000, 0.042111, 0.207266, 0.977378, 0.203819, -0.996539, -0.061463, 0.055970, -0.013682, 0.071673, -0.976352, 0.203961, 0.243791, 0.000000, 0.000000, 0.000000, 1.000000, -0.999225, 0.013363, 0.037016, 0.008448, 0.038147, 0.097631, 0.994491, -0.123340, 0.009676, 0.995133, -0.098065, -0.031662, 0.000000, 0.000000, 0.000000, 1.000000
15.8205, 13.6719, -43.3273, 181.3865, 203.3865, -13.6719, 243.4007, 8.4253, -123.4645, -31.6004, 0.996226, 0.062287, -0.060445, 0.013672, -0.074150, 0.972740, -0.219722, -0.043327, 0.045112, 0.223375, 0.973688, 0.181386, 0.000000, 0.000000, 0.000000, 1.000000, 0.045112, 0.223375, 0.973688, 0.203386, -0.996226, -0.062287, 0.060445, -0.013672, 0.074150, -0.972740, 0.219722, 0.243401, 0.000000, 0.000000, 0.000000, 1.000000, -0.999110, 0.012610, 0.040241, 0.008425, 0.041401, 0.111828, 0.992865, -0.123465, 0.008019, 0.993648, -0.112250, -0.031600, 0.000000, 0.000000, 0.000000, 1.000000
15.9550, 13.5872, -43.1669, 181.0130, 203.0130, -13.5872, 243.2404, 8.4563, -123.4884, -31.7794, 0.996507, 0.061689, -0.056292, 0.013587, -0.072484, 0.973668, -0.216138, -0.043167, 0.041476, 0.219464, 0.974739, 0.181013, 0.000000, 0.000000, 0.000000, 1.000000, 0.041476, 0.219464, 0.974739, 0.203013, -0.996507, -0.061689, 0.056292, -0.013587, 0.072484, -0.973668, 0.216138, 0.243240, 0.000000, 0.000000, 0.000000, 1.000000, -0.999245, 0.013704, 0.036343, 0.008456, 0.037589, 0.105547, 0.993704, -0.123488, 0.009782, 0.994320, -0.105983, -0.031779, 0.000000, 0.000000, 0.000000, 1.000000
16.0633, 13.5097, -43.0340, 180.8393, 202.8393, -13.5097, 243.1074, 8.4904, -123.3815, -31.9065, 0.996905, 0.061878, -0.048501, 0.013510, -0.071128, 0.972664, -0.221055, -0.043034, 0.033497, 0.223820, 0.974055, 0.180839, 0.000000, 0.000000, 0.000000, 1.000000, 0.033497, 0.223820, 0.974055, 0.202839, -0.996905, -0.061878, 0.048501, -0.013510, 0.071128, -0.972664, 0.221055, 0.243107, 0.000000, 0.000000, 0.000000, 1.000000, -0.999509, 0.013757, 0.028169, 0.008490, 0.029493, 0.108138, 0.993698, -0.123382, 0.010625, 0.994041, -0.108491, -0.031906, 0.000000, 0.000000, 0.000000, 1.000000
16.1826, 13.4695, -42.8808, 180.6241, 202.6241, -13.4695, 242.9543, 8.4835, -123.2888, -32.0393, 0.996918, 0.061594, -0.048580, 0.013470, -0.070968, 0.972017, -0.223934, -0.042881, 0.033428, 0.226691, 0.973393, 0.180624, 0.000000, 0.000000, 0.000000, 1.000000, 0.033428, 0.226691, 0.973393, 0.202624, -0.996918, -0.061594, 0.048580, -0.013470, 0.070968, -0.972017, 0.223934, 0.242954, 0.000000, 0.000000, 0.000000, 1.000000, -0.999505, 0.014349, 0.027995, 0.008484, 0.029395, 0.109031, 0.993604, -0.123289, 0.011205, 0.993935, -0.109399, -0.032039, 0.000000, 0.000000, 0.000000, 1.000000
16.2987, 13.4355, -42.7369, 180.3611, 202.3611, -13.4355, 242.8104, 8.4715, -123.2515, -32.1799, 0.996932, 0.061675, -0.048191, 0.013436, -0.070809, 0.973032, -0.219533, -0.042737, 0.033352, 0.222271, 0.974414, 0.180361, 0.000000, 0.000000, 0.000000, 1.000000, 0.033352, 0.222271, 0.974414, 0.202361, -0.996932, -0.061675, 0.048191, -0.013436, 0.070809, -0.973032, 0.219533, 0.242810, 0.000000, 0.000000, 0.000000, 1.000000, -0.999502, 0.014717, 0.027923, 0.008472, 0.029288, 0.102539, 0.994298, -0.123252, 0.011770, 0.994620, -0.102919, -0.032180, 0.000000, 0.000000, 0.000000, 1.000000
16.4279, 13.4239, -42.3234, 179.6508, 201.6508, -13.4239, 242.3968, 8.4523, -123.6556, -32.1358, 0.996304, 0.062178, -0.059267, 0.013424, -0.074068, 0.971275, -0.226138, -0.042323, 0.043503, 0.229692, 0.972291, 0.179651, 0.000000, 0.000000, 0.000000, 1.000000, 0.043503, 0.229692, 0.972291, 0.201651, -0.996304, -0.062178, 0.059267, -0.013424, 0.074068, -0.971275, 0.226138, 0.242397, 0.000000, 0.000000, 0.000000, 1.000000, -0.999157, 0.014454, 0.038425, 0.008452, 0.039763, 0.107905, 0.993366, -0.123656, 0.010212, 0.994056, -0.108389, -0.032136, 0.000000, 0.000000, 0.000000, 1.000000
16.5571, 13.3407, -42.2433, 179.5672, 201.5672, -13.3407, 242.3168, 8.4772, -123.3961, -32.3511, 0.996587, 0.063056, -0.053278, 0.013341, -0.073588, 0.971061, -0.227214, -0.042243, 0.037409, 0.230359, 0.972386, 0.179567, 0.000000, 0.000000, 0.000000, 1.000000, 0.037409, 0.230359, 0.972386, 0.201567, -0.996587, -0.063056, 0.053278, -0.013341, 0.073588, -0.971061, 0.227214, 0.242317, 0.000000, 0.000000, 0.000000, 1.000000, -0.999379, 0.013958, 0.032339, 0.008477, 0.033643, 0.106375, 0.993757, -0.123396, 0.010431, 0.994228, -0.106779, -0.032351, 0.000000, 0.000000, 0.000000, 1.000000
16.6746, 13.2660, -42.0381, 179.1657, 201.1657, -13.2660, 242.1115, 8.5103, -123.4993, -32.4573, 0.996773, 0.062349, -0.050558, 0.013266, -0.072453, 0.969944, -0.232289, -0.042038, 0.034556, 0.235203, 0.971332, 0.179166, 0.000000, 0.000000, 0.000000, 1.000000, 0.034556, 0.235203, 0.971332, 0.201166, -0.996773, -0.062349, 0.050558, -0.013266, 0.072453, -0.969944, 0.232289, 0.242112, 0.000000, 0.000000, 0.000000, 1.000000, -0.999462, 0.014922, 0.029197, 0.008510, 0.030656, 0.109322, 0.993534, -0.123499, 0.011634, 0.993894, -0.109721, -0.032457, 0.000000, 0.000000, 0.000000, 1.000000
16.8273, 13.2208, -41.8116, 178.6246, 200.6246, -13.2208, 241.8851, 8.4985, -123.6482, -32.6349, 0.996842, 0.063613, -0.047538, 0.013221, -0.072627, 0.972403, -0.221717, -0.041812, 0.032122, 0.224469, 0.973952, 0.178625, 0.000000, 0.000000, 0.000000, 1.000000, 0.032122, 0.224469, 0.973952, 0.200625, -0.996842, -0.063613, 0.047538, -0.013221, 0.072627, -0.972403, 0.221717, 0.241885, 0.000000, 0.000000, 0.000000, 1.000000, -0.999532, 0.014358, 0.026995, 0.008498, 0.028248, 0.095737, 0.995006, -0.123648, 0.011702, 0.995303, -0.096098, -0.032635, 0.000000, 0.000000, 0.000000, 1.000000
16.9559, 13.1924, -41.6699, 178.4003, 200.4003, -13.1924, 241.7433, 8.4753, -123.5381, -32.8028, 0.996580, 0.064147, -0.052098, 0.013192, -0.074244, 0.971847, -0.223608, -0.041670, 0.036287, 0.226711, 0.973286, 0.178400, 0.000000, 0.000000, 0.000000, 1.000000, 0.036287, 0.226711, 0.973286, 0.200400, -0.996580, -0.064147, 0.052098, -0.013192, 0.074244, -0.971847, 0.223608, 0.241743, 0.000000, 0.000000, 0.000000, 1.000000, -0.999408, 0.014171, 0.031355, 0.008475, 0.032571, 0.095827, 0.994865, -0.123538, 0.011093, 0.995297, -0.096232, -0.032803, 0.000000, 0.000000, 0.000000, 1.000000
17.1073, 13.2523, -41.4402, 178.0312, 200.0312, -13.2523, 241.5137, 8.3591, -123.5220, -32.9457, 0.995756, 0.064785, -0.065372, 0.013252, -0.078169, 0.970248, -0.229147, -0.041440, 0.048581, 0.233285, 0.971194, 0.178031, 0.000000, 0.000000, 0.000000, 1.000000, 0.048581, 0.233285, 0.971194, 0.200031, -0.995756, -0.064785, 0.065372, -0.013252, 0.078169, -0.970248, 0.229147, 0.241514, 0.000000, 0.000000, 0.000000, 1.000000, -0.998931, 0.013854, 0.044109, 0.008359, 0.045275, 0.099958, 0.993961, -0.123522, 0.009362, 0.994895, -0.100479, -0.032946, 0.000000, 0.000000, 0.000000, 1.000000
17.2332, 13.0283, -41.1528, 177.5875, 199.5875, -13.0283, 241.2263, 8.5436, -123.6535, -33.0109, 0.996884, 0.064591, -0.045287, 0.013028, -0.073531, 0.968740, -0.236928, -0.041153, 0.028568, 0.239520, 0.970471, 0.177587, 0.000000, 0.000000, 0.000000, 1.000000, 0.028568, 0.239520, 0.970471, 0.199587, -0.996884, -0.064591, 0.045287, -0.013028, 0.073531, -0.968740, 0.236928, 0.241226, 0.000000, 0.000000, 0.000000, 1.000000, -0.999623, 0.014297, 0.023430, 0.008544, 0.024794, 0.104191, 0.994248, -0.123654, 0.011773, 0.994455, -0.104506, -0.033011, 0.000000, 0.000000, 0.000000, 1.000000
17.3815, 13.0678, -40.7799, 177.0123, 199.0123, -13.0678, 240.8534, 8.4616, -123.8698, -33.0385, 0.996177, 0.064686, -0.058711, 0.013068, -0.077016, 0.967517, -0.240790, -0.040780, 0.041229, 0.244391, 0.968800, 0.177012, 0.000000, 0.000000, 0.000000, 1.000000, 0.041229, 0.244391, 0.968800, 0.199012, -0.996177, -0.064686, 0.058711, -0.013068, 0.077016, -0.967517, 0.240790, 0.240853, 0.000000, 0.000000, 0.000000, 1.000000, -0.999229, 0.014547, 0.036462, 0.008462, 0.037808, 0.106649, 0.993578, -0.123870, 0.010565, 0.994190, -0.107117, -0.033038, 0.000000, 0.000000, 0.000000, 1.000000
17.5856, 12.9870, -40.6615, 176.7713, 198.7713, -12.9870, 240.7349, 8.4497, -123.5654, -33.4014, 0.996386, 0.064857, -0.054846, 0.012987, -0.075964, 0.969314, -0.233796, -0.040661, 0.038000, 0.237118, 0.970737, 0.176771, 0.000000, 0.000000, 0.000000, 1.000000, 0.038000, 0.237118, 0.970737, 0.198771, -0.996386, -0.064857, 0.054846, -0.012987, 0.075964, -0.969314, 0.233796, 0.240735, 0.000000, 0.000000, 0.000000, 1.000000, -0.999336, 0.015170, 0.033138, 0.008450, 0.034441, 0.095705, 0.994814, -0.123565, 0.011920, 0.995294, -0.096164, -0.033401, 0.000000, 0.000000, 0.000000, 1.000000
17.7205, 12.9669, -40.3622, 176.2634, 198.2634, -12.9669, 240.4357, 8.4268, -123.7411, -33.4713, 0.996066, 0.065093, -0.060124, 0.012967, -0.077704, 0.967763, -0.239576, -0.040362, 0.042591, 0.243306, 0.969014, 0.176263, 0.000000, 0.000000, 0.000000, 1.000000, 0.042591, 0.243306, 0.969014, 0.198263, -0.996066, -0.065093, 0.060124, -0.012967, 0.077704, -0.967763, 0.239576, 0.240436, 0.000000, 0.000000, 0.000000, 1.000000, -0.999166, 0.015209, 0.037900, 0.008427, 0.039232, 0.099741, 0.994240, -0.123741, 0.011341, 0.994897, -0.100254, -0.033471, 0.000000, 0.000000, 0.000000, 1.000000
17.8477, 12.8709, -40.1439, 175.9301, 197.9301, -12.8709, 240.2173, 8.4782, -123.7524, -33.5865, 0.996202, 0.065452, -0.057426, 0.012871, -0.077514, 0.967057, -0.242470, -0.040144, 0.039665, 0.246001, 0.968458, 0.175930, 0.000000, 0.000000, 0.000000, 1.000000, 0.039665, 0.246001, 0.968458, 0.197930, -0.996202, -0.065452, 0.057426, -0.012871, 0.077514, -0.967057, 0.242470, 0.240217, 0.000000, 0.000000, 0.000000, 1.000000, -0.999274, 0.015178, 0.034937, 0.008478, 0.036287, 0.100331, 0.994292, -0.123752, 0.011586, 0.994838, -0.100808, -0.033586, 0.000000, 0.000000, 0.000000, 1.000000
17.9664, 12.8060, -40.0136, 175.7530, 197.7530, -12.8060, 240.0871, 8.4942, -123.6204, -33.7450, 0.996652, 0.066365, -0.047751, 0.012806, -0.076095, 0.966550, -0.244929, -0.040014, 0.029899, 0.247743, 0.968364, 0.175753, 0.000000, 0.000000, 0.000000, 1.000000, 0.029899, 0.247743, 0.968364, 0.197753, -0.996652, -0.066365, 0.047751, -0.012806, 0.076095, -0.966550, 0.244929, 0.240087, 0.000000, 0.000000, 0.000000, 1.000000, -0.999579, 0.014587, 0.025064, 0.008494, 0.026401, 0.100087, 0.994628, -0.123620, 0.012000, 0.994872, -0.100430, -0.033745, 0.000000, 0.000000, 0.000000, 1.000000
18.1002, 12.8371, -39.8327, 175.3579, 197.3579, -12.8371, 239.9061, 8.4117, -123.6710, -33.9114, 0.996072, 0.066134, -0.058877, 0.012837, -0.078526, 0.967025, -0.242271, -0.039833, 0.040914, 0.245943, 0.968420, 0.175358, 0.000000, 0.000000, 0.000000, 1.000000, 0.040914, 0.245943, 0.968420, 0.197358, -0.996072, -0.066134, 0.058877, -0.012837, 0.078526, -0.967025, 0.242271, 0.239906, 0.000000, 0.000000, 0.000000, 1.000000, -0.999223, 0.015272, 0.036346, 0.008412, 0.037648, 0.095952, 0.994674, -0.123671, 0.011704, 0.995269, -0.096453, -0.033911, 0.000000, 0.000000, 0.000000, 1.000000
18.2424, 12.7518, -39.5271, 174.8017, 196.8017, -12.7518, 239.6005, 8.4511, -123.8753, -34.0097, 0.996124, 0.066156, -0.057962, 0.012752, -0.078141, 0.968141, -0.237901, -0.039527, 0.040377, 0.241508, 0.969558, 0.174802, 0.000000, 0.000000, 0.000000, 1.000000, 0.040377, 0.241508, 0.969558, 0.196802, -0.996124, -0.066156, 0.057962, -0.012752, 0.078141, -0.968141, 0.237901, 0.239601, 0.000000, 0.000000, 0.000000, 1.000000, -0.999235, 0.015795, 0.035774, 0.008451, 0.037042, 0.088969, 0.995345, -0.123875, 0.012538, 0.995909, -0.089486, -0.034010, 0.000000, 0.000000, 0.000000, 1.000000
18.3755, 12.6882, -39.2957, 174.6892, 196.6892, -12.6882, 239.3692, 8.4661, -123.6551, -34.0913, 0.996411, 0.066916, -0.051847, 0.012688, -0.077997, 0.963769, -0.255078, -0.039296, 0.032900, 0.258207, 0.965529, 0.174689, 0.000000, 0.000000, 0.000000, 1.000000, 0.032900, 0.258207, 0.965529, 0.196689, -0.996411, -0.066916, 0.051847, -0.012688, 0.077997, -0.963769, 0.255078, 0.239369, 0.000000, 0.000000, 0.000000, 1.000000, -0.999489, 0.015046, 0.028208, 0.008466, 0.029621, 0.103853, 0.994151, -0.123655, 0.012029, 0.994479, -0.104246, -0.034091, 0.000000, 0.000000, 0.000000, 1.000000
18.4933, 12.5801, -39.1413, 174.4530, 196.4530, -12.5801, 239.2148, 8.5288, -123.5868, -34.2389, 0.996681, 0.066845, -0.046459, 0.012580, -0.076509, 0.964130, -0.254167, -0.039141, 0.027802, 0.256878, 0.966044, 0.174453, 0.000000, 0.000000, 0.000000, 1.000000, 0.027802, 0.256878, 0.966044, 0.196453, -0.996681, -0.066845, 0.046459, -0.012580, 0.076509, -0.964130, 0.254167, 0.239215, 0.000000, 0.000000, 0.000000, 1.000000, -0.999618, 0.015512, 0.022883, 0.008529, 0.024328, 0.100473, 0.994642, -0.123587, 0.013130, 0.994819, -0.100812, -0.034239, 0.000000, 0.000000, 0.000000, 1.000000
18.6278, 12.6459, -38.8381, 173.6872, 195.6872, -12.6459, 238.9115, 8.4223, -124.0215, -34.3469, 0.995565, 0.066404, -0.066645, 0.012646, -0.080849, 0.966118, -0.245112, -0.038838, 0.048111, 0.249413, 0.967201, 0.173687, 0.000000, 0.000000, 0.000000, 1.000000, 0.048111, 0.249413, 0.967201, 0.195687, -0.995565, -0.066404, 0.066645, -0.012646, 0.080849, -0.966118, 0.245112, 0.238912, 0.000000, 0.000000, 0.000000, 1.000000, -0.998906, 0.016548, 0.043743, 0.008422, 0.045066, 0.090496, 0.994877, -0.124022, 0.012505, 0.995759, -0.091143, -0.034347, 0.000000, 0.000000, 0.000000, 1.000000
18.7635, 12.5383, -38.6415, 173.5602, 195.5602, -12.5383, 238.7149, 8.4778, -123.8026, -34.4759, 0.996255, 0.067960, -0.053463, 0.012538, -0.079495, 0.963119, -0.257065, -0.038641, 0.034021, 0.260352, 0.964914, 0.173560, 0.000000, 0.000000, 0.000000, 1.000000, 0.034021, 0.260352, 0.964914, 0.195560, -0.996255, -0.067960, 0.053463, -0.012538, 0.079495, -0.963119, 0.257065, 0.238715, 0.000000, 0.000000, 0.000000, 1.000000, -0.999448, 0.015141, 0.029555, 0.008478, 0.030917, 0.099427, 0.994564, -0.123803, 0.012120, 0.994930, -0.099840, -0.034476, 0.000000, 0.000000, 0.000000, 1.000000
18.8895, 12.5694, -38.5013, 173.1596, 195.1596, -12.5694, 238.5748, 8.3957, -123.8737, -34.6724, 0.995454, 0.067485, -0.067216, 0.012569, -0.082183, 0.965273, -0.247980, -0.038501, 0.048147, 0.252377, 0.966430, 0.173160, 0.000000, 0.000000, 0.000000, 1.000000, 0.048147, 0.252377, 0.966430, 0.195160, -0.995454, -0.067485, 0.067216, -0.012569, 0.082183, -0.965273, 0.247980, 0.238575, 0.000000, 0.000000, 0.000000, 1.000000, -0.998899, 0.016200, 0.044017, 0.008396, 0.045289, 0.089062, 0.994996, -0.123874, 0.012199, 0.995894, -0.089698, -0.034672, 0.000000, 0.000000, 0.000000, 1.000000
19.0171, 12.4288, -38.1983, 172.8309, 194.8309, -12.4288, 238.2718, 8.4978, -123.8933, -34.7164, 0.996481, 0.068391, -0.048458, 0.012429, -0.078647, 0.962835, -0.258388, -0.038198, 0.028985, 0.261289, 0.964825, 0.172831, 0.000000, 0.000000, 0.000000, 1.000000, 0.028985, 0.261289, 0.964825, 0.194831, -0.996481, -0.068391, 0.048458, -0.012429, 0.078647, -0.962835, 0.258388, 0.238272, 0.000000, 0.000000, 0.000000, 1.000000, -0.999583, 0.015466, 0.024401, 0.008498, 0.025777, 0.096057, 0.995042, -0.123893, 0.013046, 0.995256, -0.096416, -0.034716, 0.000000, 0.000000, 0.000000, 1.000000
19.1327, 12.3567, -38.0444, 172.6850, 194.6850, -12.3567, 238.1179, 8.5245, -123.7424, -34.8449, 0.996631, 0.068695, -0.044812, 0.012357, -0.078021, 0.962533, -0.259697, -0.038044, 0.025294, 0.262318, 0.964650, 0.172685, 0.000000, 0.000000, 0.000000, 1.000000, 0.025294, 0.262318, 0.964650, 0.194685, -0.996631, -0.068695, 0.044812, -0.012357, 0.078021, -0.962533, 0.259697, 0.238118, 0.000000, 0.000000, 0.000000, 1.000000, -0.999667, 0.015492, 0.020633, 0.008524, 0.022015, 0.095141, 0.995220, -0.123742, 0.013455, 0.995343, -0.095450, -0.034845, 0.000000, 0.000000, 0.000000, 1.000000
19.2760, 12.4267, -37.8047, 172.2063, 194.2063, -12.4267, 237.8782, 8.4026, -123.8598, -34.9937, 0.995761, 0.068834, -0.061007, 0.012427, -0.082402, 0.962298, -0.259215, -0.037805, 0.040864, 0.263144, 0.963891, 0.172206, 0.000000, 0.000000, 0.000000, 1.000000, 0.040864, 0.263144, 0.963891, 0.194206, -0.995761, -0.068834, 0.061007, -0.012427, 0.082402, -0.962298, 0.259215, 0.237878, 0.000000, 0.000000, 0.000000, 1.000000, -0.999199, 0.015773, 0.036787, 0.008403, 0.038105, 0.093541, 0.994886, -0.123860, 0.012251, 0.995490, -0.094067, -0.034994, 0.000000, 0.000000, 0.000000, 1.000000
19.4047, 12.3065, -37.7101, 172.0879, 194.0879, -12.3065, 237.7836, 8.4663, -123.6342, -35.2088, 0.996677, 0.069168, -0.043019, 0.012306, -0.078048, 0.962076, -0.261378, -0.037710, 0.023309, 0.263867, 0.964277, 0.172088, 0.000000, 0.000000, 0.000000, 1.000000, 0.023309, 0.263867, 0.964277, 0.194088, -0.996677, -0.069168, 0.043019, -0.012306, 0.078048, -0.962076, 0.261378, 0.237784, 0.000000, 0.000000, 0.000000, 1.000000, -0.999701, 0.015816, 0.018646, 0.008466, 0.020025, 0.092084, 0.995550, -0.123634, 0.014029, 0.995626, -0.092373, -0.035209, 0.000000, 0.000000, 0.000000, 1.000000
19.5695, 12.2798, -37.2644, 171.4921, 193.4921, -12.2798, 237.3379, 8.4482, -123.8417, -35.2331, 0.995976, 0.069176, -0.056975, 0.012280, -0.082088, 0.959283, -0.270256, -0.037264, 0.035959, 0.273845, 0.961101, 0.171492, 0.000000, 0.000000, 0.000000, 1.000000, 0.035959, 0.273845, 0.961101, 0.193492, -0.995976, -0.069176, 0.056975, -0.012280, 0.082088, -0.959283, 0.270256, 0.237338, 0.000000, 0.000000, 0.000000, 1.000000, -0.999367, 0.016058, 0.031737, 0.008448, 0.033182, 0.099578, 0.994476, -0.123842, 0.012809, 0.994900, -0.100048, -0.035233, 0.000000, 0.000000, 0.000000, 1.000000
19.7481, 12.1975, -36.9435, 170.9081, 192.9081, -12.1975, 237.0170, 8.4691, -123.9766, -35.4148, 0.996031, 0.069446, -0.055665, 0.012198, -0.081915, 0.959872, -0.268208, -0.036944, 0.034806, 0.271704, 0.961751, 0.170908, 0.000000, 0.000000, 0.000000, 1.000000, 0.034806, 0.271704, 0.961751, 0.192908, -0.996031, -0.069446, 0.055665, -0.012198, 0.081915, -0.959872, 0.268208, 0.237017, 0.000000, 0.000000, 0.000000, 1.000000, -0.999398, 0.016393, 0.030571, 0.008469, 0.031984, 0.094307, 0.995029, -0.123977, 0.013428, 0.995408, -0.094775, -0.035415, 0.000000, 0.000000, 0.000000, 1.000000
19.9072, 12.2119, -36.7888, 170.6452, 192.6452, -12.2119, 236.8623, 8.3878, -123.8224, -35.6532, 0.995558, 0.069517, -0.063494, 0.012212, -0.083939, 0.960812, -0.264187, -0.036789, 0.042640, 0.268343, 0.962379, 0.170645, 0.000000, 0.000000, 0.000000, 1.000000, 0.042640, 0.268343, 0.962379, 0.192645, -0.995558, -0.069517, 0.063494, -0.012212, 0.083939, -0.960812, 0.264187, 0.236862, 0.000000, 0.000000, 0.000000, 1.000000, -0.999108, 0.016900, 0.038698, 0.008388, 0.040041, 0.088114, 0.995305, -0.123822, 0.013411, 0.995967, -0.088712, -0.035653, 0.000000, 0.000000, 0.000000, 1.000000
20.0358, 12.1427, -36.4240, 170.0301, 192.0301, -12.1427, 236.4975, 8.4245, -124.1355, -35.6921, 0.995737, 0.070603, -0.059361, 0.012143, -0.083972, 0.960141, -0.266604, -0.036424, 0.038172, 0.270452, 0.961976, 0.170030, 0.000000, 0.000000, 0.000000, 1.000000, 0.038172, 0.270452, 0.961976, 0.192030, -0.995737, -0.070603, 0.059361, -0.012143, 0.083972, -0.960141, 0.266604, 0.236497, 0.000000, 0.000000, 0.000000, 1.000000, -0.999280, 0.016153, 0.034342, 0.008424, 0.035635, 0.088092, 0.995475, -0.124135, 0.013054, 0.995981, -0.088604, -0.035692, 0.000000, 0.000000, 0.000000, 1.000000
20.1889, 12.0709, -36.2465, 169.9791, 191.9791, -12.0709, 236.3200, 8.4338, -123.7914, -35.8644, 0.996138, 0.071129, -0.051475, 0.012071, -0.082779, 0.956268, -0.280533, -0.036247, 0.029270, 0.283711, 0.958463, 0.169979, 0.000000, 0.000000, 0.000000, 1.000000, 0.029270, 0.283711, 0.958463, 0.191979, -0.996138, -0.071129, 0.051475, -0.012071, 0.082779, -0.956268, 0.280533, 0.236320, 0.000000, 0.000000, 0.000000, 1.000000, -0.999559, 0.015740, 0.025200, 0.008434, 0.026640, 0.099208, 0.994710, -0.123791, 0.013157, 0.994942, -0.099583, -0.035864, 0.000000, 0.000000, 0.000000, 1.000000
20.3289, 11.9932, -35.9203, 169.3964, 191.3964, -11.9932, 235.9937, 8.4696, -124.0340, -35.9636, 0.995976, 0.071262, -0.054352, 0.011993, -0.083534, 0.957848, -0.274861, -0.035920, 0.032473, 0.278296, 0.959946, 0.169396, 0.000000, 0.000000, 0.000000, 1.000000, 0.032473, 0.278296, 0.959946, 0.191396, -0.995976, -0.071262, 0.054352, -0.011993, 0.083534, -0.957848, 0.274861, 0.235994, 0.000000, 0.000000, 0.000000, 1.000000, -0.999461, 0.016186, 0.028552, 0.008470, 0.029912, 0.091198, 0.995383, -0.124034, 0.013507, 0.995701, -0.091633, -0.035964, 0.000000, 0.000000, 0.000000, 1.000000
20.4884, 11.9999, -35.7937, 169.1750, 191.1750, -11.9999, 235.8671, 8.3935, -123.8311, -36.2254, 0.995689, 0.071319, -0.059300, 0.012000, -0.084847, 0.958627, -0.271727, -0.035794, 0.037467, 0.275587, 0.960546, 0.169175, 0.000000, 0.000000, 0.000000, 1.000000, 0.037467, 0.275587, 0.960546, 0.191175, -0.995689, -0.071319, 0.059300, -0.012000, 0.084847, -0.958627, 0.271727, 0.235867, 0.000000, 0.000000, 0.000000, 1.000000, -0.999291, 0.016690, 0.033737, 0.008394, 0.035047, 0.085660, 0.995708, -0.123831, 0.013728, 0.996185, -0.086184, -0.036225, 0.000000, 0.000000, 0.000000, 1.000000
20.6158, 11.9839, -35.5540, 168.8526, 190.8526, -11.9839, 235.6275, 8.3653, -123.8380, -36.3294, 0.995269, 0.072463, -0.064714, 0.011984, -0.087707, 0.956668, -0.277659, -0.035554, 0.041790, 0.282021, 0.958498, 0.168853, 0.000000, 0.000000, 0.000000, 1.000000, 0.041790, 0.282021, 0.958498, 0.190853, -0.995269, -0.072463, 0.064714, -0.011984, 0.087707, -0.956668, 0.277659, 0.235627, 0.000000, 0.000000, 0.000000, 1.000000, -0.999132, 0.015761, 0.038570, 0.008365, 0.039837, 0.090148, 0.995131, -0.123838, 0.012207, 0.995804, -0.090698, -0.036329, 0.000000, 0.000000, 0.000000, 1.000000
20.7633, 11.8600, -35.1477, 168.3741, 190.3741, -11.8600, 235.2211, 8.4516, -123.9728, -36.3551, 0.995808, 0.071612, -0.056901, 0.011860, -0.085250, 0.952084, -0.293714, -0.035148, 0.033141, 0.297333, 0.954198, 0.168374, 0.000000, 0.000000, 0.000000, 1.000000, 0.033141, 0.297333, 0.954198, 0.190374, -0.995808, -0.071612, 0.056901, -0.011860, 0.085250, -0.952084, 0.293714, 0.235221, 0.000000, 0.000000, 0.000000, 1.000000, -0.999433, 0.016635, 0.029272, 0.008452, 0.030841, 0.103552, 0.994146, -0.123973, 0.013507, 0.994485, -0.104007, -0.036355, 0.000000, 0.000000, 0.000000, 1.000000
20.8925, 11.8142, -34.9833, 168.0883, 190.0883, -11.8142, 235.0567, 8.4461, -123.9238, -36.5338, 0.995824, 0.071730, -0.056470, 0.011814, -0.084973, 0.954410, -0.286148, -0.034983, 0.033371, 0.289752, 0.956520, 0.168088, 0.000000, 0.000000, 0.000000, 1.000000, 0.033371, 0.289752, 0.956520, 0.190088, -0.995824, -0.071730, 0.056470, -0.011814, 0.084973, -0.954410, 0.286148, 0.235057, 0.000000, 0.000000, 0.000000, 1.000000, -0.999417, 0.017132, 0.029517, 0.008446, 0.030992, 0.093452, 0.995141, -0.123924, 0.014291, 0.995476, -0.093928, -0.036534, 0.000000, 0.000000, 0.000000, 1.000000
21.0329, 11.7943, -34.7161, 167.6213, 189.6213, -11.7943, 234.7895, 8.4178, -124.0420, -36.6712, 0.995567, 0.072032, -0.060475, 0.011794, -0.086154, 0.956371, -0.279163, -0.034716, 0.037728, 0.283136, 0.958337, 0.167621, 0.000000, 0.000000, 0.000000, 1.000000, 0.037728, 0.283136, 0.958337, 0.189621, -0.995567, -0.072032, 0.060475, -0.011794, 0.086154, -0.956371, 0.279163, 0.234790, 0.000000, 0.000000, 0.000000, 1.000000, -0.999265, 0.017448, 0.034136, 0.008418, 0.035488, 0.084171, 0.995819, -0.124042, 0.014501, 0.996299, -0.084728, -0.036671, 0.000000, 0.000000, 0.000000, 1.000000
21.1652, 11.7114, -34.5068, 167.4283, 189.4283, -11.7114, 234.5802, 8.4518, -123.9017, -36.7989, 0.995917, 0.073742, -0.052064, 0.011711, -0.085728, 0.953276, -0.289682, -0.034507, 0.028270, 0.292962, 0.955706, 0.167428, 0.000000, 0.000000, 0.000000, 1.000000, 0.028270, 0.292962, 0.955706, 0.189428, -0.995917, -0.073742, 0.052064, -0.011711, 0.085728, -0.953276, 0.289682, 0.234580, 0.000000, 0.000000, 0.000000, 1.000000, -0.999568, 0.015864, 0.024755, 0.008452, 0.026114, 0.092122, 0.995405, -0.123902, 0.013511, 0.995621, -0.092496, -0.036799, 0.000000, 0.000000, 0.000000, 1.000000
21.2911, 11.6879, -34.3243, 167.1528, 189.1528, -11.6879, 234.3978, 8.4295, -123.8556, -36.9509, 0.996103, 0.073353, -0.048975, 0.011688, -0.084483, 0.953018, -0.290893, -0.034324, 0.025336, 0.293897, 0.955501, 0.167153, 0.000000, 0.000000, 0.000000, 1.000000, 0.025336, 0.293897, 0.955501, 0.189153, -0.996103, -0.073353, 0.048975, -0.011688, 0.084483, -0.953018, 0.290893, 0.234398, 0.000000, 0.000000, 0.000000, 1.000000, -0.999630, 0.016613, 0.021527, 0.008430, 0.022951, 0.090944, 0.995592, -0.123856, 0.014582, 0.995717, -0.091292, -0.036951, 0.000000, 0.000000, 0.000000, 1.000000
21.4433, 11.5689, -33.9564, 166.6629, 188.6629, -11.5689, 234.0299, 8.5031, -123.9820, -37.0331, 0.996124, 0.073848, -0.047791, 0.011569, -0.084779, 0.950861, -0.297786, -0.033956, 0.023452, 0.300683, 0.953436, 0.166663, 0.000000, 0.000000, 0.000000, 1.000000, 0.023452, 0.300683, 0.953436, 0.188663, -0.996124, -0.073848, 0.047791, -0.011569, 0.084779, -0.950861, 0.297786, 0.234030, 0.000000, 0.000000, 0.000000, 1.000000, -0.999672, 0.016388, 0.019676, 0.008503, 0.021153, 0.095413, 0.995213, -0.123982, 0.014432, 0.995303, -0.095729, -0.037033, 0.000000, 0.000000, 0.000000, 1.000000
21.5811, 11.5700, -33.7979, 166.3861, 188.3861, -11.5700, 233.8714, 8.4450, -123.8996, -37.2336, 0.995969, 0.073034, -0.052075, 0.011570, -0.085034, 0.953540, -0.289018, -0.033798, 0.028548, 0.292281, 0.955906, 0.166386, 0.000000, 0.000000, 0.000000, 1.000000, 0.028548, 0.292281, 0.955906, 0.188386, -0.995969, -0.073034, 0.052075, -0.011570, 0.085034, -0.953540, 0.289018, 0.233871, 0.000000, 0.000000, 0.000000, 1.000000, -0.999534, 0.017875, 0.024754, 0.008445, 0.026177, 0.084298, 0.996097, -0.123900, 0.015718, 0.996280, -0.084727, -0.037234, 0.000000, 0.000000, 0.000000, 1.000000
21.7081, 11.5851, -33.5657, 166.1216, 188.1216, -11.5851, 233.6391, 8.3865, -123.8510, -37.3358, 0.995538, 0.074471, -0.057954, 0.011585, -0.088413, 0.950767, -0.297027, -0.033566, 0.032981, 0.300826, 0.953109, 0.166122, 0.000000, 0.000000, 0.000000, 1.000000, 0.032981, 0.300826, 0.953109, 0.188122, -0.995538, -0.074471, 0.057954, -0.011585, 0.088413, -0.950767, 0.297027, 0.233639, 0.000000, 0.000000, 0.000000, 1.000000, -0.999418, 0.016576, 0.029822, 0.008386, 0.031210, 0.091032, 0.995359, -0.123851, 0.013784, 0.995710, -0.091496, -0.037336, 0.000000, 0.000000, 0.000000, 1.000000
21.8316, 11.4820, -33.1605, 165.5110, 187.5110, -11.4820, 233.2340, 8.4647, -124.1851, -37.3483, 0.995722, 0.074655, -0.054447, 0.011482, -0.087801, 0.948037, -0.305804, -0.033161, 0.028788, 0.309276, 0.950536, 0.165511, 0.000000, 0.000000, 0.000000, 1.000000, 0.028788, 0.309276, 0.950536, 0.187511, -0.995722, -0.074655, 0.054447, -0.011482, 0.087801, -0.948037, 0.305804, 0.233234, 0.000000, 0.000000, 0.000000, 1.000000, -0.999539, 0.016515, 0.025459, 0.008465, 0.026955, 0.097753, 0.994846, -0.124185, 0.013942, 0.995074, -0.098153, -0.037348, 0.000000, 0.000000, 0.000000, 1.000000
21.9656, 11.4129, -32.9554, 165.2511, 187.2511, -11.4129, 233.0288, 8.4838, -124.1051, -37.5009, 0.995733, 0.074420, -0.054574, 0.011413, -0.087631, 0.947914, -0.306236, -0.032955, 0.028941, 0.309712, 0.950390, 0.165251, 0.000000, 0.000000, 0.000000, 1.000000, 0.028941, 0.309712, 0.950390, 0.187251, -0.995733, -0.074420, 0.054574, -0.011413, 0.087631, -0.947914, 0.306236, 0.233029, 0.000000, 0.000000, 0.000000, 1.000000, -0.999527, 0.017150, 0.025517, 0.008484, 0.027048, 0.095918, 0.995022, -0.124105, 0.014617, 0.995241, -0.096337, -0.037501, 0.000000, 0.000000, 0.000000, 1.000000
22.0889, 11.3714, -32.8072, 165.0479, 187.0479, -11.3714, 232.8807, 8.4745, -123.9883, -37.6711, 0.995915, 0.075166, -0.050036, 0.011371, -0.086994, 0.947212, -0.308581, -0.032807, 0.024200, 0.311673, 0.949881, 0.165048, 0.000000, 0.000000, 0.000000, 1.000000, 0.024200, 0.311673, 0.949881, 0.187048, -0.995915, -0.075166, 0.050036, -0.011371, 0.086994, -0.947212, 0.308581, 0.232881, 0.000000, 0.000000, 0.000000, 1.000000, -0.999645, 0.016722, 0.020757, 0.008475, 0.022267, 0.095861, 0.995146, -0.123988, 0.014651, 0.995254, -0.096200, -0.037671, 0.000000, 0.000000, 0.000000, 1.000000
22.2478, 11.3437, -32.5193, 164.6140, 186.6140, -11.3437, 232.5928, 8.4474, -124.0272, -37.8325, 0.995647, 0.076291, -0.053547, 0.011344, -0.088917, 0.949720, -0.300208, -0.032519, 0.027952, 0.303663, 0.952370, 0.164614, 0.000000, 0.000000, 0.000000, 1.000000, 0.027952, 0.303663, 0.952370, 0.186614, -0.995647, -0.076291, 0.053547, -0.011344, 0.088917, -0.949720, 0.300208, 0.232593, 0.000000, 0.000000, 0.000000, 1.000000, -0.999553, 0.016328, 0.025033, 0.008447, 0.026330, 0.084757, 0.996054, -0.124027, 0.014142, 0.996268, -0.085149, -0.037832, 0.000000, 0.000000, 0.000000, 1.000000
22.3877, 11.2924, -32.3596, 164.4630, 186.4630, -11.2924, 232.4330, 8.4404, -123.8146, -38.0176, 0.995936, 0.076083, -0.048206, 0.011292, -0.087191, 0.948607, -0.304208, -0.032360, 0.022584, 0.307175, 0.951385, 0.164463, 0.000000, 0.000000, 0.000000, 1.000000, 0.022584, 0.307175, 0.951385, 0.186463, -0.995936, -0.076083, 0.048206, -0.011292, 0.087191, -0.948607, 0.304208, 0.232433, 0.000000, 0.000000, 0.000000, 1.000000, -0.999671, 0.016862, 0.019311, 0.008440, 0.020693, 0.086037, 0.996077, -0.123815, 0.015135, 0.996149, -0.086357, -0.038018, 0.000000, 0.000000, 0.000000, 1.000000
22.5352, 11.2375, -31.9233, 163.7765, 185.7765, -11.2375, 231.9967, 8.4624, -124.1645, -38.0724, 0.995603, 0.076134, -0.054570, 0.011238, -0.089402, 0.946192, -0.311012, -0.031923, 0.027956, 0.314523, 0.948838, 0.163776, 0.000000, 0.000000, 0.000000, 1.000000, 0.027956, 0.314523, 0.948838, 0.185776, -0.995603, -0.076134, 0.054570, -0.011238, 0.089402, -0.946192, 0.311012, 0.231997, 0.000000, 0.000000, 0.000000, 1.000000, -0.999544, 0.017036, 0.024938, 0.008462, 0.026391, 0.091214, 0.995482, -0.124164, 0.014685, 0.995686, -0.091622, -0.038072, 0.000000, 0.000000, 0.000000, 1.000000
22.6760, 11.1765, -31.7327, 163.6188, 185.6188, -11.1765, 231.8061, 8.4696, -123.9626, -38.2333, 0.995693, 0.076482, -0.052401, 0.011176, -0.089148, 0.945007, -0.314665, -0.031733, 0.025453, 0.317981, 0.947755, 0.163619, 0.000000, 0.000000, 0.000000, 1.000000, 0.025453, 0.317981, 0.947755, 0.185619, -0.995693, -0.076482, 0.052401, -0.011176, 0.089148, -0.945007, 0.314665, 0.231806, 0.000000, 0.000000, 0.000000, 1.000000, -0.999605, 0.017011, 0.022385, 0.008470, 0.023865, 0.092433, 0.995433, -0.123963, 0.014864, 0.995574, -0.092803, -0.038233, 0.000000, 0.000000, 0.000000, 1.000000
22.8406, 11.1559, -31.3940, 163.1186, 185.1186, -11.1559, 231.4675, 8.4354, -124.0620, -38.3775, 0.995495, 0.076446, -0.056083, 0.011156, -0.090145, 0.946445, -0.310027, -0.031394, 0.029379, 0.313686, 0.949072, 0.163119, 0.000000, 0.000000, 0.000000, 1.000000, 0.029379, 0.313686, 0.949072, 0.185119, -0.995495, -0.076446, 0.056083, -0.011156, 0.090145, -0.946445, 0.310027, 0.231467, 0.000000, 0.000000, 0.000000, 1.000000, -0.999492, 0.017691, 0.026493, 0.008435, 0.027906, 0.085109, 0.995981, -0.124062, 0.015366, 0.996215, -0.085560, -0.038377, 0.000000, 0.000000, 0.000000, 1.000000
22.9942, 11.1247, -31.2178, 162.9034, 184.9034, -11.1247, 231.2912, 8.4048, -123.8774, -38.5912, 0.995425, 0.076642, -0.057059, 0.011125, -0.090754, 0.945178, -0.313691, -0.031218, 0.029889, 0.317434, 0.947809, 0.162903, 0.000000, 0.000000, 0.000000, 1.000000, 0.029889, 0.317434, 0.947809, 0.184903, -0.995425, -0.076642, 0.057059, -0.011125, 0.090754, -0.945178, 0.313691, 0.231291, 0.000000, 0.000000, 0.000000, 1.000000, -0.999474, 0.017849, 0.027066, 0.008405, 0.028511, 0.086415, 0.995851, -0.123877, 0.015436, 0.996099, -0.086879, -0.038591, 0.000000, 0.000000, 0.000000, 1.000000
23.1532, 10.9984, -30.6938, 162.2449, 184.2449, -10.9984, 230.7672, 8.4988, -124.1875, -38.5949, 0.995719, 0.077713, -0.050044, 0.010998, -0.089912, 0.939895, -0.329415, -0.030694, 0.021436, 0.332504, 0.942858, 0.162245, 0.000000, 0.000000, 0.000000, 1.000000, 0.021436, 0.332504, 0.942858, 0.184245, -0.995719, -0.077713, 0.050044, -0.010998, 0.089912, -0.939895, 0.329415, 0.230767, 0.000000, 0.000000, 0.000000, 1.000000, -0.999688, 0.016771, 0.018486, 0.008499, 0.020066, 0.099556, 0.994830, -0.124188, 0.014844, 0.994891, -0.099862, -0.038595, 0.000000, 0.000000, 0.000000, 1.000000
23.3075, 11.0166, -30.6217, 162.0966, 184.0966, -11.0166, 230.6952, 8.4064, -123.9124, -38.8916, 0.995525, 0.077700, -0.053781, 0.011017, -0.090988, 0.941821, -0.323564, -0.030622, 0.025511, 0.327009, 0.944677, 0.162097, 0.000000, 0.000000, 0.000000, 1.000000, 0.025511, 0.327009, 0.944677, 0.184097, -0.995525, -0.077700, 0.053781, -0.011017, 0.090988, -0.941821, 0.323564, 0.230695, 0.000000, 0.000000, 0.000000, 1.000000, -0.999589, 0.017443, 0.022767, 0.008406, 0.024265, 0.091125, 0.995544, -0.123912, 0.015290, 0.995687, -0.091511, -0.038892, 0.000000, 0.000000, 0.000000, 1.000000
23.4424, 10.9295, -30.2306, 161.6191, 183.6191, -10.9295, 230.3041, 8.4612, -124.0854, -38.9282, 0.995581, 0.078524, -0.051496, 0.010929, -0.090988, 0.942260, -0.322285, -0.030231, 0.023216, 0.325547, 0.945241, 0.161619, 0.000000, 0.000000, 0.000000, 1.000000, 0.023216, 0.325547, 0.945241, 0.183619, -0.995581, -0.078524, 0.051496, -0.010929, 0.090988, -0.942260, 0.322285, 0.230304, 0.000000, 0.000000, 0.000000, 1.000000, -0.999642, 0.017080, 0.020599, 0.008461, 0.022014, 0.087274, 0.995941, -0.124085, 0.015213, 0.996038, -0.087619, -0.038928, 0.000000, 0.000000, 0.000000, 1.000000
23.6072, 10.9734, -30.0539, 161.3690, 183.3690, -10.9734, 230.1273, 8.3488, -123.9043, -39.1694, 0.995091, 0.078654, -0.060065, 0.010973, -0.093888, 0.942191, -0.321655, -0.030054, 0.031293, 0.325715, 0.944950, 0.161369, 0.000000, 0.000000, 0.000000, 1.000000, 0.031293, 0.325715, 0.944950, 0.183369, -0.995091, -0.078654, 0.060065, -0.010973, 0.093888, -0.942191, 0.321655, 0.230127, 0.000000, 0.000000, 0.000000, 1.000000, -0.999422, 0.017452, 0.029159, 0.008349, 0.030535, 0.084631, 0.995944, -0.123904, 0.014914, 0.996260, -0.085115, -0.039169, 0.000000, 0.000000, 0.000000, 1.000000
23.7608, 10.8466, -29.6286, 160.8754, 182.8754, -10.8466, 229.7020, 8.4369, -124.0480, -39.2242, 0.995488, 0.078703, -0.053000, 0.010847, -0.091914, 0.938541, -0.332704, -0.029629, 0.023558, 0.336075, 0.941541, 0.160875, 0.000000, 0.000000, 0.000000, 1.000000, 0.023558, 0.336075, 0.941541, 0.182875, -0.995488, -0.078703, 0.053000, -0.010847, 0.091914, -0.938541, 0.332704, 0.229702, 0.000000, 0.000000, 0.000000, 1.000000, -0.999626, 0.017529, 0.020978, 0.008437, 0.022519, 0.092937, 0.995417, -0.124048, 0.015499, 0.995518, -0.093297, -0.039224, 0.000000, 0.000000, 0.000000, 1.000000
23.9247, 10.7779, -29.2718, 160.4040, 182.4040, -10.7779, 229.3453, 8.4549, -124.1258, -39.3581, 0.995406, 0.079663, -0.053102, 0.010778, -0.092713, 0.940436, -0.327085, -0.029272, 0.023883, 0.330506, 0.943502, 0.160404, 0.000000, 0.000000, 0.000000, 1.000000, 0.023883, 0.330506, 0.943502, 0.182404, -0.995406, -0.079663, 0.053102, -0.010778, 0.092713, -0.940436, 0.327085, 0.229345, 0.000000, 0.000000, 0.000000, 1.000000, -0.999617, 0.017259, 0.021625, 0.008455, 0.023006, 0.084248, 0.996179, -0.124126, 0.015371, 0.996295, -0.084612, -0.039358, 0.000000, 0.000000, 0.000000, 1.000000
24.0897, 10.7479, -29.0793, 160.2580, 182.2580, -10.7479, 229.1528, 8.4179, -123.8453, -39.5681, 0.995423, 0.080396, -0.051671, 0.010748, -0.093143, 0.937175, -0.336196, -0.029079, 0.021396, 0.339470, 0.940373, 0.160258, 0.000000, 0.000000, 0.000000, 1.000000, 0.021396, 0.339470, 0.940373, 0.182258, -0.995423, -0.080396, 0.051671, -0.010748, 0.093143, -0.937175, 0.336196, 0.229153, 0.000000, 0.000000, 0.000000, 1.000000, -0.999675, 0.016726, 0.019235, 0.008418, 0.020678, 0.090899, 0.995645, -0.123845, 0.014904, 0.995720, -0.091216, -0.039568, 0.000000, 0.000000, 0.000000, 1.000000
24.2172, 10.7261, -28.8831, 159.8776, 181.8776, -10.7261, 228.9566, 8.3930, -123.8995, -39.7525, 0.995315, 0.079979, -0.054330, 0.010726, -0.093566, 0.938364, -0.332743, -0.028883, 0.024369, 0.336267, 0.941451, 0.159878, 0.000000, 0.000000, 0.000000, 1.000000, 0.024369, 0.336267, 0.941451, 0.181878, -0.995315, -0.079979, 0.054330, -0.010726, 0.093566, -0.938364, 0.332743, 0.228957, 0.000000, 0.000000, 0.000000, 1.000000, -0.999598, 0.017646, 0.022206, 0.008393, 0.023634, 0.085330, 0.996072, -0.123900, 0.015682, 0.996196, -0.085713, -0.039753, 0.000000, 0.000000, 0.000000, 1.000000
24.3589, 10.6543, -28.4866, 159.3821, 181.3821, -10.6543, 228.5600, 8.4288, -124.0741, -39.8107, 0.995353, 0.080036, -0.053543, 0.010654, -0.093616, 0.934519, -0.343380, -0.028487, 0.022554, 0.346797, 0.937669, 0.159382, 0.000000, 0.000000, 0.000000, 1.000000, 0.022554, 0.346797, 0.937669, 0.181382, -0.995353, -0.080036, 0.053543, -0.010654, 0.093616, -0.934519, 0.343380, 0.228560, 0.000000, 0.000000, 0.000000, 1.000000, -0.999638, 0.017659, 0.020301, 0.008429, 0.021875, 0.094062, 0.995326, -0.124074, 0.015667, 0.995410, -0.094414, -0.039811, 0.000000, 0.000000, 0.000000, 1.000000
24.5000, 10.5955, -28.2895, 159.1766, 181.1766, -10.5955, 228.3629, 8.4342, -123.9197, -39.9844, 0.995411, 0.080684, -0.051455, 0.010595, -0.093430, 0.935693, -0.340221, -0.028289, 0.020695, 0.343467, 0.938937, 0.159177, 0.000000, 0.000000, 0.000000, 1.000000, 0.020695, 0.343467, 0.938937, 0.181177, -0.995411, -0.080684, 0.051455, -0.010595, 0.093430, -0.935693, 0.340221, 0.228363, 0.000000, 0.000000, 0.000000, 1.000000, -0.999674, 0.017560, 0.018519, 0.008434, 0.019997, 0.088115, 0.995910, -0.123920, 0.015857, 0.995955, -0.088438, -0.039984, 0.000000, 0.000000, 0.000000, 1.000000
24.6527, 10.5787, -27.9267, 158.7212, 180.7212, -10.5787, 228.0002, 8.4072, -124.0174, -40.0857, 0.995098, 0.080879, -0.056914, 0.010579, -0.095558, 0.934611, -0.342594, -0.027927, 0.025483, 0.346353, 0.937758, 0.158721, 0.000000, 0.000000, 0.000000, 1.000000, 0.025483, 0.346353, 0.937758, 0.180721, -0.995098, -0.080879, 0.056914, -0.010579, 0.095558, -0.934611, 0.342594, 0.228000, 0.000000, 0.000000, 0.000000, 1.000000, -0.999563, 0.017732, 0.023672, 0.008407, 0.025153, 0.088564, 0.995753, -0.124017, 0.015560, 0.995913, -0.088972, -0.040086, 0.000000, 0.000000, 0.000000, 1.000000
24.8010, 10.4991, -27.7092, 158.4013, 180.4013, -10.4991, 227.7826, 8.4284, -123.9576, -40.2890, 0.995353, 0.080745, -0.052460, 0.010499, -0.093975, 0.933352, -0.346443, -0.027709, 0.020990, 0.349763, 0.936603, 0.158401, 0.000000, 0.000000, 0.000000, 1.000000, 0.020990, 0.349763, 0.936603, 0.180401, -0.995353, -0.080745, 0.052460, -0.010499, 0.093975, -0.933352, 0.346443, 0.227783, 0.000000, 0.000000, 0.000000, 1.000000, -0.999657, 0.018203, 0.018827, 0.008428, 0.020386, 0.089650, 0.995765, -0.123958, 0.016438, 0.995807, -0.089990, -0.040289, 0.000000, 0.000000, 0.000000, 1.000000
24.9431, 10.4387, -27.2851, 157.8622, 179.8622, -10.4387, 227.3585, 8.4584, -124.1815, -40.3384, 0.995205, 0.081690, -0.053791, 0.010439, -0.095422, 0.931669, -0.350554, -0.027285, 0.021479, 0.354006, 0.934996, 0.157862, 0.000000, 0.000000, 0.000000, 1.000000, 0.021479, 0.354006, 0.934996, 0.179862, -0.995205, -0.081690, 0.053791, -0.010439, 0.095422, -0.931669, 0.350554, 0.227359, 0.000000, 0.000000, 0.000000, 1.000000, -0.999653, 0.017537, 0.019674, 0.008458, 0.021202, 0.091731, 0.995558, -0.124182, 0.015654, 0.995629, -0.092071, -0.040338, 0.000000, 0.000000, 0.000000, 1.000000
25.0908, 10.4176, -27.1434, 157.7507, 179.7507, -10.4176, 227.2169, 8.4153, -123.9040, -40.5532, 0.995344, 0.082762, -0.049406, 0.010418, -0.094852, 0.932142, -0.349450, -0.027143, 0.017132, 0.352509, 0.935652, 0.157751, 0.000000, 0.000000, 0.000000, 1.000000, 0.017132, 0.352509, 0.935652, 0.179751, -0.995344, -0.082762, 0.049406, -0.010418, 0.094852, -0.932142, 0.349450, 0.227217, 0.000000, 0.000000, 0.000000, 1.000000, -0.999737, 0.016971, 0.015411, 0.008415, 0.016841, 0.087609, 0.996013, -0.123904, 0.015553, 0.996010, -0.087872, -0.040553, 0.000000, 0.000000, 0.000000, 1.000000
25.2385, 10.3508, -26.7179, 157.1955, 179.1955, -10.3508, 226.7913, 8.4480, -124.1287, -40.6211, 0.995158, 0.083152, -0.052410, 0.010351, -0.096353, 0.930641, -0.353019, -0.026718, 0.019421, 0.356360, 0.934147, 0.157195, 0.000000, 0.000000, 0.000000, 1.000000, 0.019421, 0.356360, 0.934147, 0.179195, -0.995158, -0.083152, 0.052410, -0.010351, 0.096353, -0.930641, 0.353019, 0.226791, 0.000000, 0.000000, 0.000000, 1.000000, -0.999696, 0.016892, 0.017983, 0.008448, 0.019420, 0.089184, 0.995826, -0.124129, 0.015218, 0.995872, -0.089485, -0.040621, 0.000000, 0.000000, 0.000000, 1.000000
25.3624, 10.3158, -26.4505, 156.9154, 178.9154, -10.3158, 226.5239, 8.4440, -124.1150, -40.7127, 0.995215, 0.082604, -0.052192, 0.010316, -0.095916, 0.927796, -0.360548, -0.026450, 0.018641, 0.363829, 0.931279, 0.156915, 0.000000, 0.000000, 0.000000, 1.000000, 0.018641, 0.363829, 0.931279, 0.178915, -0.995215, -0.082604, 0.052192, -0.010316, 0.095916, -0.927796, 0.360548, 0.226524, 0.000000, 0.000000, 0.000000, 1.000000, -0.999703, 0.017544, 0.016943, 0.008444, 0.018536, 0.095037, 0.995301, -0.124115, 0.015852, 0.995319, -0.095334, -0.040713, 0.000000, 0.000000, 0.000000, 1.000000
25.5076, 10.3140, -26.2712, 156.6411, 178.6411, -10.3140, 226.3447, 8.3864, -124.0114, -40.9303, 0.994968, 0.082605, -0.056704, 0.010314, -0.097492, 0.928737, -0.357691, -0.026271, 0.023116, 0.361420, 0.932117, 0.156641, 0.000000, 0.000000, 0.000000, 1.000000, 0.023116, 0.361420, 0.932117, 0.178641, -0.994968, -0.082605, 0.056704, -0.010314, 0.097492, -0.928737, 0.357691, 0.226345, 0.000000, 0.000000, 0.000000, 1.000000, -0.999601, 0.018083, 0.021716, 0.008386, 0.023258, 0.089979, 0.995672, -0.124011, 0.016050, 0.995780, -0.090363, -0.040930, 0.000000, 0.000000, 0.000000, 1.000000
25.6449, 10.2367, -25.9274, 156.2996, 178.2996, -10.2367, 226.0008, 8.4272, -124.0383, -41.0006, 0.995134, 0.082781, -0.053444, 0.010237, -0.096513, 0.928196, -0.359357, -0.025927, 0.019859, 0.362766, 0.931668, 0.156300, 0.000000, 0.000000, 0.000000, 1.000000, 0.019859, 0.362766, 0.931668, 0.178300, -0.995134, -0.082781, 0.053444, -0.010237, 0.096513, -0.928196, 0.359357, 0.226001, 0.000000, 0.000000, 0.000000, 1.000000, -0.999666, 0.018277, 0.018263, 0.008427, 0.019821, 0.089068, 0.995828, -0.124038, 0.016574, 0.995858, -0.089401, -0.041001, 0.000000, 0.000000, 0.000000, 1.000000
25.7695, 10.1887, -25.7050, 155.9862, 177.9862, -10.1887, 225.7784, 8.4328, -124.0421, -41.1495, 0.994928, 0.084046, -0.055262, 0.010189, -0.098362, 0.927837, -0.359781, -0.025705, 0.021036, 0.363392, 0.931399, 0.155986, 0.000000, 0.000000, 0.000000, 1.000000, 0.021036, 0.363392, 0.931399, 0.177986, -0.994928, -0.084046, 0.055262, -0.010189, 0.098362, -0.927837, 0.359781, 0.225778, 0.000000, 0.000000, 0.000000, 1.000000, -0.999649, 0.017367, 0.019993, 0.008433, 0.021441, 0.087604, 0.995925, -0.124042, 0.015545, 0.996004, -0.087946, -0.041150, 0.000000, 0.000000, 0.000000, 1.000000
25.9381, 10.1443, -25.3021, 155.5248, 177.5248, -10.1443, 225.3755, 8.4285, -124.1125, -41.2634, 0.995013, 0.083729, -0.054203, 0.010144, -0.097796, 0.925791, -0.365166, -0.025302, 0.019606, 0.368646, 0.929363, 0.155525, 0.000000, 0.000000, 0.000000, 1.000000, 0.019606, 0.368646, 0.929363, 0.177525, -0.995013, -0.083729, 0.054203, -0.010144, 0.097796, -0.925791, 0.365166, 0.225376, 0.000000, 0.000000, 0.000000, 1.000000, -0.999670, 0.018003, 0.018331, 0.008428, 0.019885, 0.090343, 0.995712, -0.124112, 0.016270, 0.995748, -0.090671, -0.041263, 0.000000, 0.000000, 0.000000, 1.000000
26.0736, 10.0683, -25.0793, 155.1636, 177.1636, -10.0683, 225.1528, 8.4550, -124.1299, -41.4544, 0.995031, 0.084938, -0.051956, 0.010068, -0.098202, 0.923337, -0.371221, -0.025079, 0.016442, 0.374478, 0.927090, 0.155164, 0.000000, 0.000000, 0.000000, 1.000000, 0.016442, 0.374478, 0.927090, 0.177164, -0.995031, -0.084938, 0.051956, -0.010068, 0.098202, -0.923337, 0.371221, 0.225153, 0.000000, 0.000000, 0.000000, 1.000000, -0.999737, 0.016978, 0.015408, 0.008455, 0.016942, 0.094279, 0.995402, -0.124130, 0.015447, 0.995401, -0.094542, -0.041454, 0.000000, 0.000000, 0.000000, 1.000000
26.2088, 10.1001, -24.9356, 155.1114, 177.1114, -10.1001, 225.0091, 8.3662, -123.8328, -41.6205, 0.995009, 0.084556, -0.052989, 0.010100, -0.098085, 0.926414, -0.363507, -0.024936, 0.018353, 0.366890, 0.930083, 0.155111, 0.000000, 0.000000, 0.000000, 1.000000, 0.018353, 0.366890, 0.930083, 0.177111, -0.995009, -0.084556, 0.052989, -0.010100, 0.098085, -0.926414, 0.363507, 0.225009, 0.000000, 0.000000, 0.000000, 1.000000, -0.999688, 0.018075, 0.017266, 0.008366, 0.018724, 0.083829, 0.996304, -0.123833, 0.016561, 0.996316, -0.084142, -0.041620, 0.000000, 0.000000, 0.000000, 1.000000
26.3874, 10.0398, -24.5265, 154.6161, 176.6161, -10.0398, 224.6000, 8.3759, -123.9082, -41.7655, 0.994985, 0.085097, -0.052563, 0.010040, -0.098557, 0.923719, -0.370176, -0.024527, 0.017053, 0.373500, 0.927473, 0.154616, 0.000000, 0.000000, 0.000000, 1.000000, 0.017053, 0.373500, 0.927473, 0.176616, -0.994985, -0.085097, 0.052563, -0.010040, 0.098557, -0.923719, 0.370176, 0.224600, 0.000000, 0.000000, 0.000000, 1.000000, -0.999712, 0.017823, 0.016060, 0.008376, 0.017567, 0.087862, 0.995978, -0.123908, 0.016340, 0.995973, -0.088149, -0.041765, 0.000000, 0.000000, 0.000000, 1.000000
26.7130, 9.8940, -23.6617, 153.6260, 175.6260, -9.8940, 223.7352, 8.4383, -124.1639, -41.9518, 0.994754, 0.085591, -0.056017, 0.009894, -0.100476, 0.920310, -0.378066, -0.023662, 0.019194, 0.381711, 0.924082, 0.153626, 0.000000, 0.000000, 0.000000, 1.000000, 0.019194, 0.381711, 0.924082, 0.175626, -0.994754, -0.085591, 0.056017, -0.009894, 0.100476, -0.920310, 0.378066, 0.223735, 0.000000, 0.000000, 0.000000, 1.000000, -0.999666, 0.018000, 0.018554, 0.008438, 0.020120, 0.091122, 0.995637, -0.124164, 0.016231, 0.995677, -0.091453, -0.041952, 0.000000, 0.000000, 0.000000, 1.000000
26.9093, 9.8471, -23.2419, 153.1284, 175.1284, -9.8471, 223.3153, 8.4236, -124.1955, -42.1302, 0.994827, 0.086710, -0.052913, 0.009847, -0.100441, 0.917449, -0.384967, -0.023242, 0.015165, 0.388290, 0.921412, 0.153128, 0.000000, 0.000000, 0.000000, 1.000000, 0.015165, 0.388290, 0.921412, 0.175128, -0.994827, -0.086710, 0.052913, -0.009847, 0.100441, -0.917449, 0.384967, 0.223315, 0.000000, 0.000000, 0.000000, 1.000000, -0.999744, 0.017210, 0.014664, 0.008424, 0.016233, 0.094863, 0.995358, -0.124195, 0.015739, 0.995342, -0.095118, -0.042130, 0.000000, 0.000000, 0.000000, 1.000000
27.0806, 9.7886, -23.0133, 152.8221, 174.8221, -9.7886, 223.0868, 8.4146, -124.0588, -42.3818, 0.994740, 0.087495, -0.053271, 0.009789, -0.101342, 0.916378, -0.387273, -0.023013, 0.014932, 0.390635, 0.920425, 0.152822, 0.000000, 0.000000, 0.000000, 1.000000, 0.014932, 0.390635, 0.920425, 0.174822, -0.994740, -0.087495, 0.053271, -0.009789, 0.101342, -0.916378, 0.387273, 0.223087, 0.000000, 0.000000, 0.000000, 1.000000, -0.999750, 0.016851, 0.014726, 0.008415, 0.016254, 0.094466, 0.995395, -0.124059, 0.015383, 0.995385, -0.094716, -0.042382, 0.000000, 0.000000, 0.000000, 1.000000
27.2327, 9.7233, -22.4147, 152.2310, 174.2310, -9.7233, 222.4881, 8.4621, -124.3610, -42.3296, 0.994642, 0.087863, -0.054479, 0.009723, -0.102149, 0.916388, -0.387039, -0.022415, 0.015917, 0.390530, 0.920452, 0.152231, 0.000000, 0.000000, 0.000000, 1.000000, 0.015917, 0.390530, 0.920452, 0.174231, -0.994642, -0.087863, 0.054479, -0.009723, 0.102149, -0.916388, 0.387039, 0.222488, 0.000000, 0.000000, 0.000000, 1.000000, -0.999729, 0.016954, 0.015922, 0.008462, 0.017413, 0.091753, 0.995630, -0.124361, 0.015419, 0.995637, -0.092023, -0.042330, 0.000000, 0.000000, 0.000000, 1.000000
27.4568, 9.6808, -22.2184, 151.9811, 173.9811, -9.6808, 222.2919, 8.4066, -124.0085, -42.7090, 0.994673, 0.087580, -0.054367, 0.009681, -0.101867, 0.915876, -0.388322, -0.022218, 0.015785, 0.391792, 0.919918, 0.151981, 0.000000, 0.000000, 0.000000, 1.000000, 0.015785, 0.391792, 0.919918, 0.173981, -0.994673, -0.087580, 0.054367, -0.009681, 0.101867, -0.915876, 0.388322, 0.222292, 0.000000, 0.000000, 0.000000, 1.000000, -0.999718, 0.017875, 0.015616, 0.008407, 0.017152, 0.089284, 0.995858, -0.124008, 0.016406, 0.995846, -0.089566, -0.042709, 0.000000, 0.000000, 0.000000, 1.000000
27.6495, 9.6105, -21.7915, 151.4871, 173.4871, -9.6105, 221.8649, 8.4181, -124.0489, -42.8818, 0.994587, 0.086953, -0.056880, 0.009610, -0.102375, 0.913644, -0.393412, -0.021791, 0.017760, 0.397106, 0.917601, 0.151487, 0.000000, 0.000000, 0.000000, 1.000000, 0.017760, 0.397106, 0.917601, 0.173487, -0.994587, -0.086953, 0.056880, -0.009610, 0.102375, -0.913644, 0.393412, 0.221865, 0.000000, 0.000000, 0.000000, 1.000000, -0.999669, 0.018872, 0.017499, 0.008418, 0.019160, 0.091747, 0.995598, -0.124049, 0.017183, 0.995603, -0.092078, -0.042882, 0.000000, 0.000000, 0.000000, 1.000000
27.7890, 9.5781, -21.5704, 151.1961, 173.1961, -9.5781, 221.6438, 8.3991, -123.9879, -43.0685, 0.994628, 0.087852, -0.054741, 0.009578, -0.102360, 0.913411, -0.393958, -0.021570, 0.015391, 0.397445, 0.917497, 0.151196, 0.000000, 0.000000, 0.000000, 1.000000, 0.015391, 0.397445, 0.917497, 0.173196, -0.994628, -0.087852, 0.054741, -0.009578, 0.102360, -0.913411, 0.393958, 0.221644, 0.000000, 0.000000, 0.000000, 1.000000, -0.999714, 0.018384, 0.015285, 0.008399, 0.016876, 0.089728, 0.995823, -0.123988, 0.016935, 0.995797, -0.090013, -0.043068, 0.000000, 0.000000, 0.000000, 1.000000
27.9417, 9.4998, -20.9686, 150.5343, 172.5343, -9.4998, 221.0420, 8.4605, -124.3586, -43.0476, 0.994631, 0.089212, -0.052448, 0.009500, -0.102795, 0.910193, -0.401225, -0.020969, 0.011944, 0.404462, 0.914477, 0.150534, 0.000000, 0.000000, 0.000000, 1.000000, 0.011944, 0.404462, 0.914477, 0.172534, -0.994631, -0.089212, 0.052448, -0.009500, 0.102795, -0.910193, 0.401225, 0.221042, 0.000000, 0.000000, 0.000000, 1.000000, -0.999779, 0.017180, 0.012129, 0.008460, 0.013704, 0.094744, 0.995407, -0.124359, 0.015952, 0.995353, -0.094958, -0.043048, 0.000000, 0.000000, 0.000000, 1.000000
28.1500, 9.4607, -20.7342, 150.3247, 172.3247, -9.4607, 220.8077, 8.4125, -124.0248, -43.3475, 0.994493, 0.089734, -0.054138, 0.009461, -0.103979, 0.909399, -0.402717, -0.020734, 0.013096, 0.406128, 0.913722, 0.150325, 0.000000, 0.000000, 0.000000, 1.000000, 0.013096, 0.406128, 0.913722, 0.172325, -0.994493, -0.089734, 0.054138, -0.009461, 0.103979, -0.909399, 0.402717, 0.220808, 0.000000, 0.000000, 0.000000, 1.000000, -0.999759, 0.017223, 0.013600, 0.008413, 0.015145, 0.092997, 0.995551, -0.124025, 0.015882, 0.995517, -0.093235, -0.043348, 0.000000, 0.000000, 0.000000, 1.000000
28.3107, 9.4262, -20.3041, 149.8131, 171.8131, -9.4262, 220.3776, 8.4078, -124.1779, -43.4574, 0.994441, 0.089028, -0.056220, 0.009426, -0.104206, 0.908677, -0.404285, -0.020304, 0.015093, 0.407896, 0.912903, 0.149813, 0.000000, 0.000000, 0.000000, 1.000000, 0.015093, 0.407896, 0.912903, 0.171813, -0.994441, -0.089028, 0.056220, -0.009426, 0.104206, -0.908677, 0.404285, 0.220378, 0.000000, 0.000000, 0.000000, 1.000000, -0.999712, 0.018348, 0.015445, 0.008408, 0.017073, 0.092177, 0.995596, -0.124178, 0.016843, 0.995574, -0.092463, -0.043457, 0.000000, 0.000000, 0.000000, 1.000000
28.4891, 9.4044, -20.1001, 149.6277, 171.6277, -9.4044, 220.1736, 8.3552, -123.8985, -43.7128, 0.994255, 0.089674, -0.058444, 0.009404, -0.105714, 0.908270, -0.404808, -0.020100, 0.016782, 0.408661, 0.912532, 0.149628, 0.000000, 0.000000, 0.000000, 1.000000, 0.016782, 0.408661, 0.912532, 0.171628, -0.994255, -0.089674, 0.058444, -0.009404, 0.105714, -0.908270, 0.404808, 0.220174, 0.000000, 0.000000, 0.000000, 1.000000, -0.999680, 0.018215, 0.017566, 0.008355, 0.019136, 0.089959, 0.995762, -0.123899, 0.016557, 0.995779, -0.090279, -0.043713, 0.000000, 0.000000, 0.000000, 1.000000
28.6418, 9.3114, -19.7235, 149.2418, 171.2418, -9.3114, 219.7970, 8.4066, -123.9372, -43.8245, 0.994315, 0.090241, -0.056519, 0.009311, -0.105433, 0.908616, -0.404104, -0.019724, 0.014887, 0.407766, 0.912965, 0.149242, 0.000000, 0.000000, 0.000000, 1.000000, 0.014887, 0.407766, 0.912965, 0.171242, -0.994315, -0.090241, 0.056519, -0.009311, 0.105433, -0.908616, 0.404104, 0.219797, 0.000000, 0.000000, 0.000000, 1.000000, -0.999712, 0.018156, 0.015711, 0.008407, 0.017223, 0.086370, 0.996114, -0.123937, 0.016728, 0.996098, -0.086658, -0.043824, 0.000000, 0.000000, 0.000000, 1.000000
28.8767, 9.2441, -19.1833, 148.5425, 170.5425, -9.2441, 219.2568, 8.4052, -124.0865, -44.0622, 0.994422, 0.090462, -0.054227, 0.009244, -0.104889, 0.902122, -0.418538, -0.019183, 0.011058, 0.421891, 0.906579, 0.148542, 0.000000, 0.000000, 0.000000, 1.000000, 0.011058, 0.421891, 0.906579, 0.170542, -0.994422, -0.090462, 0.054227, -0.009244, 0.104889, -0.902122, 0.418538, 0.219257, 0.000000, 0.000000, 0.000000, 1.000000, -0.999770, 0.018006, 0.011672, 0.008405, 0.013380, 0.097812, 0.995115, -0.124087, 0.016776, 0.995042, -0.098030, -0.044062, 0.000000, 0.000000, 0.000000, 1.000000
29.0228, 9.2102, -18.7704, 148.1699, 170.1699, -9.2102, 218.8438, 8.4067, -124.1463, -44.1184, 0.994267, 0.090521, -0.056905, 0.009210, -0.106044, 0.902884, -0.416599, -0.018770, 0.013668, 0.420245, 0.907308, 0.148170, 0.000000, 0.000000, 0.000000, 1.000000, 0.013668, 0.420245, 0.907308, 0.170170, -0.994267, -0.090521, 0.056905, -0.009210, 0.106044, -0.902884, 0.416599, 0.218844, 0.000000, 0.000000, 0.000000, 1.000000, -0.999724, 0.018474, 0.014526, 0.008407, 0.016192, 0.093507, 0.995487, -0.124146, 0.017032, 0.995447, -0.093780, -0.044118, 0.000000, 0.000000, 0.000000, 1.000000
29.2748, 9.1539, -18.1410, 147.5253, 169.5253, -9.1539, 218.2144, 8.3951, -124.2249, -44.2965, 0.994039, 0.091366, -0.059480, 0.009154, -0.107922, 0.901924, -0.418194, -0.018141, 0.015438, 0.422121, 0.906408, 0.147525, 0.000000, 0.000000, 0.000000, 1.000000, 0.015438, 0.422121, 0.906408, 0.169525, -0.994039, -0.091366, 0.059480, -0.009154, 0.107922, -0.901924, 0.418194, 0.218214, 0.000000, 0.000000, 0.000000, 1.000000, -0.999690, 0.018313, 0.016850, 0.008395, 0.018453, 0.091257, 0.995656, -0.124225, 0.016696, 0.995659, -0.091567, -0.044296, 0.000000, 0.000000, 0.000000, 1.000000
29.4631, 9.0579, -17.7345, 147.1555, 169.1555, -9.0579, 217.8080, 8.4342, -124.1556, -44.4598, 0.994242, 0.091505, -0.055757, 0.009058, -0.106510, 0.900890, -0.420776, -0.017735, 0.011727, 0.424292, 0.905450, 0.147155, 0.000000, 0.000000, 0.000000, 1.000000, 0.011727, 0.424292, 0.905450, 0.169155, -0.994242, -0.091505, 0.055757, -0.009058, 0.106510, -0.900890, 0.420776, 0.217808, 0.000000, 0.000000, 0.000000, 1.000000, -0.999744, 0.018650, 0.012806, 0.008434, 0.014442, 0.090422, 0.995799, -0.124156, 0.017414, 0.995729, -0.090668, -0.044460, 0.000000, 0.000000, 0.000000, 1.000000
29.7624, 9.0352, -17.2663, 146.5566, 168.5566, -9.0352, 217.3397, 8.3462, -123.9996, -44.8768, 0.994046, 0.092798, -0.057112, 0.009035, -0.108384, 0.896064, -0.430491, -0.017266, 0.011227, 0.434117, 0.900786, 0.146557, 0.000000, 0.000000, 0.000000, 1.000000, 0.011227, 0.434117, 0.900786, 0.168557, -0.994046, -0.092798, 0.057112, -0.009035, 0.108384, -0.896064, 0.430491, 0.217340, 0.000000, 0.000000, 0.000000, 1.000000, -0.999758, 0.017795, 0.012906, 0.008346, 0.014559, 0.096139, 0.995261, -0.124000, 0.016470, 0.995209, -0.096375, -0.044877, 0.000000, 0.000000, 0.000000, 1.000000
29.8905, 8.9928, -17.0679, 146.3934, 168.3934, -8.9928, 217.1413, 8.3414, -123.8433, -45.0295, 0.994064, 0.093067, -0.056355, 0.008993, -0.108257, 0.897734, -0.427029, -0.017068, 0.010850, 0.430595, 0.902480, 0.146393, 0.000000, 0.000000, 0.000000, 1.000000, 0.010850, 0.430595, 0.902480, 0.168393, -0.994064, -0.093067, 0.056355, -0.008993, 0.108257, -0.897734, 0.427029, 0.217141, 0.000000, 0.000000, 0.000000, 1.000000, -0.999757, 0.018092, 0.012556, 0.008341, 0.014137, 0.090058, 0.995836, -0.123843, 0.016886, 0.995772, -0.090292, -0.045029, 0.000000, 0.000000, 0.000000, 1.000000
29.9683, 8.9244, -16.6573, 145.9721, 167.9721, -8.9244, 216.7308, 8.4127, -124.1498, -44.9697, 0.993970, 0.092929, -0.058209, 0.008924, -0.108952, 0.896976, -0.428444, -0.016657, 0.012397, 0.432202, 0.901692, 0.145972, 0.000000, 0.000000, 0.000000, 1.000000, 0.012397, 0.432202, 0.901692, 0.167972, -0.993970, -0.092929, 0.058209, -0.008924, 0.108952, -0.896976, 0.428444, 0.216731, 0.000000, 0.000000, 0.000000, 1.000000, -0.999730, 0.018391, 0.014207, 0.008413, 0.015815, 0.090502, 0.995771, -0.124150, 0.017028, 0.995726, -0.090768, -0.044970, 0.000000, 0.000000, 0.000000, 1.000000
29.9933, 8.8796, -16.4590, 145.7391, 167.7391, -8.8796, 216.5324, 8.4666, -124.3623, -44.9266, 0.993907, 0.093595, -0.058205, 0.008880, -0.109593, 0.895363, -0.431642, -0.016459, 0.011715, 0.435392, 0.900165, 0.145739, 0.000000, 0.000000, 0.000000, 1.000000, 0.011715, 0.435392, 0.900165, 0.167739, -0.993907, -0.093595, 0.058205, -0.008880, 0.109593, -0.895363, 0.431642, 0.216532, 0.000000, 0.000000, 0.000000, 1.000000, -0.999749, 0.017641, 0.013797, 0.008467, 0.015390, 0.093604, 0.995491, -0.124362, 0.016270, 0.995453, -0.093852, -0.044927, 0.000000, 0.000000, 0.000000, 1.000000
30.0048, 8.8540, -16.4130, 145.6991, 167.6991, -8.8540, 216.4864, 8.4910, -124.3814, -44.9255, 0.993976, 0.093641, -0.056953, 0.008854, -0.109090, 0.895353, -0.431790, -0.016413, 0.010560, 0.435402, 0.900174, 0.145699, 0.000000, 0.000000, 0.000000, 1.000000, 0.010560, 0.435402, 0.900174, 0.167699, -0.993976, -0.093641, 0.056953, -0.008854, 0.109090, -0.895353, 0.431790, 0.216486, 0.000000, 0.000000, 0.000000, 1.000000, -0.999766, 0.017630, 0.012534, 0.008491, 0.014128, 0.093420, 0.995527, -0.124381, 0.016380, 0.995471, -0.093647, -0.044925, 0.000000, 0.000000, 0.000000, 1.000000
30.0109, 8.8662, -16.3605, 145.6293, 167.6293, -8.8662, 216.4340, 8.4803, -124.4474, -44.9130, 0.993967, 0.093276, -0.057703, 0.008866, -0.109094, 0.895172, -0.432164, -0.016361, 0.011343, 0.435852, 0.899947, 0.145629, 0.000000, 0.000000, 0.000000, 1.000000, 0.011343, 0.435852, 0.899947, 0.167629, -0.993967, -0.093276, 0.057703, -0.008866, 0.109094, -0.895172, 0.432164, 0.216434, 0.000000, 0.000000, 0.000000, 1.000000, -0.999750, 0.017994, 0.013238, 0.008480, 0.014870, 0.093812, 0.995479, -0.124447, 0.016671, 0.995427, -0.094056, -0.044913, 0.000000, 0.000000, 0.000000, 1.000000
