# Joint_6_Angle(deg), Cam_X(mm), Cam_Y(mm), Cam_Z(mm), Torso_X(mm), Torso_Y(mm), Torso_Z(mm), EE_X(mm), EE_Y(mm), EE_Z(mm), T_cam2marker_flat(16), T_torso2marker_flat(16), T_ee2marker_flat(16)
0.0000, 28.4365, -47.7938, 194.2984, 216.2984, -28.4365, 247.8672, 23.5491, -119.8926, -31.8731, 0.965991, 0.058914, -0.251774, 0.028437, -0.105841, 0.978480, -0.177126, -0.047794, 0.235921, 0.197750, 0.951439, 0.194298, 0.000000, 0.000000, 0.000000, 1.000000, 0.235921, 0.197750, 0.951439, 0.216298, -0.965991, -0.058914, 0.251774, -0.028437, 0.105841, -0.978480, 0.177126, 0.247867, 0.000000, 0.000000, 0.000000, 1.000000, -0.999797, -0.008172, 0.018425, 0.023549, 0.017510, 0.100588, 0.994774, -0.119893, -0.009983, 0.994895, -0.100425, -0.031873, 0.000000, 0.000000, 0.000000, 1.000000
0.0211, 28.4467, -47.7568, 194.2470, 216.2470, -28.4467, 247.8302, 23.5099, -119.9564, -31.8407, 0.965863, 0.058527, -0.252357, 0.028447, -0.105595, 0.978490, -0.177218, -0.047757, 0.236557, 0.197816, 0.951268, 0.194247, 0.000000, 0.000000, 0.000000, 1.000000, 0.236557, 0.197816, 0.951268, 0.216247, -0.965863, -0.058527, 0.252357, -0.028447, 0.105595, -0.978490, 0.177218, 0.247830, 0.000000, 0.000000, 0.000000, 1.000000, -0.999782, -0.007773, 0.019386, 0.023510, 0.018505, 0.100742, 0.994741, -0.119956, -0.009685, 0.994882, -0.100576, -0.031841, 0.000000, 0.000000, 0.000000, 1.000000
0.1283, 28.4393, -47.7763, 194.2250, 216.2250, -28.4393, 247.8498, 23.2964, -120.0187, -31.8627, 0.965899, 0.058555, -0.252211, 0.028439, -0.105507, 0.978562, -0.176872, -0.047776, 0.236448, 0.197451, 0.951370, 0.194225, 0.000000, 0.000000, 0.000000, 1.000000, 0.236448, 0.197451, 0.951370, 0.216225, -0.965899, -0.058555, 0.252211, -0.028439, 0.105507, -0.978562, 0.176872, 0.247850, 0.000000, 0.000000, 0.000000, 1.000000, -0.999749, -0.007524, 0.021120, 0.023296, 0.020259, 0.100389, 0.994742, -0.120019, -0.009605, 0.994920, -0.100211, -0.031863, 0.000000, 0.000000, 0.000000, 1.000000
0.2241, 28.3923, -47.7523, 194.1634, 216.1634, -28.3923, 247.8257, 23.1569, -120.1087, -31.8484, 0.965869, 0.058877, -0.252252, 0.028392, -0.105633, 0.978700, -0.176033, -0.047752, 0.236515, 0.196671, 0.951515, 0.194163, 0.000000, 0.000000, 0.000000, 1.000000, 0.236515, 0.196671, 0.951515, 0.216163, -0.965869, -0.058877, 0.252252, -0.028392, 0.105633, -0.978700, 0.176033, 0.247826, 0.000000, 0.000000, 0.000000, 1.000000, -0.999710, -0.007488, 0.022871, 0.023157, 0.022013, 0.099561, 0.994788, -0.120109, -0.009726, 0.995003, -0.099367, -0.031848, 0.000000, 0.000000, 0.000000, 1.000000
0.3393, 28.3050, -47.7224, 193.9800, 215.9800, -28.3050, 247.7959, 23.0425, -120.3162, -31.8434, 0.965264, 0.059054, -0.254516, 0.028305, -0.105924, 0.978928, -0.174585, -0.047722, 0.238843, 0.195479, 0.951179, 0.193980, 0.000000, 0.000000, 0.000000, 1.000000, 0.238843, 0.195479, 0.951179, 0.215980, -0.965264, -0.059054, 0.254516, -0.028305, 0.105924, -0.978928, 0.174585, 0.247796, 0.000000, 0.000000, 0.000000, 1.000000, -0.999602, -0.007183, 0.027279, 0.023043, 0.026441, 0.098360, 0.994800, -0.120316, -0.009829, 0.995125, -0.098131, -0.031843, 0.000000, 0.000000, 0.000000, 1.000000
0.4698, 28.1267, -47.7198, 193.9717, 215.9717, -28.1267, 247.7933, 22.9438, -120.3375, -31.8548, 0.966029, 0.058662, -0.251688, 0.028127, -0.105731, 0.978373, -0.177783, -0.047720, 0.235816, 0.198355, 0.951339, 0.193972, 0.000000, 0.000000, 0.000000, 1.000000, 0.235816, 0.198355, 0.951339, 0.215972, -0.966029, -0.058662, 0.251688, -0.028127, 0.105731, -0.978373, 0.177783, 0.247793, 0.000000, 0.000000, 0.000000, 1.000000, -0.999624, -0.007239, 0.026461, 0.022944, 0.025592, 0.101303, 0.994526, -0.120338, -0.009880, 0.994829, -0.101079, -0.031855, 0.000000, 0.000000, 0.000000, 1.000000
0.6179, 28.0898, -47.7313, 194.2022, 216.2022, -28.0898, 247.8047, 22.6192, -120.1633, -31.8462, 0.967269, 0.058551, -0.246906, 0.028090, -0.104591, 0.978511, -0.177698, -0.047731, 0.231196, 0.197706, 0.952607, 0.194202, 0.000000, 0.000000, 0.000000, 1.000000, 0.231196, 0.197706, 0.952607, 0.216202, -0.967269, -0.058551, 0.246906, -0.028090, 0.104591, -0.978511, 0.177698, 0.247805, 0.000000, 0.000000, 0.000000, 1.000000, -0.999687, -0.006721, 0.024119, 0.022619, 0.023320, 0.100702, 0.994643, -0.120163, -0.009114, 0.994894, -0.100514, -0.031846, 0.000000, 0.000000, 0.000000, 1.000000
0.7462, 27.9919, -47.7332, 194.1294, 216.1294, -27.9919, 247.8066, 22.4602, -120.2633, -31.8625, 0.967942, 0.058265, -0.244324, 0.027992, -0.104111, 0.978296, -0.179158, -0.047733, 0.228582, 0.198851, 0.953000, 0.194129, 0.000000, 0.000000, 0.000000, 1.000000, 0.228582, 0.198851, 0.953000, 0.216129, -0.967942, -0.058265, 0.244324, -0.027992, 0.104111, -0.978296, 0.179158, 0.247807, 0.000000, 0.000000, 0.000000, 1.000000, -0.999700, -0.006475, 0.023614, 0.022460, 0.022831, 0.101911, 0.994532, -0.120263, -0.008846, 0.994772, -0.101732, -0.031863, 0.000000, 0.000000, 0.000000, 1.000000
0.8750, 27.7982, -47.7303, 194.0489, 216.0489, -27.7982, 247.8038, 22.3955, -120.3508, -31.8820, 0.968128, 0.059459, -0.243295, 0.027798, -0.105077, 0.978210, -0.179064, -0.047730, 0.227346, 0.198922, 0.953281, 0.194049, 0.000000, 0.000000, 0.000000, 1.000000, 0.227346, 0.198922, 0.953281, 0.216049, -0.968128, -0.059459, 0.243295, -0.027798, 0.105077, -0.978210, 0.179064, 0.247804, 0.000000, 0.000000, 0.000000, 1.000000, -0.999665, -0.007431, 0.024797, 0.022395, 0.023913, 0.101747, 0.994523, -0.120351, -0.009913, 0.994783, -0.101535, -0.031882, 0.000000, 0.000000, 0.000000, 1.000000
0.9844, 27.6705, -47.7183, 194.0707, 216.0707, -27.6705, 247.7917, 22.2868, -120.3462, -31.8774, 0.969150, 0.058548, -0.239415, 0.027670, -0.103783, 0.978002, -0.180945, -0.047718, 0.223554, 0.200210, 0.953908, 0.194071, 0.000000, 0.000000, 0.000000, 1.000000, 0.223554, 0.200210, 0.953908, 0.216071, -0.969150, -0.058548, 0.239415, -0.027670, 0.103783, -0.978002, 0.180945, 0.247792, 0.000000, 0.000000, 0.000000, 1.000000, -0.999722, -0.006630, 0.022612, 0.022287, 0.021807, 0.103225, 0.994419, -0.120346, -0.008927, 0.994636, -0.103052, -0.031877, 0.000000, 0.000000, 0.000000, 1.000000
1.1105, 27.6115, -47.7392, 194.0891, 216.0891, -27.6115, 247.8126, 22.0736, -120.3630, -31.9007, 0.969219, 0.059197, -0.238979, 0.027612, -0.104185, 0.978086, -0.180260, -0.047739, 0.223071, 0.199610, 0.954146, 0.194089, 0.000000, 0.000000, 0.000000, 1.000000, 0.223071, 0.199610, 0.954146, 0.216089, -0.969219, -0.059197, 0.238979, -0.027612, 0.104185, -0.978086, 0.180260, 0.247813, 0.000000, 0.000000, 0.000000, 1.000000, -0.999679, -0.006907, 0.024392, 0.022074, 0.023556, 0.102512, 0.994453, -0.120363, -0.009369, 0.994708, -0.102316, -0.031901, 0.000000, 0.000000, 0.000000, 1.000000
1.2423, 27.5334, -47.7169, 194.1096, 216.1096, -27.5334, 247.7904, 21.8708, -120.3792, -31.8824, 0.970120, 0.058318, -0.235512, 0.027533, -0.103041, 0.977826, -0.182314, -0.047717, 0.219658, 0.201134, 0.954618, 0.194110, 0.000000, 0.000000, 0.000000, 1.000000, 0.219658, 0.201134, 0.954618, 0.216110, -0.970120, -0.058318, 0.235512, -0.027533, 0.103041, -0.977826, 0.182314, 0.247790, 0.000000, 0.000000, 0.000000, 1.000000, -0.999716, -0.006141, 0.023013, 0.021871, 0.022248, 0.104217, 0.994306, -0.120379, -0.008505, 0.994536, -0.104051, -0.031882, 0.000000, 0.000000, 0.000000, 1.000000
1.3882, 27.3442, -47.6771, 193.9356, 215.9356, -27.3442, 247.7505, 21.7867, -120.5689, -31.8741, 0.970314, 0.059343, -0.234456, 0.027344, -0.103046, 0.978474, -0.178801, -0.047677, 0.218799, 0.197652, 0.955542, 0.193936, 0.000000, 0.000000, 0.000000, 1.000000, 0.218799, 0.197652, 0.955542, 0.215936, -0.970314, -0.059343, 0.234456, -0.027344, 0.103046, -0.978474, 0.178801, 0.247751, 0.000000, 0.000000, 0.000000, 1.000000, -0.999677, -0.006133, 0.024658, 0.021787, 0.023917, 0.100573, 0.994642, -0.120569, -0.008580, 0.994911, -0.100394, -0.031874, 0.000000, 0.000000, 0.000000, 1.000000
1.5135, 27.2292, -47.6778, 193.9694, 215.9694, -27.2292, 247.7512, 21.6288, -120.5599, -31.8800, 0.970791, 0.058219, -0.232757, 0.027229, -0.102204, 0.978039, -0.181642, -0.047678, 0.217070, 0.200125, 0.955422, 0.193969, 0.000000, 0.000000, 0.000000, 1.000000, 0.217070, 0.200125, 0.955422, 0.215969, -0.970791, -0.058219, 0.232757, -0.027229, 0.102204, -0.978039, 0.181642, 0.247751, 0.000000, 0.000000, 0.000000, 1.000000, -0.999675, -0.005335, 0.024933, 0.021629, 0.024250, 0.103262, 0.994359, -0.120560, -0.007879, 0.994640, -0.103099, -0.031880, 0.000000, 0.000000, 0.000000, 1.000000
1.6545, 27.0952, -47.6629, 193.9222, 215.9222, -27.0952, 247.7363, 21.4733, -120.6334, -31.8798, 0.971572, 0.058850, -0.229313, 0.027095, -0.101640, 0.978489, -0.179524, -0.047663, 0.213815, 0.197727, 0.956654, 0.193922, 0.000000, 0.000000, 0.000000, 1.000000, 0.213815, 0.197727, 0.956654, 0.215922, -0.971572, -0.058850, 0.229313, -0.027095, 0.101640, -0.978489, 0.179524, 0.247736, 0.000000, 0.000000, 0.000000, 1.000000, -0.999699, -0.005196, 0.023975, 0.021473, 0.023330, 0.100771, 0.994636, -0.120633, -0.007584, 0.994896, -0.100620, -0.031880, 0.000000, 0.000000, 0.000000, 1.000000
1.7890, 26.9878, -47.6492, 193.9255, 215.9255, -26.9878, 247.7227, 21.2958, -120.6602, -31.8739, 0.972266, 0.058249, -0.226509, 0.026988, -0.100869, 0.978220, -0.181412, -0.047649, 0.211008, 0.199229, 0.956966, 0.193925, 0.000000, 0.000000, 0.000000, 1.000000, 0.211008, 0.199229, 0.956966, 0.215925, -0.972266, -0.058249, 0.226509, -0.026988, 0.100869, -0.978220, 0.181412, 0.247723, 0.000000, 0.000000, 0.000000, 1.000000, -0.999717, -0.004681, 0.023336, 0.021296, 0.022734, 0.102390, 0.994484, -0.120660, -0.007045, 0.994733, -0.102255, -0.031874, 0.000000, 0.000000, 0.000000, 1.000000
1.9173, 26.8727, -47.6427, 193.8995, 215.8995, -26.8727, 247.7162, 21.1435, -120.7112, -31.8786, 0.972785, 0.059411, -0.223963, 0.026873, -0.100696, 0.978921, -0.177692, -0.047643, 0.208685, 0.195408, 0.958262, 0.193899, 0.000000, 0.000000, 0.000000, 1.000000, 0.208685, 0.195408, 0.958262, 0.215899, -0.972785, -0.059411, 0.223963, -0.026873, 0.100696, -0.978921, 0.177692, 0.247716, 0.000000, 0.000000, 0.000000, 1.000000, -0.999720, -0.004809, 0.023172, 0.021143, 0.022587, 0.098382, 0.994892, -0.120711, -0.007064, 0.995137, -0.098246, -0.031879, 0.000000, 0.000000, 0.000000, 1.000000
2.0628, 26.6686, -47.6103, 193.9020, 215.9020, -26.6686, 247.6837, 21.0392, -120.7254, -31.8613, 0.973640, 0.057785, -0.220648, 0.026669, -0.099647, 0.977938, -0.183599, -0.047610, 0.205170, 0.200746, 0.957918, 0.193902, 0.000000, 0.000000, 0.000000, 1.000000, 0.205170, 0.200746, 0.957918, 0.215902, -0.973640, -0.057785, 0.220648, -0.026669, 0.099647, -0.977938, 0.183599, 0.247684, 0.000000, 0.000000, 0.000000, 1.000000, -0.999750, -0.004044, 0.021976, 0.021039, 0.021436, 0.104008, 0.994345, -0.120725, -0.006307, 0.994568, -0.103895, -0.031861, 0.000000, 0.000000, 0.000000, 1.000000
2.1880, 26.5831, -47.5991, 193.8056, 215.8056, -26.5831, 247.6725, 20.8775, -120.8500, -31.8661, 0.973522, 0.058311, -0.221031, 0.026583, -0.099468, 0.978638, -0.179927, -0.047599, 0.205818, 0.197148, 0.958526, 0.193806, 0.000000, 0.000000, 0.000000, 1.000000, 0.205818, 0.197148, 0.958526, 0.215806, -0.973522, -0.058311, 0.221031, -0.026583, 0.099468, -0.978638, 0.179927, 0.247673, 0.000000, 0.000000, 0.000000, 1.000000, -0.999687, -0.003610, 0.024750, 0.020878, 0.024263, 0.100339, 0.994657, -0.120850, -0.006074, 0.994947, -0.100220, -0.031866, 0.000000, 0.000000, 0.000000, 1.000000
2.3265, 26.5246, -47.5464, 193.7064, 215.7064, -26.5246, 247.6198, 20.6655, -120.9906, -31.8279, 0.972939, 0.058558, -0.223517, 0.026525, -0.100603, 0.978206, -0.181636, -0.047546, 0.208010, 0.199208, 0.957626, 0.193706, 0.000000, 0.000000, 0.000000, 1.000000, 0.208010, 0.199208, 0.957626, 0.215706, -0.972939, -0.058558, 0.223517, -0.026525, 0.100603, -0.978206, 0.181636, 0.247620, 0.000000, 0.000000, 0.000000, 1.000000, -0.999554, -0.004021, 0.029594, 0.020666, 0.029027, 0.102352, 0.994325, -0.120991, -0.007027, 0.994740, -0.102190, -0.031828, 0.000000, 0.000000, 0.000000, 1.000000
2.4772, 26.3296, -47.5440, 193.8250, 215.8250, -26.3296, 247.6174, 20.5173, -120.8925, -31.8283, 0.974893, 0.058774, -0.214779, 0.026330, -0.099049, 0.978320, -0.181875, -0.047544, 0.199433, 0.198582, 0.959579, 0.193825, 0.000000, 0.000000, 0.000000, 1.000000, 0.199433, 0.198582, 0.959579, 0.215825, -0.974893, -0.058774, 0.214779, -0.026330, 0.099049, -0.978320, 0.181875, 0.247617, 0.000000, 0.000000, 0.000000, 1.000000, -0.999722, -0.003841, 0.023279, 0.020517, 0.022768, 0.101700, 0.994555, -0.120892, -0.006188, 0.994808, -0.101584, -0.031828, 0.000000, 0.000000, 0.000000, 1.000000
2.5980, 26.2364, -47.5038, 193.7279, 215.7279, -26.2364, 247.5772, 20.3744, -121.0168, -31.8049, 0.974825, 0.057952, -0.215307, 0.026236, -0.098484, 0.978243, -0.182595, -0.047504, 0.200041, 0.199203, 0.959324, 0.193728, 0.000000, 0.000000, 0.000000, 1.000000, 0.200041, 0.199203, 0.959324, 0.215728, -0.974825, -0.057952, 0.215307, -0.026236, 0.098484, -0.978243, 0.182595, 0.247577, 0.000000, 0.000000, 0.000000, 1.000000, -0.999661, -0.002937, 0.025873, 0.020374, 0.025436, 0.102474, 0.994410, -0.121017, -0.005572, 0.994731, -0.102364, -0.031805, 0.000000, 0.000000, 0.000000, 1.000000
2.7259, 26.1069, -47.5418, 193.7656, 215.7656, -26.1069, 247.6153, 20.2212, -120.9984, -31.8485, 0.975954, 0.057972, -0.210128, 0.026107, -0.097299, 0.978480, -0.181962, -0.047542, 0.195057, 0.198032, 0.960592, 0.193766, 0.000000, 0.000000, 0.000000, 1.000000, 0.195057, 0.198032, 0.960592, 0.215766, -0.975954, -0.057972, 0.210128, -0.026107, 0.097299, -0.978480, 0.181962, 0.247615, 0.000000, 0.000000, 0.000000, 1.000000, -0.999736, -0.002503, 0.022851, 0.020221, 0.022480, 0.101308, 0.994601, -0.120998, -0.004805, 0.994852, -0.101225, -0.031849, 0.000000, 0.000000, 0.000000, 1.000000
2.8617, 25.9516, -47.5082, 193.6781, 215.6781, -25.9516, 247.5816, 20.1049, -121.1068, -31.8354, 0.975858, 0.058948, -0.210303, 0.025952, -0.098103, 0.978592, -0.180925, -0.047508, 0.195135, 0.197188, 0.960749, 0.193678, 0.000000, 0.000000, 0.000000, 1.000000, 0.195135, 0.197188, 0.960749, 0.215678, -0.975858, -0.058948, 0.210303, -0.025952, 0.098103, -0.978592, 0.180925, 0.247582, 0.000000, 0.000000, 0.000000, 1.000000, -0.999671, -0.003066, 0.025446, 0.020105, 0.025011, 0.100303, 0.994643, -0.121107, -0.005602, 0.994952, -0.100193, -0.031835, 0.000000, 0.000000, 0.000000, 1.000000
3.0041, 25.8369, -47.4975, 193.6766, 215.6766, -25.8369, 247.5710, 19.9176, -121.1386, -31.8335, 0.976836, 0.059183, -0.205642, 0.025837, -0.097540, 0.978499, -0.181728, -0.047498, 0.190465, 0.197577, 0.961606, 0.193677, 0.000000, 0.000000, 0.000000, 1.000000, 0.190465, 0.197577, 0.961606, 0.215677, -0.976836, -0.059183, 0.205642, -0.025837, 0.097540, -0.978499, 0.181728, 0.247571, 0.000000, 0.000000, 0.000000, 1.000000, -0.999728, -0.003121, 0.023126, 0.019918, 0.022695, 0.100658, 0.994662, -0.121139, -0.005433, 0.994916, -0.100560, -0.031833, 0.000000, 0.000000, 0.000000, 1.000000
3.1786, 25.6613, -47.4621, 193.6697, 215.6697, -25.6613, 247.5355, 19.7254, -121.1779, -31.8120, 0.977525, 0.057517, -0.202819, 0.025661, -0.096038, 0.977932, -0.185540, -0.047462, 0.187672, 0.200849, 0.961478, 0.193670, 0.000000, 0.000000, 0.000000, 1.000000, 0.187672, 0.200849, 0.961478, 0.215670, -0.977525, -0.057517, 0.202819, -0.025661, 0.096038, -0.977932, 0.185540, 0.247536, 0.000000, 0.000000, 0.000000, 1.000000, -0.999732, -0.001773, 0.023061, 0.019725, 0.022751, 0.104215, 0.994295, -0.121178, -0.004166, 0.994553, -0.104146, -0.031812, 0.000000, 0.000000, 0.000000, 1.000000
3.3486, 25.5745, -47.4989, 193.6813, 215.6813, -25.5745, 247.5724, 19.4457, -121.2067, -31.8539, 0.977875, 0.058130, -0.200950, 0.025575, -0.095758, 0.978450, -0.182939, -0.047499, 0.185985, 0.198134, 0.962368, 0.193681, 0.000000, 0.000000, 0.000000, 1.000000, 0.185985, 0.198134, 0.962368, 0.215681, -0.977875, -0.058130, 0.200950, -0.025575, 0.095758, -0.978450, 0.182939, 0.247572, 0.000000, 0.000000, 0.000000, 1.000000, -0.999704, -0.001577, 0.024264, 0.019446, 0.023979, 0.101405, 0.994556, -0.121207, -0.004029, 0.994844, -0.101338, -0.031854, 0.000000, 0.000000, 0.000000, 1.000000
3.4866, 25.3874, -47.4936, 193.6138, 215.6138, -25.3874, 247.5671, 19.3490, -121.2884, -31.8692, 0.978858, 0.059228, -0.195778, 0.025387, -0.095487, 0.978779, -0.181312, -0.047494, 0.180885, 0.196173, 0.963741, 0.193614, 0.000000, 0.000000, 0.000000, 1.000000, 0.180885, 0.196173, 0.963741, 0.215614, -0.978858, -0.059228, 0.195778, -0.025387, 0.095487, -0.978779, 0.181312, 0.247567, 0.000000, 0.000000, 0.000000, 1.000000, -0.999767, -0.002068, 0.021501, 0.019349, 0.021190, 0.099271, 0.994835, -0.121288, -0.004192, 0.995058, -0.099204, -0.031869, 0.000000, 0.000000, 0.000000, 1.000000
3.6158, 25.3206, -47.4645, 193.5658, 215.5658, -25.3206, 247.5379, 19.1514, -121.3703, -31.8499, 0.978640, 0.058432, -0.197103, 0.025321, -0.095862, 0.977847, -0.186080, -0.047464, 0.181864, 0.201000, 0.962561, 0.193566, 0.000000, 0.000000, 0.000000, 1.000000, 0.181864, 0.201000, 0.962561, 0.215566, -0.978640, -0.058432, 0.197103, -0.025321, 0.095862, -0.977847, 0.186080, 0.247538, 0.000000, 0.000000, 0.000000, 1.000000, -0.999690, -0.001908, 0.024808, 0.019151, 0.024474, 0.104229, 0.994252, -0.121370, -0.004483, 0.994551, -0.104150, -0.031850, 0.000000, 0.000000, 0.000000, 1.000000
3.7441, 25.2345, -47.4460, 193.4816, 215.4816, -25.2345, 247.5195, 18.9789, -121.4831, -31.8463, 0.978056, 0.058852, -0.199858, 0.025235, -0.096789, 0.977824, -0.185722, -0.047446, 0.184496, 0.200990, 0.962062, 0.193482, 0.000000, 0.000000, 0.000000, 1.000000, 0.184496, 0.200990, 0.962062, 0.215482, -0.978056, -0.058852, 0.199858, -0.025235, 0.096789, -0.977824, 0.185722, 0.247519, 0.000000, 0.000000, 0.000000, 1.000000, -0.999552, -0.002089, 0.029855, 0.018979, 0.029475, 0.104157, 0.994124, -0.121483, -0.005186, 0.994559, -0.104049, -0.031846, 0.000000, 0.000000, 0.000000, 1.000000
3.8659, 25.0355, -47.4348, 193.4583, 215.4583, -25.0355, 247.5082, 18.9213, -121.5149, -31.8523, 0.979096, 0.058813, -0.194710, 0.025035, -0.095465, 0.978170, -0.184580, -0.047435, 0.179604, 0.199309, 0.963337, 0.193458, 0.000000, 0.000000, 0.000000, 1.000000, 0.179604, 0.199309, 0.963337, 0.215458, -0.979096, -0.058813, 0.194710, -0.025035, 0.095465, -0.978170, 0.184580, 0.247508, 0.000000, 0.000000, 0.000000, 1.000000, -0.999639, -0.001540, 0.026806, 0.018921, 0.026507, 0.102485, 0.994381, -0.121515, -0.004278, 0.994733, -0.102407, -0.031852, 0.000000, 0.000000, 0.000000, 1.000000
3.9797, 24.9621, -47.4449, 193.5144, 215.5144, -24.9621, 247.5184, 18.7426, -121.4844, -31.8623, 0.979682, 0.059093, -0.191652, 0.024962, -0.094924, 0.978416, -0.183551, -0.047445, 0.176669, 0.198014, 0.964146, 0.193514, 0.000000, 0.000000, 0.000000, 1.000000, 0.176669, 0.198014, 0.964146, 0.215514, -0.979682, -0.059093, 0.191652, -0.024962, 0.094924, -0.978416, 0.183551, 0.247518, 0.000000, 0.000000, 0.000000, 1.000000, -0.999668, -0.001393, 0.025739, 0.018743, 0.025466, 0.101149, 0.994545, -0.121484, -0.003988, 0.994870, -0.101080, -0.031862, 0.000000, 0.000000, 0.000000, 1.000000
4.1115, 24.8333, -47.4202, 193.5478, 215.5478, -24.8333, 247.4937, 18.5870, -121.4763, -31.8440, 0.980820, 0.058646, -0.185886, 0.024833, -0.093776, 0.978017, -0.186248, -0.047420, 0.170877, 0.200108, 0.964758, 0.193548, 0.000000, 0.000000, 0.000000, 1.000000, 0.170877, 0.200108, 0.964758, 0.215548, -0.980820, -0.058646, 0.185886, -0.024833, 0.093776, -0.978017, 0.186248, 0.247494, 0.000000, 0.000000, 0.000000, 1.000000, -0.999757, -0.001069, 0.022019, 0.018587, 0.021791, 0.103316, 0.994410, -0.121476, -0.003338, 0.994648, -0.103267, -0.031844, 0.000000, 0.000000, 0.000000, 1.000000
4.2693, 24.6515, -47.3682, 193.3309, 215.3309, -24.6515, 247.4416, 18.4681, -121.7168, -31.8273, 0.980464, 0.059351, -0.187532, 0.024651, -0.094606, 0.978165, -0.185049, -0.047368, 0.172454, 0.199175, 0.964670, 0.193331, 0.000000, 0.000000, 0.000000, 1.000000, 0.172454, 0.199175, 0.964670, 0.215331, -0.980464, -0.059351, 0.187532, -0.024651, 0.094606, -0.978165, 0.185049, 0.247442, 0.000000, 0.000000, 0.000000, 1.000000, -0.999648, -0.001329, 0.026497, 0.018468, 0.026223, 0.102279, 0.994410, -0.121717, -0.004031, 0.994755, -0.102208, -0.031827, 0.000000, 0.000000, 0.000000, 1.000000
4.3932, 24.5457, -47.4167, 193.5624, 215.5624, -24.5457, 247.4902, 18.2713, -121.5082, -31.8604, 0.981920, 0.058863, -0.179910, 0.024546, -0.092740, 0.978139, -0.186130, -0.047417, 0.165021, 0.199449, 0.965913, 0.193562, 0.000000, 0.000000, 0.000000, 1.000000, 0.165021, 0.199449, 0.965913, 0.215562, -0.981920, -0.058863, 0.179910, -0.024546, 0.092740, -0.978139, 0.186130, 0.247490, 0.000000, 0.000000, 0.000000, 1.000000, -0.999782, -0.000669, 0.020861, 0.018271, 0.020682, 0.102628, 0.994505, -0.121508, -0.002806, 0.994720, -0.102592, -0.031860, 0.000000, 0.000000, 0.000000, 1.000000
4.5167, 24.4989, -47.4140, 193.5188, 215.5188, -24.4989, 247.4874, 18.0619, -121.5834, -31.8655, 0.981742, 0.058687, -0.180936, 0.024499, -0.092594, 0.978353, -0.185073, -0.047414, 0.166157, 0.198447, 0.965925, 0.193519, 0.000000, 0.000000, 0.000000, 1.000000, 0.166157, 0.198447, 0.965925, 0.215519, -0.981742, -0.058687, 0.180936, -0.024499, 0.092594, -0.978353, 0.185073, 0.247487, 0.000000, 0.000000, 0.000000, 1.000000, -0.999709, -0.000112, 0.024107, 0.018062, 0.023971, 0.101650, 0.994531, -0.121583, -0.002562, 0.994820, -0.101618, -0.031865, 0.000000, 0.000000, 0.000000, 1.000000
4.6758, 24.2777, -47.3660, 193.5002, 215.5002, -24.2777, 247.4395, 17.9492, -121.6229, -31.8361, 0.982836, 0.058304, -0.175027, 0.024278, -0.091366, 0.978055, -0.187245, -0.047366, 0.160269, 0.200022, 0.966595, 0.193500, 0.000000, 0.000000, 0.000000, 1.000000, 0.160269, 0.200022, 0.966595, 0.215500, -0.982836, -0.058304, 0.175027, -0.024278, 0.091366, -0.978055, 0.187245, 0.247439, 0.000000, 0.000000, 0.000000, 1.000000, -0.999785, 0.000301, 0.020756, 0.017949, 0.020676, 0.103284, 0.994437, -0.121623, -0.001844, 0.994652, -0.103268, -0.031836, 0.000000, 0.000000, 0.000000, 1.000000
4.8133, 24.2035, -47.3115, 193.3332, 215.3332, -24.2035, 247.3850, 17.7582, -121.8243, -31.8041, 0.981916, 0.058545, -0.180037, 0.024204, -0.092622, 0.977957, -0.187141, -0.047312, 0.165112, 0.200432, 0.965694, 0.193333, 0.000000, 0.000000, 0.000000, 1.000000, 0.165112, 0.200432, 0.965694, 0.215333, -0.981916, -0.058545, 0.180037, -0.024204, 0.092622, -0.977957, 0.187141, 0.247385, 0.000000, 0.000000, 0.000000, 1.000000, -0.999602, 0.000246, 0.028219, 0.017758, 0.028093, 0.103661, 0.994216, -0.121824, -0.002680, 0.994613, -0.103626, -0.031804, 0.000000, 0.000000, 0.000000, 1.000000
5.0010, 24.0068, -47.3564, 193.5338, 215.5338, -24.0068, 247.4299, 17.5223, -121.6521, -31.8434, 0.984138, 0.058156, -0.167600, 0.024007, -0.089914, 0.977921, -0.188640, -0.047356, 0.152929, 0.200718, 0.967639, 0.193534, 0.000000, 0.000000, 0.000000, 1.000000, 0.152929, 0.200718, 0.967639, 0.215534, -0.984138, -0.058156, 0.167600, -0.024007, 0.089914, -0.977921, 0.188640, 0.247430, 0.000000, 0.000000, 0.000000, 1.000000, -0.999823, 0.000928, 0.018807, 0.017522, 0.018801, 0.103999, 0.994400, -0.121652, -0.001033, 0.994577, -0.103998, -0.031843, 0.000000, 0.000000, 0.000000, 1.000000
5.1587, 23.9446, -47.3110, 193.3544, 215.3544, -23.9446, 247.3845, 17.2764, -121.8721, -31.8207, 0.983181, 0.057960, -0.173191, 0.023945, -0.090344, 0.978499, -0.185410, -0.047311, 0.158721, 0.197938, 0.967279, 0.193354, 0.000000, 0.000000, 0.000000, 1.000000, 0.158721, 0.197938, 0.967279, 0.215354, -0.983181, -0.057960, 0.173191, -0.023945, 0.090344, -0.978499, 0.185410, 0.247384, 0.000000, 0.000000, 0.000000, 1.000000, -0.999623, 0.001825, 0.027394, 0.017276, 0.027438, 0.101231, 0.994484, -0.121872, -0.000958, 0.994861, -0.101243, -0.031821, 0.000000, 0.000000, 0.000000, 1.000000
5.2734, 23.7356, -47.2898, 193.3479, 215.3479, -23.7356, 247.3632, 17.2415, -121.8860, -31.8158, 0.984130, 0.058107, -0.167665, 0.023736, -0.089566, 0.978332, -0.186665, -0.047290, 0.153186, 0.198720, 0.968011, 0.193348, 0.000000, 0.000000, 0.000000, 1.000000, 0.153186, 0.198720, 0.968011, 0.215348, -0.984130, -0.058107, 0.167665, -0.023736, 0.089566, -0.978332, 0.186665, 0.247363, 0.000000, 0.000000, 0.000000, 1.000000, -0.999717, 0.001767, 0.023723, 0.017241, 0.023779, 0.101993, 0.994501, -0.121886, -0.000663, 0.994784, -0.102006, -0.031816, 0.000000, 0.000000, 0.000000, 1.000000
5.3978, 23.6553, -47.2865, 193.2841, 215.2841, -23.6553, 247.3600, 17.0647, -121.9756, -31.8249, 0.984039, 0.058670, -0.168006, 0.023655, -0.089965, 0.978572, -0.185212, -0.047287, 0.153539, 0.197371, 0.968231, 0.193284, 0.000000, 0.000000, 0.000000, 1.000000, 0.153539, 0.197371, 0.968231, 0.215284, -0.984039, -0.058670, 0.168006, -0.023655, 0.089965, -0.978572, 0.185212, 0.247360, 0.000000, 0.000000, 0.000000, 1.000000, -0.999652, 0.001625, 0.026316, 0.017065, 0.026346, 0.100560, 0.994582, -0.121976, -0.001030, 0.994930, -0.100568, -0.031825, 0.000000, 0.000000, 0.000000, 1.000000
5.5745, 23.4581, -47.2616, 193.2488, 215.2488, -23.4581, 247.3350, 16.8900, -122.0386, -31.8182, 0.984868, 0.057692, -0.163422, 0.023458, -0.088608, 0.978022, -0.188739, -0.047262, 0.148941, 0.200364, 0.968334, 0.193249, 0.000000, 0.000000, 0.000000, 1.000000, 0.148941, 0.200364, 0.968334, 0.215249, -0.984868, -0.057692, 0.163422, -0.023458, 0.088608, -0.978022, 0.188739, 0.247335, 0.000000, 0.000000, 0.000000, 1.000000, -0.999696, 0.002481, 0.024534, 0.016890, 0.024659, 0.103688, 0.994304, -0.122039, -0.000077, 0.994607, -0.103717, -0.031818, 0.000000, 0.000000, 0.000000, 1.000000
5.6988, 23.3681, -47.2750, 193.2159, 215.2159, -23.3681, 247.3484, 16.7169, -122.0945, -31.8414, 0.984680, 0.058042, -0.164431, 0.023368, -0.088677, 0.978616, -0.185598, -0.047275, 0.150142, 0.197336, 0.968770, 0.193216, 0.000000, 0.000000, 0.000000, 1.000000, 0.150142, 0.197336, 0.968770, 0.215216, -0.984680, -0.058042, 0.164431, -0.023368, 0.088677, -0.978616, 0.185598, 0.247348, 0.000000, 0.000000, 0.000000, 1.000000, -0.999607, 0.002782, 0.027907, 0.016717, 0.028045, 0.100594, 0.994532, -0.122095, -0.000040, 0.994924, -0.100632, -0.031841, 0.000000, 0.000000, 0.000000, 1.000000
5.8254, 23.2786, -47.2730, 193.2355, 215.2355, -23.2786, 247.3465, 16.5334, -122.1005, -31.8442, 0.985210, 0.058614, -0.161015, 0.023279, -0.088824, 0.978264, -0.187377, -0.047273, 0.146532, 0.198907, 0.969002, 0.193236, 0.000000, 0.000000, 0.000000, 1.000000, 0.146532, 0.198907, 0.969002, 0.215236, -0.985210, -0.058614, 0.161015, -0.023279, 0.088824, -0.978264, 0.187377, 0.247346, 0.000000, 0.000000, 0.000000, 1.000000, -0.999645, 0.002219, 0.026545, 0.016533, 0.026633, 0.102098, 0.994418, -0.122101, -0.000503, 0.994772, -0.102121, -0.031844, 0.000000, 0.000000, 0.000000, 1.000000
5.9638, 23.1011, -47.2231, 193.1011, 215.1011, -23.1011, 247.2966, 16.4341, -122.2551, -31.8212, 0.985884, 0.058862, -0.156744, 0.023101, -0.088372, 0.978082, -0.188538, -0.047223, 0.142211, 0.199728, 0.969477, 0.193101, 0.000000, 0.000000, 0.000000, 1.000000, 0.142211, 0.199728, 0.969477, 0.215101, -0.985884, -0.058862, 0.156744, -0.023101, 0.088372, -0.978082, 0.188538, 0.247297, 0.000000, 0.000000, 0.000000, 1.000000, -0.999696, 0.002108, 0.024566, 0.016434, 0.024653, 0.102888, 0.994387, -0.122255, -0.000432, 0.994691, -0.102909, -0.031821, 0.000000, 0.000000, 0.000000, 1.000000
6.0895, 22.9767, -47.2184, 193.2123, 215.2123, -22.9767, 247.2919, 16.2765, -122.1660, -31.8148, 0.985877, 0.059235, -0.156644, 0.022977, -0.089335, 0.977176, -0.192732, -0.047218, 0.141653, 0.204004, 0.968668, 0.193212, 0.000000, 0.000000, 0.000000, 1.000000, 0.141653, 0.204004, 0.968668, 0.215212, -0.985877, -0.059235, 0.156644, -0.022977, 0.089335, -0.977176, 0.192732, 0.247292, 0.000000, 0.000000, 0.000000, 1.000000, -0.999651, 0.001392, 0.026384, 0.016277, 0.026381, 0.107144, 0.993893, -0.122166, -0.001443, 0.994242, -0.107144, -0.031815, 0.000000, 0.000000, 0.000000, 1.000000
6.2104, 22.9064, -47.1919, 193.0328, 215.0328, -22.9064, 247.2654, 16.1111, -122.3714, -31.8114, 0.985385, 0.058576, -0.159953, 0.022906, -0.089499, 0.976996, -0.193568, -0.047192, 0.144934, 0.205055, 0.967960, 0.193033, 0.000000, 0.000000, 0.000000, 1.000000, 0.144934, 0.205055, 0.967960, 0.215033, -0.985385, -0.058576, 0.159953, -0.022906, 0.089499, -0.976996, 0.193568, 0.247265, 0.000000, 0.000000, 0.000000, 1.000000, -0.999493, 0.002135, 0.031763, 0.016111, 0.031808, 0.108276, 0.993612, -0.122371, -0.001318, 0.994119, -0.108289, -0.031811, 0.000000, 0.000000, 0.000000, 1.000000
6.3308, 22.7977, -47.2313, 193.1588, 215.1588, -22.7977, 247.3048, 15.9441, -122.2639, -31.8461, 0.986370, 0.059599, -0.153370, 0.022798, -0.088784, 0.977541, -0.191129, -0.047231, 0.138534, 0.202141, 0.969509, 0.193159, 0.000000, 0.000000, 0.000000, 1.000000, 0.138534, 0.202141, 0.969509, 0.215159, -0.986370, -0.059599, 0.153370, -0.022798, 0.088784, -0.977541, 0.191129, 0.247305, 0.000000, 0.000000, 0.000000, 1.000000, -0.999624, 0.001722, 0.027369, 0.015944, 0.027398, 0.105219, 0.994072, -0.122264, -0.001168, 0.994448, -0.105227, -0.031846, 0.000000, 0.000000, 0.000000, 1.000000
6.4912, 22.6062, -47.2130, 193.3461, 215.3461, -22.6062, 247.2864, 15.7726, -122.1021, -31.8236, 0.987844, 0.058242, -0.144127, 0.022606, -0.086052, 0.977024, -0.194987, -0.047213, 0.129459, 0.205019, 0.970159, 0.193346, 0.000000, 0.000000, 0.000000, 1.000000, 0.129459, 0.205019, 0.970159, 0.215346, -0.987844, -0.058242, 0.144127, -0.022606, 0.086052, -0.977024, 0.194987, 0.247286, 0.000000, 0.000000, 0.000000, 1.000000, -0.999783, 0.003003, 0.020599, 0.015773, 0.020803, 0.108265, 0.993904, -0.122102, 0.000755, 0.994118, -0.108304, -0.031824, 0.000000, 0.000000, 0.000000, 1.000000
6.6283, 22.5289, -47.1773, 193.2097, 215.2097, -22.5289, 247.2508, 15.5745, -122.2689, -31.8075, 0.987444, 0.059645, -0.146278, 0.022529, -0.087667, 0.977208, -0.193339, -0.047177, 0.131412, 0.203735, 0.970166, 0.193210, 0.000000, 0.000000, 0.000000, 1.000000, 0.131412, 0.203735, 0.970166, 0.215210, -0.987444, -0.059645, 0.146278, -0.022529, 0.087667, -0.977208, 0.193339, 0.247251, 0.000000, 0.000000, 0.000000, 1.000000, -0.999679, 0.002025, 0.025247, 0.015574, 0.025319, 0.106811, 0.993957, -0.122269, -0.000684, 0.994277, -0.106828, -0.031807, 0.000000, 0.000000, 0.000000, 1.000000
6.7632, 22.4342, -47.1403, 193.1335, 215.1335, -22.4342, 247.2138, 15.3914, -122.3734, -31.7853, 0.987511, 0.059215, -0.145996, 0.022434, -0.087344, 0.977001, -0.194527, -0.047140, 0.131120, 0.204849, 0.969971, 0.193133, 0.000000, 0.000000, 0.000000, 1.000000, 0.131120, 0.204849, 0.969971, 0.215133, -0.987511, -0.059215, 0.145996, -0.022434, 0.087344, -0.977001, 0.194527, 0.247214, 0.000000, 0.000000, 0.000000, 1.000000, -0.999626, 0.002569, 0.027228, 0.015391, 0.027347, 0.107975, 0.993777, -0.122373, -0.000387, 0.994150, -0.108005, -0.031785, 0.000000, 0.000000, 0.000000, 1.000000
6.9187, 22.2426, -47.1584, 193.1128, 215.1128, -22.2426, 247.2319, 15.2496, -122.4127, -31.8196, 0.988625, 0.059131, -0.138288, 0.022243, -0.085163, 0.977954, -0.190667, -0.047158, 0.123965, 0.200276, 0.971865, 0.193113, 0.000000, 0.000000, 0.000000, 1.000000, 0.123965, 0.200276, 0.971865, 0.215113, -0.988625, -0.059131, 0.138288, -0.022243, 0.085163, -0.977954, 0.190667, 0.247232, 0.000000, 0.000000, 0.000000, 1.000000, -0.999743, 0.003489, 0.022419, 0.015250, 0.022659, 0.103363, 0.994386, -0.122413, 0.001152, 0.994638, -0.103415, -0.031820, 0.000000, 0.000000, 0.000000, 1.000000
7.0537, 22.1644, -47.1362, 193.0006, 215.0006, -22.1644, 247.2097, 15.0518, -122.5530, -31.8144, 0.987919, 0.058908, -0.143341, 0.022164, -0.085843, 0.978086, -0.189680, -0.047136, 0.129026, 0.199693, 0.971326, 0.193001, 0.000000, 0.000000, 0.000000, 1.000000, 0.129026, 0.199693, 0.971326, 0.215001, -0.987919, -0.058908, 0.143341, -0.022164, 0.085843, -0.978086, 0.189680, 0.247210, 0.000000, 0.000000, 0.000000, 1.000000, -0.999545, 0.004022, 0.029906, 0.015052, 0.030161, 0.102790, 0.994246, -0.122553, 0.000925, 0.994695, -0.102864, -0.031814, 0.000000, 0.000000, 0.000000, 1.000000
7.1745, 21.9768, -47.0709, 192.9559, 214.9559, -21.9768, 247.1443, 14.9892, -122.6151, -31.7679, 0.988217, 0.058709, -0.141352, 0.021977, -0.085593, 0.977583, -0.192368, -0.047071, 0.126889, 0.202201, 0.971089, 0.192956, 0.000000, 0.000000, 0.000000, 1.000000, 0.126889, 0.202201, 0.971089, 0.214956, -0.988217, -0.058709, 0.141352, -0.021977, 0.085593, -0.977583, 0.192368, 0.247144, 0.000000, 0.000000, 0.000000, 1.000000, -0.999546, 0.004151, 0.029828, 0.014989, 0.030100, 0.105331, 0.993982, -0.122615, 0.000984, 0.994429, -0.105408, -0.031768, 0.000000, 0.000000, 0.000000, 1.000000
7.3020, 21.9180, -47.0385, 192.8849, 214.8849, -21.9180, 247.1120, 14.7842, -122.7154, -31.7472, 0.988380, 0.058569, -0.140268, 0.021918, -0.085379, 0.977376, -0.193512, -0.047039, 0.125761, 0.203239, 0.971019, 0.192885, 0.000000, 0.000000, 0.000000, 1.000000, 0.125761, 0.203239, 0.971019, 0.214885, -0.988380, -0.058569, 0.140268, -0.021918, 0.085379, -0.977376, 0.193512, 0.247112, 0.000000, 0.000000, 0.000000, 1.000000, -0.999514, 0.004409, 0.030875, 0.014784, 0.031169, 0.106383, 0.993837, -0.122715, 0.001097, 0.994315, -0.106469, -0.031747, 0.000000, 0.000000, 0.000000, 1.000000
7.4118, 21.7728, -47.0660, 192.9103, 214.9103, -21.7728, 247.1394, 14.6883, -122.7013, -31.7827, 0.988945, 0.058192, -0.136389, 0.021773, -0.083767, 0.978199, -0.190027, -0.047066, 0.122358, 0.199352, 0.972259, 0.192910, 0.000000, 0.000000, 0.000000, 1.000000, 0.122358, 0.199352, 0.972259, 0.214910, -0.988945, -0.058192, 0.136389, -0.021773, 0.083767, -0.978199, 0.190027, 0.247139, 0.000000, 0.000000, 0.000000, 1.000000, -0.999562, 0.005417, 0.029108, 0.014688, 0.029510, 0.102486, 0.994297, -0.122701, 0.002402, 0.994720, -0.102601, -0.031783, 0.000000, 0.000000, 0.000000, 1.000000
7.5437, 21.6870, -47.0934, 192.9206, 214.9206, -21.6870, 247.1669, 14.4878, -122.7136, -31.8153, 0.988717, 0.058665, -0.137829, 0.021687, -0.084616, 0.977990, -0.190725, -0.047093, 0.123606, 0.200236, 0.971919, 0.192921, 0.000000, 0.000000, 0.000000, 1.000000, 0.123606, 0.200236, 0.971919, 0.214921, -0.988717, -0.058665, 0.137829, -0.021687, 0.084616, -0.977990, 0.190725, 0.247167, 0.000000, 0.000000, 0.000000, 1.000000, -0.999449, 0.005085, 0.032797, 0.014488, 0.033147, 0.103322, 0.994095, -0.122714, 0.001667, 0.994635, -0.103434, -0.031815, 0.000000, 0.000000, 0.000000, 1.000000
7.6575, 21.6184, -47.0462, 192.8870, 214.8870, -21.6184, 247.1196, 14.3191, -122.7732, -31.7768, 0.988851, 0.058086, -0.137110, 0.021618, -0.084017, 0.977855, -0.191679, -0.047046, 0.122940, 0.201062, 0.971833, 0.192887, 0.000000, 0.000000, 0.000000, 1.000000, 0.122940, 0.201062, 0.971833, 0.214887, -0.988851, -0.058086, 0.137110, -0.021618, 0.084017, -0.977855, 0.191679, 0.247120, 0.000000, 0.000000, 0.000000, 1.000000, -0.999406, 0.005781, 0.033987, 0.014319, 0.034405, 0.104198, 0.993961, -0.122773, 0.002205, 0.994540, -0.104335, -0.031777, 0.000000, 0.000000, 0.000000, 1.000000
7.8385, 21.4157, -47.0327, 192.7614, 214.7614, -21.4157, 247.1062, 14.1441, -122.9247, -31.7910, 0.989187, 0.059241, -0.134164, 0.021416, -0.084400, 0.978071, -0.190402, -0.047033, 0.119942, 0.199667, 0.972495, 0.192761, 0.000000, 0.000000, 0.000000, 1.000000, 0.119942, 0.199667, 0.972495, 0.214761, -0.989187, -0.059241, 0.134164, -0.021416, 0.084400, -0.978071, 0.190402, 0.247106, 0.000000, 0.000000, 0.000000, 1.000000, -0.999400, 0.005101, 0.034251, 0.014144, 0.034594, 0.102669, 0.994114, -0.122925, 0.001554, 0.994702, -0.102784, -0.031791, 0.000000, 0.000000, 0.000000, 1.000000
7.9515, 21.3482, -46.9782, 192.7469, 214.7469, -21.3482, 247.0516, 13.9745, -122.9656, -31.7433, 0.989106, 0.058556, -0.135058, 0.021348, -0.084108, 0.977775, -0.192045, -0.046978, 0.120811, 0.201312, 0.972048, 0.192747, 0.000000, 0.000000, 0.000000, 1.000000, 0.120811, 0.201312, 0.972048, 0.214747, -0.989106, -0.058556, 0.135058, -0.021348, 0.084108, -0.977775, 0.192045, 0.247052, 0.000000, 0.000000, 0.000000, 1.000000, -0.999298, 0.005821, 0.037001, 0.013975, 0.037406, 0.104380, 0.993834, -0.122966, 0.001923, 0.994520, -0.104524, -0.031743, 0.000000, 0.000000, 0.000000, 1.000000
8.0714, 21.1243, -47.0405, 192.9825, 214.9825, -21.1243, 247.1139, 13.9151, -122.7353, -31.7984, 0.990870, 0.058218, -0.121606, 0.021124, -0.080936, 0.978215, -0.191169, -0.047040, 0.107827, 0.199266, 0.973995, 0.192982, 0.000000, 0.000000, 0.000000, 1.000000, 0.107827, 0.199266, 0.973995, 0.214982, -0.990870, -0.058218, 0.121606, -0.021124, 0.080936, -0.978215, 0.191169, 0.247114, 0.000000, 0.000000, 0.000000, 1.000000, -0.999650, 0.006579, 0.025633, 0.013915, 0.026172, 0.102327, 0.994406, -0.122735, 0.003919, 0.994729, -0.102464, -0.031798, 0.000000, 0.000000, 0.000000, 1.000000
8.2222, 21.0574, -47.0334, 193.0083, 215.0083, -21.0574, 247.1068, 13.6571, -122.7407, -31.7938, 0.991170, 0.058366, -0.119064, 0.021057, -0.080984, 0.977453, -0.195008, -0.047033, 0.104998, 0.202929, 0.973548, 0.193008, 0.000000, 0.000000, 0.000000, 1.000000, 0.104998, 0.202929, 0.973548, 0.215008, -0.991170, -0.058366, 0.119064, -0.021057, 0.080984, -0.977453, 0.195008, 0.247107, 0.000000, 0.000000, 0.000000, 1.000000, -0.999656, 0.006349, 0.025444, 0.013657, 0.025974, 0.106001, 0.994027, -0.122741, 0.003614, 0.994346, -0.106129, -0.031794, 0.000000, 0.000000, 0.000000, 1.000000
8.3426, 20.9130, -47.0279, 192.9819, 214.9819, -20.9130, 247.1014, 13.5452, -122.7836, -31.8018, 0.991511, 0.058404, -0.116167, 0.020913, -0.080288, 0.977772, -0.193691, -0.047028, 0.102272, 0.201374, 0.974161, 0.192982, 0.000000, 0.000000, 0.000000, 1.000000, 0.102272, 0.201374, 0.974161, 0.214982, -0.991511, -0.058404, 0.116167, -0.020913, 0.080288, -0.977772, 0.193691, 0.247101, 0.000000, 0.000000, 0.000000, 1.000000, -0.999672, 0.006680, 0.024715, 0.013545, 0.025278, 0.104412, 0.994213, -0.122784, 0.004061, 0.994512, -0.104547, -0.031802, 0.000000, 0.000000, 0.000000, 1.000000
8.4744, 20.7788, -46.9838, 192.9083, 214.9083, -20.7788, 247.0573, 13.4051, -122.8806, -31.7752, 0.991260, 0.059084, -0.117949, 0.020779, -0.081721, 0.976905, -0.197431, -0.046984, 0.103560, 0.205344, 0.973195, 0.192908, 0.000000, 0.000000, 0.000000, 1.000000, 0.103560, 0.205344, 0.973195, 0.214908, -0.991260, -0.059084, 0.117949, -0.020779, 0.081721, -0.976905, 0.197431, 0.247057, 0.000000, 0.000000, 0.000000, 1.000000, -0.999575, 0.005877, 0.028540, 0.013405, 0.029009, 0.108361, 0.993688, -0.122881, 0.002747, 0.994094, -0.108486, -0.031775, 0.000000, 0.000000, 0.000000, 1.000000
8.5878, 20.6675, -46.9909, 192.9213, 214.9213, -20.6675, 247.0643, 13.2710, -122.8844, -31.7892, 0.991715, 0.058613, -0.114307, 0.020668, -0.080408, 0.977193, -0.196540, -0.046991, 0.100180, 0.204103, 0.973810, 0.192921, 0.000000, 0.000000, 0.000000, 1.000000, 0.100180, 0.204103, 0.973810, 0.214921, -0.991715, -0.058613, 0.114307, -0.020668, 0.080408, -0.977193, 0.196540, 0.247064, 0.000000, 0.000000, 0.000000, 1.000000, -0.999615, 0.006674, 0.026914, 0.013271, 0.027474, 0.107128, 0.993866, -0.122884, 0.003750, 0.994223, -0.107270, -0.031789, 0.000000, 0.000000, 0.000000, 1.000000
8.7209, 20.5714, -47.0095, 192.8811, 214.8811, -20.5714, 247.0829, 13.0822, -122.9457, -31.8188, 0.991917, 0.059020, -0.112328, 0.020571, -0.079931, 0.978158, -0.191881, -0.047009, 0.098550, 0.199308, 0.974969, 0.192881, 0.000000, 0.000000, 0.000000, 1.000000, 0.098550, 0.199308, 0.974969, 0.214881, -0.991917, -0.059020, 0.112328, -0.020571, 0.079931, -0.978158, 0.191881, 0.247083, 0.000000, 0.000000, 0.000000, 1.000000, -0.999596, 0.006933, 0.027554, 0.013082, 0.028119, 0.102231, 0.994363, -0.122946, 0.004077, 0.994736, -0.102385, -0.031819, 0.000000, 0.000000, 0.000000, 1.000000
8.8449, 20.4994, -46.9727, 192.8428, 214.8428, -20.4994, 247.0461, 12.8935, -123.0096, -31.7914, 0.991629, 0.059059, -0.114819, 0.020499, -0.080866, 0.977325, -0.195697, -0.046973, 0.100658, 0.203343, 0.973920, 0.192843, 0.000000, 0.000000, 0.000000, 1.000000, 0.100658, 0.203343, 0.973920, 0.214843, -0.991629, -0.059059, 0.114819, -0.020499, 0.080866, -0.977325, 0.195697, 0.247046, 0.000000, 0.000000, 0.000000, 1.000000, -0.999467, 0.006773, 0.031943, 0.012893, 0.032482, 0.106297, 0.993804, -0.123010, 0.003336, 0.994311, -0.106460, -0.031791, 0.000000, 0.000000, 0.000000, 1.000000
8.9732, 20.2936, -46.9587, 192.8197, 214.8197, -20.2936, 247.0322, 12.8253, -123.0473, -31.7951, 0.992331, 0.058936, -0.108653, 0.020294, -0.079670, 0.977026, -0.197667, -0.046959, 0.094507, 0.204808, 0.974229, 0.192820, 0.000000, 0.000000, 0.000000, 1.000000, 0.094507, 0.204808, 0.974229, 0.214820, -0.992331, -0.058936, 0.108653, -0.020294, 0.079670, -0.977026, 0.197667, 0.247032, 0.000000, 0.000000, 0.000000, 1.000000, -0.999587, 0.007012, 0.027856, 0.012825, 0.028450, 0.107772, 0.993768, -0.123047, 0.003967, 0.994151, -0.107927, -0.031795, 0.000000, 0.000000, 0.000000, 1.000000
9.0883, 20.2481, -46.9104, 192.6751, 214.6751, -20.2481, 246.9838, 12.6363, -123.2171, -31.7652, 0.991895, 0.059114, -0.112475, 0.020248, -0.080626, 0.976972, -0.197549, -0.046910, 0.098207, 0.205016, 0.973819, 0.192675, 0.000000, 0.000000, 0.000000, 1.000000, 0.098207, 0.205016, 0.973819, 0.214675, -0.991895, -0.059114, 0.112475, -0.020248, 0.080626, -0.976972, 0.197549, 0.246984, 0.000000, 0.000000, 0.000000, 1.000000, -0.999408, 0.007035, 0.033691, 0.012636, 0.034254, 0.107954, 0.993566, -0.123217, 0.003353, 0.994131, -0.108131, -0.031765, 0.000000, 0.000000, 0.000000, 1.000000
9.2043, 20.1165, -46.9260, 192.6957, 214.6957, -20.1165, 246.9995, 12.5151, -123.2114, -31.7885, 0.992259, 0.059179, -0.109174, 0.020117, -0.079823, 0.977415, -0.195675, -0.046926, 0.095129, 0.202875, 0.974573, 0.192696, 0.000000, 0.000000, 0.000000, 1.000000, 0.095129, 0.202875, 0.974573, 0.214696, -0.992259, -0.059179, 0.109174, -0.020117, 0.079823, -0.977415, 0.195675, 0.246999, 0.000000, 0.000000, 0.000000, 1.000000, -0.999444, 0.007358, 0.032523, 0.012515, 0.033119, 0.105767, 0.993839, -0.123211, 0.003872, 0.994364, -0.105952, -0.031789, 0.000000, 0.000000, 0.000000, 1.000000
9.3357, 20.0101, -46.9629, 192.8086, 214.8086, -20.0101, 247.0363, 12.3287, -123.1171, -31.8218, 0.992814, 0.058591, -0.104340, 0.020010, -0.078077, 0.977935, -0.193771, -0.046963, 0.090685, 0.200525, 0.975482, 0.192809, 0.000000, 0.000000, 0.000000, 1.000000, 0.090685, 0.200525, 0.975482, 0.214809, -0.992814, -0.058591, 0.104340, -0.020010, 0.078077, -0.977935, 0.193771, 0.247036, 0.000000, 0.000000, 0.000000, 1.000000, -0.999512, 0.008367, 0.030091, 0.012329, 0.030796, 0.103406, 0.994162, -0.123117, 0.005207, 0.994604, -0.103613, -0.031822, 0.000000, 0.000000, 0.000000, 1.000000
9.4614, 19.9601, -46.9165, 192.7455, 214.7455, -19.9601, 246.9899, 12.1156, -123.2076, -31.7857, 0.992578, 0.058703, -0.106498, 0.019960, -0.079191, 0.976645, -0.199732, -0.046916, 0.092286, 0.206683, 0.974046, 0.192746, 0.000000, 0.000000, 0.000000, 1.000000, 0.092286, 0.206683, 0.974046, 0.214746, -0.992578, -0.058703, 0.106498, -0.019960, 0.079191, -0.976645, 0.199732, 0.246990, 0.000000, 0.000000, 0.000000, 1.000000, -0.999389, 0.008026, 0.034024, 0.012116, 0.034700, 0.109619, 0.993368, -0.123208, 0.004243, 0.993941, -0.109831, -0.031786, 0.000000, 0.000000, 0.000000, 1.000000
9.5823, 19.7434, -46.8822, 192.6137, 214.6137, -19.7434, 246.9556, 12.0815, -123.3535, -31.7808, 0.992440, 0.058927, -0.107663, 0.019743, -0.079584, 0.976765, -0.198991, -0.046882, 0.093436, 0.206054, 0.974069, 0.192614, 0.000000, 0.000000, 0.000000, 1.000000, 0.093436, 0.206054, 0.974069, 0.214614, -0.992440, -0.058927, 0.107663, -0.019743, 0.079584, -0.976765, 0.198991, 0.246956, 0.000000, 0.000000, 0.000000, 1.000000, -0.999270, 0.008078, 0.037337, 0.012082, 0.037995, 0.108952, 0.993321, -0.123353, 0.003956, 0.994014, -0.109179, -0.031781, 0.000000, 0.000000, 0.000000, 1.000000
9.6899, 19.6656, -46.8442, 192.6560, 214.6560, -19.6656, 246.9176, 11.9279, -123.3328, -31.7447, 0.992636, 0.058314, -0.106179, 0.019666, -0.078750, 0.976661, -0.199829, -0.046844, 0.092048, 0.206719, 0.974061, 0.192656, 0.000000, 0.000000, 0.000000, 1.000000, 0.092048, 0.206719, 0.974061, 0.214656, -0.992636, -0.058314, 0.106179, -0.019666, 0.078750, -0.976661, 0.199829, 0.246918, 0.000000, 0.000000, 0.000000, 1.000000, -0.999251, 0.008849, 0.037659, 0.011928, 0.038403, 0.109644, 0.993229, -0.123333, 0.004660, 0.993932, -0.109902, -0.031745, 0.000000, 0.000000, 0.000000, 1.000000
9.8156, 19.5024, -46.8588, 192.7166, 214.7166, -19.5024, 246.9322, 11.8155, -123.2875, -31.7653, 0.993951, 0.058064, -0.093220, 0.019502, -0.075830, 0.976839, -0.200089, -0.046859, 0.079443, 0.205948, 0.975333, 0.192717, 0.000000, 0.000000, 0.000000, 1.000000, 0.079443, 0.205948, 0.975333, 0.214717, -0.993951, -0.058064, 0.093220, -0.019502, 0.075830, -0.976839, 0.200089, 0.246932, 0.000000, 0.000000, 0.000000, 1.000000, -0.999595, 0.009393, 0.026851, 0.011815, 0.027715, 0.108856, 0.993671, -0.123287, 0.006410, 0.994013, -0.109072, -0.031765, 0.000000, 0.000000, 0.000000, 1.000000
9.9316, 19.4475, -46.8713, 192.7036, 214.7036, -19.4475, 246.9448, 11.6201, -123.3198, -31.7831, 0.993398, 0.059305, -0.098204, 0.019448, -0.077959, 0.976972, -0.198617, -0.046871, 0.084164, 0.204962, 0.975145, 0.192704, 0.000000, 0.000000, 0.000000, 1.000000, 0.084164, 0.204962, 0.975145, 0.214704, -0.993398, -0.059305, 0.098204, -0.019448, 0.077959, -0.976972, 0.198617, 0.246945, 0.000000, 0.000000, 0.000000, 1.000000, -0.999388, 0.008436, 0.033952, 0.011620, 0.034664, 0.107774, 0.993571, -0.123320, 0.004723, 0.994140, -0.108000, -0.031783, 0.000000, 0.000000, 0.000000, 1.000000
10.0569, 19.3623, -46.8595, 192.6589, 214.6589, -19.3623, 246.9329, 11.4384, -123.3857, -31.7821, 0.993556, 0.059256, -0.096614, 0.019362, -0.077214, 0.977904, -0.194273, -0.046859, 0.082967, 0.200481, 0.976178, 0.192659, 0.000000, 0.000000, 0.000000, 1.000000, 0.082967, 0.200481, 0.976178, 0.214659, -0.993556, -0.059256, 0.096614, -0.019362, 0.077214, -0.977904, 0.194273, 0.246933, 0.000000, 0.000000, 0.000000, 1.000000, -0.999352, 0.009005, 0.034836, 0.011438, 0.035580, 0.103216, 0.994022, -0.123386, 0.005356, 0.994618, -0.103469, -0.031782, 0.000000, 0.000000, 0.000000, 1.000000
10.1747, 19.1585, -46.8059, 192.7650, 214.7650, -19.1585, 246.8794, 11.3871, -123.2979, -31.7336, 0.994305, 0.058467, -0.089103, 0.019159, -0.075520, 0.976467, -0.202010, -0.046806, 0.075196, 0.207589, 0.975322, 0.192765, 0.000000, 0.000000, 0.000000, 1.000000, 0.075196, 0.207589, 0.975322, 0.214765, -0.994305, -0.058467, 0.089103, -0.019159, 0.075520, -0.976467, 0.202010, 0.246879, 0.000000, 0.000000, 0.000000, 1.000000, -0.999539, 0.009570, 0.028826, 0.011387, 0.029708, 0.110440, 0.993439, -0.123298, 0.006324, 0.993837, -0.110674, -0.031734, 0.000000, 0.000000, 0.000000, 1.000000
10.2942, 19.1010, -46.8098, 192.6172, 214.6172, -19.1010, 246.8833, 11.1931, -123.4644, -31.7569, 0.993677, 0.059061, -0.095490, 0.019101, -0.077016, 0.977391, -0.196916, -0.046810, 0.081701, 0.203025, 0.975759, 0.192617, 0.000000, 0.000000, 0.000000, 1.000000, 0.081701, 0.203025, 0.975759, 0.214617, -0.993677, -0.059061, 0.095490, -0.019101, 0.077016, -0.977391, 0.196916, 0.246883, 0.000000, 0.000000, 0.000000, 1.000000, -0.999246, 0.009478, 0.037642, 0.011193, 0.038434, 0.105762, 0.993648, -0.123464, 0.005437, 0.994346, -0.106046, -0.031757, 0.000000, 0.000000, 0.000000, 1.000000
10.4155, 18.9547, -46.8398, 192.7177, 214.7177, -18.9547, 246.9133, 11.0710, -123.3780, -31.7875, 0.994913, 0.059014, -0.081644, 0.018955, -0.074172, 0.977537, -0.197279, -0.046840, 0.068168, 0.202331, 0.976942, 0.192718, 0.000000, 0.000000, 0.000000, 1.000000, 0.068168, 0.202331, 0.976942, 0.214718, -0.994913, -0.059014, 0.081644, -0.018955, 0.074172, -0.977537, 0.197279, 0.246913, 0.000000, 0.000000, 0.000000, 1.000000, -0.999617, 0.009789, 0.025878, 0.011071, 0.026764, 0.105040, 0.994108, -0.123378, 0.007013, 0.994420, -0.105262, -0.031788, 0.000000, 0.000000, 0.000000, 1.000000
10.5354, 18.8725, -46.8481, 192.8274, 214.8274, -18.8725, 246.9216, 10.8896, -123.2873, -31.7910, 0.995043, 0.058964, -0.080078, 0.018873, -0.074044, 0.976834, -0.200783, -0.046848, 0.066384, 0.205717, 0.976357, 0.192827, 0.000000, 0.000000, 0.000000, 1.000000, 0.066384, 0.205717, 0.976357, 0.214827, -0.995043, -0.058964, 0.080078, -0.018873, 0.074044, -0.976834, 0.200783, 0.246922, 0.000000, 0.000000, 0.000000, 1.000000, -0.999609, 0.009872, 0.026147, 0.010890, 0.027064, 0.108455, 0.993733, -0.123287, 0.006974, 0.994052, -0.108680, -0.031791, 0.000000, 0.000000, 0.000000, 1.000000
10.6532, 18.8216, -46.8381, 192.7251, 214.7251, -18.8216, 246.9116, 10.6914, -123.4098, -31.7950, 0.994530, 0.058754, -0.086358, 0.018822, -0.075079, 0.976918, -0.199985, -0.046838, 0.072614, 0.205375, 0.975986, 0.192725, 0.000000, 0.000000, 0.000000, 1.000000, 0.072614, 0.205375, 0.975986, 0.214725, -0.994530, -0.058754, 0.086358, -0.018822, 0.075079, -0.976918, 0.199985, 0.246912, 0.000000, 0.000000, 0.000000, 1.000000, -0.999351, 0.010323, 0.034522, 0.010691, 0.035436, 0.108096, 0.993509, -0.123410, 0.006524, 0.994087, -0.108391, -0.031795, 0.000000, 0.000000, 0.000000, 1.000000
10.7745, 18.6030, -46.8557, 192.7798, 214.7798, -18.6030, 246.9292, 10.6447, -123.3669, -31.8233, 0.995315, 0.058787, -0.076757, 0.018603, -0.072931, 0.977708, -0.196895, -0.046856, 0.063471, 0.201570, 0.977415, 0.192780, 0.000000, 0.000000, 0.000000, 1.000000, 0.063471, 0.201570, 0.977415, 0.214780, -0.995315, -0.058787, 0.076757, -0.018603, 0.072931, -0.977708, 0.196895, 0.246929, 0.000000, 0.000000, 0.000000, 1.000000, -0.999571, 0.010713, 0.027250, 0.010645, 0.028219, 0.104213, 0.994155, -0.123367, 0.007810, 0.994497, -0.104470, -0.031823, 0.000000, 0.000000, 0.000000, 1.000000
10.8896, 18.5644, -46.7903, 192.6297, 214.6297, -18.5644, 246.8637, 10.4451, -123.5420, -31.7760, 0.994825, 0.058961, -0.082749, 0.018564, -0.074530, 0.976980, -0.199887, -0.046790, 0.069059, 0.205020, 0.976319, 0.192630, 0.000000, 0.000000, 0.000000, 1.000000, 0.069059, 0.205020, 0.976319, 0.214630, -0.994825, -0.058961, 0.082749, -0.018564, 0.074530, -0.976980, 0.199887, 0.246864, 0.000000, 0.000000, 0.000000, 1.000000, -0.999331, 0.010579, 0.035022, 0.010445, 0.035959, 0.107684, 0.993535, -0.123542, 0.006739, 0.994129, -0.107993, -0.031776, 0.000000, 0.000000, 0.000000, 1.000000
11.0355, 18.4422, -46.7760, 192.6639, 214.6639, -18.4422, 246.8495, 10.2524, -123.5311, -31.7676, 0.995156, 0.058999, -0.078633, 0.018442, -0.073715, 0.977055, -0.199826, -0.046776, 0.065040, 0.204654, 0.976671, 0.192664, 0.000000, 0.000000, 0.000000, 1.000000, 0.065040, 0.204654, 0.976671, 0.214664, -0.995156, -0.058999, 0.078633, -0.018442, 0.073715, -0.977055, 0.199826, 0.246849, 0.000000, 0.000000, 0.000000, 1.000000, -0.999382, 0.010832, 0.033445, 0.010252, 0.034415, 0.107285, 0.993632, -0.123531, 0.007175, 0.994169, -0.107592, -0.031768, 0.000000, 0.000000, 0.000000, 1.000000
11.1854, 18.2616, -46.8337, 192.7636, 214.7636, -18.2616, 246.9072, 10.1021, -123.4463, -31.8284, 0.995833, 0.058720, -0.069775, 0.018262, -0.071411, 0.977969, -0.196157, -0.046834, 0.056720, 0.200323, 0.978087, 0.192764, 0.000000, 0.000000, 0.000000, 1.000000, 0.056720, 0.200323, 0.978087, 0.214764, -0.995833, -0.058720, 0.069775, -0.018262, 0.071411, -0.977969, 0.196157, 0.246907, 0.000000, 0.000000, 0.000000, 1.000000, -0.999556, 0.011581, 0.027460, 0.010102, 0.028507, 0.102869, 0.994286, -0.123446, 0.008690, 0.994627, -0.103154, -0.031828, 0.000000, 0.000000, 0.000000, 1.000000
11.3524, 18.1275, -46.8725, 192.7053, 214.7053, -18.1275, 246.9460, 9.8743, -123.5252, -31.8826, 0.996160, 0.058752, -0.064918, 0.018128, -0.070104, 0.979402, -0.189358, -0.046873, 0.052455, 0.193182, 0.979760, 0.192705, 0.000000, 0.000000, 0.000000, 1.000000, 0.052455, 0.193182, 0.979760, 0.214705, -0.996160, -0.058752, 0.064918, -0.018128, 0.070104, -0.979402, 0.189358, 0.246946, 0.000000, 0.000000, 0.000000, 1.000000, -0.999588, 0.012135, 0.025998, 0.009874, 0.027041, 0.095592, 0.995053, -0.123525, 0.009590, 0.995347, -0.095881, -0.031883, 0.000000, 0.000000, 0.000000, 1.000000
11.4917, 17.9787, -46.7637, 192.8066, 214.8066, -17.9787, 246.8372, 9.7283, -123.4537, -31.7762, 0.995877, 0.059117, -0.068810, 0.017979, -0.072173, 0.975852, -0.206167, -0.046764, 0.054961, 0.210283, 0.976094, 0.192807, 0.000000, 0.000000, 0.000000, 1.000000, 0.054961, 0.210283, 0.976094, 0.214807, -0.995877, -0.059117, 0.068810, -0.017979, 0.072173, -0.975852, 0.206167, 0.246837, 0.000000, 0.000000, 0.000000, 1.000000, -0.999452, 0.011353, 0.031088, 0.009728, 0.032173, 0.112905, 0.993085, -0.123454, 0.007764, 0.993541, -0.113208, -0.031776, 0.000000, 0.000000, 0.000000, 1.000000
11.6512, 17.8685, -46.7774, 192.8581, 214.8581, -17.8685, 246.8509, 9.4923, -123.4247, -31.7929, 0.996179, 0.059745, -0.063705, 0.017869, -0.071613, 0.976299, -0.204233, -0.046777, 0.049993, 0.208015, 0.976847, 0.192858, 0.000000, 0.000000, 0.000000, 1.000000, 0.049993, 0.208015, 0.976847, 0.214858, -0.996179, -0.059745, 0.063705, -0.017869, 0.071613, -0.976299, 0.204233, 0.246851, 0.000000, 0.000000, 0.000000, 1.000000, -0.999521, 0.011119, 0.028897, 0.009492, 0.029950, 0.110556, 0.993419, -0.123425, 0.007851, 0.993808, -0.110836, -0.031793, 0.000000, 0.000000, 0.000000, 1.000000
11.8138, 17.6708, -46.7825, 192.8241, 214.8241, -17.6708, 246.8559, 9.3393, -123.4797, -31.8159, 0.996705, 0.058039, -0.056657, 0.017671, -0.068507, 0.976365, -0.204986, -0.046782, 0.043420, 0.208192, 0.977124, 0.192824, 0.000000, 0.000000, 0.000000, 1.000000, 0.043420, 0.208192, 0.977124, 0.214824, -0.996705, -0.058039, 0.056657, -0.017671, 0.068507, -0.976365, 0.204986, 0.246856, 0.000000, 0.000000, 0.000000, 1.000000, -0.999610, 0.013135, 0.024627, 0.009339, 0.025932, 0.110734, 0.993512, -0.123480, 0.010323, 0.993763, -0.111032, -0.031816, 0.000000, 0.000000, 0.000000, 1.000000
11.9452, 17.5674, -46.8015, 192.7385, 214.7385, -17.5674, 246.8750, 9.1589, -123.5820, -31.8510, 0.996423, 0.059092, -0.060406, 0.017567, -0.069907, 0.978031, -0.196388, -0.046802, 0.047474, 0.199908, 0.978664, 0.192738, 0.000000, 0.000000, 0.000000, 1.000000, 0.047474, 0.199908, 0.978664, 0.214738, -0.996423, -0.059092, 0.060406, -0.017567, 0.069907, -0.978031, 0.196388, 0.246875, 0.000000, 0.000000, 0.000000, 1.000000, -0.999432, 0.012584, 0.031275, 0.009159, 0.032400, 0.102276, 0.994228, -0.123582, 0.009313, 0.994676, -0.102626, -0.031851, 0.000000, 0.000000, 0.000000, 1.000000
12.0788, 17.3977, -46.7092, 192.7316, 214.7316, -17.3977, 246.7826, 9.0470, -123.6155, -31.7726, 0.996900, 0.058680, -0.052407, 0.017398, -0.068372, 0.975721, -0.208071, -0.046709, 0.038925, 0.211009, 0.976709, 0.192732, 0.000000, 0.000000, 0.000000, 1.000000, 0.038925, 0.211009, 0.976709, 0.214732, -0.996900, -0.058680, 0.052407, -0.017398, 0.068372, -0.975721, 0.208071, 0.246783, 0.000000, 0.000000, 0.000000, 1.000000, -0.999610, 0.012925, 0.024755, 0.009047, 0.026064, 0.113526, 0.993193, -0.123616, 0.010027, 0.993451, -0.113819, -0.031773, 0.000000, 0.000000, 0.000000, 1.000000
12.1746, 17.3149, -46.6546, 192.6010, 214.6010, -17.3149, 246.7281, 8.9284, -123.7643, -31.7375, 0.996431, 0.059362, -0.060018, 0.017315, -0.070636, 0.975628, -0.207753, -0.046655, 0.046223, 0.211251, 0.976338, 0.192601, 0.000000, 0.000000, 0.000000, 1.000000, 0.046223, 0.211251, 0.976338, 0.214601, -0.996431, -0.059362, 0.060018, -0.017315, 0.070636, -0.975628, 0.207753, 0.246728, 0.000000, 0.000000, 0.000000, 1.000000, -0.999343, 0.012426, 0.034033, 0.008928, 0.035228, 0.113742, 0.992886, -0.123764, 0.008467, 0.993433, -0.114105, -0.031738, 0.000000, 0.000000, 0.000000, 1.000000
12.3943, 17.1065, -46.6958, 192.6438, 214.6438, -17.1065, 246.7692, 8.6582, -123.7481, -31.7896, 0.996876, 0.057791, -0.053832, 0.017106, -0.067483, 0.977389, -0.200393, -0.046696, 0.041034, 0.203400, 0.978236, 0.192644, 0.000000, 0.000000, 0.000000, 1.000000, 0.041034, 0.203400, 0.978236, 0.214644, -0.996876, -0.057791, 0.053832, -0.017106, 0.067483, -0.977389, 0.200393, 0.246769, 0.000000, 0.000000, 0.000000, 1.000000, -0.999374, 0.014612, 0.032214, 0.008658, 0.033581, 0.105730, 0.993828, -0.123748, 0.011116, 0.994287, -0.106155, -0.031790, 0.000000, 0.000000, 0.000000, 1.000000
12.5191, 17.0538, -46.7101, 192.7074, 214.7074, -17.0538, 246.7835, 8.4398, -123.7014, -31.8014, 0.996958, 0.058065, -0.051995, 0.017054, -0.067440, 0.977064, -0.201986, -0.046710, 0.039074, 0.204878, 0.978007, 0.192707, 0.000000, 0.000000, 0.000000, 1.000000, 0.039074, 0.204878, 0.978007, 0.214707, -0.996958, -0.058065, 0.051995, -0.017054, 0.067440, -0.977064, 0.201986, 0.246784, 0.000000, 0.000000, 0.000000, 1.000000, -0.999368, 0.014539, 0.032428, 0.008440, 0.033803, 0.107197, 0.993663, -0.123701, 0.010971, 0.994131, -0.107621, -0.031801, 0.000000, 0.000000, 0.000000, 1.000000
12.6558, 16.9564, -46.7150, 192.6246, 214.6246, -16.9564, 246.7884, 8.2415, -123.8015, -31.8222, 0.996572, 0.058618, -0.058373, 0.016956, -0.069128, 0.977676, -0.198419, -0.046715, 0.045439, 0.201774, 0.978378, 0.192625, 0.000000, 0.000000, 0.000000, 1.000000, 0.045439, 0.201774, 0.978378, 0.214625, -0.996572, -0.058618, 0.058373, -0.016956, 0.069128, -0.977676, 0.198419, 0.246788, 0.000000, 0.000000, 0.000000, 1.000000, -0.999039, 0.014296, 0.041425, 0.008241, 0.042690, 0.104005, 0.993660, -0.123802, 0.009897, 0.994474, -0.104515, -0.031822, 0.000000, 0.000000, 0.000000, 1.000000
12.8092, 16.7949, -46.6361, 192.4560, 214.4560, -16.7949, 246.7095, 8.0769, -123.9976, -31.7725, 0.996603, 0.058701, -0.057768, 0.016795, -0.069316, 0.976633, -0.203427, -0.046636, 0.044477, 0.206740, 0.977384, 0.192456, 0.000000, 0.000000, 0.000000, 1.000000, 0.044477, 0.206740, 0.977384, 0.214456, -0.996603, -0.058701, 0.057768, -0.016795, 0.069316, -0.976633, 0.203427, 0.246710, 0.000000, 0.000000, 0.000000, 1.000000, -0.998966, 0.014417, 0.043107, 0.008077, 0.044425, 0.109010, 0.993047, -0.123998, 0.009618, 0.993936, -0.109538, -0.031773, 0.000000, 0.000000, 0.000000, 1.000000
12.9270, 16.6865, -46.6080, 192.4139, 214.4139, -16.6865, 246.6814, 7.9320, -124.0581, -31.7569, 0.996755, 0.059566, -0.054133, 0.016687, -0.069384, 0.976762, -0.202786, -0.046608, 0.040796, 0.205884, 0.977726, 0.192414, 0.000000, 0.000000, 0.000000, 1.000000, 0.040796, 0.205884, 0.977726, 0.214414, -0.996755, -0.059566, 0.054133, -0.016687, 0.069384, -0.976762, 0.202786, 0.246681, 0.000000, 0.000000, 0.000000, 1.000000, -0.999040, 0.013786, 0.041572, 0.007932, 0.042821, 0.108111, 0.993216, -0.124058, 0.009198, 0.994043, -0.108598, -0.031757, 0.000000, 0.000000, 0.000000, 1.000000
13.0540, 16.5838, -46.5853, 192.4956, 214.4956, -16.5838, 246.6588, 7.7615, -123.9961, -31.7339, 0.996717, 0.058443, -0.056039, 0.016584, -0.068958, 0.975432, -0.209229, -0.046585, 0.042434, 0.212406, 0.976260, 0.192496, 0.000000, 0.000000, 0.000000, 1.000000, 0.042434, 0.212406, 0.976260, 0.214496, -0.996717, -0.058443, 0.056039, -0.016584, 0.068958, -0.975432, 0.209229, 0.246659, 0.000000, 0.000000, 0.000000, 1.000000, -0.998865, 0.015079, 0.045189, 0.007762, 0.046624, 0.114705, 0.992305, -0.123996, 0.009779, 0.993285, -0.115278, -0.031734, 0.000000, 0.000000, 0.000000, 1.000000
13.2280, 16.3937, -46.6499, 192.4651, 214.4651, -16.3937, 246.7234, 7.5694, -124.0432, -31.8152, 0.997150, 0.058320, -0.047867, 0.016394, -0.066726, 0.977782, -0.198721, -0.046650, 0.035214, 0.201348, 0.978887, 0.192465, 0.000000, 0.000000, 0.000000, 1.000000, 0.035214, 0.201348, 0.978887, 0.214465, -0.997150, -0.058320, 0.047867, -0.016394, 0.066726, -0.977782, 0.198721, 0.246723, 0.000000, 0.000000, 0.000000, 1.000000, -0.999043, 0.015635, 0.040850, 0.007569, 0.042251, 0.103422, 0.993740, -0.124043, 0.011313, 0.994515, -0.103984, -0.031815, 0.000000, 0.000000, 0.000000, 1.000000
13.3532, 16.2911, -46.6725, 192.6063, 214.6063, -16.2911, 246.7459, 7.4003, -123.9170, -31.8312, 0.997541, 0.058210, -0.039043, 0.016291, -0.064950, 0.977084, -0.202701, -0.046672, 0.026350, 0.204738, 0.978462, 0.192606, 0.000000, 0.000000, 0.000000, 1.000000, 0.026350, 0.204738, 0.978462, 0.214606, -0.997541, -0.058210, 0.039043, -0.016291, 0.064950, -0.977084, 0.202701, 0.246746, 0.000000, 0.000000, 0.000000, 1.000000, -0.999297, 0.015954, 0.033926, 0.007400, 0.035439, 0.106830, 0.993645, -0.123917, 0.012228, 0.994149, -0.107321, -0.031831, 0.000000, 0.000000, 0.000000, 1.000000
13.4833, 16.0362, -46.6548, 192.6723, 214.6723, -16.0362, 246.7283, 7.3753, -123.8708, -31.8261, 0.997733, 0.059708, -0.031038, 0.016036, -0.064790, 0.976962, -0.203341, -0.046655, 0.018182, 0.204891, 0.978616, 0.192672, 0.000000, 0.000000, 0.000000, 1.000000, 0.018182, 0.204891, 0.978616, 0.214672, -0.997733, -0.059708, 0.031038, -0.016036, 0.064790, -0.976962, 0.203341, 0.246728, 0.000000, 0.000000, 0.000000, 1.000000, -0.999496, 0.014696, 0.028153, 0.007375, 0.029566, 0.106965, 0.993823, -0.123871, 0.011593, 0.994154, -0.107346, -0.031826, 0.000000, 0.000000, 0.000000, 1.000000
13.6604, 15.9641, -46.6360, 192.7332, 214.7332, -15.9641, 246.7094, 7.0665, -123.8343, -31.8072, 0.997884, 0.059013, -0.027280, 0.015964, -0.063401, 0.976202, -0.207387, -0.046636, 0.014392, 0.208678, 0.977879, 0.192733, 0.000000, 0.000000, 0.000000, 1.000000, 0.014392, 0.208678, 0.977879, 0.214733, -0.997884, -0.059013, 0.027280, -0.015964, 0.063401, -0.976202, 0.207387, 0.246709, 0.000000, 0.000000, 0.000000, 1.000000, -0.999507, 0.015722, 0.027170, 0.007067, 0.028747, 0.110754, 0.993432, -0.123834, 0.012610, 0.993724, -0.111151, -0.031807, 0.000000, 0.000000, 0.000000, 1.000000
13.7852, 15.7718, -46.6257, 192.8071, 214.8071, -15.7718, 246.6991, 6.9905, -123.7789, -31.8040, 0.997827, 0.059167, -0.029003, 0.015772, -0.064000, 0.974985, -0.212859, -0.046626, 0.015684, 0.214253, 0.976652, 0.192807, 0.000000, 0.000000, 0.000000, 1.000000, 0.015684, 0.214253, 0.976652, 0.214807, -0.997827, -0.059167, 0.029003, -0.015772, 0.064000, -0.974985, 0.212859, 0.246699, 0.000000, 0.000000, 0.000000, 1.000000, -0.999406, 0.015820, 0.030632, 0.006991, 0.032268, 0.116389, 0.992679, -0.123779, 0.012138, 0.993078, -0.116830, -0.031804, 0.000000, 0.000000, 0.000000, 1.000000
13.8986, 15.7449, -46.5840, 192.6375, 214.6375, -15.7449, 246.6575, 6.7721, -123.9657, -31.7814, 0.997621, 0.059644, -0.034570, 0.015745, -0.065603, 0.975452, -0.210214, -0.046584, 0.021183, 0.211981, 0.977044, 0.192638, 0.000000, 0.000000, 0.000000, 1.000000, 0.021183, 0.211981, 0.977044, 0.214638, -0.997621, -0.059644, 0.034570, -0.015745, 0.065603, -0.975452, 0.210214, 0.246657, 0.000000, 0.000000, 0.000000, 1.000000, -0.999143, 0.015564, 0.038347, 0.006772, 0.039876, 0.114057, 0.992674, -0.123966, 0.011076, 0.993352, -0.114580, -0.031781, 0.000000, 0.000000, 0.000000, 1.000000
14.0265, 15.5586, -46.6093, 192.8526, 214.8526, -15.5586, 246.6828, 6.6841, -123.7666, -31.7991, 0.998186, 0.059026, -0.011851, 0.015559, -0.060191, 0.974371, -0.216745, -0.046609, -0.001247, 0.217065, 0.976156, 0.192853, 0.000000, 0.000000, 0.000000, 1.000000, -0.001247, 0.217065, 0.976156, 0.214853, -0.998186, -0.059026, 0.011851, -0.015559, 0.060191, -0.974371, 0.216745, 0.246683, 0.000000, 0.000000, 0.000000, 1.000000, -0.999713, 0.016467, 0.017416, 0.006684, 0.019257, 0.119179, 0.992686, -0.123767, 0.014271, 0.992736, -0.119462, -0.031799, 0.000000, 0.000000, 0.000000, 1.000000
14.1469, 15.5137, -46.5981, 192.7689, 214.7689, -15.5137, 246.6715, 6.4675, -123.8656, -31.7995, 0.997937, 0.059710, -0.023581, 0.015514, -0.063380, 0.974788, -0.213941, -0.046598, 0.010212, 0.214994, 0.976562, 0.192769, 0.000000, 0.000000, 0.000000, 1.000000, 0.010212, 0.214994, 0.976562, 0.214769, -0.997937, -0.059710, 0.023581, -0.015514, 0.063380, -0.974788, 0.213941, 0.246672, 0.000000, 0.000000, 0.000000, 1.000000, -0.999378, 0.016016, 0.031411, 0.006468, 0.033073, 0.117054, 0.992575, -0.123866, 0.012221, 0.992996, -0.117510, -0.031800, 0.000000, 0.000000, 0.000000, 1.000000
14.2576, 15.4591, -46.5668, 192.6809, 214.6809, -15.4591, 246.6403, 6.2825, -123.9695, -31.7812, 0.997812, 0.059944, -0.027897, 0.015459, -0.064518, 0.975008, -0.212593, -0.046567, 0.014456, 0.213928, 0.976742, 0.192681, 0.000000, 0.000000, 0.000000, 1.000000, 0.014456, 0.213928, 0.976742, 0.214681, -0.997812, -0.059944, 0.027897, -0.015459, 0.064518, -0.975008, 0.212593, 0.246640, 0.000000, 0.000000, 0.000000, 1.000000, -0.999160, 0.015997, 0.037734, 0.006282, 0.039338, 0.115944, 0.992476, -0.123970, 0.011502, 0.993127, -0.116476, -0.031781, 0.000000, 0.000000, 0.000000, 1.000000
14.4259, 15.2495, -46.5939, 192.6974, 214.6974, -15.2495, 246.6673, 6.1258, -123.9728, -31.8220, 0.997966, 0.059425, -0.023062, 0.015250, -0.062954, 0.975596, -0.210356, -0.046594, 0.009998, 0.211380, 0.977353, 0.192697, 0.000000, 0.000000, 0.000000, 1.000000, 0.009998, 0.211380, 0.977353, 0.214697, -0.997966, -0.059425, 0.023062, -0.015250, 0.062954, -0.975596, 0.210356, 0.246667, 0.000000, 0.000000, 0.000000, 1.000000, -0.999210, 0.016824, 0.036007, 0.006126, 0.037685, 0.113292, 0.992847, -0.123973, 0.012624, 0.993419, -0.113836, -0.031822, 0.000000, 0.000000, 0.000000, 1.000000
14.5617, 15.1516, -46.6147, 192.6561, 214.6561, -15.1516, 246.6881, 5.9268, -124.0283, -31.8540, 0.998008, 0.059114, -0.022017, 0.015152, -0.062370, 0.976960, -0.204104, -0.046615, 0.009444, 0.205071, 0.978702, 0.192656, 0.000000, 0.000000, 0.000000, 1.000000, 0.009444, 0.205071, 0.978702, 0.214656, -0.998008, -0.059114, 0.022017, -0.015152, 0.062370, -0.976960, 0.204104, 0.246688, 0.000000, 0.000000, 0.000000, 1.000000, -0.999135, 0.017304, 0.037807, 0.005927, 0.039443, 0.106831, 0.993494, -0.124028, 0.013153, 0.994127, -0.107422, -0.031854, 0.000000, 0.000000, 0.000000, 1.000000
14.6751, 15.0210, -46.4862, 192.5809, 214.5809, -15.0210, 246.5597, 5.8182, -124.1310, -31.7437, 0.997956, 0.058653, -0.025370, 0.015021, -0.062788, 0.973823, -0.218462, -0.046486, 0.011892, 0.219608, 0.975516, 0.192581, 0.000000, 0.000000, 0.000000, 1.000000, 0.011892, 0.219608, 0.975516, 0.214581, -0.997956, -0.058653, 0.025370, -0.015021, 0.062788, -0.973823, 0.218462, 0.246560, 0.000000, 0.000000, 0.000000, 1.000000, -0.998952, 0.018233, 0.041986, 0.005818, 0.043897, 0.121560, 0.991613, -0.124131, 0.012976, 0.992417, -0.122233, -0.031744, 0.000000, 0.000000, 0.000000, 1.000000
14.7955, 14.8801, -46.5487, 192.5855, 214.5855, -14.8801, 246.6221, 5.6936, -124.1359, -31.8157, 0.998061, 0.059345, -0.018769, 0.014880, -0.061945, 0.976487, -0.206484, -0.046549, 0.006074, 0.207247, 0.978270, 0.192585, 0.000000, 0.000000, 0.000000, 1.000000, 0.006074, 0.207247, 0.978270, 0.214585, -0.998061, -0.059345, 0.018769, -0.014880, 0.061945, -0.976487, 0.206484, 0.246622, 0.000000, 0.000000, 0.000000, 1.000000, -0.999107, 0.017553, 0.038439, 0.005694, 0.040128, 0.108978, 0.993234, -0.124136, 0.013245, 0.993889, -0.109585, -0.031816, 0.000000, 0.000000, 0.000000, 1.000000
14.9269, 14.8688, -46.4830, 192.4837, 214.4837, -14.8688, 246.5564, 5.4209, -124.2569, -31.7614, 0.997746, 0.058427, -0.033005, 0.014869, -0.064063, 0.975752, -0.209295, -0.046483, 0.019977, 0.210938, 0.977295, 0.192484, 0.000000, 0.000000, 0.000000, 1.000000, 0.019977, 0.210938, 0.977295, 0.214484, -0.997746, -0.058427, 0.033005, -0.014869, 0.064063, -0.975752, 0.209295, 0.246556, 0.000000, 0.000000, 0.000000, 1.000000, -0.998327, 0.018803, 0.054671, 0.005421, 0.056448, 0.112655, 0.992030, -0.124257, 0.012495, 0.993456, -0.113528, -0.031761, 0.000000, 0.000000, 0.000000, 1.000000
15.0478, 14.7389, -46.4652, 192.5708, 214.5708, -14.7389, 246.5386, 5.2931, -124.1874, -31.7447, 0.998001, 0.057972, -0.025170, 0.014739, -0.062062, 0.974211, -0.216934, -0.046465, 0.011945, 0.218063, 0.975862, 0.192571, 0.000000, 0.000000, 0.000000, 1.000000, 0.011945, 0.218063, 0.975862, 0.214571, -0.998001, -0.057972, 0.025170, -0.014739, 0.062062, -0.974211, 0.216934, 0.246539, 0.000000, 0.000000, 0.000000, 1.000000, -0.998636, 0.019667, 0.048358, 0.005293, 0.050373, 0.119841, 0.991514, -0.124187, 0.013705, 0.992598, -0.120668, -0.031745, 0.000000, 0.000000, 0.000000, 1.000000
15.1915, 14.5445, -46.5432, 192.6530, 214.6530, -14.5445, 246.6167, 5.1732, -124.1174, -31.8285, 0.998127, 0.059420, -0.014554, 0.014545, -0.061141, 0.977064, -0.203982, -0.046543, 0.002100, 0.204490, 0.978866, 0.192653, 0.000000, 0.000000, 0.000000, 1.000000, 0.002100, 0.204490, 0.978866, 0.214653, -0.998127, -0.059420, 0.014554, -0.014545, 0.061141, -0.977064, 0.203982, 0.246617, 0.000000, 0.000000, 0.000000, 1.000000, -0.998982, 0.018155, 0.041302, 0.005173, 0.043000, 0.106057, 0.993430, -0.124117, 0.013655, 0.994194, -0.106730, -0.031829, 0.000000, 0.000000, 0.000000, 1.000000
15.3198, 14.4744, -46.4873, 192.7501, 214.7501, -14.4744, 246.5608, 4.9732, -124.0398, -31.7691, 0.998030, 0.059201, -0.020791, 0.014474, -0.062300, 0.974382, -0.216099, -0.046487, 0.007465, 0.216969, 0.976150, 0.192750, 0.000000, 0.000000, 0.000000, 1.000000, 0.007465, 0.216969, 0.976150, 0.214750, -0.998030, -0.059201, 0.020791, -0.014474, 0.062300, -0.974382, 0.216099, 0.246561, 0.000000, 0.000000, 0.000000, 1.000000, -0.998630, 0.018976, 0.048772, 0.004973, 0.050685, 0.118683, 0.991638, -0.124040, 0.013029, 0.992751, -0.119482, -0.031769, 0.000000, 0.000000, 0.000000, 1.000000
15.4437, 14.3245, -46.4375, 192.7849, 214.7849, -14.3245, 246.5109, 4.8594, -124.0266, -31.7273, 0.998225, 0.059062, -0.007605, 0.014325, -0.059240, 0.971896, -0.227833, -0.046437, -0.006065, 0.227880, 0.973670, 0.192785, 0.000000, 0.000000, 0.000000, 1.000000, -0.006065, 0.227880, 0.973670, 0.214785, -0.998225, -0.059062, 0.007605, -0.014325, 0.059240, -0.971896, 0.227833, 0.246511, 0.000000, 0.000000, 0.000000, 1.000000, -0.999127, 0.019704, 0.036841, 0.004859, 0.039092, 0.129735, 0.990778, -0.124027, 0.014742, 0.991353, -0.130392, -0.031727, 0.000000, 0.000000, 0.000000, 1.000000
15.5760, 14.1753, -46.5112, 192.7422, 214.7422, -14.1753, 246.5847, 4.7146, -124.0786, -31.8158, 0.998211, 0.059239, -0.008043, 0.014175, -0.059614, 0.976237, -0.208343, -0.046511, -0.004490, 0.208450, 0.978023, 0.192742, 0.000000, 0.000000, 0.000000, 1.000000, -0.004490, 0.208450, 0.978023, 0.214742, -0.998211, -0.059239, 0.008043, -0.014175, 0.059614, -0.976237, 0.208343, 0.246585, 0.000000, 0.000000, 0.000000, 1.000000, -0.998969, 0.019182, 0.041135, 0.004715, 0.043001, 0.109942, 0.993007, -0.124079, 0.014526, 0.993753, -0.110653, -0.031816, 0.000000, 0.000000, 0.000000, 1.000000
15.6999, 13.9376, -46.5052, 192.7798, 214.7798, -13.9376, 246.5787, 4.6853, -124.0622, -31.8238, 0.998213, 0.058497, 0.012203, 0.013938, -0.054596, 0.975815, -0.211670, -0.046505, -0.024290, 0.210625, 0.977265, 0.192780, 0.000000, 0.000000, 0.000000, 1.000000, -0.024290, 0.210625, 0.977265, 0.214780, -0.998213, -0.058497, -0.012203, -0.013938, 0.054596, -0.975815, 0.211670, 0.246579, 0.000000, 0.000000, 0.000000, 1.000000, -0.999534, 0.020241, 0.022842, 0.004685, 0.024971, 0.112073, 0.993386, -0.124062, 0.017548, 0.993494, -0.112526, -0.031824, 0.000000, 0.000000, 0.000000, 1.000000
15.8291, 13.8790, -46.4915, 192.8350, 214.8350, -13.8790, 246.5649, 4.4678, -124.0216, -31.8090, 0.998169, 0.058723, 0.014466, 0.013879, -0.054284, 0.975374, -0.213771, -0.046491, -0.026663, 0.212594, 0.976777, 0.192835, 0.000000, 0.000000, 0.000000, 1.000000, -0.026663, 0.212594, 0.976777, 0.214835, -0.998169, -0.058723, -0.014466, -0.013879, 0.054284, -0.975374, 0.213771, 0.246565, 0.000000, 0.000000, 0.000000, 1.000000, -0.999536, 0.020343, 0.022657, 0.004468, 0.024833, 0.114039, 0.993166, -0.124022, 0.017620, 0.993268, -0.114491, -0.031809, 0.000000, 0.000000, 0.000000, 1.000000
15.9495, 13.8650, -46.5328, 192.8346, 214.8346, -13.8650, 246.6063, 4.2181, -124.0276, -31.8512, 0.998226, 0.059111, 0.007059, 0.013865, -0.056289, 0.975805, -0.211273, -0.046533, -0.019377, 0.210501, 0.977401, 0.192835, 0.000000, 0.000000, 0.000000, 1.000000, -0.019377, 0.210501, 0.977401, 0.214835, -0.998226, -0.059111, -0.007059, -0.013865, 0.056289, -0.975805, 0.211273, 0.246606, 0.000000, 0.000000, 0.000000, 1.000000, -0.999275, 0.020110, 0.032328, 0.004218, 0.034381, 0.111891, 0.993126, -0.124028, 0.016354, 0.993517, -0.112501, -0.031851, 0.000000, 0.000000, 0.000000, 1.000000
16.0699, 13.8362, -46.4787, 192.7758, 214.7758, -13.8362, 246.5522, 3.9866, -124.1016, -31.8055, 0.998214, 0.058944, -0.009765, 0.013836, -0.059658, 0.974346, -0.217006, -0.046479, -0.003276, 0.217201, 0.976121, 0.192776, 0.000000, 0.000000, 0.000000, 1.000000, -0.003276, 0.217201, 0.976121, 0.214776, -0.998214, -0.058944, 0.009765, -0.013836, 0.059658, -0.974346, 0.217006, 0.246552, 0.000000, 0.000000, 0.000000, 1.000000, -0.998497, 0.020794, 0.050705, 0.003987, 0.052822, 0.118646, 0.991531, -0.124102, 0.014602, 0.992719, -0.119566, -0.031805, 0.000000, 0.000000, 0.000000, 1.000000
16.1938, 13.6555, -46.4317, 192.7108, 214.7108, -13.6555, 246.5051, 3.8974, -124.1888, -31.7786, 0.998192, 0.059803, -0.006059, 0.013656, -0.059678, 0.973922, -0.218892, -0.046432, -0.007189, 0.218858, 0.975730, 0.192711, 0.000000, 0.000000, 0.000000, 1.000000, -0.007189, 0.218858, 0.975730, 0.214711, -0.998192, -0.059803, 0.006059, -0.013656, 0.059678, -0.973922, 0.218892, 0.246505, 0.000000, 0.000000, 0.000000, 1.000000, -0.998593, 0.020265, 0.049006, 0.003897, 0.051096, 0.120335, 0.991418, -0.124189, 0.014194, 0.992527, -0.121201, -0.031779, 0.000000, 0.000000, 0.000000, 1.000000
16.3529, 13.5248, -46.4617, 192.7796, 214.7796, -13.5248, 246.5351, 3.6850, -124.1349, -31.8113, 0.998227, 0.059513, 0.001234, 0.013525, -0.057818, 0.974321, -0.217615, -0.046462, -0.014154, 0.217158, 0.976034, 0.192780, 0.000000, 0.000000, 0.000000, 1.000000, -0.014154, 0.217158, 0.976034, 0.214780, -0.998227, -0.059513, -0.001234, -0.013525, 0.057818, -0.974321, 0.217615, 0.246535, 0.000000, 0.000000, 0.000000, 1.000000, -0.998788, 0.020810, 0.044602, 0.003685, 0.046762, 0.118533, 0.991848, -0.124135, 0.015353, 0.992732, -0.119362, -0.031811, 0.000000, 0.000000, 0.000000, 1.000000
16.4663, 13.3135, -46.4912, 192.8631, 214.8631, -13.3135, 246.5647, 3.6531, -124.0680, -31.8480, 0.998086, 0.058435, 0.020252, 0.013313, -0.052676, 0.974821, -0.216677, -0.046491, -0.032403, 0.215195, 0.976033, 0.192863, 0.000000, 0.000000, 0.000000, 1.000000, -0.032403, 0.215195, 0.976033, 0.214863, -0.998086, -0.058435, -0.020252, -0.013313, 0.052676, -0.974821, 0.216677, 0.246565, 0.000000, 0.000000, 0.000000, 1.000000, -0.999374, 0.022026, 0.027695, 0.003653, 0.030077, 0.116429, 0.992744, -0.124068, 0.018641, 0.992955, -0.117018, -0.031848, 0.000000, 0.000000, 0.000000, 1.000000
16.5924, 13.2457, -46.4397, 192.7996, 214.7996, -13.2457, 246.5132, 3.4467, -124.1481, -31.8082, 0.998169, 0.059449, 0.011157, 0.013246, -0.055483, 0.973341, -0.222552, -0.046440, -0.024090, 0.221525, 0.974857, 0.192800, 0.000000, 0.000000, 0.000000, 1.000000, -0.024090, 0.221525, 0.974857, 0.214800, -0.998169, -0.059449, -0.011157, -0.013246, 0.055483, -0.973341, 0.222552, 0.246513, 0.000000, 0.000000, 0.000000, 1.000000, -0.999027, 0.021592, 0.038456, 0.003447, 0.040825, 0.122878, 0.991582, -0.124148, 0.016685, 0.992187, -0.123640, -0.031808, 0.000000, 0.000000, 0.000000, 1.000000
16.7106, 13.0828, -46.4462, 192.9592, 214.9592, -13.0828, 246.5196, 3.3631, -124.0052, -31.8114, 0.997975, 0.059881, 0.021443, 0.013083, -0.053590, 0.973202, -0.223622, -0.046446, -0.034259, 0.222020, 0.974440, 0.192959, 0.000000, 0.000000, 0.000000, 1.000000, -0.034259, 0.222020, 0.974440, 0.214959, -0.997975, -0.059881, -0.021443, -0.013083, 0.053590, -0.973202, 0.223622, 0.246520, 0.000000, 0.000000, 0.000000, 1.000000, -0.999315, 0.021440, 0.030163, 0.003363, 0.032584, 0.123362, 0.991827, -0.124005, 0.017544, 0.992130, -0.123976, -0.031811, 0.000000, 0.000000, 0.000000, 1.000000
16.8561, 12.9463, -46.3756, 192.9608, 214.9608, -12.9463, 246.4490, 3.1890, -124.0278, -31.7514, 0.997909, 0.060314, 0.023254, 0.012946, -0.053144, 0.970286, -0.236052, -0.046376, -0.036801, 0.234323, 0.971462, 0.192961, 0.000000, 0.000000, 0.000000, 1.000000, -0.036801, 0.234323, 0.971462, 0.214961, -0.997909, -0.060314, -0.023254, -0.012946, 0.053144, -0.970286, 0.236052, 0.246449, 0.000000, 0.000000, 0.000000, 1.000000, -0.999313, 0.021998, 0.029829, 0.003189, 0.032547, 0.135848, 0.990195, -0.124028, 0.017730, 0.990485, -0.136471, -0.031751, 0.000000, 0.000000, 0.000000, 1.000000
16.9980, 12.8673, -46.3767, 192.9306, 214.9306, -12.8673, 246.4502, 2.9580, -124.0704, -31.7613, 0.998058, 0.060119, 0.016298, 0.012867, -0.054733, 0.971348, -0.231274, -0.046377, -0.029735, 0.229933, 0.972752, 0.192931, 0.000000, 0.000000, 0.000000, 1.000000, -0.029735, 0.229933, 0.972752, 0.214931, -0.998058, -0.060119, -0.016298, -0.012867, 0.054733, -0.971348, 0.231274, 0.246450, 0.000000, 0.000000, 0.000000, 1.000000, -0.998966, 0.022278, 0.039620, 0.002958, 0.042210, 0.131314, 0.990442, -0.124070, 0.016863, 0.991090, -0.132119, -0.031761, 0.000000, 0.000000, 0.000000, 1.000000
17.1330, 12.5561, -46.1811, 192.9796, 214.9796, -12.5561, 246.2545, 2.9923, -124.0700, -31.5854, 0.996877, 0.061586, 0.049435, 0.012556, -0.046305, 0.962906, -0.265836, -0.046181, -0.063973, 0.262716, 0.962750, 0.192980, 0.000000, 0.000000, 0.000000, 1.000000, -0.063973, 0.262716, 0.962750, 0.214980, -0.996877, -0.061586, -0.049435, -0.012556, 0.046305, -0.962906, 0.265836, 0.246255, 0.000000, 0.000000, 0.000000, 1.000000, -0.999717, 0.023044, 0.005914, 0.002992, 0.009633, 0.164767, 0.986285, -0.124070, 0.021754, 0.986063, -0.164943, -0.031585, 0.000000, 0.000000, 0.000000, 1.000000
17.2630, 12.6417, -46.2695, 192.9753, 214.9753, -12.6417, 246.3429, 2.6192, -124.0655, -31.6673, 0.997943, 0.061619, 0.017660, 0.012642, -0.055114, 0.965519, -0.254431, -0.046269, -0.032729, 0.252935, 0.966930, 0.192975, 0.000000, 0.000000, 0.000000, 1.000000, -0.032729, 0.252935, 0.966930, 0.214975, -0.997943, -0.061619, -0.017660, -0.012642, 0.055114, -0.965519, 0.254431, 0.246343, 0.000000, 0.000000, 0.000000, 1.000000, -0.998905, 0.022797, 0.040847, 0.002619, 0.043890, 0.154741, 0.986980, -0.124066, 0.016180, 0.987692, -0.155572, -0.031667, 0.000000, 0.000000, 0.000000, 1.000000
17.3834, 12.2405, -46.2911, 193.0506, 215.0506, -12.2405, 246.3645, 2.7621, -124.0231, -31.7110, 0.995759, 0.061397, 0.068515, 0.012241, -0.042581, 0.967733, -0.248355, -0.046291, -0.081552, 0.244384, 0.966243, 0.193051, 0.000000, 0.000000, 0.000000, 1.000000, -0.081552, 0.244384, 0.966243, 0.215051, -0.995759, -0.061397, -0.068515, -0.012241, 0.042581, -0.967733, 0.248355, 0.246365, 0.000000, 0.000000, 0.000000, 1.000000, -0.999713, 0.022806, -0.007309, 0.002762, -0.003903, 0.145965, 0.989282, -0.124023, 0.023628, 0.989027, -0.145834, -0.031711, 0.000000, 0.000000, 0.000000, 1.000000
17.7381, 11.6843, -46.2749, 192.8113, 214.8113, -11.6843, 246.3484, 2.5278, -124.3206, -31.7600, 0.989863, 0.059076, 0.129154, 0.011684, -0.027864, 0.972491, -0.231269, -0.046275, -0.139263, 0.225326, 0.964279, 0.192811, 0.000000, 0.000000, 0.000000, 1.000000, -0.139263, 0.225326, 0.964279, 0.214811, -0.989863, -0.059076, -0.129154, -0.011684, 0.027864, -0.972491, 0.231269, 0.246348, 0.000000, 0.000000, 0.000000, 1.000000, -0.997862, 0.024687, -0.060512, 0.002528, -0.056934, 0.126246, 0.990364, -0.124321, 0.032089, 0.991692, -0.124571, -0.031760, 0.000000, 0.000000, 0.000000, 1.000000
17.8726, 11.6527, -46.3361, 192.7965, 214.7965, -11.6527, 246.4095, 2.2621, -124.3370, -31.8244, 0.992245, 0.058532, 0.109658, 0.011653, -0.032600, 0.973853, -0.224827, -0.046336, -0.119950, 0.219508, 0.968209, 0.192797, 0.000000, 0.000000, 0.000000, 1.000000, -0.119950, 0.219508, 0.968209, 0.214797, -0.992245, -0.058532, -0.109658, -0.011653, 0.032600, -0.973853, 0.224827, 0.246410, 0.000000, 0.000000, 0.000000, 1.000000, -0.998961, 0.025099, -0.038040, 0.002262, -0.034759, 0.120234, 0.992137, -0.124337, 0.029475, 0.992428, -0.119236, -0.031824, 0.000000, 0.000000, 0.000000, 1.000000
18.0132, 11.4090, -46.2548, 192.7990, 214.7990, -11.4090, 246.3282, 2.2046, -124.3687, -31.7616, 0.989021, 0.060283, 0.134924, 0.011409, -0.026724, 0.970920, -0.237906, -0.046255, -0.145342, 0.231689, 0.961871, 0.192799, 0.000000, 0.000000, 0.000000, 1.000000, -0.145342, 0.231689, 0.961871, 0.214799, -0.989021, -0.060283, -0.134924, -0.011409, 0.026724, -0.970920, 0.237906, 0.246328, 0.000000, 0.000000, 0.000000, 1.000000, -0.997765, 0.024570, -0.062142, 0.002205, -0.058356, 0.132697, 0.989437, -0.124369, 0.032556, 0.990852, -0.130966, -0.031762, 0.000000, 0.000000, 0.000000, 1.000000
18.1283, 11.3262, -46.2601, 192.7758, 214.7758, -11.3262, 246.3335, 2.0344, -124.4024, -31.7753, 0.988791, 0.060183, 0.136638, 0.011326, -0.026582, 0.971501, -0.235542, -0.046260, -0.146919, 0.229269, 0.962211, 0.192776, 0.000000, 0.000000, 0.000000, 1.000000, -0.146919, 0.229269, 0.962211, 0.214776, -0.988791, -0.060183, -0.136638, -0.011326, 0.026582, -0.971501, 0.235542, 0.246334, 0.000000, 0.000000, 0.000000, 1.000000, -0.997790, 0.024748, -0.061671, 0.002034, -0.057948, 0.130181, 0.989795, -0.124402, 0.032524, 0.991181, -0.128459, -0.031775, 0.000000, 0.000000, 0.000000, 1.000000
18.2496, 11.2435, -46.2851, 192.8161, 214.8161, -11.2435, 246.3585, 1.8555, -124.3712, -31.8023, 0.990861, 0.059248, 0.121177, 0.011243, -0.030030, 0.972717, -0.230044, -0.046285, -0.131501, 0.224303, 0.965606, 0.192816, 0.000000, 0.000000, 0.000000, 1.000000, -0.131501, 0.224303, 0.965606, 0.214816, -0.990861, -0.059248, -0.121177, -0.011243, 0.030030, -0.972717, 0.230044, 0.246359, 0.000000, 0.000000, 0.000000, 1.000000, -0.998725, 0.025560, -0.043539, 0.001855, -0.040018, 0.124998, 0.991350, -0.124371, 0.030781, 0.991828, -0.123816, -0.031802, 0.000000, 0.000000, 0.000000, 1.000000
18.3740, 11.1406, -46.3003, 192.7797, 214.7797, -11.1406, 246.3737, 1.6832, -124.4186, -31.8286, 0.989835, 0.058924, 0.129438, 0.011141, -0.028014, 0.973083, -0.228747, -0.046300, -0.139433, 0.222796, 0.964842, 0.192780, 0.000000, 0.000000, 0.000000, 1.000000, -0.139433, 0.222796, 0.964842, 0.214780, -0.989835, -0.058924, -0.129438, -0.011141, 0.028014, -0.973083, 0.228747, 0.246374, 0.000000, 0.000000, 0.000000, 1.000000, -0.998431, 0.026030, -0.049581, 0.001683, -0.046010, 0.123382, 0.991292, -0.124419, 0.031921, 0.992018, -0.121991, -0.031829, 0.000000, 0.000000, 0.000000, 1.000000
18.4997, 11.1375, -46.3927, 192.7854, 214.7854, -11.1375, 246.4662, 1.4080, -124.4069, -31.9200, 0.994036, 0.057740, 0.092515, 0.011137, -0.037657, 0.977889, -0.205704, -0.046393, -0.102347, 0.200993, 0.974231, 0.192785, 0.000000, 0.000000, 0.000000, 1.000000, -0.102347, 0.200993, 0.974231, 0.214785, -0.994036, -0.057740, -0.092515, -0.011137, 0.037657, -0.977889, 0.205704, 0.246466, 0.000000, 0.000000, 0.000000, 1.000000, -0.999637, 0.025620, -0.008327, 0.001408, -0.005695, 0.101121, 0.994858, -0.124407, 0.026330, 0.994544, -0.100938, -0.031920, 0.000000, 0.000000, 0.000000, 1.000000
18.6390, 10.9219, -46.3933, 192.8079, 214.8079, -10.9219, 246.4667, 1.3217, -124.4080, -31.9343, 0.991522, 0.057937, 0.116305, 0.010922, -0.032960, 0.977960, -0.206175, -0.046393, -0.125686, 0.200594, 0.971579, 0.192808, 0.000000, 0.000000, 0.000000, 1.000000, -0.125686, 0.200594, 0.971579, 0.214808, -0.991522, -0.057937, -0.116305, -0.010922, 0.032960, -0.977960, 0.206175, 0.246467, 0.000000, 0.000000, 0.000000, 1.000000, -0.999226, 0.025634, -0.029825, 0.001322, -0.027103, 0.100674, 0.994550, -0.124408, 0.028497, 0.994589, -0.099902, -0.031934, 0.000000, 0.000000, 0.000000, 1.000000
18.7589, 10.8660, -46.3350, 192.8920, 214.8920, -10.8660, 246.4084, 1.1291, -124.3383, -31.8728, 0.991114, 0.059019, 0.119206, 0.010866, -0.031869, 0.975435, -0.217968, -0.046335, -0.129142, 0.212232, 0.968648, 0.192892, 0.000000, 0.000000, 0.000000, 1.000000, -0.129142, 0.212232, 0.968648, 0.214892, -0.991114, -0.059019, -0.119206, -0.010866, 0.031869, -0.975435, 0.217968, 0.246408, 0.000000, 0.000000, 0.000000, 1.000000, -0.999165, 0.025818, -0.031680, 0.001129, -0.028585, 0.112506, 0.993240, -0.124338, 0.029208, 0.993316, -0.111674, -0.031873, 0.000000, 0.000000, 0.000000, 1.000000
18.8820, 10.6801, -46.3632, 192.9277, 214.9277, -10.6801, 246.4366, 1.0485, -124.3205, -31.9111, 0.991910, 0.058221, 0.112807, 0.010680, -0.033333, 0.976898, -0.211092, -0.046363, -0.122491, 0.205624, 0.970935, 0.192928, 0.000000, 0.000000, 0.000000, 1.000000, -0.122491, 0.205624, 0.970935, 0.214928, -0.991910, -0.058221, -0.112807, -0.010680, 0.033333, -0.976898, 0.211092, 0.246437, 0.000000, 0.000000, 0.000000, 1.000000, -0.999402, 0.026245, -0.022517, 0.001049, -0.019625, 0.105679, 0.994207, -0.124320, 0.028472, 0.994054, -0.105101, -0.031911, 0.000000, 0.000000, 0.000000, 1.000000
18.9980, 10.6398, -46.3618, 192.8663, 214.8663, -10.6398, 246.4352, 0.8303, -124.3873, -31.9187, 0.992112, 0.058062, 0.111099, 0.010640, -0.033773, 0.977299, -0.209158, -0.046362, -0.120721, 0.203756, 0.971550, 0.192866, 0.000000, 0.000000, 0.000000, 1.000000, -0.120721, 0.203756, 0.971550, 0.214866, -0.992112, -0.058062, -0.111099, -0.010640, 0.033773, -0.977299, 0.209158, 0.246435, 0.000000, 0.000000, 0.000000, 1.000000, -0.999477, 0.026440, -0.018620, 0.000830, -0.015783, 0.103718, 0.994481, -0.124387, 0.028226, 0.994255, -0.103247, -0.031919, 0.000000, 0.000000, 0.000000, 1.000000
19.1188, 10.6084, -46.3234, 192.8935, 214.8935, -10.6084, 246.3968, 0.6045, -124.3691, -31.8803, 0.992436, 0.059151, 0.107569, 0.010608, -0.034805, 0.975880, -0.215516, -0.046323, -0.117722, 0.210142, 0.970557, 0.192894, 0.000000, 0.000000, 0.000000, 1.000000, -0.117722, 0.210142, 0.970557, 0.214894, -0.992436, -0.059151, -0.107569, -0.010608, 0.034805, -0.975880, 0.215516, 0.246397, 0.000000, 0.000000, 0.000000, 1.000000, -0.999565, 0.026191, -0.013532, 0.000604, -0.010566, 0.110241, 0.993849, -0.124369, 0.027522, 0.993560, -0.109917, -0.031880, 0.000000, 0.000000, 0.000000, 1.000000
19.2371, 10.4631, -46.3602, 192.9076, 214.9076, -10.4631, 246.4336, 0.4912, -124.3676, -31.9262, 0.992419, 0.058596, 0.108036, 0.010463, -0.034316, 0.976180, -0.214229, -0.046360, -0.118015, 0.208898, 0.970790, 0.192908, 0.000000, 0.000000, 0.000000, 1.000000, -0.118015, 0.208898, 0.970790, 0.214908, -0.992419, -0.058596, -0.108036, -0.010463, 0.034316, -0.976180, 0.214229, 0.246434, 0.000000, 0.000000, 0.000000, 1.000000, -0.999569, 0.026849, -0.011837, 0.000491, -0.008847, 0.108866, 0.994017, -0.124368, 0.027977, 0.993694, -0.108582, -0.031926, 0.000000, 0.000000, 0.000000, 1.000000
19.3645, 10.3462, -46.3503, 192.9200, 214.9200, -10.3462, 246.4238, 0.3325, -124.3697, -31.9239, 0.991936, 0.058320, 0.112527, 0.010346, -0.033165, 0.976345, -0.213662, -0.046350, -0.122326, 0.208207, 0.970405, 0.192920, 0.000000, 0.000000, 0.000000, 1.000000, -0.122326, 0.208207, 0.970405, 0.214920, -0.991936, -0.058320, -0.112527, -0.010346, 0.033165, -0.976345, 0.213662, 0.246424, 0.000000, 0.000000, 0.000000, 1.000000, -0.999528, 0.027296, -0.014087, 0.000333, -0.011059, 0.108076, 0.994081, -0.124370, 0.028657, 0.993768, -0.107723, -0.031924, 0.000000, 0.000000, 0.000000, 1.000000
19.4867, 10.2494, -46.3329, 192.8911, 214.8911, -10.2494, 246.4063, 0.1610, -124.4110, -31.9166, 0.992164, 0.058198, 0.110558, 0.010249, -0.033766, 0.976859, -0.211200, -0.046333, -0.120291, 0.205812, 0.971170, 0.192891, 0.000000, 0.000000, 0.000000, 1.000000, -0.120291, 0.205812, 0.971170, 0.214891, -0.992164, -0.058198, -0.110558, -0.010249, 0.033766, -0.976859, 0.211200, 0.246406, 0.000000, 0.000000, 0.000000, 1.000000, -0.999577, 0.027401, -0.009774, 0.000161, -0.006829, 0.105583, 0.994387, -0.124411, 0.028279, 0.994033, -0.105351, -0.031917, 0.000000, 0.000000, 0.000000, 1.000000
19.6554, 10.0833, -46.3385, 192.9441, 214.9441, -10.0833, 246.4119, -0.0348, -124.3766, -31.9292, 0.991475, 0.058769, 0.116294, 0.010083, -0.032589, 0.975989, -0.215369, -0.046338, -0.126158, 0.209743, 0.969583, 0.192944, 0.000000, 0.000000, 0.000000, 1.000000, -0.126158, 0.209743, 0.969583, 0.214944, -0.991475, -0.058769, -0.116294, -0.010083, 0.032589, -0.975989, 0.215369, 0.246412, 0.000000, 0.000000, 0.000000, 1.000000, -0.999536, 0.027561, -0.012977, -0.000035, -0.009884, 0.109543, 0.993933, -0.124377, 0.028815, 0.993600, -0.109219, -0.031929, 0.000000, 0.000000, 0.000000, 1.000000
19.7903, 10.0086, -46.3606, 192.8951, 214.8951, -10.0086, 246.4340, -0.2610, -124.4308, -31.9616, 0.992238, 0.058394, 0.109786, 0.010009, -0.034441, 0.977396, -0.208592, -0.046361, -0.119485, 0.203192, 0.971821, 0.192895, 0.000000, 0.000000, 0.000000, 1.000000, -0.119485, 0.203192, 0.971821, 0.214895, -0.992238, -0.058394, -0.109786, -0.010009, 0.034441, -0.977396, 0.208592, 0.246434, 0.000000, 0.000000, 0.000000, 1.000000, -0.999616, 0.027480, -0.003497, -0.000261, -0.000654, 0.102813, 0.994700, -0.124431, 0.027694, 0.994321, -0.102756, -0.031962, 0.000000, 0.000000, 0.000000, 1.000000
19.9485, 9.7559, -46.2254, 192.8963, 214.8963, -9.7559, 246.2989, -0.3458, -124.4726, -31.8461, 0.989194, 0.059619, 0.133944, 0.009756, -0.028498, 0.974350, -0.223225, -0.046225, -0.143817, 0.216996, 0.965520, 0.192896, 0.000000, 0.000000, 0.000000, 1.000000, -0.143817, 0.216996, 0.965520, 0.214896, -0.989194, -0.059619, -0.133944, -0.009756, 0.028498, -0.974350, 0.223225, 0.246299, 0.000000, 0.000000, 0.000000, 1.000000, -0.999258, 0.028079, -0.026362, -0.000346, -0.022910, 0.116836, 0.992887, -0.124473, 0.030960, 0.992754, -0.116106, -0.031846, 0.000000, 0.000000, 0.000000, 1.000000
20.0632, 9.7678, -46.2949, 192.9124, 214.9124, -9.7678, 246.3683, -0.6091, -124.4469, -31.9126, 0.991757, 0.057941, 0.114284, 0.009768, -0.032919, 0.977198, -0.209764, -0.046295, -0.123833, 0.204273, 0.971050, 0.192912, 0.000000, 0.000000, 0.000000, 1.000000, -0.123833, 0.204273, 0.971050, 0.214912, -0.991757, -0.057941, -0.114284, -0.009768, 0.032919, -0.977198, 0.209764, 0.246368, 0.000000, 0.000000, 0.000000, 1.000000, -0.999587, 0.028542, -0.003383, -0.000609, -0.000404, 0.103716, 0.994607, -0.124447, 0.028739, 0.994197, -0.103662, -0.031913, 0.000000, 0.000000, 0.000000, 1.000000
20.1766, 9.7020, -46.3589, 192.9054, 214.9054, -9.7020, 246.4323, -0.7950, -124.4534, -31.9816, 0.991607, 0.056881, 0.116106, 0.009702, -0.032916, 0.979499, -0.198743, -0.046359, -0.125031, 0.193254, 0.973150, 0.192905, 0.000000, 0.000000, 0.000000, 1.000000, -0.125031, 0.193254, 0.973150, 0.214905, -0.991607, -0.056881, -0.116106, -0.009702, 0.032916, -0.979499, 0.198743, 0.246432, 0.000000, 0.000000, 0.000000, 1.000000, -0.999591, 0.028524, -0.002273, -0.000795, 0.000373, 0.092410, 0.995721, -0.124453, 0.028612, 0.995312, -0.092382, -0.031982, 0.000000, 0.000000, 0.000000, 1.000000
20.2957, 9.4419, -46.2550, 192.9573, 214.9573, -9.4419, 246.3285, -0.7831, -124.4436, -31.8928, 0.989931, 0.058908, 0.128712, 0.009442, -0.030472, 0.976657, -0.212630, -0.046255, -0.138233, 0.206567, 0.968618, 0.192957, 0.000000, 0.000000, 0.000000, 1.000000, -0.138233, 0.206567, 0.968618, 0.214957, -0.989931, -0.058908, -0.128712, -0.009442, 0.030472, -0.976657, 0.212630, 0.246328, 0.000000, 0.000000, 0.000000, 1.000000, -0.999501, 0.028272, -0.014116, -0.000783, -0.011043, 0.106040, 0.994301, -0.124444, 0.029608, 0.993960, -0.105675, -0.031893, 0.000000, 0.000000, 0.000000, 1.000000
20.4161, 9.4173, -46.3477, 192.9123, 214.9123, -9.4173, 246.4211, -1.0320, -124.4791, -31.9910, 0.991828, 0.057074, 0.114101, 0.009417, -0.034093, 0.980399, -0.194048, -0.046348, -0.122939, 0.188572, 0.974334, 0.192912, 0.000000, 0.000000, 0.000000, 1.000000, -0.122939, 0.188572, 0.974334, 0.214912, -0.991828, -0.057074, -0.114101, -0.009417, 0.034093, -0.980399, 0.194048, 0.246421, 0.000000, 0.000000, 0.000000, 1.000000, -0.999594, 0.028154, 0.004316, -0.001032, 0.006768, 0.087600, 0.996133, -0.124479, 0.027667, 0.995758, -0.087755, -0.031991, 0.000000, 0.000000, 0.000000, 1.000000
20.5541, 9.2499, -46.2680, 192.9562, 214.9562, -9.2499, 246.3414, -1.1555, -124.4630, -31.9200, 0.989468, 0.058394, 0.132452, 0.009250, -0.029589, 0.977293, -0.209817, -0.046268, -0.141696, 0.203688, 0.968728, 0.192956, 0.000000, 0.000000, 0.000000, 1.000000, -0.141696, 0.203688, 0.968728, 0.214956, -0.989468, -0.058394, -0.132452, -0.009250, 0.029589, -0.977293, 0.209817, 0.246341, 0.000000, 0.000000, 0.000000, 1.000000, -0.999496, 0.028909, -0.013146, -0.001155, -0.010104, 0.102938, 0.994636, -0.124463, 0.030107, 0.994268, -0.102594, -0.031920, 0.000000, 0.000000, 0.000000, 1.000000
20.6776, 9.1422, -46.2777, 192.9768, 214.9768, -9.1422, 246.3512, -1.3149, -124.4528, -31.9356, 0.989378, 0.057798, 0.133378, 0.009142, -0.029294, 0.978006, -0.206510, -0.046278, -0.142380, 0.200409, 0.969311, 0.192977, 0.000000, 0.000000, 0.000000, 1.000000, -0.142380, 0.200409, 0.969311, 0.214977, -0.989378, -0.057798, -0.133378, -0.009142, 0.029294, -0.978006, 0.206510, 0.246351, 0.000000, 0.000000, 0.000000, 1.000000, -0.999502, 0.029315, -0.011638, -0.001315, -0.008668, 0.099490, 0.995001, -0.124453, 0.030326, 0.994607, -0.099186, -0.031936, 0.000000, 0.000000, 0.000000, 1.000000
20.7989, 9.0400, -46.3151, 192.9426, 214.9426, -9.0400, 246.3885, -1.4844, -124.4930, -31.9837, 0.990582, 0.057252, 0.124377, 0.009040, -0.031626, 0.979490, -0.198995, -0.046315, -0.133219, 0.193187, 0.972076, 0.192943, 0.000000, 0.000000, 0.000000, 1.000000, -0.133219, 0.193187, 0.972076, 0.214943, -0.990582, -0.057252, -0.124377, -0.009040, 0.031626, -0.979490, 0.198995, 0.246389, 0.000000, 0.000000, 0.000000, 1.000000, -0.999575, 0.029150, 0.000201, -0.001484, 0.002886, 0.092079, 0.995748, -0.124493, 0.029007, 0.995325, -0.092124, -0.031984, 0.000000, 0.000000, 0.000000, 1.000000
20.9263, 8.8736, -46.2777, 192.9526, 214.9526, -8.8736, 246.3511, -1.5933, -124.5058, -31.9579, 0.988800, 0.057352, 0.137789, 0.008874, -0.028313, 0.978538, -0.204112, -0.046278, -0.146538, 0.197925, 0.969202, 0.192953, 0.000000, 0.000000, 0.000000, 1.000000, -0.146538, 0.197925, 0.969202, 0.214953, -0.988800, -0.057352, -0.137789, -0.008874, 0.028313, -0.978538, 0.204112, 0.246351, 0.000000, 0.000000, 0.000000, 1.000000, -0.999487, 0.029868, -0.011550, -0.001593, -0.008608, 0.096797, 0.995267, -0.124506, 0.030845, 0.994856, -0.096490, -0.031958, 0.000000, 0.000000, 0.000000, 1.000000
21.0696, 8.8083, -46.2506, 192.9996, 214.9996, -8.8083, 246.3240, -1.8317, -124.4670, -31.9312, 0.989101, 0.058508, 0.135118, 0.008808, -0.028960, 0.977041, -0.211076, -0.046251, -0.144365, 0.204862, 0.968086, 0.193000, 0.000000, 0.000000, 0.000000, 1.000000, -0.144365, 0.204862, 0.968086, 0.215000, -0.989101, -0.058508, -0.135118, -0.008808, 0.028960, -0.977041, 0.211076, 0.246324, 0.000000, 0.000000, 0.000000, 1.000000, -0.999529, 0.029875, -0.006997, -0.001832, -0.003858, 0.103873, 0.994583, -0.124467, 0.030440, 0.994142, -0.103709, -0.031931, 0.000000, 0.000000, 0.000000, 1.000000
21.2146, 8.5912, -46.2878, 192.9990, 214.9990, -8.5912, 246.3612, -1.9346, -124.4887, -31.9843, 0.988231, 0.057160, 0.141886, 0.008591, -0.027447, 0.978766, -0.203135, -0.046288, -0.150485, 0.196850, 0.968816, 0.192999, 0.000000, 0.000000, 0.000000, 1.000000, -0.150485, 0.196850, 0.968816, 0.214999, -0.988231, -0.057160, -0.141886, -0.008591, 0.027447, -0.978766, 0.203135, 0.246361, 0.000000, 0.000000, 0.000000, 1.000000, -0.999482, 0.030401, -0.010586, -0.001935, -0.007637, 0.095536, 0.995397, -0.124489, 0.031272, 0.994962, -0.095255, -0.031984, 0.000000, 0.000000, 0.000000, 1.000000
21.4022, 8.5490, -46.2925, 193.0600, 215.0600, -8.5490, 246.3660, -2.2918, -124.4273, -31.9862, 0.990398, 0.057730, 0.125612, 0.008549, -0.031420, 0.978854, -0.202132, -0.046293, -0.134625, 0.196244, 0.971269, 0.193060, 0.000000, 0.000000, 0.000000, 1.000000, -0.134625, 0.196244, 0.971269, 0.215060, -0.990398, -0.057730, -0.125612, -0.008549, 0.031420, -0.978854, 0.202132, 0.246366, 0.000000, 0.000000, 0.000000, 1.000000, -0.999506, 0.030066, 0.009162, -0.002292, 0.011980, 0.094912, 0.995414, -0.124427, 0.029058, 0.995032, -0.095225, -0.031986, 0.000000, 0.000000, 0.000000, 1.000000
21.5231, 8.4113, -46.3021, 193.0544, 215.0544, -8.4113, 246.3755, -2.4197, -124.4465, -32.0064, 0.989749, 0.057960, 0.130527, 0.008411, -0.030375, 0.978467, -0.204157, -0.046302, -0.139550, 0.198100, 0.970197, 0.193054, 0.000000, 0.000000, 0.000000, 1.000000, -0.139550, 0.198100, 0.970197, 0.215054, -0.989749, -0.057960, -0.130527, -0.008411, 0.030375, -0.978467, 0.204157, 0.246376, 0.000000, 0.000000, 0.000000, 1.000000, -0.999522, 0.030297, 0.006131, -0.002420, 0.009037, 0.096748, 0.995268, -0.124446, 0.029560, 0.994848, -0.096976, -0.032006, 0.000000, 0.000000, 0.000000, 1.000000
21.6769, 8.2459, -46.3175, 193.0047, 215.0047, -8.2459, 246.3910, -2.5993, -124.5104, -32.0394, 0.988064, 0.056266, 0.143398, 0.008246, -0.027481, 0.980356, -0.195313, -0.046318, -0.151571, 0.189041, 0.970201, 0.193005, 0.000000, 0.000000, 0.000000, 1.000000, -0.151571, 0.189041, 0.970201, 0.215005, -0.988064, -0.056266, -0.143398, -0.008246, 0.027481, -0.980356, 0.195313, 0.246391, 0.000000, 0.000000, 0.000000, 1.000000, -0.999515, 0.030942, -0.003375, -0.002599, -0.000661, 0.087302, 0.996182, -0.124510, 0.031119, 0.995701, -0.087239, -0.032039, 0.000000, 0.000000, 0.000000, 1.000000
21.7925, 8.1003, -46.2284, 193.1556, 215.1556, -8.1003, 246.3019, -2.6782, -124.3881, -31.9469, 0.987737, 0.059478, 0.144355, 0.008100, -0.027533, 0.976460, -0.213936, -0.046228, -0.153681, 0.207338, 0.966123, 0.193156, 0.000000, 0.000000, 0.000000, 1.000000, -0.153681, 0.207338, 0.966123, 0.215156, -0.987737, -0.059478, -0.144355, -0.008100, 0.027533, -0.976460, 0.213936, 0.246302, 0.000000, 0.000000, 0.000000, 1.000000, -0.999524, 0.030580, -0.004030, -0.002678, -0.000762, 0.106125, 0.994353, -0.124388, 0.030835, 0.993882, -0.106051, -0.031947, 0.000000, 0.000000, 0.000000, 1.000000
21.9234, 7.9932, -46.3245, 193.0518, 215.0518, -7.9932, 246.3979, -2.8789, -124.4893, -32.0604, 0.988125, 0.056449, 0.142906, 0.007993, -0.028418, 0.981165, -0.191068, -0.046324, -0.151000, 0.184738, 0.971118, 0.193052, 0.000000, 0.000000, 0.000000, 1.000000, -0.151000, 0.184738, 0.971118, 0.215052, -0.988125, -0.056449, -0.142906, -0.007993, 0.028418, -0.981165, 0.191068, 0.246398, 0.000000, 0.000000, 0.000000, 1.000000, -0.999533, 0.030503, 0.001788, -0.002879, 0.004312, 0.082880, 0.996550, -0.124489, 0.030250, 0.996093, -0.082972, -0.032060, 0.000000, 0.000000, 0.000000, 1.000000
22.0614, 7.9704, -46.3041, 193.1909, 215.1909, -7.9704, 246.3775, -3.1327, -124.3512, -32.0281, 0.988753, 0.056926, 0.138304, 0.007970, -0.029105, 0.980289, -0.195413, -0.046304, -0.146702, 0.189190, 0.970920, 0.193191, 0.000000, 0.000000, 0.000000, 1.000000, -0.146702, 0.189190, 0.970920, 0.215191, -0.988753, -0.056926, -0.138304, -0.007970, 0.029105, -0.980289, 0.195413, 0.246378, 0.000000, 0.000000, 0.000000, 1.000000, -0.999487, 0.030897, 0.008440, -0.003133, 0.011112, 0.087348, 0.996116, -0.124351, 0.030040, 0.995699, -0.087646, -0.032028, 0.000000, 0.000000, 0.000000, 1.000000
22.1867, 7.7466, -46.2769, 193.1556, 215.1556, -7.7466, 246.3503, -3.1883, -124.4165, -32.0212, 0.987282, 0.058079, 0.147990, 0.007747, -0.027391, 0.979101, -0.201519, -0.046277, -0.156601, 0.194903, 0.968240, 0.193156, 0.000000, 0.000000, 0.000000, 1.000000, -0.156601, 0.194903, 0.968240, 0.215156, -0.987282, -0.058079, -0.147990, -0.007747, 0.027391, -0.979101, 0.201519, 0.246350, 0.000000, 0.000000, 0.000000, 1.000000, -0.999525, 0.030814, 0.000289, -0.003188, 0.003161, 0.093198, 0.995643, -0.124417, 0.030653, 0.995171, -0.093251, -0.032021, 0.000000, 0.000000, 0.000000, 1.000000
22.3304, 7.6029, -46.2952, 193.1295, 215.1295, -7.6029, 246.3687, -3.3641, -124.4545, -32.0527, 0.986653, 0.056971, 0.152543, 0.007603, -0.026476, 0.980460, -0.194931, -0.046295, -0.160668, 0.188290, 0.968882, 0.193130, 0.000000, 0.000000, 0.000000, 1.000000, -0.160668, 0.188290, 0.968882, 0.215130, -0.986653, -0.056971, -0.152543, -0.007603, 0.026476, -0.980460, 0.194931, 0.246369, 0.000000, 0.000000, 0.000000, 1.000000, -0.999515, 0.031124, -0.001213, -0.003364, 0.001478, 0.086307, 0.996268, -0.124454, 0.031112, 0.995782, -0.086311, -0.032053, 0.000000, 0.000000, 0.000000, 1.000000
22.4561, 7.5311, -46.2719, 193.1202, 215.1202, -7.5311, 246.3453, -3.5667, -124.4700, -32.0358, 0.986361, 0.057181, 0.154347, 0.007531, -0.025697, 0.979715, -0.198740, -0.046272, -0.162581, 0.192063, 0.967822, 0.193120, 0.000000, 0.000000, 0.000000, 1.000000, -0.162581, 0.192063, 0.967822, 0.215120, -0.986361, -0.057181, -0.154347, -0.007531, 0.025697, -0.979715, 0.198740, 0.246345, 0.000000, 0.000000, 0.000000, 1.000000, -0.999497, 0.031695, -0.001198, -0.003567, 0.001662, 0.090055, 0.995935, -0.124470, 0.031674, 0.995432, -0.090062, -0.032036, 0.000000, 0.000000, 0.000000, 1.000000
22.6059, 7.3051, -46.1879, 193.0213, 215.0213, -7.3051, 246.2614, -3.6820, -124.6034, -31.9790, 0.984804, 0.058566, 0.163499, 0.007305, -0.023782, 0.978034, -0.207086, -0.046188, -0.172036, 0.200051, 0.964564, 0.193021, 0.000000, 0.000000, 0.000000, 1.000000, -0.172036, 0.200051, 0.964564, 0.215021, -0.984804, -0.058566, -0.163499, -0.007305, 0.023782, -0.978034, 0.207086, 0.246261, 0.000000, 0.000000, 0.000000, 1.000000, -0.999456, 0.031831, -0.008624, -0.003682, -0.005459, 0.098214, 0.995150, -0.124603, 0.032524, 0.994656, -0.097987, -0.031979, 0.000000, 0.000000, 0.000000, 1.000000
22.7342, 7.2616, -46.2511, 193.0337, 215.0337, -7.2616, 246.3246, -3.9196, -124.5829, -32.0438, 0.986031, 0.057086, 0.156475, 0.007262, -0.025435, 0.980021, -0.197260, -0.046251, -0.164610, 0.190525, 0.967783, 0.193034, 0.000000, 0.000000, 0.000000, 1.000000, -0.164610, 0.190525, 0.967783, 0.215034, -0.986031, -0.057086, -0.156475, -0.007262, 0.025435, -0.980021, 0.197260, 0.246325, 0.000000, 0.000000, 0.000000, 1.000000, -0.999487, 0.031978, 0.001622, -0.003920, 0.004442, 0.088343, 0.996080, -0.124583, 0.031709, 0.995577, -0.088439, -0.032044, 0.000000, 0.000000, 0.000000, 1.000000
22.8472, 7.1421, -46.2294, 193.0418, 215.0418, -7.1421, 246.3029, -4.0451, -124.5894, -32.0303, 0.984368, 0.057761, 0.166384, 0.007142, -0.023140, 0.978919, -0.202935, -0.046229, -0.174598, 0.195913, 0.964953, 0.193042, 0.000000, 0.000000, 0.000000, 1.000000, -0.174598, 0.195913, 0.964953, 0.215042, -0.984368, -0.057761, -0.166384, -0.007142, 0.023140, -0.978919, 0.202935, 0.246303, 0.000000, 0.000000, 0.000000, 1.000000, -0.999452, 0.032364, -0.006968, -0.004045, -0.003904, 0.093793, 0.995584, -0.124589, 0.032875, 0.995066, -0.093615, -0.032030, 0.000000, 0.000000, 0.000000, 1.000000
22.9614, 6.9758, -46.1309, 193.0120, 215.0120, -6.9758, 246.2043, -4.1298, -124.6492, -31.9478, 0.982716, 0.058085, 0.175771, 0.006976, -0.020091, 0.977355, -0.210649, -0.046131, -0.184026, 0.203477, 0.961630, 0.193012, 0.000000, 0.000000, 0.000000, 1.000000, -0.184026, 0.203477, 0.961630, 0.215012, -0.982716, -0.058085, -0.175771, -0.006976, 0.020091, -0.977355, 0.210649, 0.246204, 0.000000, 0.000000, 0.000000, 1.000000, -0.999323, 0.033478, -0.015225, -0.004130, -0.011760, 0.101364, 0.994780, -0.124649, 0.034846, 0.994286, -0.100901, -0.031948, 0.000000, 0.000000, 0.000000, 1.000000
23.1368, 6.8727, -46.1704, 193.0250, 215.0250, -6.8727, 246.2439, -4.4099, -124.6366, -31.9934, 0.983376, 0.057188, 0.172338, 0.006873, -0.020999, 0.978559, -0.204896, -0.046170, -0.180361, 0.197870, 0.963492, 0.193025, 0.000000, 0.000000, 0.000000, 1.000000, -0.180361, 0.197870, 0.963492, 0.215025, -0.983376, -0.057188, -0.172338, -0.006873, 0.020999, -0.978559, 0.204896, 0.246244, 0.000000, 0.000000, 0.000000, 1.000000, -0.999398, 0.033732, -0.008156, -0.004410, -0.004901, 0.095485, 0.995419, -0.124637, 0.034356, 0.994859, -0.095262, -0.031993, 0.000000, 0.000000, 0.000000, 1.000000
23.2581, 6.7676, -46.1984, 193.1005, 215.1005, -6.7676, 246.2718, -4.5585, -124.5684, -32.0215, 0.983571, 0.056705, 0.171382, 0.006768, -0.021645, 0.979579, -0.199892, -0.046198, -0.179217, 0.192899, 0.964713, 0.193100, 0.000000, 0.000000, 0.000000, 1.000000, -0.179217, 0.192899, 0.964713, 0.215100, -0.983571, -0.056705, -0.171382, -0.006768, 0.021645, -0.979579, 0.199892, 0.246272, 0.000000, 0.000000, 0.000000, 1.000000, -0.999426, 0.033564, -0.004611, -0.004558, -0.001561, 0.090352, 0.995909, -0.124568, 0.033843, 0.995344, -0.090248, -0.032021, 0.000000, 0.000000, 0.000000, 1.000000
23.3820, 6.5892, -46.1311, 193.1548, 215.1548, -6.5892, 246.2046, -4.6391, -124.5441, -31.9626, 0.982533, 0.059509, 0.176314, 0.006589, -0.021485, 0.977429, -0.210171, -0.046131, -0.184842, 0.202711, 0.961635, 0.193155, 0.000000, 0.000000, 0.000000, 1.000000, -0.184842, 0.202711, 0.961635, 0.215155, -0.982533, -0.059509, -0.176314, -0.006589, 0.021485, -0.977429, 0.210171, 0.246205, 0.000000, 0.000000, 0.000000, 1.000000, -0.999430, 0.032687, -0.008430, -0.004639, -0.005101, 0.100609, 0.994913, -0.124544, 0.033368, 0.994389, -0.100385, -0.031963, 0.000000, 0.000000, 0.000000, 1.000000
23.5767, 6.4120, -46.1568, 193.0149, 215.0149, -6.4120, 246.2303, -4.9159, -124.6933, -32.0151, 0.980939, 0.057600, 0.185581, 0.006412, -0.019615, 0.979529, -0.200345, -0.046157, -0.193322, 0.192886, 0.961988, 0.193015, 0.000000, 0.000000, 0.000000, 1.000000, -0.193322, 0.192886, 0.961988, 0.215015, -0.980939, -0.057600, -0.185581, -0.006412, 0.019615, -0.979529, 0.200345, 0.246230, 0.000000, 0.000000, 0.000000, 1.000000, -0.999358, 0.033183, -0.013534, -0.004916, -0.010488, 0.090318, 0.995858, -0.124693, 0.034268, 0.995360, -0.089912, -0.032015, 0.000000, 0.000000, 0.000000, 1.000000
23.6949, 6.3718, -46.1867, 193.3707, 215.3707, -6.3718, 246.2601, -5.0683, -124.3392, -32.0125, 0.984274, 0.058692, 0.166615, 0.006372, -0.023542, 0.978360, -0.205564, -0.046187, -0.175075, 0.198409, 0.964356, 0.193371, 0.000000, 0.000000, 0.000000, 1.000000, -0.175075, 0.198409, 0.964356, 0.215371, -0.984274, -0.058692, -0.166615, -0.006372, 0.023542, -0.978360, 0.205564, 0.246260, 0.000000, 0.000000, 0.000000, 1.000000, -0.999420, 0.033276, 0.007279, -0.005068, 0.010444, 0.095973, 0.995329, -0.124339, 0.032422, 0.994828, -0.096265, -0.032013, 0.000000, 0.000000, 0.000000, 1.000000
23.8447, 6.2363, -46.2129, 193.1961, 215.1961, -6.2363, 246.2864, -5.2955, -124.5181, -32.0659, 0.982417, 0.057581, 0.177596, 0.006236, -0.021950, 0.980277, -0.196407, -0.046213, -0.185403, 0.189056, 0.964305, 0.193196, 0.000000, 0.000000, 0.000000, 1.000000, -0.185403, 0.189056, 0.964305, 0.215196, -0.982417, -0.057581, -0.177596, -0.006236, 0.021950, -0.980277, 0.196407, 0.246286, 0.000000, 0.000000, 0.000000, 1.000000, -0.999458, 0.032932, -0.000393, -0.005295, 0.002453, 0.086334, 0.996263, -0.124518, 0.032843, 0.995722, -0.086368, -0.032066, 0.000000, 0.000000, 0.000000, 1.000000
23.9713, 6.0710, -46.1854, 193.1688, 215.1688, -6.0710, 246.2589, -5.4123, -124.5667, -32.0536, 0.980767, 0.057743, 0.186443, 0.006071, -0.019784, 0.979727, -0.199358, -0.046185, -0.194174, 0.191835, 0.962027, 0.193169, 0.000000, 0.000000, 0.000000, 1.000000, -0.194174, 0.191835, 0.962027, 0.215169, -0.980767, -0.057743, -0.186443, -0.006071, 0.019784, -0.979727, 0.199358, 0.246259, 0.000000, 0.000000, 0.000000, 1.000000, -0.999412, 0.033471, -0.007458, -0.005412, -0.004450, 0.089066, 0.996016, -0.124567, 0.034002, 0.995463, -0.088864, -0.032054, 0.000000, 0.000000, 0.000000, 1.000000
24.1036, 5.8862, -46.1642, 193.1558, 215.1558, -5.8862, 246.2376, -5.5204, -124.6037, -32.0475, 0.980045, 0.057744, 0.190203, 0.005886, -0.019297, 0.979995, -0.198086, -0.046164, -0.197836, 0.190462, 0.961553, 0.193156, 0.000000, 0.000000, 0.000000, 1.000000, -0.197836, 0.190462, 0.961553, 0.215156, -0.980045, -0.057744, -0.190203, -0.005886, 0.019297, -0.979995, 0.198086, 0.246238, 0.000000, 0.000000, 0.000000, 1.000000, -0.999402, 0.033422, -0.008865, -0.005520, -0.005906, 0.087620, 0.996136, -0.124604, 0.034070, 0.995593, -0.087370, -0.032048, 0.000000, 0.000000, 0.000000, 1.000000
24.2227, 5.8027, -46.1257, 193.2071, 215.2071, -5.8027, 246.1991, -5.6854, -124.5622, -32.0105, 0.979135, 0.058685, 0.194555, 0.005803, -0.017552, 0.978239, -0.206738, -0.046126, -0.202454, 0.199010, 0.958857, 0.193207, 0.000000, 0.000000, 0.000000, 1.000000, -0.202454, 0.199010, 0.958857, 0.215207, -0.979135, -0.058685, -0.194555, -0.005803, 0.017552, -0.978239, 0.206738, 0.246199, 0.000000, 0.000000, 0.000000, 1.000000, -0.999340, 0.034278, -0.012050, -0.005685, -0.008700, 0.096261, 0.995318, -0.124562, 0.035277, 0.994766, -0.095899, -0.032010, 0.000000, 0.000000, 0.000000, 1.000000
24.3457, 5.7689, -46.2091, 193.2196, 215.2196, -5.7689, 246.2825, -5.9218, -124.5348, -32.0945, 0.980833, 0.057451, 0.186190, 0.005769, -0.020060, 0.980241, -0.196786, -0.046209, -0.193817, 0.189279, 0.962605, 0.193220, 0.000000, 0.000000, 0.000000, 1.000000, -0.193817, 0.189279, 0.962605, 0.215220, -0.980833, -0.057451, -0.186190, -0.005769, 0.020060, -0.980241, 0.196786, 0.246283, 0.000000, 0.000000, 0.000000, 1.000000, -0.999427, 0.033856, -0.000450, -0.005922, 0.002473, 0.086240, 0.996271, -0.124535, 0.033768, 0.995699, -0.086274, -0.032094, 0.000000, 0.000000, 0.000000, 1.000000
24.4648, 5.6296, -46.2014, 193.2311, 215.2311, -5.6296, 246.2749, -6.0417, -124.5390, -32.0961, 0.979748, 0.056797, 0.192009, 0.005630, -0.017809, 0.979844, -0.198971, -0.046201, -0.199440, 0.191522, 0.961011, 0.193231, 0.000000, 0.000000, 0.000000, 1.000000, -0.199440, 0.191522, 0.961011, 0.215231, -0.979748, -0.056797, -0.192009, -0.005630, 0.017809, -0.979844, 0.198971, 0.246275, 0.000000, 0.000000, 0.000000, 1.000000, -0.999373, 0.035105, -0.004508, -0.006042, -0.001392, 0.088272, 0.996095, -0.124539, 0.035366, 0.995478, -0.088168, -0.032096, 0.000000, 0.000000, 0.000000, 1.000000
24.6072, 5.4761, -46.1644, 193.2747, 215.2747, -5.4761, 246.2378, -6.1902, -124.5155, -32.0664, 0.979313, 0.057717, 0.193947, 0.005476, -0.017338, 0.978868, -0.203757, -0.046164, -0.201608, 0.196179, 0.959619, 0.193275, 0.000000, 0.000000, 0.000000, 1.000000, -0.201608, 0.196179, 0.959619, 0.215275, -0.979313, -0.057717, -0.193947, -0.005476, 0.017338, -0.978868, 0.203757, 0.246238, 0.000000, 0.000000, 0.000000, 1.000000, -0.999366, 0.035325, -0.004463, -0.006190, -0.001159, 0.093011, 0.995664, -0.124515, 0.035587, 0.995038, -0.092911, -0.032066, 0.000000, 0.000000, 0.000000, 1.000000
24.7342, 5.3461, -46.1848, 193.2680, 215.2680, -5.3461, 246.2582, -6.3416, -124.5317, -32.0970, 0.978407, 0.057279, 0.198592, 0.005346, -0.016917, 0.979802, -0.199255, -0.046185, -0.205993, 0.191593, 0.959614, 0.193268, 0.000000, 0.000000, 0.000000, 1.000000, -0.205993, 0.191593, 0.959614, 0.215268, -0.978407, -0.057279, -0.198592, -0.005346, 0.016917, -0.979802, 0.199255, 0.246258, 0.000000, 0.000000, 0.000000, 1.000000, -0.999364, 0.035062, -0.006559, -0.006342, -0.003440, 0.088276, 0.996090, -0.124532, 0.035504, 0.995479, -0.088099, -0.032097, 0.000000, 0.000000, 0.000000, 1.000000
24.8594, 5.2658, -46.2106, 193.2872, 215.2872, -5.2658, 246.2841, -6.5328, -124.5121, -32.1267, 0.978547, 0.056408, 0.198150, 0.005266, -0.016601, 0.980249, -0.197070, -0.046211, -0.205353, 0.189553, 0.960156, 0.193287, 0.000000, 0.000000, 0.000000, 1.000000, -0.205353, 0.189553, 0.960156, 0.215287, -0.978547, -0.056408, -0.198150, -0.005266, 0.016601, -0.980249, 0.197070, 0.246284, 0.000000, 0.000000, 0.000000, 1.000000, -0.999355, 0.035703, -0.003723, -0.006533, -0.000640, 0.085988, 0.996296, -0.124512, 0.035891, 0.995656, -0.085910, -0.032127, 0.000000, 0.000000, 0.000000, 1.000000
24.9882, 5.1727, -46.1754, 193.5468, 215.5468, -5.1727, 246.2488, -6.6651, -124.2676, -32.0730, 0.979655, 0.058580, 0.191949, 0.005173, -0.018126, 0.978369, -0.206073, -0.046175, -0.199868, 0.198401, 0.959526, 0.193547, 0.000000, 0.000000, 0.000000, 1.000000, -0.199868, 0.198401, 0.959526, 0.215547, -0.979655, -0.058580, -0.191949, -0.005173, 0.018126, -0.978369, 0.206073, 0.246249, 0.000000, 0.000000, 0.000000, 1.000000, -0.999360, 0.035542, 0.003968, -0.006665, 0.007337, 0.095167, 0.995434, -0.124268, 0.035002, 0.994827, -0.095367, -0.032073, 0.000000, 0.000000, 0.000000, 1.000000
25.1112, 4.9976, -46.0865, 193.2961, 215.2961, -4.9976, 246.1599, -6.8099, -124.5428, -32.0226, 0.976795, 0.059012, 0.205887, 0.004998, -0.015038, 0.977817, -0.208923, -0.046086, -0.213648, 0.200978, 0.956014, 0.193296, 0.000000, 0.000000, 0.000000, 1.000000, -0.213648, 0.200978, 0.956014, 0.215296, -0.976795, -0.059012, -0.205887, -0.004998, 0.015038, -0.977817, 0.208923, 0.246160, 0.000000, 0.000000, 0.000000, 1.000000, -0.999322, 0.035844, -0.008389, -0.006810, -0.004848, 0.097747, 0.995200, -0.124543, 0.036492, 0.994566, -0.097507, -0.032023, 0.000000, 0.000000, 0.000000, 1.000000
25.2409, 4.9258, -46.2062, 193.3861, 215.3861, -4.9258, 246.2796, -7.0085, -124.4411, -32.1378, 0.978449, 0.056680, 0.198558, 0.004926, -0.017617, 0.980997, -0.193222, -0.046206, -0.205737, 0.185559, 0.960854, 0.193386, 0.000000, 0.000000, 0.000000, 1.000000, -0.205737, 0.185559, 0.960854, 0.215386, -0.978449, -0.056680, -0.198558, -0.004926, 0.017617, -0.980997, 0.193222, 0.246280, 0.000000, 0.000000, 0.000000, 1.000000, -0.999377, 0.035190, 0.002860, -0.007009, 0.005734, 0.081841, 0.996629, -0.124441, 0.034837, 0.996024, -0.081992, -0.032138, 0.000000, 0.000000, 0.000000, 1.000000
25.4057, 4.7073, -46.1280, 193.4725, 215.4725, -4.7073, 246.2014, -7.1306, -124.3914, -32.0678, 0.976842, 0.058132, 0.205913, 0.004707, -0.014516, 0.978173, -0.207286, -0.046128, -0.213468, 0.199497, 0.956364, 0.193473, 0.000000, 0.000000, 0.000000, 1.000000, -0.213468, 0.199497, 0.956364, 0.215473, -0.976842, -0.058132, -0.205913, -0.004707, 0.014516, -0.978173, 0.207286, 0.246201, 0.000000, 0.000000, 0.000000, 1.000000, -0.999314, 0.036900, -0.003140, -0.007131, 0.000414, 0.095896, 0.995391, -0.124391, 0.037031, 0.994707, -0.095846, -0.032068, 0.000000, 0.000000, 0.000000, 1.000000
25.5256, 4.6495, -46.1513, 193.5471, 215.5471, -4.6495, 246.2247, -7.3195, -124.3135, -32.0879, 0.976687, 0.058271, 0.206607, 0.004650, -0.014934, 0.978565, -0.205394, -0.046151, -0.214147, 0.197520, 0.956622, 0.193547, 0.000000, 0.000000, 0.000000, 1.000000, -0.214147, 0.197520, 0.956622, 0.215547, -0.976687, -0.058271, -0.206607, -0.004650, 0.014934, -0.978565, 0.205394, 0.246225, 0.000000, 0.000000, 0.000000, 1.000000, -0.999331, 0.036551, -0.001579, -0.007320, 0.001861, 0.093887, 0.995581, -0.124313, 0.036538, 0.994912, -0.093892, -0.032088, 0.000000, 0.000000, 0.000000, 1.000000
25.6570, 4.5767, -46.1416, 193.4310, 215.4310, -4.5767, 246.2151, -7.5590, -124.4258, -32.0952, 0.976031, 0.057764, 0.209828, 0.004577, -0.014009, 0.978810, -0.204292, -0.046142, -0.217182, 0.196456, 0.956157, 0.193431, 0.000000, 0.000000, 0.000000, 1.000000, -0.217182, 0.196456, 0.956157, 0.215431, -0.976031, -0.057764, -0.209828, -0.004577, 0.014009, -0.978810, 0.204292, 0.246215, 0.000000, 0.000000, 0.000000, 1.000000, -0.999311, 0.037036, -0.002479, -0.007559, 0.000963, 0.092633, 0.995700, -0.124426, 0.037106, 0.995011, -0.092605, -0.032095, 0.000000, 0.000000, 0.000000, 1.000000
25.7941, 4.3785, -46.1148, 193.4765, 215.4765, -4.3785, 246.1882, -7.6523, -124.4093, -32.0787, 0.976139, 0.058285, 0.209180, 0.004379, -0.014315, 0.978482, -0.205837, -0.046115, -0.216676, 0.197931, 0.955968, 0.193476, 0.000000, 0.000000, 0.000000, 1.000000, -0.216676, 0.197931, 0.955968, 0.215476, -0.976139, -0.058285, -0.209180, -0.004379, 0.014315, -0.978482, 0.205837, 0.246188, 0.000000, 0.000000, 0.000000, 1.000000, -0.999313, 0.037065, 0.000414, -0.007652, 0.003904, 0.094124, 0.995553, -0.124409, 0.036861, 0.994870, -0.094204, -0.032079, 0.000000, 0.000000, 0.000000, 1.000000
25.9269, 4.3111, -46.1178, 193.6129, 215.6129, -4.3111, 246.1913, -7.8441, -124.2736, -32.0733, 0.975657, 0.058693, 0.211303, 0.004311, -0.013265, 0.977551, -0.210281, -0.046118, -0.218902, 0.202359, 0.954533, 0.193613, 0.000000, 0.000000, 0.000000, 1.000000, -0.218902, 0.202359, 0.954533, 0.215613, -0.975657, -0.058693, -0.211303, -0.004311, 0.013265, -0.977551, 0.210281, 0.246191, 0.000000, 0.000000, 0.000000, 1.000000, -0.999284, 0.037842, 0.000106, -0.007844, 0.003837, 0.098524, 0.995127, -0.124274, 0.037647, 0.994415, -0.098599, -0.032073, 0.000000, 0.000000, 0.000000, 1.000000
26.0574, 4.1975, -46.1532, 193.6077, 215.6077, -4.1975, 246.2266, -8.0196, -124.2816, -32.1173, 0.975453, 0.057633, 0.212531, 0.004197, -0.012817, 0.978366, -0.206483, -0.046153, -0.219833, 0.198690, 0.955089, 0.193608, 0.000000, 0.000000, 0.000000, 1.000000, -0.219833, 0.198690, 0.955089, 0.215608, -0.975453, -0.057633, -0.212531, -0.004197, 0.012817, -0.978366, 0.206483, 0.246227, 0.000000, 0.000000, 0.000000, 1.000000, -0.999265, 0.038298, 0.001497, -0.008020, 0.005115, 0.094557, 0.995506, -0.124282, 0.037984, 0.994782, -0.094684, -0.032117, 0.000000, 0.000000, 0.000000, 1.000000
26.1765, 3.9857, -46.1327, 193.5876, 215.5876, -3.9857, 246.2062, -8.0758, -124.3339, -32.1148, 0.974766, 0.058696, 0.215374, 0.003986, -0.012729, 0.977857, -0.208889, -0.046133, -0.222866, 0.200876, 0.953929, 0.193588, 0.000000, 0.000000, 0.000000, 1.000000, -0.222866, 0.200876, 0.953929, 0.215588, -0.974766, -0.058696, -0.215374, -0.003986, 0.012729, -0.977857, 0.208889, 0.246206, 0.000000, 0.000000, 0.000000, 1.000000, -0.999280, 0.037941, 0.000416, -0.008076, 0.004093, 0.096889, 0.995287, -0.124334, 0.037721, 0.994572, -0.096975, -0.032115, 0.000000, 0.000000, 0.000000, 1.000000
26.3237, 3.9295, -46.1182, 193.6473, 215.6473, -3.9295, 246.1916, -8.3260, -124.2694, -32.0986, 0.974026, 0.058410, 0.218773, 0.003930, -0.011939, 0.978060, -0.207979, -0.046118, -0.226121, 0.199965, 0.953354, 0.193647, 0.000000, 0.000000, 0.000000, 1.000000, -0.226121, 0.199965, 0.953354, 0.215647, -0.974026, -0.058410, -0.218773, -0.003930, 0.011939, -0.978060, 0.207979, 0.246192, 0.000000, 0.000000, 0.000000, 1.000000, -0.999268, 0.038265, -0.000417, -0.008326, 0.003254, 0.095822, 0.995393, -0.124269, 0.038128, 0.994663, -0.095877, -0.032099, 0.000000, 0.000000, 0.000000, 1.000000
26.4546, 3.8524, -46.1567, 193.7138, 215.7138, -3.8524, 246.2302, -8.5214, -124.1990, -32.1360, 0.974317, 0.057382, 0.217745, 0.003852, -0.012547, 0.979318, -0.201940, -0.046157, -0.224829, 0.194022, 0.954886, 0.193714, 0.000000, 0.000000, 0.000000, 1.000000, -0.224829, 0.194022, 0.954886, 0.215714, -0.974317, -0.057382, -0.217745, -0.003852, 0.012547, -0.979318, 0.201940, 0.246230, 0.000000, 0.000000, 0.000000, 1.000000, -0.999266, 0.038144, 0.003514, -0.008521, 0.006923, 0.089610, 0.995953, -0.124199, 0.037675, 0.995246, -0.089808, -0.032136, 0.000000, 0.000000, 0.000000, 1.000000
26.5755, 3.6980, -46.1948, 193.9335, 215.9335, -3.6980, 246.2683, -8.5833, -123.9997, -32.1635, 0.975966, 0.058058, 0.210049, 0.003698, -0.014310, 0.978852, -0.204071, -0.046195, -0.217454, 0.196160, 0.956156, 0.193934, 0.000000, 0.000000, 0.000000, 1.000000, -0.217454, 0.196160, 0.956156, 0.215934, -0.975966, -0.058058, -0.210049, -0.003698, 0.014310, -0.978852, 0.204071, 0.246268, 0.000000, 0.000000, 0.000000, 1.000000, -0.999183, 0.038162, 0.013278, -0.008583, 0.016737, 0.091805, 0.995636, -0.124000, 0.036776, 0.995045, -0.092369, -0.032164, 0.000000, 0.000000, 0.000000, 1.000000
26.7078, 3.5684, -46.1773, 193.7486, 215.7486, -3.5684, 246.2507, -8.7873, -124.1904, -32.1740, 0.973566, 0.057887, 0.220947, 0.003568, -0.012414, 0.979331, -0.201881, -0.046177, -0.228067, 0.193802, 0.954163, 0.193749, 0.000000, 0.000000, 0.000000, 1.000000, -0.228067, 0.193802, 0.954163, 0.215749, -0.973566, -0.057887, -0.220947, -0.003568, 0.012414, -0.979331, 0.201881, 0.246251, 0.000000, 0.000000, 0.000000, 1.000000, -0.999267, 0.037998, 0.004638, -0.008787, 0.008020, 0.089345, 0.995968, -0.124190, 0.037431, 0.995276, -0.089584, -0.032174, 0.000000, 0.000000, 0.000000, 1.000000
26.8541, 3.4861, -46.1806, 193.9013, 215.9013, -3.4861, 246.2541, -8.9879, -124.0391, -32.1684, 0.973144, 0.058496, 0.222640, 0.003486, -0.011578, 0.978389, -0.206450, -0.046181, -0.229905, 0.198328, 0.952791, 0.193901, 0.000000, 0.000000, 0.000000, 1.000000, -0.229905, 0.198328, 0.952791, 0.215901, -0.973144, -0.058496, -0.222640, -0.003486, 0.011578, -0.978389, 0.206450, 0.246254, 0.000000, 0.000000, 0.000000, 1.000000, -0.999239, 0.038687, 0.004988, -0.008988, 0.008603, 0.093866, 0.995548, -0.124039, 0.038046, 0.994833, -0.094127, -0.032168, 0.000000, 0.000000, 0.000000, 1.000000
26.9846, 3.3112, -46.2051, 193.8907, 215.8907, -3.3112, 246.2786, -9.1048, -124.0673, -32.2067, 0.973286, 0.056401, 0.222561, 0.003311, -0.011786, 0.980353, -0.196896, -0.046205, -0.229294, 0.189013, 0.954829, 0.193891, 0.000000, 0.000000, 0.000000, 1.000000, -0.229294, 0.189013, 0.954829, 0.215891, -0.973286, -0.056401, -0.222561, -0.003311, 0.011786, -0.980353, 0.196896, 0.246279, 0.000000, 0.000000, 0.000000, 1.000000, -0.999215, 0.038747, 0.008290, -0.009105, 0.011526, 0.084071, 0.996393, -0.124067, 0.037911, 0.995706, -0.084452, -0.032207, 0.000000, 0.000000, 0.000000, 1.000000
27.1103, 3.2563, -46.2139, 194.0095, 216.0095, -3.2563, 246.2874, -9.2949, -123.9447, -32.2078, 0.974181, 0.058172, 0.218143, 0.003256, -0.013233, 0.979286, -0.202050, -0.046214, -0.225378, 0.193947, 0.954772, 0.194010, 0.000000, 0.000000, 0.000000, 1.000000, -0.225378, 0.193947, 0.954772, 0.216010, -0.974181, -0.058172, -0.218143, -0.003256, 0.013233, -0.979286, 0.202050, 0.246287, 0.000000, 0.000000, 0.000000, 1.000000, -0.999158, 0.038382, 0.014491, -0.009295, 0.017873, 0.089289, 0.995845, -0.123945, 0.036929, 0.995266, -0.089900, -0.032208, 0.000000, 0.000000, 0.000000, 1.000000
27.2553, 3.1525, -46.1983, 194.0015, 216.0015, -3.1525, 246.2717, -9.5095, -123.9554, -32.2007, 0.972619, 0.058359, 0.224958, 0.003153, -0.011408, 0.978780, -0.204594, -0.046198, -0.232124, 0.196426, 0.952646, 0.194002, 0.000000, 0.000000, 0.000000, 1.000000, -0.232124, 0.196426, 0.952646, 0.216002, -0.972619, -0.058359, -0.224958, -0.003153, 0.011408, -0.978780, 0.204594, 0.246272, 0.000000, 0.000000, 0.000000, 1.000000, -0.999191, 0.039020, 0.009769, -0.009510, 0.013316, 0.091683, 0.995699, -0.123955, 0.037957, 0.995023, -0.092128, -0.032201, 0.000000, 0.000000, 0.000000, 1.000000
27.3986, 2.9373, -46.2139, 194.0358, 216.0358, -2.9373, 246.2873, -9.6035, -123.9492, -32.2288, 0.971275, 0.057332, 0.230952, 0.002937, -0.010085, 0.979589, -0.200759, -0.046214, -0.237748, 0.192663, 0.952028, 0.194036, 0.000000, 0.000000, 0.000000, 1.000000, -0.237748, 0.192663, 0.952028, 0.216036, -0.971275, -0.057332, -0.230952, -0.002937, 0.010085, -0.979589, 0.200759, 0.246287, 0.000000, 0.000000, 0.000000, 1.000000, -0.999205, 0.039335, 0.006490, -0.009603, 0.009919, 0.087618, 0.996105, -0.123949, 0.038614, 0.995377, -0.087938, -0.032229, 0.000000, 0.000000, 0.000000, 1.000000
27.5313, 2.8336, -46.1809, 194.0125, 216.0125, -2.8336, 246.2543, -9.7947, -123.9783, -32.2061, 0.971329, 0.057024, 0.230798, 0.002834, -0.009425, 0.979281, -0.202285, -0.046181, -0.237552, 0.194310, 0.951742, 0.194013, 0.000000, 0.000000, 0.000000, 1.000000, -0.237552, 0.194310, 0.951742, 0.216013, -0.971329, -0.057024, -0.230798, -0.002834, 0.009425, -0.979281, 0.202285, 0.246254, 0.000000, 0.000000, 0.000000, 1.000000, -0.999151, 0.040239, 0.008802, -0.009795, 0.012361, 0.089070, 0.995949, -0.123978, 0.039292, 0.995212, -0.089492, -0.032206, 0.000000, 0.000000, 0.000000, 1.000000
27.6447, 2.7552, -46.1794, 194.0218, 216.0218, -2.7552, 246.2529, -9.9619, -123.9694, -32.2096, 0.970155, 0.057905, 0.235472, 0.002755, -0.008875, 0.978898, -0.204155, -0.046179, -0.242325, 0.195972, 0.950197, 0.194022, 0.000000, 0.000000, 0.000000, 1.000000, -0.242325, 0.195972, 0.950197, 0.216022, -0.970155, -0.057905, -0.235472, -0.002755, 0.008875, -0.978898, 0.204155, 0.246253, 0.000000, 0.000000, 0.000000, 1.000000, -0.999184, 0.039971, 0.005777, -0.009962, 0.009392, 0.090852, 0.995820, -0.123969, 0.039279, 0.995062, -0.091153, -0.032210, 0.000000, 0.000000, 0.000000, 1.000000
27.7818, 2.6611, -46.1403, 194.0045, 216.0045, -2.6611, 246.2138, -10.1704, -123.9900, -32.1794, 0.969446, 0.058245, 0.238289, 0.002661, -0.007870, 0.978287, -0.207104, -0.046140, -0.245178, 0.198901, 0.948855, 0.194005, 0.000000, 0.000000, 0.000000, 1.000000, -0.245178, 0.198901, 0.948855, 0.216005, -0.969446, -0.058245, -0.238289, -0.002661, 0.007870, -0.978287, 0.207104, 0.246214, 0.000000, 0.000000, 0.000000, 1.000000, -0.999164, 0.040587, 0.004958, -0.010170, 0.008747, 0.093727, 0.995559, -0.123990, 0.039942, 0.994770, -0.094004, -0.032179, 0.000000, 0.000000, 0.000000, 1.000000
27.9000, 2.4430, -46.1441, 193.9955, 215.9955, -2.4430, 246.2175, -10.2183, -124.0322, -32.2003, 0.969354, 0.057201, 0.238915, 0.002443, -0.008193, 0.979501, -0.201274, -0.046144, -0.245530, 0.193148, 0.949952, 0.193995, 0.000000, 0.000000, 0.000000, 1.000000, -0.245530, 0.193148, 0.949952, 0.215995, -0.969354, -0.057201, -0.238915, -0.002443, 0.008193, -0.979501, 0.201274, 0.246218, 0.000000, 0.000000, 0.000000, 1.000000, -0.999161, 0.040348, 0.006964, -0.010218, 0.010484, 0.087713, 0.996091, -0.124032, 0.039580, 0.995328, -0.088063, -0.032200, 0.000000, 0.000000, 0.000000, 1.000000
28.0173, 2.3812, -46.1471, 194.0837, 216.0837, -2.3812, 246.2206, -10.3897, -123.9418, -32.1991, 0.969497, 0.057957, 0.238154, 0.002381, -0.008787, 0.979235, -0.202538, -0.046147, -0.244948, 0.194267, 0.949874, 0.194084, 0.000000, 0.000000, 0.000000, 1.000000, -0.244948, 0.194267, 0.949874, 0.216084, -0.969497, -0.057957, -0.238154, -0.002381, 0.008787, -0.979235, 0.202538, 0.246221, 0.000000, 0.000000, 0.000000, 1.000000, -0.999150, 0.040080, 0.009658, -0.010390, 0.013194, 0.088928, 0.995951, -0.123942, 0.039058, 0.995231, -0.089382, -0.032199, 0.000000, 0.000000, 0.000000, 1.000000
28.1500, 2.3171, -46.1439, 194.1245, 216.1245, -2.3171, 246.2173, -10.6041, -123.8950, -32.1967, 0.968525, 0.058271, 0.241999, 0.002317, -0.008416, 0.979323, -0.202130, -0.046144, -0.248773, 0.193731, 0.948989, 0.194125, 0.000000, 0.000000, 0.000000, 1.000000, -0.248773, 0.193731, 0.948989, 0.216125, -0.968525, -0.058271, -0.241999, -0.002317, 0.008416, -0.979323, 0.202130, 0.246217, 0.000000, 0.000000, 0.000000, 1.000000, -0.999173, 0.039846, 0.008046, -0.010604, 0.011545, 0.088392, 0.996019, -0.123895, 0.038976, 0.995289, -0.088779, -0.032197, 0.000000, 0.000000, 0.000000, 1.000000
28.2744, 2.2024, -46.1620, 194.1750, 216.1750, -2.2024, 246.2355, -10.7499, -123.8510, -32.2182, 0.967081, 0.058104, 0.247746, 0.002202, -0.006789, 0.979127, -0.203135, -0.046162, -0.254378, 0.194766, 0.947290, 0.194175, 0.000000, 0.000000, 0.000000, 1.000000, -0.254378, 0.194766, 0.947290, 0.216175, -0.967081, -0.058104, -0.247746, -0.002202, 0.006789, -0.979127, 0.203135, 0.246235, 0.000000, 0.000000, 0.000000, 1.000000, -0.999172, 0.040465, 0.004176, -0.010750, 0.007778, 0.089276, 0.995977, -0.123851, 0.039929, 0.995185, -0.089517, -0.032218, 0.000000, 0.000000, 0.000000, 1.000000
28.3834, 2.0134, -46.1261, 194.1768, 216.1768, -2.0134, 246.1995, -10.8015, -123.8822, -32.1964, 0.968216, 0.058450, 0.243188, 0.002013, -0.007846, 0.978930, -0.204047, -0.046126, -0.249991, 0.195654, 0.948274, 0.194177, 0.000000, 0.000000, 0.000000, 1.000000, -0.249991, 0.195654, 0.948274, 0.216177, -0.968216, -0.058450, -0.243188, -0.002013, 0.007846, -0.978930, 0.204047, 0.246200, 0.000000, 0.000000, 0.000000, 1.000000, -0.999121, 0.040530, 0.010679, -0.010801, 0.014302, 0.090164, 0.995824, -0.123882, 0.039398, 0.995102, -0.090664, -0.032196, 0.000000, 0.000000, 0.000000, 1.000000
28.5148, 1.8718, -46.0778, 194.0958, 216.0958, -1.8718, 246.1512, -10.9691, -123.9775, -32.1670, 0.965366, 0.058106, 0.254346, 0.001872, -0.004693, 0.978593, -0.205752, -0.046078, -0.260856, 0.197432, 0.944973, 0.194096, 0.000000, 0.000000, 0.000000, 1.000000, -0.260856, 0.197432, 0.944973, 0.216096, -0.965366, -0.058106, -0.254346, -0.001872, 0.004693, -0.978593, 0.205752, 0.246151, 0.000000, 0.000000, 0.000000, 1.000000, -0.999136, 0.041533, 0.001264, -0.010969, 0.005072, 0.091721, 0.995772, -0.123977, 0.041241, 0.994918, -0.091853, -0.032167, 0.000000, 0.000000, 0.000000, 1.000000
28.6440, 1.8417, -46.0644, 194.0975, 216.0975, -1.8417, 246.1378, -11.2186, -123.9603, -32.1557, 0.965340, 0.058621, 0.254327, 0.001842, -0.004539, 0.978073, -0.208211, -0.046064, -0.260956, 0.199840, 0.944440, 0.194098, 0.000000, 0.000000, 0.000000, 1.000000, -0.260956, 0.199840, 0.944440, 0.216098, -0.965340, -0.058621, -0.254327, -0.001842, 0.004539, -0.978073, 0.208211, 0.246138, 0.000000, 0.000000, 0.000000, 1.000000, -0.999117, 0.041877, 0.003271, -0.011219, 0.007205, 0.094129, 0.995534, -0.123960, 0.041382, 0.994679, -0.094347, -0.032156, 0.000000, 0.000000, 0.000000, 1.000000
28.7552, 1.7412, -46.1118, 194.1909, 216.1909, -1.7412, 246.1853, -11.3391, -123.8704, -32.2010, 0.964863, 0.057483, 0.256388, 0.001741, -0.004134, 0.978976, -0.203933, -0.046112, -0.262720, 0.195708, 0.944816, 0.194191, 0.000000, 0.000000, 0.000000, 1.000000, -0.262720, 0.195708, 0.944816, 0.216191, -0.964863, -0.057483, -0.256388, -0.001741, 0.004134, -0.978976, 0.203933, 0.246185, 0.000000, 0.000000, 0.000000, 1.000000, -0.999109, 0.042060, 0.003517, -0.011339, 0.007282, 0.089686, 0.995943, -0.123870, 0.041574, 0.995082, -0.089912, -0.032201, 0.000000, 0.000000, 0.000000, 1.000000
28.8809, 1.6534, -46.1369, 194.3315, 216.3315, -1.6534, 246.2103, -11.4888, -123.7316, -32.2185, 0.966942, 0.057580, 0.248409, 0.001653, -0.005448, 0.978615, -0.205630, -0.046137, -0.254937, 0.197479, 0.946578, 0.194331, 0.000000, 0.000000, 0.000000, 1.000000, -0.254937, 0.197479, 0.946578, 0.216331, -0.966942, -0.057580, -0.248409, -0.001653, 0.005448, -0.978615, 0.205630, 0.246210, 0.000000, 0.000000, 0.000000, 1.000000, -0.998996, 0.042637, 0.013774, -0.011489, 0.017627, 0.091355, 0.995662, -0.123732, 0.041194, 0.994905, -0.092015, -0.032219, 0.000000, 0.000000, 0.000000, 1.000000
29.0030, 1.4633, -46.0876, 194.0871, 216.0871, -1.4633, 246.1611, -11.6360, -123.9976, -32.2079, 0.963826, 0.057294, 0.260302, 0.001463, -0.003339, 0.979142, -0.203152, -0.046088, -0.266512, 0.194934, 0.943913, 0.194087, 0.000000, 0.000000, 0.000000, 1.000000, -0.266512, 0.194934, 0.943913, 0.216087, -0.963826, -0.057294, -0.260302, -0.001463, 0.003339, -0.979142, 0.203152, 0.246161, 0.000000, 0.000000, 0.000000, 1.000000, -0.999092, 0.042421, 0.003853, -0.011636, 0.007607, 0.088693, 0.996030, -0.123998, 0.041911, 0.995155, -0.088936, -0.032208, 0.000000, 0.000000, 0.000000, 1.000000
29.1155, 1.3566, -46.0559, 194.0621, 216.0621, -1.3566, 246.1294, -11.7827, -124.0314, -32.1869, 0.961473, 0.057625, 0.268792, 0.001357, -0.001133, 0.978605, -0.205746, -0.046056, -0.274897, 0.197515, 0.940967, 0.194062, 0.000000, 0.000000, 0.000000, 1.000000, -0.274897, 0.197515, 0.940967, 0.216062, -0.961473, -0.057625, -0.268792, -0.001357, 0.001133, -0.978605, 0.205746, 0.246129, 0.000000, 0.000000, 0.000000, 1.000000, -0.999071, 0.042977, -0.003271, -0.011783, 0.000664, 0.091227, 0.995830, -0.124031, 0.043096, 0.994902, -0.091170, -0.032187, 0.000000, 0.000000, 0.000000, 1.000000
29.2417, 1.2970, -46.0873, 194.2202, 216.2202, -1.2970, 246.1607, -11.9554, -123.8670, -32.2068, 0.963117, 0.057544, 0.262857, 0.001297, -0.002087, 0.978434, -0.206549, -0.046087, -0.269074, 0.198383, 0.942467, 0.194220, 0.000000, 0.000000, 0.000000, 1.000000, -0.269074, 0.198383, 0.942467, 0.216220, -0.963117, -0.057544, -0.262857, -0.001297, 0.002087, -0.978434, 0.206549, 0.246161, 0.000000, 0.000000, 0.000000, 1.000000, -0.999041, 0.043493, 0.004997, -0.011955, 0.008984, 0.091958, 0.995722, -0.123867, 0.042848, 0.994813, -0.092260, -0.032207, 0.000000, 0.000000, 0.000000, 1.000000
29.3796, 1.1931, -46.0978, 194.2777, 216.2777, -1.1931, 246.1713, -12.1383, -123.8107, -32.2193, 0.963919, 0.058056, 0.259788, 0.001193, -0.003204, 0.978388, -0.206754, -0.046098, -0.266176, 0.198462, 0.943273, 0.194278, 0.000000, 0.000000, 0.000000, 1.000000, -0.266176, 0.198462, 0.943273, 0.216278, -0.963919, -0.058056, -0.259788, -0.001193, 0.003204, -0.978388, 0.206754, 0.246171, 0.000000, 0.000000, 0.000000, 1.000000, -0.999009, 0.043245, 0.010554, -0.012138, 0.014505, 0.092076, 0.995646, -0.123811, 0.042085, 0.994813, -0.092612, -0.032219, 0.000000, 0.000000, 0.000000, 1.000000
29.5049, 1.0105, -46.1004, 194.3098, 216.3098, -1.0105, 246.1739, -12.2250, -123.8042, -32.2322, 0.961480, 0.058139, 0.268657, 0.001010, -0.002042, 0.978860, -0.204523, -0.046100, -0.274868, 0.196097, 0.941272, 0.194310, 0.000000, 0.000000, 0.000000, 1.000000, -0.274868, 0.196097, 0.941272, 0.216310, -0.961480, -0.058139, -0.268657, -0.001010, 0.002042, -0.978860, 0.204523, 0.246174, 0.000000, 0.000000, 0.000000, 1.000000, -0.999080, 0.042709, 0.003765, -0.012225, 0.007588, 0.089696, 0.995940, -0.123804, 0.042198, 0.995053, -0.089937, -0.032232, 0.000000, 0.000000, 0.000000, 1.000000
29.6244, 0.9038, -46.0936, 194.3719, 216.3719, -0.9038, 246.1671, -12.3630, -123.7501, -32.2273, 0.960577, 0.058338, 0.271824, 0.000904, -0.001245, 0.978628, -0.205633, -0.046094, -0.278011, 0.197188, 0.940121, 0.194372, 0.000000, 0.000000, 0.000000, 1.000000, -0.278011, 0.197188, 0.940121, 0.216372, -0.960577, -0.058338, -0.271824, -0.000904, 0.001245, -0.978628, 0.205633, 0.246167, 0.000000, 0.000000, 0.000000, 1.000000, -0.999072, 0.043010, 0.002433, -0.012363, 0.006331, 0.090729, 0.995856, -0.123750, 0.042611, 0.994946, -0.090917, -0.032227, 0.000000, 0.000000, 0.000000, 1.000000
29.7347, 0.8254, -46.1360, 194.4966, 216.4966, -0.8254, 246.2094, -12.4918, -123.6248, -32.2628, 0.962240, 0.057777, 0.266001, 0.000825, -0.002845, 0.979295, -0.202418, -0.046136, -0.272189, 0.194018, 0.942481, 0.194497, 0.000000, 0.000000, 0.000000, 1.000000, -0.272189, 0.194018, 0.942481, 0.216497, -0.962240, -0.057777, -0.266001, -0.000825, 0.002845, -0.979295, 0.202418, 0.246209, 0.000000, 0.000000, 0.000000, 1.000000, -0.999025, 0.042829, 0.010739, -0.012492, 0.014454, 0.087392, 0.996069, -0.123625, 0.041722, 0.995253, -0.087926, -0.032263, 0.000000, 0.000000, 0.000000, 1.000000
29.8652, 0.7727, -46.1164, 194.4387, 216.4387, -0.7727, 246.1898, -12.7392, -123.6684, -32.2530, 0.962389, 0.057117, 0.265604, 0.000773, -0.003228, 0.979985, -0.199043, -0.046116, -0.271657, 0.190700, 0.943311, 0.194439, 0.000000, 0.000000, 0.000000, 1.000000, -0.271657, 0.190700, 0.943311, 0.216439, -0.962389, -0.057117, -0.265604, -0.000773, 0.003228, -0.979985, 0.199043, 0.246190, 0.000000, 0.000000, 0.000000, 1.000000, -0.998992, 0.042717, 0.013773, -0.012739, 0.017323, 0.083869, 0.996326, -0.123668, 0.041405, 0.995561, -0.084524, -0.032253, 0.000000, 0.000000, 0.000000, 1.000000
29.9452, 0.5680, -46.1082, 194.4273, 216.4273, -0.5680, 246.1817, -12.7194, -123.7211, -32.2612, 0.959344, 0.057818, 0.276255, 0.000568, -0.001095, 0.979548, -0.201208, -0.046108, -0.282238, 0.192725, 0.939786, 0.194427, 0.000000, 0.000000, 0.000000, 1.000000, -0.282238, 0.192725, 0.939786, 0.216427, -0.959344, -0.057818, -0.276255, -0.000568, 0.001095, -0.979548, 0.201208, 0.246182, 0.000000, 0.000000, 0.000000, 1.000000, -0.999079, 0.042742, 0.003866, -0.012719, 0.007534, 0.085987, 0.996268, -0.123721, 0.042250, 0.995379, -0.086230, -0.032261, 0.000000, 0.000000, 0.000000, 1.000000
29.9760, 0.5121, -46.0960, 194.4795, 216.4795, -0.5121, 246.1694, -12.7165, -123.6821, -32.2481, 0.959218, 0.058022, 0.276648, 0.000512, -0.001281, 0.979589, -0.201008, -0.046096, -0.282665, 0.192456, 0.939713, 0.194479, 0.000000, 0.000000, 0.000000, 1.000000, -0.282665, 0.192456, 0.939713, 0.216479, -0.959218, -0.058022, -0.276648, -0.000512, 0.001281, -0.979589, 0.201008, 0.246169, 0.000000, 0.000000, 0.000000, 1.000000, -0.999088, 0.042516, 0.004013, -0.012716, 0.007651, 0.085763, 0.996286, -0.123682, 0.042014, 0.995408, -0.086010, -0.032248, 0.000000, 0.000000, 0.000000, 1.000000
29.9843, 0.4710, -46.1073, 194.5619, 216.5619, -0.4710, 246.1807, -12.6715, -123.6125, -32.2542, 0.959004, 0.058839, 0.277219, 0.000471, -0.001326, 0.979130, -0.203231, -0.046107, -0.283391, 0.194532, 0.939067, 0.194562, 0.000000, 0.000000, 0.000000, 1.000000, -0.283391, 0.194532, 0.939067, 0.216562, -0.959004, -0.058839, -0.277219, -0.000471, 0.001326, -0.979130, 0.203231, 0.246181, 0.000000, 0.000000, 0.000000, 1.000000, -0.999098, 0.042340, 0.003329, -0.012672, 0.007049, 0.088018, 0.996094, -0.123612, 0.041882, 0.995219, -0.088237, -0.032254, 0.000000, 0.000000, 0.000000, 1.000000
29.9918, 0.4474, -46.0855, 194.5237, 216.5237, -0.4474, 246.1589, -12.6755, -123.6565, -32.2381, 0.958931, 0.058913, 0.277453, 0.000447, -0.001014, 0.978898, -0.204349, -0.046085, -0.283637, 0.195675, 0.938755, 0.194524, 0.000000, 0.000000, 0.000000, 1.000000, -0.283637, 0.195675, 0.938755, 0.216524, -0.958931, -0.058913, -0.277453, -0.000447, 0.001014, -0.978898, 0.204349, 0.246159, 0.000000, 0.000000, 0.000000, 1.000000, -0.999087, 0.042608, 0.003097, -0.012675, 0.006889, 0.089148, 0.995995, -0.123656, 0.042161, 0.995107, -0.089360, -0.032238, 0.000000, 0.000000, 0.000000, 1.000000
29.9936, 0.4315, -46.1238, 194.5845, 216.5845, -0.4315, 246.1973, -12.6477, -123.5985, -32.2713, 0.959404, 0.058336, 0.275936, 0.000431, -0.001441, 0.979376, -0.202040, -0.046124, -0.282032, 0.193441, 0.939701, 0.194584, 0.000000, 0.000000, 0.000000, 1.000000, -0.282032, 0.193441, 0.939701, 0.216584, -0.959404, -0.058336, -0.275936, -0.000431, 0.001441, -0.979376, 0.202040, 0.246197, 0.000000, 0.000000, 0.000000, 1.000000, -0.999083, 0.042524, 0.004951, -0.012648, 0.008631, 0.086801, 0.996188, -0.123598, 0.041932, 0.995318, -0.087088, -0.032271, 0.000000, 0.000000, 0.000000, 1.000000
29.9944, 0.4452, -46.1105, 194.5433, 216.5433, -0.4452, 246.1839, -12.6743, -123.6350, -32.2611, 0.958337, 0.057729, 0.279747, 0.000445, -0.000749, 0.979869, -0.199641, -0.046110, -0.285640, 0.191113, 0.939087, 0.194543, 0.000000, 0.000000, 0.000000, 1.000000, -0.285640, 0.191113, 0.939087, 0.216543, -0.958337, -0.057729, -0.279747, -0.000445, 0.000749, -0.979869, 0.199641, 0.246184, 0.000000, 0.000000, 0.000000, 1.000000, -0.999098, 0.042439, 0.001249, -0.012674, 0.004828, 0.084356, 0.996424, -0.123635, 0.042182, 0.995532, -0.084484, -0.032261, 0.000000, 0.000000, 0.000000, 1.000000
29.9949, 0.4409, -46.0989, 194.5761, 216.5761, -0.4409, 246.1723, -12.6610, -123.6063, -32.2467, 0.958974, 0.058489, 0.277394, 0.000441, -0.001169, 0.979294, -0.202442, -0.046099, -0.283490, 0.193812, 0.939186, 0.194576, 0.000000, 0.000000, 0.000000, 1.000000, -0.283490, 0.193812, 0.939186, 0.216576, -0.958974, -0.058489, -0.277394, -0.000441, 0.001169, -0.979294, 0.202442, 0.246172, 0.000000, 0.000000, 0.000000, 1.000000, -0.999091, 0.042486, 0.003414, -0.012661, 0.007112, 0.087206, 0.996165, -0.123606, 0.042025, 0.995284, -0.087429, -0.032247, 0.000000, 0.000000, 0.000000, 1.000000

=== NEW ITERATION ===
# Joint_6_Angle(deg), Cam_X(mm), Cam_Y(mm), Cam_Z(mm), Torso_X(mm), Torso_Y(mm), Torso_Z(mm), EE_X(mm), EE_Y(mm), EE_Z(mm), T_cam2marker_flat(16), T_torso2marker_flat(16), T_ee2marker_flat(16)
0.0000, 27.6592, -45.6759, 185.2030, 207.2030, -27.6592, 245.7493, 26.3547, -118.9319, -30.8238, 0.953453, 0.060428, -0.295426, 0.027659, -0.115143, 0.978437, -0.171475, -0.045676, 0.278694, 0.197509, 0.939851, 0.185203, 0.000000, 0.000000, 0.000000, 1.000000, 0.278694, 0.197509, 0.939851, 0.207203, -0.953453, -0.060428, 0.295426, -0.027659, 0.115143, -0.978437, 0.171475, 0.245749, 0.000000, 0.000000, 0.000000, 1.000000, -0.999672, -0.013425, 0.021799, 0.026355, 0.020364, 0.099094, 0.994870, -0.118932, -0.015516, 0.994987, -0.098789, -0.030824, 0.000000, 0.000000, 0.000000, 1.000000
0.0031, 27.6561, -45.7033, 185.3561, 207.3561, -27.6561, 245.7767, 26.3087, -118.7834, -30.8360, 0.953924, 0.059861, -0.294017, 0.027656, -0.114702, 0.978223, -0.172985, -0.045703, 0.277259, 0.198739, 0.940016, 0.185356, 0.000000, 0.000000, 0.000000, 1.000000, 0.277259, 0.198739, 0.940016, 0.207356, -0.953924, -0.059861, 0.294017, -0.027656, 0.114702, -0.978223, 0.172985, 0.245777, 0.000000, 0.000000, 0.000000, 1.000000, -0.999706, -0.013216, 0.020308, 0.026309, 0.018879, 0.100444, 0.994764, -0.118783, -0.015186, 0.994855, -0.100165, -0.030836, 0.000000, 0.000000, 0.000000, 1.000000
0.0549, 27.6646, -45.6712, 185.2230, 207.2230, -27.6646, 245.7447, 26.2307, -118.9397, -30.8168, 0.953088, 0.060076, -0.296673, 0.027665, -0.115456, 0.978161, -0.172834, -0.045671, 0.279811, 0.198979, 0.939209, 0.185223, 0.000000, 0.000000, 0.000000, 1.000000, 0.279811, 0.198979, 0.939209, 0.207223, -0.953088, -0.060076, 0.296673, -0.027665, 0.115456, -0.978161, 0.172834, 0.245745, 0.000000, 0.000000, 0.000000, 1.000000, -0.999623, -0.013400, 0.023984, 0.026231, 0.022516, 0.100634, 0.994669, -0.118940, -0.015742, 0.994833, -0.100294, -0.030817, 0.000000, 0.000000, 0.000000, 1.000000
0.1433, 27.6562, -45.6475, 185.1364, 207.1364, -27.6562, 245.7209, 26.0801, -119.0628, -30.8024, 0.952928, 0.059978, -0.297205, 0.027656, -0.115017, 0.978480, -0.171315, -0.045647, 0.280534, 0.197434, 0.939319, 0.185136, 0.000000, 0.000000, 0.000000, 1.000000, 0.280534, 0.197434, 0.939319, 0.207136, -0.952928, -0.059978, 0.297205, -0.027656, 0.115017, -0.978480, 0.171315, 0.245721, 0.000000, 0.000000, 0.000000, 1.000000, -0.999577, -0.012720, 0.026149, 0.026080, 0.024761, 0.099172, 0.994762, -0.119063, -0.015247, 0.994989, -0.098815, -0.030802, 0.000000, 0.000000, 0.000000, 1.000000
0.2474, 27.5333, -45.6405, 185.2433, 207.2433, -27.5333, 245.7139, 25.9551, -118.9753, -30.7941, 0.954634, 0.059531, -0.291770, 0.027533, -0.113970, 0.978253, -0.173296, -0.045640, 0.275108, 0.198687, 0.940659, 0.185243, 0.000000, 0.000000, 0.000000, 1.000000, 0.275108, 0.198687, 0.940659, 0.207243, -0.954634, -0.059531, 0.291770, -0.027533, 0.113970, -0.978253, 0.173296, 0.245714, 0.000000, 0.000000, 0.000000, 1.000000, -0.999676, -0.012454, 0.022194, 0.025955, 0.020831, 0.100535, 0.994715, -0.118975, -0.014620, 0.994856, -0.100243, -0.030794, 0.000000, 0.000000, 0.000000, 1.000000
0.3647, 27.4948, -45.6408, 185.2602, 207.2602, -27.4948, 245.7143, 25.7441, -119.0018, -30.7955, 0.954870, 0.060221, -0.290854, 0.027495, -0.114391, 0.978257, -0.172995, -0.045641, 0.274112, 0.198459, 0.940998, 0.185260, 0.000000, 0.000000, 0.000000, 1.000000, 0.274112, 0.198459, 0.940998, 0.207260, -0.954870, -0.060221, 0.290854, -0.027495, 0.114391, -0.978257, 0.172995, 0.245714, 0.000000, 0.000000, 0.000000, 1.000000, -0.999646, -0.012854, 0.023293, 0.025744, 0.021890, 0.100160, 0.994731, -0.119002, -0.015119, 0.994888, -0.099843, -0.030796, 0.000000, 0.000000, 0.000000, 1.000000
0.4750, 27.4400, -45.6531, 185.2188, 207.2188, -27.4400, 245.7266, 25.5769, -119.0758, -30.8160, 0.955359, 0.059122, -0.289472, 0.027440, -0.113337, 0.978153, -0.174273, -0.045653, 0.272844, 0.199301, 0.941188, 0.185219, 0.000000, 0.000000, 0.000000, 1.000000, 0.272844, 0.199301, 0.941188, 0.207219, -0.955359, -0.059122, 0.289472, -0.027440, 0.113337, -0.978153, 0.174273, 0.245727, 0.000000, 0.000000, 0.000000, 1.000000, -0.999649, -0.011826, 0.023704, 0.025577, 0.022386, 0.101289, 0.994605, -0.119076, -0.014163, 0.994787, -0.100989, -0.030816, 0.000000, 0.000000, 0.000000, 1.000000
0.5941, 27.3211, -45.6586, 185.2779, 207.2779, -27.3211, 245.7321, 25.4286, -119.0406, -30.8244, 0.956726, 0.059645, -0.284812, 0.027321, -0.112212, 0.978689, -0.171979, -0.045659, 0.268484, 0.196496, 0.943030, 0.185278, 0.000000, 0.000000, 0.000000, 1.000000, 0.268484, 0.196496, 0.943030, 0.207278, -0.956726, -0.059645, 0.284812, -0.027321, 0.112212, -0.978689, 0.171979, 0.245732, 0.000000, 0.000000, 0.000000, 1.000000, -0.999714, -0.011363, 0.021045, 0.025429, 0.019826, 0.098435, 0.994946, -0.119041, -0.013377, 0.995079, -0.098182, -0.030824, 0.000000, 0.000000, 0.000000, 1.000000
0.7251, 27.2610, -45.6603, 185.2677, 207.2677, -27.2610, 245.7338, 25.2166, -119.0927, -30.8316, 0.956480, 0.060523, -0.285453, 0.027261, -0.113244, 0.978571, -0.171970, -0.045660, 0.268928, 0.196812, 0.942838, 0.185268, 0.000000, 0.000000, 0.000000, 1.000000, 0.268928, 0.196812, 0.942838, 0.207268, -0.956480, -0.060523, 0.285453, -0.027261, 0.113244, -0.978571, 0.171970, 0.245734, 0.000000, 0.000000, 0.000000, 1.000000, -0.999639, -0.012075, 0.023986, 0.025217, 0.022681, 0.098549, 0.994874, -0.119093, -0.014376, 0.995059, -0.098240, -0.030832, 0.000000, 0.000000, 0.000000, 1.000000
0.8706, 27.0571, -45.6068, 185.1407, 207.1407, -27.0571, 245.6803, 25.1473, -119.2311, -30.8063, 0.956866, 0.059542, -0.284363, 0.027057, -0.112882, 0.978068, -0.175046, -0.045607, 0.267704, 0.199595, 0.942601, 0.185141, 0.000000, 0.000000, 0.000000, 1.000000, 0.267704, 0.199595, 0.942601, 0.207141, -0.956866, -0.059542, 0.284363, -0.027057, 0.112882, -0.978068, 0.175046, 0.245680, 0.000000, 0.000000, 0.000000, 1.000000, -0.999614, -0.011612, 0.025220, 0.025147, 0.023912, 0.101551, 0.994543, -0.119231, -0.014110, 0.994763, -0.101234, -0.030806, 0.000000, 0.000000, 0.000000, 1.000000
0.9848, 26.9654, -45.5787, 185.1417, 207.1417, -26.9654, 245.6522, 25.0005, -119.2592, -30.7852, 0.957623, 0.058952, -0.281926, 0.026965, -0.112191, 0.977867, -0.176604, -0.045579, 0.265275, 0.200750, 0.943042, 0.185142, 0.000000, 0.000000, 0.000000, 1.000000, 0.265275, 0.200750, 0.943042, 0.207142, -0.957623, -0.058952, 0.281926, -0.026965, 0.112191, -0.977867, 0.176604, 0.245652, 0.000000, 0.000000, 0.000000, 1.000000, -0.999635, -0.011142, 0.024593, 0.025000, 0.023318, 0.102852, 0.994423, -0.119259, -0.013609, 0.994634, -0.102555, -0.030785, 0.000000, 0.000000, 0.000000, 1.000000
1.0969, 26.8482, -45.5987, 185.1812, 207.1812, -26.8482, 245.6722, 24.8688, -119.2388, -30.8098, 0.959093, 0.059196, -0.276833, 0.026848, -0.111044, 0.978189, -0.175546, -0.045599, 0.260404, 0.199105, 0.944747, 0.185181, 0.000000, 0.000000, 0.000000, 1.000000, 0.260404, 0.199105, 0.944747, 0.207181, -0.959093, -0.059196, 0.276833, -0.026848, 0.111044, -0.978189, 0.175546, 0.245672, 0.000000, 0.000000, 0.000000, 1.000000, -0.999715, -0.010747, 0.021311, 0.024869, 0.020115, 0.101201, 0.994663, -0.119239, -0.012846, 0.994808, -0.100956, -0.030810, 0.000000, 0.000000, 0.000000, 1.000000
1.2327, 26.7068, -45.5642, 185.0459, 207.0459, -26.7068, 245.6377, 24.7585, -119.3958, -30.7995, 0.958595, 0.059910, -0.278399, 0.026707, -0.111830, 0.978280, -0.174536, -0.045564, 0.261896, 0.198443, 0.944474, 0.185046, 0.000000, 0.000000, 0.000000, 1.000000, 0.261896, 0.198443, 0.944474, 0.207046, -0.958595, -0.059910, 0.278399, -0.026707, 0.111830, -0.978280, 0.174536, 0.245638, 0.000000, 0.000000, 0.000000, 1.000000, -0.999618, -0.011029, 0.025344, 0.024759, 0.024110, 0.100402, 0.994655, -0.119396, -0.013514, 0.994886, -0.100098, -0.030800, 0.000000, 0.000000, 0.000000, 1.000000
1.3329, 26.5742, -45.5301, 184.9808, 206.9808, -26.5742, 245.6035, 24.6967, -119.4718, -30.7820, 0.959968, 0.059438, -0.273731, 0.026574, -0.110739, 0.978148, -0.175963, -0.045530, 0.257290, 0.199231, 0.945573, 0.184981, 0.000000, 0.000000, 0.000000, 1.000000, 0.257290, 0.199231, 0.945573, 0.206981, -0.959968, -0.059438, 0.273731, -0.026574, 0.110739, -0.978148, 0.175963, 0.245604, 0.000000, 0.000000, 0.000000, 1.000000, -0.999698, -0.010597, 0.022172, 0.024697, 0.020986, 0.101310, 0.994634, -0.119472, -0.012786, 0.994799, -0.101057, -0.030782, 0.000000, 0.000000, 0.000000, 1.000000
1.4520, 26.5245, -45.5176, 184.9609, 206.9609, -26.5245, 245.5911, 24.5022, -119.5310, -30.7753, 0.959534, 0.059568, -0.275221, 0.026525, -0.111383, 0.977949, -0.176664, -0.045518, 0.258629, 0.200170, 0.945010, 0.184961, 0.000000, 0.000000, 0.000000, 1.000000, 0.258629, 0.200170, 0.945010, 0.206961, -0.959534, -0.059568, 0.275221, -0.026525, 0.111383, -0.977949, 0.176664, 0.245591, 0.000000, 0.000000, 0.000000, 1.000000, -0.999611, -0.010754, 0.025746, 0.024502, 0.024513, 0.102222, 0.994459, -0.119531, -0.013326, 0.994703, -0.101919, -0.030775, 0.000000, 0.000000, 0.000000, 1.000000
1.5609, 26.4011, -45.5293, 184.9828, 206.9828, -26.4011, 245.6028, 24.3880, -119.5254, -30.7940, 0.960776, 0.058979, -0.270981, 0.026401, -0.110082, 0.977953, -0.177452, -0.045529, 0.254541, 0.200321, 0.946087, 0.184983, 0.000000, 0.000000, 0.000000, 1.000000, 0.254541, 0.200321, 0.946087, 0.206983, -0.960776, -0.058979, 0.270981, -0.026401, 0.110082, -0.977953, 0.177452, 0.245603, 0.000000, 0.000000, 0.000000, 1.000000, -0.999680, -0.010024, 0.023207, 0.024388, 0.022058, 0.102532, 0.994485, -0.119525, -0.012348, 0.994679, -0.102278, -0.030794, 0.000000, 0.000000, 0.000000, 1.000000
1.6827, 26.3152, -45.5389, 184.8815, 206.8815, -26.3152, 245.6124, 24.2397, -119.6535, -30.8200, 0.960732, 0.060448, -0.270814, 0.026315, -0.110791, 0.978377, -0.174656, -0.045539, 0.254400, 0.197801, 0.946655, 0.184881, 0.000000, 0.000000, 0.000000, 1.000000, 0.254400, 0.197801, 0.946655, 0.206881, -0.960732, -0.060448, 0.270814, -0.026315, 0.110791, -0.978377, 0.174656, 0.245612, 0.000000, 0.000000, 0.000000, 1.000000, -0.999624, -0.010602, 0.025294, 0.024240, 0.024113, 0.099728, 0.994723, -0.119654, -0.013069, 0.994958, -0.099435, -0.030820, 0.000000, 0.000000, 0.000000, 1.000000
1.8233, 26.2660, -45.5310, 184.9207, 206.9207, -26.2660, 245.6045, 23.9853, -119.6637, -30.8119, 0.960820, 0.060317, -0.270532, 0.026266, -0.110852, 0.978200, -0.175605, -0.045531, 0.254042, 0.198714, 0.946560, 0.184921, 0.000000, 0.000000, 0.000000, 1.000000, 0.254042, 0.198714, 0.946560, 0.206921, -0.960820, -0.060317, 0.270532, -0.026266, 0.110852, -0.978200, 0.175605, 0.245604, 0.000000, 0.000000, 0.000000, 1.000000, -0.999570, -0.010457, 0.027394, 0.023985, 0.026204, 0.100683, 0.994573, -0.119664, -0.013159, 0.994864, -0.100365, -0.030812, 0.000000, 0.000000, 0.000000, 1.000000
1.9340, 26.0754, -45.4943, 184.8734, 206.8734, -26.0754, 245.5677, 23.9530, -119.7136, -30.7944, 0.962085, 0.059676, -0.266143, 0.026075, -0.109654, 0.978068, -0.177085, -0.045494, 0.249738, 0.199554, 0.947528, 0.184873, 0.000000, 0.000000, 0.000000, 1.000000, 0.249738, 0.199554, 0.947528, 0.206873, -0.962085, -0.059676, 0.266143, -0.026075, 0.109654, -0.978068, 0.177085, 0.245568, 0.000000, 0.000000, 0.000000, 1.000000, -0.999646, -0.009845, 0.024701, 0.023953, 0.023574, 0.101678, 0.994538, -0.119714, -0.012303, 0.994769, -0.101410, -0.030794, 0.000000, 0.000000, 0.000000, 1.000000
2.0347, 25.9694, -45.5207, 184.9688, 206.9688, -25.9694, 245.5941, 23.8213, -119.6361, -30.8190, 0.963235, 0.059422, -0.262006, 0.025969, -0.108891, 0.977888, -0.178546, -0.045521, 0.245603, 0.200512, 0.948406, 0.184969, 0.000000, 0.000000, 0.000000, 1.000000, 0.245603, 0.200512, 0.948406, 0.206969, -0.963235, -0.059422, 0.262006, -0.025969, 0.108891, -0.977888, 0.178546, 0.245594, 0.000000, 0.000000, 0.000000, 1.000000, -0.999709, -0.009655, 0.022100, 0.023821, 0.020992, 0.102697, 0.994491, -0.119636, -0.011871, 0.994666, -0.102464, -0.030819, 0.000000, 0.000000, 0.000000, 1.000000
2.1590, 25.8657, -45.5066, 184.9163, 206.9163, -25.8657, 245.5800, 23.6752, -119.7154, -30.8179, 0.963755, 0.059515, -0.260065, 0.025866, -0.108226, 0.978205, -0.177207, -0.045507, 0.243850, 0.198930, 0.949191, 0.184916, 0.000000, 0.000000, 0.000000, 1.000000, 0.243850, 0.198930, 0.949191, 0.206916, -0.963755, -0.059515, 0.260065, -0.025866, 0.108226, -0.978205, 0.177207, 0.245580, 0.000000, 0.000000, 0.000000, 1.000000, -0.999709, -0.009137, 0.022327, 0.023675, 0.021289, 0.101138, 0.994645, -0.119715, -0.011346, 0.994830, -0.100914, -0.030818, 0.000000, 0.000000, 0.000000, 1.000000
2.2667, 25.8210, -45.4968, 184.8306, 206.8306, -25.8210, 245.5702, 23.5136, -119.8333, -30.8201, 0.963479, 0.059985, -0.260978, 0.025821, -0.108682, 0.978306, -0.176369, -0.045497, 0.244737, 0.198291, 0.949097, 0.184831, 0.000000, 0.000000, 0.000000, 1.000000, 0.244737, 0.198291, 0.949097, 0.206831, -0.963479, -0.059985, 0.260978, -0.025821, 0.108682, -0.978306, 0.176369, 0.245570, 0.000000, 0.000000, 0.000000, 1.000000, -0.999640, -0.009251, 0.025183, 0.023514, 0.024128, 0.100418, 0.994653, -0.119833, -0.011731, 0.994902, -0.100159, -0.030820, 0.000000, 0.000000, 0.000000, 1.000000
2.3796, 25.6617, -45.4925, 184.8228, 206.8228, -25.6617, 245.5659, 23.4341, -119.8510, -30.8284, 0.964725, 0.059981, -0.256334, 0.025662, -0.107686, 0.978422, -0.176335, -0.045492, 0.240226, 0.197719, 0.950368, 0.184823, 0.000000, 0.000000, 0.000000, 1.000000, 0.240226, 0.197719, 0.950368, 0.206823, -0.964725, -0.059981, 0.256334, -0.025662, 0.107686, -0.978422, 0.176335, 0.245566, 0.000000, 0.000000, 0.000000, 1.000000, -0.999710, -0.008912, 0.022358, 0.023434, 0.021357, 0.099873, 0.994771, -0.119851, -0.011098, 0.994960, -0.099653, -0.030828, 0.000000, 0.000000, 0.000000, 1.000000
2.5005, 25.6066, -45.4297, 184.6970, 206.6970, -25.6066, 245.5031, 23.2683, -120.0147, -30.7827, 0.964178, 0.059705, -0.258450, 0.025607, -0.108512, 0.977861, -0.178920, -0.045430, 0.242046, 0.200555, 0.949311, 0.184697, 0.000000, 0.000000, 0.000000, 1.000000, 0.242046, 0.200555, 0.949311, 0.206697, -0.964178, -0.059705, 0.258450, -0.025607, 0.108512, -0.977861, 0.178920, 0.245503, 0.000000, 0.000000, 0.000000, 1.000000, -0.999607, -0.009107, 0.026497, 0.023268, 0.025422, 0.102752, 0.994382, -0.120015, -0.011778, 0.994665, -0.102481, -0.030783, 0.000000, 0.000000, 0.000000, 1.000000
2.6209, 25.5297, -45.4081, 184.7047, 206.7047, -25.5297, 245.4815, 23.0910, -120.0404, -30.7662, 0.964753, 0.059663, -0.256305, 0.025530, -0.107948, 0.977969, -0.178673, -0.045408, 0.239999, 0.200043, 0.949939, 0.184705, 0.000000, 0.000000, 0.000000, 1.000000, 0.239999, 0.200043, 0.949939, 0.206705, -0.964753, -0.059663, 0.256305, -0.025530, 0.107948, -0.977969, 0.178673, 0.245482, 0.000000, 0.000000, 0.000000, 1.000000, -0.999614, -0.008728, 0.026390, 0.023091, 0.025361, 0.102274, 0.994433, -0.120040, -0.011379, 0.994718, -0.102013, -0.030766, 0.000000, 0.000000, 0.000000, 1.000000
2.7356, 25.3541, -45.4201, 184.7131, 206.7131, -25.3541, 245.4935, 23.0185, -120.0382, -30.7904, 0.965990, 0.059601, -0.251616, 0.025354, -0.106735, 0.978214, -0.178060, -0.045420, 0.235522, 0.198860, 0.951306, 0.184713, 0.000000, 0.000000, 0.000000, 1.000000, 0.235522, 0.198860, 0.951306, 0.206713, -0.965990, -0.059601, 0.251616, -0.025354, 0.106735, -0.978214, 0.178060, 0.245494, 0.000000, 0.000000, 0.000000, 1.000000, -0.999688, -0.008186, 0.023587, 0.023019, 0.022639, 0.101137, 0.994615, -0.120038, -0.010528, 0.994839, -0.100920, -0.030790, 0.000000, 0.000000, 0.000000, 1.000000
2.8477, 25.2184, -45.4463, 184.7931, 206.7931, -25.2184, 245.5198, 22.8961, -119.9733, -30.8186, 0.967511, 0.060389, -0.245510, 0.025218, -0.105681, 0.978750, -0.175725, -0.045446, 0.229681, 0.195962, 0.953334, 0.184793, 0.000000, 0.000000, 0.000000, 1.000000, 0.229681, 0.195962, 0.953334, 0.206793, -0.967511, -0.060389, 0.245510, -0.025218, 0.105681, -0.978750, 0.175725, 0.245520, 0.000000, 0.000000, 0.000000, 1.000000, -0.999779, -0.008088, 0.019383, 0.022896, 0.018496, 0.098118, 0.995003, -0.119973, -0.009949, 0.995142, -0.097947, -0.030819, 0.000000, 0.000000, 0.000000, 1.000000
2.9725, 25.1452, -45.3876, 184.6810, 206.6810, -25.1452, 245.4610, 22.7352, -120.1206, -30.7769, 0.967292, 0.060160, -0.246429, 0.025145, -0.106404, 0.978100, -0.178881, -0.045388, 0.230271, 0.199251, 0.952509, 0.184681, 0.000000, 0.000000, 0.000000, 1.000000, 0.230271, 0.199251, 0.952509, 0.206681, -0.967292, -0.060160, 0.246429, -0.025145, 0.106404, -0.978100, 0.178881, 0.245461, 0.000000, 0.000000, 0.000000, 1.000000, -0.999716, -0.008405, 0.022321, 0.022735, 0.021354, 0.101437, 0.994613, -0.120121, -0.010624, 0.994807, -0.101228, -0.030777, 0.000000, 0.000000, 0.000000, 1.000000
3.0757, 25.0901, -45.3828, 184.7004, 206.7004, -25.0901, 245.4562, 22.5686, -120.1310, -30.7743, 0.967924, 0.059708, -0.244046, 0.025090, -0.105832, 0.977864, -0.180502, -0.045383, 0.227867, 0.200540, 0.952817, 0.184700, 0.000000, 0.000000, 0.000000, 1.000000, 0.227867, 0.200540, 0.952817, 0.206700, -0.967924, -0.059708, 0.244046, -0.025090, 0.105832, -0.977864, 0.180502, 0.245456, 0.000000, 0.000000, 0.000000, 1.000000, -0.999735, -0.008074, 0.021577, 0.022569, 0.020634, 0.102822, 0.994486, -0.120131, -0.010248, 0.994667, -0.102629, -0.030774, 0.000000, 0.000000, 0.000000, 1.000000
3.1896, 24.9296, -45.3252, 184.5747, 206.5747, -24.9296, 245.3986, 22.5177, -120.2682, -30.7416, 0.968027, 0.058725, -0.243876, 0.024930, -0.104590, 0.978161, -0.179614, -0.045325, 0.228002, 0.199378, 0.953029, 0.184575, 0.000000, 0.000000, 0.000000, 1.000000, 0.228002, 0.199378, 0.953029, 0.206575, -0.968027, -0.058725, 0.243876, -0.024930, 0.104590, -0.978161, 0.179614, 0.245399, 0.000000, 0.000000, 0.000000, 1.000000, -0.999703, -0.006644, 0.023426, 0.022518, 0.022628, 0.101895, 0.994538, -0.120268, -0.008995, 0.994773, -0.101714, -0.030742, 0.000000, 0.000000, 0.000000, 1.000000
3.3104, 24.8629, -45.3501, 184.5099, 206.5099, -24.8629, 245.4236, 22.3399, -120.3622, -30.7778, 0.967373, 0.059658, -0.246232, 0.024863, -0.105732, 0.978266, -0.178372, -0.045350, 0.230239, 0.198586, 0.952656, 0.184510, 0.000000, 0.000000, 0.000000, 1.000000, 0.230239, 0.198586, 0.952656, 0.206510, -0.967373, -0.059658, 0.246232, -0.024863, 0.105732, -0.978266, 0.178372, 0.245424, 0.000000, 0.000000, 0.000000, 1.000000, -0.999582, -0.007166, 0.028012, 0.022340, 0.027147, 0.100931, 0.994523, -0.120362, -0.009954, 0.994868, -0.100694, -0.030778, 0.000000, 0.000000, 0.000000, 1.000000
3.4365, 24.6773, -45.3198, 184.4989, 206.4989, -24.6773, 245.3933, 22.2609, -120.3853, -30.7626, 0.968707, 0.059743, -0.240910, 0.024677, -0.104630, 0.978437, -0.178082, -0.045320, 0.225076, 0.197716, 0.954070, 0.184499, 0.000000, 0.000000, 0.000000, 1.000000, 0.225076, 0.197716, 0.954070, 0.206499, -0.968707, -0.059743, 0.240910, -0.024677, 0.104630, -0.978437, 0.178082, 0.245393, 0.000000, 0.000000, 0.000000, 1.000000, -0.999670, -0.006834, 0.024754, 0.022261, 0.023947, 0.100066, 0.994693, -0.120385, -0.009275, 0.994957, -0.099870, -0.030763, 0.000000, 0.000000, 0.000000, 1.000000
3.5644, 24.6162, -45.2714, 184.3432, 206.3432, -24.6162, 245.3449, 22.0874, -120.5777, -30.7346, 0.968387, 0.059538, -0.242244, 0.024616, -0.104897, 0.978260, -0.178898, -0.045271, 0.226327, 0.198653, 0.953579, 0.184343, 0.000000, 0.000000, 0.000000, 1.000000, 0.226327, 0.198653, 0.953579, 0.206343, -0.968387, -0.059538, 0.242244, -0.024616, 0.104897, -0.978260, 0.178898, 0.245345, 0.000000, 0.000000, 0.000000, 1.000000, -0.999578, -0.006616, 0.028298, 0.022087, 0.027485, 0.101051, 0.994501, -0.120578, -0.009439, 0.994859, -0.100827, -0.030735, 0.000000, 0.000000, 0.000000, 1.000000
3.6712, 24.4890, -45.2479, 184.3123, 206.3123, -24.4890, 245.3213, 21.9951, -120.6244, -30.7238, 0.969058, 0.059907, -0.239453, 0.024489, -0.104906, 0.978084, -0.179850, -0.045248, 0.223431, 0.199405, 0.954105, 0.184312, 0.000000, 0.000000, 0.000000, 1.000000, 0.223431, 0.199405, 0.954105, 0.206312, -0.969058, -0.059907, 0.239453, -0.024489, 0.104906, -0.978084, 0.179850, 0.245321, 0.000000, 0.000000, 0.000000, 1.000000, -0.999605, -0.006953, 0.027235, 0.021995, 0.026388, 0.101735, 0.994461, -0.120624, -0.009685, 0.994787, -0.101512, -0.030724, 0.000000, 0.000000, 0.000000, 1.000000
3.7881, 24.4051, -45.2881, 184.4136, 206.4136, -24.4051, 245.3616, 21.8072, -120.5498, -30.7599, 0.969680, 0.059275, -0.237079, 0.024405, -0.104264, 0.977757, -0.181991, -0.045288, 0.221018, 0.201192, 0.954292, 0.184414, 0.000000, 0.000000, 0.000000, 1.000000, 0.221018, 0.201192, 0.954292, 0.206414, -0.969680, -0.059275, 0.237079, -0.024405, 0.104264, -0.977757, 0.181991, 0.245362, 0.000000, 0.000000, 0.000000, 1.000000, -0.999622, -0.006511, 0.026711, 0.021807, 0.025893, 0.103648, 0.994277, -0.120550, -0.009242, 0.994593, -0.103440, -0.030760, 0.000000, 0.000000, 0.000000, 1.000000
3.9182, 24.3383, -45.2954, 184.3957, 206.3957, -24.3383, 245.3689, 21.6015, -120.6023, -30.7739, 0.970022, 0.059922, -0.235512, 0.024338, -0.104133, 0.978133, -0.180035, -0.045295, 0.219574, 0.199162, 0.955051, 0.184396, 0.000000, 0.000000, 0.000000, 1.000000, 0.219574, 0.199162, 0.955051, 0.206396, -0.970022, -0.059922, 0.235512, -0.024338, 0.104133, -0.978133, 0.180035, 0.245369, 0.000000, 0.000000, 0.000000, 1.000000, -0.999602, -0.006477, 0.027472, 0.021602, 0.026673, 0.101521, 0.994476, -0.120602, -0.009230, 0.994812, -0.101307, -0.030774, 0.000000, 0.000000, 0.000000, 1.000000
4.0320, 24.2412, -45.3028, 184.3961, 206.3961, -24.2412, 245.3762, 21.4559, -120.6245, -30.7884, 0.970748, 0.059943, -0.232497, 0.024241, -0.103289, 0.978411, -0.179008, -0.045303, 0.216748, 0.197786, 0.955982, 0.184396, 0.000000, 0.000000, 0.000000, 1.000000, 0.216748, 0.197786, 0.955982, 0.206396, -0.970748, -0.059943, 0.232497, -0.024241, 0.103289, -0.978411, 0.179008, 0.245376, 0.000000, 0.000000, 0.000000, 1.000000, -0.999633, -0.006006, 0.026418, 0.021456, 0.025684, 0.100163, 0.994640, -0.120625, -0.008620, 0.994953, -0.099972, -0.030788, 0.000000, 0.000000, 0.000000, 1.000000
4.1339, 24.0316, -45.2203, 184.2359, 206.2359, -24.0316, 245.2938, 21.4843, -120.7842, -30.7381, 0.970706, 0.060222, -0.232600, 0.024032, -0.103934, 0.978065, -0.180518, -0.045220, 0.216627, 0.199405, 0.955673, 0.184236, 0.000000, 0.000000, 0.000000, 1.000000, 0.216627, 0.199405, 0.955673, 0.206236, -0.970706, -0.060222, 0.232600, -0.024032, 0.103934, -0.978065, 0.180518, 0.245294, 0.000000, 0.000000, 0.000000, 1.000000, -0.999581, -0.006441, 0.028207, 0.021484, 0.027407, 0.101728, 0.994435, -0.120784, -0.009274, 0.994791, -0.101509, -0.030738, 0.000000, 0.000000, 0.000000, 1.000000
4.2478, 23.9412, -45.2454, 184.3217, 206.3217, -23.9412, 245.3188, 21.3142, -120.7229, -30.7612, 0.971649, 0.059065, -0.228930, 0.023941, -0.102481, 0.977817, -0.182680, -0.045245, 0.213062, 0.200962, 0.956148, 0.184322, 0.000000, 0.000000, 0.000000, 1.000000, 0.213062, 0.200962, 0.956148, 0.206322, -0.971649, -0.059065, 0.228930, -0.023941, 0.102481, -0.977817, 0.182680, 0.245319, 0.000000, 0.000000, 0.000000, 1.000000, -0.999639, -0.005424, 0.026306, 0.021314, 0.025604, 0.103509, 0.994299, -0.120723, -0.008116, 0.994614, -0.103333, -0.030761, 0.000000, 0.000000, 0.000000, 1.000000
4.3743, 23.8697, -45.2235, 184.3072, 206.3072, -23.8697, 245.2969, 21.1221, -120.7718, -30.7463, 0.971924, 0.059933, -0.227534, 0.023870, -0.103005, 0.977808, -0.182434, -0.045223, 0.211551, 0.200749, 0.956528, 0.184307, 0.000000, 0.000000, 0.000000, 1.000000, 0.211551, 0.200749, 0.956528, 0.206307, -0.971924, -0.059933, 0.227534, -0.023870, 0.103005, -0.977808, 0.182434, 0.245297, 0.000000, 0.000000, 0.000000, 1.000000, -0.999615, -0.006006, 0.027088, 0.021122, 0.026325, 0.103145, 0.994318, -0.120772, -0.008766, 0.994648, -0.102947, -0.030746, 0.000000, 0.000000, 0.000000, 1.000000
4.5198, 23.7965, -45.2734, 184.4712, 206.4712, -23.7965, 245.3469, 20.8523, -120.6465, -30.7850, 0.973362, 0.060267, -0.221213, 0.023796, -0.101600, 0.978309, -0.180524, -0.045273, 0.205535, 0.198191, 0.958371, 0.184471, 0.000000, 0.000000, 0.000000, 1.000000, 0.205535, 0.198191, 0.958371, 0.206471, -0.973362, -0.060267, 0.221213, -0.023796, 0.101600, -0.978309, 0.180524, 0.245347, 0.000000, 0.000000, 0.000000, 1.000000, -0.999714, -0.005553, 0.023263, 0.020852, 0.022587, 0.100552, 0.994675, -0.120646, -0.007863, 0.994916, -0.100398, -0.030785, 0.000000, 0.000000, 0.000000, 1.000000
4.6499, 23.5809, -45.1992, 184.3778, 206.3778, -23.5809, 245.2727, 20.8132, -120.7501, -30.7367, 0.973896, 0.060306, -0.218836, 0.023581, -0.101936, 0.977579, -0.184251, -0.045199, 0.202818, 0.201749, 0.958208, 0.184378, 0.000000, 0.000000, 0.000000, 1.000000, 0.202818, 0.201749, 0.958208, 0.206378, -0.973896, -0.060306, 0.218836, -0.023581, 0.101936, -0.977579, 0.184251, 0.245273, 0.000000, 0.000000, 0.000000, 1.000000, -0.999720, -0.006078, 0.022882, 0.020813, 0.022125, 0.104098, 0.994321, -0.120750, -0.008426, 0.994548, -0.103935, -0.030737, 0.000000, 0.000000, 0.000000, 1.000000
4.7742, 23.4972, -45.1877, 184.3452, 206.3452, -23.4972, 245.2612, 20.6399, -120.8122, -30.7348, 0.974054, 0.059790, -0.218276, 0.023497, -0.101372, 0.977572, -0.184596, -0.045188, 0.202344, 0.201934, 0.958269, 0.184345, 0.000000, 0.000000, 0.000000, 1.000000, 0.202344, 0.201934, 0.958269, 0.206345, -0.974054, -0.059790, 0.218276, -0.023497, 0.101372, -0.977572, 0.184596, 0.245261, 0.000000, 0.000000, 0.000000, 1.000000, -0.999687, -0.005381, 0.024449, 0.020640, 0.023754, 0.104390, 0.994253, -0.120812, -0.007902, 0.994522, -0.104229, -0.030735, 0.000000, 0.000000, 0.000000, 1.000000
4.8973, 23.3794, -45.1811, 184.2748, 206.2748, -23.3794, 245.2545, 20.5090, -120.9039, -30.7439, 0.974482, 0.060071, -0.216278, 0.023379, -0.100909, 0.977911, -0.183049, -0.045181, 0.200504, 0.200202, 0.959019, 0.184275, 0.000000, 0.000000, 0.000000, 1.000000, 0.200504, 0.200202, 0.959019, 0.206275, -0.974482, -0.060071, 0.216278, -0.023379, 0.100909, -0.977911, 0.183049, 0.245255, 0.000000, 0.000000, 0.000000, 1.000000, -0.999684, -0.005093, 0.024634, 0.020509, 0.023982, 0.102626, 0.994431, -0.120904, -0.007593, 0.994707, -0.102471, -0.030744, 0.000000, 0.000000, 0.000000, 1.000000
5.0102, 23.3317, -45.2039, 184.3400, 206.3400, -23.3317, 245.2773, 20.3039, -120.8695, -30.7636, 0.975054, 0.060129, -0.213667, 0.023332, -0.099888, 0.978496, -0.180466, -0.045204, 0.198221, 0.197307, 0.960093, 0.184340, 0.000000, 0.000000, 0.000000, 1.000000, 0.198221, 0.197307, 0.960093, 0.206340, -0.975054, -0.060129, 0.213667, -0.023332, 0.099888, -0.978496, 0.180466, 0.245277, 0.000000, 0.000000, 0.000000, 1.000000, -0.999700, -0.004385, 0.024082, 0.020304, 0.023525, 0.099740, 0.994735, -0.120870, -0.006764, 0.995004, -0.099607, -0.030764, 0.000000, 0.000000, 0.000000, 1.000000
5.1438, 23.1146, -45.1751, 184.2906, 206.2906, -23.1146, 245.2486, 20.2460, -120.9280, -30.7562, 0.975430, 0.060053, -0.211966, 0.023115, -0.100188, 0.977803, -0.184023, -0.045175, 0.196210, 0.200738, 0.959795, 0.184291, 0.000000, 0.000000, 0.000000, 1.000000, 0.196210, 0.200738, 0.959795, 0.206291, -0.975430, -0.060053, 0.211966, -0.023115, 0.100188, -0.977803, 0.184023, 0.245249, 0.000000, 0.000000, 0.000000, 1.000000, -0.999690, -0.004736, 0.024461, 0.020246, 0.023842, 0.103184, 0.994376, -0.120928, -0.007234, 0.994651, -0.103039, -0.030756, 0.000000, 0.000000, 0.000000, 1.000000
5.2695, 23.0361, -45.1125, 184.1428, 206.1428, -23.0361, 245.1859, 20.0888, -121.1083, -30.7146, 0.974885, 0.060031, -0.214464, 0.023036, -0.100483, 0.977960, -0.183021, -0.045112, 0.198750, 0.199974, 0.959431, 0.184143, 0.000000, 0.000000, 0.000000, 1.000000, 0.198750, 0.199974, 0.959431, 0.206143, -0.974885, -0.060031, 0.214464, -0.023036, 0.100483, -0.977960, 0.183021, 0.245186, 0.000000, 0.000000, 0.000000, 1.000000, -0.999563, -0.004343, 0.029246, 0.020089, 0.028648, 0.102436, 0.994327, -0.121108, -0.007314, 0.994730, -0.102266, -0.030715, 0.000000, 0.000000, 0.000000, 1.000000
5.3802, 22.9659, -45.1333, 184.1474, 206.1474, -22.9659, 245.2068, 19.9209, -121.1282, -30.7400, 0.975696, 0.059291, -0.210955, 0.022966, -0.099297, 0.977815, -0.184437, -0.045133, 0.195340, 0.200902, 0.959938, 0.184147, 0.000000, 0.000000, 0.000000, 1.000000, 0.195340, 0.200902, 0.959938, 0.206147, -0.975696, -0.059291, 0.210955, -0.022966, 0.099297, -0.977815, 0.184437, 0.245207, 0.000000, 0.000000, 0.000000, 1.000000, -0.999615, -0.003589, 0.027510, 0.019921, 0.026992, 0.103497, 0.994263, -0.121128, -0.006416, 0.994623, -0.103360, -0.030740, 0.000000, 0.000000, 0.000000, 1.000000
5.4993, 22.8682, -45.1273, 184.1303, 206.1303, -22.8682, 245.2007, 19.7684, -121.1695, -30.7430, 0.976479, 0.060056, -0.207082, 0.022868, -0.098960, 0.978125, -0.182972, -0.045127, 0.191563, 0.199161, 0.961061, 0.184130, 0.000000, 0.000000, 0.000000, 1.000000, 0.191563, 0.199161, 0.961061, 0.206130, -0.976479, -0.060056, 0.207082, -0.022868, 0.098960, -0.978125, 0.182972, 0.245201, 0.000000, 0.000000, 0.000000, 1.000000, -0.999662, -0.003806, 0.025719, 0.019768, 0.025199, 0.101636, 0.994502, -0.121169, -0.006399, 0.994814, -0.101506, -0.030743, 0.000000, 0.000000, 0.000000, 1.000000
5.6224, 22.8072, -45.1519, 184.1857, 206.1857, -22.8072, 245.2254, 19.5566, -121.1446, -30.7665, 0.977100, 0.059650, -0.204248, 0.022807, -0.098082, 0.978102, -0.183566, -0.045152, 0.188826, 0.199395, 0.961554, 0.184186, 0.000000, 0.000000, 0.000000, 1.000000, 0.188826, 0.199395, 0.961554, 0.206186, -0.977100, -0.059650, 0.204248, -0.022807, 0.098082, -0.978102, 0.183566, 0.245225, 0.000000, 0.000000, 0.000000, 1.000000, -0.999684, -0.003229, 0.024936, 0.019557, 0.024478, 0.101946, 0.994489, -0.121145, -0.005754, 0.994785, -0.101835, -0.030766, 0.000000, 0.000000, 0.000000, 1.000000
5.7573, 22.5744, -45.0254, 183.8484, 205.8484, -22.5744, 245.0989, 19.5664, -121.4924, -30.6918, 0.976000, 0.060254, -0.209269, 0.022574, -0.099796, 0.977869, -0.183882, -0.045025, 0.193558, 0.200353, 0.960413, 0.183848, 0.000000, 0.000000, 0.000000, 1.000000, 0.193558, 0.200353, 0.960413, 0.205848, -0.976000, -0.060254, 0.209269, -0.022574, 0.099796, -0.977869, 0.183882, 0.245099, 0.000000, 0.000000, 0.000000, 1.000000, -0.999469, -0.003760, 0.032369, 0.019566, 0.031811, 0.102811, 0.994192, -0.121492, -0.007066, 0.994694, -0.102637, -0.030692, 0.000000, 0.000000, 0.000000, 1.000000
5.8900, 22.4992, -45.0463, 183.8635, 205.8635, -22.4992, 245.1198, 19.3546, -121.5081, -30.7167, 0.976676, 0.059803, -0.206223, 0.022499, -0.098983, 0.977691, -0.185264, -0.045046, 0.190543, 0.201356, 0.960807, 0.183864, 0.000000, 0.000000, 0.000000, 1.000000, 0.190543, 0.201356, 0.960807, 0.205864, -0.976676, -0.059803, 0.206223, -0.022499, 0.098983, -0.977691, 0.185264, 0.245120, 0.000000, 0.000000, 0.000000, 1.000000, -0.999499, -0.003256, 0.031490, 0.019355, 0.030982, 0.103895, 0.994106, -0.121508, -0.006508, 0.994583, -0.103742, -0.030717, 0.000000, 0.000000, 0.000000, 1.000000
6.0100, 22.3727, -45.0841, 183.9931, 205.9931, -22.3727, 245.1576, 19.2005, -121.3968, -30.7507, 0.978667, 0.059625, -0.196611, 0.022373, -0.096179, 0.978588, -0.181977, -0.045084, 0.181551, 0.197005, 0.963446, 0.183993, 0.000000, 0.000000, 0.000000, 1.000000, 0.181551, 0.197005, 0.963446, 0.205993, -0.978667, -0.059625, 0.196611, -0.022373, 0.096179, -0.978588, 0.181977, 0.245158, 0.000000, 0.000000, 0.000000, 1.000000, -0.999710, -0.002092, 0.023997, 0.019201, 0.023669, 0.099581, 0.994748, -0.121397, -0.004471, 0.995027, -0.099502, -0.030751, 0.000000, 0.000000, 0.000000, 1.000000
6.1233, 22.3253, -45.0675, 183.9528, 205.9528, -22.3253, 245.1410, 19.0147, -121.4677, -30.7418, 0.978176, 0.059813, -0.198981, 0.022325, -0.097490, 0.977830, -0.185323, -0.045068, 0.183485, 0.200677, 0.962321, 0.183953, 0.000000, 0.000000, 0.000000, 1.000000, 0.183485, 0.200677, 0.962321, 0.205953, -0.978176, -0.059813, 0.198981, -0.022325, 0.097490, -0.977830, 0.185323, 0.245141, 0.000000, 0.000000, 0.000000, 1.000000, -0.999599, -0.002723, 0.028173, 0.019015, 0.027741, 0.103227, 0.994271, -0.121468, -0.005616, 0.994654, -0.103110, -0.030742, 0.000000, 0.000000, 0.000000, 1.000000
6.2503, 22.0965, -45.0223, 183.9782, 205.9782, -22.0965, 245.0957, 18.9707, -121.4514, -30.7114, 0.979140, 0.060075, -0.194103, 0.022096, -0.097292, 0.977277, -0.188317, -0.045022, 0.178379, 0.203273, 0.962736, 0.183978, 0.000000, 0.000000, 0.000000, 1.000000, 0.178379, 0.203273, 0.962736, 0.205978, -0.979140, -0.060075, 0.194103, -0.022096, 0.097292, -0.977277, 0.188317, 0.245096, 0.000000, 0.000000, 0.000000, 1.000000, -0.999676, -0.003204, 0.025245, 0.018971, 0.024765, 0.105790, 0.994080, -0.121451, -0.005856, 0.994383, -0.105676, -0.030711, 0.000000, 0.000000, 0.000000, 1.000000
6.3998, 22.0412, -45.0067, 183.9431, 205.9431, -22.0412, 245.0802, 18.7150, -121.5276, -30.7036, 0.978904, 0.060335, -0.195211, 0.022041, -0.097719, 0.977303, -0.187964, -0.045007, 0.179439, 0.203075, 0.962581, 0.183943, 0.000000, 0.000000, 0.000000, 1.000000, 0.179439, 0.203075, 0.962581, 0.205943, -0.978904, -0.060335, 0.195211, -0.022041, 0.097719, -0.977303, 0.187964, 0.245080, 0.000000, 0.000000, 0.000000, 1.000000, -0.999575, -0.003151, 0.028983, 0.018715, 0.028489, 0.105559, 0.994005, -0.121528, -0.006191, 0.994408, -0.105424, -0.030704, 0.000000, 0.000000, 0.000000, 1.000000
6.5096, 21.8962, -45.0523, 184.0378, 206.0378, -21.8962, 245.1258, 18.6065, -121.4432, -30.7503, 0.980664, 0.059863, -0.186321, 0.021896, -0.095339, 0.977586, -0.187714, -0.045052, 0.170907, 0.201848, 0.964390, 0.184038, 0.000000, 0.000000, 0.000000, 1.000000, 0.170907, 0.201848, 0.964390, 0.206038, -0.980664, -0.059863, 0.186321, -0.021896, 0.095339, -0.977586, 0.187714, 0.245126, 0.000000, 0.000000, 0.000000, 1.000000, -0.999758, -0.002274, 0.021886, 0.018606, 0.021529, 0.104408, 0.994301, -0.121443, -0.004546, 0.994532, -0.104334, -0.030750, 0.000000, 0.000000, 0.000000, 1.000000
6.6226, 21.8387, -45.0537, 184.0991, 206.0991, -21.8387, 245.1271, 18.4145, -121.4102, -30.7498, 0.981148, 0.060185, -0.183645, 0.021839, -0.095010, 0.977721, -0.187178, -0.045054, 0.168288, 0.201098, 0.965007, 0.184099, 0.000000, 0.000000, 0.000000, 1.000000, 0.168288, 0.201098, 0.965007, 0.206099, -0.981148, -0.060185, 0.183645, -0.021839, 0.095010, -0.977721, 0.187178, 0.245127, 0.000000, 0.000000, 0.000000, 1.000000, -0.999773, -0.002263, 0.021167, 0.018414, 0.020818, 0.103612, 0.994400, -0.121410, -0.004444, 0.994615, -0.103542, -0.030750, 0.000000, 0.000000, 0.000000, 1.000000
6.7597, 21.6081, -44.9972, 183.9742, 205.9742, -21.6081, 245.0706, 18.3743, -121.5463, -30.7233, 0.981287, 0.059946, -0.182979, 0.021608, -0.094875, 0.977466, -0.188573, -0.044997, 0.167552, 0.202405, 0.964862, 0.183974, 0.000000, 0.000000, 0.000000, 1.000000, 0.167552, 0.202405, 0.964862, 0.205974, -0.981287, -0.059946, 0.182979, -0.021608, 0.094875, -0.977466, 0.188573, 0.245071, 0.000000, 0.000000, 0.000000, 1.000000, -0.999738, -0.001992, 0.022788, 0.018374, 0.022453, 0.104963, 0.994223, -0.121546, -0.004373, 0.994474, -0.104891, -0.030723, 0.000000, 0.000000, 0.000000, 1.000000
6.8840, 21.5817, -45.0050, 183.9725, 205.9725, -21.5817, 245.0784, 18.1361, -121.5830, -30.7332, 0.981276, 0.060362, -0.182906, 0.021582, -0.095235, 0.977474, -0.188347, -0.045005, 0.167417, 0.202240, 0.964920, 0.183972, 0.000000, 0.000000, 0.000000, 1.000000, 0.167417, 0.202240, 0.964920, 0.205972, -0.981276, -0.060362, 0.182906, -0.021582, 0.095235, -0.977474, 0.188347, 0.245078, 0.000000, 0.000000, 0.000000, 1.000000, -0.999688, -0.002150, 0.024885, 0.018136, 0.024523, 0.104741, 0.994197, -0.121583, -0.004744, 0.994497, -0.104655, -0.030733, 0.000000, 0.000000, 0.000000, 1.000000
7.0071, 21.5010, -44.9969, 183.9763, 205.9763, -21.5010, 245.0703, 17.9546, -121.6065, -30.7308, 0.981685, 0.060257, -0.180730, 0.021501, -0.094790, 0.977390, -0.189006, -0.044997, 0.165255, 0.202676, 0.965201, 0.183976, 0.000000, 0.000000, 0.000000, 1.000000, 0.165255, 0.202676, 0.965201, 0.205976, -0.981685, -0.060257, 0.180730, -0.021501, 0.094790, -0.977390, 0.189006, 0.245070, 0.000000, 0.000000, 0.000000, 1.000000, -0.999691, -0.001891, 0.024777, 0.017955, 0.024440, 0.105197, 0.994151, -0.121607, -0.004486, 0.994450, -0.105119, -0.030731, 0.000000, 0.000000, 0.000000, 1.000000
7.1407, 21.3053, -44.9632, 183.8616, 205.8616, -21.3053, 245.0367, 17.8830, -121.7353, -30.7234, 0.981449, 0.059769, -0.182168, 0.021305, -0.094463, 0.977580, -0.188186, -0.044963, 0.166836, 0.201903, 0.965091, 0.183862, 0.000000, 0.000000, 0.000000, 1.000000, 0.166836, 0.201903, 0.965091, 0.205862, -0.981449, -0.059769, 0.182168, -0.021305, 0.094463, -0.977580, 0.188186, 0.245037, 0.000000, 0.000000, 0.000000, 1.000000, -0.999590, -0.001040, 0.028601, 0.017883, 0.028335, 0.104496, 0.994122, -0.121735, -0.004023, 0.994525, -0.104423, -0.030723, 0.000000, 0.000000, 0.000000, 1.000000
7.2598, 21.1957, -44.9918, 183.9329, 205.9329, -21.1957, 245.0652, 17.7258, -121.6835, -30.7528, 0.982444, 0.059093, -0.176953, 0.021196, -0.092870, 0.977543, -0.189169, -0.044992, 0.161800, 0.202281, 0.965869, 0.183933, 0.000000, 0.000000, 0.000000, 1.000000, 0.161800, 0.202281, 0.965869, 0.205933, -0.982444, -0.059093, 0.176953, -0.021196, 0.092870, -0.977543, 0.189169, 0.245065, 0.000000, 0.000000, 0.000000, 1.000000, -0.999679, -0.000211, 0.025328, 0.017726, 0.025166, 0.104971, 0.994157, -0.121684, -0.002869, 0.994475, -0.104932, -0.030753, 0.000000, 0.000000, 0.000000, 1.000000
7.3890, 21.0886, -44.9296, 183.8059, 205.8059, -21.0886, 245.0030, 17.5796, -121.8386, -30.7117, 0.982831, 0.059523, -0.174641, 0.021089, -0.092800, 0.977568, -0.189072, -0.044930, 0.159469, 0.202033, 0.966309, 0.183806, 0.000000, 0.000000, 0.000000, 1.000000, 0.159469, 0.202033, 0.966309, 0.205806, -0.982831, -0.059523, 0.174641, -0.021089, 0.092800, -0.977568, 0.189072, 0.245003, 0.000000, 0.000000, 0.000000, 1.000000, -0.999681, -0.000363, 0.025237, 0.017580, 0.025060, 0.104663, 0.994192, -0.121839, -0.003002, 0.994508, -0.104621, -0.030712, 0.000000, 0.000000, 0.000000, 1.000000
7.5168, 21.0310, -44.9364, 183.8192, 205.8192, -21.0310, 245.0098, 17.3622, -121.8556, -30.7214, 0.982754, 0.059985, -0.174919, 0.021031, -0.093163, 0.977715, -0.188131, -0.044936, 0.159736, 0.201182, 0.966442, 0.183819, 0.000000, 0.000000, 0.000000, 1.000000, 0.159736, 0.201182, 0.966442, 0.205819, -0.982754, -0.059985, 0.174919, -0.021031, 0.093163, -0.977715, 0.188131, 0.245010, 0.000000, 0.000000, 0.000000, 1.000000, -0.999614, -0.000460, 0.027796, 0.017362, 0.027598, 0.103747, 0.994221, -0.121856, -0.003341, 0.994604, -0.103694, -0.030721, 0.000000, 0.000000, 0.000000, 1.000000
7.6320, 20.9168, -44.9123, 183.7648, 205.7648, -20.9168, 244.9858, 17.2393, -121.9303, -30.7115, 0.982808, 0.059695, -0.174717, 0.020917, -0.093159, 0.977332, -0.190116, -0.044912, 0.159407, 0.203124, 0.966090, 0.183765, 0.000000, 0.000000, 0.000000, 1.000000, 0.159407, 0.203124, 0.966090, 0.205765, -0.982808, -0.059695, 0.174717, -0.020917, 0.093159, -0.977332, 0.190116, 0.244986, 0.000000, 0.000000, 0.000000, 1.000000, -0.999566, -0.000252, 0.029466, 0.017239, 0.029274, 0.105737, 0.993963, -0.121930, -0.003366, 0.994394, -0.105684, -0.030711, 0.000000, 0.000000, 0.000000, 1.000000
7.7572, 20.7609, -44.9074, 183.7684, 205.7684, -20.7609, 244.9809, 17.1267, -121.9433, -30.7178, 0.983693, 0.059469, -0.169743, 0.020761, -0.091599, 0.977840, -0.188254, -0.044907, 0.154786, 0.200732, 0.967341, 0.183768, 0.000000, 0.000000, 0.000000, 1.000000, 0.154786, 0.200732, 0.967341, 0.205768, -0.983693, -0.059469, 0.169743, -0.020761, 0.091599, -0.977840, 0.188254, 0.244981, 0.000000, 0.000000, 0.000000, 1.000000, -0.999643, 0.000555, 0.026726, 0.017127, 0.026640, 0.103363, 0.994287, -0.121943, -0.002211, 0.994644, -0.103341, -0.030718, 0.000000, 0.000000, 0.000000, 1.000000
7.8706, 20.6240, -44.8866, 183.7052, 205.7052, -20.6240, 244.9600, 17.0304, -122.0227, -30.7136, 0.984603, 0.059499, -0.164367, 0.020624, -0.090543, 0.977913, -0.188384, -0.044887, 0.149528, 0.200366, 0.968243, 0.183705, 0.000000, 0.000000, 0.000000, 1.000000, 0.149528, 0.200366, 0.968243, 0.205705, -0.984603, -0.059499, 0.164367, -0.020624, 0.090543, -0.977913, 0.188384, 0.244960, 0.000000, 0.000000, 0.000000, 1.000000, -0.999729, 0.000782, 0.023257, 0.017030, 0.023213, 0.102990, 0.994411, -0.122023, -0.001618, 0.994682, -0.102980, -0.030714, 0.000000, 0.000000, 0.000000, 1.000000
7.9967, 20.5374, -44.8586, 183.6261, 205.6261, -20.5374, 244.9321, 16.8596, -122.1290, -30.7002, 0.983872, 0.060095, -0.168479, 0.020537, -0.091852, 0.977949, -0.187561, -0.044859, 0.153493, 0.200012, 0.967696, 0.183626, 0.000000, 0.000000, 0.000000, 1.000000, 0.153493, 0.200012, 0.967696, 0.205626, -0.983872, -0.060095, 0.168479, -0.020537, 0.091852, -0.977949, 0.187561, 0.244932, 0.000000, 0.000000, 0.000000, 1.000000, -0.999560, 0.000467, 0.029650, 0.016860, 0.029541, 0.102556, 0.994288, -0.122129, -0.002577, 0.994727, -0.102525, -0.030700, 0.000000, 0.000000, 0.000000, 1.000000
8.1123, 20.4597, -44.8186, 183.6778, 205.6778, -20.4597, 244.8920, 16.6872, -122.1052, -30.6611, 0.984025, 0.060199, -0.167542, 0.020460, -0.092063, 0.977561, -0.189469, -0.044819, 0.152376, 0.201867, 0.967487, 0.183678, 0.000000, 0.000000, 0.000000, 1.000000, 0.152376, 0.201867, 0.967487, 0.205678, -0.984025, -0.060199, 0.167542, -0.020460, 0.092063, -0.977561, 0.189469, 0.244892, 0.000000, 0.000000, 0.000000, 1.000000, -0.999532, 0.000309, 0.030589, 0.016687, 0.030454, 0.104408, 0.994068, -0.122105, -0.002886, 0.994535, -0.104368, -0.030661, 0.000000, 0.000000, 0.000000, 1.000000
8.2362, 20.2856, -44.8573, 183.7085, 205.7085, -20.2856, 244.9307, 16.5882, -122.0850, -30.7094, 0.985003, 0.059558, -0.161929, 0.020286, -0.090335, 0.977634, -0.189926, -0.044857, 0.146996, 0.201706, 0.968353, 0.183708, 0.000000, 0.000000, 0.000000, 1.000000, 0.146996, 0.201706, 0.968353, 0.205708, -0.985003, -0.059558, 0.161929, -0.020286, 0.090335, -0.977634, 0.189926, 0.244931, 0.000000, 0.000000, 0.000000, 1.000000, -0.999634, 0.001195, 0.027045, 0.016588, 0.027022, 0.104323, 0.994176, -0.122085, -0.001633, 0.994543, -0.104317, -0.030709, 0.000000, 0.000000, 0.000000, 1.000000
8.3562, 20.1835, -44.8555, 183.7164, 205.7164, -20.1835, 244.9289, 16.4328, -122.0989, -30.7145, 0.985330, 0.060104, -0.159726, 0.020183, -0.090261, 0.977850, -0.188847, -0.044855, 0.144838, 0.200494, 0.968930, 0.183716, 0.000000, 0.000000, 0.000000, 1.000000, 0.144838, 0.200494, 0.968930, 0.205716, -0.985330, -0.060104, 0.159726, -0.020183, 0.090261, -0.977850, 0.188847, 0.244929, 0.000000, 0.000000, 0.000000, 1.000000, -0.999636, 0.001036, 0.026971, 0.016433, 0.026934, 0.103035, 0.994313, -0.122099, -0.001749, 0.994677, -0.103025, -0.030714, 0.000000, 0.000000, 0.000000, 1.000000
8.4898, 20.0530, -44.8404, 183.6663, 205.6663, -20.0530, 244.9138, 16.2843, -122.1716, -30.7142, 0.985519, 0.059851, -0.158653, 0.020053, -0.090200, 0.977316, -0.191617, -0.044840, 0.143586, 0.203153, 0.968562, 0.183666, 0.000000, 0.000000, 0.000000, 1.000000, 0.143586, 0.203153, 0.968562, 0.205666, -0.985519, -0.059851, 0.158653, -0.020053, 0.090200, -0.977316, 0.191617, 0.244914, 0.000000, 0.000000, 0.000000, 1.000000, -0.999606, 0.001171, 0.028033, 0.016284, 0.027999, 0.105740, 0.994000, -0.122172, -0.001800, 0.994393, -0.105731, -0.030714, 0.000000, 0.000000, 0.000000, 1.000000
8.6216, 20.0133, -44.8038, 183.6689, 205.6689, -20.0133, 244.8772, 16.0453, -122.2046, -30.6806, 0.985443, 0.059696, -0.159180, 0.020013, -0.090489, 0.976849, -0.193851, -0.044804, 0.143922, 0.205433, 0.968031, 0.183669, 0.000000, 0.000000, 0.000000, 1.000000, 0.143922, 0.205433, 0.968031, 0.205669, -0.985443, -0.059696, 0.159180, -0.020013, 0.090489, -0.976849, 0.193851, 0.244877, 0.000000, 0.000000, 0.000000, 1.000000, -0.999528, 0.001268, 0.030710, 0.016045, 0.030667, 0.108051, 0.993672, -0.122205, -0.002058, 0.994145, -0.108039, -0.030681, 0.000000, 0.000000, 0.000000, 1.000000
8.7425, 19.8093, -44.8027, 183.6026, 205.6026, -19.8093, 244.8762, 15.9969, -122.2795, -30.7013, 0.986248, 0.060034, -0.153982, 0.019809, -0.089746, 0.976898, -0.193951, -0.044803, 0.138781, 0.205103, 0.968851, 0.183603, 0.000000, 0.000000, 0.000000, 1.000000, 0.138781, 0.205103, 0.968851, 0.205603, -0.986248, -0.060034, 0.153982, -0.019809, 0.089746, -0.976898, 0.193951, 0.244876, 0.000000, 0.000000, 0.000000, 1.000000, -0.999619, 0.001203, 0.027560, 0.015997, 0.027529, 0.107677, 0.993805, -0.122280, -0.001772, 0.994185, -0.107669, -0.030701, 0.000000, 0.000000, 0.000000, 1.000000
8.8567, 19.7412, -44.7862, 183.5593, 205.5593, -19.7412, 244.8597, 15.8266, -122.3475, -30.6943, 0.985851, 0.059989, -0.156524, 0.019741, -0.090230, 0.976860, -0.193917, -0.044786, 0.141269, 0.205296, 0.968451, 0.183559, 0.000000, 0.000000, 0.000000, 1.000000, 0.141269, 0.205296, 0.968451, 0.205559, -0.985851, -0.059989, 0.156524, -0.019741, 0.090230, -0.976860, 0.193917, 0.244860, 0.000000, 0.000000, 0.000000, 1.000000, -0.999483, 0.001438, 0.032105, 0.015827, 0.032073, 0.107875, 0.993647, -0.122347, -0.002035, 0.994163, -0.107865, -0.030694, 0.000000, 0.000000, 0.000000, 1.000000
8.9851, 19.6005, -44.7888, 183.5800, 205.5800, -19.6005, 244.8623, 15.6895, -122.3456, -30.7053, 0.986677, 0.060057, -0.151198, 0.019600, -0.089009, 0.977213, -0.192695, -0.044789, 0.136180, 0.203586, 0.969540, 0.183580, 0.000000, 0.000000, 0.000000, 1.000000, 0.136180, 0.203586, 0.969540, 0.205580, -0.986677, -0.060057, 0.151198, -0.019600, 0.089009, -0.977213, 0.192695, 0.244862, 0.000000, 0.000000, 0.000000, 1.000000, -0.999577, 0.001826, 0.029042, 0.015690, 0.029071, 0.106140, 0.993926, -0.122346, -0.001267, 0.994350, -0.106148, -0.030705, 0.000000, 0.000000, 0.000000, 1.000000
9.0857, 19.5159, -44.7683, 183.6262, 205.6262, -19.5159, 244.8417, 15.5552, -122.3195, -30.6867, 0.987143, 0.059603, -0.148310, 0.019516, -0.088489, 0.976494, -0.196543, -0.044768, 0.133109, 0.207140, 0.969213, 0.183626, 0.000000, 0.000000, 0.000000, 1.000000, 0.133109, 0.207140, 0.969213, 0.205626, -0.987143, -0.059603, 0.148310, -0.019516, 0.088489, -0.976494, 0.196543, 0.244842, 0.000000, 0.000000, 0.000000, 1.000000, -0.999616, 0.002025, 0.027634, 0.015555, 0.027689, 0.109769, 0.993571, -0.122320, -0.001022, 0.993955, -0.109783, -0.030687, 0.000000, 0.000000, 0.000000, 1.000000
9.2035, 19.4497, -44.7805, 183.5909, 205.5909, -19.4497, 244.8540, 15.3721, -122.3777, -30.7073, 0.987545, 0.060288, -0.145331, 0.019450, -0.088173, 0.977063, -0.193837, -0.044781, 0.130311, 0.204237, 0.970209, 0.183591, 0.000000, 0.000000, 0.000000, 1.000000, 0.130311, 0.204237, 0.970209, 0.205591, -0.987545, -0.060288, 0.145331, -0.019450, 0.088173, -0.977063, 0.193837, 0.244854, 0.000000, 0.000000, 0.000000, 1.000000, -0.999638, 0.001922, 0.026850, 0.015372, 0.026901, 0.106764, 0.993920, -0.122378, -0.000956, 0.994283, -0.106777, -0.030707, 0.000000, 0.000000, 0.000000, 1.000000
9.3401, 19.3427, -44.8012, 183.5367, 205.5367, -19.3427, 244.8746, 15.1899, -122.4542, -30.7411, 0.987605, 0.060559, -0.144810, 0.019343, -0.087695, 0.978040, -0.189070, -0.044801, 0.130180, 0.199426, 0.971227, 0.183537, 0.000000, 0.000000, 0.000000, 1.000000, 0.130180, 0.199426, 0.971227, 0.205537, -0.987605, -0.060559, 0.144810, -0.019343, 0.087695, -0.978040, 0.189070, 0.244875, 0.000000, 0.000000, 0.000000, 1.000000, -0.999576, 0.002478, 0.029004, 0.015190, 0.029105, 0.101878, 0.994371, -0.122454, -0.000490, 0.994794, -0.101907, -0.030741, 0.000000, 0.000000, 0.000000, 1.000000
9.4641, 19.1654, -44.7661, 183.5460, 205.5460, -19.1654, 244.8396, 15.1028, -122.4617, -30.7186, 0.987989, 0.060172, -0.142325, 0.019165, -0.087132, 0.977609, -0.191544, -0.044766, 0.127613, 0.201644, 0.971110, 0.183546, 0.000000, 0.000000, 0.000000, 1.000000, 0.127613, 0.201644, 0.971110, 0.205546, -0.987989, -0.060172, 0.142325, -0.019165, 0.087132, -0.977609, 0.191544, 0.244840, 0.000000, 0.000000, 0.000000, 1.000000, -0.999590, 0.002826, 0.028494, 0.015103, 0.028634, 0.104150, 0.994149, -0.122462, -0.000158, 0.994558, -0.104188, -0.030719, 0.000000, 0.000000, 0.000000, 1.000000
9.5845, 19.0345, -44.7420, 183.5553, 205.5553, -19.0345, 244.8154, 14.9763, -122.4725, -30.7035, 0.988627, 0.059347, -0.138184, 0.019035, -0.086044, 0.976805, -0.196082, -0.044742, 0.123342, 0.205742, 0.970802, 0.183555, 0.000000, 0.000000, 0.000000, 1.000000, 0.123342, 0.205742, 0.970802, 0.205555, -0.988627, -0.059347, 0.138184, -0.019035, 0.086044, -0.976805, 0.196082, 0.244815, 0.000000, 0.000000, 0.000000, 1.000000, -0.999653, 0.003397, 0.026125, 0.014976, 0.026339, 0.108361, 0.993763, -0.122473, 0.000545, 0.994106, -0.108413, -0.030703, 0.000000, 0.000000, 0.000000, 1.000000
9.7031, 18.9754, -44.7495, 183.5435, 205.5435, -18.9754, 244.8229, 14.7818, -122.5081, -30.7165, 0.988594, 0.059898, -0.138180, 0.018975, -0.086289, 0.977253, -0.193727, -0.044749, 0.123433, 0.203440, 0.971276, 0.183544, 0.000000, 0.000000, 0.000000, 1.000000, 0.123433, 0.203440, 0.971276, 0.205544, -0.988594, -0.059898, 0.138180, -0.018975, 0.086289, -0.977253, 0.193727, 0.244823, 0.000000, 0.000000, 0.000000, 1.000000, -0.999593, 0.003331, 0.028331, 0.014782, 0.028525, 0.105977, 0.993959, -0.122508, 0.000308, 0.994363, -0.106029, -0.030716, 0.000000, 0.000000, 0.000000, 1.000000
9.8314, 18.8717, -44.7524, 183.6018, 205.6018, -18.8717, 244.8258, 14.6046, -122.4725, -30.7213, 0.989110, 0.060663, -0.134093, 0.018872, -0.085940, 0.977701, -0.191611, -0.044752, 0.119480, 0.201048, 0.972268, 0.183602, 0.000000, 0.000000, 0.000000, 1.000000, 0.119480, 0.201048, 0.972268, 0.205602, -0.989110, -0.060663, 0.134093, -0.018872, 0.085940, -0.977701, 0.191611, 0.244826, 0.000000, 0.000000, 0.000000, 1.000000, -0.999642, 0.003069, 0.026588, 0.014605, 0.026763, 0.103481, 0.994271, -0.122472, 0.000300, 0.994627, -0.103526, -0.030721, 0.000000, 0.000000, 0.000000, 1.000000
9.9549, 18.6941, -44.7031, 183.5603, 205.5603, -18.6941, 244.7765, 14.5248, -122.5318, -30.6898, 0.989066, 0.059806, -0.134801, 0.018694, -0.085676, 0.977022, -0.195158, -0.044703, 0.120031, 0.204574, 0.971464, 0.183560, 0.000000, 0.000000, 0.000000, 1.000000, 0.120031, 0.204574, 0.971464, 0.205560, -0.989066, -0.059806, 0.134801, -0.018694, 0.085676, -0.977022, 0.195158, 0.244777, 0.000000, 0.000000, 0.000000, 1.000000, -0.999566, 0.003765, 0.029209, 0.014525, 0.029444, 0.107114, 0.993811, -0.122532, 0.000613, 0.994240, -0.107179, -0.030690, 0.000000, 0.000000, 0.000000, 1.000000
10.0854, 18.5784, -44.7455, 183.5988, 205.5988, -18.5784, 244.8189, 14.3535, -122.5115, -30.7366, 0.990046, 0.060340, -0.127153, 0.018578, -0.084092, 0.978054, -0.190629, -0.044745, 0.112860, 0.199424, 0.973392, 0.183599, 0.000000, 0.000000, 0.000000, 1.000000, 0.112860, 0.199424, 0.973392, 0.205599, -0.990046, -0.060340, 0.127153, -0.018578, 0.084092, -0.978054, 0.190629, 0.244819, 0.000000, 0.000000, 0.000000, 1.000000, -0.999702, 0.004022, 0.024089, 0.014354, 0.024374, 0.101855, 0.994501, -0.122511, 0.001546, 0.994791, -0.101923, -0.030737, 0.000000, 0.000000, 0.000000, 1.000000
10.1953, 18.4679, -44.6842, 183.5725, 205.5725, -18.4679, 244.7576, 14.2356, -122.5600, -30.6867, 0.990199, 0.059489, -0.126361, 0.018468, -0.083687, 0.977065, -0.195810, -0.044684, 0.111814, 0.204465, 0.972467, 0.183573, 0.000000, 0.000000, 0.000000, 1.000000, 0.111814, 0.204465, 0.972467, 0.205573, -0.990199, -0.059489, 0.126361, -0.018468, 0.083687, -0.977065, 0.195810, 0.244758, 0.000000, 0.000000, 0.000000, 1.000000, -0.999681, 0.004543, 0.024858, 0.014236, 0.025202, 0.107016, 0.993938, -0.122560, 0.001855, 0.994247, -0.107096, -0.030687, 0.000000, 0.000000, 0.000000, 1.000000
10.3285, 18.3925, -44.6688, 183.4207, 205.4207, -18.3925, 244.7422, 14.0397, -122.7378, -30.6921, 0.989943, 0.059659, -0.128268, 0.018393, -0.083676, 0.978039, -0.190890, -0.044669, 0.114063, 0.199703, 0.973195, 0.183421, 0.000000, 0.000000, 0.000000, 1.000000, 0.114063, 0.199703, 0.973195, 0.205421, -0.989943, -0.059659, 0.128268, -0.018393, 0.083676, -0.978039, 0.190890, 0.244742, 0.000000, 0.000000, 0.000000, 1.000000, -0.999554, 0.005105, 0.029409, 0.014040, 0.029777, 0.102178, 0.994320, -0.122738, 0.002071, 0.994753, -0.102285, -0.030692, 0.000000, 0.000000, 0.000000, 1.000000
10.4410, 18.2401, -44.6476, 183.4162, 205.4162, -18.2401, 244.7211, 13.9522, -122.7578, -30.6829, 0.989926, 0.059910, -0.128288, 0.018240, -0.084096, 0.977721, -0.192329, -0.044648, 0.113908, 0.201180, 0.972909, 0.183416, 0.000000, 0.000000, 0.000000, 1.000000, 0.113908, 0.201180, 0.972909, 0.205416, -0.989926, -0.059910, 0.128288, -0.018240, 0.084096, -0.977721, 0.192329, 0.244721, 0.000000, 0.000000, 0.000000, 1.000000, -0.999498, 0.004909, 0.031286, 0.013952, 0.031626, 0.103639, 0.994112, -0.122758, 0.001637, 0.994603, -0.103742, -0.030683, 0.000000, 0.000000, 0.000000, 1.000000
10.5737, 18.1311, -44.7011, 183.4898, 205.4898, -18.1311, 244.7745, 13.7658, -122.7023, -30.7367, 0.990936, 0.059719, -0.120334, 0.018131, -0.081865, 0.978662, -0.188463, -0.044701, 0.106512, 0.196606, 0.974680, 0.183490, 0.000000, 0.000000, 0.000000, 1.000000, 0.106512, 0.196606, 0.974680, 0.205490, -0.990936, -0.059719, 0.120334, -0.018131, 0.081865, -0.978662, 0.188463, 0.244775, 0.000000, 0.000000, 0.000000, 1.000000, -0.999649, 0.005783, 0.025865, 0.013766, 0.026310, 0.099020, 0.994738, -0.122702, 0.003191, 0.995069, -0.099138, -0.030737, 0.000000, 0.000000, 0.000000, 1.000000
10.7068, 18.0513, -44.6620, 183.4933, 205.4933, -18.0513, 244.7354, 13.5628, -122.7273, -30.7035, 0.990817, 0.059377, -0.121478, 0.018051, -0.082388, 0.977497, -0.194195, -0.044662, 0.107213, 0.202420, 0.973412, 0.183493, 0.000000, 0.000000, 0.000000, 1.000000, 0.107213, 0.202420, 0.973412, 0.205493, -0.990817, -0.059377, 0.121478, -0.018051, 0.082388, -0.977497, 0.194195, 0.244735, 0.000000, 0.000000, 0.000000, 1.000000, -0.999564, 0.005804, 0.028939, 0.013563, 0.029388, 0.104911, 0.994047, -0.122727, 0.002733, 0.994465, -0.105036, -0.030704, 0.000000, 0.000000, 0.000000, 1.000000
10.8224, 17.9213, -44.6214, 183.4828, 205.4828, -17.9213, 244.6949, 13.4486, -122.7578, -30.6740, 0.991351, 0.058921, -0.117267, 0.017921, -0.081638, 0.976489, -0.199511, -0.044621, 0.102754, 0.207359, 0.972853, 0.183483, 0.000000, 0.000000, 0.000000, 1.000000, 0.102754, 0.207359, 0.972853, 0.205483, -0.991351, -0.058921, 0.117267, -0.017921, 0.081638, -0.976489, 0.199511, 0.244695, 0.000000, 0.000000, 0.000000, 1.000000, -0.999634, 0.006012, 0.026364, 0.013449, 0.026866, 0.109932, 0.993576, -0.122758, 0.003075, 0.993921, -0.110053, -0.030674, 0.000000, 0.000000, 0.000000, 1.000000
10.9516, 17.7983, -44.6182, 183.3214, 205.3214, -17.7983, 244.6917, 13.3061, -122.9382, -30.6961, 0.990781, 0.060281, -0.121321, 0.017798, -0.083290, 0.977344, -0.194581, -0.044618, 0.106843, 0.202892, 0.973355, 0.183321, 0.000000, 0.000000, 0.000000, 1.000000, 0.106843, 0.202892, 0.973355, 0.205321, -0.990781, -0.060281, 0.121321, -0.017798, 0.083290, -0.977344, 0.194581, 0.244692, 0.000000, 0.000000, 0.000000, 1.000000, -0.999441, 0.005306, 0.033002, 0.013306, 0.033377, 0.105295, 0.993881, -0.122938, 0.001799, 0.994427, -0.105413, -0.030696, 0.000000, 0.000000, 0.000000, 1.000000
11.0900, 17.6593, -44.6342, 183.3792, 205.3792, -17.6593, 244.7076, 13.1418, -122.9002, -30.7165, 0.991786, 0.059377, -0.113293, 0.017659, -0.081031, 0.976984, -0.197324, -0.044634, 0.098969, 0.204883, 0.973770, 0.183379, 0.000000, 0.000000, 0.000000, 1.000000, 0.098969, 0.204883, 0.973770, 0.205379, -0.991786, -0.059377, 0.113293, -0.017659, 0.081031, -0.976984, 0.197324, 0.244708, 0.000000, 0.000000, 0.000000, 1.000000, -0.999611, 0.006288, 0.027169, 0.013142, 0.027687, 0.107363, 0.993834, -0.122900, 0.003333, 0.994200, -0.107496, -0.030716, 0.000000, 0.000000, 0.000000, 1.000000
11.2170, 17.5986, -44.6136, 183.3360, 205.3360, -17.5986, 244.6871, 12.9344, -122.9692, -30.7049, 0.991548, 0.059220, -0.115434, 0.017599, -0.081123, 0.977359, -0.195416, -0.044614, 0.101248, 0.203129, 0.973903, 0.183336, 0.000000, 0.000000, 0.000000, 1.000000, 0.101248, 0.203129, 0.973903, 0.205336, -0.991548, -0.059220, 0.115434, -0.017599, 0.081123, -0.977359, 0.195416, 0.244687, 0.000000, 0.000000, 0.000000, 1.000000, -0.999476, 0.006834, 0.031647, 0.012934, 0.032192, 0.105585, 0.993889, -0.122969, 0.003451, 0.994387, -0.105749, -0.030705, 0.000000, 0.000000, 0.000000, 1.000000
11.3313, 17.5056, -44.6281, 183.3495, 205.3495, -17.5056, 244.7016, 12.7795, -122.9731, -30.7249, 0.991434, 0.060421, -0.115788, 0.017506, -0.082252, 0.977508, -0.194198, -0.044628, 0.101450, 0.202058, 0.974105, 0.183349, 0.000000, 0.000000, 0.000000, 1.000000, 0.101450, 0.202058, 0.974105, 0.205349, -0.991434, -0.060421, 0.115788, -0.017506, 0.082252, -0.977508, 0.194198, 0.244702, 0.000000, 0.000000, 0.000000, 1.000000, -0.999402, 0.005934, 0.034067, 0.012779, 0.034500, 0.104404, 0.993936, -0.122973, 0.002341, 0.994517, -0.104547, -0.030725, 0.000000, 0.000000, 0.000000, 1.000000
11.4618, 17.2812, -44.6067, 183.5034, 205.5034, -17.2812, 244.6802, 12.7143, -122.8349, -30.7051, 0.993083, 0.060749, -0.100476, 0.017281, -0.079726, 0.977112, -0.197221, -0.044607, 0.086195, 0.203867, 0.975197, 0.183503, 0.000000, 0.000000, 0.000000, 1.000000, 0.086195, 0.203867, 0.975197, 0.205503, -0.993083, -0.060749, 0.100476, -0.017281, 0.079726, -0.977112, 0.197221, 0.244680, 0.000000, 0.000000, 0.000000, 1.000000, -0.999768, 0.005697, 0.020785, 0.012714, 0.021272, 0.106200, 0.994117, -0.122835, 0.003456, 0.994328, -0.106297, -0.030705, 0.000000, 0.000000, 0.000000, 1.000000
11.5958, 17.2286, -44.5549, 183.3867, 205.3867, -17.2286, 244.6283, 12.4907, -122.9813, -30.6692, 0.991903, 0.060431, -0.111699, 0.017229, -0.082130, 0.976092, -0.201244, -0.044555, 0.096867, 0.208789, 0.973152, 0.183387, 0.000000, 0.000000, 0.000000, 1.000000, 0.096867, 0.208789, 0.973152, 0.205387, -0.991903, -0.060431, 0.111699, -0.017229, 0.082130, -0.976092, 0.201244, 0.244628, 0.000000, 0.000000, 0.000000, 1.000000, -0.999402, 0.005871, 0.034076, 0.012491, 0.034518, 0.111192, 0.993199, -0.122981, 0.002042, 0.993782, -0.111329, -0.030669, 0.000000, 0.000000, 0.000000, 1.000000
11.7092, 17.0631, -44.5851, 183.4362, 205.4362, -17.0631, 244.6586, 12.4066, -122.9425, -30.7066, 0.992973, 0.060103, -0.101941, 0.017063, -0.079684, 0.976454, -0.200469, -0.044585, 0.087492, 0.207184, 0.974382, 0.183436, 0.000000, 0.000000, 0.000000, 1.000000, 0.087492, 0.207184, 0.974382, 0.205436, -0.992973, -0.060103, 0.101941, -0.017063, 0.079684, -0.976454, 0.200469, 0.244659, 0.000000, 0.000000, 0.000000, 1.000000, -0.999632, 0.006544, 0.026322, 0.012407, 0.026881, 0.109574, 0.993615, -0.122942, 0.003618, 0.993957, -0.109710, -0.030707, 0.000000, 0.000000, 0.000000, 1.000000
11.8340, 16.9965, -44.5980, 183.4765, 205.4765, -16.9965, 244.6715, 12.2016, -122.9236, -30.7203, 0.993193, 0.060539, -0.099515, 0.016996, -0.079382, 0.977002, -0.197904, -0.044598, 0.085245, 0.204457, 0.975157, 0.183477, 0.000000, 0.000000, 0.000000, 1.000000, 0.085245, 0.204457, 0.975157, 0.205477, -0.993193, -0.060539, 0.099515, -0.016996, 0.079382, -0.977002, 0.197904, 0.244671, 0.000000, 0.000000, 0.000000, 1.000000, -0.999634, 0.006552, 0.026233, 0.012202, 0.026783, 0.106771, 0.993923, -0.122924, 0.003711, 0.994262, -0.106907, -0.030720, 0.000000, 0.000000, 0.000000, 1.000000
11.9399, 16.7953, -44.5358, 183.3927, 205.3927, -16.7953, 244.6092, 12.1843, -123.0223, -30.6819, 0.993150, 0.059839, -0.100357, 0.016795, -0.079141, 0.976386, -0.201017, -0.044536, 0.085958, 0.207583, 0.974433, 0.183393, 0.000000, 0.000000, 0.000000, 1.000000, 0.085958, 0.207583, 0.974433, 0.205393, -0.993150, -0.059839, 0.100357, -0.016795, 0.079141, -0.976386, 0.201017, 0.244609, 0.000000, 0.000000, 0.000000, 1.000000, -0.999562, 0.007220, 0.028699, 0.012184, 0.029320, 0.109967, 0.993503, -0.123022, 0.004017, 0.993909, -0.110131, -0.030682, 0.000000, 0.000000, 0.000000, 1.000000
12.0643, 16.7334, -44.5464, 183.3572, 205.3572, -16.7334, 244.6199, 11.9800, -123.0789, -30.7006, 0.993186, 0.060450, -0.099640, 0.016733, -0.079208, 0.977272, -0.196634, -0.044546, 0.085489, 0.203186, 0.975401, 0.183357, 0.000000, 0.000000, 0.000000, 1.000000, 0.085489, 0.203186, 0.975401, 0.205357, -0.993186, -0.060450, 0.099640, -0.016733, 0.079208, -0.977272, 0.196634, 0.244620, 0.000000, 0.000000, 0.000000, 1.000000, -0.999511, 0.007160, 0.030441, 0.011980, 0.031027, 0.105461, 0.993939, -0.123079, 0.003907, 0.994398, -0.105631, -0.030701, 0.000000, 0.000000, 0.000000, 1.000000
12.1939, 16.6659, -44.5279, 183.3389, 205.3389, -16.6659, 244.6013, 11.7711, -123.1215, -30.6890, 0.993348, 0.060223, -0.098145, 0.016666, -0.078909, 0.976754, -0.199310, -0.044528, 0.083860, 0.205729, 0.975009, 0.183339, 0.000000, 0.000000, 0.000000, 1.000000, 0.083860, 0.205729, 0.975009, 0.205339, -0.993348, -0.060223, 0.098145, -0.016666, 0.078909, -0.976754, 0.199310, 0.244601, 0.000000, 0.000000, 0.000000, 1.000000, -0.999491, 0.007452, 0.031008, 0.011771, 0.031632, 0.108034, 0.993644, -0.123122, 0.004054, 0.994119, -0.108215, -0.030689, 0.000000, 0.000000, 0.000000, 1.000000
12.3231, 16.5016, -44.5401, 183.3378, 205.3378, -16.5016, 244.6135, 11.6560, -123.1383, -30.7135, 0.994250, 0.059737, -0.088875, 0.016502, -0.076294, 0.977538, -0.196464, -0.044540, 0.075143, 0.202115, 0.976475, 0.183338, 0.000000, 0.000000, 0.000000, 1.000000, 0.075143, 0.202115, 0.976475, 0.205338, -0.994250, -0.059737, 0.088875, -0.016502, 0.076294, -0.977538, 0.196464, 0.244614, 0.000000, 0.000000, 0.000000, 1.000000, -0.999672, 0.008421, 0.024174, 0.011656, 0.024921, 0.104379, 0.994225, -0.123138, 0.005849, 0.994502, -0.104555, -0.030714, 0.000000, 0.000000, 0.000000, 1.000000
12.4559, 16.3957, -44.4810, 183.2287, 205.2287, -16.3957, 244.5544, 11.4861, -123.2732, -30.6736, 0.993500, 0.058973, -0.097361, 0.016396, -0.077438, 0.977061, -0.198381, -0.044481, 0.083429, 0.204631, 0.975277, 0.183229, 0.000000, 0.000000, 0.000000, 1.000000, 0.083429, 0.204631, 0.975277, 0.205229, -0.993500, -0.058973, 0.097361, -0.016396, 0.077438, -0.977061, 0.198381, 0.244554, 0.000000, 0.000000, 0.000000, 1.000000, -0.999350, 0.009266, 0.034831, 0.011486, 0.035623, 0.106947, 0.993626, -0.123273, 0.005482, 0.994222, -0.107208, -0.030674, 0.000000, 0.000000, 0.000000, 1.000000
12.5947, 16.2682, -44.4696, 183.2095, 205.2095, -16.2682, 244.5430, 11.3160, -123.3141, -30.6737, 0.993931, 0.058745, -0.093009, 0.016268, -0.076360, 0.977037, -0.198919, -0.044470, 0.079187, 0.204814, 0.975593, 0.183210, 0.000000, 0.000000, 0.000000, 1.000000, 0.079187, 0.204814, 0.975593, 0.205210, -0.993931, -0.058745, 0.093009, -0.016268, 0.076360, -0.977037, 0.198919, 0.244543, 0.000000, 0.000000, 0.000000, 1.000000, -0.999413, 0.009742, 0.032847, 0.011316, 0.033703, 0.107120, 0.993675, -0.123314, 0.006162, 0.994198, -0.107386, -0.030674, 0.000000, 0.000000, 0.000000, 1.000000
12.7244, 16.2102, -44.4672, 183.1701, 205.1701, -16.2102, 244.5407, 11.0967, -123.3759, -30.6796, 0.993688, 0.059666, -0.095000, 0.016210, -0.077536, 0.977288, -0.197224, -0.044467, 0.081075, 0.203345, 0.975745, 0.183170, 0.000000, 0.000000, 0.000000, 1.000000, 0.081075, 0.203345, 0.975745, 0.205170, -0.993688, -0.059666, 0.095000, -0.016210, 0.077536, -0.977288, 0.197224, 0.244541, 0.000000, 0.000000, 0.000000, 1.000000, -0.999266, 0.009150, 0.037207, 0.011097, 0.037966, 0.105567, 0.993687, -0.123376, 0.005165, 0.994370, -0.105837, -0.030680, 0.000000, 0.000000, 0.000000, 1.000000
12.8514, 15.9801, -44.4750, 183.2846, 205.2846, -15.9801, 244.5484, 11.0471, -123.2745, -30.6930, 0.994491, 0.059613, -0.086221, 0.015980, -0.075843, 0.977000, -0.199295, -0.044475, 0.072358, 0.204736, 0.976139, 0.183285, 0.000000, 0.000000, 0.000000, 1.000000, 0.072358, 0.204736, 0.976139, 0.205285, -0.994491, -0.059613, 0.086221, -0.015980, 0.075843, -0.977000, 0.199295, 0.244548, 0.000000, 0.000000, 0.000000, 1.000000, -0.999491, 0.009358, 0.030486, 0.011047, 0.031313, 0.106960, 0.993770, -0.123275, 0.006039, 0.994219, -0.107198, -0.030693, 0.000000, 0.000000, 0.000000, 1.000000
12.9845, 15.9264, -44.4628, 183.2087, 205.2087, -15.9264, 244.5363, 10.8179, -123.3741, -30.6925, 0.994378, 0.059967, -0.087268, 0.015926, -0.076265, 0.977349, -0.197414, -0.044463, 0.073453, 0.202959, 0.976428, 0.183209, 0.000000, 0.000000, 0.000000, 1.000000, 0.073453, 0.202959, 0.976428, 0.205209, -0.994378, -0.059967, 0.087268, -0.015926, 0.076265, -0.977349, 0.197414, 0.244536, 0.000000, 0.000000, 0.000000, 1.000000, -0.999379, 0.009349, 0.033975, 0.010818, 0.034770, 0.105122, 0.993851, -0.123374, 0.005720, 0.994415, -0.105382, -0.030693, 0.000000, 0.000000, 0.000000, 1.000000
13.1212, 15.8343, -44.4671, 183.2954, 205.2954, -15.8343, 244.5405, 10.6119, -123.3088, -30.6950, 0.994396, 0.059743, -0.087219, 0.015834, -0.076099, 0.977190, -0.198262, -0.044467, 0.073385, 0.203788, 0.976261, 0.183295, 0.000000, 0.000000, 0.000000, 1.000000, 0.073385, 0.203788, 0.976261, 0.205295, -0.994396, -0.059743, 0.087219, -0.015834, 0.076099, -0.977190, 0.198262, 0.244541, 0.000000, 0.000000, 0.000000, 1.000000, -0.999295, 0.009780, 0.036236, 0.010612, 0.037069, 0.105948, 0.993680, -0.123309, 0.005879, 0.994324, -0.106236, -0.030695, 0.000000, 0.000000, 0.000000, 1.000000
13.2706, 15.6190, -44.3990, 183.2741, 205.2741, -15.6190, 244.4725, 10.5109, -123.3551, -30.6456, 0.994868, 0.059887, -0.081558, 0.015619, -0.075486, 0.976034, -0.204108, -0.044399, 0.067380, 0.209217, 0.975545, 0.183274, 0.000000, 0.000000, 0.000000, 1.000000, 0.067380, 0.209217, 0.975545, 0.205274, -0.994868, -0.059887, 0.081558, -0.015619, 0.075486, -0.976034, 0.204108, 0.244472, 0.000000, 0.000000, 0.000000, 1.000000, -0.999417, 0.009642, 0.032753, 0.010511, 0.033625, 0.111427, 0.993204, -0.123355, 0.005927, 0.993726, -0.111687, -0.030646, 0.000000, 0.000000, 0.000000, 1.000000
13.4090, 15.5574, -44.4409, 183.3232, 205.3232, -15.5574, 244.5144, 10.2694, -123.3249, -30.6869, 0.995263, 0.059932, -0.076551, 0.015557, -0.074240, 0.976897, -0.200403, -0.044441, 0.062772, 0.205137, 0.976718, 0.183323, 0.000000, 0.000000, 0.000000, 1.000000, 0.062772, 0.205137, 0.976718, 0.205323, -0.995263, -0.059932, 0.076551, -0.015557, 0.074240, -0.976897, 0.200403, 0.244514, 0.000000, 0.000000, 0.000000, 1.000000, -0.999487, 0.010060, 0.030416, 0.010269, 0.031321, 0.107260, 0.993738, -0.123325, 0.006734, 0.994180, -0.107520, -0.030687, 0.000000, 0.000000, 0.000000, 1.000000
13.5299, 15.4082, -44.4234, 183.3231, 205.3231, -15.4082, 244.4968, 10.1593, -123.3426, -30.6806, 0.995491, 0.059928, -0.073523, 0.015408, -0.073907, 0.975922, -0.205218, -0.044423, 0.059454, 0.209726, 0.975951, 0.183323, 0.000000, 0.000000, 0.000000, 1.000000, 0.059454, 0.209726, 0.975951, 0.205323, -0.995491, -0.059928, 0.073523, -0.015408, 0.073907, -0.975922, 0.205218, 0.244497, 0.000000, 0.000000, 0.000000, 1.000000, -0.999524, 0.010081, 0.029142, 0.010159, 0.030088, 0.111898, 0.993264, -0.123343, 0.006753, 0.993669, -0.112148, -0.030681, 0.000000, 0.000000, 0.000000, 1.000000
13.6529, 15.2541, -44.4423, 183.3205, 205.3205, -15.2541, 244.5157, 10.0466, -123.3597, -30.7111, 0.995443, 0.060002, -0.074109, 0.015254, -0.073932, 0.976498, -0.202451, -0.044442, 0.060220, 0.207008, 0.976484, 0.183320, 0.000000, 0.000000, 0.000000, 1.000000, 0.060220, 0.207008, 0.976484, 0.205320, -0.995443, -0.060002, 0.074109, -0.015254, 0.073932, -0.976498, 0.202451, 0.244516, 0.000000, 0.000000, 0.000000, 1.000000, -0.999432, 0.010365, 0.032060, 0.010047, 0.033000, 0.109114, 0.993481, -0.123360, 0.006800, 0.993975, -0.109394, -0.030711, 0.000000, 0.000000, 0.000000, 1.000000
13.7865, 15.0776, -44.4399, 183.3889, 205.3889, -15.0776, 244.5134, 9.9333, -123.3093, -30.7151, 0.996430, 0.059517, -0.059875, 0.015078, -0.070575, 0.976448, -0.203884, -0.044440, 0.046330, 0.207382, 0.977162, 0.183389, 0.000000, 0.000000, 0.000000, 1.000000, 0.046330, 0.207382, 0.977162, 0.205389, -0.996430, -0.059517, 0.059875, -0.015078, 0.070575, -0.976448, 0.203884, 0.244513, 0.000000, 0.000000, 0.000000, 1.000000, -0.999737, 0.011090, 0.020061, 0.009933, 0.021156, 0.109482, 0.993764, -0.123309, 0.008824, 0.993927, -0.109688, -0.030715, 0.000000, 0.000000, 0.000000, 1.000000
13.9074, 15.0604, -44.4290, 183.3213, 205.3213, -15.0604, 244.5025, 9.6928, -123.3978, -30.7123, 0.995873, 0.059372, -0.068643, 0.015060, -0.072178, 0.976632, -0.202437, -0.044429, 0.055020, 0.206556, 0.976887, 0.183321, 0.000000, 0.000000, 0.000000, 1.000000, 0.055020, 0.206556, 0.976887, 0.205321, -0.995873, -0.059372, 0.068643, -0.015060, 0.072178, -0.976632, 0.202437, 0.244502, 0.000000, 0.000000, 0.000000, 1.000000, -0.999453, 0.011499, 0.031015, 0.009693, 0.032082, 0.108623, 0.993565, -0.123398, 0.008056, 0.994017, -0.108932, -0.030712, 0.000000, 0.000000, 0.000000, 1.000000
14.0392, 14.8230, -44.4158, 183.3076, 205.3076, -14.8230, 244.4892, 9.6467, -123.4281, -30.7182, 0.996519, 0.059644, -0.058242, 0.014823, -0.070320, 0.976646, -0.203022, -0.044416, 0.044773, 0.206410, 0.977441, 0.183308, 0.000000, 0.000000, 0.000000, 1.000000, 0.044773, 0.206410, 0.977441, 0.205308, -0.996519, -0.059644, 0.058242, -0.014823, 0.070320, -0.976646, 0.203022, 0.244489, 0.000000, 0.000000, 0.000000, 1.000000, -0.999672, 0.011481, 0.022877, 0.009647, 0.023988, 0.108443, 0.993813, -0.123428, 0.008929, 0.994036, -0.108682, -0.030718, 0.000000, 0.000000, 0.000000, 1.000000
14.1645, 14.7936, -44.4185, 183.1831, 205.1831, -14.7936, 244.4920, 9.4082, -123.5718, -30.7355, 0.995989, 0.059927, -0.066438, 0.014794, -0.072102, 0.977258, -0.199419, -0.044419, 0.052977, 0.203409, 0.977659, 0.183183, 0.000000, 0.000000, 0.000000, 1.000000, 0.052977, 0.203409, 0.977659, 0.205183, -0.995989, -0.059927, 0.066438, -0.014794, 0.072102, -0.977258, 0.199419, 0.244492, 0.000000, 0.000000, 0.000000, 1.000000, -0.999372, 0.011537, 0.033492, 0.009408, 0.034523, 0.105365, 0.993834, -0.123572, 0.007937, 0.994367, -0.105697, -0.030736, 0.000000, 0.000000, 0.000000, 1.000000
14.2857, 14.7309, -44.4015, 183.2270, 205.2270, -14.7309, 244.4750, 9.2098, -123.5479, -30.7190, 0.995901, 0.060230, -0.067482, 0.014731, -0.072697, 0.976902, -0.200943, -0.044402, 0.053820, 0.205025, 0.977276, 0.183227, 0.000000, 0.000000, 0.000000, 1.000000, 0.053820, 0.205025, 0.977276, 0.205227, -0.995901, -0.060230, 0.067482, -0.014731, 0.072697, -0.976902, 0.200943, 0.244475, 0.000000, 0.000000, 0.000000, 1.000000, -0.999268, 0.011404, 0.036526, 0.009210, 0.037538, 0.106975, 0.993553, -0.123548, 0.007423, 0.994196, -0.107325, -0.030719, 0.000000, 0.000000, 0.000000, 1.000000
14.3965, 14.5956, -44.3542, 183.1878, 205.1878, -14.5956, 244.4276, 9.1100, -123.6063, -30.6860, 0.996067, 0.060124, -0.065081, 0.014596, -0.072445, 0.975540, -0.207541, -0.044354, 0.051010, 0.211440, 0.976059, 0.183188, 0.000000, 0.000000, 0.000000, 1.000000, 0.051010, 0.211440, 0.976059, 0.205188, -0.996067, -0.060124, 0.065081, -0.014596, 0.072445, -0.975540, 0.207541, 0.244428, 0.000000, 0.000000, 0.000000, 1.000000, -0.999301, 0.011525, 0.035566, 0.009110, 0.036645, 0.113471, 0.992865, -0.123606, 0.007407, 0.993474, -0.113814, -0.030686, 0.000000, 0.000000, 0.000000, 1.000000
14.5204, 14.5346, -44.3152, 183.1533, 205.1533, -14.5346, 244.3887, 8.9067, -123.6627, -30.6553, 0.996010, 0.059622, -0.066398, 0.014535, -0.072480, 0.974547, -0.212145, -0.044315, 0.052060, 0.216111, 0.974980, 0.183153, 0.000000, 0.000000, 0.000000, 1.000000, 0.052060, 0.216111, 0.974980, 0.205153, -0.996010, -0.059622, 0.066398, -0.014535, 0.072480, -0.974547, 0.212145, 0.244389, 0.000000, 0.000000, 0.000000, 1.000000, -0.999178, 0.012140, 0.038689, 0.008907, 0.039855, 0.118201, 0.992190, -0.123663, 0.007473, 0.992915, -0.118588, -0.030655, 0.000000, 0.000000, 0.000000, 1.000000
14.6254, 14.3108, -44.3316, 183.2067, 205.2067, -14.3108, 244.4051, 8.9014, -123.6201, -30.6829, 0.996346, 0.060451, -0.060333, 0.014311, -0.071714, 0.975796, -0.206589, -0.044332, 0.046384, 0.210161, 0.976566, 0.183207, 0.000000, 0.000000, 0.000000, 1.000000, 0.046384, 0.210161, 0.976566, 0.205207, -0.996346, -0.060451, 0.060333, -0.014311, 0.071714, -0.975796, 0.206589, 0.244405, 0.000000, 0.000000, 0.000000, 1.000000, -0.999324, 0.011684, 0.034866, 0.008901, 0.035958, 0.112121, 0.993044, -0.123620, 0.007693, 0.993626, -0.112465, -0.030683, 0.000000, 0.000000, 0.000000, 1.000000
14.7678, 14.2064, -44.3310, 183.2967, 205.2967, -14.2064, 244.4044, 8.6977, -123.5509, -30.6812, 0.996707, 0.060161, -0.054375, 0.014206, -0.070403, 0.974716, -0.212067, -0.044331, 0.040242, 0.215197, 0.975741, 0.183297, 0.000000, 0.000000, 0.000000, 1.000000, 0.040242, 0.215197, 0.975741, 0.205297, -0.996707, -0.060161, 0.054375, -0.014206, 0.070403, -0.974716, 0.212067, 0.244404, 0.000000, 0.000000, 0.000000, 1.000000, -0.999446, 0.012133, 0.030985, 0.008698, 0.032196, 0.117213, 0.992585, -0.123551, 0.008411, 0.993033, -0.117539, -0.030681, 0.000000, 0.000000, 0.000000, 1.000000
14.8860, 14.1554, -44.3145, 183.2957, 205.2957, -14.1554, 244.3879, 8.4948, -123.5705, -30.6686, 0.996763, 0.059837, -0.053694, 0.014155, -0.069923, 0.974838, -0.211662, -0.044314, 0.039678, 0.214732, 0.975867, 0.183296, 0.000000, 0.000000, 0.000000, 1.000000, 0.039678, 0.214732, 0.975867, 0.205296, -0.996763, -0.059837, 0.053694, -0.014155, 0.069923, -0.974838, 0.211662, 0.244388, 0.000000, 0.000000, 0.000000, 1.000000, -0.999395, 0.012709, 0.032384, 0.008495, 0.033648, 0.116717, 0.992595, -0.123571, 0.008835, 0.993084, -0.117074, -0.030669, 0.000000, 0.000000, 0.000000, 1.000000
15.0179, 14.0032, -44.3246, 183.2085, 205.2085, -14.0032, 244.3981, 8.3618, -123.6739, -30.6987, 0.996991, 0.059922, -0.049173, 0.014003, -0.068766, 0.976490, -0.204299, -0.044325, 0.035775, 0.207066, 0.977673, 0.183208, 0.000000, 0.000000, 0.000000, 1.000000, 0.035775, 0.207066, 0.977673, 0.205208, -0.996991, -0.059922, 0.049173, -0.014003, 0.068766, -0.976490, 0.204299, 0.244398, 0.000000, 0.000000, 0.000000, 1.000000, -0.999443, 0.013041, 0.030708, 0.008362, 0.031947, 0.108895, 0.993540, -0.123674, 0.009613, 0.993968, -0.109251, -0.030699, 0.000000, 0.000000, 0.000000, 1.000000
15.1264, 13.9507, -44.2704, 183.2374, 205.2374, -13.9507, 244.3438, 8.1839, -123.6657, -30.6459, 0.996725, 0.059831, -0.054398, 0.013951, -0.070040, 0.974980, -0.210970, -0.044270, 0.040415, 0.214089, 0.975978, 0.183237, 0.000000, 0.000000, 0.000000, 1.000000, 0.040415, 0.214089, 0.975978, 0.205237, -0.996725, -0.059831, 0.054398, -0.013951, 0.070040, -0.974980, 0.210970, 0.244344, 0.000000, 0.000000, 0.000000, 1.000000, -0.999217, 0.013216, 0.037302, 0.008184, 0.038586, 0.116009, 0.992498, -0.123666, 0.008790, 0.993160, -0.116428, -0.030646, 0.000000, 0.000000, 0.000000, 1.000000
15.2486, 13.7665, -44.2755, 183.1765, 205.1765, -13.7665, 244.3490, 8.1034, -123.7417, -30.6708, 0.996763, 0.060949, -0.052430, 0.013767, -0.070580, 0.975658, -0.207630, -0.044276, 0.038499, 0.210658, 0.976801, 0.183177, 0.000000, 0.000000, 0.000000, 1.000000, 0.038499, 0.210658, 0.976801, 0.205177, -0.996763, -0.060949, 0.052430, -0.013767, 0.070580, -0.975658, 0.207630, 0.244349, 0.000000, 0.000000, 0.000000, 1.000000, -0.999212, 0.012396, 0.037706, 0.008103, 0.038863, 0.112492, 0.992892, -0.123742, 0.008066, 0.993575, -0.112886, -0.030671, 0.000000, 0.000000, 0.000000, 1.000000
15.3721, 13.6514, -44.3108, 183.2319, 205.2319, -13.6514, 244.3843, 7.9490, -123.6998, -30.7089, 0.997208, 0.059973, -0.044497, 0.013651, -0.068019, 0.975390, -0.209734, -0.044311, 0.030823, 0.212175, 0.976746, 0.183232, 0.000000, 0.000000, 0.000000, 1.000000, 0.030823, 0.212175, 0.976746, 0.205232, -0.997208, -0.059973, 0.044497, -0.013651, 0.068019, -0.975390, 0.209734, 0.244384, 0.000000, 0.000000, 0.000000, 1.000000, -0.999402, 0.013597, 0.031778, 0.007949, 0.033123, 0.114005, 0.992928, -0.123700, 0.009878, 0.993387, -0.114387, -0.030709, 0.000000, 0.000000, 0.000000, 1.000000
15.4846, 13.6071, -44.2678, 183.2178, 205.2178, -13.6071, 244.3412, 7.7533, -123.7328, -30.6714, 0.996790, 0.060056, -0.052940, 0.013607, -0.070040, 0.974475, -0.213292, -0.044268, 0.038779, 0.216315, 0.975553, 0.183218, 0.000000, 0.000000, 0.000000, 1.000000, 0.038779, 0.216315, 0.975553, 0.205218, -0.996790, -0.060056, 0.052940, -0.013607, 0.070040, -0.974475, 0.213292, 0.244341, 0.000000, 0.000000, 0.000000, 1.000000, -0.999029, 0.013691, 0.041876, 0.007753, 0.043203, 0.118185, 0.992051, -0.123733, 0.008633, 0.992897, -0.118662, -0.030671, 0.000000, 0.000000, 0.000000, 1.000000
15.6006, 13.4645, -44.3328, 183.2733, 205.2733, -13.4645, 244.4063, 7.6405, -123.6864, -30.7410, 0.997372, 0.059836, -0.040847, 0.013465, -0.067031, 0.976065, -0.206894, -0.044333, 0.027489, 0.209088, 0.977510, 0.183273, 0.000000, 0.000000, 0.000000, 1.000000, 0.027489, 0.209088, 0.977510, 0.205273, -0.997372, -0.059836, 0.040847, -0.013465, 0.067031, -0.976065, 0.206894, 0.244406, 0.000000, 0.000000, 0.000000, 1.000000, -0.999377, 0.014217, 0.032314, 0.007640, 0.033693, 0.110808, 0.993271, -0.123686, 0.010541, 0.993740, -0.111218, -0.030741, 0.000000, 0.000000, 0.000000, 1.000000
15.7083, 13.3563, -44.3098, 183.2841, 205.2841, -13.3563, 244.3832, 7.5178, -123.6924, -30.7252, 0.997414, 0.060090, -0.039428, 0.013356, -0.067050, 0.975523, -0.209427, -0.044310, 0.025878, 0.211529, 0.977029, 0.183284, 0.000000, 0.000000, 0.000000, 1.000000, 0.025878, 0.211529, 0.977029, 0.205284, -0.997414, -0.060090, 0.039428, -0.013356, 0.067050, -0.975523, 0.209427, 0.244383, 0.000000, 0.000000, 0.000000, 1.000000, -0.999369, 0.014153, 0.032573, 0.007518, 0.033969, 0.113264, 0.992984, -0.123692, 0.010364, 0.993464, -0.113673, -0.030725, 0.000000, 0.000000, 0.000000, 1.000000
15.8410, 13.3275, -44.2565, 183.2377, 205.2377, -13.3275, 244.3299, 7.2634, -123.7610, -30.6790, 0.997142, 0.060065, -0.045822, 0.013328, -0.068471, 0.974829, -0.212178, -0.044256, 0.031925, 0.214709, 0.976156, 0.183238, 0.000000, 0.000000, 0.000000, 1.000000, 0.031925, 0.214709, 0.976156, 0.205238, -0.997142, -0.060065, 0.045822, -0.013328, 0.068471, -0.974829, 0.212178, 0.244330, 0.000000, 0.000000, 0.000000, 1.000000, -0.999053, 0.014426, 0.041037, 0.007263, 0.042441, 0.116464, 0.992288, -0.123761, 0.009535, 0.993090, -0.116966, -0.030679, 0.000000, 0.000000, 0.000000, 1.000000
15.9486, 13.0964, -44.2913, 183.2843, 205.2843, -13.0964, 244.3647, 7.2593, -123.7259, -30.7261, 0.997586, 0.059942, -0.035065, 0.013096, -0.066008, 0.975340, -0.210607, -0.044291, 0.021577, 0.212413, 0.976942, 0.183284, 0.000000, 0.000000, 0.000000, 1.000000, 0.021577, 0.212413, 0.976942, 0.205284, -0.997586, -0.059942, 0.035065, -0.013096, 0.066008, -0.975340, 0.210607, 0.244365, 0.000000, 0.000000, 0.000000, 1.000000, -0.999369, 0.014774, 0.032301, 0.007259, 0.033779, 0.114101, 0.992895, -0.123726, 0.010984, 0.993359, -0.114528, -0.030726, 0.000000, 0.000000, 0.000000, 1.000000
16.0646, 13.0107, -44.3186, 183.2497, 205.2497, -13.0107, 244.3921, 7.0917, -123.7728, -30.7631, 0.997673, 0.060109, -0.032184, 0.013011, -0.065491, 0.976132, -0.207070, -0.044319, 0.018969, 0.208696, 0.977797, 0.183250, 0.000000, 0.000000, 0.000000, 1.000000, 0.018969, 0.208696, 0.977797, 0.205250, -0.997673, -0.060109, 0.032184, -0.013011, 0.065491, -0.976132, 0.207070, 0.244392, 0.000000, 0.000000, 0.000000, 1.000000, -0.999387, 0.014840, 0.031710, 0.007092, 0.033157, 0.110295, 0.993346, -0.123773, 0.011244, 0.993788, -0.110719, -0.030763, 0.000000, 0.000000, 0.000000, 1.000000
16.1864, 12.9034, -44.3117, 183.2940, 205.2940, -12.9034, 244.3852, 6.9370, -123.7452, -30.7599, 0.997712, 0.060544, -0.030079, 0.012903, -0.065401, 0.977062, -0.202662, -0.044312, 0.017119, 0.204166, 0.978787, 0.183294, 0.000000, 0.000000, 0.000000, 1.000000, 0.017119, 0.204166, 0.978787, 0.205294, -0.997712, -0.060544, 0.030079, -0.012903, 0.065401, -0.977062, 0.202662, 0.244385, 0.000000, 0.000000, 0.000000, 1.000000, -0.999379, 0.014630, 0.032062, 0.006937, 0.033431, 0.105666, 0.993840, -0.123745, 0.011152, 0.994294, -0.106090, -0.030760, 0.000000, 0.000000, 0.000000, 1.000000
16.2923, 12.8140, -44.2677, 183.3908, 205.3908, -12.8140, 244.3411, 6.8025, -123.6670, -30.7132, 0.997795, 0.060263, -0.027801, 0.012814, -0.064799, 0.975130, -0.211949, -0.044268, 0.014337, 0.213283, 0.976885, 0.183391, 0.000000, 0.000000, 0.000000, 1.000000, 0.014337, 0.213283, 0.976885, 0.205391, -0.997795, -0.060263, 0.027801, -0.012814, 0.064799, -0.975130, 0.211949, 0.244341, 0.000000, 0.000000, 0.000000, 1.000000, -0.999407, 0.015140, 0.030913, 0.006802, 0.032450, 0.114900, 0.992847, -0.123667, 0.011479, 0.993262, -0.115324, -0.030713, 0.000000, 0.000000, 0.000000, 1.000000
16.4048, 12.7479, -44.1995, 183.2930, 205.2930, -12.7479, 244.2730, 6.6284, -123.7852, -30.6602, 0.997722, 0.060086, -0.030670, 0.012748, -0.065327, 0.973983, -0.217001, -0.044200, 0.016834, 0.218510, 0.975690, 0.183293, 0.000000, 0.000000, 0.000000, 1.000000, 0.016834, 0.218510, 0.975690, 0.205293, -0.997722, -0.060086, 0.030670, -0.012748, 0.065327, -0.973983, 0.217001, 0.244273, 0.000000, 0.000000, 0.000000, 1.000000, -0.999254, 0.015568, 0.035331, 0.006628, 0.036949, 0.120183, 0.992064, -0.123785, 0.011198, 0.992630, -0.120669, -0.030660, 0.000000, 0.000000, 0.000000, 1.000000
16.5226, 12.6421, -44.1648, 183.2558, 205.2558, -12.6421, 244.2382, 6.4811, -123.8407, -30.6373, 0.997692, 0.060791, -0.030265, 0.012642, -0.065934, 0.973847, -0.217430, -0.044165, 0.016256, 0.218923, 0.975607, 0.183256, 0.000000, 0.000000, 0.000000, 1.000000, 0.016256, 0.218923, 0.975607, 0.205256, -0.997692, -0.060791, 0.030265, -0.012642, 0.065934, -0.973847, 0.217430, 0.244238, 0.000000, 0.000000, 0.000000, 1.000000, -0.999203, 0.015112, 0.036933, 0.006481, 0.038489, 0.120587, 0.991956, -0.123841, 0.010537, 0.992588, -0.121073, -0.030637, 0.000000, 0.000000, 0.000000, 1.000000
16.6478, 12.5189, -44.2115, 183.3547, 205.3547, -12.5189, 244.2850, 6.3324, -123.7536, -30.6831, 0.997998, 0.060137, -0.019596, 0.012519, -0.062950, 0.974482, -0.215459, -0.044212, 0.006139, 0.216261, 0.976316, 0.183355, 0.000000, 0.000000, 0.000000, 1.000000, 0.006139, 0.216261, 0.976316, 0.205355, -0.997998, -0.060137, 0.019596, -0.012519, 0.062950, -0.974482, 0.215459, 0.244285, 0.000000, 0.000000, 0.000000, 1.000000, -0.999462, 0.016006, 0.028624, 0.006332, 0.030313, 0.117830, 0.992571, -0.123754, 0.012515, 0.992905, -0.118252, -0.030683, 0.000000, 0.000000, 0.000000, 1.000000
16.7616, 12.3152, -44.2631, 183.3377, 205.3377, -12.3152, 244.3366, 6.2854, -123.7818, -30.7511, 0.998055, 0.060349, -0.015607, 0.012315, -0.062273, 0.976430, -0.206653, -0.044263, 0.002768, 0.207224, 0.978290, 0.183338, 0.000000, 0.000000, 0.000000, 1.000000, 0.002768, 0.207224, 0.978290, 0.205338, -0.998055, -0.060349, 0.015607, -0.012315, 0.062273, -0.976430, 0.206653, 0.244337, 0.000000, 0.000000, 0.000000, 1.000000, -0.999500, 0.015923, 0.027308, 0.006285, 0.028879, 0.108616, 0.993664, -0.123782, 0.012856, 0.993956, -0.109021, -0.030751, 0.000000, 0.000000, 0.000000, 1.000000
16.8688, 12.2724, -44.2249, 183.2912, 205.2912, -12.2724, 244.2984, 6.0978, -123.8443, -30.7211, 0.997955, 0.059748, -0.022719, 0.012272, -0.063183, 0.975892, -0.208909, -0.044225, 0.009690, 0.209918, 0.977671, 0.183291, 0.000000, 0.000000, 0.000000, 1.000000, 0.009690, 0.209918, 0.977671, 0.205291, -0.997955, -0.059748, 0.022719, -0.012272, 0.063183, -0.975892, 0.208909, 0.244298, 0.000000, 0.000000, 0.000000, 1.000000, -0.999208, 0.016765, 0.036078, 0.006098, 0.037723, 0.111307, 0.993070, -0.123844, 0.012633, 0.993645, -0.111851, -0.030721, 0.000000, 0.000000, 0.000000, 1.000000
17.0077, 12.2448, -44.1364, 183.1512, 205.1512, -12.2448, 244.2098, 5.8271, -124.0076, -30.6491, 0.997403, 0.059702, -0.040287, 0.012245, -0.067060, 0.973849, -0.217075, -0.044136, 0.026274, 0.219213, 0.975323, 0.183151, 0.000000, 0.000000, 0.000000, 1.000000, 0.026274, 0.219213, 0.975323, 0.205151, -0.997403, -0.059702, 0.040287, -0.012245, 0.067060, -0.973849, 0.217075, 0.244210, 0.000000, 0.000000, 0.000000, 1.000000, -0.998319, 0.017228, 0.055339, 0.005827, 0.057019, 0.120716, 0.991048, -0.124008, 0.010393, 0.992538, -0.121496, -0.030649, 0.000000, 0.000000, 0.000000, 1.000000
17.1325, 12.1297, -44.1408, 183.0973, 205.0973, -12.1297, 244.2142, 5.6696, -124.0762, -30.6674, 0.997638, 0.059961, -0.033523, 0.012130, -0.065664, 0.975718, -0.208956, -0.044141, 0.020179, 0.210664, 0.977350, 0.183097, 0.000000, 0.000000, 0.000000, 1.000000, 0.020179, 0.210664, 0.977350, 0.205097, -0.997638, -0.059961, 0.033523, -0.012130, 0.065664, -0.975718, 0.208956, 0.244214, 0.000000, 0.000000, 0.000000, 1.000000, -0.998532, 0.017078, 0.051402, 0.005670, 0.052997, 0.111994, 0.992295, -0.124076, 0.011190, 0.993562, -0.112734, -0.030667, 0.000000, 0.000000, 0.000000, 1.000000
17.2455, 12.0457, -44.1506, 183.1390, 205.1390, -12.0457, 244.2240, 5.5095, -124.0470, -30.6793, 0.997752, 0.060088, -0.029668, 0.012046, -0.064992, 0.975563, -0.209886, -0.044151, 0.016332, 0.211343, 0.977276, 0.183139, 0.000000, 0.000000, 0.000000, 1.000000, 0.016332, 0.211343, 0.977276, 0.205139, -0.997752, -0.060088, 0.029668, -0.012046, 0.064992, -0.975563, 0.209886, 0.244224, 0.000000, 0.000000, 0.000000, 1.000000, -0.998629, 0.017185, 0.049447, 0.005510, 0.051073, 0.112654, 0.992321, -0.124047, 0.011483, 0.993486, -0.113378, -0.030679, 0.000000, 0.000000, 0.000000, 1.000000
17.3773, 11.8585, -44.2018, 183.2145, 205.2145, -11.8585, 244.2753, 5.4098, -123.9842, -30.7371, 0.997774, 0.059589, -0.029947, 0.011858, -0.064528, 0.976040, -0.207805, -0.044202, 0.016847, 0.209275, 0.977712, 0.183215, 0.000000, 0.000000, 0.000000, 1.000000, 0.016847, 0.209275, 0.977712, 0.205215, -0.997774, -0.059589, 0.029947, -0.011858, 0.064528, -0.976040, 0.207805, 0.244275, 0.000000, 0.000000, 0.000000, 1.000000, -0.998478, 0.017898, 0.052173, 0.005410, 0.053837, 0.110490, 0.992418, -0.123984, 0.011997, 0.993716, -0.111286, -0.030737, 0.000000, 0.000000, 0.000000, 1.000000
17.5109, 11.7335, -44.2263, 183.2727, 205.2727, -11.7335, 244.2998, 5.2459, -123.9402, -30.7649, 0.998078, 0.059704, -0.016599, 0.011733, -0.061834, 0.977170, -0.203262, -0.044226, 0.004084, 0.203898, 0.978984, 0.183273, 0.000000, 0.000000, 0.000000, 1.000000, 0.004084, 0.203898, 0.978984, 0.205273, -0.998078, -0.059704, 0.016599, -0.011733, 0.061834, -0.977170, 0.203262, 0.244300, 0.000000, 0.000000, 0.000000, 1.000000, -0.998976, 0.017904, 0.041556, 0.005246, 0.043211, 0.104991, 0.993534, -0.123940, 0.013425, 0.994312, -0.105657, -0.030765, 0.000000, 0.000000, 0.000000, 1.000000
17.6370, 11.6553, -44.1343, 183.2942, 205.2942, -11.6553, 244.2078, 5.0584, -123.9423, -30.6773, 0.998020, 0.059563, -0.020212, 0.011655, -0.062550, 0.973660, -0.219258, -0.044134, 0.006620, 0.220088, 0.975458, 0.183294, 0.000000, 0.000000, 0.000000, 1.000000, 0.006620, 0.220088, 0.975458, 0.205294, -0.998020, -0.059563, 0.020212, -0.011655, 0.062550, -0.973660, 0.219258, 0.244208, 0.000000, 0.000000, 0.000000, 1.000000, -0.998763, 0.018715, 0.046065, 0.005058, 0.048002, 0.121401, 0.991442, -0.123942, 0.012962, 0.992427, -0.122149, -0.030677, 0.000000, 0.000000, 0.000000, 1.000000
17.7614, 11.4093, -44.1489, 183.3464, 205.3464, -11.4093, 244.2224, 5.0358, -123.9088, -30.7050, 0.998155, 0.060244, -0.007616, 0.011409, -0.060484, 0.975244, -0.212700, -0.044149, -0.005386, 0.212768, 0.977088, 0.183346, 0.000000, 0.000000, 0.000000, 1.000000, -0.005386, 0.212768, 0.977088, 0.205346, -0.998155, -0.060244, 0.007616, -0.011409, 0.060484, -0.975244, 0.212700, 0.244222, 0.000000, 0.000000, 0.000000, 1.000000, -0.999181, 0.018084, 0.036199, 0.005036, 0.038028, 0.113947, 0.992759, -0.123909, 0.013829, 0.993322, -0.114541, -0.030705, 0.000000, 0.000000, 0.000000, 1.000000
17.8954, 11.3042, -44.1159, 183.4017, 205.4017, -11.3042, 244.1894, 4.8555, -123.8728, -30.6745, 0.998181, 0.060280, 0.000510, 0.011304, -0.058661, 0.973253, -0.222120, -0.044116, -0.013886, 0.221686, 0.975019, 0.183402, 0.000000, 0.000000, 0.000000, 1.000000, -0.013886, 0.221686, 0.975019, 0.205402, -0.998181, -0.060280, -0.000510, -0.011304, 0.058661, -0.973253, 0.222120, 0.244189, 0.000000, 0.000000, 0.000000, 1.000000, -0.999387, 0.018594, 0.029666, 0.004856, 0.031731, 0.122974, 0.991903, -0.123873, 0.014795, 0.992236, -0.123488, -0.030675, 0.000000, 0.000000, 0.000000, 1.000000
18.0110, 11.2179, -44.0941, 183.4472, 205.4472, -11.2179, 244.1676, 4.6954, -123.8429, -30.6548, 0.998196, 0.060030, -0.000938, 0.011218, -0.058653, 0.971730, -0.228694, -0.044094, -0.012817, 0.228337, 0.973498, 0.183447, 0.000000, 0.000000, 0.000000, 1.000000, -0.012817, 0.228337, 0.973498, 0.205447, -0.998196, -0.060030, 0.000938, -0.011218, 0.058653, -0.971730, 0.228694, 0.244168, 0.000000, 0.000000, 0.000000, 1.000000, -0.999283, 0.019310, 0.032575, 0.004695, 0.034810, 0.129692, 0.990943, -0.123843, 0.014911, 0.991366, -0.130271, -0.030655, 0.000000, 0.000000, 0.000000, 1.000000
18.1406, 11.1723, -44.0997, 183.3917, 205.3917, -11.1723, 244.1732, 4.4574, -123.9098, -30.6693, 0.998062, 0.061138, -0.011610, 0.011172, -0.062180, 0.972179, -0.225837, -0.044100, -0.002520, 0.226121, 0.974096, 0.183392, 0.000000, 0.000000, 0.000000, 1.000000, -0.002520, 0.226121, 0.974096, 0.205392, -0.998062, -0.061138, 0.011610, -0.011172, 0.062180, -0.972179, 0.225837, 0.244173, 0.000000, 0.000000, 0.000000, 1.000000, -0.998786, 0.018417, 0.045679, 0.004457, 0.047659, 0.127448, 0.990700, -0.123910, 0.012424, 0.991674, -0.128171, -0.030669, 0.000000, 0.000000, 0.000000, 1.000000
18.2479, 10.9786, -44.0156, 183.4064, 205.4064, -10.9786, 244.0891, 4.4250, -123.9208, -30.5988, 0.998148, 0.060775, -0.002727, 0.010979, -0.059674, 0.969368, -0.238255, -0.044016, -0.011836, 0.237976, 0.971199, 0.183406, 0.000000, 0.000000, 0.000000, 1.000000, -0.011836, 0.237976, 0.971199, 0.205406, -0.998148, -0.060775, 0.002727, -0.010979, 0.059674, -0.969368, 0.238255, 0.244089, 0.000000, 0.000000, 0.000000, 1.000000, -0.999101, 0.019451, 0.037668, 0.004425, 0.040018, 0.139465, 0.989418, -0.123921, 0.013992, 0.990036, -0.140118, -0.030599, 0.000000, 0.000000, 0.000000, 1.000000
18.3586, 10.7992, -44.1139, 183.4308, 205.4308, -10.7992, 244.1873, 4.3588, -123.9033, -30.7072, 0.998102, 0.060620, 0.010803, 0.010799, -0.056720, 0.973429, -0.221852, -0.044114, -0.023964, 0.220819, 0.975020, 0.183431, 0.000000, 0.000000, 0.000000, 1.000000, -0.023964, 0.220819, 0.975020, 0.205431, -0.998102, -0.060620, -0.010803, -0.010799, 0.056720, -0.973429, 0.221852, 0.244187, 0.000000, 0.000000, 0.000000, 1.000000, -0.999439, 0.019214, 0.027450, 0.004359, 0.029593, 0.121955, 0.992094, -0.123903, 0.015715, 0.992350, -0.122455, -0.030707, 0.000000, 0.000000, 0.000000, 1.000000
18.4838, 10.8356, -44.0652, 183.3542, 205.3542, -10.8356, 244.1386, 4.0506, -123.9919, -30.6638, 0.998091, 0.061357, -0.007107, 0.010836, -0.061358, 0.971686, -0.228171, -0.044065, -0.007094, 0.228172, 0.973595, 0.183354, 0.000000, 0.000000, 0.000000, 1.000000, -0.007094, 0.228172, 0.973595, 0.205354, -0.998091, -0.061357, 0.007107, -0.010836, 0.061358, -0.971686, 0.228171, 0.244139, 0.000000, 0.000000, 0.000000, 1.000000, -0.998716, 0.019046, 0.046938, 0.004051, 0.049014, 0.129434, 0.990376, -0.123992, 0.012788, 0.991405, -0.130202, -0.030664, 0.000000, 0.000000, 0.000000, 1.000000
18.6034, 10.6259, -44.0153, 183.4762, 205.4762, -10.6259, 244.0888, 4.0115, -123.8949, -30.6179, 0.997957, 0.060939, 0.019200, 0.010626, -0.054462, 0.968475, -0.243083, -0.044015, -0.033408, 0.241541, 0.969815, 0.183476, 0.000000, 0.000000, 0.000000, 1.000000, -0.033408, 0.241541, 0.969815, 0.205476, -0.997957, -0.060939, -0.019200, -0.010626, 0.054462, -0.968475, 0.243083, 0.244089, 0.000000, 0.000000, 0.000000, 1.000000, -0.999561, 0.020303, 0.021555, 0.004011, 0.024241, 0.142984, 0.989428, -0.123895, 0.017006, 0.989517, -0.143413, -0.030618, 0.000000, 0.000000, 0.000000, 1.000000
18.7124, 10.6227, -44.0097, 183.3533, 205.3533, -10.6227, 244.0832, 3.7719, -124.0252, -30.6247, 0.998158, 0.060630, -0.002058, 0.010623, -0.059396, 0.969823, -0.236465, -0.044010, -0.012341, 0.236152, 0.971638, 0.183353, 0.000000, 0.000000, 0.000000, 1.000000, -0.012341, 0.236152, 0.971638, 0.205353, -0.998158, -0.060630, 0.002058, -0.010623, 0.059396, -0.969823, 0.236465, 0.244083, 0.000000, 0.000000, 0.000000, 1.000000, -0.998766, 0.020646, 0.045171, 0.003772, 0.047586, 0.137437, 0.989367, -0.124025, 0.014218, 0.990295, -0.138250, -0.030625, 0.000000, 0.000000, 0.000000, 1.000000
18.8319, 10.6070, -44.0702, 183.3398, 205.3398, -10.6070, 244.1437, 3.5238, -124.0407, -30.6873, 0.998057, 0.060778, -0.013728, 0.010607, -0.062307, 0.971862, -0.227161, -0.044070, -0.000465, 0.227575, 0.973760, 0.183340, 0.000000, 0.000000, 0.000000, 1.000000, -0.000465, 0.227575, 0.973760, 0.205340, -0.998057, -0.060778, 0.013728, -0.010607, 0.062307, -0.971862, 0.227161, 0.244144, 0.000000, 0.000000, 0.000000, 1.000000, -0.998013, 0.020383, 0.059625, 0.003524, 0.061760, 0.128673, 0.989762, -0.124041, 0.012502, 0.991478, -0.129676, -0.030687, 0.000000, 0.000000, 0.000000, 1.000000
18.9637, 10.3360, -43.9947, 183.4644, 205.4644, -10.3360, 244.0682, 3.5214, -123.9484, -30.6202, 0.998119, 0.061301, 0.000115, 0.010336, -0.059483, 0.968969, -0.239919, -0.043995, -0.014818, 0.239461, 0.970793, 0.183464, 0.000000, 0.000000, 0.000000, 1.000000, -0.014818, 0.239461, 0.970793, 0.205464, -0.998119, -0.061301, -0.000115, -0.010336, 0.059483, -0.968969, 0.239919, 0.244068, 0.000000, 0.000000, 0.000000, 1.000000, -0.998677, 0.020739, 0.047057, 0.003521, 0.049515, 0.140758, 0.988805, -0.123948, 0.013883, 0.989827, -0.141598, -0.030620, 0.000000, 0.000000, 0.000000, 1.000000
19.0806, 10.3476, -44.0176, 183.3521, 205.3521, -10.3476, 244.0911, 3.2479, -124.0637, -30.6532, 0.997980, 0.060894, -0.018124, 0.010348, -0.063438, 0.970724, -0.231667, -0.044018, 0.003487, 0.232349, 0.972626, 0.183352, 0.000000, 0.000000, 0.000000, 1.000000, 0.003487, 0.232349, 0.972626, 0.205352, -0.997980, -0.060894, 0.018124, -0.010348, 0.063438, -0.970724, 0.231667, 0.244091, 0.000000, 0.000000, 0.000000, 1.000000, -0.997469, 0.021071, 0.067914, 0.003248, 0.070127, 0.133448, 0.988572, -0.124064, 0.011767, 0.990832, -0.134587, -0.030653, 0.000000, 0.000000, 0.000000, 1.000000
19.1971, 10.3015, -43.9418, 183.3492, 205.3492, -10.3015, 244.0153, 3.0465, -124.0837, -30.5817, 0.997972, 0.061217, -0.017417, 0.010301, -0.063612, 0.968446, -0.240970, -0.043942, 0.002116, 0.241590, 0.970376, 0.183349, 0.000000, 0.000000, 0.000000, 1.000000, 0.002116, 0.241590, 0.970376, 0.205349, -0.997972, -0.061217, 0.017417, -0.010301, 0.063612, -0.968446, 0.240970, 0.244015, 0.000000, 0.000000, 0.000000, 1.000000, -0.997424, 0.021507, 0.068433, 0.003047, 0.070812, 0.142835, 0.987210, -0.124084, 0.011458, 0.989513, -0.143990, -0.030582, 0.000000, 0.000000, 0.000000, 1.000000
19.3166, 10.1213, -43.9989, 183.3388, 205.3388, -10.1213, 244.0723, 2.9624, -124.1058, -30.6528, 0.998145, 0.060806, -0.003109, 0.010121, -0.059849, 0.970472, -0.233670, -0.043999, -0.011191, 0.233423, 0.972311, 0.183339, 0.000000, 0.000000, 0.000000, 1.000000, -0.011191, 0.233423, 0.972311, 0.205339, -0.998145, -0.060806, 0.003109, -0.010121, 0.059849, -0.970472, 0.233670, 0.244072, 0.000000, 0.000000, 0.000000, 1.000000, -0.998143, 0.021767, 0.056885, 0.002962, 0.059304, 0.134446, 0.989145, -0.124106, 0.013882, 0.990682, -0.135488, -0.030653, 0.000000, 0.000000, 0.000000, 1.000000
19.4436, 10.1002, -43.9474, 183.2317, 205.2317, -10.1002, 244.0208, 2.7038, -124.2251, -30.6139, 0.997928, 0.060750, -0.021179, 0.010100, -0.064000, 0.970987, -0.230410, -0.043947, 0.006568, 0.231288, 0.972863, 0.183232, 0.000000, 0.000000, 0.000000, 1.000000, 0.006568, 0.231288, 0.972863, 0.205232, -0.997928, -0.060750, 0.021179, -0.010100, 0.064000, -0.970987, 0.230410, 0.244021, 0.000000, 0.000000, 0.000000, 1.000000, -0.996764, 0.021998, 0.077318, 0.002704, 0.079558, 0.132222, 0.988022, -0.124225, 0.011512, 0.990976, -0.133544, -0.030614, 0.000000, 0.000000, 0.000000, 1.000000
19.5693, 9.9047, -43.9017, 183.4226, 205.4226, -9.9047, 243.9752, 2.6434, -124.0595, -30.5642, 0.998127, 0.061071, -0.003457, 0.009905, -0.060060, 0.967759, -0.244611, -0.043902, -0.011593, 0.244361, 0.969615, 0.183423, 0.000000, 0.000000, 0.000000, 1.000000, -0.011593, 0.244361, 0.969615, 0.205423, -0.998127, -0.061071, 0.003457, -0.009905, 0.060060, -0.967759, 0.244611, 0.243975, 0.000000, 0.000000, 0.000000, 1.000000, -0.997900, 0.022745, 0.060654, 0.002643, 0.063328, 0.145503, 0.987329, -0.124059, 0.013632, 0.989096, -0.146638, -0.030564, 0.000000, 0.000000, 0.000000, 1.000000
19.6967, 9.7742, -43.9391, 183.4232, 205.4232, -9.7742, 244.0125, 2.4948, -124.0699, -30.6109, 0.998111, 0.061318, -0.003820, 0.009774, -0.060455, 0.969195, -0.238760, -0.043939, -0.010938, 0.238540, 0.971071, 0.183423, 0.000000, 0.000000, 0.000000, 1.000000, -0.010938, 0.238540, 0.971071, 0.205423, -0.998111, -0.061318, 0.003820, -0.009774, 0.060455, -0.969195, 0.238760, 0.244013, 0.000000, 0.000000, 0.000000, 1.000000, -0.997715, 0.022464, 0.063717, 0.002495, 0.066238, 0.139546, 0.987998, -0.124070, 0.013303, 0.989961, -0.140715, -0.030611, 0.000000, 0.000000, 0.000000, 1.000000
19.8127, 9.7410, -43.9048, 183.4367, 205.4367, -9.7410, 243.9783, 2.2799, -124.0672, -30.5781, 0.998069, 0.061275, -0.010158, 0.009741, -0.061904, 0.967994, -0.243221, -0.043905, -0.005070, 0.243380, 0.969918, 0.183437, 0.000000, 0.000000, 0.000000, 1.000000, -0.005070, 0.243380, 0.969918, 0.205437, -0.998069, -0.061275, 0.010158, -0.009741, 0.061904, -0.967994, 0.243221, 0.243978, 0.000000, 0.000000, 0.000000, 1.000000, -0.997164, 0.023096, 0.071631, 0.002280, 0.074226, 0.144423, 0.986728, -0.124067, 0.012445, 0.989247, -0.145727, -0.030578, 0.000000, 0.000000, 0.000000, 1.000000
19.9424, 9.6909, -43.9182, 183.3671, 205.3671, -9.6909, 243.9916, 2.0424, -124.1435, -30.6020, 0.997919, 0.061389, -0.019704, 0.009691, -0.064315, 0.969306, -0.237298, -0.043918, 0.004532, 0.238071, 0.971237, 0.183367, 0.000000, 0.000000, 0.000000, 1.000000, 0.004532, 0.238071, 0.971237, 0.205367, -0.997919, -0.061389, 0.019704, -0.009691, 0.064315, -0.969306, 0.237298, 0.243992, 0.000000, 0.000000, 0.000000, 1.000000, -0.996213, 0.022960, 0.083857, 0.002042, 0.086246, 0.138976, 0.986533, -0.124144, 0.010996, 0.990029, -0.140430, -0.030602, 0.000000, 0.000000, 0.000000, 1.000000
20.0751, 9.5097, -43.8412, 183.3550, 205.3550, -9.5097, 243.9146, 1.9391, -124.1820, -30.5403, 0.997967, 0.060799, -0.019127, 0.009510, -0.063647, 0.966513, -0.248598, -0.043841, 0.003373, 0.249310, 0.968418, 0.183355, 0.000000, 0.000000, 0.000000, 1.000000, 0.003373, 0.249310, 0.968418, 0.205355, -0.997967, -0.060799, 0.019127, -0.009510, 0.063647, -0.966513, 0.248598, 0.243915, 0.000000, 0.000000, 0.000000, 1.000000, -0.996112, 0.024636, 0.084582, 0.001939, 0.087337, 0.150313, 0.984773, -0.124182, 0.011547, 0.988331, -0.151880, -0.030540, 0.000000, 0.000000, 0.000000, 1.000000
20.2087, 9.4584, -43.8848, 183.3990, 205.3990, -9.4584, 243.9583, 1.7014, -124.1415, -30.5835, 0.998003, 0.060993, -0.016439, 0.009458, -0.063160, 0.967972, -0.242985, -0.043885, 0.001092, 0.243538, 0.969891, 0.183399, 0.000000, 0.000000, 0.000000, 1.000000, 0.001092, 0.243538, 0.969891, 0.205399, -0.998003, -0.060993, 0.016439, -0.009458, 0.063160, -0.967972, 0.242985, 0.243958, 0.000000, 0.000000, 0.000000, 1.000000, -0.996108, 0.024387, 0.084704, 0.001701, 0.087350, 0.144392, 0.985658, -0.124142, 0.011807, 0.989220, -0.145960, -0.030583, 0.000000, 0.000000, 0.000000, 1.000000
20.3159, 9.3449, -43.9566, 183.3955, 205.3955, -9.3449, 244.0301, 1.5768, -124.1496, -30.6635, 0.998056, 0.061105, -0.012298, 0.009345, -0.062291, 0.970871, -0.231364, -0.043957, -0.002198, 0.231680, 0.972790, 0.183395, 0.000000, 0.000000, 0.000000, 1.000000, -0.002198, 0.231680, 0.972790, 0.205395, -0.998056, -0.061105, 0.012298, -0.009345, 0.062291, -0.970871, 0.231364, 0.244030, 0.000000, 0.000000, 0.000000, 1.000000, -0.996230, 0.023684, 0.083454, 0.001577, 0.085867, 0.132298, 0.987484, -0.124150, 0.012346, 0.990927, -0.133832, -0.030664, 0.000000, 0.000000, 0.000000, 1.000000
20.4473, 9.1803, -43.8752, 183.4421, 205.4421, -9.1803, 243.9487, 1.4653, -124.1291, -30.5904, 0.998096, 0.061269, -0.007047, 0.009180, -0.061107, 0.967030, -0.247222, -0.043875, -0.008332, 0.247182, 0.968933, 0.183442, 0.000000, 0.000000, 0.000000, 1.000000, -0.008332, 0.247182, 0.968933, 0.205442, -0.998096, -0.061269, 0.007047, -0.009180, 0.061107, -0.967030, 0.247222, 0.243949, 0.000000, 0.000000, 0.000000, 1.000000, -0.996553, 0.024985, 0.079111, 0.001465, 0.081951, 0.148022, 0.985583, -0.124129, 0.012914, 0.988668, -0.149559, -0.030590, 0.000000, 0.000000, 0.000000, 1.000000
20.5686, 9.1200, -43.8261, 183.4517, 205.4517, -9.1200, 243.8995, 1.2665, -124.1328, -30.5452, 0.997978, 0.061359, -0.016608, 0.009120, -0.063565, 0.965525, -0.252430, -0.043826, 0.000547, 0.252975, 0.967473, 0.183452, 0.000000, 0.000000, 0.000000, 1.000000, 0.000547, 0.252975, 0.967473, 0.205452, -0.997978, -0.061359, 0.016608, -0.009120, 0.063565, -0.965525, 0.252430, 0.243900, 0.000000, 0.000000, 0.000000, 1.000000, -0.995592, 0.025650, 0.090220, 0.001266, 0.093106, 0.153875, 0.983694, -0.124133, 0.011349, 0.987757, -0.155585, -0.030545, 0.000000, 0.000000, 0.000000, 1.000000
20.6802, 8.9655, -43.7571, 183.4765, 205.4765, -8.9655, 243.8306, 1.1850, -124.1314, -30.4858, 0.998049, 0.061542, -0.010485, 0.008966, -0.062127, 0.962638, -0.263568, -0.043757, -0.006128, 0.263705, 0.964584, 0.183476, 0.000000, 0.000000, 0.000000, 1.000000, -0.006128, 0.263705, 0.964584, 0.205476, -0.998049, -0.061542, 0.010485, -0.008966, 0.062127, -0.962638, 0.263568, 0.243831, 0.000000, 0.000000, 0.000000, 1.000000, -0.996021, 0.026601, 0.085054, 0.001185, 0.088289, 0.164775, 0.982372, -0.124131, 0.012118, 0.985972, -0.166468, -0.030486, 0.000000, 0.000000, 0.000000, 1.000000
20.8068, 8.8818, -43.7583, 183.5397, 205.5397, -8.8818, 243.8317, 1.0000, -124.0785, -30.4869, 0.998072, 0.061482, -0.008536, 0.008882, -0.061551, 0.962505, -0.264188, -0.043758, -0.008027, 0.264204, 0.964433, 0.183540, 0.000000, 0.000000, 0.000000, 1.000000, -0.008027, 0.264204, 0.964433, 0.205540, -0.998072, -0.061482, 0.008536, -0.008882, 0.061551, -0.962505, 0.264188, 0.243832, 0.000000, 0.000000, 0.000000, 1.000000, -0.995993, 0.027065, 0.085234, 0.001000, 0.088549, 0.165218, 0.982274, -0.124078, 0.012503, 0.985886, -0.166953, -0.030487, 0.000000, 0.000000, 0.000000, 1.000000
20.9109, 8.8772, -43.8396, 183.5331, 205.5331, -8.8772, 243.9130, 0.7731, -124.0785, -30.5686, 0.997875, 0.061924, -0.020258, 0.008877, -0.065015, 0.966664, -0.247656, -0.043840, 0.004247, 0.248447, 0.968636, 0.183533, 0.000000, 0.000000, 0.000000, 1.000000, 0.004247, 0.248447, 0.968636, 0.205533, -0.997875, -0.061924, 0.020258, -0.008877, 0.065015, -0.966664, 0.247656, 0.243913, 0.000000, 0.000000, 0.000000, 1.000000, -0.994643, 0.025632, 0.100144, 0.000773, 0.102861, 0.149167, 0.983447, -0.124078, 0.010270, 0.988480, -0.151005, -0.030569, 0.000000, 0.000000, 0.000000, 1.000000
21.0476, 8.6849, -43.7632, 183.5829, 205.5829, -8.6849, 243.8367, 0.6780, -124.0569, -30.5022, 0.998019, 0.062711, -0.005047, 0.008685, -0.061808, 0.962342, -0.264722, -0.043763, -0.011744, 0.264510, 0.964311, 0.183583, 0.000000, 0.000000, 0.000000, 1.000000, -0.011744, 0.264510, 0.964311, 0.205583, -0.998019, -0.062711, 0.005047, -0.008685, 0.061808, -0.962342, 0.264722, 0.243837, 0.000000, 0.000000, 0.000000, 1.000000, -0.995954, 0.026559, 0.085851, 0.000678, 0.089078, 0.165539, 0.982172, -0.124057, 0.011874, 0.985846, -0.167235, -0.030502, 0.000000, 0.000000, 0.000000, 1.000000
21.1715, 8.6545, -43.7524, 183.5475, 205.5475, -8.6545, 243.8258, 0.4369, -124.0972, -30.4972, 0.997704, 0.062078, -0.027072, 0.008655, -0.066999, 0.963058, -0.260825, -0.043752, 0.009880, 0.262040, 0.965006, 0.183548, 0.000000, 0.000000, 0.000000, 1.000000, 0.009880, 0.262040, 0.965006, 0.205548, -0.997704, -0.062078, 0.027072, -0.008655, 0.066999, -0.963058, 0.260825, 0.243826, 0.000000, 0.000000, 0.000000, 1.000000, -0.993538, 0.027336, 0.110157, 0.000437, 0.113153, 0.162900, 0.980133, -0.124097, 0.008849, 0.986264, -0.164940, -0.030497, 0.000000, 0.000000, 0.000000, 1.000000
21.2990, 8.5469, -43.7176, 183.5195, 205.5195, -8.5469, 243.7911, 0.2669, -124.1399, -30.4735, 0.997829, 0.061680, -0.023100, 0.008547, -0.065600, 0.962063, -0.264823, -0.043718, 0.005890, 0.265763, 0.964020, 0.183519, 0.000000, 0.000000, 0.000000, 1.000000, 0.005890, 0.265763, 0.964020, 0.205519, -0.997829, -0.061680, 0.023100, -0.008547, 0.065600, -0.962063, 0.264823, 0.243791, 0.000000, 0.000000, 0.000000, 1.000000, -0.993741, 0.028424, 0.108036, 0.000267, 0.111278, 0.166589, 0.979727, -0.124140, 0.009850, 0.985617, -0.168709, -0.030474, 0.000000, 0.000000, 0.000000, 1.000000
21.4137, 8.3506, -43.6642, 183.5648, 205.5648, -8.3506, 243.7377, 0.2215, -124.1208, -30.4307, 0.998041, 0.062262, -0.006171, 0.008351, -0.061562, 0.959622, -0.274475, -0.043664, -0.011168, 0.274317, 0.961575, 0.183565, 0.000000, 0.000000, 0.000000, 1.000000, -0.011168, 0.274317, 0.961575, 0.205565, -0.998041, -0.062262, 0.006171, -0.008351, 0.061562, -0.959622, 0.274475, 0.243738, 0.000000, 0.000000, 0.000000, 1.000000, -0.995308, 0.028947, 0.092323, 0.000221, 0.095985, 0.175311, 0.979823, -0.124121, 0.012177, 0.984087, -0.177267, -0.030431, 0.000000, 0.000000, 0.000000, 1.000000
21.5358, 8.3481, -43.7013, 183.5489, 205.5489, -8.3481, 243.7748, -0.0449, -124.1331, -30.4693, 0.997914, 0.061489, -0.019660, 0.008348, -0.064506, 0.961692, -0.266433, -0.043701, 0.002524, 0.267145, 0.963653, 0.183549, 0.000000, 0.000000, 0.000000, 1.000000, 0.002524, 0.267145, 0.963653, 0.205549, -0.997914, -0.061489, 0.019660, -0.008348, 0.064506, -0.961692, 0.266433, 0.243775, 0.000000, 0.000000, 0.000000, 1.000000, -0.993657, 0.029430, 0.108531, -0.000045, 0.111949, 0.167856, 0.979434, -0.124133, 0.010607, 0.985372, -0.170086, -0.030469, 0.000000, 0.000000, 0.000000, 1.000000
21.6501, 8.3946, -43.7893, 183.4599, 205.4599, -8.3946, 243.8627, -0.3540, -124.2064, -30.5619, 0.997361, 0.061992, -0.037785, 0.008395, -0.069461, 0.966193, -0.248288, -0.043789, 0.021116, 0.250257, 0.967949, 0.183460, 0.000000, 0.000000, 0.000000, 1.000000, 0.021116, 0.250257, 0.967949, 0.205460, -0.997361, -0.061992, 0.037785, -0.008395, 0.069461, -0.966193, 0.248288, 0.243863, 0.000000, 0.000000, 0.000000, 1.000000, -0.991117, 0.027660, 0.130087, -0.000354, 0.132784, 0.150671, 0.979626, -0.124206, 0.007496, 0.988197, -0.153005, -0.030562, 0.000000, 0.000000, 0.000000, 1.000000
21.7806, 8.1992, -43.6970, 183.3210, 205.3210, -8.1992, 243.7705, -0.4533, -124.3734, -30.4988, 0.997139, 0.060503, -0.045320, 0.008199, -0.070020, 0.965175, -0.252062, -0.043697, 0.028491, 0.254514, 0.966649, 0.183321, 0.000000, 0.000000, 0.000000, 1.000000, 0.028491, 0.254514, 0.966649, 0.205321, -0.997139, -0.060503, 0.045320, -0.008199, 0.070020, -0.965175, 0.252062, 0.243770, 0.000000, 0.000000, 0.000000, 1.000000, -0.989784, 0.029902, 0.139403, -0.000453, 0.142368, 0.154765, 0.977640, -0.124373, 0.007658, 0.987499, -0.157441, -0.030499, 0.000000, 0.000000, 0.000000, 1.000000
21.8997, 8.1798, -43.7370, 183.3498, 205.3498, -8.1798, 243.8105, -0.6918, -124.3415, -30.5370, 0.996962, 0.060806, -0.048672, 0.008180, -0.070989, 0.966504, -0.246639, -0.043737, 0.032044, 0.249345, 0.967885, 0.183350, 0.000000, 0.000000, 0.000000, 1.000000, 0.032044, 0.249345, 0.967885, 0.205350, -0.996962, -0.060806, 0.048672, -0.008180, 0.070989, -0.966504, 0.246639, 0.243810, 0.000000, 0.000000, 0.000000, 1.000000, -0.988959, 0.029406, 0.145241, -0.000692, 0.148021, 0.149485, 0.977622, -0.124341, 0.007037, 0.988327, -0.152187, -0.030537, 0.000000, 0.000000, 0.000000, 1.000000
22.0509, 8.0664, -43.7635, 183.3952, 205.3952, -8.0664, 243.8370, -0.9037, -124.3043, -30.5672, 0.997275, 0.061160, -0.041247, 0.008066, -0.069454, 0.966883, -0.245587, -0.043764, 0.024861, 0.247783, 0.968497, 0.183395, 0.000000, 0.000000, 0.000000, 1.000000, 0.024861, 0.247783, 0.968497, 0.205395, -0.997275, -0.061160, 0.041247, -0.008066, 0.069454, -0.966883, 0.245587, 0.243837, 0.000000, 0.000000, 0.000000, 1.000000, -0.989633, 0.029287, 0.140601, -0.000904, 0.143403, 0.147862, 0.978556, -0.124304, 0.007870, 0.988574, -0.150529, -0.030567, 0.000000, 0.000000, 0.000000, 1.000000
22.1524, 7.8699, -43.6889, 183.4727, 205.4727, -7.8699, 243.7623, -0.9153, -124.2562, -30.5001, 0.997287, 0.061283, -0.040774, 0.007870, -0.069718, 0.964107, -0.256198, -0.043689, 0.023610, 0.258346, 0.965764, 0.183473, 0.000000, 0.000000, 0.000000, 1.000000, 0.023610, 0.258346, 0.965764, 0.205473, -0.997287, -0.061283, 0.040774, -0.007870, 0.069718, -0.964107, 0.256198, 0.243762, 0.000000, 0.000000, 0.000000, 1.000000, -0.989557, 0.030528, 0.140875, -0.000915, 0.143950, 0.158556, 0.976800, -0.124256, 0.007484, 0.986878, -0.161294, -0.030500, 0.000000, 0.000000, 0.000000, 1.000000
22.2715, 7.8440, -43.6754, 183.4413, 205.4413, -7.8440, 243.7489, -1.1508, -124.2895, -30.4918, 0.996990, 0.061452, -0.047261, 0.007844, -0.071503, 0.964483, -0.254285, -0.043675, 0.029957, 0.256899, 0.965974, 0.183441, 0.000000, 0.000000, 0.000000, 1.000000, 0.029957, 0.256899, 0.965974, 0.205441, -0.996990, -0.061452, 0.047261, -0.007844, 0.071503, -0.964483, 0.254285, 0.243749, 0.000000, 0.000000, 0.000000, 1.000000, -0.988294, 0.030536, 0.149475, -0.001151, 0.152431, 0.157042, 0.975757, -0.124289, 0.006322, 0.987120, -0.159858, -0.030492, 0.000000, 0.000000, 0.000000, 1.000000
22.3857, 7.8036, -43.6857, 183.4279, 205.4279, -7.8036, 243.7591, -1.3611, -124.3038, -30.5063, 0.996299, 0.060853, -0.060702, 0.007804, -0.074278, 0.964929, -0.251785, -0.043686, 0.043251, 0.255362, 0.965878, 0.183428, 0.000000, 0.000000, 0.000000, 1.000000, 0.043251, 0.255362, 0.965878, 0.205428, -0.996299, -0.060853, 0.060702, -0.007804, 0.074278, -0.964929, 0.251785, 0.243759, 0.000000, 0.000000, 0.000000, 1.000000, -0.985819, 0.031278, 0.164874, -0.001361, 0.167745, 0.155346, 0.973514, -0.124304, 0.004837, 0.987365, -0.158389, -0.030506, 0.000000, 0.000000, 0.000000, 1.000000
22.5127, 7.6097, -43.6351, 183.4585, 205.4585, -7.6097, 243.7085, -1.4376, -124.2989, -30.4675, 0.996975, 0.061555, -0.047453, 0.007610, -0.071985, 0.961526, -0.265113, -0.043635, 0.029308, 0.267727, 0.963049, 0.183459, 0.000000, 0.000000, 0.000000, 1.000000, 0.029308, 0.267727, 0.963049, 0.205459, -0.996975, -0.061555, 0.047453, -0.007610, 0.071985, -0.961526, 0.265113, 0.243709, 0.000000, 0.000000, 0.000000, 1.000000, -0.987740, 0.032285, 0.152733, -0.001438, 0.156002, 0.167930, 0.973377, -0.124299, 0.005777, 0.985270, -0.170908, -0.030468, 0.000000, 0.000000, 0.000000, 1.000000
22.6257, 7.5361, -43.6655, 183.5392, 205.5392, -7.5361, 243.7389, -1.6013, -124.2219, -30.4952, 0.997271, 0.061303, -0.041151, 0.007536, -0.069888, 0.963531, -0.258308, -0.043665, 0.023815, 0.260479, 0.965186, 0.183539, 0.000000, 0.000000, 0.000000, 1.000000, 0.023815, 0.260479, 0.965186, 0.205539, -0.997271, -0.061303, 0.041151, -0.007536, 0.069888, -0.963531, 0.258308, 0.243739, 0.000000, 0.000000, 0.000000, 1.000000, -0.988301, 0.032056, 0.149108, -0.001601, 0.152338, 0.160468, 0.975214, -0.124222, 0.007334, 0.986520, -0.163474, -0.030495, 0.000000, 0.000000, 0.000000, 1.000000
22.7241, 7.5640, -43.6254, 183.3897, 205.3897, -7.5640, 243.6989, -1.8593, -124.3674, -30.4682, 0.995948, 0.061125, -0.065971, 0.007564, -0.076349, 0.962313, -0.261006, -0.043625, 0.047531, 0.264986, 0.963080, 0.183390, 0.000000, 0.000000, 0.000000, 1.000000, 0.047531, 0.264986, 0.963080, 0.205390, -0.995948, -0.061125, 0.065971, -0.007564, 0.076349, -0.962313, 0.261006, 0.243699, 0.000000, 0.000000, 0.000000, 1.000000, -0.984032, 0.033021, 0.174904, -0.001859, 0.177965, 0.164968, 0.970110, -0.124367, 0.003181, 0.985746, -0.168210, -0.030468, 0.000000, 0.000000, 0.000000, 1.000000
22.8661, 7.3537, -43.6423, 183.4636, 205.4636, -7.3537, 243.7158, -1.9505, -124.3141, -30.4933, 0.996579, 0.061462, -0.055244, 0.007354, -0.073856, 0.962316, -0.261710, -0.043642, 0.037077, 0.264895, 0.963564, 0.183464, 0.000000, 0.000000, 0.000000, 1.000000, 0.037077, 0.264895, 0.963564, 0.205464, -0.996579, -0.061462, 0.055244, -0.007354, 0.073856, -0.962316, 0.261710, 0.243716, 0.000000, 0.000000, 0.000000, 1.000000, -0.985450, 0.033085, 0.166717, -0.001951, 0.169904, 0.164838, 0.971576, -0.124314, 0.004663, 0.985766, -0.168061, -0.030493, 0.000000, 0.000000, 0.000000, 1.000000
22.9733, 7.3656, -43.6234, 183.3833, 205.3833, -7.3656, 243.6969, -2.2046, -124.3899, -30.4816, 0.995397, 0.061043, -0.073887, 0.007366, -0.078144, 0.963271, -0.256910, -0.043623, 0.055491, 0.261501, 0.963607, 0.183383, 0.000000, 0.000000, 0.000000, 1.000000, 0.055491, 0.261501, 0.963607, 0.205383, -0.995397, -0.061043, 0.073887, -0.007366, 0.078144, -0.963271, 0.256910, 0.243697, 0.000000, 0.000000, 0.000000, 1.000000, -0.981740, 0.033408, 0.187271, -0.002205, 0.190215, 0.161273, 0.968406, -0.124390, 0.002150, 0.986344, -0.164683, -0.030482, 0.000000, 0.000000, 0.000000, 1.000000
23.0810, 7.2764, -43.6706, 183.4052, 205.4052, -7.2764, 243.7441, -2.3501, -124.3705, -30.5329, 0.995424, 0.061799, -0.072888, 0.007276, -0.078284, 0.964790, -0.251100, -0.043671, 0.054804, 0.255657, 0.965213, 0.183405, 0.000000, 0.000000, 0.000000, 1.000000, 0.054804, 0.255657, 0.965213, 0.205405, -0.995424, -0.061799, 0.072888, -0.007276, 0.078284, -0.964790, 0.251100, 0.243744, 0.000000, 0.000000, 0.000000, 1.000000, -0.981510, 0.032257, 0.188674, -0.002350, 0.191401, 0.155383, 0.969135, -0.124370, 0.001945, 0.987328, -0.158684, -0.030533, 0.000000, 0.000000, 0.000000, 1.000000
23.2106, 7.1032, -43.6551, 183.5838, 205.5838, -7.1032, 243.7286, -2.4345, -124.2133, -30.5127, 0.996751, 0.061307, -0.052242, 0.007103, -0.072804, 0.963203, -0.258728, -0.043655, 0.034458, 0.261691, 0.964536, 0.183584, 0.000000, 0.000000, 0.000000, 1.000000, 0.034458, 0.261691, 0.964536, 0.205584, -0.996751, -0.061307, 0.052242, -0.007103, 0.072804, -0.963203, 0.258728, 0.243729, 0.000000, 0.000000, 0.000000, 1.000000, -0.984880, 0.033837, 0.169903, -0.002435, 0.173154, 0.161362, 0.971586, -0.124213, 0.005460, 0.986315, -0.164781, -0.030513, 0.000000, 0.000000, 0.000000, 1.000000
23.3174, 7.0828, -43.6118, 183.4176, 205.4176, -7.0828, 243.6852, -2.6666, -124.3797, -30.4878, 0.996018, 0.061295, -0.064734, 0.007083, -0.076166, 0.962436, -0.260606, -0.043612, 0.046329, 0.264499, 0.963272, 0.183418, 0.000000, 0.000000, 0.000000, 1.000000, 0.046329, 0.264499, 0.963272, 0.205418, -0.996018, -0.061295, 0.064734, -0.007083, 0.076166, -0.962436, 0.260606, 0.243685, 0.000000, 0.000000, 0.000000, 1.000000, -0.982364, 0.034498, 0.183769, -0.002667, 0.186950, 0.164147, 0.968558, -0.124380, 0.003248, 0.985832, -0.167702, -0.030488, 0.000000, 0.000000, 0.000000, 1.000000
23.4396, 7.1098, -43.6377, 183.3160, 205.3160, -7.1098, 243.7112, -2.9746, -124.4674, -30.5216, 0.994217, 0.061157, -0.088274, 0.007110, -0.081854, 0.963663, -0.254270, -0.043638, 0.069516, 0.260026, 0.963096, 0.183316, 0.000000, 0.000000, 0.000000, 1.000000, 0.069516, 0.260026, 0.963096, 0.205316, -0.994217, -0.061157, 0.088274, -0.007110, 0.081854, -0.963663, 0.254270, 0.243711, 0.000000, 0.000000, 0.000000, 1.000000, -0.977215, 0.034419, 0.209444, -0.002975, 0.212253, 0.159516, 0.964108, -0.124467, -0.000226, 0.986595, -0.163187, -0.030522, 0.000000, 0.000000, 0.000000, 1.000000
23.5687, 6.8530, -43.5537, 183.4426, 205.4426, -6.8530, 243.6272, -2.9782, -124.3802, -30.4448, 0.995354, 0.060732, -0.074712, 0.006853, -0.078645, 0.960484, -0.266991, -0.043554, 0.055545, 0.271627, 0.960798, 0.183443, 0.000000, 0.000000, 0.000000, 1.000000, 0.055545, 0.271627, 0.960798, 0.205443, -0.995354, -0.060732, 0.074712, -0.006853, 0.078645, -0.960484, 0.266991, 0.243627, 0.000000, 0.000000, 0.000000, 1.000000, -0.979690, 0.036691, 0.197131, -0.002978, 0.200510, 0.171146, 0.964627, -0.124380, 0.001655, 0.984562, -0.175027, -0.030445, 0.000000, 0.000000, 0.000000, 1.000000
23.7019, 6.8790, -43.5295, 183.3130, 205.3130, -6.8790, 243.6029, -3.3106, -124.4995, -30.4316, 0.993811, 0.060484, -0.093169, 0.006879, -0.083327, 0.960579, -0.265227, -0.043529, 0.073454, 0.271349, 0.959674, 0.183313, 0.000000, 0.000000, 0.000000, 1.000000, 0.073454, 0.271349, 0.959674, 0.205313, -0.993811, -0.060484, 0.093169, -0.006879, 0.083327, -0.960579, 0.265227, 0.243603, 0.000000, 0.000000, 0.000000, 1.000000, -0.975340, 0.037298, 0.217534, -0.003311, 0.220704, 0.170741, 0.960280, -0.124500, -0.001326, 0.984610, -0.174763, -0.030432, 0.000000, 0.000000, 0.000000, 1.000000
23.8298, 6.7743, -43.5736, 183.3866, 205.3866, -6.7743, 243.6471, -3.4768, -124.4295, -30.4760, 0.994423, 0.061732, -0.085507, 0.006774, -0.082119, 0.961971, -0.260516, -0.043574, 0.066173, 0.266085, 0.961676, 0.183387, 0.000000, 0.000000, 0.000000, 1.000000, 0.066173, 0.266085, 0.961676, 0.205387, -0.994423, -0.061732, 0.085507, -0.006774, 0.082119, -0.961971, 0.260516, 0.243647, 0.000000, 0.000000, 0.000000, 1.000000, -0.976465, 0.035743, 0.212693, -0.003477, 0.215674, 0.165505, 0.962337, -0.124430, -0.000805, 0.985561, -0.169319, -0.030476, 0.000000, 0.000000, 0.000000, 1.000000
23.9427, 6.6629, -43.5686, 183.3984, 205.3984, -6.6629, 243.6421, -3.6100, -124.4268, -30.4786, 0.994706, 0.061877, -0.082045, 0.006663, -0.081428, 0.961631, -0.261984, -0.043569, 0.062686, 0.267278, 0.961578, 0.183398, 0.000000, 0.000000, 0.000000, 1.000000, 0.062686, 0.267278, 0.961578, 0.205398, -0.994706, -0.061877, 0.082045, -0.006663, 0.081428, -0.961631, 0.261984, 0.243642, 0.000000, 0.000000, 0.000000, 1.000000, -0.976804, 0.036087, 0.211071, -0.003610, 0.214134, 0.166662, 0.962481, -0.124427, -0.000444, 0.985354, -0.170524, -0.030479, 0.000000, 0.000000, 0.000000, 1.000000
24.0741, 6.5487, -43.5299, 183.3645, 205.3645, -6.5487, 243.6033, -3.7857, -124.4725, -30.4520, 0.993625, 0.061203, -0.094679, 0.006549, -0.084153, 0.961493, -0.261627, -0.043530, 0.075021, 0.267926, 0.960514, 0.183365, 0.000000, 0.000000, 0.000000, 1.000000, 0.075021, 0.267926, 0.960514, 0.205365, -0.993625, -0.061203, 0.094679, -0.006549, 0.084153, -0.961493, 0.261627, 0.243603, 0.000000, 0.000000, 0.000000, 1.000000, -0.973509, 0.037225, 0.225598, -0.003786, 0.228639, 0.167132, 0.959057, -0.124472, -0.002004, 0.985231, -0.171216, -0.030452, 0.000000, 0.000000, 0.000000, 1.000000
24.2367, 6.4659, -43.5241, 183.3869, 205.3869, -6.4659, 243.5975, -4.0534, -124.4523, -30.4502, 0.993308, 0.060914, -0.098125, 0.006466, -0.084655, 0.961947, -0.259793, -0.043524, 0.078566, 0.266361, 0.960666, 0.183387, 0.000000, 0.000000, 0.000000, 1.000000, 0.078566, 0.266361, 0.960666, 0.205387, -0.993308, -0.060914, 0.098125, -0.006466, 0.084655, -0.961947, 0.259793, 0.243598, 0.000000, 0.000000, 0.000000, 1.000000, -0.972019, 0.037766, 0.231847, -0.004053, 0.234893, 0.165395, 0.957846, -0.124452, -0.002172, 0.985504, -0.169638, -0.030450, 0.000000, 0.000000, 0.000000, 1.000000
24.3611, 6.3203, -43.4810, 183.3407, 205.3407, -6.3203, 243.5545, -4.1849, -124.5153, -30.4229, 0.992846, 0.060681, -0.102837, 0.006320, -0.086183, 0.960271, -0.265427, -0.043481, 0.082644, 0.272391, 0.958631, 0.183341, 0.000000, 0.000000, 0.000000, 1.000000, 0.082644, 0.272391, 0.958631, 0.205341, -0.992846, -0.060681, 0.102837, -0.006320, 0.086183, -0.960271, 0.265427, 0.243554, 0.000000, 0.000000, 0.000000, 1.000000, -0.970493, 0.039213, 0.237919, -0.004185, 0.241106, 0.171385, 0.955246, -0.124515, -0.003318, 0.984423, -0.175782, -0.030423, 0.000000, 0.000000, 0.000000, 1.000000
24.5021, 6.2345, -43.5419, 183.3653, 205.3653, -6.2345, 243.6153, -4.4064, -124.4870, -30.4873, 0.992571, 0.061636, -0.104898, 0.006234, -0.086642, 0.963379, -0.253760, -0.043542, 0.085416, 0.260963, 0.961562, 0.183365, 0.000000, 0.000000, 0.000000, 1.000000, 0.085416, 0.260963, 0.961562, 0.205365, -0.992571, -0.061636, 0.104898, -0.006234, 0.086642, -0.963379, 0.253760, 0.243615, 0.000000, 0.000000, 0.000000, 1.000000, -0.969207, 0.037034, 0.243449, -0.004406, 0.246224, 0.159872, 0.955937, -0.124487, -0.003518, 0.986443, -0.164067, -0.030487, 0.000000, 0.000000, 0.000000, 1.000000
24.6204, 6.1628, -43.5276, 183.3256, 205.3256, -6.1628, 243.6010, -4.5983, -124.5294, -30.4824, 0.992192, 0.061739, -0.108371, 0.006163, -0.087376, 0.964108, -0.250720, -0.043528, 0.089002, 0.258231, 0.961975, 0.183326, 0.000000, 0.000000, 0.000000, 1.000000, 0.089002, 0.258231, 0.961975, 0.205326, -0.992192, -0.061739, 0.108371, -0.006163, 0.087376, -0.964108, 0.250720, 0.243601, 0.000000, 0.000000, 0.000000, 1.000000, -0.967780, 0.036859, 0.249083, -0.004598, 0.251765, 0.157049, 0.954961, -0.124529, -0.003919, 0.986903, -0.161269, -0.030482, 0.000000, 0.000000, 0.000000, 1.000000
24.7280, 6.1028, -43.4665, 183.2870, 205.2870, -6.1028, 243.5400, -4.7760, -124.5746, -30.4301, 0.991912, 0.060284, -0.111697, 0.006103, -0.087737, 0.961568, -0.260171, -0.043467, 0.091720, 0.267867, 0.959080, 0.183287, 0.000000, 0.000000, 0.000000, 1.000000, 0.091720, 0.267867, 0.959080, 0.205287, -0.991912, -0.060284, 0.111697, -0.006103, 0.087737, -0.961568, 0.260171, 0.243540, 0.000000, 0.000000, 0.000000, 1.000000, -0.966603, 0.040029, 0.253132, -0.004776, 0.256246, 0.166485, 0.952166, -0.124575, -0.004028, 0.985231, -0.171182, -0.030430, 0.000000, 0.000000, 0.000000, 1.000000
24.8405, 6.0335, -43.5042, 183.3296, 205.3296, -6.0335, 243.5777, -4.9475, -124.5301, -30.4685, 0.992153, 0.060537, -0.109398, 0.006034, -0.087277, 0.961851, -0.259277, -0.043504, 0.089529, 0.266791, 0.959587, 0.183330, 0.000000, 0.000000, 0.000000, 1.000000, 0.089529, 0.266791, 0.959587, 0.205330, -0.992153, -0.060537, 0.109398, -0.006034, 0.087277, -0.961851, 0.259277, 0.243578, 0.000000, 0.000000, 0.000000, 1.000000, -0.966674, 0.039944, 0.252874, -0.004947, 0.255982, 0.165360, 0.952433, -0.124530, -0.003771, 0.985424, -0.170074, -0.030468, 0.000000, 0.000000, 0.000000, 1.000000
24.9565, 5.8973, -43.5348, 183.3387, 205.3387, -5.8973, 243.6082, -5.0658, -124.5296, -30.5080, 0.991340, 0.060952, -0.116316, 0.005897, -0.088902, 0.963414, -0.252845, -0.043535, 0.096649, 0.260996, 0.960490, 0.183339, 0.000000, 0.000000, 0.000000, 1.000000, 0.096649, 0.260996, 0.960490, 0.205339, -0.991340, -0.060952, 0.116316, -0.005897, 0.088902, -0.963414, 0.252845, 0.243608, 0.000000, 0.000000, 0.000000, 1.000000, -0.964245, 0.038982, 0.262129, -0.005066, 0.264969, 0.159490, 0.950975, -0.124530, -0.004736, 0.986430, -0.164117, -0.030508, 0.000000, 0.000000, 0.000000, 1.000000
25.0822, 5.8359, -43.5336, 183.4051, 205.4051, -5.8359, 243.6071, -5.2671, -124.4633, -30.5048, 0.991125, 0.060939, -0.118140, 0.005836, -0.089558, 0.962871, -0.254673, -0.043534, 0.098234, 0.262994, 0.959783, 0.183405, 0.000000, 0.000000, 0.000000, 1.000000, 0.098234, 0.262994, 0.959783, 0.205405, -0.991125, -0.060939, 0.118140, -0.005836, 0.089558, -0.962871, 0.254673, 0.243607, 0.000000, 0.000000, 0.000000, 1.000000, -0.963217, 0.039655, 0.265784, -0.005267, 0.268675, 0.161421, 0.949609, -0.124463, -0.005246, 0.986089, -0.166137, -0.030505, 0.000000, 0.000000, 0.000000, 1.000000
25.2158, 5.7706, -43.4635, 183.3616, 205.3616, -5.7706, 243.5369, -5.4967, -124.5119, -30.4444, 0.990474, 0.060343, -0.123778, 0.005771, -0.091182, 0.960982, -0.261151, -0.043463, 0.103189, 0.269949, 0.957329, 0.183362, 0.000000, 0.000000, 0.000000, 1.000000, 0.103189, 0.269949, 0.957329, 0.205362, -0.990474, -0.060343, 0.123778, -0.005771, 0.091182, -0.960982, 0.261151, 0.243537, 0.000000, 0.000000, 0.000000, 1.000000, -0.961180, 0.041715, 0.272749, -0.005497, 0.275846, 0.168253, 0.946361, -0.124512, -0.006414, 0.984861, -0.173228, -0.030444, 0.000000, 0.000000, 0.000000, 1.000000
25.3274, 5.7185, -43.4441, 183.4026, 205.4026, -5.7185, 243.5175, -5.6798, -124.4717, -30.4250, 0.990268, 0.060629, -0.125270, 0.005718, -0.092026, 0.960505, -0.262603, -0.043444, 0.104401, 0.271576, 0.956738, 0.183403, 0.000000, 0.000000, 0.000000, 1.000000, 0.104401, 0.271576, 0.956738, 0.205403, -0.990268, -0.060629, 0.125270, -0.005718, 0.092026, -0.960505, 0.262603, 0.243518, 0.000000, 0.000000, 0.000000, 1.000000, -0.960275, 0.042019, 0.275874, -0.005680, 0.278964, 0.169866, 0.945159, -0.124472, -0.007146, 0.984571, -0.174840, -0.030425, 0.000000, 0.000000, 0.000000, 1.000000
25.4465, 5.4929, -43.4882, 183.5184, 205.5184, -5.4929, 243.5617, -5.6988, -124.3797, -30.4741, 0.990674, 0.060153, -0.122258, 0.005493, -0.090906, 0.960174, -0.264200, -0.043488, 0.101497, 0.272850, 0.956688, 0.183518, 0.000000, 0.000000, 0.000000, 1.000000, 0.101497, 0.272850, 0.956688, 0.205518, -0.990674, -0.060153, 0.122258, -0.005493, 0.090906, -0.960174, 0.264200, 0.243562, 0.000000, 0.000000, 0.000000, 1.000000, -0.960543, 0.043047, 0.274780, -0.005699, 0.278060, 0.170981, 0.945224, -0.124380, -0.006293, 0.984333, -0.176205, -0.030474, 0.000000, 0.000000, 0.000000, 1.000000
25.5995, 5.4225, -43.5144, 183.5818, 205.5818, -5.4225, 243.5879, -5.9517, -124.3113, -30.4990, 0.990470, 0.060042, -0.123953, 0.005423, -0.091210, 0.960291, -0.263672, -0.043514, 0.103200, 0.272465, 0.956615, 0.183582, 0.000000, 0.000000, 0.000000, 1.000000, 0.103200, 0.272465, 0.956615, 0.205582, -0.990470, -0.060042, 0.123953, -0.005423, 0.091210, -0.960291, 0.263672, 0.243588, 0.000000, 0.000000, 0.000000, 1.000000, -0.959308, 0.043550, 0.278983, -0.005952, 0.282289, 0.170457, 0.944064, -0.124311, -0.006440, 0.984402, -0.175814, -0.030499, 0.000000, 0.000000, 0.000000, 1.000000
25.7238, 5.3654, -43.5164, 183.5819, 205.5819, -5.3654, 243.5899, -6.1656, -124.3077, -30.5052, 0.990296, 0.060402, -0.125160, 0.005365, -0.091618, 0.960938, -0.261160, -0.043516, 0.104496, 0.270092, 0.957147, 0.183582, 0.000000, 0.000000, 0.000000, 1.000000, 0.104496, 0.270092, 0.957147, 0.205582, -0.990296, -0.060402, 0.125160, -0.005365, 0.091618, -0.960938, 0.261160, 0.243590, 0.000000, 0.000000, 0.000000, 1.000000, -0.958309, 0.043171, 0.282452, -0.006166, 0.285653, 0.168032, 0.943487, -0.124308, -0.006730, 0.984836, -0.173359, -0.030505, 0.000000, 0.000000, 0.000000, 1.000000
25.8557, 5.3112, -43.4917, 183.5304, 205.5304, -5.3112, 243.5651, -6.4065, -124.3559, -30.4898, 0.989241, 0.060374, -0.133260, 0.005311, -0.093692, 0.961021, -0.260117, -0.043492, 0.112361, 0.269804, 0.956337, 0.183530, 0.000000, 0.000000, 0.000000, 1.000000, 0.112361, 0.269804, 0.956337, 0.205530, -0.989241, -0.060374, 0.133260, -0.005311, 0.093692, -0.961021, 0.260117, 0.243565, 0.000000, 0.000000, 0.000000, 1.000000, -0.955280, 0.043537, 0.292480, -0.006406, 0.295592, 0.167636, 0.940491, -0.124356, -0.008084, 0.984887, -0.173008, -0.030490, 0.000000, 0.000000, 0.000000, 1.000000
25.9884, 5.1873, -43.4594, 183.4169, 205.4169, -5.1873, 243.5328, -6.5923, -124.4775, -30.4783, 0.988456, 0.060419, -0.138937, 0.005187, -0.095207, 0.961065, -0.259402, -0.043459, 0.117855, 0.269635, 0.955723, 0.183417, 0.000000, 0.000000, 0.000000, 1.000000, 0.117855, 0.269635, 0.955723, 0.205417, -0.988456, -0.060419, 0.138937, -0.005187, 0.095207, -0.961065, 0.259402, 0.243533, 0.000000, 0.000000, 0.000000, 1.000000, -0.952883, 0.043851, 0.300152, -0.006592, 0.303202, 0.167373, 0.938112, -0.124478, -0.009100, 0.984918, -0.172783, -0.030478, 0.000000, 0.000000, 0.000000, 1.000000
26.1018, 5.0936, -43.5028, 183.5407, 205.5407, -5.0936, 243.5762, -6.7258, -124.3555, -30.5160, 0.988567, 0.060963, -0.137910, 0.005094, -0.094912, 0.962278, -0.254974, -0.043503, 0.117164, 0.265149, 0.957063, 0.183541, 0.000000, 0.000000, 0.000000, 1.000000, 0.117164, 0.265149, 0.957063, 0.205541, -0.988567, -0.060963, 0.137910, -0.005094, 0.094912, -0.962278, 0.254974, 0.243576, 0.000000, 0.000000, 0.000000, 1.000000, -0.952503, 0.042870, 0.301495, -0.006726, 0.304399, 0.162866, 0.938518, -0.124355, -0.008869, 0.985716, -0.168180, -0.030516, 0.000000, 0.000000, 0.000000, 1.000000
26.2323, 5.0116, -43.5231, 183.4657, 205.4657, -5.0116, 243.5966, -6.9441, -124.4258, -30.5498, 0.987509, 0.060652, -0.145424, 0.005012, -0.095939, 0.963585, -0.249598, -0.043523, 0.124990, 0.260433, 0.957367, 0.183466, 0.000000, 0.000000, 0.000000, 1.000000, 0.124990, 0.260433, 0.957367, 0.205466, -0.987509, -0.060652, 0.145424, -0.005012, 0.095939, -0.963585, 0.249598, 0.243597, 0.000000, 0.000000, 0.000000, 1.000000, -0.949335, 0.042719, 0.311349, -0.006944, 0.314132, 0.157959, 0.936147, -0.124426, -0.009189, 0.986521, -0.163375, -0.030550, 0.000000, 0.000000, 0.000000, 1.000000
26.3509, 4.8725, -43.4944, 183.5056, 205.5056, -4.8725, 243.5679, -7.0562, -124.4013, -30.5277, 0.987344, 0.059214, -0.147127, 0.004872, -0.095738, 0.962122, -0.255257, -0.043494, 0.126439, 0.266112, 0.955614, 0.183506, 0.000000, 0.000000, 0.000000, 1.000000, 0.126439, 0.266112, 0.955614, 0.205506, -0.987344, -0.059214, 0.147127, -0.004872, 0.095738, -0.962122, 0.255257, 0.243568, 0.000000, 0.000000, 0.000000, 1.000000, -0.948231, 0.045469, 0.314310, -0.007056, 0.317458, 0.163311, 0.934104, -0.124401, -0.008858, 0.985526, -0.169291, -0.030528, 0.000000, 0.000000, 0.000000, 1.000000
26.4801, 4.7498, -43.5147, 183.7175, 205.7175, -4.7498, 243.5881, -7.1764, -124.1991, -30.5359, 0.988028, 0.060104, -0.142082, 0.004750, -0.095231, 0.962187, -0.255199, -0.043515, 0.121371, 0.265675, 0.956392, 0.183717, 0.000000, 0.000000, 0.000000, 1.000000, 0.121371, 0.265675, 0.956392, 0.205717, -0.988028, -0.060104, 0.142082, -0.004750, 0.095231, -0.962187, 0.255199, 0.243588, 0.000000, 0.000000, 0.000000, 1.000000, -0.949143, 0.044884, 0.311630, -0.007176, 0.314722, 0.162941, 0.935094, -0.124199, -0.008806, 0.985614, -0.168780, -0.030536, 0.000000, 0.000000, 0.000000, 1.000000
26.5865, 4.7346, -43.4865, 183.6151, 205.6151, -4.7346, 243.5599, -7.4106, -124.2915, -30.5192, 0.987010, 0.060275, -0.148923, 0.004735, -0.097406, 0.961662, -0.256355, -0.043486, 0.127762, 0.267531, 0.955041, 0.183615, 0.000000, 0.000000, 0.000000, 1.000000, 0.127762, 0.267531, 0.955041, 0.205615, -0.987010, -0.060275, 0.148923, -0.004735, 0.097406, -0.961662, 0.256355, 0.243560, 0.000000, 0.000000, 0.000000, 1.000000, -0.946421, 0.045356, 0.319734, -0.007411, 0.322767, 0.164759, 0.932028, -0.124291, -0.010406, 0.985290, -0.170571, -0.030519, 0.000000, 0.000000, 0.000000, 1.000000
26.7082, 4.6642, -43.4554, 183.5188, 205.5188, -4.6642, 243.5289, -7.6232, -124.3864, -30.5032, 0.986327, 0.059307, -0.153760, 0.004664, -0.097459, 0.962279, -0.254008, -0.043455, 0.132896, 0.265521, 0.954902, 0.183519, 0.000000, 0.000000, 0.000000, 1.000000, 0.132896, 0.265521, 0.954902, 0.205519, -0.986327, -0.059307, 0.153760, -0.004664, 0.097459, -0.962279, 0.254008, 0.243529, 0.000000, 0.000000, 0.000000, 1.000000, -0.944047, 0.046287, 0.326546, -0.007623, 0.329658, 0.162448, 0.930019, -0.124386, -0.009999, 0.985631, -0.168617, -0.030503, 0.000000, 0.000000, 0.000000, 1.000000
26.8229, 4.6296, -43.4301, 183.4600, 205.4600, -4.6296, 243.5036, -7.8488, -124.4377, -30.4866, 0.984830, 0.059165, -0.163126, 0.004630, -0.099665, 0.962413, -0.252643, -0.043430, 0.142047, 0.265068, 0.953709, 0.183460, 0.000000, 0.000000, 0.000000, 1.000000, 0.142047, 0.265068, 0.953709, 0.205460, -0.984830, -0.059165, 0.163126, -0.004630, 0.099665, -0.962413, 0.252643, 0.243504, 0.000000, 0.000000, 0.000000, 1.000000, -0.940203, 0.046667, 0.337402, -0.007849, 0.340424, 0.161871, 0.926234, -0.124438, -0.011391, 0.985708, -0.168078, -0.030487, 0.000000, 0.000000, 0.000000, 1.000000
26.9512, 4.4988, -43.4613, 183.6367, 205.6367, -4.4988, 243.5347, -7.9655, -124.2697, -30.5097, 0.986159, 0.060559, -0.154350, 0.004499, -0.098347, 0.963115, -0.250473, -0.043461, 0.133489, 0.262186, 0.955740, 0.183637, 0.000000, 0.000000, 0.000000, 1.000000, 0.133489, 0.262186, 0.955740, 0.205637, -0.986159, -0.060559, 0.154350, -0.004499, 0.098347, -0.963115, 0.250473, 0.243535, 0.000000, 0.000000, 0.000000, 1.000000, -0.942403, 0.045120, 0.331422, -0.007965, 0.334303, 0.159153, 0.928930, -0.124270, -0.010834, 0.986222, -0.165070, -0.030510, 0.000000, 0.000000, 0.000000, 1.000000
27.0637, 4.3227, -43.4765, 183.7650, 205.7650, -4.3227, 243.5500, -8.0118, -124.1621, -30.5252, 0.985698, 0.058976, -0.157867, 0.004323, -0.098661, 0.961398, -0.256865, -0.043477, 0.136624, 0.268766, 0.953467, 0.183765, 0.000000, 0.000000, 0.000000, 1.000000, 0.136624, 0.268766, 0.953467, 0.205765, -0.985698, -0.058976, 0.157867, -0.004323, 0.098661, -0.961398, 0.256865, 0.243550, 0.000000, 0.000000, 0.000000, 1.000000, -0.940669, 0.048235, 0.335879, -0.008012, 0.339151, 0.165351, 0.926086, -0.124162, -0.010868, 0.985054, -0.171900, -0.030525, 0.000000, 0.000000, 0.000000, 1.000000
27.1762, 4.2973, -43.4647, 183.6938, 205.6938, -4.2973, 243.5381, -8.2449, -124.2218, -30.5224, 0.985265, 0.059125, -0.160490, 0.004297, -0.099308, 0.961733, -0.255358, -0.043465, 0.139250, 0.267533, 0.953433, 0.183694, 0.000000, 0.000000, 0.000000, 1.000000, 0.139250, 0.267533, 0.953433, 0.205694, -0.985265, -0.059125, 0.160490, -0.004297, 0.099308, -0.961733, 0.255358, 0.243538, 0.000000, 0.000000, 0.000000, 1.000000, -0.939070, 0.048177, 0.340332, -0.008245, 0.343539, 0.164048, 0.924699, -0.124222, -0.011282, 0.985275, -0.170604, -0.030522, 0.000000, 0.000000, 0.000000, 1.000000
27.3045, 4.1968, -43.4741, 183.6745, 205.6745, -4.1968, 243.5475, -8.4295, -124.2411, -30.5411, 0.984473, 0.059843, -0.165019, 0.004197, -0.100620, 0.962699, -0.251170, -0.043474, 0.143833, 0.263875, 0.953773, 0.183674, 0.000000, 0.000000, 0.000000, 1.000000, 0.143833, 0.263875, 0.953773, 0.205674, -0.984473, -0.059843, 0.165019, -0.004197, 0.100620, -0.962699, 0.251170, 0.243548, 0.000000, 0.000000, 0.000000, 1.000000, -0.936638, 0.047130, 0.347115, -0.008429, 0.350088, 0.160417, 0.922879, -0.124241, -0.012188, 0.985924, -0.166752, -0.030541, 0.000000, 0.000000, 0.000000, 1.000000
27.4307, 4.1432, -43.4681, 183.7110, 205.7110, -4.1432, 243.5416, -8.6426, -124.1983, -30.5356, 0.983897, 0.059694, -0.168475, 0.004143, -0.101401, 0.962636, -0.251098, -0.043468, 0.147191, 0.264138, 0.953187, 0.183711, 0.000000, 0.000000, 0.000000, 1.000000, 0.147191, 0.264138, 0.953187, 0.205711, -0.983897, -0.059694, 0.168475, -0.004143, 0.101401, -0.962636, 0.251098, 0.243542, 0.000000, 0.000000, 0.000000, 1.000000, -0.934634, 0.047680, 0.352400, -0.008643, 0.355385, 0.160545, 0.920829, -0.124198, -0.012671, 0.985876, -0.166996, -0.030536, 0.000000, 0.000000, 0.000000, 1.000000
27.5502, 4.0053, -43.4676, 183.7701, 205.7701, -4.0053, 243.5410, -8.7546, -124.1511, -30.5394, 0.983205, 0.059139, -0.172655, 0.004005, -0.102283, 0.962063, -0.252928, -0.043468, 0.151147, 0.266340, 0.951955, 0.183770, 0.000000, 0.000000, 0.000000, 1.000000, 0.151147, 0.266340, 0.951955, 0.205770, -0.983205, -0.059139, 0.172655, -0.004005, 0.102283, -0.962063, 0.252928, 0.243541, 0.000000, 0.000000, 0.000000, 1.000000, -0.932420, 0.048996, 0.358041, -0.008755, 0.361136, 0.162536, 0.918239, -0.124151, -0.013205, 0.985485, -0.169246, -0.030539, 0.000000, 0.000000, 0.000000, 1.000000
27.6820, 3.9190, -43.4639, 183.7370, 205.7370, -3.9190, 243.5373, -8.9629, -124.1811, -30.5455, 0.982783, 0.059982, -0.174758, 0.003919, -0.103211, 0.962733, -0.249985, -0.043464, 0.153251, 0.263718, 0.952348, 0.183737, 0.000000, 0.000000, 0.000000, 1.000000, 0.153251, 0.263718, 0.952348, 0.205737, -0.982783, -0.059982, 0.174758, -0.003919, 0.103211, -0.962733, 0.249985, 0.243537, 0.000000, 0.000000, 0.000000, 1.000000, -0.930769, 0.048018, 0.362440, -0.008963, 0.365341, 0.159976, 0.917024, -0.124181, -0.013948, 0.985952, -0.166444, -0.030546, 0.000000, 0.000000, 0.000000, 1.000000
27.8200, 3.8695, -43.4696, 183.6205, 205.6205, -3.8695, 243.5430, -9.2394, -124.2821, -30.5664, 0.981954, 0.059609, -0.179478, 0.003870, -0.104015, 0.962822, -0.249307, -0.043470, 0.157945, 0.263476, 0.951648, 0.183620, 0.000000, 0.000000, 0.000000, 1.000000, 0.157945, 0.263476, 0.951648, 0.205620, -0.981954, -0.059609, 0.179478, -0.003870, 0.104015, -0.962822, 0.249307, 0.243543, 0.000000, 0.000000, 0.000000, 1.000000, -0.928100, 0.048719, 0.369131, -0.009239, 0.372056, 0.159536, 0.914397, -0.124282, -0.014341, 0.985989, -0.166191, -0.030566, 0.000000, 0.000000, 0.000000, 1.000000
27.9567, 3.7822, -43.4766, 183.6971, 205.6971, -3.7822, 243.5500, -9.4343, -124.2032, -30.5722, 0.981218, 0.058502, -0.183816, 0.003782, -0.104261, 0.962563, -0.250204, -0.043477, 0.162297, 0.264670, 0.950584, 0.183697, 0.000000, 0.000000, 0.000000, 1.000000, 0.162297, 0.264670, 0.950584, 0.205697, -0.981218, -0.058502, 0.183816, -0.003782, 0.104261, -0.962563, 0.250204, 0.243550, 0.000000, 0.000000, 0.000000, 1.000000, -0.925548, 0.050427, 0.375257, -0.009434, 0.378363, 0.160371, 0.911659, -0.124203, -0.014208, 0.985768, -0.167511, -0.030572, 0.000000, 0.000000, 0.000000, 1.000000
28.0811, 3.6070, -43.4936, 183.8931, 205.8931, -3.6070, 243.5670, -9.4906, -124.0280, -30.5827, 0.982715, 0.059726, -0.175223, 0.003607, -0.103015, 0.962868, -0.249547, -0.043494, 0.153812, 0.263284, 0.952378, 0.183893, 0.000000, 0.000000, 0.000000, 1.000000, 0.153812, 0.263284, 0.952378, 0.205893, -0.982715, -0.059726, 0.175223, -0.003607, 0.103015, -0.962868, 0.249547, 0.243567, 0.000000, 0.000000, 0.000000, 1.000000, -0.928002, 0.049291, 0.369300, -0.009491, 0.372322, 0.159146, 0.914357, -0.124028, -0.013703, 0.986024, -0.166040, -0.030583, 0.000000, 0.000000, 0.000000, 1.000000
28.1962, 3.5615, -43.4658, 183.7948, 205.7948, -3.5615, 243.5393, -9.7161, -124.1171, -30.5684, 0.980274, 0.060108, -0.188284, 0.003561, -0.106427, 0.963260, -0.246584, -0.043466, 0.166544, 0.261758, 0.950655, 0.183795, 0.000000, 0.000000, 0.000000, 1.000000, 0.166544, 0.261758, 0.950655, 0.205795, -0.980274, -0.060108, 0.188284, -0.003561, 0.106427, -0.963260, 0.246584, 0.243539, 0.000000, 0.000000, 0.000000, 1.000000, -0.922198, 0.048917, 0.383613, -0.009716, 0.386387, 0.157606, 0.908771, -0.124117, -0.016005, 0.986290, -0.164244, -0.030568, 0.000000, 0.000000, 0.000000, 1.000000
28.3236, 3.5017, -43.4527, 183.8347, 205.8347, -3.5017, 243.5262, -9.9243, -124.0711, -30.5558, 0.980281, 0.059223, -0.188525, 0.003502, -0.106564, 0.961855, -0.251949, -0.043453, 0.166413, 0.267071, 0.949200, 0.183835, 0.000000, 0.000000, 0.000000, 1.000000, 0.166413, 0.267071, 0.949200, 0.205835, -0.980281, -0.059223, 0.188525, -0.003502, 0.106564, -0.961855, 0.251949, 0.243526, 0.000000, 0.000000, 0.000000, 1.000000, -0.921380, 0.051258, 0.385268, -0.009924, 0.388327, 0.162610, 0.907061, -0.124071, -0.016154, 0.985358, -0.169731, -0.030556, 0.000000, 0.000000, 0.000000, 1.000000
28.4366, 3.3269, -43.4737, 183.9302, 205.9302, -3.3269, 243.5472, -9.9782, -123.9951, -30.5802, 0.979794, 0.059980, -0.190805, 0.003327, -0.107485, 0.962417, -0.249401, -0.043474, 0.168675, 0.264870, 0.949417, 0.183930, 0.000000, 0.000000, 0.000000, 1.000000, 0.168675, 0.264870, 0.949417, 0.205930, -0.979794, -0.059980, 0.190805, -0.003327, 0.107485, -0.962417, 0.249401, 0.243547, 0.000000, 0.000000, 0.000000, 1.000000, -0.919669, 0.050369, 0.389450, -0.009978, 0.392331, 0.160481, 0.905716, -0.123995, -0.016879, 0.985753, -0.167351, -0.030580, 0.000000, 0.000000, 0.000000, 1.000000
28.5886, 3.2706, -43.4493, 183.9404, 205.9404, -3.2706, 243.5228, -10.2489, -123.9737, -30.5591, 0.979756, 0.059438, -0.191168, 0.003271, -0.107352, 0.961994, -0.251085, -0.043449, 0.168978, 0.266524, 0.948900, 0.183940, 0.000000, 0.000000, 0.000000, 1.000000, 0.168978, 0.266524, 0.948900, 0.205940, -0.979756, -0.059438, 0.191168, -0.003271, 0.107352, -0.961994, 0.251085, 0.243523, 0.000000, 0.000000, 0.000000, 1.000000, -0.918512, 0.051681, 0.392001, -0.010249, 0.395040, 0.161875, 0.904290, -0.123974, -0.016720, 0.985457, -0.169100, -0.030559, 0.000000, 0.000000, 0.000000, 1.000000
28.7033, 3.1797, -43.4620, 183.9865, 205.9865, -3.1797, 243.5354, -10.3987, -123.9274, -30.5739, 0.979860, 0.058754, -0.190845, 0.003180, -0.106924, 0.961552, -0.252952, -0.043462, 0.168646, 0.268264, 0.948469, 0.183986, 0.000000, 0.000000, 0.000000, 1.000000, 0.168646, 0.268264, 0.948469, 0.205986, -0.979860, -0.058754, 0.190845, -0.003180, 0.106924, -0.961552, 0.252952, 0.243535, 0.000000, 0.000000, 0.000000, 1.000000, -0.917876, 0.053052, 0.393304, -0.010399, 0.396531, 0.163350, 0.903372, -0.123927, -0.016320, 0.985141, -0.170972, -0.030574, 0.000000, 0.000000, 0.000000, 1.000000
28.8360, 3.1221, -43.4019, 183.8028, 205.8028, -3.1221, 243.4754, -10.6699, -124.1006, -30.5369, 0.977839, 0.058116, -0.201132, 0.003122, -0.109376, 0.960977, -0.254085, -0.043402, 0.178517, 0.270453, 0.946037, 0.183803, 0.000000, 0.000000, 0.000000, 1.000000, 0.178517, 0.270453, 0.946037, 0.205803, -0.977839, -0.058116, 0.201132, -0.003122, 0.109376, -0.960977, 0.254085, 0.243475, 0.000000, 0.000000, 0.000000, 1.000000, -0.912797, 0.054536, 0.404756, -0.010670, 0.408020, 0.165263, 0.897891, -0.124101, -0.017924, 0.984740, -0.173104, -0.030537, 0.000000, 0.000000, 0.000000, 1.000000
28.9485, 3.0549, -43.4224, 183.8221, 205.8221, -3.0549, 243.4958, -10.8448, -124.0739, -30.5602, 0.977713, 0.058711, -0.201570, 0.003055, -0.109602, 0.961624, -0.251529, -0.043422, 0.179067, 0.268016, 0.946627, 0.183822, 0.000000, 0.000000, 0.000000, 1.000000, 0.179067, 0.268016, 0.946627, 0.205822, -0.977713, -0.058711, 0.201570, -0.003055, 0.109602, -0.961624, 0.251529, 0.243496, 0.000000, 0.000000, 0.000000, 1.000000, -0.911753, 0.053738, 0.407208, -0.010845, 0.410340, 0.162864, 0.897272, -0.124074, -0.018102, 0.985184, -0.170542, -0.030560, 0.000000, 0.000000, 0.000000, 1.000000
29.0742, 2.9593, -43.4038, 183.7632, 205.7632, -2.9593, 243.4773, -11.0375, -124.1309, -30.5548, 0.975321, 0.058482, -0.212905, 0.002959, -0.111748, 0.962406, -0.247563, -0.043404, 0.190423, 0.265245, 0.945190, 0.183763, 0.000000, 0.000000, 0.000000, 1.000000, 0.190423, 0.265245, 0.945190, 0.205763, -0.975321, -0.058482, 0.212905, -0.002959, 0.111748, -0.962406, 0.247563, 0.243477, 0.000000, 0.000000, 0.000000, 1.000000, -0.905925, 0.053694, 0.420020, -0.011037, 0.422999, 0.159926, 0.891906, -0.124131, -0.019282, 0.985668, -0.167594, -0.030555, 0.000000, 0.000000, 0.000000, 1.000000
29.1907, 2.8737, -43.4185, 183.8715, 205.8715, -2.8737, 243.4920, -11.1813, -124.0220, -30.5650, 0.975910, 0.058065, -0.210307, 0.002874, -0.111068, 0.961900, -0.249824, -0.043419, 0.187788, 0.267164, 0.945177, 0.183872, 0.000000, 0.000000, 0.000000, 1.000000, 0.187788, 0.267164, 0.945177, 0.205872, -0.975910, -0.058065, 0.210307, -0.002874, 0.111068, -0.961900, 0.249824, 0.243492, 0.000000, 0.000000, 0.000000, 1.000000, -0.906235, 0.054860, 0.419200, -0.011181, 0.422355, 0.161630, 0.891904, -0.124022, -0.018825, 0.985325, -0.169645, -0.030565, 0.000000, 0.000000, 0.000000, 1.000000
29.3023, 2.7934, -43.4290, 183.8236, 205.8236, -2.7934, 243.5024, -11.3573, -124.0640, -30.5861, 0.975220, 0.059400, -0.213112, 0.002793, -0.111760, 0.963607, -0.242840, -0.043429, 0.190931, 0.260640, 0.946368, 0.183824, 0.000000, 0.000000, 0.000000, 1.000000, 0.190931, 0.260640, 0.946368, 0.205824, -0.975220, -0.059400, 0.213112, -0.002793, 0.111760, -0.963607, 0.242840, 0.243502, 0.000000, 0.000000, 0.000000, 1.000000, -0.904014, 0.052381, 0.424282, -0.011357, 0.427069, 0.155347, 0.890774, -0.124064, -0.019251, 0.986470, -0.162806, -0.030586, 0.000000, 0.000000, 0.000000, 1.000000
29.4354, 2.7414, -43.3990, 183.6814, 205.6814, -2.7414, 243.4724, -11.6286, -124.1902, -30.5744, 0.973306, 0.059450, -0.221676, 0.002741, -0.113404, 0.964298, -0.239309, -0.043399, 0.199535, 0.258060, 0.945299, 0.183681, 0.000000, 0.000000, 0.000000, 1.000000, 0.199535, 0.258060, 0.945299, 0.205681, -0.973306, -0.059450, 0.221676, -0.002741, 0.113404, -0.964298, 0.239309, 0.243472, 0.000000, 0.000000, 0.000000, 1.000000, -0.899138, 0.052096, 0.434553, -0.011629, 0.437199, 0.152668, 0.886312, -0.124190, -0.020169, 0.986903, -0.160046, -0.030574, 0.000000, 0.000000, 0.000000, 1.000000
29.5594, 2.5538, -43.3972, 183.9184, 205.9184, -2.5538, 243.4706, -11.6570, -123.9816, -30.5630, 0.973587, 0.058179, -0.220780, 0.002554, -0.113470, 0.962409, -0.246765, -0.043397, 0.198124, 0.265299, 0.943591, 0.183918, 0.000000, 0.000000, 0.000000, 1.000000, 0.198124, 0.265299, 0.943591, 0.205918, -0.973587, -0.058179, 0.220780, -0.002554, 0.113470, -0.962409, 0.246765, 0.243471, 0.000000, 0.000000, 0.000000, 1.000000, -0.898814, 0.055353, 0.434822, -0.011657, 0.437858, 0.159445, 0.884792, -0.123982, -0.020354, 0.985654, -0.167548, -0.030563, 0.000000, 0.000000, 0.000000, 1.000000
29.6741, 2.5028, -43.3479, 183.8905, 205.8905, -2.5028, 243.4214, -11.8604, -124.0029, -30.5207, 0.973076, 0.057033, -0.223318, 0.002503, -0.114272, 0.960814, -0.252543, -0.043348, 0.200164, 0.271262, 0.941462, 0.183891, 0.000000, 0.000000, 0.000000, 1.000000, 0.200164, 0.271262, 0.941462, 0.205891, -0.973076, -0.057033, 0.223318, -0.002503, 0.114272, -0.960814, 0.252543, 0.243421, 0.000000, 0.000000, 0.000000, 1.000000, -0.896972, 0.058189, 0.438242, -0.011860, 0.441590, 0.164984, 0.881918, -0.124003, -0.020985, 0.984578, -0.173682, -0.030521, 0.000000, 0.000000, 0.000000, 1.000000
29.8103, 2.4118, -43.3748, 183.9145, 205.9145, -2.4118, 243.4483, -12.0625, -123.9704, -30.5518, 0.972661, 0.059040, -0.224601, 0.002412, -0.115080, 0.962584, -0.245335, -0.043375, 0.201712, 0.264474, 0.943062, 0.183915, 0.000000, 0.000000, 0.000000, 1.000000, 0.201712, 0.264474, 0.943062, 0.205915, -0.972661, -0.059040, 0.224601, -0.002412, 0.115080, -0.962584, 0.245335, 0.243448, 0.000000, 0.000000, 0.000000, 1.000000, -0.895167, 0.055019, 0.442322, -0.012062, 0.445204, 0.158597, 0.881272, -0.123970, -0.021664, 0.985809, -0.166466, -0.030552, 0.000000, 0.000000, 0.000000, 1.000000
29.8947, 2.3799, -43.3418, 183.8249, 205.8249, -2.3799, 243.4153, -12.2353, -124.0503, -30.5303, 0.970954, 0.059011, -0.231874, 0.002380, -0.117095, 0.962319, -0.245419, -0.043342, 0.208654, 0.265442, 0.941278, 0.183825, 0.000000, 0.000000, 0.000000, 1.000000, 0.208654, 0.265442, 0.941278, 0.205825, -0.970954, -0.059011, 0.231874, -0.002380, 0.117095, -0.962319, 0.245419, 0.243415, 0.000000, 0.000000, 0.000000, 1.000000, -0.891204, 0.055513, 0.450193, -0.012235, 0.453015, 0.159471, 0.877124, -0.124050, -0.023101, 0.985641, -0.167269, -0.030530, 0.000000, 0.000000, 0.000000, 1.000000
29.9514, 2.2612, -43.3563, 183.9386, 205.9386, -2.2612, 243.4298, -12.2152, -123.9564, -30.5423, 0.970453, 0.058797, -0.234015, 0.002261, -0.117758, 0.961923, -0.246651, -0.043356, 0.210602, 0.266921, 0.940425, 0.183939, 0.000000, 0.000000, 0.000000, 1.000000, 0.210602, 0.266921, 0.940425, 0.205939, -0.970453, -0.058797, 0.234015, -0.002261, 0.117758, -0.961923, 0.246651, 0.243430, 0.000000, 0.000000, 0.000000, 1.000000, -0.889809, 0.056233, 0.452856, -0.012215, 0.455723, 0.160831, 0.875471, -0.123956, -0.023602, 0.985379, -0.168736, -0.030542, 0.000000, 0.000000, 0.000000, 1.000000
29.9703, 2.1830, -43.3927, 184.0273, 206.0273, -2.1830, 243.4661, -12.1597, -123.8822, -30.5754, 0.971370, 0.059108, -0.230103, 0.002183, -0.116652, 0.962424, -0.245219, -0.043393, 0.206962, 0.265040, 0.941765, 0.184027, 0.000000, 0.000000, 0.000000, 1.000000, 0.206962, 0.265040, 0.941765, 0.206027, -0.971370, -0.059108, 0.230103, -0.002183, 0.116652, -0.962424, 0.245219, 0.243466, 0.000000, 0.000000, 0.000000, 1.000000, -0.891415, 0.055532, 0.449772, -0.012160, 0.452614, 0.159022, 0.877412, -0.123882, -0.022799, 0.985712, -0.166890, -0.030575, 0.000000, 0.000000, 0.000000, 1.000000
29.9799, 2.1992, -43.3584, 183.9173, 205.9173, -2.1992, 243.4318, -12.2227, -123.9860, -30.5510, 0.970248, 0.058665, -0.234898, 0.002199, -0.117653, 0.962189, -0.245661, -0.043358, 0.211604, 0.265989, 0.940464, 0.183917, 0.000000, 0.000000, 0.000000, 1.000000, 0.211604, 0.265989, 0.940464, 0.205917, -0.970248, -0.058665, 0.234898, -0.002199, 0.117653, -0.962189, 0.245661, 0.243432, 0.000000, 0.000000, 0.000000, 1.000000, -0.889124, 0.056217, 0.454202, -0.012223, 0.457068, 0.159843, 0.874951, -0.123986, -0.023414, 0.985540, -0.167816, -0.030551, 0.000000, 0.000000, 0.000000, 1.000000
29.9848, 2.1740, -43.3727, 184.0075, 206.0075, -2.1740, 243.4462, -12.1865, -123.9027, -30.5582, 0.970691, 0.058707, -0.233051, 0.002174, -0.117402, 0.961961, -0.246675, -0.043373, 0.209704, 0.266805, 0.940659, 0.184008, 0.000000, 0.000000, 0.000000, 1.000000, 0.209704, 0.266805, 0.940659, 0.206008, -0.970691, -0.058707, 0.233051, -0.002174, 0.117402, -0.961961, 0.246675, 0.243446, 0.000000, 0.000000, 0.000000, 1.000000, -0.889984, 0.056387, 0.452493, -0.012186, 0.455396, 0.160661, 0.875673, -0.123903, -0.023321, 0.985398, -0.168664, -0.030558, 0.000000, 0.000000, 0.000000, 1.000000
29.9870, 2.1665, -43.3635, 183.9077, 205.9077, -2.1665, 243.4370, -12.2089, -124.0012, -30.5596, 0.970829, 0.059681, -0.232227, 0.002167, -0.117783, 0.962322, -0.245081, -0.043364, 0.208851, 0.265284, 0.941279, 0.183908, 0.000000, 0.000000, 0.000000, 1.000000, 0.208851, 0.265284, 0.941279, 0.205908, -0.970829, -0.059681, 0.232227, -0.002167, 0.117783, -0.962322, 0.245081, 0.243437, 0.000000, 0.000000, 0.000000, 1.000000, -0.890334, 0.055082, 0.451963, -0.012209, 0.454686, 0.159394, 0.876273, -0.124001, -0.023773, 0.985677, -0.166959, -0.030560, 0.000000, 0.000000, 0.000000, 1.000000
29.9883, 2.1682, -43.3656, 183.9603, 205.9603, -2.1682, 243.4390, -12.2002, -123.9496, -30.5562, 0.970410, 0.058705, -0.234217, 0.002168, -0.117626, 0.962051, -0.246216, -0.043366, 0.210874, 0.266481, 0.940489, 0.183960, 0.000000, 0.000000, 0.000000, 1.000000, 0.210874, 0.266481, 0.940489, 0.205960, -0.970410, -0.058705, 0.234217, -0.002168, 0.117626, -0.962051, 0.246216, 0.243439, 0.000000, 0.000000, 0.000000, 1.000000, -0.889398, 0.056320, 0.453651, -0.012200, 0.456532, 0.160334, 0.875141, -0.123950, -0.023448, 0.985455, -0.168313, -0.030556, 0.000000, 0.000000, 0.000000, 1.000000
29.9892, 2.1402, -43.3870, 184.0016, 206.0016, -2.1402, 243.4605, -12.1655, -123.9142, -30.5755, 0.971366, 0.059492, -0.230018, 0.002140, -0.116705, 0.962769, -0.243834, -0.043387, 0.206948, 0.263696, 0.942145, 0.184002, 0.000000, 0.000000, 0.000000, 1.000000, 0.206948, 0.263696, 0.942145, 0.206002, -0.971366, -0.059492, 0.230018, -0.002140, 0.116705, -0.962769, 0.243834, 0.243460, 0.000000, 0.000000, 0.000000, 1.000000, -0.891269, 0.054889, 0.450141, -0.012165, 0.452899, 0.157767, 0.877492, -0.123914, -0.022853, 0.985950, -0.165471, -0.030575, 0.000000, 0.000000, 0.000000, 1.000000
29.9896, 2.1612, -43.3800, 183.9662, 205.9662, -2.1612, 243.4535, -12.1954, -123.9438, -30.5705, 0.970890, 0.059107, -0.232118, 0.002161, -0.117142, 0.962447, -0.244896, -0.043380, 0.208926, 0.264958, 0.941354, 0.183966, 0.000000, 0.000000, 0.000000, 1.000000, 0.208926, 0.264958, 0.941354, 0.205966, -0.970890, -0.059107, 0.232118, -0.002161, 0.117142, -0.962447, 0.244896, 0.243453, 0.000000, 0.000000, 0.000000, 1.000000, -0.890323, 0.055567, 0.451925, -0.012195, 0.454741, 0.158922, 0.876330, -0.123944, -0.023126, 0.985726, -0.166761, -0.030570, 0.000000, 0.000000, 0.000000, 1.000000

=== NEW ITERATION ===
# Joint_6_Angle(deg), Cam_X(mm), Cam_Y(mm), Cam_Z(mm), Torso_X(mm), Torso_Y(mm), Torso_Z(mm), EE_X(mm), EE_Y(mm), EE_Z(mm), T_cam2marker_flat(16), T_torso2marker_flat(16), T_ee2marker_flat(16)
0.0000, 27.6690, -45.7266, 185.2773, 207.2773, -27.6690, 245.8001, 26.3527, -118.9421, -30.7891, 0.953234, 0.060249, -0.296168, 0.027669, -0.115360, 0.978269, -0.172286, -0.045727, 0.279352, 0.198395, 0.939469, 0.185277, 0.000000, 0.000000, 0.000000, 1.000000, 0.279352, 0.198395, 0.939469, 0.207277, -0.953234, -0.060249, 0.296168, -0.027669, 0.115360, -0.978269, 0.172286, 0.245800, 0.000000, 0.000000, 0.000000, 1.000000, -0.999650, -0.013777, 0.022587, 0.026353, 0.021095, 0.100243, 0.994739, -0.118942, -0.015968, 0.994868, -0.099917, -0.030789, 0.000000, 0.000000, 0.000000, 1.000000
0.0246, 27.6611, -45.6850, 185.1235, 207.1235, -27.6611, 245.7584, 26.3533, -119.1022, -30.7636, 0.952409, 0.060037, -0.298854, 0.027661, -0.115659, 0.978272, -0.172065, -0.045685, 0.282030, 0.198442, 0.938659, 0.185124, 0.000000, 0.000000, 0.000000, 1.000000, 0.282030, 0.198442, 0.938659, 0.207124, -0.952409, -0.060037, 0.298854, -0.027661, 0.115659, -0.978272, 0.172065, 0.245758, 0.000000, 0.000000, 0.000000, 1.000000, -0.999575, -0.013541, 0.025826, 0.026353, 0.024340, 0.100351, 0.994654, -0.119102, -0.016061, 0.994860, -0.099979, -0.030764, 0.000000, 0.000000, 0.000000, 1.000000
0.1485, 27.6559, -45.6979, 185.2401, 207.2401, -27.6559, 245.7713, 26.0693, -119.0445, -30.7652, 0.953166, 0.060111, -0.296413, 0.027656, -0.115585, 0.978056, -0.173339, -0.045698, 0.279489, 0.199481, 0.939198, 0.185240, 0.000000, 0.000000, 0.000000, 1.000000, 0.279489, 0.199481, 0.939198, 0.207240, -0.953166, -0.060111, 0.296413, -0.027656, 0.115585, -0.978056, 0.173339, 0.245771, 0.000000, 0.000000, 0.000000, 1.000000, -0.999585, -0.013685, 0.025368, 0.026069, 0.023852, 0.101376, 0.994562, -0.119044, -0.016182, 0.994754, -0.101007, -0.030765, 0.000000, 0.000000, 0.000000, 1.000000
0.3485, 27.5483, -45.7008, 185.2856, 207.2856, -27.5483, 245.7743, 25.7454, -119.0625, -30.7717, 0.954489, 0.059484, -0.292253, 0.027548, -0.113980, 0.978279, -0.173141, -0.045701, 0.275606, 0.198573, 0.940537, 0.185286, 0.000000, 0.000000, 0.000000, 1.000000, 0.275606, 0.198573, 0.940537, 0.207286, -0.954489, -0.059484, 0.292253, -0.027548, 0.113980, -0.978279, 0.173141, 0.245774, 0.000000, 0.000000, 0.000000, 1.000000, -0.999622, -0.012475, 0.024515, 0.025745, 0.023136, 0.100696, 0.994648, -0.119063, -0.014876, 0.994839, -0.100370, -0.030772, 0.000000, 0.000000, 0.000000, 1.000000
0.5001, 27.3902, -45.6846, 185.1268, 207.1268, -27.3902, 245.7581, 25.6241, -119.2432, -30.7831, 0.954885, 0.059476, -0.290958, 0.027390, -0.113960, 0.978118, -0.174062, -0.045685, 0.274239, 0.199367, 0.940769, 0.185127, 0.000000, 0.000000, 0.000000, 1.000000, 0.274239, 0.199367, 0.940769, 0.207127, -0.954885, -0.059476, 0.290958, -0.027390, 0.113960, -0.978118, 0.174062, 0.245758, 0.000000, 0.000000, 0.000000, 1.000000, -0.999591, -0.012416, 0.025751, 0.025624, 0.024360, 0.101508, 0.994536, -0.119243, -0.014963, 0.994757, -0.101164, -0.030783, 0.000000, 0.000000, 0.000000, 1.000000
0.6671, 27.2144, -45.6503, 185.0298, 207.0298, -27.2144, 245.7237, 25.4733, -119.3683, -30.7716, 0.955238, 0.060788, -0.289525, 0.027214, -0.114721, 0.978196, -0.173122, -0.045650, 0.272688, 0.198587, 0.941384, 0.185030, 0.000000, 0.000000, 0.000000, 1.000000, 0.272688, 0.198587, 0.941384, 0.207030, -0.955238, -0.060788, 0.289525, -0.027214, 0.114721, -0.978196, 0.173122, 0.245724, 0.000000, 0.000000, 0.000000, 1.000000, -0.999543, -0.013183, 0.027207, 0.025473, 0.025748, 0.100449, 0.994609, -0.119368, -0.015845, 0.994855, -0.100064, -0.030772, 0.000000, 0.000000, 0.000000, 1.000000
0.8112, 27.0998, -45.6528, 185.2151, 207.2151, -27.0998, 245.7263, 25.2373, -119.2239, -30.7643, 0.956981, 0.059301, -0.284025, 0.027100, -0.112963, 0.977804, -0.176461, -0.045653, 0.267257, 0.200955, 0.942439, 0.185215, 0.000000, 0.000000, 0.000000, 1.000000, 0.267257, 0.200955, 0.942439, 0.207215, -0.956981, -0.059301, 0.284025, -0.027100, 0.112963, -0.977804, 0.176461, 0.245726, 0.000000, 0.000000, 0.000000, 1.000000, -0.999643, -0.012119, 0.023823, 0.025237, 0.022447, 0.103173, 0.994410, -0.119224, -0.014509, 0.994590, -0.102864, -0.030764, 0.000000, 0.000000, 0.000000, 1.000000
1.0288, 26.9541, -45.6500, 185.1588, 207.1588, -26.9541, 245.7235, 24.9391, -119.3368, -30.7779, 0.957842, 0.059113, -0.281147, 0.026954, -0.111899, 0.978085, -0.175579, -0.045650, 0.264607, 0.199637, 0.943466, 0.185159, 0.000000, 0.000000, 0.000000, 1.000000, 0.264607, 0.199637, 0.943466, 0.207159, -0.957842, -0.059113, 0.281147, -0.026954, 0.111899, -0.978085, 0.175579, 0.245723, 0.000000, 0.000000, 0.000000, 1.000000, -0.999633, -0.011199, 0.024656, 0.024939, 0.023387, 0.101972, 0.994512, -0.119337, -0.013652, 0.994724, -0.101673, -0.030778, 0.000000, 0.000000, 0.000000, 1.000000
1.1342, 26.8336, -45.6551, 185.1757, 207.1757, -26.8336, 245.7286, 24.8313, -119.3358, -30.7903, 0.958691, 0.060151, -0.278017, 0.026834, -0.112150, 0.978143, -0.175098, -0.045655, 0.261408, 0.199044, 0.944482, 0.185176, 0.000000, 0.000000, 0.000000, 1.000000, 0.261408, 0.199044, 0.944482, 0.207176, -0.958691, -0.060151, 0.278017, -0.026834, 0.112150, -0.978143, 0.175098, 0.245729, 0.000000, 0.000000, 0.000000, 1.000000, -0.999659, -0.011865, 0.023265, 0.024831, 0.021947, 0.101157, 0.994628, -0.119336, -0.014154, 0.994800, -0.100862, -0.030790, 0.000000, 0.000000, 0.000000, 1.000000
1.2691, 26.6554, -45.5735, 184.9874, 206.9874, -26.6554, 245.6469, 24.7753, -119.5381, -30.7411, 0.959228, 0.059798, -0.276236, 0.026655, -0.111163, 0.978413, -0.174213, -0.045573, 0.259855, 0.197817, 0.945169, 0.184987, 0.000000, 0.000000, 0.000000, 1.000000, 0.259855, 0.197817, 0.945169, 0.206987, -0.959228, -0.059798, 0.276236, -0.026655, 0.111163, -0.978413, 0.174213, 0.245647, 0.000000, 0.000000, 0.000000, 1.000000, -0.999656, -0.010965, 0.023806, 0.024775, 0.022591, 0.100066, 0.994724, -0.119538, -0.013289, 0.994920, -0.099784, -0.030741, 0.000000, 0.000000, 0.000000, 1.000000
1.3878, 26.5496, -45.5525, 184.9532, 206.9532, -26.5496, 245.6260, 24.6401, -119.5979, -30.7316, 0.959325, 0.059469, -0.275970, 0.026550, -0.111224, 0.978112, -0.175860, -0.045553, 0.259472, 0.199401, 0.944941, 0.184953, 0.000000, 0.000000, 0.000000, 1.000000, 0.259472, 0.199401, 0.944941, 0.206953, -0.959325, -0.059469, 0.275970, -0.026550, 0.111224, -0.978112, 0.175860, 0.245626, 0.000000, 0.000000, 0.000000, 1.000000, -0.999616, -0.010845, 0.025506, 0.024640, 0.024272, 0.101723, 0.994517, -0.119598, -0.013380, 0.994754, -0.101421, -0.030732, 0.000000, 0.000000, 0.000000, 1.000000
1.5152, 26.4836, -45.5406, 184.9173, 206.9173, -26.4836, 245.6140, 24.4474, -119.6721, -30.7282, 0.959676, 0.059384, -0.274766, 0.026484, -0.111077, 0.977997, -0.176588, -0.045541, 0.258234, 0.199987, 0.945156, 0.184917, 0.000000, 0.000000, 0.000000, 1.000000, 0.258234, 0.199987, 0.945156, 0.206917, -0.959676, -0.059384, 0.274766, -0.026484, 0.111077, -0.977997, 0.176588, 0.245614, 0.000000, 0.000000, 0.000000, 1.000000, -0.999593, -0.010685, 0.026432, 0.024447, 0.025202, 0.102344, 0.994430, -0.119672, -0.013331, 0.994692, -0.102033, -0.030728, 0.000000, 0.000000, 0.000000, 1.000000
1.6479, 26.3847, -45.5447, 184.9743, 206.9743, -26.3847, 245.6182, 24.2522, -119.6491, -30.7341, 0.960876, 0.058868, -0.270649, 0.026385, -0.109963, 0.977923, -0.177692, -0.045545, 0.254214, 0.200501, 0.946137, 0.184974, 0.000000, 0.000000, 0.000000, 1.000000, 0.254214, 0.200501, 0.946137, 0.206974, -0.960876, -0.058868, 0.270649, -0.026385, 0.109963, -0.977923, 0.177692, 0.245618, 0.000000, 0.000000, 0.000000, 1.000000, -0.999651, -0.010075, 0.024417, 0.024252, 0.023251, 0.102996, 0.994410, -0.119649, -0.012534, 0.994631, -0.102725, -0.030734, 0.000000, 0.000000, 0.000000, 1.000000
1.7815, 26.2502, -45.5629, 184.9188, 206.9188, -26.2502, 245.6363, 24.1144, -119.7255, -30.7675, 0.960907, 0.060063, -0.270279, 0.026250, -0.110335, 0.978395, -0.174843, -0.045563, 0.253938, 0.197829, 0.946773, 0.184919, 0.000000, 0.000000, 0.000000, 1.000000, 0.253938, 0.197829, 0.946773, 0.206919, -0.960907, -0.060063, 0.270279, -0.026250, 0.110335, -0.978395, 0.174843, 0.245636, 0.000000, 0.000000, 0.000000, 1.000000, -0.999595, -0.010331, 0.026502, 0.024114, 0.025337, 0.100110, 0.994654, -0.119725, -0.012928, 0.994923, -0.099808, -0.030768, 0.000000, 0.000000, 0.000000, 1.000000
1.9187, 26.1115, -45.5597, 184.9318, 206.9318, -26.1115, 245.6332, 23.9596, -119.7377, -30.7735, 0.962352, 0.059708, -0.265166, 0.026112, -0.109131, 0.978365, -0.175763, -0.045560, 0.248935, 0.198084, 0.948048, 0.184932, 0.000000, 0.000000, 0.000000, 1.000000, 0.248935, 0.198084, 0.948048, 0.206932, -0.962352, -0.059708, 0.265166, -0.026112, 0.109131, -0.978365, 0.175763, 0.245633, 0.000000, 0.000000, 0.000000, 1.000000, -0.999675, -0.009808, 0.023550, 0.023960, 0.022447, 0.100467, 0.994687, -0.119738, -0.012122, 0.994892, -0.100215, -0.030773, 0.000000, 0.000000, 0.000000, 1.000000
2.0558, 25.9359, -45.5632, 185.0144, 207.0144, -25.9359, 245.6367, 23.8242, -119.6734, -30.7818, 0.963835, 0.058968, -0.259894, 0.025936, -0.107908, 0.978046, -0.178273, -0.045563, 0.243676, 0.199870, 0.949038, 0.185014, 0.000000, 0.000000, 0.000000, 1.000000, 0.243676, 0.199870, 0.949038, 0.207014, -0.963835, -0.058968, 0.259894, -0.025936, 0.107908, -0.978046, 0.178273, 0.245637, 0.000000, 0.000000, 0.000000, 1.000000, -0.999750, -0.009285, 0.020357, 0.023824, 0.019300, 0.102420, 0.994554, -0.119673, -0.011319, 0.994698, -0.102215, -0.030782, 0.000000, 0.000000, 0.000000, 1.000000
2.2100, 25.8633, -45.5398, 184.8885, 206.8885, -25.8633, 245.6133, 23.6027, -119.8442, -30.7764, 0.963653, 0.059419, -0.260467, 0.025863, -0.108118, 0.978285, -0.176832, -0.045540, 0.244303, 0.198566, 0.949151, 0.184889, 0.000000, 0.000000, 0.000000, 1.000000, 0.244303, 0.198566, 0.949151, 0.206889, -0.963653, -0.059419, 0.260467, -0.025863, 0.108118, -0.978285, 0.176832, 0.245613, 0.000000, 0.000000, 0.000000, 1.000000, -0.999677, -0.009132, 0.023701, 0.023603, 0.022658, 0.101057, 0.994623, -0.119844, -0.011478, 0.994839, -0.100817, -0.030776, 0.000000, 0.000000, 0.000000, 1.000000
2.3590, 25.8005, -45.5259, 184.8365, 206.8365, -25.8005, 245.5993, 23.3648, -119.9424, -30.7724, 0.963154, 0.059897, -0.262197, 0.025801, -0.108776, 0.978347, -0.176081, -0.045526, 0.245972, 0.198114, 0.948814, 0.184837, 0.000000, 0.000000, 0.000000, 1.000000, 0.245972, 0.198114, 0.948814, 0.206837, -0.963154, -0.059897, 0.262197, -0.025801, 0.108776, -0.978347, 0.176081, 0.245599, 0.000000, 0.000000, 0.000000, 1.000000, -0.999562, -0.009228, 0.028112, 0.023365, 0.027043, 0.100527, 0.994567, -0.119942, -0.012004, 0.994892, -0.100233, -0.030772, 0.000000, 0.000000, 0.000000, 1.000000
2.4781, 25.5991, -45.5215, 184.8267, 206.8267, -25.5991, 245.5949, 23.3136, -119.9549, -30.7840, 0.964791, 0.059426, -0.256216, 0.025599, -0.107234, 0.978375, -0.176872, -0.045521, 0.240165, 0.198120, 0.950300, 0.184827, 0.000000, 0.000000, 0.000000, 1.000000, 0.240165, 0.198120, 0.950300, 0.206827, -0.964791, -0.059426, 0.256216, -0.025599, 0.107234, -0.978375, 0.176872, 0.245595, 0.000000, 0.000000, 0.000000, 1.000000, -0.999676, -0.008560, 0.023972, 0.023314, 0.022989, 0.100656, 0.994656, -0.119955, -0.010928, 0.994884, -0.100427, -0.030784, 0.000000, 0.000000, 0.000000, 1.000000
2.6218, 25.4726, -45.5100, 184.8659, 206.8659, -25.4726, 245.5834, 23.1282, -119.9475, -30.7781, 0.966112, 0.058928, -0.251309, 0.025473, -0.106373, 0.977969, -0.179615, -0.045510, 0.235188, 0.200260, 0.951095, 0.184866, 0.000000, 0.000000, 0.000000, 1.000000, 0.235188, 0.200260, 0.951095, 0.206866, -0.966112, -0.058928, 0.251309, -0.025473, 0.106373, -0.977969, 0.179615, 0.245583, 0.000000, 0.000000, 0.000000, 1.000000, -0.999739, -0.008325, 0.021266, 0.023128, 0.020297, 0.102900, 0.994485, -0.119948, -0.010468, 0.994657, -0.102705, -0.030778, 0.000000, 0.000000, 0.000000, 1.000000
2.7558, 25.3881, -45.5052, 184.8180, 206.8180, -25.3881, 245.5787, 22.9404, -120.0294, -30.7844, 0.966450, 0.058849, -0.250024, 0.025388, -0.105636, 0.978334, -0.178054, -0.045505, 0.234129, 0.198492, 0.951727, 0.184818, 0.000000, 0.000000, 0.000000, 1.000000, 0.234129, 0.198492, 0.951727, 0.206818, -0.966450, -0.058849, 0.250024, -0.025388, 0.105636, -0.978334, 0.178054, 0.245579, 0.000000, 0.000000, 0.000000, 1.000000, -0.999721, -0.007595, 0.022355, 0.022940, 0.021473, 0.101190, 0.994635, -0.120029, -0.009816, 0.994838, -0.100998, -0.030784, 0.000000, 0.000000, 0.000000, 1.000000
2.8723, 25.2134, -45.5114, 184.8142, 206.8142, -25.2134, 245.5849, 22.8665, -120.0405, -30.8039, 0.967532, 0.060219, -0.245471, 0.025213, -0.106161, 0.978203, -0.178465, -0.045511, 0.229374, 0.198730, 0.952835, 0.184814, 0.000000, 0.000000, 0.000000, 1.000000, 0.229374, 0.198730, 0.952835, 0.206814, -0.967532, -0.060219, 0.245471, -0.025213, 0.106161, -0.978203, 0.178465, 0.245585, 0.000000, 0.000000, 0.000000, 1.000000, -0.999768, -0.008784, 0.019674, 0.022867, 0.018686, 0.101145, 0.994696, -0.120041, -0.010727, 0.994833, -0.100958, -0.030804, 0.000000, 0.000000, 0.000000, 1.000000
2.9883, 25.1312, -45.4778, 184.7486, 206.7486, -25.1312, 245.5512, 22.7204, -120.1353, -30.7831, 0.967443, 0.060077, -0.245854, 0.025131, -0.106053, 0.978249, -0.178276, -0.045478, 0.229796, 0.198545, 0.952771, 0.184749, 0.000000, 0.000000, 0.000000, 1.000000, 0.229796, 0.198545, 0.952771, 0.206749, -0.967443, -0.060077, 0.245854, -0.025131, 0.106053, -0.978249, 0.178276, 0.245551, 0.000000, 0.000000, 0.000000, 1.000000, -0.999721, -0.008398, 0.022092, 0.022720, 0.021132, 0.101011, 0.994661, -0.120135, -0.010585, 0.994850, -0.100805, -0.030783, 0.000000, 0.000000, 0.000000, 1.000000
3.1210, 25.0441, -45.4616, 184.7519, 206.7519, -25.0441, 245.5350, 22.5276, -120.1668, -30.7732, 0.967684, 0.059221, -0.245112, 0.025044, -0.105595, 0.977868, -0.180623, -0.045462, 0.228991, 0.200669, 0.952521, 0.184752, 0.000000, 0.000000, 0.000000, 1.000000, 0.228991, 0.200669, 0.952521, 0.206752, -0.967684, -0.059221, 0.245112, -0.025044, 0.105595, -0.977868, 0.180623, 0.245535, 0.000000, 0.000000, 0.000000, 1.000000, -0.999693, -0.007808, 0.023506, 0.022528, 0.022575, 0.103312, 0.994393, -0.120167, -0.010193, 0.994618, -0.103104, -0.030773, 0.000000, 0.000000, 0.000000, 1.000000
3.2273, 24.9082, -45.4558, 184.7256, 206.7256, -24.9082, 245.5292, 22.4429, -120.2054, -30.7802, 0.968584, 0.059423, -0.241483, 0.024908, -0.105530, 0.977481, -0.182742, -0.045456, 0.225186, 0.202485, 0.953043, 0.184726, 0.000000, 0.000000, 0.000000, 1.000000, 0.225186, 0.202485, 0.953043, 0.206726, -0.968584, -0.059423, 0.241483, -0.024908, 0.105530, -0.977481, 0.182742, 0.245529, 0.000000, 0.000000, 0.000000, 1.000000, -0.999735, -0.008224, 0.021511, 0.022443, 0.020529, 0.105082, 0.994252, -0.120205, -0.010437, 0.994430, -0.104885, -0.030780, 0.000000, 0.000000, 0.000000, 1.000000
3.3596, 24.7563, -45.4002, 184.5858, 206.5858, -24.7563, 245.4737, 22.3471, -120.3654, -30.7502, 0.968554, 0.060217, -0.241405, 0.024756, -0.105097, 0.978477, -0.177588, -0.045400, 0.225515, 0.197375, 0.954037, 0.184586, 0.000000, 0.000000, 0.000000, 1.000000, 0.225515, 0.197375, 0.954037, 0.206586, -0.968554, -0.060217, 0.241405, -0.024756, 0.105097, -0.978477, 0.177588, 0.245474, 0.000000, 0.000000, 0.000000, 1.000000, -0.999683, -0.007620, 0.024008, 0.022347, 0.023128, 0.099875, 0.994731, -0.120365, -0.009978, 0.994971, -0.099667, -0.030750, 0.000000, 0.000000, 0.000000, 1.000000
3.4937, 24.6653, -45.4142, 184.6150, 206.6150, -24.6653, 245.4876, 22.1470, -120.3687, -30.7679, 0.969353, 0.059593, -0.238334, 0.024665, -0.104093, 0.978375, -0.178735, -0.045414, 0.222529, 0.198066, 0.954594, 0.184615, 0.000000, 0.000000, 0.000000, 1.000000, 0.222529, 0.198066, 0.954594, 0.206615, -0.969353, -0.059593, 0.238334, -0.024665, 0.104093, -0.978375, 0.178735, 0.245488, 0.000000, 0.000000, 0.000000, 1.000000, -0.999709, -0.006927, 0.023122, 0.022147, 0.022308, 0.100705, 0.994666, -0.120369, -0.009218, 0.994892, -0.100521, -0.030768, 0.000000, 0.000000, 0.000000, 1.000000
3.6229, 24.6001, -45.3349, 184.4421, 206.4421, -24.6001, 245.4084, 21.9810, -120.5799, -30.7112, 0.968709, 0.059496, -0.240963, 0.024600, -0.104910, 0.978005, -0.180278, -0.045335, 0.224937, 0.199916, 0.953644, 0.184442, 0.000000, 0.000000, 0.000000, 1.000000, 0.224937, 0.199916, 0.953644, 0.206442, -0.968709, -0.059496, 0.240963, -0.024600, 0.104910, -0.978005, 0.180278, 0.245408, 0.000000, 0.000000, 0.000000, 1.000000, -0.999584, -0.007008, 0.027975, 0.021981, 0.027110, 0.102575, 0.994356, -0.120580, -0.009838, 0.994701, -0.102342, -0.030711, 0.000000, 0.000000, 0.000000, 1.000000
3.7318, 24.4452, -45.3540, 184.5212, 206.5212, -24.4452, 245.4274, 21.8853, -120.5110, -30.7338, 0.969932, 0.059144, -0.236078, 0.024445, -0.103528, 0.978150, -0.180292, -0.045354, 0.220257, 0.199312, 0.954862, 0.184521, 0.000000, 0.000000, 0.000000, 1.000000, 0.220257, 0.199312, 0.954862, 0.206521, -0.969932, -0.059144, 0.236078, -0.024445, 0.103528, -0.978150, 0.180292, 0.245427, 0.000000, 0.000000, 0.000000, 1.000000, -0.999671, -0.006337, 0.024858, 0.021885, 0.024082, 0.102058, 0.994487, -0.120511, -0.008839, 0.994758, -0.101872, -0.030734, 0.000000, 0.000000, 0.000000, 1.000000
3.8457, 24.3808, -45.3193, 184.3907, 206.3907, -24.3808, 245.3927, 21.7375, -120.6713, -30.7170, 0.969665, 0.058991, -0.237211, 0.024381, -0.103574, 0.978175, -0.180128, -0.045319, 0.221408, 0.199233, 0.954612, 0.184391, 0.000000, 0.000000, 0.000000, 1.000000, 0.221408, 0.199233, 0.954612, 0.206391, -0.969665, -0.058991, 0.237211, -0.024381, 0.103574, -0.978175, 0.180128, 0.245393, 0.000000, 0.000000, 0.000000, 1.000000, -0.999590, -0.005967, 0.028003, 0.021738, 0.027249, 0.102023, 0.994409, -0.120671, -0.008791, 0.994764, -0.101819, -0.030717, 0.000000, 0.000000, 0.000000, 1.000000
3.9696, 24.2062, -45.3583, 184.4664, 206.4664, -24.2062, 245.4318, 21.6287, -120.6057, -30.7613, 0.971578, 0.058929, -0.229269, 0.024206, -0.101857, 0.978346, -0.180176, -0.045358, 0.213687, 0.198407, 0.956542, 0.184466, 0.000000, 0.000000, 0.000000, 1.000000, 0.213687, 0.198407, 0.956542, 0.206466, -0.971578, -0.058929, 0.229269, -0.024206, 0.101857, -0.978346, 0.180176, 0.245432, 0.000000, 0.000000, 0.000000, 1.000000, -0.999742, -0.005510, 0.022019, 0.021629, 0.021348, 0.101228, 0.994634, -0.120606, -0.007709, 0.994848, -0.101084, -0.030761, 0.000000, 0.000000, 0.000000, 1.000000
4.0878, 24.1239, -45.3082, 184.3274, 206.3274, -24.1239, 245.3816, 21.4915, -120.7735, -30.7314, 0.970757, 0.058798, -0.232753, 0.024124, -0.102351, 0.978378, -0.179723, -0.045308, 0.217153, 0.198290, 0.955785, 0.184327, 0.000000, 0.000000, 0.000000, 1.000000, 0.217153, 0.198290, 0.955785, 0.206327, -0.970757, -0.058798, 0.232753, -0.024124, 0.102351, -0.978378, 0.179723, 0.245382, 0.000000, 0.000000, 0.000000, 1.000000, -0.999604, -0.005148, 0.027662, 0.021492, 0.027000, 0.101148, 0.994505, -0.120774, -0.007917, 0.994858, -0.100969, -0.030731, 0.000000, 0.000000, 0.000000, 1.000000
4.2205, 24.0220, -45.2889, 184.3247, 206.3247, -24.0220, 245.3623, 21.3137, -120.8071, -30.7201, 0.971357, 0.059209, -0.230131, 0.024022, -0.102452, 0.978175, -0.180768, -0.045289, 0.214405, 0.199168, 0.956223, 0.184325, 0.000000, 0.000000, 0.000000, 1.000000, 0.214405, 0.199168, 0.956223, 0.206325, -0.971357, -0.059209, 0.230131, -0.024022, 0.102452, -0.978175, 0.180768, 0.245362, 0.000000, 0.000000, 0.000000, 1.000000, -0.999614, -0.005500, 0.027223, 0.021314, 0.026521, 0.101953, 0.994436, -0.120807, -0.008245, 0.994774, -0.101768, -0.030720, 0.000000, 0.000000, 0.000000, 1.000000
4.3414, 23.9239, -45.3032, 184.3574, 206.3574, -23.9239, 245.3766, 21.1473, -120.7996, -30.7383, 0.971808, 0.058641, -0.228366, 0.023924, -0.101631, 0.978161, -0.181309, -0.045303, 0.212746, 0.199407, 0.956544, 0.184357, 0.000000, 0.000000, 0.000000, 1.000000, 0.212746, 0.199407, 0.956544, 0.206357, -0.971808, -0.058641, 0.228366, -0.023924, 0.101631, -0.978161, 0.181309, 0.245377, 0.000000, 0.000000, 0.000000, 1.000000, -0.999611, -0.004776, 0.027484, 0.021147, 0.026852, 0.102310, 0.994390, -0.120800, -0.007561, 0.994741, -0.102142, -0.030738, 0.000000, 0.000000, 0.000000, 1.000000
4.4679, 23.8319, -45.2957, 184.3160, 206.3160, -23.8319, 245.3692, 20.9788, -120.8693, -30.7418, 0.972249, 0.059870, -0.226160, 0.023832, -0.101764, 0.978683, -0.178394, -0.045296, 0.210658, 0.196458, 0.957615, 0.184316, 0.000000, 0.000000, 0.000000, 1.000000, 0.210658, 0.196458, 0.957615, 0.206316, -0.972249, -0.059870, 0.226160, -0.023832, 0.101764, -0.978683, 0.178394, 0.245369, 0.000000, 0.000000, 0.000000, 1.000000, -0.999606, -0.005158, 0.027592, 0.020979, 0.026945, 0.099157, 0.994707, -0.120869, -0.007867, 0.995058, -0.098979, -0.030742, 0.000000, 0.000000, 0.000000, 1.000000
4.5813, 23.6750, -45.2921, 184.3937, 206.3937, -23.6750, 245.3656, 20.8793, -120.8050, -30.7422, 0.973847, 0.058938, -0.219429, 0.023675, -0.100108, 0.978277, -0.181529, -0.045292, 0.203963, 0.198748, 0.958592, 0.184394, 0.000000, 0.000000, 0.000000, 1.000000, 0.203963, 0.198748, 0.958592, 0.206394, -0.973847, -0.058938, 0.219429, -0.023675, 0.100108, -0.978277, 0.181529, 0.245366, 0.000000, 0.000000, 0.000000, 1.000000, -0.999737, -0.004506, 0.022506, 0.020879, 0.021932, 0.101618, 0.994582, -0.120805, -0.006769, 0.994813, -0.101492, -0.030742, 0.000000, 0.000000, 0.000000, 1.000000
4.7048, 23.5585, -45.2710, 184.2365, 206.2365, -23.5585, 245.3444, 20.7633, -120.9833, -30.7455, 0.973593, 0.059170, -0.220490, 0.023558, -0.100108, 0.978669, -0.179401, -0.045271, 0.205172, 0.196736, 0.958749, 0.184236, 0.000000, 0.000000, 0.000000, 1.000000, 0.205172, 0.196736, 0.958749, 0.206236, -0.973593, -0.059170, 0.220490, -0.023558, 0.100108, -0.978669, 0.179401, 0.245344, 0.000000, 0.000000, 0.000000, 1.000000, -0.999657, -0.004115, 0.025855, 0.020763, 0.025317, 0.099583, 0.994707, -0.120983, -0.006668, 0.995021, -0.099444, -0.030746, 0.000000, 0.000000, 0.000000, 1.000000
4.8283, 23.4372, -45.2889, 184.4560, 206.4560, -23.4372, 245.3623, 20.5804, -120.7888, -30.7505, 0.974712, 0.059153, -0.215493, 0.023437, -0.099951, 0.977895, -0.183663, -0.045289, 0.199865, 0.200557, 0.959078, 0.184456, 0.000000, 0.000000, 0.000000, 1.000000, 0.199865, 0.200557, 0.959078, 0.206456, -0.974712, -0.059153, 0.215493, -0.023437, 0.099951, -0.977895, 0.183663, 0.245362, 0.000000, 0.000000, 0.000000, 1.000000, -0.999733, -0.004638, 0.022655, 0.020580, 0.022055, 0.103399, 0.994395, -0.120789, -0.006954, 0.994629, -0.103270, -0.030751, 0.000000, 0.000000, 0.000000, 1.000000
4.9535, 23.3754, -45.3000, 184.4533, 206.4533, -23.3754, 245.3735, 20.3764, -120.8238, -30.7664, 0.975327, 0.059519, -0.212589, 0.023375, -0.099486, 0.978146, -0.182571, -0.045300, 0.197077, 0.199216, 0.959934, 0.184453, 0.000000, 0.000000, 0.000000, 1.000000, 0.197077, 0.199216, 0.959934, 0.206453, -0.975327, -0.059519, 0.212589, -0.023375, 0.099486, -0.978146, 0.182571, 0.245373, 0.000000, 0.000000, 0.000000, 1.000000, -0.999749, -0.004511, 0.021931, 0.020376, 0.021357, 0.102007, 0.994554, -0.120824, -0.006723, 0.994773, -0.101886, -0.030766, 0.000000, 0.000000, 0.000000, 1.000000
5.0924, 23.1894, -45.2523, 184.3574, 206.3574, -23.1894, 245.3258, 20.2869, -120.9369, -30.7424, 0.975691, 0.058839, -0.211106, 0.023189, -0.098935, 0.977797, -0.184729, -0.045252, 0.195549, 0.201124, 0.959849, 0.184357, 0.000000, 0.000000, 0.000000, 1.000000, 0.195549, 0.201124, 0.959849, 0.206357, -0.975691, -0.058839, 0.211106, -0.023189, 0.098935, -0.977797, 0.184729, 0.245326, 0.000000, 0.000000, 0.000000, 1.000000, -0.999734, -0.003961, 0.022706, 0.020287, 0.022171, 0.104041, 0.994326, -0.120937, -0.006301, 0.994565, -0.103925, -0.030742, 0.000000, 0.000000, 0.000000, 1.000000
5.2066, 23.0831, -45.2257, 184.2851, 206.2851, -23.0831, 245.2992, 20.1648, -121.0310, -30.7311, 0.975640, 0.059985, -0.211017, 0.023083, -0.099731, 0.978025, -0.183089, -0.045226, 0.195397, 0.199674, 0.960182, 0.184285, 0.000000, 0.000000, 0.000000, 1.000000, 0.195397, 0.199674, 0.960182, 0.206285, -0.975640, -0.059985, 0.211017, -0.023083, 0.099731, -0.978025, 0.183089, 0.245299, 0.000000, 0.000000, 0.000000, 1.000000, -0.999684, -0.004607, 0.024693, 0.020165, 0.024092, 0.102401, 0.994451, -0.121031, -0.007110, 0.994732, -0.102258, -0.030731, 0.000000, 0.000000, 0.000000, 1.000000
5.3350, 23.0167, -45.2300, 184.2597, 206.2597, -23.0167, 245.3035, 19.9628, -121.0886, -30.7428, 0.975823, 0.059589, -0.210282, 0.023017, -0.099459, 0.977795, -0.184460, -0.045230, 0.194621, 0.200915, 0.960081, 0.184260, 0.000000, 0.000000, 0.000000, 1.000000, 0.194621, 0.200915, 0.960081, 0.206260, -0.975823, -0.059589, 0.210282, -0.023017, 0.099459, -0.977795, 0.184460, 0.245303, 0.000000, 0.000000, 0.000000, 1.000000, -0.999651, -0.004221, 0.026093, 0.019963, 0.025514, 0.103719, 0.994279, -0.121089, -0.006904, 0.994598, -0.103575, -0.030743, 0.000000, 0.000000, 0.000000, 1.000000
5.4729, 22.8537, -45.2006, 184.1410, 206.1410, -22.8537, 245.2740, 19.8537, -121.2267, -30.7375, 0.976492, 0.059951, -0.207049, 0.022854, -0.098646, 0.978345, -0.181961, -0.045201, 0.191657, 0.198108, 0.961260, 0.184141, 0.000000, 0.000000, 0.000000, 1.000000, 0.191657, 0.198108, 0.961260, 0.206141, -0.976492, -0.059951, 0.207049, -0.022854, 0.098646, -0.978345, 0.181961, 0.245274, 0.000000, 0.000000, 0.000000, 1.000000, -0.999672, -0.003805, 0.025341, 0.019854, 0.024828, 0.100865, 0.994590, -0.121227, -0.006340, 0.994893, -0.100737, -0.030737, 0.000000, 0.000000, 0.000000, 1.000000
5.5960, 22.7764, -45.2387, 184.2697, 206.2697, -22.7764, 245.3122, 19.6444, -121.1261, -30.7683, 0.977479, 0.060004, -0.202320, 0.022776, -0.098331, 0.977792, -0.185079, -0.045239, 0.186722, 0.200805, 0.961672, 0.184270, 0.000000, 0.000000, 0.000000, 1.000000, 0.186722, 0.200805, 0.961672, 0.206270, -0.977479, -0.060004, 0.202320, -0.022776, 0.098331, -0.977792, 0.185079, 0.245312, 0.000000, 0.000000, 0.000000, 1.000000, -0.999739, -0.004138, 0.022484, 0.019644, 0.021935, 0.103557, 0.994382, -0.121126, -0.006443, 0.994615, -0.103439, -0.030768, 0.000000, 0.000000, 0.000000, 1.000000
5.7322, 22.6318, -45.1739, 184.1550, 206.1550, -22.6318, 245.2473, 19.5231, -121.2658, -30.7261, 0.978001, 0.059503, -0.199935, 0.022632, -0.097545, 0.977660, -0.186187, -0.045174, 0.184389, 0.201594, 0.961957, 0.184155, 0.000000, 0.000000, 0.000000, 1.000000, 0.184389, 0.201594, 0.961957, 0.206155, -0.978001, -0.059503, 0.199935, -0.022632, 0.097545, -0.977660, 0.186187, 0.245247, 0.000000, 0.000000, 0.000000, 1.000000, -0.999744, -0.003541, 0.022358, 0.019523, 0.021866, 0.104437, 0.994291, -0.121266, -0.005855, 0.994525, -0.104333, -0.030726, 0.000000, 0.000000, 0.000000, 1.000000
5.8513, 22.5617, -45.1240, 183.9432, 205.9432, -22.5617, 245.1974, 19.3785, -121.5065, -30.7027, 0.976416, 0.059833, -0.207442, 0.022562, -0.098521, 0.978440, -0.181520, -0.045124, 0.192109, 0.197677, 0.961259, 0.183943, 0.000000, 0.000000, 0.000000, 1.000000, 0.192109, 0.197677, 0.961259, 0.205943, -0.976416, -0.059833, 0.207442, -0.022562, 0.098521, -0.978440, 0.181520, 0.245197, 0.000000, 0.000000, 0.000000, 1.000000, -0.999473, -0.002945, 0.032334, 0.019378, 0.031875, 0.100476, 0.994429, -0.121506, -0.006177, 0.994935, -0.100329, -0.030703, 0.000000, 0.000000, 0.000000, 1.000000
5.9660, 22.4502, -45.1320, 184.0295, 206.0295, -22.4502, 245.2055, 19.2304, -121.4410, -30.7105, 0.977702, 0.059016, -0.201534, 0.022450, -0.097167, 0.977920, -0.185017, -0.045132, 0.186165, 0.200474, 0.961849, 0.184029, 0.000000, 0.000000, 0.000000, 1.000000, 0.186165, 0.200474, 0.961849, 0.206029, -0.977702, -0.059016, 0.201534, -0.022450, 0.097167, -0.977920, 0.185017, 0.245205, 0.000000, 0.000000, 0.000000, 1.000000, -0.999602, -0.002434, 0.028109, 0.019230, 0.027707, 0.103410, 0.994253, -0.121441, -0.005326, 0.994636, -0.103302, -0.030710, 0.000000, 0.000000, 0.000000, 1.000000
6.0899, 22.3088, -45.1445, 184.0500, 206.0500, -22.3088, 245.2180, 19.1024, -121.4377, -30.7314, 0.978581, 0.059087, -0.197202, 0.022309, -0.096048, 0.978317, -0.183493, -0.045145, 0.182084, 0.198504, 0.963038, 0.184050, 0.000000, 0.000000, 0.000000, 1.000000, 0.182084, 0.198504, 0.963038, 0.206050, -0.978581, -0.059087, 0.197202, -0.022309, 0.096048, -0.978317, 0.183493, 0.245218, 0.000000, 0.000000, 0.000000, 1.000000, -0.999661, -0.001934, 0.025948, 0.019102, 0.025618, 0.101433, 0.994512, -0.121438, -0.004556, 0.994840, -0.101350, -0.030731, 0.000000, 0.000000, 0.000000, 1.000000
6.2060, 22.1474, -45.1341, 184.0145, 206.0145, -22.1474, 245.2076, 19.0217, -121.4856, -30.7366, 0.978801, 0.059062, -0.196113, 0.022147, -0.096012, 0.978107, -0.184628, -0.045134, 0.180915, 0.199543, 0.963043, 0.184014, 0.000000, 0.000000, 0.000000, 1.000000, 0.180915, 0.199543, 0.963043, 0.206014, -0.978801, -0.059062, 0.196113, -0.022147, 0.096012, -0.978107, 0.184628, 0.245208, 0.000000, 0.000000, 0.000000, 1.000000, -0.999639, -0.001884, 0.026788, 0.019022, 0.026454, 0.102481, 0.994383, -0.121486, -0.004619, 0.994733, -0.102394, -0.030737, 0.000000, 0.000000, 0.000000, 1.000000
6.3141, 22.0663, -45.1025, 183.9307, 205.9307, -22.0663, 245.1759, 18.8879, -121.5933, -30.7195, 0.978891, 0.059555, -0.195514, 0.022066, -0.096272, 0.978191, -0.184047, -0.045102, 0.180290, 0.198984, 0.963276, 0.183931, 0.000000, 0.000000, 0.000000, 1.000000, 0.180290, 0.198984, 0.963276, 0.205931, -0.978891, -0.059555, 0.195514, -0.022066, 0.096272, -0.978191, 0.184047, 0.245176, 0.000000, 0.000000, 0.000000, 1.000000, -0.999603, -0.002083, 0.028091, 0.018888, 0.027733, 0.101849, 0.994413, -0.121593, -0.004932, 0.994798, -0.101750, -0.030719, 0.000000, 0.000000, 0.000000, 1.000000
6.4437, 22.0202, -45.1064, 183.9890, 205.9890, -22.0202, 245.1798, 18.6489, -121.5707, -30.7210, 0.979383, 0.059375, -0.193088, 0.022020, -0.095548, 0.978307, -0.183811, -0.045106, 0.177985, 0.198471, 0.963810, 0.183989, 0.000000, 0.000000, 0.000000, 1.000000, 0.177985, 0.198471, 0.963810, 0.205989, -0.979383, -0.059375, 0.193088, -0.022020, 0.095548, -0.978307, 0.183811, 0.245180, 0.000000, 0.000000, 0.000000, 1.000000, -0.999610, -0.001587, 0.027892, 0.018649, 0.027588, 0.101366, 0.994467, -0.121571, -0.004405, 0.994848, -0.101283, -0.030721, 0.000000, 0.000000, 0.000000, 1.000000
6.5755, 21.8052, -45.1251, 184.0377, 206.0377, -21.8052, 245.1985, 18.5720, -121.5301, -30.7507, 0.980406, 0.060194, -0.187567, 0.021805, -0.094959, 0.978651, -0.182279, -0.045125, 0.172590, 0.196518, 0.965191, 0.184038, 0.000000, 0.000000, 0.000000, 1.000000, 0.172590, 0.196518, 0.965191, 0.206038, -0.980406, -0.060194, 0.187567, -0.021805, 0.094959, -0.978651, 0.182279, 0.245199, 0.000000, 0.000000, 0.000000, 1.000000, -0.999694, -0.001839, 0.024673, 0.018572, 0.024369, 0.099291, 0.994760, -0.121530, -0.004279, 0.995057, -0.099215, -0.030751, 0.000000, 0.000000, 0.000000, 1.000000
6.7100, 21.7591, -45.0728, 184.0047, 206.0047, -21.7591, 245.1463, 18.3416, -121.6033, -30.7055, 0.980511, 0.058873, -0.187438, 0.021759, -0.094708, 0.977515, -0.188403, -0.045073, 0.172131, 0.202483, 0.964039, 0.184005, 0.000000, 0.000000, 0.000000, 1.000000, 0.172131, 0.202483, 0.964039, 0.206005, -0.980511, -0.058873, 0.187438, -0.021759, 0.094708, -0.977515, 0.188403, 0.245146, 0.000000, 0.000000, 0.000000, 1.000000, -0.999648, -0.001280, 0.026508, 0.018342, 0.026225, 0.105467, 0.994077, -0.121603, -0.004068, 0.994422, -0.105397, -0.030706, 0.000000, 0.000000, 0.000000, 1.000000
6.8550, 21.6073, -45.0877, 184.0185, 206.0185, -21.6073, 245.1612, 18.1801, -121.6114, -30.7303, 0.981596, 0.059457, -0.181478, 0.021607, -0.093476, 0.978264, -0.185101, -0.045088, 0.166528, 0.198658, 0.965818, 0.184018, 0.000000, 0.000000, 0.000000, 1.000000, 0.166528, 0.198658, 0.965818, 0.206018, -0.981596, -0.059457, 0.181478, -0.021607, 0.093476, -0.978264, 0.185101, 0.245161, 0.000000, 0.000000, 0.000000, 1.000000, -0.999731, -0.000971, 0.023185, 0.018180, 0.022966, 0.101551, 0.994565, -0.121611, -0.003320, 0.994830, -0.101501, -0.030730, 0.000000, 0.000000, 0.000000, 1.000000
6.9798, 21.4366, -45.1123, 184.2127, 206.2127, -21.4366, 245.1858, 18.0537, -121.4317, -30.7481, 0.983706, 0.059586, -0.169623, 0.021437, -0.091542, 0.978024, -0.187320, -0.045112, 0.154734, 0.199795, 0.967543, 0.184213, 0.000000, 0.000000, 0.000000, 1.000000, 0.154734, 0.199795, 0.967543, 0.206213, -0.983706, -0.059586, 0.169623, -0.021437, 0.091542, -0.978024, 0.187320, 0.245186, 0.000000, 0.000000, 0.000000, 1.000000, -0.999912, -0.001060, 0.013223, 0.018054, 0.013044, 0.102674, 0.994630, -0.121432, -0.002412, 0.994714, -0.102651, -0.030748, 0.000000, 0.000000, 0.000000, 1.000000
7.1068, 21.3346, -45.0675, 184.0830, 206.0830, -21.3346, 245.1409, 17.9071, -121.5880, -30.7240, 0.982947, 0.059424, -0.174022, 0.021335, -0.092347, 0.977876, -0.187697, -0.045067, 0.159018, 0.200567, 0.966688, 0.184083, 0.000000, 0.000000, 0.000000, 1.000000, 0.159018, 0.200567, 0.966688, 0.206083, -0.982947, -0.059424, 0.174022, -0.021335, 0.092347, -0.977876, 0.187697, 0.245141, 0.000000, 0.000000, 0.000000, 1.000000, -0.999803, -0.000793, 0.019852, 0.017907, 0.019664, 0.103473, 0.994438, -0.121588, -0.002843, 0.994632, -0.103437, -0.030724, 0.000000, 0.000000, 0.000000, 1.000000
7.2233, 21.2854, -45.0620, 184.0061, 206.0061, -21.2854, 245.1354, 17.7196, -121.6933, -30.7299, 0.982046, 0.059548, -0.178996, 0.021285, -0.093716, 0.977501, -0.188971, -0.045062, 0.163716, 0.202353, 0.965531, 0.184006, 0.000000, 0.000000, 0.000000, 1.000000, 0.163716, 0.202353, 0.965531, 0.206006, -0.982046, -0.059548, 0.178996, -0.021285, 0.093716, -0.977501, 0.188971, 0.245135, 0.000000, 0.000000, 0.000000, 1.000000, -0.999640, -0.000985, 0.026829, 0.017720, 0.026576, 0.105250, 0.994091, -0.121693, -0.003803, 0.994445, -0.105185, -0.030730, 0.000000, 0.000000, 0.000000, 1.000000
7.3349, 21.1373, -45.0573, 184.0801, 206.0801, -21.1373, 245.1308, 17.6190, -121.6337, -30.7289, 0.983583, 0.059526, -0.170357, 0.021137, -0.091973, 0.977576, -0.189437, -0.045057, 0.155261, 0.201995, 0.967002, 0.184080, 0.000000, 0.000000, 0.000000, 1.000000, 0.155261, 0.201995, 0.967002, 0.206080, -0.983583, -0.059526, 0.170357, -0.021137, 0.091973, -0.977576, 0.189437, 0.245131, 0.000000, 0.000000, 0.000000, 1.000000, -0.999800, -0.000702, 0.019999, 0.017619, 0.019815, 0.104895, 0.994286, -0.121634, -0.002796, 0.994483, -0.104860, -0.030729, 0.000000, 0.000000, 0.000000, 1.000000
7.4659, 21.0073, -45.0564, 183.9731, 205.9731, -21.0073, 245.1298, 17.4837, -121.7609, -30.7482, 0.983389, 0.059816, -0.171371, 0.021007, -0.092040, 0.978084, -0.186765, -0.045056, 0.156444, 0.199435, 0.967342, 0.183973, 0.000000, 0.000000, 0.000000, 1.000000, 0.156444, 0.199435, 0.967342, 0.205973, -0.983389, -0.059816, 0.171371, -0.021007, 0.092040, -0.978084, 0.186765, 0.245130, 0.000000, 0.000000, 0.000000, 1.000000, -0.999725, -0.000363, 0.023461, 0.017484, 0.023301, 0.102287, 0.994482, -0.121761, -0.002760, 0.994755, -0.102250, -0.030748, 0.000000, 0.000000, 0.000000, 1.000000
7.5946, 20.8490, -45.0565, 183.9971, 205.9971, -20.8490, 245.1300, 17.3631, -121.7541, -30.7577, 0.984414, 0.059132, -0.165625, 0.020849, -0.090138, 0.978318, -0.186463, -0.045057, 0.151008, 0.198486, 0.968401, 0.183997, 0.000000, 0.000000, 0.000000, 1.000000, 0.151008, 0.198486, 0.968401, 0.205997, -0.984414, -0.059132, 0.165625, -0.020849, 0.090138, -0.978318, 0.186463, 0.245130, 0.000000, 0.000000, 0.000000, 1.000000, -0.999802, 0.000688, 0.019908, 0.017363, 0.019875, 0.101425, 0.994645, -0.121754, -0.001335, 0.994843, -0.101419, -0.030758, 0.000000, 0.000000, 0.000000, 1.000000
7.7067, 20.8139, -44.9993, 183.8557, 205.8557, -20.8139, 245.0728, 17.1829, -121.9276, -30.7176, 0.983612, 0.059221, -0.170294, 0.020814, -0.091501, 0.977808, -0.188465, -0.044999, 0.155354, 0.200958, 0.967203, 0.183856, 0.000000, 0.000000, 0.000000, 1.000000, 0.155354, 0.200958, 0.967203, 0.205856, -0.983612, -0.059221, 0.170294, -0.020814, 0.091501, -0.977808, 0.188465, 0.245073, 0.000000, 0.000000, 0.000000, 1.000000, -0.999650, 0.000433, 0.026447, 0.017183, 0.026348, 0.103896, 0.994239, -0.121928, -0.002317, 0.994588, -0.103871, -0.030718, 0.000000, 0.000000, 0.000000, 1.000000
7.8223, 20.7185, -44.9892, 183.7890, 205.7890, -20.7185, 245.0627, 17.0406, -122.0159, -30.7213, 0.984374, 0.059214, -0.165833, 0.020719, -0.090128, 0.978481, -0.185610, -0.044989, 0.151274, 0.197656, 0.968529, 0.183789, 0.000000, 0.000000, 0.000000, 1.000000, 0.151274, 0.197656, 0.968529, 0.205789, -0.984374, -0.059214, 0.165833, -0.020719, 0.090128, -0.978481, 0.185610, 0.245063, 0.000000, 0.000000, 0.000000, 1.000000, -0.999708, 0.001130, 0.024123, 0.017041, 0.024114, 0.100578, 0.994637, -0.122016, -0.001302, 0.994929, -0.100576, -0.030721, 0.000000, 0.000000, 0.000000, 1.000000
7.9348, 20.5839, -44.9645, 183.7016, 205.7016, -20.5839, 245.0379, 16.9471, -122.1196, -30.7154, 0.984498, 0.059388, -0.165037, 0.020584, -0.090356, 0.978194, -0.187007, -0.044964, 0.150332, 0.199020, 0.968396, 0.183702, 0.000000, 0.000000, 0.000000, 1.000000, 0.150332, 0.199020, 0.968396, 0.205702, -0.984498, -0.059388, 0.165037, -0.020584, 0.090356, -0.978194, 0.187007, 0.245038, 0.000000, 0.000000, 0.000000, 1.000000, -0.999682, 0.000960, 0.025185, 0.016947, 0.025151, 0.101924, 0.994474, -0.122120, -0.001612, 0.994792, -0.101916, -0.030715, 0.000000, 0.000000, 0.000000, 1.000000
8.0692, 20.5484, -44.9084, 183.5460, 205.5460, -20.5484, 244.9819, 16.7196, -122.3130, -30.6778, 0.983377, 0.060050, -0.171356, 0.020548, -0.092558, 0.977693, -0.188548, -0.044908, 0.156211, 0.201274, 0.966999, 0.183546, 0.000000, 0.000000, 0.000000, 1.000000, 0.156211, 0.201274, 0.966999, 0.205546, -0.983377, -0.060050, 0.171356, -0.020548, 0.092558, -0.977693, 0.188548, 0.244982, 0.000000, 0.000000, 0.000000, 1.000000, -0.999428, 0.000223, 0.033805, 0.016720, 0.033644, 0.104105, 0.993997, -0.122313, -0.003298, 0.994566, -0.104053, -0.030678, 0.000000, 0.000000, 0.000000, 1.000000
8.1879, 20.3192, -44.8893, 183.5304, 205.5304, -20.3192, 244.9628, 16.6964, -122.3349, -30.6774, 0.984303, 0.058542, -0.166493, 0.020319, -0.090246, 0.977673, -0.189764, -0.044889, 0.151666, 0.201811, 0.967610, 0.183530, 0.000000, 0.000000, 0.000000, 1.000000, 0.151666, 0.201811, 0.967610, 0.205530, -0.984303, -0.058542, 0.166493, -0.020319, 0.090246, -0.977673, 0.189764, 0.244963, 0.000000, 0.000000, 0.000000, 1.000000, -0.999522, 0.001863, 0.030875, 0.016696, 0.030900, 0.104830, 0.994010, -0.122335, -0.001385, 0.994488, -0.104838, -0.030677, 0.000000, 0.000000, 0.000000, 1.000000
8.3057, 20.2470, -44.9263, 183.6328, 205.6328, -20.2470, 244.9997, 16.5010, -122.2554, -30.7093, 0.985094, 0.059072, -0.161555, 0.020247, -0.089456, 0.978121, -0.187821, -0.044926, 0.146925, 0.199473, 0.968826, 0.183633, 0.000000, 0.000000, 0.000000, 1.000000, 0.146925, 0.199473, 0.968826, 0.205633, -0.985094, -0.059072, 0.161555, -0.020247, 0.089456, -0.978121, 0.187821, 0.245000, 0.000000, 0.000000, 0.000000, 1.000000, -0.999605, 0.001872, 0.028056, 0.016501, 0.028100, 0.102410, 0.994345, -0.122255, -0.001012, 0.994741, -0.102422, -0.030709, 0.000000, 0.000000, 0.000000, 1.000000
8.4340, 20.1055, -44.9264, 183.6611, 205.6611, -20.1055, 244.9998, 16.3638, -122.2464, -30.7171, 0.985752, 0.059748, -0.157233, 0.020106, -0.089044, 0.978421, -0.186450, -0.044926, 0.142700, 0.197794, 0.969801, 0.183661, 0.000000, 0.000000, 0.000000, 1.000000, 0.142700, 0.197794, 0.969801, 0.205661, -0.985752, -0.059748, 0.157233, -0.020106, 0.089044, -0.978421, 0.186450, 0.245000, 0.000000, 0.000000, 0.000000, 1.000000, -0.999660, 0.001654, 0.026011, 0.016364, 0.026045, 0.100635, 0.994582, -0.122246, -0.000973, 0.994922, -0.100644, -0.030717, 0.000000, 0.000000, 0.000000, 1.000000
8.5544, 20.0471, -44.8709, 183.5983, 205.5983, -20.0471, 244.9443, 16.1767, -122.3404, -30.6726, 0.985663, 0.059217, -0.157993, 0.020047, -0.089381, 0.977462, -0.191256, -0.044871, 0.143107, 0.202635, 0.968741, 0.183598, 0.000000, 0.000000, 0.000000, 1.000000, 0.143107, 0.202635, 0.968741, 0.205598, -0.985663, -0.059217, 0.157993, -0.020047, 0.089381, -0.977462, 0.191256, 0.244944, 0.000000, 0.000000, 0.000000, 1.000000, -0.999590, 0.001752, 0.028563, 0.016177, 0.028589, 0.105567, 0.994001, -0.122340, -0.001274, 0.994411, -0.105574, -0.030673, 0.000000, 0.000000, 0.000000, 1.000000
8.6682, 19.9816, -44.8663, 183.6115, 205.6115, -19.9816, 244.9398, 15.9974, -122.3518, -30.6717, 0.985618, 0.059480, -0.158176, 0.019982, -0.089765, 0.977314, -0.191833, -0.044866, 0.143178, 0.203272, 0.968597, 0.183611, 0.000000, 0.000000, 0.000000, 1.000000, 0.143178, 0.203272, 0.968597, 0.205611, -0.985618, -0.059480, 0.158176, -0.019982, 0.089765, -0.977314, 0.191833, 0.244940, 0.000000, 0.000000, 0.000000, 1.000000, -0.999528, 0.001617, 0.030686, 0.015997, 0.030685, 0.106175, 0.993874, -0.122352, -0.001651, 0.994346, -0.106174, -0.030672, 0.000000, 0.000000, 0.000000, 1.000000
8.7957, 19.7671, -44.8890, 183.6661, 205.6661, -19.7671, 244.9625, 15.9295, -122.3056, -30.7047, 0.986825, 0.060164, -0.150192, 0.019767, -0.088530, 0.977784, -0.190001, -0.044889, 0.135424, 0.200794, 0.970228, 0.183666, 0.000000, 0.000000, 0.000000, 1.000000, 0.135424, 0.200794, 0.970228, 0.205666, -0.986825, -0.060164, 0.150192, -0.019767, 0.088530, -0.977784, 0.190001, 0.244962, 0.000000, 0.000000, 0.000000, 1.000000, -0.999687, 0.001491, 0.024966, 0.015930, 0.024986, 0.103597, 0.994305, -0.122306, -0.001104, 0.994618, -0.103602, -0.030705, 0.000000, 0.000000, 0.000000, 1.000000
8.9095, 19.6943, -44.9001, 183.6508, 205.6508, -19.6943, 244.9735, 15.7594, -122.3426, -30.7226, 0.986729, 0.060416, -0.150714, 0.019694, -0.088341, 0.978551, -0.186103, -0.044900, 0.136238, 0.196948, 0.970902, 0.183651, 0.000000, 0.000000, 0.000000, 1.000000, 0.136238, 0.196948, 0.970902, 0.205651, -0.986729, -0.060416, 0.150714, -0.019694, 0.088341, -0.978551, 0.186103, 0.244974, 0.000000, 0.000000, 0.000000, 1.000000, -0.999614, 0.001930, 0.027717, 0.015759, 0.027771, 0.099691, 0.994631, -0.122343, -0.000843, 0.995017, -0.099706, -0.030723, 0.000000, 0.000000, 0.000000, 1.000000
9.0382, 19.5648, -44.8773, 183.6999, 205.6999, -19.5648, 244.9508, 15.6094, -122.3164, -30.7048, 0.987454, 0.059285, -0.146353, 0.019565, -0.087025, 0.977703, -0.191113, -0.044877, 0.131759, 0.201452, 0.970596, 0.183700, 0.000000, 0.000000, 0.000000, 1.000000, 0.131759, 0.201452, 0.970596, 0.205700, -0.987454, -0.059285, 0.146353, -0.019565, 0.087025, -0.977703, 0.191113, 0.244951, 0.000000, 0.000000, 0.000000, 1.000000, -0.999678, 0.002723, 0.025239, 0.015609, 0.025385, 0.104348, 0.994217, -0.122316, 0.000073, 0.994537, -0.104384, -0.030705, 0.000000, 0.000000, 0.000000, 1.000000
9.1503, 19.5186, -44.8112, 183.5915, 205.5915, -19.5186, 244.8846, 15.4328, -122.4548, -30.6533, 0.987217, 0.059150, -0.147998, 0.019519, -0.087847, 0.976739, -0.195611, -0.044811, 0.132985, 0.206111, 0.969450, 0.183591, 0.000000, 0.000000, 0.000000, 1.000000, 0.132985, 0.206111, 0.969450, 0.205591, -0.987217, -0.059150, 0.147998, -0.019519, 0.087847, -0.976739, 0.195611, 0.244885, 0.000000, 0.000000, 0.000000, 1.000000, -0.999589, 0.002491, 0.028552, 0.015433, 0.028654, 0.109056, 0.993623, -0.122455, -0.000639, 0.994032, -0.109083, -0.030653, 0.000000, 0.000000, 0.000000, 1.000000
9.2694, 19.4103, -44.8631, 183.6982, 205.6982, -19.4103, 244.9366, 15.2703, -122.3644, -30.7024, 0.988003, 0.059517, -0.142505, 0.019410, -0.086298, 0.978013, -0.189850, -0.044863, 0.128073, 0.199870, 0.971416, 0.183698, 0.000000, 0.000000, 0.000000, 1.000000, 0.128073, 0.199870, 0.971416, 0.205698, -0.988003, -0.059517, 0.142505, -0.019410, 0.086298, -0.978013, 0.189850, 0.244937, 0.000000, 0.000000, 0.000000, 1.000000, -0.999671, 0.003102, 0.025459, 0.015270, 0.025643, 0.102717, 0.994380, -0.122364, 0.000470, 0.994706, -0.102763, -0.030702, 0.000000, 0.000000, 0.000000, 1.000000
9.3929, 19.2386, -44.8564, 183.6531, 205.6531, -19.2386, 244.9299, 15.1818, -122.4236, -30.7129, 0.987989, 0.059049, -0.142794, 0.019239, -0.086096, 0.977733, -0.191378, -0.044856, 0.128314, 0.201374, 0.971074, 0.183653, 0.000000, 0.000000, 0.000000, 1.000000, 0.128314, 0.201374, 0.971074, 0.205653, -0.987989, -0.059049, 0.142794, -0.019239, 0.086096, -0.977733, 0.191378, 0.244930, 0.000000, 0.000000, 0.000000, 1.000000, -0.999607, 0.003613, 0.027794, 0.015182, 0.028019, 0.104275, 0.994154, -0.122424, 0.000694, 0.994542, -0.104335, -0.030713, 0.000000, 0.000000, 0.000000, 1.000000
9.5221, 19.1297, -44.8381, 183.5946, 205.5946, -19.1297, 244.9115, 15.0211, -122.5057, -30.7086, 0.988468, 0.059981, -0.139047, 0.019130, -0.086295, 0.977646, -0.191733, -0.044838, 0.124438, 0.201521, 0.971547, 0.183595, 0.000000, 0.000000, 0.000000, 1.000000, 0.124438, 0.201521, 0.971547, 0.205595, -0.988468, -0.059981, 0.139047, -0.019130, 0.086295, -0.977646, 0.191733, 0.244912, 0.000000, 0.000000, 0.000000, 1.000000, -0.999651, 0.002902, 0.026243, 0.015021, 0.026403, 0.104322, 0.994193, -0.122506, 0.000148, 0.994539, -0.104362, -0.030709, 0.000000, 0.000000, 0.000000, 1.000000
9.6315, 19.0003, -44.8487, 183.6519, 205.6519, -19.0003, 244.9221, 14.9090, -122.4629, -30.7231, 0.988998, 0.059393, -0.135480, 0.019000, -0.084925, 0.977856, -0.191272, -0.044849, 0.121120, 0.200674, 0.972142, 0.183652, 0.000000, 0.000000, 0.000000, 1.000000, 0.121120, 0.200674, 0.972142, 0.205652, -0.988998, -0.059393, 0.135480, -0.019000, 0.084925, -0.977856, 0.191272, 0.244922, 0.000000, 0.000000, 0.000000, 1.000000, -0.999691, 0.003784, 0.024586, 0.014909, 0.024845, 0.103519, 0.994317, -0.122463, 0.001218, 0.994620, -0.103581, -0.030723, 0.000000, 0.000000, 0.000000, 1.000000
9.7501, 18.9685, -44.7963, 183.5204, 205.5204, -18.9685, 244.8698, 14.7037, -122.6253, -30.6865, 0.988783, 0.059575, -0.136964, 0.018968, -0.085540, 0.977598, -0.192315, -0.044796, 0.122438, 0.201874, 0.971728, 0.183520, 0.000000, 0.000000, 0.000000, 1.000000, 0.122438, 0.201874, 0.971728, 0.205520, -0.988783, -0.059575, 0.136964, -0.018968, 0.085540, -0.977598, 0.192315, 0.244870, 0.000000, 0.000000, 0.000000, 1.000000, -0.999599, 0.003683, 0.028069, 0.014704, 0.028300, 0.104705, 0.994101, -0.122625, 0.000722, 0.994497, -0.104767, -0.030687, 0.000000, 0.000000, 0.000000, 1.000000
9.8776, 18.7321, -44.7796, 183.5961, 205.5961, -18.7321, 244.8530, 14.6599, -122.5607, -30.6799, 0.989584, 0.058306, -0.131622, 0.018732, -0.083773, 0.976789, -0.197143, -0.044780, 0.117073, 0.206116, 0.971499, 0.183596, 0.000000, 0.000000, 0.000000, 1.000000, 0.117073, 0.206116, 0.971499, 0.205596, -0.989584, -0.058306, 0.131622, -0.018732, 0.083773, -0.976789, 0.197143, 0.244853, 0.000000, 0.000000, 0.000000, 1.000000, -0.999686, 0.004717, 0.024597, 0.014660, 0.024965, 0.109100, 0.993717, -0.122561, 0.002003, 0.994020, -0.109184, -0.030680, 0.000000, 0.000000, 0.000000, 1.000000
10.0028, 18.6551, -44.7792, 183.5834, 205.5834, -18.6551, 244.8527, 14.4695, -122.5976, -30.6866, 0.989990, 0.059340, -0.128053, 0.018655, -0.083604, 0.977562, -0.193346, -0.044779, 0.113707, 0.202116, 0.972738, 0.183583, 0.000000, 0.000000, 0.000000, 1.000000, 0.113707, 0.202116, 0.972738, 0.205583, -0.989990, -0.059340, 0.128053, -0.018655, 0.083604, -0.977562, 0.193346, 0.244853, 0.000000, 0.000000, 0.000000, 1.000000, -0.999716, 0.004354, 0.023432, 0.014470, 0.023760, 0.104953, 0.994193, -0.122598, 0.001869, 0.994468, -0.105027, -0.030687, 0.000000, 0.000000, 0.000000, 1.000000
10.1250, 18.5282, -44.8606, 183.7008, 205.7008, -18.5282, 244.9341, 14.3170, -122.4922, -30.7652, 0.990695, 0.059716, -0.122300, 0.018528, -0.082144, 0.978828, -0.187476, -0.044861, 0.108516, 0.195778, 0.974626, 0.183701, 0.000000, 0.000000, 0.000000, 1.000000, 0.108516, 0.195778, 0.974626, 0.205701, -0.990695, -0.059716, 0.122300, -0.018528, 0.082144, -0.978828, 0.187476, 0.244934, 0.000000, 0.000000, 0.000000, 1.000000, -0.999785, 0.004866, 0.020163, 0.014317, 0.020545, 0.098510, 0.994924, -0.122492, 0.002855, 0.995124, -0.098588, -0.030765, 0.000000, 0.000000, 0.000000, 1.000000
10.2498, 18.4477, -44.7494, 183.4644, 205.4644, -18.4477, 244.8229, 14.1595, -122.7602, -30.6842, 0.989672, 0.059031, -0.130633, 0.018448, -0.084065, 0.977129, -0.195324, -0.044749, 0.116115, 0.204288, 0.972000, 0.183464, 0.000000, 0.000000, 0.000000, 1.000000, 0.116115, 0.204288, 0.972000, 0.205464, -0.989672, -0.059031, 0.130633, -0.018448, 0.084065, -0.977129, 0.195324, 0.244823, 0.000000, 0.000000, 0.000000, 1.000000, -0.999533, 0.004891, 0.030178, 0.014160, 0.030529, 0.107156, 0.993773, -0.122760, 0.001626, 0.994230, -0.107255, -0.030684, 0.000000, 0.000000, 0.000000, 1.000000
10.3566, 18.3615, -44.7368, 183.4771, 205.4771, -18.3615, 244.8103, 14.0163, -122.7670, -30.6769, 0.990449, 0.059240, -0.124507, 0.018361, -0.082376, 0.978362, -0.189795, -0.044737, 0.110569, 0.198239, 0.973897, 0.183477, 0.000000, 0.000000, 0.000000, 1.000000, 0.110569, 0.198239, 0.973897, 0.205477, -0.990449, -0.059240, 0.124507, -0.018361, 0.082376, -0.978362, 0.189795, 0.244810, 0.000000, 0.000000, 0.000000, 1.000000, -0.999640, 0.005492, 0.026245, 0.014016, 0.026666, 0.101016, 0.994527, -0.122767, 0.002810, 0.994870, -0.101126, -0.030677, 0.000000, 0.000000, 0.000000, 1.000000
10.4941, 18.1899, -44.7336, 183.4214, 205.4214, -18.1899, 244.8070, 13.8968, -122.8406, -30.6919, 0.990232, 0.059636, -0.126032, 0.018190, -0.083556, 0.977439, -0.193989, -0.044734, 0.111620, 0.202625, 0.972874, 0.183421, 0.000000, 0.000000, 0.000000, 1.000000, 0.111620, 0.202625, 0.972874, 0.205421, -0.990232, -0.059636, 0.126032, -0.018190, 0.083556, -0.977439, 0.193989, 0.244807, 0.000000, 0.000000, 0.000000, 1.000000, -0.999541, 0.004907, 0.029885, 0.013897, 0.030236, 0.105402, 0.993970, -0.122841, 0.001728, 0.994418, -0.105502, -0.030692, 0.000000, 0.000000, 0.000000, 1.000000
10.6211, 18.0886, -44.7403, 183.5008, 205.5008, -18.0886, 244.8137, 13.7182, -122.7829, -30.6982, 0.990991, 0.059498, -0.119988, 0.018089, -0.081660, 0.978534, -0.189215, -0.044740, 0.106154, 0.197308, 0.974577, 0.183501, 0.000000, 0.000000, 0.000000, 1.000000, 0.106154, 0.197308, 0.974577, 0.205501, -0.990991, -0.059498, 0.119988, -0.018089, 0.081660, -0.978534, 0.189215, 0.244814, 0.000000, 0.000000, 0.000000, 1.000000, -0.999636, 0.005790, 0.026341, 0.013718, 0.026788, 0.100028, 0.994624, -0.122783, 0.003124, 0.994968, -0.100147, -0.030698, 0.000000, 0.000000, 0.000000, 1.000000
10.7552, 18.0014, -44.6929, 183.4133, 205.4133, -18.0014, 244.7663, 13.5283, -122.8985, -30.6663, 0.990837, 0.058990, -0.121498, 0.018001, -0.082143, 0.977277, -0.195403, -0.044693, 0.107211, 0.203593, 0.973168, 0.183413, 0.000000, 0.000000, 0.000000, 1.000000, 0.107211, 0.203593, 0.973168, 0.205413, -0.990837, -0.058990, 0.121498, -0.018001, 0.082143, -0.977277, 0.195403, 0.244766, 0.000000, 0.000000, 0.000000, 1.000000, -0.999539, 0.005942, 0.029769, 0.013528, 0.030233, 0.106409, 0.993863, -0.122898, 0.002737, 0.994305, -0.106540, -0.030666, 0.000000, 0.000000, 0.000000, 1.000000
10.8624, 17.9118, -44.6712, 183.3784, 205.3784, -17.9118, 244.7446, 13.3916, -122.9528, -30.6549, 0.990617, 0.059433, -0.123070, 0.017912, -0.083080, 0.976883, -0.196970, -0.044671, 0.108519, 0.205346, 0.972654, 0.183378, 0.000000, 0.000000, 0.000000, 1.000000, 0.108519, 0.205346, 0.972654, 0.205378, -0.990617, -0.059433, 0.123070, -0.017912, 0.083080, -0.976883, 0.196970, 0.244745, 0.000000, 0.000000, 0.000000, 1.000000, -0.999437, 0.005536, 0.033102, 0.013392, 0.033506, 0.108137, 0.993571, -0.122953, 0.001921, 0.994121, -0.108261, -0.030655, 0.000000, 0.000000, 0.000000, 1.000000
10.9802, 17.7121, -44.7106, 183.4114, 205.4114, -17.7121, 244.7841, 13.3318, -122.9276, -30.7056, 0.991887, 0.058997, -0.112607, 0.017712, -0.080261, 0.977551, -0.194813, -0.044711, 0.098586, 0.202271, 0.974355, 0.183411, 0.000000, 0.000000, 0.000000, 1.000000, 0.098586, 0.202271, 0.974355, 0.205411, -0.991887, -0.058997, 0.112607, -0.017712, 0.080261, -0.977551, 0.194813, 0.244784, 0.000000, 0.000000, 0.000000, 1.000000, -0.999672, 0.006471, 0.024796, 0.013332, 0.025339, 0.105046, 0.994144, -0.122928, 0.003829, 0.994446, -0.105176, -0.030706, 0.000000, 0.000000, 0.000000, 1.000000
11.1133, 17.6267, -44.6985, 183.4284, 205.4284, -17.6267, 244.7719, 13.1308, -122.9358, -30.6982, 0.992070, 0.058810, -0.111076, 0.017627, -0.079945, 0.977212, -0.196634, -0.044698, 0.096981, 0.203955, 0.974165, 0.183428, 0.000000, 0.000000, 0.000000, 1.000000, 0.096981, 0.203955, 0.974165, 0.205428, -0.992070, -0.058810, 0.111076, -0.017627, 0.079945, -0.977212, 0.196634, 0.244772, 0.000000, 0.000000, 0.000000, 1.000000, -0.999653, 0.006754, 0.025449, 0.013131, 0.026025, 0.106749, 0.993945, -0.122936, 0.003997, 0.994263, -0.106888, -0.030698, 0.000000, 0.000000, 0.000000, 1.000000
11.2474, 17.5543, -44.6967, 183.3551, 205.3551, -17.5543, 244.7701, 12.9202, -123.0336, -30.7091, 0.991558, 0.059265, -0.115327, 0.017554, -0.080682, 0.978275, -0.190968, -0.044697, 0.101504, 0.198661, 0.974798, 0.183355, 0.000000, 0.000000, 0.000000, 1.000000, 0.101504, 0.198661, 0.974798, 0.205355, -0.991558, -0.059265, 0.115327, -0.017554, 0.080682, -0.978275, 0.190968, 0.244770, 0.000000, 0.000000, 0.000000, 1.000000, -0.999450, 0.007001, 0.032419, 0.012920, 0.032962, 0.101343, 0.994305, -0.123034, 0.003676, 0.994827, -0.101518, -0.030709, 0.000000, 0.000000, 0.000000, 1.000000
11.3660, 17.4629, -44.7016, 183.3387, 205.3387, -17.4629, 244.7751, 12.7570, -123.0692, -30.7224, 0.991698, 0.059379, -0.114056, 0.017463, -0.080793, 0.977781, -0.193433, -0.044702, 0.100036, 0.201043, 0.974461, 0.183339, 0.000000, 0.000000, 0.000000, 1.000000, 0.100036, 0.201043, 0.974461, 0.205339, -0.991698, -0.059379, 0.114056, -0.017463, 0.080793, -0.977781, 0.193433, 0.244775, 0.000000, 0.000000, 0.000000, 1.000000, -0.999430, 0.006899, 0.033035, 0.012757, 0.033573, 0.103731, 0.994039, -0.123069, 0.003431, 0.994581, -0.103904, -0.030722, 0.000000, 0.000000, 0.000000, 1.000000
11.4798, 17.3464, -44.6829, 183.2652, 205.2652, -17.3464, 244.7563, 12.6346, -123.1606, -30.7198, 0.992221, 0.059316, -0.109448, 0.017346, -0.079677, 0.978109, -0.192233, -0.044683, 0.095650, 0.199458, 0.975227, 0.183265, 0.000000, 0.000000, 0.000000, 1.000000, 0.095650, 0.199458, 0.975227, 0.205265, -0.992221, -0.059316, 0.109448, -0.017346, 0.079677, -0.978109, 0.192233, 0.244756, 0.000000, 0.000000, 0.000000, 1.000000, -0.999509, 0.007297, 0.030475, 0.012635, 0.031061, 0.102118, 0.994287, -0.123161, 0.004143, 0.994746, -0.102294, -0.030720, 0.000000, 0.000000, 0.000000, 1.000000
11.6060, 17.1806, -44.6397, 183.3671, 205.3671, -17.1806, 244.7131, 12.5256, -123.0794, -30.6791, 0.992598, 0.058836, -0.106242, 0.017181, -0.079458, 0.976210, -0.201744, -0.044640, 0.091845, 0.208693, 0.973659, 0.183367, 0.000000, 0.000000, 0.000000, 1.000000, 0.091845, 0.208693, 0.973659, 0.205367, -0.992598, -0.058836, 0.106242, -0.017181, 0.079458, -0.976210, 0.201744, 0.244713, 0.000000, 0.000000, 0.000000, 1.000000, -0.999559, 0.007271, 0.028804, 0.012526, 0.029436, 0.111484, 0.993330, -0.123079, 0.004011, 0.993740, -0.111649, -0.030679, 0.000000, 0.000000, 0.000000, 1.000000
11.7145, 17.0345, -44.6727, 183.3456, 205.3456, -17.0345, 244.7461, 12.4365, -123.1113, -30.7249, 0.992921, 0.059839, -0.102603, 0.017034, -0.079254, 0.977182, -0.197064, -0.044673, 0.088470, 0.203801, 0.975007, 0.183346, 0.000000, 0.000000, 0.000000, 1.000000, 0.088470, 0.203801, 0.975007, 0.205346, -0.992921, -0.059839, 0.102603, -0.017034, 0.079254, -0.977182, 0.197064, 0.244746, 0.000000, 0.000000, 0.000000, 1.000000, -0.999602, 0.006858, 0.027361, 0.012436, 0.027936, 0.106452, 0.993925, -0.123111, 0.003903, 0.994294, -0.106601, -0.030725, 0.000000, 0.000000, 0.000000, 1.000000
11.8393, 16.9651, -44.6937, 183.3673, 205.3673, -16.9651, 244.7671, 12.2343, -123.1099, -30.7487, 0.993404, 0.060049, -0.097688, 0.016965, -0.078005, 0.978317, -0.191862, -0.044694, 0.084049, 0.198217, 0.976548, 0.183367, 0.000000, 0.000000, 0.000000, 1.000000, 0.084049, 0.198217, 0.976548, 0.205367, -0.993404, -0.060049, 0.097688, -0.016965, 0.078005, -0.978317, 0.191862, 0.244767, 0.000000, 0.000000, 0.000000, 1.000000, -0.999662, 0.007296, 0.024963, 0.012234, 0.025572, 0.100769, 0.994581, -0.123110, 0.004741, 0.994883, -0.100922, -0.030749, 0.000000, 0.000000, 0.000000, 1.000000
11.9518, 16.8903, -44.6494, 183.4346, 205.4346, -16.8903, 244.7229, 12.0668, -123.0663, -30.7037, 0.993576, 0.059880, -0.096022, 0.016890, -0.077989, 0.977174, -0.197609, -0.044649, 0.081998, 0.203829, 0.975567, 0.183435, 0.000000, 0.000000, 0.000000, 1.000000, 0.081998, 0.203829, 0.975567, 0.205435, -0.993576, -0.059880, 0.096022, -0.016890, 0.077989, -0.977174, 0.197609, 0.244723, 0.000000, 0.000000, 0.000000, 1.000000, -0.999665, 0.007255, 0.024853, 0.012067, 0.025484, 0.106449, 0.993992, -0.123066, 0.004566, 0.994292, -0.106598, -0.030704, 0.000000, 0.000000, 0.000000, 1.000000
12.0687, 16.7802, -44.6046, 183.4672, 205.4672, -16.7802, 244.6780, 11.9270, -123.0558, -30.6641, 0.993837, 0.059273, -0.093672, 0.016780, -0.077357, 0.976099, -0.203093, -0.044605, 0.079395, 0.209088, 0.974669, 0.183467, 0.000000, 0.000000, 0.000000, 1.000000, 0.079395, 0.209088, 0.974669, 0.205467, -0.993837, -0.059273, 0.093672, -0.016780, 0.077357, -0.976099, 0.203093, 0.244678, 0.000000, 0.000000, 0.000000, 1.000000, -0.999679, 0.007705, 0.024151, 0.011927, 0.024862, 0.111798, 0.993420, -0.123056, 0.004954, 0.993701, -0.111954, -0.030664, 0.000000, 0.000000, 0.000000, 1.000000
12.1874, 16.5673, -44.6465, 183.5316, 205.5316, -16.5673, 244.7199, 11.8774, -122.9995, -30.7151, 0.994700, 0.059600, -0.083789, 0.016567, -0.075230, 0.977330, -0.197903, -0.044646, 0.070095, 0.203157, 0.976634, 0.183532, 0.000000, 0.000000, 0.000000, 1.000000, 0.070095, 0.203157, 0.976634, 0.205532, -0.994700, -0.059600, 0.083789, -0.016567, 0.075230, -0.977330, 0.197903, 0.244720, 0.000000, 0.000000, 0.000000, 1.000000, -0.999829, 0.008019, 0.016682, 0.011877, 0.017437, 0.105753, 0.994240, -0.123000, 0.006208, 0.994360, -0.105874, -0.030715, 0.000000, 0.000000, 0.000000, 1.000000
12.3091, 16.4511, -44.6618, 183.5110, 205.5110, -16.4511, 244.7352, 11.7316, -123.0368, -30.7410, 0.995214, 0.059228, -0.077727, 0.016451, -0.073405, 0.978148, -0.194522, -0.044662, 0.064507, 0.199297, 0.977814, 0.183511, 0.000000, 0.000000, 0.000000, 1.000000, 0.064507, 0.199297, 0.977814, 0.205511, -0.995214, -0.059228, 0.077727, -0.016451, 0.073405, -0.978148, 0.194522, 0.244735, 0.000000, 0.000000, 0.000000, 1.000000, -0.999877, 0.008872, 0.012969, 0.011732, 0.013806, 0.101842, 0.994705, -0.123037, 0.007504, 0.994761, -0.101952, -0.030741, 0.000000, 0.000000, 0.000000, 1.000000
12.4286, 16.4304, -44.6083, 183.4001, 205.4001, -16.4304, 244.6817, 11.5050, -123.1752, -30.7004, 0.993864, 0.059700, -0.093112, 0.016430, -0.077150, 0.977400, -0.196819, -0.044608, 0.079257, 0.202795, 0.976008, 0.183400, 0.000000, 0.000000, 0.000000, 1.000000, 0.079257, 0.202795, 0.976008, 0.205400, -0.993864, -0.059700, 0.093112, -0.016430, 0.077150, -0.977400, 0.196819, 0.244682, 0.000000, 0.000000, 0.000000, 1.000000, -0.999507, 0.008387, 0.030267, 0.011505, 0.030983, 0.105345, 0.993953, -0.123175, 0.005148, 0.994400, -0.105553, -0.030700, 0.000000, 0.000000, 0.000000, 1.000000
12.5583, 16.3416, -44.6066, 183.4569, 205.4569, -16.3416, 244.6800, 11.3123, -123.1399, -30.6997, 0.994249, 0.059198, -0.089243, 0.016342, -0.076065, 0.976965, -0.199385, -0.044607, 0.075384, 0.205027, 0.975849, 0.183457, 0.000000, 0.000000, 0.000000, 1.000000, 0.075384, 0.205027, 0.975849, 0.205457, -0.994249, -0.059198, 0.089243, -0.016342, 0.076065, -0.976965, 0.199385, 0.244680, 0.000000, 0.000000, 0.000000, 1.000000, -0.999554, 0.008990, 0.028468, 0.011312, 0.029271, 0.107613, 0.993762, -0.123140, 0.005870, 0.994152, -0.107828, -0.030700, 0.000000, 0.000000, 0.000000, 1.000000
12.6765, 16.1745, -44.4981, 183.2003, 205.2003, -16.1745, 244.5716, 11.2444, -123.4198, -30.6299, 0.993939, 0.059005, -0.092752, 0.016175, -0.076434, 0.977353, -0.197328, -0.044498, 0.079009, 0.203221, 0.975940, 0.183200, 0.000000, 0.000000, 0.000000, 1.000000, 0.079009, 0.203221, 0.975940, 0.205200, -0.993939, -0.059005, 0.092752, -0.016175, 0.076434, -0.977353, 0.197328, 0.244572, 0.000000, 0.000000, 0.000000, 1.000000, -0.999371, 0.009513, 0.034171, 0.011244, 0.034987, 0.105772, 0.993775, -0.123420, 0.005840, 0.994345, -0.106038, -0.030630, 0.000000, 0.000000, 0.000000, 1.000000
12.8013, 16.0925, -44.5305, 183.2298, 205.2298, -16.0925, 244.6039, 11.0534, -123.4076, -30.6652, 0.994159, 0.058709, -0.090560, 0.016093, -0.075719, 0.977348, -0.197627, -0.044530, 0.076906, 0.203330, 0.976085, 0.183230, 0.000000, 0.000000, 0.000000, 1.000000, 0.076906, 0.203330, 0.976085, 0.205230, -0.994159, -0.058709, 0.090560, -0.016093, 0.075719, -0.977348, 0.197627, 0.244604, 0.000000, 0.000000, 0.000000, 1.000000, -0.999367, 0.010033, 0.034123, 0.011053, 0.034994, 0.105874, 0.993764, -0.123408, 0.006358, 0.994329, -0.106158, -0.030665, 0.000000, 0.000000, 0.000000, 1.000000
12.9173, 15.9105, -44.5728, 183.3186, 205.3186, -15.9105, 244.6463, 10.9780, -123.3288, -30.7119, 0.995062, 0.059027, -0.079791, 0.015911, -0.073591, 0.978221, -0.194083, -0.044573, 0.066597, 0.198996, 0.977735, 0.183319, 0.000000, 0.000000, 0.000000, 1.000000, 0.066597, 0.198996, 0.977735, 0.205319, -0.995062, -0.059027, 0.079791, -0.015911, 0.073591, -0.978221, 0.194083, 0.244646, 0.000000, 0.000000, 0.000000, 1.000000, -0.999620, 0.010171, 0.025621, 0.010978, 0.026521, 0.101446, 0.994487, -0.123329, 0.007515, 0.994789, -0.101677, -0.030712, 0.000000, 0.000000, 0.000000, 1.000000
13.0504, 15.9043, -44.5770, 183.2945, 205.2945, -15.9043, 244.6505, 10.6981, -123.3773, -30.7190, 0.994828, 0.059320, -0.082453, 0.015904, -0.074378, 0.978257, -0.193599, -0.044577, 0.069176, 0.198730, 0.977610, 0.183294, 0.000000, 0.000000, 0.000000, 1.000000, 0.069176, 0.198730, 0.977610, 0.205294, -0.994828, -0.059320, 0.082453, -0.015904, 0.074378, -0.978257, 0.193599, 0.244650, 0.000000, 0.000000, 0.000000, 1.000000, -0.999480, 0.010127, 0.030626, 0.010698, 0.031495, 0.101141, 0.994373, -0.123377, 0.006972, 0.994821, -0.101407, -0.030719, 0.000000, 0.000000, 0.000000, 1.000000
13.1985, 15.6611, -44.4978, 183.2762, 205.2762, -15.6611, 244.5713, 10.6283, -123.4201, -30.6603, 0.995217, 0.058409, -0.078298, 0.015661, -0.073008, 0.977287, -0.198945, -0.044498, 0.064899, 0.203710, 0.976878, 0.183276, 0.000000, 0.000000, 0.000000, 1.000000, 0.064899, 0.203710, 0.976878, 0.205276, -0.995217, -0.058409, 0.078298, -0.015661, 0.073008, -0.977287, 0.198945, 0.244571, 0.000000, 0.000000, 0.000000, 1.000000, -0.999528, 0.011048, 0.028665, 0.010628, 0.029677, 0.106198, 0.993902, -0.123420, 0.007937, 0.994284, -0.106476, -0.030660, 0.000000, 0.000000, 0.000000, 1.000000
13.3664, 15.6143, -44.4600, 183.1633, 205.1633, -15.6143, 244.5335, 10.3198, -123.5648, -30.6374, 0.994770, 0.059447, -0.083056, 0.015614, -0.075071, 0.976936, -0.199900, -0.044460, 0.069257, 0.205090, 0.976290, 0.183163, 0.000000, 0.000000, 0.000000, 1.000000, 0.069257, 0.205090, 0.976290, 0.205163, -0.994770, -0.059447, 0.083056, -0.015614, 0.075071, -0.976936, 0.199900, 0.244533, 0.000000, 0.000000, 0.000000, 1.000000, -0.999290, 0.010254, 0.036263, 0.010320, 0.037156, 0.107531, 0.993507, -0.123565, 0.006288, 0.994149, -0.107836, -0.030637, 0.000000, 0.000000, 0.000000, 1.000000
13.5053, 15.3304, -44.5348, 183.4072, 205.4072, -15.3304, 244.6083, 10.2902, -123.3292, -30.7086, 0.995957, 0.059321, -0.067461, 0.015330, -0.071671, 0.977455, -0.198607, -0.044535, 0.054159, 0.202639, 0.977755, 0.183407, 0.000000, 0.000000, 0.000000, 1.000000, 0.054159, 0.202639, 0.977755, 0.205407, -0.995957, -0.059321, 0.067461, -0.015330, 0.071671, -0.977455, 0.198607, 0.244608, 0.000000, 0.000000, 0.000000, 1.000000, -0.999673, 0.010752, 0.023186, 0.010290, 0.024188, 0.105023, 0.994176, -0.123329, 0.008255, 0.994412, -0.105248, -0.030709, 0.000000, 0.000000, 0.000000, 1.000000
13.6244, 15.3002, -44.5073, 183.2601, 205.2601, -15.3002, 244.5807, 10.0701, -123.4983, -30.6981, 0.995373, 0.060223, -0.074875, 0.015300, -0.073996, 0.977514, -0.197460, -0.044507, 0.061299, 0.202087, 0.977447, 0.183260, 0.000000, 0.000000, 0.000000, 1.000000, 0.061299, 0.202087, 0.977447, 0.205260, -0.995373, -0.060223, 0.074875, -0.015300, 0.073996, -0.977514, 0.197460, 0.244581, 0.000000, 0.000000, 0.000000, 1.000000, -0.999413, 0.010091, 0.032738, 0.010070, 0.033614, 0.104414, 0.993966, -0.123498, 0.006612, 0.994483, -0.104692, -0.030698, 0.000000, 0.000000, 0.000000, 1.000000
13.7474, 15.1844, -44.5002, 183.2895, 205.2895, -15.1844, 244.5736, 9.9201, -123.4873, -30.6967, 0.995789, 0.059519, -0.069731, 0.015184, -0.072490, 0.976820, -0.201415, -0.044500, 0.056127, 0.205621, 0.977021, 0.183290, 0.000000, 0.000000, 0.000000, 1.000000, 0.056127, 0.205621, 0.977021, 0.205290, -0.995789, -0.059519, 0.069731, -0.015184, 0.072490, -0.976820, 0.201415, 0.244574, 0.000000, 0.000000, 0.000000, 1.000000, -0.999507, 0.010875, 0.029452, 0.009920, 0.030455, 0.107998, 0.993684, -0.123487, 0.007625, 0.994092, -0.108276, -0.030697, 0.000000, 0.000000, 0.000000, 1.000000
13.8524, 15.0729, -44.4610, 183.2867, 205.2867, -15.0729, 244.5345, 9.8080, -123.5084, -30.6664, 0.996035, 0.059894, -0.065777, 0.015073, -0.072254, 0.976008, -0.205399, -0.044461, 0.051897, 0.209337, 0.976465, 0.183287, 0.000000, 0.000000, 0.000000, 1.000000, 0.051897, 0.209337, 0.976465, 0.205287, -0.996035, -0.059894, 0.065777, -0.015073, 0.072254, -0.976008, 0.205399, 0.244534, 0.000000, 0.000000, 0.000000, 1.000000, -0.999579, 0.010550, 0.027039, 0.009808, 0.028049, 0.111742, 0.993341, -0.123508, 0.007459, 0.993681, -0.111991, -0.030666, 0.000000, 0.000000, 0.000000, 1.000000
13.9847, 15.0542, -44.4276, 183.2172, 205.2172, -15.0542, 244.5011, 9.5455, -123.6026, -30.6416, 0.995364, 0.059688, -0.075417, 0.015054, -0.074217, 0.975406, -0.207546, -0.044428, 0.061174, 0.212181, 0.975314, 0.183217, 0.000000, 0.000000, 0.000000, 1.000000, 0.061174, 0.212181, 0.975314, 0.205217, -0.995364, -0.059688, 0.075417, -0.015054, 0.074217, -0.975406, 0.207546, 0.244501, 0.000000, 0.000000, 0.000000, 1.000000, -0.999187, 0.010907, 0.038800, 0.009545, 0.039796, 0.114611, 0.992613, -0.123603, 0.006380, 0.993351, -0.114952, -0.030642, 0.000000, 0.000000, 0.000000, 1.000000
14.0752, 14.9498, -44.4049, 183.1081, 205.1081, -14.9498, 244.4783, 9.4581, -123.7254, -30.6375, 0.995215, 0.060457, -0.076764, 0.014950, -0.075198, 0.975527, -0.206620, -0.044405, 0.062394, 0.211403, 0.975405, 0.183108, 0.000000, 0.000000, 0.000000, 1.000000, 0.062394, 0.211403, 0.975405, 0.205108, -0.995215, -0.060457, 0.076764, -0.014950, 0.075198, -0.975527, 0.206620, 0.244478, 0.000000, 0.000000, 0.000000, 1.000000, -0.999073, 0.010346, 0.041781, 0.009458, 0.042688, 0.113787, 0.992588, -0.123725, 0.005515, 0.993451, -0.114124, -0.030638, 0.000000, 0.000000, 0.000000, 1.000000
14.2014, 14.7632, -44.5130, 183.2963, 205.2963, -14.7632, 244.5864, 9.3602, -123.5436, -30.7400, 0.996271, 0.060002, -0.061994, 0.014763, -0.071292, 0.977225, -0.199873, -0.044513, 0.048590, 0.203548, 0.977859, 0.183296, 0.000000, 0.000000, 0.000000, 1.000000, 0.048590, 0.203548, 0.977859, 0.205296, -0.996271, -0.060002, 0.061994, -0.014763, 0.071292, -0.977225, 0.199873, 0.244586, 0.000000, 0.000000, 0.000000, 1.000000, -0.999494, 0.011315, 0.029714, 0.009360, 0.030746, 0.105794, 0.993913, -0.123544, 0.008102, 0.994324, -0.106089, -0.030740, 0.000000, 0.000000, 0.000000, 1.000000
14.5147, 14.4956, -44.4664, 183.2330, 205.2330, -14.4956, 244.5398, 8.9555, -123.6554, -30.7199, 0.996307, 0.059740, -0.061680, 0.014496, -0.071128, 0.976582, -0.203050, -0.044466, 0.048105, 0.206687, 0.977224, 0.183233, 0.000000, 0.000000, 0.000000, 1.000000, 0.048105, 0.206687, 0.977224, 0.205233, -0.996307, -0.059740, 0.061680, -0.014496, 0.071128, -0.976582, 0.203050, 0.244540, 0.000000, 0.000000, 0.000000, 1.000000, -0.999328, 0.012069, 0.034602, 0.008956, 0.035712, 0.108922, 0.993409, -0.123655, 0.008220, 0.993977, -0.109280, -0.030720, 0.000000, 0.000000, 0.000000, 1.000000
14.6083, 14.4169, -44.4516, 183.0484, 205.0484, -14.4169, 244.5250, 8.8350, -123.8536, -30.7294, 0.995915, 0.060585, -0.066959, 0.014417, -0.072664, 0.977919, -0.195946, -0.044452, 0.053610, 0.200011, 0.978326, 0.183048, 0.000000, 0.000000, 0.000000, 1.000000, 0.053610, 0.200011, 0.978326, 0.205048, -0.995915, -0.060585, 0.066959, -0.014417, 0.072664, -0.977919, 0.195946, 0.244525, 0.000000, 0.000000, 0.000000, 1.000000, -0.999050, 0.011573, 0.042016, 0.008835, 0.042980, 0.102114, 0.993844, -0.123854, 0.007212, 0.994705, -0.102514, -0.030729, 0.000000, 0.000000, 0.000000, 1.000000
14.7792, 14.2073, -44.4167, 183.2567, 205.2567, -14.2073, 244.4901, 8.6756, -123.6725, -30.6897, 0.996626, 0.059409, -0.056632, 0.014207, -0.070022, 0.975399, -0.209032, -0.044417, 0.042820, 0.212292, 0.976268, 0.183257, 0.000000, 0.000000, 0.000000, 1.000000, 0.042820, 0.212292, 0.976268, 0.205257, -0.996626, -0.059409, 0.056632, -0.014207, 0.070022, -0.975399, 0.209032, 0.244490, 0.000000, 0.000000, 0.000000, 1.000000, -0.999350, 0.012772, 0.033711, 0.008676, 0.034954, 0.114564, 0.992801, -0.123672, 0.008818, 0.993334, -0.114936, -0.030690, 0.000000, 0.000000, 0.000000, 1.000000
14.9045, 14.1346, -44.4263, 183.1583, 205.1583, -14.1346, 244.4997, 8.4775, -123.7872, -30.7144, 0.996721, 0.059567, -0.054767, 0.014135, -0.069372, 0.977461, -0.199394, -0.044426, 0.041656, 0.202539, 0.978388, 0.183158, 0.000000, 0.000000, 0.000000, 1.000000, 0.041656, 0.202539, 0.978388, 0.205158, -0.996721, -0.059567, 0.054767, -0.014135, 0.069372, -0.977461, 0.199394, 0.244500, 0.000000, 0.000000, 0.000000, 1.000000, -0.999311, 0.013069, 0.034736, 0.008477, 0.035915, 0.104626, 0.993863, -0.123787, 0.009355, 0.994426, -0.105023, -0.030714, 0.000000, 0.000000, 0.000000, 1.000000
15.0060, 13.9928, -44.3971, 183.1599, 205.1599, -13.9928, 244.4706, 8.4017, -123.8018, -30.6958, 0.996737, 0.059892, -0.054113, 0.013993, -0.069667, 0.976905, -0.201998, -0.044397, 0.040765, 0.205109, 0.977890, 0.183160, 0.000000, 0.000000, 0.000000, 1.000000, 0.040765, 0.205109, 0.977890, 0.205160, -0.996737, -0.059892, 0.054113, -0.013993, 0.069667, -0.976905, 0.201998, 0.244471, 0.000000, 0.000000, 0.000000, 1.000000, -0.999281, 0.012880, 0.035650, 0.008402, 0.036828, 0.107211, 0.993554, -0.123802, 0.008975, 0.994153, -0.107609, -0.030696, 0.000000, 0.000000, 0.000000, 1.000000
15.1137, 13.9084, -44.3794, 183.2118, 205.2118, -13.9084, 244.4529, 8.2545, -123.7668, -30.6794, 0.996859, 0.059092, -0.052723, 0.013908, -0.068703, 0.976427, -0.204622, -0.044379, 0.039389, 0.207601, 0.977420, 0.183212, 0.000000, 0.000000, 0.000000, 1.000000, 0.039389, 0.207601, 0.977420, 0.205212, -0.996859, -0.059092, 0.052723, -0.013908, 0.068703, -0.976427, 0.204622, 0.244453, 0.000000, 0.000000, 0.000000, 1.000000, -0.999258, 0.013840, 0.035936, 0.008254, 0.037240, 0.109721, 0.993265, -0.123767, 0.009804, 0.993866, -0.110155, -0.030679, 0.000000, 0.000000, 0.000000, 1.000000
15.2156, 13.8220, -44.3955, 183.3010, 205.3010, -13.8220, 244.4689, 8.1193, -123.6903, -30.6929, 0.997135, 0.059569, -0.046611, 0.013822, -0.067809, 0.977044, -0.201956, -0.044395, 0.033511, 0.204538, 0.978285, 0.183301, 0.000000, 0.000000, 0.000000, 1.000000, 0.033511, 0.204538, 0.978285, 0.205301, -0.997135, -0.059569, 0.046611, -0.013822, 0.067809, -0.977044, 0.201956, 0.244469, 0.000000, 0.000000, 0.000000, 1.000000, -0.999401, 0.013605, 0.031807, 0.008119, 0.033079, 0.106583, 0.993753, -0.123690, 0.010130, 0.994211, -0.106970, -0.030693, 0.000000, 0.000000, 0.000000, 1.000000
15.3070, 13.6002, -44.3886, 183.3005, 205.3005, -13.6002, 244.4620, 8.1436, -123.7031, -30.7026, 0.997862, 0.059149, -0.027791, 0.013600, -0.063544, 0.977497, -0.201152, -0.044389, 0.015267, 0.202488, 0.979166, 0.183300, 0.000000, 0.000000, 0.000000, 1.000000, 0.015267, 0.202488, 0.979166, 0.205300, -0.997862, -0.059149, 0.027791, -0.013600, 0.063544, -0.977497, 0.201152, 0.244462, 0.000000, 0.000000, 0.000000, 1.000000, -0.999791, 0.014223, 0.014686, 0.008144, 0.016093, 0.104480, 0.994397, -0.123703, 0.012609, 0.994425, -0.104687, -0.030703, 0.000000, 0.000000, 0.000000, 1.000000
15.4134, 13.6203, -44.3574, 183.3757, 205.3757, -13.6203, 244.4309, 7.8973, -123.6468, -30.6626, 0.997199, 0.059322, -0.045548, 0.013620, -0.067624, 0.975300, -0.210277, -0.044357, 0.031949, 0.212768, 0.976580, 0.183376, 0.000000, 0.000000, 0.000000, 1.000000, 0.031949, 0.212768, 0.976580, 0.205376, -0.997199, -0.059322, 0.045548, -0.013620, 0.067624, -0.975300, 0.210277, 0.244431, 0.000000, 0.000000, 0.000000, 1.000000, -0.999337, 0.014121, 0.033556, 0.007897, 0.034959, 0.114898, 0.992762, -0.123647, 0.010164, 0.993277, -0.115315, -0.030663, 0.000000, 0.000000, 0.000000, 1.000000
15.5250, 13.5310, -44.3577, 183.2784, 205.2784, -13.5310, 244.4311, 7.7449, -123.7586, -30.6791, 0.997264, 0.059467, -0.043904, 0.013531, -0.067282, 0.976239, -0.205985, -0.044358, 0.030611, 0.208376, 0.977570, 0.183278, 0.000000, 0.000000, 0.000000, 1.000000, 0.030611, 0.208376, 0.977570, 0.205278, -0.997264, -0.059467, 0.043904, -0.013531, 0.067282, -0.976239, 0.205985, 0.244431, 0.000000, 0.000000, 0.000000, 1.000000, -0.999314, 0.014245, 0.034174, 0.007745, 0.035540, 0.110406, 0.993251, -0.123759, 0.010376, 0.993784, -0.110837, -0.030679, 0.000000, 0.000000, 0.000000, 1.000000
15.6116, 13.4020, -44.3740, 183.3363, 205.3363, -13.4020, 244.4474, 7.6857, -123.7109, -30.6992, 0.997722, 0.059176, -0.032393, 0.013402, -0.064629, 0.976118, -0.207403, -0.044374, 0.019346, 0.209024, 0.977719, 0.183336, 0.000000, 0.000000, 0.000000, 1.000000, 0.019346, 0.209024, 0.977719, 0.205336, -0.997722, -0.059176, 0.032393, -0.013402, 0.064629, -0.976118, 0.207403, 0.244447, 0.000000, 0.000000, 0.000000, 1.000000, -0.999602, 0.014697, 0.024092, 0.007686, 0.025577, 0.111042, 0.993487, -0.123711, 0.011926, 0.993707, -0.111373, -0.030699, 0.000000, 0.000000, 0.000000, 1.000000
15.7337, 13.3515, -44.3639, 183.2151, 205.2151, -13.3515, 244.4373, 7.4719, -123.8487, -30.7049, 0.997364, 0.059542, -0.041464, 0.013352, -0.066772, 0.976817, -0.203398, -0.044364, 0.028392, 0.205631, 0.978218, 0.183215, 0.000000, 0.000000, 0.000000, 1.000000, 0.028392, 0.205631, 0.978218, 0.205215, -0.997364, -0.059542, 0.041464, -0.013352, 0.066772, -0.976817, 0.203398, 0.244437, 0.000000, 0.000000, 0.000000, 1.000000, -0.999261, 0.014589, 0.035556, 0.007472, 0.036922, 0.107565, 0.993512, -0.123849, 0.010670, 0.994091, -0.108024, -0.030705, 0.000000, 0.000000, 0.000000, 1.000000
15.8282, 13.3122, -44.3235, 183.2049, 205.2049, -13.3122, 244.3969, 7.3097, -123.8753, -30.6687, 0.997135, 0.059495, -0.046706, 0.013312, -0.067911, 0.976089, -0.206490, -0.044323, 0.033304, 0.209071, 0.977333, 0.183205, 0.000000, 0.000000, 0.000000, 1.000000, 0.033304, 0.209071, 0.977333, 0.205205, -0.997135, -0.059495, 0.046706, -0.013312, 0.067911, -0.976089, 0.206490, 0.244397, 0.000000, 0.000000, 0.000000, 1.000000, -0.999000, 0.014798, 0.042184, 0.007310, 0.043570, 0.111036, 0.992861, -0.123875, 0.010009, 0.993706, -0.111570, -0.030669, 0.000000, 0.000000, 0.000000, 1.000000
15.9478, 13.0860, -44.3268, 183.2701, 205.2701, -13.0860, 244.4003, 7.2774, -123.8263, -30.6824, 0.997857, 0.059514, -0.027201, 0.013086, -0.063916, 0.975538, -0.210336, -0.044327, 0.014018, 0.211623, 0.977251, 0.183270, 0.000000, 0.000000, 0.000000, 1.000000, 0.014018, 0.211623, 0.977251, 0.205270, -0.997857, -0.059514, 0.027201, -0.013086, 0.063916, -0.975538, 0.210336, 0.244400, 0.000000, 0.000000, 0.000000, 1.000000, -0.999587, 0.015004, 0.024521, 0.007277, 0.026070, 0.113600, 0.993185, -0.123826, 0.012116, 0.993413, -0.113944, -0.030682, 0.000000, 0.000000, 0.000000, 1.000000
16.0392, 13.0417, -44.3714, 183.2820, 205.2820, -13.0417, 244.4448, 7.1209, -123.8219, -30.7287, 0.997739, 0.059191, -0.031823, 0.013042, -0.064501, 0.976384, -0.206190, -0.044371, 0.018867, 0.207777, 0.977994, 0.183282, 0.000000, 0.000000, 0.000000, 1.000000, 0.018867, 0.207777, 0.977994, 0.205282, -0.997739, -0.059191, 0.031823, -0.013042, 0.064501, -0.976384, 0.206190, 0.244445, 0.000000, 0.000000, 0.000000, 1.000000, -0.999398, 0.015512, 0.031030, 0.007121, 0.032547, 0.109662, 0.993436, -0.123822, 0.012007, 0.993848, -0.110101, -0.030729, 0.000000, 0.000000, 0.000000, 1.000000
16.1363, 13.0329, -44.3793, 183.2165, 205.2165, -13.0329, 244.4528, 6.9182, -123.8982, -30.7437, 0.997484, 0.059916, -0.037900, 0.013033, -0.066357, 0.977231, -0.201533, -0.044379, 0.024962, 0.203541, 0.978748, 0.183216, 0.000000, 0.000000, 0.000000, 1.000000, 0.024962, 0.203541, 0.978748, 0.205216, -0.997484, -0.059916, 0.037900, -0.013033, 0.066357, -0.977231, 0.201533, 0.244453, 0.000000, 0.000000, 0.000000, 1.000000, -0.999122, 0.014967, 0.039126, 0.006918, 0.040488, 0.105343, 0.993611, -0.123898, 0.010750, 0.994323, -0.105856, -0.030744, 0.000000, 0.000000, 0.000000, 1.000000
16.2448, 12.9261, -44.3504, 183.2517, 205.2517, -12.9261, 244.4238, 6.7927, -123.8801, -30.7195, 0.997523, 0.059538, -0.037457, 0.012926, -0.065940, 0.976899, -0.203272, -0.044350, 0.024490, 0.205239, 0.978406, 0.183252, 0.000000, 0.000000, 0.000000, 1.000000, 0.024490, 0.205239, 0.978406, 0.205252, -0.997523, -0.059538, 0.037457, -0.012926, 0.065940, -0.976899, 0.203272, 0.244424, 0.000000, 0.000000, 0.000000, 1.000000, -0.999061, 0.015551, 0.040434, 0.006793, 0.041870, 0.107032, 0.993374, -0.123880, 0.011120, 0.994134, -0.107583, -0.030719, 0.000000, 0.000000, 0.000000, 1.000000
16.3389, 12.7597, -44.3160, 183.3614, 205.3614, -12.7597, 244.3894, 6.7600, -123.7875, -30.6868, 0.998061, 0.058766, -0.020495, 0.012760, -0.061803, 0.974642, -0.215064, -0.044316, 0.007336, 0.215914, 0.976385, 0.183361, 0.000000, 0.000000, 0.000000, 1.000000, 0.007336, 0.215914, 0.976385, 0.205361, -0.998061, -0.058766, 0.020495, -0.012760, 0.061803, -0.974642, 0.215064, 0.244389, 0.000000, 0.000000, 0.000000, 1.000000, -0.999569, 0.016545, 0.024252, 0.006760, 0.026036, 0.117844, 0.992691, -0.123787, 0.013566, 0.992894, -0.118224, -0.030687, 0.000000, 0.000000, 0.000000, 1.000000
16.4338, 12.7200, -44.3559, 183.3668, 205.3668, -12.7200, 244.4293, 6.5917, -123.7897, -30.7289, 0.997814, 0.059418, -0.028925, 0.012720, -0.064149, 0.976041, -0.207914, -0.044356, 0.015878, 0.209315, 0.977719, 0.183367, 0.000000, 0.000000, 0.000000, 1.000000, 0.015878, 0.209315, 0.977719, 0.205367, -0.997814, -0.059418, 0.028925, -0.012720, 0.064149, -0.976041, 0.207914, 0.244429, 0.000000, 0.000000, 0.000000, 1.000000, -0.999264, 0.016049, 0.034851, 0.006592, 0.036422, 0.111121, 0.993139, -0.123790, 0.012066, 0.993677, -0.111623, -0.030729, 0.000000, 0.000000, 0.000000, 1.000000
16.5283, 12.5678, -44.3936, 183.4227, 205.4227, -12.5678, 244.4671, 6.5379, -123.7434, -30.7720, 0.998077, 0.060464, -0.013640, 0.012568, -0.061973, 0.977365, -0.202277, -0.044394, 0.001101, 0.202733, 0.979233, 0.183423, 0.000000, 0.000000, 0.000000, 1.000000, 0.001101, 0.202733, 0.979233, 0.205423, -0.998077, -0.060464, 0.013640, -0.012568, 0.061973, -0.977365, 0.202277, 0.244467, 0.000000, 0.000000, 0.000000, 1.000000, -0.999650, 0.015133, 0.021690, 0.006538, 0.023154, 0.104430, 0.994263, -0.123743, 0.012781, 0.994417, -0.104743, -0.030772, 0.000000, 0.000000, 0.000000, 1.000000
16.6351, 12.3610, -44.3452, 183.5195, 205.5195, -12.3610, 244.4186, 6.5193, -123.6676, -30.7298, 0.998266, 0.058636, 0.005239, 0.012361, -0.056230, 0.976076, -0.210031, -0.044345, -0.017429, 0.209373, 0.977681, 0.183520, 0.000000, 0.000000, 0.000000, 1.000000, -0.017429, 0.209373, 0.977681, 0.205520, -0.998266, -0.058636, -0.005239, -0.012361, 0.056230, -0.976076, 0.210031, 0.244419, 0.000000, 0.000000, 0.000000, 1.000000, -0.999843, 0.017223, 0.004121, 0.006519, 0.006010, 0.111103, 0.993791, -0.123668, 0.016658, 0.993660, -0.111189, -0.030730, 0.000000, 0.000000, 0.000000, 1.000000
16.7251, 12.3874, -44.3214, 183.4280, 205.4280, -12.3874, 244.3948, 6.2978, -123.7707, -30.7132, 0.998077, 0.059767, -0.016453, 0.012387, -0.061894, 0.975547, -0.210895, -0.044321, 0.003446, 0.211508, 0.977370, 0.183428, 0.000000, 0.000000, 0.000000, 1.000000, 0.003446, 0.211508, 0.977370, 0.205428, -0.998077, -0.059767, 0.016453, -0.012387, 0.061894, -0.975547, 0.210895, 0.244395, 0.000000, 0.000000, 0.000000, 1.000000, -0.999496, 0.016289, 0.027241, 0.006298, 0.028914, 0.113275, 0.993143, -0.123771, 0.013092, 0.993430, -0.113689, -0.030713, 0.000000, 0.000000, 0.000000, 1.000000
16.8205, 12.2362, -44.3610, 183.3730, 205.3730, -12.2362, 244.4345, 6.2382, -123.8348, -30.7693, 0.998159, 0.060295, -0.006546, 0.012236, -0.060377, 0.977653, -0.201370, -0.044361, -0.005742, 0.201394, 0.979493, 0.183373, 0.000000, 0.000000, 0.000000, 1.000000, -0.005742, 0.201394, 0.979493, 0.205373, -0.998159, -0.060295, 0.006546, -0.012236, 0.060377, -0.977653, 0.201370, 0.244434, 0.000000, 0.000000, 0.000000, 1.000000, -0.999680, 0.015816, 0.019761, 0.006238, 0.021287, 0.102986, 0.994455, -0.123835, 0.013693, 0.994557, -0.103290, -0.030769, 0.000000, 0.000000, 0.000000, 1.000000
16.9040, 12.1855, -44.2473, 183.4468, 205.4468, -12.1855, 244.3208, 6.1186, -123.7830, -30.6529, 0.998173, 0.059464, -0.010682, 0.012185, -0.060353, 0.973380, -0.221110, -0.044247, -0.002751, 0.221351, 0.975190, 0.183447, 0.000000, 0.000000, 0.000000, 1.000000, -0.002751, 0.221351, 0.975190, 0.205447, -0.998173, -0.059464, 0.010682, -0.012185, 0.060353, -0.973380, 0.221110, 0.244321, 0.000000, 0.000000, 0.000000, 1.000000, -0.999571, 0.017081, 0.023790, 0.006119, 0.025717, 0.123226, 0.992045, -0.123783, 0.014014, 0.992232, -0.123612, -0.030653, 0.000000, 0.000000, 0.000000, 1.000000
17.0016, 12.1062, -44.2366, 183.4499, 205.4499, -12.1062, 244.3100, 5.9878, -123.7931, -30.6478, 0.998179, 0.059324, -0.010960, 0.012106, -0.060275, 0.973071, -0.222486, -0.044237, -0.002534, 0.222741, 0.974874, 0.183450, 0.000000, 0.000000, 0.000000, 1.000000, -0.002534, 0.222741, 0.974874, 0.205450, -0.998179, -0.059324, 0.010960, -0.012106, 0.060275, -0.973071, 0.222486, 0.244310, 0.000000, 0.000000, 0.000000, 1.000000, -0.999519, 0.017452, 0.025648, 0.005988, 0.027626, 0.124607, 0.991821, -0.123793, 0.014114, 0.992053, -0.125029, -0.030648, 0.000000, 0.000000, 0.000000, 1.000000
17.0969, 12.0628, -44.2692, 183.2223, 205.2223, -12.0628, 244.3427, 5.8151, -124.0271, -30.7060, 0.997910, 0.059778, -0.024545, 0.012063, -0.063515, 0.977298, -0.202124, -0.044269, 0.011905, 0.203261, 0.979052, 0.183222, 0.000000, 0.000000, 0.000000, 1.000000, 0.011905, 0.203261, 0.979052, 0.205222, -0.997910, -0.059778, 0.024545, -0.012063, 0.063515, -0.977298, 0.202124, 0.244343, 0.000000, 0.000000, 0.000000, 1.000000, -0.998957, 0.016864, 0.042434, 0.005815, 0.043972, 0.104788, 0.993522, -0.124027, 0.012308, 0.994352, -0.105420, -0.030706, 0.000000, 0.000000, 0.000000, 1.000000
17.1984, 11.7637, -44.2238, 183.5065, 205.5065, -11.7637, 244.2972, 5.9067, -123.7674, -30.6550, 0.998069, 0.059800, 0.016787, 0.011764, -0.054484, 0.972688, -0.225632, -0.044224, -0.029821, 0.224281, 0.974068, 0.183506, 0.000000, 0.000000, 0.000000, 1.000000, -0.029821, 0.224281, 0.974068, 0.205506, -0.998069, -0.059800, -0.016787, -0.011764, 0.054484, -0.972688, 0.225632, 0.244297, 0.000000, 0.000000, 0.000000, 1.000000, -0.999847, 0.017433, 0.001145, 0.005907, 0.003335, 0.126130, 0.992008, -0.123767, 0.017149, 0.991861, -0.126169, -0.030655, 0.000000, 0.000000, 0.000000, 1.000000
17.2863, 11.7531, -44.1953, 183.4455, 205.4455, -11.7531, 244.2688, 5.7271, -123.8402, -30.6336, 0.998211, 0.059794, 0.000129, 0.011753, -0.058158, 0.971396, -0.230234, -0.044195, -0.013891, 0.229814, 0.973135, 0.183445, 0.000000, 0.000000, 0.000000, 1.000000, -0.013891, 0.229814, 0.973135, 0.205445, -0.998211, -0.059794, -0.000129, -0.011753, 0.058158, -0.971396, 0.230234, 0.244269, 0.000000, 0.000000, 0.000000, 1.000000, -0.999664, 0.017742, 0.018911, 0.005727, 0.021086, 0.131736, 0.991061, -0.123840, 0.015092, 0.991126, -0.132066, -0.030634, 0.000000, 0.000000, 0.000000, 1.000000
17.3958, 11.7714, -44.2752, 183.2339, 205.2339, -11.7714, 244.3486, 5.4586, -124.0527, -30.7324, 0.998081, 0.059873, -0.015780, 0.011771, -0.061836, 0.976892, -0.204595, -0.044275, 0.003166, 0.205178, 0.978720, 0.183234, 0.000000, 0.000000, 0.000000, 1.000000, 0.003166, 0.205178, 0.978720, 0.205234, -0.998081, -0.059873, 0.015780, -0.011771, 0.061836, -0.976892, 0.204595, 0.244349, 0.000000, 0.000000, 0.000000, 1.000000, -0.999100, 0.017361, 0.038690, 0.005459, 0.040326, 0.106649, 0.993479, -0.124053, 0.013122, 0.994145, -0.107253, -0.030732, 0.000000, 0.000000, 0.000000, 1.000000
17.5223, 11.7676, -44.2021, 183.1234, 205.1234, -11.7676, 244.2756, 5.1891, -124.1818, -30.6711, 0.997752, 0.060605, -0.028604, 0.011768, -0.065290, 0.975305, -0.210990, -0.044202, 0.015111, 0.212383, 0.977070, 0.183123, 0.000000, 0.000000, 0.000000, 1.000000, 0.015111, 0.212383, 0.977070, 0.205123, -0.997752, -0.060605, 0.028604, -0.011768, 0.065290, -0.975305, 0.210990, 0.244276, 0.000000, 0.000000, 0.000000, 1.000000, -0.998441, 0.017047, 0.053148, 0.005189, 0.054749, 0.113960, 0.991976, -0.124182, 0.010853, 0.993339, -0.114716, -0.030671, 0.000000, 0.000000, 0.000000, 1.000000
17.6177, 11.6482, -44.1353, 183.1430, 205.1430, -11.6482, 244.2088, 5.1069, -124.1817, -30.6118, 0.997835, 0.059225, -0.028598, 0.011648, -0.064147, 0.972365, -0.224481, -0.044135, 0.014512, 0.225829, 0.974059, 0.183143, 0.000000, 0.000000, 0.000000, 1.000000, 0.014512, 0.225829, 0.974059, 0.205143, -0.997835, -0.059225, 0.028598, -0.011648, 0.064147, -0.972365, 0.224481, 0.244209, 0.000000, 0.000000, 0.000000, 1.000000, -0.998376, 0.018971, 0.053715, 0.005107, 0.055703, 0.127551, 0.990267, -0.124182, 0.011934, 0.991651, -0.128400, -0.030612, 0.000000, 0.000000, 0.000000, 1.000000
17.7271, 11.5565, -44.1690, 183.0948, 205.0948, -11.5565, 244.2424, 4.9567, -124.2392, -30.6568, 0.997748, 0.059927, -0.030138, 0.011556, -0.064970, 0.975123, -0.211930, -0.044169, 0.016688, 0.213411, 0.976820, 0.183095, 0.000000, 0.000000, 0.000000, 1.000000, 0.016688, 0.213411, 0.976820, 0.205095, -0.997748, -0.059927, 0.030138, -0.011556, 0.064970, -0.975123, 0.211930, 0.244242, 0.000000, 0.000000, 0.000000, 1.000000, -0.998143, 0.018161, 0.058145, 0.004957, 0.059853, 0.114913, 0.991571, -0.124239, 0.011327, 0.993209, -0.115787, -0.030657, 0.000000, 0.000000, 0.000000, 1.000000
17.8304, 11.4877, -44.1904, 183.0989, 205.0989, -11.4877, 244.2639, 4.7999, -124.2442, -30.6828, 0.997793, 0.060213, -0.027984, 0.011488, -0.064754, 0.975650, -0.209556, -0.044190, 0.014685, 0.210906, 0.977396, 0.183099, 0.000000, 0.000000, 0.000000, 1.000000, 0.014685, 0.210906, 0.977396, 0.205099, -0.997793, -0.060213, 0.027984, -0.011488, 0.064754, -0.975650, 0.209556, 0.244264, 0.000000, 0.000000, 0.000000, 1.000000, -0.998155, 0.018006, 0.057978, 0.004800, 0.059640, 0.112348, 0.991877, -0.124244, 0.011346, 0.993506, -0.113215, -0.030683, 0.000000, 0.000000, 0.000000, 1.000000
17.9319, 11.3216, -44.1774, 183.2335, 205.2335, -11.3216, 244.2508, 4.7526, -124.1268, -30.6688, 0.998145, 0.059684, -0.012029, 0.011322, -0.060867, 0.973569, -0.220132, -0.044177, -0.001428, 0.220456, 0.975396, 0.183233, 0.000000, 0.000000, 0.000000, 1.000000, -0.001428, 0.220456, 0.975396, 0.205233, -0.998145, -0.059684, 0.012029, -0.011322, 0.060867, -0.973569, 0.220132, 0.244251, 0.000000, 0.000000, 0.000000, 1.000000, -0.998893, 0.019041, 0.043003, 0.004753, 0.045011, 0.121999, 0.991509, -0.124127, 0.013633, 0.992348, -0.122721, -0.030669, 0.000000, 0.000000, 0.000000, 1.000000
18.0299, 11.2649, -44.1242, 183.2806, 205.2806, -11.2649, 244.1976, 4.6028, -124.0958, -30.6156, 0.998044, 0.059994, -0.017550, 0.011265, -0.062405, 0.972426, -0.224707, -0.044124, 0.003585, 0.225362, 0.974268, 0.183281, 0.000000, 0.000000, 0.000000, 1.000000, 0.003585, 0.225362, 0.974268, 0.205281, -0.998044, -0.059994, 0.017550, -0.011265, 0.062405, -0.972426, 0.224707, 0.244198, 0.000000, 0.000000, 0.000000, 1.000000, -0.998575, 0.019103, 0.049825, 0.004603, 0.051854, 0.126973, 0.990550, -0.124096, 0.012596, 0.991722, -0.127783, -0.030616, 0.000000, 0.000000, 0.000000, 1.000000
18.1244, 11.2066, -44.1574, 183.2746, 205.2746, -11.2066, 244.2308, 4.4537, -124.1083, -30.6535, 0.997979, 0.060789, -0.018507, 0.011207, -0.063371, 0.973570, -0.219421, -0.044157, 0.004679, 0.220151, 0.975455, 0.183275, 0.000000, 0.000000, 0.000000, 1.000000, 0.004679, 0.220151, 0.975455, 0.205275, -0.997979, -0.060789, 0.018507, -0.011207, 0.063371, -0.973570, 0.219421, 0.244231, 0.000000, 0.000000, 0.000000, 1.000000, -0.998435, 0.018334, 0.052840, 0.004454, 0.054684, 0.121679, 0.991062, -0.124108, 0.011741, 0.992400, -0.122492, -0.030653, 0.000000, 0.000000, 0.000000, 1.000000
18.2052, 11.0309, -44.1505, 183.3901, 205.3901, -11.0309, 244.2240, 4.4601, -124.0082, -30.6483, 0.998158, 0.060661, -0.000256, 0.011031, -0.059203, 0.973232, -0.222068, -0.044151, -0.013221, 0.221674, 0.975031, 0.183390, 0.000000, 0.000000, 0.000000, 1.000000, -0.013221, 0.221674, 0.975031, 0.205390, -0.998158, -0.060661, 0.000256, -0.011031, 0.059203, -0.973232, 0.222068, 0.244224, 0.000000, 0.000000, 0.000000, 1.000000, -0.999182, 0.018690, 0.035852, 0.004460, 0.037886, 0.123197, 0.991659, -0.124008, 0.014117, 0.992206, -0.123804, -0.030648, 0.000000, 0.000000, 0.000000, 1.000000
18.3094, 10.9141, -44.1312, 183.4408, 205.4408, -10.9141, 244.2046, 4.3551, -123.9732, -30.6327, 0.998175, 0.060104, 0.005781, 0.010914, -0.057203, 0.971940, -0.228166, -0.044131, -0.019332, 0.227419, 0.973605, 0.183441, 0.000000, 0.000000, 0.000000, 1.000000, -0.019332, 0.227419, 0.973605, 0.205441, -0.998175, -0.060104, -0.005781, -0.010914, 0.057203, -0.971940, 0.228166, 0.244205, 0.000000, 0.000000, 0.000000, 1.000000, -0.999321, 0.019690, 0.031141, 0.004355, 0.033426, 0.128977, 0.991084, -0.123973, 0.015498, 0.991452, -0.129547, -0.030633, 0.000000, 0.000000, 0.000000, 1.000000
18.4078, 10.8527, -44.1713, 183.3820, 205.3820, -10.8527, 244.2448, 4.1972, -124.0379, -30.6829, 0.998134, 0.060990, -0.003071, 0.010853, -0.060189, 0.974023, -0.218302, -0.044171, -0.010323, 0.218079, 0.975877, 0.183382, 0.000000, 0.000000, 0.000000, 1.000000, -0.010323, 0.218079, 0.975877, 0.205382, -0.998134, -0.060990, 0.003071, -0.010853, 0.060189, -0.974023, 0.218302, 0.244245, 0.000000, 0.000000, 0.000000, 1.000000, -0.998924, 0.018651, 0.042469, 0.004197, 0.044398, 0.119492, 0.991842, -0.124038, 0.013424, 0.992660, -0.120192, -0.030683, 0.000000, 0.000000, 0.000000, 1.000000
18.5010, 10.7631, -44.0468, 183.4346, 205.4346, -10.7631, 244.1203, 4.0963, -124.0096, -30.5609, 0.998127, 0.061107, 0.002923, 0.010763, -0.058636, 0.969201, -0.239190, -0.044047, -0.017449, 0.238571, 0.970968, 0.183435, 0.000000, 0.000000, 0.000000, 1.000000, -0.017449, 0.238571, 0.970968, 0.205435, -0.998127, -0.061107, -0.002923, -0.010763, 0.058636, -0.969201, 0.239190, 0.244120, 0.000000, 0.000000, 0.000000, 1.000000, -0.999146, 0.019574, 0.036391, 0.004096, 0.038783, 0.140321, 0.989346, -0.124010, 0.014259, 0.989913, -0.140960, -0.030561, 0.000000, 0.000000, 0.000000, 1.000000
18.5902, 10.6579, -44.0212, 183.5088, 205.5088, -10.6579, 244.0946, 4.0142, -123.9501, -30.5359, 0.998101, 0.060916, 0.009113, 0.010658, -0.056734, 0.966833, -0.249028, -0.044021, -0.023980, 0.248038, 0.968453, 0.183509, 0.000000, 0.000000, 0.000000, 1.000000, -0.023980, 0.248038, 0.968453, 0.205509, -0.998101, -0.060916, -0.009113, -0.010658, 0.056734, -0.966833, 0.249028, 0.244095, 0.000000, 0.000000, 0.000000, 1.000000, -0.999313, 0.020379, 0.030943, 0.004014, 0.033654, 0.149929, 0.988124, -0.123950, 0.015498, 0.988487, -0.150512, -0.030536, 0.000000, 0.000000, 0.000000, 1.000000
18.6926, 10.5752, -44.0557, 183.4599, 205.4599, -10.5752, 244.1291, 3.8696, -124.0066, -30.5811, 0.998127, 0.061168, 0.000101, 0.010575, -0.059405, 0.969754, -0.236745, -0.044056, -0.014579, 0.236296, 0.971572, 0.183460, 0.000000, 0.000000, 0.000000, 1.000000, -0.014579, 0.236296, 0.971572, 0.205460, -0.998127, -0.061168, -0.000101, -0.010575, 0.059405, -0.969754, 0.236745, 0.244129, 0.000000, 0.000000, 0.000000, 1.000000, -0.998889, 0.019882, 0.042714, 0.003870, 0.045054, 0.137942, 0.989415, -0.124007, 0.013780, 0.990241, -0.138684, -0.030581, 0.000000, 0.000000, 0.000000, 1.000000
18.7958, 10.5469, -44.1005, 183.3747, 205.3747, -10.5469, 244.1739, 3.6659, -124.0949, -30.6361, 0.998116, 0.060704, -0.008883, 0.010547, -0.061146, 0.972508, -0.224698, -0.044100, -0.005001, 0.224818, 0.974388, 0.183375, 0.000000, 0.000000, 0.000000, 1.000000, -0.005001, 0.224818, 0.974388, 0.205375, -0.998116, -0.060704, 0.008883, -0.010547, 0.061146, -0.972508, 0.224698, 0.244174, 0.000000, 0.000000, 0.000000, 1.000000, -0.998315, 0.020063, 0.054441, 0.003666, 0.056546, 0.126197, 0.990392, -0.124095, 0.013000, 0.991802, -0.127119, -0.030636, 0.000000, 0.000000, 0.000000, 1.000000
18.8987, 10.3520, -43.9806, 183.4732, 205.4732, -10.3520, 244.0541, 3.6517, -124.0270, -30.5219, 0.998003, 0.061108, 0.016018, 0.010352, -0.055031, 0.965484, -0.254583, -0.043981, -0.031022, 0.253193, 0.966918, 0.183473, 0.000000, 0.000000, 0.000000, 1.000000, -0.031022, 0.253193, 0.966918, 0.205473, -0.998003, -0.061108, -0.016018, -0.010352, 0.055031, -0.965484, 0.254583, 0.244054, 0.000000, 0.000000, 0.000000, 1.000000, -0.999356, 0.021234, 0.028910, 0.003652, 0.031859, 0.155086, 0.987387, -0.124027, 0.016482, 0.987673, -0.155662, -0.030522, 0.000000, 0.000000, 0.000000, 1.000000
18.9875, 10.2820, -44.1311, 183.4210, 205.4210, -10.2820, 244.2046, 3.5155, -124.0723, -30.6821, 0.998167, 0.060512, -0.000375, 0.010282, -0.059090, 0.973328, -0.221677, -0.044131, -0.013049, 0.221293, 0.975120, 0.183421, 0.000000, 0.000000, 0.000000, 1.000000, -0.013049, 0.221293, 0.975120, 0.205421, -0.998167, -0.060512, 0.000375, -0.010282, 0.059090, -0.973328, 0.221677, 0.244205, 0.000000, 0.000000, 0.000000, 1.000000, -0.998562, 0.020500, 0.049537, 0.003515, 0.051683, 0.122529, 0.991118, -0.124072, 0.014248, 0.992253, -0.123412, -0.030682, 0.000000, 0.000000, 0.000000, 1.000000
19.0868, 10.3377, -44.0899, 183.2993, 205.2993, -10.3377, 244.1633, 3.2396, -124.1999, -30.6491, 0.997962, 0.060968, -0.018850, 0.010338, -0.063651, 0.972215, -0.225270, -0.044090, 0.004592, 0.226011, 0.974114, 0.183299, 0.000000, 0.000000, 0.000000, 1.000000, 0.004592, 0.226011, 0.974114, 0.205299, -0.997962, -0.060968, 0.018850, -0.010338, 0.063651, -0.972215, 0.225270, 0.244163, 0.000000, 0.000000, 0.000000, 1.000000, -0.997383, 0.020501, 0.069333, 0.003240, 0.071388, 0.127320, 0.989289, -0.124200, 0.011454, 0.991650, -0.128450, -0.030649, 0.000000, 0.000000, 0.000000, 1.000000
19.2032, 10.0611, -44.0542, 183.3780, 205.3780, -10.0611, 244.1276, 3.2703, -124.1490, -30.6264, 0.998040, 0.060214, 0.017044, 0.010061, -0.054610, 0.971016, -0.232694, -0.044054, -0.030561, 0.231307, 0.972401, 0.183378, 0.000000, 0.000000, 0.000000, 1.000000, -0.030561, 0.231307, 0.972401, 0.205378, -0.998040, -0.060214, -0.017044, -0.010061, 0.054610, -0.971016, 0.232694, 0.244128, 0.000000, 0.000000, 0.000000, 1.000000, -0.999150, 0.021799, 0.034998, 0.003270, 0.037587, 0.132613, 0.990455, -0.124149, 0.016950, 0.990928, -0.133319, -0.030626, 0.000000, 0.000000, 0.000000, 1.000000
19.3061, 10.0024, -44.1026, 183.3191, 205.3191, -10.0024, 244.1760, 3.0985, -124.2119, -30.6846, 0.998119, 0.060152, 0.011829, 0.010002, -0.056025, 0.973363, -0.222318, -0.044103, -0.024886, 0.221237, 0.974902, 0.183319, 0.000000, 0.000000, 0.000000, 1.000000, -0.024886, 0.221237, 0.974902, 0.205319, -0.998119, -0.060152, -0.011829, -0.010002, 0.056025, -0.973363, 0.222318, 0.244176, 0.000000, 0.000000, 0.000000, 1.000000, -0.998850, 0.021538, 0.042844, 0.003098, 0.045165, 0.122331, 0.991461, -0.124212, 0.016113, 0.992256, -0.123163, -0.030685, 0.000000, 0.000000, 0.000000, 1.000000
19.3834, 10.0996, -44.0607, 183.2461, 205.2461, -10.0996, 244.1341, 2.8316, -124.2865, -30.6431, 0.997932, 0.060712, -0.021137, 0.010100, -0.063896, 0.972908, -0.222190, -0.044061, 0.007075, 0.223081, 0.974774, 0.183246, 0.000000, 0.000000, 0.000000, 1.000000, 0.007075, 0.223081, 0.974774, 0.205246, -0.997932, -0.060712, 0.021137, -0.010100, 0.063896, -0.972908, 0.222190, 0.244134, 0.000000, 0.000000, 0.000000, 1.000000, -0.996806, 0.021249, 0.076985, 0.002832, 0.079038, 0.124215, 0.989102, -0.124286, 0.011455, 0.992028, -0.125498, -0.030643, 0.000000, 0.000000, 0.000000, 1.000000
19.4796, 10.0496, -44.0283, 183.2845, 205.2845, -10.0496, 244.1018, 2.6776, -124.2596, -30.6109, 0.997978, 0.060321, -0.020016, 0.010050, -0.063278, 0.972432, -0.224439, -0.044028, 0.005926, 0.225252, 0.974283, 0.183285, 0.000000, 0.000000, 0.000000, 1.000000, 0.005926, 0.225252, 0.974283, 0.205285, -0.997978, -0.060321, 0.020016, -0.010050, 0.063278, -0.972432, 0.224439, 0.244102, 0.000000, 0.000000, 0.000000, 1.000000, -0.996762, 0.021976, 0.077344, 0.002678, 0.079511, 0.126357, 0.988793, -0.124260, 0.011957, 0.991741, -0.127695, -0.030611, 0.000000, 0.000000, 0.000000, 1.000000
19.5877, 9.7481, -43.9747, 183.4569, 205.4569, -9.7481, 244.0481, 2.7597, -124.1199, -30.5630, 0.998024, 0.060075, 0.018399, 0.009748, -0.053931, 0.969359, -0.239654, -0.043975, -0.032232, 0.238189, 0.970684, 0.183457, 0.000000, 0.000000, 0.000000, 1.000000, -0.032232, 0.238189, 0.970684, 0.205457, -0.998024, -0.060075, -0.018399, -0.009748, 0.053931, -0.969359, 0.239654, 0.244048, 0.000000, 0.000000, 0.000000, 1.000000, -0.998941, 0.023240, 0.039700, 0.002760, 0.042562, 0.139454, 0.989313, -0.124120, 0.017456, 0.989956, -0.140295, -0.030563, 0.000000, 0.000000, 0.000000, 1.000000
19.6915, 9.7069, -44.0153, 183.4520, 205.4520, -9.7069, 244.0887, 2.5730, -124.1282, -30.6068, 0.998121, 0.061262, 0.001380, 0.009707, -0.059261, 0.970759, -0.232625, -0.044015, -0.015591, 0.232106, 0.972566, 0.183452, 0.000000, 0.000000, 0.000000, 1.000000, -0.015591, 0.232106, 0.972566, 0.205452, -0.998121, -0.061262, -0.001380, -0.009707, 0.059261, -0.970759, 0.232625, 0.244089, 0.000000, 0.000000, 0.000000, 1.000000, -0.998015, 0.021931, 0.059035, 0.002573, 0.061441, 0.133315, 0.989167, -0.124128, 0.013823, 0.990831, -0.134398, -0.030607, 0.000000, 0.000000, 0.000000, 1.000000
19.8000, 9.6346, -43.9717, 183.5095, 205.5095, -9.6346, 244.0452, 2.4173, -124.0856, -30.5633, 0.998122, 0.060976, 0.005832, 0.009635, -0.057759, 0.968589, -0.241868, -0.043972, -0.020397, 0.241077, 0.970292, 0.183509, 0.000000, 0.000000, 0.000000, 1.000000, -0.020397, 0.241077, 0.970292, 0.205509, -0.998122, -0.060976, -0.005832, -0.009635, 0.057759, -0.968589, 0.241868, 0.244045, 0.000000, 0.000000, 0.000000, 1.000000, -0.998183, 0.023040, 0.055685, 0.002417, 0.058408, 0.142378, 0.988088, -0.124086, 0.014837, 0.989544, -0.143465, -0.030563, 0.000000, 0.000000, 0.000000, 1.000000
19.8962, 9.5046, -43.8092, 183.4314, 205.4314, -9.5046, 243.8827, 2.3425, -124.1936, -30.4194, 0.998061, 0.061209, 0.011321, 0.009505, -0.056069, 0.963007, -0.263578, -0.043809, -0.027035, 0.262432, 0.964572, 0.183431, 0.000000, 0.000000, 0.000000, 1.000000, -0.027035, 0.262432, 0.964572, 0.205431, -0.998061, -0.061209, -0.011321, -0.009505, 0.056069, -0.963007, 0.263578, 0.243883, 0.000000, 0.000000, 0.000000, 1.000000, -0.998452, 0.024421, 0.049979, 0.002342, 0.053320, 0.164118, 0.984999, -0.124194, 0.015852, 0.986138, -0.165166, -0.030419, 0.000000, 0.000000, 0.000000, 1.000000
20.0065, 9.3813, -43.9102, 183.4358, 205.4358, -9.3813, 243.9836, 2.2197, -124.1924, -30.5283, 0.998014, 0.061273, 0.014640, 0.009381, -0.055774, 0.967437, -0.246889, -0.043910, -0.029291, 0.245582, 0.968933, 0.183436, 0.000000, 0.000000, 0.000000, 1.000000, -0.029291, 0.245582, 0.968933, 0.205436, -0.998014, -0.061273, -0.014640, -0.009381, 0.055774, -0.967437, 0.246889, 0.243984, 0.000000, 0.000000, 0.000000, 1.000000, -0.998469, 0.023558, 0.050043, 0.002220, 0.052971, 0.146904, 0.987731, -0.124192, 0.015918, 0.988870, -0.147927, -0.030528, 0.000000, 0.000000, 0.000000, 1.000000
20.1120, 9.4808, -43.9411, 183.3757, 205.3757, -9.4808, 244.0145, 1.8850, -124.2448, -30.5576, 0.998035, 0.060815, -0.015062, 0.009481, -0.062652, 0.969769, -0.235844, -0.043941, 0.000264, 0.236325, 0.971674, 0.183376, 0.000000, 0.000000, 0.000000, 1.000000, 0.000264, 0.236325, 0.971674, 0.205376, -0.998035, -0.060815, 0.015062, -0.009481, 0.062652, -0.969769, 0.235844, 0.244015, 0.000000, 0.000000, 0.000000, 1.000000, -0.996323, 0.023648, 0.082352, 0.001885, 0.084833, 0.137402, 0.986876, -0.124245, 0.012022, 0.990233, -0.138903, -0.030558, 0.000000, 0.000000, 0.000000, 1.000000
20.2157, 9.4619, -43.9378, 183.3371, 205.3371, -9.4619, 244.0113, 1.6757, -124.2881, -30.5595, 0.997964, 0.060948, -0.018813, 0.009462, -0.063668, 0.969724, -0.235760, -0.043938, 0.003874, 0.236478, 0.971629, 0.183337, 0.000000, 0.000000, 0.000000, 1.000000, 0.003874, 0.236478, 0.971629, 0.205337, -0.997964, -0.060948, 0.018813, -0.009462, 0.063668, -0.969724, 0.235760, 0.244011, 0.000000, 0.000000, 0.000000, 1.000000, -0.995848, 0.023774, 0.087869, 0.001676, 0.090316, 0.137526, 0.986372, -0.124288, 0.011366, 0.990213, -0.139102, -0.030560, 0.000000, 0.000000, 0.000000, 1.000000
20.3164, 9.1987, -43.8651, 183.4643, 205.4643, -9.1987, 243.9386, 1.7351, -124.1940, -30.4943, 0.998094, 0.061391, 0.006341, 0.009199, -0.057740, 0.965116, -0.255377, -0.043865, -0.021798, 0.254524, 0.966821, 0.183464, 0.000000, 0.000000, 0.000000, 1.000000, -0.021798, 0.254524, 0.966821, 0.205464, -0.998094, -0.061391, -0.006341, -0.009199, 0.057740, -0.965116, 0.255377, 0.243939, 0.000000, 0.000000, 0.000000, 1.000000, -0.997711, 0.024878, 0.062887, 0.001735, 0.066009, 0.155891, 0.985566, -0.124194, 0.014715, 0.987461, -0.157176, -0.030494, 0.000000, 0.000000, 0.000000, 1.000000
20.4420, 9.1895, -43.9026, 183.4192, 205.4192, -9.1895, 243.9760, 1.4653, -124.2390, -30.5367, 0.998068, 0.061028, -0.011680, 0.009189, -0.062035, 0.967979, -0.243246, -0.043903, -0.003539, 0.243500, 0.969894, 0.183419, 0.000000, 0.000000, 0.000000, 1.000000, -0.003539, 0.243500, 0.969894, 0.205419, -0.998068, -0.061028, 0.011680, -0.009189, 0.062035, -0.967979, 0.243246, 0.243976, 0.000000, 0.000000, 0.000000, 1.000000, -0.996156, 0.024763, 0.084029, 0.001465, 0.086739, 0.144580, 0.985684, -0.124239, 0.012260, 0.989183, -0.146173, -0.030537, 0.000000, 0.000000, 0.000000, 1.000000
20.5308, 9.1778, -43.8280, 183.3963, 205.3963, -9.1778, 243.9015, 1.2871, -124.2727, -30.4658, 0.997984, 0.060858, -0.018033, 0.009178, -0.063444, 0.965075, -0.254176, -0.043828, 0.001935, 0.254808, 0.966990, 0.183396, 0.000000, 0.000000, 0.000000, 1.000000, 0.001935, 0.254808, 0.966990, 0.205396, -0.997984, -0.060858, 0.018033, -0.009178, 0.063444, -0.965075, 0.254176, 0.243901, 0.000000, 0.000000, 0.000000, 1.000000, -0.995521, 0.026014, 0.090887, 0.001287, 0.093847, 0.156036, 0.983283, -0.124273, 0.011398, 0.987409, -0.157779, -0.030466, 0.000000, 0.000000, 0.000000, 1.000000
20.6222, 9.0034, -43.8567, 183.3552, 205.3552, -9.0034, 243.9302, 1.2564, -124.3274, -30.5113, 0.998051, 0.061191, -0.012223, 0.009003, -0.062291, 0.965419, -0.253154, -0.043857, -0.003691, 0.253422, 0.967349, 0.183355, 0.000000, 0.000000, 0.000000, 1.000000, -0.003691, 0.253422, 0.967349, 0.205355, -0.998051, -0.061191, 0.012223, -0.009003, 0.062291, -0.965419, 0.253154, 0.243930, 0.000000, 0.000000, 0.000000, 1.000000, -0.995892, 0.025824, 0.086784, 0.001256, 0.089747, 0.154614, 0.983890, -0.124327, 0.011990, 0.987637, -0.156297, -0.030511, 0.000000, 0.000000, 0.000000, 1.000000
20.7290, 8.8978, -43.7945, 183.4029, 205.4029, -8.8978, 243.8680, 1.1381, -124.2982, -30.4527, 0.998113, 0.061325, -0.003030, 0.008898, -0.059991, 0.963496, -0.260916, -0.043795, -0.013081, 0.260606, 0.965357, 0.183403, 0.000000, 0.000000, 0.000000, 1.000000, -0.013081, 0.260606, 0.965357, 0.205403, -0.998113, -0.061325, 0.003030, -0.008898, 0.059991, -0.963496, 0.260916, 0.243868, 0.000000, 0.000000, 0.000000, 1.000000, -0.996538, 0.026544, 0.078792, 0.001138, 0.082065, 0.161896, 0.983390, -0.124298, 0.013347, 0.986451, -0.163514, -0.030453, 0.000000, 0.000000, 0.000000, 1.000000
20.8182, 8.9631, -43.8498, 183.3365, 205.3365, -8.9631, 243.9233, 0.8697, -124.3539, -30.5093, 0.997759, 0.060985, -0.027531, 0.008963, -0.065959, 0.965635, -0.251394, -0.043850, 0.011253, 0.252647, 0.967493, 0.183336, 0.000000, 0.000000, 0.000000, 1.000000, 0.011253, 0.252647, 0.967493, 0.205336, -0.997759, -0.060985, 0.027531, -0.008963, 0.065959, -0.965635, 0.251394, 0.243923, 0.000000, 0.000000, 0.000000, 1.000000, -0.994068, 0.026495, 0.105480, 0.000870, 0.108313, 0.153716, 0.982161, -0.124354, 0.009809, 0.987760, -0.155674, -0.030509, 0.000000, 0.000000, 0.000000, 1.000000
20.9052, 8.8820, -43.8624, 183.4340, 205.4340, -8.8820, 243.9359, 0.7703, -124.2646, -30.5182, 0.997790, 0.061871, -0.024235, 0.008882, -0.065940, 0.966988, -0.246142, -0.043862, 0.008206, 0.247196, 0.968931, 0.183434, 0.000000, 0.000000, 0.000000, 1.000000, 0.008206, 0.247196, 0.968931, 0.205434, -0.997790, -0.061871, 0.024235, -0.008882, 0.065940, -0.966988, 0.246142, 0.243936, 0.000000, 0.000000, 0.000000, 1.000000, -0.994234, 0.025397, 0.104179, 0.000770, 0.106806, 0.148217, 0.983171, -0.124265, 0.009528, 0.988629, -0.150075, -0.030518, 0.000000, 0.000000, 0.000000, 1.000000
21.0054, 8.6170, -43.7861, 183.4755, 205.4755, -8.6170, 243.8595, 0.8251, -124.2576, -30.4581, 0.998086, 0.061844, 0.000465, 0.008617, -0.059540, 0.962884, -0.263268, -0.043786, -0.016729, 0.262736, 0.964723, 0.183475, 0.000000, 0.000000, 0.000000, 1.000000, -0.016729, 0.262736, 0.964723, 0.205475, -0.998086, -0.061844, -0.000465, -0.008617, 0.059540, -0.962884, 0.263268, 0.243860, 0.000000, 0.000000, 0.000000, 1.000000, -0.996442, 0.026985, 0.079851, 0.000825, 0.083210, 0.163988, 0.982947, -0.124258, 0.013431, 0.986093, -0.165650, -0.030458, 0.000000, 0.000000, 0.000000, 1.000000
21.0959, 8.6691, -43.7701, 183.4694, 205.4694, -8.6691, 243.8436, 0.5775, -124.2615, -30.4389, 0.997845, 0.061411, -0.023118, 0.008669, -0.065338, 0.962393, -0.263686, -0.043770, 0.006055, 0.264628, 0.964332, 0.183469, 0.000000, 0.000000, 0.000000, 1.000000, 0.006055, 0.264628, 0.964332, 0.205469, -0.997845, -0.061411, 0.023118, -0.008669, 0.065338, -0.962393, 0.263686, 0.243844, 0.000000, 0.000000, 0.000000, 1.000000, -0.994109, 0.027836, 0.104747, 0.000577, 0.107928, 0.165829, 0.980231, -0.124262, 0.009916, 0.985762, -0.167856, -0.030439, 0.000000, 0.000000, 0.000000, 1.000000
21.1847, 8.5764, -43.7473, 183.5342, 205.5342, -8.5764, 243.8208, 0.4852, -124.2095, -30.4168, 0.997942, 0.061972, -0.016441, 0.008576, -0.064111, 0.961442, -0.267430, -0.043747, -0.000766, 0.267934, 0.963437, 0.183534, 0.000000, 0.000000, 0.000000, 1.000000, -0.000766, 0.267934, 0.963437, 0.205534, -0.997942, -0.061972, 0.016441, -0.008576, 0.064111, -0.961442, 0.267430, 0.243821, 0.000000, 0.000000, 0.000000, 1.000000, -0.994668, 0.027819, 0.099306, 0.000485, 0.102597, 0.169212, 0.980225, -0.124210, 0.010465, 0.985187, -0.171164, -0.030417, 0.000000, 0.000000, 0.000000, 1.000000
21.2985, 8.5544, -43.7042, 183.4275, 205.4275, -8.5544, 243.7777, 0.2517, -124.3225, -30.3862, 0.997645, 0.061493, -0.030380, 0.008554, -0.067438, 0.960227, -0.270956, -0.043704, 0.012510, 0.272366, 0.962112, 0.183428, 0.000000, 0.000000, 0.000000, 1.000000, 0.012510, 0.272366, 0.962112, 0.205428, -0.997645, -0.061493, 0.030380, -0.008554, 0.067438, -0.960227, 0.270956, 0.243778, 0.000000, 0.000000, 0.000000, 1.000000, -0.992974, 0.029022, 0.114720, 0.000252, 0.118031, 0.173624, 0.977713, -0.124323, 0.008457, 0.984384, -0.175829, -0.030386, 0.000000, 0.000000, 0.000000, 1.000000
21.4084, 8.4260, -43.6520, 183.4130, 205.4130, -8.4260, 243.7255, 0.1425, -124.3556, -30.3454, 0.997749, 0.061685, -0.026306, 0.008426, -0.066560, 0.958752, -0.276343, -0.043652, 0.008175, 0.277471, 0.960699, 0.183413, 0.000000, 0.000000, 0.000000, 1.000000, 0.008175, 0.277471, 0.960699, 0.205413, -0.997749, -0.061685, 0.026306, -0.008426, 0.066560, -0.958752, 0.276343, 0.243725, 0.000000, 0.000000, 0.000000, 1.000000, -0.993260, 0.029621, 0.112058, 0.000142, 0.115564, 0.178794, 0.977076, -0.124356, 0.008907, 0.983441, -0.181012, -0.030345, 0.000000, 0.000000, 0.000000, 1.000000
21.5099, 8.3697, -43.6946, 183.5052, 205.5052, -8.3697, 243.7681, -0.0146, -124.2658, -30.3827, 0.997733, 0.062035, -0.026083, 0.008370, -0.066803, 0.959805, -0.272601, -0.043695, 0.008124, 0.273726, 0.961773, 0.183505, 0.000000, 0.000000, 0.000000, 1.000000, 0.008124, 0.273726, 0.961773, 0.205505, -0.997733, -0.062035, 0.026083, -0.008370, 0.066803, -0.959805, 0.272601, 0.243768, 0.000000, 0.000000, 0.000000, 1.000000, -0.993059, 0.029247, 0.113922, -0.000015, 0.117297, 0.174961, 0.977563, -0.124266, 0.008659, 0.984141, -0.177177, -0.030383, 0.000000, 0.000000, 0.000000, 1.000000
21.6022, 8.3589, -43.7737, 183.4805, 205.4805, -8.3589, 243.8472, -0.2118, -124.2827, -30.4644, 0.997381, 0.062598, -0.036231, 0.008359, -0.069864, 0.963438, -0.258664, -0.043774, 0.018714, 0.260517, 0.965288, 0.183480, 0.000000, 0.000000, 0.000000, 1.000000, 0.018714, 0.260517, 0.965288, 0.205480, -0.997381, -0.062598, 0.036231, -0.008359, 0.069864, -0.963438, 0.258664, 0.243847, 0.000000, 0.000000, 0.000000, 1.000000, -0.991536, 0.027732, 0.126832, -0.000212, 0.129659, 0.161524, 0.978314, -0.124283, 0.006644, 0.986479, -0.163752, -0.030464, 0.000000, 0.000000, 0.000000, 1.000000
21.6976, 8.1913, -43.6513, 183.4338, 205.4338, -8.1913, 243.7248, -0.2500, -124.3591, -30.3601, 0.997654, 0.061416, -0.030254, 0.008191, -0.067383, 0.959029, -0.275178, -0.043651, 0.012114, 0.276571, 0.960917, 0.183434, 0.000000, 0.000000, 0.000000, 1.000000, 0.012114, 0.276571, 0.960917, 0.205434, -0.997654, -0.061416, 0.030254, -0.008191, 0.067383, -0.959029, 0.275178, 0.243725, 0.000000, 0.000000, 0.000000, 1.000000, -0.992177, 0.030705, 0.121000, -0.000250, 0.124548, 0.177695, 0.976172, -0.124359, 0.008473, 0.983607, -0.180129, -0.030360, 0.000000, 0.000000, 0.000000, 1.000000
21.8079, 8.1935, -43.6996, 183.3374, 205.3374, -8.1935, 243.7731, -0.5057, -124.4482, -30.4174, 0.996972, 0.061498, -0.047583, 0.008194, -0.071880, 0.962293, -0.262346, -0.043700, 0.029655, 0.264972, 0.963800, 0.183337, 0.000000, 0.000000, 0.000000, 1.000000, 0.029655, 0.264972, 0.963800, 0.205337, -0.996972, -0.061498, 0.047583, -0.008194, 0.071880, -0.962293, 0.262346, 0.243773, 0.000000, 0.000000, 0.000000, 1.000000, -0.989532, 0.029841, 0.141196, -0.000506, 0.144203, 0.165830, 0.975554, -0.124448, 0.005697, 0.985703, -0.168397, -0.030417, 0.000000, 0.000000, 0.000000, 1.000000
21.9261, 8.1442, -43.7235, 183.3976, 205.3976, -8.1442, 243.7970, -0.7080, -124.3902, -30.4388, 0.997215, 0.060935, -0.042992, 0.008144, -0.070025, 0.963395, -0.258780, -0.043724, 0.025649, 0.261070, 0.964979, 0.183398, 0.000000, 0.000000, 0.000000, 1.000000, 0.025649, 0.261070, 0.964979, 0.205398, -0.997215, -0.060935, 0.042992, -0.008144, 0.070025, -0.963395, 0.258780, 0.243797, 0.000000, 0.000000, 0.000000, 1.000000, -0.989824, 0.030355, 0.139019, -0.000708, 0.142114, 0.161733, 0.976548, -0.124390, 0.007159, 0.986368, -0.164401, -0.030439, 0.000000, 0.000000, 0.000000, 1.000000
22.0570, 8.0856, -43.7070, 183.3193, 205.3193, -8.0856, 243.7805, -0.9426, -124.4741, -30.4346, 0.996703, 0.061202, -0.053266, 0.008086, -0.073243, 0.961139, -0.266170, -0.043707, 0.034906, 0.269194, 0.962453, 0.183319, 0.000000, 0.000000, 0.000000, 1.000000, 0.034906, 0.269194, 0.962453, 0.205319, -0.996703, -0.061202, 0.053266, -0.008086, 0.073243, -0.961139, 0.266170, 0.243780, 0.000000, 0.000000, 0.000000, 1.000000, -0.988089, 0.031285, 0.150670, -0.000943, 0.153808, 0.169960, 0.973374, -0.124474, 0.004844, 0.984954, -0.172747, -0.030435, 0.000000, 0.000000, 0.000000, 1.000000
22.1770, 7.9177, -43.7435, 183.2982, 205.2982, -7.9177, 243.8169, -1.0417, -124.5078, -30.4853, 0.996672, 0.061205, -0.053836, 0.007918, -0.072804, 0.965443, -0.250239, -0.043743, 0.036660, 0.253325, 0.966686, 0.183298, 0.000000, 0.000000, 0.000000, 1.000000, 0.036660, 0.253325, 0.966686, 0.205298, -0.996672, -0.061205, 0.053836, -0.007918, 0.072804, -0.965443, 0.250239, 0.243817, 0.000000, 0.000000, 0.000000, 1.000000, -0.987495, 0.029986, 0.154775, -0.001042, 0.157559, 0.153760, 0.975466, -0.124508, 0.005452, 0.987653, -0.156562, -0.030485, 0.000000, 0.000000, 0.000000, 1.000000
22.3018, 7.9566, -43.6544, 183.1138, 205.1138, -7.9566, 243.7278, -1.3686, -124.6924, -30.4122, 0.995397, 0.060585, -0.074264, 0.007957, -0.077757, 0.963492, -0.256196, -0.043654, 0.056031, 0.260791, 0.963768, 0.183114, 0.000000, 0.000000, 0.000000, 1.000000, 0.056031, 0.260791, 0.963768, 0.205114, -0.995397, -0.060585, 0.074264, -0.007957, 0.077757, -0.963492, 0.256196, 0.243728, 0.000000, 0.000000, 0.000000, 1.000000, -0.983806, 0.031733, 0.176404, -0.001369, 0.179220, 0.161204, 0.970512, -0.124692, 0.002361, 0.986411, -0.164281, -0.030412, 0.000000, 0.000000, 0.000000, 1.000000
22.4714, 7.7525, -43.7065, 183.3134, 205.3134, -7.7525, 243.7800, -1.5137, -124.5088, -30.4598, 0.996143, 0.060881, -0.063182, 0.007752, -0.074988, 0.964611, -0.252790, -0.043707, 0.045556, 0.256553, 0.965456, 0.183313, 0.000000, 0.000000, 0.000000, 1.000000, 0.045556, 0.256553, 0.965456, 0.205313, -0.996143, -0.060881, 0.063182, -0.007752, 0.074988, -0.964611, 0.252790, 0.243780, 0.000000, 0.000000, 0.000000, 1.000000, -0.985161, 0.031452, 0.168727, -0.001514, 0.171583, 0.156837, 0.972605, -0.124509, 0.004128, 0.987123, -0.159907, -0.030460, 0.000000, 0.000000, 0.000000, 1.000000
22.5835, 7.6100, -43.6832, 183.4283, 205.4283, -7.6100, 243.7566, -1.6001, -124.4120, -30.4359, 0.996623, 0.061350, -0.054574, 0.007610, -0.073477, 0.963009, -0.259258, -0.043683, 0.036650, 0.262393, 0.964265, 0.183428, 0.000000, 0.000000, 0.000000, 1.000000, 0.036650, 0.262393, 0.964265, 0.205428, -0.996623, -0.061350, 0.054574, -0.007610, 0.073477, -0.963009, 0.259258, 0.243757, 0.000000, 0.000000, 0.000000, 1.000000, -0.986346, 0.031944, 0.161559, -0.001600, 0.164617, 0.162767, 0.972835, -0.124412, 0.004780, 0.986147, -0.165803, -0.030436, 0.000000, 0.000000, 0.000000, 1.000000
22.7065, 7.5130, -43.6788, 183.3748, 205.3748, -7.5130, 243.7523, -1.7779, -124.4735, -30.4441, 0.996001, 0.061236, -0.065051, 0.007513, -0.076103, 0.962943, -0.258746, -0.043679, 0.046796, 0.262662, 0.963753, 0.183375, 0.000000, 0.000000, 0.000000, 1.000000, 0.046796, 0.262662, 0.963753, 0.205375, -0.996001, -0.061236, 0.065051, -0.007513, 0.076103, -0.962943, 0.258746, 0.243752, 0.000000, 0.000000, 0.000000, 1.000000, -0.984215, 0.032437, 0.173980, -0.001778, 0.176950, 0.162957, 0.970636, -0.124473, 0.003133, 0.986100, -0.166124, -0.030444, 0.000000, 0.000000, 0.000000, 1.000000
22.8248, 7.3954, -43.6396, 183.3530, 205.3530, -7.3954, 243.7130, -1.9189, -124.5100, -30.4161, 0.996302, 0.061538, -0.059965, 0.007395, -0.075295, 0.961506, -0.264268, -0.043640, 0.041394, 0.267806, 0.962583, 0.183353, 0.000000, 0.000000, 0.000000, 1.000000, 0.041394, 0.267806, 0.962583, 0.205353, -0.996302, -0.061538, 0.059965, -0.007395, 0.075295, -0.961506, 0.264268, 0.243713, 0.000000, 0.000000, 0.000000, 1.000000, -0.984810, 0.033066, 0.170460, -0.001919, 0.173604, 0.168156, 0.970353, -0.124510, 0.003422, 0.985206, -0.171342, -0.030416, 0.000000, 0.000000, 0.000000, 1.000000
22.9566, 7.4113, -43.6105, 183.2353, 205.2353, -7.4113, 243.6840, -2.2352, -124.6225, -30.3977, 0.995643, 0.061142, -0.070397, 0.007411, -0.077770, 0.961046, -0.265223, -0.043611, 0.051438, 0.269542, 0.961614, 0.183235, 0.000000, 0.000000, 0.000000, 1.000000, 0.051438, 0.269542, 0.961614, 0.205235, -0.995643, -0.061142, 0.070397, -0.007411, 0.077770, -0.961046, 0.265223, 0.243684, 0.000000, 0.000000, 0.000000, 1.000000, -0.982556, 0.034051, 0.182821, -0.002235, 0.185955, 0.169790, 0.967777, -0.124622, 0.001912, 0.984892, -0.173160, -0.030398, 0.000000, 0.000000, 0.000000, 1.000000
23.0638, 7.4204, -43.5967, 183.2212, 205.2212, -7.4204, 243.6702, -2.4785, -124.6322, -30.3847, 0.994275, 0.060767, -0.087892, 0.007420, -0.081783, 0.962151, -0.259957, -0.043597, 0.068768, 0.265657, 0.961612, 0.183221, 0.000000, 0.000000, 0.000000, 1.000000, 0.068768, 0.265657, 0.961612, 0.205221, -0.994275, -0.060767, 0.087892, -0.007420, 0.081783, -0.962151, 0.259957, 0.243670, 0.000000, 0.000000, 0.000000, 1.000000, -0.978734, 0.034277, 0.202250, -0.002478, 0.205133, 0.165728, 0.964601, -0.124632, -0.000455, 0.985576, -0.169235, -0.030385, 0.000000, 0.000000, 0.000000, 1.000000
23.1724, 7.2528, -43.6591, 183.3206, 205.3206, -7.2528, 243.7325, -2.5389, -124.5446, -30.4492, 0.995233, 0.061167, -0.075956, 0.007253, -0.078769, 0.963388, -0.256279, -0.043659, 0.057499, 0.261041, 0.963614, 0.183321, 0.000000, 0.000000, 0.000000, 1.000000, 0.057499, 0.261041, 0.963614, 0.205321, -0.995233, -0.061167, 0.075956, -0.007253, 0.078769, -0.963388, 0.256279, 0.243733, 0.000000, 0.000000, 0.000000, 1.000000, -0.980666, 0.033632, 0.192776, -0.002539, 0.195682, 0.161033, 0.967356, -0.124545, 0.001491, 0.986376, -0.164501, -0.030449, 0.000000, 0.000000, 0.000000, 1.000000
23.2752, 7.1251, -43.6113, 183.3203, 205.3203, -7.1251, 243.6848, -2.6334, -124.5623, -30.4113, 0.995865, 0.061319, -0.067026, 0.007125, -0.077014, 0.961193, -0.264909, -0.043611, 0.048181, 0.268976, 0.961941, 0.183320, 0.000000, 0.000000, 0.000000, 1.000000, 0.048181, 0.268976, 0.961941, 0.205320, -0.995865, -0.061319, 0.067026, -0.007125, 0.077014, -0.961193, 0.264909, 0.243685, 0.000000, 0.000000, 0.000000, 1.000000, -0.982136, 0.034749, 0.184933, -0.002633, 0.188155, 0.169048, 0.967482, -0.124562, 0.002357, 0.984995, -0.172566, -0.030411, 0.000000, 0.000000, 0.000000, 1.000000
23.3855, 7.0360, -43.6681, 183.4193, 205.4193, -7.0360, 243.7415, -2.7746, -124.4653, -30.4645, 0.994956, 0.060971, -0.079651, 0.007036, -0.079661, 0.962841, -0.258054, -0.043668, 0.060957, 0.263098, 0.962842, 0.183419, 0.000000, 0.000000, 0.000000, 1.000000, 0.060957, 0.263098, 0.962842, 0.205419, -0.994956, -0.060971, 0.079651, -0.007036, 0.079661, -0.962841, 0.258054, 0.243742, 0.000000, 0.000000, 0.000000, 1.000000, -0.979221, 0.034684, 0.199808, -0.002775, 0.202794, 0.162965, 0.965566, -0.124465, 0.000928, 0.986022, -0.166613, -0.030464, 0.000000, 0.000000, 0.000000, 1.000000
23.5050, 6.9271, -43.6177, 183.3620, 205.3620, -6.9271, 243.6911, -2.9319, -124.5360, -30.4282, 0.995283, 0.061200, -0.075272, 0.006927, -0.079053, 0.961381, -0.263624, -0.043618, 0.056231, 0.268332, 0.961684, 0.183362, 0.000000, 0.000000, 0.000000, 1.000000, 0.056231, 0.268332, 0.961684, 0.205362, -0.995283, -0.061200, 0.075272, -0.006927, 0.079053, -0.961381, 0.263624, 0.243691, 0.000000, 0.000000, 0.000000, 1.000000, -0.979762, 0.035463, 0.196998, -0.002932, 0.200161, 0.168236, 0.965211, -0.124536, 0.001087, 0.985109, -0.171930, -0.030428, 0.000000, 0.000000, 0.000000, 1.000000
23.7142, 6.8595, -43.6382, 183.3247, 205.3247, -6.8595, 243.7117, -3.3265, -124.5685, -30.4573, 0.993654, 0.060432, -0.094864, 0.006860, -0.083095, 0.962826, -0.257023, -0.043638, 0.075805, 0.263275, 0.961738, 0.183325, 0.000000, 0.000000, 0.000000, 1.000000, 0.075805, 0.263275, 0.961738, 0.205325, -0.993654, -0.060432, 0.094864, -0.006860, 0.083095, -0.962826, 0.257023, 0.243712, 0.000000, 0.000000, 0.000000, 1.000000, -0.974770, 0.036175, 0.220262, -0.003327, 0.223210, 0.162864, 0.961068, -0.124569, -0.001106, 0.985985, -0.166829, -0.030457, 0.000000, 0.000000, 0.000000, 1.000000
23.8179, 6.8025, -43.6390, 183.3227, 205.3227, -6.8025, 243.7125, -3.4960, -124.5723, -30.4626, 0.993926, 0.061221, -0.091446, 0.006802, -0.082943, 0.962877, -0.256881, -0.043639, 0.072325, 0.262906, 0.962107, 0.183323, 0.000000, 0.000000, 0.000000, 1.000000, 0.072325, 0.262906, 0.962107, 0.205323, -0.993926, -0.061221, 0.091446, -0.006802, 0.082943, -0.962877, 0.256881, 0.243712, 0.000000, 0.000000, 0.000000, 1.000000, -0.975143, 0.035639, 0.218691, -0.003496, 0.221572, 0.162542, 0.961502, -0.124572, -0.001280, 0.986058, -0.166398, -0.030463, 0.000000, 0.000000, 0.000000, 1.000000
23.9177, 6.6013, -43.5981, 183.4478, 205.4478, -6.6013, 243.6716, -3.4931, -124.4764, -30.4245, 0.994970, 0.061721, -0.078899, 0.006601, -0.080577, 0.961064, -0.264317, -0.043598, 0.059513, 0.269345, 0.961203, 0.183448, 0.000000, 0.000000, 0.000000, 1.000000, 0.059513, 0.269345, 0.961203, 0.205448, -0.994970, -0.061721, 0.078899, -0.006601, 0.080577, -0.961064, 0.264317, 0.243672, 0.000000, 0.000000, 0.000000, 1.000000, -0.977581, 0.036294, 0.207410, -0.003493, 0.210561, 0.169082, 0.962847, -0.124476, -0.000124, 0.984933, -0.172934, -0.030425, 0.000000, 0.000000, 0.000000, 1.000000
24.0271, 6.5761, -43.5654, 183.3959, 205.3959, -6.5761, 243.6388, -3.7120, -124.5278, -30.3990, 0.993900, 0.060417, -0.092263, 0.006576, -0.083118, 0.960214, -0.266610, -0.043565, 0.072484, 0.272652, 0.959378, 0.183396, 0.000000, 0.000000, 0.000000, 1.000000, 0.072484, 0.272652, 0.959378, 0.205396, -0.993900, -0.060417, 0.092263, -0.006576, 0.083118, -0.960214, 0.266610, 0.243639, 0.000000, 0.000000, 0.000000, 1.000000, -0.974288, 0.038359, 0.222018, -0.003712, 0.225303, 0.172167, 0.958956, -0.124528, -0.001440, 0.984321, -0.176383, -0.030399, 0.000000, 0.000000, 0.000000, 1.000000
24.1352, 6.5485, -43.6196, 183.4058, 205.4058, -6.5485, 243.6930, -3.9213, -124.5089, -30.4539, 0.993552, 0.060495, -0.095886, 0.006548, -0.083742, 0.961710, -0.260962, -0.043620, 0.076428, 0.267309, 0.960575, 0.183406, 0.000000, 0.000000, 0.000000, 1.000000, 0.076428, 0.267309, 0.960575, 0.205406, -0.993552, -0.060495, 0.095886, -0.006548, 0.083742, -0.961710, 0.260962, 0.243693, 0.000000, 0.000000, 0.000000, 1.000000, -0.972944, 0.037867, 0.227916, -0.003921, 0.231034, 0.166691, 0.958560, -0.124509, -0.001693, 0.985282, -0.170929, -0.030454, 0.000000, 0.000000, 0.000000, 1.000000
24.2376, 6.4459, -43.6098, 183.4047, 205.4047, -6.4459, 243.6832, -4.0423, -124.5192, -30.4519, 0.993199, 0.060893, -0.099237, 0.006446, -0.084593, 0.963048, -0.255698, -0.043610, 0.080000, 0.262354, 0.961650, 0.183405, 0.000000, 0.000000, 0.000000, 1.000000, 0.080000, 0.262354, 0.961650, 0.205405, -0.993199, -0.060893, 0.099237, -0.006446, 0.084593, -0.963048, 0.255698, 0.243683, 0.000000, 0.000000, 0.000000, 1.000000, -0.971672, 0.037076, 0.233407, -0.004042, 0.236323, 0.161667, 0.958131, -0.124519, -0.002210, 0.986149, -0.165849, -0.030452, 0.000000, 0.000000, 0.000000, 1.000000
24.3382, 6.2742, -43.5998, 183.6120, 205.6120, -6.2742, 243.6732, -4.0584, -124.3354, -30.4342, 0.994382, 0.060535, -0.086835, 0.006274, -0.081907, 0.959665, -0.268950, -0.043600, 0.067051, 0.274551, 0.959232, 0.183612, 0.000000, 0.000000, 0.000000, 1.000000, 0.067051, 0.274551, 0.959232, 0.205612, -0.994382, -0.060535, 0.086835, -0.006274, 0.081907, -0.959665, 0.268950, 0.243673, 0.000000, 0.000000, 0.000000, 1.000000, -0.974314, 0.039446, 0.221713, -0.004058, 0.225193, 0.173900, 0.958669, -0.124335, -0.000740, 0.983973, -0.178316, -0.030434, 0.000000, 0.000000, 0.000000, 1.000000
24.4327, 6.2729, -43.5391, 183.5171, 205.5171, -6.2729, 243.6126, -4.2738, -124.4285, -30.3835, 0.993720, 0.060507, -0.094127, 0.006273, -0.084224, 0.958270, -0.273175, -0.043539, 0.073670, 0.279387, 0.957348, 0.183517, 0.000000, 0.000000, 0.000000, 1.000000, 0.073670, 0.279387, 0.957348, 0.205517, -0.993720, -0.060507, 0.094127, -0.006273, 0.084224, -0.958270, 0.273175, 0.243613, 0.000000, 0.000000, 0.000000, 1.000000, -0.972365, 0.040452, 0.229934, -0.004274, 0.233453, 0.178732, 0.955801, -0.124428, -0.002433, 0.983066, -0.183237, -0.030384, 0.000000, 0.000000, 0.000000, 1.000000
24.5457, 6.2535, -43.5790, 183.4379, 205.4379, -6.2535, 243.6525, -4.5150, -124.4962, -30.4324, 0.992249, 0.061433, -0.108017, 0.006253, -0.087486, 0.962670, -0.256148, -0.043579, 0.088249, 0.263613, 0.960583, 0.183438, 0.000000, 0.000000, 0.000000, 1.000000, 0.088249, 0.263613, 0.960583, 0.205438, -0.992249, -0.061433, 0.108017, -0.006253, 0.087486, -0.962670, 0.256148, 0.243652, 0.000000, 0.000000, 0.000000, 1.000000, -0.968284, 0.037594, 0.247007, -0.004515, 0.249814, 0.162826, 0.954506, -0.124496, -0.004335, 0.985938, -0.167054, -0.030432, 0.000000, 0.000000, 0.000000, 1.000000
24.6450, 6.1096, -43.5939, 183.4179, 205.4179, -6.1096, 243.6673, -4.5932, -124.5288, -30.4598, 0.992721, 0.060497, -0.104140, 0.006110, -0.085541, 0.962863, -0.256082, -0.043594, 0.084780, 0.263126, 0.961029, 0.183418, 0.000000, 0.000000, 0.000000, 1.000000, 0.084780, 0.263126, 0.961029, 0.205418, -0.992721, -0.060497, 0.104140, -0.006110, 0.085541, -0.962863, 0.256082, 0.243667, 0.000000, 0.000000, 0.000000, 1.000000, -0.968770, 0.038730, 0.244919, -0.004593, 0.247947, 0.162115, 0.955113, -0.124529, -0.002714, 0.986012, -0.166655, -0.030460, 0.000000, 0.000000, 0.000000, 1.000000
24.7452, 6.0068, -43.5860, 183.5184, 205.5184, -6.0068, 243.6594, -4.6927, -124.4390, -30.4496, 0.993459, 0.059920, -0.097209, 0.006007, -0.083576, 0.961606, -0.261399, -0.043586, 0.077814, 0.267813, 0.960323, 0.183518, 0.000000, 0.000000, 0.000000, 1.000000, 0.077814, 0.267813, 0.960323, 0.205518, -0.993459, -0.059920, 0.097209, -0.006007, 0.083576, -0.961606, 0.261399, 0.243659, 0.000000, 0.000000, 0.000000, 1.000000, -0.970099, 0.040284, 0.239343, -0.004693, 0.242706, 0.166693, 0.955671, -0.124439, -0.001399, 0.985186, -0.171486, -0.030450, 0.000000, 0.000000, 0.000000, 1.000000
24.8550, 5.9851, -43.6070, 183.4953, 205.4953, -5.9851, 243.6805, -4.9150, -124.4537, -30.4745, 0.992136, 0.059994, -0.109847, 0.005985, -0.086829, 0.962015, -0.258819, -0.043607, 0.090147, 0.266322, 0.959659, 0.183495, 0.000000, 0.000000, 0.000000, 1.000000, 0.090147, 0.266322, 0.959659, 0.205495, -0.992136, -0.059994, 0.109847, -0.005985, 0.086829, -0.962015, 0.258819, 0.243680, 0.000000, 0.000000, 0.000000, 1.000000, -0.966456, 0.040304, 0.253652, -0.004915, 0.256810, 0.165119, 0.952252, -0.124454, -0.003503, 0.985450, -0.169931, -0.030474, 0.000000, 0.000000, 0.000000, 1.000000
24.9623, 5.9503, -43.6277, 183.5119, 205.5119, -5.9503, 243.7012, -5.1120, -124.4313, -30.4959, 0.991723, 0.059946, -0.113543, 0.005950, -0.087318, 0.963222, -0.254125, -0.043628, 0.094133, 0.261936, 0.960483, 0.183512, 0.000000, 0.000000, 0.000000, 1.000000, 0.094133, 0.261936, 0.960483, 0.205512, -0.991723, -0.059946, 0.113543, -0.005950, 0.087318, -0.963222, 0.254125, 0.243701, 0.000000, 0.000000, 0.000000, 1.000000, -0.964921, 0.039988, 0.259476, -0.005112, 0.262514, 0.160602, 0.951469, -0.124431, -0.003625, 0.986209, -0.165466, -0.030496, 0.000000, 0.000000, 0.000000, 1.000000
25.0603, 5.8429, -43.6267, 183.5213, 205.5213, -5.8429, 243.7002, -5.2176, -124.4308, -30.5020, 0.992283, 0.060347, -0.108315, 0.005843, -0.086522, 0.962726, -0.256267, -0.043627, 0.088813, 0.263661, 0.960518, 0.183521, 0.000000, 0.000000, 0.000000, 1.000000, 0.088813, 0.263661, 0.960518, 0.205521, -0.992283, -0.060347, 0.108315, -0.005843, 0.086522, -0.962726, 0.256267, 0.243700, 0.000000, 0.000000, 0.000000, 1.000000, -0.965884, 0.040135, 0.255845, -0.005218, 0.258952, 0.162345, 0.952149, -0.124431, -0.003320, 0.985918, -0.167199, -0.030502, 0.000000, 0.000000, 0.000000, 1.000000
25.1741, 5.7468, -43.6324, 183.5086, 205.5086, -5.7468, 243.7059, -5.3727, -124.4480, -30.5161, 0.991879, 0.060376, -0.111943, 0.005747, -0.087209, 0.963514, -0.253052, -0.043632, 0.092581, 0.260760, 0.960954, 0.183509, 0.000000, 0.000000, 0.000000, 1.000000, 0.092581, 0.260760, 0.960954, 0.205509, -0.991879, -0.060376, 0.111943, -0.005747, 0.087209, -0.963514, 0.253052, 0.243706, 0.000000, 0.000000, 0.000000, 1.000000, -0.964359, 0.039973, 0.261560, -0.005373, 0.264572, 0.159340, 0.951111, -0.124448, -0.003658, 0.986414, -0.164236, -0.030516, 0.000000, 0.000000, 0.000000, 1.000000
25.2870, 5.7577, -43.5620, 183.4024, 205.4024, -5.7577, 243.6354, -5.6433, -124.5472, -30.4558, 0.990444, 0.059078, -0.124621, 0.005758, -0.089726, 0.962252, -0.256943, -0.043562, 0.104737, 0.265669, 0.958358, 0.183402, 0.000000, 0.000000, 0.000000, 1.000000, 0.104737, 0.265669, 0.958358, 0.205402, -0.990444, -0.059078, 0.124621, -0.005758, 0.089726, -0.962252, 0.256943, 0.243635, 0.000000, 0.000000, 0.000000, 1.000000, -0.960446, 0.042348, 0.275226, -0.005643, 0.278419, 0.163992, 0.946356, -0.124547, -0.005058, 0.985552, -0.169296, -0.030456, 0.000000, 0.000000, 0.000000, 1.000000
25.3815, 5.6179, -43.5839, 183.6594, 205.6594, -5.6179, 243.6573, -5.6673, -124.3071, -30.4625, 0.992239, 0.060008, -0.108908, 0.005618, -0.086869, 0.961197, -0.261828, -0.043584, 0.088970, 0.269256, 0.958950, 0.183659, 0.000000, 0.000000, 0.000000, 1.000000, 0.088970, 0.269256, 0.958950, 0.205659, -0.992239, -0.060008, 0.108908, -0.005618, 0.086869, -0.961197, 0.261828, 0.243657, 0.000000, 0.000000, 0.000000, 1.000000, -0.964365, 0.042277, 0.261174, -0.005667, 0.264548, 0.167709, 0.949678, -0.124307, -0.003652, 0.984930, -0.172917, -0.030463, 0.000000, 0.000000, 0.000000, 1.000000
25.4839, 5.4938, -43.6002, 183.6628, 205.6628, -5.4938, 243.6736, -5.7678, -124.3129, -30.4876, 0.992167, 0.059969, -0.109581, 0.005494, -0.086951, 0.961373, -0.261155, -0.043600, 0.089687, 0.268638, 0.959057, 0.183663, 0.000000, 0.000000, 0.000000, 1.000000, 0.089687, 0.268638, 0.959057, 0.205663, -0.992167, -0.059969, 0.109581, -0.005494, 0.086951, -0.961373, 0.261155, 0.243674, 0.000000, 0.000000, 0.000000, 1.000000, -0.963698, 0.042515, 0.263588, -0.005768, 0.266970, 0.167001, 0.949125, -0.124313, -0.003668, 0.985040, -0.172289, -0.030488, 0.000000, 0.000000, 0.000000, 1.000000
25.5880, 5.4572, -43.5501, 183.5832, 205.5832, -5.4572, 243.6235, -5.9694, -124.3920, -30.4485, 0.990904, 0.059031, -0.120935, 0.005457, -0.089618, 0.959861, -0.265775, -0.043550, 0.100392, 0.274195, 0.956420, 0.183583, 0.000000, 0.000000, 0.000000, 1.000000, 0.100392, 0.274195, 0.956420, 0.205583, -0.990904, -0.059031, 0.120935, -0.005457, 0.089618, -0.959861, 0.265775, 0.243624, 0.000000, 0.000000, 0.000000, 1.000000, -0.960196, 0.044654, 0.275735, -0.005969, 0.279276, 0.172368, 0.944613, -0.124392, -0.005348, 0.984020, -0.177978, -0.030448, 0.000000, 0.000000, 0.000000, 1.000000
25.6953, 5.2910, -43.6234, 183.7764, 205.7764, -5.2910, 243.6968, -6.0080, -124.2124, -30.5144, 0.991406, 0.060617, -0.115933, 0.005291, -0.088891, 0.962315, -0.256998, -0.043623, 0.095986, 0.265094, 0.959433, 0.183776, 0.000000, 0.000000, 0.000000, 1.000000, 0.095986, 0.265094, 0.959433, 0.205776, -0.991406, -0.060617, 0.115933, -0.005291, 0.088891, -0.962315, 0.256998, 0.243697, 0.000000, 0.000000, 0.000000, 1.000000, -0.960924, 0.041904, 0.273624, -0.006008, 0.276768, 0.163385, 0.946945, -0.124212, -0.005025, 0.985672, -0.168598, -0.030514, 0.000000, 0.000000, 0.000000, 1.000000
25.7955, 5.2351, -43.6042, 183.7671, 205.7671, -5.2351, 243.6776, -6.1709, -124.2229, -30.5004, 0.990693, 0.060027, -0.122168, 0.005235, -0.090149, 0.961807, -0.258457, -0.043604, 0.101988, 0.267065, 0.958267, 0.183767, 0.000000, 0.000000, 0.000000, 1.000000, 0.101988, 0.267065, 0.958267, 0.205767, -0.990693, -0.060027, 0.122168, -0.005235, 0.090149, -0.961807, 0.258457, 0.243678, 0.000000, 0.000000, 0.000000, 1.000000, -0.958709, 0.043101, 0.281105, -0.006171, 0.284332, 0.165191, 0.944387, -0.124223, -0.005732, 0.985319, -0.170625, -0.030500, 0.000000, 0.000000, 0.000000, 1.000000
25.9102, 5.1724, -43.5980, 183.7199, 205.7199, -5.1724, 243.6714, -6.3665, -124.2682, -30.5036, 0.989935, 0.060065, -0.128142, 0.005172, -0.091609, 0.962134, -0.256720, -0.043598, 0.107870, 0.265876, 0.957953, 0.183720, 0.000000, 0.000000, 0.000000, 1.000000, 0.107870, 0.265876, 0.957953, 0.205720, -0.989935, -0.060065, 0.128142, -0.005172, 0.091609, -0.962134, 0.256720, 0.243671, 0.000000, 0.000000, 0.000000, 1.000000, -0.956386, 0.043193, 0.288894, -0.006366, 0.292029, 0.163912, 0.942259, -0.124268, -0.006655, 0.985529, -0.169377, -0.030504, 0.000000, 0.000000, 0.000000, 1.000000
26.0178, 5.1199, -43.6184, 183.8024, 205.8024, -5.1199, 243.6919, -6.5341, -124.1826, -30.5196, 0.989883, 0.060259, -0.128453, 0.005120, -0.091957, 0.961923, -0.257387, -0.043618, 0.108052, 0.266595, 0.957733, 0.183802, 0.000000, 0.000000, 0.000000, 1.000000, 0.108052, 0.266595, 0.957733, 0.205802, -0.989883, -0.060259, 0.128453, -0.005120, 0.091957, -0.961923, 0.257387, 0.243692, 0.000000, 0.000000, 0.000000, 1.000000, -0.955770, 0.043433, 0.290891, -0.006534, 0.294033, 0.164592, 0.941517, -0.124183, -0.006986, 0.985405, -0.170083, -0.030520, 0.000000, 0.000000, 0.000000, 1.000000
26.1207, 5.0421, -43.5963, 183.6872, 205.6872, -5.0421, 243.6698, -6.7013, -124.2999, -30.5149, 0.989114, 0.059822, -0.134440, 0.005042, -0.093007, 0.962153, -0.256148, -0.043596, 0.114029, 0.265864, 0.957243, 0.183687, 0.000000, 0.000000, 0.000000, 1.000000, 0.114029, 0.265864, 0.957243, 0.205687, -0.989114, -0.059822, 0.134440, -0.005042, 0.093007, -0.962153, 0.256148, 0.243670, 0.000000, 0.000000, 0.000000, 1.000000, -0.953416, 0.044031, 0.298427, -0.006701, 0.301564, 0.163695, 0.939289, -0.124300, -0.007493, 0.985528, -0.169347, -0.030515, 0.000000, 0.000000, 0.000000, 1.000000
26.2279, 4.9099, -43.6079, 183.8000, 205.8000, -4.9099, 243.6814, -6.7835, -124.1999, -30.5251, 0.989812, 0.059984, -0.129129, 0.004910, -0.092220, 0.961074, -0.260446, -0.043608, 0.108480, 0.269700, 0.956814, 0.183800, 0.000000, 0.000000, 0.000000, 1.000000, 0.108480, 0.269700, 0.956814, 0.205800, -0.989812, -0.059984, 0.129129, -0.004910, 0.092220, -0.961074, 0.260446, 0.243681, 0.000000, 0.000000, 0.000000, 1.000000, -0.954548, 0.044851, 0.294663, -0.006783, 0.297970, 0.167509, 0.939763, -0.124200, -0.007209, 0.984850, -0.173260, -0.030525, 0.000000, 0.000000, 0.000000, 1.000000
26.3272, 4.8611, -43.5608, 183.7658, 205.7658, -4.8611, 243.6343, -6.9549, -124.2356, -30.4853, 0.989278, 0.059384, -0.133425, 0.004861, -0.093137, 0.960240, -0.263181, -0.043561, 0.112491, 0.272786, 0.955475, 0.183766, 0.000000, 0.000000, 0.000000, 1.000000, 0.112491, 0.272786, 0.955475, 0.205766, -0.989278, -0.059384, 0.133425, -0.004861, 0.093137, -0.960240, 0.263181, 0.243634, 0.000000, 0.000000, 0.000000, 1.000000, -0.952786, 0.046277, 0.300095, -0.006955, 0.303543, 0.170426, 0.937452, -0.124236, -0.007761, 0.984283, -0.176426, -0.030485, 0.000000, 0.000000, 0.000000, 1.000000
26.4155, 4.8288, -43.5763, 183.7894, 205.7894, -4.8288, 243.6498, -7.1110, -124.2060, -30.5008, 0.988544, 0.058837, -0.138993, 0.004829, -0.093804, 0.960939, -0.260378, -0.043576, 0.118244, 0.270433, 0.955450, 0.183789, 0.000000, 0.000000, 0.000000, 1.000000, 0.118244, 0.270433, 0.955450, 0.205789, -0.988544, -0.058837, 0.138993, -0.004829, 0.093804, -0.960939, 0.260378, 0.243650, 0.000000, 0.000000, 0.000000, 1.000000, -0.950520, 0.046657, 0.307141, -0.007111, 0.310564, 0.167877, 0.935611, -0.124206, -0.007909, 0.984703, -0.174061, -0.030501, 0.000000, 0.000000, 0.000000, 1.000000
26.5052, 4.7604, -43.6145, 183.7394, 205.7394, -4.7604, 243.6880, -7.2502, -124.2522, -30.5487, 0.988087, 0.060301, -0.141589, 0.004760, -0.094789, 0.963270, -0.251247, -0.043615, 0.121238, 0.261675, 0.957511, 0.183739, 0.000000, 0.000000, 0.000000, 1.000000, 0.121238, 0.261675, 0.957511, 0.205739, -0.988087, -0.060301, 0.141589, -0.004760, 0.094789, -0.963270, 0.251247, 0.243688, 0.000000, 0.000000, 0.000000, 1.000000, -0.949054, 0.043902, 0.312040, -0.007250, 0.314996, 0.159274, 0.935633, -0.124252, -0.008623, 0.986258, -0.164989, -0.030549, 0.000000, 0.000000, 0.000000, 1.000000
26.6120, 4.6867, -43.6218, 183.7629, 205.7629, -4.6867, 243.6952, -7.4054, -124.2287, -30.5591, 0.988015, 0.060011, -0.142211, 0.004687, -0.094807, 0.962994, -0.252299, -0.043622, 0.121808, 0.262758, 0.957142, 0.183763, 0.000000, 0.000000, 0.000000, 1.000000, 0.121808, 0.262758, 0.957142, 0.205763, -0.988015, -0.060011, 0.142211, -0.004687, 0.094807, -0.962994, 0.252299, 0.243695, 0.000000, 0.000000, 0.000000, 1.000000, -0.948284, 0.044681, 0.314264, -0.007405, 0.317308, 0.160224, 0.934689, -0.124229, -0.008590, 0.986069, -0.166116, -0.030559, 0.000000, 0.000000, 0.000000, 1.000000
26.6955, 4.6310, -43.5549, 183.5981, 205.5981, -4.6310, 243.6283, -7.5611, -124.3967, -30.5131, 0.986213, 0.058884, -0.154652, 0.004631, -0.097344, 0.962185, -0.254408, -0.043555, 0.133823, 0.265955, 0.954652, 0.183598, 0.000000, 0.000000, 0.000000, 1.000000, 0.133823, 0.265955, 0.954652, 0.205598, -0.986213, -0.058884, 0.154652, -0.004631, 0.097344, -0.962185, 0.254408, 0.243628, 0.000000, 0.000000, 0.000000, 1.000000, -0.943807, 0.046609, 0.327193, -0.007561, 0.330343, 0.163150, 0.929653, -0.124397, -0.010052, 0.985500, -0.169379, -0.030513, 0.000000, 0.000000, 0.000000, 1.000000
26.8062, 4.5874, -43.5516, 183.7039, 205.7039, -4.5874, 243.6250, -7.7375, -124.2875, -30.5026, 0.985846, 0.059177, -0.156862, 0.004587, -0.098489, 0.961589, -0.256216, -0.043552, 0.135675, 0.268039, 0.953807, 0.183704, 0.000000, 0.000000, 0.000000, 1.000000, 0.135675, 0.268039, 0.953807, 0.205704, -0.985846, -0.059177, 0.156862, -0.004587, 0.098489, -0.961589, 0.256216, 0.243625, 0.000000, 0.000000, 0.000000, 1.000000, -0.942498, 0.047023, 0.330886, -0.007737, 0.334029, 0.165215, 0.927970, -0.124287, -0.011031, 0.985136, -0.171422, -0.030503, 0.000000, 0.000000, 0.000000, 1.000000
26.8827, 4.4828, -43.5925, 183.7847, 205.7847, -4.4828, 243.6659, -7.7869, -124.2141, -30.5430, 0.986630, 0.060039, -0.151517, 0.004483, -0.097240, 0.962925, -0.251634, -0.043592, 0.130791, 0.263003, 0.955889, 0.183785, 0.000000, 0.000000, 0.000000, 1.000000, 0.130791, 0.263003, 0.955889, 0.205785, -0.986630, -0.060039, 0.151517, -0.004483, 0.097240, -0.962925, 0.251634, 0.243666, 0.000000, 0.000000, 0.000000, 1.000000, -0.943736, 0.045457, 0.327560, -0.007787, 0.330541, 0.160263, 0.930085, -0.124214, -0.010217, 0.986027, -0.166272, -0.030543, 0.000000, 0.000000, 0.000000, 1.000000
26.9996, 4.3915, -43.6025, 183.8679, 205.8679, -4.3915, 243.6760, -7.9346, -124.1338, -30.5515, 0.986458, 0.059627, -0.152789, 0.004391, -0.097308, 0.962674, -0.252565, -0.043603, 0.132026, 0.264012, 0.955440, 0.183868, 0.000000, 0.000000, 0.000000, 1.000000, 0.132026, 0.264012, 0.955440, 0.205868, -0.986458, -0.059627, 0.152789, -0.004391, 0.097308, -0.962674, 0.252565, 0.243676, 0.000000, 0.000000, 0.000000, 1.000000, -0.942645, 0.046378, 0.330560, -0.007935, 0.333642, 0.161100, 0.928832, -0.124134, -0.010175, 0.985848, -0.167334, -0.030552, 0.000000, 0.000000, 0.000000, 1.000000
27.0949, 4.2885, -43.5565, 183.9283, 205.9283, -4.2885, 243.6300, -8.0257, -124.0872, -30.5075, 0.986426, 0.059107, -0.153203, 0.004288, -0.097933, 0.960647, -0.259936, -0.043557, 0.131810, 0.271411, 0.953395, 0.183928, 0.000000, 0.000000, 0.000000, 1.000000, 0.131810, 0.271411, 0.953395, 0.205928, -0.986426, -0.059107, 0.153203, -0.004288, 0.097933, -0.960647, 0.259936, 0.243630, 0.000000, 0.000000, 0.000000, 1.000000, -0.942133, 0.048567, 0.331702, -0.008026, 0.335064, 0.168351, 0.927033, -0.124087, -0.010819, 0.984530, -0.174882, -0.030508, 0.000000, 0.000000, 0.000000, 1.000000
27.1951, 4.2441, -43.5333, 183.8446, 205.8446, -4.2441, 243.6068, -8.2154, -124.1660, -30.4961, 0.986231, 0.059271, -0.154385, 0.004244, -0.098316, 0.960810, -0.259188, -0.043533, 0.132972, 0.270798, 0.953408, 0.183845, 0.000000, 0.000000, 0.000000, 1.000000, 0.132972, 0.270798, 0.953408, 0.205845, -0.986231, -0.059271, 0.154385, -0.004244, 0.098316, -0.960810, 0.259188, 0.243607, 0.000000, 0.000000, 0.000000, 1.000000, -0.941136, 0.048582, 0.334519, -0.008215, 0.337846, 0.167684, 0.926144, -0.124166, -0.011099, 0.984643, -0.174227, -0.030496, 0.000000, 0.000000, 0.000000, 1.000000
27.2988, 4.1923, -43.5135, 183.7744, 205.7744, -4.1923, 243.5870, -8.4032, -124.2318, -30.4872, 0.984728, 0.059516, -0.163609, 0.004192, -0.100098, 0.962442, -0.252361, -0.043514, 0.142445, 0.264884, 0.953701, 0.183774, 0.000000, 0.000000, 0.000000, 1.000000, 0.142445, 0.264884, 0.953701, 0.205774, -0.984728, -0.059516, 0.163609, -0.004192, 0.100098, -0.962442, 0.252361, 0.243587, 0.000000, 0.000000, 0.000000, 1.000000, -0.937171, 0.047497, 0.345621, -0.008403, 0.348662, 0.161707, 0.923193, -0.124232, -0.012040, 0.985695, -0.168108, -0.030487, 0.000000, 0.000000, 0.000000, 1.000000
27.4083, 4.1213, -43.5218, 183.7902, 205.7902, -4.1213, 243.5953, -8.5683, -124.2137, -30.4992, 0.984149, 0.059800, -0.166960, 0.004121, -0.100795, 0.963207, -0.249144, -0.043522, 0.145918, 0.262024, 0.953966, 0.183790, 0.000000, 0.000000, 0.000000, 1.000000, 0.145918, 0.262024, 0.953966, 0.205790, -0.984149, -0.059800, 0.166960, -0.004121, 0.100795, -0.963207, 0.249144, 0.243595, 0.000000, 0.000000, 0.000000, 1.000000, -0.935243, 0.046966, 0.350878, -0.008568, 0.353789, 0.158807, 0.921745, -0.124214, -0.012431, 0.986192, -0.165139, -0.030499, 0.000000, 0.000000, 0.000000, 1.000000
27.4966, 4.0418, -43.5080, 183.8535, 205.8535, -4.0418, 243.5815, -8.6680, -124.1566, -30.4851, 0.984306, 0.058610, -0.166456, 0.004042, -0.100362, 0.961764, -0.254828, -0.043508, 0.145156, 0.267534, 0.952552, 0.183854, 0.000000, 0.000000, 0.000000, 1.000000, 0.145156, 0.267534, 0.952552, 0.205854, -0.984306, -0.058610, 0.166456, -0.004042, 0.100362, -0.961764, 0.254828, 0.243581, 0.000000, 0.000000, 0.000000, 1.000000, -0.934988, 0.049466, 0.351212, -0.008668, 0.354473, 0.164009, 0.920570, -0.124157, -0.012065, 0.985218, -0.170881, -0.030485, 0.000000, 0.000000, 0.000000, 1.000000
27.6042, 3.9905, -43.4967, 183.7455, 205.7455, -3.9905, 243.5702, -8.8738, -124.2571, -30.4884, 0.982863, 0.058840, -0.174693, 0.003990, -0.102905, 0.961412, -0.255143, -0.043497, 0.152940, 0.268747, 0.950991, 0.183745, 0.000000, 0.000000, 0.000000, 1.000000, 0.152940, 0.268747, 0.950991, 0.205745, -0.982863, -0.058840, 0.174693, -0.003990, 0.102905, -0.961412, 0.255143, 0.243570, 0.000000, 0.000000, 0.000000, 1.000000, -0.931380, 0.049791, 0.360627, -0.008874, 0.363781, 0.165182, 0.916721, -0.124257, -0.013925, 0.985005, -0.171960, -0.030488, 0.000000, 0.000000, 0.000000, 1.000000
27.6886, 3.9000, -43.5216, 183.8013, 205.8013, -3.9000, 243.5951, -8.9578, -124.2057, -30.5144, 0.983027, 0.060006, -0.173373, 0.003900, -0.102868, 0.962755, -0.250042, -0.043522, 0.151911, 0.263632, 0.952587, 0.183801, 0.000000, 0.000000, 0.000000, 1.000000, 0.151911, 0.263632, 0.952587, 0.205801, -0.983027, -0.060006, 0.173373, -0.003900, 0.102868, -0.962755, 0.250042, 0.243595, 0.000000, 0.000000, 0.000000, 1.000000, -0.931222, 0.047865, 0.361295, -0.008958, 0.364183, 0.160231, 0.917440, -0.124206, -0.013978, 0.985918, -0.166642, -0.030514, 0.000000, 0.000000, 0.000000, 1.000000
27.7967, 3.8270, -43.5278, 183.7410, 205.7410, -3.8270, 243.6013, -9.1344, -124.2618, -30.5319, 0.982919, 0.059481, -0.174162, 0.003827, -0.102300, 0.963246, -0.248378, -0.043528, 0.152988, 0.261952, 0.952878, 0.183741, 0.000000, 0.000000, 0.000000, 1.000000, 0.152988, 0.261952, 0.952878, 0.205741, -0.982919, -0.059481, 0.174162, -0.003827, 0.102300, -0.963246, 0.248378, 0.243601, 0.000000, 0.000000, 0.000000, 1.000000, -0.930166, 0.048340, 0.363943, -0.009134, 0.366898, 0.158344, 0.916686, -0.124262, -0.013316, 0.986200, -0.165022, -0.030532, 0.000000, 0.000000, 0.000000, 1.000000
27.8802, 3.7620, -43.4710, 183.6954, 205.6954, -3.7620, 243.5445, -9.2592, -124.3128, -30.4849, 0.981101, 0.057822, -0.184655, 0.003762, -0.104602, 0.961336, -0.254738, -0.043471, 0.162786, 0.269239, 0.949216, 0.183695, 0.000000, 0.000000, 0.000000, 1.000000, 0.162786, 0.269239, 0.949216, 0.205695, -0.981101, -0.057822, 0.184655, -0.003762, 0.104602, -0.961336, 0.254738, 0.243544, 0.000000, 0.000000, 0.000000, 1.000000, -0.925835, 0.051682, 0.374378, -0.009259, 0.377640, 0.165211, 0.911095, -0.124313, -0.014764, 0.984903, -0.172475, -0.030485, 0.000000, 0.000000, 0.000000, 1.000000
28.0050, 3.6928, -43.4780, 183.6978, 205.6978, -3.6928, 243.5515, -9.4624, -124.3040, -30.4968, 0.981163, 0.058234, -0.184193, 0.003693, -0.104389, 0.962111, -0.251884, -0.043478, 0.162546, 0.266367, 0.950067, 0.183698, 0.000000, 0.000000, 0.000000, 1.000000, 0.162546, 0.266367, 0.950067, 0.205698, -0.981163, -0.058234, 0.184193, -0.003693, 0.104389, -0.962111, 0.251884, 0.243551, 0.000000, 0.000000, 0.000000, 1.000000, -0.925113, 0.051046, 0.376245, -0.009462, 0.379412, 0.162312, 0.910879, -0.124304, -0.014572, 0.985418, -0.169524, -0.030497, 0.000000, 0.000000, 0.000000, 1.000000
28.1026, 3.6098, -43.5064, 183.8361, 205.8361, -3.6098, 243.5799, -9.5638, -124.1676, -30.5179, 0.981615, 0.059524, -0.181354, 0.003610, -0.104404, 0.962838, -0.249083, -0.043506, 0.159788, 0.263437, 0.951351, 0.183836, 0.000000, 0.000000, 0.000000, 1.000000, 0.159788, 0.263437, 0.951351, 0.205836, -0.981615, -0.059524, 0.181354, -0.003610, 0.104404, -0.962838, 0.249083, 0.243580, 0.000000, 0.000000, 0.000000, 1.000000, -0.925519, 0.049452, 0.375459, -0.009564, 0.378411, 0.159575, 0.911779, -0.124168, -0.014825, 0.985946, -0.166403, -0.030518, 0.000000, 0.000000, 0.000000, 1.000000
28.1843, 3.5749, -43.5115, 183.7425, 205.7425, -3.5749, 243.5850, -9.7282, -124.2516, -30.5348, 0.979569, 0.059404, -0.192136, 0.003575, -0.106718, 0.963314, -0.246248, -0.043512, 0.170459, 0.261722, 0.949971, 0.183743, 0.000000, 0.000000, 0.000000, 1.000000, 0.170459, 0.261722, 0.949971, 0.205743, -0.979569, -0.059404, 0.192136, -0.003575, 0.106718, -0.963314, 0.246248, 0.243585, 0.000000, 0.000000, 0.000000, 1.000000, -0.920716, 0.049436, 0.387088, -0.009728, 0.389895, 0.157761, 0.907245, -0.124252, -0.016216, 0.986239, -0.164528, -0.030535, 0.000000, 0.000000, 0.000000, 1.000000
28.3069, 3.4859, -43.4913, 183.8350, 205.8350, -3.4859, 243.5647, -9.8856, -124.1627, -30.5122, 0.980130, 0.058742, -0.189460, 0.003486, -0.106752, 0.961236, -0.254225, -0.043491, 0.167181, 0.269398, 0.948407, 0.183835, 0.000000, 0.000000, 0.000000, 1.000000, 0.167181, 0.269398, 0.948407, 0.205835, -0.980130, -0.058742, 0.189460, -0.003486, 0.106752, -0.961236, 0.254225, 0.243565, 0.000000, 0.000000, 0.000000, 1.000000, -0.921168, 0.052046, 0.385670, -0.009886, 0.388815, 0.165185, 0.906387, -0.124163, -0.016533, 0.984888, -0.172399, -0.030512, 0.000000, 0.000000, 0.000000, 1.000000
28.3882, 3.3908, -43.4784, 183.8301, 205.8301, -3.3908, 243.5518, -9.9697, -124.1757, -30.5069, 0.979002, 0.058938, -0.195146, 0.003391, -0.107866, 0.962070, -0.250571, -0.043478, 0.172976, 0.266359, 0.948226, 0.183830, 0.000000, 0.000000, 0.000000, 1.000000, 0.172976, 0.266359, 0.948226, 0.205830, -0.979002, -0.058938, 0.195146, -0.003391, 0.107866, -0.962070, 0.250571, 0.243552, 0.000000, 0.000000, 0.000000, 1.000000, -0.918257, 0.051442, 0.392629, -0.009970, 0.395613, 0.162115, 0.903996, -0.124176, -0.017148, 0.985430, -0.169214, -0.030507, 0.000000, 0.000000, 0.000000, 1.000000
28.4968, 3.3340, -43.4935, 183.8831, 205.8831, -3.3340, 243.5669, -10.1384, -124.1161, -30.5209, 0.979007, 0.059510, -0.194947, 0.003334, -0.107964, 0.962640, -0.248329, -0.043493, 0.172886, 0.264163, 0.948856, 0.183883, 0.000000, 0.000000, 0.000000, 1.000000, 0.172886, 0.264163, 0.948856, 0.205883, -0.979007, -0.059510, 0.194947, -0.003334, 0.107964, -0.962640, 0.248329, 0.243567, 0.000000, 0.000000, 0.000000, 1.000000, -0.917537, 0.050718, 0.394404, -0.010138, 0.397277, 0.159953, 0.903652, -0.124116, -0.017255, 0.985821, -0.166912, -0.030521, 0.000000, 0.000000, 0.000000, 1.000000
28.6005, 3.2571, -43.4890, 183.9324, 205.9324, -3.2571, 243.5624, -10.2767, -124.0677, -30.5172, 0.979456, 0.059619, -0.192646, 0.003257, -0.107809, 0.962128, -0.250374, -0.043489, 0.170423, 0.265999, 0.948789, 0.183932, 0.000000, 0.000000, 0.000000, 1.000000, 0.170423, 0.265999, 0.948789, 0.205932, -0.979456, -0.059619, 0.192646, -0.003257, 0.107809, -0.962128, 0.250374, 0.243562, 0.000000, 0.000000, 0.000000, 1.000000, -0.917813, 0.051300, 0.393685, -0.010277, 0.396636, 0.161721, 0.903619, -0.124068, -0.017311, 0.985502, -0.168777, -0.030517, 0.000000, 0.000000, 0.000000, 1.000000
28.6844, 3.1921, -43.4714, 183.8971, 205.8971, -3.1921, 243.5448, -10.4026, -124.1033, -30.5081, 0.978585, 0.058647, -0.197310, 0.003192, -0.108846, 0.961009, -0.254192, -0.043471, 0.174710, 0.270225, 0.946813, 0.183897, 0.000000, 0.000000, 0.000000, 1.000000, 0.174710, 0.270225, 0.946813, 0.205897, -0.978585, -0.058647, 0.197310, -0.003192, 0.108846, -0.961009, 0.254192, 0.243545, 0.000000, 0.000000, 0.000000, 1.000000, -0.915442, 0.053407, 0.398892, -0.010403, 0.402049, 0.165642, 0.900510, -0.124103, -0.017980, 0.984739, -0.173108, -0.030508, 0.000000, 0.000000, 0.000000, 1.000000
28.8009, 3.1266, -43.4452, 183.8232, 205.8232, -3.1266, 243.5187, -10.6072, -124.1712, -30.4943, 0.977235, 0.057892, -0.204108, 0.003127, -0.110283, 0.960475, -0.255590, -0.043445, 0.181244, 0.272281, 0.944994, 0.183823, 0.000000, 0.000000, 0.000000, 1.000000, 0.181244, 0.272281, 0.944994, 0.205823, -0.977235, -0.057892, 0.204108, -0.003127, 0.110283, -0.960475, 0.255590, 0.243519, 0.000000, 0.000000, 0.000000, 1.000000, -0.911852, 0.054931, 0.406826, -0.010607, 0.410085, 0.167411, 0.896551, -0.124171, -0.018859, 0.984356, -0.175181, -0.030494, 0.000000, 0.000000, 0.000000, 1.000000
28.9024, 3.0466, -43.4608, 183.8750, 205.8750, -3.0466, 243.5342, -10.7381, -124.1187, -30.5106, 0.977537, 0.059194, -0.202281, 0.003047, -0.110169, 0.961704, -0.250974, -0.043461, 0.179678, 0.267622, 0.946623, 0.183875, 0.000000, 0.000000, 0.000000, 1.000000, 0.179678, 0.267622, 0.946623, 0.205875, -0.977537, -0.059194, 0.202281, -0.003047, 0.110169, -0.961704, 0.250974, 0.243534, 0.000000, 0.000000, 0.000000, 1.000000, -0.911781, 0.052926, 0.407252, -0.010738, 0.410242, 0.162968, 0.897297, -0.124119, -0.018879, 0.985211, -0.170303, -0.030511, 0.000000, 0.000000, 0.000000, 1.000000
28.9898, 3.0005, -43.4579, 183.8173, 205.8173, -3.0005, 243.5313, -10.8964, -124.1689, -30.5168, 0.975738, 0.059637, -0.210663, 0.003001, -0.112239, 0.962386, -0.247419, -0.043458, 0.187983, 0.265061, 0.945730, 0.183817, 0.000000, 0.000000, 0.000000, 1.000000, 0.187983, 0.265061, 0.945730, 0.205817, -0.975738, -0.059637, 0.210663, -0.003001, 0.112239, -0.962386, 0.247419, 0.243531, 0.000000, 0.000000, 0.000000, 1.000000, -0.907539, 0.052170, 0.416715, -0.010896, 0.419480, 0.160437, 0.893474, -0.124169, -0.020244, 0.985666, -0.167487, -0.030517, 0.000000, 0.000000, 0.000000, 1.000000
29.0936, 2.9526, -43.4488, 183.8684, 205.8684, -2.9526, 243.5222, -11.0620, -124.1117, -30.5063, 0.975149, 0.058810, -0.213601, 0.002953, -0.112686, 0.961759, -0.249644, -0.043449, 0.190751, 0.267509, 0.944486, 0.183868, 0.000000, 0.000000, 0.000000, 1.000000, 0.190751, 0.267509, 0.944486, 0.205868, -0.975149, -0.058810, 0.213601, -0.002953, 0.112686, -0.961759, 0.249644, 0.243522, 0.000000, 0.000000, 0.000000, 1.000000, -0.905567, 0.053817, 0.420775, -0.011062, 0.423709, 0.162586, 0.891087, -0.124112, -0.020457, 0.985226, -0.170036, -0.030506, 0.000000, 0.000000, 0.000000, 1.000000
29.1977, 2.8742, -43.4642, 183.8973, 205.8973, -2.8742, 243.5377, -11.2054, -124.0801, -30.5246, 0.975668, 0.058327, -0.211353, 0.002874, -0.111887, 0.961454, -0.251173, -0.043464, 0.188556, 0.268709, 0.944586, 0.183897, 0.000000, 0.000000, 0.000000, 1.000000, 0.188556, 0.268709, 0.944586, 0.205897, -0.975668, -0.058327, 0.211353, -0.002874, 0.111887, -0.961454, 0.251173, 0.243538, 0.000000, 0.000000, 0.000000, 1.000000, -0.905788, 0.054855, 0.420165, -0.011205, 0.423266, 0.163568, 0.891118, -0.124080, -0.019843, 0.985006, -0.171377, -0.030525, 0.000000, 0.000000, 0.000000, 1.000000
29.3098, 2.7683, -43.4652, 183.8590, 205.8590, -2.7683, 243.5387, -11.3548, -124.1199, -30.5373, 0.974915, 0.058960, -0.214625, 0.002768, -0.112712, 0.962274, -0.247638, -0.043465, 0.191927, 0.265617, 0.944781, 0.183859, 0.000000, 0.000000, 0.000000, 1.000000, 0.191927, 0.265617, 0.944781, 0.205859, -0.974915, -0.058960, 0.214625, -0.002768, 0.112712, -0.962274, 0.247638, 0.243539, 0.000000, 0.000000, 0.000000, 1.000000, -0.903451, 0.053851, 0.425296, -0.011355, 0.428207, 0.160532, 0.889308, -0.124120, -0.020384, 0.985561, -0.168092, -0.030537, 0.000000, 0.000000, 0.000000, 1.000000
29.4056, 2.7126, -43.4742, 183.8818, 205.8818, -2.7126, 243.5477, -11.5032, -124.0909, -30.5481, 0.974367, 0.059025, -0.217082, 0.002713, -0.113020, 0.962785, -0.245504, -0.043474, 0.194512, 0.263746, 0.944777, 0.183882, 0.000000, 0.000000, 0.000000, 1.000000, 0.194512, 0.263746, 0.944777, 0.205882, -0.974367, -0.059025, 0.217082, -0.002713, 0.113020, -0.962785, 0.245504, 0.243548, 0.000000, 0.000000, 0.000000, 1.000000, -0.901586, 0.053623, 0.429263, -0.011503, 0.432115, 0.158595, 0.887764, -0.124091, -0.020474, 0.985887, -0.166158, -0.030548, 0.000000, 0.000000, 0.000000, 1.000000
29.5119, 2.6595, -43.4851, 183.9083, 205.9083, -2.6595, 243.5586, -11.6761, -124.0552, -30.5602, 0.973463, 0.059164, -0.221064, 0.002659, -0.114207, 0.962705, -0.245265, -0.043485, 0.198309, 0.264004, 0.943915, 0.183908, 0.000000, 0.000000, 0.000000, 1.000000, 0.198309, 0.264004, 0.943915, 0.205908, -0.973463, -0.059164, 0.221064, -0.002659, 0.114207, -0.962705, 0.245265, 0.243559, 0.000000, 0.000000, 0.000000, 1.000000, -0.899030, 0.053843, 0.434565, -0.011676, 0.437367, 0.158786, 0.885154, -0.124055, -0.021343, 0.985844, -0.166302, -0.030560, 0.000000, 0.000000, 0.000000, 1.000000
29.6029, 2.5569, -43.4298, 183.8596, 205.8596, -2.5569, 243.5033, -11.7832, -124.1145, -30.5177, 0.971990, 0.057189, -0.227957, 0.002557, -0.115492, 0.960978, -0.251361, -0.043430, 0.204687, 0.270648, 0.940666, 0.183860, 0.000000, 0.000000, 0.000000, 1.000000, 0.204687, 0.270648, 0.940666, 0.205860, -0.971990, -0.057189, 0.227957, -0.002557, 0.115492, -0.960978, 0.251361, 0.243503, 0.000000, 0.000000, 0.000000, 1.000000, -0.895391, 0.057569, 0.441544, -0.011783, 0.444733, 0.164825, 0.880367, -0.124115, -0.022096, 0.984641, -0.173185, -0.030518, 0.000000, 0.000000, 0.000000, 1.000000
29.7101, 2.5095, -43.4119, 183.8354, 205.8354, -2.5095, 243.4853, -11.9747, -124.1291, -30.5059, 0.972278, 0.057335, -0.226687, 0.002509, -0.115269, 0.961013, -0.251332, -0.043412, 0.203439, 0.270495, 0.940981, 0.183835, 0.000000, 0.000000, 0.000000, 1.000000, 0.203439, 0.270495, 0.940981, 0.205835, -0.972278, -0.057335, 0.226687, -0.002509, 0.115269, -0.961013, 0.251332, 0.243485, 0.000000, 0.000000, 0.000000, 1.000000, -0.895136, 0.057699, 0.442043, -0.011975, 0.445250, 0.164601, 0.880147, -0.124129, -0.021977, 0.984671, -0.173031, -0.030506, 0.000000, 0.000000, 0.000000, 1.000000
29.8235, 2.4284, -43.4171, 183.8486, 205.8486, -2.4284, 243.4905, -12.1389, -124.1117, -30.5157, 0.971495, 0.059384, -0.229503, 0.002428, -0.116914, 0.962211, -0.245927, -0.043417, 0.206227, 0.265749, 0.941726, 0.183849, 0.000000, 0.000000, 0.000000, 1.000000, 0.206227, 0.265749, 0.941726, 0.205849, -0.971495, -0.059384, 0.229503, -0.002428, 0.116914, -0.962211, 0.245927, 0.243491, 0.000000, 0.000000, 0.000000, 1.000000, -0.892873, 0.054908, 0.446949, -0.012139, 0.449701, 0.160282, 0.878680, -0.124112, -0.023391, 0.985543, -0.167803, -0.030516, 0.000000, 0.000000, 0.000000, 1.000000
29.9008, 2.3744, -43.3802, 183.7947, 205.7947, -2.3744, 243.4536, -12.2661, -124.1647, -30.4885, 0.970115, 0.058717, -0.235434, 0.002374, -0.117764, 0.962278, -0.245260, -0.043380, 0.212152, 0.265656, 0.940435, 0.183795, 0.000000, 0.000000, 0.000000, 1.000000, 0.212152, 0.265656, 0.940435, 0.205795, -0.970115, -0.058717, 0.235434, -0.002374, 0.117764, -0.962278, 0.245260, 0.243454, 0.000000, 0.000000, 0.000000, 1.000000, -0.889475, 0.055749, 0.453571, -0.012266, 0.456367, 0.159946, 0.875298, -0.124165, -0.023750, 0.985550, -0.167710, -0.030489, 0.000000, 0.000000, 0.000000, 1.000000
29.9465, 2.3271, -43.3494, 183.7017, 205.7017, -2.3271, 243.4228, -12.3416, -124.2595, -30.4707, 0.968770, 0.058278, -0.241017, 0.002327, -0.119652, 0.961207, -0.248524, -0.043349, 0.217184, 0.269601, 0.938161, 0.183702, 0.000000, 0.000000, 0.000000, 1.000000, 0.217184, 0.269601, 0.938161, 0.205702, -0.968770, -0.058278, 0.241017, -0.002327, 0.119652, -0.961207, 0.248524, 0.243423, 0.000000, 0.000000, 0.000000, 1.000000, -0.886624, 0.057250, 0.458933, -0.012342, 0.461802, 0.163712, 0.871744, -0.124260, -0.025226, 0.984846, -0.171589, -0.030471, 0.000000, 0.000000, 0.000000, 1.000000
29.9698, 2.2376, -43.4064, 183.8597, 205.8597, -2.2376, 243.4798, -12.2682, -124.1180, -30.5182, 0.969707, 0.058622, -0.237134, 0.002238, -0.118123, 0.962261, -0.245154, -0.043406, 0.213814, 0.265738, 0.940036, 0.183860, 0.000000, 0.000000, 0.000000, 1.000000, 0.213814, 0.265738, 0.940036, 0.205860, -0.969707, -0.058622, 0.237134, -0.002238, 0.118123, -0.962261, 0.245154, 0.243480, 0.000000, 0.000000, 0.000000, 1.000000, -0.888125, 0.056053, 0.456171, -0.012268, 0.458976, 0.159936, 0.873934, -0.124118, -0.023972, 0.985535, -0.167770, -0.030518, 0.000000, 0.000000, 0.000000, 1.000000
29.9817, 2.2369, -43.4058, 183.8968, 205.8968, -2.2369, 243.4792, -12.2838, -124.0801, -30.5140, 0.969474, 0.058068, -0.238220, 0.002237, -0.117902, 0.962261, -0.245262, -0.043406, 0.214988, 0.265861, 0.939733, 0.183897, 0.000000, 0.000000, 0.000000, 1.000000, 0.214988, 0.265861, 0.939733, 0.205897, -0.969474, -0.058068, 0.238220, -0.002237, 0.117902, -0.962261, 0.245262, 0.243479, 0.000000, 0.000000, 0.000000, 1.000000, -0.887496, 0.056653, 0.457319, -0.012284, 0.460207, 0.159906, 0.873292, -0.124080, -0.023653, 0.985505, -0.167988, -0.030514, 0.000000, 0.000000, 0.000000, 1.000000
29.9892, 2.1821, -43.3981, 183.9336, 205.9336, -2.1821, 243.4716, -12.2373, -124.0575, -30.5068, 0.969742, 0.057924, -0.237159, 0.002182, -0.117989, 0.961656, -0.247581, -0.043398, 0.213725, 0.268072, 0.939393, 0.183934, 0.000000, 0.000000, 0.000000, 1.000000, 0.213725, 0.268072, 0.939393, 0.205934, -0.969742, -0.057924, 0.237159, -0.002182, 0.117989, -0.961656, 0.247581, 0.243472, 0.000000, 0.000000, 0.000000, 1.000000, -0.888021, 0.057347, 0.456213, -0.012237, 0.459184, 0.162059, 0.873434, -0.124057, -0.023845, 0.985113, -0.170245, -0.030507, 0.000000, 0.000000, 0.000000, 1.000000
29.9927, 2.1896, -43.4057, 183.9353, 205.9353, -2.1896, 243.4792, -12.2521, -124.0524, -30.5137, 0.970073, 0.058508, -0.235660, 0.002190, -0.118112, 0.961678, -0.247437, -0.043406, 0.212152, 0.267866, 0.939808, 0.183935, 0.000000, 0.000000, 0.000000, 1.000000, 0.212152, 0.267866, 0.939808, 0.205935, -0.970073, -0.058508, 0.235660, -0.002190, 0.118112, -0.961678, 0.247437, 0.243479, 0.000000, 0.000000, 0.000000, 1.000000, -0.888717, 0.056740, 0.454931, -0.012252, 0.457822, 0.161999, 0.874160, -0.124052, -0.024099, 0.985158, -0.169948, -0.030514, 0.000000, 0.000000, 0.000000, 1.000000
29.9953, 2.1781, -43.4075, 183.9625, 205.9625, -2.1781, 243.4810, -12.2398, -124.0283, -30.5136, 0.969825, 0.057900, -0.236825, 0.002178, -0.118028, 0.961473, -0.248273, -0.043408, 0.213326, 0.268733, 0.939295, 0.183963, 0.000000, 0.000000, 0.000000, 1.000000, 0.213326, 0.268733, 0.939295, 0.205963, -0.969825, -0.057900, 0.236825, -0.002178, 0.118028, -0.961473, 0.248273, 0.243481, 0.000000, 0.000000, 0.000000, 1.000000, -0.888155, 0.057546, 0.455926, -0.012240, 0.458921, 0.162704, 0.873452, -0.124028, -0.023918, 0.984995, -0.170915, -0.030514, 0.000000, 0.000000, 0.000000, 1.000000
29.9962, 2.1578, -43.4170, 183.9922, 205.9922, -2.1578, 243.4904, -12.2150, -124.0035, -30.5215, 0.970170, 0.058228, -0.235327, 0.002158, -0.117587, 0.961916, -0.246759, -0.043417, 0.211996, 0.267070, 0.940070, 0.183992, 0.000000, 0.000000, 0.000000, 1.000000, 0.211996, 0.267070, 0.940070, 0.205992, -0.970170, -0.058228, 0.235327, -0.002158, 0.117587, -0.961916, 0.246759, 0.243490, 0.000000, 0.000000, 0.000000, 1.000000, -0.888799, 0.056829, 0.454760, -0.012215, 0.457690, 0.161133, 0.874389, -0.124003, -0.023586, 0.985295, -0.169225, -0.030522, 0.000000, 0.000000, 0.000000, 1.000000
29.9962, 2.1643, -43.4345, 184.0764, 206.0764, -2.1643, 243.5080, -12.2008, -123.9189, -30.5302, 0.970684, 0.057978, -0.233262, 0.002164, -0.116873, 0.961872, -0.247273, -0.043435, 0.210032, 0.267286, 0.940449, 0.184076, 0.000000, 0.000000, 0.000000, 1.000000, 0.210032, 0.267286, 0.940449, 0.206076, -0.970684, -0.057978, 0.233262, -0.002164, 0.116873, -0.961872, 0.247273, 0.243508, 0.000000, 0.000000, 0.000000, 1.000000, -0.889761, 0.057124, 0.452838, -0.012201, 0.455845, 0.161284, 0.875324, -0.123919, -0.023033, 0.985253, -0.169544, -0.030530, 0.000000, 0.000000, 0.000000, 1.000000
29.9966, 2.1934, -43.3793, 183.8397, 205.8397, -2.1934, 243.4528, -12.2874, -124.1457, -30.4967, 0.968921, 0.057798, -0.240525, 0.002193, -0.119123, 0.961176, -0.248900, -0.043379, 0.216801, 0.269817, 0.938188, 0.183840, 0.000000, 0.000000, 0.000000, 1.000000, 0.216801, 0.269817, 0.938188, 0.205840, -0.968921, -0.057798, 0.240525, -0.002193, 0.119123, -0.961176, 0.248900, 0.243453, 0.000000, 0.000000, 0.000000, 1.000000, -0.886438, 0.057910, 0.459209, -0.012287, 0.462185, 0.163754, 0.871533, -0.124146, -0.024727, 0.984800, -0.171923, -0.030497, 0.000000, 0.000000, 0.000000, 1.000000
