# Joint_6_Angle(deg), Cam_X(mm), Cam_Y(mm), Cam_Z(mm), Torso_X(mm), Torso_Y(mm), Torso_Z(mm), EE_X(mm), EE_Y(mm), EE_Z(mm), T_cam2marker_flat(16), T_torso2marker_flat(16), T_ee2marker_flat(16)
0.0000, 42.6828, 0.2169, 260.5455, 282.5455, -42.6828, 199.8566, 35.3564, 101.8911, 31.4993, 0.912646, -0.039835, -0.406805, 0.042683, 0.088455, 0.990904, 0.101411, 0.000217, 0.399065, -0.128537, 0.907869, 0.260546, 0.000000, 0.000000, 0.000000, 1.000000, 0.399065, -0.128537, 0.907869, 0.282546, -0.912646, 0.039835, 0.406805, -0.042683, -0.088455, -0.990904, -0.101411, 0.199857, 0.000000, 0.000000, 0.000000, 1.000000, 0.999575, -0.025026, 0.014956, 0.035356, 0.016224, 0.051243, -0.998554, 0.101891, 0.024224, 0.998373, 0.051627, 0.031499, 0.000000, 0.000000, 0.000000, 1.000000
0.0004, 42.6912, 0.2175, 260.5566, 282.5566, -42.6912, 199.8560, 35.3695, 101.8843, 31.4988, 0.912804, -0.039906, -0.406444, 0.042691, 0.088549, 0.990879, 0.101579, 0.000217, 0.398683, -0.128712, 0.908012, 0.260557, 0.000000, 0.000000, 0.000000, 1.000000, 0.398683, -0.128712, 0.908012, 0.282557, -0.912804, 0.039906, 0.406444, -0.042691, -0.088549, -0.990879, -0.101579, 0.199856, 0.000000, 0.000000, 0.000000, 1.000000, 0.999566, -0.025165, 0.015347, 0.035369, 0.016624, 0.051374, -0.998541, 0.101884, 0.024340, 0.998362, 0.051770, 0.031499, 0.000000, 0.000000, 0.000000, 1.000000
0.0185, 42.6836, 0.2174, 260.5900, 282.5900, -42.6836, 199.8561, 35.4085, 101.8397, 31.4966, 0.912818, -0.039896, -0.406414, 0.042684, 0.088516, 0.990886, 0.101537, 0.000217, 0.398659, -0.128659, 0.908030, 0.260590, 0.000000, 0.000000, 0.000000, 1.000000, 0.398659, -0.128659, 0.908030, 0.282590, -0.912818, 0.039896, 0.406414, -0.042684, -0.088516, -0.990886, -0.101537, 0.199856, 0.000000, 0.000000, 0.000000, 1.000000, 0.999571, -0.025117, 0.015064, 0.035408, 0.016339, 0.051337, -0.998548, 0.101840, 0.024307, 0.998365, 0.051726, 0.031497, 0.000000, 0.000000, 0.000000, 1.000000
0.0896, 42.6878, 0.2202, 260.5589, 282.5589, -42.6878, 199.8532, 35.5261, 101.8255, 31.5015, 0.912760, -0.039979, -0.406535, 0.042688, 0.088507, 0.990914, 0.101270, 0.000220, 0.398793, -0.128417, 0.908005, 0.260559, 0.000000, 0.000000, 0.000000, 1.000000, 0.398793, -0.128417, 0.908005, 0.282559, -0.912760, 0.039979, 0.406535, -0.042688, -0.088507, -0.990914, -0.101270, 0.199853, 0.000000, 0.000000, 0.000000, 1.000000, 0.999593, -0.025027, 0.013686, 0.035526, 0.014952, 0.051112, -0.998581, 0.101825, 0.024292, 0.998379, 0.051466, 0.031502, 0.000000, 0.000000, 0.000000, 1.000000
0.2039, 42.6842, 0.2304, 260.6801, 282.6801, -42.6842, 199.8431, 35.7764, 101.6424, 31.5031, 0.913100, -0.039889, -0.405781, 0.042684, 0.088083, 0.991001, 0.100790, 0.000230, 0.398109, -0.127774, 0.908396, 0.260680, 0.000000, 0.000000, 0.000000, 1.000000, 0.398109, -0.127774, 0.908396, 0.282680, -0.913100, 0.039889, 0.405781, -0.042684, -0.088083, -0.991001, -0.100790, 0.199843, 0.000000, 0.000000, 0.000000, 1.000000, 0.999620, -0.024572, 0.012510, 0.035776, 0.013742, 0.050612, -0.998624, 0.101642, 0.023905, 0.998416, 0.050930, 0.031503, 0.000000, 0.000000, 0.000000, 1.000000
0.3177, 42.6142, 0.2214, 260.6273, 282.6273, -42.6142, 199.8520, 35.8923, 101.5905, 31.5007, 0.913383, -0.039725, -0.405159, 0.042614, 0.088032, 0.990954, 0.101295, 0.000221, 0.397470, -0.128188, 0.908617, 0.260627, 0.000000, 0.000000, 0.000000, 1.000000, 0.397470, -0.128188, 0.908617, 0.282627, -0.913383, 0.039725, 0.405159, -0.042614, -0.088032, -0.990954, -0.101295, 0.199852, 0.000000, 0.000000, 0.000000, 1.000000, 0.999637, -0.024495, 0.011215, 0.035892, 0.012456, 0.051107, -0.998615, 0.101591, 0.023888, 0.998393, 0.051394, 0.031501, 0.000000, 0.000000, 0.000000, 1.000000
0.4904, 42.5088, 0.2118, 260.5795, 282.5795, -42.5088, 199.8617, 36.0823, 101.4825, 31.4986, 0.914598, -0.039876, -0.402394, 0.042509, 0.088097, 0.990871, 0.102043, 0.000212, 0.394651, -0.128778, 0.909762, 0.260579, 0.000000, 0.000000, 0.000000, 1.000000, 0.394651, -0.128778, 0.909762, 0.282579, -0.914598, 0.039876, 0.402394, -0.042509, -0.088097, -0.990871, -0.102043, 0.199862, 0.000000, 0.000000, 0.000000, 1.000000, 0.999631, -0.024724, 0.011239, 0.036082, 0.012505, 0.051660, -0.998586, 0.101483, 0.024109, 0.998359, 0.051950, 0.031499, 0.000000, 0.000000, 0.000000, 1.000000
0.6227, 42.4073, 0.1881, 260.4717, 282.4717, -42.4073, 199.8853, 36.1787, 101.4568, 31.4867, 0.915374, -0.039929, -0.400620, 0.042407, 0.088153, 0.990802, 0.102669, 0.000188, 0.392836, -0.129297, 0.910474, 0.260472, 0.000000, 0.000000, 0.000000, 1.000000, 0.392836, -0.129297, 0.910474, 0.282472, -0.915374, 0.039929, 0.400620, -0.042407, -0.088153, -0.990802, -0.102669, 0.199885, 0.000000, 0.000000, 0.000000, 1.000000, 0.999632, -0.024868, 0.010880, 0.036179, 0.012166, 0.052171, -0.998564, 0.101457, 0.024265, 0.998328, 0.052454, 0.031487, 0.000000, 0.000000, 0.000000, 1.000000
0.7748, 42.2795, 0.1890, 260.5165, 282.5165, -42.2795, 199.8845, 36.3492, 101.2675, 31.4892, 0.916925, -0.039902, -0.397061, 0.042279, 0.087667, 0.990823, 0.102878, 0.000189, 0.389312, -0.129140, 0.912008, 0.260517, 0.000000, 0.000000, 0.000000, 1.000000, 0.389312, -0.129140, 0.912008, 0.282517, -0.916925, 0.039902, 0.397061, -0.042279, -0.087667, -0.990823, -0.102878, 0.199884, 0.000000, 0.000000, 0.000000, 1.000000, 0.999623, -0.024641, 0.012111, 0.036349, 0.013383, 0.052104, -0.998552, 0.101268, 0.023974, 0.998338, 0.052414, 0.031489, 0.000000, 0.000000, 0.000000, 1.000000
0.9413, 42.1433, 0.1818, 260.4098, 282.4098, -42.1433, 199.8916, 36.4758, 101.2043, 31.4950, 0.917100, -0.040098, -0.396636, 0.042143, 0.087410, 0.990944, 0.101929, 0.000182, 0.388957, -0.128149, 0.912299, 0.260410, 0.000000, 0.000000, 0.000000, 1.000000, 0.388957, -0.128149, 0.912299, 0.282410, -0.917100, 0.040098, 0.396636, -0.042143, -0.087410, -0.990944, -0.101929, 0.199892, 0.000000, 0.000000, 0.000000, 1.000000, 0.999659, -0.024263, 0.009652, 0.036476, 0.010884, 0.051184, -0.998630, 0.101204, 0.023736, 0.998394, 0.051431, 0.031495, 0.000000, 0.000000, 0.000000, 1.000000
1.0863, 42.0239, 0.1833, 260.3919, 282.3919, -42.0239, 199.8901, 36.6156, 101.0799, 31.5024, 0.918090, -0.040000, -0.394349, 0.042024, 0.086960, 0.990983, 0.101934, 0.000183, 0.386715, -0.127877, 0.913290, 0.260392, 0.000000, 0.000000, 0.000000, 1.000000, 0.386715, -0.127877, 0.913290, 0.282392, -0.918090, 0.040000, 0.394349, -0.042024, -0.086960, -0.990983, -0.101934, 0.199890, 0.000000, 0.000000, 0.000000, 1.000000, 0.999667, -0.023933, 0.009613, 0.036616, 0.010825, 0.051035, -0.998638, 0.101080, 0.023410, 0.998410, 0.051277, 0.031502, 0.000000, 0.000000, 0.000000, 1.000000
1.2103, 41.8903, 0.1689, 260.4526, 282.4526, -41.8903, 199.9045, 36.7348, 100.8923, 31.4889, 0.920097, -0.039989, -0.389644, 0.041890, 0.086491, 0.990962, 0.102536, 0.000169, 0.382022, -0.128044, 0.915240, 0.260453, 0.000000, 0.000000, 0.000000, 1.000000, 0.382022, -0.128044, 0.915240, 0.282453, -0.920097, 0.039989, 0.389644, -0.041890, -0.086491, -0.990962, -0.102536, 0.199905, 0.000000, 0.000000, 0.000000, 1.000000, 0.999636, -0.023880, 0.012572, 0.036735, 0.013783, 0.051244, -0.998591, 0.100892, 0.023202, 0.998401, 0.051555, 0.031489, 0.000000, 0.000000, 0.000000, 1.000000
1.3663, 41.7800, 0.1660, 260.4039, 282.4039, -41.7800, 199.9075, 36.8889, 100.7928, 31.4937, 0.920874, -0.040314, -0.387772, 0.041780, 0.086348, 0.991027, 0.102027, 0.000166, 0.380179, -0.127438, 0.916092, 0.260404, 0.000000, 0.000000, 0.000000, 1.000000, 0.380179, -0.127438, 0.916092, 0.282404, -0.920874, 0.040314, 0.387772, -0.041780, -0.086348, -0.991027, -0.102027, 0.199907, 0.000000, 0.000000, 0.000000, 1.000000, 0.999646, -0.023795, 0.011874, 0.036889, 0.013067, 0.050622, -0.998632, 0.100793, 0.023162, 0.998434, 0.050915, 0.031494, 0.000000, 0.000000, 0.000000, 1.000000
1.5262, 41.6360, 0.1420, 260.2717, 282.2717, -41.6360, 199.9315, 36.9847, 100.7551, 31.4848, 0.921679, -0.040644, -0.385819, 0.041636, 0.086534, 0.990980, 0.102325, 0.000142, 0.378180, -0.127697, 0.916882, 0.260272, 0.000000, 0.000000, 0.000000, 1.000000, 0.378180, -0.127697, 0.916882, 0.282272, -0.921679, 0.040644, 0.385819, -0.041636, -0.086534, -0.990980, -0.102325, 0.199931, 0.000000, 0.000000, 0.000000, 1.000000, 0.999648, -0.024061, 0.011206, 0.036985, 0.012418, 0.050798, -0.998632, 0.100755, 0.023459, 0.998419, 0.051079, 0.031485, 0.000000, 0.000000, 0.000000, 1.000000
1.6941, 41.4812, 0.1244, 260.1446, 282.1446, -41.4812, 199.9490, 37.0870, 100.7033, 31.4824, 0.922808, -0.040556, -0.383119, 0.041481, 0.086480, 0.990872, 0.103410, 0.000124, 0.375428, -0.128560, 0.917892, 0.260145, 0.000000, 0.000000, 0.000000, 1.000000, 0.375428, -0.128560, 0.917892, 0.282145, -0.922808, 0.040556, 0.383119, -0.041481, -0.086480, -0.990872, -0.103410, 0.199949, 0.000000, 0.000000, 0.000000, 1.000000, 0.999645, -0.024175, 0.011224, 0.037087, 0.012462, 0.051701, -0.998585, 0.100703, 0.023560, 0.998370, 0.051984, 0.031482, 0.000000, 0.000000, 0.000000, 1.000000
1.8347, 41.3639, 0.1075, 260.1255, 282.1255, -41.3639, 199.9660, 37.2177, 100.5846, 31.4714, 0.923436, -0.040088, -0.381653, 0.041364, 0.085802, 0.990920, 0.103520, 0.000107, 0.374038, -0.128341, 0.918490, 0.260126, 0.000000, 0.000000, 0.000000, 1.000000, 0.374038, -0.128341, 0.918490, 0.282126, -0.923436, 0.040088, 0.381653, -0.041364, -0.085802, -0.990920, -0.103520, 0.199966, 0.000000, 0.000000, 0.000000, 1.000000, 0.999669, -0.023529, 0.010360, 0.037218, 0.011566, 0.051738, -0.998594, 0.100585, 0.022960, 0.998383, 0.051993, 0.031471, 0.000000, 0.000000, 0.000000, 1.000000
1.9648, 41.2354, 0.0852, 260.0452, 282.0452, -41.2354, 199.9883, 37.2953, 100.5252, 31.4600, 0.924586, -0.040110, -0.378856, 0.041235, 0.085857, 0.990798, 0.104634, 0.000085, 0.371173, -0.129271, 0.919521, 0.260045, 0.000000, 0.000000, 0.000000, 1.000000, 0.371173, -0.129271, 0.919521, 0.282045, -0.924586, 0.040110, 0.378856, -0.041235, -0.085857, -0.990798, -0.104634, 0.199988, 0.000000, 0.000000, 0.000000, 1.000000, 0.999655, -0.023797, 0.011135, 0.037295, 0.012376, 0.052645, -0.998537, 0.100525, 0.023176, 0.998330, 0.052922, 0.031460, 0.000000, 0.000000, 0.000000, 1.000000
2.1138, 41.1304, 0.0881, 260.0911, 282.0911, -41.1304, 199.9854, 37.4775, 100.3449, 31.4636, 0.925373, -0.040213, -0.376919, 0.041130, 0.085349, 0.990927, 0.103821, 0.000088, 0.369324, -0.128243, 0.920409, 0.260091, 0.000000, 0.000000, 0.000000, 1.000000, 0.369324, -0.128243, 0.920409, 0.282091, -0.925373, 0.040213, 0.376919, -0.041130, -0.085349, -0.990927, -0.103821, 0.199985, 0.000000, 0.000000, 0.000000, 1.000000, 0.999671, -0.023354, 0.010613, 0.037477, 0.011810, 0.051714, -0.998592, 0.100345, 0.022772, 0.998389, 0.051973, 0.031464, 0.000000, 0.000000, 0.000000, 1.000000
2.2816, 40.9689, 0.0711, 260.0221, 282.0221, -40.9689, 200.0024, 37.5949, 100.2375, 31.4579, 0.926365, -0.040482, -0.374446, 0.040969, 0.085427, 0.990879, 0.104219, 0.000071, 0.366812, -0.128533, 0.921373, 0.260022, 0.000000, 0.000000, 0.000000, 1.000000, 0.366812, -0.128533, 0.921373, 0.282022, -0.926365, 0.040482, 0.374446, -0.040969, -0.085427, -0.990879, -0.104219, 0.200002, 0.000000, 0.000000, 0.000000, 1.000000, 0.999669, -0.023563, 0.010361, 0.037595, 0.011574, 0.051949, -0.998583, 0.100237, 0.022992, 0.998372, 0.052205, 0.031458, 0.000000, 0.000000, 0.000000, 1.000000
2.4205, 40.8482, 0.0670, 259.9732, 281.9732, -40.8482, 200.0065, 37.7075, 100.1455, 31.4620, 0.927285, -0.040247, -0.372187, 0.040848, 0.084702, 0.990978, 0.103871, 0.000067, 0.364648, -0.127843, 0.922327, 0.259973, 0.000000, 0.000000, 0.000000, 1.000000, 0.364648, -0.127843, 0.922327, 0.281973, -0.927285, 0.040247, 0.372187, -0.040848, -0.084702, -0.990978, -0.103871, 0.200006, 0.000000, 0.000000, 0.000000, 1.000000, 0.999683, -0.022954, 0.010366, 0.037708, 0.011536, 0.051453, -0.998609, 0.100145, 0.022388, 0.998412, 0.051701, 0.031462, 0.000000, 0.000000, 0.000000, 1.000000
2.6020, 40.7146, 0.0468, 259.8674, 281.8674, -40.7146, 200.0266, 37.8602, 100.0741, 31.4546, 0.928017, -0.040181, -0.370364, 0.040715, 0.084818, 0.990845, 0.105030, 0.000047, 0.362754, -0.128883, 0.922930, 0.259867, 0.000000, 0.000000, 0.000000, 1.000000, 0.362754, -0.128883, 0.922930, 0.281867, -0.928017, 0.040181, 0.370364, -0.040715, -0.084818, -0.990845, -0.105030, 0.200027, 0.000000, 0.000000, 0.000000, 1.000000, 0.999690, -0.023128, 0.009187, 0.037860, 0.010392, 0.052519, -0.998566, 0.100074, 0.022612, 0.998352, 0.052743, 0.031455, 0.000000, 0.000000, 0.000000, 1.000000
2.7532, 40.5635, 0.0458, 259.9006, 281.9006, -40.5635, 200.0276, 37.9963, 99.8865, 31.4571, 0.929632, -0.040481, -0.366260, 0.040563, 0.084275, 0.990960, 0.104379, 0.000046, 0.358723, -0.127901, 0.924640, 0.259901, 0.000000, 0.000000, 0.000000, 1.000000, 0.358723, -0.127901, 0.924640, 0.281901, -0.929632, 0.040481, 0.366260, -0.040563, -0.084275, -0.990960, -0.104379, 0.200028, 0.000000, 0.000000, 0.000000, 1.000000, 0.999678, -0.022894, 0.010949, 0.037996, 0.012118, 0.051552, -0.998597, 0.099886, 0.022298, 0.998408, 0.051813, 0.031457, 0.000000, 0.000000, 0.000000, 1.000000
2.9074, 40.4532, 0.0359, 259.8625, 281.8625, -40.4532, 200.0375, 38.1481, 99.7786, 31.4542, 0.930515, -0.040530, -0.364005, 0.040453, 0.083758, 0.991069, 0.103762, 0.000036, 0.356549, -0.127041, 0.925599, 0.259862, 0.000000, 0.000000, 0.000000, 1.000000, 0.356549, -0.127041, 0.925599, 0.281862, -0.930515, 0.040530, 0.364005, -0.040453, -0.083758, -0.991069, -0.103762, 0.200038, 0.000000, 0.000000, 0.000000, 1.000000, 0.999690, -0.022476, 0.010667, 0.038148, 0.011798, 0.050793, -0.998640, 0.099779, 0.021904, 0.998456, 0.051042, 0.031454, 0.000000, 0.000000, 0.000000, 1.000000
3.0612, 40.2909, 0.0074, 259.6505, 281.6505, -40.2909, 200.0661, 38.1857, 99.8139, 31.4473, 0.930849, -0.040048, -0.363202, 0.040291, 0.083715, 0.990911, 0.105293, 0.000007, 0.355685, -0.128418, 0.925742, 0.259650, 0.000000, 0.000000, 0.000000, 1.000000, 0.355685, -0.128418, 0.925742, 0.281650, -0.930849, 0.040048, 0.363202, -0.040291, -0.083715, -0.990911, -0.105293, 0.200066, 0.000000, 0.000000, 0.000000, 1.000000, 0.999709, -0.022407, 0.008879, 0.038186, 0.010042, 0.052317, -0.998580, 0.099814, 0.021911, 0.998379, 0.052527, 0.031447, 0.000000, 0.000000, 0.000000, 1.000000
3.1882, 40.1487, 0.0028, 259.6407, 281.6407, -40.1487, 200.0707, 38.2709, 99.6861, 31.4489, 0.932489, -0.039811, -0.358999, 0.040149, 0.083210, 0.990851, 0.106256, 0.000003, 0.351484, -0.128955, 0.927270, 0.259641, 0.000000, 0.000000, 0.000000, 1.000000, 0.351484, -0.128955, 0.927270, 0.281641, -0.932489, 0.039811, 0.358999, -0.040149, -0.083210, -0.990851, -0.106256, 0.200071, 0.000000, 0.000000, 0.000000, 1.000000, 0.999689, -0.022271, 0.011188, 0.038271, 0.012355, 0.052955, -0.998520, 0.099686, 0.021645, 0.998349, 0.053214, 0.031449, 0.000000, 0.000000, 0.000000, 1.000000
3.3113, 40.0301, -0.0132, 259.4882, 281.4882, -40.0301, 200.0867, 38.3183, 99.7028, 31.4485, 0.932880, -0.040141, -0.357943, 0.040030, 0.083396, 0.990838, 0.106234, -0.000013, 0.350399, -0.128955, 0.927681, 0.259488, 0.000000, 0.000000, 0.000000, 1.000000, 0.350399, -0.128955, 0.927681, 0.281488, -0.932880, 0.040141, 0.357943, -0.040030, -0.083396, -0.990838, -0.106234, 0.200087, 0.000000, 0.000000, 0.000000, 1.000000, 0.999696, -0.022465, 0.010173, 0.038318, 0.011350, 0.052883, -0.998536, 0.099703, 0.021894, 0.998348, 0.053122, 0.031448, 0.000000, 0.000000, 0.000000, 1.000000
3.4871, 39.8947, -0.0130, 259.5398, 281.5398, -39.8947, 200.0865, 38.5165, 99.4876, 31.4502, 0.933800, -0.040370, -0.355511, 0.039895, 0.082799, 0.991025, 0.104949, -0.000013, 0.348084, -0.127438, 0.928761, 0.259540, 0.000000, 0.000000, 0.000000, 1.000000, 0.348084, -0.127438, 0.928761, 0.281540, -0.933800, 0.040370, 0.355511, -0.039895, -0.082799, -0.991025, -0.104949, 0.200087, 0.000000, 0.000000, 0.000000, 1.000000, 0.999712, -0.021958, 0.009683, 0.038516, 0.010802, 0.051447, -0.998617, 0.099488, 0.021430, 0.998434, 0.051670, 0.031450, 0.000000, 0.000000, 0.000000, 1.000000
3.6097, 39.7606, -0.0340, 259.4915, 281.4915, -39.7606, 200.1074, 38.5858, 99.4026, 31.4380, 0.934588, -0.040385, -0.353431, 0.039761, 0.082562, 0.991031, 0.105078, -0.000034, 0.346018, -0.127385, 0.929540, 0.259491, 0.000000, 0.000000, 0.000000, 1.000000, 0.346018, -0.127385, 0.929540, 0.281491, -0.934588, 0.040385, 0.353431, -0.039761, -0.082562, -0.991031, -0.105078, 0.200107, 0.000000, 0.000000, 0.000000, 1.000000, 0.999714, -0.021843, 0.009770, 0.038586, 0.010884, 0.051439, -0.998617, 0.099403, 0.021310, 0.998437, 0.051662, 0.031438, 0.000000, 0.000000, 0.000000, 1.000000
3.7674, 39.6375, -0.0267, 259.4519, 281.4519, -39.6375, 200.1002, 38.7310, 99.2884, 31.4528, 0.935585, -0.039846, -0.350847, 0.039638, 0.082087, 0.990934, 0.106357, -0.000027, 0.343429, -0.128306, 0.930373, 0.259452, 0.000000, 0.000000, 0.000000, 1.000000, 0.343429, -0.128306, 0.930373, 0.281452, -0.935585, 0.039846, 0.350847, -0.039638, -0.082087, -0.990934, -0.106357, 0.200100, 0.000000, 0.000000, 0.000000, 1.000000, 0.999720, -0.021531, 0.009806, 0.038731, 0.010926, 0.052556, -0.998558, 0.099288, 0.020985, 0.998386, 0.052777, 0.031453, 0.000000, 0.000000, 0.000000, 1.000000
3.9160, 39.5147, -0.0507, 259.4348, 281.4348, -39.5147, 200.1241, 38.8660, 99.1612, 31.4349, 0.936421, -0.040530, -0.348530, 0.039515, 0.082209, 0.991001, 0.105634, -0.000051, 0.341112, -0.127570, 0.931326, 0.259435, 0.000000, 0.000000, 0.000000, 1.000000, 0.341112, -0.127570, 0.931326, 0.281435, -0.936421, 0.040530, 0.348530, -0.039515, -0.082209, -0.991001, -0.105634, 0.200124, 0.000000, 0.000000, 0.000000, 1.000000, 0.999716, -0.021770, 0.009672, 0.038866, 0.010787, 0.051678, -0.998606, 0.099161, 0.021240, 0.998426, 0.051898, 0.031435, 0.000000, 0.000000, 0.000000, 1.000000
4.0852, 39.4104, -0.0314, 259.5341, 281.5341, -39.4104, 200.1049, 39.0971, 98.9153, 31.4510, 0.937851, -0.040568, -0.344660, 0.039410, 0.081810, 0.990999, 0.105967, -0.000031, 0.337259, -0.127578, 0.932727, 0.259534, 0.000000, 0.000000, 0.000000, 1.000000, 0.337259, -0.127578, 0.932727, 0.281534, -0.937851, 0.040568, 0.344660, -0.039410, -0.081810, -0.990999, -0.105967, 0.200105, 0.000000, 0.000000, 0.000000, 1.000000, 0.999707, -0.021655, 0.010851, 0.039097, 0.011960, 0.051736, -0.998589, 0.098915, 0.021063, 0.998426, 0.051980, 0.031451, 0.000000, 0.000000, 0.000000, 1.000000
4.2245, 39.2305, -0.0715, 259.3126, 281.3126, -39.2305, 200.1450, 39.0897, 98.9660, 31.4339, 0.938537, -0.040094, -0.342841, 0.039230, 0.081561, 0.990865, 0.107398, -0.000072, 0.335403, -0.128760, 0.933234, 0.259313, 0.000000, 0.000000, 0.000000, 1.000000, 0.335403, -0.128760, 0.933234, 0.281313, -0.938537, 0.040094, 0.342841, -0.039230, -0.081561, -0.990865, -0.107398, 0.200145, 0.000000, 0.000000, 0.000000, 1.000000, 0.999715, -0.021506, 0.010389, 0.039090, 0.011519, 0.053067, -0.998525, 0.098966, 0.020923, 0.998359, 0.053300, 0.031434, 0.000000, 0.000000, 0.000000, 1.000000
4.3800, 39.1084, -0.0777, 259.3319, 281.3319, -39.1084, 200.1511, 39.2502, 98.7992, 31.4311, 0.939467, -0.040020, -0.340293, 0.039108, 0.081001, 0.990945, 0.107084, -0.000078, 0.332926, -0.128166, 0.934202, 0.259332, 0.000000, 0.000000, 0.000000, 1.000000, 0.332926, -0.128166, 0.934202, 0.281332, -0.939467, 0.040020, 0.340293, -0.039108, -0.081001, -0.990945, -0.107084, 0.200151, 0.000000, 0.000000, 0.000000, 1.000000, 0.999724, -0.021082, 0.010379, 0.039250, 0.011476, 0.052591, -0.998550, 0.098799, 0.020506, 0.998394, 0.052818, 0.031431, 0.000000, 0.000000, 0.000000, 1.000000
4.5483, 38.9650, -0.0889, 259.2109, 281.2109, -38.9650, 200.1623, 39.3637, 98.7479, 31.4342, 0.939995, -0.040033, -0.338833, 0.038965, 0.080653, 0.991019, 0.106660, -0.000089, 0.331520, -0.127588, 0.934781, 0.259211, 0.000000, 0.000000, 0.000000, 1.000000, 0.331520, -0.127588, 0.934781, 0.281211, -0.939995, 0.040033, 0.338833, -0.038965, -0.080653, -0.991019, -0.106660, 0.200162, 0.000000, 0.000000, 0.000000, 1.000000, 0.999745, -0.020737, 0.008988, 0.039364, 0.010058, 0.052103, -0.998591, 0.098748, 0.020240, 0.998426, 0.052298, 0.031434, 0.000000, 0.000000, 0.000000, 1.000000
4.6753, 38.8108, -0.0963, 259.0901, 281.0901, -38.8108, 200.1697, 39.3962, 98.7211, 31.4415, 0.940940, -0.040377, -0.336157, 0.038811, 0.080558, 0.991049, 0.106451, -0.000096, 0.328850, -0.127244, 0.935771, 0.259090, 0.000000, 0.000000, 0.000000, 1.000000, 0.328850, -0.127244, 0.935771, 0.281090, -0.940940, 0.040377, 0.336157, -0.038811, -0.080558, -0.991049, -0.106451, 0.200170, 0.000000, 0.000000, 0.000000, 1.000000, 0.999737, -0.020826, 0.009608, 0.039396, 0.010675, 0.051706, -0.998605, 0.098721, 0.020300, 0.998445, 0.051915, 0.031441, 0.000000, 0.000000, 0.000000, 1.000000
4.8371, 38.6906, -0.1107, 259.1178, 281.1178, -38.6906, 200.1841, 39.5703, 98.5432, 31.4297, 0.941799, -0.039905, -0.333799, 0.038691, 0.079916, 0.991042, 0.107004, -0.000111, 0.326538, -0.127452, 0.936551, 0.259118, 0.000000, 0.000000, 0.000000, 1.000000, 0.326538, -0.127452, 0.936551, 0.281118, -0.941799, 0.039905, 0.333799, -0.038691, -0.079916, -0.991042, -0.107004, 0.200184, 0.000000, 0.000000, 0.000000, 1.000000, 0.999751, -0.020307, 0.009303, 0.039570, 0.010351, 0.052122, -0.998587, 0.098543, 0.019793, 0.998434, 0.052319, 0.031430, 0.000000, 0.000000, 0.000000, 1.000000
4.9742, 38.5526, -0.1209, 259.0213, 281.0213, -38.5526, 200.1943, 39.6432, 98.4927, 31.4318, 0.942376, -0.040180, -0.332134, 0.038553, 0.079946, 0.991046, 0.106941, -0.000121, 0.324864, -0.127332, 0.937150, 0.259021, 0.000000, 0.000000, 0.000000, 1.000000, 0.324864, -0.127332, 0.937150, 0.281021, -0.942376, 0.040180, 0.332134, -0.038553, -0.079946, -0.991046, -0.106941, 0.200194, 0.000000, 0.000000, 0.000000, 1.000000, 0.999754, -0.020400, 0.008675, 0.039643, 0.009725, 0.051963, -0.998602, 0.098493, 0.019921, 0.998441, 0.052149, 0.031432, 0.000000, 0.000000, 0.000000, 1.000000
5.1333, 38.4266, -0.1220, 259.0772, 281.0772, -38.4266, 200.1954, 39.8165, 98.2875, 31.4316, 0.943688, -0.040596, -0.328337, 0.038427, 0.079320, 0.991260, 0.105414, -0.000122, 0.321187, -0.125522, 0.938660, 0.259077, 0.000000, 0.000000, 0.000000, 1.000000, 0.321187, -0.125522, 0.938660, 0.281077, -0.943688, 0.040596, 0.328337, -0.038427, -0.079320, -0.991260, -0.105414, 0.200195, 0.000000, 0.000000, 0.000000, 1.000000, 0.999750, -0.020032, 0.009886, 0.039817, 0.010881, 0.050167, -0.998682, 0.098287, 0.019510, 0.998540, 0.050372, 0.031432, 0.000000, 0.000000, 0.000000, 1.000000
5.2827, 38.2952, -0.1405, 258.9498, 280.9498, -38.2952, 200.2140, 39.9058, 98.2604, 31.4274, 0.944655, -0.040262, -0.325587, 0.038295, 0.079278, 0.991043, 0.107464, -0.000141, 0.318344, -0.127329, 0.939385, 0.258950, 0.000000, 0.000000, 0.000000, 1.000000, 0.318344, -0.127329, 0.939385, 0.280950, -0.944655, 0.040262, 0.325587, -0.038295, -0.079278, -0.991043, -0.107464, 0.200214, 0.000000, 0.000000, 0.000000, 1.000000, 0.999744, -0.020197, 0.010235, 0.039906, 0.011275, 0.052042, -0.998581, 0.098260, 0.019635, 0.998441, 0.052257, 0.031427, 0.000000, 0.000000, 0.000000, 1.000000
5.4400, 38.1718, -0.1453, 259.0094, 281.0094, -38.1718, 200.2188, 40.0783, 98.0536, 31.4230, 0.945526, -0.040032, -0.323076, 0.038172, 0.078434, 0.991190, 0.106731, -0.000145, 0.315957, -0.126257, 0.940335, 0.259009, 0.000000, 0.000000, 0.000000, 1.000000, 0.315957, -0.126257, 0.940335, 0.281009, -0.945526, 0.040032, 0.323076, -0.038172, -0.078434, -0.991190, -0.106731, 0.200219, 0.000000, 0.000000, 0.000000, 1.000000, 0.999759, -0.019476, 0.010128, 0.040078, 0.011113, 0.051156, -0.998629, 0.098054, 0.018931, 0.998501, 0.051360, 0.031423, 0.000000, 0.000000, 0.000000, 1.000000
5.5626, 38.0310, -0.1659, 258.9066, 280.9066, -38.0310, 200.2394, 40.1205, 98.0194, 31.4153, 0.946168, -0.039881, -0.321209, 0.038031, 0.078274, 0.991118, 0.107512, -0.000166, 0.314069, -0.126867, 0.940886, 0.258907, 0.000000, 0.000000, 0.000000, 1.000000, 0.314069, -0.126867, 0.940886, 0.280907, -0.946168, 0.039881, 0.321209, -0.038031, -0.078274, -0.991118, -0.107512, 0.200239, 0.000000, 0.000000, 0.000000, 1.000000, 0.999761, -0.019427, 0.009978, 0.040121, 0.010973, 0.051826, -0.998596, 0.098019, 0.018883, 0.998467, 0.052027, 0.031415, 0.000000, 0.000000, 0.000000, 1.000000
5.7204, 37.8911, -0.1653, 258.9392, 280.9392, -37.8911, 200.2387, 40.2686, 97.8321, 31.4190, 0.947214, -0.039920, -0.318106, 0.037891, 0.077785, 0.991187, 0.107231, -0.000165, 0.311022, -0.126315, 0.941971, 0.258939, 0.000000, 0.000000, 0.000000, 1.000000, 0.311022, -0.126315, 0.941971, 0.280939, -0.947214, 0.039920, 0.318106, -0.037891, -0.077785, -0.991187, -0.107231, 0.200239, 0.000000, 0.000000, 0.000000, 1.000000, 0.999762, -0.019139, 0.010493, 0.040269, 0.011464, 0.051342, -0.998615, 0.097832, 0.018574, 0.998498, 0.051550, 0.031419, 0.000000, 0.000000, 0.000000, 1.000000
5.8891, 37.7673, -0.1842, 258.9205, 280.9205, -37.7673, 200.2577, 40.4325, 97.6917, 31.4063, 0.947790, -0.039797, -0.316402, 0.037767, 0.077401, 0.991222, 0.107182, -0.000184, 0.309359, -0.126076, 0.942551, 0.258921, 0.000000, 0.000000, 0.000000, 1.000000, 0.309359, -0.126076, 0.942551, 0.280921, -0.947790, 0.039797, 0.316402, -0.037767, -0.077401, -0.991222, -0.107182, 0.200258, 0.000000, 0.000000, 0.000000, 1.000000, 0.999780, -0.018793, 0.009346, 0.040432, 0.010298, 0.051211, -0.998635, 0.097692, 0.018289, 0.998511, 0.051393, 0.031406, 0.000000, 0.000000, 0.000000, 1.000000
6.0179, 37.6286, -0.1887, 258.7873, 280.7873, -37.6286, 200.2621, 40.4780, 97.6822, 31.4168, 0.948503, -0.039653, -0.314277, 0.037629, 0.077210, 0.991152, 0.107968, -0.000189, 0.307215, -0.126674, 0.943172, 0.258787, 0.000000, 0.000000, 0.000000, 1.000000, 0.307215, -0.126674, 0.943172, 0.280787, -0.948503, 0.039653, 0.314277, -0.037629, -0.077210, -0.991152, -0.107968, 0.200262, 0.000000, 0.000000, 0.000000, 1.000000, 0.999781, -0.018736, 0.009357, 0.040478, 0.010318, 0.051868, -0.998601, 0.097682, 0.018224, 0.998478, 0.052050, 0.031417, 0.000000, 0.000000, 0.000000, 1.000000
6.1835, 37.4982, -0.2018, 258.8808, 280.8808, -37.4982, 200.2753, 40.6655, 97.4354, 31.4020, 0.949518, -0.040227, -0.311122, 0.037498, 0.077140, 0.991234, 0.107262, -0.000202, 0.304080, -0.125848, 0.944298, 0.258881, 0.000000, 0.000000, 0.000000, 1.000000, 0.304080, -0.125848, 0.944298, 0.280881, -0.949518, 0.040227, 0.311122, -0.037498, -0.077140, -0.991234, -0.107262, 0.200275, 0.000000, 0.000000, 0.000000, 1.000000, 0.999774, -0.018864, 0.009771, 0.040666, 0.010721, 0.050953, -0.998644, 0.097435, 0.018341, 0.998523, 0.051143, 0.031402, 0.000000, 0.000000, 0.000000, 1.000000
6.3325, 37.3504, -0.2184, 258.7880, 280.7880, -37.3504, 200.2918, 40.7486, 97.3713, 31.3979, 0.950664, -0.040409, -0.307580, 0.037350, 0.077031, 0.991176, 0.107868, -0.000218, 0.300507, -0.126240, 0.945388, 0.258788, 0.000000, 0.000000, 0.000000, 1.000000, 0.300507, -0.126240, 0.945388, 0.280788, -0.950664, 0.040409, 0.307580, -0.037350, -0.077031, -0.991176, -0.107868, 0.200292, 0.000000, 0.000000, 0.000000, 1.000000, 0.999759, -0.019030, 0.010908, 0.040749, 0.011873, 0.051319, -0.998612, 0.097371, 0.018444, 0.998501, 0.051532, 0.031398, 0.000000, 0.000000, 0.000000, 1.000000
6.4969, 37.2237, -0.2195, 258.7596, 280.7596, -37.2237, 200.2929, 40.8987, 97.2413, 31.4038, 0.951091, -0.039654, -0.306355, 0.037224, 0.076146, 0.991220, 0.108100, -0.000219, 0.299378, -0.126141, 0.945760, 0.258760, 0.000000, 0.000000, 0.000000, 1.000000, 0.299378, -0.126141, 0.945760, 0.280760, -0.951091, 0.039654, 0.306355, -0.037224, -0.076146, -0.991220, -0.108100, 0.200293, 0.000000, 0.000000, 0.000000, 1.000000, 0.999792, -0.018133, 0.009336, 0.040899, 0.010259, 0.051513, -0.998620, 0.097241, 0.017627, 0.998508, 0.051689, 0.031404, 0.000000, 0.000000, 0.000000, 1.000000
6.6388, 37.0730, -0.2420, 258.6442, 280.6442, -37.0730, 200.3155, 40.9595, 97.2035, 31.3954, 0.951970, -0.039894, -0.303580, 0.037073, 0.076102, 0.991191, 0.108388, -0.000242, 0.296582, -0.126285, 0.946621, 0.258644, 0.000000, 0.000000, 0.000000, 1.000000, 0.296582, -0.126285, 0.946621, 0.280644, -0.951970, 0.039894, 0.303580, -0.037073, -0.076102, -0.991191, -0.108388, 0.200315, 0.000000, 0.000000, 0.000000, 1.000000, 0.999785, -0.018280, 0.009779, 0.040959, 0.010711, 0.051622, -0.998609, 0.097203, 0.017749, 0.998499, 0.051807, 0.031395, 0.000000, 0.000000, 0.000000, 1.000000
6.8045, 36.9432, -0.2391, 258.6942, 280.6942, -36.9432, 200.3126, 41.1324, 96.9970, 31.3997, 0.952860, -0.039873, -0.300780, 0.036943, 0.075488, 0.991310, 0.107729, -0.000239, 0.293871, -0.125356, 0.947590, 0.258694, 0.000000, 0.000000, 0.000000, 1.000000, 0.293871, -0.125356, 0.947590, 0.280694, -0.952860, 0.039873, 0.300780, -0.036943, -0.075488, -0.991310, -0.107729, 0.200313, 0.000000, 0.000000, 0.000000, 1.000000, 0.999793, -0.017820, 0.009809, 0.041132, 0.010703, 0.050792, -0.998652, 0.096997, 0.017298, 0.998550, 0.050973, 0.031400, 0.000000, 0.000000, 0.000000, 1.000000
6.9267, 36.8178, -0.2555, 258.5938, 280.5938, -36.8178, 200.3290, 41.1885, 96.9669, 31.3954, 0.953362, -0.039878, -0.299185, 0.036818, 0.075241, 0.991340, 0.107626, -0.000256, 0.292302, -0.125118, 0.948106, 0.258594, 0.000000, 0.000000, 0.000000, 1.000000, 0.292302, -0.125118, 0.948106, 0.280594, -0.953362, 0.039878, 0.299185, -0.036818, -0.075241, -0.991340, -0.107626, 0.200329, 0.000000, 0.000000, 0.000000, 1.000000, 0.999801, -0.017641, 0.009348, 0.041188, 0.010230, 0.050601, -0.998667, 0.096967, 0.017145, 0.998563, 0.050771, 0.031395, 0.000000, 0.000000, 0.000000, 1.000000
7.0840, 36.6615, -0.2737, 258.5903, 280.5903, -36.6615, 200.3472, 41.3037, 96.8104, 31.3836, 0.954482, -0.040030, -0.295571, 0.036662, 0.075105, 0.991279, 0.108284, -0.000274, 0.288659, -0.125554, 0.949164, 0.258590, 0.000000, 0.000000, 0.000000, 1.000000, 0.288659, -0.125554, 0.949164, 0.280590, -0.954482, 0.040030, 0.295571, -0.036662, -0.075105, -0.991279, -0.108284, 0.200347, 0.000000, 0.000000, 0.000000, 1.000000, 0.999788, -0.017783, 0.010401, 0.041304, 0.011297, 0.051021, -0.998634, 0.096810, 0.017228, 0.998539, 0.051211, 0.031384, 0.000000, 0.000000, 0.000000, 1.000000
7.2426, 36.5203, -0.2815, 258.5279, 280.5279, -36.5203, 200.3550, 41.4180, 96.7130, 31.3857, 0.955099, -0.039920, -0.293585, 0.036520, 0.075025, 0.991173, 0.109300, -0.000282, 0.286631, -0.126418, 0.949664, 0.258528, 0.000000, 0.000000, 0.000000, 1.000000, 0.286631, -0.126418, 0.949664, 0.280528, -0.955099, 0.039920, 0.293585, -0.036520, -0.075025, -0.991173, -0.109300, 0.200355, 0.000000, 0.000000, 0.000000, 1.000000, 0.999794, -0.017800, 0.009737, 0.041418, 0.010650, 0.051932, -0.998594, 0.096713, 0.017269, 0.998492, 0.052111, 0.031386, 0.000000, 0.000000, 0.000000, 1.000000
7.3639, 36.4088, -0.2872, 258.5040, 280.5040, -36.4088, 200.3607, 41.5089, 96.6147, 31.3861, 0.955840, -0.040365, -0.291104, 0.036409, 0.074867, 0.991287, 0.108372, -0.000287, 0.284193, -0.125380, 0.950534, 0.258504, 0.000000, 0.000000, 0.000000, 1.000000, 0.284193, -0.125380, 0.950534, 0.280504, -0.955840, 0.040365, 0.291104, -0.036409, -0.074867, -0.991287, -0.108372, 0.200361, 0.000000, 0.000000, 0.000000, 1.000000, 0.999790, -0.017800, 0.010193, 0.041509, 0.011086, 0.050841, -0.998645, 0.096615, 0.017258, 0.998548, 0.051027, 0.031386, 0.000000, 0.000000, 0.000000, 1.000000
7.5322, 36.2883, -0.3053, 258.5246, 280.5246, -36.2883, 200.3787, 41.6825, 96.4381, 31.3713, 0.956838, -0.039863, -0.287876, 0.036288, 0.074467, 0.991108, 0.110272, -0.000305, 0.280920, -0.126950, 0.951298, 0.258525, 0.000000, 0.000000, 0.000000, 1.000000, 0.280920, -0.126950, 0.951298, 0.280525, -0.956838, 0.039863, 0.287876, -0.036288, -0.074467, -0.991108, -0.110272, 0.200379, 0.000000, 0.000000, 0.000000, 1.000000, 0.999787, -0.017642, 0.010674, 0.041683, 0.011588, 0.052548, -0.998551, 0.096438, 0.017056, 0.998463, 0.052742, 0.031371, 0.000000, 0.000000, 0.000000, 1.000000
7.6926, 36.1410, -0.3210, 258.3979, 280.3979, -36.1410, 200.3945, 41.7740, 96.3995, 31.3703, 0.957117, -0.039830, -0.286949, 0.036141, 0.074170, 0.991181, 0.109812, -0.000321, 0.280044, -0.126386, 0.951631, 0.258398, 0.000000, 0.000000, 0.000000, 1.000000, 0.280044, -0.126386, 0.951631, 0.280398, -0.957117, 0.039830, 0.286949, -0.036141, -0.074170, -0.991181, -0.109812, 0.200394, 0.000000, 0.000000, 0.000000, 1.000000, 0.999811, -0.017296, 0.008834, 0.041774, 0.009724, 0.052065, -0.998596, 0.096400, 0.016812, 0.998494, 0.052223, 0.031370, 0.000000, 0.000000, 0.000000, 1.000000
7.8500, 35.9914, -0.3296, 258.4488, 280.4488, -35.9914, 200.4031, 41.9097, 96.1928, 31.3639, 0.958259, -0.040172, -0.283065, 0.035991, 0.074025, 0.991179, 0.109932, -0.000330, 0.276152, -0.126298, 0.952780, 0.258449, 0.000000, 0.000000, 0.000000, 1.000000, 0.276152, -0.126298, 0.952780, 0.280449, -0.958259, 0.040172, 0.283065, -0.035991, -0.074025, -0.991179, -0.109932, 0.200403, 0.000000, 0.000000, 0.000000, 1.000000, 0.999796, -0.017454, 0.010142, 0.041910, 0.011036, 0.051929, -0.998590, 0.096193, 0.016903, 0.998498, 0.052111, 0.031364, 0.000000, 0.000000, 0.000000, 1.000000
7.9774, 35.8624, -0.3446, 258.3288, 280.3288, -35.8624, 200.4181, 41.9649, 96.1775, 31.3626, 0.958479, -0.039664, -0.282392, 0.035862, 0.073224, 0.991308, 0.109297, -0.000345, 0.275603, -0.125437, 0.953052, 0.258329, 0.000000, 0.000000, 0.000000, 1.000000, 0.275603, -0.125437, 0.953052, 0.280329, -0.958479, 0.039664, 0.282392, -0.035862, -0.073224, -0.991308, -0.109297, 0.200418, 0.000000, 0.000000, 0.000000, 1.000000, 0.999825, -0.016600, 0.008606, 0.041965, 0.009447, 0.051284, -0.998639, 0.096178, 0.016136, 0.998546, 0.051432, 0.031363, 0.000000, 0.000000, 0.000000, 1.000000
8.1541, 35.7145, -0.3572, 258.3848, 280.3848, -35.7145, 200.4307, 42.1348, 95.9526, 31.3517, 0.959568, -0.040022, -0.278616, 0.035714, 0.073190, 0.991269, 0.109680, -0.000357, 0.271794, -0.125637, 0.954119, 0.258385, 0.000000, 0.000000, 0.000000, 1.000000, 0.271794, -0.125637, 0.954119, 0.280385, -0.959568, 0.040022, 0.278616, -0.035714, -0.073190, -0.991269, -0.109680, 0.200431, 0.000000, 0.000000, 0.000000, 1.000000, 0.999813, -0.016842, 0.009466, 0.042135, 0.010321, 0.051427, -0.998623, 0.095953, 0.016332, 0.998535, 0.051591, 0.031352, 0.000000, 0.000000, 0.000000, 1.000000
8.3105, 35.5667, -0.3696, 258.2708, 280.2708, -35.5667, 200.4431, 42.2224, 95.9051, 31.3533, 0.960309, -0.039799, -0.276086, 0.035567, 0.072806, 0.991222, 0.110354, -0.000370, 0.269271, -0.126075, 0.954777, 0.258271, 0.000000, 0.000000, 0.000000, 1.000000, 0.269271, -0.126075, 0.954777, 0.280271, -0.960309, 0.039799, 0.276086, -0.035567, -0.072806, -0.991222, -0.110354, 0.200443, 0.000000, 0.000000, 0.000000, 1.000000, 0.999818, -0.016614, 0.009386, 0.042222, 0.010238, 0.051957, -0.998597, 0.095905, 0.016103, 0.998511, 0.052118, 0.031353, 0.000000, 0.000000, 0.000000, 1.000000
8.4437, 35.4540, -0.3738, 258.2722, 280.2722, -35.4540, 200.4472, 42.3372, 95.7740, 31.3534, 0.961080, -0.040196, -0.273331, 0.035454, 0.072802, 0.991238, 0.110213, -0.000374, 0.266506, -0.125823, 0.955585, 0.258272, 0.000000, 0.000000, 0.000000, 1.000000, 0.266506, -0.125823, 0.955585, 0.280272, -0.961080, 0.040196, 0.273331, -0.035454, -0.072802, -0.991238, -0.110213, 0.200447, 0.000000, 0.000000, 0.000000, 1.000000, 0.999810, -0.016803, 0.009924, 0.042337, 0.010780, 0.051642, -0.998608, 0.095774, 0.016267, 0.998524, 0.051813, 0.031353, 0.000000, 0.000000, 0.000000, 1.000000
8.6344, 35.3080, -0.3933, 258.2289, 280.2289, -35.3080, 200.4668, 42.5027, 95.6345, 31.3426, 0.962172, -0.040254, -0.269453, 0.035308, 0.072589, 0.991151, 0.111134, -0.000393, 0.262595, -0.126489, 0.956580, 0.258229, 0.000000, 0.000000, 0.000000, 1.000000, 0.262595, -0.126489, 0.956580, 0.280229, -0.962172, 0.040254, 0.269453, -0.035308, -0.072589, -0.991151, -0.111134, 0.200467, 0.000000, 0.000000, 0.000000, 1.000000, 0.999801, -0.016875, 0.010648, 0.042503, 0.011518, 0.052325, -0.998564, 0.095635, 0.016294, 0.998487, 0.052509, 0.031343, 0.000000, 0.000000, 0.000000, 1.000000
8.7482, 35.1824, -0.3960, 258.2194, 280.2194, -35.1824, 200.4695, 42.5691, 95.5245, 31.3455, 0.962152, -0.040205, -0.269531, 0.035182, 0.072304, 0.991271, 0.110241, -0.000396, 0.262746, -0.125557, 0.956661, 0.258219, 0.000000, 0.000000, 0.000000, 1.000000, 0.262746, -0.125557, 0.956661, 0.280219, -0.962152, 0.040205, 0.269531, -0.035182, -0.072304, -0.991271, -0.110241, 0.200469, 0.000000, 0.000000, 0.000000, 1.000000, 0.999828, -0.016462, 0.008561, 0.042569, 0.009398, 0.051471, -0.998630, 0.095525, 0.015999, 0.998539, 0.051617, 0.031345, 0.000000, 0.000000, 0.000000, 1.000000
8.8875, 35.0358, -0.4057, 258.1496, 280.1496, -35.0358, 200.4792, 42.6410, 95.4482, 31.3465, 0.963053, -0.040053, -0.266318, 0.035036, 0.071969, 0.991191, 0.111183, -0.000406, 0.259519, -0.126242, 0.957451, 0.258150, 0.000000, 0.000000, 0.000000, 1.000000, 0.259519, -0.126242, 0.957451, 0.280150, -0.963053, 0.040053, 0.266318, -0.035036, -0.071969, -0.991191, -0.111183, 0.200479, 0.000000, 0.000000, 0.000000, 1.000000, 0.999821, -0.016381, 0.009487, 0.042641, 0.010331, 0.052215, -0.998582, 0.095448, 0.015862, 0.998502, 0.052374, 0.031346, 0.000000, 0.000000, 0.000000, 1.000000
9.0461, 34.9069, -0.4117, 258.0795, 280.0795, -34.9069, 200.4852, 42.7620, 95.3625, 31.3505, 0.963521, -0.040031, -0.264621, 0.034907, 0.071629, 0.991252, 0.110859, -0.000412, 0.257868, -0.125769, 0.957959, 0.258079, 0.000000, 0.000000, 0.000000, 1.000000, 0.257868, -0.125769, 0.957959, 0.280079, -0.963521, 0.040031, 0.264621, -0.034907, -0.071629, -0.991252, -0.110859, 0.200485, 0.000000, 0.000000, 0.000000, 1.000000, 0.999835, -0.016085, 0.008473, 0.042762, 0.009296, 0.051808, -0.998614, 0.095363, 0.015624, 0.998528, 0.051949, 0.031351, 0.000000, 0.000000, 0.000000, 1.000000
9.1767, 34.7697, -0.4206, 258.1006, 280.1006, -34.7697, 200.4941, 42.8522, 95.2082, 31.3454, 0.964198, -0.040132, -0.262131, 0.034770, 0.071378, 0.991277, 0.110788, -0.000421, 0.255398, -0.125532, 0.958652, 0.258101, 0.000000, 0.000000, 0.000000, 1.000000, 0.255398, -0.125532, 0.958652, 0.280101, -0.964198, 0.040132, 0.262131, -0.034770, -0.071378, -0.991277, -0.110788, 0.200494, 0.000000, 0.000000, 0.000000, 1.000000, 0.999833, -0.016000, 0.008774, 0.042852, 0.009589, 0.051588, -0.998622, 0.095208, 0.015525, 0.998540, 0.051733, 0.031345, 0.000000, 0.000000, 0.000000, 1.000000
9.3362, 34.6234, -0.4314, 258.0582, 280.0582, -34.6234, 200.5048, 42.9644, 95.0910, 31.3434, 0.965262, -0.040013, -0.258202, 0.034623, 0.071032, 0.991173, 0.111943, -0.000431, 0.251443, -0.126395, 0.959584, 0.258058, 0.000000, 0.000000, 0.000000, 1.000000, 0.251443, -0.126395, 0.959584, 0.280058, -0.965262, 0.040013, 0.258202, -0.034623, -0.071032, -0.991173, -0.111943, 0.200505, 0.000000, 0.000000, 0.000000, 1.000000, 0.999822, -0.015975, 0.010088, 0.042964, 0.010914, 0.052500, -0.998561, 0.095091, 0.015422, 0.998493, 0.052665, 0.031343, 0.000000, 0.000000, 0.000000, 1.000000
9.4869, 34.5174, -0.4418, 258.0234, 280.0234, -34.5174, 200.5152, 43.1026, 94.9837, 31.3397, 0.965865, -0.040127, -0.255918, 0.034517, 0.070770, 0.991222, 0.111675, -0.000442, 0.249190, -0.125974, 0.960227, 0.258023, 0.000000, 0.000000, 0.000000, 1.000000, 0.249190, -0.125974, 0.960227, 0.280023, -0.965865, 0.040127, 0.255918, -0.034517, -0.070770, -0.991222, -0.111675, 0.200515, 0.000000, 0.000000, 0.000000, 1.000000, 0.999826, -0.015834, 0.009815, 0.043103, 0.010628, 0.052104, -0.998585, 0.094984, 0.015300, 0.998516, 0.052263, 0.031340, 0.000000, 0.000000, 0.000000, 1.000000
9.6324, 34.3545, -0.4614, 257.9406, 279.9406, -34.3545, 200.5348, 43.1640, 94.9124, 31.3324, 0.966369, -0.039892, -0.254047, 0.034354, 0.070586, 0.991099, 0.112873, -0.000461, 0.247283, -0.127009, 0.960583, 0.257941, 0.000000, 0.000000, 0.000000, 1.000000, 0.247283, -0.127009, 0.960583, 0.279941, -0.966369, 0.039892, 0.254047, -0.034354, -0.070586, -0.991099, -0.112873, 0.200535, 0.000000, 0.000000, 0.000000, 1.000000, 0.999833, -0.015749, 0.009243, 0.043164, 0.010069, 0.053210, -0.998533, 0.094912, 0.015234, 0.998459, 0.053360, 0.031332, 0.000000, 0.000000, 0.000000, 1.000000
9.8183, 34.2254, -0.4642, 257.9918, 279.9918, -34.2254, 200.5376, 43.3600, 94.6893, 31.3309, 0.966916, -0.040090, -0.251925, 0.034225, 0.070167, 0.991277, 0.111563, -0.000464, 0.245255, -0.125549, 0.961295, 0.257992, 0.000000, 0.000000, 0.000000, 1.000000, 0.245255, -0.125549, 0.961295, 0.279992, -0.966916, 0.040090, 0.251925, -0.034225, -0.070167, -0.991277, -0.111563, 0.200538, 0.000000, 0.000000, 0.000000, 1.000000, 0.999848, -0.015385, 0.008160, 0.043360, 0.008947, 0.051791, -0.998618, 0.094689, 0.014941, 0.998539, 0.051921, 0.031331, 0.000000, 0.000000, 0.000000, 1.000000
9.9492, 34.0671, -0.4756, 257.8796, 279.8796, -34.0671, 200.5491, 43.3944, 94.6584, 31.3336, 0.967641, -0.039857, -0.249164, 0.034067, 0.069901, 0.991142, 0.112921, -0.000476, 0.242456, -0.126684, 0.961856, 0.257880, 0.000000, 0.000000, 0.000000, 1.000000, 0.242456, -0.126684, 0.961856, 0.279880, -0.967641, 0.039857, 0.249164, -0.034067, -0.069901, -0.991142, -0.112921, 0.200549, 0.000000, 0.000000, 0.000000, 1.000000, 0.999844, -0.015335, 0.008762, 0.043394, 0.009564, 0.052989, -0.998549, 0.094658, 0.014849, 0.998477, 0.053127, 0.031334, 0.000000, 0.000000, 0.000000, 1.000000
10.0846, 33.9164, -0.4846, 257.8366, 279.8366, -33.9164, 200.5581, 43.4609, 94.5595, 31.3336, 0.968217, -0.040024, -0.246888, 0.033916, 0.069579, 0.991250, 0.112169, -0.000485, 0.240238, -0.125782, 0.962530, 0.257837, 0.000000, 0.000000, 0.000000, 1.000000, 0.240238, -0.125782, 0.962530, 0.279837, -0.968217, 0.040024, 0.246888, -0.033916, -0.069579, -0.991250, -0.112169, 0.200558, 0.000000, 0.000000, 0.000000, 1.000000, 0.999847, -0.015140, 0.008730, 0.043461, 0.009509, 0.052105, -0.998596, 0.094559, 0.014664, 0.998527, 0.052241, 0.031334, 0.000000, 0.000000, 0.000000, 1.000000
10.2454, 33.7995, -0.4888, 257.8172, 279.8172, -33.7995, 200.5622, 43.6082, 94.4267, 31.3354, 0.968621, -0.040115, -0.245283, 0.033800, 0.069272, 0.991356, 0.111424, -0.000489, 0.238693, -0.124919, 0.963027, 0.257817, 0.000000, 0.000000, 0.000000, 1.000000, 0.238693, -0.124919, 0.963027, 0.279817, -0.968621, 0.040115, 0.245283, -0.033800, -0.069272, -0.991356, -0.111424, 0.200562, 0.000000, 0.000000, 0.000000, 1.000000, 0.999861, -0.014862, 0.007561, 0.043608, 0.008314, 0.051284, -0.998649, 0.094427, 0.014454, 0.998574, 0.051401, 0.031335, 0.000000, 0.000000, 0.000000, 1.000000
10.3917, 33.6483, -0.5044, 257.7647, 279.7647, -33.6483, 200.5778, 43.6891, 94.3292, 31.3294, 0.969848, -0.040047, -0.240398, 0.033648, 0.069061, 0.991134, 0.113506, -0.000504, 0.233721, -0.126686, 0.964015, 0.257765, 0.000000, 0.000000, 0.000000, 1.000000, 0.233721, -0.126686, 0.964015, 0.279765, -0.969848, 0.040047, 0.240398, -0.033648, -0.069061, -0.991134, -0.113506, 0.200578, 0.000000, 0.000000, 0.000000, 1.000000, 0.999835, -0.015111, 0.010096, 0.043689, 0.010885, 0.053061, -0.998532, 0.094329, 0.014553, 0.998477, 0.053216, 0.031329, 0.000000, 0.000000, 0.000000, 1.000000
10.5407, 33.5321, -0.5210, 257.7101, 279.7101, -33.5321, 200.5945, 43.8075, 94.2405, 31.3212, 0.970113, -0.039745, -0.239375, 0.033532, 0.068482, 0.991238, 0.112953, -0.000521, 0.232789, -0.125970, 0.964334, 0.257710, 0.000000, 0.000000, 0.000000, 1.000000, 0.232789, -0.125970, 0.964334, 0.279710, -0.970113, 0.039745, 0.239375, -0.033532, -0.068482, -0.991238, -0.112953, 0.200594, 0.000000, 0.000000, 0.000000, 1.000000, 0.999858, -0.014501, 0.008537, 0.043808, 0.009287, 0.052476, -0.998579, 0.094240, 0.014033, 0.998517, 0.052603, 0.031321, 0.000000, 0.000000, 0.000000, 1.000000
10.6963, 33.3645, -0.5307, 257.6624, 279.6624, -33.3645, 200.6042, 43.8888, 94.1272, 31.3215, 0.970527, -0.039811, -0.237681, 0.033365, 0.068122, 0.991358, 0.112112, -0.000531, 0.231163, -0.124999, 0.964852, 0.257662, 0.000000, 0.000000, 0.000000, 1.000000, 0.231163, -0.124999, 0.964852, 0.279662, -0.970527, 0.039811, 0.237681, -0.033365, -0.068122, -0.991358, -0.112112, 0.200604, 0.000000, 0.000000, 0.000000, 1.000000, 0.999871, -0.014183, 0.007546, 0.043889, 0.008268, 0.051551, -0.998636, 0.094127, 0.013774, 0.998570, 0.051661, 0.031322, 0.000000, 0.000000, 0.000000, 1.000000
10.8290, 33.2523, -0.5358, 257.6640, 279.6640, -33.2523, 200.6092, 43.9980, 93.9970, 31.3207, 0.971098, -0.040037, -0.235298, 0.033252, 0.067836, 0.991473, 0.111263, -0.000536, 0.228837, -0.124009, 0.965534, 0.257664, 0.000000, 0.000000, 0.000000, 1.000000, 0.228837, -0.124009, 0.965534, 0.279664, -0.971098, 0.040037, 0.235298, -0.033252, -0.067836, -0.991473, -0.111263, 0.200609, 0.000000, 0.000000, 0.000000, 1.000000, 0.999872, -0.014041, 0.007660, 0.043998, 0.008361, 0.050563, -0.998686, 0.093997, 0.013635, 0.998622, 0.050674, 0.031321, 0.000000, 0.000000, 0.000000, 1.000000
10.9780, 33.1041, -0.5470, 257.5983, 279.5983, -33.1041, 200.6204, 44.0824, 93.9113, 31.3200, 0.971546, -0.039636, -0.233511, 0.033104, 0.067585, 0.991301, 0.112932, -0.000547, 0.227004, -0.125501, 0.965774, 0.257598, 0.000000, 0.000000, 0.000000, 1.000000, 0.227004, -0.125501, 0.965774, 0.279598, -0.971546, 0.039636, 0.233511, -0.033104, -0.067585, -0.991301, -0.112932, 0.200620, 0.000000, 0.000000, 0.000000, 1.000000, 0.999880, -0.013880, 0.006944, 0.044082, 0.007660, 0.052152, -0.998610, 0.093911, 0.013499, 0.998543, 0.052252, 0.031320, 0.000000, 0.000000, 0.000000, 1.000000
11.1388, 32.9634, -0.5532, 257.6121, 279.6121, -32.9634, 200.6267, 44.2121, 93.7410, 31.3182, 0.972293, -0.040230, -0.230277, 0.032963, 0.067456, 0.991461, 0.111605, -0.000553, 0.223820, -0.124046, 0.966704, 0.257612, 0.000000, 0.000000, 0.000000, 1.000000, 0.223820, -0.124046, 0.966704, 0.279612, -0.972293, 0.040230, 0.230277, -0.032963, -0.067456, -0.991461, -0.111605, 0.200627, 0.000000, 0.000000, 0.000000, 1.000000, 0.999875, -0.013964, 0.007426, 0.044212, 0.008124, 0.050630, -0.998684, 0.093741, 0.013569, 0.998620, 0.050737, 0.031318, 0.000000, 0.000000, 0.000000, 1.000000
11.2799, 32.8453, -0.5587, 257.5739, 279.5739, -32.8453, 200.6322, 44.3189, 93.6417, 31.3200, 0.972861, -0.040062, -0.227894, 0.032845, 0.067235, 0.991346, 0.112750, -0.000559, 0.221405, -0.125012, 0.967136, 0.257574, 0.000000, 0.000000, 0.000000, 1.000000, 0.221405, -0.125012, 0.967136, 0.279574, -0.972861, 0.040062, 0.227894, -0.032845, -0.067235, -0.991346, -0.112750, 0.200632, 0.000000, 0.000000, 0.000000, 1.000000, 0.999876, -0.013905, 0.007444, 0.044319, 0.008153, 0.051648, -0.998632, 0.093642, 0.013501, 0.998569, 0.051755, 0.031320, 0.000000, 0.000000, 0.000000, 1.000000
11.4376, 32.6929, -0.5817, 257.5079, 279.5079, -32.6929, 200.6552, 44.4121, 93.5496, 31.3077, 0.973817, -0.039741, -0.223832, 0.032693, 0.066774, 0.991173, 0.114532, -0.000582, 0.217305, -0.126480, 0.967875, 0.257508, 0.000000, 0.000000, 0.000000, 1.000000, 0.217305, -0.126480, 0.967875, 0.279508, -0.973817, 0.039741, 0.223832, -0.032693, -0.066774, -0.991173, -0.114532, 0.200655, 0.000000, 0.000000, 0.000000, 1.000000, 0.999865, -0.013793, 0.008908, 0.044412, 0.009630, 0.053196, -0.998538, 0.093550, 0.013299, 0.998489, 0.053322, 0.031308, 0.000000, 0.000000, 0.000000, 1.000000
11.6125, 32.5455, -0.5767, 257.5230, 279.5230, -32.5455, 200.6502, 44.5578, 93.3651, 31.3173, 0.973817, -0.039874, -0.223809, 0.032546, 0.066593, 0.991346, 0.113134, -0.000577, 0.217361, -0.125076, 0.968045, 0.257523, 0.000000, 0.000000, 0.000000, 1.000000, 0.217361, -0.125076, 0.968045, 0.279523, -0.973817, 0.039874, 0.223809, -0.032546, -0.066593, -0.991346, -0.113134, 0.200650, 0.000000, 0.000000, 0.000000, 1.000000, 0.999893, -0.013436, 0.005845, 0.044558, 0.006534, 0.051832, -0.998634, 0.093365, 0.013114, 0.998565, 0.051915, 0.031317, 0.000000, 0.000000, 0.000000, 1.000000
11.7620, 32.4050, -0.5896, 257.4697, 279.4697, -32.4050, 200.6630, 44.6517, 93.2695, 31.3138, 0.974677, -0.040026, -0.220008, 0.032405, 0.066516, 0.991212, 0.114345, -0.000590, 0.213498, -0.126083, 0.968773, 0.257470, 0.000000, 0.000000, 0.000000, 1.000000, 0.213498, -0.126083, 0.968773, 0.279470, -0.974677, 0.040026, 0.220008, -0.032405, -0.066516, -0.991212, -0.114345, 0.200663, 0.000000, 0.000000, 0.000000, 1.000000, 0.999881, -0.013680, 0.007168, 0.044652, 0.007881, 0.052821, -0.998573, 0.093270, 0.013281, 0.998510, 0.052922, 0.031314, 0.000000, 0.000000, 0.000000, 1.000000
11.8973, 32.2636, -0.5877, 257.4668, 279.4668, -32.2636, 200.6611, 44.7337, 93.1349, 31.3214, 0.975250, -0.040300, -0.217400, 0.032264, 0.066168, 0.991383, 0.113056, -0.000588, 0.210971, -0.124643, 0.969513, 0.257467, 0.000000, 0.000000, 0.000000, 1.000000, 0.210971, -0.124643, 0.969513, 0.279467, -0.975250, 0.040300, 0.217400, -0.032264, -0.066168, -0.991383, -0.113056, 0.200661, 0.000000, 0.000000, 0.000000, 1.000000, 0.999881, -0.013495, 0.007443, 0.044734, 0.008127, 0.051380, -0.998646, 0.093135, 0.013095, 0.998588, 0.051484, 0.031321, 0.000000, 0.000000, 0.000000, 1.000000
12.0678, 32.1251, -0.6071, 257.4107, 279.4107, -32.1251, 200.6806, 44.8624, 93.0267, 31.3114, 0.975713, -0.039842, -0.215398, 0.032125, 0.065558, 0.991362, 0.113596, -0.000607, 0.209012, -0.124959, 0.969897, 0.257411, 0.000000, 0.000000, 0.000000, 1.000000, 0.209012, -0.124959, 0.969897, 0.279411, -0.975713, 0.039842, 0.215398, -0.032125, -0.065558, -0.991362, -0.113596, 0.200681, 0.000000, 0.000000, 0.000000, 1.000000, 0.999895, -0.012965, 0.006534, 0.044862, 0.007198, 0.051830, -0.998630, 0.093027, 0.012609, 0.998572, 0.051917, 0.031311, 0.000000, 0.000000, 0.000000, 1.000000
12.2128, 31.9900, -0.6173, 257.4303, 279.4303, -31.9900, 200.6907, 44.9697, 92.8650, 31.3050, 0.976673, -0.040234, -0.210931, 0.031990, 0.065371, 0.991375, 0.113585, -0.000617, 0.204542, -0.124724, 0.970879, 0.257430, 0.000000, 0.000000, 0.000000, 1.000000, 0.204542, -0.124724, 0.970879, 0.279430, -0.976673, 0.040234, 0.210931, -0.031990, -0.065371, -0.991375, -0.113585, 0.200691, 0.000000, 0.000000, 0.000000, 1.000000, 0.999877, -0.013166, 0.008573, 0.044970, 0.009241, 0.051547, -0.998628, 0.092865, 0.012706, 0.998584, 0.051662, 0.031305, 0.000000, 0.000000, 0.000000, 1.000000
12.3614, 31.8850, -0.6129, 257.3821, 279.3821, -31.8850, 200.6864, 45.0978, 92.7723, 31.3169, 0.977119, -0.040002, -0.208897, 0.031885, 0.064911, 0.991383, 0.113785, -0.000613, 0.202545, -0.124741, 0.971296, 0.257382, 0.000000, 0.000000, 0.000000, 1.000000, 0.202545, -0.124741, 0.971296, 0.279382, -0.977119, 0.040002, 0.208897, -0.031885, -0.064911, -0.991383, -0.113785, 0.200686, 0.000000, 0.000000, 0.000000, 1.000000, 0.999885, -0.012809, 0.008068, 0.045098, 0.008720, 0.051648, -0.998627, 0.092772, 0.012374, 0.998583, 0.051753, 0.031317, 0.000000, 0.000000, 0.000000, 1.000000
12.4998, 31.7062, -0.6418, 257.3213, 279.3213, -31.7062, 200.7153, 45.1330, 92.6861, 31.2994, 0.977336, -0.039719, -0.207936, 0.031706, 0.064675, 0.991301, 0.114631, -0.000642, 0.201574, -0.125481, 0.971402, 0.257321, 0.000000, 0.000000, 0.000000, 1.000000, 0.201574, -0.125481, 0.971402, 0.279321, -0.977336, 0.039719, 0.207936, -0.031706, -0.064675, -0.991301, -0.114631, 0.200715, 0.000000, 0.000000, 0.000000, 1.000000, 0.999899, -0.012567, 0.006661, 0.045133, 0.007312, 0.052465, -0.998596, 0.092686, 0.012200, 0.998544, 0.052552, 0.031299, 0.000000, 0.000000, 0.000000, 1.000000
12.6483, 31.5943, -0.6397, 257.3482, 279.3482, -31.5943, 200.7132, 45.2695, 92.5189, 31.3038, 0.977882, -0.039900, -0.205317, 0.031594, 0.064438, 0.991360, 0.114254, -0.000640, 0.198984, -0.124957, 0.972004, 0.257348, 0.000000, 0.000000, 0.000000, 1.000000, 0.198984, -0.124957, 0.972004, 0.279348, -0.977882, 0.039900, 0.205317, -0.031594, -0.064438, -0.991360, -0.114254, 0.200713, 0.000000, 0.000000, 0.000000, 1.000000, 0.999899, -0.012496, 0.006736, 0.045269, 0.007376, 0.051945, -0.998623, 0.092519, 0.012129, 0.998572, 0.052032, 0.031304, 0.000000, 0.000000, 0.000000, 1.000000
12.7815, 31.4539, -0.6419, 257.4378, 279.4378, -31.4539, 200.7154, 45.3654, 92.2969, 31.3007, 0.978647, -0.040192, -0.201578, 0.031454, 0.064063, 0.991489, 0.113335, -0.000642, 0.195307, -0.123829, 0.972893, 0.257438, 0.000000, 0.000000, 0.000000, 1.000000, 0.195307, -0.123829, 0.972893, 0.279438, -0.978647, 0.040192, 0.201578, -0.031454, -0.064063, -0.991489, -0.113335, 0.200715, 0.000000, 0.000000, 0.000000, 1.000000, 0.999889, -0.012423, 0.008203, 0.045365, 0.008824, 0.050804, -0.998670, 0.092297, 0.011990, 0.998631, 0.050908, 0.031301, 0.000000, 0.000000, 0.000000, 1.000000
12.9309, 31.3192, -0.6446, 257.3412, 279.3412, -31.3192, 200.7180, 45.4545, 92.2452, 31.3102, 0.978816, -0.040100, -0.200775, 0.031319, 0.063946, 0.991452, 0.113731, -0.000645, 0.194498, -0.124160, 0.973013, 0.257341, 0.000000, 0.000000, 0.000000, 1.000000, 0.194498, -0.124160, 0.973013, 0.279341, -0.978816, 0.040100, 0.200775, -0.031319, -0.063946, -0.991452, -0.113731, 0.200718, 0.000000, 0.000000, 0.000000, 1.000000, 0.999904, -0.012270, 0.006429, 0.045455, 0.007049, 0.051181, -0.998665, 0.092245, 0.011924, 0.998614, 0.051262, 0.031310, 0.000000, 0.000000, 0.000000, 1.000000
13.1023, 31.1834, -0.6580, 257.3011, 279.3011, -31.1834, 200.7314, 45.5886, 92.1213, 31.3050, 0.979818, -0.039854, -0.195880, 0.031183, 0.063465, 0.991245, 0.115780, -0.000658, 0.189551, -0.125875, 0.973769, 0.257301, 0.000000, 0.000000, 0.000000, 1.000000, 0.189551, -0.125875, 0.973769, 0.279301, -0.979818, 0.039854, 0.195880, -0.031183, -0.063465, -0.991245, -0.115780, 0.200731, 0.000000, 0.000000, 0.000000, 1.000000, 0.999889, -0.012228, 0.008489, 0.045589, 0.009126, 0.052955, -0.998555, 0.092121, 0.011761, 0.998522, 0.053061, 0.031305, 0.000000, 0.000000, 0.000000, 1.000000
13.2390, 31.0438, -0.6590, 257.3797, 279.3797, -31.0438, 200.7324, 45.6871, 91.9076, 31.3037, 0.980388, -0.040368, -0.192897, 0.031044, 0.062943, 0.991670, 0.112375, -0.000659, 0.186753, -0.122312, 0.974763, 0.257380, 0.000000, 0.000000, 0.000000, 1.000000, 0.186753, -0.122312, 0.974763, 0.279380, -0.980388, 0.040368, 0.192897, -0.031044, -0.062943, -0.991670, -0.112375, 0.200732, 0.000000, 0.000000, 0.000000, 1.000000, 0.999888, -0.011881, 0.009046, 0.045687, 0.009623, 0.049372, -0.998734, 0.091908, 0.011420, 0.998710, 0.049480, 0.031304, 0.000000, 0.000000, 0.000000, 1.000000
13.4046, 30.8937, -0.6728, 257.2927, 279.2927, -30.8937, 200.7463, 45.7880, 91.8315, 31.3020, 0.980470, -0.039772, -0.192607, 0.030894, 0.062552, 0.991547, 0.113675, -0.000673, 0.186457, -0.123503, 0.974670, 0.257293, 0.000000, 0.000000, 0.000000, 1.000000, 0.186457, -0.123503, 0.974670, 0.279293, -0.980470, 0.039772, 0.192607, -0.030894, -0.062552, -0.991547, -0.113675, 0.200746, 0.000000, 0.000000, 0.000000, 1.000000, 0.999914, -0.011392, 0.006492, 0.045788, 0.007062, 0.050696, -0.998689, 0.091831, 0.011048, 0.998649, 0.050772, 0.031302, 0.000000, 0.000000, 0.000000, 1.000000
13.5729, 30.7357, -0.6818, 257.1933, 279.1933, -30.7357, 200.7552, 45.8832, 91.7637, 31.3063, 0.981051, -0.039739, -0.189629, 0.030736, 0.062343, 0.991434, 0.114766, -0.000682, 0.183444, -0.124413, 0.975126, 0.257193, 0.000000, 0.000000, 0.000000, 1.000000, 0.183444, -0.124413, 0.975126, 0.279193, -0.981051, 0.039739, 0.189629, -0.030736, -0.062343, -0.991434, -0.114766, 0.200755, 0.000000, 0.000000, 0.000000, 1.000000, 0.999913, -0.011391, 0.006621, 0.045883, 0.007201, 0.051633, -0.998640, 0.091764, 0.011034, 0.998601, 0.051711, 0.031306, 0.000000, 0.000000, 0.000000, 1.000000
13.6995, 30.5928, -0.6912, 257.2262, 279.2262, -30.5928, 200.7646, 45.9514, 91.6031, 31.3001, 0.981470, -0.039696, -0.187456, 0.030593, 0.061615, 0.991730, 0.112588, -0.000691, 0.181437, -0.122052, 0.975799, 0.257226, 0.000000, 0.000000, 0.000000, 1.000000, 0.181437, -0.122052, 0.975799, 0.279226, -0.981470, 0.039696, 0.187456, -0.030593, -0.061615, -0.991730, -0.112588, 0.200765, 0.000000, 0.000000, 0.000000, 1.000000, 0.999920, -0.010773, 0.006560, 0.045951, 0.007084, 0.049336, -0.998757, 0.091603, 0.010436, 0.998724, 0.049408, 0.031300, 0.000000, 0.000000, 0.000000, 1.000000
13.8691, 30.4569, -0.7161, 257.2065, 279.2065, -30.4569, 200.7896, 46.0841, 91.4618, 31.2819, 0.982092, -0.039614, -0.184193, 0.030457, 0.061365, 0.991592, 0.113928, -0.000716, 0.178131, -0.123191, 0.976265, 0.257206, 0.000000, 0.000000, 0.000000, 1.000000, 0.178131, -0.123191, 0.976265, 0.279206, -0.982092, 0.039614, 0.184193, -0.030457, -0.061365, -0.991592, -0.113928, 0.200790, 0.000000, 0.000000, 0.000000, 1.000000, 0.999918, -0.010766, 0.006961, 0.046084, 0.007496, 0.050508, -0.998696, 0.091462, 0.010400, 0.998666, 0.050584, 0.031282, 0.000000, 0.000000, 0.000000, 1.000000
14.0322, 30.3430, -0.7192, 257.2210, 279.2210, -30.3430, 200.7927, 46.2349, 91.2950, 31.2821, 0.982839, -0.040043, -0.180065, 0.030343, 0.061274, 0.991597, 0.113934, -0.000719, 0.173990, -0.123012, 0.977034, 0.257221, 0.000000, 0.000000, 0.000000, 1.000000, 0.173990, -0.123012, 0.977034, 0.279221, -0.982839, 0.040043, 0.180065, -0.030343, -0.061274, -0.991597, -0.113934, 0.200793, 0.000000, 0.000000, 0.000000, 1.000000, 0.999905, -0.011010, 0.008312, 0.046235, 0.008856, 0.050283, -0.998696, 0.091295, 0.010578, 0.998674, 0.050376, 0.031282, 0.000000, 0.000000, 0.000000, 1.000000
14.1618, 30.1853, -0.7251, 257.1732, 279.1732, -30.1853, 200.7985, 46.2774, 91.2083, 31.2859, 0.983069, -0.039807, -0.178862, 0.030185, 0.061045, 0.991505, 0.114850, -0.000725, 0.172770, -0.123824, 0.977148, 0.257173, 0.000000, 0.000000, 0.000000, 1.000000, 0.172770, -0.123824, 0.977148, 0.279173, -0.983069, 0.039807, 0.178862, -0.030185, -0.061045, -0.991505, -0.114850, 0.200799, 0.000000, 0.000000, 0.000000, 1.000000, 0.999915, -0.010816, 0.007302, 0.046277, 0.007847, 0.051153, -0.998660, 0.091208, 0.010428, 0.998632, 0.051233, 0.031286, 0.000000, 0.000000, 0.000000, 1.000000
14.3086, 30.0495, -0.7395, 257.2298, 279.2298, -30.0495, 200.8129, 46.3869, 91.0102, 31.2727, 0.983552, -0.039868, -0.176169, 0.030050, 0.060712, 0.991560, 0.114557, -0.000739, 0.170115, -0.123369, 0.977671, 0.257230, 0.000000, 0.000000, 0.000000, 1.000000, 0.170115, -0.123369, 0.977671, 0.279230, -0.983552, 0.039868, 0.176169, -0.030050, -0.060712, -0.991560, -0.114557, 0.200813, 0.000000, 0.000000, 0.000000, 1.000000, 0.999915, -0.010661, 0.007469, 0.046387, 0.008000, 0.050719, -0.998681, 0.091010, 0.010268, 0.998656, 0.050800, 0.031273, 0.000000, 0.000000, 0.000000, 1.000000
14.4505, 29.9057, -0.7429, 257.1533, 279.1533, -29.9057, 200.8163, 46.4572, 90.9445, 31.2803, 0.983878, -0.039955, -0.174323, 0.029906, 0.060613, 0.991533, 0.114837, -0.000743, 0.168259, -0.123552, 0.977969, 0.257153, 0.000000, 0.000000, 0.000000, 1.000000, 0.168259, -0.123552, 0.977969, 0.279153, -0.983878, 0.039955, 0.174323, -0.029906, -0.060613, -0.991533, -0.114837, 0.200816, 0.000000, 0.000000, 0.000000, 1.000000, 0.999920, -0.010654, 0.006875, 0.046457, 0.007409, 0.050912, -0.998676, 0.090944, 0.010290, 0.998646, 0.050986, 0.031280, 0.000000, 0.000000, 0.000000, 1.000000
14.5824, 29.7777, -0.7533, 257.1608, 279.1608, -29.7777, 200.8267, 46.5412, 90.8080, 31.2744, 0.984400, -0.039727, -0.171400, 0.029778, 0.060097, 0.991506, 0.115347, -0.000753, 0.165362, -0.123848, 0.978426, 0.257161, 0.000000, 0.000000, 0.000000, 1.000000, 0.165362, -0.123848, 0.978426, 0.279161, -0.984400, 0.039727, 0.171400, -0.029778, -0.060097, -0.991506, -0.115347, 0.200827, 0.000000, 0.000000, 0.000000, 1.000000, 0.999918, -0.010365, 0.007557, 0.046541, 0.008079, 0.051269, -0.998652, 0.090808, 0.009964, 0.998631, 0.051348, 0.031274, 0.000000, 0.000000, 0.000000, 1.000000
14.7432, 29.6384, -0.7688, 257.1259, 279.1259, -29.6384, 200.8423, 46.6521, 90.6880, 31.2668, 0.985005, -0.039760, -0.167883, 0.029638, 0.059798, 0.991443, 0.116042, -0.000769, 0.161833, -0.124341, 0.978953, 0.257126, 0.000000, 0.000000, 0.000000, 1.000000, 0.161833, -0.124341, 0.978953, 0.279126, -0.985005, 0.039760, 0.167883, -0.029638, -0.059798, -0.991443, -0.116042, 0.200842, 0.000000, 0.000000, 0.000000, 1.000000, 0.999912, -0.010342, 0.008340, 0.046652, 0.008865, 0.051780, -0.998619, 0.090688, 0.009896, 0.998605, 0.051867, 0.031267, 0.000000, 0.000000, 0.000000, 1.000000
14.9247, 29.5106, -0.7670, 257.1661, 279.1661, -29.5106, 200.8404, 46.8202, 90.4782, 31.2707, 0.985455, -0.040381, -0.165066, 0.029511, 0.059936, 0.991526, 0.115260, -0.000767, 0.159013, -0.123477, 0.979525, 0.257166, 0.000000, 0.000000, 0.000000, 1.000000, 0.159013, -0.123477, 0.979525, 0.279166, -0.985455, 0.040381, 0.165066, -0.029511, -0.059936, -0.991526, -0.115260, 0.200840, 0.000000, 0.000000, 0.000000, 1.000000, 0.999911, -0.010639, 0.008006, 0.046820, 0.008537, 0.050852, -0.998670, 0.090478, 0.010218, 0.998650, 0.050938, 0.031271, 0.000000, 0.000000, 0.000000, 1.000000
15.0530, 29.3531, -0.7880, 257.1107, 279.1107, -29.3531, 200.8614, 46.8573, 90.4023, 31.2598, 0.985603, -0.039843, -0.164312, 0.029353, 0.059162, 0.991670, 0.114410, -0.000788, 0.158385, -0.122484, 0.979751, 0.257111, 0.000000, 0.000000, 0.000000, 1.000000, 0.158385, -0.122484, 0.979751, 0.279111, -0.985603, 0.039843, 0.164312, -0.029353, -0.059162, -0.991670, -0.114410, 0.200861, 0.000000, 0.000000, 0.000000, 1.000000, 0.999931, -0.009824, 0.006507, 0.046857, 0.006990, 0.049981, -0.998726, 0.090402, 0.009486, 0.998702, 0.050046, 0.031260, 0.000000, 0.000000, 0.000000, 1.000000
15.2183, 29.1976, -0.7892, 257.0011, 279.0011, -29.1976, 200.8627, 46.9467, 90.3490, 31.2725, 0.985940, -0.039649, -0.162330, 0.029198, 0.059009, 0.991467, 0.116235, -0.000789, 0.156337, -0.124180, 0.979866, 0.257001, 0.000000, 0.000000, 0.000000, 1.000000, 0.156337, -0.124180, 0.979866, 0.279001, -0.985940, 0.039649, 0.162330, -0.029198, -0.059009, -0.991467, -0.116235, 0.200863, 0.000000, 0.000000, 0.000000, 1.000000, 0.999936, -0.009775, 0.005690, 0.046947, 0.006188, 0.051723, -0.998642, 0.090349, 0.009468, 0.998614, 0.051780, 0.031272, 0.000000, 0.000000, 0.000000, 1.000000
15.3576, 29.0619, -0.7975, 257.0224, 279.0224, -29.0619, 200.8710, 47.0355, 90.1919, 31.2679, 0.986508, -0.039842, -0.158791, 0.029062, 0.058657, 0.991559, 0.115626, -0.000798, 0.152844, -0.123380, 0.980518, 0.257022, 0.000000, 0.000000, 0.000000, 1.000000, 0.152844, -0.123380, 0.980518, 0.279022, -0.986508, 0.039842, 0.158791, -0.029062, -0.058657, -0.991559, -0.115626, 0.200871, 0.000000, 0.000000, 0.000000, 1.000000, 0.999930, -0.009707, 0.006825, 0.047036, 0.007311, 0.050921, -0.998676, 0.090192, 0.009346, 0.998655, 0.050989, 0.031268, 0.000000, 0.000000, 0.000000, 1.000000
15.5202, 28.9281, -0.8079, 256.9733, 278.9733, -28.9281, 200.8814, 47.1510, 90.0856, 31.2662, 0.986783, -0.039718, -0.157108, 0.028928, 0.058405, 0.991510, 0.116179, -0.000808, 0.151159, -0.123819, 0.980724, 0.256973, 0.000000, 0.000000, 0.000000, 1.000000, 0.151159, -0.123819, 0.980724, 0.278973, -0.986783, 0.039718, 0.157108, -0.028928, -0.058405, -0.991510, -0.116179, 0.200881, 0.000000, 0.000000, 0.000000, 1.000000, 0.999938, -0.009511, 0.005711, 0.047151, 0.006193, 0.051404, -0.998659, 0.090086, 0.009205, 0.998633, 0.051460, 0.031266, 0.000000, 0.000000, 0.000000, 1.000000
15.6450, 28.8020, -0.8095, 257.0208, 279.0208, -28.8020, 200.8830, 47.2300, 89.9159, 31.2661, 0.987260, -0.040243, -0.153943, 0.028802, 0.058306, 0.991690, 0.114683, -0.000809, 0.148049, -0.122198, 0.981402, 0.257021, 0.000000, 0.000000, 0.000000, 1.000000, 0.148049, -0.122198, 0.981402, 0.279021, -0.987260, 0.040243, 0.153943, -0.028802, -0.058306, -0.991690, -0.114683, 0.200883, 0.000000, 0.000000, 0.000000, 1.000000, 0.999931, -0.009656, 0.006689, 0.047230, 0.007161, 0.049733, -0.998737, 0.089916, 0.009311, 0.998716, 0.049799, 0.031266, 0.000000, 0.000000, 0.000000, 1.000000
15.8084, 28.6414, -0.8219, 256.9295, 278.9295, -28.6414, 200.8954, 47.3133, 89.8465, 31.2665, 0.987601, -0.039819, -0.151854, 0.028641, 0.057735, 0.991632, 0.115467, -0.000822, 0.145985, -0.122802, 0.981635, 0.256930, 0.000000, 0.000000, 0.000000, 1.000000, 0.145985, -0.122802, 0.981635, 0.278930, -0.987601, 0.039819, 0.151854, -0.028641, -0.057735, -0.991632, -0.115467, 0.200895, 0.000000, 0.000000, 0.000000, 1.000000, 0.999940, -0.009191, 0.005976, 0.047313, 0.006432, 0.050426, -0.998707, 0.089846, 0.008877, 0.998686, 0.050482, 0.031267, 0.000000, 0.000000, 0.000000, 1.000000
15.9561, 28.5087, -0.8189, 256.9658, 278.9658, -28.5087, 200.8924, 47.4192, 89.6679, 31.2720, 0.987988, -0.039846, -0.149303, 0.028509, 0.057540, 0.991566, 0.116128, -0.000819, 0.143417, -0.123324, 0.981949, 0.256966, 0.000000, 0.000000, 0.000000, 1.000000, 0.143417, -0.123324, 0.981949, 0.278966, -0.987988, 0.039846, 0.149303, -0.028509, -0.057540, -0.991566, -0.116128, 0.200892, 0.000000, 0.000000, 0.000000, 1.000000, 0.999940, -0.009170, 0.006000, 0.047419, 0.006460, 0.050964, -0.998680, 0.089668, 0.008852, 0.998658, 0.051020, 0.031272, 0.000000, 0.000000, 0.000000, 1.000000
16.0857, 28.3681, -0.8297, 256.9492, 278.9492, -28.3681, 200.9031, 47.4802, 89.5561, 31.2679, 0.988455, -0.040151, -0.146096, 0.028368, 0.057294, 0.991701, 0.115091, -0.000830, 0.140262, -0.122133, 0.982553, 0.256949, 0.000000, 0.000000, 0.000000, 1.000000, 0.140262, -0.122133, 0.982553, 0.278949, -0.988455, 0.040151, 0.146096, -0.028368, -0.057294, -0.991701, -0.115091, 0.200903, 0.000000, 0.000000, 0.000000, 1.000000, 0.999934, -0.009172, 0.006948, 0.047480, 0.007396, 0.049754, -0.998734, 0.089556, 0.008815, 0.998719, 0.049819, 0.031268, 0.000000, 0.000000, 0.000000, 1.000000
16.2448, 28.2366, -0.8442, 256.8833, 278.8833, -28.2366, 200.9177, 47.5884, 89.4705, 31.2633, 0.988616, -0.039491, -0.145186, 0.028237, 0.056642, 0.991637, 0.115961, -0.000844, 0.139393, -0.122865, 0.982585, 0.256883, 0.000000, 0.000000, 0.000000, 1.000000, 0.139393, -0.122865, 0.982585, 0.278883, -0.988616, 0.039491, 0.145186, -0.028237, -0.056642, -0.991637, -0.115961, 0.200918, 0.000000, 0.000000, 0.000000, 1.000000, 0.999951, -0.008492, 0.005120, 0.047588, 0.005544, 0.050604, -0.998703, 0.089470, 0.008221, 0.998683, 0.050649, 0.031263, 0.000000, 0.000000, 0.000000, 1.000000
16.3951, 28.0895, -0.8533, 256.8148, 278.8148, -28.0895, 200.9268, 47.6673, 89.3921, 31.2648, 0.989295, -0.039587, -0.140459, 0.028090, 0.056159, 0.991653, 0.116061, -0.000853, 0.134692, -0.122707, 0.983260, 0.256815, 0.000000, 0.000000, 0.000000, 1.000000, 0.134692, -0.122707, 0.983260, 0.278815, -0.989295, 0.039587, 0.140459, -0.028090, -0.056159, -0.991653, -0.116061, 0.200927, 0.000000, 0.000000, 0.000000, 1.000000, 0.999938, -0.008430, 0.007275, 0.047667, 0.007691, 0.050456, -0.998697, 0.089392, 0.008052, 0.998691, 0.050517, 0.031265, 0.000000, 0.000000, 0.000000, 1.000000
16.5467, 27.9709, -0.8401, 256.9221, 278.9221, -27.9709, 200.9136, 47.8020, 89.1418, 31.2748, 0.989472, -0.039938, -0.139102, 0.027971, 0.055948, 0.992000, 0.113162, -0.000840, 0.133469, -0.119753, 0.983791, 0.256922, 0.000000, 0.000000, 0.000000, 1.000000, 0.133469, -0.119753, 0.983791, 0.278922, -0.989472, 0.039938, 0.139102, -0.027971, -0.055948, -0.992000, -0.113162, 0.200914, 0.000000, 0.000000, 0.000000, 1.000000, 0.999949, -0.008212, 0.005909, 0.047802, 0.006292, 0.047487, -0.998852, 0.089142, 0.007922, 0.998838, 0.047537, 0.031275, 0.000000, 0.000000, 0.000000, 1.000000
16.7265, 27.8259, -0.8532, 256.9085, 278.9085, -27.8259, 200.9267, 47.9355, 88.9854, 31.2684, 0.989721, -0.039533, -0.137437, 0.027826, 0.055349, 0.992026, 0.113231, -0.000853, 0.131865, -0.119674, 0.984017, 0.256908, 0.000000, 0.000000, 0.000000, 1.000000, 0.131865, -0.119674, 0.984017, 0.278908, -0.989721, 0.039533, 0.137437, -0.027826, -0.055349, -0.992026, -0.113231, 0.200927, 0.000000, 0.000000, 0.000000, 1.000000, 0.999961, -0.007651, 0.004457, 0.047935, 0.004815, 0.047491, -0.998860, 0.088985, 0.007431, 0.998842, 0.047526, 0.031268, 0.000000, 0.000000, 0.000000, 1.000000
16.8460, 27.6650, -0.8568, 256.8826, 278.8826, -27.6650, 200.9302, 47.9582, 88.8888, 31.2729, 0.990174, -0.039400, -0.134178, 0.027665, 0.054944, 0.991939, 0.114183, -0.000857, 0.128598, -0.120433, 0.984357, 0.256883, 0.000000, 0.000000, 0.000000, 1.000000, 0.128598, -0.120433, 0.984357, 0.278883, -0.990174, 0.039400, 0.134178, -0.027665, -0.054944, -0.991939, -0.114183, 0.200930, 0.000000, 0.000000, 0.000000, 1.000000, 0.999955, -0.007527, 0.005690, 0.047958, 0.006047, 0.048280, -0.998816, 0.088889, 0.007244, 0.998805, 0.048324, 0.031273, 0.000000, 0.000000, 0.000000, 1.000000
17.0196, 27.5245, -0.8585, 256.9135, 278.9135, -27.5245, 200.9320, 48.0921, 88.6937, 31.2744, 0.990581, -0.039574, -0.131085, 0.027524, 0.054782, 0.991909, 0.114523, -0.000858, 0.125492, -0.120625, 0.984734, 0.256914, 0.000000, 0.000000, 0.000000, 1.000000, 0.125492, -0.120625, 0.984734, 0.278914, -0.990581, 0.039574, 0.131085, -0.027524, -0.054782, -0.991909, -0.114523, 0.200932, 0.000000, 0.000000, 0.000000, 1.000000, 0.999954, -0.007580, 0.005792, 0.048092, 0.006153, 0.048471, -0.998806, 0.088694, 0.007290, 0.998796, 0.048516, 0.031274, 0.000000, 0.000000, 0.000000, 1.000000
17.1694, 27.3731, -0.8672, 256.8842, 278.8842, -27.3731, 200.9406, 48.1698, 88.5771, 31.2737, 0.990990, -0.039755, -0.127899, 0.027373, 0.054646, 0.991848, 0.115114, -0.000867, 0.122280, -0.121066, 0.985084, 0.256884, 0.000000, 0.000000, 0.000000, 1.000000, 0.122280, -0.121066, 0.985084, 0.278884, -0.990990, 0.039755, 0.127899, -0.027373, -0.054646, -0.991848, -0.115114, 0.200941, 0.000000, 0.000000, 0.000000, 1.000000, 0.999950, -0.007692, 0.006409, 0.048170, 0.006777, 0.048907, -0.998780, 0.088577, 0.007369, 0.998774, 0.048957, 0.031274, 0.000000, 0.000000, 0.000000, 1.000000
17.3399, 27.2566, -0.8619, 256.9484, 278.9484, -27.2566, 200.9353, 48.3261, 88.3544, 31.2789, 0.991246, -0.039963, -0.125838, 0.027257, 0.054344, 0.992106, 0.113013, -0.000862, 0.120329, -0.118862, 0.985593, 0.256948, 0.000000, 0.000000, 0.000000, 1.000000, 0.120329, -0.118862, 0.985593, 0.278948, -0.991246, 0.039963, 0.125838, -0.027257, -0.054344, -0.992106, -0.113013, 0.200935, 0.000000, 0.000000, 0.000000, 1.000000, 0.999957, -0.007461, 0.005443, 0.048326, 0.005785, 0.046705, -0.998892, 0.088354, 0.007198, 0.998881, 0.046746, 0.031279, 0.000000, 0.000000, 0.000000, 1.000000
17.4749, 27.0789, -0.8843, 256.8460, 278.8460, -27.0789, 200.9578, 48.3441, 88.3206, 31.2707, 0.991772, -0.039633, -0.121724, 0.027079, 0.053939, 0.991715, 0.116582, -0.000884, 0.116095, -0.122188, 0.985694, 0.256846, 0.000000, 0.000000, 0.000000, 1.000000, 0.116095, -0.122188, 0.985694, 0.278846, -0.991772, 0.039633, 0.121724, -0.027079, -0.053939, -0.991715, -0.116582, 0.200958, 0.000000, 0.000000, 0.000000, 1.000000, 0.999945, -0.007456, 0.007351, 0.048344, 0.007715, 0.050082, -0.998715, 0.088321, 0.007078, 0.998717, 0.050137, 0.031271, 0.000000, 0.000000, 0.000000, 1.000000
17.6449, 26.9641, -0.8743, 256.8886, 278.8886, -26.9641, 200.9477, 48.4979, 88.1195, 31.2821, 0.991885, -0.039753, -0.120766, 0.026964, 0.053598, 0.992074, 0.113651, -0.000874, 0.115291, -0.119202, 0.986154, 0.256889, 0.000000, 0.000000, 0.000000, 1.000000, 0.115291, -0.119202, 0.986154, 0.278889, -0.991885, 0.039753, 0.120766, -0.026964, -0.053598, -0.992074, -0.113651, 0.200948, 0.000000, 0.000000, 0.000000, 1.000000, 0.999961, -0.007047, 0.005253, 0.048498, 0.005579, 0.047109, -0.998874, 0.088120, 0.006791, 0.998865, 0.047146, 0.031282, 0.000000, 0.000000, 0.000000, 1.000000
17.7732, 26.8119, -0.8901, 256.8349, 278.8349, -26.8119, 200.9636, 48.5370, 88.0464, 31.2761, 0.992304, -0.039759, -0.117268, 0.026812, 0.053208, 0.992069, 0.113881, -0.000890, 0.111810, -0.119245, 0.986549, 0.256835, 0.000000, 0.000000, 0.000000, 1.000000, 0.111810, -0.119245, 0.986549, 0.278835, -0.992304, 0.039759, 0.117268, -0.026812, -0.053208, -0.992069, -0.113881, 0.200964, 0.000000, 0.000000, 0.000000, 1.000000, 0.999954, -0.006953, 0.006543, 0.048537, 0.006864, 0.047166, -0.998863, 0.088046, 0.006637, 0.998863, 0.047212, 0.031276, 0.000000, 0.000000, 0.000000, 1.000000
17.9029, 26.6882, -0.9047, 256.7688, 278.7688, -26.6882, 200.9781, 48.6050, 87.9880, 31.2711, 0.992430, -0.039087, -0.116424, 0.026688, 0.052627, 0.991901, 0.115595, -0.000905, 0.110963, -0.120847, 0.986450, 0.256769, 0.000000, 0.000000, 0.000000, 1.000000, 0.110963, -0.120847, 0.986450, 0.278769, -0.992430, 0.039087, 0.116424, -0.026688, -0.052627, -0.991901, -0.115595, 0.200978, 0.000000, 0.000000, 0.000000, 1.000000, 0.999966, -0.006374, 0.005189, 0.048605, 0.005494, 0.048861, -0.998790, 0.087988, 0.006113, 0.998785, 0.048895, 0.031271, 0.000000, 0.000000, 0.000000, 1.000000
18.0545, 26.5308, -0.8973, 256.8249, 278.8249, -26.5308, 200.9707, 48.6882, 87.7845, 31.2805, 0.992880, -0.039863, -0.112249, 0.026531, 0.052730, 0.992070, 0.114094, -0.000897, 0.106811, -0.119200, 0.987108, 0.256825, 0.000000, 0.000000, 0.000000, 1.000000, 0.106811, -0.119200, 0.987108, 0.278825, -0.992880, 0.039863, 0.112249, -0.026531, -0.052730, -0.992070, -0.114094, 0.200971, 0.000000, 0.000000, 0.000000, 1.000000, 0.999954, -0.006820, 0.006694, 0.048688, 0.007008, 0.047144, -0.998864, 0.087784, 0.006496, 0.998865, 0.047189, 0.031281, 0.000000, 0.000000, 0.000000, 1.000000
18.2149, 26.4075, -0.9157, 256.7646, 278.7646, -26.4075, 200.9891, 48.8038, 87.6948, 31.2713, 0.992886, -0.039285, -0.112399, 0.026408, 0.052197, 0.992069, 0.114347, -0.000916, 0.107015, -0.119401, 0.987062, 0.256765, 0.000000, 0.000000, 0.000000, 1.000000, 0.107015, -0.119401, 0.987062, 0.278765, -0.992886, 0.039285, 0.112399, -0.026408, -0.052197, -0.992069, -0.114347, 0.200989, 0.000000, 0.000000, 0.000000, 1.000000, 0.999974, -0.006136, 0.003756, 0.048804, 0.004043, 0.047427, -0.998867, 0.087695, 0.005951, 0.998856, 0.047451, 0.031271, 0.000000, 0.000000, 0.000000, 1.000000
18.3494, 26.2672, -0.9126, 256.8225, 278.8225, -26.2672, 200.9861, 48.8766, 87.5066, 31.2756, 0.993249, -0.039582, -0.109041, 0.026267, 0.051996, 0.992181, 0.113459, -0.000913, 0.103698, -0.118362, 0.987541, 0.256823, 0.000000, 0.000000, 0.000000, 1.000000, 0.103698, -0.118362, 0.987541, 0.278823, -0.993249, 0.039582, 0.109041, -0.026267, -0.051996, -0.992181, -0.113459, 0.200986, 0.000000, 0.000000, 0.000000, 1.000000, 0.999969, -0.006201, 0.004757, 0.048877, 0.005039, 0.046371, -0.998912, 0.087507, 0.005974, 0.998905, 0.046401, 0.031276, 0.000000, 0.000000, 0.000000, 1.000000
18.5190, 26.1142, -0.9270, 256.7409, 278.7409, -26.1142, 201.0005, 48.9742, 87.4267, 31.2730, 0.993557, -0.039378, -0.106272, 0.026114, 0.051686, 0.991943, 0.115662, -0.000927, 0.100862, -0.120409, 0.987587, 0.256741, 0.000000, 0.000000, 0.000000, 1.000000, 0.100862, -0.120409, 0.987587, 0.278741, -0.993557, 0.039378, 0.106272, -0.026114, -0.051686, -0.991943, -0.115662, 0.201000, 0.000000, 0.000000, 0.000000, 1.000000, 0.999971, -0.006090, 0.004656, 0.048974, 0.004946, 0.048458, -0.998813, 0.087427, 0.005857, 0.998807, 0.048487, 0.031273, 0.000000, 0.000000, 0.000000, 1.000000
18.6486, 25.9774, -0.9304, 256.7769, 278.7769, -25.9774, 201.0039, 49.0395, 87.2657, 31.2723, 0.993856, -0.039510, -0.103393, 0.025977, 0.051347, 0.992101, 0.114449, -0.000930, 0.098054, -0.119054, 0.988034, 0.256777, 0.000000, 0.000000, 0.000000, 1.000000, 0.098054, -0.119054, 0.988034, 0.278777, -0.993856, 0.039510, 0.103393, -0.025977, -0.051347, -0.992101, -0.114449, 0.201004, 0.000000, 0.000000, 0.000000, 1.000000, 0.999968, -0.005963, 0.005248, 0.049040, 0.005523, 0.047103, -0.998875, 0.087266, 0.005709, 0.998872, 0.047134, 0.031272, 0.000000, 0.000000, 0.000000, 1.000000
18.8240, 25.8294, -0.9391, 256.7709, 278.7709, -25.8294, 201.0125, 49.1583, 87.1063, 31.2699, 0.994305, -0.039831, -0.098852, 0.025829, 0.051146, 0.992082, 0.114703, -0.000939, 0.093500, -0.119106, 0.988469, 0.256771, 0.000000, 0.000000, 0.000000, 1.000000, 0.093500, -0.119106, 0.988469, 0.278771, -0.994305, 0.039831, 0.098852, -0.025829, -0.051146, -0.992082, -0.114703, 0.201013, 0.000000, 0.000000, 0.000000, 1.000000, 0.999958, -0.006144, 0.006759, 0.049158, 0.007042, 0.047140, -0.998863, 0.087106, 0.005818, 0.998869, 0.047181, 0.031270, 0.000000, 0.000000, 0.000000, 1.000000
18.9813, 25.7093, -0.9378, 256.7049, 278.7049, -25.7093, 201.0113, 49.2714, 87.0243, 31.2805, 0.994075, -0.039381, -0.101309, 0.025709, 0.050852, 0.992263, 0.113264, -0.000938, 0.096064, -0.117745, 0.988386, 0.256705, 0.000000, 0.000000, 0.000000, 1.000000, 0.096064, -0.117745, 0.988386, 0.278705, -0.994075, 0.039381, 0.101309, -0.025709, -0.050852, -0.992263, -0.113264, 0.201011, 0.000000, 0.000000, 0.000000, 1.000000, 0.999984, -0.005425, 0.001500, 0.049271, 0.001747, 0.045839, -0.998947, 0.087024, 0.005351, 0.998934, 0.045848, 0.031280, 0.000000, 0.000000, 0.000000, 1.000000
19.1070, 25.5320, -0.9507, 256.6912, 278.6912, -25.5320, 201.0241, 49.2840, 86.9130, 31.2755, 0.994628, -0.039531, -0.095669, 0.025532, 0.050456, 0.992128, 0.114616, -0.000951, 0.090385, -0.118827, 0.988793, 0.256691, 0.000000, 0.000000, 0.000000, 1.000000, 0.090385, -0.118827, 0.988793, 0.278691, -0.994628, 0.039531, 0.095669, -0.025532, -0.050456, -0.992128, -0.114616, 0.201024, 0.000000, 0.000000, 0.000000, 1.000000, 0.999972, -0.005583, 0.005018, 0.049284, 0.005274, 0.046920, -0.998885, 0.086913, 0.005342, 0.998883, 0.046948, 0.031276, 0.000000, 0.000000, 0.000000, 1.000000
19.2880, 25.4098, -0.9559, 256.6790, 278.6790, -25.4098, 201.0293, 49.4355, 86.7575, 31.2759, 0.994753, -0.039222, -0.094490, 0.025410, 0.049847, 0.992361, 0.112847, -0.000956, 0.089342, -0.116965, 0.989109, 0.256679, 0.000000, 0.000000, 0.000000, 1.000000, 0.089342, -0.116965, 0.989109, 0.278679, -0.994753, 0.039222, 0.094490, -0.025410, -0.049847, -0.992361, -0.112847, 0.201029, 0.000000, 0.000000, 0.000000, 1.000000, 0.999983, -0.004944, 0.002983, 0.049435, 0.003203, 0.045101, -0.998977, 0.086757, 0.004805, 0.998970, 0.045116, 0.031276, 0.000000, 0.000000, 0.000000, 1.000000
19.4225, 25.2624, -0.9609, 256.6388, 278.6388, -25.2624, 201.0343, 49.4885, 86.6677, 31.2795, 0.994895, -0.039198, -0.092993, 0.025262, 0.049569, 0.992474, 0.111974, -0.000961, 0.087904, -0.116012, 0.989350, 0.256639, 0.000000, 0.000000, 0.000000, 1.000000, 0.087904, -0.116012, 0.989350, 0.278639, -0.994895, 0.039198, 0.092993, -0.025262, -0.049569, -0.992474, -0.111974, 0.201034, 0.000000, 0.000000, 0.000000, 1.000000, 0.999987, -0.004724, 0.002110, 0.049489, 0.002317, 0.044160, -0.999022, 0.086668, 0.004626, 0.999013, 0.044171, 0.031280, 0.000000, 0.000000, 0.000000, 1.000000
19.5763, 25.1560, -0.9583, 256.7175, 278.7175, -25.1560, 201.0317, 49.6221, 86.4465, 31.2806, 0.995087, -0.039320, -0.090857, 0.025156, 0.049286, 0.992689, 0.110183, -0.000958, 0.085860, -0.114120, 0.989750, 0.256717, 0.000000, 0.000000, 0.000000, 1.000000, 0.085860, -0.114120, 0.989750, 0.278717, -0.995087, 0.039320, 0.090857, -0.025156, -0.049286, -0.992689, -0.110183, 0.201032, 0.000000, 0.000000, 0.000000, 1.000000, 0.999989, -0.004551, 0.001509, 0.049622, 0.001700, 0.042268, -0.999105, 0.086447, 0.004483, 0.999096, 0.042275, 0.031281, 0.000000, 0.000000, 0.000000, 1.000000
19.6967, 24.9747, -0.9758, 256.6283, 278.6283, -24.9747, 201.0492, 49.6148, 86.4158, 31.2765, 0.995380, -0.039103, -0.087686, 0.024975, 0.048838, 0.992532, 0.111785, -0.000976, 0.082660, -0.115551, 0.989856, 0.256628, 0.000000, 0.000000, 0.000000, 1.000000, 0.082660, -0.115551, 0.989856, 0.278628, -0.995380, 0.039103, 0.087686, -0.024975, -0.048838, -0.992532, -0.111785, 0.201049, 0.000000, 0.000000, 0.000000, 1.000000, 0.999987, -0.004375, 0.002646, 0.049615, 0.002835, 0.043729, -0.999039, 0.086416, 0.004255, 0.999034, 0.043741, 0.031277, 0.000000, 0.000000, 0.000000, 1.000000
19.8576, 24.8615, -0.9714, 256.6636, 278.6636, -24.8615, 201.0449, 49.7476, 86.2311, 31.2828, 0.995553, -0.039138, -0.085692, 0.024861, 0.048614, 0.992580, 0.111453, -0.000971, 0.080694, -0.115123, 0.990068, 0.256664, 0.000000, 0.000000, 0.000000, 1.000000, 0.080694, -0.115123, 0.990068, 0.278664, -0.995553, 0.039138, 0.085692, -0.024861, -0.048614, -0.992580, -0.111453, 0.201045, 0.000000, 0.000000, 0.000000, 1.000000, 0.999989, -0.004250, 0.001829, 0.049748, 0.002012, 0.043310, -0.999060, 0.086231, 0.004166, 0.999053, 0.043318, 0.031283, 0.000000, 0.000000, 0.000000, 1.000000
20.0171, 24.7168, -0.9842, 256.6845, 278.6845, -24.7168, 201.0577, 49.8445, 86.0603, 31.2741, 0.996053, -0.039261, -0.079601, 0.024717, 0.048175, 0.992387, 0.113348, -0.000984, 0.074544, -0.116736, 0.990361, 0.256685, 0.000000, 0.000000, 0.000000, 1.000000, 0.074544, -0.116736, 0.990361, 0.278685, -0.996053, 0.039261, 0.079601, -0.024717, -0.048175, -0.992387, -0.113348, 0.201058, 0.000000, 0.000000, 0.000000, 1.000000, 0.999977, -0.004390, 0.005221, 0.049845, 0.005413, 0.044928, -0.998976, 0.086060, 0.004151, 0.998981, 0.044951, 0.031274, 0.000000, 0.000000, 0.000000, 1.000000
20.1718, 24.6015, -0.9730, 256.7632, 278.7632, -24.6015, 201.0465, 49.9684, 85.8372, 31.2841, 0.995993, -0.039197, -0.080384, 0.024601, 0.047880, 0.992876, 0.109113, -0.000973, 0.075534, -0.112524, 0.990774, 0.256763, 0.000000, 0.000000, 0.000000, 1.000000, 0.075534, -0.112524, 0.990774, 0.278763, -0.995993, 0.039197, 0.080384, -0.024601, -0.047880, -0.992876, -0.109113, 0.201046, 0.000000, 0.000000, 0.000000, 1.000000, 0.999991, -0.003856, 0.001588, 0.049968, 0.001744, 0.040723, -0.999169, 0.085837, 0.003788, 0.999163, 0.040730, 0.031284, 0.000000, 0.000000, 0.000000, 1.000000
20.3106, 24.4214, -1.0027, 256.7131, 278.7131, -24.4214, 201.0761, 49.9918, 85.7535, 31.2651, 0.996637, -0.039635, -0.071719, 0.024421, 0.047629, 0.992404, 0.113428, -0.001003, 0.066679, -0.116463, 0.990954, 0.256713, 0.000000, 0.000000, 0.000000, 1.000000, 0.066679, -0.116463, 0.990954, 0.278713, -0.996637, 0.039635, 0.071719, -0.024421, -0.047629, -0.992404, -0.113428, 0.201076, 0.000000, 0.000000, 0.000000, 1.000000, 0.999958, -0.004511, 0.008002, 0.049992, 0.008196, 0.044648, -0.998969, 0.085754, 0.004149, 0.998993, 0.044683, 0.031265, 0.000000, 0.000000, 0.000000, 1.000000
20.4605, 24.2920, -0.9831, 256.8155, 278.8155, -24.2920, 201.0565, 50.0953, 85.5096, 31.2822, 0.996551, -0.039240, -0.073124, 0.024292, 0.047114, 0.992896, 0.109262, -0.000983, 0.068317, -0.112330, 0.991320, 0.256815, 0.000000, 0.000000, 0.000000, 1.000000, 0.068317, -0.112330, 0.991320, 0.278815, -0.996551, 0.039240, 0.073124, -0.024292, -0.047114, -0.992896, -0.109262, 0.201057, 0.000000, 0.000000, 0.000000, 1.000000, 0.999986, -0.003679, 0.003834, 0.050095, 0.003980, 0.040544, -0.999170, 0.085510, 0.003521, 0.999171, 0.040558, 0.031282, 0.000000, 0.000000, 0.000000, 1.000000
20.6253, 24.1385, -0.9994, 256.7092, 278.7092, -24.1385, 201.0728, 50.1799, 85.4609, 31.2796, 0.996769, -0.039131, -0.070151, 0.024138, 0.046808, 0.992676, 0.111368, -0.000999, 0.065279, -0.114292, 0.991300, 0.256709, 0.000000, 0.000000, 0.000000, 1.000000, 0.065279, -0.114292, 0.991300, 0.278709, -0.996769, 0.039131, 0.070151, -0.024138, -0.046808, -0.992676, -0.111368, 0.201073, 0.000000, 0.000000, 0.000000, 1.000000, 0.999985, -0.003600, 0.004013, 0.050180, 0.004163, 0.042530, -0.999087, 0.085461, 0.003426, 0.999089, 0.042544, 0.031280, 0.000000, 0.000000, 0.000000, 1.000000
20.7831, 24.0020, -1.0098, 256.7335, 278.7335, -24.0020, 201.0832, 50.2802, 85.2894, 31.2727, 0.997002, -0.039170, -0.066725, 0.024002, 0.046456, 0.992691, 0.111388, -0.001010, 0.061874, -0.114154, 0.991534, 0.256733, 0.000000, 0.000000, 0.000000, 1.000000, 0.061874, -0.114154, 0.991534, 0.278733, -0.997002, 0.039170, 0.066725, -0.024002, -0.046456, -0.992691, -0.111388, 0.201083, 0.000000, 0.000000, 0.000000, 1.000000, 0.999983, -0.003512, 0.004694, 0.050280, 0.004838, 0.042398, -0.999089, 0.085289, 0.003310, 0.999095, 0.042414, 0.031273, 0.000000, 0.000000, 0.000000, 1.000000
20.9272, 23.8459, -1.0086, 256.7634, 278.7634, -23.8459, 201.0820, 50.3409, 85.1222, 31.2778, 0.997197, -0.039125, -0.063772, 0.023846, 0.045988, 0.992870, 0.109973, -0.001009, 0.059015, -0.112598, 0.991887, 0.256763, 0.000000, 0.000000, 0.000000, 1.000000, 0.059015, -0.112598, 0.991887, 0.278763, -0.997197, 0.039125, 0.063772, -0.023846, -0.045988, -0.992870, -0.109973, 0.201082, 0.000000, 0.000000, 0.000000, 1.000000, 0.999982, -0.003252, 0.005086, 0.050341, 0.005215, 0.040849, -0.999152, 0.085122, 0.003042, 0.999160, 0.040865, 0.031278, 0.000000, 0.000000, 0.000000, 1.000000
21.0806, 23.7166, -1.0039, 256.7664, 278.7664, -23.7166, 201.0774, 50.4401, 84.9755, 31.2872, 0.997416, -0.039519, -0.059993, 0.023717, 0.045911, 0.992959, 0.109196, -0.001004, 0.055255, -0.111668, 0.992208, 0.256766, 0.000000, 0.000000, 0.000000, 1.000000, 0.055255, -0.111668, 0.992208, 0.278766, -0.997416, 0.039519, 0.059993, -0.023717, -0.045911, -0.992959, -0.109196, 0.201077, 0.000000, 0.000000, 0.000000, 1.000000, 0.999975, -0.003475, 0.006166, 0.050440, 0.006300, 0.039901, -0.999184, 0.084975, 0.003226, 0.999198, 0.039922, 0.031287, 0.000000, 0.000000, 0.000000, 1.000000
21.2229, 23.5876, -1.0222, 256.7891, 278.7891, -23.5876, 201.0956, 50.5230, 84.8206, 31.2724, 0.997358, -0.038698, -0.061471, 0.023588, 0.045226, 0.993053, 0.108631, -0.001022, 0.056841, -0.111124, 0.992180, 0.256789, 0.000000, 0.000000, 0.000000, 1.000000, 0.056841, -0.111124, 0.992180, 0.278789, -0.997358, 0.038698, 0.061471, -0.023588, -0.045226, -0.993053, -0.108631, 0.201096, 0.000000, 0.000000, 0.000000, 1.000000, 0.999994, -0.002520, 0.002183, 0.050523, 0.002280, 0.039412, -0.999220, 0.084821, 0.002432, 0.999220, 0.039418, 0.031272, 0.000000, 0.000000, 0.000000, 1.000000
21.3851, 23.4137, -1.0421, 256.7018, 278.7018, -23.4137, 201.1156, 50.5836, 84.7553, 31.2655, 0.997680, -0.039164, -0.055677, 0.023414, 0.045240, 0.992629, 0.112429, -0.001042, 0.050864, -0.114687, 0.992099, 0.256702, 0.000000, 0.000000, 0.000000, 1.000000, 0.050864, -0.114687, 0.992099, 0.278702, -0.997680, 0.039164, 0.055677, -0.023414, -0.045240, -0.992629, -0.112429, 0.201116, 0.000000, 0.000000, 0.000000, 1.000000, 0.999981, -0.003093, 0.005292, 0.050584, 0.005420, 0.042969, -0.999062, 0.084755, 0.002863, 0.999072, 0.042985, 0.031266, 0.000000, 0.000000, 0.000000, 1.000000
21.5253, 23.2931, -1.0341, 256.7693, 278.7693, -23.2931, 201.1076, 50.6745, 84.5566, 31.2733, 0.997678, -0.038739, -0.056010, 0.023293, 0.044623, 0.993155, 0.107943, -0.001034, 0.051445, -0.110192, 0.992578, 0.256769, 0.000000, 0.000000, 0.000000, 1.000000, 0.051445, -0.110192, 0.992578, 0.278769, -0.997678, 0.038739, 0.056010, -0.023293, -0.044623, -0.993155, -0.107943, 0.201108, 0.000000, 0.000000, 0.000000, 1.000000, 0.999995, -0.002298, 0.002350, 0.050675, 0.002437, 0.038486, -0.999256, 0.084557, 0.002206, 0.999256, 0.038492, 0.031273, 0.000000, 0.000000, 0.000000, 1.000000
21.6589, 23.1691, -1.0357, 256.7897, 278.7897, -23.1691, 201.1092, 50.7488, 84.4112, 31.2750, 0.997896, -0.039121, -0.051704, 0.023169, 0.044566, 0.993070, 0.108742, -0.001036, 0.047091, -0.110818, 0.992724, 0.256790, 0.000000, 0.000000, 0.000000, 1.000000, 0.047091, -0.110818, 0.992724, 0.278790, -0.997896, 0.039121, 0.051704, -0.023169, -0.044566, -0.993070, -0.108742, 0.201109, 0.000000, 0.000000, 0.000000, 1.000000, 0.999987, -0.002626, 0.004358, 0.050749, 0.004458, 0.039100, -0.999225, 0.084411, 0.002453, 0.999232, 0.039112, 0.031275, 0.000000, 0.000000, 0.000000, 1.000000
21.8096, 23.0270, -1.0374, 256.8442, 278.8442, -23.0270, 201.1108, 50.8315, 84.2158, 31.2750, 0.998064, -0.039151, -0.048328, 0.023027, 0.044152, 0.993259, 0.107182, -0.001037, 0.043806, -0.109109, 0.993064, 0.256844, 0.000000, 0.000000, 0.000000, 1.000000, 0.043806, -0.109109, 0.993064, 0.278844, -0.998064, 0.039151, 0.048328, -0.023027, -0.044152, -0.993259, -0.107182, 0.201111, 0.000000, 0.000000, 0.000000, 1.000000, 0.999984, -0.002461, 0.005049, 0.050832, 0.005138, 0.037390, -0.999288, 0.084216, 0.002270, 0.999298, 0.037402, 0.031275, 0.000000, 0.000000, 0.000000, 1.000000
21.9744, 22.8716, -1.0547, 256.8077, 278.8077, -22.8716, 201.1281, 50.9159, 84.0993, 31.2664, 0.998196, -0.039083, -0.045568, 0.022872, 0.043844, 0.993113, 0.108645, -0.001055, 0.041008, -0.110447, 0.993036, 0.256808, 0.000000, 0.000000, 0.000000, 1.000000, 0.041008, -0.110447, 0.993036, 0.278808, -0.998196, 0.039083, 0.045568, -0.022872, -0.043844, -0.993113, -0.108645, 0.201128, 0.000000, 0.000000, 0.000000, 1.000000, 0.999985, -0.002354, 0.004990, 0.050916, 0.005077, 0.038743, -0.999236, 0.084099, 0.002159, 0.999246, 0.038755, 0.031266, 0.000000, 0.000000, 0.000000, 1.000000
22.1146, 22.7451, -1.0681, 256.7531, 278.7531, -22.7451, 201.1415, 50.9923, 84.0239, 31.2618, 0.998366, -0.038841, -0.041914, 0.022745, 0.043279, 0.992902, 0.110778, -0.001068, 0.037314, -0.112411, 0.992961, 0.256753, 0.000000, 0.000000, 0.000000, 1.000000, 0.037314, -0.112411, 0.992961, 0.278753, -0.998366, 0.038841, 0.041914, -0.022745, -0.043279, -0.992902, -0.110778, 0.201142, 0.000000, 0.000000, 0.000000, 1.000000, 0.999978, -0.002112, 0.006278, 0.050992, 0.006359, 0.040732, -0.999150, 0.084024, 0.001855, 0.999168, 0.040745, 0.031262, 0.000000, 0.000000, 0.000000, 1.000000
22.2904, 22.5861, -1.0545, 256.8987, 278.8987, -22.5861, 201.1279, 51.0976, 83.7140, 31.2711, 0.998475, -0.038855, -0.039227, 0.022586, 0.042766, 0.993620, 0.104360, -0.001054, 0.034922, -0.105878, 0.993766, 0.256899, 0.000000, 0.000000, 0.000000, 1.000000, 0.034922, -0.105878, 0.993766, 0.278899, -0.998475, 0.038855, 0.039227, -0.022586, -0.042766, -0.993620, -0.104360, 0.201128, 0.000000, 0.000000, 0.000000, 1.000000, 0.999983, -0.001705, 0.005661, 0.051098, 0.005716, 0.034177, -0.999399, 0.083714, 0.001510, 0.999414, 0.034186, 0.031271, 0.000000, 0.000000, 0.000000, 1.000000
22.4099, 22.4524, -1.0578, 256.8304, 278.8304, -22.4524, 201.1312, 51.1360, 83.6700, 31.2779, 0.998563, -0.038666, -0.037118, 0.022452, 0.042392, 0.993515, 0.105503, -0.001058, 0.032798, -0.106924, 0.993726, 0.256830, 0.000000, 0.000000, 0.000000, 1.000000, 0.032798, -0.106924, 0.993726, 0.278830, -0.998563, 0.038666, 0.037118, -0.022452, -0.042392, -0.993515, -0.105503, 0.201131, 0.000000, 0.000000, 0.000000, 1.000000, 0.999982, -0.001490, 0.005727, 0.051136, 0.005776, 0.035239, -0.999362, 0.083670, 0.001287, 0.999378, 0.035247, 0.031278, 0.000000, 0.000000, 0.000000, 1.000000
22.5769, 22.2878, -1.0661, 256.9030, 278.9030, -22.2878, 201.1396, 51.2175, 83.4425, 31.2707, 0.998715, -0.039038, -0.032325, 0.022288, 0.042229, 0.993600, 0.104764, -0.001066, 0.028029, -0.105994, 0.993972, 0.256903, 0.000000, 0.000000, 0.000000, 1.000000, 0.028029, -0.105994, 0.993972, 0.278903, -0.998715, 0.039038, 0.032325, -0.022288, -0.042229, -0.993600, -0.104764, 0.201140, 0.000000, 0.000000, 0.000000, 1.000000, 0.999970, -0.001722, 0.007578, 0.051218, 0.007633, 0.034296, -0.999383, 0.083442, 0.001461, 0.999410, 0.034308, 0.031271, 0.000000, 0.000000, 0.000000, 1.000000
22.7461, 22.1526, -1.0704, 256.8159, 278.8159, -22.1526, 201.1439, 51.3257, 83.3732, 31.2779, 0.998800, -0.038700, -0.030003, 0.022153, 0.041694, 0.993426, 0.106613, -0.001070, 0.025680, -0.107736, 0.993848, 0.256816, 0.000000, 0.000000, 0.000000, 1.000000, 0.025680, -0.107736, 0.993848, 0.278816, -0.998800, 0.038700, 0.030003, -0.022153, -0.041694, -0.993426, -0.106613, 0.201144, 0.000000, 0.000000, 0.000000, 1.000000, 0.999974, -0.001347, 0.007018, 0.051326, 0.007062, 0.036061, -0.999325, 0.083373, 0.001093, 0.999349, 0.036069, 0.031278, 0.000000, 0.000000, 0.000000, 1.000000
22.8647, 22.0060, -1.0645, 256.8911, 278.8911, -22.0060, 201.1380, 51.3543, 83.1865, 31.2841, 0.998848, -0.038562, -0.028577, 0.022006, 0.041347, 0.993685, 0.104309, -0.001065, 0.024374, -0.105370, 0.994134, 0.256891, 0.000000, 0.000000, 0.000000, 1.000000, 0.024374, -0.105370, 0.994134, 0.278891, -0.998848, 0.038562, 0.028577, -0.022006, -0.041347, -0.993685, -0.104309, 0.201138, 0.000000, 0.000000, 0.000000, 1.000000, 0.999980, -0.001052, 0.006288, 0.051354, 0.006320, 0.033692, -0.999412, 0.083186, 0.000839, 0.999432, 0.033698, 0.031284, 0.000000, 0.000000, 0.000000, 1.000000
23.0335, 21.8763, -1.0655, 256.9010, 278.9010, -21.8763, 201.1390, 51.4698, 83.0210, 31.2874, 0.998954, -0.038546, -0.024617, 0.021876, 0.040937, 0.993582, 0.105445, -0.001066, 0.020394, -0.106342, 0.994120, 0.256901, 0.000000, 0.000000, 0.000000, 1.000000, 0.020394, -0.106342, 0.994120, 0.278901, -0.998954, 0.038546, 0.024617, -0.021876, -0.040937, -0.993582, -0.105445, 0.201139, 0.000000, 0.000000, 0.000000, 1.000000, 0.999973, -0.000967, 0.007345, 0.051470, 0.007374, 0.034671, -0.999372, 0.083021, 0.000712, 0.999398, 0.034678, 0.031287, 0.000000, 0.000000, 0.000000, 1.000000
23.1456, 21.7231, -1.0624, 256.9457, 278.9457, -21.7231, 201.1358, 51.4804, 82.8710, 31.2932, 0.999051, -0.039205, -0.018980, 0.021723, 0.040955, 0.993852, 0.102863, -0.001062, 0.014830, -0.103543, 0.994514, 0.256946, 0.000000, 0.000000, 0.000000, 1.000000, 0.014830, -0.103543, 0.994514, 0.278946, -0.999051, 0.039205, 0.018980, -0.021723, -0.040955, -0.993852, -0.102863, 0.201136, 0.000000, 0.000000, 0.000000, 1.000000, 0.999939, -0.001475, 0.010926, 0.051480, 0.010968, 0.031844, -0.999433, 0.082871, 0.001126, 0.999492, 0.031858, 0.031293, 0.000000, 0.000000, 0.000000, 1.000000
23.3007, 21.5767, -1.0862, 256.8685, 278.8685, -21.5767, 201.1596, 51.5555, 82.8062, 31.2807, 0.999069, -0.038592, -0.019285, 0.021577, 0.040441, 0.993429, 0.107071, -0.001086, 0.015026, -0.107751, 0.994064, 0.256869, 0.000000, 0.000000, 0.000000, 1.000000, 0.015026, -0.107751, 0.994064, 0.278869, -0.999069, 0.038592, 0.019285, -0.021577, -0.040441, -0.993429, -0.107071, 0.201160, 0.000000, 0.000000, 0.000000, 1.000000, 0.999967, -0.000891, 0.008075, 0.051555, 0.008102, 0.036090, -0.999316, 0.082806, 0.000599, 0.999348, 0.036096, 0.031281, 0.000000, 0.000000, 0.000000, 1.000000
23.4615, 21.4523, -1.0805, 256.8940, 278.8940, -21.4523, 201.1539, 51.6642, 82.6325, 31.2893, 0.999141, -0.038619, -0.015017, 0.021452, 0.040002, 0.993508, 0.106494, -0.001080, 0.010807, -0.107003, 0.994200, 0.256894, 0.000000, 0.000000, 0.000000, 1.000000, 0.010807, -0.107003, 0.994200, 0.278894, -0.999141, 0.038619, 0.015017, -0.021452, -0.040002, -0.993508, -0.106494, 0.201154, 0.000000, 0.000000, 0.000000, 1.000000, 0.999954, -0.000798, 0.009513, 0.051664, 0.009535, 0.035341, -0.999330, 0.082632, 0.000462, 0.999375, 0.035347, 0.031289, 0.000000, 0.000000, 0.000000, 1.000000
23.6210, 21.3236, -1.0793, 257.0155, 279.0155, -21.3236, 201.1528, 51.7677, 82.3644, 31.2867, 0.999163, -0.038163, -0.014693, 0.021324, 0.039475, 0.993909, 0.102895, -0.001079, 0.010677, -0.103389, 0.994584, 0.257016, 0.000000, 0.000000, 0.000000, 1.000000, 0.010677, -0.103389, 0.994584, 0.279016, -0.999163, 0.038163, 0.014693, -0.021324, -0.039475, -0.993909, -0.102895, 0.201153, 0.000000, 0.000000, 0.000000, 1.000000, 0.999976, -0.000164, 0.006917, 0.051768, 0.006918, 0.031719, -0.999473, 0.082364, -0.000055, 0.999497, 0.031720, 0.031287, 0.000000, 0.000000, 0.000000, 1.000000
23.7573, 21.1603, -1.1113, 256.9652, 278.9652, -21.1603, 201.1848, 51.7982, 82.2906, 31.2648, 0.999199, -0.039507, -0.006373, 0.021160, 0.039967, 0.993230, 0.109077, -0.001111, 0.002021, -0.109244, 0.994013, 0.256965, 0.000000, 0.000000, 0.000000, 1.000000, 0.002021, -0.109244, 0.994013, 0.278965, -0.999199, 0.039507, 0.006373, -0.021160, -0.039967, -0.993230, -0.109077, 0.201185, 0.000000, 0.000000, 0.000000, 1.000000, 0.999913, -0.001548, 0.013091, 0.051798, 0.013140, 0.037583, -0.999207, 0.082291, 0.001055, 0.999292, 0.037600, 0.031265, 0.000000, 0.000000, 0.000000, 1.000000
23.9265, 21.0280, -1.0981, 256.9667, 278.9667, -21.0280, 201.1715, 51.9093, 82.1329, 31.2830, 0.999212, -0.038462, -0.009789, 0.021028, 0.039273, 0.993805, 0.103964, -0.001098, 0.005729, -0.104267, 0.994533, 0.256967, 0.000000, 0.000000, 0.000000, 1.000000, 0.005729, -0.104267, 0.994533, 0.278967, -0.999212, 0.038462, 0.009789, -0.021028, -0.039273, -0.993805, -0.103964, 0.201172, 0.000000, 0.000000, 0.000000, 1.000000, 0.999979, -0.000309, 0.006531, 0.051909, 0.006538, 0.032598, -0.999447, 0.082133, 0.000096, 0.999469, 0.032599, 0.031283, 0.000000, 0.000000, 0.000000, 1.000000
24.0750, 20.8782, -1.1127, 256.9509, 278.9509, -20.8782, 201.1862, 51.9716, 82.0129, 31.2753, 0.999247, -0.038626, -0.003768, 0.020878, 0.038808, 0.993701, 0.105131, -0.001113, -0.000316, -0.105198, 0.994451, 0.256951, 0.000000, 0.000000, 0.000000, 1.000000, -0.000316, -0.105198, 0.994451, 0.278951, -0.999247, 0.038626, 0.003768, -0.020878, -0.038808, -0.993701, -0.105131, 0.201186, 0.000000, 0.000000, 0.000000, 1.000000, 0.999950, -0.000401, 0.010001, 0.051972, 0.010009, 0.033533, -0.999388, 0.082013, 0.000065, 0.999438, 0.033535, 0.031275, 0.000000, 0.000000, 0.000000, 1.000000
24.2398, 20.7318, -1.1185, 257.0248, 279.0248, -20.7318, 201.1919, 52.0613, 81.7884, 31.2699, 0.999248, -0.038482, -0.004855, 0.020732, 0.038778, 0.993812, 0.104084, -0.001118, 0.000820, -0.104194, 0.994557, 0.257025, 0.000000, 0.000000, 0.000000, 1.000000, 0.000820, -0.104194, 0.994557, 0.279025, -0.999248, 0.038482, 0.004855, -0.020732, -0.038778, -0.993812, -0.104084, 0.201192, 0.000000, 0.000000, 0.000000, 1.000000, 0.999982, -0.000150, 0.006000, 0.052061, 0.006002, 0.032526, -0.999453, 0.081788, -0.000045, 0.999471, 0.032526, 0.031270, 0.000000, 0.000000, 0.000000, 1.000000
24.3782, 20.5758, -1.1179, 257.0098, 279.0098, -20.5758, 201.1914, 52.1029, 81.6762, 31.2776, 0.999238, -0.038895, 0.003263, 0.020576, 0.038345, 0.993843, 0.103950, -0.001118, -0.007286, -0.103746, 0.994577, 0.257010, 0.000000, 0.000000, 0.000000, 1.000000, -0.007286, -0.103746, 0.994577, 0.279010, -0.999238, 0.038895, -0.003263, -0.020576, -0.038345, -0.993843, -0.103950, 0.201191, 0.000000, 0.000000, 0.000000, 1.000000, 0.999932, -0.000481, 0.011691, 0.052103, 0.011701, 0.032073, -0.999417, 0.081676, 0.000105, 0.999485, 0.032077, 0.031278, 0.000000, 0.000000, 0.000000, 1.000000
24.5312, 20.4372, -1.1166, 256.9990, 278.9990, -20.4372, 201.1901, 52.1822, 81.5468, 31.2850, 0.999235, -0.038791, 0.004868, 0.020437, 0.038088, 0.993996, 0.102576, -0.001117, -0.008818, -0.102313, 0.994713, 0.256999, 0.000000, 0.000000, 0.000000, 1.000000, -0.008818, -0.102313, 0.994713, 0.278999, -0.999235, 0.038791, -0.004868, -0.020437, -0.038088, -0.993996, -0.102576, 0.201190, 0.000000, 0.000000, 0.000000, 1.000000, 0.999944, -0.000283, 0.010575, 0.052182, 0.010579, 0.030635, -0.999475, 0.081547, -0.000041, 0.999531, 0.030636, 0.031285, 0.000000, 0.000000, 0.000000, 1.000000
24.6929, 20.3043, -1.1392, 256.9971, 278.9971, -20.3043, 201.2127, 52.2785, 81.4026, 31.2678, 0.999234, -0.038718, 0.005762, 0.020304, 0.037895, 0.993704, 0.105437, -0.001139, -0.009808, -0.105138, 0.994409, 0.256997, 0.000000, 0.000000, 0.000000, 1.000000, -0.009808, -0.105138, 0.994409, 0.278997, -0.999234, 0.038718, -0.005762, -0.020304, -0.037895, -0.993704, -0.105437, 0.201213, 0.000000, 0.000000, 0.000000, 1.000000, 0.999962, -0.000131, 0.008759, 0.052279, 0.008758, 0.033474, -0.999401, 0.081403, -0.000162, 0.999440, 0.033474, 0.031268, 0.000000, 0.000000, 0.000000, 1.000000
24.8172, 20.1679, -1.1228, 257.0848, 279.0848, -20.1679, 201.1962, 52.3191, 81.2003, 31.2831, 0.999206, -0.038652, 0.009670, 0.020168, 0.037464, 0.994060, 0.102185, -0.001123, -0.013562, -0.101742, 0.994718, 0.257085, 0.000000, 0.000000, 0.000000, 1.000000, -0.013562, -0.101742, 0.994718, 0.279085, -0.999206, 0.038652, -0.009670, -0.020168, -0.037464, -0.994060, -0.102185, 0.201196, 0.000000, 0.000000, 0.000000, 1.000000, 0.999946, 0.000009, 0.010368, 0.052319, 0.010363, 0.030062, -0.999494, 0.081200, -0.000321, 0.999548, 0.030060, 0.031283, 0.000000, 0.000000, 0.000000, 1.000000
24.9715, 20.0226, -1.1343, 257.0845, 279.0845, -20.0226, 201.2077, 52.3919, 81.0607, 31.2773, 0.999194, -0.038730, 0.010523, 0.020023, 0.037470, 0.994166, 0.101145, -0.001134, -0.014379, -0.100669, 0.994816, 0.257084, 0.000000, 0.000000, 0.000000, 1.000000, -0.014379, -0.100669, 0.994816, 0.279084, -0.999194, 0.038730, -0.010523, -0.020023, -0.037470, -0.994166, -0.101145, 0.201208, 0.000000, 0.000000, 0.000000, 1.000000, 0.999964, 0.000010, 0.008489, 0.052392, 0.008485, 0.028984, -0.999544, 0.081061, -0.000256, 0.999580, 0.028983, 0.031277, 0.000000, 0.000000, 0.000000, 1.000000
25.1016, 19.8683, -1.1436, 257.0744, 279.0744, -19.8683, 201.2171, 52.4213, 80.9531, 31.2747, 0.999108, -0.038951, 0.016297, 0.019868, 0.037033, 0.993798, 0.104855, -0.001144, -0.020280, -0.104158, 0.994354, 0.257074, 0.000000, 0.000000, 0.000000, 1.000000, -0.020280, -0.104158, 0.994354, 0.279074, -0.999108, 0.038951, -0.016297, -0.019868, -0.037033, -0.993798, -0.104855, 0.201217, 0.000000, 0.000000, 0.000000, 1.000000, 0.999926, -0.000130, 0.012135, 0.052421, 0.012132, 0.032492, -0.999398, 0.080953, -0.000265, 0.999472, 0.032491, 0.031275, 0.000000, 0.000000, 0.000000, 1.000000
25.2620, 19.7386, -1.1425, 257.1248, 279.1248, -19.7386, 201.2160, 52.5176, 80.7568, 31.2772, 0.999102, -0.038298, 0.018109, 0.019739, 0.036274, 0.994196, 0.101280, -0.001143, -0.021883, -0.100532, 0.994693, 0.257125, 0.000000, 0.000000, 0.000000, 1.000000, -0.021883, -0.100532, 0.994693, 0.279125, -0.999102, 0.038298, -0.018109, -0.019739, -0.036274, -0.994196, -0.101280, 0.201216, 0.000000, 0.000000, 0.000000, 1.000000, 0.999939, 0.000589, 0.011008, 0.052518, 0.010987, 0.028841, -0.999524, 0.080757, -0.000906, 0.999584, 0.028833, 0.031277, 0.000000, 0.000000, 0.000000, 1.000000
25.3956, 19.5991, -1.1485, 257.1238, 279.1238, -19.5991, 201.2220, 52.5662, 80.6371, 31.2767, 0.999034, -0.038486, 0.021190, 0.019599, 0.036098, 0.993985, 0.103399, -0.001149, -0.025042, -0.102535, 0.994414, 0.257124, 0.000000, 0.000000, 0.000000, 1.000000, -0.025042, -0.102535, 0.994414, 0.279124, -0.999034, 0.038486, -0.021190, -0.019599, -0.036098, -0.993985, -0.103399, 0.201222, 0.000000, 0.000000, 0.000000, 1.000000, 0.999930, 0.000487, 0.011839, 0.052566, 0.011819, 0.030855, -0.999454, 0.080637, -0.000852, 0.999524, 0.030847, 0.031277, 0.000000, 0.000000, 0.000000, 1.000000
25.5590, 19.4499, -1.1375, 257.2090, 279.2090, -19.4499, 201.2110, 52.6460, 80.4030, 31.2873, 0.998918, -0.038517, 0.026078, 0.019450, 0.035779, 0.994509, 0.098343, -0.001138, -0.029722, -0.097303, 0.994811, 0.257209, 0.000000, 0.000000, 0.000000, 1.000000, -0.029722, -0.097303, 0.994811, 0.279209, -0.998918, 0.038517, -0.026078, -0.019450, -0.035779, -0.994509, -0.098343, 0.201211, 0.000000, 0.000000, 0.000000, 1.000000, 0.999906, 0.000479, 0.013675, 0.052646, 0.013658, 0.025598, -0.999579, 0.080403, -0.000829, 0.999672, 0.025589, 0.031287, 0.000000, 0.000000, 0.000000, 1.000000
25.7098, 19.2852, -1.1653, 257.1036, 279.1036, -19.2852, 201.2388, 52.6937, 80.3740, 31.2735, 0.998794, -0.038578, 0.030374, 0.019285, 0.035219, 0.993925, 0.104275, -0.001165, -0.034213, -0.103080, 0.994085, 0.257104, 0.000000, 0.000000, 0.000000, 1.000000, -0.034213, -0.103080, 0.994085, 0.279104, -0.998794, 0.038578, -0.030374, -0.019285, -0.035219, -0.993925, -0.104275, 0.201239, 0.000000, 0.000000, 0.000000, 1.000000, 0.999879, 0.000572, 0.015574, 0.052694, 0.015548, 0.031401, -0.999386, 0.080374, -0.001061, 0.999507, 0.031388, 0.031273, 0.000000, 0.000000, 0.000000, 1.000000
25.8974, 19.1480, -1.1608, 257.1998, 279.1998, -19.1480, 201.2343, 52.8177, 80.1073, 31.2764, 0.998699, -0.038505, 0.033436, 0.019148, 0.034920, 0.994185, 0.101868, -0.001161, -0.037164, -0.100568, 0.994236, 0.257200, 0.000000, 0.000000, 0.000000, 1.000000, -0.037164, -0.100568, 0.994236, 0.279200, -0.998699, 0.038505, -0.033436, -0.019148, -0.034920, -0.994185, -0.101868, 0.201234, 0.000000, 0.000000, 0.000000, 1.000000, 0.999883, 0.000702, 0.015266, 0.052818, 0.015240, 0.028874, -0.999467, 0.080107, -0.001143, 0.999583, 0.028860, 0.031276, 0.000000, 0.000000, 0.000000, 1.000000
26.0244, 19.0111, -1.1506, 257.2309, 279.2309, -19.0111, 201.2240, 52.8580, 79.9613, 31.2897, 0.998643, -0.038164, 0.035441, 0.019011, 0.034500, 0.994512, 0.098773, -0.001151, -0.039016, -0.097416, 0.994479, 0.257231, 0.000000, 0.000000, 0.000000, 1.000000, -0.039016, -0.097416, 0.994479, 0.279231, -0.998643, 0.038164, -0.035441, -0.019011, -0.034500, -0.994512, -0.098773, 0.201224, 0.000000, 0.000000, 0.000000, 1.000000, 0.999888, 0.001043, 0.014934, 0.052858, 0.014902, 0.025699, -0.999559, 0.079961, -0.001426, 0.999669, 0.025680, 0.031290, 0.000000, 0.000000, 0.000000, 1.000000
26.1984, 18.8407, -1.1621, 257.2341, 279.2341, -18.8407, 201.2355, 52.9298, 79.8022, 31.2846, 0.998330, -0.038519, 0.043063, 0.018841, 0.034150, 0.994605, 0.097956, -0.001162, -0.046604, -0.096321, 0.994259, 0.257234, 0.000000, 0.000000, 0.000000, 1.000000, -0.046604, -0.096321, 0.994259, 0.279234, -0.998330, 0.038519, -0.043063, -0.018841, -0.034150, -0.994605, -0.097956, 0.201236, 0.000000, 0.000000, 0.000000, 1.000000, 0.999810, 0.000739, 0.019488, 0.052930, 0.019464, 0.024606, -0.999508, 0.079802, -0.001218, 0.999697, 0.024586, 0.031285, 0.000000, 0.000000, 0.000000, 1.000000
26.3342, 18.6949, -1.1588, 257.2249, 279.2249, -18.6949, 201.2322, 52.9736, 79.6894, 31.2942, 0.998346, -0.038373, 0.042811, 0.018695, 0.033990, 0.994528, 0.098790, -0.001159, -0.046367, -0.097171, 0.994187, 0.257225, 0.000000, 0.000000, 0.000000, 1.000000, -0.046367, -0.097171, 0.994187, 0.279225, -0.998346, 0.038373, -0.042811, -0.018695, -0.033990, -0.994528, -0.098790, 0.201232, 0.000000, 0.000000, 0.000000, 1.000000, 0.999857, 0.000966, 0.016899, 0.052974, 0.016869, 0.025453, -0.999534, 0.079689, -0.001395, 0.999676, 0.025433, 0.031294, 0.000000, 0.000000, 0.000000, 1.000000
26.4867, 18.5520, -1.1746, 257.1834, 279.1834, -18.5520, 201.2481, 53.0435, 79.5949, 31.2869, 0.997901, -0.039072, 0.051651, 0.018552, 0.033658, 0.994234, 0.101812, -0.001175, -0.055331, -0.099859, 0.993462, 0.257183, 0.000000, 0.000000, 0.000000, 1.000000, -0.055331, -0.099859, 0.993462, 0.279183, -0.997901, 0.039072, -0.051651, -0.018552, -0.033658, -0.994234, -0.101812, 0.201248, 0.000000, 0.000000, 0.000000, 1.000000, 0.999731, 0.000412, 0.023203, 0.053044, 0.023182, 0.028172, -0.999334, 0.079595, -0.001065, 0.999603, 0.028155, 0.031287, 0.000000, 0.000000, 0.000000, 1.000000
26.6208, 18.4459, -1.1861, 257.1909, 279.1909, -18.4459, 201.2596, 53.1229, 79.4673, 31.2790, 0.998217, -0.038040, 0.045999, 0.018446, 0.033194, 0.994243, 0.101880, -0.001186, -0.049610, -0.100172, 0.993733, 0.257191, 0.000000, 0.000000, 0.000000, 1.000000, -0.049610, -0.100172, 0.993733, 0.279191, -0.998217, 0.038040, -0.045999, -0.018446, -0.033194, -0.994243, -0.101880, 0.201260, 0.000000, 0.000000, 0.000000, 1.000000, 0.999883, 0.001519, 0.015213, 0.053123, 0.015163, 0.028449, -0.999480, 0.079467, -0.001951, 0.999594, 0.028422, 0.031279, 0.000000, 0.000000, 0.000000, 1.000000
26.7737, 18.2485, -1.2074, 257.2130, 279.2130, -18.2485, 201.2808, 53.1362, 79.3116, 31.2638, 0.997360, -0.039380, 0.061016, 0.018249, 0.032820, 0.993927, 0.105029, -0.001207, -0.064781, -0.102749, 0.992596, 0.257213, 0.000000, 0.000000, 0.000000, 1.000000, -0.064781, -0.102749, 0.992596, 0.279213, -0.997360, 0.039380, -0.061016, -0.018249, -0.032820, -0.993927, -0.105029, 0.201281, 0.000000, 0.000000, 0.000000, 1.000000, 0.999616, 0.000341, 0.027698, 0.053136, 0.027674, 0.031083, -0.999134, 0.079312, -0.001202, 0.999517, 0.031062, 0.031264, 0.000000, 0.000000, 0.000000, 1.000000
26.9314, 18.1490, -1.2024, 257.1738, 279.1738, -18.1490, 201.2758, 53.2567, 79.2074, 31.2755, 0.997828, -0.038284, 0.053608, 0.018149, 0.032555, 0.994050, 0.103946, -0.001202, -0.057268, -0.101975, 0.993137, 0.257174, 0.000000, 0.000000, 0.000000, 1.000000, -0.057268, -0.101975, 0.993137, 0.279174, -0.997828, 0.038284, -0.053608, -0.018149, -0.032555, -0.994050, -0.103946, 0.201276, 0.000000, 0.000000, 0.000000, 1.000000, 0.999846, 0.001495, 0.017489, 0.053257, 0.017435, 0.030261, -0.999390, 0.079207, -0.002023, 0.999541, 0.030230, 0.031275, 0.000000, 0.000000, 0.000000, 1.000000
27.0822, 17.9913, -1.2121, 257.1491, 279.1491, -17.9913, 201.2855, 53.3082, 79.0986, 31.2737, 0.997388, -0.039155, 0.060703, 0.017991, 0.032587, 0.993871, 0.105638, -0.001212, -0.064467, -0.103384, 0.992550, 0.257149, 0.000000, 0.000000, 0.000000, 1.000000, -0.064467, -0.103384, 0.992550, 0.279149, -0.997388, 0.039155, -0.060703, -0.017991, -0.032587, -0.993871, -0.105638, 0.201286, 0.000000, 0.000000, 0.000000, 1.000000, 0.999757, 0.000759, 0.022029, 0.053308, 0.021994, 0.031709, -0.999255, 0.079099, -0.001457, 0.999497, 0.031684, 0.031274, 0.000000, 0.000000, 0.000000, 1.000000
27.2162, 17.8854, -1.1971, 257.3089, 279.3089, -17.8854, 201.2705, 53.3806, 78.8179, 31.2813, 0.997369, -0.038192, 0.061608, 0.017885, 0.031942, 0.994532, 0.099426, -0.001197, -0.065068, -0.097197, 0.993136, 0.257309, 0.000000, 0.000000, 0.000000, 1.000000, -0.065068, -0.097197, 0.993136, 0.279309, -0.997369, 0.038192, -0.061608, -0.017885, -0.031942, -0.994532, -0.099426, 0.201271, 0.000000, 0.000000, 0.000000, 1.000000, 0.999792, 0.001539, 0.020348, 0.053381, 0.020302, 0.025452, -0.999470, 0.078818, -0.002057, 0.999675, 0.025415, 0.031281, 0.000000, 0.000000, 0.000000, 1.000000
27.3713, 17.6924, -1.2068, 257.2878, 279.2878, -17.6924, 201.2803, 53.4019, 78.7035, 31.2805, 0.996697, -0.038873, 0.071306, 0.017692, 0.031557, 0.994386, 0.100995, -0.001207, -0.074831, -0.098411, 0.992328, 0.257288, 0.000000, 0.000000, 0.000000, 1.000000, -0.074831, -0.098411, 0.992328, 0.279288, -0.996697, 0.038873, -0.071306, -0.017692, -0.031557, -0.994386, -0.100995, 0.201280, 0.000000, 0.000000, 0.000000, 1.000000, 0.999624, 0.000981, 0.027416, 0.053402, 0.027380, 0.026699, -0.999268, 0.078704, -0.001713, 0.999643, 0.026662, 0.031280, 0.000000, 0.000000, 0.000000, 1.000000
27.5590, 17.5745, -1.2059, 257.3472, 279.3472, -17.5745, 201.2794, 53.5386, 78.4746, 31.2817, 0.996789, -0.038231, 0.070360, 0.017574, 0.031237, 0.994700, 0.097955, -0.001206, -0.073732, -0.095443, 0.992701, 0.257347, 0.000000, 0.000000, 0.000000, 1.000000, -0.073732, -0.095443, 0.992701, 0.279347, -0.996789, 0.038231, -0.070360, -0.017574, -0.031237, -0.994700, -0.097955, 0.201279, 0.000000, 0.000000, 0.000000, 1.000000, 0.999733, 0.001569, 0.023074, 0.053539, 0.023030, 0.023685, -0.999454, 0.078475, -0.002115, 0.999718, 0.023642, 0.031282, 0.000000, 0.000000, 0.000000, 1.000000
27.6790, 17.3880, -1.2322, 257.1747, 279.1747, -17.3880, 201.3056, 53.5249, 78.5455, 31.2751, 0.996318, -0.039118, 0.076295, 0.017388, 0.030804, 0.993753, 0.107264, -0.001232, -0.080014, -0.104518, 0.991299, 0.257175, 0.000000, 0.000000, 0.000000, 1.000000, -0.080014, -0.104518, 0.991299, 0.279175, -0.996318, 0.039118, -0.076295, -0.017388, -0.030804, -0.993753, -0.107264, 0.201306, 0.000000, 0.000000, 0.000000, 1.000000, 0.999626, 0.001182, 0.027303, 0.053525, 0.027250, 0.032835, -0.999089, 0.078545, -0.002077, 0.999460, 0.032791, 0.031275, 0.000000, 0.000000, 0.000000, 1.000000
27.8451, 17.2662, -1.2301, 257.2524, 279.2524, -17.2662, 201.3035, 53.6267, 78.3189, 31.2764, 0.996255, -0.038689, 0.077322, 0.017266, 0.030362, 0.993891, 0.106103, -0.001230, -0.080955, -0.103358, 0.991344, 0.257252, 0.000000, 0.000000, 0.000000, 1.000000, -0.080955, -0.103358, 0.991344, 0.279252, -0.996255, 0.038689, -0.077322, -0.017266, -0.030362, -0.993891, -0.106103, 0.201304, 0.000000, 0.000000, 0.000000, 1.000000, 0.999676, 0.001645, 0.025389, 0.053627, 0.025324, 0.031644, -0.999178, 0.078319, -0.002447, 0.999498, 0.031592, 0.031276, 0.000000, 0.000000, 0.000000, 1.000000
27.9831, 17.0819, -1.2379, 257.2261, 279.2261, -17.0819, 201.3114, 53.6325, 78.2266, 31.2776, 0.995643, -0.039281, 0.084571, 0.017082, 0.030026, 0.993692, 0.108045, -0.001238, -0.088282, -0.105035, 0.990542, 0.257226, 0.000000, 0.000000, 0.000000, 1.000000, -0.088282, -0.105035, 0.990542, 0.279226, -0.995643, 0.039281, -0.084571, -0.017082, -0.030026, -0.993692, -0.108045, 0.201311, 0.000000, 0.000000, 0.000000, 1.000000, 0.999539, 0.001222, 0.030328, 0.053633, 0.030271, 0.033357, -0.998985, 0.078227, -0.002232, 0.999443, 0.033304, 0.031278, 0.000000, 0.000000, 0.000000, 1.000000
28.1452, 16.9484, -1.2285, 257.3063, 279.3063, -16.9484, 201.3020, 53.7159, 78.0017, 31.2863, 0.995234, -0.039046, 0.089362, 0.016948, 0.029645, 0.994113, 0.104211, -0.001229, -0.092905, -0.101065, 0.990532, 0.257306, 0.000000, 0.000000, 0.000000, 1.000000, -0.092905, -0.101065, 0.990532, 0.279306, -0.995234, 0.039046, -0.089362, -0.016948, -0.029645, -0.994113, -0.104211, 0.201302, 0.000000, 0.000000, 0.000000, 1.000000, 0.999482, 0.001322, 0.032150, 0.053716, 0.032097, 0.029356, -0.999054, 0.078002, -0.002265, 0.999568, 0.029298, 0.031286, 0.000000, 0.000000, 0.000000, 1.000000
28.2964, 16.8024, -1.2523, 257.1923, 279.1923, -16.8024, 201.3257, 53.7824, 77.9839, 31.2765, 0.995247, -0.039308, 0.089097, 0.016802, 0.029235, 0.993316, 0.111660, -0.001252, -0.092890, -0.108525, 0.989744, 0.257192, 0.000000, 0.000000, 0.000000, 1.000000, -0.092890, -0.108525, 0.989744, 0.279192, -0.995247, 0.039308, -0.089097, -0.016802, -0.029235, -0.993316, -0.111660, 0.201326, 0.000000, 0.000000, 0.000000, 1.000000, 0.999562, 0.001587, 0.029553, 0.053782, 0.029474, 0.036852, -0.998886, 0.077984, -0.002674, 0.999319, 0.036789, 0.031277, 0.000000, 0.000000, 0.000000, 1.000000
28.4212, 16.6903, -1.2500, 257.2432, 279.2432, -16.6903, 201.3234, 53.8371, 77.8228, 31.2794, 0.995381, -0.038713, 0.087848, 0.016690, 0.028987, 0.993574, 0.109408, -0.001250, -0.091519, -0.106356, 0.990107, 0.257243, 0.000000, 0.000000, 0.000000, 1.000000, -0.091519, -0.106356, 0.990107, 0.279243, -0.995381, 0.038713, -0.087848, -0.016690, -0.028987, -0.993574, -0.109408, 0.201323, 0.000000, 0.000000, 0.000000, 1.000000, 0.999659, 0.002126, 0.026032, 0.053837, 0.025942, 0.034634, -0.999063, 0.077823, -0.003026, 0.999398, 0.034567, 0.031279, 0.000000, 0.000000, 0.000000, 1.000000
28.5737, 16.5326, -1.2394, 257.3400, 279.3400, -16.5326, 201.3129, 53.8805, 77.5926, 31.2891, 0.994697, -0.038876, 0.095223, 0.016533, 0.028631, 0.993881, 0.106679, -0.001239, -0.098788, -0.103387, 0.989723, 0.257340, 0.000000, 0.000000, 0.000000, 1.000000, -0.098788, -0.103387, 0.989723, 0.279340, -0.994697, 0.038876, -0.095223, -0.016533, -0.028631, -0.993881, -0.106679, 0.201313, 0.000000, 0.000000, 0.000000, 1.000000, 0.999528, 0.001863, 0.030660, 0.053881, 0.030586, 0.031662, -0.999031, 0.077593, -0.002832, 0.999497, 0.031590, 0.031289, 0.000000, 0.000000, 0.000000, 1.000000
28.7130, 16.3686, -1.2532, 257.2409, 279.2409, -16.3686, 201.3266, 53.9120, 77.5721, 31.2888, 0.994269, -0.039204, 0.099462, 0.016369, 0.028394, 0.993760, 0.107868, -0.001253, -0.103070, -0.104425, 0.989177, 0.257241, 0.000000, 0.000000, 0.000000, 1.000000, -0.103070, -0.104425, 0.989177, 0.279241, -0.994269, 0.039204, -0.099462, -0.016369, -0.028394, -0.993760, -0.107868, 0.201327, 0.000000, 0.000000, 0.000000, 1.000000, 0.999469, 0.001682, 0.032536, 0.053912, 0.032463, 0.032722, -0.998937, 0.077572, -0.002745, 0.999463, 0.032650, 0.031289, 0.000000, 0.000000, 0.000000, 1.000000
28.8646, 16.2460, -1.2533, 257.2504, 279.2504, -16.2460, 201.3267, 53.9942, 77.4285, 31.2928, 0.994168, -0.038906, 0.100580, 0.016246, 0.028028, 0.993823, 0.107383, -0.001253, -0.104137, -0.103938, 0.989117, 0.257250, 0.000000, 0.000000, 0.000000, 1.000000, -0.104137, -0.103938, 0.989117, 0.279250, -0.994168, 0.038906, -0.100580, -0.016246, -0.028028, -0.993823, -0.107383, 0.201327, 0.000000, 0.000000, 0.000000, 1.000000, 0.999517, 0.002032, 0.030995, 0.053994, 0.030914, 0.032206, -0.999003, 0.077429, -0.003028, 0.999479, 0.032128, 0.031293, 0.000000, 0.000000, 0.000000, 1.000000
29.0259, 16.0961, -1.2688, 257.1799, 279.1799, -16.0961, 201.3422, 54.0675, 77.3585, 31.2882, 0.993604, -0.038924, 0.105996, 0.016096, 0.027416, 0.993780, 0.107938, -0.001269, -0.109538, -0.104342, 0.988491, 0.257180, 0.000000, 0.000000, 0.000000, 1.000000, -0.109538, -0.104342, 0.988491, 0.279180, -0.993604, 0.038924, -0.105996, -0.016096, -0.027416, -0.993780, -0.107938, 0.201342, 0.000000, 0.000000, 0.000000, 1.000000, 0.999432, 0.002134, 0.033646, 0.054067, 0.033559, 0.032607, -0.998905, 0.077359, -0.003229, 0.999466, 0.032516, 0.031288, 0.000000, 0.000000, 0.000000, 1.000000
29.1828, 15.9348, -1.2599, 257.2810, 279.2810, -15.9348, 201.3333, 54.1106, 77.1213, 31.2961, 0.992764, -0.038896, 0.113607, 0.015935, 0.026970, 0.994140, 0.104683, -0.001260, -0.117013, -0.100861, 0.987995, 0.257281, 0.000000, 0.000000, 0.000000, 1.000000, -0.117013, -0.100861, 0.987995, 0.279281, -0.992764, 0.038896, -0.113607, -0.015935, -0.026970, -0.994140, -0.104683, 0.201333, 0.000000, 0.000000, 0.000000, 1.000000, 0.999259, 0.001988, 0.038426, 0.054111, 0.038351, 0.029111, -0.998840, 0.077121, -0.003104, 0.999574, 0.029013, 0.031296, 0.000000, 0.000000, 0.000000, 1.000000
29.3238, 15.7898, -1.2822, 257.1740, 279.1740, -15.7898, 201.3557, 54.1639, 77.1074, 31.2871, 0.992974, -0.039128, 0.111677, 0.015790, 0.026829, 0.993615, 0.109586, -0.001282, -0.115252, -0.105820, 0.987684, 0.257174, 0.000000, 0.000000, 0.000000, 1.000000, -0.115252, -0.105820, 0.987684, 0.279174, -0.992974, 0.039128, -0.111677, -0.015790, -0.026829, -0.993615, -0.109586, 0.201356, 0.000000, 0.000000, 0.000000, 1.000000, 0.999412, 0.002215, 0.034230, 0.054164, 0.034134, 0.034093, -0.998836, 0.077107, -0.003380, 0.999416, 0.033997, 0.031287, 0.000000, 0.000000, 0.000000, 1.000000
29.4908, 15.6477, -1.2730, 257.2649, 279.2649, -15.6477, 201.3465, 54.2396, 76.8698, 31.2952, 0.992082, -0.039121, 0.119346, 0.015648, 0.026483, 0.994045, 0.105699, -0.001273, -0.122770, -0.101701, 0.987210, 0.257265, 0.000000, 0.000000, 0.000000, 1.000000, -0.122770, -0.101701, 0.987210, 0.279265, -0.992082, 0.039121, -0.119346, -0.015648, -0.026483, -0.994045, -0.105699, 0.201346, 0.000000, 0.000000, 0.000000, 1.000000, 0.999242, 0.001988, 0.038869, 0.054240, 0.038792, 0.029960, -0.998798, 0.076870, -0.003150, 0.999549, 0.029861, 0.031295, 0.000000, 0.000000, 0.000000, 1.000000
29.6473, 15.5132, -1.2976, 257.0826, 279.0826, -15.5132, 201.3710, 54.3304, 76.9158, 31.2891, 0.992642, -0.039206, 0.114568, 0.015513, 0.026123, 0.993189, 0.113546, -0.001298, -0.118239, -0.109718, 0.986905, 0.257083, 0.000000, 0.000000, 0.000000, 1.000000, -0.118239, -0.109718, 0.986905, 0.279083, -0.992642, 0.039206, -0.114568, -0.015513, -0.026123, -0.993189, -0.113546, 0.201371, 0.000000, 0.000000, 0.000000, 1.000000, 0.999495, 0.002657, 0.031665, 0.054330, 0.031541, 0.037991, -0.998780, 0.076916, -0.003856, 0.999275, 0.037888, 0.031289, 0.000000, 0.000000, 0.000000, 1.000000
29.7940, 15.3503, -1.2761, 257.2314, 279.2314, -15.3503, 201.3496, 54.3524, 76.6411, 31.3061, 0.991609, -0.038993, 0.123254, 0.015350, 0.025703, 0.993859, 0.107628, -0.001276, -0.126694, -0.103557, 0.986522, 0.257231, 0.000000, 0.000000, 0.000000, 1.000000, -0.126694, -0.103557, 0.986522, 0.279231, -0.991609, 0.038993, -0.123254, -0.015350, -0.025703, -0.993859, -0.107628, 0.201350, 0.000000, 0.000000, 0.000000, 1.000000, 0.999290, 0.002435, 0.037597, 0.054352, 0.037501, 0.031795, -0.998791, 0.076641, -0.003627, 0.999491, 0.031681, 0.031306, 0.000000, 0.000000, 0.000000, 1.000000
29.9382, 15.1992, -1.2894, 257.2290, 279.2290, -15.1992, 201.3628, 54.3945, 76.5210, 31.2989, 0.991406, -0.039275, 0.124788, 0.015199, 0.025439, 0.993540, 0.110595, -0.001289, -0.128326, -0.106470, 0.986000, 0.257229, 0.000000, 0.000000, 0.000000, 1.000000, -0.128326, -0.106470, 0.986000, 0.279229, -0.991406, 0.039275, -0.124788, -0.015199, -0.025439, -0.993540, -0.110595, 0.201363, 0.000000, 0.000000, 0.000000, 1.000000, 0.999321, 0.002492, 0.036754, 0.054394, 0.036646, 0.034732, -0.998725, 0.076521, -0.003766, 0.999394, 0.034617, 0.031299, 0.000000, 0.000000, 0.000000, 1.000000
30.0990, 15.0729, -1.3041, 257.1844, 279.1844, -15.0729, 201.3776, 54.4872, 76.4251, 31.2922, 0.991092, -0.039737, 0.127110, 0.015073, 0.025214, 0.993174, 0.113885, -0.001304, -0.130768, -0.109666, 0.985329, 0.257184, 0.000000, 0.000000, 0.000000, 1.000000, -0.130768, -0.109666, 0.985329, 0.279184, -0.991092, 0.039737, -0.127110, -0.015073, -0.025214, -0.993174, -0.113885, 0.201378, 0.000000, 0.000000, 0.000000, 1.000000, 0.999333, 0.002423, 0.036429, 0.054487, 0.036311, 0.037968, -0.998619, 0.076425, -0.003802, 0.999276, 0.037854, 0.031292, 0.000000, 0.000000, 0.000000, 1.000000
30.2489, 14.9490, -1.3084, 257.1531, 279.1531, -14.9490, 201.3818, 54.5666, 76.3256, 31.2951, 0.991315, -0.039406, 0.125467, 0.014949, 0.024842, 0.992985, 0.115601, -0.001308, -0.129142, -0.111480, 0.985340, 0.257153, 0.000000, 0.000000, 0.000000, 1.000000, -0.129142, -0.111480, 0.985340, 0.279153, -0.991315, 0.039406, -0.125467, -0.014949, -0.024842, -0.992985, -0.115601, 0.201382, 0.000000, 0.000000, 0.000000, 1.000000, 0.999476, 0.003022, 0.032236, 0.054567, 0.032090, 0.039745, -0.998694, 0.076326, -0.004299, 0.999205, 0.039627, 0.031295, 0.000000, 0.000000, 0.000000, 1.000000
30.4009, 14.7984, -1.3063, 257.2421, 279.2421, -14.7984, 201.3797, 54.6103, 76.1067, 31.2966, 0.990736, -0.039369, 0.129973, 0.014798, 0.024490, 0.993161, 0.114152, -0.001306, -0.133578, -0.109911, 0.984925, 0.257242, 0.000000, 0.000000, 0.000000, 1.000000, -0.133578, -0.109911, 0.984925, 0.279242, -0.990736, 0.039369, -0.129973, -0.014798, -0.024490, -0.993161, -0.114152, 0.201380, 0.000000, 0.000000, 0.000000, 1.000000, 0.999415, 0.003012, 0.034062, 0.054610, 0.033923, 0.038163, -0.998696, 0.076107, -0.004308, 0.999267, 0.038038, 0.031297, 0.000000, 0.000000, 0.000000, 1.000000
30.5253, 14.6708, -1.2911, 257.2839, 279.2839, -14.6708, 201.3645, 54.6447, 75.9581, 31.3137, 0.990179, -0.039120, 0.134223, 0.014671, 0.024306, 0.993603, 0.110283, -0.001291, -0.137679, -0.105937, 0.984795, 0.257284, 0.000000, 0.000000, 0.000000, 1.000000, -0.137679, -0.105937, 0.984795, 0.279284, -0.990179, 0.039120, -0.134223, -0.014671, -0.024306, -0.993603, -0.110283, 0.201365, 0.000000, 0.000000, 0.000000, 1.000000, 0.999347, 0.002950, 0.036013, 0.054645, 0.035892, 0.034156, -0.998772, 0.075958, -0.004176, 0.999412, 0.034027, 0.031314, 0.000000, 0.000000, 0.000000, 1.000000
30.6765, 14.5191, -1.3215, 257.1863, 279.1863, -14.5191, 201.3950, 54.7035, 75.9282, 31.2962, 0.990020, -0.039598, 0.135251, 0.014519, 0.023898, 0.992986, 0.115789, -0.001322, -0.138888, -0.111401, 0.984022, 0.257186, 0.000000, 0.000000, 0.000000, 1.000000, -0.138888, -0.111401, 0.984022, 0.279186, -0.990020, 0.039598, -0.135251, -0.014519, -0.023898, -0.992986, -0.115789, 0.201395, 0.000000, 0.000000, 0.000000, 1.000000, 0.999395, 0.003119, 0.034652, 0.054703, 0.034501, 0.039662, -0.998617, 0.075928, -0.004489, 0.999208, 0.039531, 0.031296, 0.000000, 0.000000, 0.000000, 1.000000
30.8202, 14.4097, -1.3197, 257.2036, 279.2036, -14.4097, 201.3931, 54.7832, 75.7850, 31.3010, 0.989439, -0.039763, 0.139388, 0.014410, 0.023699, 0.993075, 0.115070, -0.001320, -0.142998, -0.110552, 0.983529, 0.257204, 0.000000, 0.000000, 0.000000, 1.000000, -0.142998, -0.110552, 0.983529, 0.279204, -0.989439, 0.039763, -0.139388, -0.014410, -0.023699, -0.993075, -0.115070, 0.201393, 0.000000, 0.000000, 0.000000, 1.000000, 0.999337, 0.002966, 0.036288, 0.054783, 0.036146, 0.038823, -0.998592, 0.075785, -0.004371, 0.999242, 0.038690, 0.031301, 0.000000, 0.000000, 0.000000, 1.000000
30.9740, 14.2287, -1.3284, 257.2000, 279.2000, -14.2287, 201.4018, 54.8068, 75.6614, 31.2996, 0.989262, -0.039392, 0.140747, 0.014229, 0.023078, 0.993014, 0.115717, -0.001328, -0.144323, -0.111226, 0.983260, 0.257200, 0.000000, 0.000000, 0.000000, 1.000000, -0.144323, -0.111226, 0.983260, 0.279200, -0.989262, 0.039392, -0.140747, -0.014229, -0.023078, -0.993014, -0.115717, 0.201402, 0.000000, 0.000000, 0.000000, 1.000000, 0.999381, 0.003512, 0.035008, 0.054807, 0.034842, 0.039448, -0.998614, 0.075661, -0.004888, 0.999215, 0.039301, 0.031300, 0.000000, 0.000000, 0.000000, 1.000000
31.1454, 14.0851, -1.3280, 257.2060, 279.2060, -14.0851, 201.4015, 54.8896, 75.5070, 31.3051, 0.988407, -0.039595, 0.146576, 0.014085, 0.022740, 0.993113, 0.114931, -0.001328, -0.150117, -0.110266, 0.982500, 0.257206, 0.000000, 0.000000, 0.000000, 1.000000, -0.150117, -0.110266, 0.982500, 0.279206, -0.988407, 0.039595, -0.146576, -0.014085, -0.022740, -0.993113, -0.114931, 0.201401, 0.000000, 0.000000, 0.000000, 1.000000, 0.999277, 0.003323, 0.037870, 0.054890, 0.037715, 0.038501, -0.998547, 0.075507, -0.004776, 0.999253, 0.038348, 0.031305, 0.000000, 0.000000, 0.000000, 1.000000
31.3022, 13.9480, -1.3367, 257.2199, 279.2199, -13.9480, 201.4101, 54.9581, 75.3589, 31.3008, 0.988048, -0.039716, 0.148943, 0.013948, 0.022516, 0.993060, 0.115435, -0.001337, -0.152494, -0.110702, 0.982085, 0.257220, 0.000000, 0.000000, 0.000000, 1.000000, -0.152494, -0.110702, 0.982085, 0.279220, -0.988048, 0.039716, -0.148943, -0.013948, -0.022516, -0.993060, -0.115435, 0.201410, 0.000000, 0.000000, 0.000000, 1.000000, 0.999289, 0.003357, 0.037550, 0.054958, 0.037391, 0.038941, -0.998542, 0.075359, -0.004814, 0.999236, 0.038788, 0.031301, 0.000000, 0.000000, 0.000000, 1.000000
31.4587, 13.7762, -1.3380, 257.2157, 279.2157, -13.7762, 201.4115, 54.9936, 75.2328, 31.3064, 0.987404, -0.039880, 0.153114, 0.013776, 0.022206, 0.993065, 0.115450, -0.001338, -0.156656, -0.110596, 0.981442, 0.257216, 0.000000, 0.000000, 0.000000, 1.000000, -0.156656, -0.110596, 0.981442, 0.279216, -0.987404, 0.039880, -0.153114, -0.013776, -0.022206, -0.993065, -0.115450, 0.201411, 0.000000, 0.000000, 0.000000, 1.000000, 0.999232, 0.003288, 0.039039, 0.054994, 0.038882, 0.038845, -0.998488, 0.075233, -0.004799, 0.999240, 0.038688, 0.031306, 0.000000, 0.000000, 0.000000, 1.000000
31.5870, 13.6468, -1.3426, 257.2228, 279.2228, -13.6468, 201.4161, 55.0326, 75.1180, 31.3063, 0.987212, -0.039759, 0.154374, 0.013647, 0.021818, 0.992984, 0.116223, -0.001343, -0.157912, -0.111368, 0.981153, 0.257223, 0.000000, 0.000000, 0.000000, 1.000000, -0.157912, -0.111368, 0.981153, 0.279223, -0.987212, 0.039759, -0.154374, -0.013647, -0.021818, -0.992984, -0.116223, 0.201416, 0.000000, 0.000000, 0.000000, 1.000000, 0.999267, 0.003585, 0.038111, 0.055033, 0.037940, 0.039595, -0.998495, 0.075118, -0.005089, 0.999209, 0.039430, 0.031306, 0.000000, 0.000000, 0.000000, 1.000000
31.7479, 13.4994, -1.3385, 257.2792, 279.2792, -13.4994, 201.4120, 55.0902, 74.9249, 31.3120, 0.987139, -0.039461, 0.154916, 0.013499, 0.021582, 0.993080, 0.115437, -0.001339, -0.158400, -0.110609, 0.981160, 0.257279, 0.000000, 0.000000, 0.000000, 1.000000, -0.158400, -0.110609, 0.981160, 0.279279, -0.987139, 0.039461, -0.154916, -0.013499, -0.021582, -0.993080, -0.115437, 0.201412, 0.000000, 0.000000, 0.000000, 1.000000, 0.999351, 0.003901, 0.035822, 0.055090, 0.035644, 0.038790, -0.998611, 0.074925, -0.005285, 0.999240, 0.038626, 0.031312, 0.000000, 0.000000, 0.000000, 1.000000
31.8999, 13.3789, -1.3421, 257.2407, 279.2407, -13.3789, 201.4155, 55.1741, 74.8317, 31.3159, 0.986500, -0.039540, 0.158917, 0.013379, 0.020997, 0.992943, 0.116716, -0.001342, -0.162411, -0.111804, 0.980369, 0.257241, 0.000000, 0.000000, 0.000000, 1.000000, -0.162411, -0.111804, 0.980369, 0.279241, -0.986500, 0.039540, -0.158917, -0.013379, -0.020997, -0.992943, -0.116716, 0.201416, 0.000000, 0.000000, 0.000000, 1.000000, 0.999297, 0.004072, 0.037276, 0.055174, 0.037084, 0.039982, -0.998512, 0.074832, -0.005557, 0.999192, 0.039802, 0.031316, 0.000000, 0.000000, 0.000000, 1.000000
32.0322, 13.2170, -1.3640, 257.1763, 279.1763, -13.2170, 201.4375, 55.1939, 74.7900, 31.3049, 0.986264, -0.040264, 0.160196, 0.013217, 0.020547, 0.992209, 0.122882, -0.001364, -0.163896, -0.117902, 0.979407, 0.257176, 0.000000, 0.000000, 0.000000, 1.000000, -0.163896, -0.117902, 0.979407, 0.279176, -0.986264, 0.040264, -0.160196, -0.013217, -0.020547, -0.992209, -0.122882, 0.201437, 0.000000, 0.000000, 0.000000, 1.000000, 0.999323, 0.004210, 0.036542, 0.055194, 0.036310, 0.046151, -0.998274, 0.074790, -0.005889, 0.998926, 0.045967, 0.031305, 0.000000, 0.000000, 0.000000, 1.000000
32.1838, 13.0967, -1.3587, 257.3050, 279.3050, -13.0967, 201.4322, 55.2557, 74.5314, 31.3056, 0.985617, -0.040002, 0.164194, 0.013097, 0.020181, 0.992489, 0.120656, -0.001359, -0.167787, -0.115607, 0.979021, 0.257305, 0.000000, 0.000000, 0.000000, 1.000000, -0.167787, -0.115607, 0.979021, 0.279305, -0.985617, 0.040002, -0.164194, -0.013097, -0.020181, -0.992489, -0.120656, 0.201432, 0.000000, 0.000000, 0.000000, 1.000000, 0.999274, 0.004298, 0.037849, 0.055256, 0.037624, 0.043815, -0.998331, 0.074531, -0.005949, 0.999030, 0.043622, 0.031306, 0.000000, 0.000000, 0.000000, 1.000000
32.3350, 12.9515, -1.3671, 257.3158, 279.3158, -12.9515, 201.4406, 55.3066, 74.3944, 31.3021, 0.985875, -0.039663, 0.162718, 0.012952, 0.019712, 0.992280, 0.122441, -0.001367, -0.166318, -0.117504, 0.979046, 0.257316, 0.000000, 0.000000, 0.000000, 1.000000, -0.166318, -0.117504, 0.979046, 0.279316, -0.985875, 0.039663, -0.162718, -0.012952, -0.019712, -0.992280, -0.122441, 0.201441, 0.000000, 0.000000, 0.000000, 1.000000, 0.999416, 0.004998, 0.033800, 0.055307, 0.033538, 0.045650, -0.998394, 0.074394, -0.006533, 0.998945, 0.045456, 0.031302, 0.000000, 0.000000, 0.000000, 1.000000
32.4602, 12.8442, -1.3802, 257.3071, 279.3071, -12.8442, 201.4537, 55.3636, 74.2972, 31.2938, 0.985778, -0.039616, 0.163319, 0.012844, 0.019470, 0.992197, 0.123154, -0.001380, -0.166923, -0.118223, 0.978857, 0.257307, 0.000000, 0.000000, 0.000000, 1.000000, -0.166923, -0.118223, 0.978857, 0.279307, -0.985778, 0.039616, -0.163319, -0.012844, -0.019470, -0.992197, -0.123154, 0.201454, 0.000000, 0.000000, 0.000000, 1.000000, 0.999466, 0.005239, 0.032259, 0.055364, 0.031982, 0.046349, -0.998413, 0.074297, -0.006726, 0.998912, 0.046157, 0.031294, 0.000000, 0.000000, 0.000000, 1.000000
32.6303, 12.6854, -1.3787, 257.3696, 279.3696, -12.6854, 201.4522, 55.4181, 74.0924, 31.2969, 0.984457, -0.039693, 0.171080, 0.012685, 0.018856, 0.992382, 0.121743, -0.001379, -0.174610, -0.116625, 0.977707, 0.257370, 0.000000, 0.000000, 0.000000, 1.000000, -0.174610, -0.116625, 0.977707, 0.279370, -0.984457, 0.039693, -0.171080, -0.012685, -0.018856, -0.992382, -0.121743, 0.201452, 0.000000, 0.000000, 0.000000, 1.000000, 0.999299, 0.005084, 0.037098, 0.055418, 0.036834, 0.044752, -0.998319, 0.074092, -0.006735, 0.998985, 0.044534, 0.031297, 0.000000, 0.000000, 0.000000, 1.000000
32.7863, 12.5369, -1.3971, 257.2733, 279.2733, -12.5369, 201.4705, 55.4857, 74.0583, 31.2913, 0.984386, -0.040241, 0.171361, 0.012537, 0.018808, 0.991990, 0.124911, -0.001397, -0.175015, -0.119738, 0.977258, 0.257273, 0.000000, 0.000000, 0.000000, 1.000000, -0.175015, -0.119738, 0.977258, 0.279273, -0.984386, 0.040241, -0.171361, -0.012537, -0.018808, -0.991990, -0.124911, 0.201471, 0.000000, 0.000000, 0.000000, 1.000000, 0.999381, 0.005092, 0.034810, 0.055486, 0.034527, 0.047918, -0.998254, 0.074058, -0.006752, 0.998838, 0.047712, 0.031291, 0.000000, 0.000000, 0.000000, 1.000000
32.9291, 12.3732, -1.3984, 257.2792, 279.2792, -12.3732, 201.4719, 55.5074, 73.9372, 31.2959, 0.982898, -0.039956, 0.179765, 0.012373, 0.017875, 0.992269, 0.122813, -0.001398, -0.183283, -0.117499, 0.976013, 0.257279, 0.000000, 0.000000, 0.000000, 1.000000, -0.183283, -0.117499, 0.976013, 0.279279, -0.982898, 0.039956, -0.179765, -0.012373, -0.017875, -0.992269, -0.122813, 0.201472, 0.000000, 0.000000, 0.000000, 1.000000, 0.999156, 0.005180, 0.040755, 0.055507, 0.040477, 0.045633, -0.998138, 0.073937, -0.007030, 0.998945, 0.045385, 0.031296, 0.000000, 0.000000, 0.000000, 1.000000
33.0952, 12.2592, -1.3976, 257.2762, 279.2762, -12.2592, 201.4711, 55.6092, 73.7953, 31.3013, 0.983713, -0.039544, 0.175341, 0.012259, 0.017739, 0.992096, 0.124221, -0.001398, -0.178868, -0.119087, 0.976639, 0.257276, 0.000000, 0.000000, 0.000000, 1.000000, -0.178868, -0.119087, 0.976639, 0.279276, -0.983713, 0.039544, -0.175341, -0.012259, -0.017739, -0.992096, -0.124221, 0.201471, 0.000000, 0.000000, 0.000000, 1.000000, 0.999423, 0.005948, 0.033434, 0.055609, 0.033118, 0.047138, -0.998339, 0.073795, -0.007514, 0.998871, 0.046914, 0.031301, 0.000000, 0.000000, 0.000000, 1.000000
33.2789, 12.0964, -1.4057, 257.3320, 279.3320, -12.0964, 201.4791, 55.6761, 73.5863, 31.2955, 0.982327, -0.039826, 0.182885, 0.012096, 0.017426, 0.992316, 0.122495, -0.001406, -0.186359, -0.117143, 0.975473, 0.257332, 0.000000, 0.000000, 0.000000, 1.000000, -0.186359, -0.117143, 0.975473, 0.279332, -0.982327, 0.039826, -0.182885, -0.012096, -0.017426, -0.992316, -0.122495, 0.201479, 0.000000, 0.000000, 0.000000, 1.000000, 0.999269, 0.005534, 0.037817, 0.055676, 0.037529, 0.045227, -0.998272, 0.073586, -0.007235, 0.998961, 0.044986, 0.031296, 0.000000, 0.000000, 0.000000, 1.000000
33.4055, 11.9390, -1.4117, 257.2859, 279.2859, -11.9390, 201.4851, 55.6898, 73.5326, 31.2990, 0.981536, -0.040332, 0.186976, 0.011939, 0.017033, 0.992064, 0.124575, -0.001412, -0.190517, -0.119090, 0.974434, 0.257286, 0.000000, 0.000000, 0.000000, 1.000000, -0.190517, -0.119090, 0.974434, 0.279286, -0.981536, 0.040332, -0.186976, -0.011939, -0.017033, -0.992064, -0.124575, 0.201485, 0.000000, 0.000000, 0.000000, 1.000000, 0.999190, 0.005424, 0.039868, 0.055690, 0.039568, 0.047229, -0.998100, 0.073533, -0.007297, 0.998869, 0.046976, 0.031299, 0.000000, 0.000000, 0.000000, 1.000000
33.5509, 11.8135, -1.4112, 257.3608, 279.3608, -11.8135, 201.4847, 55.7408, 73.3363, 31.2989, 0.981683, -0.039713, 0.186339, 0.011813, 0.016747, 0.992235, 0.123243, -0.001411, -0.189786, -0.117865, 0.974725, 0.257361, 0.000000, 0.000000, 0.000000, 1.000000, -0.189786, -0.117865, 0.974725, 0.279361, -0.981683, 0.039713, -0.186339, -0.011813, -0.016747, -0.992235, -0.123243, 0.201485, 0.000000, 0.000000, 0.000000, 1.000000, 0.999311, 0.005970, 0.036623, 0.055741, 0.036312, 0.045900, -0.998286, 0.073336, -0.007641, 0.998928, 0.045652, 0.031299, 0.000000, 0.000000, 0.000000, 1.000000
33.6933, 11.6785, -1.4100, 257.3053, 279.3053, -11.6785, 201.4834, 55.7983, 73.2729, 31.3093, 0.980639, -0.040499, 0.191590, 0.011678, 0.016646, 0.992078, 0.124513, -0.001410, -0.195115, -0.118913, 0.973545, 0.257305, 0.000000, 0.000000, 0.000000, 1.000000, -0.195115, -0.118913, 0.973545, 0.279305, -0.980639, 0.040499, -0.191590, -0.011678, -0.016646, -0.992078, -0.124513, 0.201483, 0.000000, 0.000000, 0.000000, 1.000000, 0.999203, 0.005468, 0.039547, 0.055798, 0.039246, 0.047051, -0.998121, 0.073273, -0.007319, 0.998878, 0.046799, 0.031309, 0.000000, 0.000000, 0.000000, 1.000000
33.8418, 11.5474, -1.4171, 257.3870, 279.3870, -11.5474, 201.4905, 55.8455, 73.0688, 31.3015, 0.981233, -0.039698, 0.188695, 0.011547, 0.016029, 0.991984, 0.125341, -0.001417, -0.192158, -0.119964, 0.974004, 0.257387, 0.000000, 0.000000, 0.000000, 1.000000, -0.192158, -0.119964, 0.974004, 0.279387, -0.981233, 0.039698, -0.188695, -0.011547, -0.016029, -0.991984, -0.125341, 0.201491, 0.000000, 0.000000, 0.000000, 1.000000, 0.999399, 0.006546, 0.034051, 0.055846, 0.033699, 0.047954, -0.998281, 0.073069, -0.008168, 0.998828, 0.047704, 0.031301, 0.000000, 0.000000, 0.000000, 1.000000
33.9697, 11.4131, -1.4096, 257.4241, 279.4241, -11.4131, 201.4831, 55.8702, 72.9283, 31.3114, 0.980147, -0.039875, 0.194223, 0.011413, 0.015794, 0.992158, 0.123988, -0.001410, -0.197644, -0.118459, 0.973090, 0.257424, 0.000000, 0.000000, 0.000000, 1.000000, -0.197644, -0.118459, 0.973090, 0.279424, -0.980147, 0.039875, -0.194223, -0.011413, -0.015794, -0.992158, -0.123988, 0.201483, 0.000000, 0.000000, 0.000000, 1.000000, 0.999281, 0.006240, 0.037388, 0.055870, 0.037058, 0.046472, -0.998232, 0.072928, -0.007966, 0.998900, 0.046207, 0.031311, 0.000000, 0.000000, 0.000000, 1.000000
34.1275, 11.2886, -1.4158, 257.4557, 279.4557, -11.2886, 201.4893, 55.9427, 72.7638, 31.3078, 0.980201, -0.039764, 0.193973, 0.011289, 0.015236, 0.991870, 0.126339, -0.001416, -0.197420, -0.120882, 0.972838, 0.257456, 0.000000, 0.000000, 0.000000, 1.000000, -0.197420, -0.120882, 0.972838, 0.279456, -0.980201, 0.039764, -0.193973, -0.011289, -0.015236, -0.991870, -0.126339, 0.201489, 0.000000, 0.000000, 0.000000, 1.000000, 0.999381, 0.006869, 0.034496, 0.055943, 0.034121, 0.048843, -0.998223, 0.072764, -0.008541, 0.998783, 0.048578, 0.031308, 0.000000, 0.000000, 0.000000, 1.000000
34.2989, 11.1491, -1.4380, 257.3625, 279.3625, -11.1491, 201.5115, 56.0376, 72.7124, 31.2977, 0.979676, -0.040666, 0.196423, 0.011149, 0.015087, 0.991398, 0.130006, -0.001438, -0.200020, -0.124400, 0.971862, 0.257363, 0.000000, 0.000000, 0.000000, 1.000000, -0.200020, -0.124400, 0.971862, 0.279363, -0.979676, 0.040666, -0.196423, -0.011149, -0.015087, -0.991398, -0.130006, 0.201511, 0.000000, 0.000000, 0.000000, 1.000000, 0.999393, 0.006702, 0.034184, 0.056038, 0.033786, 0.052467, -0.998051, 0.072712, -0.008483, 0.998600, 0.052208, 0.031298, 0.000000, 0.000000, 0.000000, 1.000000
34.4149, 11.0084, -1.4314, 257.4821, 279.4821, -11.0084, 201.5049, 56.0261, 72.5046, 31.3015, 0.978810, -0.040199, 0.200786, 0.011008, 0.014553, 0.991718, 0.127605, -0.001431, -0.204253, -0.121979, 0.971289, 0.257482, 0.000000, 0.000000, 0.000000, 1.000000, -0.204253, -0.121979, 0.971289, 0.279482, -0.978810, 0.040199, -0.200786, -0.011008, -0.014553, -0.991718, -0.127605, 0.201505, 0.000000, 0.000000, 0.000000, 1.000000, 0.999310, 0.006865, 0.036496, 0.056026, 0.036108, 0.049967, -0.998098, 0.072505, -0.008676, 0.998727, 0.049684, 0.031301, 0.000000, 0.000000, 0.000000, 1.000000
34.5889, 10.8675, -1.4279, 257.4807, 279.4807, -10.8675, 201.5014, 56.1077, 72.3591, 31.3105, 0.978969, -0.039876, 0.200073, 0.010868, 0.014145, 0.991618, 0.128426, -0.001428, -0.203517, -0.122895, 0.971328, 0.257481, 0.000000, 0.000000, 0.000000, 1.000000, -0.203517, -0.122895, 0.971328, 0.279481, -0.978969, 0.039876, -0.200073, -0.010868, -0.014145, -0.991618, -0.128426, 0.201501, 0.000000, 0.000000, 0.000000, 1.000000, 0.999435, 0.007490, 0.032776, 0.056108, 0.032354, 0.050798, -0.998185, 0.072359, -0.009142, 0.998681, 0.050527, 0.031310, 0.000000, 0.000000, 0.000000, 1.000000
34.7317, 10.7391, -1.4348, 257.5161, 279.5161, -10.7391, 201.5083, 56.1551, 72.2070, 31.3061, 0.978249, -0.039773, 0.203583, 0.010739, 0.013949, 0.991837, 0.126745, -0.001435, -0.206962, -0.121148, 0.970819, 0.257516, 0.000000, 0.000000, 0.000000, 1.000000, -0.206962, -0.121148, 0.970819, 0.279516, -0.978249, 0.039773, -0.203583, -0.010739, -0.013949, -0.991837, -0.126745, 0.201508, 0.000000, 0.000000, 0.000000, 1.000000, 0.999401, 0.007418, 0.033789, 0.056155, 0.033386, 0.049029, -0.998239, 0.072207, -0.009062, 0.998770, 0.048752, 0.031306, 0.000000, 0.000000, 0.000000, 1.000000
34.9163, 10.5647, -1.4542, 257.4186, 279.4186, -10.5647, 201.5276, 56.2328, 72.1535, 31.3005, 0.977330, -0.040672, 0.207777, 0.010565, 0.013697, 0.991465, 0.129649, -0.001454, -0.211277, -0.123864, 0.969546, 0.257419, 0.000000, 0.000000, 0.000000, 1.000000, -0.211277, -0.123864, 0.969546, 0.279419, -0.977330, 0.040672, -0.207777, -0.010565, -0.013697, -0.991465, -0.129649, 0.201528, 0.000000, 0.000000, 0.000000, 1.000000, 0.999362, 0.007166, 0.034999, 0.056233, 0.034582, 0.051857, -0.998056, 0.072154, -0.008967, 0.998629, 0.051576, 0.031301, 0.000000, 0.000000, 0.000000, 1.000000
35.0459, 10.4144, -1.4551, 257.5374, 279.5374, -10.4144, 201.5286, 56.2267, 71.9364, 31.2969, 0.976675, -0.040422, 0.210882, 0.010414, 0.013436, 0.991700, 0.127867, -0.001455, -0.214300, -0.122051, 0.969112, 0.257537, 0.000000, 0.000000, 0.000000, 1.000000, -0.214300, -0.122051, 0.969112, 0.279537, -0.976675, 0.040422, -0.210882, -0.010414, -0.013436, -0.991700, -0.127867, 0.201529, 0.000000, 0.000000, 0.000000, 1.000000, 0.999332, 0.007208, 0.035827, 0.056227, 0.035423, 0.050000, -0.998121, 0.071936, -0.008986, 0.998723, 0.049711, 0.031297, 0.000000, 0.000000, 0.000000, 1.000000
35.2173, 10.2832, -1.4468, 257.5281, 279.5281, -10.2832, 201.5202, 56.3145, 71.8001, 31.3109, 0.976024, -0.040169, 0.213922, 0.010283, 0.012968, 0.991809, 0.127068, -0.001447, -0.217274, -0.121248, 0.968551, 0.257528, 0.000000, 0.000000, 0.000000, 1.000000, -0.217274, -0.121248, 0.968551, 0.279528, -0.976024, 0.040169, -0.213922, -0.010283, -0.012968, -0.991809, -0.127068, 0.201520, 0.000000, 0.000000, 0.000000, 1.000000, 0.999327, 0.007462, 0.035912, 0.056315, 0.035503, 0.049136, -0.998161, 0.071800, -0.009213, 0.998764, 0.048838, 0.031311, 0.000000, 0.000000, 0.000000, 1.000000
35.3518, 10.1375, -1.4457, 257.5332, 279.5332, -10.1375, 201.5191, 56.3389, 71.6893, 31.3173, 0.975914, -0.040054, 0.214447, 0.010138, 0.012722, 0.991777, 0.127348, -0.001446, -0.217784, -0.121552, 0.968398, 0.257533, 0.000000, 0.000000, 0.000000, 1.000000, -0.217784, -0.121552, 0.968398, 0.279533, -0.975914, 0.040054, -0.214447, -0.010138, -0.012722, -0.991777, -0.127348, 0.201519, 0.000000, 0.000000, 0.000000, 1.000000, 0.999388, 0.007746, 0.034120, 0.056339, 0.033697, 0.049399, -0.998211, 0.071689, -0.009417, 0.998749, 0.049107, 0.031317, 0.000000, 0.000000, 0.000000, 1.000000
35.5021, 10.0064, -1.4395, 257.6263, 279.6263, -10.0064, 201.5129, 56.3806, 71.4739, 31.3219, 0.975081, -0.039682, 0.218269, 0.010006, 0.012414, 0.992091, 0.124906, -0.001439, -0.221499, -0.119084, 0.967862, 0.257626, 0.000000, 0.000000, 0.000000, 1.000000, -0.221499, -0.119084, 0.967862, 0.279626, -0.975081, 0.039682, -0.218269, -0.010006, -0.012414, -0.992091, -0.124906, 0.201513, 0.000000, 0.000000, 0.000000, 1.000000, 0.999347, 0.007785, 0.035295, 0.056381, 0.034893, 0.046866, -0.998292, 0.071474, -0.009425, 0.998871, 0.046564, 0.031322, 0.000000, 0.000000, 0.000000, 1.000000
35.6506, 9.8658, -1.4591, 257.5837, 279.5837, -9.8658, 201.5325, 56.4354, 71.3972, 31.3108, 0.974642, -0.040608, 0.220052, 0.009866, 0.012355, 0.991661, 0.128280, -0.001459, -0.223427, -0.122308, 0.967017, 0.257584, 0.000000, 0.000000, 0.000000, 1.000000, -0.223427, -0.122308, 0.967017, 0.279584, -0.974642, 0.040608, -0.220052, -0.009866, -0.012355, -0.991661, -0.128280, 0.201533, 0.000000, 0.000000, 0.000000, 1.000000, 0.999369, 0.007601, 0.034700, 0.056435, 0.034276, 0.050211, -0.998150, 0.071397, -0.009329, 0.998710, 0.049918, 0.031311, 0.000000, 0.000000, 0.000000, 1.000000
35.7860, 9.7478, -1.4488, 257.6683, 279.6683, -9.7478, 201.5223, 56.4721, 71.2026, 31.3195, 0.974680, -0.039905, 0.220016, 0.009748, 0.011414, 0.991543, 0.129274, -0.001449, -0.223314, -0.123489, 0.966893, 0.257668, 0.000000, 0.000000, 0.000000, 1.000000, -0.223314, -0.123489, 0.966893, 0.279668, -0.974680, 0.039905, -0.220016, -0.009748, -0.011414, -0.991543, -0.129274, 0.201522, 0.000000, 0.000000, 0.000000, 1.000000, 0.999439, 0.008635, 0.032355, 0.056472, 0.031871, 0.051223, -0.998179, 0.071203, -0.010276, 0.998650, 0.050920, 0.031320, 0.000000, 0.000000, 0.000000, 1.000000
35.9376, 9.6147, -1.4505, 257.6668, 279.6668, -9.6147, 201.5240, 56.5300, 71.0803, 31.3231, 0.973551, -0.040490, 0.224852, 0.009615, 0.011266, 0.991482, 0.129759, -0.001451, -0.228190, -0.123794, 0.965714, 0.257667, 0.000000, 0.000000, 0.000000, 1.000000, -0.228190, -0.123794, 0.965714, 0.279667, -0.973551, 0.040490, -0.224852, -0.009615, -0.011266, -0.991482, -0.129759, 0.201524, 0.000000, 0.000000, 0.000000, 1.000000, 0.999364, 0.008255, 0.034696, 0.056530, 0.034225, 0.051616, -0.998080, 0.071080, -0.010030, 0.998633, 0.051301, 0.031323, 0.000000, 0.000000, 0.000000, 1.000000
36.0993, 9.4747, -1.4466, 257.7415, 279.7415, -9.4747, 201.5201, 56.5785, 70.8746, 31.3270, 0.973842, -0.039884, 0.223700, 0.009475, 0.010873, 0.991527, 0.129447, -0.001447, -0.226968, -0.123629, 0.966024, 0.257741, 0.000000, 0.000000, 0.000000, 1.000000, -0.226968, -0.123629, 0.966024, 0.279741, -0.973842, 0.039884, -0.223700, -0.009475, -0.010873, -0.991527, -0.129447, 0.201520, 0.000000, 0.000000, 0.000000, 1.000000, 0.999489, 0.008962, 0.030682, 0.056579, 0.030183, 0.051309, -0.998227, 0.070875, -0.010521, 0.998643, 0.051012, 0.031327, 0.000000, 0.000000, 0.000000, 1.000000
36.2333, 9.3363, -1.4513, 257.7279, 279.7279, -9.3363, 201.5248, 56.6112, 70.7831, 31.3287, 0.972708, -0.040291, 0.228506, 0.009336, 0.010593, 0.991493, 0.129731, -0.001451, -0.231789, -0.123770, 0.964860, 0.257728, 0.000000, 0.000000, 0.000000, 1.000000, -0.231789, -0.123770, 0.964860, 0.279728, -0.972708, 0.040291, -0.228506, -0.009336, -0.010593, -0.991493, -0.129731, 0.201525, 0.000000, 0.000000, 0.000000, 1.000000, 0.999408, 0.008711, 0.033293, 0.056611, 0.032802, 0.051509, -0.998134, 0.070783, -0.010410, 0.998635, 0.051193, 0.031329, 0.000000, 0.000000, 0.000000, 1.000000
36.3907, 9.1961, -1.4506, 257.7899, 279.7899, -9.1961, 201.5241, 56.6556, 70.5950, 31.3303, 0.972271, -0.040273, 0.230365, 0.009196, 0.010226, 0.991440, 0.130166, -0.001451, -0.233635, -0.124200, 0.964359, 0.257790, 0.000000, 0.000000, 0.000000, 1.000000, -0.233635, -0.124200, 0.964359, 0.279790, -0.972271, 0.040273, -0.230365, -0.009196, -0.010226, -0.991440, -0.130166, 0.201524, 0.000000, 0.000000, 0.000000, 1.000000, 0.999432, 0.008957, 0.032484, 0.056656, 0.031977, 0.051906, -0.998140, 0.070595, -0.010627, 0.998612, 0.051590, 0.031330, 0.000000, 0.000000, 0.000000, 1.000000
36.5339, 9.0593, -1.4510, 257.7353, 279.7353, -9.0593, 201.5244, 56.7094, 70.5342, 31.3392, 0.971933, -0.040542, 0.231739, 0.009059, 0.009946, 0.991240, 0.131698, -0.001451, -0.235048, -0.125697, 0.963822, 0.257735, 0.000000, 0.000000, 0.000000, 1.000000, -0.235048, -0.125697, 0.963822, 0.279735, -0.971933, 0.040542, -0.231739, -0.009059, -0.009946, -0.991240, -0.131698, 0.201524, 0.000000, 0.000000, 0.000000, 1.000000, 0.999463, 0.009127, 0.031479, 0.056709, 0.030948, 0.053414, -0.998093, 0.070534, -0.010791, 0.998531, 0.053103, 0.031339, 0.000000, 0.000000, 0.000000, 1.000000
36.6829, 8.8926, -1.4608, 257.7590, 279.7590, -8.8926, 201.5343, 56.7254, 70.3989, 31.3345, 0.970637, -0.040844, 0.237054, 0.008893, 0.009546, 0.991243, 0.131703, -0.001461, -0.240358, -0.125573, 0.962528, 0.257759, 0.000000, 0.000000, 0.000000, 1.000000, -0.240358, -0.125573, 0.962528, 0.279759, -0.970637, 0.040844, -0.237054, -0.008893, -0.009546, -0.991243, -0.131703, 0.201534, 0.000000, 0.000000, 0.000000, 1.000000, 0.999370, 0.008944, 0.034354, 0.056725, 0.033829, 0.053333, -0.998004, 0.070399, -0.010759, 0.998537, 0.052997, 0.031334, 0.000000, 0.000000, 0.000000, 1.000000
36.8561, 8.7679, -1.4558, 257.8486, 279.8486, -8.7679, 201.5293, 56.7973, 70.1655, 31.3378, 0.970855, -0.039746, 0.236349, 0.008768, 0.009153, 0.991582, 0.129155, -0.001456, -0.239492, -0.123227, 0.963046, 0.257849, 0.000000, 0.000000, 0.000000, 1.000000, -0.239492, -0.123227, 0.963046, 0.279849, -0.970855, 0.039746, -0.236349, -0.008768, -0.009153, -0.991582, -0.129155, 0.201529, 0.000000, 0.000000, 0.000000, 1.000000, 0.999488, 0.009691, 0.030481, 0.056797, 0.029951, 0.050763, -0.998262, 0.070165, -0.011221, 0.998664, 0.050447, 0.031338, 0.000000, 0.000000, 0.000000, 1.000000
37.0195, 8.6322, -1.4530, 257.8798, 279.8798, -8.6322, 201.5265, 56.8581, 70.0012, 31.3437, 0.969595, -0.040165, 0.241396, 0.008632, 0.008885, 0.991567, 0.129294, -0.001453, -0.244553, -0.123217, 0.961775, 0.257880, 0.000000, 0.000000, 0.000000, 1.000000, -0.244553, -0.123217, 0.961775, 0.279880, -0.969595, 0.040165, -0.241396, -0.008632, -0.008885, -0.991567, -0.129294, 0.201526, 0.000000, 0.000000, 0.000000, 1.000000, 0.999416, 0.009424, 0.032837, 0.056858, 0.032317, 0.050815, -0.998185, 0.070001, -0.011075, 0.998664, 0.050481, 0.031344, 0.000000, 0.000000, 0.000000, 1.000000
37.1707, 8.4896, -1.4696, 257.8067, 279.8067, -8.4896, 201.5430, 56.9189, 69.9540, 31.3379, 0.968806, -0.040605, 0.244470, 0.008490, 0.008491, 0.991345, 0.131007, -0.001470, -0.247674, -0.124844, 0.960766, 0.257807, 0.000000, 0.000000, 0.000000, 1.000000, -0.247674, -0.124844, 0.960766, 0.279807, -0.968806, 0.040605, -0.244470, -0.008490, -0.008491, -0.991345, -0.131007, 0.201543, 0.000000, 0.000000, 0.000000, 1.000000, 0.999395, 0.009475, 0.033460, 0.056919, 0.032918, 0.052486, -0.998079, 0.069954, -0.011213, 0.998577, 0.052142, 0.031338, 0.000000, 0.000000, 0.000000, 1.000000
37.3214, 8.3555, -1.4690, 257.8764, 279.8764, -8.3555, 201.5425, 56.9567, 69.7652, 31.3386, 0.968594, -0.040491, 0.245330, 0.008356, 0.008444, 0.991439, 0.130299, -0.001469, -0.248505, -0.124135, 0.960643, 0.257876, 0.000000, 0.000000, 0.000000, 1.000000, -0.248505, -0.124135, 0.960643, 0.279876, -0.968594, 0.040491, -0.245330, -0.008356, -0.008444, -0.991439, -0.130299, 0.201542, 0.000000, 0.000000, 0.000000, 1.000000, 0.999452, 0.009571, 0.031684, 0.056957, 0.031148, 0.051739, -0.998175, 0.069765, -0.011193, 0.998615, 0.051412, 0.031339, 0.000000, 0.000000, 0.000000, 1.000000
37.4607, 8.2288, -1.4627, 257.9107, 279.9107, -8.2288, 201.5361, 56.9952, 69.6205, 31.3474, 0.967672, -0.039732, 0.249065, 0.008229, 0.007567, 0.991643, 0.128793, -0.001463, -0.252100, -0.122744, 0.959885, 0.257911, 0.000000, 0.000000, 0.000000, 1.000000, -0.252100, -0.122744, 0.959885, 0.279911, -0.967672, 0.039732, -0.249065, -0.008229, -0.007567, -0.991643, -0.128793, 0.201536, 0.000000, 0.000000, 0.000000, 1.000000, 0.999403, 0.010133, 0.033033, 0.056995, 0.032485, 0.050180, -0.998212, 0.069620, -0.011773, 0.998689, 0.049821, 0.031347, 0.000000, 0.000000, 0.000000, 1.000000
37.5987, 8.0899, -1.4810, 257.8899, 279.8899, -8.0899, 201.5544, 57.0316, 69.5355, 31.3360, 0.966956, -0.040643, 0.251683, 0.008090, 0.007196, 0.991168, 0.132414, -0.001481, -0.254842, -0.126227, 0.958709, 0.257890, 0.000000, 0.000000, 0.000000, 1.000000, -0.254842, -0.126227, 0.958709, 0.279890, -0.966956, 0.040643, -0.251683, -0.008090, -0.007196, -0.991168, -0.132414, 0.201554, 0.000000, 0.000000, 0.000000, 1.000000, 0.999387, 0.010136, 0.033522, 0.057032, 0.032931, 0.053780, -0.998010, 0.069535, -0.011918, 0.998501, 0.053413, 0.031336, 0.000000, 0.000000, 0.000000, 1.000000
37.7389, 7.9484, -1.4677, 257.9570, 279.9570, -7.9484, 201.5412, 57.0488, 69.3612, 31.3499, 0.966536, -0.039997, 0.253394, 0.007948, 0.007016, 0.991523, 0.129743, -0.001468, -0.256436, -0.123623, 0.958623, 0.257957, 0.000000, 0.000000, 0.000000, 1.000000, -0.256436, -0.123623, 0.958623, 0.279957, -0.966536, 0.039997, -0.253394, -0.007948, -0.007016, -0.991523, -0.129743, 0.201541, 0.000000, 0.000000, 0.000000, 1.000000, 0.999412, 0.010316, 0.032709, 0.057049, 0.032142, 0.051053, -0.998179, 0.069361, -0.011967, 0.998643, 0.050691, 0.031350, 0.000000, 0.000000, 0.000000, 1.000000
37.8747, 7.8273, -1.4668, 257.9790, 279.9790, -7.8273, 201.5403, 57.0902, 69.2317, 31.3539, 0.965681, -0.040061, 0.256622, 0.007827, 0.006659, 0.991527, 0.129729, -0.001467, -0.259645, -0.123568, 0.957766, 0.257979, 0.000000, 0.000000, 0.000000, 1.000000, -0.259645, -0.123568, 0.957766, 0.279979, -0.965681, 0.040061, -0.256622, -0.007827, -0.006659, -0.991527, -0.129729, 0.201540, 0.000000, 0.000000, 0.000000, 1.000000, 0.999379, 0.010361, 0.033680, 0.057090, 0.033110, 0.050989, -0.998150, 0.069232, -0.012059, 0.998645, 0.050614, 0.031354, 0.000000, 0.000000, 0.000000, 1.000000
38.0536, 7.6703, -1.4657, 258.0020, 280.0020, -7.6703, 201.5392, 57.1480, 69.0667, 31.3594, 0.964912, -0.040457, 0.259438, 0.007670, 0.006300, 0.991341, 0.131160, -0.001466, -0.262497, -0.124923, 0.956812, 0.258002, 0.000000, 0.000000, 0.000000, 1.000000, -0.262497, -0.124923, 0.956812, 0.280002, -0.964912, 0.040457, -0.259438, -0.007670, -0.006300, -0.991341, -0.131160, 0.201539, 0.000000, 0.000000, 0.000000, 1.000000, 0.999382, 0.010445, 0.033553, 0.057148, 0.032962, 0.052377, -0.998083, 0.069067, -0.012183, 0.998573, 0.052000, 0.031359, 0.000000, 0.000000, 0.000000, 1.000000
38.1929, 7.5479, -1.4708, 258.0420, 280.0420, -7.5479, 201.5443, 57.1874, 68.9176, 31.3562, 0.964816, -0.040434, 0.259798, 0.007548, 0.005958, 0.991213, 0.132141, -0.001471, -0.262858, -0.125944, 0.956579, 0.258042, 0.000000, 0.000000, 0.000000, 1.000000, -0.262858, -0.125944, 0.956579, 0.280042, -0.964816, 0.040434, -0.259798, -0.007548, -0.005958, -0.991213, -0.132141, 0.201544, 0.000000, 0.000000, 0.000000, 1.000000, 0.999443, 0.010831, 0.031552, 0.057187, 0.030931, 0.053346, -0.998097, 0.068918, -0.012494, 0.998517, 0.052981, 0.031356, 0.000000, 0.000000, 0.000000, 1.000000
38.3621, 7.3993, -1.4756, 258.0700, 280.0700, -7.3993, 201.5490, 57.2395, 68.7565, 31.3552, 0.963568, -0.040600, 0.264362, 0.007399, 0.005530, 0.991225, 0.132073, -0.001476, -0.267405, -0.125799, 0.955337, 0.258070, 0.000000, 0.000000, 0.000000, 1.000000, -0.267405, -0.125799, 0.955337, 0.280070, -0.963568, 0.040600, -0.264362, -0.007399, -0.005530, -0.991225, -0.132073, 0.201549, 0.000000, 0.000000, 0.000000, 1.000000, 0.999386, 0.010793, 0.033331, 0.057239, 0.032712, 0.053211, -0.998047, 0.068756, -0.012545, 0.998525, 0.052825, 0.031355, 0.000000, 0.000000, 0.000000, 1.000000
38.5027, 7.2681, -1.4680, 258.1690, 280.1690, -7.2681, 201.5414, 57.2573, 68.5504, 31.3607, 0.963695, -0.039837, 0.264015, 0.007268, 0.005201, 0.991420, 0.130609, -0.001468, -0.266953, -0.124494, 0.955634, 0.258169, 0.000000, 0.000000, 0.000000, 1.000000, -0.266953, -0.124494, 0.955634, 0.280169, -0.963695, 0.039837, -0.264015, -0.007268, -0.005201, -0.991420, -0.130609, 0.201541, 0.000000, 0.000000, 0.000000, 1.000000, 0.999472, 0.011357, 0.030443, 0.057257, 0.029817, 0.051725, -0.998216, 0.068550, -0.012911, 0.998597, 0.051359, 0.031361, 0.000000, 0.000000, 0.000000, 1.000000
38.6587, 7.1188, -1.4734, 258.1659, 280.1659, -7.1188, 201.5468, 57.2995, 68.4334, 31.3613, 0.962489, -0.040256, 0.268317, 0.007119, 0.004866, 0.991334, 0.131277, -0.001473, -0.271277, -0.125047, 0.954344, 0.258166, 0.000000, 0.000000, 0.000000, 1.000000, -0.271277, -0.125047, 0.954344, 0.280166, -0.962489, 0.040256, -0.268317, -0.007119, -0.004866, -0.991334, -0.131277, 0.201547, 0.000000, 0.000000, 0.000000, 1.000000, 0.999418, 0.011223, 0.032224, 0.057299, 0.031595, 0.052336, -0.998130, 0.068433, -0.012888, 0.998566, 0.051951, 0.031361, 0.000000, 0.000000, 0.000000, 1.000000
38.8296, 6.9667, -1.4792, 258.2195, 280.2195, -6.9667, 201.5527, 57.3427, 68.2477, 31.3575, 0.961871, -0.040528, 0.270483, 0.006967, 0.004634, 0.991233, 0.132044, -0.001479, -0.273463, -0.125756, 0.953626, 0.258219, 0.000000, 0.000000, 0.000000, 1.000000, -0.273463, -0.125756, 0.953626, 0.280219, -0.961871, 0.040528, -0.270483, -0.006967, -0.004634, -0.991233, -0.132044, 0.201553, 0.000000, 0.000000, 0.000000, 1.000000, 0.999439, 0.011287, 0.031537, 0.057343, 0.030896, 0.053062, -0.998113, 0.068248, -0.012939, 0.998527, 0.052683, 0.031358, 0.000000, 0.000000, 0.000000, 1.000000
38.9628, 6.8482, -1.4837, 258.2203, 280.2203, -6.8482, 201.5571, 57.3861, 68.1428, 31.3576, 0.961416, -0.040412, 0.272115, 0.006848, 0.004261, 0.991220, 0.132153, -0.001484, -0.275066, -0.125894, 0.953147, 0.258220, 0.000000, 0.000000, 0.000000, 1.000000, -0.275066, -0.125894, 0.953147, 0.280220, -0.961416, 0.040412, -0.272115, -0.006848, -0.004261, -0.991220, -0.132153, 0.201557, 0.000000, 0.000000, 0.000000, 1.000000, 0.999455, 0.011556, 0.030918, 0.057386, 0.030262, 0.053141, -0.998128, 0.068143, -0.013177, 0.998520, 0.052763, 0.031358, 0.000000, 0.000000, 0.000000, 1.000000
39.1654, 6.7108, -1.4754, 258.3154, 280.3154, -6.7108, 201.5488, 57.4700, 67.8811, 31.3644, 0.960220, -0.040326, 0.276318, 0.006711, 0.003949, 0.991380, 0.130959, -0.001475, -0.279217, -0.124658, 0.952102, 0.258315, 0.000000, 0.000000, 0.000000, 1.000000, -0.279217, -0.124658, 0.952102, 0.280315, -0.960220, 0.040326, -0.276318, -0.006711, -0.003949, -0.991380, -0.130959, 0.201549, 0.000000, 0.000000, 0.000000, 1.000000, 0.999431, 0.011521, 0.031695, 0.057470, 0.031057, 0.051873, -0.998171, 0.067881, -0.013144, 0.998587, 0.051486, 0.031364, 0.000000, 0.000000, 0.000000, 1.000000
39.2612, 6.5906, -1.4839, 258.2744, 280.2744, -6.5906, 201.5573, 57.4773, 67.8551, 31.3635, 0.959844, -0.040698, 0.277567, 0.006591, 0.003418, 0.991044, 0.133491, -0.001484, -0.280513, -0.127182, 0.951387, 0.258274, 0.000000, 0.000000, 0.000000, 1.000000, -0.280513, -0.127182, 0.951387, 0.280274, -0.959844, 0.040698, -0.277567, -0.006591, -0.003418, -0.991044, -0.133491, 0.201557, 0.000000, 0.000000, 0.000000, 1.000000, 0.999434, 0.011877, 0.031464, 0.057477, 0.030774, 0.054409, -0.998044, 0.067855, -0.013566, 0.998448, 0.054013, 0.031364, 0.000000, 0.000000, 0.000000, 1.000000
39.3807, 6.4336, -1.4726, 258.3711, 280.3711, -6.4336, 201.5461, 57.4426, 67.6805, 31.3738, 0.959057, -0.039922, 0.280384, 0.006434, 0.002825, 0.991314, 0.131486, -0.001473, -0.283198, -0.125311, 0.950840, 0.258371, 0.000000, 0.000000, 0.000000, 1.000000, -0.283198, -0.125311, 0.950840, 0.280371, -0.959057, 0.039922, -0.280384, -0.006434, -0.002825, -0.991314, -0.131486, 0.201546, 0.000000, 0.000000, 0.000000, 1.000000, 0.999406, 0.012270, 0.032207, 0.057443, 0.031523, 0.052362, -0.998131, 0.067680, -0.013934, 0.998553, 0.051944, 0.031374, 0.000000, 0.000000, 0.000000, 1.000000
39.5394, 6.3213, -1.4820, 258.3194, 280.3194, -6.3213, 201.5555, 57.5343, 67.6003, 31.3725, 0.958558, -0.040199, 0.282046, 0.006321, 0.002314, 0.991061, 0.133388, -0.001482, -0.284887, -0.127207, 0.950083, 0.258319, 0.000000, 0.000000, 0.000000, 1.000000, -0.284887, -0.127207, 0.950083, 0.280319, -0.958558, 0.040199, -0.282046, -0.006321, -0.002314, -0.991061, -0.133388, 0.201555, 0.000000, 0.000000, 0.000000, 1.000000, 0.999431, 0.012630, 0.031279, 0.057534, 0.030551, 0.054246, -0.998060, 0.067600, -0.014302, 0.998448, 0.053830, 0.031373, 0.000000, 0.000000, 0.000000, 1.000000
39.6751, 6.1665, -1.4801, 258.3485, 280.3485, -6.1665, 201.5536, 57.5374, 67.4753, 31.3783, 0.957680, -0.040338, 0.284994, 0.006167, 0.002013, 0.991045, 0.133509, -0.001480, -0.287828, -0.127286, 0.949186, 0.258348, 0.000000, 0.000000, 0.000000, 1.000000, -0.287828, -0.127286, 0.949186, 0.280348, -0.957680, 0.040338, -0.284994, -0.006167, -0.002013, -0.991045, -0.133509, 0.201554, 0.000000, 0.000000, 0.000000, 1.000000, 0.999408, 0.012644, 0.031995, 0.057537, 0.031264, 0.054329, -0.998034, 0.067475, -0.014357, 0.998443, 0.053901, 0.031378, 0.000000, 0.000000, 0.000000, 1.000000
39.8373, 6.0400, -1.4864, 258.3949, 280.3949, -6.0400, 201.5599, 57.5938, 67.3008, 31.3736, 0.957141, -0.040529, 0.286771, 0.006040, 0.001519, 0.990849, 0.134964, -0.001486, -0.289617, -0.128744, 0.948445, 0.258395, 0.000000, 0.000000, 0.000000, 1.000000, -0.289617, -0.128744, 0.948445, 0.280395, -0.957141, 0.040529, -0.286771, -0.006040, -0.001519, -0.990849, -0.134964, 0.201560, 0.000000, 0.000000, 0.000000, 1.000000, 0.999432, 0.012992, 0.031106, 0.057594, 0.030336, 0.055761, -0.997983, 0.067301, -0.014700, 0.998360, 0.055335, 0.031374, 0.000000, 0.000000, 0.000000, 1.000000
39.9951, 5.9062, -1.4929, 258.4644, 280.4644, -5.9062, 201.5663, 57.6314, 67.1108, 31.3674, 0.956332, -0.040510, 0.289462, 0.005906, 0.001181, 0.990876, 0.134772, -0.001493, -0.292280, -0.128545, 0.947654, 0.258464, 0.000000, 0.000000, 0.000000, 1.000000, -0.292280, -0.128545, 0.947654, 0.280464, -0.956332, 0.040510, -0.289462, -0.005906, -0.001181, -0.990876, -0.134772, 0.201566, 0.000000, 0.000000, 0.000000, 1.000000, 0.999428, 0.013111, 0.031158, 0.057631, 0.030385, 0.055527, -0.997995, 0.067111, -0.014815, 0.998371, 0.055097, 0.031367, 0.000000, 0.000000, 0.000000, 1.000000
40.1739, 5.7582, -1.4837, 258.5372, 280.5372, -5.7582, 201.5572, 57.6787, 66.8991, 31.3770, 0.955575, -0.039971, 0.292027, 0.005758, 0.000959, 0.991179, 0.132528, -0.001484, -0.294748, -0.126360, 0.947184, 0.258537, 0.000000, 0.000000, 0.000000, 1.000000, -0.294748, -0.126360, 0.947184, 0.280537, -0.955575, 0.039971, -0.292027, -0.005758, -0.000959, -0.991179, -0.132528, 0.201557, 0.000000, 0.000000, 0.000000, 1.000000, 0.999444, 0.013225, 0.030599, 0.057679, 0.029855, 0.053219, -0.998136, 0.066899, -0.014829, 0.998495, 0.052795, 0.031377, 0.000000, 0.000000, 0.000000, 1.000000
40.3049, 5.6273, -1.4766, 258.5699, 280.5699, -5.6273, 201.5500, 57.6968, 66.7700, 31.3868, 0.954880, -0.039992, 0.294288, 0.005627, 0.000809, 0.991239, 0.132078, -0.001477, -0.296992, -0.125880, 0.946546, 0.258570, 0.000000, 0.000000, 0.000000, 1.000000, -0.296992, -0.125880, 0.946546, 0.280570, -0.954880, 0.039992, -0.294288, -0.005627, -0.000809, -0.991239, -0.132078, 0.201550, 0.000000, 0.000000, 0.000000, 1.000000, 0.999443, 0.013199, 0.030658, 0.057697, 0.029923, 0.052729, -0.998160, 0.066770, -0.014791, 0.998522, 0.052305, 0.031387, 0.000000, 0.000000, 0.000000, 1.000000
40.4952, 5.4787, -1.4855, 258.6264, 280.6264, -5.4787, 201.5590, 57.7596, 66.5648, 31.3796, 0.954136, -0.039989, 0.296691, 0.005479, 0.000536, 0.991265, 0.131881, -0.001486, -0.299373, -0.125674, 0.945823, 0.258626, 0.000000, 0.000000, 0.000000, 1.000000, -0.299373, -0.125674, 0.945823, 0.280626, -0.954136, 0.039989, -0.296691, -0.005479, -0.000536, -0.991265, -0.131881, 0.201559, 0.000000, 0.000000, 0.000000, 1.000000, 0.999466, 0.013321, 0.029848, 0.057760, 0.029111, 0.052484, -0.998197, 0.066565, -0.014863, 0.998533, 0.052068, 0.031380, 0.000000, 0.000000, 0.000000, 1.000000
40.5962, 5.3487, -1.4939, 258.6237, 280.6237, -5.3487, 201.5673, 57.7526, 66.5014, 31.3765, 0.953172, -0.040674, 0.299682, 0.005349, 0.000373, 0.991073, 0.133323, -0.001494, -0.302430, -0.126968, 0.944677, 0.258624, 0.000000, 0.000000, 0.000000, 1.000000, -0.302430, -0.126968, 0.944677, 0.280624, -0.953172, 0.040674, -0.299682, -0.005349, -0.000373, -0.991073, -0.133323, 0.201567, 0.000000, 0.000000, 0.000000, 1.000000, 0.999424, 0.013107, 0.031303, 0.057753, 0.030554, 0.053903, -0.998079, 0.066501, -0.014769, 0.998460, 0.053472, 0.031376, 0.000000, 0.000000, 0.000000, 1.000000
40.7738, 5.2181, -1.4838, 258.7173, 280.7173, -5.2181, 201.5573, 57.8072, 66.2675, 31.3848, 0.952536, -0.040186, 0.301762, 0.005218, -0.000034, 0.991235, 0.132110, -0.001484, -0.304427, -0.125849, 0.944186, 0.258717, 0.000000, 0.000000, 0.000000, 1.000000, -0.304427, -0.125849, 0.944186, 0.280717, -0.952536, 0.040186, -0.301762, -0.005218, 0.000034, -0.991235, -0.132110, 0.201557, 0.000000, 0.000000, 0.000000, 1.000000, 0.999450, 0.013435, 0.030324, 0.057807, 0.029578, 0.052643, -0.998175, 0.066268, -0.015006, 0.998523, 0.052217, 0.031385, 0.000000, 0.000000, 0.000000, 1.000000
40.9170, 5.0939, -1.4920, 258.5945, 280.5945, -5.0939, 201.5655, 57.8877, 66.2756, 31.3903, 0.951274, -0.041291, 0.305571, 0.005094, -0.000084, 0.990959, 0.134166, -0.001492, -0.308348, -0.127654, 0.942670, 0.258594, 0.000000, 0.000000, 0.000000, 1.000000, -0.308348, -0.127654, 0.942670, 0.280594, -0.951274, 0.041291, -0.305571, -0.005094, 0.000084, -0.990959, -0.134166, 0.201565, 0.000000, 0.000000, 0.000000, 1.000000, 0.999405, 0.013006, 0.031943, 0.057888, 0.031187, 0.054666, -0.998018, 0.066276, -0.014726, 0.998420, 0.054228, 0.031390, 0.000000, 0.000000, 0.000000, 1.000000
41.0546, 4.9636, -1.4744, 258.7769, 280.7769, -4.9636, 201.5479, 57.8704, 65.9969, 31.3997, 0.951280, -0.040058, 0.305716, 0.004964, -0.000990, 0.991123, 0.132947, -0.001474, -0.308328, -0.126773, 0.942795, 0.258777, 0.000000, 0.000000, 0.000000, 1.000000, -0.308328, -0.126773, 0.942795, 0.280777, -0.951280, 0.040058, -0.305716, -0.004964, 0.000990, -0.991123, -0.132947, 0.201548, 0.000000, 0.000000, 0.000000, 1.000000, 0.999462, 0.014074, 0.029631, 0.057870, 0.028840, 0.053433, -0.998155, 0.065997, -0.015631, 0.998472, 0.052999, 0.031400, 0.000000, 0.000000, 0.000000, 1.000000
41.1913, 4.8253, -1.4688, 258.8371, 280.8371, -4.8253, 201.5422, 57.8781, 65.8397, 31.4064, 0.950284, -0.040150, 0.308784, 0.004825, -0.001302, 0.991131, 0.132879, -0.001469, -0.311381, -0.126674, 0.941805, 0.258837, 0.000000, 0.000000, 0.000000, 1.000000, -0.311381, -0.126674, 0.941805, 0.280837, -0.950284, 0.040150, -0.308784, -0.004825, 0.001302, -0.991131, -0.132879, 0.201542, 0.000000, 0.000000, 0.000000, 1.000000, 0.999436, 0.014086, 0.030471, 0.057878, 0.029679, 0.053331, -0.998136, 0.065840, -0.015684, 0.998478, 0.052883, 0.031406, 0.000000, 0.000000, 0.000000, 1.000000
41.3517, 4.7071, -1.4744, 258.8561, 280.8561, -4.7071, 201.5478, 57.9434, 65.6935, 31.4040, 0.950111, -0.040395, 0.309286, 0.004707, -0.001489, 0.990980, 0.134003, -0.001474, -0.311910, -0.127778, 0.941480, 0.258856, 0.000000, 0.000000, 0.000000, 1.000000, -0.311910, -0.127778, 0.941480, 0.280856, -0.950111, 0.040395, -0.309286, -0.004707, 0.001489, -0.990980, -0.134003, 0.201548, 0.000000, 0.000000, 0.000000, 1.000000, 0.999498, 0.014314, 0.028269, 0.057943, 0.027451, 0.054428, -0.998140, 0.065693, -0.015826, 0.998415, 0.054007, 0.031404, 0.000000, 0.000000, 0.000000, 1.000000
41.4879, 4.5552, -1.4702, 258.8874, 280.8874, -4.5552, 201.5436, 57.9452, 65.5688, 31.4119, 0.948853, -0.040101, 0.313161, 0.004555, -0.001818, 0.991190, 0.132432, -0.001470, -0.315712, -0.126228, 0.940421, 0.258887, 0.000000, 0.000000, 0.000000, 1.000000, -0.315712, -0.126228, 0.940421, 0.280887, -0.948853, 0.040101, -0.313161, -0.004555, 0.001818, -0.991190, -0.132432, 0.201544, 0.000000, 0.000000, 0.000000, 1.000000, 0.999451, 0.014280, 0.029885, 0.057945, 0.029092, 0.052812, -0.998181, 0.065569, -0.015832, 0.998502, 0.052367, 0.031412, 0.000000, 0.000000, 0.000000, 1.000000
41.6654, 4.4401, -1.4689, 258.9329, 280.9329, -4.4401, 201.5423, 58.0246, 65.3789, 31.4143, 0.948409, -0.040059, 0.314508, 0.004440, -0.002183, 0.991137, 0.132824, -0.001469, -0.317042, -0.126658, 0.939916, 0.258933, 0.000000, 0.000000, 0.000000, 1.000000, -0.317042, -0.126658, 0.939916, 0.280933, -0.948409, 0.040059, -0.314508, -0.004440, 0.002183, -0.991137, -0.132824, 0.201542, 0.000000, 0.000000, 0.000000, 1.000000, 0.999495, 0.014608, 0.028234, 0.058025, 0.027420, 0.053169, -0.998209, 0.065379, -0.016083, 0.998479, 0.052742, 0.031414, 0.000000, 0.000000, 0.000000, 1.000000
41.8069, 4.2832, -1.4850, 258.9202, 280.9202, -4.2832, 201.5585, 58.0395, 65.2946, 31.4052, 0.946760, -0.040655, 0.319363, 0.004283, -0.002539, 0.991021, 0.133684, -0.001485, -0.321930, -0.127377, 0.938156, 0.258920, 0.000000, 0.000000, 0.000000, 1.000000, -0.321930, -0.127377, 0.938156, 0.280920, -0.946760, 0.040655, -0.319363, -0.004283, 0.002539, -0.991021, -0.133684, 0.201558, 0.000000, 0.000000, 0.000000, 1.000000, 0.999418, 0.014380, 0.030939, 0.058040, 0.030121, 0.054003, -0.998086, 0.065295, -0.016023, 0.998437, 0.053538, 0.031405, 0.000000, 0.000000, 0.000000, 1.000000
41.9572, 4.1610, -1.4755, 258.9339, 280.9339, -4.1610, 201.5489, 58.0900, 65.1644, 31.4184, 0.946374, -0.040548, 0.320520, 0.004161, -0.002854, 0.991005, 0.133794, -0.001475, -0.323062, -0.127533, 0.937745, 0.258934, 0.000000, 0.000000, 0.000000, 1.000000, -0.323062, -0.127533, 0.937745, 0.280934, -0.946374, 0.040548, -0.320520, -0.004161, 0.002854, -0.991005, -0.133794, 0.201549, 0.000000, 0.000000, 0.000000, 1.000000, 0.999456, 0.014670, 0.029549, 0.058090, 0.028716, 0.054083, -0.998123, 0.065164, -0.016241, 0.998429, 0.053632, 0.031418, 0.000000, 0.000000, 0.000000, 1.000000
42.1163, 4.0125, -1.4793, 258.9924, 280.9924, -4.0125, 201.5528, 58.1115, 64.9917, 31.4162, 0.945400, -0.039830, 0.323468, 0.004013, -0.003274, 0.991293, 0.131631, -0.001479, -0.325895, -0.125503, 0.937039, 0.258992, 0.000000, 0.000000, 0.000000, 1.000000, -0.325895, -0.125503, 0.937039, 0.280992, -0.945400, 0.039830, -0.323468, -0.004013, 0.003274, -0.991293, -0.131631, 0.201553, 0.000000, 0.000000, 0.000000, 1.000000, 0.999446, 0.014901, 0.029769, 0.058112, 0.028959, 0.051874, -0.998234, 0.064992, -0.016419, 0.998542, 0.051413, 0.031416, 0.000000, 0.000000, 0.000000, 1.000000
42.2433, 3.8558, -1.4887, 258.9867, 280.9867, -3.8558, 201.5622, 58.1076, 64.9159, 31.4133, 0.944403, -0.040358, 0.326303, 0.003856, -0.003539, 0.991133, 0.132828, -0.001489, -0.328771, -0.126598, 0.935886, 0.258987, 0.000000, 0.000000, 0.000000, 1.000000, -0.328771, -0.126598, 0.935886, 0.280987, -0.944403, 0.040358, -0.326303, -0.003856, 0.003539, -0.991133, -0.132828, 0.201562, 0.000000, 0.000000, 0.000000, 1.000000, 0.999421, 0.014841, 0.030625, 0.058108, 0.029798, 0.053053, -0.998147, 0.064916, -0.016438, 0.998481, 0.052580, 0.031413, 0.000000, 0.000000, 0.000000, 1.000000
42.4156, 3.7271, -1.4858, 259.0508, 281.0508, -3.7271, 201.5593, 58.1605, 64.7188, 31.4165, 0.943324, -0.040532, 0.329389, 0.003727, -0.003640, 0.991191, 0.132393, -0.001486, -0.331853, -0.126088, 0.934866, 0.259051, 0.000000, 0.000000, 0.000000, 1.000000, -0.331853, -0.126088, 0.934866, 0.281051, -0.943324, 0.040532, -0.329389, -0.003727, 0.003640, -0.991191, -0.132393, 0.201559, 0.000000, 0.000000, 0.000000, 1.000000, 0.999416, 0.014680, 0.030866, 0.058160, 0.030055, 0.052572, -0.998165, 0.064719, -0.016276, 0.998509, 0.052100, 0.031417, 0.000000, 0.000000, 0.000000, 1.000000
42.5747, 3.5951, -1.4786, 259.0624, 281.0624, -3.5951, 201.5521, 58.2109, 64.5857, 31.4280, 0.942312, -0.040074, 0.332330, 0.003595, -0.004365, 0.991253, 0.131906, -0.001479, -0.334709, -0.125747, 0.933894, 0.259062, 0.000000, 0.000000, 0.000000, 1.000000, -0.334709, -0.125747, 0.933894, 0.281062, -0.942312, 0.040074, -0.332330, -0.003595, 0.004365, -0.991253, -0.131906, 0.201552, 0.000000, 0.000000, 0.000000, 1.000000, 0.999399, 0.015158, 0.031184, 0.058211, 0.030357, 0.052062, -0.998182, 0.064586, -0.016754, 0.998529, 0.051570, 0.031428, 0.000000, 0.000000, 0.000000, 1.000000
42.6911, 3.4581, -1.4797, 259.0847, 281.0847, -3.4581, 201.5532, 58.2049, 64.4883, 31.4306, 0.941169, -0.040571, 0.335492, 0.003458, -0.004731, 0.991088, 0.133123, -0.001480, -0.337903, -0.126878, 0.932589, 0.259085, 0.000000, 0.000000, 0.000000, 1.000000, -0.337903, -0.126878, 0.932589, 0.281085, -0.941169, 0.040571, -0.335492, -0.003458, 0.004731, -0.991088, -0.133123, 0.201553, 0.000000, 0.000000, 0.000000, 1.000000, 0.999354, 0.015138, 0.032584, 0.058205, 0.031736, 0.053270, -0.998076, 0.064488, -0.016845, 0.998465, 0.052755, 0.031431, 0.000000, 0.000000, 0.000000, 1.000000
42.8542, 3.3186, -1.4680, 259.1937, 281.1937, -3.3186, 201.5415, 58.2218, 64.2614, 31.4398, 0.941110, -0.039617, 0.335772, 0.003319, -0.005528, 0.991176, 0.132441, -0.001468, -0.338056, -0.126497, 0.932586, 0.259194, 0.000000, 0.000000, 0.000000, 1.000000, -0.338056, -0.126497, 0.932586, 0.281194, -0.941110, 0.039617, -0.335772, -0.003319, 0.005528, -0.991176, -0.132441, 0.201541, 0.000000, 0.000000, 0.000000, 1.000000, 0.999421, 0.016078, 0.030001, 0.058222, 0.029119, 0.052563, -0.998193, 0.064261, -0.017626, 0.998488, 0.052065, 0.031440, 0.000000, 0.000000, 0.000000, 1.000000
42.9820, 3.2058, -1.4670, 259.2344, 281.2344, -3.2058, 201.5404, 58.2452, 64.1279, 31.4423, 0.940293, -0.040150, 0.337991, 0.003206, -0.005927, 0.990936, 0.134202, -0.001467, -0.340315, -0.128193, 0.931532, 0.259234, 0.000000, 0.000000, 0.000000, 1.000000, -0.340315, -0.128193, 0.931532, 0.281234, -0.940293, 0.040150, -0.337991, -0.003206, 0.005927, -0.990936, -0.134202, 0.201540, 0.000000, 0.000000, 0.000000, 1.000000, 0.999411, 0.016219, 0.030235, 0.058245, 0.029314, 0.054318, -0.998093, 0.064128, -0.017831, 0.998392, 0.053810, 0.031442, 0.000000, 0.000000, 0.000000, 1.000000
43.1253, 3.0700, -1.4683, 259.3022, 281.3022, -3.0700, 201.5418, 58.2551, 63.9606, 31.4413, 0.939365, -0.040186, 0.340557, 0.003070, -0.005819, 0.991098, 0.133004, -0.001468, -0.342870, -0.126921, 0.930769, 0.259302, 0.000000, 0.000000, 0.000000, 1.000000, -0.342870, -0.126921, 0.930769, 0.281302, -0.939365, 0.040186, -0.340557, -0.003070, 0.005819, -0.991098, -0.133004, 0.201542, 0.000000, 0.000000, 0.000000, 1.000000, 0.999411, 0.015920, 0.030398, 0.058255, 0.029514, 0.053072, -0.998154, 0.063961, -0.017504, 0.998464, 0.052571, 0.031441, 0.000000, 0.000000, 0.000000, 1.000000
43.2971, 2.9481, -1.4686, 259.3329, 281.3329, -2.9481, 201.5420, 58.3213, 63.7954, 31.4436, 0.938785, -0.040268, 0.342142, 0.002948, -0.006187, 0.991015, 0.133610, -0.001469, -0.344448, -0.127548, 0.930101, 0.259333, 0.000000, 0.000000, 0.000000, 1.000000, -0.344448, -0.127548, 0.930101, 0.281333, -0.938785, 0.040268, -0.342142, -0.002948, 0.006187, -0.991015, -0.133610, 0.201542, 0.000000, 0.000000, 0.000000, 1.000000, 0.999444, 0.016201, 0.029129, 0.058321, 0.028222, 0.053650, -0.998161, 0.063795, -0.017734, 0.998428, 0.053162, 0.031444, 0.000000, 0.000000, 0.000000, 1.000000
43.4316, 2.8152, -1.4611, 259.4077, 281.4077, -2.8152, 201.5345, 58.3211, 63.6295, 31.4508, 0.937783, -0.040186, 0.344890, 0.002815, -0.006610, 0.991034, 0.133447, -0.001461, -0.347160, -0.127424, 0.929109, 0.259408, 0.000000, 0.000000, 0.000000, 1.000000, -0.347160, -0.127424, 0.929109, 0.281408, -0.937783, 0.040186, -0.344890, -0.002815, 0.006610, -0.991034, -0.133447, 0.201535, 0.000000, 0.000000, 0.000000, 1.000000, 0.999425, 0.016364, 0.029704, 0.058321, 0.028791, 0.053466, -0.998155, 0.063630, -0.017922, 0.998436, 0.052964, 0.031451, 0.000000, 0.000000, 0.000000, 1.000000
43.6188, 2.6748, -1.4567, 259.3690, 281.3690, -2.6748, 201.5302, 58.4086, 63.5200, 31.4634, 0.936462, -0.040193, 0.348457, 0.002675, -0.006937, 0.991097, 0.132963, -0.001457, -0.350699, -0.126932, 0.927846, 0.259369, 0.000000, 0.000000, 0.000000, 1.000000, -0.350699, -0.126932, 0.927846, 0.281369, -0.936462, 0.040193, -0.348457, -0.002675, 0.006937, -0.991097, -0.132963, 0.201530, 0.000000, 0.000000, 0.000000, 1.000000, 0.999409, 0.016374, 0.030220, 0.058409, 0.029315, 0.052946, -0.998167, 0.063520, -0.017944, 0.998463, 0.052435, 0.031463, 0.000000, 0.000000, 0.000000, 1.000000
43.7783, 2.5461, -1.4672, 259.4437, 281.4437, -2.5461, 201.5406, 58.4390, 63.3295, 31.4526, 0.935452, -0.040598, 0.351113, 0.002546, -0.007191, 0.990990, 0.133744, -0.001467, -0.353379, -0.127636, 0.926732, 0.259444, 0.000000, 0.000000, 0.000000, 1.000000, -0.353379, -0.127636, 0.926732, 0.281444, -0.935452, 0.040598, -0.351113, -0.002546, 0.007191, -0.990990, -0.133744, 0.201541, 0.000000, 0.000000, 0.000000, 1.000000, 0.999406, 0.016367, 0.030325, 0.058439, 0.029406, 0.053704, -0.998124, 0.063330, -0.017965, 0.998423, 0.053190, 0.031453, 0.000000, 0.000000, 0.000000, 1.000000
43.9093, 2.3924, -1.4470, 259.5314, 281.5314, -2.3924, 201.5205, 58.4099, 63.1618, 31.4723, 0.934690, -0.039757, 0.353233, 0.002392, -0.007628, 0.991253, 0.131751, -0.001447, -0.355381, -0.125841, 0.926212, 0.259531, 0.000000, 0.000000, 0.000000, 1.000000, -0.355381, -0.125841, 0.926212, 0.281531, -0.934690, 0.039757, -0.353233, -0.002392, 0.007628, -0.991253, -0.131751, 0.201520, 0.000000, 0.000000, 0.000000, 1.000000, 0.999405, 0.016696, 0.030190, 0.058410, 0.029291, 0.051680, -0.998234, 0.063162, -0.018227, 0.998524, 0.051160, 0.031472, 0.000000, 0.000000, 0.000000, 1.000000
44.0635, 2.2829, -1.4683, 259.5585, 281.5585, -2.2829, 201.5417, 58.4671, 63.0167, 31.4534, 0.934330, -0.040481, 0.354102, 0.002283, -0.007861, 0.990946, 0.134027, -0.001468, -0.356322, -0.128009, 0.925553, 0.259558, 0.000000, 0.000000, 0.000000, 1.000000, -0.356322, -0.128009, 0.925553, 0.281558, -0.934330, 0.040481, -0.354102, -0.002283, 0.007861, -0.990946, -0.134027, 0.201542, 0.000000, 0.000000, 0.000000, 1.000000, 0.999449, 0.016868, 0.028570, 0.058467, 0.027623, 0.053938, -0.998162, 0.063017, -0.018378, 0.998402, 0.053442, 0.031453, 0.000000, 0.000000, 0.000000, 1.000000
44.2446, 2.1193, -1.4531, 259.6056, 281.6056, -2.1193, 201.5265, 58.4962, 62.8406, 31.4715, 0.932772, -0.040539, 0.358181, 0.002119, -0.007900, 0.991119, 0.132747, -0.001453, -0.360381, -0.126652, 0.924167, 0.259606, 0.000000, 0.000000, 0.000000, 1.000000, -0.360381, -0.126652, 0.924167, 0.281606, -0.932772, 0.040539, -0.358181, -0.002119, 0.007900, -0.991119, -0.132747, 0.201527, 0.000000, 0.000000, 0.000000, 1.000000, 0.999422, 0.016532, 0.029707, 0.058496, 0.028801, 0.052614, -0.998200, 0.062841, -0.018065, 0.998478, 0.052108, 0.031472, 0.000000, 0.000000, 0.000000, 1.000000
44.3597, 2.0072, -1.4582, 259.7174, 281.7174, -2.0072, 201.5316, 58.4791, 62.6559, 31.4627, 0.932466, -0.039778, 0.359060, 0.002007, -0.008958, 0.991068, 0.133058, -0.001458, -0.361146, -0.127288, 0.923781, 0.259717, 0.000000, 0.000000, 0.000000, 1.000000, -0.361146, -0.127288, 0.923781, 0.281717, -0.932466, 0.039778, -0.359060, -0.002007, 0.008958, -0.991068, -0.133058, 0.201532, 0.000000, 0.000000, 0.000000, 1.000000, 0.999435, 0.017568, 0.028663, 0.058479, 0.027697, 0.052928, -0.998214, 0.062656, -0.019053, 0.998444, 0.052411, 0.031463, 0.000000, 0.000000, 0.000000, 1.000000
44.5192, 1.8743, -1.4593, 259.6766, 281.6766, -1.8743, 201.5327, 58.5425, 62.5758, 31.4698, 0.931324, -0.040647, 0.361916, 0.001874, -0.008867, 0.990927, 0.134109, -0.001459, -0.364084, -0.128108, 0.922514, 0.259677, 0.000000, 0.000000, 0.000000, 1.000000, -0.364084, -0.128108, 0.922514, 0.281677, -0.931324, 0.040647, -0.361916, -0.001874, 0.008867, -0.990927, -0.134109, 0.201533, 0.000000, 0.000000, 0.000000, 1.000000, 0.999432, 0.017171, 0.029013, 0.058543, 0.028048, 0.053954, -0.998149, 0.062576, -0.018705, 0.998396, 0.053442, 0.031470, 0.000000, 0.000000, 0.000000, 1.000000
44.6405, 1.7448, -1.4475, 259.7330, 281.7330, -1.7448, 201.5210, 58.5340, 62.4419, 31.4825, 0.929914, -0.040186, 0.365576, 0.001745, -0.009089, 0.991198, 0.132076, -0.001448, -0.367666, -0.126142, 0.921363, 0.259733, 0.000000, 0.000000, 0.000000, 1.000000, -0.367666, -0.126142, 0.921363, 0.281733, -0.929914, 0.040186, -0.365576, -0.001745, 0.009089, -0.991198, -0.132076, 0.201521, 0.000000, 0.000000, 0.000000, 1.000000, 0.999383, 0.017051, 0.030708, 0.058534, 0.029786, 0.051896, -0.998208, 0.062442, -0.018614, 0.998507, 0.051356, 0.031482, 0.000000, 0.000000, 0.000000, 1.000000
44.7838, 1.6167, -1.4598, 259.7640, 281.7640, -1.6167, 201.5332, 58.5589, 62.3111, 31.4729, 0.929595, -0.040066, 0.366398, 0.001617, -0.009927, 0.990992, 0.133553, -0.001460, -0.368448, -0.127787, 0.920824, 0.259764, 0.000000, 0.000000, 0.000000, 1.000000, -0.368448, -0.127787, 0.920824, 0.281764, -0.929595, 0.040066, -0.366398, -0.001617, 0.009927, -0.990992, -0.133553, 0.201533, 0.000000, 0.000000, 0.000000, 1.000000, 0.999415, 0.017856, 0.029186, 0.058559, 0.028196, 0.053370, -0.998177, 0.062311, -0.019381, 0.998415, 0.052835, 0.031473, 0.000000, 0.000000, 0.000000, 1.000000
44.8888, 1.4909, -1.4495, 259.8603, 281.8603, -1.4909, 201.5230, 58.5218, 62.1559, 31.4811, 0.928284, -0.039773, 0.369739, 0.001491, -0.010152, 0.991183, 0.132110, -0.001450, -0.371734, -0.126390, 0.919695, 0.259860, 0.000000, 0.000000, 0.000000, 1.000000, -0.371734, -0.126390, 0.919695, 0.281860, -0.928284, 0.039773, -0.369739, -0.001491, 0.010152, -0.991183, -0.132110, 0.201523, 0.000000, 0.000000, 0.000000, 1.000000, 0.999366, 0.017748, 0.030865, 0.058522, 0.029907, 0.051913, -0.998204, 0.062156, -0.019318, 0.998494, 0.051350, 0.031481, 0.000000, 0.000000, 0.000000, 1.000000
44.9271, 1.4029, -1.4735, 259.8762, 281.8762, -1.4029, 201.5470, 58.4750, 62.1341, 31.4595, 0.928089, -0.040228, 0.370179, 0.001403, -0.010816, 0.990815, 0.134790, -0.001473, -0.372201, -0.129101, 0.919129, 0.259876, 0.000000, 0.000000, 0.000000, 1.000000, -0.372201, -0.129101, 0.919129, 0.281876, -0.928089, 0.040228, -0.370179, -0.001403, 0.010816, -0.990815, -0.134790, 0.201547, 0.000000, 0.000000, 0.000000, 1.000000, 0.999357, 0.018290, 0.030838, 0.058475, 0.029798, 0.054624, -0.998062, 0.062134, -0.019939, 0.998339, 0.054044, 0.031459, 0.000000, 0.000000, 0.000000, 1.000000
44.9574, 1.3273, -1.4540, 259.8442, 281.8442, -1.3273, 201.5275, 58.4482, 62.1576, 31.4841, 0.927351, -0.039840, 0.372065, 0.001327, -0.010706, 0.991084, 0.132807, -0.001454, -0.374039, -0.127142, 0.918656, 0.259844, 0.000000, 0.000000, 0.000000, 1.000000, -0.374039, -0.127142, 0.918656, 0.281844, -0.927351, 0.039840, -0.372065, -0.001327, 0.010706, -0.991084, -0.132807, 0.201527, 0.000000, 0.000000, 0.000000, 1.000000, 0.999319, 0.018007, 0.032220, 0.058448, 0.031233, 0.052626, -0.998126, 0.062158, -0.019669, 0.998452, 0.052028, 0.031484, 0.000000, 0.000000, 0.000000, 1.000000
44.9723, 1.2830, -1.4612, 259.9282, 281.9282, -1.2830, 201.5346, 58.3937, 62.0797, 31.4727, 0.927302, -0.039735, 0.372198, 0.001283, -0.010961, 0.991041, 0.133110, -0.001461, -0.374152, -0.127513, 0.918559, 0.259928, 0.000000, 0.000000, 0.000000, 1.000000, -0.374152, -0.127513, 0.918559, 0.281928, -0.927302, 0.039735, -0.372198, -0.001283, 0.010961, -0.991041, -0.133110, 0.201535, 0.000000, 0.000000, 0.000000, 1.000000, 0.999317, 0.018247, 0.032122, 0.058394, 0.031116, 0.052936, -0.998113, 0.062080, -0.019913, 0.998431, 0.052332, 0.031473, 0.000000, 0.000000, 0.000000, 1.000000
44.9802, 1.2634, -1.4553, 259.9184, 281.9184, -1.2634, 201.5288, 58.3873, 62.0871, 31.4800, 0.926822, -0.039760, 0.373390, 0.001263, -0.011020, 0.991070, 0.132886, -0.001455, -0.375339, -0.127276, 0.918108, 0.259918, 0.000000, 0.000000, 0.000000, 1.000000, -0.375339, -0.127276, 0.918108, 0.281918, -0.926822, 0.039760, -0.373390, -0.001263, 0.011020, -0.991070, -0.132886, 0.201529, 0.000000, 0.000000, 0.000000, 1.000000, 0.999282, 0.018149, 0.033255, 0.058387, 0.032258, 0.052719, -0.998088, 0.062087, -0.019868, 0.998444, 0.052096, 0.031480, 0.000000, 0.000000, 0.000000, 1.000000
44.9859, 1.2518, -1.4572, 259.9448, 281.9448, -1.2518, 201.5307, 58.3734, 62.0607, 31.4766, 0.926711, -0.039803, 0.373660, 0.001252, -0.010927, 0.991099, 0.132674, -0.001457, -0.375615, -0.127034, 0.918028, 0.259945, 0.000000, 0.000000, 0.000000, 1.000000, -0.375615, -0.127034, 0.918028, 0.281945, -0.926711, 0.039803, -0.373660, -0.001252, 0.010927, -0.991099, -0.132674, 0.201531, 0.000000, 0.000000, 0.000000, 1.000000, 0.999278, 0.018031, 0.033434, 0.058373, 0.032447, 0.052502, -0.998094, 0.062061, -0.019752, 0.998458, 0.051880, 0.031477, 0.000000, 0.000000, 0.000000, 1.000000
44.9873, 1.2413, -1.4614, 259.9225, 281.9225, -1.2413, 201.5349, 58.3727, 62.0842, 31.4744, 0.926589, -0.040052, 0.373936, 0.001241, -0.010924, 0.991027, 0.133216, -0.001461, -0.375916, -0.127521, 0.917837, 0.259923, 0.000000, 0.000000, 0.000000, 1.000000, -0.375916, -0.127521, 0.917837, 0.281923, -0.926589, 0.040052, -0.373936, -0.001241, 0.010924, -0.991027, -0.133216, 0.201535, 0.000000, 0.000000, 0.000000, 1.000000, 0.999269, 0.017966, 0.033743, 0.058373, 0.032748, 0.053050, -0.998055, 0.062084, -0.019722, 0.998430, 0.052423, 0.031474, 0.000000, 0.000000, 0.000000, 1.000000
44.9886, 1.2398, -1.4589, 259.9548, 281.9548, -1.2398, 201.5324, 58.3616, 62.0530, 31.4747, 0.926634, -0.039785, 0.373854, 0.001240, -0.010944, 0.991109, 0.132600, -0.001459, -0.375806, -0.126963, 0.917960, 0.259955, 0.000000, 0.000000, 0.000000, 1.000000, -0.375806, -0.126963, 0.917960, 0.281955, -0.926634, 0.039785, -0.373854, -0.001240, 0.010944, -0.991109, -0.132600, 0.201532, 0.000000, 0.000000, 0.000000, 1.000000, 0.999273, 0.018025, 0.033593, 0.058362, 0.032608, 0.052429, -0.998092, 0.062053, -0.019752, 0.998462, 0.051803, 0.031475, 0.000000, 0.000000, 0.000000, 1.000000
44.9890, 1.2347, -1.4523, 259.9515, 281.9515, -1.2347, 201.5258, 58.3584, 62.0568, 31.4817, 0.926697, -0.039662, 0.373711, 0.001235, -0.010916, 0.991155, 0.132260, -0.001452, -0.375651, -0.126644, 0.918067, 0.259952, 0.000000, 0.000000, 0.000000, 1.000000, -0.375651, -0.126644, 0.918067, 0.281952, -0.926697, 0.039662, -0.373711, -0.001235, 0.010916, -0.991155, -0.132260, 0.201526, 0.000000, 0.000000, 0.000000, 1.000000, 0.999279, 0.018030, 0.033410, 0.058358, 0.032432, 0.052084, -0.998116, 0.062057, -0.019737, 0.998480, 0.051462, 0.031482, 0.000000, 0.000000, 0.000000, 1.000000
44.9899, 1.2383, -1.4566, 259.9806, 281.9806, -1.2383, 201.5300, 58.3527, 62.0278, 31.4752, 0.926921, -0.039828, 0.373136, 0.001238, -0.011068, 0.991017, 0.133275, -0.001457, -0.375093, -0.127666, 0.918154, 0.259981, 0.000000, 0.000000, 0.000000, 1.000000, -0.375093, -0.127666, 0.918154, 0.281981, -0.926921, 0.039828, -0.373136, -0.001238, 0.011068, -0.991017, -0.133275, 0.201530, 0.000000, 0.000000, 0.000000, 1.000000, 0.999294, 0.018228, 0.032838, 0.058353, 0.031829, 0.053108, -0.998081, 0.062028, -0.019937, 0.998422, 0.052490, 0.031475, 0.000000, 0.000000, 0.000000, 1.000000

=== NEW ITERATION ===
# Joint_6_Angle(deg), Cam_X(mm), Cam_Y(mm), Cam_Z(mm), Torso_X(mm), Torso_Y(mm), Torso_Z(mm), EE_X(mm), EE_Y(mm), EE_Z(mm), T_cam2marker_flat(16), T_torso2marker_flat(16), T_ee2marker_flat(16)
0.0000, 44.5794, 0.7825, 248.8398, 270.8398, -44.5794, 199.2910, 38.0385, 100.1210, 30.3541, 0.932766, -0.047832, -0.357295, 0.044579, 0.090811, 0.990371, 0.104492, 0.000782, 0.348856, -0.129913, 0.928128, 0.248840, 0.000000, 0.000000, 0.000000, 1.000000, 0.348856, -0.129913, 0.928128, 0.270840, -0.932766, 0.047832, 0.357295, -0.044579, -0.090811, -0.990371, -0.104492, 0.199291, 0.000000, 0.000000, 0.000000, 1.000000, 0.999582, -0.022775, 0.017806, 0.038039, 0.018989, 0.052830, -0.998423, 0.100121, 0.021798, 0.998344, 0.053241, 0.030354, 0.000000, 0.000000, 0.000000, 1.000000
0.0004, 44.5841, 0.7794, 248.8744, 270.8744, -44.5841, 199.2940, 38.0561, 100.0905, 30.3483, 0.932816, -0.047707, -0.357181, 0.044584, 0.090686, 0.990376, 0.104557, 0.000779, 0.348755, -0.129923, 0.928165, 0.248874, 0.000000, 0.000000, 0.000000, 1.000000, 0.348755, -0.129923, 0.928165, 0.270874, -0.932816, 0.047707, 0.357181, -0.044584, -0.090686, -0.990376, -0.104557, 0.199294, 0.000000, 0.000000, 0.000000, 1.000000, 0.999583, -0.022662, 0.017921, 0.038056, 0.019099, 0.052887, -0.998418, 0.100091, 0.021678, 0.998343, 0.053298, 0.030348, 0.000000, 0.000000, 0.000000, 1.000000
0.0229, 44.5837, 0.7819, 248.8566, 270.8566, -44.5837, 199.2916, 38.0886, 100.0919, 30.3520, 0.932799, -0.047910, -0.357199, 0.044584, 0.090842, 0.990379, 0.104390, 0.000782, 0.348761, -0.129824, 0.928176, 0.248857, 0.000000, 0.000000, 0.000000, 1.000000, 0.348761, -0.129824, 0.928176, 0.270857, -0.932799, 0.047910, 0.357199, -0.044584, -0.090842, -0.990379, -0.104390, 0.199292, 0.000000, 0.000000, 0.000000, 1.000000, 0.999587, -0.022793, 0.017506, 0.038089, 0.018688, 0.052727, -0.998434, 0.100092, 0.021834, 0.998349, 0.053132, 0.030352, 0.000000, 0.000000, 0.000000, 1.000000
0.0839, 44.5880, 0.7801, 248.8695, 270.8695, -44.5880, 199.2933, 38.2039, 100.0409, 30.3491, 0.932834, -0.047815, -0.357121, 0.044588, 0.090762, 0.990377, 0.104476, 0.000780, 0.348689, -0.129871, 0.928197, 0.248870, 0.000000, 0.000000, 0.000000, 1.000000, 0.348689, -0.129871, 0.928197, 0.270870, -0.932834, 0.047815, 0.357121, -0.044588, -0.090762, -0.990377, -0.104476, 0.199293, 0.000000, 0.000000, 0.000000, 1.000000, 0.999606, -0.022667, 0.016529, 0.038204, 0.017707, 0.052831, -0.998446, 0.100041, 0.021758, 0.998346, 0.053211, 0.030349, 0.000000, 0.000000, 0.000000, 1.000000
0.1925, 44.5815, 0.7769, 248.8681, 270.8681, -44.5815, 199.2965, 38.3865, 99.9675, 30.3464, 0.932906, -0.048038, -0.356903, 0.044582, 0.091107, 0.990306, 0.104853, 0.000777, 0.348406, -0.130334, 0.928238, 0.248868, 0.000000, 0.000000, 0.000000, 1.000000, 0.348406, -0.130334, 0.928238, 0.270868, -0.932906, 0.048038, 0.356903, -0.044582, -0.091107, -0.990306, -0.104853, 0.199297, 0.000000, 0.000000, 0.000000, 1.000000, 0.999626, -0.022947, 0.014880, 0.038387, 0.016085, 0.053225, -0.998453, 0.099967, 0.022120, 0.998319, 0.053574, 0.030346, 0.000000, 0.000000, 0.000000, 1.000000
0.3340, 44.5082, 0.7781, 248.8340, 270.8340, -44.5082, 199.2954, 38.5529, 99.8771, 30.3534, 0.932959, -0.047980, -0.356771, 0.044508, 0.090703, 0.990434, 0.103991, 0.000778, 0.348368, -0.129379, 0.928386, 0.248834, 0.000000, 0.000000, 0.000000, 1.000000, 0.348368, -0.129379, 0.928386, 0.270834, -0.932959, 0.047980, 0.356771, -0.044508, -0.090703, -0.990434, -0.103991, 0.199295, 0.000000, 0.000000, 0.000000, 1.000000, 0.999670, -0.022407, 0.012531, 0.038553, 0.013691, 0.052409, -0.998532, 0.099877, 0.021717, 0.998374, 0.052699, 0.030353, 0.000000, 0.000000, 0.000000, 1.000000
0.4540, 44.3856, 0.7653, 248.7617, 270.7617, -44.3856, 199.3082, 38.6209, 99.8193, 30.3516, 0.933664, -0.047592, -0.354975, 0.044386, 0.090216, 0.990424, 0.104501, 0.000765, 0.346602, -0.129593, 0.929017, 0.248762, 0.000000, 0.000000, 0.000000, 1.000000, 0.346602, -0.129593, 0.929017, 0.270762, -0.933664, 0.047592, 0.354975, -0.044386, -0.090216, -0.990424, -0.104501, 0.199308, 0.000000, 0.000000, 0.000000, 1.000000, 0.999681, -0.022014, 0.012373, 0.038621, 0.013522, 0.052797, -0.998514, 0.099819, 0.021328, 0.998363, 0.053078, 0.030352, 0.000000, 0.000000, 0.000000, 1.000000
0.6135, 44.2814, 0.7603, 248.6515, 270.6515, -44.2814, 199.3132, 38.7618, 99.7766, 30.3595, 0.934092, -0.047487, -0.353860, 0.044281, 0.089931, 0.990453, 0.104478, 0.000760, 0.345520, -0.129415, 0.929445, 0.248651, 0.000000, 0.000000, 0.000000, 1.000000, 0.345520, -0.129415, 0.929445, 0.270651, -0.934092, 0.047487, 0.353860, -0.044281, -0.089931, -0.990453, -0.104478, 0.199313, 0.000000, 0.000000, 0.000000, 1.000000, 0.999706, -0.021703, 0.010783, 0.038762, 0.011915, 0.052728, -0.998538, 0.099777, 0.021102, 0.998373, 0.052972, 0.030359, 0.000000, 0.000000, 0.000000, 1.000000
0.7813, 44.1383, 0.7435, 248.6757, 270.6757, -44.1383, 199.3300, 38.9281, 99.5894, 30.3476, 0.935499, -0.047963, -0.350060, 0.044138, 0.089822, 0.990478, 0.104330, 0.000743, 0.341723, -0.129043, 0.930899, 0.248676, 0.000000, 0.000000, 0.000000, 1.000000, 0.341723, -0.129043, 0.930899, 0.270676, -0.935499, 0.047963, 0.350060, -0.044138, -0.089822, -0.990478, -0.104330, 0.199330, 0.000000, 0.000000, 0.000000, 1.000000, 0.999690, -0.021859, 0.011906, 0.038928, 0.013035, 0.052273, -0.998548, 0.099589, 0.021204, 0.998394, 0.052542, 0.030348, 0.000000, 0.000000, 0.000000, 1.000000
0.9083, 44.0221, 0.7319, 248.6069, 270.6069, -44.0221, 199.3416, 39.0152, 99.5261, 30.3465, 0.935983, -0.047885, -0.348773, 0.044022, 0.089482, 0.990529, 0.104142, 0.000732, 0.340483, -0.128684, 0.931403, 0.248607, 0.000000, 0.000000, 0.000000, 1.000000, 0.340483, -0.128684, 0.931403, 0.270607, -0.935983, 0.047885, 0.348773, -0.044022, -0.089482, -0.990529, -0.104142, 0.199342, 0.000000, 0.000000, 0.000000, 1.000000, 0.999707, -0.021539, 0.011058, 0.039015, 0.012166, 0.052011, -0.998572, 0.099526, 0.020933, 0.998414, 0.052258, 0.030346, 0.000000, 0.000000, 0.000000, 1.000000
1.0956, 43.8950, 0.7187, 248.5660, 270.5660, -43.8950, 199.3547, 39.2063, 99.3920, 30.3422, 0.936832, -0.047601, -0.346527, 0.043895, 0.089011, 0.990526, 0.104576, 0.000719, 0.338266, -0.128815, 0.932193, 0.248566, 0.000000, 0.000000, 0.000000, 1.000000, 0.338266, -0.128815, 0.932193, 0.270566, -0.936832, 0.047601, 0.346527, -0.043895, -0.089011, -0.990526, -0.104576, 0.199355, 0.000000, 0.000000, 0.000000, 1.000000, 0.999724, -0.021150, 0.010200, 0.039206, 0.011295, 0.052305, -0.998567, 0.099392, 0.020586, 0.998407, 0.052529, 0.030342, 0.000000, 0.000000, 0.000000, 1.000000
1.2010, 43.7501, 0.6996, 248.4796, 270.4796, -43.7501, 199.3738, 39.2223, 99.3503, 30.3362, 0.938054, -0.047535, -0.343213, 0.043750, 0.088991, 0.990369, 0.106061, 0.000700, 0.334866, -0.130034, 0.933250, 0.248480, 0.000000, 0.000000, 0.000000, 1.000000, 0.334866, -0.130034, 0.933250, 0.270480, -0.938054, 0.047535, 0.343213, -0.043750, -0.088991, -0.990369, -0.106061, 0.199374, 0.000000, 0.000000, 0.000000, 1.000000, 0.999699, -0.021428, 0.011931, 0.039222, 0.013063, 0.053514, -0.998482, 0.099350, 0.020757, 0.998337, 0.053778, 0.030336, 0.000000, 0.000000, 0.000000, 1.000000
1.3667, 43.6495, 0.6908, 248.4875, 270.4875, -43.6495, 199.3827, 39.4173, 99.1944, 30.3315, 0.939049, -0.047548, -0.340479, 0.043649, 0.088543, 0.990428, 0.105887, 0.000691, 0.332185, -0.129580, 0.934271, 0.248487, 0.000000, 0.000000, 0.000000, 1.000000, 0.332185, -0.129580, 0.934271, 0.270487, -0.939049, 0.047548, 0.340479, -0.043649, -0.088543, -0.990428, -0.105887, 0.199383, 0.000000, 0.000000, 0.000000, 1.000000, 0.999706, -0.021124, 0.011943, 0.039417, 0.013051, 0.053144, -0.998502, 0.099194, 0.020458, 0.998363, 0.053404, 0.030331, 0.000000, 0.000000, 0.000000, 1.000000
1.4972, 43.5081, 0.6822, 248.4497, 270.4497, -43.5081, 199.3912, 39.4972, 99.0910, 30.3323, 0.939715, -0.047994, -0.338573, 0.043508, 0.088464, 0.990517, 0.105124, 0.000682, 0.330317, -0.128738, 0.935049, 0.248450, 0.000000, 0.000000, 0.000000, 1.000000, 0.330317, -0.128738, 0.935049, 0.270450, -0.939715, 0.047994, 0.338573, -0.043508, -0.088464, -0.990517, -0.105124, 0.199391, 0.000000, 0.000000, 0.000000, 1.000000, 0.999709, -0.021124, 0.011668, 0.039497, 0.012759, 0.052243, -0.998553, 0.099091, 0.020484, 0.998411, 0.052498, 0.030332, 0.000000, 0.000000, 0.000000, 1.000000
1.6273, 43.3347, 0.6582, 248.3059, 270.3059, -43.3347, 199.4153, 39.5088, 99.0772, 30.3268, 0.940516, -0.047382, -0.336430, 0.043335, 0.087592, 0.990569, 0.105362, 0.000658, 0.328264, -0.128563, 0.935796, 0.248306, 0.000000, 0.000000, 0.000000, 1.000000, 0.328264, -0.128563, 0.935796, 0.270306, -0.940516, 0.047382, 0.336430, -0.043335, -0.087592, -0.990569, -0.105362, 0.199415, 0.000000, 0.000000, 0.000000, 1.000000, 0.999724, -0.020369, 0.011682, 0.039509, 0.012735, 0.052336, -0.998548, 0.099077, 0.019728, 0.998422, 0.052581, 0.030327, 0.000000, 0.000000, 0.000000, 1.000000
1.7837, 43.2232, 0.6510, 248.2425, 270.2425, -43.2232, 199.4224, 39.6525, 98.9905, 30.3295, 0.941173, -0.047356, -0.334591, 0.043223, 0.087629, 0.990464, 0.106308, 0.000651, 0.326366, -0.129375, 0.936348, 0.248243, 0.000000, 0.000000, 0.000000, 1.000000, 0.326366, -0.129375, 0.936348, 0.270243, -0.941173, 0.047356, 0.334591, -0.043223, -0.087629, -0.990464, -0.106308, 0.199422, 0.000000, 0.000000, 0.000000, 1.000000, 0.999730, -0.020484, 0.010933, 0.039653, 0.012009, 0.053167, -0.998513, 0.098991, 0.019873, 0.998376, 0.053399, 0.030329, 0.000000, 0.000000, 0.000000, 1.000000
1.9507, 43.0966, 0.6410, 248.3041, 270.3041, -43.0966, 199.4324, 39.8420, 98.7742, 30.3209, 0.942073, -0.047801, -0.331984, 0.043097, 0.087446, 0.990565, 0.105520, 0.000641, 0.323808, -0.128439, 0.937364, 0.248304, 0.000000, 0.000000, 0.000000, 1.000000, 0.323808, -0.128439, 0.937364, 0.270304, -0.942073, 0.047801, 0.331984, -0.043097, -0.087446, -0.990565, -0.105520, 0.199432, 0.000000, 0.000000, 0.000000, 1.000000, 0.999733, -0.020425, 0.010759, 0.039842, 0.011812, 0.052191, -0.998567, 0.098774, 0.019834, 0.998428, 0.052419, 0.030321, 0.000000, 0.000000, 0.000000, 1.000000
2.1234, 42.9645, 0.6268, 248.2921, 270.2921, -42.9645, 199.4467, 40.0104, 98.6211, 30.3137, 0.943212, -0.047581, -0.328765, 0.042965, 0.086978, 0.990536, 0.106179, 0.000627, 0.320602, -0.128744, 0.938424, 0.248292, 0.000000, 0.000000, 0.000000, 1.000000, 0.320602, -0.128744, 0.938424, 0.270292, -0.943212, 0.047581, 0.328765, -0.042965, -0.086978, -0.990536, -0.106179, 0.199447, 0.000000, 0.000000, 0.000000, 1.000000, 0.999734, -0.020165, 0.011174, 0.040010, 0.012222, 0.052616, -0.998540, 0.098621, 0.019547, 0.998411, 0.052848, 0.030314, 0.000000, 0.000000, 0.000000, 1.000000
2.2434, 42.8244, 0.6141, 248.2039, 270.2039, -42.8244, 199.4593, 40.0548, 98.5738, 30.3141, 0.943788, -0.047345, -0.327143, 0.042824, 0.086576, 0.990546, 0.106411, 0.000614, 0.319012, -0.128753, 0.938964, 0.248204, 0.000000, 0.000000, 0.000000, 1.000000, 0.319012, -0.128753, 0.938964, 0.270204, -0.943788, 0.047345, 0.327143, -0.042824, -0.086576, -0.990546, -0.106411, 0.199459, 0.000000, 0.000000, 0.000000, 1.000000, 0.999745, -0.019835, 0.010804, 0.040055, 0.011837, 0.052744, -0.998538, 0.098574, 0.019236, 0.998411, 0.052965, 0.030314, 0.000000, 0.000000, 0.000000, 1.000000
2.4108, 42.6840, 0.5963, 248.1538, 270.1538, -42.6840, 199.4771, 40.1928, 98.4577, 30.3065, 0.945005, -0.047339, -0.323611, 0.042684, 0.086500, 0.990412, 0.107714, 0.000596, 0.315409, -0.129782, 0.940039, 0.248154, 0.000000, 0.000000, 0.000000, 1.000000, 0.315409, -0.129782, 0.940039, 0.270154, -0.945005, 0.047339, 0.323611, -0.042684, -0.086500, -0.990412, -0.107714, 0.199477, 0.000000, 0.000000, 0.000000, 1.000000, 0.999732, -0.020023, 0.011655, 0.040193, 0.012717, 0.053781, -0.998472, 0.098458, 0.019366, 0.998352, 0.054021, 0.030306, 0.000000, 0.000000, 0.000000, 1.000000
2.5458, 42.5502, 0.5910, 248.1992, 270.1992, -42.5502, 199.4824, 40.3128, 98.2761, 30.3041, 0.946108, -0.048160, -0.320249, 0.042550, 0.086604, 0.990491, 0.106900, 0.000591, 0.312056, -0.128874, 0.941283, 0.248199, 0.000000, 0.000000, 0.000000, 1.000000, 0.312056, -0.128874, 0.941283, 0.270199, -0.946108, 0.048160, 0.320249, -0.042550, -0.086604, -0.990491, -0.106900, 0.199482, 0.000000, 0.000000, 0.000000, 1.000000, 0.999710, -0.020368, 0.012824, 0.040313, 0.013883, 0.052696, -0.998514, 0.098276, 0.019661, 0.998403, 0.052963, 0.030304, 0.000000, 0.000000, 0.000000, 1.000000
2.7000, 42.4167, 0.5812, 248.0941, 270.0941, -42.4167, 199.4922, 40.4166, 98.2231, 30.3082, 0.946791, -0.047897, -0.318265, 0.042417, 0.085832, 0.990627, 0.106255, 0.000581, 0.310192, -0.127919, 0.942028, 0.248094, 0.000000, 0.000000, 0.000000, 1.000000, 0.310192, -0.127919, 0.942028, 0.270094, -0.946791, 0.047897, 0.318265, -0.042417, -0.085832, -0.990627, -0.106255, 0.199492, 0.000000, 0.000000, 0.000000, 1.000000, 0.999732, -0.019659, 0.012207, 0.040417, 0.013214, 0.051929, -0.998563, 0.098223, 0.018997, 0.998457, 0.052175, 0.030308, 0.000000, 0.000000, 0.000000, 1.000000
2.8617, 42.2699, 0.5623, 248.0203, 270.0203, -42.2699, 199.5111, 40.5300, 98.1316, 30.3016, 0.947412, -0.047451, -0.316477, 0.042270, 0.085628, 0.990475, 0.107829, 0.000562, 0.308346, -0.129258, 0.942452, 0.248020, 0.000000, 0.000000, 0.000000, 1.000000, 0.308346, -0.129258, 0.942452, 0.270020, -0.947412, 0.047451, 0.316477, -0.042270, -0.085628, -0.990475, -0.107829, 0.199511, 0.000000, 0.000000, 0.000000, 1.000000, 0.999745, -0.019532, 0.011319, 0.040530, 0.012348, 0.053401, -0.998497, 0.098132, 0.018898, 0.998382, 0.053629, 0.030302, 0.000000, 0.000000, 0.000000, 1.000000
3.0116, 42.1502, 0.5552, 247.9438, 269.9438, -42.1502, 199.5182, 40.6485, 98.0594, 30.3056, 0.947893, -0.047404, -0.315041, 0.042150, 0.085276, 0.990538, 0.107533, 0.000555, 0.306962, -0.128795, 0.942966, 0.247944, 0.000000, 0.000000, 0.000000, 1.000000, 0.306962, -0.128795, 0.942966, 0.269944, -0.947893, 0.047404, 0.315041, -0.042150, -0.085276, -0.990538, -0.107533, 0.199518, 0.000000, 0.000000, 0.000000, 1.000000, 0.999764, -0.019196, 0.010209, 0.040648, 0.011215, 0.053027, -0.998530, 0.098059, 0.018626, 0.998409, 0.053230, 0.030306, 0.000000, 0.000000, 0.000000, 1.000000
3.1417, 42.0054, 0.5316, 247.9887, 269.9887, -42.0054, 199.5418, 40.7467, 97.8792, 30.2855, 0.948975, -0.047477, -0.311758, 0.042005, 0.084903, 0.990563, 0.107590, 0.000532, 0.303708, -0.128569, 0.944051, 0.247989, 0.000000, 0.000000, 0.000000, 1.000000, 0.303708, -0.128569, 0.944051, 0.269989, -0.948975, 0.047477, 0.311758, -0.042005, -0.084903, -0.990563, -0.107590, 0.199542, 0.000000, 0.000000, 0.000000, 1.000000, 0.999753, -0.019071, 0.011396, 0.040747, 0.012390, 0.052832, -0.998527, 0.097879, 0.018441, 0.998421, 0.053055, 0.030286, 0.000000, 0.000000, 0.000000, 1.000000
3.3082, 41.8722, 0.5238, 247.8972, 269.8972, -41.8722, 199.5497, 40.8756, 97.8050, 30.2906, 0.949469, -0.047464, -0.310253, 0.041872, 0.084783, 0.990538, 0.107922, 0.000524, 0.302194, -0.128773, 0.944508, 0.247897, 0.000000, 0.000000, 0.000000, 1.000000, 0.302194, -0.128773, 0.944508, 0.269897, -0.949469, 0.047464, 0.310253, -0.041872, -0.084783, -0.990538, -0.107922, 0.199550, 0.000000, 0.000000, 0.000000, 1.000000, 0.999769, -0.018971, 0.010085, 0.040876, 0.011080, 0.053085, -0.998529, 0.097805, 0.018408, 0.998410, 0.053283, 0.030291, 0.000000, 0.000000, 0.000000, 1.000000
3.4668, 41.7664, 0.5082, 247.9158, 269.9158, -41.7664, 199.5652, 41.0507, 97.6414, 30.2786, 0.950501, -0.047441, -0.307078, 0.041766, 0.084403, 0.990537, 0.108224, 0.000508, 0.299038, -0.128786, 0.945511, 0.247916, 0.000000, 0.000000, 0.000000, 1.000000, 0.299038, -0.128786, 0.945511, 0.269916, -0.950501, 0.047441, 0.307078, -0.041766, -0.084403, -0.990537, -0.108224, 0.199565, 0.000000, 0.000000, 0.000000, 1.000000, 0.999766, -0.018806, 0.010661, 0.041051, 0.011648, 0.053157, -0.998518, 0.097641, 0.018211, 0.998409, 0.053364, 0.030279, 0.000000, 0.000000, 0.000000, 1.000000
3.6163, 41.5989, 0.5030, 247.8303, 269.8303, -41.5989, 199.5704, 41.1195, 97.5629, 30.2874, 0.951478, -0.047551, -0.304021, 0.041599, 0.084288, 0.990476, 0.108875, 0.000503, 0.295948, -0.129218, 0.946424, 0.247830, 0.000000, 0.000000, 0.000000, 1.000000, 0.295948, -0.129218, 0.946424, 0.269830, -0.951478, 0.047551, 0.304021, -0.041599, -0.084288, -0.990476, -0.108875, 0.199570, 0.000000, 0.000000, 0.000000, 1.000000, 0.999758, -0.018909, 0.011284, 0.041120, 0.012283, 0.053584, -0.998488, 0.097563, 0.018276, 0.998384, 0.053804, 0.030287, 0.000000, 0.000000, 0.000000, 1.000000
3.7929, 41.4885, 0.4976, 247.8793, 269.8793, -41.4885, 199.5758, 41.3300, 97.3553, 30.2836, 0.952356, -0.048147, -0.301166, 0.041489, 0.084228, 0.990578, 0.107986, 0.000498, 0.293129, -0.128208, 0.947438, 0.247879, 0.000000, 0.000000, 0.000000, 1.000000, 0.293129, -0.128208, 0.947438, 0.269879, -0.952356, 0.048147, 0.301166, -0.041489, -0.084228, -0.990578, -0.107986, 0.199576, 0.000000, 0.000000, 0.000000, 1.000000, 0.999757, -0.018994, 0.011167, 0.041330, 0.012151, 0.052494, -0.998547, 0.097355, 0.018380, 0.998441, 0.052712, 0.030284, 0.000000, 0.000000, 0.000000, 1.000000
3.9111, 41.3350, 0.4770, 247.7262, 269.7262, -41.3350, 199.5965, 41.3369, 97.3691, 30.2813, 0.952508, -0.047209, -0.300831, 0.041335, 0.083346, 0.990603, 0.108440, 0.000477, 0.292885, -0.128363, 0.947492, 0.247726, 0.000000, 0.000000, 0.000000, 1.000000, 0.292885, -0.128363, 0.947492, 0.269726, -0.952508, 0.047209, 0.300831, -0.041335, -0.083346, -0.990603, -0.108440, 0.199596, 0.000000, 0.000000, 0.000000, 1.000000, 0.999792, -0.018040, 0.009472, 0.041337, 0.010415, 0.052968, -0.998542, 0.097369, 0.017512, 0.998433, 0.053145, 0.030281, 0.000000, 0.000000, 0.000000, 1.000000
4.0583, 41.1692, 0.4596, 247.6918, 269.6918, -41.1692, 199.6139, 41.4177, 97.2456, 30.2742, 0.953758, -0.047356, -0.296821, 0.041169, 0.083212, 0.990514, 0.109350, 0.000460, 0.288828, -0.128992, 0.948651, 0.247692, 0.000000, 0.000000, 0.000000, 1.000000, 0.288828, -0.128992, 0.948651, 0.269692, -0.953758, 0.047356, 0.296821, -0.041169, -0.083212, -0.990514, -0.109350, 0.199614, 0.000000, 0.000000, 0.000000, 1.000000, 0.999772, -0.018239, 0.011130, 0.041418, 0.012093, 0.053572, -0.998491, 0.097246, 0.017615, 0.998397, 0.053781, 0.030274, 0.000000, 0.000000, 0.000000, 1.000000
4.2425, 41.0585, 0.4586, 247.6676, 269.6676, -41.0585, 199.6149, 41.6174, 97.1017, 30.2801, 0.954335, -0.047646, -0.294913, 0.041059, 0.082832, 0.990696, 0.107986, 0.000459, 0.287024, -0.127483, 0.949403, 0.247668, 0.000000, 0.000000, 0.000000, 1.000000, 0.287024, -0.127483, 0.949403, 0.269668, -0.954335, 0.047646, 0.294913, -0.041059, -0.082832, -0.990696, -0.107986, 0.199615, 0.000000, 0.000000, 0.000000, 1.000000, 0.999791, -0.017880, 0.009872, 0.041617, 0.010792, 0.052096, -0.998584, 0.097102, 0.017341, 0.998482, 0.052278, 0.030280, 0.000000, 0.000000, 0.000000, 1.000000
4.3945, 40.9194, 0.4409, 247.6032, 269.6032, -40.9194, 199.6326, 41.7221, 97.0115, 30.2736, 0.955006, -0.047304, -0.292791, 0.040919, 0.082446, 0.990631, 0.108869, 0.000441, 0.284898, -0.128110, 0.949959, 0.247603, 0.000000, 0.000000, 0.000000, 1.000000, 0.284898, -0.128110, 0.949959, 0.269603, -0.955006, 0.047304, 0.292791, -0.040919, -0.082446, -0.990631, -0.108869, 0.199633, 0.000000, 0.000000, 0.000000, 1.000000, 0.999800, -0.017606, 0.009467, 0.041722, 0.010386, 0.052847, -0.998549, 0.097011, 0.017080, 0.998447, 0.053019, 0.030274, 0.000000, 0.000000, 0.000000, 1.000000
4.5141, 40.7900, 0.4292, 247.6126, 269.6126, -40.7900, 199.6443, 41.8030, 96.8774, 30.2673, 0.955995, -0.047379, -0.289532, 0.040790, 0.082277, 0.990568, 0.109573, 0.000429, 0.281610, -0.128573, 0.950876, 0.247613, 0.000000, 0.000000, 0.000000, 1.000000, 0.281610, -0.128573, 0.950876, 0.269613, -0.955995, 0.047379, 0.289532, -0.040790, -0.082277, -0.990568, -0.109573, 0.199644, 0.000000, 0.000000, 0.000000, 1.000000, 0.999785, -0.017707, 0.010807, 0.041803, 0.011737, 0.053307, -0.998509, 0.096877, 0.017105, 0.998421, 0.053503, 0.030267, 0.000000, 0.000000, 0.000000, 1.000000
4.6833, 40.6655, 0.4274, 247.5891, 269.5891, -40.6655, 199.6461, 41.9631, 96.7393, 30.2729, 0.956625, -0.047572, -0.287411, 0.040665, 0.082115, 0.990606, 0.109349, 0.000427, 0.279509, -0.128206, 0.951545, 0.247589, 0.000000, 0.000000, 0.000000, 1.000000, 0.279509, -0.128206, 0.951545, 0.269589, -0.956625, 0.047572, 0.287411, -0.040665, -0.082115, -0.990606, -0.109349, 0.199646, 0.000000, 0.000000, 0.000000, 1.000000, 0.999794, -0.017625, 0.010063, 0.041963, 0.010984, 0.052949, -0.998537, 0.096739, 0.017067, 0.998442, 0.053132, 0.030273, 0.000000, 0.000000, 0.000000, 1.000000
4.8155, 40.5344, 0.4188, 247.5765, 269.5765, -40.5344, 199.6546, 42.0569, 96.6163, 30.2714, 0.957656, -0.047878, -0.283908, 0.040534, 0.081903, 0.990639, 0.109207, 0.000419, 0.276021, -0.127836, 0.952612, 0.247577, 0.000000, 0.000000, 0.000000, 1.000000, 0.276021, -0.127836, 0.952612, 0.269577, -0.957656, 0.047878, 0.283908, -0.040534, -0.081903, -0.990639, -0.109207, 0.199655, 0.000000, 0.000000, 0.000000, 1.000000, 0.999779, -0.017686, 0.011403, 0.042057, 0.012319, 0.052545, -0.998543, 0.096616, 0.017061, 0.998462, 0.052751, 0.030271, 0.000000, 0.000000, 0.000000, 1.000000
4.9715, 40.3936, 0.4028, 247.5176, 269.5176, -40.3936, 199.6706, 42.1674, 96.5177, 30.2663, 0.958254, -0.047806, -0.281893, 0.040394, 0.081649, 0.990622, 0.109555, 0.000403, 0.274012, -0.127997, 0.953171, 0.247518, 0.000000, 0.000000, 0.000000, 1.000000, 0.274012, -0.127997, 0.953171, 0.269518, -0.958254, 0.047806, 0.281893, -0.040394, -0.081649, -0.990622, -0.109555, 0.199671, 0.000000, 0.000000, 0.000000, 1.000000, 0.999788, -0.017521, 0.010793, 0.042167, 0.011704, 0.052769, -0.998538, 0.096518, 0.016926, 0.998453, 0.052963, 0.030266, 0.000000, 0.000000, 0.000000, 1.000000
5.0946, 40.2425, 0.3974, 247.4543, 269.4543, -40.2425, 199.6761, 42.2116, 96.4442, 30.2725, 0.958703, -0.047599, -0.280399, 0.040243, 0.081374, 0.990588, 0.110063, 0.000397, 0.272521, -0.128335, 0.953553, 0.247454, 0.000000, 0.000000, 0.000000, 1.000000, 0.272521, -0.128335, 0.953553, 0.269454, -0.958703, 0.047599, 0.280399, -0.040243, -0.081374, -0.990588, -0.110063, 0.199676, 0.000000, 0.000000, 0.000000, 1.000000, 0.999798, -0.017308, 0.010219, 0.042212, 0.011127, 0.053191, -0.998522, 0.096444, 0.016739, 0.998434, 0.053372, 0.030272, 0.000000, 0.000000, 0.000000, 1.000000
5.2805, 40.1251, 0.3826, 247.4684, 269.4684, -40.1251, 199.6909, 42.4149, 96.2607, 30.2622, 0.959511, -0.047749, -0.277596, 0.040125, 0.081112, 0.990620, 0.109970, 0.000383, 0.269741, -0.128034, 0.954383, 0.247468, 0.000000, 0.000000, 0.000000, 1.000000, 0.269741, -0.128034, 0.954383, 0.269468, -0.959511, 0.047749, 0.277596, -0.040125, -0.081112, -0.990620, -0.109970, 0.199691, 0.000000, 0.000000, 0.000000, 1.000000, 0.999803, -0.017192, 0.009891, 0.042415, 0.010788, 0.052914, -0.998541, 0.096261, 0.016644, 0.998451, 0.053089, 0.030262, 0.000000, 0.000000, 0.000000, 1.000000
5.4202, 39.9763, 0.3715, 247.3507, 269.3507, -39.9763, 199.7019, 42.4734, 96.2282, 30.2667, 0.960072, -0.047529, -0.275687, 0.039976, 0.080641, 0.990650, 0.110041, 0.000372, 0.267879, -0.127879, 0.954928, 0.247351, 0.000000, 0.000000, 0.000000, 1.000000, 0.267879, -0.127879, 0.954928, 0.269351, -0.960072, 0.047529, 0.275687, -0.039976, -0.080641, -0.990650, -0.110041, 0.199702, 0.000000, 0.000000, 0.000000, 1.000000, 0.999814, -0.016807, 0.009441, 0.042473, 0.010317, 0.052868, -0.998548, 0.096228, 0.016283, 0.998460, 0.053032, 0.030267, 0.000000, 0.000000, 0.000000, 1.000000
5.5582, 39.8339, 0.3542, 247.2955, 269.2955, -39.8339, 199.7192, 42.5521, 96.1395, 30.2600, 0.960830, -0.047194, -0.273091, 0.039834, 0.080444, 0.990462, 0.111867, 0.000354, 0.265207, -0.129454, 0.955462, 0.247296, 0.000000, 0.000000, 0.000000, 1.000000, 0.265207, -0.129454, 0.955462, 0.269296, -0.960830, 0.047194, 0.273091, -0.039834, -0.080444, -0.990462, -0.111867, 0.199719, 0.000000, 0.000000, 0.000000, 1.000000, 0.999811, -0.016806, 0.009791, 0.042552, 0.010694, 0.054522, -0.998455, 0.096140, 0.016246, 0.998371, 0.054691, 0.030260, 0.000000, 0.000000, 0.000000, 1.000000
5.7138, 39.7086, 0.3547, 247.3632, 269.3632, -39.7086, 199.7188, 42.7115, 95.9248, 30.2605, 0.961706, -0.047984, -0.269849, 0.039709, 0.080322, 0.990669, 0.110101, 0.000355, 0.262048, -0.127560, 0.956587, 0.247363, 0.000000, 0.000000, 0.000000, 1.000000, 0.262048, -0.127560, 0.956587, 0.269363, -0.961706, 0.047984, 0.269849, -0.039709, -0.080322, -0.990669, -0.110101, 0.199719, 0.000000, 0.000000, 0.000000, 1.000000, 0.999804, -0.016883, 0.010386, 0.042711, 0.011260, 0.052516, -0.998557, 0.095925, 0.016313, 0.998477, 0.052696, 0.030260, 0.000000, 0.000000, 0.000000, 1.000000
5.8522, 39.5722, 0.3402, 247.3027, 269.3027, -39.5722, 199.7333, 42.7947, 95.8427, 30.2567, 0.962416, -0.047690, -0.267361, 0.039572, 0.079861, 0.990632, 0.110771, 0.000340, 0.259574, -0.127959, 0.957208, 0.247303, 0.000000, 0.000000, 0.000000, 1.000000, 0.259574, -0.127959, 0.957208, 0.269303, -0.962416, 0.047690, 0.267361, -0.039572, -0.079861, -0.990632, -0.110771, 0.199733, 0.000000, 0.000000, 0.000000, 1.000000, 0.999807, -0.016585, 0.010575, 0.042795, 0.011441, 0.053023, -0.998528, 0.095843, 0.016000, 0.998456, 0.053203, 0.030257, 0.000000, 0.000000, 0.000000, 1.000000
6.0100, 39.3968, 0.3285, 247.1785, 269.1785, -39.3968, 199.7449, 42.8557, 95.7965, 30.2623, 0.962827, -0.047500, -0.265910, 0.039397, 0.079536, 0.990629, 0.111029, 0.000329, 0.258145, -0.128051, 0.957583, 0.247179, 0.000000, 0.000000, 0.000000, 1.000000, 0.258145, -0.128051, 0.957583, 0.269179, -0.962827, 0.047500, 0.265910, -0.039397, -0.079536, -0.990629, -0.111029, 0.199745, 0.000000, 0.000000, 0.000000, 1.000000, 0.999824, -0.016282, 0.009336, 0.042856, 0.010191, 0.053209, -0.998531, 0.095797, 0.015761, 0.998451, 0.053365, 0.030262, 0.000000, 0.000000, 0.000000, 1.000000
6.1796, 39.2735, 0.3165, 247.2125, 269.2125, -39.2735, 199.7569, 43.0289, 95.6039, 30.2536, 0.963684, -0.047865, -0.262719, 0.039273, 0.079377, 0.990682, 0.110671, 0.000317, 0.254974, -0.127506, 0.958504, 0.247213, 0.000000, 0.000000, 0.000000, 1.000000, 0.254974, -0.127506, 0.958504, 0.269213, -0.963684, 0.047865, 0.262719, -0.039273, -0.079377, -0.990682, -0.110671, 0.199757, 0.000000, 0.000000, 0.000000, 1.000000, 0.999820, -0.016326, 0.009672, 0.043029, 0.010519, 0.052631, -0.998559, 0.095604, 0.015794, 0.998481, 0.052794, 0.030254, 0.000000, 0.000000, 0.000000, 1.000000
6.3176, 39.1321, 0.3007, 247.0901, 269.0901, -39.1321, 199.7727, 43.0896, 95.5808, 30.2533, 0.964219, -0.047291, -0.260855, 0.039132, 0.078703, 0.990664, 0.111317, 0.000301, 0.253156, -0.127864, 0.958938, 0.247090, 0.000000, 0.000000, 0.000000, 1.000000, 0.253156, -0.127864, 0.958938, 0.269090, -0.964219, 0.047291, 0.260855, -0.039132, -0.078703, -0.990664, -0.111317, 0.199773, 0.000000, 0.000000, 0.000000, 1.000000, 0.999834, -0.015743, 0.009216, 0.043090, 0.010042, 0.053169, -0.998535, 0.095581, 0.015230, 0.998461, 0.053319, 0.030253, 0.000000, 0.000000, 0.000000, 1.000000
6.4679, 39.0058, 0.2951, 247.0851, 269.0851, -39.0058, 199.7783, 43.2169, 95.4391, 30.2540, 0.964868, -0.047342, -0.258434, 0.039006, 0.078172, 0.990814, 0.110349, 0.000295, 0.250836, -0.126675, 0.959706, 0.247085, 0.000000, 0.000000, 0.000000, 1.000000, 0.250836, -0.126675, 0.959706, 0.269085, -0.964868, 0.047342, 0.258434, -0.039006, -0.078172, -0.990814, -0.110349, 0.199778, 0.000000, 0.000000, 0.000000, 1.000000, 0.999841, -0.015332, 0.009067, 0.043217, 0.009854, 0.052044, -0.998596, 0.095439, 0.014839, 0.998527, 0.052186, 0.030254, 0.000000, 0.000000, 0.000000, 1.000000
6.6164, 38.8494, 0.2896, 246.9863, 268.9863, -38.8494, 199.7838, 43.2874, 95.3812, 30.2630, 0.965397, -0.047536, -0.256417, 0.038849, 0.078113, 0.990812, 0.110407, 0.000290, 0.248813, -0.126616, 0.960240, 0.246986, 0.000000, 0.000000, 0.000000, 1.000000, 0.248813, -0.126616, 0.960240, 0.268986, -0.965397, 0.047536, 0.256417, -0.038849, -0.078113, -0.990812, -0.110407, 0.199784, 0.000000, 0.000000, 0.000000, 1.000000, 0.999845, -0.015369, 0.008565, 0.043287, 0.009353, 0.051976, -0.998605, 0.095381, 0.014902, 0.998530, 0.052112, 0.030263, 0.000000, 0.000000, 0.000000, 1.000000
6.7742, 38.7344, 0.2769, 247.0096, 269.0096, -38.7344, 199.7966, 43.4442, 95.2100, 30.2539, 0.966248, -0.047558, -0.253184, 0.038734, 0.077836, 0.990774, 0.110944, 0.000277, 0.245572, -0.126906, 0.961035, 0.247010, 0.000000, 0.000000, 0.000000, 1.000000, 0.245572, -0.126906, 0.961035, 0.269010, -0.966248, 0.047558, 0.253184, -0.038734, -0.077836, -0.990774, -0.110944, 0.199797, 0.000000, 0.000000, 0.000000, 1.000000, 0.999841, -0.015324, 0.009171, 0.043444, 0.009961, 0.052294, -0.998582, 0.095210, 0.014822, 0.998514, 0.052438, 0.030254, 0.000000, 0.000000, 0.000000, 1.000000
6.8959, 38.6063, 0.2705, 247.0322, 269.0322, -38.6063, 199.8029, 43.5281, 95.0631, 30.2519, 0.967162, -0.047698, -0.249643, 0.038606, 0.077456, 0.990823, 0.110769, 0.000271, 0.242069, -0.126468, 0.961982, 0.247032, 0.000000, 0.000000, 0.000000, 1.000000, 0.242069, -0.126468, 0.961982, 0.269032, -0.967162, 0.047698, 0.249643, -0.038606, -0.077456, -0.990823, -0.110769, 0.199803, 0.000000, 0.000000, 0.000000, 1.000000, 0.999827, -0.015232, 0.010697, 0.043528, 0.011474, 0.051865, -0.998588, 0.095063, 0.014656, 0.998538, 0.052031, 0.030252, 0.000000, 0.000000, 0.000000, 1.000000
7.0734, 38.4438, 0.2578, 246.9560, 268.9560, -38.4438, 199.8157, 43.6455, 94.9606, 30.2522, 0.967316, -0.047374, -0.249109, 0.038444, 0.077213, 0.990771, 0.111405, 0.000258, 0.241532, -0.126998, 0.962047, 0.246956, 0.000000, 0.000000, 0.000000, 1.000000, 0.241532, -0.126998, 0.962047, 0.268956, -0.967316, 0.047374, 0.249109, -0.038444, -0.077213, -0.990771, -0.111405, 0.199816, 0.000000, 0.000000, 0.000000, 1.000000, 0.999856, -0.014896, 0.008175, 0.043646, 0.008947, 0.052510, -0.998580, 0.094961, 0.014445, 0.998509, 0.052635, 0.030252, 0.000000, 0.000000, 0.000000, 1.000000
7.2224, 38.3314, 0.2428, 246.9340, 268.9340, -38.3314, 199.8307, 43.7772, 94.8405, 30.2441, 0.968013, -0.047510, -0.246362, 0.038331, 0.077075, 0.990739, 0.111787, 0.000243, 0.238770, -0.127200, 0.962709, 0.246934, 0.000000, 0.000000, 0.000000, 1.000000, 0.238770, -0.127200, 0.962709, 0.268934, -0.968013, 0.047510, 0.246362, -0.038331, -0.077075, -0.990739, -0.111787, 0.199831, 0.000000, 0.000000, 0.000000, 1.000000, 0.999853, -0.014942, 0.008422, 0.043777, 0.009199, 0.052710, -0.998567, 0.094841, 0.014477, 0.998498, 0.052840, 0.030244, 0.000000, 0.000000, 0.000000, 1.000000
7.3797, 38.1823, 0.2457, 246.9254, 268.9254, -38.1823, 199.8277, 43.8913, 94.6909, 30.2546, 0.968902, -0.047490, -0.242844, 0.038182, 0.076589, 0.990772, 0.111824, 0.000246, 0.235292, -0.126945, 0.963599, 0.246925, 0.000000, 0.000000, 0.000000, 1.000000, 0.235292, -0.126945, 0.963599, 0.268925, -0.968902, 0.047490, 0.242844, -0.038182, -0.076589, -0.990772, -0.111824, 0.199828, 0.000000, 0.000000, 0.000000, 1.000000, 0.999848, -0.014713, 0.009305, 0.043891, 0.010065, 0.052508, -0.998570, 0.094691, 0.014204, 0.998512, 0.052648, 0.030255, 0.000000, 0.000000, 0.000000, 1.000000
7.5270, 38.0316, 0.2372, 246.8829, 268.8829, -38.0316, 199.8363, 43.9777, 94.5821, 30.2562, 0.969351, -0.047092, -0.241126, 0.038032, 0.076181, 0.990696, 0.112774, 0.000237, 0.233572, -0.127687, 0.963919, 0.246883, 0.000000, 0.000000, 0.000000, 1.000000, 0.233572, -0.127687, 0.963919, 0.268883, -0.969351, 0.047092, 0.241126, -0.038032, -0.076181, -0.990696, -0.112774, 0.199836, 0.000000, 0.000000, 0.000000, 1.000000, 0.999860, -0.014378, 0.008539, 0.043978, 0.009295, 0.053366, -0.998532, 0.094582, 0.013902, 0.998472, 0.053492, 0.030256, 0.000000, 0.000000, 0.000000, 1.000000
7.6852, 37.9079, 0.2327, 246.8664, 268.8664, -37.9079, 199.8408, 44.1147, 94.4463, 30.2586, 0.969930, -0.047560, -0.238692, 0.037908, 0.075935, 0.990901, 0.111125, 0.000233, 0.231235, -0.125908, 0.964716, 0.246866, 0.000000, 0.000000, 0.000000, 1.000000, 0.231235, -0.125908, 0.964716, 0.268866, -0.969930, 0.047560, 0.238692, -0.037908, -0.075935, -0.990901, -0.111125, 0.199841, 0.000000, 0.000000, 0.000000, 1.000000, 0.999865, -0.014243, 0.008228, 0.044115, 0.008952, 0.051558, -0.998630, 0.094446, 0.013800, 0.998568, 0.051678, 0.030259, 0.000000, 0.000000, 0.000000, 1.000000
7.8407, 37.7736, 0.2177, 246.8721, 268.8721, -37.7736, 199.8557, 44.2412, 94.2891, 30.2496, 0.971058, -0.047661, -0.234042, 0.037774, 0.075677, 0.990798, 0.112217, 0.000218, 0.226540, -0.126680, 0.965729, 0.246872, 0.000000, 0.000000, 0.000000, 1.000000, 0.226540, -0.126680, 0.965729, 0.268872, -0.971058, 0.047661, 0.234042, -0.037774, -0.075677, -0.990798, -0.112217, 0.199856, 0.000000, 0.000000, 0.000000, 1.000000, 0.999843, -0.014392, 0.010332, 0.044241, 0.011072, 0.052325, -0.998569, 0.094289, 0.013831, 0.998526, 0.052476, 0.030250, 0.000000, 0.000000, 0.000000, 1.000000
7.9743, 37.6207, 0.2024, 246.7670, 268.7670, -37.6207, 199.8710, 44.2869, 94.2517, 30.2491, 0.971023, -0.047380, -0.234240, 0.037621, 0.075222, 0.990925, 0.111394, 0.000202, 0.226837, -0.125786, 0.965776, 0.246767, 0.000000, 0.000000, 0.000000, 1.000000, 0.226837, -0.125786, 0.965776, 0.268767, -0.971023, 0.047380, 0.234240, -0.037621, -0.075222, -0.990925, -0.111394, 0.199871, 0.000000, 0.000000, 0.000000, 1.000000, 0.999875, -0.013778, 0.007772, 0.044287, 0.008472, 0.051552, -0.998634, 0.094252, 0.013358, 0.998575, 0.051663, 0.030249, 0.000000, 0.000000, 0.000000, 1.000000
8.1400, 37.4817, 0.1997, 246.7367, 268.7367, -37.4817, 199.8738, 44.4172, 94.1199, 30.2550, 0.971839, -0.047405, -0.230829, 0.037482, 0.074911, 0.990892, 0.111895, 0.000200, 0.223422, -0.126035, 0.966539, 0.246737, 0.000000, 0.000000, 0.000000, 1.000000, 0.223422, -0.126035, 0.966539, 0.268737, -0.971839, 0.047405, 0.230829, -0.037482, -0.074911, -0.990892, -0.111895, 0.199874, 0.000000, 0.000000, 0.000000, 1.000000, 0.999871, -0.013714, 0.008404, 0.044417, 0.009104, 0.051829, -0.998614, 0.094120, 0.013259, 0.998562, 0.051947, 0.030255, 0.000000, 0.000000, 0.000000, 1.000000
8.2898, 37.3538, 0.1877, 246.7183, 268.7183, -37.3538, 199.8857, 44.5339, 93.9920, 30.2504, 0.972548, -0.047156, -0.227873, 0.037354, 0.074541, 0.990783, 0.113104, 0.000188, 0.220439, -0.126985, 0.967100, 0.246718, 0.000000, 0.000000, 0.000000, 1.000000, 0.220439, -0.126985, 0.967100, 0.268718, -0.972548, 0.047156, 0.227873, -0.037354, -0.074541, -0.990783, -0.113104, 0.199886, 0.000000, 0.000000, 0.000000, 1.000000, 0.999869, -0.013562, 0.008867, 0.044534, 0.009572, 0.052851, -0.998557, 0.093992, 0.013074, 0.998510, 0.052974, 0.030250, 0.000000, 0.000000, 0.000000, 1.000000
8.4204, 37.2103, 0.1785, 246.7024, 268.7024, -37.2103, 199.8950, 44.6043, 93.8730, 30.2489, 0.972826, -0.047322, -0.226648, 0.037210, 0.074165, 0.991002, 0.111423, 0.000178, 0.219336, -0.125205, 0.967582, 0.246702, 0.000000, 0.000000, 0.000000, 1.000000, 0.219336, -0.125205, 0.967582, 0.268702, -0.972826, 0.047322, 0.226648, -0.037210, -0.074165, -0.991002, -0.111423, 0.199895, 0.000000, 0.000000, 0.000000, 1.000000, 0.999883, -0.013183, 0.007788, 0.044604, 0.008453, 0.051102, -0.998658, 0.093873, 0.012767, 0.998606, 0.051208, 0.030249, 0.000000, 0.000000, 0.000000, 1.000000
8.5689, 37.0640, 0.1691, 246.6473, 268.6473, -37.0640, 199.9044, 44.6923, 93.7776, 30.2504, 0.973629, -0.047467, -0.223143, 0.037064, 0.074177, 0.990836, 0.112882, 0.000169, 0.215740, -0.126457, 0.968228, 0.246647, 0.000000, 0.000000, 0.000000, 1.000000, 0.215740, -0.126457, 0.968228, 0.268647, -0.973629, 0.047467, 0.223143, -0.037064, -0.074177, -0.990836, -0.112882, 0.199904, 0.000000, 0.000000, 0.000000, 1.000000, 0.999870, -0.013484, 0.008842, 0.044692, 0.009537, 0.052330, -0.998584, 0.093778, 0.013002, 0.998539, 0.052451, 0.030250, 0.000000, 0.000000, 0.000000, 1.000000
8.6999, 36.9624, 0.1704, 246.6772, 268.6772, -36.9624, 199.9030, 44.8144, 93.6230, 30.2543, 0.974250, -0.047493, -0.220410, 0.036962, 0.073720, 0.990932, 0.112337, 0.000170, 0.213076, -0.125693, 0.968917, 0.246677, 0.000000, 0.000000, 0.000000, 1.000000, 0.213076, -0.125693, 0.968917, 0.268677, -0.974250, 0.047493, 0.220410, -0.036962, -0.073720, -0.990932, -0.112337, 0.199903, 0.000000, 0.000000, 0.000000, 1.000000, 0.999869, -0.013213, 0.009339, 0.044814, 0.010010, 0.051605, -0.998617, 0.093623, 0.012712, 0.998580, 0.051731, 0.030254, 0.000000, 0.000000, 0.000000, 1.000000
8.8576, 36.8056, 0.1454, 246.7037, 268.7037, -36.8056, 199.9280, 44.9238, 93.4396, 30.2348, 0.974815, -0.047608, -0.217873, 0.036806, 0.073579, 0.990903, 0.112687, 0.000145, 0.210526, -0.125880, 0.969450, 0.246704, 0.000000, 0.000000, 0.000000, 1.000000, 0.210526, -0.125880, 0.969450, 0.268704, -0.974815, 0.047608, 0.217873, -0.036806, -0.073579, -0.990903, -0.112687, 0.199928, 0.000000, 0.000000, 0.000000, 1.000000, 0.999870, -0.013226, 0.009198, 0.044924, 0.009872, 0.051800, -0.998609, 0.093440, 0.012731, 0.998570, 0.051923, 0.030235, 0.000000, 0.000000, 0.000000, 1.000000
9.0268, 36.6641, 0.1377, 246.5952, 268.5952, -36.6641, 199.9358, 45.0375, 93.3813, 30.2415, 0.975418, -0.047143, -0.215261, 0.036664, 0.073132, 0.990738, 0.114409, 0.000138, 0.207874, -0.127339, 0.969832, 0.246595, 0.000000, 0.000000, 0.000000, 1.000000, 0.207874, -0.127339, 0.969832, 0.268595, -0.975418, 0.047143, 0.215261, -0.036664, -0.073132, -0.990738, -0.114409, 0.199936, 0.000000, 0.000000, 0.000000, 1.000000, 0.999876, -0.012949, 0.008982, 0.045037, 0.009661, 0.053371, -0.998528, 0.093381, 0.012450, 0.998491, 0.053490, 0.030241, 0.000000, 0.000000, 0.000000, 1.000000
9.1542, 36.5325, 0.1236, 246.5194, 268.5194, -36.5325, 199.9498, 45.0997, 93.3267, 30.2391, 0.975787, -0.047182, -0.213573, 0.036533, 0.072747, 0.990875, 0.113470, 0.000124, 0.206271, -0.126260, 0.970315, 0.246519, 0.000000, 0.000000, 0.000000, 1.000000, 0.206271, -0.126260, 0.970315, 0.268519, -0.975787, 0.047182, 0.213573, -0.036533, -0.072747, -0.990875, -0.113470, 0.199950, 0.000000, 0.000000, 0.000000, 1.000000, 0.999885, -0.012626, 0.008453, 0.045100, 0.009103, 0.052333, -0.998588, 0.093327, 0.012166, 0.998550, 0.052442, 0.030239, 0.000000, 0.000000, 0.000000, 1.000000
9.3204, 36.3662, 0.1129, 246.5166, 268.5166, -36.3662, 199.9605, 45.2066, 93.1628, 30.2364, 0.976311, -0.047305, -0.211136, 0.036366, 0.072318, 0.991032, 0.112363, 0.000113, 0.203927, -0.124970, 0.970977, 0.246517, 0.000000, 0.000000, 0.000000, 1.000000, 0.203927, -0.124970, 0.970977, 0.268517, -0.976311, 0.047305, 0.211136, -0.036366, -0.072318, -0.991032, -0.112363, 0.199961, 0.000000, 0.000000, 0.000000, 1.000000, 0.999892, -0.012310, 0.008008, 0.045207, 0.008627, 0.051076, -0.998657, 0.093163, 0.011884, 0.998619, 0.051177, 0.030236, 0.000000, 0.000000, 0.000000, 1.000000
9.4887, 36.2549, 0.1023, 246.5351, 268.5351, -36.2549, 199.9711, 45.3747, 92.9884, 30.2296, 0.976898, -0.047458, -0.208368, 0.036255, 0.072152, 0.991022, 0.112558, 0.000102, 0.201155, -0.124992, 0.971552, 0.246535, 0.000000, 0.000000, 0.000000, 1.000000, 0.201155, -0.124992, 0.971552, 0.268535, -0.976898, 0.047458, 0.208368, -0.036255, -0.072152, -0.991022, -0.112558, 0.199971, 0.000000, 0.000000, 0.000000, 1.000000, 0.999893, -0.012314, 0.007908, 0.045375, 0.008528, 0.051101, -0.998657, 0.092988, 0.011893, 0.998618, 0.051201, 0.030230, 0.000000, 0.000000, 0.000000, 1.000000
9.6438, 36.1099, 0.0819, 246.5760, 268.5760, -36.1099, 199.9916, 45.4920, 92.7959, 30.2130, 0.977771, -0.047478, -0.204231, 0.036110, 0.071932, 0.990869, 0.114033, 0.000082, 0.196952, -0.126189, 0.972258, 0.246576, 0.000000, 0.000000, 0.000000, 1.000000, 0.196952, -0.126189, 0.972258, 0.268576, -0.977771, 0.047478, 0.204231, -0.036110, -0.071932, -0.990869, -0.114033, 0.199992, 0.000000, 0.000000, 0.000000, 1.000000, 0.999878, -0.012453, 0.009480, 0.045492, 0.010119, 0.052307, -0.998580, 0.092796, 0.011939, 0.998553, 0.052427, 0.030213, 0.000000, 0.000000, 0.000000, 1.000000
9.7594, 35.9617, 0.0793, 246.5044, 268.5044, -35.9617, 199.9941, 45.5194, 92.7429, 30.2226, 0.977893, -0.047368, -0.203668, 0.035962, 0.071550, 0.991009, 0.113056, 0.000079, 0.196482, -0.125129, 0.972490, 0.246504, 0.000000, 0.000000, 0.000000, 1.000000, 0.196482, -0.125129, 0.972490, 0.268504, -0.977893, 0.047368, 0.203668, -0.035962, -0.071550, -0.991009, -0.113056, 0.199994, 0.000000, 0.000000, 0.000000, 1.000000, 0.999896, -0.012014, 0.008003, 0.045519, 0.008610, 0.051312, -0.998646, 0.092743, 0.011587, 0.998610, 0.051410, 0.030223, 0.000000, 0.000000, 0.000000, 1.000000
9.9325, 35.8337, 0.0548, 246.4862, 268.4862, -35.8337, 200.0186, 45.6693, 92.5979, 30.2054, 0.978566, -0.047507, -0.200380, 0.035834, 0.071492, 0.990881, 0.114212, 0.000055, 0.193127, -0.126090, 0.973038, 0.246486, 0.000000, 0.000000, 0.000000, 1.000000, 0.193127, -0.126090, 0.973038, 0.268486, -0.978566, 0.047507, 0.200380, -0.035834, -0.071492, -0.990881, -0.114212, 0.200019, 0.000000, 0.000000, 0.000000, 1.000000, 0.999890, -0.012197, 0.008380, 0.045669, 0.009006, 0.052266, -0.998593, 0.092598, 0.011742, 0.998559, 0.052370, 0.030205, 0.000000, 0.000000, 0.000000, 1.000000
10.0635, 35.6885, 0.0433, 246.4366, 268.4366, -35.6885, 200.0302, 45.7281, 92.5128, 30.2043, 0.979242, -0.047284, -0.197105, 0.035688, 0.071085, 0.990763, 0.115483, 0.000043, 0.189823, -0.127097, 0.973557, 0.246437, 0.000000, 0.000000, 0.000000, 1.000000, 0.189823, -0.127097, 0.973557, 0.268437, -0.979242, 0.047284, 0.197105, -0.035688, -0.071085, -0.990763, -0.115483, 0.200030, 0.000000, 0.000000, 0.000000, 1.000000, 0.999882, -0.012069, 0.009481, 0.045728, 0.010112, 0.053330, -0.998526, 0.092513, 0.011545, 0.998504, 0.053446, 0.030204, 0.000000, 0.000000, 0.000000, 1.000000
10.2300, 35.5516, 0.0383, 246.4216, 268.4216, -35.5516, 200.0352, 45.8596, 92.3668, 30.2067, 0.979369, -0.047421, -0.196435, 0.035552, 0.070911, 0.990909, 0.114330, 0.000038, 0.189228, -0.125901, 0.973828, 0.246422, 0.000000, 0.000000, 0.000000, 1.000000, 0.189228, -0.125901, 0.973828, 0.268422, -0.979369, 0.047421, 0.196435, -0.035552, -0.070911, -0.990909, -0.114330, 0.200035, 0.000000, 0.000000, 0.000000, 1.000000, 0.999904, -0.011802, 0.007218, 0.045860, 0.007824, 0.052160, -0.998608, 0.092367, 0.011409, 0.998569, 0.052247, 0.030207, 0.000000, 0.000000, 0.000000, 1.000000
10.3693, 35.4182, 0.0253, 246.4395, 268.4395, -35.4182, 200.0481, 45.9563, 92.2118, 30.1987, 0.980302, -0.047484, -0.191711, 0.035418, 0.070422, 0.990905, 0.114665, 0.000025, 0.184522, -0.125907, 0.974730, 0.246439, 0.000000, 0.000000, 0.000000, 1.000000, 0.184522, -0.125907, 0.974730, 0.268439, -0.980302, 0.047484, 0.191711, -0.035418, -0.070422, -0.990905, -0.114665, 0.200048, 0.000000, 0.000000, 0.000000, 1.000000, 0.999885, -0.011739, 0.009611, 0.045956, 0.010211, 0.052182, -0.998585, 0.092212, 0.011221, 0.998569, 0.052296, 0.030199, 0.000000, 0.000000, 0.000000, 1.000000
10.5280, 35.2752, 0.0173, 246.4073, 268.4073, -35.2752, 200.0562, 46.0646, 92.0881, 30.1997, 0.980744, -0.047710, -0.189379, 0.035275, 0.070262, 0.990968, 0.114214, 0.000017, 0.182220, -0.125321, 0.975239, 0.246407, 0.000000, 0.000000, 0.000000, 1.000000, 0.182220, -0.125321, 0.975239, 0.268407, -0.980744, 0.047710, 0.189379, -0.035275, -0.070262, -0.990968, -0.114214, 0.200056, 0.000000, 0.000000, 0.000000, 1.000000, 0.999889, -0.011698, 0.009201, 0.046065, 0.009792, 0.051592, -0.998620, 0.092088, 0.011208, 0.998600, 0.051701, 0.030200, 0.000000, 0.000000, 0.000000, 1.000000
10.6783, 35.1429, 0.0090, 246.3776, 268.3776, -35.1429, 200.0644, 46.1703, 91.9710, 30.1998, 0.980876, -0.047331, -0.188791, 0.035143, 0.069975, 0.990882, 0.115138, 0.000009, 0.181620, -0.126147, 0.975244, 0.246378, 0.000000, 0.000000, 0.000000, 1.000000, 0.181620, -0.126147, 0.975244, 0.268378, -0.980876, 0.047331, 0.188791, -0.035143, -0.069975, -0.990882, -0.115138, 0.200064, 0.000000, 0.000000, 0.000000, 1.000000, 0.999910, -0.011354, 0.007214, 0.046170, 0.007800, 0.052510, -0.998590, 0.091971, 0.010959, 0.998556, 0.052594, 0.030200, 0.000000, 0.000000, 0.000000, 1.000000
10.8097, 35.0031, -0.0132, 246.3775, 268.3775, -35.0031, 200.0866, 46.2426, 91.8396, 30.1842, 0.981780, -0.047338, -0.184030, 0.035003, 0.069459, 0.990855, 0.115678, -0.000013, 0.176871, -0.126352, 0.976090, 0.246377, 0.000000, 0.000000, 0.000000, 1.000000, 0.176871, -0.126352, 0.976090, 0.268377, -0.981780, 0.047338, 0.184030, -0.035003, -0.069459, -0.990855, -0.115678, 0.200087, 0.000000, 0.000000, 0.000000, 1.000000, 0.999889, -0.011281, 0.009782, 0.046243, 0.010364, 0.052738, -0.998555, 0.091840, 0.010749, 0.998545, 0.052849, 0.030184, 0.000000, 0.000000, 0.000000, 1.000000
10.9578, 34.8672, -0.0163, 246.3871, 268.3871, -34.8672, 200.0897, 46.3482, 91.6848, 30.1867, 0.981906, -0.047317, -0.183362, 0.034867, 0.069074, 0.991059, 0.114148, -0.000016, 0.176322, -0.124749, 0.976396, 0.246387, 0.000000, 0.000000, 0.000000, 1.000000, 0.176322, -0.124749, 0.976396, 0.268387, -0.981906, 0.047317, 0.183362, -0.034867, -0.069074, -0.991059, -0.114148, 0.200090, 0.000000, 0.000000, 0.000000, 1.000000, 0.999911, -0.010814, 0.007822, 0.046348, 0.008365, 0.051186, -0.998654, 0.091685, 0.010399, 0.998631, 0.051272, 0.030187, 0.000000, 0.000000, 0.000000, 1.000000
11.1423, 34.7108, -0.0297, 246.3067, 268.3067, -34.7108, 200.1032, 46.4744, 91.5857, 30.1864, 0.982413, -0.047422, -0.180599, 0.034711, 0.069136, 0.990851, 0.115903, -0.000030, 0.173451, -0.126351, 0.976704, 0.246307, 0.000000, 0.000000, 0.000000, 1.000000, 0.173451, -0.126351, 0.976704, 0.268307, -0.982413, 0.047422, 0.180599, -0.034711, -0.069136, -0.990851, -0.115903, 0.200103, 0.000000, 0.000000, 0.000000, 1.000000, 0.999911, -0.011057, 0.007476, 0.046474, 0.008050, 0.052785, -0.998573, 0.091586, 0.010646, 0.998545, 0.052870, 0.030186, 0.000000, 0.000000, 0.000000, 1.000000
11.2825, 34.5748, -0.0236, 246.3097, 268.3097, -34.5748, 200.0970, 46.5656, 91.4434, 30.1986, 0.982999, -0.047835, -0.177269, 0.034575, 0.068923, 0.990997, 0.114779, -0.000024, 0.170183, -0.125046, 0.977446, 0.246310, 0.000000, 0.000000, 0.000000, 1.000000, 0.170183, -0.125046, 0.977446, 0.268310, -0.982999, 0.047835, 0.177269, -0.034575, -0.068923, -0.990997, -0.114779, 0.200097, 0.000000, 0.000000, 0.000000, 1.000000, 0.999903, -0.011090, 0.008370, 0.046566, 0.008930, 0.051447, -0.998636, 0.091443, 0.010645, 0.998614, 0.051541, 0.030199, 0.000000, 0.000000, 0.000000, 1.000000
11.4196, 34.4397, -0.0413, 246.2635, 268.2635, -34.4397, 200.1148, 46.6424, 91.3537, 30.1906, 0.983225, -0.047247, -0.176172, 0.034440, 0.068166, 0.991065, 0.114647, -0.000041, 0.169181, -0.124733, 0.977660, 0.246264, 0.000000, 0.000000, 0.000000, 1.000000, 0.169181, -0.124733, 0.977660, 0.268264, -0.983225, 0.047247, 0.176172, -0.034440, -0.068166, -0.991065, -0.114647, 0.200115, 0.000000, 0.000000, 0.000000, 1.000000, 0.999922, -0.010330, 0.007089, 0.046642, 0.007609, 0.051269, -0.998656, 0.091354, 0.009953, 0.998631, 0.051343, 0.030191, 0.000000, 0.000000, 0.000000, 1.000000
11.5897, 34.2872, -0.0566, 246.2066, 268.2066, -34.2872, 200.1301, 46.7526, 91.2446, 30.1865, 0.983908, -0.047299, -0.172302, 0.034287, 0.067947, 0.990925, 0.115980, -0.000057, 0.165252, -0.125820, 0.978193, 0.246207, 0.000000, 0.000000, 0.000000, 1.000000, 0.165252, -0.125820, 0.978193, 0.268207, -0.983908, 0.047299, 0.172302, -0.034287, -0.067947, -0.990925, -0.115980, 0.200130, 0.000000, 0.000000, 0.000000, 1.000000, 0.999913, -0.010426, 0.008100, 0.046753, 0.008635, 0.052366, -0.998591, 0.091245, 0.009988, 0.998574, 0.052452, 0.030187, 0.000000, 0.000000, 0.000000, 1.000000
11.7272, 34.1567, -0.0616, 246.1494, 268.1494, -34.1567, 200.1350, 46.8331, 91.1657, 30.1918, 0.984056, -0.047116, -0.171507, 0.034157, 0.067527, 0.991045, 0.115193, -0.000062, 0.164543, -0.124938, 0.978425, 0.246149, 0.000000, 0.000000, 0.000000, 1.000000, 0.164543, -0.124938, 0.978425, 0.268149, -0.984056, 0.047116, 0.171507, -0.034157, -0.067527, -0.991045, -0.115193, 0.200135, 0.000000, 0.000000, 0.000000, 1.000000, 0.999929, -0.009962, 0.006478, 0.046833, 0.006983, 0.051549, -0.998646, 0.091166, 0.009614, 0.998621, 0.051615, 0.030192, 0.000000, 0.000000, 0.000000, 1.000000
11.8850, 34.0069, -0.0798, 246.1578, 268.1578, -34.0069, 200.1533, 46.9369, 91.0034, 30.1800, 0.984463, -0.047196, -0.169130, 0.034007, 0.067229, 0.991116, 0.114754, -0.000080, 0.162212, -0.124342, 0.978890, 0.246158, 0.000000, 0.000000, 0.000000, 1.000000, 0.162212, -0.124342, 0.978890, 0.268158, -0.984463, 0.047196, 0.169130, -0.034007, -0.067229, -0.991116, -0.114754, 0.200153, 0.000000, 0.000000, 0.000000, 1.000000, 0.999933, -0.009793, 0.006119, 0.046937, 0.006611, 0.050972, -0.998678, 0.091003, 0.009468, 0.998652, 0.051033, 0.030180, 0.000000, 0.000000, 0.000000, 1.000000
12.0322, 33.8779, -0.0744, 246.1435, 268.1435, -33.8779, 200.1479, 47.0415, 90.8742, 30.1924, 0.985010, -0.047418, -0.165851, 0.033878, 0.066969, 0.991180, 0.114354, -0.000074, 0.158966, -0.123747, 0.979498, 0.246143, 0.000000, 0.000000, 0.000000, 1.000000, 0.158966, -0.123747, 0.979498, 0.268143, -0.985010, 0.047418, 0.165851, -0.033878, -0.066969, -0.991180, -0.114354, 0.200148, 0.000000, 0.000000, 0.000000, 1.000000, 0.999929, -0.009777, 0.006860, 0.047041, 0.007344, 0.050370, -0.998704, 0.090874, 0.009419, 0.998683, 0.050438, 0.030192, 0.000000, 0.000000, 0.000000, 1.000000
12.1711, 33.7489, -0.0762, 246.1698, 268.1698, -33.7489, 200.1496, 47.1388, 90.7125, 30.1947, 0.985594, -0.047489, -0.162323, 0.033749, 0.066628, 0.991178, 0.114575, -0.000076, 0.155450, -0.123740, 0.980063, 0.246170, 0.000000, 0.000000, 0.000000, 1.000000, 0.155450, -0.123740, 0.980063, 0.268170, -0.985594, 0.047489, 0.162323, -0.033749, -0.066628, -0.991178, -0.114575, 0.200150, 0.000000, 0.000000, 0.000000, 1.000000, 0.999921, -0.009724, 0.008018, 0.047139, 0.008498, 0.050375, -0.998694, 0.090712, 0.009308, 0.998683, 0.050453, 0.030195, 0.000000, 0.000000, 0.000000, 1.000000
12.3407, 33.6108, -0.0850, 246.1698, 268.1698, -33.6108, 200.1585, 47.2707, 90.5503, 30.1923, 0.985851, -0.047198, -0.160842, 0.033611, 0.066356, 0.991041, 0.115907, -0.000085, 0.153931, -0.124940, 0.980151, 0.246170, 0.000000, 0.000000, 0.000000, 1.000000, 0.153931, -0.124940, 0.980151, 0.268170, -0.985851, 0.047198, 0.160842, -0.033611, -0.066356, -0.991041, -0.115907, 0.200159, 0.000000, 0.000000, 0.000000, 1.000000, 0.999933, -0.009490, 0.006612, 0.047271, 0.007093, 0.051641, -0.998641, 0.090550, 0.009136, 0.998621, 0.051705, 0.030192, 0.000000, 0.000000, 0.000000, 1.000000
12.4532, 33.4898, -0.0918, 246.1908, 268.1908, -33.4898, 200.1652, 47.3321, 90.4173, 30.1897, 0.986551, -0.047169, -0.156497, 0.033490, 0.065903, 0.990970, 0.116770, -0.000092, 0.149576, -0.125513, 0.980751, 0.246191, 0.000000, 0.000000, 0.000000, 1.000000, 0.149576, -0.125513, 0.980751, 0.268191, -0.986551, 0.047169, 0.156497, -0.033490, -0.065903, -0.990970, -0.116770, 0.200165, 0.000000, 0.000000, 0.000000, 1.000000, 0.999914, -0.009456, 0.009078, 0.047332, 0.009560, 0.052233, -0.998589, 0.090417, 0.008968, 0.998590, 0.052319, 0.030190, 0.000000, 0.000000, 0.000000, 1.000000
12.6220, 33.3275, -0.0973, 246.2265, 268.2265, -33.3275, 200.1707, 47.4434, 90.2166, 30.1892, 0.987020, -0.047200, -0.153502, 0.033327, 0.065387, 0.991132, 0.115681, -0.000097, 0.146681, -0.124217, 0.981354, 0.246227, 0.000000, 0.000000, 0.000000, 1.000000, 0.146681, -0.124217, 0.981354, 0.268227, -0.987020, 0.047200, 0.153502, -0.033327, -0.065387, -0.991132, -0.115681, 0.200171, 0.000000, 0.000000, 0.000000, 1.000000, 0.999917, -0.009120, 0.009122, 0.047443, 0.009575, 0.050969, -0.998654, 0.090217, 0.008643, 0.998659, 0.051052, 0.030189, 0.000000, 0.000000, 0.000000, 1.000000
12.8817, 33.1891, -0.0999, 246.1854, 268.1854, -33.1891, 200.1734, 47.7089, 90.0198, 30.1959, 0.987325, -0.047271, -0.151509, 0.033189, 0.065136, 0.991204, 0.115205, -0.000100, 0.144730, -0.123613, 0.981719, 0.246185, 0.000000, 0.000000, 0.000000, 1.000000, 0.144730, -0.123613, 0.981719, 0.268185, -0.987325, 0.047271, 0.151509, -0.033189, -0.065136, -0.991204, -0.115205, 0.200173, 0.000000, 0.000000, 0.000000, 1.000000, 0.999939, -0.008864, 0.006591, 0.047709, 0.007029, 0.050399, -0.998704, 0.090020, 0.008520, 0.998690, 0.050458, 0.030196, 0.000000, 0.000000, 0.000000, 1.000000
12.9828, 33.0406, -0.1101, 246.1849, 268.1849, -33.0406, 200.1836, 47.7204, 89.9138, 30.1927, 0.987823, -0.047459, -0.148166, 0.033041, 0.064911, 0.991212, 0.115264, -0.000110, 0.141393, -0.123478, 0.982223, 0.246185, 0.000000, 0.000000, 0.000000, 1.000000, 0.141393, -0.123478, 0.982223, 0.268185, -0.987823, 0.047459, 0.148166, -0.033041, -0.064911, -0.991212, -0.115264, 0.200184, 0.000000, 0.000000, 0.000000, 1.000000, 0.999926, -0.008939, 0.008207, 0.047720, 0.008647, 0.050252, -0.998699, 0.089914, 0.008515, 0.998697, 0.050326, 0.030193, 0.000000, 0.000000, 0.000000, 1.000000
13.0948, 32.9039, -0.1275, 246.1488, 268.1488, -32.9039, 200.2009, 47.7548, 89.8361, 30.1844, 0.987967, -0.047108, -0.147317, 0.032904, 0.064276, 0.991395, 0.114039, -0.000127, 0.140677, -0.122135, 0.982493, 0.246149, 0.000000, 0.000000, 0.000000, 1.000000, 0.140677, -0.122135, 0.982493, 0.268149, -0.987967, 0.047108, 0.147317, -0.032904, -0.064276, -0.991395, -0.114039, 0.200201, 0.000000, 0.000000, 0.000000, 1.000000, 0.999941, -0.008284, 0.007062, 0.047755, 0.007460, 0.048986, -0.998772, 0.089836, 0.007928, 0.998765, 0.049045, 0.030184, 0.000000, 0.000000, 0.000000, 1.000000
13.2319, 32.7592, -0.1335, 246.0629, 268.0629, -32.7592, 200.2069, 47.8139, 89.7851, 30.1914, 0.988419, -0.046874, -0.144330, 0.032759, 0.063937, 0.991195, 0.115947, -0.000133, 0.137625, -0.123832, 0.982713, 0.246063, 0.000000, 0.000000, 0.000000, 1.000000, 0.137625, -0.123832, 0.982713, 0.268063, -0.988419, 0.046874, 0.144330, -0.032759, -0.063937, -0.991195, -0.115947, 0.200207, 0.000000, 0.000000, 0.000000, 1.000000, 0.999936, -0.008196, 0.007762, 0.047814, 0.008168, 0.050728, -0.998679, 0.089785, 0.007791, 0.998679, 0.050792, 0.030191, 0.000000, 0.000000, 0.000000, 1.000000
13.3906, 32.6098, -0.1417, 246.0688, 268.0688, -32.6098, 200.2151, 47.9151, 89.6250, 30.1897, 0.988598, -0.046919, -0.143085, 0.032610, 0.063643, 0.991367, 0.114638, -0.000142, 0.136471, -0.122437, 0.983049, 0.246069, 0.000000, 0.000000, 0.000000, 1.000000, 0.136471, -0.122437, 0.983049, 0.268069, -0.988598, 0.046919, 0.143085, -0.032610, -0.063643, -0.991367, -0.114638, 0.200215, 0.000000, 0.000000, 0.000000, 1.000000, 0.999950, -0.007890, 0.006202, 0.047915, 0.006584, 0.049356, -0.998760, 0.089625, 0.007574, 0.998750, 0.049405, 0.030190, 0.000000, 0.000000, 0.000000, 1.000000
13.5281, 32.4802, -0.1430, 246.1050, 268.1050, -32.4802, 200.2165, 48.0070, 89.4554, 30.1918, 0.989207, -0.046997, -0.138785, 0.032480, 0.063235, 0.991350, 0.115009, -0.000143, 0.132179, -0.122544, 0.983622, 0.246105, 0.000000, 0.000000, 0.000000, 1.000000, 0.132179, -0.122544, 0.983622, 0.268105, -0.989207, 0.046997, 0.138785, -0.032480, -0.063235, -0.991350, -0.115009, 0.200216, 0.000000, 0.000000, 0.000000, 1.000000, 0.999936, -0.007865, 0.008156, 0.048007, 0.008536, 0.049470, -0.998739, 0.089455, 0.007451, 0.998745, 0.049534, 0.030192, 0.000000, 0.000000, 0.000000, 1.000000
13.6679, 32.3298, -0.1517, 246.0695, 268.0695, -32.3298, 200.2252, 48.0710, 89.3523, 30.1927, 0.989546, -0.047115, -0.136303, 0.032330, 0.063069, 0.991338, 0.115202, -0.000152, 0.129694, -0.122594, 0.983946, 0.246069, 0.000000, 0.000000, 0.000000, 1.000000, 0.129694, -0.122594, 0.983946, 0.268069, -0.989546, 0.047115, 0.136303, -0.032330, -0.063069, -0.991338, -0.115202, 0.200225, 0.000000, 0.000000, 0.000000, 1.000000, 0.999935, -0.007868, 0.008230, 0.048071, 0.008610, 0.049522, -0.998736, 0.089352, 0.007450, 0.998742, 0.049587, 0.030193, 0.000000, 0.000000, 0.000000, 1.000000
13.8151, 32.1875, -0.1591, 246.0598, 268.0598, -32.1875, 200.2326, 48.1579, 89.2187, 30.1926, 0.989898, -0.047283, -0.133665, 0.032188, 0.062871, 0.991384, 0.114916, -0.000159, 0.127079, -0.122158, 0.984341, 0.246060, 0.000000, 0.000000, 0.000000, 1.000000, 0.127079, -0.122158, 0.984341, 0.268060, -0.989898, 0.047283, 0.133665, -0.032188, -0.062871, -0.991384, -0.114916, 0.200233, 0.000000, 0.000000, 0.000000, 1.000000, 0.999935, -0.007845, 0.008311, 0.048158, 0.008686, 0.049086, -0.998757, 0.089219, 0.007427, 0.998764, 0.049151, 0.030193, 0.000000, 0.000000, 0.000000, 1.000000
13.9729, 32.0552, -0.1823, 246.0274, 268.0274, -32.0552, 200.2558, 48.2669, 89.1011, 30.1780, 0.990301, -0.046999, -0.130747, 0.032055, 0.062564, 0.991087, 0.117610, -0.000182, 0.124054, -0.124649, 0.984415, 0.246027, 0.000000, 0.000000, 0.000000, 1.000000, 0.124054, -0.124649, 0.984415, 0.268027, -0.990301, 0.046999, 0.130747, -0.032055, -0.062564, -0.991087, -0.117610, 0.200256, 0.000000, 0.000000, 0.000000, 1.000000, 0.999933, -0.007777, 0.008608, 0.048267, 0.008999, 0.051627, -0.998626, 0.089101, 0.007322, 0.998636, 0.051694, 0.030178, 0.000000, 0.000000, 0.000000, 1.000000
14.1236, 31.9314, -0.1723, 246.0993, 268.0993, -31.9314, 200.2457, 48.3885, 88.8854, 30.1885, 0.990472, -0.047391, -0.129305, 0.031931, 0.062430, 0.991419, 0.114853, -0.000172, 0.122753, -0.121831, 0.984931, 0.246099, 0.000000, 0.000000, 0.000000, 1.000000, 0.122753, -0.121831, 0.984931, 0.268099, -0.990472, 0.047391, 0.129305, -0.031931, -0.062430, -0.991419, -0.114853, 0.200246, 0.000000, 0.000000, 0.000000, 1.000000, 0.999944, -0.007642, 0.007322, 0.048389, 0.007686, 0.048787, -0.998780, 0.088885, 0.007276, 0.998780, 0.048843, 0.030189, 0.000000, 0.000000, 0.000000, 1.000000
14.3121, 31.7692, -0.1855, 245.9935, 267.9935, -31.7692, 200.2590, 48.5059, 88.8100, 30.1906, 0.990735, -0.046966, -0.127433, 0.031769, 0.061966, 0.991266, 0.116417, -0.000186, 0.120853, -0.123235, 0.984991, 0.245993, 0.000000, 0.000000, 0.000000, 1.000000, 0.120853, -0.123235, 0.984991, 0.267993, -0.990735, 0.046966, 0.127433, -0.031769, -0.061966, -0.991266, -0.116417, 0.200259, 0.000000, 0.000000, 0.000000, 1.000000, 0.999956, -0.007249, 0.005984, 0.048506, 0.006341, 0.050266, -0.998716, 0.088810, 0.006939, 0.998710, 0.050310, 0.030191, 0.000000, 0.000000, 0.000000, 1.000000
14.4246, 31.6511, -0.1931, 246.0643, 268.0643, -31.6511, 200.2665, 48.5717, 88.6298, 30.1834, 0.991215, -0.047586, -0.123407, 0.031651, 0.062013, 0.991330, 0.115838, -0.000193, 0.116824, -0.122473, 0.985572, 0.246064, 0.000000, 0.000000, 0.000000, 1.000000, 0.116824, -0.122473, 0.985572, 0.268064, -0.991215, 0.047586, 0.123407, -0.031651, -0.062013, -0.991330, -0.115838, 0.200267, 0.000000, 0.000000, 0.000000, 1.000000, 0.999938, -0.007665, 0.008052, 0.048572, 0.008422, 0.049442, -0.998741, 0.088630, 0.007257, 0.998748, 0.049504, 0.030183, 0.000000, 0.000000, 0.000000, 1.000000
14.6215, 31.4986, -0.2081, 246.0047, 268.0047, -31.4986, 200.2816, 48.7166, 88.5032, 30.1798, 0.991503, -0.046971, -0.121308, 0.031499, 0.061039, 0.991490, 0.114986, -0.000208, 0.114875, -0.121414, 0.985932, 0.246005, 0.000000, 0.000000, 0.000000, 1.000000, 0.114875, -0.121414, 0.985932, 0.268005, -0.991503, 0.046971, 0.121308, -0.031499, -0.061039, -0.991490, -0.114986, 0.200282, 0.000000, 0.000000, 0.000000, 1.000000, 0.999955, -0.006747, 0.006697, 0.048717, 0.007017, 0.048486, -0.998799, 0.088503, 0.006414, 0.998801, 0.048531, 0.030180, 0.000000, 0.000000, 0.000000, 1.000000
14.7313, 31.3297, -0.2163, 245.9066, 267.9066, -31.3297, 200.2897, 48.7066, 88.4863, 30.1866, 0.991692, -0.046740, -0.119844, 0.031330, 0.060781, 0.991350, 0.116320, -0.000216, 0.113370, -0.122638, 0.985955, 0.245907, 0.000000, 0.000000, 0.000000, 1.000000, 0.113370, -0.122638, 0.985955, 0.267907, -0.991692, 0.046740, 0.119844, -0.031330, -0.060781, -0.991350, -0.116320, 0.200290, 0.000000, 0.000000, 0.000000, 1.000000, 0.999958, -0.006580, 0.006310, 0.048707, 0.006629, 0.049749, -0.998740, 0.088486, 0.006258, 0.998740, 0.049791, 0.030187, 0.000000, 0.000000, 0.000000, 1.000000
14.8887, 31.1961, -0.2126, 245.9829, 267.9829, -31.1961, 200.2861, 48.8261, 88.2602, 30.1909, 0.992071, -0.046916, -0.116597, 0.031196, 0.060384, 0.991551, 0.114805, -0.000213, 0.110226, -0.120936, 0.986522, 0.245983, 0.000000, 0.000000, 0.000000, 1.000000, 0.110226, -0.120936, 0.986522, 0.267983, -0.992071, 0.046916, 0.116597, -0.031196, -0.060384, -0.991551, -0.114805, 0.200286, 0.000000, 0.000000, 0.000000, 1.000000, 0.999957, -0.006407, 0.006770, 0.048826, 0.007070, 0.048047, -0.998820, 0.088260, 0.006074, 0.998825, 0.048090, 0.030191, 0.000000, 0.000000, 0.000000, 1.000000
15.0429, 31.0581, -0.2353, 245.8976, 267.8976, -31.0581, 200.3088, 48.9156, 88.1981, 30.1809, 0.992278, -0.046812, -0.114858, 0.031058, 0.060292, 0.991319, 0.116843, -0.000235, 0.108391, -0.122866, 0.986486, 0.245898, 0.000000, 0.000000, 0.000000, 1.000000, 0.108391, -0.122866, 0.986486, 0.267898, -0.992278, 0.046812, 0.114858, -0.031058, -0.060292, -0.991319, -0.116843, 0.200309, 0.000000, 0.000000, 0.000000, 1.000000, 0.999962, -0.006409, 0.005913, 0.048916, 0.006226, 0.050004, -0.998730, 0.088198, 0.006105, 0.998728, 0.050042, 0.030181, 0.000000, 0.000000, 0.000000, 1.000000
15.1945, 30.9365, -0.2283, 245.9250, 267.9250, -30.9365, 200.3018, 49.0316, 88.0267, 30.1915, 0.992555, -0.047235, -0.112262, 0.030936, 0.060132, 0.991610, 0.114427, -0.000228, 0.105915, -0.120325, 0.987068, 0.245925, 0.000000, 0.000000, 0.000000, 1.000000, 0.105915, -0.120325, 0.987068, 0.267925, -0.992555, 0.047235, 0.112262, -0.030936, -0.060132, -0.991610, -0.114427, 0.200302, 0.000000, 0.000000, 0.000000, 1.000000, 0.999963, -0.006395, 0.005780, 0.049032, 0.006077, 0.047434, -0.998856, 0.088027, 0.006113, 0.998854, 0.047471, 0.030192, 0.000000, 0.000000, 0.000000, 1.000000
15.3409, 30.7824, -0.2471, 245.8720, 267.8720, -30.7824, 200.3205, 49.0965, 87.9374, 30.1839, 0.992867, -0.046998, -0.109571, 0.030782, 0.059732, 0.991452, 0.115996, -0.000247, 0.103183, -0.121714, 0.987187, 0.245872, 0.000000, 0.000000, 0.000000, 1.000000, 0.103183, -0.121714, 0.987187, 0.267872, -0.992867, 0.046998, 0.109571, -0.030782, -0.059732, -0.991452, -0.115996, 0.200321, 0.000000, 0.000000, 0.000000, 1.000000, 0.999963, -0.006199, 0.005998, 0.049096, 0.006294, 0.048864, -0.998786, 0.087937, 0.005899, 0.998786, 0.048901, 0.030184, 0.000000, 0.000000, 0.000000, 1.000000
15.5070, 30.6555, -0.2453, 245.9005, 267.9005, -30.6555, 200.3187, 49.2284, 87.7524, 30.1895, 0.993057, -0.046953, -0.107855, 0.030655, 0.059369, 0.991595, 0.114956, -0.000245, 0.101551, -0.120561, 0.987498, 0.245900, 0.000000, 0.000000, 0.000000, 1.000000, 0.101551, -0.120561, 0.987498, 0.267900, -0.993057, 0.046953, 0.107855, -0.030655, -0.059369, -0.991595, -0.114956, 0.200319, 0.000000, 0.000000, 0.000000, 1.000000, 0.999971, -0.005882, 0.004782, 0.049228, 0.005058, 0.047734, -0.998847, 0.087752, 0.005647, 0.998843, 0.047763, 0.030190, 0.000000, 0.000000, 0.000000, 1.000000
15.6186, 30.5124, -0.2549, 245.9476, 267.9476, -30.5124, 200.3283, 49.2616, 87.5947, 30.1831, 0.993474, -0.047029, -0.103910, 0.030512, 0.058851, 0.991758, 0.113808, -0.000255, 0.097702, -0.119181, 0.988054, 0.245948, 0.000000, 0.000000, 0.000000, 1.000000, 0.097702, -0.119181, 0.988054, 0.267948, -0.993474, 0.047029, 0.103910, -0.030512, -0.058851, -0.991758, -0.113808, 0.200328, 0.000000, 0.000000, 0.000000, 1.000000, 0.999961, -0.005711, 0.006750, 0.049262, 0.007008, 0.046358, -0.998900, 0.087595, 0.005392, 0.998909, 0.046396, 0.030183, 0.000000, 0.000000, 0.000000, 1.000000
15.7856, 30.3874, -0.2703, 245.9237, 267.9237, -30.3874, 200.3438, 49.3893, 87.4623, 30.1753, 0.993502, -0.046809, -0.103743, 0.030387, 0.058614, 0.991769, 0.113840, -0.000270, 0.097560, -0.119181, 0.988068, 0.245924, 0.000000, 0.000000, 0.000000, 1.000000, 0.097560, -0.119181, 0.988068, 0.267924, -0.993502, 0.046809, 0.103743, -0.030387, -0.058614, -0.991769, -0.113840, 0.200344, 0.000000, 0.000000, 0.000000, 1.000000, 0.999978, -0.005356, 0.004008, 0.049389, 0.004253, 0.046397, -0.998914, 0.087462, 0.005165, 0.998909, 0.046418, 0.030175, 0.000000, 0.000000, 0.000000, 1.000000
15.9170, 30.2332, -0.2757, 245.9177, 267.9177, -30.2332, 200.3491, 49.4357, 87.3391, 30.1776, 0.994041, -0.047079, -0.098314, 0.030233, 0.058303, 0.991699, 0.114601, -0.000276, 0.092102, -0.119650, 0.988535, 0.245918, 0.000000, 0.000000, 0.000000, 1.000000, 0.092102, -0.119650, 0.988535, 0.267918, -0.994041, 0.047079, 0.098314, -0.030233, -0.058303, -0.991699, -0.114601, 0.200349, 0.000000, 0.000000, 0.000000, 1.000000, 0.999959, -0.005569, 0.007199, 0.049436, 0.007452, 0.046851, -0.998874, 0.087339, 0.005226, 0.998886, 0.046891, 0.030178, 0.000000, 0.000000, 0.000000, 1.000000
16.0875, 30.0996, -0.2870, 245.9085, 267.9085, -30.0996, 200.3604, 49.5610, 87.1881, 30.1732, 0.994229, -0.046598, -0.096630, 0.030100, 0.057812, 0.991482, 0.116708, -0.000287, 0.090368, -0.121621, 0.988454, 0.245909, 0.000000, 0.000000, 0.000000, 1.000000, 0.090368, -0.121621, 0.988454, 0.267909, -0.994229, 0.046598, 0.096630, -0.030100, -0.057812, -0.991482, -0.116708, 0.200360, 0.000000, 0.000000, 0.000000, 1.000000, 0.999969, -0.005154, 0.006005, 0.049561, 0.006250, 0.048887, -0.998785, 0.087188, 0.004855, 0.998791, 0.048918, 0.030173, 0.000000, 0.000000, 0.000000, 1.000000
16.2567, 29.9653, -0.2874, 246.0111, 268.0111, -29.9653, 200.3608, 49.6944, 86.9264, 30.1716, 0.994530, -0.046854, -0.093356, 0.029965, 0.057456, 0.991780, 0.114327, -0.000287, 0.087232, -0.119065, 0.989047, 0.246011, 0.000000, 0.000000, 0.000000, 1.000000, 0.087232, -0.119065, 0.989047, 0.268011, -0.994530, 0.046854, 0.093356, -0.029965, -0.057456, -0.991780, -0.114327, 0.200361, 0.000000, 0.000000, 0.000000, 1.000000, 0.999968, -0.005008, 0.006239, 0.049694, 0.006465, 0.046319, -0.998906, 0.086926, 0.004714, 0.998914, 0.046350, 0.030172, 0.000000, 0.000000, 0.000000, 1.000000
16.3578, 29.8051, -0.3054, 245.8726, 267.8726, -29.8051, 200.3789, 49.6747, 86.9620, 30.1711, 0.994662, -0.046612, -0.092057, 0.029805, 0.057274, 0.991503, 0.116798, -0.000305, 0.085830, -0.121447, 0.988880, 0.245873, 0.000000, 0.000000, 0.000000, 1.000000, 0.085830, -0.121447, 0.988880, 0.267873, -0.994662, 0.046612, 0.092057, -0.029805, -0.057274, -0.991503, -0.116798, 0.200379, 0.000000, 0.000000, 0.000000, 1.000000, 0.999971, -0.004920, 0.005885, 0.049675, 0.006118, 0.048735, -0.998793, 0.086962, 0.004628, 0.998800, 0.048764, 0.030171, 0.000000, 0.000000, 0.000000, 1.000000
16.5604, 29.6618, -0.3051, 245.9425, 267.9425, -29.6618, 200.3785, 49.8455, 86.7032, 30.1730, 0.994987, -0.046947, -0.088302, 0.029662, 0.057002, 0.991725, 0.115034, -0.000305, 0.082170, -0.119491, 0.989429, 0.245942, 0.000000, 0.000000, 0.000000, 1.000000, 0.082170, -0.119491, 0.989429, 0.267942, -0.994987, 0.046947, 0.088302, -0.029662, -0.057002, -0.991725, -0.115034, 0.200379, 0.000000, 0.000000, 0.000000, 1.000000, 0.999970, -0.004896, 0.006044, 0.049846, 0.006266, 0.046763, -0.998886, 0.086703, 0.004608, 0.998894, 0.046792, 0.030173, 0.000000, 0.000000, 0.000000, 1.000000
16.7106, 29.5123, -0.3172, 245.9292, 267.9292, -29.5123, 200.3907, 49.9223, 86.5728, 30.1688, 0.995449, -0.047219, -0.082771, 0.029512, 0.056752, 0.991522, 0.116890, -0.000317, 0.076549, -0.121055, 0.989690, 0.245929, 0.000000, 0.000000, 0.000000, 1.000000, 0.076549, -0.121055, 0.989690, 0.267929, -0.995449, 0.047219, 0.082771, -0.029512, -0.056752, -0.991522, -0.116890, 0.200391, 0.000000, 0.000000, 0.000000, 1.000000, 0.999946, -0.005189, 0.009046, 0.049922, 0.009287, 0.048319, -0.998789, 0.086573, 0.004746, 0.998818, 0.048365, 0.030169, 0.000000, 0.000000, 0.000000, 1.000000
16.8464, 29.4008, -0.3220, 245.9315, 267.9315, -29.4008, 200.3955, 50.0162, 86.4425, 30.1691, 0.995350, -0.046657, -0.084269, 0.029401, 0.056243, 0.991745, 0.115230, -0.000322, 0.078197, -0.119434, 0.989758, 0.245932, 0.000000, 0.000000, 0.000000, 1.000000, 0.078197, -0.119434, 0.989758, 0.267932, -0.995350, 0.046657, 0.084269, -0.029401, -0.056243, -0.991745, -0.115230, 0.200395, 0.000000, 0.000000, 0.000000, 1.000000, 0.999977, -0.004368, 0.005107, 0.050016, 0.005306, 0.046754, -0.998892, 0.086443, 0.004124, 0.998897, 0.046776, 0.030169, 0.000000, 0.000000, 0.000000, 1.000000
16.9976, 29.2220, -0.3284, 245.9324, 267.9324, -29.2220, 200.4018, 50.0659, 86.2946, 30.1710, 0.995725, -0.047016, -0.079501, 0.029222, 0.056015, 0.991781, 0.115036, -0.000328, 0.073439, -0.118997, 0.990175, 0.245932, 0.000000, 0.000000, 0.000000, 1.000000, 0.073439, -0.118997, 0.990175, 0.267932, -0.995725, 0.047016, 0.079501, -0.029222, -0.056015, -0.991781, -0.115036, 0.200402, 0.000000, 0.000000, 0.000000, 1.000000, 0.999963, -0.004565, 0.007240, 0.050066, 0.007444, 0.046299, -0.998900, 0.086295, 0.004225, 0.998917, 0.046331, 0.030171, 0.000000, 0.000000, 0.000000, 1.000000
17.1519, 29.1159, -0.3405, 245.8915, 267.8915, -29.1159, 200.4140, 50.1886, 86.1924, 30.1667, 0.995698, -0.046447, -0.080173, 0.029116, 0.055413, 0.991992, 0.113492, -0.000341, 0.074260, -0.117446, 0.990299, 0.245892, 0.000000, 0.000000, 0.000000, 1.000000, 0.074260, -0.117446, 0.990299, 0.267892, -0.995698, 0.046447, 0.080173, -0.029116, -0.055413, -0.991992, -0.113492, 0.200414, 0.000000, 0.000000, 0.000000, 1.000000, 0.999986, -0.003741, 0.003811, 0.050189, 0.003975, 0.044801, -0.998988, 0.086192, 0.003567, 0.998989, 0.044815, 0.030167, 0.000000, 0.000000, 0.000000, 1.000000
17.3074, 28.9668, -0.3377, 245.9567, 267.9567, -28.9668, 200.4112, 50.2791, 85.9789, 30.1718, 0.996007, -0.046855, -0.075985, 0.028967, 0.055297, 0.992043, 0.113105, -0.000338, 0.070081, -0.116855, 0.990673, 0.245957, 0.000000, 0.000000, 0.000000, 1.000000, 0.070081, -0.116855, 0.990673, 0.267957, -0.996007, 0.046855, 0.075985, -0.028967, -0.055297, -0.992043, -0.113105, 0.200411, 0.000000, 0.000000, 0.000000, 1.000000, 0.999978, -0.003978, 0.005278, 0.050279, 0.005449, 0.044187, -0.999008, 0.085979, 0.003741, 0.999015, 0.044208, 0.030172, 0.000000, 0.000000, 0.000000, 1.000000
17.4357, 28.8052, -0.3570, 245.8054, 267.8054, -28.8052, 200.4305, 50.2984, 86.0055, 30.1710, 0.996256, -0.046575, -0.072828, 0.028805, 0.054864, 0.991698, 0.116296, -0.000357, 0.066807, -0.119856, 0.990541, 0.245805, 0.000000, 0.000000, 0.000000, 1.000000, 0.066807, -0.119856, 0.990541, 0.267805, -0.996256, 0.046575, 0.072828, -0.028805, -0.054864, -0.991698, -0.116296, 0.200430, 0.000000, 0.000000, 0.000000, 1.000000, 0.999973, -0.003839, 0.006340, 0.050298, 0.006515, 0.047226, -0.998863, 0.086005, 0.003535, 0.998877, 0.047250, 0.030171, 0.000000, 0.000000, 0.000000, 1.000000
17.5865, 28.6690, -0.3592, 245.8486, 267.8486, -28.6690, 200.4327, 50.3917, 85.8199, 30.1720, 0.996274, -0.046673, -0.072528, 0.028669, 0.054797, 0.991922, 0.114401, -0.000359, 0.066602, -0.117949, 0.990784, 0.245849, 0.000000, 0.000000, 0.000000, 1.000000, 0.066602, -0.117949, 0.990784, 0.267849, -0.996274, 0.046673, 0.072528, -0.028669, -0.054797, -0.991922, -0.114401, 0.200433, 0.000000, 0.000000, 0.000000, 1.000000, 0.999986, -0.003665, 0.003931, 0.050392, 0.004093, 0.045316, -0.998964, 0.085820, 0.003483, 0.998966, 0.045331, 0.030172, 0.000000, 0.000000, 0.000000, 1.000000
17.7372, 28.5376, -0.3710, 245.8663, 267.8663, -28.5376, 200.4444, 50.4870, 85.6608, 30.1651, 0.996585, -0.046694, -0.068109, 0.028538, 0.054363, 0.991821, 0.115482, -0.000371, 0.062160, -0.118790, 0.990972, 0.245866, 0.000000, 0.000000, 0.000000, 1.000000, 0.062160, -0.118790, 0.990972, 0.267866, -0.996585, 0.046694, 0.068109, -0.028538, -0.054363, -0.991821, -0.115482, 0.200444, 0.000000, 0.000000, 0.000000, 1.000000, 0.999977, -0.003630, 0.005773, 0.050487, 0.005935, 0.046168, -0.998916, 0.085661, 0.003359, 0.998927, 0.046188, 0.030165, 0.000000, 0.000000, 0.000000, 1.000000
17.8796, 28.4132, -0.3709, 245.8973, 267.8973, -28.4132, 200.4444, 50.5779, 85.4956, 30.1687, 0.996526, -0.046556, -0.069053, 0.028413, 0.054200, 0.992080, 0.113310, -0.000371, 0.063231, -0.116659, 0.991157, 0.245897, 0.000000, 0.000000, 0.000000, 1.000000, 0.063231, -0.116659, 0.991157, 0.267897, -0.996526, 0.046556, 0.069053, -0.028413, -0.054200, -0.992080, -0.113310, 0.200444, 0.000000, 0.000000, 0.000000, 1.000000, 0.999992, -0.003224, 0.002251, 0.050578, 0.002391, 0.044048, -0.999027, 0.085496, 0.003122, 0.999024, 0.044055, 0.030169, 0.000000, 0.000000, 0.000000, 1.000000
18.0400, 28.2452, -0.3827, 245.8723, 267.8723, -28.2452, 200.4562, 50.6474, 85.3682, 30.1666, 0.996971, -0.046721, -0.062177, 0.028245, 0.053698, 0.991829, 0.115726, -0.000383, 0.056262, -0.118714, 0.991333, 0.245872, 0.000000, 0.000000, 0.000000, 1.000000, 0.056262, -0.118714, 0.991333, 0.267872, -0.996971, 0.046721, 0.062177, -0.028245, -0.053698, -0.991829, -0.115726, 0.200456, 0.000000, 0.000000, 0.000000, 1.000000, 0.999973, -0.003408, 0.006442, 0.050647, 0.006593, 0.046109, -0.998915, 0.085368, 0.003107, 0.998931, 0.046130, 0.030167, 0.000000, 0.000000, 0.000000, 1.000000
18.2175, 28.1200, -0.3940, 245.8227, 267.8227, -28.1200, 200.4674, 50.7833, 85.2531, 30.1648, 0.997102, -0.046730, -0.060026, 0.028120, 0.053488, 0.991759, 0.116418, -0.000394, 0.054091, -0.119291, 0.991385, 0.245823, 0.000000, 0.000000, 0.000000, 1.000000, 0.054091, -0.119291, 0.991385, 0.267823, -0.997102, 0.046730, 0.060026, -0.028120, -0.053488, -0.991759, -0.116418, 0.200467, 0.000000, 0.000000, 0.000000, 1.000000, 0.999979, -0.003311, 0.005530, 0.050783, 0.005678, 0.046697, -0.998893, 0.085253, 0.003049, 0.998904, 0.046715, 0.030165, 0.000000, 0.000000, 0.000000, 1.000000
18.3362, 27.9742, -0.3868, 245.8920, 267.8920, -27.9742, 200.4603, 50.8187, 85.0693, 30.1736, 0.997153, -0.046627, -0.059253, 0.027974, 0.053175, 0.992031, 0.114220, -0.000387, 0.053455, -0.117045, 0.991687, 0.245892, 0.000000, 0.000000, 0.000000, 1.000000, 0.053455, -0.117045, 0.991687, 0.267892, -0.997153, 0.046627, 0.059253, -0.027974, -0.053175, -0.992031, -0.114220, 0.200460, 0.000000, 0.000000, 0.000000, 1.000000, 0.999987, -0.002968, 0.004138, 0.050819, 0.004266, 0.044456, -0.999002, 0.085069, 0.002781, 0.999007, 0.044468, 0.030174, 0.000000, 0.000000, 0.000000, 1.000000
18.4939, 27.8460, -0.3988, 245.8888, 267.8888, -27.8460, 200.4722, 50.9242, 84.9255, 30.1679, 0.997339, -0.046584, -0.056086, 0.027846, 0.052731, 0.992123, 0.113631, -0.000399, 0.050350, -0.116286, 0.991939, 0.245889, 0.000000, 0.000000, 0.000000, 1.000000, 0.050350, -0.116286, 0.991939, 0.267889, -0.997339, 0.046584, 0.056086, -0.027846, -0.052731, -0.992123, -0.113631, 0.200472, 0.000000, 0.000000, 0.000000, 1.000000, 0.999986, -0.002757, 0.004530, 0.050924, 0.004646, 0.043703, -0.999034, 0.084926, 0.002556, 0.999041, 0.043716, 0.030168, 0.000000, 0.000000, 0.000000, 1.000000
18.6667, 27.6763, -0.4001, 245.8509, 267.8509, -27.6763, 200.4735, 51.0082, 84.8004, 30.1761, 0.997507, -0.046494, -0.053079, 0.027676, 0.052239, 0.992271, 0.112560, -0.000400, 0.047436, -0.115052, 0.992226, 0.245851, 0.000000, 0.000000, 0.000000, 1.000000, 0.047436, -0.115052, 0.992226, 0.267851, -0.997507, 0.046494, 0.053079, -0.027676, -0.052239, -0.992271, -0.112560, 0.200474, 0.000000, 0.000000, 0.000000, 1.000000, 0.999987, -0.002459, 0.004479, 0.051008, 0.004580, 0.042476, -0.999087, 0.084800, 0.002267, 0.999094, 0.042487, 0.030176, 0.000000, 0.000000, 0.000000, 1.000000
18.8011, 27.5446, -0.4080, 245.8804, 267.8804, -27.5446, 200.4814, 51.0768, 84.6446, 30.1722, 0.997749, -0.046628, -0.048205, 0.027545, 0.051885, 0.992091, 0.114297, -0.000408, 0.042494, -0.116541, 0.992276, 0.245880, 0.000000, 0.000000, 0.000000, 1.000000, 0.042494, -0.116541, 0.992276, 0.267880, -0.997749, 0.046628, 0.048205, -0.027545, -0.051885, -0.992091, -0.114297, 0.200481, 0.000000, 0.000000, 0.000000, 1.000000, 0.999972, -0.002576, 0.007086, 0.051077, 0.007193, 0.043971, -0.999007, 0.084645, 0.002262, 0.999029, 0.043988, 0.030172, 0.000000, 0.000000, 0.000000, 1.000000
18.9554, 27.4108, -0.4107, 245.9200, 267.9200, -27.4108, 200.4842, 51.1727, 84.4608, 30.1728, 0.997772, -0.046387, -0.047959, 0.027411, 0.051549, 0.992290, 0.112705, -0.000411, 0.042361, -0.114926, 0.992470, 0.245920, 0.000000, 0.000000, 0.000000, 1.000000, 0.042361, -0.114926, 0.992470, 0.267920, -0.997772, 0.046387, 0.047959, -0.027411, -0.051549, -0.992290, -0.112705, 0.200484, 0.000000, 0.000000, 0.000000, 1.000000, 0.999987, -0.002132, 0.004571, 0.051173, 0.004658, 0.042367, -0.999091, 0.084461, 0.001936, 0.999100, 0.042376, 0.030173, 0.000000, 0.000000, 0.000000, 1.000000
19.1105, 27.2825, -0.4085, 245.9663, 267.9663, -27.2825, 200.4819, 51.2754, 84.2694, 30.1776, 0.997950, -0.046527, -0.043938, 0.027282, 0.051194, 0.992402, 0.111882, -0.000408, 0.038398, -0.113902, 0.992750, 0.245966, 0.000000, 0.000000, 0.000000, 1.000000, 0.038398, -0.113902, 0.992750, 0.267966, -0.997950, 0.046527, 0.043938, -0.027282, -0.051194, -0.992402, -0.111882, 0.200482, 0.000000, 0.000000, 0.000000, 1.000000, 0.999981, -0.002106, 0.005850, 0.051275, 0.005932, 0.041337, -0.999128, 0.084269, 0.001862, 0.999143, 0.041349, 0.030178, 0.000000, 0.000000, 0.000000, 1.000000
19.2305, 27.1224, -0.4099, 245.9772, 267.9772, -27.1224, 200.4833, 51.2924, 84.1438, 30.1829, 0.997992, -0.046290, -0.043234, 0.027122, 0.050866, 0.992456, 0.111554, -0.000410, 0.037744, -0.113529, 0.992817, 0.245977, 0.000000, 0.000000, 0.000000, 1.000000, 0.037744, -0.113529, 0.992817, 0.267977, -0.997992, 0.046290, 0.043234, -0.027122, -0.050866, -0.992456, -0.111554, 0.200483, 0.000000, 0.000000, 0.000000, 1.000000, 0.999989, -0.001765, 0.004446, 0.051292, 0.004515, 0.040977, -0.999150, 0.084144, 0.001581, 0.999159, 0.040985, 0.030183, 0.000000, 0.000000, 0.000000, 1.000000
19.3900, 26.9905, -0.4087, 245.9564, 267.9564, -26.9905, 200.4822, 51.3940, 84.0156, 30.1916, 0.998183, -0.046461, -0.038380, 0.026990, 0.050508, 0.992392, 0.112280, -0.000409, 0.032871, -0.114014, 0.992935, 0.245956, 0.000000, 0.000000, 0.000000, 1.000000, 0.032871, -0.114014, 0.992935, 0.267956, -0.998183, 0.046461, 0.038380, -0.026990, -0.050508, -0.992392, -0.112280, 0.200482, 0.000000, 0.000000, 0.000000, 1.000000, 0.999977, -0.001843, 0.006550, 0.051394, 0.006621, 0.041463, -0.999118, 0.084016, 0.001570, 0.999138, 0.041474, 0.030192, 0.000000, 0.000000, 0.000000, 1.000000
19.5574, 26.8716, -0.4228, 245.9386, 267.9386, -26.8716, 200.4962, 51.5193, 83.8791, 30.1844, 0.998300, -0.046575, -0.035031, 0.026872, 0.050297, 0.992182, 0.114218, -0.000423, 0.029438, -0.115786, 0.992838, 0.245939, 0.000000, 0.000000, 0.000000, 1.000000, 0.029438, -0.115786, 0.992838, 0.267939, -0.998300, 0.046575, 0.035031, -0.026872, -0.050297, -0.992182, -0.114218, 0.200496, 0.000000, 0.000000, 0.000000, 1.000000, 0.999973, -0.001911, 0.007064, 0.051519, 0.007140, 0.043244, -0.999039, 0.083879, 0.001603, 0.999063, 0.043256, 0.030184, 0.000000, 0.000000, 0.000000, 1.000000
19.6923, 26.6901, -0.4255, 245.9306, 267.9306, -26.6901, 200.4990, 51.5351, 83.7589, 30.1907, 0.998360, -0.046452, -0.033452, 0.026690, 0.049985, 0.992226, 0.113973, -0.000426, 0.027898, -0.115459, 0.992920, 0.245931, 0.000000, 0.000000, 0.000000, 1.000000, 0.027898, -0.115459, 0.992920, 0.267931, -0.998360, 0.046452, 0.033452, -0.026690, -0.049985, -0.992226, -0.113973, 0.200499, 0.000000, 0.000000, 0.000000, 1.000000, 0.999979, -0.001672, 0.006279, 0.051535, 0.006345, 0.042924, -0.999058, 0.083759, 0.001401, 0.999077, 0.042933, 0.030191, 0.000000, 0.000000, 0.000000, 1.000000
19.8422, 26.5732, -0.4249, 245.9538, 267.9538, -26.5732, 200.4983, 51.6381, 83.5965, 30.1951, 0.998415, -0.046272, -0.032039, 0.026573, 0.049609, 0.992390, 0.112701, -0.000425, 0.026580, -0.114112, 0.993112, 0.245954, 0.000000, 0.000000, 0.000000, 1.000000, 0.026580, -0.114112, 0.993112, 0.267954, -0.998415, 0.046272, 0.032039, -0.026573, -0.049609, -0.992390, -0.112701, 0.200498, 0.000000, 0.000000, 0.000000, 1.000000, 0.999987, -0.001330, 0.005021, 0.051638, 0.005072, 0.041580, -0.999122, 0.083597, 0.001120, 0.999134, 0.041586, 0.030195, 0.000000, 0.000000, 0.000000, 1.000000
19.9920, 26.4225, -0.4328, 245.9497, 267.9497, -26.4225, 200.5062, 51.7056, 83.4609, 30.1946, 0.998469, -0.046215, -0.030380, 0.026422, 0.049332, 0.992545, 0.111451, -0.000433, 0.025002, -0.112779, 0.993305, 0.245950, 0.000000, 0.000000, 0.000000, 1.000000, 0.025002, -0.112779, 0.993305, 0.267950, -0.998469, 0.046215, 0.030380, -0.026422, -0.049332, -0.992545, -0.111451, 0.200506, 0.000000, 0.000000, 0.000000, 1.000000, 0.999991, -0.001118, 0.004009, 0.051706, 0.004051, 0.040245, -0.999182, 0.083461, 0.000956, 0.999189, 0.040250, 0.030195, 0.000000, 0.000000, 0.000000, 1.000000
20.1854, 26.2951, -0.4416, 246.0138, 268.0138, -26.2951, 200.5150, 51.8609, 83.2189, 30.1870, 0.998626, -0.046265, -0.024616, 0.026295, 0.048722, 0.992631, 0.110947, -0.000442, 0.019302, -0.111993, 0.993521, 0.246014, 0.000000, 0.000000, 0.000000, 1.000000, 0.019302, -0.111993, 0.993521, 0.268014, -0.998626, 0.046265, 0.024616, -0.026295, -0.048722, -0.992631, -0.110947, 0.200515, 0.000000, 0.000000, 0.000000, 1.000000, 0.999979, -0.001008, 0.006373, 0.051861, 0.006408, 0.039458, -0.999201, 0.083219, 0.000756, 0.999221, 0.039464, 0.030187, 0.000000, 0.000000, 0.000000, 1.000000
20.2882, 26.1012, -0.4434, 245.9905, 267.9905, -26.1012, 200.5168, 51.8160, 83.1438, 30.1959, 0.998688, -0.045980, -0.022556, 0.026101, 0.048174, 0.992873, 0.109011, -0.000443, 0.017383, -0.109954, 0.993785, 0.245991, 0.000000, 0.000000, 0.000000, 1.000000, 0.017383, -0.109954, 0.993785, 0.267991, -0.998688, 0.045980, 0.022556, -0.026101, -0.048174, -0.992873, -0.109011, 0.200517, 0.000000, 0.000000, 0.000000, 1.000000, 0.999978, -0.000592, 0.006549, 0.051816, 0.006567, 0.037417, -0.999278, 0.083144, 0.000347, 0.999300, 0.037420, 0.030196, 0.000000, 0.000000, 0.000000, 1.000000
20.4416, 25.9805, -0.4435, 245.9269, 267.9269, -25.9805, 200.5169, 51.9164, 83.0652, 30.2061, 0.998713, -0.045896, -0.021578, 0.025980, 0.047976, 0.992930, 0.108574, -0.000443, 0.016442, -0.109470, 0.993854, 0.245927, 0.000000, 0.000000, 0.000000, 1.000000, 0.016442, -0.109470, 0.993854, 0.267927, -0.998713, 0.045896, 0.021578, -0.025980, -0.047976, -0.992930, -0.108574, 0.200517, 0.000000, 0.000000, 0.000000, 1.000000, 0.999988, -0.000395, 0.004832, 0.051916, 0.004843, 0.036933, -0.999306, 0.083065, 0.000216, 0.999318, 0.036935, 0.030206, 0.000000, 0.000000, 0.000000, 1.000000
20.6222, 25.8466, -0.4465, 246.0083, 268.0083, -25.8466, 200.5199, 52.0457, 82.8173, 30.2034, 0.998748, -0.045750, -0.020218, 0.025847, 0.047646, 0.993203, 0.106195, -0.000446, 0.015222, -0.107025, 0.994140, 0.246008, 0.000000, 0.000000, 0.000000, 1.000000, 0.015222, -0.107025, 0.994140, 0.268008, -0.998748, 0.045750, 0.020218, -0.025847, -0.047646, -0.993203, -0.106195, 0.200520, 0.000000, 0.000000, 0.000000, 1.000000, 0.999996, -0.000075, 0.002931, 0.052046, 0.002932, 0.034480, -0.999401, 0.082817, -0.000026, 0.999405, 0.034480, 0.030203, 0.000000, 0.000000, 0.000000, 1.000000
20.7558, 25.7278, -0.4532, 245.9636, 267.9636, -25.7278, 200.5266, 52.1189, 82.7385, 30.2055, 0.998784, -0.045652, -0.018624, 0.025728, 0.047381, 0.993191, 0.106429, -0.000453, 0.013639, -0.107182, 0.994146, 0.245964, 0.000000, 0.000000, 0.000000, 1.000000, 0.013639, -0.107182, 0.994146, 0.267964, -0.998784, 0.045652, 0.018624, -0.025728, -0.047381, -0.993191, -0.106429, 0.200527, 0.000000, 0.000000, 0.000000, 1.000000, 0.999998, 0.000100, 0.002204, 0.052119, 0.002199, 0.034640, -0.999397, 0.082738, -0.000176, 0.999400, 0.034639, 0.030206, 0.000000, 0.000000, 0.000000, 1.000000
20.9021, 25.5521, -0.4645, 245.9593, 267.9593, -25.5521, 200.5379, 52.1540, 82.6072, 30.2027, 0.998855, -0.046011, -0.013113, 0.025552, 0.047160, 0.993034, 0.107978, -0.000464, 0.008053, -0.108473, 0.994067, 0.245959, 0.000000, 0.000000, 0.000000, 1.000000, 0.008053, -0.108473, 0.994067, 0.267959, -0.998855, 0.046011, 0.013113, -0.025552, -0.047160, -0.993034, -0.107978, 0.200538, 0.000000, 0.000000, 0.000000, 1.000000, 0.999986, -0.000194, 0.005229, 0.052154, 0.005232, 0.035932, -0.999341, 0.082607, 0.000006, 0.999354, 0.035932, 0.030203, 0.000000, 0.000000, 0.000000, 1.000000
21.0564, 25.4291, -0.4547, 245.9955, 267.9955, -25.4291, 200.5282, 52.2542, 82.4281, 30.2155, 0.998875, -0.045682, -0.012733, 0.025429, 0.046777, 0.993261, 0.106041, -0.000455, 0.007803, -0.106517, 0.994280, 0.245995, 0.000000, 0.000000, 0.000000, 1.000000, 0.007803, -0.106517, 0.994280, 0.267995, -0.998875, 0.045682, 0.012733, -0.025429, -0.046777, -0.993261, -0.106041, 0.200528, 0.000000, 0.000000, 0.000000, 1.000000, 0.999996, 0.000262, 0.002828, 0.052254, 0.002818, 0.033970, -0.999419, 0.082428, -0.000358, 0.999423, 0.033969, 0.030216, 0.000000, 0.000000, 0.000000, 1.000000
21.1904, 25.2927, -0.4645, 245.9914, 267.9914, -25.2927, 200.5379, 52.3101, 82.3088, 30.2124, 0.998908, -0.045662, -0.009886, 0.025293, 0.046458, 0.993191, 0.106832, -0.000464, 0.004941, -0.107175, 0.994228, 0.245991, 0.000000, 0.000000, 0.000000, 1.000000, 0.004941, -0.107175, 0.994228, 0.267991, -0.998908, 0.045662, 0.009886, -0.025293, -0.046458, -0.993191, -0.106832, 0.200538, 0.000000, 0.000000, 0.000000, 1.000000, 0.999994, 0.000353, 0.003371, 0.052310, 0.003356, 0.034631, -0.999395, 0.082309, -0.000469, 0.999400, 0.034629, 0.030212, 0.000000, 0.000000, 0.000000, 1.000000
21.3500, 25.1619, -0.4736, 246.0500, 268.0500, -25.1619, 200.5471, 52.4083, 82.1039, 30.2051, 0.998938, -0.045745, -0.005446, 0.025162, 0.046065, 0.993265, 0.106316, -0.000474, 0.000546, -0.106453, 0.994318, 0.246050, 0.000000, 0.000000, 0.000000, 1.000000, 0.000546, -0.106453, 0.994318, 0.268050, -0.998938, 0.045745, 0.005446, -0.025162, -0.046065, -0.993265, -0.106316, 0.200547, 0.000000, 0.000000, 0.000000, 1.000000, 0.999987, 0.000374, 0.005000, 0.052408, 0.004984, 0.033904, -0.999413, 0.082104, -0.000543, 0.999425, 0.033902, 0.030205, 0.000000, 0.000000, 0.000000, 1.000000
21.4849, 24.9883, -0.4758, 246.0980, 268.0980, -24.9883, 200.5493, 52.4281, 81.9314, 30.2075, 0.998933, -0.046143, 0.001920, 0.024988, 0.045662, 0.993052, 0.108453, -0.000476, -0.006911, -0.108250, 0.994100, 0.246098, 0.000000, 0.000000, 0.000000, 1.000000, -0.006911, -0.108250, 0.994100, 0.268098, -0.998933, 0.046143, -0.001920, -0.024988, -0.045662, -0.993052, -0.108453, 0.200549, 0.000000, 0.000000, 0.000000, 1.000000, 0.999949, 0.000041, 0.010104, 0.052428, 0.010096, 0.035707, -0.999311, 0.081931, -0.000402, 0.999362, 0.035705, 0.030207, 0.000000, 0.000000, 0.000000, 1.000000
21.6259, 24.8640, -0.4766, 246.1545, 268.1545, -24.8640, 200.5500, 52.5056, 81.7453, 30.2084, 0.998972, -0.045299, 0.001422, 0.024864, 0.044913, 0.993688, 0.102791, -0.000477, -0.006070, -0.102622, 0.994702, 0.246155, 0.000000, 0.000000, 0.000000, 1.000000, -0.006070, -0.102622, 0.994702, 0.268155, -0.998972, 0.045299, -0.001422, -0.024864, -0.044913, -0.993688, -0.102791, 0.200550, 0.000000, 0.000000, 0.000000, 1.000000, 0.999976, 0.001005, 0.006882, 0.052506, 0.006849, 0.030051, -0.999525, 0.081745, -0.001212, 0.999548, 0.030044, 0.030208, 0.000000, 0.000000, 0.000000, 1.000000
21.7850, 24.7289, -0.4892, 246.2015, 268.2015, -24.7289, 200.5626, 52.5967, 81.5531, 30.1987, 0.998946, -0.045631, 0.005024, 0.024729, 0.044855, 0.993490, 0.104718, -0.000489, -0.009770, -0.104382, 0.994489, 0.246201, 0.000000, 0.000000, 0.000000, 1.000000, -0.009770, -0.104382, 0.994489, 0.268201, -0.998946, 0.045631, -0.005024, -0.024729, -0.044855, -0.993490, -0.104718, 0.200563, 0.000000, 0.000000, 0.000000, 1.000000, 0.999969, 0.000751, 0.007795, 0.052597, 0.007767, 0.031818, -0.999463, 0.081553, -0.000999, 0.999493, 0.031811, 0.030199, 0.000000, 0.000000, 0.000000, 1.000000
21.9511, 24.5602, -0.5033, 246.2073, 268.2073, -24.5602, 200.5767, 52.6637, 81.3958, 30.1921, 0.998884, -0.045869, 0.011273, 0.024560, 0.044416, 0.993351, 0.106209, -0.000503, -0.016069, -0.105590, 0.994280, 0.246207, 0.000000, 0.000000, 0.000000, 1.000000, -0.016069, -0.105590, 0.994280, 0.268207, -0.998884, 0.045869, -0.011273, -0.024560, -0.044416, -0.993351, -0.106209, 0.200577, 0.000000, 0.000000, 0.000000, 1.000000, 0.999937, 0.000606, 0.011209, 0.052664, 0.011183, 0.033030, -0.999392, 0.081396, -0.000976, 0.999454, 0.033021, 0.030192, 0.000000, 0.000000, 0.000000, 1.000000
22.1084, 24.4212, -0.4866, 246.2078, 268.2078, -24.4212, 200.5600, 52.7489, 81.2497, 30.2152, 0.998867, -0.045591, 0.013668, 0.024421, 0.043921, 0.993568, 0.104371, -0.000487, -0.018339, -0.103653, 0.994444, 0.246208, 0.000000, 0.000000, 0.000000, 1.000000, -0.018339, -0.103653, 0.994444, 0.268208, -0.998867, 0.045591, -0.013668, -0.024421, -0.043921, -0.993568, -0.104371, 0.200560, 0.000000, 0.000000, 0.000000, 1.000000, 0.999942, 0.000969, 0.010772, 0.052749, 0.010737, 0.031080, -0.999459, 0.081250, -0.001303, 0.999516, 0.031068, 0.030215, 0.000000, 0.000000, 0.000000, 1.000000
22.2882, 24.2788, -0.4972, 246.2463, 268.2463, -24.2788, 200.5706, 52.8604, 81.0473, 30.2084, 0.998833, -0.045553, 0.016020, 0.024279, 0.043648, 0.993621, 0.103978, -0.000497, -0.020655, -0.103158, 0.994451, 0.246246, 0.000000, 0.000000, 0.000000, 1.000000, -0.020655, -0.103158, 0.994451, 0.268246, -0.998833, 0.045553, -0.016020, -0.024279, -0.043648, -0.993621, -0.103978, 0.200571, 0.000000, 0.000000, 0.000000, 1.000000, 0.999950, 0.001101, 0.009968, 0.052860, 0.009930, 0.030579, -0.999483, 0.081047, -0.001405, 0.999532, 0.030566, 0.030208, 0.000000, 0.000000, 0.000000, 1.000000
22.4244, 24.1505, -0.4955, 246.2696, 268.2696, -24.1505, 200.5690, 52.9246, 80.8993, 30.2143, 0.998842, -0.045426, 0.015862, 0.024151, 0.043567, 0.993777, 0.102509, -0.000496, -0.020420, -0.101700, 0.994606, 0.246270, 0.000000, 0.000000, 0.000000, 1.000000, -0.020420, -0.101700, 0.994606, 0.268270, -0.998842, 0.045426, -0.015862, -0.024151, -0.043567, -0.993777, -0.102509, 0.200569, 0.000000, 0.000000, 0.000000, 1.000000, 0.999972, 0.001289, 0.007364, 0.052925, 0.007324, 0.029109, -0.999549, 0.080899, -0.001503, 0.999575, 0.029099, 0.030214, 0.000000, 0.000000, 0.000000, 1.000000
22.5488, 24.0046, -0.4989, 246.3004, 268.3004, -24.0046, 200.5723, 52.9537, 80.7555, 30.2155, 0.998762, -0.045317, 0.020523, 0.024005, 0.043000, 0.993863, 0.101914, -0.000499, -0.025016, -0.100905, 0.994581, 0.246300, 0.000000, 0.000000, 0.000000, 1.000000, -0.025016, -0.100905, 0.994581, 0.268300, -0.998762, 0.045317, -0.020523, -0.024005, -0.043000, -0.993863, -0.101914, 0.200572, 0.000000, 0.000000, 0.000000, 1.000000, 0.999951, 0.001453, 0.009824, 0.052954, 0.009779, 0.028307, -0.999551, 0.080756, -0.001730, 0.999598, 0.028291, 0.030216, 0.000000, 0.000000, 0.000000, 1.000000
22.7215, 23.8579, -0.5078, 246.2537, 268.2537, -23.8579, 200.5812, 53.0508, 80.6449, 30.2169, 0.998699, -0.045529, 0.022982, 0.023858, 0.042905, 0.993651, 0.104005, -0.000508, -0.027572, -0.102883, 0.994311, 0.246254, 0.000000, 0.000000, 0.000000, 1.000000, -0.027572, -0.102883, 0.994311, 0.268254, -0.998699, 0.045529, -0.022982, -0.023858, -0.042905, -0.993651, -0.104005, 0.200581, 0.000000, 0.000000, 0.000000, 1.000000, 0.999955, 0.001353, 0.009367, 0.053051, 0.009322, 0.030293, -0.999498, 0.080645, -0.001636, 0.999540, 0.030279, 0.030217, 0.000000, 0.000000, 0.000000, 1.000000
22.8410, 23.7259, -0.5129, 246.3365, 268.3365, -23.7259, 200.5864, 53.0852, 80.4542, 30.2118, 0.998664, -0.045132, 0.025147, 0.023726, 0.042388, 0.994019, 0.100645, -0.000513, -0.029539, -0.099444, 0.994605, 0.246336, 0.000000, 0.000000, 0.000000, 1.000000, -0.029539, -0.099444, 0.994605, 0.268336, -0.998664, 0.045132, -0.025147, -0.023726, -0.042388, -0.994019, -0.100645, 0.200586, 0.000000, 0.000000, 0.000000, 1.000000, 0.999955, 0.001758, 0.009286, 0.053085, 0.009236, 0.026828, -0.999597, 0.080454, -0.002007, 0.999639, 0.026810, 0.030212, 0.000000, 0.000000, 0.000000, 1.000000
22.9935, 23.5959, -0.5276, 246.3159, 268.3159, -23.5959, 200.6011, 53.1690, 80.3368, 30.2047, 0.998581, -0.045246, 0.028084, 0.023596, 0.042193, 0.993979, 0.101125, -0.000528, -0.032491, -0.099796, 0.994477, 0.246316, 0.000000, 0.000000, 0.000000, 1.000000, -0.032491, -0.099796, 0.994477, 0.268316, -0.998581, 0.045246, -0.028084, -0.023596, -0.042193, -0.993979, -0.101125, 0.200601, 0.000000, 0.000000, 0.000000, 1.000000, 0.999953, 0.001722, 0.009584, 0.053169, 0.009534, 0.027179, -0.999585, 0.080337, -0.001982, 0.999629, 0.027161, 0.030205, 0.000000, 0.000000, 0.000000, 1.000000
23.1425, 23.4388, -0.5428, 246.3429, 268.3429, -23.4388, 200.6162, 53.2195, 80.1760, 30.1949, 0.998355, -0.045605, 0.034739, 0.023439, 0.041888, 0.993994, 0.101106, -0.000543, -0.039141, -0.099484, 0.994269, 0.246343, 0.000000, 0.000000, 0.000000, 1.000000, -0.039141, -0.099484, 0.994269, 0.268343, -0.998355, 0.045605, -0.034739, -0.023439, -0.041888, -0.993994, -0.101106, 0.200616, 0.000000, 0.000000, 0.000000, 1.000000, 0.999906, 0.001427, 0.013635, 0.053219, 0.013592, 0.026870, -0.999547, 0.080176, -0.001793, 0.999638, 0.026848, 0.030195, 0.000000, 0.000000, 0.000000, 1.000000
23.2774, 23.3088, -0.5410, 246.3259, 268.3259, -23.3088, 200.6144, 53.2789, 80.0705, 30.2040, 0.998446, -0.045011, 0.032848, 0.023309, 0.041476, 0.993989, 0.101322, -0.000541, -0.037211, -0.099803, 0.994311, 0.246326, 0.000000, 0.000000, 0.000000, 1.000000, -0.037211, -0.099803, 0.994311, 0.268326, -0.998446, 0.045011, -0.032848, -0.023309, -0.041476, -0.993989, -0.101322, 0.200614, 0.000000, 0.000000, 0.000000, 1.000000, 0.999954, 0.002093, 0.009401, 0.053279, 0.009341, 0.027170, -0.999587, 0.080070, -0.002347, 0.999629, 0.027149, 0.030204, 0.000000, 0.000000, 0.000000, 1.000000
23.4475, 23.1576, -0.5424, 246.4069, 268.4069, -23.1576, 200.6159, 53.3627, 79.8356, 30.2037, 0.998068, -0.045565, 0.042238, 0.023158, 0.041152, 0.994133, 0.100029, -0.000542, -0.046548, -0.098098, 0.994088, 0.246407, 0.000000, 0.000000, 0.000000, 1.000000, -0.046548, -0.098098, 0.994088, 0.268407, -0.998068, 0.045565, -0.042238, -0.023158, -0.041152, -0.994133, -0.100029, 0.200616, 0.000000, 0.000000, 0.000000, 1.000000, 0.999875, 0.001573, 0.015760, 0.053363, 0.015715, 0.025469, -0.999552, 0.079836, -0.001974, 0.999674, 0.025441, 0.030204, 0.000000, 0.000000, 0.000000, 1.000000
23.6070, 23.0272, -0.5218, 246.4765, 268.4765, -23.0272, 200.5952, 53.4532, 79.6197, 30.2253, 0.998273, -0.044560, 0.038282, 0.023027, 0.040764, 0.994662, 0.094798, -0.000522, -0.042302, -0.093074, 0.994760, 0.246477, 0.000000, 0.000000, 0.000000, 1.000000, -0.042302, -0.093074, 0.994760, 0.268477, -0.998273, 0.044560, -0.038282, -0.023027, -0.040764, -0.994662, -0.094798, 0.200595, 0.000000, 0.000000, 0.000000, 1.000000, 0.999958, 0.002501, 0.008775, 0.053453, 0.008722, 0.020387, -0.999754, 0.079620, -0.002679, 0.999789, 0.020364, 0.030225, 0.000000, 0.000000, 0.000000, 1.000000
23.7445, 22.8424, -0.5488, 246.4477, 268.4477, -22.8424, 200.6223, 53.4595, 79.5279, 30.2090, 0.997799, -0.045299, 0.048427, 0.022842, 0.040297, 0.994202, 0.099695, -0.000549, -0.052662, -0.097524, 0.993839, 0.246448, 0.000000, 0.000000, 0.000000, 1.000000, -0.052662, -0.097524, 0.993839, 0.268448, -0.997799, 0.045299, -0.048427, -0.022842, -0.040297, -0.994202, -0.099695, 0.200622, 0.000000, 0.000000, 0.000000, 1.000000, 0.999858, 0.001954, 0.016751, 0.053460, 0.016697, 0.024874, -0.999551, 0.079528, -0.002369, 0.999689, 0.024838, 0.030209, 0.000000, 0.000000, 0.000000, 1.000000
23.9115, 22.7021, -0.5552, 246.4124, 268.4124, -22.7021, 200.6286, 53.5521, 79.4125, 30.2118, 0.997797, -0.045389, 0.048376, 0.022702, 0.040323, 0.994069, 0.100999, -0.000555, -0.052674, -0.098825, 0.993710, 0.246412, 0.000000, 0.000000, 0.000000, 1.000000, -0.052674, -0.098825, 0.993710, 0.268412, -0.997797, 0.045389, -0.048376, -0.022702, -0.040323, -0.994069, -0.100999, 0.200629, 0.000000, 0.000000, 0.000000, 1.000000, 0.999902, 0.001981, 0.013849, 0.053552, 0.013793, 0.026179, -0.999562, 0.079412, -0.002342, 0.999655, 0.026149, 0.030212, 0.000000, 0.000000, 0.000000, 1.000000
24.0899, 22.5513, -0.5678, 246.4565, 268.4565, -22.5513, 200.6412, 53.6462, 79.2082, 30.2030, 0.997445, -0.045659, 0.054938, 0.022551, 0.039834, 0.993904, 0.102801, -0.000568, -0.059297, -0.100350, 0.993184, 0.246457, 0.000000, 0.000000, 0.000000, 1.000000, -0.059297, -0.100350, 0.993184, 0.268457, -0.997445, 0.045659, -0.054938, -0.022551, -0.039834, -0.993904, -0.102801, 0.200641, 0.000000, 0.000000, 0.000000, 1.000000, 0.999847, 0.001851, 0.017386, 0.053646, 0.017328, 0.027714, -0.999466, 0.079208, -0.002331, 0.999614, 0.027678, 0.030203, 0.000000, 0.000000, 0.000000, 1.000000
24.1976, 22.4139, -0.5463, 246.5528, 268.5528, -22.4139, 200.6197, 53.6545, 79.0153, 30.2238, 0.997303, -0.045064, 0.057934, 0.022414, 0.039173, 0.994308, 0.099080, -0.000546, -0.062069, -0.096543, 0.993392, 0.246553, 0.000000, 0.000000, 0.000000, 1.000000, -0.062069, -0.096543, 0.993392, 0.268553, -0.997303, 0.045064, -0.057934, -0.022414, -0.039173, -0.994308, -0.099080, 0.200620, 0.000000, 0.000000, 0.000000, 1.000000, 0.999829, 0.002346, 0.018328, 0.053655, 0.018267, 0.023863, -0.999548, 0.079015, -0.002782, 0.999712, 0.023816, 0.030224, 0.000000, 0.000000, 0.000000, 1.000000
24.3589, 22.2551, -0.5777, 246.4818, 268.4818, -22.2551, 200.6512, 53.7202, 78.9440, 30.2050, 0.996855, -0.045744, 0.064704, 0.022255, 0.038945, 0.993951, 0.102691, -0.000578, -0.069010, -0.099848, 0.992607, 0.246482, 0.000000, 0.000000, 0.000000, 1.000000, -0.069010, -0.099848, 0.992607, 0.268482, -0.996855, 0.045744, -0.064704, -0.022255, -0.038945, -0.993951, -0.102691, 0.200651, 0.000000, 0.000000, 0.000000, 1.000000, 0.999746, 0.001874, 0.022463, 0.053720, 0.022404, 0.027205, -0.999379, 0.078944, -0.002484, 0.999628, 0.027157, 0.030205, 0.000000, 0.000000, 0.000000, 1.000000
24.5043, 22.1127, -0.5670, 246.4992, 268.4992, -22.1127, 200.6404, 53.7780, 78.7958, 30.2211, 0.996831, -0.045346, 0.065358, 0.022113, 0.038572, 0.994097, 0.101409, -0.000567, -0.069571, -0.098567, 0.992696, 0.246499, 0.000000, 0.000000, 0.000000, 1.000000, -0.069571, -0.098567, 0.992696, 0.268499, -0.996831, 0.045346, -0.065358, -0.022113, -0.038572, -0.994097, -0.101409, 0.200640, 0.000000, 0.000000, 0.000000, 1.000000, 0.999787, 0.002283, 0.020519, 0.053778, 0.020453, 0.025895, -0.999455, 0.078796, -0.002813, 0.999662, 0.025843, 0.030221, 0.000000, 0.000000, 0.000000, 1.000000
24.6604, 21.9618, -0.5784, 246.4669, 268.4669, -21.9618, 200.6518, 53.8430, 78.6894, 30.2191, 0.996335, -0.045704, 0.072310, 0.021962, 0.038136, 0.993973, 0.102775, -0.000578, -0.076571, -0.099641, 0.992073, 0.246467, 0.000000, 0.000000, 0.000000, 1.000000, -0.076571, -0.099641, 0.992073, 0.268467, -0.996335, 0.045704, -0.072310, -0.021962, -0.038136, -0.993973, -0.102775, 0.200652, 0.000000, 0.000000, 0.000000, 1.000000, 0.999690, 0.002047, 0.024825, 0.053843, 0.024761, 0.026985, -0.999329, 0.078689, -0.002716, 0.999634, 0.026926, 0.030219, 0.000000, 0.000000, 0.000000, 1.000000
24.8023, 21.8403, -0.5633, 246.6319, 268.6319, -21.8403, 200.6368, 53.9081, 78.3966, 30.2277, 0.996419, -0.044858, 0.071678, 0.021840, 0.037779, 0.994544, 0.097235, -0.000563, -0.075649, -0.094179, 0.992677, 0.246632, 0.000000, 0.000000, 0.000000, 1.000000, -0.075649, -0.094179, 0.992677, 0.268632, -0.996419, 0.044858, -0.071678, -0.021840, -0.037779, -0.994544, -0.097235, 0.200637, 0.000000, 0.000000, 0.000000, 1.000000, 0.999766, 0.002684, 0.021450, 0.053908, 0.021388, 0.021455, -0.999541, 0.078397, -0.003143, 0.999766, 0.021392, 0.030228, 0.000000, 0.000000, 0.000000, 1.000000
24.9631, 21.6850, -0.5920, 246.5314, 268.5314, -21.6850, 200.6654, 53.9776, 78.3556, 30.2137, 0.995866, -0.045812, 0.078433, 0.021685, 0.037606, 0.993962, 0.103081, -0.000592, -0.082682, -0.099705, 0.991576, 0.246531, 0.000000, 0.000000, 0.000000, 1.000000, -0.082682, -0.099705, 0.991576, 0.268531, -0.995866, 0.045812, -0.078433, -0.021685, -0.037606, -0.993962, -0.103081, 0.200665, 0.000000, 0.000000, 0.000000, 1.000000, 0.999668, 0.002085, 0.025692, 0.053978, 0.025627, 0.027045, -0.999306, 0.078356, -0.002778, 0.999632, 0.026983, 0.030214, 0.000000, 0.000000, 0.000000, 1.000000
25.0888, 21.5343, -0.5835, 246.6006, 268.6006, -21.5343, 200.6570, 53.9954, 78.1759, 30.2241, 0.995807, -0.045228, 0.079515, 0.021534, 0.037178, 0.994297, 0.099952, -0.000584, -0.083582, -0.096576, 0.991810, 0.246601, 0.000000, 0.000000, 0.000000, 1.000000, -0.083582, -0.096576, 0.991810, 0.268601, -0.995807, 0.045228, -0.079515, -0.021534, -0.037178, -0.994297, -0.099952, 0.200657, 0.000000, 0.000000, 0.000000, 1.000000, 0.999698, 0.002555, 0.024434, 0.053995, 0.024366, 0.023867, -0.999418, 0.078176, -0.003136, 0.999712, 0.023797, 0.030224, 0.000000, 0.000000, 0.000000, 1.000000
25.2404, 21.3894, -0.6127, 246.4993, 268.4993, -21.3894, 200.6861, 54.0626, 78.1444, 30.2091, 0.995258, -0.045804, 0.085810, 0.021389, 0.036728, 0.993845, 0.104513, -0.000613, -0.090069, -0.100866, 0.990815, 0.246499, 0.000000, 0.000000, 0.000000, 1.000000, -0.090069, -0.100866, 0.990815, 0.268499, -0.995258, 0.045804, -0.085810, -0.021389, -0.036728, -0.993845, -0.104513, 0.200686, 0.000000, 0.000000, 0.000000, 1.000000, 0.999596, 0.002291, 0.028320, 0.054063, 0.028244, 0.028198, -0.999203, 0.078144, -0.003088, 0.999600, 0.028122, 0.030209, 0.000000, 0.000000, 0.000000, 1.000000
25.4087, 21.2539, -0.5828, 246.6468, 268.6468, -21.2539, 200.6562, 54.1484, 77.8446, 30.2345, 0.995294, -0.045055, 0.085792, 0.021254, 0.036615, 0.994559, 0.097530, -0.000583, -0.089719, -0.093929, 0.991528, 0.246647, 0.000000, 0.000000, 0.000000, 1.000000, -0.089719, -0.093929, 0.991528, 0.268647, -0.995294, 0.045055, -0.085792, -0.021254, -0.036615, -0.994559, -0.097530, 0.200656, 0.000000, 0.000000, 0.000000, 1.000000, 0.999683, 0.002699, 0.025028, 0.054148, 0.024966, 0.021188, -0.999464, 0.077845, -0.003228, 0.999772, 0.021114, 0.030234, 0.000000, 0.000000, 0.000000, 1.000000
25.5560, 21.0950, -0.6123, 246.5234, 268.5234, -21.0950, 200.6857, 54.1970, 77.8404, 30.2215, 0.994797, -0.045859, 0.090970, 0.021095, 0.036331, 0.993939, 0.103755, -0.000612, -0.095176, -0.099910, 0.990434, 0.246523, 0.000000, 0.000000, 0.000000, 1.000000, -0.095176, -0.099910, 0.990434, 0.268523, -0.994797, 0.045859, -0.090970, -0.021095, -0.036331, -0.993939, -0.103755, 0.200686, 0.000000, 0.000000, 0.000000, 1.000000, 0.999606, 0.002331, 0.027954, 0.054197, 0.027880, 0.027230, -0.999240, 0.077840, -0.003090, 0.999626, 0.027154, 0.030221, 0.000000, 0.000000, 0.000000, 1.000000
25.7229, 20.9538, -0.5961, 246.6111, 268.6111, -20.9538, 200.6695, 54.2775, 77.6032, 30.2378, 0.994828, -0.045015, 0.091056, 0.020954, 0.035819, 0.994321, 0.100218, -0.000596, -0.095050, -0.096438, 0.990790, 0.246611, 0.000000, 0.000000, 0.000000, 1.000000, -0.095050, -0.096438, 0.990790, 0.268611, -0.994828, 0.045015, -0.091056, -0.020954, -0.035819, -0.994321, -0.100218, 0.200670, 0.000000, 0.000000, 0.000000, 1.000000, 0.999684, 0.003022, 0.024956, 0.054277, 0.024878, 0.023683, -0.999410, 0.077603, -0.003611, 0.999715, 0.023601, 0.030238, 0.000000, 0.000000, 0.000000, 1.000000
25.8482, 20.8115, -0.6369, 246.4929, 268.4929, -20.8115, 200.7103, 54.3120, 77.6148, 30.2123, 0.994322, -0.046334, 0.095796, 0.020811, 0.035878, 0.993489, 0.108132, -0.000637, -0.100182, -0.104081, 0.989510, 0.246493, 0.000000, 0.000000, 0.000000, 1.000000, -0.100182, -0.104081, 0.989510, 0.268493, -0.994322, 0.046334, -0.095796, -0.020811, -0.035878, -0.993489, -0.108132, 0.200710, 0.000000, 0.000000, 0.000000, 1.000000, 0.999608, 0.002281, 0.027914, 0.054312, 0.027828, 0.031434, -0.999118, 0.077615, -0.003157, 0.999503, 0.031358, 0.030212, 0.000000, 0.000000, 0.000000, 1.000000
25.9998, 20.6722, -0.6182, 246.5959, 268.5959, -20.6722, 200.6916, 54.3714, 77.3771, 30.2299, 0.994274, -0.045067, 0.096898, 0.020672, 0.035154, 0.994196, 0.101679, -0.000618, -0.100918, -0.097690, 0.990087, 0.246596, 0.000000, 0.000000, 0.000000, 1.000000, -0.100918, -0.097690, 0.990087, 0.268596, -0.994274, 0.045067, -0.096898, -0.020672, -0.035154, -0.994196, -0.101679, 0.200692, 0.000000, 0.000000, 0.000000, 1.000000, 0.999655, 0.003174, 0.026060, 0.054371, 0.025973, 0.024927, -0.999352, 0.077377, -0.003822, 0.999684, 0.024836, 0.030230, 0.000000, 0.000000, 0.000000, 1.000000
26.1611, 20.5213, -0.6419, 246.5038, 268.5038, -20.5213, 200.7153, 54.4450, 77.3284, 30.2201, 0.993537, -0.046173, 0.103697, 0.020521, 0.034949, 0.993584, 0.107563, -0.000642, -0.107998, -0.103244, 0.988776, 0.246504, 0.000000, 0.000000, 0.000000, 1.000000, -0.107998, -0.103244, 0.988776, 0.268504, -0.993537, 0.046173, -0.103697, -0.020521, -0.034949, -0.993584, -0.107563, 0.200715, 0.000000, 0.000000, 0.000000, 1.000000, 0.999536, 0.002552, 0.030362, 0.054445, 0.030270, 0.030569, -0.999074, 0.077328, -0.003477, 0.999529, 0.030478, 0.030220, 0.000000, 0.000000, 0.000000, 1.000000
26.2894, 20.3676, -0.6338, 246.5929, 268.5929, -20.3676, 200.7072, 54.4581, 77.1289, 30.2288, 0.993236, -0.045602, 0.106786, 0.020368, 0.034220, 0.993767, 0.106093, -0.000634, -0.110958, -0.101721, 0.988606, 0.246593, 0.000000, 0.000000, 0.000000, 1.000000, -0.110958, -0.101721, 0.988606, 0.268593, -0.993236, 0.045602, -0.106786, -0.020368, -0.034220, -0.993767, -0.106093, 0.200707, 0.000000, 0.000000, 0.000000, 1.000000, 0.999510, 0.003074, 0.031154, 0.054458, 0.031052, 0.028992, -0.999097, 0.077129, -0.003975, 0.999575, 0.028882, 0.030229, 0.000000, 0.000000, 0.000000, 1.000000
26.4450, 20.2129, -0.6593, 246.4768, 268.4768, -20.2129, 200.7327, 54.5219, 77.1105, 30.2190, 0.992489, -0.046240, 0.113259, 0.020213, 0.033965, 0.993570, 0.108005, -0.000659, -0.117525, -0.103347, 0.987678, 0.246477, 0.000000, 0.000000, 0.000000, 1.000000, -0.117525, -0.103347, 0.987678, 0.268477, -0.992489, 0.046240, -0.113259, -0.020213, -0.033965, -0.993570, -0.108005, 0.200733, 0.000000, 0.000000, 0.000000, 1.000000, 0.999382, 0.002645, 0.035042, 0.054522, 0.034945, 0.030666, -0.998919, 0.077110, -0.003716, 0.999526, 0.030554, 0.030219, 0.000000, 0.000000, 0.000000, 1.000000
26.6146, 20.0866, -0.6371, 246.6519, 268.6519, -20.0866, 200.7105, 54.6101, 76.7835, 30.2342, 0.992254, -0.045362, 0.115647, 0.020087, 0.033561, 0.994216, 0.102019, -0.000637, -0.119606, -0.097348, 0.988037, 0.246652, 0.000000, 0.000000, 0.000000, 1.000000, -0.119606, -0.097348, 0.988037, 0.268652, -0.992254, 0.045362, -0.115647, -0.020087, -0.033561, -0.994216, -0.102019, 0.200711, 0.000000, 0.000000, 0.000000, 1.000000, 0.999410, 0.003119, 0.034190, 0.054610, 0.034103, 0.024575, -0.999116, 0.076783, -0.003957, 0.999693, 0.024454, 0.030234, 0.000000, 0.000000, 0.000000, 1.000000
26.7306, 19.9389, -0.6904, 246.4688, 268.4688, -19.9389, 200.7638, 54.6324, 76.8712, 30.2013, 0.991985, -0.046108, 0.117647, 0.019939, 0.032882, 0.993166, 0.111982, -0.000690, -0.122006, -0.107216, 0.986722, 0.246469, 0.000000, 0.000000, 0.000000, 1.000000, -0.122006, -0.107216, 0.986722, 0.268469, -0.991985, 0.046108, -0.117647, -0.019939, -0.032882, -0.993166, -0.111982, 0.200764, 0.000000, 0.000000, 0.000000, 1.000000, 0.999393, 0.003254, 0.034671, 0.054632, 0.034539, 0.034515, -0.998807, 0.076871, -0.004446, 0.999399, 0.034381, 0.030201, 0.000000, 0.000000, 0.000000, 1.000000
26.9007, 19.7806, -0.6768, 246.5713, 268.5713, -19.7806, 200.7503, 54.6941, 76.6198, 30.2147, 0.991205, -0.046138, 0.124033, 0.019781, 0.032763, 0.993634, 0.107786, -0.000677, -0.128217, -0.102774, 0.986407, 0.246571, 0.000000, 0.000000, 0.000000, 1.000000, -0.128217, -0.102774, 0.986407, 0.268571, -0.991205, 0.046138, -0.124033, -0.019781, -0.032763, -0.993634, -0.107786, 0.200750, 0.000000, 0.000000, 0.000000, 1.000000, 0.999276, 0.002940, 0.037923, 0.054694, 0.037818, 0.030060, -0.998832, 0.076620, -0.004077, 0.999544, 0.029927, 0.030215, 0.000000, 0.000000, 0.000000, 1.000000
27.0426, 19.6344, -0.7016, 246.3989, 268.3989, -19.6344, 200.7751, 54.7533, 76.6703, 30.2093, 0.991044, -0.046849, 0.125046, 0.019634, 0.032550, 0.992943, 0.114036, -0.000702, -0.129506, -0.108945, 0.985576, 0.246399, 0.000000, 0.000000, 0.000000, 1.000000, -0.129506, -0.108945, 0.985576, 0.268399, -0.991044, 0.046849, -0.125046, -0.019634, -0.032550, -0.992943, -0.114036, 0.200775, 0.000000, 0.000000, 0.000000, 1.000000, 0.999319, 0.002857, 0.036782, 0.054753, 0.036654, 0.036297, -0.998669, 0.076670, -0.004188, 0.999337, 0.036168, 0.030209, 0.000000, 0.000000, 0.000000, 1.000000
27.2109, 19.5081, -0.6718, 246.6558, 268.6558, -19.5081, 200.7453, 54.8292, 76.2637, 30.2262, 0.990939, -0.045721, 0.126291, 0.019508, 0.032434, 0.993908, 0.105330, -0.000672, -0.130337, -0.100279, 0.986385, 0.246656, 0.000000, 0.000000, 0.000000, 1.000000, -0.130337, -0.100279, 0.986385, 0.268656, -0.990939, 0.045721, -0.126291, -0.019508, -0.032434, -0.993908, -0.105330, 0.200745, 0.000000, 0.000000, 0.000000, 1.000000, 0.999394, 0.003288, 0.034665, 0.054829, 0.034562, 0.027508, -0.999024, 0.076264, -0.004238, 0.999616, 0.027377, 0.030226, 0.000000, 0.000000, 0.000000, 1.000000
27.3590, 19.3373, -0.7092, 246.4857, 268.4857, -19.3373, 200.7826, 54.8716, 76.3097, 30.2093, 0.990455, -0.046564, 0.129735, 0.019337, 0.031876, 0.993075, 0.113076, -0.000709, -0.134102, -0.107861, 0.985080, 0.246486, 0.000000, 0.000000, 0.000000, 1.000000, -0.134102, -0.107861, 0.985080, 0.268486, -0.990455, 0.046564, -0.129735, -0.019337, -0.031876, -0.993075, -0.113076, 0.200783, 0.000000, 0.000000, 0.000000, 1.000000, 0.999349, 0.003238, 0.035940, 0.054872, 0.035804, 0.035169, -0.998740, 0.076310, -0.004498, 0.999376, 0.035030, 0.030209, 0.000000, 0.000000, 0.000000, 1.000000
27.5335, 19.2149, -0.7046, 246.6021, 268.6021, -19.2149, 200.7780, 54.9703, 76.0385, 30.2111, 0.990180, -0.046230, 0.131935, 0.019215, 0.031736, 0.993434, 0.109919, -0.000705, -0.136150, -0.104652, 0.985145, 0.246602, 0.000000, 0.000000, 0.000000, 1.000000, -0.136150, -0.104652, 0.985145, 0.268602, -0.990180, 0.046230, -0.131935, -0.019215, -0.031736, -0.993434, -0.109919, 0.200778, 0.000000, 0.000000, 0.000000, 1.000000, 0.999383, 0.003365, 0.034956, 0.054970, 0.034831, 0.031914, -0.998884, 0.076039, -0.004477, 0.999485, 0.031777, 0.030211, 0.000000, 0.000000, 0.000000, 1.000000
27.6943, 19.0376, -0.7103, 246.5550, 268.5550, -19.0376, 200.7838, 55.0122, 75.9491, 30.2170, 0.989533, -0.046348, 0.136659, 0.019038, 0.031046, 0.993218, 0.112047, -0.000710, -0.140925, -0.106631, 0.984261, 0.246555, 0.000000, 0.000000, 0.000000, 1.000000, -0.140925, -0.106631, 0.984261, 0.268555, -0.989533, 0.046348, -0.136659, -0.019038, -0.031046, -0.993218, -0.112047, 0.200784, 0.000000, 0.000000, 0.000000, 1.000000, 0.999308, 0.003536, 0.037021, 0.055012, 0.036880, 0.033896, -0.998745, 0.075949, -0.004786, 0.999419, 0.033742, 0.030217, 0.000000, 0.000000, 0.000000, 1.000000
27.8191, 18.9210, -0.7229, 246.5223, 268.5223, -18.9210, 200.7963, 55.0646, 75.8746, 30.2123, 0.989266, -0.046354, 0.138576, 0.018921, 0.030542, 0.992997, 0.114127, -0.000723, -0.142895, -0.108670, 0.983754, 0.246522, 0.000000, 0.000000, 0.000000, 1.000000, -0.142895, -0.108670, 0.983754, 0.268522, -0.989266, 0.046354, -0.138576, -0.018921, -0.030542, -0.992997, -0.114127, 0.200796, 0.000000, 0.000000, 0.000000, 1.000000, 0.999312, 0.003813, 0.036884, 0.055065, 0.036723, 0.035927, -0.998679, 0.075875, -0.005133, 0.999347, 0.035763, 0.030212, 0.000000, 0.000000, 0.000000, 1.000000
27.9787, 18.7614, -0.7190, 246.5610, 268.5610, -18.7614, 200.7924, 55.1131, 75.6993, 30.2208, 0.988422, -0.046280, 0.144498, 0.018761, 0.030230, 0.993321, 0.111352, -0.000719, -0.148686, -0.105695, 0.983220, 0.246561, 0.000000, 0.000000, 0.000000, 1.000000, -0.148686, -0.105695, 0.983220, 0.268561, -0.988422, 0.046280, -0.144498, -0.018761, -0.030230, -0.993321, -0.111352, 0.200792, 0.000000, 0.000000, 0.000000, 1.000000, 0.999195, 0.003673, 0.039938, 0.055113, 0.039796, 0.032934, -0.998665, 0.075699, -0.004983, 0.999451, 0.032762, 0.030221, 0.000000, 0.000000, 0.000000, 1.000000
28.0991, 18.6143, -0.7449, 246.4833, 268.4833, -18.6143, 200.8183, 55.1336, 75.6783, 30.2075, 0.988085, -0.047065, 0.146534, 0.018614, 0.029824, 0.992601, 0.117706, -0.000745, -0.150989, -0.111933, 0.982178, 0.246483, 0.000000, 0.000000, 0.000000, 1.000000, -0.150989, -0.111933, 0.982178, 0.268483, -0.988085, 0.047065, -0.146534, -0.018614, -0.029824, -0.992601, -0.117706, 0.200818, 0.000000, 0.000000, 0.000000, 1.000000, 0.999184, 0.003632, 0.040219, 0.055134, 0.040046, 0.039251, -0.998427, 0.075678, -0.005205, 0.999223, 0.039073, 0.030207, 0.000000, 0.000000, 0.000000, 1.000000
28.2630, 18.4848, -0.7330, 246.5618, 268.5618, -18.4848, 200.8064, 55.2128, 75.4560, 30.2196, 0.988556, -0.046143, 0.143622, 0.018485, 0.029422, 0.992762, 0.116439, -0.000733, -0.147956, -0.110881, 0.982759, 0.246562, 0.000000, 0.000000, 0.000000, 1.000000, -0.147956, -0.110881, 0.982759, 0.268562, -0.988556, 0.046143, -0.143622, -0.018485, -0.029422, -0.992762, -0.116439, 0.200806, 0.000000, 0.000000, 0.000000, 1.000000, 0.999399, 0.004545, 0.034358, 0.055213, 0.034160, 0.038082, -0.998691, 0.075456, -0.005848, 0.999264, 0.037904, 0.030220, 0.000000, 0.000000, 0.000000, 1.000000
28.4054, 18.3623, -0.7447, 246.5605, 268.5605, -18.3623, 200.8181, 55.2783, 75.3347, 30.2138, 0.987868, -0.046517, 0.148168, 0.018362, 0.029106, 0.992637, 0.117576, -0.000745, -0.152546, -0.111837, 0.981948, 0.246560, 0.000000, 0.000000, 0.000000, 1.000000, -0.152546, -0.111837, 0.981948, 0.268560, -0.987868, 0.046517, -0.148168, -0.018362, -0.029106, -0.992637, -0.117576, 0.200818, 0.000000, 0.000000, 0.000000, 1.000000, 0.999323, 0.004376, 0.036525, 0.055278, 0.036327, 0.039070, -0.998576, 0.075335, -0.005797, 0.999227, 0.038884, 0.030214, 0.000000, 0.000000, 0.000000, 1.000000
28.5486, 18.2154, -0.7351, 246.6537, 268.6537, -18.2154, 200.8086, 55.3100, 75.1203, 30.2233, 0.987090, -0.046407, 0.153299, 0.018215, 0.028974, 0.993051, 0.114059, -0.000735, -0.157527, -0.108145, 0.981575, 0.246654, 0.000000, 0.000000, 0.000000, 1.000000, -0.157527, -0.108145, 0.981575, 0.268654, -0.987090, 0.046407, -0.153299, -0.018215, -0.028974, -0.993051, -0.114059, 0.200809, 0.000000, 0.000000, 0.000000, 1.000000, 0.999229, 0.004156, 0.039031, 0.055310, 0.038860, 0.035359, -0.998619, 0.075120, -0.005531, 0.999366, 0.035170, 0.030223, 0.000000, 0.000000, 0.000000, 1.000000
28.7130, 18.0639, -0.7621, 246.5192, 268.5192, -18.0639, 200.8356, 55.3904, 75.1146, 30.2132, 0.986887, -0.047328, 0.154316, 0.018064, 0.028654, 0.992231, 0.121063, -0.000762, -0.158847, -0.115053, 0.980577, 0.246519, 0.000000, 0.000000, 0.000000, 1.000000, -0.158847, -0.115053, 0.980577, 0.268519, -0.986887, 0.047328, -0.154316, -0.018064, -0.028654, -0.992231, -0.121063, 0.200836, 0.000000, 0.000000, 0.000000, 1.000000, 0.999286, 0.004159, 0.037559, 0.055390, 0.037349, 0.042358, -0.998404, 0.075115, -0.005744, 0.999094, 0.042172, 0.030213, 0.000000, 0.000000, 0.000000, 1.000000
28.8453, 17.9227, -0.7647, 246.5853, 268.5853, -17.9227, 200.8382, 55.4153, 74.9385, 30.2124, 0.986451, -0.047103, 0.157146, 0.017923, 0.028329, 0.992413, 0.119637, -0.000765, -0.161589, -0.113565, 0.980302, 0.246585, 0.000000, 0.000000, 0.000000, 1.000000, -0.161589, -0.113565, 0.980302, 0.268585, -0.986451, 0.047103, -0.157146, -0.017923, -0.028329, -0.992413, -0.119637, 0.200838, 0.000000, 0.000000, 0.000000, 1.000000, 0.999267, 0.004302, 0.038041, 0.055415, 0.037834, 0.040833, -0.998449, 0.074938, -0.005849, 0.999157, 0.040641, 0.030212, 0.000000, 0.000000, 0.000000, 1.000000
29.0329, 17.7849, -0.7702, 246.5825, 268.5825, -17.7849, 200.8436, 55.5241, 74.7770, 30.2136, 0.986599, -0.046974, 0.156253, 0.017785, 0.028139, 0.992298, 0.120639, -0.000770, -0.160717, -0.114626, 0.980322, 0.246583, 0.000000, 0.000000, 0.000000, 1.000000, -0.160717, -0.114626, 0.980322, 0.268583, -0.986599, 0.046974, -0.156253, -0.017785, -0.028139, -0.992298, -0.120639, 0.200844, 0.000000, 0.000000, 0.000000, 1.000000, 0.999414, 0.004694, 0.033920, 0.055524, 0.033695, 0.041862, -0.998555, 0.074777, -0.006108, 0.999112, 0.041679, 0.030214, 0.000000, 0.000000, 0.000000, 1.000000
29.1520, 17.6379, -0.7581, 246.6756, 268.6756, -17.6379, 200.8316, 55.5221, 74.5871, 30.2257, 0.985773, -0.046492, 0.161525, 0.017638, 0.027673, 0.992763, 0.116861, -0.000758, -0.165789, -0.110729, 0.979925, 0.246676, 0.000000, 0.000000, 0.000000, 1.000000, -0.165789, -0.110729, 0.979925, 0.268676, -0.985773, 0.046492, -0.161525, -0.017638, -0.027673, -0.992763, -0.116861, 0.200832, 0.000000, 0.000000, 0.000000, 1.000000, 0.999305, 0.004770, 0.036981, 0.055522, 0.036774, 0.037901, -0.998605, 0.074587, -0.006165, 0.999270, 0.037699, 0.030226, 0.000000, 0.000000, 0.000000, 1.000000
29.3181, 17.4905, -0.7837, 246.5611, 268.5611, -17.4905, 200.8572, 55.6063, 74.5601, 30.2153, 0.985362, -0.047571, 0.163703, 0.017490, 0.027411, 0.991993, 0.123279, -0.000784, -0.168257, -0.116987, 0.978777, 0.246561, 0.000000, 0.000000, 0.000000, 1.000000, -0.168257, -0.116987, 0.978777, 0.268561, -0.985362, 0.047571, -0.163703, -0.017490, -0.027411, -0.991993, -0.123279, 0.200857, 0.000000, 0.000000, 0.000000, 1.000000, 0.999318, 0.004614, 0.036630, 0.055606, 0.036390, 0.044273, -0.998356, 0.074560, -0.006228, 0.999009, 0.044075, 0.030215, 0.000000, 0.000000, 0.000000, 1.000000
29.4702, 17.3531, -0.7760, 246.7000, 268.7000, -17.3531, 200.8495, 55.6495, 74.2925, 30.2193, 0.984555, -0.046946, 0.168661, 0.017353, 0.027072, 0.992614, 0.118256, -0.000776, -0.172967, -0.111864, 0.978555, 0.246700, 0.000000, 0.000000, 0.000000, 1.000000, -0.172967, -0.111864, 0.978555, 0.268700, -0.984555, 0.046946, -0.168661, -0.017353, -0.027072, -0.992614, -0.118256, 0.200849, 0.000000, 0.000000, 0.000000, 1.000000, 0.999238, 0.004679, 0.038737, 0.055649, 0.038525, 0.039067, -0.998494, 0.074293, -0.006186, 0.999226, 0.038857, 0.030219, 0.000000, 0.000000, 0.000000, 1.000000
29.6402, 17.1919, -0.7840, 246.6255, 268.6255, -17.1919, 200.8575, 55.7202, 74.2231, 30.2242, 0.984388, -0.047021, 0.169618, 0.017192, 0.026734, 0.992419, 0.119960, -0.000784, -0.173972, -0.113553, 0.978182, 0.246625, 0.000000, 0.000000, 0.000000, 1.000000, -0.173972, -0.113553, 0.978182, 0.268625, -0.984388, 0.047021, -0.169618, -0.017192, -0.026734, -0.992419, -0.119960, 0.200857, 0.000000, 0.000000, 0.000000, 1.000000, 0.999309, 0.004948, 0.036833, 0.055720, 0.036601, 0.040746, -0.998499, 0.074223, -0.006441, 0.999157, 0.040537, 0.030224, 0.000000, 0.000000, 0.000000, 1.000000
29.7563, 17.0663, -0.7902, 246.5946, 268.5946, -17.0663, 200.8637, 55.7502, 74.1584, 30.2261, 0.983773, -0.046692, 0.173237, 0.017066, 0.026145, 0.992544, 0.119046, -0.000790, -0.177504, -0.112585, 0.977659, 0.246595, 0.000000, 0.000000, 0.000000, 1.000000, -0.177504, -0.112585, 0.977659, 0.268595, -0.983773, 0.046692, -0.173237, -0.017066, -0.026145, -0.992544, -0.119046, 0.200864, 0.000000, 0.000000, 0.000000, 1.000000, 0.999248, 0.005224, 0.038432, 0.055750, 0.038195, 0.039726, -0.998480, 0.074158, -0.006743, 0.999197, 0.039497, 0.030226, 0.000000, 0.000000, 0.000000, 1.000000
29.9105, 16.9207, -0.7908, 246.6273, 268.6273, -16.9207, 200.8642, 55.8009, 73.9961, 30.2300, 0.982954, -0.046945, 0.177758, 0.016921, 0.025838, 0.992529, 0.119243, -0.000791, -0.182027, -0.112618, 0.976823, 0.246627, 0.000000, 0.000000, 0.000000, 1.000000, -0.182027, -0.112618, 0.976823, 0.268627, -0.982954, 0.046945, -0.177758, -0.016921, -0.025838, -0.992529, -0.119243, 0.200864, 0.000000, 0.000000, 0.000000, 1.000000, 0.999173, 0.005085, 0.040342, 0.055801, 0.040109, 0.039781, -0.998403, 0.073996, -0.006682, 0.999196, 0.039544, 0.030230, 0.000000, 0.000000, 0.000000, 1.000000
30.0560, 16.7872, -0.8072, 246.5855, 268.5855, -16.7872, 200.8806, 55.8621, 73.9157, 30.2229, 0.982962, -0.046801, 0.177750, 0.016787, 0.025344, 0.992314, 0.121120, -0.000807, -0.182052, -0.114551, 0.976594, 0.246586, 0.000000, 0.000000, 0.000000, 1.000000, -0.182052, -0.114551, 0.976594, 0.268586, -0.982962, 0.046801, -0.177750, -0.016787, -0.025344, -0.992314, -0.121120, 0.200881, 0.000000, 0.000000, 0.000000, 1.000000, 0.999266, 0.005602, 0.037900, 0.055862, 0.037634, 0.041672, -0.998422, 0.073916, -0.007173, 0.999116, 0.041430, 0.030223, 0.000000, 0.000000, 0.000000, 1.000000
30.1904, 16.6553, -0.8063, 246.6355, 268.6355, -16.6553, 200.8798, 55.8977, 73.7542, 30.2262, 0.982451, -0.047084, 0.180480, 0.016655, 0.025112, 0.992194, 0.122149, -0.000806, -0.184822, -0.115474, 0.975964, 0.246636, 0.000000, 0.000000, 0.000000, 1.000000, -0.184822, -0.115474, 0.975964, 0.268636, -0.982451, 0.047084, -0.180480, -0.016655, -0.025112, -0.992194, -0.122149, 0.200880, 0.000000, 0.000000, 0.000000, 1.000000, 0.999248, 0.005552, 0.038384, 0.055898, 0.038114, 0.042619, -0.998364, 0.073754, -0.007179, 0.999076, 0.042375, 0.030226, 0.000000, 0.000000, 0.000000, 1.000000
30.3614, 16.5145, -0.8185, 246.6343, 268.6343, -16.5145, 200.8920, 55.9782, 73.6100, 30.2207, 0.982363, -0.047131, 0.180947, 0.016515, 0.024680, 0.991929, 0.124373, -0.000819, -0.185348, -0.117714, 0.975597, 0.246634, 0.000000, 0.000000, 0.000000, 1.000000, -0.185348, -0.117714, 0.975597, 0.268634, -0.982363, 0.047131, -0.180947, -0.016515, -0.024680, -0.991929, -0.124373, 0.200892, 0.000000, 0.000000, 0.000000, 1.000000, 0.999334, 0.005962, 0.036000, 0.055978, 0.035697, 0.044838, -0.998356, 0.073610, -0.007566, 0.998976, 0.044596, 0.030221, 0.000000, 0.000000, 0.000000, 1.000000
30.4963, 16.3727, -0.8093, 246.6173, 268.6173, -16.3727, 200.8828, 56.0142, 73.5153, 30.2376, 0.981262, -0.047398, 0.186756, 0.016373, 0.024163, 0.991890, 0.124778, -0.000809, -0.191156, -0.117928, 0.974450, 0.246617, 0.000000, 0.000000, 0.000000, 1.000000, -0.191156, -0.117928, 0.974450, 0.268617, -0.981262, 0.047398, -0.186756, -0.016373, -0.024163, -0.991890, -0.124778, 0.200883, 0.000000, 0.000000, 0.000000, 1.000000, 0.999200, 0.005835, 0.039576, 0.056014, 0.039274, 0.045078, -0.998211, 0.073515, -0.007609, 0.998966, 0.044813, 0.030238, 0.000000, 0.000000, 0.000000, 1.000000
30.6853, 16.2223, -0.8188, 246.6430, 268.6430, -16.2223, 200.8923, 56.1035, 73.3286, 30.2333, 0.981214, -0.047517, 0.186981, 0.016222, 0.024136, 0.991814, 0.125392, -0.000819, -0.191409, -0.118523, 0.974328, 0.246643, 0.000000, 0.000000, 0.000000, 1.000000, -0.191409, -0.118523, 0.974328, 0.268643, -0.981214, 0.047517, -0.186981, -0.016222, -0.024136, -0.991814, -0.125392, 0.200892, 0.000000, 0.000000, 0.000000, 1.000000, 0.999314, 0.005956, 0.036546, 0.056104, 0.036237, 0.045670, -0.998299, 0.073329, -0.007615, 0.998939, 0.045422, 0.030233, 0.000000, 0.000000, 0.000000, 1.000000
30.8250, 16.0825, -0.8261, 246.7139, 268.7139, -16.0825, 200.8996, 56.1328, 73.1441, 30.2274, 0.980369, -0.047471, 0.191373, 0.016083, 0.023725, 0.991934, 0.124518, -0.000826, -0.195741, -0.117534, 0.973587, 0.246714, 0.000000, 0.000000, 0.000000, 1.000000, -0.195741, -0.117534, 0.973587, 0.268714, -0.980369, 0.047471, -0.191373, -0.016083, -0.023725, -0.991934, -0.124518, 0.200900, 0.000000, 0.000000, 0.000000, 1.000000, 0.999240, 0.005960, 0.038533, 0.056133, 0.038229, 0.044664, -0.998270, 0.073144, -0.007671, 0.998984, 0.044402, 0.030227, 0.000000, 0.000000, 0.000000, 1.000000
30.9727, 15.9361, -0.8313, 246.6967, 268.6967, -15.9361, 200.9047, 56.1794, 73.0398, 30.2303, 0.980742, -0.047513, 0.189442, 0.015936, 0.023519, 0.991630, 0.126950, -0.000831, -0.193888, -0.120050, 0.973651, 0.246697, 0.000000, 0.000000, 0.000000, 1.000000, -0.193888, -0.120050, 0.973651, 0.268697, -0.980742, 0.047513, -0.189442, -0.015936, -0.023519, -0.991630, -0.126950, 0.200905, 0.000000, 0.000000, 0.000000, 1.000000, 0.999397, 0.006429, 0.034127, 0.056179, 0.033787, 0.047155, -0.998316, 0.073040, -0.008028, 0.998867, 0.046910, 0.030230, 0.000000, 0.000000, 0.000000, 1.000000
31.1375, 15.8008, -0.8144, 246.7742, 268.7742, -15.8008, 200.8879, 56.2436, 72.8220, 30.2477, 0.979736, -0.046604, 0.194793, 0.015801, 0.023181, 0.992401, 0.120841, -0.000814, -0.198945, -0.113877, 0.973372, 0.246774, 0.000000, 0.000000, 0.000000, 1.000000, -0.198945, -0.113877, 0.973372, 0.268774, -0.979736, 0.046604, -0.194793, -0.015801, -0.023181, -0.992401, -0.120841, 0.200888, 0.000000, 0.000000, 0.000000, 1.000000, 0.999317, 0.006474, 0.036370, 0.056244, 0.036076, 0.040857, -0.998514, 0.072822, -0.007950, 0.999144, 0.040595, 0.030248, 0.000000, 0.000000, 0.000000, 1.000000
31.2807, 15.6540, -0.8350, 246.7635, 268.7635, -15.6540, 200.9084, 56.2820, 72.7173, 30.2349, 0.978863, -0.047520, 0.198919, 0.015654, 0.022830, 0.991942, 0.124619, -0.000835, -0.203238, -0.117443, 0.972060, 0.246764, 0.000000, 0.000000, 0.000000, 1.000000, -0.203238, -0.117443, 0.972060, 0.268764, -0.978863, 0.047520, -0.198919, -0.015654, -0.022830, -0.991942, -0.124619, 0.200908, 0.000000, 0.000000, 0.000000, 1.000000, 0.999247, 0.006252, 0.038285, 0.056282, 0.037970, 0.044533, -0.998286, 0.072717, -0.007947, 0.998988, 0.044262, 0.030235, 0.000000, 0.000000, 0.000000, 1.000000
31.4231, 15.4887, -0.8392, 246.7083, 268.7083, -15.4887, 200.9127, 56.3089, 72.6593, 30.2423, 0.978054, -0.047525, 0.202857, 0.015489, 0.022323, 0.991936, 0.124758, -0.000839, -0.207150, -0.117492, 0.971228, 0.246708, 0.000000, 0.000000, 0.000000, 1.000000, -0.207150, -0.117492, 0.971228, 0.268708, -0.978054, 0.047525, -0.202857, -0.015489, -0.022323, -0.991936, -0.124758, 0.200913, 0.000000, 0.000000, 0.000000, 1.000000, 0.999186, 0.006366, 0.039829, 0.056309, 0.039506, 0.044566, -0.998225, 0.072659, -0.008130, 0.998986, 0.044279, 0.030242, 0.000000, 0.000000, 0.000000, 1.000000
31.5562, 15.3760, -0.8531, 246.7133, 268.7133, -15.3760, 200.9266, 56.3653, 72.5434, 30.2333, 0.977400, -0.047889, 0.205901, 0.015376, 0.022096, 0.991811, 0.125789, -0.000853, -0.210239, -0.118397, 0.970454, 0.246713, 0.000000, 0.000000, 0.000000, 1.000000, -0.210239, -0.118397, 0.970454, 0.268713, -0.977400, 0.047889, -0.205901, -0.015376, -0.022096, -0.991811, -0.125789, 0.200927, 0.000000, 0.000000, 0.000000, 1.000000, 0.999153, 0.006262, 0.040673, 0.056365, 0.040347, 0.045512, -0.998149, 0.072543, -0.008101, 0.998944, 0.045221, 0.030233, 0.000000, 0.000000, 0.000000, 1.000000
31.7171, 15.2201, -0.8533, 246.7816, 268.7816, -15.2201, 200.9267, 56.4033, 72.3445, 30.2355, 0.977658, -0.047305, 0.204810, 0.015220, 0.021760, 0.991890, 0.125225, -0.000853, -0.209072, -0.117970, 0.970758, 0.246782, 0.000000, 0.000000, 0.000000, 1.000000, -0.209072, -0.117970, 0.970758, 0.268782, -0.977658, 0.047305, -0.204810, -0.015220, -0.021760, -0.991890, -0.125225, 0.200927, 0.000000, 0.000000, 0.000000, 1.000000, 0.999302, 0.006893, 0.036725, 0.056403, 0.036379, 0.044969, -0.998326, 0.072344, -0.008533, 0.998965, 0.044687, 0.030235, 0.000000, 0.000000, 0.000000, 1.000000
31.8845, 15.1144, -0.8555, 246.8323, 268.8323, -15.1144, 200.9289, 56.5015, 72.1482, 30.2345, 0.977228, -0.047050, 0.206909, 0.015114, 0.021375, 0.991975, 0.124617, -0.000855, -0.211112, -0.117357, 0.970391, 0.246832, 0.000000, 0.000000, 0.000000, 1.000000, -0.211112, -0.117357, 0.970391, 0.268832, -0.977228, 0.047050, -0.206909, -0.015114, -0.021375, -0.991975, -0.124617, 0.200929, 0.000000, 0.000000, 0.000000, 1.000000, 0.999329, 0.007169, 0.035917, 0.056501, 0.035566, 0.044296, -0.998385, 0.072148, -0.008748, 0.998993, 0.044011, 0.030234, 0.000000, 0.000000, 0.000000, 1.000000
32.0001, 14.9774, -0.8581, 246.8271, 268.8271, -14.9774, 200.9316, 56.5130, 72.0634, 30.2386, 0.976669, -0.047544, 0.209420, 0.014977, 0.020832, 0.991561, 0.127957, -0.000858, -0.213737, -0.120609, 0.969417, 0.246827, 0.000000, 0.000000, 0.000000, 1.000000, -0.213737, -0.120609, 0.969417, 0.268827, -0.976669, 0.047544, -0.209420, -0.014977, -0.020832, -0.991561, -0.127957, 0.200932, 0.000000, 0.000000, 0.000000, 1.000000, 0.999301, 0.007341, 0.036657, 0.056513, 0.036267, 0.047592, -0.998208, 0.072063, -0.009073, 0.998840, 0.047293, 0.030239, 0.000000, 0.000000, 0.000000, 1.000000
32.1715, 14.8384, -0.8793, 246.8859, 268.8859, -14.8384, 200.9527, 56.5804, 71.8630, 30.2197, 0.976401, -0.047395, 0.210701, 0.014838, 0.020158, 0.991363, 0.129586, -0.000879, -0.215023, -0.122281, 0.968923, 0.246886, 0.000000, 0.000000, 0.000000, 1.000000, -0.215023, -0.122281, 0.968923, 0.268886, -0.976401, 0.047395, -0.210701, -0.014838, -0.020158, -0.991363, -0.129586, 0.200953, 0.000000, 0.000000, 0.000000, 1.000000, 0.999353, 0.007927, 0.035072, 0.056580, 0.034641, 0.049198, -0.998188, 0.071863, -0.009638, 0.998758, 0.048892, 0.030220, 0.000000, 0.000000, 0.000000, 1.000000
32.3082, 14.6963, -0.8831, 246.9333, 268.9333, -14.6963, 200.9566, 56.6032, 71.7074, 30.2190, 0.975665, -0.047664, 0.214021, 0.014696, 0.019844, 0.991275, 0.130305, -0.000883, -0.218365, -0.122887, 0.968099, 0.246933, 0.000000, 0.000000, 0.000000, 1.000000, -0.218365, -0.122887, 0.968099, 0.268933, -0.975665, 0.047664, -0.214021, -0.014696, -0.019844, -0.991275, -0.130305, 0.200957, 0.000000, 0.000000, 0.000000, 1.000000, 0.999316, 0.007889, 0.036128, 0.056603, 0.035691, 0.049829, -0.998120, 0.071707, -0.009674, 0.998727, 0.049514, 0.030219, 0.000000, 0.000000, 0.000000, 1.000000
32.4791, 14.5507, -0.8810, 246.9302, 268.9302, -14.5507, 200.9545, 56.6745, 71.5679, 30.2281, 0.975550, -0.047256, 0.214637, 0.014551, 0.019386, 0.991306, 0.130142, -0.000881, -0.218920, -0.122799, 0.967985, 0.246930, 0.000000, 0.000000, 0.000000, 1.000000, -0.218920, -0.122799, 0.967985, 0.268930, -0.975550, 0.047256, -0.214637, -0.014551, -0.019386, -0.991306, -0.130142, 0.200954, 0.000000, 0.000000, 0.000000, 1.000000, 0.999394, 0.008423, 0.033770, 0.056675, 0.033312, 0.049642, -0.998211, 0.071568, -0.010084, 0.998732, 0.049331, 0.030228, 0.000000, 0.000000, 0.000000, 1.000000
32.6092, 14.4314, -0.8827, 246.9876, 268.9876, -14.4314, 200.9561, 56.7087, 71.4056, 30.2267, 0.975161, -0.047456, 0.216354, 0.014431, 0.019198, 0.991212, 0.130884, -0.000883, -0.220664, -0.123480, 0.967502, 0.246988, 0.000000, 0.000000, 0.000000, 1.000000, -0.220664, -0.123480, 0.967502, 0.268988, -0.975161, 0.047456, -0.216354, -0.014431, -0.019198, -0.991212, -0.130884, 0.200956, 0.000000, 0.000000, 0.000000, 1.000000, 0.999409, 0.008469, 0.033305, 0.056709, 0.032838, 0.050332, -0.998193, 0.071406, -0.010130, 0.998697, 0.050024, 0.030227, 0.000000, 0.000000, 0.000000, 1.000000
32.7744, 14.2534, -0.8865, 246.9476, 268.9476, -14.2534, 200.9600, 56.7473, 71.3149, 30.2340, 0.974126, -0.047836, 0.220884, 0.014253, 0.018865, 0.991143, 0.131453, -0.000887, -0.225216, -0.123885, 0.966401, 0.246948, 0.000000, 0.000000, 0.000000, 1.000000, -0.225216, -0.123885, 0.966401, 0.268948, -0.974126, 0.047836, -0.220884, -0.014253, -0.018865, -0.991143, -0.131453, 0.200960, 0.000000, 0.000000, 0.000000, 1.000000, 0.999349, 0.008316, 0.035099, 0.056747, 0.034633, 0.050781, -0.998109, 0.071315, -0.010083, 0.998675, 0.050460, 0.030234, 0.000000, 0.000000, 0.000000, 1.000000
32.9212, 14.1370, -0.8880, 246.9863, 268.9863, -14.1370, 200.9614, 56.8081, 71.1538, 30.2352, 0.973689, -0.047540, 0.222867, 0.014137, 0.018449, 0.991232, 0.130837, -0.000888, -0.227133, -0.123283, 0.966029, 0.246986, 0.000000, 0.000000, 0.000000, 1.000000, -0.227133, -0.123283, 0.966029, 0.268986, -0.973689, 0.047540, -0.222867, -0.014137, -0.018449, -0.991232, -0.130837, 0.200961, 0.000000, 0.000000, 0.000000, 1.000000, 0.999366, 0.008623, 0.034539, 0.056808, 0.034066, 0.050107, -0.998163, 0.071154, -0.010338, 0.998707, 0.049782, 0.030235, 0.000000, 0.000000, 0.000000, 1.000000
33.0833, 13.9901, -0.8990, 247.0282, 269.0282, -13.9901, 200.9725, 56.8567, 70.9812, 30.2280, 0.972967, -0.047936, 0.225916, 0.013990, 0.018216, 0.991103, 0.131847, -0.000899, -0.230226, -0.124167, 0.965183, 0.247028, 0.000000, 0.000000, 0.000000, 1.000000, -0.230226, -0.124167, 0.965183, 0.269028, -0.972967, 0.047936, -0.225916, -0.013990, -0.018216, -0.991103, -0.131847, 0.200972, 0.000000, 0.000000, 0.000000, 1.000000, 0.999354, 0.008547, 0.034900, 0.056857, 0.034420, 0.051035, -0.998104, 0.070981, -0.010311, 0.998660, 0.050707, 0.030228, 0.000000, 0.000000, 0.000000, 1.000000
33.2609, 13.8741, -0.8967, 247.0333, 269.0333, -13.8741, 200.9702, 56.9618, 70.8224, 30.2353, 0.973013, -0.047481, 0.225813, 0.013874, 0.017688, 0.991069, 0.132174, -0.000897, -0.230072, -0.124612, 0.965163, 0.247033, 0.000000, 0.000000, 0.000000, 1.000000, -0.230072, -0.124612, 0.965163, 0.269033, -0.973013, 0.047481, -0.225813, -0.013874, -0.017688, -0.991069, -0.132174, 0.200970, 0.000000, 0.000000, 0.000000, 1.000000, 0.999454, 0.009239, 0.031720, 0.056962, 0.031205, 0.051356, -0.998193, 0.070822, -0.010851, 0.998638, 0.051039, 0.030235, 0.000000, 0.000000, 0.000000, 1.000000
33.3760, 13.7326, -0.8948, 247.1115, 269.1115, -13.7326, 200.9682, 56.9497, 70.6595, 30.2381, 0.971950, -0.047616, 0.230318, 0.013733, 0.017545, 0.991242, 0.130890, -0.000895, -0.234534, -0.123178, 0.964272, 0.247111, 0.000000, 0.000000, 0.000000, 1.000000, -0.234534, -0.123178, 0.964272, 0.269111, -0.971950, 0.047616, -0.230318, -0.013733, -0.017545, -0.991242, -0.130890, 0.200968, 0.000000, 0.000000, 0.000000, 1.000000, 0.999373, 0.008925, 0.034265, 0.056950, 0.033778, 0.049949, -0.998180, 0.070660, -0.010620, 0.998712, 0.049616, 0.030238, 0.000000, 0.000000, 0.000000, 1.000000
33.5276, 13.5646, -0.9151, 246.9907, 268.9907, -13.5646, 200.9886, 56.9963, 70.6621, 30.2344, 0.970918, -0.047902, 0.234572, 0.013565, 0.016946, 0.991072, 0.132248, -0.000915, -0.238812, -0.124427, 0.963061, 0.246991, 0.000000, 0.000000, 0.000000, 1.000000, -0.238812, -0.124427, 0.963061, 0.268991, -0.970918, 0.047902, -0.234572, -0.013565, -0.016946, -0.991072, -0.132248, 0.200989, 0.000000, 0.000000, 0.000000, 1.000000, 0.999308, 0.009028, 0.036075, 0.056996, 0.035567, 0.051216, -0.998054, 0.070662, -0.010858, 0.998647, 0.050859, 0.030234, 0.000000, 0.000000, 0.000000, 1.000000
33.6595, 13.4465, -0.9139, 247.0144, 269.0144, -13.4465, 200.9874, 57.0384, 70.5316, 30.2394, 0.970137, -0.047934, 0.237773, 0.013447, 0.016629, 0.991116, 0.131958, -0.000914, -0.241986, -0.124063, 0.962316, 0.247014, 0.000000, 0.000000, 0.000000, 1.000000, -0.241986, -0.124063, 0.962316, 0.269014, -0.970137, 0.047934, -0.237773, -0.013447, -0.016629, -0.991116, -0.131958, 0.200987, 0.000000, 0.000000, 0.000000, 1.000000, 0.999272, 0.009040, 0.037054, 0.057038, 0.036548, 0.050843, -0.998038, 0.070532, -0.010906, 0.998666, 0.050475, 0.030239, 0.000000, 0.000000, 0.000000, 1.000000
33.8120, 13.2988, -0.9147, 247.0584, 269.0584, -13.2988, 200.9881, 57.0723, 70.3674, 30.2423, 0.969820, -0.047588, 0.239135, 0.013299, 0.016298, 0.991227, 0.131158, -0.000915, -0.243279, -0.123302, 0.962087, 0.247058, 0.000000, 0.000000, 0.000000, 1.000000, -0.243279, -0.123302, 0.962087, 0.269058, -0.969820, 0.047588, -0.239135, -0.013299, -0.016298, -0.991227, -0.131158, 0.200988, 0.000000, 0.000000, 0.000000, 1.000000, 0.999317, 0.009358, 0.035752, 0.057072, 0.035241, 0.049996, -0.998127, 0.070367, -0.011128, 0.998706, 0.049633, 0.030242, 0.000000, 0.000000, 0.000000, 1.000000
33.9825, 13.1779, -0.9053, 247.1175, 269.1175, -13.1779, 200.9787, 57.1512, 70.1645, 30.2533, 0.969544, -0.047211, 0.240323, 0.013178, 0.015714, 0.991215, 0.131323, -0.000905, -0.244412, -0.123547, 0.961769, 0.247117, 0.000000, 0.000000, 0.000000, 1.000000, -0.244412, -0.123547, 0.961769, 0.269117, -0.969544, 0.047211, -0.240323, -0.013178, -0.015714, -0.991215, -0.131323, 0.200979, 0.000000, 0.000000, 0.000000, 1.000000, 0.999372, 0.009925, 0.034015, 0.057151, 0.033476, 0.050125, -0.998182, 0.070165, -0.011612, 0.998694, 0.049761, 0.030253, 0.000000, 0.000000, 0.000000, 1.000000
34.1099, 13.0397, -0.9053, 247.1995, 269.1995, -13.0397, 200.9787, 57.1546, 69.9866, 30.2537, 0.968205, -0.047398, 0.245628, 0.013040, 0.015291, 0.991263, 0.131010, -0.000905, -0.249692, -0.123089, 0.960470, 0.247200, 0.000000, 0.000000, 0.000000, 1.000000, -0.249692, -0.123089, 0.960470, 0.269200, -0.968205, 0.047398, -0.245628, -0.013040, -0.015291, -0.991263, -0.131010, 0.200979, 0.000000, 0.000000, 0.000000, 1.000000, 0.999259, 0.009756, 0.037243, 0.057155, 0.036714, 0.049692, -0.998090, 0.069987, -0.011588, 0.998717, 0.049297, 0.030254, 0.000000, 0.000000, 0.000000, 1.000000
34.2620, 12.9077, -0.9178, 247.1554, 269.1554, -12.9077, 200.9912, 57.2206, 69.9070, 30.2506, 0.968699, -0.047655, 0.243623, 0.012908, 0.015200, 0.990946, 0.133396, -0.000918, -0.247774, -0.125518, 0.960652, 0.247155, 0.000000, 0.000000, 0.000000, 1.000000, -0.247774, -0.125518, 0.960652, 0.269155, -0.968699, 0.047655, -0.243623, -0.012908, -0.015200, -0.990946, -0.133396, 0.200991, 0.000000, 0.000000, 0.000000, 1.000000, 0.999415, 0.010157, 0.032669, 0.057221, 0.032097, 0.052111, -0.998125, 0.069907, -0.011841, 0.998590, 0.051755, 0.030251, 0.000000, 0.000000, 0.000000, 1.000000
34.4294, 12.7439, -0.9230, 247.2123, 269.2123, -12.7439, 200.9964, 57.2523, 69.7202, 30.2489, 0.967211, -0.047788, 0.249439, 0.012744, 0.014637, 0.990994, 0.133100, -0.000923, -0.253554, -0.125085, 0.959200, 0.247212, 0.000000, 0.000000, 0.000000, 1.000000, -0.253554, -0.125085, 0.959200, 0.269212, -0.967211, 0.047788, -0.249439, -0.012744, -0.014637, -0.990994, -0.133100, 0.200996, 0.000000, 0.000000, 0.000000, 1.000000, 0.999310, 0.010086, 0.035734, 0.057252, 0.035167, 0.051685, -0.998044, 0.069720, -0.011913, 0.998612, 0.051295, 0.030249, 0.000000, 0.000000, 0.000000, 1.000000
34.5863, 12.5928, -0.9155, 247.1764, 269.1764, -12.5928, 200.9890, 57.3040, 69.6307, 30.2660, 0.966421, -0.048182, 0.252405, 0.012593, 0.014645, 0.990995, 0.133099, -0.000916, -0.256545, -0.124933, 0.958424, 0.247176, 0.000000, 0.000000, 0.000000, 1.000000, -0.256545, -0.124933, 0.958424, 0.269176, -0.966421, 0.048182, -0.252405, -0.012593, -0.014645, -0.990995, -0.133099, 0.200989, 0.000000, 0.000000, 0.000000, 1.000000, 0.999301, 0.009809, 0.036064, 0.057304, 0.035512, 0.051597, -0.998036, 0.069631, -0.011650, 0.998620, 0.051213, 0.030266, 0.000000, 0.000000, 0.000000, 1.000000
34.7225, 12.4760, -0.9266, 247.2584, 269.2584, -12.4760, 201.0000, 57.3368, 69.4414, 30.2545, 0.966591, -0.047581, 0.251869, 0.012476, 0.013995, 0.990951, 0.133494, -0.000927, -0.255941, -0.125509, 0.958510, 0.247258, 0.000000, 0.000000, 0.000000, 1.000000, -0.255941, -0.125509, 0.958510, 0.269258, -0.966591, 0.047581, -0.251869, -0.012476, -0.013995, -0.990951, -0.133494, 0.201000, 0.000000, 0.000000, 0.000000, 1.000000, 0.999393, 0.010646, 0.033161, 0.057337, 0.032564, 0.052003, -0.998116, 0.069441, -0.012350, 0.998590, 0.051625, 0.030254, 0.000000, 0.000000, 0.000000, 1.000000
34.8930, 12.3138, -0.9118, 247.3165, 269.3165, -12.3138, 200.9852, 57.3725, 69.2495, 30.2725, 0.965157, -0.047358, 0.257350, 0.012314, 0.013860, 0.991358, 0.130452, -0.000912, -0.261304, -0.122340, 0.957472, 0.247316, 0.000000, 0.000000, 0.000000, 1.000000, -0.261304, -0.122340, 0.957472, 0.269316, -0.965157, 0.047358, -0.257350, -0.012314, -0.013860, -0.991358, -0.130452, 0.200985, 0.000000, 0.000000, 0.000000, 1.000000, 0.999310, 0.010305, 0.035674, 0.057372, 0.035131, 0.048810, -0.998190, 0.069249, -0.012028, 0.998755, 0.048415, 0.030273, 0.000000, 0.000000, 0.000000, 1.000000
35.0345, 12.1779, -0.9245, 247.2849, 269.2849, -12.1779, 200.9980, 57.4181, 69.1702, 30.2684, 0.964774, -0.047918, 0.258678, 0.012178, 0.013576, 0.991030, 0.132947, -0.000925, -0.262728, -0.124752, 0.956771, 0.247285, 0.000000, 0.000000, 0.000000, 1.000000, -0.262728, -0.124752, 0.956771, 0.269285, -0.964774, 0.047918, -0.258678, -0.012178, -0.013576, -0.991030, -0.132947, 0.200998, 0.000000, 0.000000, 0.000000, 1.000000, 0.999342, 0.010428, 0.034733, 0.057418, 0.034155, 0.051280, -0.998100, 0.069170, -0.012190, 0.998630, 0.050890, 0.030268, 0.000000, 0.000000, 0.000000, 1.000000
35.1672, 12.0489, -0.9189, 247.3173, 269.3173, -12.0489, 200.9924, 57.4454, 69.0348, 30.2776, 0.963687, -0.047887, 0.262705, 0.012049, 0.013246, 0.991151, 0.132078, -0.000919, -0.266705, -0.123802, 0.955794, 0.247317, 0.000000, 0.000000, 0.000000, 1.000000, -0.266705, -0.123802, 0.955794, 0.269317, -0.963687, 0.047887, -0.262705, -0.012049, -0.013246, -0.991151, -0.132078, 0.200992, 0.000000, 0.000000, 0.000000, 1.000000, 0.999279, 0.010360, 0.036538, 0.057445, 0.035973, 0.050317, -0.998085, 0.069035, -0.012178, 0.998680, 0.049908, 0.030278, 0.000000, 0.000000, 0.000000, 1.000000
35.3285, 11.9151, -0.9336, 247.2944, 269.2944, -11.9151, 201.0070, 57.5144, 68.9274, 30.2709, 0.963601, -0.047990, 0.263001, 0.011915, 0.012824, 0.990921, 0.133830, -0.000934, -0.267036, -0.125586, 0.955468, 0.247294, 0.000000, 0.000000, 0.000000, 1.000000, -0.267036, -0.125586, 0.955468, 0.269294, -0.963601, 0.047990, -0.263001, -0.011915, -0.012824, -0.990921, -0.133830, 0.201007, 0.000000, 0.000000, 0.000000, 1.000000, 0.999358, 0.010815, 0.034143, 0.057514, 0.033536, 0.052060, -0.998081, 0.068927, -0.012572, 0.998585, 0.051664, 0.030271, 0.000000, 0.000000, 0.000000, 1.000000
35.4599, 11.7873, -0.9234, 247.3971, 269.3971, -11.7873, 200.9968, 57.5241, 68.7250, 30.2795, 0.963046, -0.047154, 0.265176, 0.011787, 0.012117, 0.991144, 0.132241, -0.000923, -0.269063, -0.124141, 0.955089, 0.247397, 0.000000, 0.000000, 0.000000, 1.000000, -0.269063, -0.124141, 0.955089, 0.269397, -0.963046, 0.047154, -0.265176, -0.011787, -0.012117, -0.991144, -0.132241, 0.200997, 0.000000, 0.000000, 0.000000, 1.000000, 0.999356, 0.011408, 0.034011, 0.057524, 0.033395, 0.050420, -0.998170, 0.068725, -0.013102, 0.998663, 0.050007, 0.030280, 0.000000, 0.000000, 0.000000, 1.000000
35.6216, 11.6608, -0.9183, 247.4461, 269.4461, -11.6608, 200.9917, 57.5835, 68.5445, 30.2869, 0.961941, -0.047386, 0.269116, 0.011661, 0.011853, 0.991158, 0.132158, -0.000918, -0.272999, -0.123938, 0.953997, 0.247446, 0.000000, 0.000000, 0.000000, 1.000000, -0.272999, -0.123938, 0.953997, 0.269446, -0.961941, 0.047386, -0.269116, -0.011661, -0.011853, -0.991158, -0.132158, 0.200992, 0.000000, 0.000000, 0.000000, 1.000000, 0.999314, 0.011277, 0.035276, 0.057584, 0.034668, 0.050246, -0.998135, 0.068545, -0.013028, 0.998673, 0.049820, 0.030287, 0.000000, 0.000000, 0.000000, 1.000000
35.7478, 11.5255, -0.9362, 247.4159, 269.4159, -11.5255, 201.0096, 57.6099, 68.4807, 30.2776, 0.961589, -0.047992, 0.270266, 0.011525, 0.011254, 0.990662, 0.135876, -0.000936, -0.274263, -0.127616, 0.953150, 0.247416, 0.000000, 0.000000, 0.000000, 1.000000, -0.274263, -0.127616, 0.953150, 0.269416, -0.961589, 0.047992, -0.270266, -0.011525, -0.011254, -0.990662, -0.135876, 0.201010, 0.000000, 0.000000, 0.000000, 1.000000, 0.999336, 0.011679, 0.034502, 0.057610, 0.033825, 0.053964, -0.997970, 0.068481, -0.013517, 0.998475, 0.053533, 0.030278, 0.000000, 0.000000, 0.000000, 1.000000
35.9213, 11.3678, -0.9334, 247.4901, 269.4901, -11.3678, 201.0069, 57.6462, 68.2722, 30.2822, 0.960732, -0.047744, 0.273341, 0.011368, 0.011102, 0.990911, 0.134060, -0.000933, -0.277257, -0.125761, 0.952530, 0.247490, 0.000000, 0.000000, 0.000000, 1.000000, -0.277257, -0.125761, 0.952530, 0.269490, -0.960732, 0.047744, -0.273341, -0.011368, -0.011102, -0.990911, -0.134060, 0.201007, 0.000000, 0.000000, 0.000000, 1.000000, 0.999335, 0.011634, 0.034561, 0.057646, 0.033911, 0.052055, -0.998068, 0.068272, -0.013410, 0.998576, 0.051626, 0.030282, 0.000000, 0.000000, 0.000000, 1.000000
36.0637, 11.2362, -0.9328, 247.4869, 269.4869, -11.2362, 201.0063, 57.6891, 68.1641, 30.2892, 0.959672, -0.047959, 0.277003, 0.011236, 0.010776, 0.990892, 0.134224, -0.000933, -0.280917, -0.125825, 0.951448, 0.247487, 0.000000, 0.000000, 0.000000, 1.000000, -0.280917, -0.125825, 0.951448, 0.269487, -0.959672, 0.047959, -0.277003, -0.011236, -0.010776, -0.990892, -0.134224, 0.201006, 0.000000, 0.000000, 0.000000, 1.000000, 0.999288, 0.011571, 0.035900, 0.057689, 0.035250, 0.052142, -0.998017, 0.068164, -0.013420, 0.998573, 0.051697, 0.030289, 0.000000, 0.000000, 0.000000, 1.000000
36.2685, 11.1031, -0.9265, 247.5876, 269.5876, -11.1031, 200.9999, 57.7784, 67.8928, 30.2944, 0.959825, -0.047178, 0.276605, 0.011103, 0.010341, 0.991042, 0.133151, -0.000926, -0.280409, -0.124941, 0.951715, 0.247588, 0.000000, 0.000000, 0.000000, 1.000000, -0.280409, -0.124941, 0.951715, 0.269588, -0.959825, 0.047178, -0.276605, -0.011103, -0.010341, -0.991042, -0.133151, 0.201000, 0.000000, 0.000000, 0.000000, 1.000000, 0.999417, 0.012294, 0.031851, 0.057778, 0.031185, 0.051041, -0.998210, 0.067893, -0.013897, 0.998621, 0.050627, 0.030294, 0.000000, 0.000000, 0.000000, 1.000000
36.3705, 10.9666, -0.9345, 247.5818, 269.5818, -10.9666, 201.0080, 57.7683, 67.8303, 30.2931, 0.958800, -0.047663, 0.280053, 0.010967, 0.010008, 0.990880, 0.134376, -0.000935, -0.283904, -0.126037, 0.950533, 0.247582, 0.000000, 0.000000, 0.000000, 1.000000, -0.283904, -0.126037, 0.950533, 0.269582, -0.958800, 0.047663, -0.280053, -0.010967, -0.010008, -0.990880, -0.134376, 0.201008, 0.000000, 0.000000, 0.000000, 1.000000, 0.999356, 0.012189, 0.033742, 0.057768, 0.033062, 0.052211, -0.998089, 0.067830, -0.013928, 0.998562, 0.051774, 0.030293, 0.000000, 0.000000, 0.000000, 1.000000
36.5251, 10.8164, -0.9361, 247.5933, 269.5933, -10.8164, 201.0095, 57.8031, 67.7011, 30.2977, 0.958233, -0.047985, 0.281933, 0.010816, 0.009678, 0.990700, 0.135722, -0.000936, -0.285823, -0.127325, 0.949786, 0.247593, 0.000000, 0.000000, 0.000000, 1.000000, -0.285823, -0.127325, 0.949786, 0.269593, -0.958233, 0.047985, -0.281933, -0.010816, -0.009678, -0.990700, -0.135722, 0.201010, 0.000000, 0.000000, 0.000000, 1.000000, 0.999376, 0.012344, 0.033090, 0.057803, 0.032385, 0.053516, -0.998042, 0.067701, -0.014091, 0.998491, 0.053082, 0.030298, 0.000000, 0.000000, 0.000000, 1.000000
36.6864, 10.6852, -0.9355, 247.6645, 269.6645, -10.6852, 201.0090, 57.8483, 67.5031, 30.2992, 0.957448, -0.047604, 0.284651, 0.010685, 0.009286, 0.990873, 0.134475, -0.000936, -0.288455, -0.126110, 0.949152, 0.247664, 0.000000, 0.000000, 0.000000, 1.000000, -0.288455, -0.126110, 0.949152, 0.269664, -0.957448, 0.047604, -0.284651, -0.010685, -0.009286, -0.990873, -0.134475, 0.201009, 0.000000, 0.000000, 0.000000, 1.000000, 0.999375, 0.012553, 0.033037, 0.057848, 0.032339, 0.052198, -0.998113, 0.067503, -0.014253, 0.998558, 0.051759, 0.030299, 0.000000, 0.000000, 0.000000, 1.000000
36.8372, 10.5727, -0.9417, 247.6536, 269.6536, -10.5727, 201.0152, 57.9199, 67.3907, 30.2990, 0.956767, -0.047859, 0.286891, 0.010573, 0.008955, 0.990749, 0.135414, -0.000942, -0.290717, -0.126990, 0.948344, 0.247654, 0.000000, 0.000000, 0.000000, 1.000000, -0.290717, -0.126990, 0.948344, 0.269654, -0.956767, 0.047859, -0.286891, -0.010573, -0.008955, -0.990749, -0.135414, 0.201015, 0.000000, 0.000000, 0.000000, 1.000000, 0.999381, 0.012670, 0.032807, 0.057920, 0.032091, 0.053089, -0.998074, 0.067391, -0.014387, 0.998509, 0.052649, 0.030299, 0.000000, 0.000000, 0.000000, 1.000000
37.0033, 10.4161, -0.9407, 247.7618, 269.7618, -10.4161, 201.0142, 57.9355, 67.1592, 30.2994, 0.956269, -0.047333, 0.288632, 0.010416, 0.008661, 0.990968, 0.133818, -0.000941, -0.292359, -0.125466, 0.948042, 0.247762, 0.000000, 0.000000, 0.000000, 1.000000, -0.292359, -0.125466, 0.948042, 0.269762, -0.956269, 0.047333, -0.288632, -0.010416, -0.008661, -0.990968, -0.133818, 0.201014, 0.000000, 0.000000, 0.000000, 1.000000, 0.999416, 0.012934, 0.031631, 0.057936, 0.030927, 0.051430, -0.998198, 0.067159, -0.014538, 0.998593, 0.051000, 0.030299, 0.000000, 0.000000, 0.000000, 1.000000
37.1136, 10.2909, -0.9341, 247.7475, 269.7475, -10.2909, 201.0075, 57.9480, 67.0936, 30.3129, 0.955073, -0.047504, 0.292538, 0.010291, 0.008522, 0.991065, 0.133111, -0.000934, -0.296248, -0.124637, 0.946944, 0.247748, 0.000000, 0.000000, 0.000000, 1.000000, -0.296248, -0.124637, 0.946944, 0.269748, -0.955073, 0.047504, -0.292538, -0.010291, -0.008522, -0.991065, -0.133111, 0.201008, 0.000000, 0.000000, 0.000000, 1.000000, 0.999350, 0.012651, 0.033748, 0.057948, 0.033067, 0.050646, -0.998169, 0.067094, -0.014337, 0.998637, 0.050194, 0.030313, 0.000000, 0.000000, 0.000000, 1.000000
37.2902, 10.1782, -0.9398, 247.8387, 269.8387, -10.1782, 201.0133, 58.0214, 66.8575, 30.3058, 0.954767, -0.047393, 0.293553, 0.010178, 0.007921, 0.990920, 0.134217, -0.000940, -0.297248, -0.125820, 0.946474, 0.247839, 0.000000, 0.000000, 0.000000, 1.000000, -0.297248, -0.125820, 0.946474, 0.269839, -0.954767, 0.047393, -0.293553, -0.010178, -0.007921, -0.990920, -0.134217, 0.201013, 0.000000, 0.000000, 0.000000, 1.000000, 0.999407, 0.013228, 0.031801, 0.058021, 0.031077, 0.051725, -0.998178, 0.066857, -0.014849, 0.998574, 0.051283, 0.030306, 0.000000, 0.000000, 0.000000, 1.000000
37.4427, 10.0367, -0.9558, 247.8386, 269.8386, -10.0367, 201.0292, 58.0626, 66.7422, 30.2965, 0.954301, -0.048205, 0.294935, 0.010037, 0.007547, 0.990478, 0.137466, -0.000956, -0.298753, -0.128958, 0.945577, 0.247839, 0.000000, 0.000000, 0.000000, 1.000000, -0.298753, -0.128958, 0.945577, 0.269839, -0.954301, 0.048205, -0.294935, -0.010037, -0.007547, -0.990478, -0.137466, 0.201029, 0.000000, 0.000000, 0.000000, 1.000000, 0.999435, 0.013425, 0.030799, 0.058063, 0.030018, 0.054956, -0.998037, 0.066742, -0.015091, 0.998399, 0.054522, 0.030296, 0.000000, 0.000000, 0.000000, 1.000000
37.5592, 9.8931, -0.9502, 247.8137, 269.8137, -9.8931, 201.0237, 58.0670, 66.6863, 30.3105, 0.952725, -0.047752, 0.300057, 0.009893, 0.006873, 0.990707, 0.135839, -0.000950, -0.303755, -0.127355, 0.944200, 0.247814, 0.000000, 0.000000, 0.000000, 1.000000, -0.303755, -0.127355, 0.944200, 0.269814, -0.952725, 0.047752, -0.300057, -0.009893, -0.006873, -0.990707, -0.135839, 0.201024, 0.000000, 0.000000, 0.000000, 1.000000, 0.999329, 0.013540, 0.034031, 0.058067, 0.033265, 0.053249, -0.998027, 0.066686, -0.015326, 0.998489, 0.052763, 0.030310, 0.000000, 0.000000, 0.000000, 1.000000
37.7235, 9.7554, -0.9599, 247.8911, 269.8911, -9.7554, 201.0334, 58.1042, 66.4837, 30.3016, 0.952201, -0.047835, 0.301704, 0.009755, 0.006433, 0.990584, 0.136753, -0.000960, -0.305405, -0.128276, 0.943543, 0.247891, 0.000000, 0.000000, 0.000000, 1.000000, -0.305405, -0.128276, 0.943543, 0.269891, -0.952201, 0.047835, -0.301704, -0.009755, -0.006433, -0.990584, -0.136753, 0.201033, 0.000000, 0.000000, 0.000000, 1.000000, 0.999361, 0.013864, 0.032955, 0.058104, 0.032160, 0.054125, -0.998016, 0.066484, -0.015620, 0.998438, 0.053645, 0.030302, 0.000000, 0.000000, 0.000000, 1.000000
37.8659, 9.6134, -0.9560, 247.8527, 269.8527, -9.6134, 201.0294, 58.1436, 66.4146, 30.3149, 0.951732, -0.047580, 0.303219, 0.009613, 0.006018, 0.990614, 0.136554, -0.000956, -0.306870, -0.128138, 0.943086, 0.247853, 0.000000, 0.000000, 0.000000, 1.000000, -0.306870, -0.128138, 0.943086, 0.269853, -0.951732, 0.047580, -0.303219, -0.009613, -0.006018, -0.990614, -0.136554, 0.201029, 0.000000, 0.000000, 0.000000, 1.000000, 0.999385, 0.014206, 0.032052, 0.058144, 0.031243, 0.053886, -0.998058, 0.066415, -0.015905, 0.998446, 0.053409, 0.030315, 0.000000, 0.000000, 0.000000, 1.000000
38.0439, 9.4690, -0.9502, 247.9104, 269.9104, -9.4690, 201.0236, 58.1950, 66.2183, 30.3232, 0.950429, -0.047463, 0.307297, 0.009469, 0.005769, 0.990803, 0.135191, -0.000950, -0.310887, -0.126716, 0.941962, 0.247910, 0.000000, 0.000000, 0.000000, 1.000000, -0.310887, -0.126716, 0.941962, 0.269910, -0.950429, 0.047463, -0.307297, -0.009469, -0.005769, -0.990803, -0.135191, 0.201024, 0.000000, 0.000000, 0.000000, 1.000000, 0.999351, 0.014089, 0.033146, 0.058195, 0.032366, 0.052433, -0.998100, 0.066218, -0.015800, 0.998525, 0.051943, 0.030323, 0.000000, 0.000000, 0.000000, 1.000000
38.1999, 9.3205, -0.9693, 247.8976, 269.8976, -9.3205, 201.0428, 58.2360, 66.1151, 30.3120, 0.949479, -0.048018, 0.310136, 0.009320, 0.005266, 0.990524, 0.137239, -0.000969, -0.313787, -0.128673, 0.940734, 0.247898, 0.000000, 0.000000, 0.000000, 1.000000, -0.313787, -0.128673, 0.940734, 0.269898, -0.949479, 0.048018, -0.310136, -0.009320, -0.005266, -0.990524, -0.137239, 0.201043, 0.000000, 0.000000, 0.000000, 1.000000, 0.999336, 0.014249, 0.033548, 0.058236, 0.032726, 0.054444, -0.997980, 0.066115, -0.016047, 0.998415, 0.053942, 0.030312, 0.000000, 0.000000, 0.000000, 1.000000
38.3357, 9.1840, -0.9608, 247.9637, 269.9637, -9.1840, 201.0343, 58.2430, 65.9517, 30.3220, 0.948543, -0.047875, 0.313009, 0.009184, 0.005020, 0.990653, 0.136310, -0.000961, -0.316610, -0.127725, 0.939917, 0.247964, 0.000000, 0.000000, 0.000000, 1.000000, -0.316610, -0.127725, 0.939917, 0.269964, -0.948543, 0.047875, -0.313009, -0.009184, -0.005020, -0.990653, -0.136310, 0.201034, 0.000000, 0.000000, 0.000000, 1.000000, 0.999315, 0.014247, 0.034146, 0.058243, 0.033340, 0.053454, -0.998014, 0.065952, -0.016044, 0.998469, 0.052942, 0.030322, 0.000000, 0.000000, 0.000000, 1.000000
38.5040, 9.0453, -0.9623, 247.9360, 269.9360, -9.0453, 201.0358, 58.3118, 65.8466, 30.3289, 0.947363, -0.047925, 0.316553, 0.009045, 0.004775, 0.990738, 0.135704, -0.000962, -0.320125, -0.127049, 0.938818, 0.247936, 0.000000, 0.000000, 0.000000, 1.000000, -0.320125, -0.127049, 0.938818, 0.269936, -0.947363, 0.047925, -0.316553, -0.009045, -0.004775, -0.990738, -0.135704, 0.201036, 0.000000, 0.000000, 0.000000, 1.000000, 0.999290, 0.014163, 0.034909, 0.058312, 0.034117, 0.052774, -0.998024, 0.065847, -0.015978, 0.998506, 0.052253, 0.030329, 0.000000, 0.000000, 0.000000, 1.000000
38.6372, 8.9187, -0.9571, 248.0826, 270.0826, -8.9187, 201.0305, 58.3010, 65.6071, 30.3294, 0.947852, -0.047583, 0.315137, 0.008919, 0.004270, 0.990599, 0.136731, -0.000957, -0.318681, -0.128255, 0.939145, 0.248083, 0.000000, 0.000000, 0.000000, 1.000000, -0.318681, -0.128255, 0.939145, 0.270083, -0.947852, 0.047583, -0.315137, -0.008919, -0.004270, -0.990599, -0.136731, 0.201031, 0.000000, 0.000000, 0.000000, 1.000000, 0.999402, 0.014960, 0.031165, 0.058301, 0.030318, 0.053804, -0.998091, 0.065607, -0.016608, 0.998439, 0.053319, 0.030329, 0.000000, 0.000000, 0.000000, 1.000000
38.7949, 8.7888, -0.9541, 248.1100, 270.1100, -8.7888, 201.0275, 58.3492, 65.4578, 30.3364, 0.946330, -0.047296, 0.319724, 0.008789, 0.003845, 0.990813, 0.135187, -0.000954, -0.323181, -0.126702, 0.937817, 0.248110, 0.000000, 0.000000, 0.000000, 1.000000, -0.323181, -0.126702, 0.937817, 0.270110, -0.946330, 0.047296, -0.319724, -0.008789, -0.003845, -0.990813, -0.135187, 0.201028, 0.000000, 0.000000, 0.000000, 1.000000, 0.999339, 0.014931, 0.033154, 0.058349, 0.032334, 0.052181, -0.998114, 0.065458, -0.016633, 0.998526, 0.051664, 0.030336, 0.000000, 0.000000, 0.000000, 1.000000
38.9219, 8.6688, -0.9540, 248.1260, 270.1260, -8.6688, 201.0275, 58.3749, 65.3482, 30.3409, 0.945764, -0.048011, 0.321288, 0.008669, 0.003665, 0.990533, 0.137229, -0.000954, -0.324835, -0.128609, 0.936986, 0.248126, 0.000000, 0.000000, 0.000000, 1.000000, -0.324835, -0.128609, 0.936986, 0.270126, -0.945764, 0.048011, -0.321288, -0.008669, -0.003665, -0.990533, -0.137229, 0.201027, 0.000000, 0.000000, 0.000000, 1.000000, 0.999353, 0.014922, 0.032727, 0.058375, 0.031875, 0.054197, -0.998021, 0.065348, -0.016666, 0.998419, 0.053686, 0.030341, 0.000000, 0.000000, 0.000000, 1.000000
39.0722, 8.5164, -0.9528, 248.2305, 270.2305, -8.5164, 201.0262, 58.3695, 65.1404, 30.3416, 0.945107, -0.047927, 0.323228, 0.008516, 0.003307, 0.990538, 0.137202, -0.000953, -0.326745, -0.128601, 0.936322, 0.248230, 0.000000, 0.000000, 0.000000, 1.000000, -0.326745, -0.128601, 0.936322, 0.270230, -0.945107, 0.047927, -0.323228, -0.008516, -0.003307, -0.990538, -0.137202, 0.201026, 0.000000, 0.000000, 0.000000, 1.000000, 0.999368, 0.015142, 0.032158, 0.058370, 0.031295, 0.054125, -0.998044, 0.065140, -0.016853, 0.998419, 0.053617, 0.030342, 0.000000, 0.000000, 0.000000, 1.000000
39.2172, 8.4092, -0.9460, 248.2901, 270.2901, -8.4092, 201.0194, 58.4143, 64.9671, 30.3490, 0.944379, -0.047579, 0.325398, 0.008409, 0.002782, 0.990599, 0.136770, -0.000946, -0.328846, -0.128258, 0.935633, 0.248290, 0.000000, 0.000000, 0.000000, 1.000000, -0.328846, -0.128258, 0.935633, 0.270290, -0.944379, 0.047579, -0.325398, -0.008409, -0.002782, -0.990599, -0.136770, 0.201019, 0.000000, 0.000000, 0.000000, 1.000000, 0.999371, 0.015509, 0.031898, 0.058414, 0.031024, 0.053651, -0.998078, 0.064967, -0.017190, 0.998439, 0.053136, 0.030349, 0.000000, 0.000000, 0.000000, 1.000000
39.3873, 8.2738, -0.9505, 248.2849, 270.2849, -8.2738, 201.0239, 58.4793, 64.8395, 30.3512, 0.943268, -0.048067, 0.328534, 0.008274, 0.002409, 0.990431, 0.137990, -0.000950, -0.332023, -0.129370, 0.934358, 0.248285, 0.000000, 0.000000, 0.000000, 1.000000, -0.332023, -0.129370, 0.934358, 0.270285, -0.943268, 0.048067, -0.328534, -0.008274, -0.002409, -0.990431, -0.137990, 0.201024, 0.000000, 0.000000, 0.000000, 1.000000, 0.999356, 0.015537, 0.032337, 0.058479, 0.031441, 0.054822, -0.998001, 0.064839, -0.017279, 0.998375, 0.054299, 0.030351, 0.000000, 0.000000, 0.000000, 1.000000
39.5262, 8.1202, -0.9352, 248.4090, 270.4090, -8.1202, 201.0086, 58.4525, 64.6251, 30.3645, 0.942653, -0.047348, 0.330400, 0.008120, 0.002171, 0.990736, 0.135783, -0.000935, -0.333768, -0.127279, 0.934023, 0.248409, 0.000000, 0.000000, 0.000000, 1.000000, -0.333768, -0.127279, 0.934023, 0.270409, -0.942653, 0.047348, -0.330400, -0.008120, -0.002171, -0.990736, -0.135783, 0.201009, 0.000000, 0.000000, 0.000000, 1.000000, 0.999372, 0.015722, 0.031748, 0.058452, 0.030882, 0.052556, -0.998140, 0.064625, -0.017361, 0.998494, 0.052037, 0.030365, 0.000000, 0.000000, 0.000000, 1.000000
39.7059, 8.0017, -0.9412, 248.4630, 270.4630, -8.0017, 201.0146, 58.5254, 64.4269, 30.3602, 0.941980, -0.047461, 0.332296, 0.008002, 0.001883, 0.990685, 0.136160, -0.000941, -0.335663, -0.127634, 0.933295, 0.248463, 0.000000, 0.000000, 0.000000, 1.000000, -0.335663, -0.127634, 0.933295, 0.270463, -0.941980, 0.047461, -0.332296, -0.008002, -0.001883, -0.990685, -0.136160, 0.201015, 0.000000, 0.000000, 0.000000, 1.000000, 0.999404, 0.015888, 0.030652, 0.058525, 0.029773, 0.052882, -0.998157, 0.064427, -0.017479, 0.998474, 0.052378, 0.030360, 0.000000, 0.000000, 0.000000, 1.000000
39.8369, 7.8306, -0.9525, 248.3696, 270.3696, -7.8306, 201.0260, 58.5388, 64.4352, 30.3636, 0.940451, -0.047787, 0.336554, 0.007831, 0.001453, 0.990626, 0.136598, -0.000953, -0.339927, -0.127974, 0.931704, 0.248370, 0.000000, 0.000000, 0.000000, 1.000000, -0.339927, -0.127974, 0.931704, 0.270370, -0.940451, 0.047787, -0.336554, -0.007831, -0.001453, -0.990626, -0.136598, 0.201026, 0.000000, 0.000000, 0.000000, 1.000000, 0.999333, 0.015803, 0.032921, 0.058539, 0.032037, 0.053273, -0.998066, 0.064435, -0.017526, 0.998455, 0.052732, 0.030364, 0.000000, 0.000000, 0.000000, 1.000000
39.9924, 7.7037, -0.9514, 248.4156, 270.4156, -7.7037, 201.0249, 58.5787, 64.2718, 30.3672, 0.939595, -0.047530, 0.338971, 0.007704, 0.000937, 0.990665, 0.136313, -0.000951, -0.342286, -0.127761, 0.930869, 0.248416, 0.000000, 0.000000, 0.000000, 1.000000, -0.342286, -0.127761, 0.930869, 0.270416, -0.939595, 0.047530, -0.338971, -0.007704, -0.000937, -0.990665, -0.136313, 0.201025, 0.000000, 0.000000, 0.000000, 1.000000, 0.999333, 0.016126, 0.032761, 0.058579, 0.031866, 0.052945, -0.998089, 0.064272, -0.017829, 0.998467, 0.052396, 0.030367, 0.000000, 0.000000, 0.000000, 1.000000
40.1375, 7.5731, -0.9622, 248.4335, 270.4335, -7.5731, 201.0357, 58.6114, 64.1482, 30.3612, 0.938489, -0.047683, 0.342001, 0.007573, 0.000771, 0.990707, 0.136012, -0.000962, -0.345308, -0.127383, 0.929804, 0.248434, 0.000000, 0.000000, 0.000000, 1.000000, -0.345308, -0.127383, 0.929804, 0.270434, -0.938489, 0.047683, -0.342001, -0.007573, -0.000771, -0.990707, -0.136012, 0.201036, 0.000000, 0.000000, 0.000000, 1.000000, 0.999313, 0.015996, 0.033439, 0.058611, 0.032557, 0.052591, -0.998085, 0.064148, -0.017724, 0.998488, 0.052034, 0.030361, 0.000000, 0.000000, 0.000000, 1.000000
40.3066, 7.4477, -0.9570, 248.5115, 270.5115, -7.4477, 201.0305, 58.6570, 63.9404, 30.3666, 0.937944, -0.047887, 0.343466, 0.007448, 0.000674, 0.990670, 0.136281, -0.000957, -0.346787, -0.127593, 0.929225, 0.248511, 0.000000, 0.000000, 0.000000, 1.000000, -0.346787, -0.127593, 0.929225, 0.270511, -0.937944, 0.047887, -0.343466, -0.007448, -0.000674, -0.990670, -0.136281, 0.201030, 0.000000, 0.000000, 0.000000, 1.000000, 0.999357, 0.016024, 0.032070, 0.058657, 0.031184, 0.052809, -0.998118, 0.063940, -0.017687, 0.998476, 0.052275, 0.030367, 0.000000, 0.000000, 0.000000, 1.000000
40.4222, 7.3191, -0.9474, 248.5690, 270.5690, -7.3191, 201.0208, 58.6458, 63.8078, 30.3780, 0.937661, -0.047358, 0.344309, 0.007319, -0.000104, 0.990635, 0.136539, -0.000947, -0.347551, -0.128063, 0.928875, 0.248569, 0.000000, 0.000000, 0.000000, 1.000000, -0.347551, -0.128063, 0.928875, 0.270569, -0.937661, 0.047358, -0.344309, -0.007319, 0.000104, -0.990635, -0.136539, 0.201021, 0.000000, 0.000000, 0.000000, 1.000000, 0.999379, 0.016782, 0.030973, 0.058646, 0.030044, 0.053056, -0.998139, 0.063808, -0.018394, 0.998451, 0.052519, 0.030378, 0.000000, 0.000000, 0.000000, 1.000000
40.5958, 7.1890, -0.9476, 248.6012, 270.6012, -7.1890, 201.0210, 58.7053, 63.6411, 30.3815, 0.935838, -0.047365, 0.349234, 0.007189, -0.000259, 0.990835, 0.135077, -0.000948, -0.352431, -0.126501, 0.927249, 0.248601, 0.000000, 0.000000, 0.000000, 1.000000, -0.352431, -0.126501, 0.927249, 0.270601, -0.935838, 0.047365, -0.349234, -0.007189, 0.000259, -0.990835, -0.135077, 0.201021, 0.000000, 0.000000, 0.000000, 1.000000, 0.999317, 0.016434, 0.033103, 0.058705, 0.032218, 0.051517, -0.998152, 0.063641, -0.018109, 0.998537, 0.050952, 0.030381, 0.000000, 0.000000, 0.000000, 1.000000
40.7333, 7.0625, -0.9549, 248.7260, 270.7260, -7.0625, 201.0283, 58.6976, 63.4239, 30.3710, 0.935893, -0.047600, 0.349054, 0.007063, -0.000577, 0.990621, 0.136635, -0.000955, -0.352284, -0.128077, 0.927088, 0.248726, 0.000000, 0.000000, 0.000000, 1.000000, -0.352284, -0.128077, 0.927088, 0.270726, -0.935893, 0.047600, -0.349054, -0.007063, 0.000577, -0.990621, -0.136635, 0.201028, 0.000000, 0.000000, 0.000000, 1.000000, 0.999389, 0.016845, 0.030622, 0.058698, 0.029689, 0.053056, -0.998150, 0.063424, -0.018438, 0.998449, 0.052524, 0.030371, 0.000000, 0.000000, 0.000000, 1.000000
40.9012, 6.9293, -0.9513, 248.7132, 270.7132, -6.9293, 201.0248, 58.7616, 63.3068, 30.3817, 0.934806, -0.047822, 0.351924, 0.006929, -0.000822, 0.990599, 0.136792, -0.000951, -0.355157, -0.128163, 0.925979, 0.248713, 0.000000, 0.000000, 0.000000, 1.000000, -0.355157, -0.128163, 0.925979, 0.270713, -0.934806, 0.047822, -0.351924, -0.006929, 0.000822, -0.990599, -0.136792, 0.201025, 0.000000, 0.000000, 0.000000, 1.000000, 0.999385, 0.016819, 0.030774, 0.058762, 0.029841, 0.053162, -0.998140, 0.063307, -0.018423, 0.998444, 0.052627, 0.030382, 0.000000, 0.000000, 0.000000, 1.000000
41.0550, 6.8008, -0.9525, 248.7905, 270.7905, -6.8008, 201.0259, 58.7845, 63.1184, 30.3809, 0.933734, -0.047547, 0.354796, 0.006801, -0.001390, 0.990650, 0.136418, -0.000952, -0.357965, -0.127871, 0.924938, 0.248791, 0.000000, 0.000000, 0.000000, 1.000000, -0.357965, -0.127871, 0.924938, 0.270791, -0.933734, 0.047547, -0.354796, -0.006801, 0.001390, -0.990650, -0.136418, 0.201026, 0.000000, 0.000000, 0.000000, 1.000000, 0.999368, 0.017124, 0.031142, 0.058785, 0.030200, 0.052747, -0.998151, 0.063118, -0.018735, 0.998461, 0.052197, 0.030381, 0.000000, 0.000000, 0.000000, 1.000000
41.1636, 6.6801, -0.9558, 248.7929, 270.7929, -6.6801, 201.0292, 58.7894, 63.0448, 30.3830, 0.932716, -0.048098, 0.357391, 0.006680, -0.001516, 0.990533, 0.137265, -0.000956, -0.360610, -0.128571, 0.923813, 0.248793, 0.000000, 0.000000, 0.000000, 1.000000, -0.360610, -0.128571, 0.923813, 0.270793, -0.932716, 0.048098, -0.357391, -0.006680, 0.001516, -0.990533, -0.137265, 0.201029, 0.000000, 0.000000, 0.000000, 1.000000, 0.999342, 0.016936, 0.032088, 0.058789, 0.031140, 0.053565, -0.998079, 0.063045, -0.018622, 0.998421, 0.053002, 0.030383, 0.000000, 0.000000, 0.000000, 1.000000
41.3288, 6.5311, -0.9550, 248.9696, 270.9696, -6.5311, 201.0284, 58.7713, 62.7586, 30.3779, 0.932314, -0.047530, 0.358513, 0.006531, -0.002034, 0.990621, 0.136622, -0.000955, -0.361644, -0.128104, 0.923473, 0.248970, 0.000000, 0.000000, 0.000000, 1.000000, -0.361644, -0.128104, 0.923473, 0.270970, -0.932314, 0.047530, -0.358513, -0.006531, 0.002034, -0.990621, -0.136622, 0.201028, 0.000000, 0.000000, 0.000000, 1.000000, 0.999386, 0.017470, 0.030368, 0.058771, 0.029406, 0.052880, -0.998168, 0.062759, -0.019043, 0.998448, 0.052334, 0.030378, 0.000000, 0.000000, 0.000000, 1.000000
41.5068, 6.3949, -0.9439, 249.0015, 271.0015, -6.3949, 201.0173, 58.8272, 62.5906, 30.3930, 0.930920, -0.047294, 0.362147, 0.006395, -0.002011, 0.990901, 0.134576, -0.000944, -0.365217, -0.126008, 0.922355, 0.249002, 0.000000, 0.000000, 0.000000, 1.000000, -0.365217, -0.126008, 0.922355, 0.271002, -0.930920, 0.047294, -0.362147, -0.006395, 0.002011, -0.990901, -0.134576, 0.201017, 0.000000, 0.000000, 0.000000, 1.000000, 0.999371, 0.017152, 0.031026, 0.058827, 0.030120, 0.050757, -0.998257, 0.062591, -0.018696, 0.998564, 0.050208, 0.030393, 0.000000, 0.000000, 0.000000, 1.000000
41.6382, 6.2637, -0.9618, 249.0478, 271.0478, -6.2637, 201.0352, 58.8312, 62.4580, 30.3779, 0.930821, -0.047728, 0.362346, 0.006264, -0.002337, 0.990639, 0.136490, -0.000962, -0.365468, -0.127895, 0.921996, 0.249048, 0.000000, 0.000000, 0.000000, 1.000000, -0.365468, -0.127895, 0.921996, 0.271048, -0.930821, 0.047728, -0.362346, -0.006264, 0.002337, -0.990639, -0.136490, 0.201035, 0.000000, 0.000000, 0.000000, 1.000000, 0.999424, 0.017498, 0.029081, 0.058831, 0.028124, 0.052655, -0.998217, 0.062458, -0.018998, 0.998459, 0.052132, 0.030378, 0.000000, 0.000000, 0.000000, 1.000000
41.8025, 6.1193, -0.9501, 249.0752, 271.0752, -6.1193, 201.0235, 58.8653, 62.3115, 30.3942, 0.929329, -0.047506, 0.366184, 0.006119, -0.002954, 0.990701, 0.136023, -0.000950, -0.369241, -0.127491, 0.920547, 0.249075, 0.000000, 0.000000, 0.000000, 1.000000, -0.369241, -0.127491, 0.920547, 0.271075, -0.929329, 0.047506, -0.366184, -0.006119, 0.002954, -0.990701, -0.136023, 0.201024, 0.000000, 0.000000, 0.000000, 1.000000, 0.999383, 0.017720, 0.030310, 0.058865, 0.029350, 0.052146, -0.998208, 0.062312, -0.019269, 0.998482, 0.051593, 0.030394, 0.000000, 0.000000, 0.000000, 1.000000
41.9392, 6.0012, -0.9464, 249.1411, 271.1411, -6.0012, 201.0199, 58.8803, 62.1495, 30.3986, 0.928387, -0.047900, 0.368515, 0.006001, -0.003495, 0.990489, 0.137550, -0.000946, -0.371599, -0.128987, 0.919389, 0.249141, 0.000000, 0.000000, 0.000000, 1.000000, -0.371599, -0.128987, 0.919389, 0.271141, -0.928387, 0.047900, -0.368515, -0.006001, 0.003495, -0.990489, -0.137550, 0.201020, 0.000000, 0.000000, 0.000000, 1.000000, 0.999372, 0.017989, 0.030545, 0.058880, 0.029541, 0.053656, -0.998122, 0.062150, -0.019594, 0.998397, 0.053091, 0.030399, 0.000000, 0.000000, 0.000000, 1.000000
42.1075, 5.8612, -0.9544, 249.1948, 271.1948, -5.8612, 201.0279, 58.9125, 61.9752, 30.3932, 0.927362, -0.047977, 0.371076, 0.005861, -0.003882, 0.990458, 0.137759, -0.000954, -0.374145, -0.129192, 0.918327, 0.249195, 0.000000, 0.000000, 0.000000, 1.000000, -0.374145, -0.129192, 0.918327, 0.271195, -0.927362, 0.047977, -0.371076, -0.005861, 0.003882, -0.990458, -0.137759, 0.201028, 0.000000, 0.000000, 0.000000, 1.000000, 0.999374, 0.018144, 0.030387, 0.058913, 0.029371, 0.053824, -0.998118, 0.061975, -0.019746, 0.998386, 0.053257, 0.030393, 0.000000, 0.000000, 0.000000, 1.000000
42.2666, 5.7258, -0.9427, 249.2972, 271.2972, -5.7258, 201.0162, 58.9219, 61.7619, 30.4037, 0.926980, -0.047327, 0.372113, 0.005726, -0.004446, 0.990553, 0.137059, -0.000943, -0.375085, -0.128706, 0.918012, 0.249297, 0.000000, 0.000000, 0.000000, 1.000000, -0.375085, -0.128706, 0.918012, 0.271297, -0.926980, 0.047327, -0.372113, -0.005726, 0.004446, -0.990553, -0.137059, 0.201016, 0.000000, 0.000000, 0.000000, 1.000000, 0.999413, 0.018733, 0.028684, 0.058922, 0.027655, 0.053084, -0.998207, 0.061762, -0.020222, 0.998414, 0.052535, 0.030404, 0.000000, 0.000000, 0.000000, 1.000000
42.3875, 5.6107, -0.9487, 249.3406, 271.3406, -5.6107, 201.0222, 58.9290, 61.6379, 30.3999, 0.926036, -0.047645, 0.374415, 0.005611, -0.004664, 0.990480, 0.137575, -0.000949, -0.377405, -0.129146, 0.916999, 0.249341, 0.000000, 0.000000, 0.000000, 1.000000, -0.377405, -0.129146, 0.916999, 0.271341, -0.926036, 0.047645, -0.374415, -0.005611, 0.004664, -0.990480, -0.137575, 0.201022, 0.000000, 0.000000, 0.000000, 1.000000, 0.999402, 0.018702, 0.029099, 0.058929, 0.028060, 0.053573, -0.998170, 0.061638, -0.020226, 0.998389, 0.053016, 0.030400, 0.000000, 0.000000, 0.000000, 1.000000
42.5241, 5.4587, -0.9500, 249.3430, 271.3430, -5.4587, 201.0235, 58.9329, 61.5485, 30.4055, 0.924513, -0.047668, 0.378157, 0.005459, -0.005138, 0.990500, 0.137415, -0.000950, -0.381115, -0.128985, 0.915486, 0.249343, 0.000000, 0.000000, 0.000000, 1.000000, -0.381115, -0.128985, 0.915486, 0.271343, -0.924513, 0.047668, -0.378157, -0.005459, 0.005138, -0.990500, -0.137415, 0.201023, 0.000000, 0.000000, 0.000000, 1.000000, 0.999351, 0.018752, 0.030750, 0.058933, 0.029711, 0.053384, -0.998132, 0.061549, -0.020358, 0.998398, 0.052793, 0.030405, 0.000000, 0.000000, 0.000000, 1.000000
42.6753, 5.3517, -0.9633, 249.4458, 271.4458, -5.3517, 201.0367, 58.9581, 61.3363, 30.3898, 0.924313, -0.047789, 0.378631, 0.005352, -0.005274, 0.990434, 0.137884, -0.000963, -0.381599, -0.129445, 0.915219, 0.249446, 0.000000, 0.000000, 0.000000, 1.000000, -0.381599, -0.129445, 0.915219, 0.271446, -0.924313, 0.047789, -0.378631, -0.005352, 0.005274, -0.990434, -0.137884, 0.201037, 0.000000, 0.000000, 0.000000, 1.000000, 0.999410, 0.018942, 0.028662, 0.058958, 0.027607, 0.053812, -0.998169, 0.061336, -0.020450, 0.998371, 0.053257, 0.030390, 0.000000, 0.000000, 0.000000, 1.000000
42.8295, 5.2226, -0.9653, 249.4825, 271.4825, -5.2226, 201.0387, 58.9894, 61.1895, 30.3911, 0.923183, -0.047387, 0.381429, 0.005223, -0.005721, 0.990567, 0.136910, -0.000965, -0.384319, -0.128575, 0.914203, 0.249483, 0.000000, 0.000000, 0.000000, 1.000000, -0.384319, -0.128575, 0.914203, 0.271483, -0.923183, 0.047387, -0.381429, -0.005223, 0.005721, -0.990567, -0.136910, 0.201039, 0.000000, 0.000000, 0.000000, 1.000000, 0.999398, 0.019151, 0.028934, 0.058989, 0.027888, 0.052797, -0.998216, 0.061189, -0.020644, 0.998422, 0.052231, 0.030391, 0.000000, 0.000000, 0.000000, 1.000000
42.9649, 5.0895, -0.9683, 249.5173, 271.5173, -5.0895, 201.0418, 58.9971, 61.0657, 30.3917, 0.922026, -0.048022, 0.384138, 0.005089, -0.005901, 0.990418, 0.137978, -0.000968, -0.387083, -0.129486, 0.912908, 0.249517, 0.000000, 0.000000, 0.000000, 1.000000, -0.387083, -0.129486, 0.912908, 0.271517, -0.922026, 0.048022, -0.384138, -0.005089, 0.005901, -0.990418, -0.137978, 0.201042, 0.000000, 0.000000, 0.000000, 1.000000, 0.999381, 0.019011, 0.029587, 0.058997, 0.028527, 0.053838, -0.998142, 0.061066, -0.020569, 0.998369, 0.053263, 0.030392, 0.000000, 0.000000, 0.000000, 1.000000
43.1301, 4.9621, -0.9636, 249.4895, 271.4895, -4.9621, 201.0370, 59.0646, 60.9669, 30.4044, 0.920660, -0.047663, 0.387445, 0.004962, -0.006457, 0.990523, 0.137195, -0.000964, -0.390312, -0.128811, 0.911627, 0.249490, 0.000000, 0.000000, 0.000000, 1.000000, -0.390312, -0.128811, 0.911627, 0.271490, -0.920660, 0.047663, -0.387445, -0.004962, 0.006457, -0.990523, -0.137195, 0.201037, 0.000000, 0.000000, 0.000000, 1.000000, 0.999357, 0.019257, 0.030241, 0.059065, 0.029184, 0.053018, -0.998167, 0.060967, -0.020825, 0.998408, 0.052422, 0.030404, 0.000000, 0.000000, 0.000000, 1.000000
43.3006, 4.8133, -0.9514, 249.6127, 271.6127, -4.8133, 201.0249, 59.0623, 60.7300, 30.4145, 0.919941, -0.047226, 0.389203, 0.004813, -0.007163, 0.990528, 0.137124, -0.000951, -0.391992, -0.128934, 0.910889, 0.249613, 0.000000, 0.000000, 0.000000, 1.000000, -0.391992, -0.128934, 0.910889, 0.271613, -0.919941, 0.047226, -0.389203, -0.004813, 0.007163, -0.990528, -0.137124, 0.201025, 0.000000, 0.000000, 0.000000, 1.000000, 0.999377, 0.019865, 0.029176, 0.059062, 0.028089, 0.052914, -0.998204, 0.060730, -0.021373, 0.998401, 0.052323, 0.030414, 0.000000, 0.000000, 0.000000, 1.000000
43.4408, 4.6824, -0.9588, 249.6146, 271.6146, -4.6824, 201.0323, 59.0883, 60.6323, 30.4130, 0.918788, -0.047600, 0.391870, 0.004682, -0.007150, 0.990534, 0.137083, -0.000959, -0.394685, -0.128752, 0.909751, 0.249615, 0.000000, 0.000000, 0.000000, 1.000000, -0.394685, -0.128752, 0.909751, 0.271615, -0.918788, 0.047600, -0.391870, -0.004682, 0.007150, -0.990534, -0.137083, 0.201032, 0.000000, 0.000000, 0.000000, 1.000000, 0.999369, 0.019580, 0.029631, 0.059088, 0.028561, 0.052834, -0.998195, 0.060632, -0.021111, 0.998411, 0.052242, 0.030413, 0.000000, 0.000000, 0.000000, 1.000000
43.5946, 4.5503, -0.9537, 249.6860, 271.6860, -4.5503, 201.0271, 59.1017, 60.4558, 30.4191, 0.917821, -0.047737, 0.394115, 0.004550, -0.007573, 0.990458, 0.137606, -0.000954, -0.396923, -0.129282, 0.908701, 0.249686, 0.000000, 0.000000, 0.000000, 1.000000, -0.396923, -0.129282, 0.908701, 0.271686, -0.917821, 0.047737, -0.394115, -0.004550, 0.007573, -0.990458, -0.137606, 0.201027, 0.000000, 0.000000, 0.000000, 1.000000, 0.999371, 0.019791, 0.029434, 0.059102, 0.028342, 0.053329, -0.998175, 0.060456, -0.021325, 0.998381, 0.052734, 0.030419, 0.000000, 0.000000, 0.000000, 1.000000
43.7313, 4.4147, -0.9537, 249.8132, 271.8132, -4.4147, 201.0272, 59.0725, 60.2475, 30.4161, 0.916989, -0.047502, 0.396073, 0.004415, -0.007876, 0.990535, 0.137033, -0.000954, -0.398834, -0.128777, 0.907936, 0.249813, 0.000000, 0.000000, 0.000000, 1.000000, -0.398834, -0.128777, 0.907936, 0.271813, -0.916989, 0.047502, -0.396073, -0.004415, 0.007876, -0.990535, -0.137033, 0.201027, 0.000000, 0.000000, 0.000000, 1.000000, 0.999376, 0.019948, 0.029146, 0.059072, 0.028060, 0.052721, -0.998215, 0.060248, -0.021449, 0.998410, 0.052128, 0.030416, 0.000000, 0.000000, 0.000000, 1.000000
43.8842, 4.2937, -0.9528, 249.7783, 271.7783, -4.2937, 201.0263, 59.1342, 60.1671, 30.4252, 0.915785, -0.047814, 0.398814, 0.004294, -0.008287, 0.990429, 0.137773, -0.000953, -0.401584, -0.129476, 0.906624, 0.249778, 0.000000, 0.000000, 0.000000, 1.000000, -0.401584, -0.129476, 0.906624, 0.271778, -0.915785, 0.047814, -0.398814, -0.004294, 0.008287, -0.990429, -0.137773, 0.201026, 0.000000, 0.000000, 0.000000, 1.000000, 0.999363, 0.020062, 0.029526, 0.059134, 0.028418, 0.053438, -0.998167, 0.060167, -0.021603, 0.998370, 0.052834, 0.030425, 0.000000, 0.000000, 0.000000, 1.000000
44.0600, 4.1696, -0.9539, 249.8315, 271.8315, -4.1696, 201.0274, 59.1835, 59.9833, 30.4259, 0.914608, -0.047642, 0.401525, 0.004170, -0.008739, 0.990473, 0.137429, -0.000954, -0.404247, -0.129203, 0.905478, 0.249831, 0.000000, 0.000000, 0.000000, 1.000000, -0.404247, -0.129203, 0.905478, 0.271831, -0.914608, 0.047642, -0.401525, -0.004170, 0.008739, -0.990473, -0.137429, 0.201027, 0.000000, 0.000000, 0.000000, 1.000000, 0.999362, 0.020281, 0.029401, 0.059183, 0.028290, 0.053056, -0.998191, 0.059983, -0.021805, 0.998386, 0.052448, 0.030426, 0.000000, 0.000000, 0.000000, 1.000000
44.1896, 4.0299, -0.9456, 249.9217, 271.9217, -4.0299, 201.0190, 59.1556, 59.8184, 30.4342, 0.913794, -0.047357, 0.403409, 0.004030, -0.008986, 0.990580, 0.136641, -0.000946, -0.406079, -0.128487, 0.904760, 0.249922, 0.000000, 0.000000, 0.000000, 1.000000, -0.406079, -0.128487, 0.904760, 0.271922, -0.913794, 0.047357, -0.403409, -0.004030, 0.008986, -0.990580, -0.136641, 0.201019, 0.000000, 0.000000, 0.000000, 1.000000, 0.999367, 0.020394, 0.029145, 0.059156, 0.028046, 0.052233, -0.998241, 0.059818, -0.021880, 0.998427, 0.051628, 0.030434, 0.000000, 0.000000, 0.000000, 1.000000
44.3430, 3.9103, -0.9402, 249.9803, 271.9803, -3.9103, 201.0137, 59.1827, 59.6512, 30.4408, 0.912669, -0.047304, 0.405953, 0.003910, -0.009204, 0.990649, 0.136127, -0.000940, -0.408596, -0.127975, 0.903699, 0.249980, 0.000000, 0.000000, 0.000000, 1.000000, -0.408596, -0.127975, 0.903699, 0.271980, -0.912669, 0.047304, -0.405953, -0.003910, 0.009204, -0.990649, -0.136127, 0.201014, 0.000000, 0.000000, 0.000000, 1.000000, 0.999365, 0.020386, 0.029222, 0.059183, 0.028136, 0.051682, -0.998267, 0.059651, -0.021861, 0.998456, 0.051075, 0.030441, 0.000000, 0.000000, 0.000000, 1.000000
44.4771, 3.7968, -0.9404, 250.0552, 272.0552, -3.7968, 201.0138, 59.1884, 59.4873, 30.4405, 0.911410, -0.047137, 0.408791, 0.003797, -0.009483, 0.990748, 0.135385, -0.000940, -0.411390, -0.127268, 0.902530, 0.250055, 0.000000, 0.000000, 0.000000, 1.000000, -0.411390, -0.127268, 0.902530, 0.272055, -0.911410, 0.047137, -0.408791, -0.003797, 0.009483, -0.990748, -0.135385, 0.201014, 0.000000, 0.000000, 0.000000, 1.000000, 0.999344, 0.020389, 0.029944, 0.059188, 0.028874, 0.050911, -0.998286, 0.059487, -0.021878, 0.998495, 0.050289, 0.030441, 0.000000, 0.000000, 0.000000, 1.000000
44.6317, 3.6535, -0.9474, 250.0542, 272.0542, -3.6535, 201.0208, 59.2172, 59.3843, 30.4403, 0.910701, -0.047920, 0.410278, 0.003654, -0.009805, 0.990460, 0.137449, -0.000947, -0.412950, -0.129197, 0.901543, 0.250054, 0.000000, 0.000000, 0.000000, 1.000000, -0.412950, -0.129197, 0.901543, 0.272054, -0.910701, 0.047920, -0.410278, -0.003654, 0.009805, -0.990460, -0.137449, 0.201021, 0.000000, 0.000000, 0.000000, 1.000000, 0.999367, 0.020552, 0.029032, 0.059217, 0.027910, 0.052955, -0.998207, 0.059384, -0.022052, 0.998385, 0.052347, 0.030440, 0.000000, 0.000000, 0.000000, 1.000000
44.7662, 3.5248, -0.9414, 250.1330, 272.1330, -3.5248, 201.0148, 59.2071, 59.2224, 30.4465, 0.909975, -0.047520, 0.411930, 0.003525, -0.010122, 0.990570, 0.136632, -0.000941, -0.414539, -0.128501, 0.900913, 0.250133, 0.000000, 0.000000, 0.000000, 1.000000, -0.414539, -0.128501, 0.900913, 0.272133, -0.909975, 0.047520, -0.411930, -0.003525, 0.010122, -0.990570, -0.136632, 0.201015, 0.000000, 0.000000, 0.000000, 1.000000, 0.999379, 0.020773, 0.028445, 0.059207, 0.027330, 0.052103, -0.998268, 0.059222, -0.022219, 0.998426, 0.051503, 0.030447, 0.000000, 0.000000, 0.000000, 1.000000
44.8664, 3.4079, -0.9521, 250.1842, 272.1842, -3.4079, 201.0256, 59.1829, 59.1184, 30.4375, 0.908818, -0.047781, 0.414447, 0.003408, -0.010591, 0.990457, 0.137413, -0.000952, -0.417057, -0.129272, 0.899640, 0.250184, 0.000000, 0.000000, 0.000000, 1.000000, -0.417057, -0.129272, 0.899640, 0.272184, -0.908818, 0.047781, -0.414447, -0.003408, 0.010591, -0.990457, -0.137413, 0.201026, 0.000000, 0.000000, 0.000000, 1.000000, 0.999345, 0.020926, 0.029524, 0.059183, 0.028383, 0.052885, -0.998197, 0.059118, -0.022449, 0.998381, 0.052256, 0.030437, 0.000000, 0.000000, 0.000000, 1.000000
44.9244, 3.2825, -0.9361, 250.2337, 272.2337, -3.2825, 201.0096, 59.1082, 59.0607, 30.4557, 0.907630, -0.047891, 0.417031, 0.003283, -0.010885, 0.990452, 0.137431, -0.000936, -0.419631, -0.129276, 0.898442, 0.250234, 0.000000, 0.000000, 0.000000, 1.000000, -0.419631, -0.129276, 0.898442, 0.272234, -0.907630, 0.047891, -0.417031, -0.003283, 0.010885, -0.990452, -0.137431, 0.201010, 0.000000, 0.000000, 0.000000, 1.000000, 0.999290, 0.020880, 0.031361, 0.059108, 0.030219, 0.052910, -0.998142, 0.059061, -0.022501, 0.998381, 0.052242, 0.030456, 0.000000, 0.000000, 0.000000, 1.000000
44.9561, 3.2189, -0.9398, 250.2864, 272.2864, -3.2189, 201.0132, 59.0616, 59.0051, 30.4512, 0.907155, -0.047468, 0.418110, 0.003219, -0.011229, 0.990532, 0.136819, -0.000940, -0.420646, -0.128811, 0.898034, 0.250286, 0.000000, 0.000000, 0.000000, 1.000000, -0.420646, -0.128811, 0.898034, 0.272286, -0.907155, 0.047468, -0.418110, -0.003219, 0.011229, -0.990532, -0.136819, 0.201013, 0.000000, 0.000000, 0.000000, 1.000000, 0.999266, 0.021115, 0.031954, 0.059062, 0.030813, 0.052301, -0.998156, 0.059005, -0.022747, 0.998408, 0.051612, 0.030451, 0.000000, 0.000000, 0.000000, 1.000000
44.9688, 3.1787, -0.9308, 250.3611, 272.3611, -3.1787, 201.0043, 59.0084, 58.9385, 30.4565, 0.907131, -0.046945, 0.418223, 0.003179, -0.011521, 0.990616, 0.136185, -0.000931, -0.420692, -0.128356, 0.898078, 0.250361, 0.000000, 0.000000, 0.000000, 1.000000, -0.420692, -0.128356, 0.898078, 0.272361, -0.907131, 0.046945, -0.418223, -0.003179, 0.011521, -0.990616, -0.136185, 0.201004, 0.000000, 0.000000, 0.000000, 1.000000, 0.999264, 0.021428, 0.031809, 0.059008, 0.030667, 0.051667, -0.998193, 0.058939, -0.023033, 0.998434, 0.050971, 0.030456, 0.000000, 0.000000, 0.000000, 1.000000
44.9771, 3.1588, -0.9335, 250.3946, 272.3946, -3.1588, 201.0070, 58.9855, 58.9073, 30.4523, 0.907152, -0.046888, 0.418183, 0.003159, -0.011776, 0.990555, 0.136608, -0.000934, -0.420639, -0.128849, 0.898032, 0.250395, 0.000000, 0.000000, 0.000000, 1.000000, -0.420639, -0.128849, 0.898032, 0.272395, -0.907152, 0.046888, -0.418183, -0.003159, 0.011776, -0.990555, -0.136608, 0.201007, 0.000000, 0.000000, 0.000000, 1.000000, 0.999264, 0.021683, 0.031651, 0.058985, 0.030486, 0.052098, -0.998177, 0.058907, -0.023292, 0.998407, 0.051398, 0.030452, 0.000000, 0.000000, 0.000000, 1.000000
44.9824, 3.1504, -0.9290, 250.4429, 272.4429, -3.1504, 201.0025, 58.9641, 58.8606, 30.4537, 0.907240, -0.046729, 0.418009, 0.003150, -0.011637, 0.990641, 0.136000, -0.000929, -0.420452, -0.128249, 0.898205, 0.250443, 0.000000, 0.000000, 0.000000, 1.000000, -0.420452, -0.128249, 0.898205, 0.272443, -0.907240, 0.046729, -0.418009, -0.003150, 0.011637, -0.990641, -0.136000, 0.201002, 0.000000, 0.000000, 0.000000, 1.000000, 0.999276, 0.021597, 0.031322, 0.058964, 0.030176, 0.051476, -0.998218, 0.058861, -0.023171, 0.998441, 0.050787, 0.030454, 0.000000, 0.000000, 0.000000, 1.000000
44.9864, 3.1348, -0.9250, 250.4255, 272.4255, -3.1348, 200.9985, 58.9607, 58.8781, 30.4597, 0.907085, -0.046640, 0.418356, 0.003135, -0.011642, 0.990683, 0.135687, -0.000925, -0.420787, -0.127950, 0.898091, 0.250426, 0.000000, 0.000000, 0.000000, 1.000000, -0.420787, -0.127950, 0.898091, 0.272426, -0.907085, 0.046640, -0.418356, -0.003135, 0.011642, -0.990683, -0.135687, 0.200998, 0.000000, 0.000000, 0.000000, 1.000000, 0.999268, 0.021566, 0.031613, 0.058961, 0.030475, 0.051163, -0.998225, 0.058878, -0.023145, 0.998457, 0.050468, 0.030460, 0.000000, 0.000000, 0.000000, 1.000000
44.9877, 3.1372, -0.9268, 250.4367, 272.4367, -3.1372, 201.0002, 58.9599, 58.8657, 30.4570, 0.907231, -0.046645, 0.418038, 0.003137, -0.011742, 0.990637, 0.136018, -0.000927, -0.420468, -0.128308, 0.898189, 0.250437, 0.000000, 0.000000, 0.000000, 1.000000, -0.420468, -0.128308, 0.898189, 0.272437, -0.907231, 0.046645, -0.418038, -0.003137, 0.011742, -0.990637, -0.136018, 0.201000, 0.000000, 0.000000, 0.000000, 1.000000, 0.999276, 0.021703, 0.031263, 0.058960, 0.030112, 0.051496, -0.998219, 0.058866, -0.023275, 0.998437, 0.050805, 0.030457, 0.000000, 0.000000, 0.000000, 1.000000
44.9886, 3.1312, -0.9241, 250.4258, 272.4258, -3.1312, 200.9975, 58.9596, 58.8769, 30.4608, 0.907177, -0.046758, 0.418142, 0.003131, -0.011833, 0.990577, 0.136442, -0.000924, -0.420582, -0.128725, 0.898076, 0.250426, 0.000000, 0.000000, 0.000000, 1.000000, -0.420582, -0.128725, 0.898076, 0.272426, -0.907177, 0.046758, -0.418142, -0.003131, 0.011833, -0.990577, -0.136442, 0.200998, 0.000000, 0.000000, 0.000000, 1.000000, 0.999270, 0.021764, 0.031395, 0.058960, 0.030230, 0.051927, -0.998193, 0.058877, -0.023354, 0.998414, 0.051231, 0.030461, 0.000000, 0.000000, 0.000000, 1.000000
44.9890, 3.1296, -0.9266, 250.4331, 272.4331, -3.1296, 201.0000, 58.9557, 58.8706, 30.4578, 0.907208, -0.046692, 0.418084, 0.003130, -0.011913, 0.990572, 0.136477, -0.000927, -0.420514, -0.128794, 0.898098, 0.250433, 0.000000, 0.000000, 0.000000, 1.000000, -0.420514, -0.128794, 0.898098, 0.272433, -0.907208, 0.046692, -0.418084, -0.003130, 0.011913, -0.990572, -0.136477, 0.201000, 0.000000, 0.000000, 0.000000, 1.000000, 0.999270, 0.021852, 0.031325, 0.058956, 0.030155, 0.051964, -0.998194, 0.058871, -0.023440, 0.998410, 0.051267, 0.030458, 0.000000, 0.000000, 0.000000, 1.000000
