# Joint_6_Angle(deg), Cam_X(mm), Cam_Y(mm), Cam_Z(mm), Torso_X(mm), Torso_Y(mm), Torso_Z(mm), EE_X(mm), EE_Y(mm), EE_Z(mm), T_cam2marker_flat(16), T_torso2marker_flat(16), T_ee2marker_flat(16)
0.0000, 65.7553, -4.7663, 225.0411, 247.0411, -65.7553, 204.8398, -2.1648, -103.2409, 16.7660, 0.913462, 0.055991, -0.403054, 0.065755, -0.075482, 0.996613, -0.032622, -0.004766, 0.399862, 0.060223, 0.914595, 0.225041, 0.000000, 0.000000, 0.000000, 1.000000, 0.399862, 0.060223, 0.914595, 0.247041, -0.913462, -0.055991, 0.403054, -0.065755, 0.075482, -0.996613, 0.032622, 0.204840, 0.000000, 0.000000, 0.000000, 1.000000, -0.997817, 0.032835, 0.057295, -0.002165, 0.056365, -0.028585, 0.998001, -0.103241, 0.034407, 0.999052, 0.026672, 0.016766, 0.000000, 0.000000, 0.000000, 1.000000
0.0189, 65.7488, -4.7573, 225.0465, 247.0465, -65.7488, 204.8307, -2.1937, -103.2334, 16.7750, 0.913455, 0.055927, -0.403078, 0.065749, -0.075370, 0.996625, -0.032522, -0.004757, 0.399899, 0.060088, 0.914588, 0.225046, 0.000000, 0.000000, 0.000000, 1.000000, 0.399899, 0.060088, 0.914588, 0.247046, -0.913455, -0.055927, 0.403078, -0.065749, 0.075370, -0.996625, 0.032522, 0.204831, 0.000000, 0.000000, 0.000000, 1.000000, -0.997793, 0.032933, 0.057660, -0.002194, 0.056723, -0.028700, 0.997977, -0.103233, 0.034521, 0.999045, 0.026768, 0.016775, 0.000000, 0.000000, 0.000000, 1.000000
0.1103, 65.7527, -4.7620, 225.0548, 247.0548, -65.7527, 204.8355, -2.3655, -103.2231, 16.7714, 0.913234, 0.055832, -0.403592, 0.065753, -0.075289, 0.996632, -0.032491, -0.004762, 0.400419, 0.060058, 0.914362, 0.225055, 0.000000, 0.000000, 0.000000, 1.000000, 0.400419, 0.060058, 0.914362, 0.247055, -0.913234, -0.055832, 0.403592, -0.065753, 0.075289, -0.996632, 0.032491, 0.204835, 0.000000, 0.000000, 0.000000, 1.000000, -0.997664, 0.032988, 0.059813, -0.002365, 0.058873, -0.028747, 0.997851, -0.103223, 0.034636, 0.999042, 0.026738, 0.016771, 0.000000, 0.000000, 0.000000, 1.000000
0.2382, 65.7602, -4.7585, 225.0490, 247.0490, -65.7602, 204.8320, -2.6005, -103.2258, 16.7749, 0.913508, 0.055952, -0.402954, 0.065760, -0.075504, 0.996606, -0.032787, -0.004759, 0.399752, 0.060376, 0.914633, 0.225049, 0.000000, 0.000000, 0.000000, 1.000000, 0.399752, 0.060376, 0.914633, 0.247049, -0.913508, -0.055952, 0.402954, -0.065760, 0.075504, -0.996606, 0.032787, 0.204832, 0.000000, 0.000000, 0.000000, 1.000000, -0.997582, 0.032700, 0.061320, -0.002600, 0.060395, -0.028564, 0.997766, -0.103226, 0.034379, 0.999057, 0.026520, 0.016775, 0.000000, 0.000000, 0.000000, 1.000000
0.3779, 65.7141, -4.7591, 225.0653, 247.0653, -65.7141, 204.8326, -2.8147, -103.1879, 16.7724, 0.914088, 0.056140, -0.401612, 0.065714, -0.075542, 0.996609, -0.032624, -0.004759, 0.398418, 0.060160, 0.915229, 0.225065, 0.000000, 0.000000, 0.000000, 1.000000, 0.398418, 0.060160, 0.915229, 0.247065, -0.914088, -0.056140, 0.401612, -0.065714, 0.075542, -0.996609, 0.032624, 0.204833, 0.000000, 0.000000, 0.000000, 1.000000, -0.997526, 0.032528, 0.062313, -0.002815, 0.061381, -0.028911, 0.997696, -0.103188, 0.034255, 0.999053, 0.026843, 0.016772, 0.000000, 0.000000, 0.000000, 1.000000
0.5063, 65.6389, -4.7518, 225.0171, 247.0171, -65.6389, 204.8253, -2.9585, -103.2011, 16.7691, 0.914384, 0.055943, -0.400964, 0.065639, -0.075265, 0.996631, -0.032589, -0.004752, 0.397790, 0.059977, 0.915514, 0.225017, 0.000000, 0.000000, 0.000000, 1.000000, 0.397790, 0.059977, 0.915514, 0.247017, -0.914384, -0.055943, 0.400964, -0.065639, 0.075265, -0.996631, 0.032589, 0.204825, 0.000000, 0.000000, 0.000000, 1.000000, -0.997423, 0.032711, 0.063849, -0.002958, 0.062906, -0.029088, 0.997595, -0.103201, 0.034490, 0.999041, 0.026955, 0.016769, 0.000000, 0.000000, 0.000000, 1.000000
0.6561, 65.5455, -4.7448, 225.0015, 247.0015, -65.5455, 204.8183, -3.1349, -103.1762, 16.7674, 0.915512, 0.055737, -0.398411, 0.065546, -0.075118, 0.996622, -0.033186, -0.004745, 0.395216, 0.060310, 0.916606, 0.225001, 0.000000, 0.000000, 0.000000, 1.000000, 0.395216, 0.060310, 0.916606, 0.247001, -0.915512, -0.055737, 0.398411, -0.065546, 0.075118, -0.996622, 0.033186, 0.204818, 0.000000, 0.000000, 0.000000, 1.000000, -0.997437, 0.032715, 0.063639, -0.003135, 0.062707, -0.028791, 0.997617, -0.103176, 0.034470, 0.999050, 0.026666, 0.016767, 0.000000, 0.000000, 0.000000, 1.000000
0.8222, 65.4419, -4.7327, 224.9644, 246.9644, -65.4419, 204.8062, -3.3233, -103.1672, 16.7677, 0.916481, 0.055545, -0.396204, 0.065442, -0.074813, 0.996640, -0.033332, -0.004733, 0.393021, 0.060190, 0.917557, 0.224964, 0.000000, 0.000000, 0.000000, 1.000000, 0.393021, 0.060190, 0.917557, 0.246964, -0.916481, -0.055545, 0.396204, -0.065442, 0.074813, -0.996640, 0.033332, 0.204806, 0.000000, 0.000000, 0.000000, 1.000000, -0.997401, 0.032854, 0.064131, -0.003323, 0.063190, -0.028934, 0.997582, -0.103167, 0.034630, 0.999041, 0.026783, 0.016768, 0.000000, 0.000000, 0.000000, 1.000000
0.9562, 65.3149, -4.7275, 224.8869, 246.8869, -65.3149, 204.8009, -3.4195, -103.1895, 16.7556, 0.917504, 0.055961, -0.393769, 0.065315, -0.075083, 0.996621, -0.033311, -0.004727, 0.390575, 0.060129, 0.918605, 0.224887, 0.000000, 0.000000, 0.000000, 1.000000, 0.390575, 0.060129, 0.918605, 0.246887, -0.917504, -0.055961, 0.393769, -0.065315, 0.075083, -0.996621, 0.033311, 0.204801, 0.000000, 0.000000, 0.000000, 1.000000, -0.997434, 0.032413, 0.063837, -0.003419, 0.062898, -0.029207, 0.997592, -0.103189, 0.034200, 0.999048, 0.027094, 0.016756, 0.000000, 0.000000, 0.000000, 1.000000
1.1307, 65.0457, -4.7051, 224.7637, 246.7637, -65.0457, 204.7785, -3.4382, -103.2061, 16.7451, 0.919376, 0.055720, -0.389415, 0.065046, -0.074886, 0.996606, -0.034198, -0.004705, 0.386187, 0.060603, 0.920427, 0.224764, 0.000000, 0.000000, 0.000000, 1.000000, 0.386187, 0.060603, 0.920427, 0.246764, -0.919376, -0.055720, 0.389415, -0.065046, 0.074886, -0.996606, 0.034198, 0.204779, 0.000000, 0.000000, 0.000000, 1.000000, -0.997544, 0.032395, 0.062096, -0.003438, 0.061172, -0.028779, 0.997712, -0.103206, 0.034108, 0.999061, 0.026726, 0.016745, 0.000000, 0.000000, 0.000000, 1.000000
1.2792, 64.9213, -4.7011, 224.7455, 246.7455, -64.9213, 204.7745, -3.5825, -103.1730, 16.7378, 0.920434, 0.055776, -0.386898, 0.064921, -0.074906, 0.996593, -0.034531, -0.004701, 0.383654, 0.060765, 0.921476, 0.224745, 0.000000, 0.000000, 0.000000, 1.000000, 0.383654, 0.060765, 0.921476, 0.246745, -0.920434, -0.055776, 0.386898, -0.064921, 0.074906, -0.996593, 0.034531, 0.204775, 0.000000, 0.000000, 0.000000, 1.000000, -0.997560, 0.032214, 0.061942, -0.003582, 0.061024, -0.028728, 0.997723, -0.103173, 0.033920, 0.999068, 0.026692, 0.016738, 0.000000, 0.000000, 0.000000, 1.000000
1.4572, 64.7861, -4.6761, 224.6813, 246.6813, -64.7861, 204.7495, -3.7524, -103.1791, 16.7459, 0.921249, 0.055791, -0.384951, 0.064786, -0.074657, 0.996622, -0.034227, -0.004676, 0.381741, 0.060271, 0.922302, 0.224681, 0.000000, 0.000000, 0.000000, 1.000000, 0.381741, 0.060271, 0.922302, 0.246681, -0.921249, -0.055791, 0.384951, -0.064786, 0.074657, -0.996622, 0.034227, 0.204750, 0.000000, 0.000000, 0.000000, 1.000000, -0.997493, 0.032272, 0.062975, -0.003752, 0.062036, -0.029300, 0.997644, -0.103179, 0.034041, 0.999050, 0.027225, 0.016746, 0.000000, 0.000000, 0.000000, 1.000000
1.5895, 64.6600, -4.6725, 224.6502, 246.6502, -64.6600, 204.7459, -3.8615, -103.1585, 16.7368, 0.922625, 0.055844, -0.381633, 0.064660, -0.074692, 0.996601, -0.034741, -0.004672, 0.378396, 0.060558, 0.923661, 0.224650, 0.000000, 0.000000, 0.000000, 1.000000, 0.378396, 0.060558, 0.923661, 0.246650, -0.922625, -0.055844, 0.381633, -0.064660, 0.074692, -0.996601, 0.034741, 0.204746, 0.000000, 0.000000, 0.000000, 1.000000, -0.997582, 0.032060, 0.061665, -0.003862, 0.060739, -0.029120, 0.997729, -0.103159, 0.033783, 0.999062, 0.027102, 0.016737, 0.000000, 0.000000, 0.000000, 1.000000
1.7587, 64.5237, -4.6559, 224.5392, 246.5392, -64.5237, 204.7294, -4.0008, -103.2085, 16.7318, 0.923414, 0.055439, -0.379781, 0.064524, -0.074333, 0.996610, -0.035255, -0.004656, 0.376539, 0.060785, 0.924404, 0.224539, 0.000000, 0.000000, 0.000000, 1.000000, 0.376539, 0.060785, 0.924404, 0.246539, -0.923414, -0.055439, 0.379781, -0.064524, 0.074333, -0.996610, 0.035255, 0.204729, 0.000000, 0.000000, 0.000000, 1.000000, -0.997518, 0.032286, 0.062576, -0.004001, 0.061652, -0.028869, 0.997680, -0.103209, 0.034017, 0.999062, 0.026807, 0.016732, 0.000000, 0.000000, 0.000000, 1.000000
1.9068, 64.3870, -4.6476, 224.4970, 246.4970, -64.3870, 204.7210, -4.1244, -103.1944, 16.7255, 0.924010, 0.055769, -0.378279, 0.064387, -0.074457, 0.996612, -0.034945, -0.004648, 0.375048, 0.060455, 0.925032, 0.224497, 0.000000, 0.000000, 0.000000, 1.000000, 0.375048, 0.060455, 0.925032, 0.246497, -0.924010, -0.055769, 0.378279, -0.064387, 0.074457, -0.996612, 0.034945, 0.204721, 0.000000, 0.000000, 0.000000, 1.000000, -0.997464, 0.032002, 0.063572, -0.004124, 0.062639, -0.029370, 0.997604, -0.103194, 0.033793, 0.999056, 0.027291, 0.016725, 0.000000, 0.000000, 0.000000, 1.000000
2.0571, 64.2710, -4.6494, 224.4914, 246.4914, -64.2710, 204.7229, -4.2840, -103.1514, 16.7142, 0.925198, 0.055858, -0.375351, 0.064271, -0.074338, 0.996621, -0.034923, -0.004649, 0.372132, 0.060213, 0.926225, 0.224491, 0.000000, 0.000000, 0.000000, 1.000000, 0.372132, 0.060213, 0.926225, 0.246491, -0.925198, -0.055858, 0.375351, -0.064271, 0.074338, -0.996621, 0.034923, 0.204723, 0.000000, 0.000000, 0.000000, 1.000000, -0.997500, 0.031918, 0.063054, -0.004284, 0.062111, -0.029712, 0.997627, -0.103151, 0.033716, 0.999049, 0.027655, 0.016714, 0.000000, 0.000000, 0.000000, 1.000000
2.1801, 64.1295, -4.6338, 224.3967, 246.3967, -64.1295, 204.7073, -4.3409, -103.1878, 16.7095, 0.926183, 0.055647, -0.372946, 0.064130, -0.074351, 0.996584, -0.035947, -0.004634, 0.369672, 0.061022, 0.927156, 0.224397, 0.000000, 0.000000, 0.000000, 1.000000, 0.369672, 0.061022, 0.927156, 0.246397, -0.926183, -0.055647, 0.372946, -0.064130, 0.074351, -0.996584, 0.035947, 0.204707, 0.000000, 0.000000, 0.000000, 1.000000, -0.997536, 0.031800, 0.062529, -0.004341, 0.061616, -0.028946, 0.997680, -0.103188, 0.033536, 0.999075, 0.026915, 0.016710, 0.000000, 0.000000, 0.000000, 1.000000
2.3177, 64.0071, -4.6261, 224.3239, 246.3239, -64.0071, 204.6996, -4.4496, -103.2081, 16.7007, 0.927111, 0.055850, -0.370603, 0.064007, -0.074397, 0.996581, -0.035929, -0.004626, 0.367329, 0.060882, 0.928096, 0.224324, 0.000000, 0.000000, 0.000000, 1.000000, 0.367329, 0.060882, 0.928096, 0.246324, -0.927111, -0.055850, 0.370603, -0.064007, 0.074397, -0.996581, 0.035929, 0.204700, 0.000000, 0.000000, 0.000000, 1.000000, -0.997550, 0.031581, 0.062420, -0.004450, 0.061503, -0.029218, 0.997679, -0.103208, 0.033331, 0.999074, 0.027204, 0.016701, 0.000000, 0.000000, 0.000000, 1.000000
2.4882, 63.8846, -4.6156, 224.3057, 246.3057, -63.8846, 204.6891, -4.6341, -103.1742, 16.6999, 0.928354, 0.056048, -0.367448, 0.063885, -0.074450, 0.996572, -0.036087, -0.004616, 0.364165, 0.060858, 0.929344, 0.224306, 0.000000, 0.000000, 0.000000, 1.000000, 0.364165, 0.060858, 0.929344, 0.246306, -0.928354, -0.056048, 0.367448, -0.063885, 0.074450, -0.996572, 0.036087, 0.204689, 0.000000, 0.000000, 0.000000, 1.000000, -0.997584, 0.031313, 0.062006, -0.004634, 0.061090, -0.029396, 0.997699, -0.103174, 0.033063, 0.999077, 0.027412, 0.016700, 0.000000, 0.000000, 0.000000, 1.000000
2.6328, 63.7771, -4.6005, 224.3273, 246.3273, -63.7771, 204.6740, -4.7975, -103.1095, 16.7087, 0.929745, 0.055877, -0.363939, 0.063777, -0.074249, 0.996565, -0.036675, -0.004601, 0.360640, 0.061121, 0.930700, 0.224327, 0.000000, 0.000000, 0.000000, 1.000000, 0.360640, 0.061121, 0.930700, 0.246327, -0.929745, -0.055877, 0.363939, -0.063777, 0.074249, -0.996565, 0.036675, 0.204674, 0.000000, 0.000000, 0.000000, 1.000000, -0.997663, 0.031320, 0.060728, -0.004797, 0.059819, -0.029173, 0.997783, -0.103109, 0.033023, 0.999084, 0.027231, 0.016709, 0.000000, 0.000000, 0.000000, 1.000000
2.7677, 63.6293, -4.5846, 224.2765, 246.2765, -63.6293, 204.6581, -4.8832, -103.1019, 16.7082, 0.930235, 0.055957, -0.362672, 0.063629, -0.074413, 0.996537, -0.037111, -0.004585, 0.359339, 0.061509, 0.931178, 0.224276, 0.000000, 0.000000, 0.000000, 1.000000, 0.359339, 0.061509, 0.931178, 0.246276, -0.930235, -0.055957, 0.362672, -0.063629, 0.074413, -0.996537, 0.037111, 0.204658, 0.000000, 0.000000, 0.000000, 1.000000, -0.997612, 0.031057, 0.061687, -0.004883, 0.060795, -0.028900, 0.997732, -0.103102, 0.032769, 0.999100, 0.026943, 0.016708, 0.000000, 0.000000, 0.000000, 1.000000
2.9312, 63.4953, -4.5690, 224.2052, 246.2052, -63.4953, 204.6425, -5.0274, -103.1156, 16.7064, 0.930993, 0.056027, -0.360712, 0.063495, -0.074178, 0.996571, -0.036661, -0.004569, 0.357421, 0.060888, 0.931956, 0.224205, 0.000000, 0.000000, 0.000000, 1.000000, 0.357421, 0.060888, 0.931956, 0.246205, -0.930993, -0.056027, 0.360712, -0.063495, 0.074178, -0.996571, 0.036661, 0.204642, 0.000000, 0.000000, 0.000000, 1.000000, -0.997561, 0.031095, 0.062488, -0.005027, 0.061572, -0.029602, 0.997664, -0.103116, 0.032872, 0.999078, 0.027615, 0.016706, 0.000000, 0.000000, 0.000000, 1.000000
3.0577, 63.3549, -4.5630, 224.1360, 246.1360, -63.3549, 204.6364, -5.1008, -103.1280, 16.6949, 0.932102, 0.055864, -0.357863, 0.063355, -0.074064, 0.996554, -0.037344, -0.004563, 0.354543, 0.061313, 0.933027, 0.224136, 0.000000, 0.000000, 0.000000, 1.000000, 0.354543, 0.061313, 0.933027, 0.246136, -0.932102, -0.055864, 0.357863, -0.063355, 0.074064, -0.996554, 0.037344, 0.204636, 0.000000, 0.000000, 0.000000, 1.000000, -0.997618, 0.031058, 0.061599, -0.005101, 0.060696, -0.029216, 0.997729, -0.103128, 0.032787, 0.999091, 0.027261, 0.016695, 0.000000, 0.000000, 0.000000, 1.000000
3.2199, 63.2437, -4.5462, 224.1444, 246.1444, -63.2437, 204.6197, -5.2876, -103.0731, 16.7038, 0.933346, 0.055847, -0.354606, 0.063244, -0.073687, 0.996595, -0.036994, -0.004546, 0.351333, 0.060658, 0.934284, 0.224144, 0.000000, 0.000000, 0.000000, 1.000000, 0.351333, 0.060658, 0.934284, 0.246144, -0.933346, -0.055847, 0.354606, -0.063244, 0.073687, -0.996595, 0.036994, 0.204620, 0.000000, 0.000000, 0.000000, 1.000000, -0.997651, 0.031186, 0.060995, -0.005288, 0.060066, -0.029926, 0.997746, -0.103073, 0.032941, 0.999065, 0.027982, 0.016704, 0.000000, 0.000000, 0.000000, 1.000000
3.3737, 63.0882, -4.5310, 223.9934, 245.9934, -63.0882, 204.6045, -5.3711, -103.1572, 16.6921, 0.933875, 0.055770, -0.353224, 0.063088, -0.073698, 0.996575, -0.037498, -0.004531, 0.349923, 0.061050, 0.934787, 0.223993, 0.000000, 0.000000, 0.000000, 1.000000, 0.349923, 0.061050, 0.934787, 0.245993, -0.933875, -0.055770, 0.353224, -0.063088, 0.073698, -0.996575, 0.037498, 0.204604, 0.000000, 0.000000, 0.000000, 1.000000, -0.997583, 0.031064, 0.062161, -0.005371, 0.061245, -0.029611, 0.997683, -0.103157, 0.032832, 0.999079, 0.027637, 0.016692, 0.000000, 0.000000, 0.000000, 1.000000
3.5341, 62.9594, -4.5262, 223.9731, 245.9731, -62.9594, 204.5996, -5.5308, -103.1236, 16.6850, 0.934548, 0.055734, -0.351445, 0.062959, -0.073636, 0.996570, -0.037769, -0.004526, 0.348134, 0.061176, 0.935446, 0.223973, 0.000000, 0.000000, 0.000000, 1.000000, 0.348134, 0.061176, 0.935446, 0.245973, -0.934548, -0.055734, 0.351445, -0.062959, 0.073636, -0.996570, 0.037769, 0.204600, 0.000000, 0.000000, 0.000000, 1.000000, -0.997530, 0.030978, 0.063042, -0.005531, 0.062130, -0.029567, 0.997630, -0.103124, 0.032769, 0.999083, 0.027569, 0.016685, 0.000000, 0.000000, 0.000000, 1.000000
3.6690, 62.8358, -4.5172, 223.9726, 245.9726, -62.8358, 204.5907, -5.6547, -103.0754, 16.6844, 0.935816, 0.056041, -0.348006, 0.062836, -0.073685, 0.996570, -0.037662, -0.004517, 0.344702, 0.060888, 0.936736, 0.223973, 0.000000, 0.000000, 0.000000, 1.000000, 0.344702, 0.060888, 0.936736, 0.245973, -0.935816, -0.056041, 0.348006, -0.062836, 0.073685, -0.996570, 0.037662, 0.204591, 0.000000, 0.000000, 0.000000, 1.000000, -0.997619, 0.030697, 0.061757, -0.005655, 0.060838, -0.030004, 0.997697, -0.103075, 0.032480, 0.999078, 0.028065, 0.016684, 0.000000, 0.000000, 0.000000, 1.000000
3.8333, 62.7006, -4.5077, 223.8825, 245.8825, -62.7006, 204.5811, -5.7951, -103.1063, 16.6747, 0.936592, 0.055680, -0.345969, 0.062701, -0.073486, 0.996551, -0.038554, -0.004508, 0.342629, 0.061533, 0.937453, 0.223883, 0.000000, 0.000000, 0.000000, 1.000000, 0.342629, 0.061533, 0.937453, 0.245883, -0.936592, -0.055680, 0.345969, -0.062701, 0.073486, -0.996551, 0.038554, 0.204581, 0.000000, 0.000000, 0.000000, 1.000000, -0.997578, 0.030772, 0.062383, -0.005795, 0.061483, -0.029371, 0.997676, -0.103106, 0.032533, 0.999095, 0.027408, 0.016675, 0.000000, 0.000000, 0.000000, 1.000000
3.9656, 62.5890, -4.5010, 223.8516, 245.8516, -62.5890, 204.5744, -5.9172, -103.0906, 16.6697, 0.937669, 0.055710, -0.343036, 0.062589, -0.073359, 0.996555, -0.038676, -0.004501, 0.339700, 0.061430, 0.938526, 0.223852, 0.000000, 0.000000, 0.000000, 1.000000, 0.339700, 0.061430, 0.938526, 0.245852, -0.937669, -0.055710, 0.343036, -0.062589, 0.073359, -0.996555, 0.038676, 0.204574, 0.000000, 0.000000, 0.000000, 1.000000, -0.997630, 0.030705, 0.061573, -0.005917, 0.060669, -0.029549, 0.997720, -0.103091, 0.032454, 0.999092, 0.027616, 0.016670, 0.000000, 0.000000, 0.000000, 1.000000
4.1383, 62.4685, -4.4926, 223.8354, 245.8354, -62.4685, 204.5660, -6.1074, -103.0542, 16.6672, 0.938895, 0.056029, -0.339612, 0.062468, -0.073422, 0.996555, -0.038574, -0.004493, 0.336280, 0.061152, 0.939774, 0.223835, 0.000000, 0.000000, 0.000000, 1.000000, 0.336280, 0.061152, 0.939774, 0.245835, -0.938895, -0.056029, 0.339612, -0.062468, 0.073422, -0.996555, 0.038574, 0.204566, 0.000000, 0.000000, 0.000000, 1.000000, -0.997677, 0.030388, 0.060973, -0.006107, 0.060063, -0.029997, 0.997744, -0.103054, 0.032149, 0.999088, 0.028102, 0.016667, 0.000000, 0.000000, 0.000000, 1.000000
4.2543, 62.2855, -4.4733, 223.7085, 245.7085, -62.2855, 204.5468, -6.1043, -103.1127, 16.6598, 0.939254, 0.055729, -0.338669, 0.062286, -0.073049, 0.996581, -0.038602, -0.004473, 0.335360, 0.060996, 0.940114, 0.223709, 0.000000, 0.000000, 0.000000, 1.000000, 0.335360, 0.060996, 0.940114, 0.245709, -0.939254, -0.055729, 0.338669, -0.062286, 0.073049, -0.996581, 0.038602, 0.204547, 0.000000, 0.000000, 0.000000, 1.000000, -0.997605, 0.030660, 0.061995, -0.006104, 0.061074, -0.030125, 0.997679, -0.103113, 0.032456, 0.999076, 0.028181, 0.016660, 0.000000, 0.000000, 0.000000, 1.000000
4.4530, 62.1615, -4.4671, 223.6634, 245.6634, -62.1615, 204.5406, -6.3302, -103.1000, 16.6521, 0.939997, 0.055518, -0.336636, 0.062161, -0.072783, 0.996590, -0.038877, -0.004467, 0.333330, 0.061046, 0.940832, 0.223663, 0.000000, 0.000000, 0.000000, 1.000000, 0.333330, 0.061046, 0.940832, 0.245663, -0.939997, -0.055518, 0.336636, -0.062161, 0.072783, -0.996590, 0.038877, 0.204541, 0.000000, 0.000000, 0.000000, 1.000000, -0.997522, 0.030744, 0.063286, -0.006330, 0.062362, -0.030126, 0.997599, -0.103100, 0.032577, 0.999073, 0.028134, 0.016652, 0.000000, 0.000000, 0.000000, 1.000000
4.5708, 62.0502, -4.4568, 223.6762, 245.6762, -62.0502, 204.5303, -6.4379, -103.0444, 16.6550, 0.941156, 0.055684, -0.333355, 0.062050, -0.072774, 0.996586, -0.038990, -0.004457, 0.330046, 0.060956, 0.941995, 0.223676, 0.000000, 0.000000, 0.000000, 1.000000, 0.330046, 0.060956, 0.941995, 0.245676, -0.941156, -0.055684, 0.333355, -0.062050, 0.072774, -0.996586, 0.038990, 0.204530, 0.000000, 0.000000, 0.000000, 1.000000, -0.997617, 0.030547, 0.061869, -0.006438, 0.060944, -0.030321, 0.997681, -0.103044, 0.032352, 0.999073, 0.028387, 0.016655, 0.000000, 0.000000, 0.000000, 1.000000
4.6982, 61.8913, -4.4550, 223.6023, 245.6023, -61.8913, 204.5284, -6.4949, -103.0572, 16.6374, 0.941913, 0.055839, -0.331183, 0.061891, -0.072795, 0.996584, -0.039006, -0.004455, 0.327874, 0.060849, 0.942760, 0.223602, 0.000000, 0.000000, 0.000000, 1.000000, 0.327874, 0.060849, 0.942760, 0.245602, -0.941913, -0.055839, 0.331183, -0.061891, 0.072795, -0.996584, 0.039006, 0.204528, 0.000000, 0.000000, 0.000000, 1.000000, -0.997627, 0.030359, 0.061800, -0.006495, 0.060874, -0.030534, 0.997678, -0.103057, 0.032176, 0.999073, 0.028613, 0.016637, 0.000000, 0.000000, 0.000000, 1.000000
4.8696, 61.7410, -4.4342, 223.5401, 245.5401, -61.7410, 204.5077, -6.6404, -103.0576, 16.6403, 0.942717, 0.055573, -0.328933, 0.061741, -0.072234, 0.996639, -0.038639, -0.004434, 0.325680, 0.060186, 0.943562, 0.223540, 0.000000, 0.000000, 0.000000, 1.000000, 0.325680, 0.060186, 0.943562, 0.245540, -0.942717, -0.055573, 0.328933, -0.061741, 0.072234, -0.996639, 0.038639, 0.204508, 0.000000, 0.000000, 0.000000, 1.000000, -0.997576, 0.030704, 0.062451, -0.006640, 0.061493, -0.031192, 0.997620, -0.103058, 0.032579, 0.999042, 0.029228, 0.016640, 0.000000, 0.000000, 0.000000, 1.000000
5.0326, 61.6159, -4.4226, 223.4715, 245.4715, -61.6159, 204.4961, -6.7945, -103.0714, 16.6355, 0.943526, 0.055362, -0.326640, 0.061616, -0.072226, 0.996597, -0.039718, -0.004423, 0.323330, 0.061067, 0.944314, 0.223471, 0.000000, 0.000000, 0.000000, 1.000000, 0.323330, 0.061067, 0.944314, 0.245471, -0.943526, -0.055362, 0.326640, -0.061616, 0.072226, -0.996597, 0.039718, 0.204496, 0.000000, 0.000000, 0.000000, 1.000000, -0.997558, 0.030583, 0.062783, -0.006794, 0.061856, -0.030374, 0.997623, -0.103071, 0.032418, 0.999071, 0.028408, 0.016636, 0.000000, 0.000000, 0.000000, 1.000000
5.1952, 61.5058, -4.4154, 223.4811, 245.4811, -61.5058, 204.4889, -6.9829, -103.0137, 16.6352, 0.944566, 0.055600, -0.323579, 0.061506, -0.072263, 0.996595, -0.039703, -0.004415, 0.320270, 0.060885, 0.945368, 0.223481, 0.000000, 0.000000, 0.000000, 1.000000, 0.320270, 0.060885, 0.945368, 0.245481, -0.944566, -0.055600, 0.323579, -0.061506, 0.072263, -0.996595, 0.039703, 0.204489, 0.000000, 0.000000, 0.000000, 1.000000, -0.997591, 0.030315, 0.062402, -0.006983, 0.061472, -0.030699, 0.997637, -0.103014, 0.032159, 0.999069, 0.028761, 0.016635, 0.000000, 0.000000, 0.000000, 1.000000
5.3745, 61.3881, -4.4003, 223.5083, 245.5083, -61.3881, 204.4738, -7.1975, -102.9353, 16.6438, 0.945920, 0.055886, -0.319551, 0.061388, -0.072528, 0.996547, -0.040409, -0.004400, 0.316189, 0.061400, 0.946707, 0.223508, 0.000000, 0.000000, 0.000000, 1.000000, 0.316189, 0.061400, 0.946707, 0.245508, -0.945920, -0.055886, 0.319551, -0.061388, 0.072528, -0.996547, 0.040409, 0.204474, 0.000000, 0.000000, 0.000000, 1.000000, -0.997678, 0.029807, 0.061238, -0.007198, 0.060333, -0.030369, 0.997716, -0.102935, 0.031599, 0.999094, 0.028501, 0.016644, 0.000000, 0.000000, 0.000000, 1.000000
5.5107, 61.2312, -4.3946, 223.3994, 245.3994, -61.2312, 204.4681, -7.2631, -102.9821, 16.6268, 0.946369, 0.055854, -0.318224, 0.061231, -0.072247, 0.996587, -0.039938, -0.004395, 0.314907, 0.060786, 0.947174, 0.223399, 0.000000, 0.000000, 0.000000, 1.000000, 0.314907, 0.060786, 0.947174, 0.245399, -0.946369, -0.055854, 0.318224, -0.061231, 0.072247, -0.996587, 0.039938, 0.204468, 0.000000, 0.000000, 0.000000, 1.000000, -0.997611, 0.029925, 0.062261, -0.007263, 0.061332, -0.031026, 0.997635, -0.102982, 0.031786, 0.999071, 0.029116, 0.016627, 0.000000, 0.000000, 0.000000, 1.000000
5.6276, 61.1068, -4.3805, 223.3744, 245.3744, -61.1068, 204.4540, -7.3458, -102.9600, 16.6288, 0.946868, 0.055751, -0.316753, 0.061107, -0.072315, 0.996548, -0.040769, -0.004381, 0.313387, 0.061509, 0.947631, 0.223374, 0.000000, 0.000000, 0.000000, 1.000000, 0.313387, 0.061509, 0.947631, 0.245374, -0.946868, -0.055751, 0.316753, -0.061107, 0.072315, -0.996548, 0.040769, 0.204454, 0.000000, 0.000000, 0.000000, 1.000000, -0.997589, 0.029775, 0.062683, -0.007346, 0.061779, -0.030361, 0.997628, -0.102960, 0.031608, 0.999095, 0.028449, 0.016629, 0.000000, 0.000000, 0.000000, 1.000000
5.7876, 60.9789, -4.3712, 223.3506, 245.3506, -60.9789, 204.4447, -7.5030, -102.9300, 16.6258, 0.947983, 0.055701, -0.313409, 0.060979, -0.072143, 0.996547, -0.041100, -0.004371, 0.310037, 0.061573, 0.948728, 0.223351, 0.000000, 0.000000, 0.000000, 1.000000, 0.310037, 0.061573, 0.948728, 0.245351, -0.947983, -0.055701, 0.313409, -0.060979, 0.072143, -0.996547, 0.041100, 0.204445, 0.000000, 0.000000, 0.000000, 1.000000, -0.997637, 0.029722, 0.061940, -0.007503, 0.061038, -0.030370, 0.997673, -0.102930, 0.031534, 0.999097, 0.028484, 0.016626, 0.000000, 0.000000, 0.000000, 1.000000
5.9159, 60.8259, -4.3497, 223.2677, 245.2677, -60.8259, 204.4232, -7.5635, -102.9555, 16.6273, 0.948914, 0.055748, -0.310572, 0.060826, -0.072096, 0.996538, -0.041400, -0.004350, 0.307189, 0.061676, 0.949648, 0.223268, 0.000000, 0.000000, 0.000000, 1.000000, 0.307189, 0.061676, 0.949648, 0.245268, -0.948914, -0.055748, 0.310572, -0.060826, 0.072096, -0.996538, 0.041400, 0.204423, 0.000000, 0.000000, 0.000000, 1.000000, -0.997688, 0.029583, 0.061184, -0.007564, 0.060286, -0.030348, 0.997720, -0.102956, 0.031373, 0.999102, 0.028494, 0.016627, 0.000000, 0.000000, 0.000000, 1.000000
6.0943, 60.7174, -4.3515, 223.2910, 245.2910, -60.7174, 204.4249, -7.7853, -102.8815, 16.6195, 0.949653, 0.055793, -0.308294, 0.060717, -0.071712, 0.996601, -0.040539, -0.004351, 0.304985, 0.060606, 0.950427, 0.223291, 0.000000, 0.000000, 0.000000, 1.000000, 0.304985, 0.060606, 0.950427, 0.245291, -0.949653, -0.055793, 0.308294, -0.060717, 0.071712, -0.996601, 0.040539, 0.204425, 0.000000, 0.000000, 0.000000, 1.000000, -0.997635, 0.029712, 0.061987, -0.007785, 0.061050, -0.031489, 0.997638, -0.102882, 0.031593, 0.999062, 0.029600, 0.016620, 0.000000, 0.000000, 0.000000, 1.000000
6.2112, 60.5557, -4.3325, 223.1781, 245.1781, -60.5557, 204.4059, -7.8099, -102.9356, 16.6149, 0.950186, 0.055737, -0.306660, 0.060556, -0.071717, 0.996579, -0.041082, -0.004332, 0.303321, 0.061029, 0.950932, 0.223178, 0.000000, 0.000000, 0.000000, 1.000000, 0.303321, 0.061029, 0.950932, 0.245178, -0.950186, -0.055737, 0.306660, -0.060556, 0.071717, -0.996579, 0.041082, 0.204406, 0.000000, 0.000000, 0.000000, 1.000000, -0.997620, 0.029597, 0.062269, -0.007810, 0.061347, -0.031125, 0.997631, -0.102936, 0.031465, 0.999077, 0.029236, 0.016615, 0.000000, 0.000000, 0.000000, 1.000000
6.3738, 60.4166, -4.3311, 223.1063, 245.1063, -60.4166, 204.4046, -7.9503, -102.9482, 16.5985, 0.951057, 0.055625, -0.303969, 0.060417, -0.071591, 0.996565, -0.041625, -0.004331, 0.300609, 0.061349, 0.951772, 0.223106, 0.000000, 0.000000, 0.000000, 1.000000, 0.300609, 0.061349, 0.951772, 0.245106, -0.951057, -0.055625, 0.303969, -0.060417, 0.071591, -0.996565, 0.041625, 0.204405, 0.000000, 0.000000, 0.000000, 1.000000, -0.997624, 0.029539, 0.062246, -0.007950, 0.061333, -0.030871, 0.997640, -0.102948, 0.031391, 0.999087, 0.028986, 0.016599, 0.000000, 0.000000, 0.000000, 1.000000
6.5263, 60.2925, -4.3196, 223.0760, 245.0760, -60.2925, 204.3931, -8.0961, -102.9265, 16.5975, 0.952016, 0.055927, -0.300896, 0.060293, -0.071762, 0.996544, -0.041825, -0.004320, 0.297517, 0.061411, 0.952739, 0.223076, 0.000000, 0.000000, 0.000000, 1.000000, 0.297517, 0.061411, 0.952739, 0.245076, -0.952016, -0.055927, 0.300896, -0.060293, 0.071762, -0.996544, 0.041825, 0.204393, 0.000000, 0.000000, 0.000000, 1.000000, -0.997670, 0.029148, 0.061682, -0.008096, 0.060778, -0.030962, 0.997671, -0.102927, 0.030990, 0.999095, 0.029119, 0.016597, 0.000000, 0.000000, 0.000000, 1.000000
6.6907, 60.1745, -4.3129, 223.0537, 245.0537, -60.1745, 204.3863, -8.2712, -102.8965, 16.5929, 0.952891, 0.055663, -0.298162, 0.060174, -0.071325, 0.996573, -0.041900, -0.004313, 0.294808, 0.061192, 0.953595, 0.223054, 0.000000, 0.000000, 0.000000, 1.000000, 0.294808, 0.061192, 0.953595, 0.245054, -0.952891, -0.055663, 0.298162, -0.060174, 0.071325, -0.996573, 0.041900, 0.204386, 0.000000, 0.000000, 0.000000, 1.000000, -0.997663, 0.029368, 0.061692, -0.008271, 0.060774, -0.031195, 0.997664, -0.102897, 0.031224, 0.999082, 0.029338, 0.016593, 0.000000, 0.000000, 0.000000, 1.000000
6.8361, 60.0215, -4.3045, 222.9956, 244.9956, -60.0215, 204.3780, -8.3701, -102.8955, 16.5838, 0.953359, 0.055624, -0.296669, 0.060022, -0.071243, 0.996570, -0.042091, -0.004305, 0.293310, 0.061264, 0.954052, 0.222996, 0.000000, 0.000000, 0.000000, 1.000000, 0.293310, 0.061264, 0.954052, 0.244996, -0.953359, -0.055624, 0.296669, -0.060022, 0.071243, -0.996570, 0.042091, 0.204378, 0.000000, 0.000000, 0.000000, 1.000000, -0.997605, 0.029310, 0.062655, -0.008370, 0.061738, -0.031191, 0.997605, -0.102896, 0.031194, 0.999084, 0.029307, 0.016584, 0.000000, 0.000000, 0.000000, 1.000000
7.0071, 59.8535, -4.2848, 222.8754, 244.8754, -59.8535, 204.3582, -8.4849, -102.9485, 16.5787, 0.954022, 0.055741, -0.294507, 0.059854, -0.071285, 0.996559, -0.042301, -0.004285, 0.291135, 0.061350, 0.954713, 0.222875, 0.000000, 0.000000, 0.000000, 1.000000, 0.291135, 0.061350, 0.954713, 0.244875, -0.954022, -0.055741, 0.294507, -0.059854, 0.071285, -0.996559, 0.042301, 0.204358, 0.000000, 0.000000, 0.000000, 1.000000, -0.997567, 0.029083, 0.063366, -0.008485, 0.062455, -0.031222, 0.997559, -0.102948, 0.030990, 0.999089, 0.029330, 0.016579, 0.000000, 0.000000, 0.000000, 1.000000
7.1416, 59.7195, -4.2797, 222.7655, 244.7655, -59.7195, 204.3532, -8.5713, -103.0038, 16.5626, 0.954525, 0.055763, -0.292869, 0.059719, -0.071229, 0.996558, -0.042405, -0.004280, 0.289497, 0.061337, 0.955212, 0.222766, 0.000000, 0.000000, 0.000000, 1.000000, 0.289497, 0.061337, 0.955212, 0.244766, -0.954525, -0.055763, 0.292869, -0.059719, 0.071229, -0.996558, 0.042405, 0.204353, 0.000000, 0.000000, 0.000000, 1.000000, -0.997529, 0.028991, 0.063997, -0.008571, 0.063086, -0.031307, 0.997517, -0.103004, 0.030923, 0.999089, 0.029401, 0.016563, 0.000000, 0.000000, 0.000000, 1.000000
7.2861, 59.5988, -4.2741, 222.7954, 244.7954, -59.5988, 204.3475, -8.7203, -102.9254, 16.5619, 0.955366, 0.055668, -0.290132, 0.059599, -0.070868, 0.996595, -0.042141, -0.004274, 0.286798, 0.060821, 0.956058, 0.222795, 0.000000, 0.000000, 0.000000, 1.000000, 0.286798, 0.060821, 0.956058, 0.244795, -0.955366, -0.055668, 0.290132, -0.059599, 0.070868, -0.996595, 0.042141, 0.204348, 0.000000, 0.000000, 0.000000, 1.000000, -0.997544, 0.029123, 0.063695, -0.008720, 0.062763, -0.031862, 0.997520, -0.102925, 0.031080, 0.999068, 0.029956, 0.016562, 0.000000, 0.000000, 0.000000, 1.000000
7.4197, 59.4522, -4.2549, 222.7410, 244.7410, -59.4522, 204.3283, -8.8041, -102.9255, 16.5644, 0.956156, 0.055536, -0.287544, 0.059452, -0.070782, 0.996569, -0.042890, -0.004255, 0.284176, 0.061362, 0.956807, 0.222741, 0.000000, 0.000000, 0.000000, 1.000000, 0.284176, 0.061362, 0.956807, 0.244741, -0.956156, -0.055536, 0.287544, -0.059452, 0.070782, -0.996569, 0.042890, 0.204328, 0.000000, 0.000000, 0.000000, 1.000000, -0.997573, 0.029054, 0.063271, -0.008804, 0.062357, -0.031372, 0.997561, -0.102925, 0.030968, 0.999085, 0.029484, 0.016564, 0.000000, 0.000000, 0.000000, 1.000000
7.5907, 59.3200, -4.2358, 222.7314, 244.7314, -59.3200, 204.3092, -8.9789, -102.8797, 16.5722, 0.957276, 0.055551, -0.283791, 0.059320, -0.070772, 0.996537, -0.043659, -0.004236, 0.280383, 0.061878, 0.957892, 0.222731, 0.000000, 0.000000, 0.000000, 1.000000, 0.280383, 0.061878, 0.957892, 0.244731, -0.957276, -0.055551, 0.283791, -0.059320, 0.070772, -0.996537, 0.043659, 0.204309, 0.000000, 0.000000, 0.000000, 1.000000, -0.997641, 0.028830, 0.062292, -0.008979, 0.061396, -0.030959, 0.997633, -0.102880, 0.030691, 0.999105, 0.029116, 0.016572, 0.000000, 0.000000, 0.000000, 1.000000
7.7722, 59.2221, -4.2356, 222.7501, 244.7501, -59.2221, 204.3091, -9.2136, -102.8107, 16.5667, 0.957938, 0.055707, -0.281517, 0.059222, -0.070846, 0.996522, -0.043879, -0.004236, 0.278093, 0.061978, 0.958553, 0.222750, 0.000000, 0.000000, 0.000000, 1.000000, 0.278093, 0.061978, 0.958553, 0.244750, -0.957938, -0.055707, 0.281517, -0.059222, 0.070846, -0.996522, 0.043879, 0.204309, 0.000000, 0.000000, 0.000000, 1.000000, -0.997600, 0.028558, 0.063078, -0.009214, 0.062190, -0.030987, 0.997583, -0.102811, 0.030443, 0.999112, 0.029136, 0.016567, 0.000000, 0.000000, 0.000000, 1.000000
7.9440, 59.0664, -4.2262, 222.6585, 244.6585, -59.0664, 204.2997, -9.3500, -102.8382, 16.5551, 0.958531, 0.055994, -0.279435, 0.059066, -0.070864, 0.996542, -0.043390, -0.004226, 0.276039, 0.061393, 0.959184, 0.222659, 0.000000, 0.000000, 0.000000, 1.000000, 0.276039, 0.061393, 0.959184, 0.244659, -0.958531, -0.055994, 0.279435, -0.059066, 0.070864, -0.996542, 0.043390, 0.204300, 0.000000, 0.000000, 0.000000, 1.000000, -0.997551, 0.028312, 0.063958, -0.009350, 0.063055, -0.031706, 0.997506, -0.102838, 0.030269, 0.999096, 0.029843, 0.016555, 0.000000, 0.000000, 0.000000, 1.000000
8.0785, 58.9148, -4.2193, 222.6409, 244.6409, -58.9148, 204.2928, -9.4395, -102.8007, 16.5486, 0.959241, 0.055778, -0.277029, 0.058915, -0.070749, 0.996509, -0.044333, -0.004219, 0.273589, 0.062125, 0.959838, 0.222641, 0.000000, 0.000000, 0.000000, 1.000000, 0.273589, 0.062125, 0.959838, 0.244641, -0.959241, -0.055778, 0.277029, -0.058915, 0.070749, -0.996509, 0.044333, 0.204293, 0.000000, 0.000000, 0.000000, 1.000000, -0.997566, 0.028290, 0.063730, -0.009439, 0.062849, -0.031010, 0.997541, -0.102801, 0.030197, 0.999119, 0.029157, 0.016549, 0.000000, 0.000000, 0.000000, 1.000000
8.2332, 58.8031, -4.2120, 222.6152, 244.6152, -58.8031, 204.2854, -9.6022, -102.7763, 16.5448, 0.960039, 0.055743, -0.274259, 0.058803, -0.070528, 0.996524, -0.044339, -0.004212, 0.270834, 0.061910, 0.960633, 0.222615, 0.000000, 0.000000, 0.000000, 1.000000, 0.270834, 0.061910, 0.960633, 0.244615, -0.960039, -0.055743, 0.274259, -0.058803, 0.070528, -0.996524, 0.044339, 0.204285, 0.000000, 0.000000, 0.000000, 1.000000, -0.997577, 0.028287, 0.063561, -0.009602, 0.062672, -0.031289, 0.997544, -0.102776, 0.030206, 0.999110, 0.029441, 0.016545, 0.000000, 0.000000, 0.000000, 1.000000
8.3672, 58.6738, -4.1978, 222.6231, 244.6231, -58.6738, 204.2713, -9.7170, -102.7195, 16.5497, 0.960849, 0.056027, -0.271349, 0.058674, -0.070709, 0.996498, -0.044628, -0.004198, 0.267898, 0.062068, 0.961446, 0.222623, 0.000000, 0.000000, 0.000000, 1.000000, 0.267898, 0.062068, 0.961446, 0.244623, -0.960849, -0.056027, 0.271349, -0.058674, 0.070709, -0.996498, 0.044628, 0.204271, 0.000000, 0.000000, 0.000000, 1.000000, -0.997632, 0.027902, 0.062865, -0.009717, 0.061988, -0.031260, 0.997587, -0.102720, 0.029800, 0.999122, 0.029457, 0.016550, 0.000000, 0.000000, 0.000000, 1.000000
8.5302, 58.5075, -4.1818, 222.5258, 244.5258, -58.5075, 204.2553, -9.8260, -102.7526, 16.5433, 0.961325, 0.055707, -0.269725, 0.058508, -0.070239, 0.996536, -0.044520, -0.004182, 0.266311, 0.061744, 0.961908, 0.222526, 0.000000, 0.000000, 0.000000, 1.000000, 0.266311, 0.061744, 0.961908, 0.244526, -0.961325, -0.055707, 0.269725, -0.058508, 0.070239, -0.996536, 0.044520, 0.204255, 0.000000, 0.000000, 0.000000, 1.000000, -0.997549, 0.028194, 0.064038, -0.009826, 0.063142, -0.031591, 0.997504, -0.102753, 0.030146, 0.999103, 0.029734, 0.016543, 0.000000, 0.000000, 0.000000, 1.000000
8.6673, 58.3812, -4.1777, 222.4924, 244.4924, -58.3812, 204.2512, -9.9416, -102.7354, 16.5344, 0.962047, 0.055914, -0.267094, 0.058381, -0.070460, 0.996491, -0.045183, -0.004178, 0.263630, 0.062288, 0.962611, 0.222492, 0.000000, 0.000000, 0.000000, 1.000000, 0.263630, 0.062288, 0.962611, 0.244492, -0.962047, -0.055914, 0.267094, -0.058381, 0.070460, -0.996491, 0.045183, 0.204251, 0.000000, 0.000000, 0.000000, 1.000000, -0.997585, 0.027803, 0.063655, -0.009942, 0.062784, -0.031167, 0.997540, -0.102735, 0.029719, 0.999127, 0.029346, 0.016534, 0.000000, 0.000000, 0.000000, 1.000000
8.8383, 58.2693, -4.1601, 222.4570, 244.4570, -58.2693, 204.2336, -10.1302, -102.7184, 16.5398, 0.962829, 0.055776, -0.264289, 0.058269, -0.070217, 0.996493, -0.045505, -0.004160, 0.260824, 0.062371, 0.963369, 0.222457, 0.000000, 0.000000, 0.000000, 1.000000, 0.260824, 0.062371, 0.963369, 0.244457, -0.962829, -0.055776, 0.264289, -0.058269, 0.070217, -0.996493, 0.045505, 0.204234, 0.000000, 0.000000, 0.000000, 1.000000, -0.997580, 0.027829, 0.063714, -0.010130, 0.062843, -0.031141, 0.997537, -0.102718, 0.029744, 0.999128, 0.029317, 0.016540, 0.000000, 0.000000, 0.000000, 1.000000
8.9991, 58.1256, -4.1589, 222.4469, 244.4469, -58.1256, 204.2323, -10.2761, -102.6705, 16.5291, 0.963614, 0.055803, -0.261408, 0.058126, -0.069952, 0.996529, -0.045132, -0.004159, 0.257983, 0.061776, 0.964173, 0.222447, 0.000000, 0.000000, 0.000000, 1.000000, 0.257983, 0.061776, 0.964173, 0.244447, -0.963614, -0.055803, 0.261408, -0.058126, 0.069952, -0.996529, 0.045132, 0.204232, 0.000000, 0.000000, 0.000000, 1.000000, -0.997588, 0.027834, 0.063581, -0.010276, 0.062689, -0.031808, 0.997526, -0.102670, 0.029787, 0.999106, 0.029986, 0.016529, 0.000000, 0.000000, 0.000000, 1.000000
9.1345, 57.9755, -4.1423, 222.3902, 244.3902, -57.9755, 204.2158, -10.3596, -102.6726, 16.5284, 0.964137, 0.056067, -0.259417, 0.057976, -0.070024, 0.996536, -0.044871, -0.004142, 0.256002, 0.061427, 0.964723, 0.222390, 0.000000, 0.000000, 0.000000, 1.000000, 0.256002, 0.061427, 0.964723, 0.244390, -0.964137, -0.056067, 0.259417, -0.057976, 0.070024, -0.996536, 0.044871, 0.204216, 0.000000, 0.000000, 0.000000, 1.000000, -0.997575, 0.027569, 0.063911, -0.010360, 0.063014, -0.032268, 0.997491, -0.102673, 0.029562, 0.999099, 0.030452, 0.016528, 0.000000, 0.000000, 0.000000, 1.000000
9.2870, 57.8454, -4.1296, 222.3334, 244.3334, -57.8454, 204.2031, -10.4937, -102.6755, 16.5255, 0.964614, 0.055614, -0.257735, 0.057845, -0.069600, 0.996539, -0.045453, -0.004130, 0.254315, 0.061783, 0.965146, 0.222333, 0.000000, 0.000000, 0.000000, 1.000000, 0.254315, 0.061783, 0.965146, 0.244333, -0.964614, -0.055614, 0.257735, -0.057845, 0.069600, -0.996539, 0.045453, 0.204203, 0.000000, 0.000000, 0.000000, 1.000000, -0.997510, 0.027858, 0.064786, -0.010494, 0.063891, -0.031904, 0.997447, -0.102676, 0.029854, 0.999103, 0.030045, 0.016525, 0.000000, 0.000000, 0.000000, 1.000000
9.4311, 57.7000, -4.1264, 222.2992, 244.2992, -57.7000, 204.1998, -10.6031, -102.6542, 16.5142, 0.965362, 0.055755, -0.254886, 0.057700, -0.069557, 0.996542, -0.045454, -0.004126, 0.251471, 0.061609, 0.965902, 0.222299, 0.000000, 0.000000, 0.000000, 1.000000, 0.251471, 0.061609, 0.965902, 0.244299, -0.965362, -0.055755, 0.254886, -0.057700, 0.069557, -0.996542, 0.045454, 0.204200, 0.000000, 0.000000, 0.000000, 1.000000, -0.997542, 0.027673, 0.064369, -0.010603, 0.063471, -0.032172, 0.997465, -0.102654, 0.029673, 0.999099, 0.030337, 0.016514, 0.000000, 0.000000, 0.000000, 1.000000
9.5752, 57.5612, -4.1172, 222.2889, 244.2889, -57.5612, 204.1906, -10.7228, -102.6113, 16.5116, 0.966200, 0.055768, -0.251689, 0.057561, -0.069430, 0.996539, -0.045721, -0.004117, 0.248268, 0.061651, 0.966728, 0.222289, 0.000000, 0.000000, 0.000000, 1.000000, 0.248268, 0.061651, 0.966728, 0.244289, -0.966200, -0.055768, 0.251689, -0.057561, 0.069430, -0.996539, 0.045721, 0.204191, 0.000000, 0.000000, 0.000000, 1.000000, -0.997596, 0.027570, 0.063572, -0.010723, 0.062677, -0.032203, 0.997514, -0.102611, 0.029549, 0.999101, 0.030398, 0.016512, 0.000000, 0.000000, 0.000000, 1.000000
9.6899, 57.4381, -4.1037, 222.2348, 244.2348, -57.4381, 204.1771, -10.7965, -102.6203, 16.5103, 0.966501, 0.055843, -0.250516, 0.057438, -0.069446, 0.996535, -0.045785, -0.004104, 0.247091, 0.061648, 0.967029, 0.222235, 0.000000, 0.000000, 0.000000, 1.000000, 0.247091, 0.061648, 0.967029, 0.244235, -0.966501, -0.055843, 0.250516, -0.057438, 0.069446, -0.996535, 0.045785, 0.204177, 0.000000, 0.000000, 0.000000, 1.000000, -0.997550, 0.027433, 0.064359, -0.010797, 0.063466, -0.032274, 0.997462, -0.102620, 0.029440, 0.999102, 0.030454, 0.016510, 0.000000, 0.000000, 0.000000, 1.000000
9.8442, 57.3027, -4.0903, 222.1861, 244.1861, -57.3027, 204.1637, -10.9302, -102.6142, 16.5084, 0.967438, 0.055549, -0.246938, 0.057303, -0.069113, 0.996520, -0.046599, -0.004090, 0.243490, 0.062148, 0.967910, 0.222186, 0.000000, 0.000000, 0.000000, 1.000000, 0.243490, 0.062148, 0.967910, 0.244186, -0.967438, -0.055549, 0.246938, -0.057303, 0.069113, -0.996520, 0.046599, 0.204164, 0.000000, 0.000000, 0.000000, 1.000000, -0.997614, 0.027543, 0.063307, -0.010930, 0.062424, -0.031802, 0.997543, -0.102614, 0.029488, 0.999115, 0.030007, 0.016508, 0.000000, 0.000000, 0.000000, 1.000000
9.9809, 57.1699, -4.0863, 222.2024, 244.2024, -57.1699, 204.1597, -11.0473, -102.5475, 16.5039, 0.968203, 0.055995, -0.243819, 0.057170, -0.069169, 0.996553, -0.045802, -0.004086, 0.240414, 0.061210, 0.968739, 0.222202, 0.000000, 0.000000, 0.000000, 1.000000, 0.240414, 0.061210, 0.968739, 0.244202, -0.968203, -0.055995, 0.243819, -0.057170, 0.069169, -0.996553, 0.045802, 0.204160, 0.000000, 0.000000, 0.000000, 1.000000, -0.997671, 0.027200, 0.062558, -0.011047, 0.061654, -0.032872, 0.997556, -0.102548, 0.029190, 0.999089, 0.031118, 0.016504, 0.000000, 0.000000, 0.000000, 1.000000
10.1417, 57.0118, -4.0743, 222.1110, 244.1110, -57.0118, 204.1477, -11.1630, -102.5778, 16.4947, 0.968568, 0.055755, -0.242422, 0.057012, -0.068885, 0.996562, -0.046023, -0.004074, 0.239022, 0.061275, 0.969079, 0.222111, 0.000000, 0.000000, 0.000000, 1.000000, 0.239022, 0.061275, 0.969079, 0.244111, -0.968568, -0.055755, 0.242422, -0.057012, 0.068885, -0.996562, 0.046023, 0.204148, 0.000000, 0.000000, 0.000000, 1.000000, -0.997581, 0.027332, 0.063908, -0.011163, 0.063001, -0.032841, 0.997473, -0.102578, 0.029362, 0.999087, 0.031040, 0.016495, 0.000000, 0.000000, 0.000000, 1.000000
10.2955, 56.8890, -4.0599, 222.1011, 244.1011, -56.8890, 204.1334, -11.3149, -102.5362, 16.4985, 0.969220, 0.055555, -0.239847, 0.056889, -0.068593, 0.996567, -0.046356, -0.004060, 0.236449, 0.061381, 0.969703, 0.222101, 0.000000, 0.000000, 0.000000, 1.000000, 0.236449, 0.061381, 0.969703, 0.244101, -0.969220, -0.055555, 0.239847, -0.056889, 0.068593, -0.996567, 0.046356, 0.204133, 0.000000, 0.000000, 0.000000, 1.000000, -0.997578, 0.027422, 0.063922, -0.011315, 0.063015, -0.032776, 0.997474, -0.102536, 0.029448, 0.999086, 0.030968, 0.016499, 0.000000, 0.000000, 0.000000, 1.000000
10.4621, 56.7354, -4.0498, 222.0322, 244.0322, -56.7354, 204.1233, -11.4496, -102.5441, 16.4900, 0.969727, 0.055788, -0.237733, 0.056735, -0.068640, 0.996575, -0.046123, -0.004050, 0.234345, 0.061044, 0.970235, 0.222032, 0.000000, 0.000000, 0.000000, 1.000000, 0.234345, 0.061044, 0.970235, 0.244032, -0.969727, -0.055788, 0.237733, -0.056735, 0.068640, -0.996575, 0.046123, 0.204123, 0.000000, 0.000000, 0.000000, 1.000000, -0.997537, 0.027156, 0.064678, -0.011450, 0.063766, -0.033227, 0.997412, -0.102544, 0.029234, 0.999079, 0.031414, 0.016490, 0.000000, 0.000000, 0.000000, 1.000000
10.6115, 56.6081, -4.0345, 222.0602, 244.0602, -56.6081, 204.1079, -11.5953, -102.4655, 16.4982, 0.970439, 0.055652, -0.234843, 0.056608, -0.068670, 0.996502, -0.047617, -0.004034, 0.231372, 0.062337, 0.970866, 0.222060, 0.000000, 0.000000, 0.000000, 1.000000, 0.231372, 0.062337, 0.970866, 0.244060, -0.970439, -0.055652, 0.234843, -0.056608, 0.068670, -0.996502, 0.047617, 0.204108, 0.000000, 0.000000, 0.000000, 1.000000, -0.997572, 0.026980, 0.064199, -0.011595, 0.063328, -0.032000, 0.997480, -0.102466, 0.028966, 0.999124, 0.030214, 0.016498, 0.000000, 0.000000, 0.000000, 1.000000
10.7455, 56.4812, -4.0296, 222.0386, 244.0386, -56.4812, 204.1030, -11.7062, -102.4379, 16.4912, 0.971239, 0.055546, -0.231535, 0.056481, -0.068399, 0.996510, -0.047853, -0.004030, 0.228069, 0.062314, 0.971649, 0.222039, 0.000000, 0.000000, 0.000000, 1.000000, 0.228069, 0.062314, 0.971649, 0.244039, -0.971239, -0.055546, 0.231535, -0.056481, 0.068399, -0.996510, 0.047853, 0.204103, 0.000000, 0.000000, 0.000000, 1.000000, -0.997639, 0.027014, 0.063133, -0.011706, 0.062259, -0.032068, 0.997545, -0.102438, 0.028972, 0.999121, 0.030310, 0.016491, 0.000000, 0.000000, 0.000000, 1.000000
10.8831, 56.3497, -4.0252, 221.9686, 243.9686, -56.3497, 204.0987, -11.8113, -102.4562, 16.4786, 0.971808, 0.055772, -0.229084, 0.056350, -0.068439, 0.996513, -0.047719, -0.004025, 0.225624, 0.062052, 0.972236, 0.221969, 0.000000, 0.000000, 0.000000, 1.000000, 0.225624, 0.062052, 0.972236, 0.243969, -0.971808, -0.055772, 0.229084, -0.056350, 0.068439, -0.996513, 0.047719, 0.204099, 0.000000, 0.000000, 0.000000, 1.000000, -0.997652, 0.026758, 0.063037, -0.011811, 0.062160, -0.032428, 0.997539, -0.102456, 0.028736, 0.999116, 0.030689, 0.016479, 0.000000, 0.000000, 0.000000, 1.000000
11.0360, 56.2064, -4.0106, 221.9888, 243.9888, -56.2064, 204.0840, -11.9457, -102.3817, 16.4841, 0.972595, 0.055862, -0.225694, 0.056206, -0.068377, 0.996503, -0.048016, -0.004011, 0.222222, 0.062133, 0.973014, 0.221989, 0.000000, 0.000000, 0.000000, 1.000000, 0.222222, 0.062133, 0.973014, 0.243989, -0.972595, -0.055862, 0.225694, -0.056206, 0.068377, -0.996503, 0.048016, 0.204084, 0.000000, 0.000000, 0.000000, 1.000000, -0.997709, 0.026569, 0.062215, -0.011946, 0.061344, -0.032435, 0.997590, -0.102382, 0.028522, 0.999121, 0.030731, 0.016484, 0.000000, 0.000000, 0.000000, 1.000000
11.1841, 56.0727, -4.0067, 221.9662, 243.9662, -56.0727, 204.0802, -12.0749, -102.3510, 16.4755, 0.973006, 0.055756, -0.223941, 0.056073, -0.068149, 0.996520, -0.047993, -0.004007, 0.220486, 0.061959, 0.973420, 0.221966, 0.000000, 0.000000, 0.000000, 1.000000, 0.220486, 0.061959, 0.973420, 0.243966, -0.973006, -0.055756, 0.223941, -0.056073, 0.068149, -0.996520, 0.047993, 0.204080, 0.000000, 0.000000, 0.000000, 1.000000, -0.997658, 0.026618, 0.063009, -0.012075, 0.062130, -0.032658, 0.997534, -0.102351, 0.028610, 0.999112, 0.030927, 0.016476, 0.000000, 0.000000, 0.000000, 1.000000
11.3779, 55.9344, -3.9970, 221.9123, 243.9123, -55.9344, 204.0705, -12.2758, -102.3411, 16.4692, 0.973432, 0.055758, -0.222084, 0.055934, -0.068044, 0.996524, -0.048054, -0.003997, 0.218632, 0.061889, 0.973843, 0.221912, 0.000000, 0.000000, 0.000000, 1.000000, 0.218632, 0.061889, 0.973843, 0.243912, -0.973432, -0.055758, 0.222084, -0.055934, 0.068044, -0.996524, 0.048054, 0.204070, 0.000000, 0.000000, 0.000000, 1.000000, -0.997566, 0.026516, 0.064484, -0.012276, 0.063604, -0.032817, 0.997436, -0.102341, 0.028564, 0.999110, 0.031051, 0.016469, 0.000000, 0.000000, 0.000000, 1.000000
11.5383, 55.7934, -3.9855, 221.8881, 243.8881, -55.7934, 204.0590, -12.4187, -102.3087, 16.4675, 0.974084, 0.055628, -0.219241, 0.055793, -0.067879, 0.996502, -0.048744, -0.003985, 0.215762, 0.062362, 0.974452, 0.221888, 0.000000, 0.000000, 0.000000, 1.000000, 0.215762, 0.062362, 0.974452, 0.243888, -0.974084, -0.055628, 0.219241, -0.055793, 0.067879, -0.996502, 0.048744, 0.204059, 0.000000, 0.000000, 0.000000, 1.000000, -0.997578, 0.026479, 0.064323, -0.012419, 0.063456, -0.032403, 0.997458, -0.102309, 0.028496, 0.999124, 0.030644, 0.016467, 0.000000, 0.000000, 0.000000, 1.000000
11.6741, 55.6473, -3.9740, 221.8483, 243.8483, -55.6473, 204.0475, -12.5104, -102.2963, 16.4638, 0.974645, 0.055728, -0.216706, 0.055647, -0.067732, 0.996531, -0.048361, -0.003974, 0.213259, 0.061813, 0.975038, 0.221848, 0.000000, 0.000000, 0.000000, 1.000000, 0.213259, 0.061813, 0.975038, 0.243848, -0.974645, -0.055728, 0.216706, -0.055647, 0.067732, -0.996531, 0.048361, 0.204047, 0.000000, 0.000000, 0.000000, 1.000000, -0.997592, 0.026388, 0.064138, -0.012510, 0.063256, -0.033025, 0.997451, -0.102296, 0.028439, 0.999106, 0.031276, 0.016464, 0.000000, 0.000000, 0.000000, 1.000000
11.8301, 55.5268, -3.9661, 221.7836, 243.7836, -55.5268, 204.0395, -12.6600, -102.3077, 16.4560, 0.975173, 0.055599, -0.214353, 0.055527, -0.067616, 0.996500, -0.049141, -0.003966, 0.210870, 0.062415, 0.975519, 0.221784, 0.000000, 0.000000, 0.000000, 1.000000, 0.210870, 0.062415, 0.975519, 0.243784, -0.975173, -0.055599, 0.214353, -0.055527, 0.067616, -0.996500, 0.049141, 0.204040, 0.000000, 0.000000, 0.000000, 1.000000, -0.997577, 0.026334, 0.064395, -0.012660, 0.063529, -0.032481, 0.997451, -0.102308, 0.028359, 0.999125, 0.030729, 0.016456, 0.000000, 0.000000, 0.000000, 1.000000
11.9628, 55.3843, -3.9619, 221.7967, 243.7967, -55.3843, 204.0353, -12.7579, -102.2441, 16.4506, 0.975848, 0.055768, -0.211213, 0.055384, -0.067457, 0.996541, -0.048542, -0.003962, 0.207775, 0.061618, 0.976234, 0.221797, 0.000000, 0.000000, 0.000000, 1.000000, 0.207775, 0.061618, 0.976234, 0.243797, -0.975848, -0.055768, 0.211213, -0.055384, 0.067457, -0.996541, 0.048542, 0.204035, 0.000000, 0.000000, 0.000000, 1.000000, -0.997634, 0.026210, 0.063562, -0.012758, 0.062676, -0.033356, 0.997476, -0.102244, 0.028264, 0.999100, 0.031634, 0.016451, 0.000000, 0.000000, 0.000000, 1.000000
12.0876, 55.2297, -3.9372, 221.7146, 243.7146, -55.2297, 204.0106, -12.8144, -102.2759, 16.4552, 0.976270, 0.055613, -0.209295, 0.055230, -0.067245, 0.996539, -0.048873, -0.003937, 0.205853, 0.061787, 0.976630, 0.221715, 0.000000, 0.000000, 0.000000, 1.000000, 0.205853, 0.061787, 0.976630, 0.243715, -0.976270, -0.055613, 0.209295, -0.055230, 0.067245, -0.996539, 0.048873, 0.204011, 0.000000, 0.000000, 0.000000, 1.000000, -0.997620, 0.026266, 0.063759, -0.012814, 0.062874, -0.033223, 0.997468, -0.102276, 0.028318, 0.999103, 0.031493, 0.016455, 0.000000, 0.000000, 0.000000, 1.000000
12.2911, 55.1070, -3.9245, 221.7085, 243.7085, -55.1070, 203.9979, -13.0545, -102.2190, 16.4578, 0.976741, 0.055517, -0.207110, 0.055107, -0.067135, 0.996516, -0.049492, -0.003924, 0.203641, 0.062245, 0.977065, 0.221709, 0.000000, 0.000000, 0.000000, 1.000000, 0.203641, 0.062245, 0.977065, 0.243709, -0.976741, -0.055517, 0.207110, -0.055107, 0.067135, -0.996516, 0.049492, 0.203998, 0.000000, 0.000000, 0.000000, 1.000000, -0.997540, 0.026178, 0.065030, -0.013055, 0.064159, -0.032849, 0.997399, -0.102219, 0.028246, 0.999117, 0.031088, 0.016458, 0.000000, 0.000000, 0.000000, 1.000000
12.4414, 54.9663, -3.9187, 221.7086, 243.7086, -54.9663, 203.9922, -13.1833, -102.1647, 16.4527, 0.977421, 0.055652, -0.203842, 0.054966, -0.067025, 0.996532, -0.049316, -0.003919, 0.200391, 0.061865, 0.977761, 0.221709, 0.000000, 0.000000, 0.000000, 1.000000, 0.200391, 0.061865, 0.977761, 0.243709, -0.977421, -0.055652, 0.203842, -0.054966, 0.067025, -0.996532, 0.049316, 0.203992, 0.000000, 0.000000, 0.000000, 1.000000, -0.997589, 0.026011, 0.064343, -0.013183, 0.063464, -0.033313, 0.997428, -0.102165, 0.028088, 0.999106, 0.031582, 0.016453, 0.000000, 0.000000, 0.000000, 1.000000
12.5763, 54.8156, -3.9072, 221.6756, 243.6756, -54.8156, 203.9807, -13.2697, -102.1457, 16.4493, 0.977888, 0.055734, -0.201567, 0.054816, -0.067151, 0.996477, -0.050247, -0.003907, 0.198057, 0.062672, 0.978185, 0.221676, 0.000000, 0.000000, 0.000000, 1.000000, 0.198057, 0.062672, 0.978185, 0.243676, -0.977888, -0.055734, 0.201567, -0.054816, 0.067151, -0.996477, 0.050247, 0.203981, 0.000000, 0.000000, 0.000000, 1.000000, -0.997598, 0.025739, 0.064306, -0.013270, 0.063456, -0.032585, 0.997453, -0.102146, 0.027769, 0.999137, 0.030874, 0.016449, 0.000000, 0.000000, 0.000000, 1.000000
12.7661, 54.6934, -3.8826, 221.6515, 243.6515, -54.6934, 203.9561, -13.4820, -102.1102, 16.4620, 0.978491, 0.055629, -0.198649, 0.054693, -0.066941, 0.996469, -0.050684, -0.003883, 0.195129, 0.062891, 0.978759, 0.221652, 0.000000, 0.000000, 0.000000, 1.000000, 0.195129, 0.062891, 0.978759, 0.243652, -0.978491, -0.055629, 0.198649, -0.054693, 0.066941, -0.996469, 0.050684, 0.203956, 0.000000, 0.000000, 0.000000, 1.000000, -0.997579, 0.025706, 0.064616, -0.013482, 0.063771, -0.032438, 0.997437, -0.102110, 0.027736, 0.999143, 0.030721, 0.016462, 0.000000, 0.000000, 0.000000, 1.000000
12.8993, 54.5600, -3.8816, 221.6429, 243.6429, -54.5600, 203.9551, -13.5863, -102.0691, 16.4519, 0.979071, 0.055792, -0.195721, 0.054560, -0.066833, 0.996497, -0.050267, -0.003882, 0.192230, 0.062296, 0.979371, 0.221643, 0.000000, 0.000000, 0.000000, 1.000000, 0.192230, 0.062296, 0.979371, 0.243643, -0.979071, -0.055792, 0.195721, -0.054560, 0.066833, -0.996497, 0.050267, 0.203955, 0.000000, 0.000000, 0.000000, 1.000000, -0.997623, 0.025548, 0.063999, -0.013586, 0.063141, -0.033111, 0.997455, -0.102069, 0.027602, 0.999125, 0.031419, 0.016452, 0.000000, 0.000000, 0.000000, 1.000000
13.0460, 54.4065, -3.8699, 221.5956, 243.5956, -54.4065, 203.9433, -13.6891, -102.0613, 16.4472, 0.979529, 0.055757, -0.193427, 0.054406, -0.066816, 0.996455, -0.051122, -0.003870, 0.189891, 0.062999, 0.979782, 0.221596, 0.000000, 0.000000, 0.000000, 1.000000, 0.189891, 0.062999, 0.979782, 0.243596, -0.979529, -0.055757, 0.193427, -0.054406, 0.066816, -0.996455, 0.051122, 0.203943, 0.000000, 0.000000, 0.000000, 1.000000, -0.997616, 0.025405, 0.064161, -0.013689, 0.063324, -0.032473, 0.997465, -0.102061, 0.027425, 0.999150, 0.030787, 0.016447, 0.000000, 0.000000, 0.000000, 1.000000
13.1827, 54.2758, -3.8617, 221.5732, 243.5732, -54.2758, 203.9352, -13.7998, -102.0342, 16.4430, 0.979785, 0.055821, -0.192107, 0.054276, -0.066498, 0.996554, -0.049584, -0.003862, 0.188678, 0.061356, 0.980121, 0.221573, 0.000000, 0.000000, 0.000000, 1.000000, 0.188678, 0.061356, 0.980121, 0.243573, -0.979785, -0.055821, 0.192107, -0.054276, 0.066498, -0.996554, 0.049584, 0.203935, 0.000000, 0.000000, 0.000000, 1.000000, -0.997538, 0.025475, 0.065330, -0.013800, 0.064444, -0.034173, 0.997336, -0.102034, 0.027640, 0.999091, 0.032447, 0.016443, 0.000000, 0.000000, 0.000000, 1.000000
13.3229, 54.1199, -3.8609, 221.4468, 243.4468, -54.1199, 203.9343, -13.8800, -102.1051, 16.4195, 0.980134, 0.055941, -0.190284, 0.054120, -0.066834, 0.996444, -0.051312, -0.003861, 0.186737, 0.063010, 0.980387, 0.221447, 0.000000, 0.000000, 0.000000, 1.000000, 0.186737, 0.063010, 0.980387, 0.243447, -0.980134, -0.055941, 0.190284, -0.054120, 0.066834, -0.996444, 0.051312, 0.203934, 0.000000, 0.000000, 0.000000, 1.000000, -0.997519, 0.025064, 0.065783, -0.013880, 0.064953, -0.032607, 0.997355, -0.102105, 0.027143, 0.999154, 0.030898, 0.016420, 0.000000, 0.000000, 0.000000, 1.000000
13.4662, 53.9846, -3.8382, 221.4981, 243.4981, -53.9846, 203.9116, -14.0055, -102.0045, 16.4367, 0.980829, 0.055600, -0.186772, 0.053985, -0.066221, 0.996495, -0.051111, -0.003838, 0.183275, 0.062499, 0.981073, 0.221498, 0.000000, 0.000000, 0.000000, 1.000000, 0.183275, 0.062499, 0.981073, 0.243498, -0.980829, -0.055600, 0.186772, -0.053985, 0.066221, -0.996495, 0.051111, 0.203912, 0.000000, 0.000000, 0.000000, 1.000000, -0.997579, 0.025385, 0.064739, -0.014006, 0.063884, -0.033136, 0.997407, -0.102004, 0.027464, 0.999128, 0.031434, 0.016437, 0.000000, 0.000000, 0.000000, 1.000000
13.6239, 53.8661, -3.8305, 221.5265, 243.5265, -53.8661, 203.9040, -14.1717, -101.9236, 16.4380, 0.981580, 0.055795, -0.182722, 0.053866, -0.066209, 0.996481, -0.051396, -0.003831, 0.179211, 0.062547, 0.981820, 0.221526, 0.000000, 0.000000, 0.000000, 1.000000, 0.179211, 0.062547, 0.981820, 0.243526, -0.981580, -0.055795, 0.182722, -0.053866, 0.066209, -0.996481, 0.051396, 0.203904, 0.000000, 0.000000, 0.000000, 1.000000, -0.997675, 0.025094, 0.063367, -0.014172, 0.062520, -0.033181, 0.997492, -0.101924, 0.027133, 0.999134, 0.031535, 0.016438, 0.000000, 0.000000, 0.000000, 1.000000
13.7654, 53.7134, -3.8355, 221.4182, 243.4182, -53.7134, 203.9089, -14.2605, -101.9765, 16.4107, 0.981719, 0.055850, -0.181956, 0.053713, -0.066211, 0.996482, -0.051370, -0.003835, 0.178447, 0.062478, 0.981964, 0.221418, 0.000000, 0.000000, 0.000000, 1.000000, 0.178447, 0.062478, 0.981964, 0.243418, -0.981719, -0.055850, 0.181956, -0.053713, 0.066211, -0.996482, 0.051370, 0.203909, 0.000000, 0.000000, 0.000000, 1.000000, -0.997569, 0.024965, 0.065059, -0.014260, 0.064212, -0.033318, 0.997380, -0.101977, 0.027068, 0.999133, 0.031634, 0.016411, 0.000000, 0.000000, 0.000000, 1.000000
13.8999, 53.5693, -3.8148, 221.3931, 243.3931, -53.5693, 203.8882, -14.3525, -101.9525, 16.4178, 0.982220, 0.055668, -0.179288, 0.053569, -0.066070, 0.996429, -0.052576, -0.003815, 0.175721, 0.063486, 0.982391, 0.221393, 0.000000, 0.000000, 0.000000, 1.000000, 0.175721, 0.063486, 0.982391, 0.243393, -0.982220, -0.055668, 0.179288, -0.053569, 0.066070, -0.996429, 0.052576, 0.203888, 0.000000, 0.000000, 0.000000, 1.000000, -0.997599, 0.024951, 0.064604, -0.014353, 0.063785, -0.032353, 0.997439, -0.101952, 0.026978, 0.999165, 0.030684, 0.016418, 0.000000, 0.000000, 0.000000, 1.000000
14.0467, 53.4342, -3.8038, 221.3893, 243.3893, -53.4342, 203.8772, -14.4785, -101.9045, 16.4180, 0.982692, 0.055827, -0.176637, 0.053434, -0.065960, 0.996465, -0.052024, -0.003804, 0.173108, 0.062774, 0.982900, 0.221389, 0.000000, 0.000000, 0.000000, 1.000000, 0.173108, 0.062774, 0.982900, 0.243389, -0.982692, -0.055827, 0.176637, -0.053434, 0.065960, -0.996465, 0.052024, 0.203877, 0.000000, 0.000000, 0.000000, 1.000000, -0.997608, 0.024791, 0.064527, -0.014478, 0.063692, -0.033143, 0.997419, -0.101905, 0.026866, 0.999143, 0.031485, 0.016418, 0.000000, 0.000000, 0.000000, 1.000000
14.2528, 53.2877, -3.8016, 221.3289, 243.3289, -53.2877, 203.8750, -14.6933, -101.8954, 16.4030, 0.983019, 0.055750, -0.174831, 0.053288, -0.065747, 0.996485, -0.051914, -0.003802, 0.171322, 0.062527, 0.983229, 0.221329, 0.000000, 0.000000, 0.000000, 1.000000, 0.171322, 0.062527, 0.983229, 0.243329, -0.983019, -0.055750, 0.174831, -0.053288, 0.065747, -0.996485, 0.051914, 0.203875, 0.000000, 0.000000, 0.000000, 1.000000, -0.997492, 0.024775, 0.066301, -0.014693, 0.065457, -0.033470, 0.997294, -0.101895, 0.026927, 0.999133, 0.031765, 0.016403, 0.000000, 0.000000, 0.000000, 1.000000
14.4439, 53.1583, -3.7915, 221.3367, 243.3367, -53.1583, 203.8649, -14.9048, -101.8249, 16.4039, 0.983584, 0.055594, -0.171673, 0.053158, -0.065591, 0.996432, -0.053117, -0.003791, 0.168107, 0.063505, 0.983721, 0.221337, 0.000000, 0.000000, 0.000000, 1.000000, 0.168107, 0.063505, 0.983721, 0.243337, -0.983584, -0.055594, 0.171673, -0.053158, 0.065591, -0.996432, 0.053117, 0.203865, 0.000000, 0.000000, 0.000000, 1.000000, -0.997491, 0.024714, 0.066344, -0.014905, 0.065526, -0.032562, 0.997319, -0.101825, 0.026808, 0.999164, 0.030861, 0.016404, 0.000000, 0.000000, 0.000000, 1.000000
14.5947, 53.0171, -3.7808, 221.3242, 243.3242, -53.0171, 203.8543, -15.0306, -101.7837, 16.4024, 0.984120, 0.055829, -0.168494, 0.053017, -0.065588, 0.996443, -0.052914, -0.003781, 0.164940, 0.063125, 0.984281, 0.221324, 0.000000, 0.000000, 0.000000, 1.000000, 0.164940, 0.063125, 0.984281, 0.243324, -0.984120, -0.055829, 0.168494, -0.053017, 0.065588, -0.996443, 0.052914, 0.203854, 0.000000, 0.000000, 0.000000, 1.000000, -0.997535, 0.024434, 0.065778, -0.015031, 0.064956, -0.033030, 0.997341, -0.101784, 0.026542, 0.999156, 0.031361, 0.016402, 0.000000, 0.000000, 0.000000, 1.000000
14.7560, 52.8831, -3.7795, 221.2613, 243.2613, -52.8831, 203.8530, -15.1780, -101.7896, 16.3872, 0.984406, 0.056108, -0.166723, 0.052883, -0.065761, 0.996429, -0.052951, -0.003780, 0.163157, 0.063089, 0.984581, 0.221261, 0.000000, 0.000000, 0.000000, 1.000000, 0.163157, 0.063089, 0.984581, 0.243261, -0.984406, -0.056108, 0.166723, -0.052883, 0.065761, -0.996429, 0.052951, 0.203853, 0.000000, 0.000000, 0.000000, 1.000000, -0.997476, 0.024067, 0.066797, -0.015178, 0.065983, -0.033162, 0.997270, -0.101790, 0.026216, 0.999160, 0.031490, 0.016387, 0.000000, 0.000000, 0.000000, 1.000000
14.9098, 52.7288, -3.7582, 221.2259, 243.2259, -52.7288, 203.8316, -15.2930, -101.7700, 16.3931, 0.984830, 0.055668, -0.164349, 0.052729, -0.065170, 0.996466, -0.052999, -0.003758, 0.160817, 0.062906, 0.984977, 0.221226, 0.000000, 0.000000, 0.000000, 1.000000, 0.160817, 0.062906, 0.984977, 0.243226, -0.984830, -0.055668, 0.164349, -0.052729, 0.065170, -0.996466, 0.052999, 0.203832, 0.000000, 0.000000, 0.000000, 1.000000, -0.997448, 0.024434, 0.067078, -0.015293, 0.066247, -0.033367, 0.997245, -0.101770, 0.026605, 0.999144, 0.031663, 0.016393, 0.000000, 0.000000, 0.000000, 1.000000
15.0530, 52.5962, -3.7593, 221.1712, 243.1712, -52.5962, 203.8327, -15.4110, -101.7725, 16.3765, 0.984989, 0.056016, -0.163274, 0.052596, -0.065282, 0.996514, -0.051946, -0.003759, 0.159795, 0.061825, 0.985212, 0.221171, 0.000000, 0.000000, 0.000000, 1.000000, 0.159795, 0.061825, 0.985212, 0.243171, -0.984989, -0.056016, 0.163274, -0.052596, 0.065282, -0.996514, 0.051946, 0.203833, 0.000000, 0.000000, 0.000000, 1.000000, -0.997355, 0.024107, 0.068574, -0.015411, 0.067722, -0.034537, 0.997106, -0.101772, 0.026405, 0.999113, 0.032813, 0.016376, 0.000000, 0.000000, 0.000000, 1.000000
15.1888, 52.4425, -3.7378, 221.1748, 243.1748, -52.4425, 203.8112, -15.4981, -101.7194, 16.3864, 0.985665, 0.055815, -0.159216, 0.052443, -0.065123, 0.996423, -0.053852, -0.003738, 0.155641, 0.063449, 0.985774, 0.221175, 0.000000, 0.000000, 0.000000, 1.000000, 0.155641, 0.063449, 0.985774, 0.243175, -0.985665, -0.055815, 0.159216, -0.052443, 0.065123, -0.996423, 0.053852, 0.203811, 0.000000, 0.000000, 0.000000, 1.000000, -0.997483, 0.024074, 0.066698, -0.015498, 0.065889, -0.032957, 0.997283, -0.101719, 0.026207, 0.999167, 0.031288, 0.016386, 0.000000, 0.000000, 0.000000, 1.000000
15.3439, 52.3234, -3.7301, 221.1778, 243.1778, -52.3234, 203.8035, -15.6548, -101.6637, 16.3852, 0.986092, 0.055724, -0.156579, 0.052323, -0.065044, 0.996363, -0.055040, -0.003730, 0.152942, 0.064459, 0.986131, 0.221178, 0.000000, 0.000000, 0.000000, 1.000000, 0.152942, 0.064459, 0.986131, 0.243178, -0.986092, -0.055724, 0.156579, -0.052323, 0.065044, -0.996363, 0.055040, 0.203804, 0.000000, 0.000000, 0.000000, 1.000000, -0.997488, 0.023984, 0.066648, -0.015655, 0.065867, -0.032007, 0.997315, -0.101664, 0.026053, 0.999200, 0.030346, 0.016385, 0.000000, 0.000000, 0.000000, 1.000000
15.4960, 52.1864, -3.7228, 221.1654, 243.1654, -52.1864, 203.7962, -15.7869, -101.6224, 16.3808, 0.986397, 0.056228, -0.154468, 0.052186, -0.065235, 0.996415, -0.053873, -0.003723, 0.150885, 0.063217, 0.986528, 0.221165, 0.000000, 0.000000, 0.000000, 1.000000, 0.150885, 0.063217, 0.986528, 0.243165, -0.986397, -0.056228, 0.154468, -0.052186, 0.065235, -0.996415, 0.053873, 0.203796, 0.000000, 0.000000, 0.000000, 1.000000, -0.997458, 0.023506, 0.067265, -0.015787, 0.066463, -0.033352, 0.997231, -0.101622, 0.025684, 0.999167, 0.031705, 0.016381, 0.000000, 0.000000, 0.000000, 1.000000
15.6393, 52.0269, -3.7111, 221.0984, 243.0984, -52.0269, 203.7846, -15.8761, -101.6361, 16.3734, 0.986805, 0.056021, -0.151910, 0.052027, -0.064965, 0.996395, -0.054563, -0.003711, 0.148305, 0.063712, 0.986887, 0.221098, 0.000000, 0.000000, 0.000000, 1.000000, 0.148305, 0.063712, 0.986887, 0.243098, -0.986805, -0.056021, 0.151910, -0.052027, 0.064965, -0.996395, 0.054563, 0.203785, 0.000000, 0.000000, 0.000000, 1.000000, -0.997465, 0.023586, 0.067130, -0.015876, 0.066338, -0.032900, 0.997255, -0.101636, 0.025730, 0.999180, 0.031252, 0.016373, 0.000000, 0.000000, 0.000000, 1.000000
15.7680, 51.8920, -3.6955, 221.0661, 243.0661, -51.8920, 203.7689, -15.9666, -101.6221, 16.3755, 0.987098, 0.055628, -0.150146, 0.051892, -0.064471, 0.996421, -0.054676, -0.003695, 0.146567, 0.063651, 0.987151, 0.221066, 0.000000, 0.000000, 0.000000, 1.000000, 0.146567, 0.063651, 0.987151, 0.243066, -0.987098, -0.055628, 0.150146, -0.051892, 0.064471, -0.996421, 0.054676, 0.203769, 0.000000, 0.000000, 0.000000, 1.000000, -0.997427, 0.023909, 0.067589, -0.015967, 0.066784, -0.032982, 0.997222, -0.101622, 0.026072, 0.999170, 0.031301, 0.016375, 0.000000, 0.000000, 0.000000, 1.000000
15.9223, 51.7540, -3.6881, 221.0524, 243.0524, -51.7540, 203.7616, -16.1014, -101.5816, 16.3708, 0.987467, 0.055748, -0.147650, 0.051754, -0.064279, 0.996489, -0.053650, -0.003688, 0.144141, 0.062468, 0.987583, 0.221052, 0.000000, 0.000000, 0.000000, 1.000000, 0.144141, 0.062468, 0.987583, 0.243052, -0.987467, -0.055748, 0.147650, -0.051754, 0.064279, -0.996489, 0.053650, 0.203762, 0.000000, 0.000000, 0.000000, 1.000000, -0.997412, 0.023796, 0.067847, -0.016101, 0.067014, -0.034236, 0.997164, -0.101582, 0.026051, 0.999130, 0.032553, 0.016371, 0.000000, 0.000000, 0.000000, 1.000000
16.0629, 51.5955, -3.6729, 221.0132, 243.0132, -51.5955, 203.7464, -16.1890, -101.5693, 16.3699, 0.987970, 0.055829, -0.144216, 0.051595, -0.064295, 0.996429, -0.054724, -0.003673, 0.140645, 0.063338, 0.988032, 0.221013, 0.000000, 0.000000, 0.000000, 1.000000, 0.140645, 0.063338, 0.988032, 0.243013, -0.987970, -0.055829, 0.144216, -0.051595, 0.064295, -0.996429, 0.054724, 0.203746, 0.000000, 0.000000, 0.000000, 1.000000, -0.997491, 0.023564, 0.066758, -0.016189, 0.065953, -0.033432, 0.997262, -0.101569, 0.025731, 0.999163, 0.031794, 0.016370, 0.000000, 0.000000, 0.000000, 1.000000
16.1982, 51.4717, -3.6738, 221.0197, 243.0197, -51.4717, 203.7473, -16.3064, -101.5145, 16.3602, 0.988278, 0.055655, -0.142162, 0.051472, -0.063910, 0.996484, -0.054174, -0.003674, 0.138647, 0.062624, 0.988360, 0.221020, 0.000000, 0.000000, 0.000000, 1.000000, 0.138647, 0.062624, 0.988360, 0.243020, -0.988278, -0.055655, 0.142162, -0.051472, 0.063910, -0.996484, 0.054174, 0.203747, 0.000000, 0.000000, 0.000000, 1.000000, -0.997465, 0.023711, 0.067095, -0.016306, 0.066266, -0.034187, 0.997216, -0.101515, 0.025939, 0.999134, 0.032530, 0.016360, 0.000000, 0.000000, 0.000000, 1.000000
16.3472, 51.3399, -3.6647, 220.9899, 242.9899, -51.3399, 203.7381, -16.4365, -101.4923, 16.3563, 0.988683, 0.055879, -0.139221, 0.051340, -0.063880, 0.996513, -0.053676, -0.003665, 0.135736, 0.061962, 0.988805, 0.220990, 0.000000, 0.000000, 0.000000, 1.000000, 0.135736, 0.061962, 0.988805, 0.242990, -0.988683, -0.055879, 0.139221, -0.051340, 0.063880, -0.996513, 0.053676, 0.203738, 0.000000, 0.000000, 0.000000, 1.000000, -0.997492, 0.023447, 0.066776, -0.016436, 0.065936, -0.034926, 0.997212, -0.101492, 0.025714, 0.999115, 0.033292, 0.016356, 0.000000, 0.000000, 0.000000, 1.000000
16.4878, 51.1778, -3.6536, 220.9552, 242.9552, -51.1778, 203.7270, -16.5211, -101.4752, 16.3515, 0.988906, 0.055822, -0.137655, 0.051178, -0.063845, 0.996467, -0.054566, -0.003654, 0.134123, 0.062749, 0.988976, 0.220955, 0.000000, 0.000000, 0.000000, 1.000000, 0.134123, 0.062749, 0.988976, 0.242955, -0.988906, -0.055822, 0.137655, -0.051178, 0.063845, -0.996467, 0.054566, 0.203727, 0.000000, 0.000000, 0.000000, 1.000000, -0.997440, 0.023363, 0.067581, -0.016521, 0.066762, -0.034194, 0.997183, -0.101475, 0.025608, 0.999142, 0.032547, 0.016351, 0.000000, 0.000000, 0.000000, 1.000000
16.6570, 51.0444, -3.6440, 220.9208, 242.9208, -51.0444, 203.7175, -16.6851, -101.4518, 16.3473, 0.989175, 0.055771, -0.135732, 0.051044, -0.063809, 0.996412, -0.055606, -0.003644, 0.132144, 0.063665, 0.989184, 0.220921, 0.000000, 0.000000, 0.000000, 1.000000, 0.132144, 0.063665, 0.989184, 0.242921, -0.989175, -0.055771, 0.135732, -0.051044, 0.063809, -0.996412, 0.055606, 0.203717, 0.000000, 0.000000, 0.000000, 1.000000, -0.997379, 0.023251, 0.068513, -0.016685, 0.067720, -0.033344, 0.997147, -0.101452, 0.025469, 0.999173, 0.031682, 0.016347, 0.000000, 0.000000, 0.000000, 1.000000
16.8218, 50.9187, -3.6364, 220.9029, 242.9029, -50.9187, 203.7099, -16.8501, -101.4133, 16.3434, 0.989535, 0.055637, -0.133132, 0.050919, -0.063458, 0.996455, -0.055235, -0.003636, 0.129587, 0.063106, 0.989558, 0.220903, 0.000000, 0.000000, 0.000000, 1.000000, 0.129587, 0.063106, 0.989558, 0.242903, -0.989535, -0.055637, 0.133132, -0.050919, 0.063458, -0.996455, 0.055235, 0.203710, 0.000000, 0.000000, 0.000000, 1.000000, -0.997358, 0.023325, 0.068803, -0.016850, 0.067991, -0.033962, 0.997108, -0.101413, 0.025594, 0.999151, 0.032286, 0.016343, 0.000000, 0.000000, 0.000000, 1.000000
16.9545, 50.7688, -3.6277, 220.9266, 242.9266, -50.7688, 203.7012, -16.9364, -101.3416, 16.3429, 0.990026, 0.055994, -0.129276, 0.050769, -0.063675, 0.996395, -0.056060, -0.003628, 0.125671, 0.063732, 0.990023, 0.220927, 0.000000, 0.000000, 0.000000, 1.000000, 0.125671, 0.063732, 0.990023, 0.242927, -0.990026, -0.055994, 0.129276, -0.050769, 0.063675, -0.996395, 0.056060, 0.203701, 0.000000, 0.000000, 0.000000, 1.000000, -0.997479, 0.022850, 0.067181, -0.016936, 0.066399, -0.033411, 0.997234, -0.101342, 0.025031, 0.999180, 0.031809, 0.016343, 0.000000, 0.000000, 0.000000, 1.000000
17.0991, 50.6352, -3.6282, 220.8965, 242.8965, -50.6352, 203.7016, -17.0576, -101.3200, 16.3293, 0.990350, 0.055987, -0.126777, 0.050635, -0.063418, 0.996451, -0.055352, -0.003628, 0.123228, 0.062858, 0.990386, 0.220897, 0.000000, 0.000000, 0.000000, 1.000000, 0.123228, 0.062858, 0.990386, 0.242897, -0.990350, -0.055987, 0.126777, -0.050635, 0.063418, -0.996451, 0.055352, 0.203702, 0.000000, 0.000000, 0.000000, 1.000000, -0.997475, 0.022825, 0.067248, -0.017058, 0.066443, -0.034342, 0.997199, -0.101320, 0.025071, 0.999149, 0.032739, 0.016329, 0.000000, 0.000000, 0.000000, 1.000000
17.2450, 50.4953, -3.6118, 220.8981, 242.8981, -50.4953, 203.6852, -17.1750, -101.2677, 16.3350, 0.990602, 0.055847, -0.124856, 0.050495, -0.063268, 0.996409, -0.056276, -0.003612, 0.121265, 0.063647, 0.990578, 0.220898, 0.000000, 0.000000, 0.000000, 1.000000, 0.121265, 0.063647, 0.990578, 0.242898, -0.990602, -0.055847, 0.124856, -0.050495, 0.063268, -0.996409, 0.056276, 0.203685, 0.000000, 0.000000, 0.000000, 1.000000, -0.997438, 0.022832, 0.067790, -0.017175, 0.067004, -0.033604, 0.997187, -0.101268, 0.025046, 0.999174, 0.031988, 0.016335, 0.000000, 0.000000, 0.000000, 1.000000
17.3896, 50.3555, -3.5996, 220.9120, 242.9120, -50.3555, 203.6731, -17.2910, -101.2034, 16.3377, 0.991010, 0.056168, -0.121424, 0.050355, -0.063416, 0.996377, -0.056670, -0.003600, 0.117801, 0.063861, 0.990982, 0.220912, 0.000000, 0.000000, 0.000000, 1.000000, 0.117801, 0.063861, 0.990982, 0.242912, -0.991010, -0.056168, 0.121424, -0.050355, 0.063416, -0.996377, 0.056670, 0.203673, 0.000000, 0.000000, 0.000000, 1.000000, -0.997512, 0.022415, 0.066837, -0.017291, 0.066068, -0.033464, 0.997254, -0.101203, 0.024590, 0.999189, 0.031900, 0.016338, 0.000000, 0.000000, 0.000000, 1.000000
17.5500, 50.2251, -3.5830, 220.8973, 242.8973, -50.2251, 203.6565, -17.4424, -101.1636, 16.3428, 0.991384, 0.055935, -0.118445, 0.050225, -0.063093, 0.996346, -0.057571, -0.003583, 0.114792, 0.064548, 0.991290, 0.220897, 0.000000, 0.000000, 0.000000, 1.000000, 0.114792, 0.064548, 0.991290, 0.242897, -0.991384, -0.055935, 0.118445, -0.050225, 0.063093, -0.996346, 0.057571, 0.203656, 0.000000, 0.000000, 0.000000, 1.000000, -0.997527, 0.022518, 0.066575, -0.017442, 0.065818, -0.032827, 0.997291, -0.101164, 0.024642, 0.999207, 0.031264, 0.016343, 0.000000, 0.000000, 0.000000, 1.000000
17.6880, 50.0798, -3.5713, 220.8125, 242.8125, -50.0798, 203.6447, -17.5366, -101.1992, 16.3349, 0.991459, 0.055860, -0.117849, 0.050080, -0.062953, 0.996368, -0.057347, -0.003571, 0.114218, 0.064276, 0.991374, 0.220812, 0.000000, 0.000000, 0.000000, 1.000000, 0.114218, 0.064276, 0.991374, 0.242812, -0.991459, -0.055860, 0.117849, -0.050080, 0.062953, -0.996368, 0.057347, 0.203645, 0.000000, 0.000000, 0.000000, 1.000000, -0.997404, 0.022528, 0.068398, -0.017537, 0.067633, -0.033150, 0.997159, -0.101199, 0.024731, 0.999196, 0.031540, 0.016335, 0.000000, 0.000000, 0.000000, 1.000000
17.8418, 49.9340, -3.5722, 220.8780, 242.8780, -49.9340, 203.6456, -17.6659, -101.0793, 16.3293, 0.991999, 0.056191, -0.113050, 0.049934, -0.062836, 0.996446, -0.056100, -0.003572, 0.109496, 0.062754, 0.992004, 0.220878, 0.000000, 0.000000, 0.000000, 1.000000, 0.109496, 0.062754, 0.992004, 0.242878, -0.991999, -0.056191, 0.113050, -0.049934, 0.062836, -0.996446, 0.056100, 0.203646, 0.000000, 0.000000, 0.000000, 1.000000, -0.997549, 0.022179, 0.066370, -0.017666, 0.065577, -0.034747, 0.997242, -0.101079, 0.024424, 0.999150, 0.033208, 0.016329, 0.000000, 0.000000, 0.000000, 1.000000
17.9829, 49.7917, -3.5553, 220.7761, 242.7761, -49.7917, 203.6288, -17.7675, -101.1317, 16.3251, 0.992077, 0.055879, -0.112522, 0.049792, -0.062634, 0.996384, -0.057416, -0.003555, 0.108907, 0.064009, 0.991989, 0.220776, 0.000000, 0.000000, 0.000000, 1.000000, 0.108907, 0.064009, 0.991989, 0.242776, -0.992077, -0.055879, 0.112522, -0.049792, 0.062634, -0.996384, 0.057416, 0.203629, 0.000000, 0.000000, 0.000000, 1.000000, -0.997422, 0.022350, 0.068194, -0.017768, 0.067424, -0.033534, 0.997161, -0.101132, 0.024573, 0.999188, 0.031941, 0.016325, 0.000000, 0.000000, 0.000000, 1.000000
18.1288, 49.6548, -3.5460, 220.8073, 242.8073, -49.6548, 203.6194, -17.8890, -101.0499, 16.3270, 0.992367, 0.056000, -0.109872, 0.049655, -0.062540, 0.996413, -0.057008, -0.003546, 0.106286, 0.063444, 0.992309, 0.220807, 0.000000, 0.000000, 0.000000, 1.000000, 0.106286, 0.063444, 0.992309, 0.242807, -0.992367, -0.056000, 0.109872, -0.049655, 0.062540, -0.996413, 0.057008, 0.203619, 0.000000, 0.000000, 0.000000, 1.000000, -0.997431, 0.022167, 0.068114, -0.017889, 0.067335, -0.034160, 0.997145, -0.101050, 0.024431, 0.999171, 0.032580, 0.016327, 0.000000, 0.000000, 0.000000, 1.000000
18.2531, 49.5111, -3.5372, 220.7671, 242.7671, -49.5111, 203.6107, -17.9631, -101.0455, 16.3207, 0.992631, 0.055779, -0.107572, 0.049511, -0.062279, 0.996369, -0.058045, -0.003537, 0.103943, 0.064317, 0.992501, 0.220767, 0.000000, 0.000000, 0.000000, 1.000000, 0.103943, 0.064317, 0.992501, 0.242767, -0.992631, -0.055779, 0.107572, -0.049511, 0.062279, -0.996369, 0.058045, 0.203611, 0.000000, 0.000000, 0.000000, 1.000000, -0.997444, 0.022279, 0.067896, -0.017963, 0.067135, -0.033327, 0.997187, -0.101045, 0.024479, 0.999196, 0.031746, 0.016321, 0.000000, 0.000000, 0.000000, 1.000000
18.4329, 49.3759, -3.5296, 220.7626, 242.7626, -49.3759, 203.6031, -18.1445, -100.9885, 16.3175, 0.992866, 0.056052, -0.105237, 0.049376, -0.062401, 0.996363, -0.058033, -0.003530, 0.101601, 0.064186, 0.992752, 0.220763, 0.000000, 0.000000, 0.000000, 1.000000, 0.101601, 0.064186, 0.992752, 0.242763, -0.992866, -0.056052, 0.105237, -0.049376, 0.062401, -0.996363, 0.058033, 0.203603, 0.000000, 0.000000, 0.000000, 1.000000, -0.997397, 0.021906, 0.068691, -0.018145, 0.067936, -0.033537, 0.997126, -0.100989, 0.024146, 0.999197, 0.031961, 0.016317, 0.000000, 0.000000, 0.000000, 1.000000
18.5783, 49.2476, -3.5274, 220.7702, 242.7702, -49.2476, 203.6008, -18.2731, -100.9301, 16.3106, 0.993215, 0.056115, -0.101857, 0.049248, -0.062130, 0.996446, -0.056873, -0.003527, 0.098303, 0.062815, 0.993172, 0.220770, 0.000000, 0.000000, 0.000000, 1.000000, 0.098303, 0.062815, 0.993172, 0.242770, -0.993215, -0.056115, 0.101857, -0.049248, 0.062130, -0.996446, 0.056873, 0.203601, 0.000000, 0.000000, 0.000000, 1.000000, -0.997451, 0.021805, 0.067935, -0.018273, 0.067149, -0.034966, 0.997130, -0.100930, 0.024118, 0.999151, 0.033413, 0.016311, 0.000000, 0.000000, 0.000000, 1.000000
18.7115, 49.0880, -3.5091, 220.7528, 242.7528, -49.0880, 203.5825, -18.3466, -100.9009, 16.3148, 0.993468, 0.055761, -0.099562, 0.049088, -0.061738, 0.996406, -0.058000, -0.003509, 0.095970, 0.063768, 0.993339, 0.220753, 0.000000, 0.000000, 0.000000, 1.000000, 0.095970, 0.063768, 0.993339, 0.242753, -0.993468, -0.055761, 0.099562, -0.049088, 0.061738, -0.996406, 0.058000, 0.203583, 0.000000, 0.000000, 0.000000, 1.000000, -0.997450, 0.022047, 0.067871, -0.018347, 0.067099, -0.034053, 0.997165, -0.100901, 0.024296, 0.999177, 0.032487, 0.016315, 0.000000, 0.000000, 0.000000, 1.000000
18.8921, 48.9597, -3.5032, 220.7275, 242.7275, -48.9597, 203.5766, -18.5356, -100.8643, 16.3083, 0.993627, 0.055908, -0.097876, 0.048960, -0.061730, 0.996435, -0.057503, -0.003503, 0.094312, 0.063179, 0.993536, 0.220728, 0.000000, 0.000000, 0.000000, 1.000000, 0.094312, 0.063179, 0.993536, 0.242728, -0.993627, -0.055908, 0.097876, -0.048960, 0.061730, -0.996435, 0.057503, 0.203577, 0.000000, 0.000000, 0.000000, 1.000000, -0.997353, 0.021810, 0.069369, -0.018536, 0.068588, -0.034716, 0.997041, -0.100864, 0.024154, 0.999159, 0.033128, 0.016308, 0.000000, 0.000000, 0.000000, 1.000000
19.0459, 48.8180, -3.4862, 220.7085, 242.7085, -48.8180, 203.5597, -18.6634, -100.8307, 16.3124, 0.993944, 0.055677, -0.094737, 0.048818, -0.061301, 0.996460, -0.057528, -0.003486, 0.091199, 0.062988, 0.993839, 0.220708, 0.000000, 0.000000, 0.000000, 1.000000, 0.091199, 0.062988, 0.993839, 0.242708, -0.993944, -0.055677, 0.094737, -0.048818, 0.061301, -0.996460, 0.057528, 0.203560, 0.000000, 0.000000, 0.000000, 1.000000, -0.997381, 0.021953, 0.068908, -0.018663, 0.068117, -0.034960, 0.997065, -0.100831, 0.024298, 0.999148, 0.033373, 0.016312, 0.000000, 0.000000, 0.000000, 1.000000
19.1914, 48.6755, -3.4838, 220.7017, 242.7017, -48.6755, 203.5572, -18.7770, -100.7862, 16.3033, 0.994133, 0.055664, -0.092744, 0.048676, -0.061245, 0.996410, -0.058453, -0.003484, 0.089158, 0.063790, 0.993973, 0.220702, 0.000000, 0.000000, 0.000000, 1.000000, 0.089158, 0.063790, 0.993973, 0.242702, -0.994133, -0.055664, 0.092744, -0.048676, 0.061245, -0.996410, 0.058453, 0.203557, 0.000000, 0.000000, 0.000000, 1.000000, -0.997351, 0.021857, 0.069378, -0.018777, 0.068608, -0.034213, 0.997057, -0.100786, 0.024167, 0.999176, 0.032622, 0.016303, 0.000000, 0.000000, 0.000000, 1.000000
19.3526, 48.5469, -3.4819, 220.7282, 242.7282, -48.5469, 203.5553, -18.9326, -100.7038, 16.2979, 0.994497, 0.056043, -0.088517, 0.048547, -0.061245, 0.996483, -0.057190, -0.003482, 0.085000, 0.062297, 0.994432, 0.220728, 0.000000, 0.000000, 0.000000, 1.000000, 0.085000, 0.062297, 0.994432, 0.242728, -0.994497, -0.056043, 0.088517, -0.048547, 0.061245, -0.996483, 0.057190, 0.203555, 0.000000, 0.000000, 0.000000, 1.000000, -0.997451, 0.021413, 0.068062, -0.018933, 0.067270, -0.035776, 0.997093, -0.100704, 0.023786, 0.999130, 0.034244, 0.016298, 0.000000, 0.000000, 0.000000, 1.000000
19.5161, 48.3949, -3.4687, 220.7135, 242.7135, -48.3949, 203.5422, -19.0671, -100.6621, 16.2979, 0.994585, 0.055862, -0.087638, 0.048395, -0.061071, 0.996452, -0.057918, -0.003469, 0.084091, 0.062957, 0.994467, 0.220713, 0.000000, 0.000000, 0.000000, 1.000000, 0.084091, 0.062957, 0.994467, 0.242713, -0.994585, -0.055862, 0.087638, -0.048395, 0.061071, -0.996452, 0.057918, 0.203542, 0.000000, 0.000000, 0.000000, 1.000000, -0.997318, 0.021480, 0.069973, -0.019067, 0.069192, -0.035173, 0.996983, -0.100662, 0.023876, 0.999150, 0.033592, 0.016298, 0.000000, 0.000000, 0.000000, 1.000000
19.6699, 48.2509, -3.4611, 220.7355, 242.7355, -48.2509, 203.5345, -19.1934, -100.5869, 16.2966, 0.994992, 0.055855, -0.082893, 0.048251, -0.060857, 0.996396, -0.059094, -0.003461, 0.079293, 0.063843, 0.994805, 0.220735, 0.000000, 0.000000, 0.000000, 1.000000, 0.079293, 0.063843, 0.994805, 0.242735, -0.994992, -0.055855, 0.082893, -0.048251, 0.060857, -0.996396, 0.059094, 0.203535, 0.000000, 0.000000, 0.000000, 1.000000, -0.997468, 0.021379, 0.067823, -0.019193, 0.067066, -0.034343, 0.997157, -0.100587, 0.023647, 0.999181, 0.032822, 0.016297, 0.000000, 0.000000, 0.000000, 1.000000
19.8035, 48.1227, -3.4508, 220.7047, 242.7047, -48.1227, 203.5243, -19.2991, -100.5715, 16.2939, 0.995099, 0.055558, -0.081798, 0.048123, -0.060492, 0.996416, -0.059121, -0.003451, 0.078221, 0.063779, 0.994894, 0.220705, 0.000000, 0.000000, 0.000000, 1.000000, 0.078221, 0.063779, 0.994894, 0.242705, -0.995099, -0.055558, 0.081798, -0.048123, 0.060492, -0.996416, 0.059121, 0.203524, 0.000000, 0.000000, 0.000000, 1.000000, -0.997379, 0.021597, 0.069055, -0.019299, 0.068287, -0.034454, 0.997071, -0.100571, 0.023913, 0.999173, 0.032889, 0.016294, 0.000000, 0.000000, 0.000000, 1.000000
19.9854, 47.9795, -3.4469, 220.7377, 242.7377, -47.9795, 203.5204, -19.4754, -100.4755, 16.2901, 0.995405, 0.056040, -0.077640, 0.047979, -0.060707, 0.996404, -0.059114, -0.003447, 0.074048, 0.063556, 0.995227, 0.220738, 0.000000, 0.000000, 0.000000, 1.000000, 0.074048, 0.063556, 0.995227, 0.242738, -0.995405, -0.056040, 0.077640, -0.047979, 0.060707, -0.996404, 0.059114, 0.203520, 0.000000, 0.000000, 0.000000, 1.000000, -0.997459, 0.021008, 0.068073, -0.019475, 0.067319, -0.034749, 0.997126, -0.100475, 0.023313, 0.999175, 0.033247, 0.016290, 0.000000, 0.000000, 0.000000, 1.000000
20.1287, 47.8542, -3.4351, 220.7724, 242.7724, -47.8542, 203.5085, -19.6008, -100.3918, 16.2956, 0.995713, 0.055755, -0.073799, 0.047854, -0.060217, 0.996399, -0.059682, -0.003435, 0.070205, 0.063871, 0.995486, 0.220772, 0.000000, 0.000000, 0.000000, 1.000000, 0.070205, 0.063871, 0.995486, 0.242772, -0.995713, -0.055755, 0.073799, -0.047854, 0.060217, -0.996399, 0.059682, 0.203509, 0.000000, 0.000000, 0.000000, 1.000000, -0.997548, 0.021204, 0.066692, -0.019601, 0.065937, -0.034485, 0.997228, -0.100392, 0.023445, 0.999180, 0.033002, 0.016296, 0.000000, 0.000000, 0.000000, 1.000000
20.2636, 47.7005, -3.4383, 220.7161, 242.7161, -47.7005, 203.5118, -19.6841, -100.4000, 16.2751, 0.995671, 0.055822, -0.074311, 0.047701, -0.060233, 0.996468, -0.058504, -0.003438, 0.070783, 0.062727, 0.995518, 0.220716, 0.000000, 0.000000, 0.000000, 1.000000, 0.070783, 0.062727, 0.995518, 0.242716, -0.995671, -0.055822, 0.074311, -0.047701, 0.060233, -0.996468, 0.058504, 0.203512, 0.000000, 0.000000, 0.000000, 1.000000, -0.997350, 0.021060, 0.069642, -0.019684, 0.068863, -0.035681, 0.996988, -0.100400, 0.023482, 0.999141, 0.034136, 0.016275, 0.000000, 0.000000, 0.000000, 1.000000
20.3985, 47.5679, -3.4288, 220.7204, 242.7204, -47.5679, 203.5023, -19.7875, -100.3493, 16.2748, 0.995963, 0.055936, -0.070200, 0.047568, -0.060191, 0.996380, -0.060041, -0.003429, 0.066588, 0.064024, 0.995724, 0.220720, 0.000000, 0.000000, 0.000000, 1.000000, 0.066588, 0.064024, 0.995724, 0.242720, -0.995963, -0.055936, 0.070200, -0.047568, 0.060191, -0.996380, 0.060041, 0.203502, 0.000000, 0.000000, 0.000000, 1.000000, -0.997483, 0.020859, 0.067773, -0.019788, 0.067031, -0.034431, 0.997157, -0.100349, 0.023133, 0.999189, 0.032946, 0.016275, 0.000000, 0.000000, 0.000000, 1.000000
20.5326, 47.4192, -3.4113, 220.6757, 242.6757, -47.4192, 203.4847, -19.8728, -100.3486, 16.2764, 0.996071, 0.055606, -0.068930, 0.047419, -0.059844, 0.996341, -0.061022, -0.003411, 0.065285, 0.064907, 0.995753, 0.220676, 0.000000, 0.000000, 0.000000, 1.000000, 0.065285, 0.064907, 0.995753, 0.242676, -0.996071, -0.055606, 0.068930, -0.047419, 0.059844, -0.996341, 0.061022, 0.203485, 0.000000, 0.000000, 0.000000, 1.000000, -0.997410, 0.021109, 0.068764, -0.019873, 0.068033, -0.033596, 0.997117, -0.100349, 0.023358, 0.999213, 0.032073, 0.016276, 0.000000, 0.000000, 0.000000, 1.000000
20.6776, 47.2824, -3.4083, 220.7020, 242.7020, -47.2824, 203.4817, -19.9899, -100.2720, 16.2715, 0.996322, 0.055852, -0.064987, 0.047282, -0.059740, 0.996438, -0.059516, -0.003408, 0.061431, 0.063179, 0.996110, 0.220702, 0.000000, 0.000000, 0.000000, 1.000000, 0.061431, 0.063179, 0.996110, 0.242702, -0.996322, -0.055852, 0.064987, -0.047282, 0.059740, -0.996438, 0.059516, 0.203482, 0.000000, 0.000000, 0.000000, 1.000000, -0.997505, 0.020774, 0.067473, -0.019990, 0.066712, -0.035378, 0.997145, -0.100272, 0.023101, 0.999158, 0.033904, 0.016271, 0.000000, 0.000000, 0.000000, 1.000000
20.8305, 47.1382, -3.4007, 220.6345, 242.6345, -47.1382, 203.4742, -20.1138, -100.2866, 16.2613, 0.996365, 0.055598, -0.064542, 0.047138, -0.059462, 0.996450, -0.059590, -0.003401, 0.061000, 0.063211, 0.996134, 0.220634, 0.000000, 0.000000, 0.000000, 1.000000, 0.061000, 0.063211, 0.996134, 0.242634, -0.996365, -0.055598, 0.064542, -0.047138, 0.059462, -0.996450, 0.059590, 0.203474, 0.000000, 0.000000, 0.000000, 1.000000, -0.997349, 0.020934, 0.069686, -0.020114, 0.068918, -0.035404, 0.996994, -0.100287, 0.023338, 0.999154, 0.033867, 0.016261, 0.000000, 0.000000, 0.000000, 1.000000
20.9927, 47.0011, -3.3911, 220.6465, 242.6465, -47.0011, 203.4646, -20.2600, -100.2190, 16.2615, 0.996508, 0.055536, -0.062350, 0.047001, -0.059267, 0.996457, -0.059681, -0.003391, 0.058815, 0.063167, 0.996268, 0.220646, 0.000000, 0.000000, 0.000000, 1.000000, 0.058815, 0.063167, 0.996268, 0.242646, -0.996508, -0.055536, 0.062350, -0.047001, 0.059267, -0.996457, 0.059681, 0.203465, 0.000000, 0.000000, 0.000000, 1.000000, -0.997306, 0.020895, 0.070316, -0.020260, 0.069547, -0.035507, 0.996947, -0.100219, 0.023328, 0.999151, 0.033958, 0.016261, 0.000000, 0.000000, 0.000000, 1.000000
21.1474, 46.8576, -3.3689, 220.6386, 242.6386, -46.8576, 203.4424, -20.3859, -100.1750, 16.2717, 0.996726, 0.055763, -0.058542, 0.046858, -0.059303, 0.996399, -0.060590, -0.003369, 0.054953, 0.063864, 0.996444, 0.220639, 0.000000, 0.000000, 0.000000, 1.000000, 0.054953, 0.063864, 0.996444, 0.242639, -0.996726, -0.055763, 0.058542, -0.046858, 0.059303, -0.996399, 0.060590, 0.203442, 0.000000, 0.000000, 0.000000, 1.000000, -0.997394, 0.020579, 0.069145, -0.020386, 0.068402, -0.034863, 0.997048, -0.100175, 0.022929, 0.999180, 0.033365, 0.016272, 0.000000, 0.000000, 0.000000, 1.000000
21.3086, 46.7090, -3.3783, 220.6798, 242.6798, -46.7090, 203.4517, -20.5196, -100.0769, 16.2551, 0.996900, 0.055796, -0.055472, 0.046709, -0.059095, 0.996465, -0.059714, -0.003378, 0.051944, 0.062807, 0.996673, 0.220680, 0.000000, 0.000000, 0.000000, 1.000000, 0.051944, 0.062807, 0.996673, 0.242680, -0.996900, -0.055796, 0.055472, -0.046709, 0.059095, -0.996465, 0.059714, 0.203452, 0.000000, 0.000000, 0.000000, 1.000000, -0.997410, 0.020433, 0.068960, -0.020520, 0.068197, -0.035979, 0.997023, -0.100077, 0.022854, 0.999144, 0.034492, 0.016255, 0.000000, 0.000000, 0.000000, 1.000000
21.4436, 46.5863, -3.3643, 220.6565, 242.6565, -46.5863, 203.4378, -20.6323, -100.0545, 16.2573, 0.997015, 0.055868, -0.053285, 0.046586, -0.059064, 0.996423, -0.060434, -0.003364, 0.049718, 0.063401, 0.996749, 0.220657, 0.000000, 0.000000, 0.000000, 1.000000, 0.049718, 0.063401, 0.996749, 0.242657, -0.997015, -0.055868, 0.053285, -0.046586, 0.059064, -0.996423, 0.060434, 0.203438, 0.000000, 0.000000, 0.000000, 1.000000, -0.997405, 0.020286, 0.069075, -0.020632, 0.068329, -0.035431, 0.997034, -0.100054, 0.022674, 0.999166, 0.033953, 0.016257, 0.000000, 0.000000, 0.000000, 1.000000
21.5881, 46.4159, -3.3481, 220.6275, 242.6275, -46.4159, 203.4216, -20.7143, -100.0353, 16.2574, 0.997113, 0.055922, -0.051374, 0.046416, -0.059020, 0.996397, -0.060911, -0.003348, 0.047783, 0.063767, 0.996820, 0.220627, 0.000000, 0.000000, 0.000000, 1.000000, 0.047783, 0.063767, 0.996820, 0.242627, -0.997113, -0.055922, 0.051374, -0.046416, 0.059020, -0.996397, 0.060911, 0.203422, 0.000000, 0.000000, 0.000000, 1.000000, -0.997368, 0.020149, 0.069652, -0.020714, 0.068917, -0.035114, 0.997004, -0.100035, 0.022535, 0.999180, 0.033633, 0.016257, 0.000000, 0.000000, 0.000000, 1.000000
21.7332, 46.2958, -3.3386, 220.6066, 242.6066, -46.2958, 203.4121, -20.8475, -100.0064, 16.2556, 0.997225, 0.055792, -0.049297, 0.046296, -0.058792, 0.996364, -0.061657, -0.003339, 0.045678, 0.064384, 0.996879, 0.220607, 0.000000, 0.000000, 0.000000, 1.000000, 0.045678, 0.064384, 0.996879, 0.242607, -0.997225, -0.055792, 0.049297, -0.046296, 0.058792, -0.996364, 0.061657, 0.203412, 0.000000, 0.000000, 0.000000, 1.000000, -0.997339, 0.020203, 0.070051, -0.020847, 0.069326, -0.034551, 0.996996, -0.100006, 0.022563, 0.999199, 0.033058, 0.016256, 0.000000, 0.000000, 0.000000, 1.000000
21.8751, 46.1507, -3.3278, 220.5712, 242.5712, -46.1507, 203.4013, -20.9507, -99.9937, 16.2517, 0.997259, 0.055700, -0.048706, 0.046151, -0.058586, 0.996479, -0.059980, -0.003328, 0.045193, 0.062669, 0.997011, 0.220571, 0.000000, 0.000000, 0.000000, 1.000000, 0.045193, 0.062669, 0.997011, 0.242571, -0.997259, -0.055700, 0.048706, -0.046151, 0.058586, -0.996479, 0.059980, 0.203401, 0.000000, 0.000000, 0.000000, 1.000000, -0.997196, 0.020170, 0.072059, -0.020951, 0.071295, -0.036320, 0.996794, -0.099994, 0.022722, 0.999137, 0.034780, 0.016252, 0.000000, 0.000000, 0.000000, 1.000000
22.0579, 46.0029, -3.3095, 220.6006, 242.6006, -46.0029, 203.3830, -21.1200, -99.9024, 16.2614, 0.997500, 0.055805, -0.043359, 0.046003, -0.058394, 0.996432, -0.060942, -0.003310, 0.039803, 0.063321, 0.997199, 0.220601, 0.000000, 0.000000, 0.000000, 1.000000, 0.039803, 0.063321, 0.997199, 0.242601, -0.997500, -0.055805, 0.043359, -0.046003, 0.058394, -0.996432, 0.060942, 0.203383, 0.000000, 0.000000, 0.000000, 1.000000, -0.997358, 0.019966, 0.069844, -0.021120, 0.069101, -0.035728, 0.996970, -0.099902, 0.022401, 0.999162, 0.034254, 0.016261, 0.000000, 0.000000, 0.000000, 1.000000
22.2363, 45.8775, -3.3063, 220.5818, 242.5818, -45.8775, 203.3797, -21.3065, -99.8586, 16.2532, 0.997520, 0.055660, -0.043083, 0.045878, -0.058205, 0.996484, -0.060262, -0.003306, 0.039578, 0.062621, 0.997252, 0.220582, 0.000000, 0.000000, 0.000000, 1.000000, 0.039578, 0.062621, 0.997252, 0.242582, -0.997520, -0.055660, 0.043083, -0.045878, 0.058205, -0.996484, 0.060262, 0.203380, 0.000000, 0.000000, 0.000000, 1.000000, -0.997152, 0.019979, 0.072725, -0.021306, 0.071964, -0.036496, 0.996739, -0.099859, 0.022568, 0.999134, 0.034954, 0.016253, 0.000000, 0.000000, 0.000000, 1.000000
22.3704, 45.7407, -3.2950, 220.5621, 242.5621, -45.7407, 203.3685, -21.4035, -99.8332, 16.2520, 0.997582, 0.055766, -0.041486, 0.045741, -0.058261, 0.996400, -0.061588, -0.003295, 0.037902, 0.063856, 0.997239, 0.220562, 0.000000, 0.000000, 0.000000, 1.000000, 0.037902, 0.063856, 0.997239, 0.242562, -0.997582, -0.055766, 0.041486, -0.045741, 0.058261, -0.996400, 0.061588, 0.203368, 0.000000, 0.000000, 0.000000, 1.000000, -0.997108, 0.019827, 0.073367, -0.021404, 0.072638, -0.035302, 0.996733, -0.099833, 0.022352, 0.999180, 0.033760, 0.016252, 0.000000, 0.000000, 0.000000, 1.000000
22.5497, 45.5743, -3.2912, 220.5429, 242.5429, -45.5743, 203.3647, -21.5506, -99.7906, 16.2411, 0.997730, 0.055778, -0.037745, 0.045574, -0.058066, 0.996352, -0.062537, -0.003291, 0.034119, 0.064587, 0.997329, 0.220543, 0.000000, 0.000000, 0.000000, 1.000000, 0.034119, 0.064587, 0.997329, 0.242543, -0.997730, -0.055778, 0.037745, -0.045574, 0.058066, -0.996352, 0.062537, 0.203365, 0.000000, 0.000000, 0.000000, 1.000000, -0.997159, 0.019730, 0.072692, -0.021551, 0.071981, -0.034632, 0.996805, -0.099791, 0.022185, 0.999205, 0.033114, 0.016241, 0.000000, 0.000000, 0.000000, 1.000000
22.6956, 45.4551, -3.2769, 220.6030, 242.6030, -45.4551, 203.3504, -21.6823, -99.6812, 16.2521, 0.997842, 0.055885, -0.034480, 0.045455, -0.057951, 0.996383, -0.062150, -0.003277, 0.030882, 0.064014, 0.997471, 0.220603, 0.000000, 0.000000, 0.000000, 1.000000, 0.030882, 0.064014, 0.997471, 0.242603, -0.997842, -0.055885, 0.034480, -0.045455, 0.057951, -0.996383, 0.062150, 0.203350, 0.000000, 0.000000, 0.000000, 1.000000, -0.997213, 0.019513, 0.072011, -0.021682, 0.071294, -0.035251, 0.996832, -0.099681, 0.021990, 0.999188, 0.033762, 0.016252, 0.000000, 0.000000, 0.000000, 1.000000
22.8828, 45.3140, -3.2730, 220.6163, 242.6163, -45.3140, 203.3464, -21.8663, -99.6023, 16.2465, 0.997959, 0.055958, -0.030774, 0.045314, -0.057794, 0.996376, -0.062415, -0.003273, 0.027170, 0.064066, 0.997576, 0.220616, 0.000000, 0.000000, 0.000000, 1.000000, 0.027170, 0.064066, 0.997576, 0.242616, -0.997959, -0.055958, 0.030774, -0.045314, 0.057794, -0.996376, 0.062415, 0.203346, 0.000000, 0.000000, 0.000000, 1.000000, -0.997249, 0.019327, 0.071561, -0.021866, 0.070850, -0.035260, 0.996864, -0.099602, 0.021789, 0.999191, 0.033794, 0.016247, 0.000000, 0.000000, 0.000000, 1.000000
23.0199, 45.1646, -3.2574, 220.5153, 242.5153, -45.1646, 203.3309, -21.9595, -99.6578, 16.2406, 0.997922, 0.055772, -0.032265, 0.045165, -0.057740, 0.996299, -0.063676, -0.003257, 0.028594, 0.065407, 0.997449, 0.220515, 0.000000, 0.000000, 0.000000, 1.000000, 0.028594, 0.065407, 0.997449, 0.242515, -0.997922, -0.055772, 0.032265, -0.045165, 0.057740, -0.996299, 0.063676, 0.203331, 0.000000, 0.000000, 0.000000, 1.000000, -0.996968, 0.019486, 0.075334, -0.021959, 0.074645, -0.033973, 0.996631, -0.099658, 0.021980, 0.999233, 0.032415, 0.016241, 0.000000, 0.000000, 0.000000, 1.000000
23.1653, 45.0312, -3.2452, 220.5854, 242.5854, -45.0312, 203.3186, -22.0751, -99.5391, 16.2494, 0.998103, 0.056062, -0.025465, 0.045031, -0.057597, 0.996271, -0.064232, -0.003245, 0.021769, 0.065576, 0.997610, 0.220585, 0.000000, 0.000000, 0.000000, 1.000000, 0.021769, 0.065576, 0.997610, 0.242585, -0.998103, -0.056062, 0.025465, -0.045031, 0.057597, -0.996271, 0.064232, 0.203319, 0.000000, 0.000000, 0.000000, 1.000000, -0.997289, 0.019118, 0.071059, -0.022075, 0.070386, -0.033838, 0.996946, -0.099539, 0.021465, 0.999244, 0.032401, 0.016249, 0.000000, 0.000000, 0.000000, 1.000000
23.3086, 44.8748, -3.2507, 220.5427, 242.5427, -44.8748, 203.3241, -22.1708, -99.5326, 16.2277, 0.998106, 0.055925, -0.025646, 0.044875, -0.057451, 0.996346, -0.063203, -0.003251, 0.022018, 0.064557, 0.997671, 0.220543, 0.000000, 0.000000, 0.000000, 1.000000, 0.022018, 0.064557, 0.997671, 0.242543, -0.998106, -0.055925, 0.025646, -0.044875, 0.057451, -0.996346, 0.063203, 0.203324, 0.000000, 0.000000, 0.000000, 1.000000, -0.997089, 0.019121, 0.073809, -0.022171, 0.073112, -0.034913, 0.996712, -0.099533, 0.021635, 0.999207, 0.033413, 0.016228, 0.000000, 0.000000, 0.000000, 1.000000
23.4694, 44.7665, -3.2460, 220.6028, 242.6028, -44.7665, 203.3195, -22.3386, -99.4159, 16.2300, 0.998183, 0.055991, -0.022248, 0.044766, -0.057290, 0.996377, -0.062847, -0.003246, 0.018649, 0.064007, 0.997775, 0.220603, 0.000000, 0.000000, 0.000000, 1.000000, 0.018649, 0.064007, 0.997775, 0.242603, -0.998183, -0.055991, 0.022248, -0.044766, 0.057290, -0.996377, 0.062847, 0.203319, 0.000000, 0.000000, 0.000000, 1.000000, -0.997134, 0.018929, 0.073254, -0.022339, 0.072550, -0.035513, 0.996732, -0.099416, 0.021469, 0.999190, 0.034038, 0.016230, 0.000000, 0.000000, 0.000000, 1.000000
23.6254, 44.5940, -3.2336, 220.5312, 242.5312, -44.5940, 203.3070, -22.4407, -99.4358, 16.2220, 0.998220, 0.055890, -0.020822, 0.044594, -0.057096, 0.996398, -0.062697, -0.003234, 0.017242, 0.063774, 0.997815, 0.220531, 0.000000, 0.000000, 0.000000, 1.000000, 0.017242, 0.063774, 0.997815, 0.242531, -0.998220, -0.055890, 0.020822, -0.044594, 0.057096, -0.996398, 0.062697, 0.203307, 0.000000, 0.000000, 0.000000, 1.000000, -0.997037, 0.018921, 0.074560, -0.022441, 0.073849, -0.035803, 0.996627, -0.099436, 0.021527, 0.999180, 0.034299, 0.016222, 0.000000, 0.000000, 0.000000, 1.000000
23.7582, 44.4752, -3.2247, 220.5595, 242.5595, -44.4752, 203.2982, -22.5504, -99.3628, 16.2245, 0.998285, 0.055760, -0.017813, 0.044475, -0.056772, 0.996425, -0.062557, -0.003225, 0.014261, 0.063461, 0.997882, 0.220559, 0.000000, 0.000000, 0.000000, 1.000000, 0.014261, 0.063461, 0.997882, 0.242559, -0.998285, -0.055760, 0.017813, -0.044475, 0.056772, -0.996425, 0.062557, 0.203298, 0.000000, 0.000000, 0.000000, 1.000000, -0.997087, 0.018950, 0.073886, -0.022550, 0.073167, -0.036167, 0.996664, -0.099363, 0.021559, 0.999166, 0.034675, 0.016225, 0.000000, 0.000000, 0.000000, 1.000000
23.9203, 44.3251, -3.2175, 220.4890, 242.4890, -44.3251, 203.2910, -22.6860, -99.3777, 16.2132, 0.998270, 0.055743, -0.018680, 0.044325, -0.056821, 0.996375, -0.063306, -0.003218, 0.015083, 0.064258, 0.997819, 0.220489, 0.000000, 0.000000, 0.000000, 1.000000, 0.015083, 0.064258, 0.997819, 0.242489, -0.998270, -0.055743, 0.018680, -0.044325, 0.056821, -0.996375, 0.063306, 0.203291, 0.000000, 0.000000, 0.000000, 1.000000, -0.996812, 0.018912, 0.077513, -0.022686, 0.076810, -0.035425, 0.996416, -0.099378, 0.021590, 0.999193, 0.033860, 0.016213, 0.000000, 0.000000, 0.000000, 1.000000
24.0636, 44.1789, -3.1975, 220.5554, 242.5554, -44.1789, 203.2710, -22.7831, -99.2654, 16.2284, 0.998358, 0.056116, -0.011512, 0.044179, -0.056747, 0.996276, -0.064908, -0.003198, 0.007827, 0.065455, 0.997825, 0.220555, 0.000000, 0.000000, 0.000000, 1.000000, 0.007827, 0.065455, 0.997825, 0.242555, -0.998358, -0.056116, 0.011512, -0.044179, 0.056747, -0.996276, 0.064908, 0.203271, 0.000000, 0.000000, 0.000000, 1.000000, -0.997178, 0.018524, 0.072758, -0.022783, 0.072095, -0.034252, 0.996809, -0.099265, 0.020957, 0.999242, 0.032820, 0.016228, 0.000000, 0.000000, 0.000000, 1.000000
24.2174, 44.0543, -3.1981, 220.5296, 242.5296, -44.0543, 203.2715, -22.9274, -99.2371, 16.2158, 0.998371, 0.055623, -0.012707, 0.044054, -0.056318, 0.996406, -0.063265, -0.003198, 0.009143, 0.063878, 0.997916, 0.220530, 0.000000, 0.000000, 0.000000, 1.000000, 0.009143, 0.063878, 0.997916, 0.242530, -0.998371, -0.055623, 0.012707, -0.044054, 0.056318, -0.996406, 0.063265, 0.203272, 0.000000, 0.000000, 0.000000, 1.000000, -0.996873, 0.018824, 0.076744, -0.022927, 0.076034, -0.035911, 0.996458, -0.099237, 0.021513, 0.999178, 0.034367, 0.016216, 0.000000, 0.000000, 0.000000, 1.000000
24.3606, 43.9186, -3.1901, 220.5803, 242.5803, -43.9186, 203.2636, -23.0362, -99.1386, 16.2182, 0.998402, 0.055930, -0.008112, 0.043919, -0.056336, 0.996360, -0.063969, -0.003190, 0.004505, 0.064324, 0.997919, 0.220580, 0.000000, 0.000000, 0.000000, 1.000000, 0.004505, 0.064324, 0.997919, 0.242580, -0.998402, -0.055930, 0.008112, -0.043919, 0.056336, -0.996360, 0.063969, 0.203264, 0.000000, 0.000000, 0.000000, 1.000000, -0.997042, 0.018456, 0.074614, -0.023036, 0.073926, -0.035491, 0.996632, -0.099139, 0.021042, 0.999200, 0.034021, 0.016218, 0.000000, 0.000000, 0.000000, 1.000000
24.5237, 43.7574, -3.1776, 220.5924, 242.5924, -43.7574, 203.2510, -23.1561, -99.0726, 16.2195, 0.998435, 0.055664, -0.005387, 0.043757, -0.055897, 0.996330, -0.064816, -0.003178, 0.001759, 0.065016, 0.997883, 0.220592, 0.000000, 0.000000, 0.000000, 1.000000, 0.001759, 0.065016, 0.997883, 0.242592, -0.998435, -0.055664, 0.005387, -0.043757, 0.055897, -0.996330, 0.064816, 0.203251, 0.000000, 0.000000, 0.000000, 1.000000, -0.997033, 0.018669, 0.074677, -0.023156, 0.073995, -0.034871, 0.996649, -0.099073, 0.021210, 0.999217, 0.033386, 0.016220, 0.000000, 0.000000, 0.000000, 1.000000
24.6678, 43.6366, -3.1786, 220.5973, 242.5973, -43.6366, 203.2521, -23.2848, -99.0174, 16.2097, 0.998431, 0.055901, -0.003226, 0.043637, -0.055993, 0.996381, -0.063946, -0.003179, -0.000361, 0.064026, 0.997948, 0.220597, 0.000000, 0.000000, 0.000000, 1.000000, -0.000361, 0.064026, 0.997948, 0.242597, -0.998431, -0.055901, 0.003226, -0.043637, 0.055993, -0.996381, 0.063946, 0.203252, 0.000000, 0.000000, 0.000000, 1.000000, -0.997009, 0.018273, 0.075100, -0.023285, 0.074410, -0.035888, 0.996582, -0.099017, 0.020906, 0.999189, 0.034421, 0.016210, 0.000000, 0.000000, 0.000000, 1.000000
24.8313, 43.4882, -3.1621, 220.5633, 242.5633, -43.4882, 203.2355, -23.4212, -98.9966, 16.2114, 0.998438, 0.055826, -0.002016, 0.043488, -0.055841, 0.996412, -0.063598, -0.003162, -0.001542, 0.063611, 0.997974, 0.220563, 0.000000, 0.000000, 0.000000, 1.000000, -0.001542, 0.063611, 0.997974, 0.242563, -0.998438, -0.055826, 0.002016, -0.043488, 0.055841, -0.996412, 0.063598, 0.203236, 0.000000, 0.000000, 0.000000, 1.000000, -0.996883, 0.018215, 0.076766, -0.023421, 0.076067, -0.036361, 0.996440, -0.098997, 0.020941, 0.999173, 0.034862, 0.016211, 0.000000, 0.000000, 0.000000, 1.000000
24.9667, 43.3564, -3.1610, 220.5602, 242.5602, -43.3564, 203.2345, -23.5241, -98.9540, 16.2021, 0.998458, 0.055519, -0.000205, 0.043356, -0.055419, 0.996419, -0.063855, -0.003161, -0.003341, 0.063768, 0.997959, 0.220560, 0.000000, 0.000000, 0.000000, 1.000000, -0.003341, 0.063768, 0.997959, 0.242560, -0.998458, -0.055519, 0.000205, -0.043356, 0.055419, -0.996419, 0.063855, 0.203234, 0.000000, 0.000000, 0.000000, 1.000000, -0.996837, 0.018447, 0.077300, -0.023524, 0.076595, -0.036272, 0.996402, -0.098954, 0.021185, 0.999172, 0.034744, 0.016202, 0.000000, 0.000000, 0.000000, 1.000000
25.1191, 43.1964, -3.1467, 220.5603, 242.5603, -43.1964, 203.2201, -23.6274, -98.9048, 16.2040, 0.998443, 0.055704, 0.002810, 0.043196, -0.055414, 0.996443, -0.063493, -0.003147, -0.006337, 0.063239, 0.997978, 0.220560, 0.000000, 0.000000, 0.000000, 1.000000, -0.006337, 0.063239, 0.997978, 0.242560, -0.998443, -0.055704, -0.002810, -0.043196, 0.055414, -0.996443, 0.063493, 0.203220, 0.000000, 0.000000, 0.000000, 1.000000, -0.996868, 0.018124, 0.076980, -0.023627, 0.076275, -0.036834, 0.996406, -0.098905, 0.020894, 0.999157, 0.035336, 0.016204, 0.000000, 0.000000, 0.000000, 1.000000
25.2813, 43.0659, -3.1469, 220.5666, 242.5666, -43.0659, 203.2204, -23.7769, -98.8416, 16.1944, 0.998445, 0.055401, 0.006257, 0.043066, -0.054900, 0.996509, -0.062903, -0.003147, -0.009720, 0.062462, 0.998000, 0.220567, 0.000000, 0.000000, 0.000000, 1.000000, -0.009720, 0.062462, 0.998000, 0.242567, -0.998445, -0.055401, -0.006257, -0.043066, 0.054900, -0.996509, 0.062903, 0.203220, 0.000000, 0.000000, 0.000000, 1.000000, -0.996909, 0.018257, 0.076416, -0.023777, 0.075689, -0.037686, 0.996419, -0.098842, 0.021071, 0.999123, 0.036188, 0.016194, 0.000000, 0.000000, 0.000000, 1.000000
25.4259, 42.9323, -3.1556, 220.5660, 242.5660, -42.9323, 203.2291, -23.8942, -98.7920, 16.1755, 0.998433, 0.055478, 0.007274, 0.042932, -0.054925, 0.996576, -0.061797, -0.003156, -0.010677, 0.061301, 0.998062, 0.220566, 0.000000, 0.000000, 0.000000, 1.000000, -0.010677, 0.061301, 0.998062, 0.242566, -0.998433, -0.055478, -0.007274, -0.042932, 0.054925, -0.996576, 0.061797, 0.203229, 0.000000, 0.000000, 0.000000, 1.000000, -0.996791, 0.017986, 0.078001, -0.023894, 0.077257, -0.038883, 0.996253, -0.098792, 0.020951, 0.999082, 0.037369, 0.016175, 0.000000, 0.000000, 0.000000, 1.000000
25.6135, 42.7721, -3.1350, 220.5372, 242.5372, -42.7721, 203.2085, -24.0597, -98.7576, 16.1808, 0.998410, 0.055549, 0.009574, 0.042772, -0.054822, 0.996425, -0.064276, -0.003135, -0.013111, 0.063649, 0.997886, 0.220537, 0.000000, 0.000000, 0.000000, 1.000000, -0.013111, 0.063649, 0.997886, 0.242537, -0.998410, -0.055549, -0.009574, -0.042772, 0.054822, -0.996425, 0.064276, 0.203208, 0.000000, 0.000000, 0.000000, 1.000000, -0.996728, 0.017996, 0.078794, -0.024060, 0.078098, -0.036594, 0.996274, -0.098758, 0.020813, 0.999168, 0.035069, 0.016181, 0.000000, 0.000000, 0.000000, 1.000000
25.7506, 42.6505, -3.1329, 220.5508, 242.5508, -42.6505, 203.2063, -24.1738, -98.6972, 16.1750, 0.998401, 0.055466, 0.010942, 0.042651, -0.054674, 0.996528, -0.062792, -0.003133, -0.014387, 0.062094, 0.997967, 0.220551, 0.000000, 0.000000, 0.000000, 1.000000, -0.014387, 0.062094, 0.997967, 0.242551, -0.998401, -0.055466, -0.010942, -0.042651, 0.054674, -0.996528, 0.062792, 0.203206, 0.000000, 0.000000, 0.000000, 1.000000, -0.996641, 0.017850, 0.079928, -0.024174, 0.079202, -0.038195, 0.996127, -0.098697, 0.020833, 0.999111, 0.036653, 0.016175, 0.000000, 0.000000, 0.000000, 1.000000
25.9115, 42.5077, -3.1172, 220.5834, 242.5834, -42.5077, 203.1907, -24.3048, -98.6112, 16.1828, 0.998343, 0.055621, 0.014768, 0.042508, -0.054568, 0.996452, -0.064076, -0.003117, -0.018280, 0.063164, 0.997836, 0.220583, 0.000000, 0.000000, 0.000000, 1.000000, -0.018280, 0.063164, 0.997836, 0.242583, -0.998343, -0.055621, -0.014768, -0.042508, 0.054568, -0.996452, 0.064076, 0.203191, 0.000000, 0.000000, 0.000000, 1.000000, -0.996732, 0.017689, 0.078825, -0.024305, 0.078128, -0.037163, 0.996250, -0.098611, 0.020552, 0.999153, 0.035660, 0.016183, 0.000000, 0.000000, 0.000000, 1.000000
26.0446, 42.3568, -3.1088, 220.6067, 242.6067, -42.3568, 203.1822, -24.3812, -98.5464, 16.1819, 0.998256, 0.055969, 0.018772, 0.042357, -0.054644, 0.996393, -0.064916, -0.003109, -0.022337, 0.063777, 0.997714, 0.220607, 0.000000, 0.000000, 0.000000, 1.000000, -0.022337, 0.063777, 0.997714, 0.242607, -0.998256, -0.055969, -0.018772, -0.042357, 0.054644, -0.996393, 0.064916, 0.203182, 0.000000, 0.000000, 0.000000, 1.000000, -0.996873, 0.017314, 0.077098, -0.024381, 0.076427, -0.036559, 0.996405, -0.098546, 0.020070, 0.999182, 0.035121, 0.016182, 0.000000, 0.000000, 0.000000, 1.000000
26.1980, 42.2202, -3.0947, 220.5433, 242.5433, -42.2202, 203.1682, -24.5148, -98.5580, 16.1791, 0.998286, 0.055673, 0.018066, 0.042220, -0.054385, 0.996381, -0.065320, -0.003095, -0.021638, 0.064225, 0.997701, 0.220543, 0.000000, 0.000000, 0.000000, 1.000000, -0.021638, 0.064225, 0.997701, 0.242543, -0.998286, -0.055673, -0.018066, -0.042220, 0.054385, -0.996381, 0.065320, 0.203168, 0.000000, 0.000000, 0.000000, 1.000000, -0.996605, 0.017555, 0.080437, -0.024515, 0.079763, -0.036188, 0.996157, -0.098558, 0.020398, 0.999191, 0.034665, 0.016179, 0.000000, 0.000000, 0.000000, 1.000000
26.3531, 42.0850, -3.0998, 220.6002, 242.6002, -42.0850, 203.1733, -24.6418, -98.4477, 16.1693, 0.998202, 0.055767, 0.021979, 0.042085, -0.054255, 0.996457, -0.064270, -0.003100, -0.025485, 0.062962, 0.997691, 0.220600, 0.000000, 0.000000, 0.000000, 1.000000, -0.025485, 0.062962, 0.997691, 0.242600, -0.998202, -0.055767, -0.021979, -0.042085, 0.054255, -0.996457, 0.064270, 0.203173, 0.000000, 0.000000, 0.000000, 1.000000, -0.996700, 0.017235, 0.079320, -0.024642, 0.078632, -0.037485, 0.996199, -0.098448, 0.020143, 0.999149, 0.036006, 0.016169, 0.000000, 0.000000, 0.000000, 1.000000
26.5232, 41.7951, -3.0695, 220.5587, 242.5587, -41.7951, 203.1430, -24.6489, -98.4477, 16.1731, 0.998134, 0.055810, 0.024787, 0.041795, -0.054083, 0.996378, -0.065622, -0.003070, -0.028360, 0.064159, 0.997537, 0.220559, 0.000000, 0.000000, 0.000000, 1.000000, -0.028360, 0.064159, 0.997537, 0.242559, -0.998134, -0.055810, -0.024787, -0.041795, 0.054083, -0.996378, 0.065622, 0.203143, 0.000000, 0.000000, 0.000000, 1.000000, -0.996696, 0.017206, 0.079385, -0.024649, 0.078721, -0.036338, 0.996234, -0.098448, 0.020026, 0.999191, 0.034864, 0.016173, 0.000000, 0.000000, 0.000000, 1.000000
26.6810, 41.6716, -3.0430, 220.5906, 242.5906, -41.6716, 203.1164, -24.7921, -98.3637, 16.1931, 0.998043, 0.056070, 0.027667, 0.041672, -0.054051, 0.996151, -0.069003, -0.003043, -0.031430, 0.067373, 0.997233, 0.220591, 0.000000, 0.000000, 0.000000, 1.000000, -0.031430, 0.067373, 0.997233, 0.242591, -0.998043, -0.056070, -0.027667, -0.041672, 0.054051, -0.996151, 0.069003, 0.203116, 0.000000, 0.000000, 0.000000, 1.000000, -0.996725, 0.017191, 0.079017, -0.024792, 0.078416, -0.033157, 0.996369, -0.098364, 0.019748, 0.999302, 0.031700, 0.016193, 0.000000, 0.000000, 0.000000, 1.000000
26.8748, 41.5390, -3.0508, 220.6099, 242.6099, -41.5390, 203.1243, -24.9915, -98.2735, 16.1771, 0.998041, 0.055630, 0.028627, 0.041539, -0.053698, 0.996484, -0.064310, -0.003051, -0.032104, 0.062647, 0.997519, 0.220610, 0.000000, 0.000000, 0.000000, 1.000000, -0.032104, 0.062647, 0.997519, 0.242610, -0.998041, -0.055630, -0.028627, -0.041539, 0.053698, -0.996484, 0.064310, 0.203124, 0.000000, 0.000000, 0.000000, 1.000000, -0.996506, 0.016995, 0.081773, -0.024991, 0.081083, -0.037969, 0.995984, -0.098273, 0.020032, 0.999134, 0.036459, 0.016177, 0.000000, 0.000000, 0.000000, 1.000000
27.0211, 41.3728, -3.0349, 220.6183, 242.6183, -41.3728, 203.1084, -25.0757, -98.2210, 16.1809, 0.997848, 0.055854, 0.034351, 0.041373, -0.053449, 0.996298, -0.067335, -0.003035, -0.037985, 0.065354, 0.997139, 0.220618, 0.000000, 0.000000, 0.000000, 1.000000, -0.037985, 0.065354, 0.997139, 0.242618, -0.997848, -0.055854, -0.034351, -0.041373, 0.053449, -0.996298, 0.067335, 0.203108, 0.000000, 0.000000, 0.000000, 1.000000, -0.996777, 0.016981, 0.078404, -0.025076, 0.077768, -0.035293, 0.996347, -0.098221, 0.019686, 0.999233, 0.033858, 0.016181, 0.000000, 0.000000, 0.000000, 1.000000
27.1749, 41.2646, -3.0424, 220.6144, 242.6144, -41.2646, 203.1158, -25.2330, -98.1686, 16.1648, 0.997904, 0.055713, 0.032932, 0.041265, -0.053507, 0.996487, -0.064425, -0.003042, -0.036406, 0.062528, 0.997379, 0.220614, 0.000000, 0.000000, 0.000000, 1.000000, -0.036406, 0.062528, 0.997379, 0.242614, -0.997904, -0.055713, -0.032932, -0.041265, 0.053507, -0.996487, 0.064425, 0.203116, 0.000000, 0.000000, 0.000000, 1.000000, -0.996435, 0.016700, 0.082700, -0.025233, 0.082016, -0.038166, 0.995900, -0.098169, 0.019788, 0.999132, 0.036660, 0.016165, 0.000000, 0.000000, 0.000000, 1.000000
27.3248, 41.1156, -3.0230, 220.6310, 242.6310, -41.1156, 203.0965, -25.3388, -98.1051, 16.1742, 0.997815, 0.055667, 0.035586, 0.041116, -0.053207, 0.996354, -0.066685, -0.003023, -0.039168, 0.064646, 0.997139, 0.220631, 0.000000, 0.000000, 0.000000, 1.000000, -0.039168, 0.064646, 0.997139, 0.242631, -0.997815, -0.055667, -0.035586, -0.041116, 0.053207, -0.996354, 0.066685, 0.203096, 0.000000, 0.000000, 0.000000, 1.000000, -0.996448, 0.016896, 0.082502, -0.025339, 0.081852, -0.036109, 0.995990, -0.098105, 0.019807, 0.999205, 0.034598, 0.016174, 0.000000, 0.000000, 0.000000, 1.000000
27.4812, 40.9855, -3.0202, 220.6133, 242.6133, -40.9855, 203.0936, -25.4799, -98.0686, 16.1654, 0.997841, 0.055485, 0.035130, 0.040985, -0.053126, 0.996480, -0.064846, -0.003020, -0.038604, 0.062839, 0.997277, 0.220613, 0.000000, 0.000000, 0.000000, 1.000000, -0.038604, 0.062839, 0.997277, 0.242613, -0.997841, -0.055485, -0.035130, -0.040985, 0.053126, -0.996480, 0.064846, 0.203094, 0.000000, 0.000000, 0.000000, 1.000000, -0.996171, 0.016759, 0.085808, -0.025480, 0.085124, -0.037973, 0.995646, -0.098069, 0.019945, 0.999138, 0.036401, 0.016165, 0.000000, 0.000000, 0.000000, 1.000000
27.6073, 40.8282, -3.0077, 220.6226, 242.6226, -40.8282, 203.0812, -25.5380, -98.0234, 16.1666, 0.997596, 0.055948, 0.040898, 0.040828, -0.053104, 0.996299, -0.067592, -0.003008, -0.044528, 0.065258, 0.996874, 0.220623, 0.000000, 0.000000, 0.000000, 1.000000, -0.044528, 0.065258, 0.996874, 0.242623, -0.997596, -0.055948, -0.040898, -0.040828, 0.053104, -0.996299, 0.067592, 0.203081, 0.000000, 0.000000, 0.000000, 1.000000, -0.996490, 0.016514, 0.082064, -0.025538, 0.081438, -0.035548, 0.996044, -0.098023, 0.019366, 0.999232, 0.034078, 0.016167, 0.000000, 0.000000, 0.000000, 1.000000
27.7405, 40.6931, -3.0084, 220.6298, 242.6298, -40.6931, 203.0819, -25.6311, -97.9731, 16.1562, 0.997594, 0.055535, 0.041489, 0.040693, -0.052782, 0.996506, -0.064732, -0.003008, -0.044939, 0.062386, 0.997040, 0.220630, 0.000000, 0.000000, 0.000000, 1.000000, -0.044939, 0.062386, 0.997040, 0.242630, -0.997594, -0.055535, -0.041489, -0.040693, 0.052782, -0.996506, 0.064732, 0.203082, 0.000000, 0.000000, 0.000000, 1.000000, -0.996330, 0.016481, 0.083996, -0.025631, 0.083313, -0.038493, 0.995780, -0.097973, 0.019645, 0.999123, 0.036978, 0.016156, 0.000000, 0.000000, 0.000000, 1.000000
27.8829, 40.5711, -3.0002, 220.6305, 242.6305, -40.5711, 203.0736, -25.7533, -97.9245, 16.1551, 0.997592, 0.055401, 0.041726, 0.040571, -0.052597, 0.996463, -0.065544, -0.003000, -0.045210, 0.063191, 0.996977, 0.220631, 0.000000, 0.000000, 0.000000, 1.000000, -0.045210, 0.063191, 0.996977, 0.242631, -0.997592, -0.055401, -0.041726, -0.040571, 0.052597, -0.996463, 0.065544, 0.203074, 0.000000, 0.000000, 0.000000, 1.000000, -0.996141, 0.016622, 0.086176, -0.025753, 0.085501, -0.037752, 0.995623, -0.097924, 0.019802, 0.999149, 0.036185, 0.016155, 0.000000, 0.000000, 0.000000, 1.000000
28.0103, 40.4049, -2.9953, 220.6549, 242.6549, -40.4049, 203.0688, -25.8031, -97.8645, 16.1496, 0.997457, 0.055357, 0.044879, 0.040405, -0.052356, 0.996478, -0.065503, -0.002995, -0.048347, 0.062987, 0.996843, 0.220655, 0.000000, 0.000000, 0.000000, 1.000000, -0.048347, 0.062987, 0.996843, 0.242655, -0.997457, -0.055357, -0.044879, -0.040405, 0.052356, -0.996478, 0.065503, 0.203069, 0.000000, 0.000000, 0.000000, 1.000000, -0.996221, 0.016554, 0.085257, -0.025803, 0.084581, -0.037997, 0.995692, -0.097865, 0.019722, 0.999141, 0.036454, 0.016150, 0.000000, 0.000000, 0.000000, 1.000000
28.1637, 40.2830, -3.0072, 220.7069, 242.7069, -40.2830, 203.0806, -25.9381, -97.7584, 16.1336, 0.997265, 0.055303, 0.049040, 0.040283, -0.052147, 0.996620, -0.063471, -0.003007, -0.052384, 0.060740, 0.996778, 0.220707, 0.000000, 0.000000, 0.000000, 1.000000, -0.052384, 0.060740, 0.996778, 0.242707, -0.997265, -0.055303, -0.049040, -0.040283, 0.052147, -0.996620, 0.063471, 0.203081, 0.000000, 0.000000, 0.000000, 1.000000, -0.996340, 0.016207, 0.083928, -0.025938, 0.083220, -0.040278, 0.995717, -0.097758, 0.019518, 0.999057, 0.038782, 0.016134, 0.000000, 0.000000, 0.000000, 1.000000
28.3351, 40.1395, -2.9703, 220.7251, 242.7251, -40.1395, 203.0438, -26.0837, -97.6854, 16.1610, 0.997093, 0.055563, 0.052128, 0.040140, -0.052016, 0.996390, -0.067095, -0.002970, -0.055668, 0.064188, 0.996384, 0.220725, 0.000000, 0.000000, 0.000000, 1.000000, -0.055668, 0.064188, 0.996384, 0.242725, -0.997093, -0.055563, -0.052128, -0.040140, 0.052016, -0.996390, 0.067095, 0.203044, 0.000000, 0.000000, 0.000000, 1.000000, -0.996368, 0.016297, 0.083572, -0.026084, 0.082927, -0.036870, 0.995873, -0.097685, 0.019311, 0.999187, 0.035384, 0.016161, 0.000000, 0.000000, 0.000000, 1.000000
28.4730, 40.0145, -2.9841, 220.7302, 242.7302, -40.0145, 203.0575, -26.1955, -97.6327, 16.1383, 0.997186, 0.055195, 0.050740, 0.040015, -0.051929, 0.996625, -0.063584, -0.002984, -0.054078, 0.060770, 0.996686, 0.220730, 0.000000, 0.000000, 0.000000, 1.000000, -0.054078, 0.060770, 0.996686, 0.242730, -0.997186, -0.055195, -0.050740, -0.040015, 0.051929, -0.996625, 0.063584, 0.203058, 0.000000, 0.000000, 0.000000, 1.000000, -0.996025, 0.016101, 0.087603, -0.026196, 0.086896, -0.040351, 0.995400, -0.097633, 0.019562, 0.999056, 0.038792, 0.016138, 0.000000, 0.000000, 0.000000, 1.000000
28.6172, 39.8507, -2.9728, 220.6963, 242.6963, -39.8507, 203.0463, -26.2835, -97.6236, 16.1336, 0.997149, 0.054922, 0.051748, 0.039851, -0.051580, 0.996626, -0.063851, -0.002973, -0.055080, 0.060999, 0.996617, 0.220696, 0.000000, 0.000000, 0.000000, 1.000000, -0.055080, 0.060999, 0.996617, 0.242696, -0.997149, -0.054922, -0.051748, -0.039851, 0.051580, -0.996626, 0.063851, 0.203046, 0.000000, 0.000000, 0.000000, 1.000000, -0.995891, 0.016302, 0.089085, -0.026284, 0.088372, -0.040203, 0.995276, -0.097624, 0.019806, 0.999059, 0.038597, 0.016134, 0.000000, 0.000000, 0.000000, 1.000000
28.8040, 39.7225, -2.9986, 220.7803, 242.7803, -39.7225, 203.0720, -26.4642, -97.4699, 16.1064, 0.996889, 0.054837, 0.056621, 0.039722, -0.051430, 0.996874, -0.059979, -0.002999, -0.059733, 0.056880, 0.996593, 0.220780, 0.000000, 0.000000, 0.000000, 1.000000, -0.059733, 0.056880, 0.996593, 0.242780, -0.996889, -0.054837, -0.056621, -0.039722, 0.051430, -0.996874, 0.059979, 0.203072, 0.000000, 0.000000, 0.000000, 1.000000, -0.996019, 0.015661, 0.087754, -0.026464, 0.086986, -0.044348, 0.995222, -0.097470, 0.019478, 0.998893, 0.042810, 0.016106, 0.000000, 0.000000, 0.000000, 1.000000
28.9222, 39.6058, -2.9662, 220.7912, 242.7912, -39.6058, 203.0396, -26.5465, -97.4245, 16.1307, 0.996873, 0.054745, 0.056991, 0.039606, -0.051149, 0.996718, -0.062753, -0.002966, -0.060239, 0.059642, 0.996401, 0.220791, 0.000000, 0.000000, 0.000000, 1.000000, -0.060239, 0.059642, 0.996401, 0.242791, -0.996873, -0.054745, -0.056991, -0.039606, 0.051149, -0.996718, 0.062753, 0.203040, 0.000000, 0.000000, 0.000000, 1.000000, -0.995880, 0.016065, 0.089243, -0.026547, 0.088510, -0.041660, 0.995204, -0.097425, 0.019706, 0.999003, 0.040066, 0.016131, 0.000000, 0.000000, 0.000000, 1.000000
29.1111, 39.4326, -2.9722, 220.7797, 242.7797, -39.4326, 203.0457, -26.6989, -97.3724, 16.1103, 0.996513, 0.055001, 0.062740, 0.039433, -0.051110, 0.996765, -0.062018, -0.002972, -0.065948, 0.058596, 0.996101, 0.220780, 0.000000, 0.000000, 0.000000, 1.000000, -0.065948, 0.058596, 0.996101, 0.242780, -0.996513, -0.055001, -0.062740, -0.039433, 0.051110, -0.996765, 0.062018, 0.203046, 0.000000, 0.000000, 0.000000, 1.000000, -0.996100, 0.015518, 0.086853, -0.026699, 0.086124, -0.042709, 0.995369, -0.097372, 0.019155, 0.998967, 0.041206, 0.016110, 0.000000, 0.000000, 0.000000, 1.000000
29.2377, 39.3281, -2.9450, 220.7905, 242.7905, -39.3281, 203.0184, -26.8076, -97.3210, 16.1304, 0.996651, 0.054952, 0.060559, 0.039328, -0.050987, 0.996570, -0.065180, -0.002945, -0.063933, 0.061874, 0.996034, 0.220790, 0.000000, 0.000000, 0.000000, 1.000000, -0.063933, 0.061874, 0.996034, 0.242790, -0.996651, -0.054952, -0.060559, -0.039328, 0.050987, -0.996570, 0.065180, 0.203018, 0.000000, 0.000000, 0.000000, 1.000000, -0.995723, 0.015968, 0.091000, -0.026808, 0.090312, -0.039507, 0.995130, -0.097321, 0.019486, 0.999092, 0.037896, 0.016130, 0.000000, 0.000000, 0.000000, 1.000000
29.3902, 39.1729, -2.9554, 220.8852, 242.8852, -39.1729, 203.0289, -26.8992, -97.1786, 16.1175, 0.996151, 0.054975, 0.068264, 0.039173, -0.050767, 0.996790, -0.061913, -0.002955, -0.071449, 0.058209, 0.995744, 0.220885, 0.000000, 0.000000, 0.000000, 1.000000, -0.071449, 0.058209, 0.995744, 0.242885, -0.996151, -0.054975, -0.068264, -0.039173, 0.050767, -0.996790, 0.061913, 0.203029, 0.000000, 0.000000, 0.000000, 1.000000, -0.996160, 0.015276, 0.086205, -0.026899, 0.085477, -0.043171, 0.995404, -0.097179, 0.018927, 0.998951, 0.041699, 0.016117, 0.000000, 0.000000, 0.000000, 1.000000
29.5141, 39.0476, -2.9514, 220.8804, 242.8804, -39.0476, 203.0248, -26.9864, -97.1444, 16.1114, 0.996263, 0.054776, 0.066777, 0.039048, -0.050603, 0.996751, -0.062671, -0.002951, -0.069993, 0.059057, 0.995798, 0.220880, 0.000000, 0.000000, 0.000000, 1.000000, -0.069993, 0.059057, 0.995798, 0.242880, -0.996263, -0.054776, -0.066777, -0.039048, 0.050603, -0.996751, 0.062671, 0.203025, 0.000000, 0.000000, 0.000000, 1.000000, -0.995840, 0.015511, 0.089786, -0.026986, 0.089061, -0.042397, 0.995123, -0.097144, 0.019242, 0.998980, 0.040839, 0.016111, 0.000000, 0.000000, 0.000000, 1.000000
29.6846, 38.8953, -2.9502, 220.8593, 242.8593, -38.8953, 203.0236, -27.1287, -97.1083, 16.0989, 0.996182, 0.054772, 0.067980, 0.038895, -0.050596, 0.996811, -0.061706, -0.002950, -0.071143, 0.058031, 0.995777, 0.220859, 0.000000, 0.000000, 0.000000, 1.000000, -0.071143, 0.058031, 0.995777, 0.242859, -0.996182, -0.054772, -0.067980, -0.038895, 0.050596, -0.996811, 0.061706, 0.203024, 0.000000, 0.000000, 0.000000, 1.000000, -0.995678, 0.015226, 0.091616, -0.027129, 0.090881, -0.043457, 0.994913, -0.097108, 0.019130, 0.998939, 0.041886, 0.016099, 0.000000, 0.000000, 0.000000, 1.000000
29.8301, 38.7738, -2.9496, 220.9175, 242.9175, -38.7738, 203.0231, -27.2460, -97.0013, 16.0958, 0.996073, 0.054285, 0.069945, 0.038774, -0.050208, 0.997007, -0.058785, -0.002950, -0.072927, 0.055043, 0.995817, 0.220917, 0.000000, 0.000000, 0.000000, 1.000000, -0.072927, 0.055043, 0.995817, 0.242917, -0.996073, -0.054285, -0.069945, -0.038774, 0.050208, -0.997007, 0.058785, 0.203023, 0.000000, 0.000000, 0.000000, 1.000000, -0.995608, 0.015112, 0.092389, -0.027246, 0.091599, -0.046527, 0.994708, -0.097001, 0.019330, 0.998803, 0.044938, 0.016096, 0.000000, 0.000000, 0.000000, 1.000000
29.9641, 38.6388, -2.9323, 220.8882, 242.8882, -38.6388, 203.0057, -27.3439, -96.9896, 16.0998, 0.996024, 0.054465, 0.070503, 0.038639, -0.050185, 0.996869, -0.061109, -0.002932, -0.073610, 0.057328, 0.995638, 0.220888, 0.000000, 0.000000, 0.000000, 1.000000, -0.073610, 0.057328, 0.995638, 0.242888, -0.996024, -0.054465, -0.070503, -0.038639, 0.050185, -0.996869, 0.061109, 0.203006, 0.000000, 0.000000, 0.000000, 1.000000, -0.995456, 0.015201, 0.093999, -0.027344, 0.093247, -0.044276, 0.994658, -0.096990, 0.019282, 0.998904, 0.042658, 0.016100, 0.000000, 0.000000, 0.000000, 1.000000
30.1641, 38.4789, -2.9279, 220.9388, 242.9388, -38.4789, 203.0014, -27.5160, -96.8707, 16.0968, 0.995722, 0.054335, 0.074729, 0.038479, -0.049889, 0.996943, -0.060128, -0.002928, -0.077768, 0.056143, 0.995389, 0.220939, 0.000000, 0.000000, 0.000000, 1.000000, -0.077768, 0.056143, 0.995389, 0.242939, -0.995722, -0.054335, -0.074729, -0.038479, 0.049889, -0.996943, 0.060128, 0.203001, 0.000000, 0.000000, 0.000000, 1.000000, -0.995523, 0.014976, 0.093328, -0.027516, 0.092562, -0.045521, 0.994666, -0.096871, 0.019144, 0.998851, 0.043931, 0.016097, 0.000000, 0.000000, 0.000000, 1.000000
30.3460, 38.3710, -2.9271, 220.9648, 242.9648, -38.3710, 203.0006, -27.7128, -96.7754, 16.0919, 0.995939, 0.053658, 0.072295, 0.038371, -0.049573, 0.997134, -0.057157, -0.002927, -0.075155, 0.053341, 0.995744, 0.220965, 0.000000, 0.000000, 0.000000, 1.000000, -0.075155, 0.053341, 0.995744, 0.242965, -0.995939, -0.053658, -0.072295, -0.038371, 0.049573, -0.997134, 0.057157, 0.203001, 0.000000, 0.000000, 0.000000, 1.000000, -0.994963, 0.015020, 0.099115, -0.027713, 0.098285, -0.048448, 0.993978, -0.096775, 0.019731, 0.998713, 0.046727, 0.016092, 0.000000, 0.000000, 0.000000, 1.000000
30.4958, 38.2208, -2.9272, 221.0170, 243.0170, -38.2208, 203.0007, -27.8090, -96.6770, 16.0855, 0.995442, 0.054264, 0.078423, 0.038221, -0.049832, 0.997106, -0.057408, -0.002927, -0.081311, 0.053238, 0.995266, 0.221017, 0.000000, 0.000000, 0.000000, 1.000000, -0.081311, 0.053238, 0.995266, 0.243017, -0.995442, -0.054264, -0.078423, -0.038221, 0.049832, -0.997106, 0.057408, 0.203001, 0.000000, 0.000000, 0.000000, 1.000000, -0.995318, 0.014278, 0.095594, -0.027809, 0.094802, -0.048481, 0.994315, -0.096677, 0.018831, 0.998722, 0.046901, 0.016085, 0.000000, 0.000000, 0.000000, 1.000000
30.6501, 38.1055, -2.8940, 221.0301, 243.0301, -38.1055, 202.9674, -27.9516, -96.6125, 16.1109, 0.995380, 0.054809, 0.078832, 0.038105, -0.049885, 0.996758, -0.063133, -0.002894, -0.082037, 0.058909, 0.994887, 0.221030, 0.000000, 0.000000, 0.000000, 1.000000, -0.082037, 0.058909, 0.994887, 0.243030, -0.995380, -0.054809, -0.078832, -0.038105, 0.049885, -0.996758, 0.063133, 0.202967, 0.000000, 0.000000, 0.000000, 1.000000, -0.995131, 0.014609, 0.097468, -0.027952, 0.096766, -0.042836, 0.994385, -0.096613, 0.018702, 0.998975, 0.041214, 0.016111, 0.000000, 0.000000, 0.000000, 1.000000
30.8145, 37.9377, -2.8896, 221.0347, 243.0347, -37.9377, 202.9630, -28.0629, -96.5574, 16.1029, 0.995192, 0.054638, 0.081284, 0.037938, -0.049691, 0.996858, -0.061690, -0.002890, -0.084399, 0.057355, 0.994780, 0.221035, 0.000000, 0.000000, 0.000000, 1.000000, -0.084399, 0.057355, 0.994780, 0.243035, -0.995192, -0.054638, -0.081284, -0.037938, 0.049691, -0.996858, 0.061690, 0.202963, 0.000000, 0.000000, 0.000000, 1.000000, -0.995085, 0.014377, 0.097978, -0.028063, 0.097255, -0.044439, 0.994267, -0.096557, 0.018648, 0.998909, 0.042823, 0.016103, 0.000000, 0.000000, 0.000000, 1.000000
30.9379, 37.8430, -2.9050, 221.0650, 243.0650, -37.8430, 202.9785, -28.1733, -96.4820, 16.0833, 0.995382, 0.053825, 0.079479, 0.037843, -0.049364, 0.997149, -0.057064, -0.002905, -0.082324, 0.052877, 0.995202, 0.221065, 0.000000, 0.000000, 0.000000, 1.000000, -0.082324, 0.052877, 0.995202, 0.243065, -0.995382, -0.053825, -0.079479, -0.037843, 0.049364, -0.997149, 0.057064, 0.202978, 0.000000, 0.000000, 0.000000, 1.000000, -0.994658, 0.014270, 0.102235, -0.028173, 0.101426, -0.049026, 0.993634, -0.096482, 0.019192, 0.998696, 0.047316, 0.016083, 0.000000, 0.000000, 0.000000, 1.000000
31.0922, 37.6767, -2.8788, 221.0953, 243.0953, -37.6767, 202.9523, -28.2627, -96.4090, 16.0995, 0.994593, 0.054787, 0.088218, 0.037677, -0.049382, 0.996833, -0.062331, -0.002879, -0.091354, 0.057637, 0.994149, 0.221095, 0.000000, 0.000000, 0.000000, 1.000000, -0.091354, 0.057637, 0.994149, 0.243095, -0.994593, -0.054787, -0.088218, -0.037677, 0.049382, -0.996833, 0.062331, 0.202952, 0.000000, 0.000000, 0.000000, 1.000000, -0.995297, 0.014066, 0.095841, -0.028263, 0.095138, -0.044203, 0.994482, -0.096409, 0.018225, 0.998924, 0.042657, 0.016100, 0.000000, 0.000000, 0.000000, 1.000000
31.2376, 37.5876, -2.8975, 221.1029, 243.1029, -37.5876, 202.9709, -28.4197, -96.3437, 16.0749, 0.995374, 0.053656, 0.079700, 0.037588, -0.049256, 0.997204, -0.056189, -0.002897, -0.082492, 0.052003, 0.995234, 0.221103, 0.000000, 0.000000, 0.000000, 1.000000, -0.082492, 0.052003, 0.995234, 0.243103, -0.995374, -0.053656, -0.079700, -0.037588, 0.049256, -0.997204, 0.056189, 0.202971, 0.000000, 0.000000, 0.000000, 1.000000, -0.994131, 0.014016, 0.107271, -0.028420, 0.106450, -0.049990, 0.993061, -0.096344, 0.019282, 0.998651, 0.048205, 0.016075, 0.000000, 0.000000, 0.000000, 1.000000
31.3783, 37.4121, -2.8981, 221.1793, 243.1793, -37.4121, 202.9716, -28.4695, -96.2314, 16.0683, 0.994674, 0.053721, 0.087968, 0.037412, -0.048924, 0.997242, -0.055817, -0.002898, -0.090724, 0.051216, 0.994558, 0.221179, 0.000000, 0.000000, 0.000000, 1.000000, -0.090724, 0.051216, 0.994558, 0.243179, -0.994674, -0.053721, -0.087968, -0.037412, 0.048924, -0.997242, 0.055817, 0.202972, 0.000000, 0.000000, 0.000000, 1.000000, -0.994742, 0.013681, 0.101498, -0.028469, 0.100685, -0.050785, 0.993621, -0.096231, 0.018748, 0.998616, 0.049141, 0.016068, 0.000000, 0.000000, 0.000000, 1.000000
31.5400, 37.2872, -2.8944, 221.1575, 243.1575, -37.2872, 202.9678, -28.6226, -96.1958, 16.0604, 0.994651, 0.053688, 0.088249, 0.037287, -0.048827, 0.997216, -0.056349, -0.002894, -0.091029, 0.051739, 0.994503, 0.221158, 0.000000, 0.000000, 0.000000, 1.000000, -0.091029, 0.051739, 0.994503, 0.243158, -0.994651, -0.053688, -0.088249, -0.037287, 0.048827, -0.997216, 0.056349, 0.202968, 0.000000, 0.000000, 0.000000, 1.000000, -0.994485, 0.013670, 0.103986, -0.028623, 0.103180, -0.050317, 0.993389, -0.096196, 0.018812, 0.998640, 0.048629, 0.016060, 0.000000, 0.000000, 0.000000, 1.000000
31.6578, 37.1762, -2.8968, 221.1647, 243.1647, -37.1762, 202.9703, -28.7104, -96.1506, 16.0501, 0.994958, 0.053034, 0.085122, 0.037176, -0.048577, 0.997380, -0.053602, -0.002897, -0.087742, 0.049197, 0.994928, 0.221165, 0.000000, 0.000000, 0.000000, 1.000000, -0.087742, 0.049197, 0.994928, 0.243165, -0.994958, -0.053034, -0.085122, -0.037176, 0.048577, -0.997380, 0.053602, 0.202970, 0.000000, 0.000000, 0.000000, 1.000000, -0.993911, 0.013716, 0.109326, -0.028710, 0.108461, -0.052967, 0.992689, -0.096151, 0.019407, 0.998502, 0.051156, 0.016050, 0.000000, 0.000000, 0.000000, 1.000000
31.7936, 37.0059, -2.9093, 221.2464, 243.2464, -37.0059, 202.9828, -28.7560, -96.0339, 16.0327, 0.994340, 0.052797, 0.092203, 0.037006, -0.048416, 0.997619, -0.049117, -0.002909, -0.094576, 0.044375, 0.994528, 0.221246, 0.000000, 0.000000, 0.000000, 1.000000, -0.094576, 0.044375, 0.994528, 0.243246, -0.994340, -0.052797, -0.092203, -0.037006, 0.048416, -0.997619, 0.049117, 0.202983, 0.000000, 0.000000, 0.000000, 1.000000, -0.994397, 0.012877, 0.104922, -0.028756, 0.104015, -0.057773, 0.992896, -0.096034, 0.018847, 0.998247, 0.056110, 0.016033, 0.000000, 0.000000, 0.000000, 1.000000
31.9408, 36.9054, -2.9144, 221.2331, 243.2331, -36.9054, 202.9879, -28.9073, -95.9916, 16.0186, 0.994923, 0.052013, 0.086155, 0.036905, -0.048143, 0.997762, -0.046409, -0.002914, -0.088376, 0.042026, 0.995200, 0.221233, 0.000000, 0.000000, 0.000000, 1.000000, -0.088376, 0.042026, 0.995200, 0.243233, -0.994923, -0.052013, -0.086155, -0.036905, 0.048143, -0.997762, 0.046409, 0.202988, 0.000000, 0.000000, 0.000000, 1.000000, -0.993433, 0.013029, 0.113673, -0.028907, 0.112695, -0.060264, 0.991800, -0.095992, 0.019773, 0.998097, 0.058400, 0.016019, 0.000000, 0.000000, 0.000000, 1.000000
32.0783, 36.7506, -2.9193, 221.3025, 243.3025, -36.7506, 202.9927, -28.9726, -95.8842, 16.0088, 0.994009, 0.052174, 0.096043, 0.036751, -0.047998, 0.997820, -0.045289, -0.002919, -0.098197, 0.040408, 0.994346, 0.221303, 0.000000, 0.000000, 0.000000, 1.000000, -0.098197, 0.040408, 0.994346, 0.243303, -0.994009, -0.052174, -0.096043, -0.036751, 0.047998, -0.997820, 0.045289, 0.202993, 0.000000, 0.000000, 0.000000, 1.000000, -0.994259, 0.012401, 0.106276, -0.028973, 0.105318, -0.061845, 0.992514, -0.095884, 0.018881, 0.998009, 0.060184, 0.016009, 0.000000, 0.000000, 0.000000, 1.000000
32.2559, 36.6485, -2.9003, 221.3461, 243.3461, -36.6485, 202.9738, -29.1597, -95.7742, 16.0241, 0.994429, 0.051985, 0.091697, 0.036648, -0.047828, 0.997751, -0.046961, -0.002900, -0.093932, 0.042314, 0.994679, 0.221346, 0.000000, 0.000000, 0.000000, 1.000000, -0.093932, 0.042314, 0.994679, 0.243346, -0.994429, -0.051985, -0.091697, -0.036648, 0.047828, -0.997751, 0.046961, 0.202974, 0.000000, 0.000000, 0.000000, 1.000000, -0.993447, 0.012784, 0.113573, -0.029160, 0.112615, -0.060059, 0.991822, -0.095774, 0.019501, 0.998113, 0.058225, 0.016024, 0.000000, 0.000000, 0.000000, 1.000000
32.3912, 36.4678, -2.9063, 221.3594, 243.3594, -36.4678, 202.9797, -29.2070, -95.7279, 16.0056, 0.993834, 0.051544, 0.098165, 0.036468, -0.047408, 0.997906, -0.044010, -0.002906, -0.100228, 0.039085, 0.994196, 0.221359, 0.000000, 0.000000, 0.000000, 1.000000, -0.100228, 0.039085, 0.994196, 0.243359, -0.993834, -0.051544, -0.098165, -0.036468, 0.047408, -0.997906, 0.044010, 0.202980, 0.000000, 0.000000, 0.000000, 1.000000, -0.993892, 0.012406, 0.109661, -0.029207, 0.108668, -0.063336, 0.992058, -0.095728, 0.019253, 0.997915, 0.061601, 0.016006, 0.000000, 0.000000, 0.000000, 1.000000
32.5512, 36.3867, -2.9224, 221.3445, 243.3445, -36.3867, 202.9958, -29.3991, -95.6753, 15.9819, 0.994526, 0.051077, 0.091156, 0.036387, -0.047639, 0.998083, -0.039501, -0.002922, -0.092999, 0.034942, 0.995053, 0.221344, 0.000000, 0.000000, 0.000000, 1.000000, -0.092999, 0.034942, 0.995053, 0.243344, -0.994526, -0.051077, -0.091156, -0.036387, 0.047639, -0.998083, 0.039501, 0.202996, 0.000000, 0.000000, 0.000000, 1.000000, -0.992740, 0.011816, 0.119696, -0.029399, 0.118639, -0.067515, 0.990639, -0.095675, 0.019787, 0.997648, 0.065623, 0.015982, 0.000000, 0.000000, 0.000000, 1.000000
32.6852, 36.2275, -2.8760, 221.4448, 243.4448, -36.2275, 202.9494, -29.4435, -95.5470, 16.0257, 0.993618, 0.051745, 0.100228, 0.036227, -0.047402, 0.997851, -0.045236, -0.002876, -0.102353, 0.040196, 0.993936, 0.221445, 0.000000, 0.000000, 0.000000, 1.000000, -0.102353, 0.040196, 0.993936, 0.243445, -0.993618, -0.051745, -0.100228, -0.036227, 0.047402, -0.997851, 0.045236, 0.202949, 0.000000, 0.000000, 0.000000, 1.000000, -0.993565, 0.012120, 0.112616, -0.029444, 0.111656, -0.062271, 0.991794, -0.095547, 0.019033, 0.997986, 0.060517, 0.016026, 0.000000, 0.000000, 0.000000, 1.000000
32.8214, 36.1589, -2.9393, 221.4207, 243.4207, -36.1589, 203.0128, -29.6123, -95.5073, 15.9552, 0.994826, 0.050351, 0.088241, 0.036159, -0.047528, 0.998297, -0.033813, -0.002939, -0.089793, 0.029444, 0.995525, 0.221421, 0.000000, 0.000000, 0.000000, 1.000000, -0.089793, 0.029444, 0.995525, 0.243421, -0.994826, -0.050351, -0.088241, -0.036159, 0.047528, -0.998297, 0.033813, 0.203013, 0.000000, 0.000000, 0.000000, 1.000000, -0.991762, 0.011027, 0.127618, -0.029612, 0.126485, -0.073086, 0.989272, -0.095507, 0.020236, 0.997265, 0.071089, 0.015955, 0.000000, 0.000000, 0.000000, 1.000000
32.9845, 35.9756, -2.9088, 221.4890, 243.4890, -35.9756, 202.9823, -29.6889, -95.3987, 15.9781, 0.993906, 0.050709, 0.097879, 0.035976, -0.047316, 0.998206, -0.036679, -0.002909, -0.099564, 0.031824, 0.994522, 0.221489, 0.000000, 0.000000, 0.000000, 1.000000, -0.099564, 0.031824, 0.994522, 0.243489, -0.993906, -0.050709, -0.097879, -0.035976, 0.047316, -0.998206, 0.036679, 0.202982, 0.000000, 0.000000, 0.000000, 1.000000, -0.992632, 0.010987, 0.120669, -0.029689, 0.119603, -0.070721, 0.990300, -0.095399, 0.019415, 0.997436, 0.068886, 0.015978, 0.000000, 0.000000, 0.000000, 1.000000
33.1159, 35.8723, -2.8958, 221.5020, 243.5020, -35.8723, 202.9692, -29.8034, -95.3413, 15.9844, 0.994110, 0.050816, 0.095728, 0.035872, -0.047348, 0.998149, -0.038164, -0.002896, -0.097490, 0.033406, 0.994676, 0.221502, 0.000000, 0.000000, 0.000000, 1.000000, -0.097490, 0.033406, 0.994676, 0.243502, -0.994110, -0.050816, -0.095728, -0.035872, 0.047348, -0.998149, 0.038164, 0.202969, 0.000000, 0.000000, 0.000000, 1.000000, -0.992096, 0.011068, 0.124990, -0.029803, 0.123938, -0.069181, 0.989875, -0.095341, 0.019603, 0.997543, 0.067262, 0.015984, 0.000000, 0.000000, 0.000000, 1.000000
33.2974, 35.7518, -2.9032, 221.5214, 243.5214, -35.7518, 202.9767, -29.9840, -95.2531, 15.9697, 0.994431, 0.050535, 0.092479, 0.035752, -0.047344, 0.998216, -0.036389, -0.002903, -0.094153, 0.031808, 0.995049, 0.221521, 0.000000, 0.000000, 0.000000, 1.000000, -0.094153, 0.031808, 0.995049, 0.243521, -0.994431, -0.050535, -0.092479, -0.035752, 0.047344, -0.998216, 0.036389, 0.202977, 0.000000, 0.000000, 0.000000, 1.000000, -0.991262, 0.010767, 0.131464, -0.029984, 0.130385, -0.070834, 0.988930, -0.095253, 0.019960, 0.997430, 0.068811, 0.015970, 0.000000, 0.000000, 0.000000, 1.000000
33.4419, 35.6388, -2.9275, 221.5205, 243.5205, -35.6388, 203.0009, -30.1159, -95.2001, 15.9369, 0.994683, 0.049517, 0.090300, 0.035639, -0.047057, 0.998466, -0.029170, -0.002927, -0.091606, 0.024765, 0.995487, 0.221520, 0.000000, 0.000000, 0.000000, 1.000000, -0.091606, 0.024765, 0.995487, 0.243520, -0.994683, -0.049517, -0.090300, -0.035639, 0.047057, -0.998466, 0.029170, 0.203001, 0.000000, 0.000000, 0.000000, 1.000000, -0.990582, 0.009993, 0.136558, -0.030116, 0.135377, -0.077937, 0.987724, -0.095200, 0.020514, 0.996908, 0.075850, 0.015937, 0.000000, 0.000000, 0.000000, 1.000000
33.5843, 35.4625, -2.9188, 221.5150, 243.5150, -35.4625, 202.9922, -30.1818, -95.1705, 15.9315, 0.994191, 0.049101, 0.095779, 0.035462, -0.046759, 0.998553, -0.026547, -0.002919, -0.096943, 0.021914, 0.995049, 0.221515, 0.000000, 0.000000, 0.000000, 1.000000, -0.096943, 0.021914, 0.995049, 0.243515, -0.994191, -0.049101, -0.095779, -0.035462, 0.046759, -0.998553, 0.026547, 0.202992, 0.000000, 0.000000, 0.000000, 1.000000, -0.990973, 0.009555, 0.133723, -0.030182, 0.132526, -0.080825, 0.987879, -0.095170, 0.020248, 0.996682, 0.078829, 0.015931, 0.000000, 0.000000, 0.000000, 1.000000
33.7408, 35.3859, -2.9234, 221.5486, 243.5486, -35.3859, 202.9969, -30.3597, -95.0719, 15.9243, 0.994950, 0.048913, 0.087652, 0.035386, -0.046724, 0.998547, -0.026852, -0.002923, -0.088838, 0.022621, 0.995789, 0.221549, 0.000000, 0.000000, 0.000000, 1.000000, -0.088838, 0.022621, 0.995789, 0.243549, -0.994950, -0.048913, -0.087652, -0.035386, 0.046724, -0.998547, 0.026852, 0.202997, 0.000000, 0.000000, 0.000000, 1.000000, -0.989462, 0.009680, 0.144469, -0.030360, 0.143242, -0.080208, 0.986432, -0.095072, 0.021137, 0.996731, 0.077976, 0.015924, 0.000000, 0.000000, 0.000000, 1.000000
33.8955, 34.6725, -3.0206, 221.7436, 243.7436, -34.6725, 203.0941, -29.8830, -94.9524, 15.7924, 0.974839, 0.044913, 0.218337, 0.034673, -0.045028, 0.998976, -0.004451, -0.003021, -0.218313, -0.005492, 0.975863, 0.221744, 0.000000, 0.000000, 0.000000, 1.000000, -0.218313, -0.005492, 0.975863, 0.243744, -0.974839, -0.044913, -0.218337, -0.034673, 0.045028, -0.998976, 0.004451, 0.203094, 0.000000, 0.000000, 0.000000, 1.000000, -0.999837, 0.006773, 0.016758, -0.029883, 0.015926, -0.108382, 0.993982, -0.094952, 0.008549, 0.994086, 0.108257, 0.015792, 0.000000, 0.000000, 0.000000, 1.000000
34.0453, 34.5052, -2.9601, 221.7596, 243.7596, -34.5052, 203.0336, -29.9620, -94.9039, 15.8411, 0.973399, 0.046930, 0.224261, 0.034505, -0.044746, 0.998889, -0.014815, -0.002960, -0.224707, 0.004386, 0.974417, 0.221760, 0.000000, 0.000000, 0.000000, 1.000000, -0.224707, 0.004386, 0.974417, 0.243760, -0.973399, -0.046930, -0.224261, -0.034505, 0.044746, -0.998889, 0.014815, 0.203034, 0.000000, 0.000000, 0.000000, 1.000000, -0.999895, 0.006871, 0.012735, -0.029962, 0.011997, -0.098378, 0.995077, -0.094904, 0.008090, 0.995125, 0.098286, 0.015841, 0.000000, 0.000000, 0.000000, 1.000000
34.1706, 34.4598, -2.9751, 221.8384, 243.8384, -34.4598, 203.0485, -30.1072, -94.7708, 15.8306, 0.976426, 0.046133, 0.210865, 0.034460, -0.044432, 0.998930, -0.012799, -0.002975, -0.211230, 0.003128, 0.977431, 0.221838, 0.000000, 0.000000, 0.000000, 1.000000, -0.211230, 0.003128, 0.977431, 0.243838, -0.976426, -0.046133, -0.210865, -0.034460, 0.044432, -0.998930, 0.012799, 0.203049, 0.000000, 0.000000, 0.000000, 1.000000, -0.999562, 0.007131, 0.028723, -0.030107, 0.027869, -0.099798, 0.994617, -0.094771, 0.009959, 0.994982, 0.099555, 0.015831, 0.000000, 0.000000, 0.000000, 1.000000
34.3375, 34.2765, -2.9480, 221.8378, 243.8378, -34.2765, 203.0215, -30.2045, -94.7295, 15.8433, 0.973666, 0.047126, 0.223054, 0.034276, -0.044257, 0.998861, -0.017844, -0.002948, -0.223641, 0.007502, 0.974643, 0.221838, 0.000000, 0.000000, 0.000000, 1.000000, -0.223641, 0.007502, 0.974643, 0.243838, -0.973666, -0.047126, -0.223054, -0.034276, 0.044257, -0.998861, 0.017844, 0.203021, 0.000000, 0.000000, 0.000000, 1.000000, -0.999798, 0.006933, 0.018880, -0.030205, 0.018134, -0.095355, 0.995278, -0.094730, 0.008700, 0.995419, 0.095210, 0.015843, 0.000000, 0.000000, 0.000000, 1.000000
34.4782, 34.1707, -2.9374, 221.9283, 243.9283, -34.1707, 203.0109, -30.3119, -94.5941, 15.8547, 0.974854, 0.046892, 0.217856, 0.034171, -0.043950, 0.998866, -0.018329, -0.002937, -0.218468, 0.008293, 0.975809, 0.221928, 0.000000, 0.000000, 0.000000, 1.000000, -0.218468, 0.008293, 0.975809, 0.243928, -0.974854, -0.046892, -0.217856, -0.034171, 0.043950, -0.998866, 0.018329, 0.203011, 0.000000, 0.000000, 0.000000, 1.000000, -0.999620, 0.007119, 0.026617, -0.030312, 0.025824, -0.094664, 0.995174, -0.094594, 0.009604, 0.995484, 0.094445, 0.015855, 0.000000, 0.000000, 0.000000, 1.000000
34.6509, 34.0495, -2.9184, 221.9371, 243.9371, -34.0495, 202.9919, -30.4764, -94.5251, 15.8651, 0.974304, 0.047473, 0.220178, 0.034049, -0.043832, 0.998810, -0.021395, -0.002918, -0.220931, 0.011195, 0.975225, 0.221937, 0.000000, 0.000000, 0.000000, 1.000000, -0.220931, 0.011195, 0.975225, 0.243937, -0.974304, -0.047473, -0.220178, -0.034049, 0.043832, -0.998810, 0.021395, 0.202992, 0.000000, 0.000000, 0.000000, 1.000000, -0.999609, 0.006986, 0.027072, -0.030476, 0.026317, -0.091742, 0.995435, -0.094525, 0.009438, 0.995758, 0.091523, 0.015865, 0.000000, 0.000000, 0.000000, 1.000000
34.7963, 33.9034, -2.9056, 221.9749, 243.9749, -33.9034, 202.9791, -30.5650, -94.4480, 15.8703, 0.974399, 0.048128, 0.219615, 0.033903, -0.043700, 0.998732, -0.024982, -0.002906, -0.220538, 0.014745, 0.975267, 0.221975, 0.000000, 0.000000, 0.000000, 1.000000, -0.220538, 0.014745, 0.975267, 0.243975, -0.974399, -0.048128, -0.219615, -0.033903, 0.043700, -0.998732, 0.024982, 0.202979, 0.000000, 0.000000, 0.000000, 1.000000, -0.999526, 0.007002, 0.029975, -0.030565, 0.029241, -0.088172, 0.995676, -0.094448, 0.009615, 0.996081, 0.087925, 0.015870, 0.000000, 0.000000, 0.000000, 1.000000
34.9269, 33.8188, -2.8811, 222.0261, 244.0261, -33.8188, 202.9546, -30.6841, -94.3524, 15.8931, 0.975672, 0.048452, 0.213813, 0.033819, -0.043662, 0.998680, -0.027069, -0.002881, -0.214843, 0.017075, 0.976499, 0.222026, 0.000000, 0.000000, 0.000000, 1.000000, -0.214843, 0.017075, 0.976499, 0.244026, -0.975672, -0.048452, -0.213813, -0.033819, 0.043662, -0.998680, 0.027069, 0.202955, 0.000000, 0.000000, 0.000000, 1.000000, -0.999251, 0.007073, 0.038056, -0.030684, 0.037310, -0.085859, 0.995608, -0.094352, 0.010309, 0.996282, 0.085531, 0.015893, 0.000000, 0.000000, 0.000000, 1.000000
35.1523, 33.6709, -2.8634, 222.0761, 244.0761, -33.6709, 202.9369, -30.8987, -94.2216, 15.9043, 0.974478, 0.048851, 0.219103, 0.033671, -0.043645, 0.998639, -0.028538, -0.002863, -0.220199, 0.018247, 0.975284, 0.222076, 0.000000, 0.000000, 0.000000, 1.000000, -0.220199, 0.018247, 0.975284, 0.244076, -0.974478, -0.048851, -0.219103, -0.033671, 0.043645, -0.998639, 0.028538, 0.202937, 0.000000, 0.000000, 0.000000, 1.000000, -0.999312, 0.006648, 0.036483, -0.030899, 0.035791, -0.084655, 0.995767, -0.094222, 0.009708, 0.996388, 0.084359, 0.015904, 0.000000, 0.000000, 0.000000, 1.000000
35.3158, 33.4949, -2.8541, 222.0258, 244.0258, -33.4949, 202.9275, -31.0101, -94.2268, 15.8951, 0.972216, 0.048158, 0.229080, 0.033495, -0.043156, 0.998709, -0.026798, -0.002854, -0.230075, 0.016167, 0.973039, 0.222026, 0.000000, 0.000000, 0.000000, 1.000000, -0.230075, 0.016167, 0.973039, 0.244026, -0.972216, -0.048158, -0.229080, -0.033495, 0.043156, -0.998709, 0.026798, 0.202928, 0.000000, 0.000000, 0.000000, 1.000000, -0.999552, 0.006540, 0.029203, -0.031010, 0.028525, -0.086855, 0.995812, -0.094227, 0.009050, 0.996199, 0.086630, 0.015895, 0.000000, 0.000000, 0.000000, 1.000000
35.4423, 33.4452, -2.8368, 222.1810, 244.1810, -33.4452, 202.9102, -31.1290, -94.0236, 15.9237, 0.975651, 0.049216, 0.213735, 0.033445, -0.043460, 0.998557, -0.031548, -0.002837, -0.214979, 0.021491, 0.976382, 0.222181, 0.000000, 0.000000, 0.000000, 1.000000, -0.214979, 0.021491, 0.976382, 0.244181, -0.975651, -0.049216, -0.213735, -0.033445, 0.043460, -0.998557, 0.031548, 0.202910, 0.000000, 0.000000, 0.000000, 1.000000, -0.998880, 0.006709, 0.046839, -0.031129, 0.046139, -0.081470, 0.995607, -0.094024, 0.010495, 0.996653, 0.081069, 0.015924, 0.000000, 0.000000, 0.000000, 1.000000
35.5992, 33.2043, -2.8092, 222.0580, 244.0580, -33.2043, 202.8826, -31.1852, -94.1210, 15.9206, 0.971388, 0.049620, 0.232258, 0.033204, -0.042680, 0.998482, -0.034813, -0.002809, -0.233633, 0.023905, 0.972031, 0.222058, 0.000000, 0.000000, 0.000000, 1.000000, -0.233633, 0.023905, 0.972031, 0.244058, -0.971388, -0.049620, -0.232258, -0.033204, 0.042680, -0.998482, 0.034813, 0.202883, 0.000000, 0.000000, 0.000000, 1.000000, -0.999515, 0.006728, 0.030414, -0.031185, 0.029788, -0.079060, 0.996425, -0.094121, 0.009108, 0.996847, 0.078821, 0.015921, 0.000000, 0.000000, 0.000000, 1.000000
35.7495, 33.1257, -2.7978, 222.1388, 244.1388, -33.1257, 202.8713, -31.3343, -93.9831, 15.9338, 0.972791, 0.050460, 0.226124, 0.033126, -0.042846, 0.998341, -0.038456, -0.002798, -0.227690, 0.027721, 0.973339, 0.222139, 0.000000, 0.000000, 0.000000, 1.000000, -0.227690, 0.027721, 0.973339, 0.244139, -0.972791, -0.050460, -0.226124, -0.033126, 0.042846, -0.998341, 0.038456, 0.202871, 0.000000, 0.000000, 0.000000, 1.000000, -0.999212, 0.006719, 0.039106, -0.031334, 0.038492, -0.075184, 0.996427, -0.093983, 0.009635, 0.997147, 0.074866, 0.015934, 0.000000, 0.000000, 0.000000, 1.000000
35.8835, 32.9395, -2.7961, 222.1269, 244.1269, -32.9395, 202.8695, -31.3780, -93.9697, 15.9201, 0.970129, 0.049694, 0.237445, 0.032940, -0.042416, 0.998463, -0.035668, -0.002796, -0.238852, 0.024531, 0.970746, 0.222127, 0.000000, 0.000000, 0.000000, 1.000000, -0.238852, 0.024531, 0.970746, 0.244127, -0.970129, -0.049694, -0.237445, -0.032940, 0.042416, -0.998463, 0.035668, 0.202870, 0.000000, 0.000000, 0.000000, 1.000000, -0.999530, 0.006431, 0.029983, -0.031378, 0.029386, -0.078470, 0.996483, -0.093970, 0.008761, 0.996896, 0.078244, 0.015920, 0.000000, 0.000000, 0.000000, 1.000000
36.0382, 32.7966, -2.7686, 222.1504, 244.1504, -32.7966, 202.8420, -31.4865, -93.9030, 15.9387, 0.970595, 0.050291, 0.235407, 0.032797, -0.042290, 0.998347, -0.038915, -0.002769, -0.236975, 0.027815, 0.971118, 0.222150, 0.000000, 0.000000, 0.000000, 1.000000, -0.236975, 0.027815, 0.971118, 0.244150, -0.970595, -0.050291, -0.235407, -0.032797, 0.042290, -0.998347, 0.038915, 0.202842, 0.000000, 0.000000, 0.000000, 1.000000, -0.999381, 0.006529, 0.034579, -0.031487, 0.033991, -0.075171, 0.996591, -0.093903, 0.009106, 0.997149, 0.074903, 0.015939, 0.000000, 0.000000, 0.000000, 1.000000
36.1819, 32.7060, -2.7668, 222.1774, 244.1774, -32.7060, 202.8403, -31.6274, -93.8223, 15.9362, 0.970745, 0.050253, 0.234794, 0.032706, -0.042347, 0.998357, -0.038595, -0.002767, -0.236348, 0.027523, 0.971279, 0.222177, 0.000000, 0.000000, 0.000000, 1.000000, -0.236348, 0.027523, 0.971279, 0.244177, -0.970745, -0.050253, -0.234794, -0.032706, 0.042347, -0.998357, 0.038595, 0.202840, 0.000000, 0.000000, 0.000000, 1.000000, -0.999268, 0.006297, 0.037726, -0.031627, 0.037144, -0.075478, 0.996455, -0.093822, 0.009122, 0.997128, 0.075189, 0.015936, 0.000000, 0.000000, 0.000000, 1.000000
36.3059, 32.5423, -2.7511, 222.2172, 244.2172, -32.5423, 202.8245, -31.6615, -93.7613, 15.9432, 0.969579, 0.050829, 0.239444, 0.032542, -0.042055, 0.998248, -0.041616, -0.002751, -0.241140, 0.030280, 0.970018, 0.222217, 0.000000, 0.000000, 0.000000, 1.000000, -0.241140, 0.030280, 0.970018, 0.244217, -0.969579, -0.050829, -0.239444, -0.032542, 0.042055, -0.998248, 0.041616, 0.202825, 0.000000, 0.000000, 0.000000, 1.000000, -0.999370, 0.006333, 0.034927, -0.031661, 0.034376, -0.072688, 0.996762, -0.093761, 0.008852, 0.997335, 0.072425, 0.015943, 0.000000, 0.000000, 0.000000, 1.000000
36.4425, 32.4092, -2.7376, 222.2299, 244.2299, -32.4092, 202.8111, -31.7531, -93.7110, 15.9476, 0.968542, 0.051365, 0.243493, 0.032409, -0.042021, 0.998173, -0.043419, -0.002738, -0.245278, 0.031821, 0.968930, 0.222230, 0.000000, 0.000000, 0.000000, 1.000000, -0.245278, 0.031821, 0.968930, 0.244230, -0.968542, -0.051365, -0.243493, -0.032409, 0.042021, -0.998173, 0.043419, 0.202811, 0.000000, 0.000000, 0.000000, 1.000000, -0.999436, 0.006069, 0.033034, -0.031753, 0.032520, -0.071076, 0.996941, -0.093711, 0.008399, 0.997452, 0.070839, 0.015948, 0.000000, 0.000000, 0.000000, 1.000000
36.5805, 32.2786, -2.7295, 222.2516, 244.2516, -32.2786, 202.8030, -31.8470, -93.6501, 15.9477, 0.969165, 0.051307, 0.241011, 0.032279, -0.041898, 0.998152, -0.044006, -0.002730, -0.242823, 0.032552, 0.969524, 0.222252, 0.000000, 0.000000, 0.000000, 1.000000, -0.242823, 0.032552, 0.969524, 0.244252, -0.969165, -0.051307, -0.241011, -0.032279, 0.041898, -0.998152, 0.044006, 0.202803, 0.000000, 0.000000, 0.000000, 1.000000, -0.999261, 0.006158, 0.037954, -0.031847, 0.037427, -0.070406, 0.996816, -0.093650, 0.008811, 0.997499, 0.070124, 0.015948, 0.000000, 0.000000, 0.000000, 1.000000
36.7453, 32.1473, -2.7308, 222.3217, 244.3217, -32.1473, 202.8043, -31.9707, -93.5272, 15.9433, 0.968465, 0.051475, 0.243775, 0.032147, -0.041776, 0.998122, -0.044794, -0.002731, -0.245623, 0.033197, 0.968797, 0.222322, 0.000000, 0.000000, 0.000000, 1.000000, -0.245623, 0.033197, 0.968797, 0.244322, -0.968465, -0.051475, -0.243775, -0.032147, 0.041776, -0.998122, 0.044794, 0.202804, 0.000000, 0.000000, 0.000000, 1.000000, -0.999263, 0.005975, 0.037931, -0.031971, 0.037423, -0.069758, 0.996862, -0.093527, 0.008602, 0.997546, 0.069483, 0.015943, 0.000000, 0.000000, 0.000000, 1.000000
36.8881, 32.0229, -2.7130, 222.3385, 244.3385, -32.0229, 202.7864, -32.0790, -93.4679, 15.9531, 0.968388, 0.051549, 0.244063, 0.032023, -0.041417, 0.998061, -0.046469, -0.002713, -0.245985, 0.034892, 0.968645, 0.222338, 0.000000, 0.000000, 0.000000, 1.000000, -0.245985, 0.034892, 0.968645, 0.244338, -0.968388, -0.051549, -0.244063, -0.032023, 0.041417, -0.998061, 0.046469, 0.202786, 0.000000, 0.000000, 0.000000, 1.000000, -0.999180, 0.006210, 0.040020, -0.032079, 0.039505, -0.068129, 0.996894, -0.093468, 0.008917, 0.997657, 0.067828, 0.015953, 0.000000, 0.000000, 0.000000, 1.000000
37.0375, 31.8663, -2.7348, 222.3419, 244.3419, -31.8663, 202.8083, -32.1728, -93.4221, 15.9197, 0.966734, 0.050907, 0.250668, 0.031866, -0.041410, 0.998216, -0.043019, -0.002735, -0.252411, 0.031208, 0.967117, 0.222342, 0.000000, 0.000000, 0.000000, 1.000000, -0.252411, 0.031208, 0.967117, 0.244342, -0.966734, -0.050907, -0.250668, -0.031866, 0.041410, -0.998216, 0.043019, 0.202808, 0.000000, 0.000000, 0.000000, 1.000000, -0.999336, 0.005595, 0.036017, -0.032173, 0.035523, -0.071853, 0.996782, -0.093422, 0.008165, 0.997400, 0.071607, 0.015920, 0.000000, 0.000000, 0.000000, 1.000000
37.2050, 31.7489, -2.6913, 222.4015, 244.4015, -31.7489, 202.7647, -32.3142, -93.3093, 15.9598, 0.967391, 0.051897, 0.247913, 0.031749, -0.040990, 0.997959, -0.048961, -0.002691, -0.249948, 0.037202, 0.967544, 0.222401, 0.000000, 0.000000, 0.000000, 1.000000, -0.249948, 0.037202, 0.967544, 0.244401, -0.967391, -0.051897, -0.247913, -0.031749, 0.040990, -0.997959, 0.048961, 0.202765, 0.000000, 0.000000, 0.000000, 1.000000, -0.999123, 0.006166, 0.041420, -0.032314, 0.040925, -0.065852, 0.996990, -0.093309, 0.008875, 0.997810, 0.065542, 0.015960, 0.000000, 0.000000, 0.000000, 1.000000
37.3342, 31.6311, -2.6972, 222.4703, 244.4703, -31.6311, 202.7706, -32.3921, -93.2036, 15.9517, 0.967243, 0.051642, 0.248545, 0.031631, -0.041041, 0.998021, -0.047649, -0.002697, -0.250514, 0.035888, 0.967448, 0.222470, 0.000000, 0.000000, 0.000000, 1.000000, -0.250514, 0.035888, 0.967448, 0.244470, -0.967243, -0.051642, -0.248545, -0.031631, 0.041041, -0.998021, 0.047649, 0.202771, 0.000000, 0.000000, 0.000000, 1.000000, -0.999054, 0.005880, 0.043095, -0.032392, 0.042603, -0.067197, 0.996830, -0.093204, 0.008757, 0.997722, 0.066883, 0.015952, 0.000000, 0.000000, 0.000000, 1.000000
37.5078, 31.4698, -2.6794, 222.4593, 244.4593, -31.4698, 202.7529, -32.5229, -93.1641, 15.9559, 0.966240, 0.051703, 0.252402, 0.031470, -0.040643, 0.997979, -0.048843, -0.002679, -0.254418, 0.036935, 0.966389, 0.222459, 0.000000, 0.000000, 0.000000, 1.000000, -0.254418, 0.036935, 0.966389, 0.244459, -0.966240, -0.051703, -0.252402, -0.031470, 0.040643, -0.997979, 0.048843, 0.202753, 0.000000, 0.000000, 0.000000, 1.000000, -0.999097, 0.005925, 0.042067, -0.032523, 0.041584, -0.066196, 0.996940, -0.093164, 0.008691, 0.997789, 0.065890, 0.015956, 0.000000, 0.000000, 0.000000, 1.000000
37.6581, 31.3384, -2.6754, 222.4523, 244.4523, -31.3384, 202.7488, -32.6438, -93.1239, 15.9492, 0.964951, 0.052343, 0.257156, 0.031338, -0.040659, 0.997894, -0.050548, -0.002675, -0.259260, 0.038320, 0.965047, 0.222452, 0.000000, 0.000000, 0.000000, 1.000000, -0.259260, 0.038320, 0.965047, 0.244452, -0.964951, -0.052343, -0.257156, -0.031338, 0.040659, -0.997894, 0.050548, 0.202749, 0.000000, 0.000000, 0.000000, 1.000000, -0.999197, 0.005550, 0.039674, -0.032644, 0.039233, -0.064700, 0.997133, -0.093124, 0.008101, 0.997889, 0.064430, 0.015949, 0.000000, 0.000000, 0.000000, 1.000000
37.8018, 31.1833, -2.6347, 222.5026, 244.5026, -31.1833, 202.7082, -32.7125, -93.0442, 15.9825, 0.964810, 0.052898, 0.257573, 0.031183, -0.040186, 0.997712, -0.054370, -0.002635, -0.259860, 0.042106, 0.964728, 0.222503, 0.000000, 0.000000, 0.000000, 1.000000, -0.259860, 0.042106, 0.964728, 0.244503, -0.964810, -0.052898, -0.257573, -0.031183, 0.040186, -0.997712, 0.054370, 0.202708, 0.000000, 0.000000, 0.000000, 1.000000, -0.999120, 0.005986, 0.041514, -0.032713, 0.041073, -0.060938, 0.997296, -0.093044, 0.008500, 0.998124, 0.060638, 0.015983, 0.000000, 0.000000, 0.000000, 1.000000
37.9406, 31.0326, -2.6583, 222.5284, 244.5284, -31.0326, 202.7318, -32.7877, -92.9819, 15.9501, 0.963128, 0.051958, 0.263981, 0.031033, -0.040123, 0.997941, -0.050034, -0.002658, -0.266037, 0.037597, 0.963229, 0.222528, 0.000000, 0.000000, 0.000000, 1.000000, -0.266037, 0.037597, 0.963229, 0.244528, -0.963128, -0.051958, -0.263981, -0.031033, 0.040123, -0.997941, 0.050034, 0.202732, 0.000000, 0.000000, 0.000000, 1.000000, -0.999280, 0.005381, 0.037566, -0.032788, 0.037133, -0.065531, 0.997159, -0.092982, 0.007827, 0.997836, 0.065284, 0.015950, 0.000000, 0.000000, 0.000000, 1.000000
38.0742, 30.9171, -2.6396, 222.4890, 244.4890, -30.9171, 202.7130, -32.9056, -92.9792, 15.9560, 0.963139, 0.052436, 0.263842, 0.030917, -0.039917, 0.997818, -0.052592, -0.002640, -0.266024, 0.040121, 0.963131, 0.222489, 0.000000, 0.000000, 0.000000, 1.000000, -0.266024, 0.040121, 0.963131, 0.244489, -0.963139, -0.052436, -0.263842, -0.030917, 0.039917, -0.997818, 0.052592, 0.202713, 0.000000, 0.000000, 0.000000, 1.000000, -0.999189, 0.005536, 0.039882, -0.032906, 0.039454, -0.062996, 0.997234, -0.092979, 0.008033, 0.997998, 0.062726, 0.015956, 0.000000, 0.000000, 0.000000, 1.000000
38.2632, 30.7471, -2.6352, 222.5190, 244.5190, -30.7471, 202.7086, -33.0411, -92.8934, 15.9503, 0.961281, 0.052118, 0.270597, 0.030747, -0.039499, 0.997872, -0.051875, -0.002635, -0.272725, 0.039178, 0.961294, 0.222519, 0.000000, 0.000000, 0.000000, 1.000000, -0.272725, 0.039178, 0.961294, 0.244519, -0.961281, -0.052118, -0.270597, -0.030747, 0.039499, -0.997872, 0.051875, 0.202709, 0.000000, 0.000000, 0.000000, 1.000000, -0.999330, 0.005343, 0.036215, -0.033041, 0.035800, -0.064009, 0.997307, -0.092893, 0.007647, 0.997935, 0.063774, 0.015950, 0.000000, 0.000000, 0.000000, 1.000000
38.4249, 30.6145, -2.6180, 222.5780, 244.5780, -30.6145, 202.6915, -33.1582, -92.7863, 15.9630, 0.960846, 0.052599, 0.272043, 0.030614, -0.039578, 0.997803, -0.053135, -0.002618, -0.274240, 0.040288, 0.960817, 0.222578, 0.000000, 0.000000, 0.000000, 1.000000, -0.274240, 0.040288, 0.960817, 0.244578, -0.960846, -0.052599, -0.272043, -0.030614, 0.039578, -0.997803, 0.053135, 0.202691, 0.000000, 0.000000, 0.000000, 1.000000, -0.999286, 0.005047, 0.037455, -0.033158, 0.037065, -0.062820, 0.997336, -0.092786, 0.007386, 0.998012, 0.062588, 0.015963, 0.000000, 0.000000, 0.000000, 1.000000
38.5567, 30.5110, -2.6197, 222.6360, 244.6360, -30.5110, 202.6931, -33.2554, -92.6864, 15.9591, 0.961686, 0.052325, 0.269112, 0.030511, -0.039525, 0.997824, -0.052771, -0.002620, -0.271288, 0.040113, 0.961662, 0.222636, 0.000000, 0.000000, 0.000000, 1.000000, -0.271288, 0.040113, 0.961662, 0.244636, -0.961686, -0.052325, -0.269112, -0.030511, 0.039525, -0.997824, 0.052771, 0.202693, 0.000000, 0.000000, 0.000000, 1.000000, -0.999070, 0.005108, 0.042811, -0.033255, 0.042404, -0.063083, 0.997107, -0.092686, 0.007794, 0.997995, 0.062807, 0.015959, 0.000000, 0.000000, 0.000000, 1.000000
38.7004, 30.3450, -2.6070, 222.6199, 244.6199, -30.3450, 202.6804, -33.3348, -92.6705, 15.9574, 0.959112, 0.052521, 0.278111, 0.030345, -0.039024, 0.997786, -0.053849, -0.002607, -0.280324, 0.040795, 0.959038, 0.222620, 0.000000, 0.000000, 0.000000, 1.000000, -0.280324, 0.040795, 0.959038, 0.244620, -0.959112, -0.052521, -0.278111, -0.030345, 0.039024, -0.997786, 0.053849, 0.202680, 0.000000, 0.000000, 0.000000, 1.000000, -0.999343, 0.004977, 0.035907, -0.033335, 0.035527, -0.062387, 0.997420, -0.092671, 0.007204, 0.998040, 0.062169, 0.015957, 0.000000, 0.000000, 0.000000, 1.000000
38.8375, 30.2128, -2.6055, 222.6758, 244.6758, -30.2128, 202.6790, -33.4135, -92.5789, 15.9542, 0.959197, 0.052743, 0.277774, 0.030213, -0.039212, 0.997768, -0.054046, -0.002606, -0.280005, 0.040949, 0.959125, 0.222676, 0.000000, 0.000000, 0.000000, 1.000000, -0.280005, 0.040949, 0.959125, 0.244676, -0.959197, -0.052743, -0.277774, -0.030213, 0.039212, -0.997768, 0.054046, 0.202679, 0.000000, 0.000000, 0.000000, 1.000000, -0.999243, 0.004666, 0.038632, -0.033414, 0.038268, -0.062182, 0.997331, -0.092579, 0.007056, 0.998054, 0.061956, 0.015954, 0.000000, 0.000000, 0.000000, 1.000000
38.9922, 30.1014, -2.5968, 222.7164, 244.7164, -30.1014, 202.6702, -33.5445, -92.4861, 15.9583, 0.958990, 0.052295, 0.278574, 0.030101, -0.038954, 0.997823, -0.053219, -0.002597, -0.280751, 0.040185, 0.958939, 0.222716, 0.000000, 0.000000, 0.000000, 1.000000, -0.280751, 0.040185, 0.958939, 0.244716, -0.958990, -0.052295, -0.278574, -0.030101, 0.038954, -0.997823, 0.053219, 0.202670, 0.000000, 0.000000, 0.000000, 1.000000, -0.999167, 0.004679, 0.040542, -0.033545, 0.040167, -0.063061, 0.997201, -0.092486, 0.007223, 0.997999, 0.062821, 0.015958, 0.000000, 0.000000, 0.000000, 1.000000
39.1364, 29.9335, -2.5859, 222.7657, 244.7657, -29.9335, 202.6594, -33.6019, -92.4092, 15.9611, 0.958031, 0.052854, 0.281749, 0.029933, -0.038978, 0.997746, -0.054631, -0.002586, -0.284001, 0.041356, 0.957932, 0.222766, 0.000000, 0.000000, 0.000000, 1.000000, -0.284001, 0.041356, 0.957932, 0.244766, -0.958031, -0.052854, -0.281749, -0.029933, 0.038978, -0.997746, 0.054631, 0.202659, 0.000000, 0.000000, 0.000000, 1.000000, -0.999203, 0.004367, 0.039666, -0.033602, 0.039321, -0.061784, 0.997315, -0.092409, 0.006806, 0.998080, 0.061563, 0.015961, 0.000000, 0.000000, 0.000000, 1.000000
39.2924, 29.8067, -2.5824, 222.7838, 244.7838, -29.8067, 202.6558, -33.7276, -92.3411, 15.9566, 0.957371, 0.052869, 0.283983, 0.029807, -0.038882, 0.997747, -0.054669, -0.002582, -0.286233, 0.041297, 0.957270, 0.222784, 0.000000, 0.000000, 0.000000, 1.000000, -0.286233, 0.041297, 0.957270, 0.244784, -0.957371, -0.052869, -0.283983, -0.029807, 0.038882, -0.997747, 0.054669, 0.202656, 0.000000, 0.000000, 0.000000, 1.000000, -0.999189, 0.004166, 0.040053, -0.033728, 0.039720, -0.061847, 0.997295, -0.092341, 0.006631, 0.998077, 0.061632, 0.015957, 0.000000, 0.000000, 0.000000, 1.000000
39.4616, 29.6703, -2.5611, 222.7794, 244.7794, -29.6703, 202.6346, -33.8719, -92.2915, 15.9669, 0.956554, 0.053089, 0.286682, 0.029670, -0.038541, 0.997678, -0.056155, -0.002561, -0.288997, 0.042666, 0.956379, 0.222779, 0.000000, 0.000000, 0.000000, 1.000000, -0.288997, 0.042666, 0.956379, 0.244779, -0.956554, -0.053089, -0.286682, -0.029670, 0.038541, -0.997678, 0.056155, 0.202635, 0.000000, 0.000000, 0.000000, 1.000000, -0.999187, 0.004220, 0.040099, -0.033872, 0.039771, -0.060494, 0.997376, -0.092291, 0.006635, 0.998160, 0.060277, 0.015967, 0.000000, 0.000000, 0.000000, 1.000000
39.6229, 29.5447, -2.5437, 222.8267, 244.8267, -29.5447, 202.6172, -33.9968, -92.1940, 15.9792, 0.955956, 0.053265, 0.288635, 0.029545, -0.038006, 0.997580, -0.058218, -0.002544, -0.291037, 0.044684, 0.955668, 0.222827, 0.000000, 0.000000, 0.000000, 1.000000, -0.291037, 0.044684, 0.955668, 0.244827, -0.955956, -0.053265, -0.288635, -0.029545, 0.038006, -0.997580, 0.058218, 0.202617, 0.000000, 0.000000, 0.000000, 1.000000, -0.999159, 0.004546, 0.040746, -0.033997, 0.040411, -0.058543, 0.997467, -0.092194, 0.006920, 0.998275, 0.058310, 0.015979, 0.000000, 0.000000, 0.000000, 1.000000
39.7784, 29.4044, -2.5300, 222.8810, 244.8810, -29.4044, 202.6035, -34.0962, -92.0978, 15.9873, 0.955550, 0.053967, 0.289848, 0.029404, -0.037847, 0.997424, -0.060938, -0.002530, -0.292390, 0.047259, 0.955131, 0.222881, 0.000000, 0.000000, 0.000000, 1.000000, -0.292390, 0.047259, 0.955131, 0.244881, -0.955550, -0.053967, -0.289848, -0.029404, 0.037847, -0.997424, 0.060938, 0.202603, 0.000000, 0.000000, 0.000000, 1.000000, -0.999106, 0.004575, 0.042025, -0.034096, 0.041704, -0.055892, 0.997565, -0.092098, 0.006913, 0.998426, 0.055651, 0.015987, 0.000000, 0.000000, 0.000000, 1.000000
39.9204, 29.2844, -2.5498, 222.9734, 244.9734, -29.2844, 202.6233, -34.1811, -91.9635, 15.9676, 0.955398, 0.052911, 0.290544, 0.029284, -0.037744, 0.997628, -0.057566, -0.002550, -0.292901, 0.044032, 0.955128, 0.222973, 0.000000, 0.000000, 0.000000, 1.000000, -0.292901, 0.044032, 0.955128, 0.244973, -0.955398, -0.052911, -0.290544, -0.029284, 0.037744, -0.997628, 0.057566, 0.202623, 0.000000, 0.000000, 0.000000, 1.000000, -0.999023, 0.004358, 0.043973, -0.034181, 0.043638, -0.059298, 0.997286, -0.091964, 0.006954, 0.998231, 0.059050, 0.015968, 0.000000, 0.000000, 0.000000, 1.000000
40.0926, 29.1426, -2.5272, 222.9632, 244.9632, -29.1426, 202.6007, -34.3267, -91.9195, 15.9781, 0.954180, 0.054062, 0.294309, 0.029143, -0.037571, 0.997406, -0.061406, -0.002527, -0.296865, 0.047534, 0.953736, 0.222963, 0.000000, 0.000000, 0.000000, 1.000000, -0.296865, 0.047534, 0.953736, 0.244963, -0.954180, -0.054062, -0.294309, -0.029143, 0.037571, -0.997406, 0.061406, 0.202601, 0.000000, 0.000000, 0.000000, 1.000000, -0.999074, 0.004271, 0.042810, -0.034327, 0.042507, -0.055625, 0.997547, -0.091919, 0.006642, 0.998443, 0.055392, 0.015978, 0.000000, 0.000000, 0.000000, 1.000000
40.2086, 28.9937, -2.5336, 223.0253, 245.0253, -28.9937, 202.6071, -34.3520, -91.8406, 15.9665, 0.953191, 0.053461, 0.297605, 0.028994, -0.037430, 0.997538, -0.059311, -0.002534, -0.300043, 0.045395, 0.952845, 0.223025, 0.000000, 0.000000, 0.000000, 1.000000, -0.300043, 0.045395, 0.952845, 0.245025, -0.953191, -0.053461, -0.297605, -0.028994, 0.037430, -0.997538, 0.059311, 0.202607, 0.000000, 0.000000, 0.000000, 1.000000, -0.999130, 0.004003, 0.041511, -0.034352, 0.041211, -0.057850, 0.997474, -0.091841, 0.006394, 0.998317, 0.057635, 0.015966, 0.000000, 0.000000, 0.000000, 1.000000
40.3501, 28.8623, -2.5287, 223.0568, 245.0568, -28.8623, 202.6021, -34.4444, -91.7706, 15.9644, 0.951933, 0.053037, 0.301680, 0.028862, -0.037146, 0.997615, -0.058174, -0.002529, -0.304045, 0.044172, 0.951633, 0.223057, 0.000000, 0.000000, 0.000000, 1.000000, -0.304045, 0.044172, 0.951633, 0.245057, -0.951933, -0.053037, -0.301680, -0.028862, 0.037146, -0.997615, 0.058174, 0.202602, 0.000000, 0.000000, 0.000000, 1.000000, -0.999201, 0.003843, 0.039778, -0.034444, 0.039482, -0.059155, 0.997468, -0.091771, 0.006186, 0.998241, 0.058956, 0.015964, 0.000000, 0.000000, 0.000000, 1.000000
40.4837, 28.7496, -2.5043, 223.1111, 245.1111, -28.7496, 202.5778, -34.5329, -91.6803, 15.9853, 0.952925, 0.054347, 0.298295, 0.028750, -0.037126, 0.997316, -0.063100, -0.002504, -0.300924, 0.049055, 0.952386, 0.223111, 0.000000, 0.000000, 0.000000, 1.000000, -0.300924, 0.049055, 0.952386, 0.245111, -0.952925, -0.054347, -0.298295, -0.028750, 0.037126, -0.997316, 0.063100, 0.202578, 0.000000, 0.000000, 0.000000, 1.000000, -0.998963, 0.004144, 0.045349, -0.034533, 0.045059, -0.054126, 0.997517, -0.091680, 0.006588, 0.998526, 0.053883, 0.015985, 0.000000, 0.000000, 0.000000, 1.000000
40.6556, 28.6135, -2.5041, 223.1644, 245.1644, -28.6135, 202.5775, -34.6616, -91.5730, 15.9804, 0.951338, 0.053632, 0.303448, 0.028614, -0.036617, 0.997436, -0.061490, -0.002504, -0.305967, 0.047386, 0.950862, 0.223164, 0.000000, 0.000000, 0.000000, 1.000000, -0.305967, 0.047386, 0.950862, 0.245164, -0.951338, -0.053632, -0.303448, -0.028614, 0.036617, -0.997436, 0.061490, 0.202578, 0.000000, 0.000000, 0.000000, 1.000000, -0.999065, 0.004078, 0.043045, -0.034662, 0.042750, -0.055952, 0.997518, -0.091573, 0.006476, 0.998425, 0.055726, 0.015980, 0.000000, 0.000000, 0.000000, 1.000000
40.8625, 28.4560, -2.5039, 223.1471, 245.1471, -28.4560, 202.5773, -34.8509, -91.5175, 15.9668, 0.950050, 0.053436, 0.307490, 0.028456, -0.036554, 0.997504, -0.060407, -0.002504, -0.309950, 0.046150, 0.949632, 0.223147, 0.000000, 0.000000, 0.000000, 1.000000, -0.309950, 0.046150, 0.949632, 0.245147, -0.950050, -0.053436, -0.307490, -0.028456, 0.036554, -0.997504, 0.060407, 0.202577, 0.000000, 0.000000, 0.000000, 1.000000, -0.999091, 0.003628, 0.042474, -0.034851, 0.042198, -0.057194, 0.997471, -0.091517, 0.006048, 0.998356, 0.056989, 0.015967, 0.000000, 0.000000, 0.000000, 1.000000
41.0005, 28.3403, -2.4972, 223.2201, 245.2201, -28.3403, 202.5707, -34.9370, -91.4062, 15.9717, 0.949527, 0.054006, 0.309000, 0.028340, -0.036468, 0.997393, -0.062260, -0.002497, -0.311557, 0.047849, 0.949022, 0.223220, 0.000000, 0.000000, 0.000000, 1.000000, -0.311557, 0.047849, 0.949022, 0.245220, -0.949527, -0.054006, -0.309000, -0.028340, 0.036468, -0.997393, 0.062260, 0.202571, 0.000000, 0.000000, 0.000000, 1.000000, -0.999061, 0.003552, 0.043180, -0.034937, 0.042918, -0.055410, 0.997541, -0.091406, 0.005936, 0.998457, 0.055206, 0.015972, 0.000000, 0.000000, 0.000000, 1.000000
41.1623, 28.1882, -2.4815, 223.2534, 245.2534, -28.1882, 202.5549, -35.0404, -91.3311, 15.9789, 0.948768, 0.054218, 0.311288, 0.028188, -0.036355, 0.997357, -0.062907, -0.002481, -0.313876, 0.048367, 0.948231, 0.223253, 0.000000, 0.000000, 0.000000, 1.000000, -0.313876, 0.048367, 0.948231, 0.245253, -0.948768, -0.054218, -0.311288, -0.028188, 0.036355, -0.997357, 0.062907, 0.202555, 0.000000, 0.000000, 0.000000, 1.000000, -0.999045, 0.003380, 0.043554, -0.035040, 0.043303, -0.054861, 0.997555, -0.091331, 0.005761, 0.998488, 0.054662, 0.015979, 0.000000, 0.000000, 0.000000, 1.000000
41.3038, 28.0618, -2.4849, 223.3118, 245.3118, -28.0618, 202.5584, -35.1271, -91.2340, 15.9716, 0.948364, 0.053374, 0.312660, 0.028062, -0.035715, 0.997441, -0.061940, -0.002485, -0.315166, 0.047575, 0.947843, 0.223312, 0.000000, 0.000000, 0.000000, 1.000000, -0.315166, 0.047575, 0.947843, 0.245312, -0.948364, -0.053374, -0.312660, -0.028062, 0.035715, -0.997441, 0.061940, 0.202558, 0.000000, 0.000000, 0.000000, 1.000000, -0.998996, 0.003753, 0.044634, -0.035127, 0.044355, -0.055911, 0.997450, -0.091234, 0.006239, 0.998429, 0.055688, 0.015972, 0.000000, 0.000000, 0.000000, 1.000000
41.4492, 27.9375, -2.4741, 223.3470, 245.3470, -27.9375, 202.5476, -35.2297, -91.1570, 15.9762, 0.947643, 0.053992, 0.314736, 0.027938, -0.035799, 0.997352, -0.063306, -0.002474, -0.317320, 0.048724, 0.947066, 0.223347, 0.000000, 0.000000, 0.000000, 1.000000, -0.317320, 0.048724, 0.947066, 0.245347, -0.947643, -0.053992, -0.314736, -0.027938, 0.035799, -0.997352, 0.063306, 0.202548, 0.000000, 0.000000, 0.000000, 1.000000, -0.998985, 0.003444, 0.044901, -0.035230, 0.044647, -0.054625, 0.997508, -0.091157, 0.005889, 0.998501, 0.054416, 0.015976, 0.000000, 0.000000, 0.000000, 1.000000
41.5872, 27.8038, -2.4697, 223.4166, 245.4166, -27.8038, 202.5432, -35.2993, -91.0555, 15.9772, 0.946850, 0.053660, 0.317167, 0.027804, -0.035501, 0.997397, -0.062762, -0.002470, -0.319709, 0.048166, 0.946291, 0.223417, 0.000000, 0.000000, 0.000000, 1.000000, -0.319709, 0.048166, 0.946291, 0.245417, -0.946850, -0.053660, -0.317167, -0.027804, 0.035501, -0.997397, 0.062762, 0.202543, 0.000000, 0.000000, 0.000000, 1.000000, -0.998991, 0.003422, 0.044778, -0.035299, 0.044521, -0.055273, 0.997478, -0.091055, 0.005888, 0.998465, 0.055065, 0.015977, 0.000000, 0.000000, 0.000000, 1.000000
41.7384, 27.6761, -2.4701, 223.4654, 245.4654, -27.6761, 202.5435, -35.4027, -90.9625, 15.9718, 0.945811, 0.053485, 0.320284, 0.027676, -0.035334, 0.997437, -0.062224, -0.002470, -0.322791, 0.047535, 0.945276, 0.223465, 0.000000, 0.000000, 0.000000, 1.000000, -0.322791, 0.047535, 0.945276, 0.245465, -0.945811, -0.053485, -0.320284, -0.027676, 0.035334, -0.997437, 0.062224, 0.202544, 0.000000, 0.000000, 0.000000, 1.000000, -0.999019, 0.003210, 0.044159, -0.035403, 0.043911, -0.055934, 0.997468, -0.090962, 0.005672, 0.998429, 0.055738, 0.015972, 0.000000, 0.000000, 0.000000, 1.000000
41.8671, 27.5437, -2.4427, 223.5013, 245.5013, -27.5437, 202.5161, -35.4698, -90.9004, 15.9924, 0.945527, 0.054285, 0.320986, 0.027544, -0.035072, 0.997246, -0.065344, -0.002443, -0.323649, 0.050527, 0.944827, 0.223501, 0.000000, 0.000000, 0.000000, 1.000000, -0.323649, 0.050527, 0.944827, 0.245501, -0.945527, -0.054285, -0.320986, -0.027544, 0.035072, -0.997246, 0.065344, 0.202516, 0.000000, 0.000000, 0.000000, 1.000000, -0.998960, 0.003430, 0.045472, -0.035470, 0.045228, -0.052862, 0.997577, -0.090900, 0.005826, 0.998596, 0.052652, 0.015992, 0.000000, 0.000000, 0.000000, 1.000000
42.0174, 27.4179, -2.4522, 223.5839, 245.5839, -27.4179, 202.5256, -35.5612, -90.7752, 15.9815, 0.945147, 0.053613, 0.322215, 0.027418, -0.035021, 0.997385, -0.063225, -0.002452, -0.324762, 0.048472, 0.944553, 0.223584, 0.000000, 0.000000, 0.000000, 1.000000, -0.324762, 0.048472, 0.944553, 0.245584, -0.945147, -0.053613, -0.322215, -0.027418, 0.035021, -0.997385, 0.063225, 0.202526, 0.000000, 0.000000, 0.000000, 1.000000, -0.998894, 0.003163, 0.046920, -0.035561, 0.046676, -0.055030, 0.997393, -0.090775, 0.005737, 0.998480, 0.054822, 0.015981, 0.000000, 0.000000, 0.000000, 1.000000
42.1690, 27.2687, -2.4307, 223.6022, 245.6022, -27.2687, 202.5041, -35.6553, -90.7210, 15.9932, 0.944010, 0.054007, 0.325466, 0.027269, -0.034460, 0.997255, -0.065532, -0.002431, -0.328112, 0.050647, 0.943280, 0.223602, 0.000000, 0.000000, 0.000000, 1.000000, -0.328112, 0.050647, 0.943280, 0.245602, -0.944010, -0.054007, -0.325466, -0.027269, 0.034460, -0.997255, 0.065532, 0.202504, 0.000000, 0.000000, 0.000000, 1.000000, -0.998936, 0.003455, 0.045990, -0.035655, 0.045743, -0.052871, 0.997553, -0.090721, 0.005878, 0.998595, 0.052657, 0.015993, 0.000000, 0.000000, 0.000000, 1.000000
42.3044, 27.1523, -2.4265, 223.6666, 245.6666, -27.1523, 202.4999, -35.7374, -90.6203, 15.9948, 0.943317, 0.054136, 0.327448, 0.027152, -0.034441, 0.997248, -0.065656, -0.002426, -0.330101, 0.050657, 0.942585, 0.223667, 0.000000, 0.000000, 0.000000, 1.000000, -0.330101, 0.050657, 0.942585, 0.245667, -0.943317, -0.054136, -0.327448, -0.027152, 0.034441, -0.997248, 0.065656, 0.202500, 0.000000, 0.000000, 0.000000, 1.000000, -0.998925, 0.003213, 0.046246, -0.035737, 0.046012, -0.052821, 0.997543, -0.090620, 0.005648, 0.998599, 0.052617, 0.015995, 0.000000, 0.000000, 0.000000, 1.000000
42.4485, 26.9995, -2.4294, 223.6839, 245.6839, -26.9995, 202.5029, -35.8173, -90.5703, 15.9818, 0.941599, 0.053776, 0.332413, 0.027000, -0.034272, 0.997344, -0.064266, -0.002429, -0.334986, 0.049120, 0.940942, 0.223684, 0.000000, 0.000000, 0.000000, 1.000000, -0.334986, 0.049120, 0.940942, 0.245684, -0.941599, -0.053776, -0.332413, -0.027000, 0.034272, -0.997344, 0.064266, 0.202503, 0.000000, 0.000000, 0.000000, 1.000000, -0.999046, 0.002840, 0.043587, -0.035817, 0.043368, -0.054390, 0.997578, -0.090570, 0.005203, 0.998516, 0.054215, 0.015982, 0.000000, 0.000000, 0.000000, 1.000000
42.5949, 26.8633, -2.4174, 223.6996, 245.6996, -26.8633, 202.4909, -35.9162, -90.5162, 15.9848, 0.942023, 0.054052, 0.331167, 0.026863, -0.034164, 0.997262, -0.065590, -0.002417, -0.333806, 0.050473, 0.941290, 0.223700, 0.000000, 0.000000, 0.000000, 1.000000, -0.333806, 0.050473, 0.941290, 0.245700, -0.942023, -0.054052, -0.331167, -0.026863, 0.034164, -0.997262, 0.065590, 0.202491, 0.000000, 0.000000, 0.000000, 1.000000, -0.998873, 0.002954, 0.047374, -0.035916, 0.047151, -0.053039, 0.997479, -0.090516, 0.005460, 0.998588, 0.052840, 0.015985, 0.000000, 0.000000, 0.000000, 1.000000
42.7601, 26.7265, -2.4011, 223.7381, 245.7381, -26.7265, 202.4745, -36.0355, -90.4300, 15.9944, 0.940543, 0.054485, 0.335275, 0.026727, -0.033893, 0.997179, -0.066971, -0.002401, -0.337979, 0.051625, 0.939737, 0.223738, 0.000000, 0.000000, 0.000000, 1.000000, -0.337979, 0.051625, 0.939737, 0.245738, -0.940543, -0.054485, -0.335275, -0.026727, 0.033893, -0.997179, 0.066971, 0.202475, 0.000000, 0.000000, 0.000000, 1.000000, -0.998946, 0.002837, 0.045816, -0.036035, 0.045608, -0.051816, 0.997615, -0.090430, 0.005204, 0.998653, 0.051632, 0.015994, 0.000000, 0.000000, 0.000000, 1.000000
42.8862, 26.5651, -2.4066, 223.7322, 245.7322, -26.5651, 202.4800, -36.0879, -90.4160, 15.9760, 0.938638, 0.054227, 0.340614, 0.026565, -0.033700, 0.997257, -0.065899, -0.002407, -0.343254, 0.050376, 0.937891, 0.223732, 0.000000, 0.000000, 0.000000, 1.000000, -0.343254, 0.050376, 0.937891, 0.245732, -0.938638, -0.054227, -0.340614, -0.026565, 0.033700, -0.997257, 0.065899, 0.202480, 0.000000, 0.000000, 0.000000, 1.000000, -0.999097, 0.002486, 0.042412, -0.036088, 0.042221, -0.053077, 0.997697, -0.090416, 0.004731, 0.998587, 0.052924, 0.015976, 0.000000, 0.000000, 0.000000, 1.000000
43.0743, 26.4674, -2.4044, 223.8378, 245.8378, -26.4674, 202.4779, -36.2536, -90.2375, 15.9810, 0.938835, 0.053967, 0.340112, 0.026467, -0.033693, 0.997301, -0.065239, -0.002404, -0.342715, 0.049790, 0.938119, 0.223838, 0.000000, 0.000000, 0.000000, 1.000000, -0.342715, 0.049790, 0.938119, 0.245838, -0.938835, -0.053967, -0.340112, -0.026467, 0.033693, -0.997301, 0.065239, 0.202478, 0.000000, 0.000000, 0.000000, 1.000000, -0.998927, 0.002327, 0.046260, -0.036254, 0.046068, -0.053726, 0.997492, -0.090237, 0.004806, 0.998553, 0.053562, 0.015981, 0.000000, 0.000000, 0.000000, 1.000000
43.1903, 26.3215, -2.3896, 223.8197, 245.8197, -26.3215, 202.4630, -36.3084, -90.2380, 15.9828, 0.937302, 0.054585, 0.344217, 0.026322, -0.033348, 0.997174, -0.067323, -0.002390, -0.346919, 0.051623, 0.936473, 0.223820, 0.000000, 0.000000, 0.000000, 1.000000, -0.346919, 0.051623, 0.936473, 0.245820, -0.937302, -0.054585, -0.344217, -0.026322, 0.033348, -0.997174, 0.067323, 0.202463, 0.000000, 0.000000, 0.000000, 1.000000, -0.999038, 0.002355, 0.043792, -0.036308, 0.043612, -0.051800, 0.997705, -0.090238, 0.004618, 0.998655, 0.051647, 0.015983, 0.000000, 0.000000, 0.000000, 1.000000
43.3437, 26.1851, -2.3893, 223.8914, 245.8914, -26.1851, 202.4627, -36.3963, -90.1273, 15.9796, 0.936847, 0.054207, 0.345513, 0.026185, -0.033237, 0.997244, -0.066333, -0.002389, -0.348156, 0.050660, 0.936067, 0.223891, 0.000000, 0.000000, 0.000000, 1.000000, -0.348156, 0.050660, 0.936067, 0.245891, -0.936847, -0.054207, -0.345513, -0.026185, 0.033237, -0.997244, 0.066333, 0.202463, 0.000000, 0.000000, 0.000000, 1.000000, -0.998978, 0.002191, 0.045143, -0.036396, 0.044965, -0.052841, 0.997590, -0.090127, 0.004571, 0.998601, 0.052688, 0.015980, 0.000000, 0.000000, 0.000000, 1.000000
43.5243, 26.0702, -2.3963, 223.9309, 245.9309, -26.0702, 202.4697, -36.5593, -90.0195, 15.9678, 0.936089, 0.054047, 0.347586, 0.026070, -0.033094, 0.997275, -0.065941, -0.002396, -0.350203, 0.050223, 0.935327, 0.223931, 0.000000, 0.000000, 0.000000, 1.000000, -0.350203, 0.050223, 0.935327, 0.245931, -0.936089, -0.054047, -0.347586, -0.026070, 0.033094, -0.997275, 0.065941, 0.202470, 0.000000, 0.000000, 0.000000, 1.000000, -0.998935, 0.002001, 0.046104, -0.036559, 0.045932, -0.053313, 0.997521, -0.090020, 0.004454, 0.998576, 0.053164, 0.015968, 0.000000, 0.000000, 0.000000, 1.000000
43.6786, 25.9135, -2.3794, 223.9216, 245.9216, -25.9135, 202.4528, -36.6608, -89.9923, 15.9716, 0.934457, 0.054724, 0.351846, 0.025913, -0.032819, 0.997150, -0.067930, -0.002379, -0.354561, 0.051931, 0.933590, 0.223922, 0.000000, 0.000000, 0.000000, 1.000000, -0.354561, 0.051931, 0.933590, 0.245922, -0.934457, -0.054724, -0.351846, -0.025913, 0.032819, -0.997150, 0.067930, 0.202453, 0.000000, 0.000000, 0.000000, 1.000000, -0.999024, 0.001907, 0.044129, -0.036661, 0.043973, -0.051480, 0.997705, -0.089992, 0.004174, 0.998672, 0.051346, 0.015972, 0.000000, 0.000000, 0.000000, 1.000000
43.8100, 25.7891, -2.3651, 224.0451, 246.0451, -25.7891, 202.4385, -36.7035, -89.8458, 15.9885, 0.933767, 0.053886, 0.353803, 0.025789, -0.032544, 0.997289, -0.066003, -0.002365, -0.356400, 0.050117, 0.932988, 0.224045, 0.000000, 0.000000, 0.000000, 1.000000, -0.356400, 0.050117, 0.932988, 0.246045, -0.933767, -0.053886, -0.353803, -0.025789, 0.032544, -0.997289, 0.066003, 0.202439, 0.000000, 0.000000, 0.000000, 1.000000, -0.999010, 0.001840, 0.044445, -0.036704, 0.044283, -0.053483, 0.997586, -0.089846, 0.004213, 0.998567, 0.053348, 0.015988, 0.000000, 0.000000, 0.000000, 1.000000
43.9418, 25.6851, -2.3701, 224.1412, 246.1412, -25.6851, 202.4435, -36.7766, -89.7139, 15.9850, 0.933552, 0.054286, 0.354308, 0.025685, -0.032515, 0.997215, -0.067118, -0.002370, -0.356965, 0.051138, 0.932717, 0.224141, 0.000000, 0.000000, 0.000000, 1.000000, -0.356965, 0.051138, 0.932717, 0.246141, -0.933552, -0.054286, -0.354308, -0.025685, 0.032515, -0.997215, 0.067118, 0.202444, 0.000000, 0.000000, 0.000000, 1.000000, -0.998934, 0.001757, 0.046134, -0.036777, 0.045979, -0.052391, 0.997568, -0.089714, 0.004170, 0.998625, 0.052254, 0.015985, 0.000000, 0.000000, 0.000000, 1.000000
44.1145, 25.5389, -2.3625, 224.1951, 246.1951, -25.5389, 202.4360, -36.8911, -89.6123, 15.9866, 0.933444, 0.054578, 0.354546, 0.025539, -0.032433, 0.997150, -0.068111, -0.002363, -0.357253, 0.052079, 0.932555, 0.224195, 0.000000, 0.000000, 0.000000, 1.000000, -0.357253, 0.052079, 0.932555, 0.246195, -0.933444, -0.054578, -0.354546, -0.025539, 0.032433, -0.997150, 0.068111, 0.202436, 0.000000, 0.000000, 0.000000, 1.000000, -0.998806, 0.001708, 0.048827, -0.036891, 0.048674, -0.051416, 0.997490, -0.089612, 0.004215, 0.998676, 0.051271, 0.015987, 0.000000, 0.000000, 0.000000, 1.000000
44.2578, 25.3915, -2.3581, 224.1964, 246.1964, -25.3915, 202.4316, -36.9798, -89.5779, 15.9797, 0.931318, 0.054410, 0.360120, 0.025392, -0.031957, 0.997172, -0.068014, -0.002358, -0.362802, 0.051834, 0.930423, 0.224196, 0.000000, 0.000000, 0.000000, 1.000000, -0.362802, 0.051834, 0.930423, 0.246196, -0.931318, -0.054410, -0.360120, -0.025392, 0.031957, -0.997172, 0.068014, 0.202432, 0.000000, 0.000000, 0.000000, 1.000000, -0.998969, 0.001635, 0.045367, -0.036980, 0.045222, -0.051712, 0.997638, -0.089578, 0.003978, 0.998661, 0.051585, 0.015980, 0.000000, 0.000000, 0.000000, 1.000000
44.3936, 25.2638, -2.3484, 224.2258, 246.2258, -25.2638, 202.4218, -37.0631, -89.5157, 15.9825, 0.930362, 0.054050, 0.362636, 0.025264, -0.031679, 0.997226, -0.067360, -0.002348, -0.365271, 0.051181, 0.929493, 0.224226, 0.000000, 0.000000, 0.000000, 1.000000, -0.365271, 0.051181, 0.929493, 0.246226, -0.930362, -0.054050, -0.362636, -0.025264, 0.031679, -0.997226, 0.067360, 0.202422, 0.000000, 0.000000, 0.000000, 1.000000, -0.998982, 0.001577, 0.045075, -0.037063, 0.044930, -0.052460, 0.997612, -0.089516, 0.003938, 0.998622, 0.052336, 0.015983, 0.000000, 0.000000, 0.000000, 1.000000
44.5781, 25.1400, -2.3381, 224.3211, 246.3211, -25.1400, 202.4116, -37.1991, -89.3606, 15.9926, 0.929876, 0.054585, 0.363802, 0.025140, -0.031544, 0.997119, -0.068980, -0.002338, -0.366519, 0.052667, 0.928919, 0.224321, 0.000000, 0.000000, 0.000000, 1.000000, -0.366519, 0.052667, 0.928919, 0.246321, -0.929876, -0.054585, -0.363802, -0.025140, 0.031544, -0.997119, 0.068980, 0.202412, 0.000000, 0.000000, 0.000000, 1.000000, -0.998896, 0.001526, 0.046942, -0.037199, 0.046804, -0.050888, 0.997607, -0.089361, 0.003912, 0.998703, 0.050761, 0.015993, 0.000000, 0.000000, 0.000000, 1.000000
44.6955, 24.9909, -2.3335, 224.3669, 246.3669, -24.9909, 202.4069, -37.2272, -89.3038, 15.9903, 0.928369, 0.054775, 0.367602, 0.024991, -0.031447, 0.997110, -0.069157, -0.002333, -0.370328, 0.052644, 0.927408, 0.224367, 0.000000, 0.000000, 0.000000, 1.000000, -0.370328, 0.052644, 0.927408, 0.246367, -0.928369, -0.054775, -0.367602, -0.024991, 0.031447, -0.997110, 0.069157, 0.202407, 0.000000, 0.000000, 0.000000, 1.000000, -0.998991, 0.001239, 0.044897, -0.037227, 0.044776, -0.050834, 0.997703, -0.089304, 0.003518, 0.998706, 0.050728, 0.015990, 0.000000, 0.000000, 0.000000, 1.000000
44.8488, 24.8774, -2.3355, 224.4623, 246.4623, -24.8774, 202.4090, -37.3234, -89.1636, 15.9890, 0.928987, 0.053927, 0.366163, 0.024877, -0.031194, 0.997216, -0.067725, -0.002336, -0.368796, 0.051494, 0.928083, 0.224462, 0.000000, 0.000000, 0.000000, 1.000000, -0.368796, 0.051494, 0.928083, 0.246462, -0.928987, -0.053927, -0.366163, -0.024877, 0.031194, -0.997216, 0.067725, 0.202409, 0.000000, 0.000000, 0.000000, 1.000000, -0.998788, 0.001401, 0.049198, -0.037323, 0.049058, -0.052236, 0.997429, -0.089164, 0.003967, 0.998634, 0.052104, 0.015989, 0.000000, 0.000000, 0.000000, 1.000000
44.9121, 24.7413, -2.3273, 224.4671, 246.4671, -24.7413, 202.4007, -37.2958, -89.1746, 15.9872, 0.927226, 0.054469, 0.370520, 0.024741, -0.030988, 0.997133, -0.069036, -0.002327, -0.373218, 0.052530, 0.926255, 0.224467, 0.000000, 0.000000, 0.000000, 1.000000, -0.373218, 0.052530, 0.926255, 0.246467, -0.927226, -0.054469, -0.370520, -0.024741, 0.030988, -0.997133, 0.069036, 0.202401, 0.000000, 0.000000, 0.000000, 1.000000, -0.998962, 0.001279, 0.045540, -0.037296, 0.045416, -0.051069, 0.997662, -0.089175, 0.003602, 0.998694, 0.050958, 0.015987, 0.000000, 0.000000, 0.000000, 1.000000
44.9618, 24.6305, -2.3231, 224.4709, 246.4709, -24.6305, 202.3966, -37.2706, -89.1847, 15.9832, 0.926106, 0.054926, 0.373243, 0.024630, -0.031142, 0.997098, -0.069462, -0.002323, -0.375975, 0.052705, 0.925130, 0.224471, 0.000000, 0.000000, 0.000000, 1.000000, -0.375975, 0.052705, 0.925130, 0.246471, -0.926106, -0.054926, -0.373243, -0.024630, 0.031142, -0.997098, 0.069462, 0.202397, 0.000000, 0.000000, 0.000000, 1.000000, -0.999055, 0.000890, 0.043450, -0.037271, 0.043349, -0.050720, 0.997772, -0.089185, 0.003092, 0.998713, 0.050633, 0.015983, 0.000000, 0.000000, 0.000000, 1.000000
44.9767, 24.5829, -2.3132, 224.5236, 246.5236, -24.5829, 202.3867, -37.2284, -89.1480, 15.9946, 0.925825, 0.055307, 0.373885, 0.024583, -0.030913, 0.997002, -0.070933, -0.002313, -0.376687, 0.054113, 0.924759, 0.224524, 0.000000, 0.000000, 0.000000, 1.000000, -0.376687, 0.054113, 0.924759, 0.246524, -0.925825, -0.055307, -0.373885, -0.024583, 0.030913, -0.997002, 0.070933, 0.202387, 0.000000, 0.000000, 0.000000, 1.000000, -0.999078, 0.001114, 0.042929, -0.037228, 0.042822, -0.049280, 0.997867, -0.089148, 0.003228, 0.998784, 0.049187, 0.015995, 0.000000, 0.000000, 0.000000, 1.000000
44.9859, 24.5580, -2.3129, 224.5191, 246.5191, -24.5580, 202.3864, -37.2220, -89.1564, 15.9925, 0.925460, 0.055333, 0.374783, 0.024558, -0.030836, 0.996996, -0.071054, -0.002313, -0.377589, 0.054201, 0.924386, 0.224519, 0.000000, 0.000000, 0.000000, 1.000000, -0.377589, 0.054201, 0.924386, 0.246519, -0.925460, -0.055333, -0.374783, -0.024558, 0.030836, -0.996996, 0.071054, 0.202386, 0.000000, 0.000000, 0.000000, 1.000000, -0.999112, 0.001119, 0.042115, -0.037222, 0.042009, -0.049190, 0.997906, -0.089156, 0.003188, 0.998789, 0.049099, 0.015992, 0.000000, 0.000000, 0.000000, 1.000000
44.9930, 24.5490, -2.3170, 224.5400, 246.5400, -24.5490, 202.3905, -37.2162, -89.1361, 15.9898, 0.925581, 0.055311, 0.374487, 0.024549, -0.031101, 0.997034, -0.070393, -0.002317, -0.377270, 0.053507, 0.924556, 0.224540, 0.000000, 0.000000, 0.000000, 1.000000, -0.377270, 0.053507, 0.924556, 0.246540, -0.925581, -0.055311, -0.374487, -0.024549, 0.031101, -0.997034, 0.070393, 0.202390, 0.000000, 0.000000, 0.000000, 1.000000, -0.999092, 0.000845, 0.042597, -0.037216, 0.042502, -0.049830, 0.997853, -0.089136, 0.002966, 0.998757, 0.049749, 0.015990, 0.000000, 0.000000, 0.000000, 1.000000
44.9952, 24.5395, -2.3261, 224.5134, 246.5134, -24.5395, 202.3995, -37.2223, -89.1615, 15.9775, 0.925630, 0.055083, 0.374399, 0.024539, -0.030955, 0.997055, -0.070158, -0.002326, -0.377161, 0.053351, 0.924610, 0.224513, 0.000000, 0.000000, 0.000000, 1.000000, -0.377161, 0.053351, 0.924610, 0.246513, -0.925630, -0.055083, -0.374399, -0.024539, 0.030955, -0.997055, 0.070158, 0.202400, 0.000000, 0.000000, 0.000000, 1.000000, -0.999086, 0.000986, 0.042744, -0.037222, 0.042641, -0.050068, 0.997835, -0.089162, 0.003124, 0.998745, 0.049980, 0.015977, 0.000000, 0.000000, 0.000000, 1.000000
44.9965, 24.5340, -2.3177, 224.5209, 246.5209, -24.5340, 202.3911, -37.2160, -89.1571, 15.9861, 0.925312, 0.055168, 0.375171, 0.024534, -0.030747, 0.997018, -0.070775, -0.002318, -0.377957, 0.053953, 0.924250, 0.224521, 0.000000, 0.000000, 0.000000, 1.000000, -0.377957, 0.053953, 0.924250, 0.246521, -0.925312, -0.055168, -0.375171, -0.024534, 0.030747, -0.997018, 0.070775, 0.202391, 0.000000, 0.000000, 0.000000, 1.000000, -0.999121, 0.001157, 0.041898, -0.037216, 0.041789, -0.049484, 0.997900, -0.089157, 0.003228, 0.998774, 0.049392, 0.015986, 0.000000, 0.000000, 0.000000, 1.000000
44.9969, 24.5368, -2.3129, 224.5386, 246.5386, -24.5368, 202.3864, -37.2118, -89.1403, 15.9927, 0.925614, 0.055314, 0.374404, 0.024537, -0.030732, 0.996980, -0.071315, -0.002313, -0.377218, 0.054504, 0.924519, 0.224539, 0.000000, 0.000000, 0.000000, 1.000000, -0.377218, 0.054504, 0.924519, 0.246539, -0.925614, -0.055314, -0.374404, -0.024537, 0.030732, -0.996980, 0.071315, 0.202386, 0.000000, 0.000000, 0.000000, 1.000000, -0.999087, 0.001253, 0.042699, -0.037212, 0.042587, -0.048921, 0.997894, -0.089140, 0.003339, 0.998802, 0.048823, 0.015993, 0.000000, 0.000000, 0.000000, 1.000000
44.9982, 24.5335, -2.3132, 224.5258, 246.5258, -24.5335, 202.3867, -37.2162, -89.1523, 15.9910, 0.925316, 0.055011, 0.375187, 0.024534, -0.030865, 0.997064, -0.070069, -0.002313, -0.377940, 0.053256, 0.924297, 0.224526, 0.000000, 0.000000, 0.000000, 1.000000, -0.377940, 0.053256, 0.924297, 0.246526, -0.925316, -0.055011, -0.375187, -0.024534, 0.030865, -0.997064, 0.070069, 0.202387, 0.000000, 0.000000, 0.000000, 1.000000, -0.999119, 0.001010, 0.041954, -0.037216, 0.041851, -0.050184, 0.997863, -0.089152, 0.003113, 0.998739, 0.050098, 0.015991, 0.000000, 0.000000, 0.000000, 1.000000
44.9987, 24.5375, -2.3036, 224.5272, 246.5272, -24.5375, 202.3771, -37.2196, -89.1503, 16.0009, 0.925817, 0.055372, 0.373894, 0.024537, -0.030660, 0.996953, -0.071725, -0.002304, -0.376726, 0.054941, 0.924694, 0.224527, 0.000000, 0.000000, 0.000000, 1.000000, -0.376726, 0.054941, 0.924694, 0.246527, -0.925817, -0.055372, -0.373894, -0.024537, 0.030660, -0.996953, 0.071725, 0.202377, 0.000000, 0.000000, 0.000000, 1.000000, -0.999063, 0.001380, 0.043254, -0.037220, 0.043136, -0.048500, 0.997891, -0.089150, 0.003475, 0.998822, 0.048395, 0.016001, 0.000000, 0.000000, 0.000000, 1.000000

=== NEW ITERATION ===
# Joint_6_Angle(deg), Cam_X(mm), Cam_Y(mm), Cam_Z(mm), Torso_X(mm), Torso_Y(mm), Torso_Z(mm), EE_X(mm), EE_Y(mm), EE_Z(mm), T_cam2marker_flat(16), T_torso2marker_flat(16), T_ee2marker_flat(16)
0.0000, 61.8217, -3.9423, 216.1396, 238.1396, -61.8217, 204.0157, -3.5445, -103.2689, 16.3531, 0.923923, 0.056698, -0.378353, 0.061822, -0.074977, 0.996614, -0.033743, -0.003942, 0.375159, 0.059544, 0.925046, 0.216140, 0.000000, 0.000000, 0.000000, 1.000000, 0.375159, 0.059544, 0.925046, 0.238140, -0.923923, -0.056698, 0.378353, -0.061822, 0.074977, -0.996614, 0.033743, 0.204016, 0.000000, 0.000000, 0.000000, 1.000000, -0.997854, 0.032052, 0.057104, -0.003545, 0.056126, -0.030622, 0.997954, -0.103269, 0.033735, 0.999017, 0.028757, 0.016353, 0.000000, 0.000000, 0.000000, 1.000000
0.0413, 61.8403, -3.9532, 216.2050, 238.2050, -61.8403, 204.0266, -3.6584, -103.2100, 16.3501, 0.924111, 0.056858, -0.377871, 0.061840, -0.075018, 0.996619, -0.033501, -0.003953, 0.374689, 0.059306, 0.925252, 0.216205, 0.000000, 0.000000, 0.000000, 1.000000, 0.374689, 0.059306, 0.925252, 0.238205, -0.924111, -0.056858, 0.377871, -0.061840, 0.075018, -0.996619, 0.033501, 0.204027, 0.000000, 0.000000, 0.000000, 1.000000, -0.997844, 0.031956, 0.057330, -0.003658, 0.056344, -0.030922, 0.997932, -0.103210, 0.033663, 0.999011, 0.029055, 0.016350, 0.000000, 0.000000, 0.000000, 1.000000
0.2663, 61.7397, -3.9367, 216.1174, 238.1174, -61.7397, 204.0102, -3.9395, -103.2461, 16.3501, 0.924760, 0.056240, -0.376373, 0.061740, -0.074789, 0.996590, -0.034844, -0.003937, 0.373130, 0.060371, 0.925813, 0.216117, 0.000000, 0.000000, 0.000000, 1.000000, 0.373130, 0.060371, 0.925813, 0.238117, -0.924760, -0.056240, 0.376373, -0.061740, 0.074789, -0.996590, 0.034844, 0.204010, 0.000000, 0.000000, 0.000000, 1.000000, -0.997712, 0.032079, 0.059518, -0.003940, 0.058566, -0.029841, 0.997837, -0.103246, 0.033786, 0.999040, 0.027894, 0.016350, 0.000000, 0.000000, 0.000000, 1.000000
0.5489, 61.6248, -3.9148, 216.0372, 238.0372, -61.6248, 203.9882, -4.3129, -103.2662, 16.3551, 0.925209, 0.056322, -0.375254, 0.061625, -0.074964, 0.996563, -0.035252, -0.003915, 0.371979, 0.060746, 0.926251, 0.216037, 0.000000, 0.000000, 0.000000, 1.000000, 0.371979, 0.060746, 0.926251, 0.238037, -0.925209, -0.056322, 0.375254, -0.061625, 0.074964, -0.996563, 0.035252, 0.203988, 0.000000, 0.000000, 0.000000, 1.000000, -0.997496, 0.031734, 0.063203, -0.004313, 0.062266, -0.029668, 0.997619, -0.103266, 0.033533, 0.999056, 0.027618, 0.016355, 0.000000, 0.000000, 0.000000, 1.000000
0.8481, 61.2620, -3.9001, 215.8977, 237.8977, -61.2620, 203.9735, -4.4647, -103.2617, 16.3280, 0.927879, 0.056545, -0.368569, 0.061262, -0.074943, 0.996545, -0.035785, -0.003900, 0.365272, 0.060826, 0.928911, 0.215898, 0.000000, 0.000000, 0.000000, 1.000000, 0.365272, 0.060826, 0.928911, 0.237898, -0.927879, -0.056545, 0.368569, -0.061262, 0.074943, -0.996545, 0.035785, 0.203974, 0.000000, 0.000000, 0.000000, 1.000000, -0.997632, 0.031342, 0.061216, -0.004465, 0.060286, -0.029826, 0.997735, -0.103262, 0.033097, 0.999064, 0.027866, 0.016328, 0.000000, 0.000000, 0.000000, 1.000000
1.1720, 61.0123, -3.8677, 215.8393, 237.8393, -61.0123, 203.9412, -4.7906, -103.2156, 16.3351, 0.929838, 0.055991, -0.363685, 0.061012, -0.074229, 0.996578, -0.036354, -0.003868, 0.360406, 0.060800, 0.930812, 0.215839, 0.000000, 0.000000, 0.000000, 1.000000, 0.360406, 0.060800, 0.930812, 0.237839, -0.929838, -0.055991, 0.363685, -0.061012, 0.074229, -0.996578, 0.036354, 0.203941, 0.000000, 0.000000, 0.000000, 1.000000, -0.997597, 0.031709, 0.061595, -0.004791, 0.060653, -0.029859, 0.997712, -0.103216, 0.033475, 0.999051, 0.027864, 0.016335, 0.000000, 0.000000, 0.000000, 1.000000
1.4691, 60.8693, -3.8607, 215.7173, 237.7173, -60.8693, 203.9341, -5.1531, -103.2623, 16.3191, 0.930616, 0.056151, -0.361664, 0.060869, -0.074545, 0.996527, -0.037097, -0.003861, 0.358325, 0.061483, 0.931570, 0.215717, 0.000000, 0.000000, 0.000000, 1.000000, 0.358325, 0.061483, 0.931570, 0.237717, -0.930616, -0.056151, 0.361664, -0.060869, 0.074545, -0.996527, 0.037097, 0.203934, 0.000000, 0.000000, 0.000000, 1.000000, -0.997427, 0.031195, 0.064548, -0.005153, 0.063635, -0.029418, 0.997540, -0.103262, 0.033017, 0.999080, 0.027358, 0.016319, 0.000000, 0.000000, 0.000000, 1.000000
1.7868, 60.6127, -3.8407, 215.6570, 237.6570, -60.6127, 203.9141, -5.4620, -103.2146, 16.3132, 0.932721, 0.056431, -0.356157, 0.060613, -0.074456, 0.996534, -0.037093, -0.003841, 0.352829, 0.061116, 0.933690, 0.215657, 0.000000, 0.000000, 0.000000, 1.000000, 0.352829, 0.061116, 0.933690, 0.237657, -0.932721, -0.056431, 0.356157, -0.060613, 0.074456, -0.996534, 0.037093, 0.203914, 0.000000, 0.000000, 0.000000, 1.000000, -0.997458, 0.030872, 0.064223, -0.005462, 0.063299, -0.030025, 0.997543, -0.103215, 0.032724, 0.999072, 0.027995, 0.016313, 0.000000, 0.000000, 0.000000, 1.000000
2.0821, 60.2184, -3.7998, 215.5015, 237.5015, -60.2184, 203.8732, -5.5696, -103.2208, 16.3081, 0.935267, 0.056155, -0.349461, 0.060218, -0.073980, 0.996541, -0.037859, -0.003800, 0.346126, 0.061262, 0.936186, 0.215501, 0.000000, 0.000000, 0.000000, 1.000000, 0.346126, 0.061262, 0.936186, 0.237501, -0.935267, -0.056155, 0.349461, -0.060218, 0.073980, -0.996541, 0.037859, 0.203873, 0.000000, 0.000000, 0.000000, 1.000000, -0.997585, 0.030938, 0.062193, -0.005570, 0.061269, -0.029964, 0.997671, -0.103221, 0.032730, 0.999072, 0.027996, 0.016308, 0.000000, 0.000000, 0.000000, 1.000000
2.3963, 60.0733, -3.7924, 215.4208, 237.4208, -60.0733, 203.8658, -5.9737, -103.2244, 16.2963, 0.936035, 0.056433, -0.347354, 0.060073, -0.073851, 0.996579, -0.037102, -0.003792, 0.344072, 0.060381, 0.937000, 0.215421, 0.000000, 0.000000, 0.000000, 1.000000, 0.344072, 0.060381, 0.937000, 0.237421, -0.936035, -0.056433, 0.347354, -0.060073, 0.073851, -0.996579, 0.037102, 0.203866, 0.000000, 0.000000, 0.000000, 1.000000, -0.997378, 0.030760, 0.065501, -0.005974, 0.064546, -0.031057, 0.997431, -0.103224, 0.032715, 0.999044, 0.028990, 0.016296, 0.000000, 0.000000, 0.000000, 1.000000
2.7127, 59.6907, -3.7637, 215.2897, 237.2897, -59.6907, 203.8372, -6.1390, -103.2093, 16.2823, 0.938662, 0.056018, -0.340259, 0.059691, -0.073541, 0.996537, -0.038812, -0.003764, 0.336907, 0.061454, 0.939530, 0.215290, 0.000000, 0.000000, 0.000000, 1.000000, 0.336907, 0.061454, 0.939530, 0.237290, -0.938662, -0.056018, 0.340259, -0.059691, 0.073541, -0.996537, 0.038812, 0.203837, 0.000000, 0.000000, 0.000000, 1.000000, -0.997519, 0.030684, 0.063356, -0.006139, 0.062435, -0.030080, 0.997596, -0.103209, 0.032516, 0.999076, 0.028089, 0.016282, 0.000000, 0.000000, 0.000000, 1.000000
3.0292, 59.4375, -3.7481, 215.2396, 237.2396, -59.4375, 203.8215, -6.4512, -103.1528, 16.2735, 0.940742, 0.056123, -0.334446, 0.059438, -0.073244, 0.996559, -0.038792, -0.003748, 0.331118, 0.060989, 0.941616, 0.215240, 0.000000, 0.000000, 0.000000, 1.000000, 0.331118, 0.060989, 0.941616, 0.237240, -0.940742, -0.056123, 0.334446, -0.059438, 0.073244, -0.996559, 0.038792, 0.203822, 0.000000, 0.000000, 0.000000, 1.000000, -0.997563, 0.030545, 0.062736, -0.006451, 0.061799, -0.030725, 0.997616, -0.103153, 0.032400, 0.999061, 0.028762, 0.016273, 0.000000, 0.000000, 0.000000, 1.000000
3.3249, 59.1681, -3.7235, 215.1698, 237.1698, -59.1681, 203.7969, -6.7043, -103.1136, 16.2703, 0.942395, 0.056245, -0.329741, 0.059168, -0.073240, 0.996538, -0.039337, -0.003723, 0.326387, 0.061221, 0.943252, 0.215170, 0.000000, 0.000000, 0.000000, 1.000000, 0.326387, 0.061221, 0.943252, 0.237170, -0.942395, -0.056245, 0.329741, -0.059168, 0.073240, -0.996538, 0.039337, 0.203797, 0.000000, 0.000000, 0.000000, 1.000000, -0.997564, 0.030206, 0.062885, -0.006704, 0.061958, -0.030691, 0.997607, -0.103114, 0.032064, 0.999072, 0.028745, 0.016270, 0.000000, 0.000000, 0.000000, 1.000000
3.6396, 58.8906, -3.6909, 215.0670, 237.0670, -58.8906, 203.7643, -6.9740, -103.1023, 16.2711, 0.944317, 0.056290, -0.324188, 0.058891, -0.073204, 0.996506, -0.040206, -0.003691, 0.320792, 0.061699, 0.945138, 0.215067, 0.000000, 0.000000, 0.000000, 1.000000, 0.320792, 0.061699, 0.945138, 0.237067, -0.944317, -0.056290, 0.324188, -0.058891, 0.073204, -0.996506, 0.040206, 0.203764, 0.000000, 0.000000, 0.000000, 1.000000, -0.997601, 0.029866, 0.062452, -0.006974, 0.061544, -0.030407, 0.997641, -0.103102, 0.031695, 0.999091, 0.028496, 0.016271, 0.000000, 0.000000, 0.000000, 1.000000
3.9485, 58.4956, -3.6528, 214.9281, 236.9281, -58.4956, 203.7263, -7.1107, -103.0963, 16.2647, 0.946773, 0.056106, -0.316976, 0.058496, -0.072843, 0.996492, -0.041191, -0.003653, 0.313553, 0.062088, 0.947539, 0.214928, 0.000000, 0.000000, 0.000000, 1.000000, 0.313553, 0.062088, 0.947539, 0.236928, -0.946773, -0.056106, 0.316976, -0.058496, 0.072843, -0.996492, 0.041191, 0.203726, 0.000000, 0.000000, 0.000000, 1.000000, -0.997743, 0.029779, 0.060184, -0.007111, 0.059287, -0.030145, 0.997786, -0.103096, 0.031527, 0.999102, 0.028311, 0.016265, 0.000000, 0.000000, 0.000000, 1.000000
4.2618, 58.2450, -3.6420, 214.8624, 236.8624, -58.2450, 203.7155, -7.4155, -103.0557, 16.2497, 0.948241, 0.056364, -0.312508, 0.058245, -0.072664, 0.996524, -0.040751, -0.003642, 0.309125, 0.061349, 0.949041, 0.214862, 0.000000, 0.000000, 0.000000, 1.000000, 0.309125, 0.061349, 0.949041, 0.236862, -0.948241, -0.056364, 0.312508, -0.058245, 0.072664, -0.996524, 0.040751, 0.203715, 0.000000, 0.000000, 0.000000, 1.000000, -0.997700, 0.029552, 0.061006, -0.007415, 0.060085, -0.031087, 0.997709, -0.103056, 0.031381, 0.999080, 0.029240, 0.016250, 0.000000, 0.000000, 0.000000, 1.000000
4.5589, 57.9753, -3.6233, 214.7953, 236.7953, -57.9753, 203.6968, -7.6713, -103.0141, 16.2408, 0.950035, 0.056191, -0.307043, 0.057975, -0.072346, 0.996517, -0.041477, -0.003623, 0.303642, 0.061618, 0.950792, 0.214795, 0.000000, 0.000000, 0.000000, 1.000000, 0.303642, 0.061618, 0.950792, 0.236795, -0.950035, -0.056191, 0.307043, -0.057975, 0.072346, -0.996517, 0.041477, 0.203697, 0.000000, 0.000000, 0.000000, 1.000000, -0.997738, 0.029491, 0.060406, -0.007671, 0.059492, -0.030937, 0.997749, -0.103014, 0.031293, 0.999086, 0.029112, 0.016241, 0.000000, 0.000000, 0.000000, 1.000000
4.8757, 57.8257, -3.6132, 214.7248, 236.7248, -57.8257, 203.6867, -8.0786, -103.0022, 16.2324, 0.950839, 0.056157, -0.304553, 0.057826, -0.072414, 0.996476, -0.042339, -0.003613, 0.301102, 0.062312, 0.951554, 0.214725, 0.000000, 0.000000, 0.000000, 1.000000, 0.301102, 0.062312, 0.951554, 0.236725, -0.950839, -0.056157, 0.304553, -0.057826, 0.072414, -0.996476, 0.042339, 0.203687, 0.000000, 0.000000, 0.000000, 1.000000, -0.997571, 0.029183, 0.063250, -0.008079, 0.062362, -0.030417, 0.997590, -0.103002, 0.031037, 0.999111, 0.028524, 0.016232, 0.000000, 0.000000, 0.000000, 1.000000
5.1939, 57.4141, -3.5753, 214.5736, 236.5736, -57.4141, 203.6487, -8.2132, -103.0059, 16.2235, 0.953177, 0.055895, -0.297204, 0.057414, -0.071753, 0.996508, -0.042707, -0.003575, 0.293779, 0.062033, 0.953858, 0.214574, 0.000000, 0.000000, 0.000000, 1.000000, 0.293779, 0.062033, 0.953858, 0.236574, -0.953177, -0.055895, 0.297204, -0.057414, 0.071753, -0.996508, 0.042707, 0.203649, 0.000000, 0.000000, 0.000000, 1.000000, -0.997700, 0.029335, 0.061106, -0.008213, 0.060201, -0.030788, 0.997711, -0.103006, 0.031149, 0.999095, 0.028951, 0.016223, 0.000000, 0.000000, 0.000000, 1.000000
5.5068, 57.2792, -3.5688, 214.5280, 236.5280, -57.2792, 203.6423, -8.6339, -102.9724, 16.2150, 0.953887, 0.056157, -0.294867, 0.057279, -0.071817, 0.996510, -0.042542, -0.003569, 0.291449, 0.061757, 0.954591, 0.214528, 0.000000, 0.000000, 0.000000, 1.000000, 0.291449, 0.061757, 0.954591, 0.236528, -0.953887, -0.056157, 0.294867, -0.057279, 0.071817, -0.996510, 0.042542, 0.203642, 0.000000, 0.000000, 0.000000, 1.000000, -0.997520, 0.028976, 0.064138, -0.008634, 0.063229, -0.031277, 0.997509, -0.102972, 0.030910, 0.999091, 0.029368, 0.016215, 0.000000, 0.000000, 0.000000, 1.000000
5.8030, 57.0189, -3.5453, 214.4496, 236.4496, -57.0189, 203.6188, -8.8938, -102.9443, 16.2105, 0.955337, 0.056468, -0.290074, 0.057019, -0.071919, 0.996488, -0.042876, -0.003545, 0.286635, 0.061823, 0.956043, 0.214450, 0.000000, 0.000000, 0.000000, 1.000000, 0.286635, 0.061823, 0.956043, 0.236450, -0.955337, -0.056468, 0.290074, -0.057019, 0.071919, -0.996488, 0.042876, 0.203619, 0.000000, 0.000000, 0.000000, 1.000000, -0.997524, 0.028495, 0.064290, -0.008894, 0.063390, -0.031433, 0.997494, -0.102944, 0.030445, 0.999100, 0.029549, 0.016211, 0.000000, 0.000000, 0.000000, 1.000000
6.1203, 56.6168, -3.5201, 214.3452, 236.3452, -56.6168, 203.5935, -9.0481, -102.9063, 16.1943, 0.957412, 0.056236, -0.283196, 0.056617, -0.071460, 0.996485, -0.043708, -0.003520, 0.279742, 0.062083, 0.958066, 0.214345, 0.000000, 0.000000, 0.000000, 1.000000, 0.279742, 0.062083, 0.958066, 0.236345, -0.957412, -0.056236, 0.283196, -0.056617, 0.071460, -0.996485, 0.043708, 0.203594, 0.000000, 0.000000, 0.000000, 1.000000, -0.997631, 0.028489, 0.062611, -0.009048, 0.061716, -0.031284, 0.997603, -0.102906, 0.030379, 0.999104, 0.029452, 0.016194, 0.000000, 0.000000, 0.000000, 1.000000
6.4345, 56.4721, -3.5039, 214.2746, 236.2746, -56.4721, 203.5774, -9.4551, -102.8932, 16.1922, 0.958183, 0.055985, -0.280627, 0.056472, -0.071031, 0.996515, -0.043727, -0.003504, 0.277201, 0.061832, 0.958820, 0.214275, 0.000000, 0.000000, 0.000000, 1.000000, 0.277201, 0.061832, 0.958820, 0.236275, -0.958183, -0.055985, 0.280627, -0.056472, 0.071031, -0.996515, 0.043727, 0.203577, 0.000000, 0.000000, 0.000000, 1.000000, -0.997447, 0.028618, 0.065420, -0.009455, 0.064511, -0.031632, 0.997416, -0.102893, 0.030613, 0.999090, 0.029705, 0.016192, 0.000000, 0.000000, 0.000000, 1.000000
6.7214, 56.2049, -3.4912, 214.2317, 236.2317, -56.2049, 203.5647, -9.7000, -102.8299, 16.1801, 0.959751, 0.056290, -0.275152, 0.056205, -0.071008, 0.996513, -0.043816, -0.003491, 0.271726, 0.061590, 0.960402, 0.214232, 0.000000, 0.000000, 0.000000, 1.000000, 0.271726, 0.061590, 0.960402, 0.236232, -0.959751, -0.056290, 0.275152, -0.056205, 0.071008, -0.996513, 0.043816, 0.203565, 0.000000, 0.000000, 0.000000, 1.000000, -0.997503, 0.028211, 0.064749, -0.009700, 0.063838, -0.032075, 0.997445, -0.102830, 0.030216, 0.999087, 0.030194, 0.016180, 0.000000, 0.000000, 0.000000, 1.000000
7.0400, 55.7892, -3.4577, 214.0914, 236.0914, -55.7892, 203.5312, -9.8350, -102.8267, 16.1675, 0.961653, 0.056259, -0.268439, 0.055789, -0.070696, 0.996509, -0.044415, -0.003458, 0.265003, 0.061689, 0.962272, 0.214091, 0.000000, 0.000000, 0.000000, 1.000000, 0.265003, 0.061689, 0.962272, 0.236091, -0.961653, -0.056259, 0.268439, -0.055789, 0.070696, -0.996509, 0.044415, 0.203531, 0.000000, 0.000000, 0.000000, 1.000000, -0.997599, 0.028043, 0.063316, -0.009835, 0.062409, -0.032129, 0.997533, -0.102827, 0.030008, 0.999090, 0.030301, 0.016167, 0.000000, 0.000000, 0.000000, 1.000000
7.3358, 55.5209, -3.4307, 214.0084, 236.0084, -55.5209, 203.5041, -10.0848, -102.8028, 16.1654, 0.963166, 0.056164, -0.262976, 0.055521, -0.070541, 0.996469, -0.045543, -0.003431, 0.259490, 0.062416, 0.963727, 0.214008, 0.000000, 0.000000, 0.000000, 1.000000, 0.259490, 0.062416, 0.963727, 0.236008, -0.963166, -0.056164, 0.262976, -0.055521, 0.070541, -0.996469, 0.045543, 0.203504, 0.000000, 0.000000, 0.000000, 1.000000, -0.997642, 0.027822, 0.062740, -0.010085, 0.061857, -0.031541, 0.997587, -0.102803, 0.029734, 0.999115, 0.029746, 0.016165, 0.000000, 0.000000, 0.000000, 1.000000
7.6061, 55.3950, -3.4214, 213.9981, 235.9981, -55.3950, 203.4948, -10.4439, -102.7397, 16.1640, 0.963928, 0.056190, -0.260163, 0.055395, -0.070463, 0.996460, -0.045854, -0.003421, 0.256666, 0.062532, 0.964475, 0.213998, 0.000000, 0.000000, 0.000000, 1.000000, 0.256666, 0.062532, 0.964475, 0.235998, -0.963928, -0.056190, 0.260163, -0.055395, 0.070463, -0.996460, 0.045854, 0.203495, 0.000000, 0.000000, 0.000000, 1.000000, -0.997534, 0.027625, 0.064524, -0.010444, 0.063646, -0.031563, 0.997473, -0.102740, 0.029591, 0.999120, 0.029727, 0.016164, 0.000000, 0.000000, 0.000000, 1.000000
7.9225, 54.9899, -3.3852, 213.9234, 235.9234, -54.9899, 203.4587, -10.5975, -102.6777, 16.1613, 0.965960, 0.056214, -0.252508, 0.054990, -0.070117, 0.996459, -0.046397, -0.003385, 0.249006, 0.062523, 0.966482, 0.213923, 0.000000, 0.000000, 0.000000, 1.000000, 0.249006, 0.062523, 0.966482, 0.235923, -0.965960, -0.056214, 0.252508, -0.054990, 0.070117, -0.996459, 0.046397, 0.203459, 0.000000, 0.000000, 0.000000, 1.000000, -0.997692, 0.027428, 0.062120, -0.010598, 0.061243, -0.031729, 0.997618, -0.102678, 0.029334, 0.999120, 0.029976, 0.016161, 0.000000, 0.000000, 0.000000, 1.000000
8.2169, 54.7075, -3.3646, 213.8546, 235.8546, -54.7075, 203.4381, -10.8341, -102.6374, 16.1532, 0.967328, 0.056503, -0.247152, 0.054707, -0.070088, 0.996456, -0.046510, -0.003365, 0.243648, 0.062313, 0.967860, 0.213855, 0.000000, 0.000000, 0.000000, 1.000000, 0.243648, 0.062313, 0.967860, 0.235855, -0.967328, -0.056503, 0.247152, -0.054707, 0.070088, -0.996456, 0.046510, 0.203438, 0.000000, 0.000000, 0.000000, 1.000000, -0.997726, 0.027019, 0.061742, -0.010834, 0.060866, -0.032129, 0.997629, -0.102637, 0.028939, 0.999118, 0.030412, 0.016153, 0.000000, 0.000000, 0.000000, 1.000000
8.4990, 54.4442, -3.3374, 213.7723, 235.7723, -54.4442, 203.4109, -11.0644, -102.6171, 16.1518, 0.968668, 0.056054, -0.241953, 0.054444, -0.069811, 0.996373, -0.048656, -0.003337, 0.238348, 0.064022, 0.969067, 0.213772, 0.000000, 0.000000, 0.000000, 1.000000, 0.238348, 0.064022, 0.969067, 0.235772, -0.968668, -0.056054, 0.241953, -0.054444, 0.069811, -0.996373, 0.048656, 0.203411, 0.000000, 0.000000, 0.000000, 1.000000, -0.997764, 0.026991, 0.061145, -0.011064, 0.060317, -0.030498, 0.997713, -0.102617, 0.028794, 0.999170, 0.028802, 0.016152, 0.000000, 0.000000, 0.000000, 1.000000
8.7253, 54.3000, -3.3443, 213.7802, 235.7802, -54.3000, 203.4177, -11.3302, -102.5381, 16.1347, 0.969269, 0.056421, -0.239447, 0.054300, -0.069655, 0.996456, -0.047163, -0.003344, 0.235937, 0.062392, 0.969763, 0.213780, 0.000000, 0.000000, 0.000000, 1.000000, 0.235937, 0.062392, 0.969763, 0.235780, -0.969269, -0.056421, 0.239447, -0.054300, 0.069655, -0.996456, 0.047163, 0.203418, 0.000000, 0.000000, 0.000000, 1.000000, -0.997676, 0.026800, 0.062648, -0.011330, 0.061774, -0.032275, 0.997568, -0.102538, 0.028757, 0.999120, 0.030545, 0.016135, 0.000000, 0.000000, 0.000000, 1.000000
8.8603, 54.1685, -3.3296, 213.7641, 235.7641, -54.1685, 203.4030, -11.4386, -102.5047, 16.1376, 0.970098, 0.056271, -0.236100, 0.054169, -0.069364, 0.996459, -0.047515, -0.003330, 0.232591, 0.062471, 0.970566, 0.213764, 0.000000, 0.000000, 0.000000, 1.000000, 0.232591, 0.062471, 0.970566, 0.235764, -0.970098, -0.056271, 0.236100, -0.054169, 0.069364, -0.996459, 0.047515, 0.203403, 0.000000, 0.000000, 0.000000, 1.000000, -0.997743, 0.026859, 0.061544, -0.011439, 0.060669, -0.032234, 0.997637, -0.102505, 0.028779, 0.999119, 0.030532, 0.016138, 0.000000, 0.000000, 0.000000, 1.000000
9.0844, 53.8968, -3.3071, 213.6598, 235.6598, -53.8968, 203.3805, -11.5532, -102.5159, 16.1287, 0.970962, 0.056119, -0.232559, 0.053897, -0.068965, 0.996489, -0.047470, -0.003307, 0.229078, 0.062130, 0.971423, 0.213660, 0.000000, 0.000000, 0.000000, 1.000000, 0.229078, 0.062130, 0.971423, 0.235660, -0.970962, -0.056119, 0.232559, -0.053897, 0.068965, -0.996489, 0.047470, 0.203381, 0.000000, 0.000000, 0.000000, 1.000000, -0.997723, 0.026940, 0.061830, -0.011553, 0.060941, -0.032650, 0.997607, -0.102516, 0.028895, 0.999104, 0.030934, 0.016129, 0.000000, 0.000000, 0.000000, 1.000000
9.4003, 53.6149, -3.2882, 213.5538, 235.5538, -53.6149, 203.3617, -11.8225, -102.5086, 16.1153, 0.972043, 0.056125, -0.227997, 0.053615, -0.068868, 0.996455, -0.048315, -0.003288, 0.224477, 0.062666, 0.972462, 0.213554, 0.000000, 0.000000, 0.000000, 1.000000, 0.224477, 0.062666, 0.972462, 0.235554, -0.972043, -0.056125, 0.227997, -0.053615, 0.068868, -0.996455, 0.048315, 0.203362, 0.000000, 0.000000, 0.000000, 1.000000, -0.997682, 0.026664, 0.062603, -0.011823, 0.061734, -0.032270, 0.997571, -0.102509, 0.028620, 0.999123, 0.030549, 0.016115, 0.000000, 0.000000, 0.000000, 1.000000
9.7163, 53.3385, -3.2719, 213.5153, 235.5153, -53.3385, 203.3453, -12.1083, -102.4358, 16.1064, 0.973478, 0.056269, -0.221752, 0.053339, -0.068548, 0.996489, -0.048064, -0.003272, 0.218269, 0.061990, 0.973918, 0.213515, 0.000000, 0.000000, 0.000000, 1.000000, 0.218269, 0.061990, 0.973918, 0.235515, -0.973478, -0.056269, 0.221752, -0.053339, 0.068548, -0.996489, 0.048064, 0.203345, 0.000000, 0.000000, 0.000000, 1.000000, -0.997741, 0.026454, 0.061758, -0.012108, 0.060871, -0.033107, 0.997596, -0.102436, 0.028435, 0.999102, 0.031422, 0.016106, 0.000000, 0.000000, 0.000000, 1.000000
10.0200, 53.1832, -3.2565, 213.4429, 235.4429, -53.1832, 203.3300, -12.4859, -102.4181, 16.1026, 0.973795, 0.056181, -0.220379, 0.053183, -0.068397, 0.996493, -0.048195, -0.003257, 0.216898, 0.062005, 0.974223, 0.213443, 0.000000, 0.000000, 0.000000, 1.000000, 0.216898, 0.062005, 0.974223, 0.235443, -0.973795, -0.056181, 0.220379, -0.053183, 0.068397, -0.996493, 0.048195, 0.203330, 0.000000, 0.000000, 0.000000, 1.000000, -0.997495, 0.026362, 0.065634, -0.012486, 0.064746, -0.033219, 0.997349, -0.102418, 0.028473, 0.999100, 0.031428, 0.016103, 0.000000, 0.000000, 0.000000, 1.000000
10.3280, 52.9154, -3.2342, 213.3692, 235.3692, -52.9154, 203.3077, -12.7597, -102.3829, 16.0968, 0.975027, 0.055843, -0.214951, 0.052915, -0.067777, 0.996519, -0.048546, -0.003234, 0.211492, 0.061902, 0.975417, 0.213369, 0.000000, 0.000000, 0.000000, 1.000000, 0.211492, 0.061902, 0.975417, 0.235369, -0.975027, -0.055843, 0.214951, -0.052915, 0.067777, -0.996519, 0.048546, 0.203308, 0.000000, 0.000000, 0.000000, 1.000000, -0.997504, 0.026533, 0.065443, -0.012760, 0.064544, -0.033411, 0.997355, -0.102383, 0.028650, 0.999089, 0.031615, 0.016097, 0.000000, 0.000000, 0.000000, 1.000000
10.4893, 52.7771, -3.2167, 213.3655, 235.3655, -52.7771, 203.2901, -12.9094, -102.3309, 16.1032, 0.975511, 0.055853, -0.212741, 0.052777, -0.067777, 0.996488, -0.049169, -0.003217, 0.209248, 0.062384, 0.975871, 0.213366, 0.000000, 0.000000, 0.000000, 1.000000, 0.209248, 0.062384, 0.975871, 0.235366, -0.975511, -0.055853, 0.212741, -0.052777, 0.067777, -0.996488, 0.049169, 0.203290, 0.000000, 0.000000, 0.000000, 1.000000, -0.997475, 0.026358, 0.065951, -0.012909, 0.065069, -0.033010, 0.997335, -0.102331, 0.028465, 0.999107, 0.031212, 0.016103, 0.000000, 0.000000, 0.000000, 1.000000
10.6453, 52.5164, -3.2059, 213.3268, 235.3268, -52.5164, 203.2794, -12.9246, -102.2959, 16.0900, 0.976750, 0.056309, -0.206854, 0.052516, -0.067836, 0.996490, -0.049058, -0.003206, 0.203365, 0.061950, 0.977141, 0.213327, 0.000000, 0.000000, 0.000000, 1.000000, 0.203365, 0.061950, 0.977141, 0.235327, -0.976750, -0.056309, 0.206854, -0.052516, 0.067836, -0.996490, 0.049058, 0.203279, 0.000000, 0.000000, 0.000000, 1.000000, -0.997697, 0.025879, 0.062693, -0.012925, 0.061811, -0.033577, 0.997523, -0.102296, 0.027920, 0.999101, 0.031900, 0.016090, 0.000000, 0.000000, 0.000000, 1.000000
10.9305, 52.3637, -3.1934, 213.2934, 235.2934, -52.3637, 203.2669, -13.2774, -102.2424, 16.0874, 0.977099, 0.056058, -0.205269, 0.052364, -0.067672, 0.996454, -0.049996, -0.003193, 0.201739, 0.062742, 0.977428, 0.213293, 0.000000, 0.000000, 0.000000, 1.000000, 0.201739, 0.062742, 0.977428, 0.235293, -0.977099, -0.056058, 0.205269, -0.052364, 0.067672, -0.996454, 0.049996, 0.203267, 0.000000, 0.000000, 0.000000, 1.000000, -0.997487, 0.025849, 0.065971, -0.013277, 0.065108, -0.032886, 0.997336, -0.102242, 0.027950, 0.999125, 0.031120, 0.016087, 0.000000, 0.000000, 0.000000, 1.000000
11.0584, 52.2162, -3.1827, 213.2611, 235.2611, -52.2162, 203.2562, -13.3547, -102.2247, 16.0835, 0.977793, 0.056389, -0.201846, 0.052216, -0.067794, 0.996444, -0.050043, -0.003183, 0.198307, 0.062615, 0.978138, 0.213261, 0.000000, 0.000000, 0.000000, 1.000000, 0.198307, 0.062615, 0.978138, 0.235261, -0.977793, -0.056389, 0.201846, -0.052216, 0.067794, -0.996444, 0.050043, 0.203256, 0.000000, 0.000000, 0.000000, 1.000000, -0.997579, 0.025465, 0.064719, -0.013355, 0.063863, -0.033114, 0.997409, -0.102225, 0.027543, 0.999127, 0.031407, 0.016083, 0.000000, 0.000000, 0.000000, 1.000000
11.2377, 51.9592, -3.1665, 213.2070, 235.2070, -51.9592, 203.2399, -13.4122, -102.2018, 16.0745, 0.978575, 0.056199, -0.198074, 0.051959, -0.067519, 0.996420, -0.050866, -0.003166, 0.194506, 0.063150, 0.978866, 0.213207, 0.000000, 0.000000, 0.000000, 1.000000, 0.194506, 0.063150, 0.978866, 0.235207, -0.978575, -0.056199, 0.198074, -0.051959, 0.067519, -0.996420, 0.050866, 0.203240, 0.000000, 0.000000, 0.000000, 1.000000, -0.997628, 0.025478, 0.063947, -0.013412, 0.063103, -0.032638, 0.997473, -0.102202, 0.027501, 0.999142, 0.030953, 0.016074, 0.000000, 0.000000, 0.000000, 1.000000
11.4082, 51.8046, -3.1583, 213.1947, 235.1947, -51.8046, 203.2318, -13.5613, -102.1535, 16.0694, 0.979336, 0.056316, -0.194242, 0.051805, -0.067364, 0.996437, -0.050745, -0.003158, 0.190692, 0.062782, 0.979640, 0.213195, 0.000000, 0.000000, 0.000000, 1.000000, 0.190692, 0.062782, 0.979640, 0.235195, -0.979336, -0.056316, 0.194242, -0.051805, 0.067364, -0.996437, 0.050745, 0.203232, 0.000000, 0.000000, 0.000000, 1.000000, -0.997690, 0.025313, 0.063042, -0.013561, 0.062191, -0.033094, 0.997515, -0.102153, 0.027337, 0.999132, 0.031443, 0.016069, 0.000000, 0.000000, 0.000000, 1.000000
11.5726, 51.6846, -3.1658, 213.1469, 235.1469, -51.6846, 203.2392, -13.7304, -102.1448, 16.0481, 0.979776, 0.056294, -0.192018, 0.051685, -0.067145, 0.996466, -0.050477, -0.003166, 0.188497, 0.062349, 0.980093, 0.213147, 0.000000, 0.000000, 0.000000, 1.000000, 0.188497, 0.062349, 0.980093, 0.235147, -0.979776, -0.056294, 0.192018, -0.051685, 0.067145, -0.996466, 0.050477, 0.203239, 0.000000, 0.000000, 0.000000, 1.000000, -0.997650, 0.025296, 0.063673, -0.013730, 0.062809, -0.033594, 0.997460, -0.102145, 0.027371, 0.999115, 0.031926, 0.016048, 0.000000, 0.000000, 0.000000, 1.000000
11.8582, 51.5339, -3.1485, 213.1075, 235.1075, -51.5339, 203.2219, -14.0842, -102.0964, 16.0498, 0.979953, 0.056093, -0.191171, 0.051534, -0.066931, 0.996468, -0.050711, -0.003148, 0.187651, 0.062490, 0.980246, 0.213108, 0.000000, 0.000000, 0.000000, 1.000000, 0.187651, 0.062490, 0.980246, 0.235108, -0.979953, -0.056093, 0.191171, -0.051534, 0.066931, -0.996468, 0.050711, 0.203222, 0.000000, 0.000000, 0.000000, 1.000000, -0.997380, 0.025311, 0.067768, -0.014084, 0.066904, -0.033555, 0.997195, -0.102096, 0.027514, 0.999116, 0.031774, 0.016050, 0.000000, 0.000000, 0.000000, 1.000000
11.9760, 51.3896, -3.1475, 213.0962, 235.0962, -51.3896, 203.2209, -14.1499, -102.0605, 16.0386, 0.980696, 0.056252, -0.187275, 0.051390, -0.066939, 0.996441, -0.051233, -0.003147, 0.183726, 0.062780, 0.980971, 0.213096, 0.000000, 0.000000, 0.000000, 1.000000, 0.183726, 0.062780, 0.980971, 0.235096, -0.980696, -0.056252, 0.187275, -0.051390, 0.066939, -0.996441, 0.051233, 0.203221, 0.000000, 0.000000, 0.000000, 1.000000, -0.997516, 0.025047, 0.065833, -0.014150, 0.064984, -0.033338, 0.997329, -0.102060, 0.027175, 0.999130, 0.031627, 0.016039, 0.000000, 0.000000, 0.000000, 1.000000
12.1649, 51.1122, -3.1248, 212.9828, 234.9828, -51.1122, 203.1982, -14.1970, -102.0936, 16.0285, 0.981331, 0.056103, -0.183963, 0.051112, -0.066566, 0.996468, -0.051197, -0.003125, 0.180441, 0.062487, 0.981599, 0.212983, 0.000000, 0.000000, 0.000000, 1.000000, 0.180441, 0.062487, 0.981599, 0.234983, -0.981331, -0.056103, 0.183963, -0.051112, 0.066566, -0.996468, 0.051197, 0.203198, 0.000000, 0.000000, 0.000000, 1.000000, -0.997518, 0.025121, 0.065776, -0.014197, 0.064915, -0.033694, 0.997322, -0.102094, 0.027270, 0.999116, 0.031979, 0.016029, 0.000000, 0.000000, 0.000000, 1.000000
12.4734, 50.6878, -3.0865, 212.9019, 234.9019, -50.6878, 203.1599, -14.3141, -102.0498, 16.0259, 0.982757, 0.056277, -0.176128, 0.050688, -0.066288, 0.996472, -0.051479, -0.003086, 0.172610, 0.062267, 0.983020, 0.212902, 0.000000, 0.000000, 0.000000, 1.000000, 0.172610, 0.062267, 0.983020, 0.234902, -0.982757, -0.056277, 0.176128, -0.050688, 0.066288, -0.996472, 0.051479, 0.203160, 0.000000, 0.000000, 0.000000, 1.000000, -0.997692, 0.024791, 0.063208, -0.014314, 0.062348, -0.034067, 0.997473, -0.102050, 0.026882, 0.999112, 0.032442, 0.016026, 0.000000, 0.000000, 0.000000, 1.000000
12.7881, 50.4051, -3.0567, 212.8515, 234.8515, -50.4051, 203.1301, -14.5864, -101.9909, 16.0287, 0.983642, 0.056144, -0.171160, 0.050405, -0.066087, 0.996407, -0.052959, -0.003057, 0.167572, 0.063404, 0.983819, 0.212851, 0.000000, 0.000000, 0.000000, 1.000000, 0.167572, 0.063404, 0.983819, 0.234851, -0.983642, -0.056144, 0.171160, -0.050405, 0.066087, -0.996407, 0.052959, 0.203130, 0.000000, 0.000000, 0.000000, 1.000000, -0.997675, 0.024613, 0.063551, -0.014586, 0.062723, -0.033057, 0.997483, -0.101991, 0.026651, 0.999150, 0.031436, 0.016029, 0.000000, 0.000000, 0.000000, 1.000000
13.0917, 50.2741, -3.0544, 212.8584, 234.8584, -50.2741, 203.1278, -14.9974, -101.8916, 16.0216, 0.984226, 0.056297, -0.167722, 0.050274, -0.065949, 0.996439, -0.052542, -0.003054, 0.164167, 0.062774, 0.984433, 0.212858, 0.000000, 0.000000, 0.000000, 1.000000, 0.164167, 0.062774, 0.984433, 0.234858, -0.984226, -0.056297, 0.167722, -0.050274, 0.065949, -0.996439, 0.052542, 0.203128, 0.000000, 0.000000, 0.000000, 1.000000, -0.997562, 0.024350, 0.065404, -0.014997, 0.064564, -0.033829, 0.997340, -0.101892, 0.026497, 0.999131, 0.032174, 0.016022, 0.000000, 0.000000, 0.000000, 1.000000
13.1836, 50.1480, -3.0532, 212.8227, 234.8227, -50.1480, 203.1267, -15.0320, -101.8898, 16.0095, 0.984732, 0.056302, -0.164723, 0.050148, -0.065819, 0.996429, -0.052894, -0.003053, 0.161157, 0.062929, 0.984921, 0.212823, 0.000000, 0.000000, 0.000000, 1.000000, 0.161157, 0.062929, 0.984921, 0.234823, -0.984732, -0.056302, 0.164723, -0.050148, 0.065819, -0.996429, 0.052894, 0.203127, 0.000000, 0.000000, 0.000000, 1.000000, -0.997658, 0.024274, 0.063952, -0.015032, 0.063117, -0.033715, 0.997436, -0.101890, 0.026368, 0.999137, 0.032104, 0.016010, 0.000000, 0.000000, 0.000000, 1.000000
13.3827, 50.0012, -3.0312, 212.8186, 234.8186, -50.0012, 203.1047, -15.2381, -101.8283, 16.0196, 0.984945, 0.056071, -0.163521, 0.050001, -0.065621, 0.996404, -0.053595, -0.003031, 0.159928, 0.063519, 0.985083, 0.212819, 0.000000, 0.000000, 0.000000, 1.000000, 0.159928, 0.063519, 0.985083, 0.234819, -0.984945, -0.056071, 0.163521, -0.050001, 0.065621, -0.996404, 0.053595, 0.203105, 0.000000, 0.000000, 0.000000, 1.000000, -0.997513, 0.024329, 0.066149, -0.015238, 0.065326, -0.033189, 0.997312, -0.101828, 0.026459, 0.999153, 0.031517, 0.016020, 0.000000, 0.000000, 0.000000, 1.000000
13.4903, 49.8569, -3.0245, 212.8215, 234.8215, -49.8569, 203.0979, -15.2859, -101.7829, 16.0155, 0.985615, 0.056134, -0.159412, 0.049857, -0.065371, 0.996436, -0.053302, -0.003024, 0.155852, 0.062956, 0.985772, 0.212822, 0.000000, 0.000000, 0.000000, 1.000000, 0.155852, 0.062956, 0.985772, 0.234822, -0.985615, -0.056134, 0.159412, -0.049857, 0.065371, -0.996436, 0.053302, 0.203098, 0.000000, 0.000000, 0.000000, 1.000000, -0.997661, 0.024259, 0.063909, -0.015286, 0.063073, -0.033801, 0.997436, -0.101783, 0.026357, 0.999134, 0.032192, 0.016016, 0.000000, 0.000000, 0.000000, 1.000000
13.6604, 49.7334, -3.0123, 212.7593, 234.7593, -49.7334, 203.0858, -15.4589, -101.7881, 16.0119, 0.985933, 0.055976, -0.157491, 0.049733, -0.065170, 0.996421, -0.053829, -0.003012, 0.153915, 0.063336, 0.986052, 0.212759, 0.000000, 0.000000, 0.000000, 1.000000, 0.153915, 0.063336, 0.986052, 0.234759, -0.985933, -0.055976, 0.157491, -0.049733, 0.065170, -0.996421, 0.053829, 0.203086, 0.000000, 0.000000, 0.000000, 1.000000, -0.997597, 0.024281, 0.064893, -0.015459, 0.064064, -0.033480, 0.997384, -0.101788, 0.026390, 0.999144, 0.031844, 0.016012, 0.000000, 0.000000, 0.000000, 1.000000
13.8054, 49.5838, -3.0150, 212.7518, 234.7518, -49.5838, 203.0884, -15.5676, -101.7418, 15.9971, 0.986133, 0.056159, -0.156167, 0.049584, -0.065203, 0.996442, -0.053401, -0.003015, 0.152613, 0.062843, 0.986286, 0.212752, 0.000000, 0.000000, 0.000000, 1.000000, 0.152613, 0.062843, 0.986286, 0.234752, -0.986133, -0.056159, 0.156167, -0.049584, 0.065203, -0.996442, 0.053401, 0.203088, 0.000000, 0.000000, 0.000000, 1.000000, -0.997522, 0.024057, 0.066119, -0.015568, 0.065282, -0.034049, 0.997286, -0.101742, 0.026243, 0.999131, 0.032394, 0.015997, 0.000000, 0.000000, 0.000000, 1.000000
13.9412, 49.4421, -2.9903, 212.7743, 234.7743, -49.4421, 203.0637, -15.6677, -101.6718, 16.0129, 0.986895, 0.056262, -0.151238, 0.049442, -0.065238, 0.996350, -0.055050, -0.002990, 0.147588, 0.064195, 0.986963, 0.212774, 0.000000, 0.000000, 0.000000, 1.000000, 0.147588, 0.064195, 0.986963, 0.234774, -0.986895, -0.056262, 0.151238, -0.049442, 0.065238, -0.996350, 0.055050, 0.203064, 0.000000, 0.000000, 0.000000, 1.000000, -0.997706, 0.023754, 0.063391, -0.015668, 0.062598, -0.032766, 0.997501, -0.101672, 0.025772, 0.999181, 0.031204, 0.016013, 0.000000, 0.000000, 0.000000, 1.000000
14.1029, 49.3100, -2.9867, 212.7337, 234.7337, -49.3100, 203.0601, -15.8199, -101.6561, 16.0023, 0.987044, 0.056333, -0.150234, 0.049310, -0.065098, 0.996413, -0.054071, -0.002987, 0.146649, 0.063151, 0.987171, 0.212734, 0.000000, 0.000000, 0.000000, 1.000000, 0.146649, 0.063151, 0.987171, 0.234734, -0.987044, -0.056333, 0.150234, -0.049310, 0.065098, -0.996413, 0.054071, 0.203060, 0.000000, 0.000000, 0.000000, 1.000000, -0.997586, 0.023680, 0.065276, -0.015820, 0.064456, -0.033881, 0.997345, -0.101656, 0.025829, 0.999145, 0.032273, 0.016002, 0.000000, 0.000000, 0.000000, 1.000000
14.2567, 49.1649, -2.9766, 212.6843, 234.6843, -49.1649, 203.0501, -15.9439, -101.6508, 15.9962, 0.987348, 0.056188, -0.148278, 0.049165, -0.064878, 0.996407, -0.054433, -0.002977, 0.144686, 0.063364, 0.987447, 0.212684, 0.000000, 0.000000, 0.000000, 1.000000, 0.144686, 0.063364, 0.987447, 0.234684, -0.987348, -0.056188, 0.148278, -0.049165, 0.064878, -0.996407, 0.054433, 0.203050, 0.000000, 0.000000, 0.000000, 1.000000, -0.997541, 0.023716, 0.065958, -0.015944, 0.065141, -0.033720, 0.997306, -0.101651, 0.025876, 0.999150, 0.032092, 0.015996, 0.000000, 0.000000, 0.000000, 1.000000
14.3930, 49.0187, -2.9671, 212.6719, 234.6719, -49.0187, 203.0406, -16.0385, -101.6136, 15.9932, 0.987981, 0.056088, -0.144044, 0.049019, -0.064563, 0.996405, -0.054847, -0.002967, 0.140450, 0.063487, 0.988050, 0.212672, 0.000000, 0.000000, 0.000000, 1.000000, 0.140450, 0.063487, 0.988050, 0.234672, -0.987981, -0.056088, 0.144044, -0.049019, 0.064563, -0.996405, 0.054847, 0.203041, 0.000000, 0.000000, 0.000000, 1.000000, -0.997665, 0.023726, 0.064042, -0.016038, 0.063227, -0.033645, 0.997432, -0.101614, 0.025820, 0.999152, 0.032067, 0.015993, 0.000000, 0.000000, 0.000000, 1.000000
14.5630, 48.8842, -2.9518, 212.6744, 234.6744, -48.8842, 203.0252, -16.2053, -101.5537, 15.9983, 0.988151, 0.056231, -0.142813, 0.048884, -0.064558, 0.996432, -0.054356, -0.002952, 0.139247, 0.062932, 0.988256, 0.212674, 0.000000, 0.000000, 0.000000, 1.000000, 0.139247, 0.062932, 0.988256, 0.234674, -0.988151, -0.056231, 0.142813, -0.048884, 0.064558, -0.996432, 0.054356, 0.203025, 0.000000, 0.000000, 0.000000, 1.000000, -0.997555, 0.023526, 0.065806, -0.016205, 0.064980, -0.034281, 0.997298, -0.101554, 0.025718, 0.999135, 0.032668, 0.015998, 0.000000, 0.000000, 0.000000, 1.000000
14.6979, 48.7573, -2.9508, 212.6442, 234.6442, -48.7573, 203.0243, -16.3161, -101.5355, 15.9865, 0.988561, 0.056261, -0.139932, 0.048757, -0.064445, 0.996423, -0.054658, -0.002951, 0.136357, 0.063050, 0.988651, 0.212644, 0.000000, 0.000000, 0.000000, 1.000000, 0.136357, 0.063050, 0.988651, 0.234644, -0.988561, -0.056261, 0.139932, -0.048757, 0.064445, -0.996423, 0.054658, 0.203024, 0.000000, 0.000000, 0.000000, 1.000000, -0.997595, 0.023407, 0.065237, -0.016316, 0.064417, -0.034220, 0.997336, -0.101535, 0.025577, 0.999140, 0.032630, 0.015986, 0.000000, 0.000000, 0.000000, 1.000000
14.8768, 48.6194, -2.9299, 212.6812, 234.6812, -48.6194, 203.0034, -16.4966, -101.4390, 16.0003, 0.989144, 0.056510, -0.135647, 0.048619, -0.064539, 0.996368, -0.055541, -0.002930, 0.132016, 0.063692, 0.989199, 0.212681, 0.000000, 0.000000, 0.000000, 1.000000, 0.132016, 0.063692, 0.989199, 0.234681, -0.989144, -0.056510, 0.135647, -0.048619, 0.064539, -0.996368, 0.055541, 0.203003, 0.000000, 0.000000, 0.000000, 1.000000, -0.997686, 0.023005, 0.063979, -0.016497, 0.063187, -0.033669, 0.997434, -0.101439, 0.025100, 0.999168, 0.032137, 0.016000, 0.000000, 0.000000, 0.000000, 1.000000
15.0126, 48.4730, -2.9263, 212.6166, 234.6166, -48.4730, 202.9998, -16.5869, -101.4534, 15.9862, 0.989203, 0.056392, -0.135265, 0.048473, -0.064369, 0.996390, -0.055341, -0.002926, 0.131656, 0.063451, 0.989263, 0.212617, 0.000000, 0.000000, 0.000000, 1.000000, 0.131656, 0.063451, 0.989263, 0.234617, -0.989203, -0.056392, 0.135265, -0.048473, 0.064369, -0.996390, 0.055341, 0.203000, 0.000000, 0.000000, 0.000000, 1.000000, -0.997555, 0.023059, 0.065976, -0.016587, 0.065174, -0.033957, 0.997296, -0.101453, 0.025237, 0.999157, 0.032371, 0.015986, 0.000000, 0.000000, 0.000000, 1.000000
15.1748, 48.3232, -2.9106, 212.5518, 234.5518, -48.3232, 202.9841, -16.7197, -101.4615, 15.9839, 0.989630, 0.056460, -0.132078, 0.048323, -0.064297, 0.996367, -0.055841, -0.002911, 0.128445, 0.063755, 0.989665, 0.212552, 0.000000, 0.000000, 0.000000, 1.000000, 0.128445, 0.063755, 0.989665, 0.234552, -0.989630, -0.056460, 0.132078, -0.048323, 0.064297, -0.996367, 0.055841, 0.202984, 0.000000, 0.000000, 0.000000, 1.000000, -0.997586, 0.022875, 0.065561, -0.016720, 0.064771, -0.033723, 0.997330, -0.101462, 0.025025, 0.999169, 0.032160, 0.015984, 0.000000, 0.000000, 0.000000, 1.000000
15.3101, 48.1756, -2.9014, 212.5188, 234.5188, -48.1756, 202.9749, -16.8097, -101.4455, 15.9784, 0.989778, 0.055969, -0.131179, 0.048176, -0.063660, 0.996444, -0.055192, -0.002901, 0.127623, 0.062979, 0.989821, 0.212519, 0.000000, 0.000000, 0.000000, 1.000000, 0.127623, 0.062979, 0.989821, 0.234519, -0.989778, -0.055969, 0.131179, -0.048176, 0.063660, -0.996444, 0.055192, 0.202975, 0.000000, 0.000000, 0.000000, 1.000000, -0.997476, 0.023337, 0.067067, -0.016810, 0.066241, -0.034521, 0.997206, -0.101445, 0.025587, 0.999131, 0.032888, 0.015978, 0.000000, 0.000000, 0.000000, 1.000000
15.4630, 48.0427, -2.8913, 212.5114, 234.5114, -48.0427, 202.9648, -16.9469, -101.4000, 15.9775, 0.990193, 0.056269, -0.127874, 0.048043, -0.063834, 0.996397, -0.055843, -0.002891, 0.124271, 0.063458, 0.990217, 0.212511, 0.000000, 0.000000, 0.000000, 1.000000, 0.124271, 0.063458, 0.990217, 0.234511, -0.990193, -0.056269, 0.127874, -0.048043, 0.063834, -0.996397, 0.055843, 0.202965, 0.000000, 0.000000, 0.000000, 1.000000, -0.997532, 0.022914, 0.066365, -0.016947, 0.065563, -0.034122, 0.997265, -0.101400, 0.025116, 0.999155, 0.032536, 0.015977, 0.000000, 0.000000, 0.000000, 1.000000
15.6252, 47.9134, -2.8903, 212.5019, 234.5019, -47.9134, 202.9638, -17.1045, -101.3531, 15.9675, 0.990486, 0.056105, -0.125655, 0.047913, -0.063384, 0.996489, -0.054697, -0.002890, 0.122145, 0.062141, 0.990565, 0.212502, 0.000000, 0.000000, 0.000000, 1.000000, 0.122145, 0.062141, 0.990565, 0.234502, -0.990486, -0.056105, 0.125655, -0.047913, 0.063384, -0.996489, 0.054697, 0.202964, 0.000000, 0.000000, 0.000000, 1.000000, -0.997483, 0.023060, 0.067054, -0.017105, 0.066213, -0.035495, 0.997174, -0.101353, 0.025375, 0.999104, 0.033878, 0.015968, 0.000000, 0.000000, 0.000000, 1.000000
15.7513, 47.7446, -2.8687, 212.4221, 234.4221, -47.7446, 202.9421, -17.1537, -101.3865, 15.9682, 0.990723, 0.056015, -0.123814, 0.047745, -0.063361, 0.996406, -0.056210, -0.002869, 0.120220, 0.063534, 0.990712, 0.212422, 0.000000, 0.000000, 0.000000, 1.000000, 0.120220, 0.063534, 0.990712, 0.234422, -0.990723, -0.056015, 0.123814, -0.047745, 0.063361, -0.996406, 0.056210, 0.202942, 0.000000, 0.000000, 0.000000, 1.000000, -0.997469, 0.022992, 0.067284, -0.017154, 0.066479, -0.034148, 0.997203, -0.101387, 0.025226, 0.999152, 0.032533, 0.015968, 0.000000, 0.000000, 0.000000, 1.000000
15.9148, 47.6274, -2.8595, 212.4826, 234.4826, -47.6274, 202.9330, -17.3285, -101.2713, 15.9742, 0.991237, 0.056024, -0.119626, 0.047627, -0.063172, 0.996384, -0.056825, -0.002860, 0.116010, 0.063884, 0.991191, 0.212483, 0.000000, 0.000000, 0.000000, 1.000000, 0.116010, 0.063884, 0.991191, 0.234483, -0.991237, -0.056024, 0.119626, -0.047627, 0.063172, -0.996384, 0.056825, 0.202933, 0.000000, 0.000000, 0.000000, 1.000000, -0.997565, 0.022867, 0.065887, -0.017329, 0.065093, -0.033863, 0.997304, -0.101271, 0.025036, 0.999165, 0.032292, 0.015974, 0.000000, 0.000000, 0.000000, 1.000000
16.0493, 47.4798, -2.8578, 212.4460, 234.4460, -47.4798, 202.9313, -17.4173, -101.2588, 15.9609, 0.991352, 0.056059, -0.118652, 0.047480, -0.063009, 0.996460, -0.055661, -0.002858, 0.115112, 0.062656, 0.991375, 0.212446, 0.000000, 0.000000, 0.000000, 1.000000, 0.115112, 0.062656, 0.991375, 0.234446, -0.991352, -0.056059, 0.118652, -0.047480, 0.063009, -0.996460, 0.055661, 0.202931, 0.000000, 0.000000, 0.000000, 1.000000, -0.997469, 0.022816, 0.067344, -0.017417, 0.066520, -0.035147, 0.997166, -0.101259, 0.025118, 0.999122, 0.033541, 0.015961, 0.000000, 0.000000, 0.000000, 1.000000
16.2215, 47.3464, -2.8475, 212.4548, 234.4548, -47.3464, 202.9210, -17.5884, -101.1914, 15.9618, 0.991883, 0.056000, -0.114159, 0.047346, -0.062806, 0.996401, -0.056921, -0.002848, 0.110560, 0.063629, 0.991831, 0.212455, 0.000000, 0.000000, 0.000000, 1.000000, 0.110560, 0.063629, 0.991831, 0.234455, -0.991883, -0.056000, 0.114159, -0.047346, 0.062806, -0.996401, 0.056921, 0.202921, 0.000000, 0.000000, 0.000000, 1.000000, -0.997578, 0.022722, 0.065745, -0.017588, 0.064947, -0.034240, 0.997301, -0.101191, 0.024911, 0.999155, 0.032681, 0.015962, 0.000000, 0.000000, 0.000000, 1.000000
16.3485, 47.2038, -2.8479, 212.3854, 234.3854, -47.2038, 202.9214, -17.6678, -101.2141, 15.9435, 0.991921, 0.056359, -0.113647, 0.047204, -0.063067, 0.996419, -0.056319, -0.002848, 0.110066, 0.063032, 0.991924, 0.212385, 0.000000, 0.000000, 0.000000, 1.000000, 0.110066, 0.063032, 0.991924, 0.234385, -0.991921, -0.056359, 0.113647, -0.047204, 0.063067, -0.996419, 0.056319, 0.202921, 0.000000, 0.000000, 0.000000, 1.000000, -0.997470, 0.022315, 0.067491, -0.017668, 0.066689, -0.034903, 0.997163, -0.101214, 0.024607, 0.999142, 0.033327, 0.015944, 0.000000, 0.000000, 0.000000, 1.000000
16.5265, 47.0606, -2.8255, 212.3551, 234.3551, -47.0606, 202.8990, -17.8366, -101.1844, 15.9517, 0.992209, 0.056347, -0.111115, 0.047061, -0.063032, 0.996348, -0.057594, -0.002826, 0.107464, 0.064149, 0.992137, 0.212355, 0.000000, 0.000000, 0.000000, 1.000000, 0.107464, 0.064149, 0.992137, 0.234355, -0.992209, -0.056347, 0.111115, -0.047061, 0.063032, -0.996348, 0.057594, 0.202899, 0.000000, 0.000000, 0.000000, 1.000000, -0.997442, 0.022169, 0.067955, -0.017837, 0.067184, -0.033853, 0.997166, -0.101184, 0.024407, 0.999181, 0.032277, 0.015952, 0.000000, 0.000000, 0.000000, 1.000000
16.6619, 46.9302, -2.8110, 212.3890, 234.3890, -46.9302, 202.8845, -17.9457, -101.1040, 15.9595, 0.992666, 0.056218, -0.107022, 0.046930, -0.062786, 0.996280, -0.059022, -0.002811, 0.103306, 0.065309, 0.992503, 0.212389, 0.000000, 0.000000, 0.000000, 1.000000, 0.103306, 0.065309, 0.992503, 0.234389, -0.992666, -0.056218, 0.107022, -0.046930, 0.062786, -0.996280, 0.059022, 0.202884, 0.000000, 0.000000, 0.000000, 1.000000, -0.997566, 0.022170, 0.066105, -0.017946, 0.065361, -0.032740, 0.997324, -0.101104, 0.024275, 0.999218, 0.031212, 0.015959, 0.000000, 0.000000, 0.000000, 1.000000
16.7990, 46.7932, -2.7988, 212.3970, 234.3970, -46.7932, 202.8723, -18.0504, -101.0483, 15.9618, 0.992757, 0.056393, -0.106078, 0.046793, -0.062765, 0.996357, -0.057726, -0.002799, 0.102436, 0.063966, 0.992681, 0.212397, 0.000000, 0.000000, 0.000000, 1.000000, 0.102436, 0.063966, 0.992681, 0.234397, -0.992757, -0.056393, 0.106078, -0.046793, 0.062765, -0.996357, 0.057726, 0.202872, 0.000000, 0.000000, 0.000000, 1.000000, -0.997467, 0.021969, 0.067649, -0.018050, 0.066878, -0.034144, 0.997177, -0.101048, 0.024217, 0.999175, 0.032588, 0.015962, 0.000000, 0.000000, 0.000000, 1.000000
16.9581, 46.6537, -2.7979, 212.3942, 234.3942, -46.6537, 202.8714, -18.1918, -100.9953, 15.9517, 0.993183, 0.056871, -0.101746, 0.046654, -0.063053, 0.996287, -0.058617, -0.002798, 0.098035, 0.064632, 0.993082, 0.212394, 0.000000, 0.000000, 0.000000, 1.000000, 0.098035, 0.064632, 0.993082, 0.234394, -0.993183, -0.056871, 0.101746, -0.046654, 0.063053, -0.996287, 0.058617, 0.202871, 0.000000, 0.000000, 0.000000, 1.000000, -0.997590, 0.021372, 0.066018, -0.018192, 0.065280, -0.033553, 0.997303, -0.100995, 0.023529, 0.999208, 0.032077, 0.015952, 0.000000, 0.000000, 0.000000, 1.000000
17.1119, 46.5059, -2.7846, 212.3700, 234.3700, -46.5059, 202.8580, -18.3137, -100.9662, 15.9512, 0.993371, 0.056396, -0.100172, 0.046506, -0.062479, 0.996321, -0.058666, -0.002785, 0.096495, 0.064536, 0.993239, 0.212370, 0.000000, 0.000000, 0.000000, 1.000000, 0.096495, 0.064536, 0.993239, 0.234370, -0.993371, -0.056396, 0.100172, -0.046506, 0.062479, -0.996321, 0.058666, 0.202858, 0.000000, 0.000000, 0.000000, 1.000000, -0.997508, 0.021760, 0.067118, -0.018314, 0.066364, -0.033693, 0.997226, -0.100966, 0.023961, 0.999195, 0.032165, 0.015951, 0.000000, 0.000000, 0.000000, 1.000000
17.2666, 46.3660, -2.7702, 212.3476, 234.3476, -46.3660, 202.8437, -18.4452, -100.9354, 15.9524, 0.993675, 0.056244, -0.097191, 0.046366, -0.062216, 0.996285, -0.059549, -0.002770, 0.093481, 0.065219, 0.993483, 0.212348, 0.000000, 0.000000, 0.000000, 1.000000, 0.093481, 0.065219, 0.993483, 0.234348, -0.993675, -0.056244, 0.097191, -0.046366, 0.062216, -0.996285, 0.059549, 0.202844, 0.000000, 0.000000, 0.000000, 1.000000, -0.997531, 0.021800, 0.066763, -0.018445, 0.066023, -0.033063, 0.997270, -0.100935, 0.023948, 0.999215, 0.031542, 0.015952, 0.000000, 0.000000, 0.000000, 1.000000
17.3909, 46.2304, -2.7745, 212.3630, 234.3630, -46.2304, 202.8479, -18.5298, -100.8751, 15.9393, 0.993884, 0.056534, -0.094863, 0.046230, -0.062171, 0.996404, -0.057558, -0.002774, 0.091268, 0.063104, 0.993825, 0.212363, 0.000000, 0.000000, 0.000000, 1.000000, 0.091268, 0.063104, 0.993825, 0.234363, -0.993884, -0.056534, 0.094863, -0.046230, 0.062171, -0.996404, 0.057558, 0.202848, 0.000000, 0.000000, 0.000000, 1.000000, -0.997538, 0.021498, 0.066758, -0.018530, 0.065976, -0.035235, 0.997199, -0.100875, 0.023790, 0.999148, 0.033730, 0.015939, 0.000000, 0.000000, 0.000000, 1.000000
17.5799, 46.0866, -2.7513, 212.3323, 234.3323, -46.0866, 202.8248, -18.7166, -100.8422, 15.9482, 0.994095, 0.056296, -0.092772, 0.046087, -0.061908, 0.996350, -0.058767, -0.002751, 0.089125, 0.064163, 0.993952, 0.212332, 0.000000, 0.000000, 0.000000, 1.000000, 0.089125, 0.064163, 0.993952, 0.234332, -0.994095, -0.056296, 0.092772, -0.046087, 0.061908, -0.996350, 0.058767, 0.202825, 0.000000, 0.000000, 0.000000, 1.000000, -0.997461, 0.021593, 0.067865, -0.018717, 0.067103, -0.034240, 0.997158, -0.100842, 0.023856, 0.999180, 0.032705, 0.015948, 0.000000, 0.000000, 0.000000, 1.000000
17.7174, 45.9466, -2.7471, 212.2944, 234.2944, -45.9466, 202.8205, -18.8181, -100.8317, 15.9379, 0.994312, 0.056641, -0.090196, 0.045947, -0.062169, 0.996278, -0.059705, -0.002747, 0.086479, 0.064973, 0.994133, 0.212294, 0.000000, 0.000000, 0.000000, 1.000000, 0.086479, 0.064973, 0.994133, 0.234294, -0.994312, -0.056641, 0.090196, -0.045947, 0.062169, -0.996278, 0.059705, 0.202821, 0.000000, 0.000000, 0.000000, 1.000000, -0.997487, 0.021147, 0.067613, -0.018818, 0.066883, -0.033488, 0.997199, -0.100832, 0.023352, 0.999215, 0.031990, 0.015938, 0.000000, 0.000000, 0.000000, 1.000000
17.8695, 45.7933, -2.7344, 212.2644, 234.2644, -45.7933, 202.8079, -18.9314, -100.8090, 15.9357, 0.994462, 0.056464, -0.088644, 0.045793, -0.061859, 0.996320, -0.059336, -0.002734, 0.084967, 0.064491, 0.994294, 0.212264, 0.000000, 0.000000, 0.000000, 1.000000, 0.084967, 0.064491, 0.994294, 0.234264, -0.994462, -0.056464, 0.088644, -0.045793, 0.061859, -0.996320, 0.059336, 0.202808, 0.000000, 0.000000, 0.000000, 1.000000, -0.997408, 0.021245, 0.068738, -0.018931, 0.067993, -0.034024, 0.997105, -0.100809, 0.023522, 0.999195, 0.032491, 0.015936, 0.000000, 0.000000, 0.000000, 1.000000
18.0127, 45.6692, -2.7256, 212.2837, 234.2837, -45.6692, 202.7990, -19.0592, -100.7404, 15.9368, 0.994846, 0.056225, -0.084376, 0.045669, -0.061423, 0.996287, -0.060323, -0.002726, 0.080671, 0.065194, 0.994606, 0.212284, 0.000000, 0.000000, 0.000000, 1.000000, 0.080671, 0.065194, 0.994606, 0.234284, -0.994846, -0.056225, 0.084376, -0.045669, 0.061423, -0.996287, 0.060323, 0.202799, 0.000000, 0.000000, 0.000000, 1.000000, -0.997531, 0.021387, 0.066896, -0.019059, 0.066162, -0.033369, 0.997251, -0.100740, 0.023561, 0.999214, 0.031871, 0.015937, 0.000000, 0.000000, 0.000000, 1.000000
18.1683, 45.5070, -2.7164, 212.1928, 234.1928, -45.5070, 202.7899, -19.1694, -100.7769, 15.9245, 0.994809, 0.055961, -0.084989, 0.045507, -0.061094, 0.996384, -0.059045, -0.002716, 0.081378, 0.063931, 0.994631, 0.212193, 0.000000, 0.000000, 0.000000, 1.000000, 0.081378, 0.063931, 0.994631, 0.234193, -0.994809, -0.055961, 0.084989, -0.045507, 0.061094, -0.996384, 0.059045, 0.202790, 0.000000, 0.000000, 0.000000, 1.000000, -0.997291, 0.021580, 0.070314, -0.019169, 0.069541, -0.034689, 0.996976, -0.100777, 0.023954, 0.999165, 0.033094, 0.015924, 0.000000, 0.000000, 0.000000, 1.000000
18.3107, 45.3823, -2.7153, 212.2402, 234.2402, -45.3823, 202.7887, -19.2957, -100.6800, 15.9207, 0.995135, 0.056496, -0.080713, 0.045382, -0.061307, 0.996407, -0.058428, -0.002715, 0.077122, 0.063092, 0.995023, 0.212240, 0.000000, 0.000000, 0.000000, 1.000000, 0.077122, 0.063092, 0.995023, 0.234240, -0.995135, -0.056496, 0.080713, -0.045382, 0.061307, -0.996407, 0.058428, 0.202789, 0.000000, 0.000000, 0.000000, 1.000000, -0.997426, 0.020968, 0.068574, -0.019296, 0.067801, -0.035587, 0.997064, -0.100680, 0.023347, 0.999147, 0.034074, 0.015921, 0.000000, 0.000000, 0.000000, 1.000000
18.4623, 45.2467, -2.7087, 212.2348, 234.2348, -45.2467, 202.7821, -19.4263, -100.6329, 15.9163, 0.995345, 0.056291, -0.078228, 0.045247, -0.061019, 0.996367, -0.059416, -0.002709, 0.074599, 0.063913, 0.995163, 0.212235, 0.000000, 0.000000, 0.000000, 1.000000, 0.074599, 0.063913, 0.995163, 0.234235, -0.995345, -0.056291, 0.078228, -0.045247, 0.061019, -0.996367, 0.059416, 0.202782, 0.000000, 0.000000, 0.000000, 1.000000, -0.997418, 0.021071, 0.068657, -0.019426, 0.067898, -0.034819, 0.997084, -0.100633, 0.023400, 0.999171, 0.033299, 0.015916, 0.000000, 0.000000, 0.000000, 1.000000
18.6003, 45.1089, -2.6946, 212.1884, 234.1884, -45.1089, 202.7680, -19.5300, -100.6320, 15.9150, 0.995457, 0.056138, -0.076896, 0.045109, -0.060751, 0.996406, -0.059028, -0.002695, 0.073306, 0.063431, 0.995290, 0.212188, 0.000000, 0.000000, 0.000000, 1.000000, 0.073306, 0.063431, 0.995290, 0.234188, -0.995457, -0.056138, 0.076896, -0.045109, 0.060751, -0.996406, 0.059028, 0.202768, 0.000000, 0.000000, 0.000000, 1.000000, -0.997340, 0.021144, 0.069760, -0.019530, 0.068986, -0.035351, 0.996991, -0.100632, 0.023547, 0.999151, 0.033799, 0.015915, 0.000000, 0.000000, 0.000000, 1.000000
18.7690, 44.9667, -2.6890, 212.2403, 234.2403, -44.9667, 202.7625, -19.6841, -100.5220, 15.9147, 0.995767, 0.056267, -0.072677, 0.044967, -0.060583, 0.996441, -0.058611, -0.002689, 0.069121, 0.062766, 0.995632, 0.212240, 0.000000, 0.000000, 0.000000, 1.000000, 0.069121, 0.062766, 0.995632, 0.234240, -0.995767, -0.056267, 0.072677, -0.044967, 0.060583, -0.996441, 0.058611, 0.202762, 0.000000, 0.000000, 0.000000, 1.000000, -0.997430, 0.020913, 0.068522, -0.019684, 0.067740, -0.036080, 0.997050, -0.100522, 0.023324, 0.999130, 0.034571, 0.015915, 0.000000, 0.000000, 0.000000, 1.000000
18.9308, 44.8228, -2.6849, 212.2403, 234.2403, -44.8228, 202.7584, -19.8239, -100.4658, 15.9077, 0.995929, 0.055895, -0.070717, 0.044823, -0.060155, 0.996406, -0.059630, -0.002685, 0.067130, 0.063641, 0.995713, 0.212240, 0.000000, 0.000000, 0.000000, 1.000000, 0.067130, 0.063641, 0.995713, 0.234240, -0.995929, -0.055895, 0.070717, -0.044823, 0.060155, -0.996406, 0.059630, 0.202758, 0.000000, 0.000000, 0.000000, 1.000000, -0.997371, 0.021183, 0.069303, -0.019824, 0.068530, -0.035263, 0.997026, -0.100466, 0.023564, 0.999154, 0.033719, 0.015908, 0.000000, 0.000000, 0.000000, 1.000000
19.0586, 44.6983, -2.6835, 212.2613, 234.2613, -44.6983, 202.7569, -19.9238, -100.4003, 15.9017, 0.996080, 0.056177, -0.068327, 0.044698, -0.060216, 0.996466, -0.058557, -0.002683, 0.064796, 0.062442, 0.995943, 0.212261, 0.000000, 0.000000, 0.000000, 1.000000, 0.064796, 0.062442, 0.995943, 0.234261, -0.996080, -0.056177, 0.068327, -0.044698, 0.060216, -0.996466, 0.058557, 0.202757, 0.000000, 0.000000, 0.000000, 1.000000, -0.997383, 0.020821, 0.069230, -0.019924, 0.068440, -0.036510, 0.996987, -0.100400, 0.023286, 0.999116, 0.034990, 0.015902, 0.000000, 0.000000, 0.000000, 1.000000
19.2278, 44.5459, -2.6612, 212.2512, 234.2512, -44.5459, 202.7347, -20.0666, -100.3534, 15.9110, 0.996283, 0.056283, -0.065207, 0.044546, -0.060232, 0.996363, -0.060269, -0.002661, 0.061578, 0.063972, 0.996050, 0.212251, 0.000000, 0.000000, 0.000000, 1.000000, 0.061578, 0.063972, 0.996050, 0.234251, -0.996283, -0.056283, 0.065207, -0.044546, 0.060232, -0.996363, 0.060269, 0.202735, 0.000000, 0.000000, 0.000000, 1.000000, -0.997408, 0.020612, 0.068933, -0.020067, 0.068184, -0.035039, 0.997057, -0.100353, 0.022967, 0.999173, 0.033542, 0.015911, 0.000000, 0.000000, 0.000000, 1.000000
19.3803, 44.4132, -2.6462, 212.2752, 234.2752, -44.4132, 202.7197, -20.1998, -100.2777, 15.9181, 0.996558, 0.056205, -0.060937, 0.044413, -0.060004, 0.996244, -0.062424, -0.002646, 0.057199, 0.065866, 0.996188, 0.212275, 0.000000, 0.000000, 0.000000, 1.000000, 0.057199, 0.065866, 0.996188, 0.234275, -0.996558, -0.056205, 0.060937, -0.044413, 0.060004, -0.996244, 0.062424, 0.202720, 0.000000, 0.000000, 0.000000, 1.000000, -0.997529, 0.020609, 0.067166, -0.020200, 0.066460, -0.033197, 0.997237, -0.100278, 0.022782, 0.999236, 0.031746, 0.015918, 0.000000, 0.000000, 0.000000, 1.000000
19.5104, 44.2688, -2.6406, 212.2255, 234.2255, -44.2688, 202.7140, -20.2838, -100.2824, 15.9077, 0.996512, 0.056347, -0.061549, 0.044269, -0.060129, 0.996298, -0.061432, -0.002641, 0.057860, 0.064918, 0.996212, 0.212226, 0.000000, 0.000000, 0.000000, 1.000000, 0.057860, 0.064918, 0.996212, 0.234226, -0.996512, -0.056347, 0.061549, -0.044269, 0.060129, -0.996298, 0.061432, 0.202714, 0.000000, 0.000000, 0.000000, 1.000000, -0.997331, 0.020383, 0.070116, -0.020284, 0.069394, -0.034191, 0.997003, -0.100282, 0.022720, 0.999207, 0.032686, 0.015908, 0.000000, 0.000000, 0.000000, 1.000000
19.6708, 44.1284, -2.6450, 212.2413, 234.2413, -44.1284, 202.7185, -20.4245, -100.2103, 15.8940, 0.996791, 0.056468, -0.056740, 0.044128, -0.059887, 0.996372, -0.060475, -0.002645, 0.053119, 0.063679, 0.996556, 0.212241, 0.000000, 0.000000, 0.000000, 1.000000, 0.053119, 0.063679, 0.996556, 0.234241, -0.996791, -0.056468, 0.056740, -0.044128, 0.059887, -0.996372, 0.060475, 0.202719, 0.000000, 0.000000, 0.000000, 1.000000, -0.997469, 0.020152, 0.068190, -0.020424, 0.067447, -0.035487, 0.997092, -0.100210, 0.022513, 0.999167, 0.034038, 0.015894, 0.000000, 0.000000, 0.000000, 1.000000
19.8053, 43.9896, -2.6385, 212.2560, 234.2560, -43.9896, 202.7120, -20.5205, -100.1497, 15.8912, 0.996970, 0.056248, -0.053723, 0.043990, -0.059520, 0.996338, -0.061382, -0.002639, 0.050074, 0.064394, 0.996667, 0.212256, 0.000000, 0.000000, 0.000000, 1.000000, 0.050074, 0.064394, 0.996667, 0.234256, -0.996970, -0.056248, 0.053723, -0.043990, 0.059520, -0.996338, 0.061382, 0.202712, 0.000000, 0.000000, 0.000000, 1.000000, -0.997516, 0.020299, 0.067456, -0.020520, 0.066724, -0.034823, 0.997164, -0.100150, 0.022591, 0.999187, 0.033382, 0.015891, 0.000000, 0.000000, 0.000000, 1.000000
19.9692, 43.8509, -2.6258, 212.2062, 234.2062, -43.8509, 202.6993, -20.6688, -100.1433, 15.8883, 0.997019, 0.056071, -0.052996, 0.043851, -0.059284, 0.996367, -0.061133, -0.002626, 0.049375, 0.064093, 0.996722, 0.212206, 0.000000, 0.000000, 0.000000, 1.000000, 0.049375, 0.064093, 0.996722, 0.234206, -0.997019, -0.056071, 0.052996, -0.043851, 0.059284, -0.996367, 0.061133, 0.202699, 0.000000, 0.000000, 0.000000, 1.000000, -0.997367, 0.020371, 0.069603, -0.020669, 0.068859, -0.035185, 0.997006, -0.100143, 0.022759, 0.999173, 0.033690, 0.015888, 0.000000, 0.000000, 0.000000, 1.000000
20.1485, 43.7015, -2.6180, 212.2095, 234.2095, -43.7015, 202.6915, -20.8324, -100.0782, 15.8848, 0.997182, 0.056024, -0.049894, 0.043702, -0.058975, 0.996469, -0.059769, -0.002618, 0.046369, 0.062543, 0.996965, 0.212209, 0.000000, 0.000000, 0.000000, 1.000000, 0.046369, 0.062543, 0.996965, 0.234209, -0.997182, -0.056024, 0.049894, -0.043702, 0.058975, -0.996469, 0.059769, 0.202691, 0.000000, 0.000000, 0.000000, 1.000000, -0.997359, 0.020277, 0.069739, -0.020832, 0.068961, -0.036802, 0.996940, -0.100078, 0.022782, 0.999117, 0.035306, 0.015885, 0.000000, 0.000000, 0.000000, 1.000000
20.2641, 43.5583, -2.6105, 212.1854, 234.1854, -43.5583, 202.6840, -20.8916, -100.0634, 15.8788, 0.997278, 0.055969, -0.048006, 0.043558, -0.058890, 0.996352, -0.061762, -0.002611, 0.044374, 0.064421, 0.996936, 0.212185, 0.000000, 0.000000, 0.000000, 1.000000, 0.044374, 0.064421, 0.996936, 0.234185, -0.997278, -0.055969, 0.048006, -0.043558, 0.058890, -0.996352, 0.061762, 0.202684, 0.000000, 0.000000, 0.000000, 1.000000, -0.997360, 0.020299, 0.069717, -0.020892, 0.068981, -0.034964, 0.997005, -0.100063, 0.022676, 0.999182, 0.033471, 0.015879, 0.000000, 0.000000, 0.000000, 1.000000
20.4289, 43.4333, -2.6071, 212.1919, 234.1919, -43.4333, 202.6805, -21.0543, -99.9995, 15.8733, 0.997369, 0.056158, -0.045832, 0.043433, -0.058895, 0.996414, -0.060744, -0.002607, 0.042257, 0.063283, 0.997101, 0.212192, 0.000000, 0.000000, 0.000000, 1.000000, 0.042257, 0.063283, 0.997101, 0.234192, -0.997369, -0.056158, 0.045832, -0.043433, 0.058895, -0.996414, 0.060744, 0.202681, 0.000000, 0.000000, 0.000000, 1.000000, -0.997312, 0.019982, 0.070499, -0.021054, 0.069746, -0.036156, 0.996909, -0.100000, 0.022469, 0.999146, 0.034665, 0.015873, 0.000000, 0.000000, 0.000000, 1.000000
20.5633, 43.2776, -2.5979, 212.1883, 234.1883, -43.2776, 202.6713, -21.1332, -99.9581, 15.8701, 0.997528, 0.055931, -0.042528, 0.043278, -0.058472, 0.996419, -0.061074, -0.002598, 0.038960, 0.063409, 0.997227, 0.212188, 0.000000, 0.000000, 0.000000, 1.000000, 0.038960, 0.063409, 0.997227, 0.234188, -0.997528, -0.055931, 0.042528, -0.043278, 0.058472, -0.996419, 0.061074, 0.202671, 0.000000, 0.000000, 0.000000, 1.000000, -0.997377, 0.020128, 0.069525, -0.021133, 0.068769, -0.036083, 0.996980, -0.099958, 0.022576, 0.999146, 0.034604, 0.015870, 0.000000, 0.000000, 0.000000, 1.000000
20.7220, 43.1385, -2.5829, 212.1719, 234.1719, -43.1385, 202.6563, -21.2706, -99.9207, 15.8727, 0.997613, 0.056126, -0.040237, 0.043138, -0.058590, 0.996296, -0.062942, -0.002583, 0.036556, 0.065149, 0.997206, 0.212172, 0.000000, 0.000000, 0.000000, 1.000000, 0.036556, 0.065149, 0.997206, 0.234172, -0.997613, -0.056126, 0.040237, -0.043138, 0.058590, -0.996296, 0.062942, 0.202656, 0.000000, 0.000000, 0.000000, 1.000000, -0.997358, 0.019884, 0.069863, -0.021271, 0.069153, -0.034391, 0.997013, -0.099921, 0.022227, 0.999211, 0.032925, 0.015873, 0.000000, 0.000000, 0.000000, 1.000000
20.8499, 43.0068, -2.5785, 212.1575, 234.1575, -43.0068, 202.6519, -21.3626, -99.8916, 15.8655, 0.997654, 0.056101, -0.039236, 0.043007, -0.058441, 0.996408, -0.061289, -0.002578, 0.035657, 0.063438, 0.997349, 0.212158, 0.000000, 0.000000, 0.000000, 1.000000, 0.035657, 0.063438, 0.997349, 0.234158, -0.997654, -0.056101, 0.039236, -0.043007, 0.058441, -0.996408, 0.061289, 0.202652, 0.000000, 0.000000, 0.000000, 1.000000, -0.997265, 0.019777, 0.071217, -0.021363, 0.070471, -0.036149, 0.996859, -0.099892, 0.022290, 0.999151, 0.034656, 0.015865, 0.000000, 0.000000, 0.000000, 1.000000
21.0226, 42.8770, -2.5674, 212.1676, 234.1676, -42.8770, 202.6409, -21.5330, -99.8221, 15.8675, 0.997758, 0.056185, -0.036365, 0.042877, -0.058347, 0.996406, -0.061406, -0.002567, 0.032784, 0.063390, 0.997450, 0.212168, 0.000000, 0.000000, 0.000000, 1.000000, 0.032784, 0.063390, 0.997450, 0.234168, -0.997758, -0.056185, 0.036365, -0.042877, 0.058347, -0.996406, 0.061406, 0.202641, 0.000000, 0.000000, 0.000000, 1.000000, -0.997259, 0.019582, 0.071356, -0.021533, 0.070615, -0.036253, 0.996845, -0.099822, 0.022107, 0.999151, 0.034771, 0.015867, 0.000000, 0.000000, 0.000000, 1.000000
21.1548, 42.7139, -2.5490, 212.1515, 234.1515, -42.7139, 202.6225, -21.6002, -99.7956, 15.8716, 0.997891, 0.056174, -0.032528, 0.042714, -0.058149, 0.996297, -0.063329, -0.002549, 0.028851, 0.065087, 0.997462, 0.212152, 0.000000, 0.000000, 0.000000, 1.000000, 0.028851, 0.065087, 0.997462, 0.234152, -0.997891, -0.056174, 0.032528, -0.042714, 0.058149, -0.996297, 0.063329, 0.202622, 0.000000, 0.000000, 0.000000, 1.000000, -0.997376, 0.019573, 0.069694, -0.021600, 0.068990, -0.034600, 0.997017, -0.099796, 0.021926, 0.999210, 0.033159, 0.015872, 0.000000, 0.000000, 0.000000, 1.000000
21.3104, 42.5786, -2.5431, 212.1549, 234.1549, -42.5786, 202.6166, -21.7357, -99.7388, 15.8674, 0.997909, 0.056167, -0.031971, 0.042579, -0.058070, 0.996380, -0.062087, -0.002543, 0.028368, 0.063813, 0.997559, 0.212155, 0.000000, 0.000000, 0.000000, 1.000000, 0.028368, 0.063813, 0.997559, 0.234155, -0.997909, -0.056167, 0.031971, -0.042579, 0.058070, -0.996380, 0.062087, 0.202617, 0.000000, 0.000000, 0.000000, 1.000000, -0.997220, 0.019435, 0.071940, -0.021736, 0.071211, -0.035928, 0.996814, -0.099739, 0.021958, 0.999165, 0.034444, 0.015867, 0.000000, 0.000000, 0.000000, 1.000000
21.5002, 42.4372, -2.5213, 212.1670, 234.1670, -42.4372, 202.5947, -21.9231, -99.6622, 15.8793, 0.998016, 0.056013, -0.028760, 0.042437, -0.057723, 0.996372, -0.062532, -0.002521, 0.025154, 0.064068, 0.997628, 0.212167, 0.000000, 0.000000, 0.000000, 1.000000, 0.025154, 0.064068, 0.997628, 0.234167, -0.998016, -0.056013, 0.028760, -0.042437, 0.057723, -0.996372, 0.062532, 0.202595, 0.000000, 0.000000, 0.000000, 1.000000, -0.997213, 0.019481, 0.072016, -0.021923, 0.071288, -0.035745, 0.996815, -0.099662, 0.021993, 0.999171, 0.034257, 0.015879, 0.000000, 0.000000, 0.000000, 1.000000
21.6079, 42.2943, -2.5298, 212.1731, 234.1731, -42.2943, 202.6032, -21.9683, -99.6200, 15.8605, 0.998073, 0.056311, -0.026067, 0.042294, -0.057851, 0.996357, -0.062662, -0.002530, 0.022444, 0.064049, 0.997694, 0.212173, 0.000000, 0.000000, 0.000000, 1.000000, 0.022444, 0.064049, 0.997694, 0.234173, -0.998073, -0.056311, 0.026067, -0.042294, 0.057851, -0.996357, 0.062662, 0.202603, 0.000000, 0.000000, 0.000000, 1.000000, -0.997279, 0.019115, 0.071199, -0.021968, 0.070484, -0.035786, 0.996871, -0.099620, 0.021603, 0.999177, 0.034341, 0.015861, 0.000000, 0.000000, 0.000000, 1.000000
21.7709, 42.1525, -2.5084, 212.1381, 234.1381, -42.1525, 202.5819, -22.1107, -99.6004, 15.8673, 0.998133, 0.056320, -0.023652, 0.042153, -0.057726, 0.996300, -0.063675, -0.002508, 0.019978, 0.064922, 0.997690, 0.212138, 0.000000, 0.000000, 0.000000, 1.000000, 0.019978, 0.064922, 0.997690, 0.234138, -0.998133, -0.056320, 0.023652, -0.042153, 0.057726, -0.996300, 0.063675, 0.202582, 0.000000, 0.000000, 0.000000, 1.000000, -0.997255, 0.019046, 0.071557, -0.022111, 0.070861, -0.034967, 0.996873, -0.099600, 0.021488, 0.999207, 0.033521, 0.015867, 0.000000, 0.000000, 0.000000, 1.000000
21.9248, 42.0197, -2.5056, 212.1660, 234.1660, -42.0197, 202.5790, -22.2440, -99.5196, 15.8627, 0.998178, 0.056336, -0.021587, 0.042020, -0.057602, 0.996327, -0.063367, -0.002506, 0.017938, 0.064495, 0.997757, 0.212166, 0.000000, 0.000000, 0.000000, 1.000000, 0.017938, 0.064495, 0.997757, 0.234166, -0.998178, -0.056336, 0.021587, -0.042020, 0.057602, -0.996327, 0.063367, 0.202579, 0.000000, 0.000000, 0.000000, 1.000000, -0.997211, 0.018914, 0.072202, -0.022244, 0.071501, -0.035443, 0.996811, -0.099520, 0.021413, 0.999193, 0.033992, 0.015863, 0.000000, 0.000000, 0.000000, 1.000000
22.0654, 41.8831, -2.4930, 212.1693, 234.1693, -41.8831, 202.5665, -22.3511, -99.4696, 15.8650, 0.998238, 0.056412, -0.018381, 0.041883, -0.057477, 0.996307, -0.063794, -0.002493, 0.014715, 0.064738, 0.997794, 0.212169, 0.000000, 0.000000, 0.000000, 1.000000, 0.014715, 0.064738, 0.997794, 0.234169, -0.998238, -0.056412, 0.018381, -0.041883, 0.057477, -0.996307, 0.063794, 0.202566, 0.000000, 0.000000, 0.000000, 1.000000, -0.997269, 0.018765, 0.071428, -0.022351, 0.070736, -0.035243, 0.996872, -0.099470, 0.021223, 0.999203, 0.033820, 0.015865, 0.000000, 0.000000, 0.000000, 1.000000
22.2302, 41.7342, -2.4975, 212.1447, 234.1447, -41.7342, 202.5709, -22.4906, -99.4368, 15.8467, 0.998276, 0.056308, -0.016594, 0.041734, -0.057247, 0.996375, -0.062922, -0.002497, 0.012991, 0.063763, 0.997880, 0.212145, 0.000000, 0.000000, 0.000000, 1.000000, 0.012991, 0.063763, 0.997880, 0.234145, -0.998276, -0.056308, 0.016594, -0.041734, 0.057247, -0.996375, 0.062922, 0.202571, 0.000000, 0.000000, 0.000000, 1.000000, -0.997187, 0.018712, 0.072583, -0.022491, 0.071871, -0.036277, 0.996754, -0.099437, 0.021284, 0.999167, 0.034830, 0.015847, 0.000000, 0.000000, 0.000000, 1.000000
22.3748, 41.6078, -2.4800, 212.1499, 234.1499, -41.6078, 202.5535, -22.6140, -99.3834, 15.8548, 0.998313, 0.056309, -0.014180, 0.041608, -0.057111, 0.996281, -0.064517, -0.002480, 0.010495, 0.065218, 0.997816, 0.212150, 0.000000, 0.000000, 0.000000, 1.000000, 0.010495, 0.065218, 0.997816, 0.234150, -0.998313, -0.056309, 0.014180, -0.041608, 0.057111, -0.996281, 0.064517, 0.202553, 0.000000, 0.000000, 0.000000, 1.000000, -0.997187, 0.018705, 0.072578, -0.022614, 0.071896, -0.034870, 0.996802, -0.099383, 0.021176, 0.999217, 0.033428, 0.015855, 0.000000, 0.000000, 0.000000, 1.000000
22.5066, 41.4521, -2.4721, 212.1167, 234.1167, -41.4521, 202.5455, -22.6893, -99.3739, 15.8474, 0.998325, 0.056289, -0.013347, 0.041452, -0.057023, 0.996372, -0.063174, -0.002472, 0.009742, 0.063829, 0.997913, 0.212117, 0.000000, 0.000000, 0.000000, 1.000000, 0.009742, 0.063829, 0.997913, 0.234117, -0.998325, -0.056289, 0.013347, -0.041452, 0.057023, -0.996372, 0.063174, 0.202546, 0.000000, 0.000000, 0.000000, 1.000000, -0.997075, 0.018560, 0.074143, -0.022689, 0.073435, -0.036303, 0.996639, -0.099374, 0.021189, 0.999168, 0.034834, 0.015847, 0.000000, 0.000000, 0.000000, 1.000000
22.6600, 41.3191, -2.4668, 212.1463, 234.1463, -41.3191, 202.5403, -22.8205, -99.2920, 15.8453, 0.998369, 0.056210, -0.009996, 0.041319, -0.056741, 0.996296, -0.064615, -0.002467, 0.006327, 0.065077, 0.997860, 0.212146, 0.000000, 0.000000, 0.000000, 1.000000, 0.006327, 0.065077, 0.997860, 0.234146, -0.998369, -0.056210, 0.009996, -0.041319, 0.056741, -0.996296, 0.064615, 0.202540, 0.000000, 0.000000, 0.000000, 1.000000, -0.997131, 0.018620, 0.073371, -0.022820, 0.072686, -0.035110, 0.996737, -0.099292, 0.021136, 0.999210, 0.033656, 0.015845, 0.000000, 0.000000, 0.000000, 1.000000
22.8753, 41.1851, -2.4669, 212.1841, 234.1841, -41.1851, 202.5403, -23.0575, -99.1767, 15.8387, 0.998387, 0.056398, -0.006494, 0.041185, -0.056699, 0.996322, -0.064250, -0.002467, 0.002847, 0.064515, 0.997913, 0.212184, 0.000000, 0.000000, 0.000000, 1.000000, 0.002847, 0.064515, 0.997913, 0.234184, -0.998387, -0.056398, 0.006494, -0.041185, 0.056699, -0.996322, 0.064250, 0.202540, 0.000000, 0.000000, 0.000000, 1.000000, -0.997116, 0.018264, 0.073661, -0.023057, 0.072975, -0.035728, 0.996694, -0.099177, 0.020835, 0.999195, 0.034293, 0.015839, 0.000000, 0.000000, 0.000000, 1.000000
22.9825, 41.0359, -2.4457, 212.1527, 234.1527, -41.0359, 202.5192, -23.0955, -99.1766, 15.8451, 0.998409, 0.056211, -0.004354, 0.041036, -0.056375, 0.996323, -0.064509, -0.002446, 0.000712, 0.064652, 0.997908, 0.212153, 0.000000, 0.000000, 0.000000, 1.000000, 0.000712, 0.064652, 0.997908, 0.234153, -0.998409, -0.056211, 0.004354, -0.041036, 0.056375, -0.996323, 0.064509, 0.202519, 0.000000, 0.000000, 0.000000, 1.000000, -0.997135, 0.018392, 0.073379, -0.023095, 0.072691, -0.035639, 0.996718, -0.099177, 0.020947, 0.999195, 0.034200, 0.015845, 0.000000, 0.000000, 0.000000, 1.000000
23.1587, 40.8896, -2.4291, 212.1210, 234.1210, -40.8896, 202.5026, -23.2562, -99.1484, 15.8472, 0.998419, 0.056140, -0.002904, 0.040890, -0.056209, 0.996244, -0.065870, -0.002429, -0.000804, 0.065929, 0.997824, 0.212121, 0.000000, 0.000000, 0.000000, 1.000000, -0.000804, 0.065929, 0.997824, 0.234121, -0.998419, -0.056140, 0.002904, -0.040890, 0.056209, -0.996244, 0.065870, 0.202503, 0.000000, 0.000000, 0.000000, 1.000000, -0.997020, 0.018446, 0.074901, -0.023256, 0.074236, -0.034425, 0.996646, -0.099148, 0.020963, 0.999237, 0.032953, 0.015847, 0.000000, 0.000000, 0.000000, 1.000000
23.2756, 40.7626, -2.4219, 212.1060, 234.1060, -40.7626, 202.4953, -23.3328, -99.1254, 15.8431, 0.998423, 0.056059, -0.003049, 0.040763, -0.056139, 0.996293, -0.065181, -0.002422, -0.000616, 0.065250, 0.997869, 0.212106, 0.000000, 0.000000, 0.000000, 1.000000, -0.000616, 0.065250, 0.997869, 0.234106, -0.998423, -0.056059, 0.003049, -0.040763, 0.056139, -0.996293, 0.065181, 0.202495, 0.000000, 0.000000, 0.000000, 1.000000, -0.996851, 0.018406, 0.077130, -0.023333, 0.076450, -0.035147, 0.996454, -0.099125, 0.021052, 0.999213, 0.033630, 0.015843, 0.000000, 0.000000, 0.000000, 1.000000
23.4352, 40.6076, -2.4253, 212.1473, 234.1473, -40.6076, 202.4987, -23.4514, -99.0303, 15.8319, 0.998410, 0.056303, 0.002601, 0.040608, -0.056029, 0.996454, -0.062773, -0.002425, -0.006126, 0.062528, 0.998024, 0.212147, 0.000000, 0.000000, 0.000000, 1.000000, -0.006126, 0.062528, 0.998024, 0.234147, -0.998410, -0.056303, -0.002601, -0.040608, 0.056029, -0.996454, 0.062773, 0.202499, 0.000000, 0.000000, 0.000000, 1.000000, -0.997064, 0.017855, 0.074464, -0.023451, 0.073748, -0.037897, 0.996557, -0.099030, 0.020615, 0.999122, 0.036469, 0.015832, 0.000000, 0.000000, 0.000000, 1.000000
23.5885, 40.4787, -2.4183, 212.1197, 234.1197, -40.4787, 202.4918, -23.5901, -99.0051, 15.8262, 0.998425, 0.056012, 0.003331, 0.040479, -0.055681, 0.996363, -0.064496, -0.002418, -0.006931, 0.064209, 0.997912, 0.212120, 0.000000, 0.000000, 0.000000, 1.000000, -0.006931, 0.064209, 0.997912, 0.234120, -0.998425, -0.056012, -0.003331, -0.040479, 0.055681, -0.996363, 0.064496, 0.202492, 0.000000, 0.000000, 0.000000, 1.000000, -0.996921, 0.018178, 0.076279, -0.023590, 0.075583, -0.036290, 0.996479, -0.099005, 0.020882, 0.999176, 0.034804, 0.015826, 0.000000, 0.000000, 0.000000, 1.000000
23.7265, 40.3415, -2.4048, 212.1431, 234.1431, -40.3415, 202.4783, -23.6892, -98.9371, 15.8313, 0.998410, 0.056055, 0.005981, 0.040342, -0.055552, 0.996354, -0.064757, -0.002405, -0.009590, 0.064321, 0.997883, 0.212143, 0.000000, 0.000000, 0.000000, 1.000000, -0.009590, 0.064321, 0.997883, 0.234143, -0.998410, -0.056055, -0.005981, -0.040342, 0.055552, -0.996354, 0.064757, 0.202478, 0.000000, 0.000000, 0.000000, 1.000000, -0.996943, 0.018057, 0.076023, -0.023689, 0.075334, -0.036218, 0.996500, -0.098937, 0.020747, 0.999181, 0.034747, 0.015831, 0.000000, 0.000000, 0.000000, 1.000000
23.8680, 40.1977, -2.3923, 212.1527, 234.1527, -40.1977, 202.4658, -23.7888, -98.8818, 15.8336, 0.998374, 0.056220, 0.009456, 0.040198, -0.055476, 0.996270, -0.066096, -0.002392, -0.013136, 0.065464, 0.997768, 0.212153, 0.000000, 0.000000, 0.000000, 1.000000, -0.013136, 0.065464, 0.997768, 0.234153, -0.998374, -0.056220, -0.009456, -0.040198, 0.055476, -0.996270, 0.066096, 0.202466, 0.000000, 0.000000, 0.000000, 1.000000, -0.997028, 0.017899, 0.074930, -0.023789, 0.074270, -0.035108, 0.996620, -0.098882, 0.020469, 0.999223, 0.033675, 0.015834, 0.000000, 0.000000, 0.000000, 1.000000
24.0403, 40.0661, -2.4010, 212.1968, 234.1968, -40.0661, 202.4745, -23.9518, -98.7763, 15.8192, 0.998363, 0.056029, 0.011464, 0.040066, -0.055199, 0.996479, -0.063102, -0.002401, -0.014959, 0.062365, 0.997941, 0.212197, 0.000000, 0.000000, 0.000000, 1.000000, -0.014959, 0.062365, 0.997941, 0.234197, -0.998363, -0.056029, -0.011464, -0.040066, 0.055199, -0.996479, 0.063102, 0.202474, 0.000000, 0.000000, 0.000000, 1.000000, -0.996939, 0.017712, 0.076150, -0.023952, 0.075430, -0.038270, 0.996416, -0.098776, 0.020563, 0.999110, 0.036817, 0.015819, 0.000000, 0.000000, 0.000000, 1.000000
24.1664, 39.9218, -2.3808, 212.1582, 234.1582, -39.9218, 202.4543, -24.0282, -98.7763, 15.8243, 0.998342, 0.055807, 0.014111, 0.039922, -0.054786, 0.996407, -0.064580, -0.002381, -0.017664, 0.063700, 0.997813, 0.212158, 0.000000, 0.000000, 0.000000, 1.000000, -0.017664, 0.063700, 0.997813, 0.234158, -0.998342, -0.055807, -0.014111, -0.039922, 0.054786, -0.996407, 0.064580, 0.202454, 0.000000, 0.000000, 0.000000, 1.000000, -0.996976, 0.017970, 0.075603, -0.024028, 0.074900, -0.036998, 0.996504, -0.098776, 0.020704, 0.999154, 0.035540, 0.015824, 0.000000, 0.000000, 0.000000, 1.000000
24.3435, 39.7801, -2.3823, 212.1739, 234.1739, -39.7801, 202.4558, -24.1912, -98.6985, 15.8135, 0.998321, 0.055856, 0.015308, 0.039780, -0.054770, 0.996449, -0.063956, -0.002382, -0.018826, 0.063010, 0.997835, 0.212174, 0.000000, 0.000000, 0.000000, 1.000000, -0.018826, 0.063010, 0.997835, 0.234174, -0.998321, -0.055856, -0.015308, -0.039780, 0.054770, -0.996449, 0.063956, 0.202456, 0.000000, 0.000000, 0.000000, 1.000000, -0.996832, 0.017742, 0.077537, -0.024191, 0.076827, -0.037737, 0.996330, -0.098699, 0.020603, 0.999130, 0.036254, 0.015813, 0.000000, 0.000000, 0.000000, 1.000000
24.4613, 39.6508, -2.3809, 212.1487, 234.1487, -39.6508, 202.4544, -24.2681, -98.6856, 15.8025, 0.998341, 0.055620, 0.014920, 0.039651, -0.054591, 0.996570, -0.062198, -0.002381, -0.018328, 0.061280, 0.997952, 0.212149, 0.000000, 0.000000, 0.000000, 1.000000, -0.018328, 0.061280, 0.997952, 0.234149, -0.998341, -0.055620, -0.014920, -0.039651, 0.054591, -0.996570, 0.062198, 0.202454, 0.000000, 0.000000, 0.000000, 1.000000, -0.996629, 0.017736, 0.080101, -0.024268, 0.079352, -0.039521, 0.996063, -0.098686, 0.020831, 0.999061, 0.037980, 0.015802, 0.000000, 0.000000, 0.000000, 1.000000
24.6353, 39.4952, -2.3699, 212.1902, 234.1902, -39.4952, 202.4433, -24.4083, -98.5863, 15.8055, 0.998191, 0.055988, 0.021930, 0.039495, -0.054480, 0.996451, -0.064171, -0.002370, -0.025445, 0.062861, 0.997698, 0.212190, 0.000000, 0.000000, 0.000000, 1.000000, -0.025445, 0.062861, 0.997698, 0.234190, -0.998191, -0.055988, -0.021930, -0.039495, 0.054480, -0.996451, 0.064171, 0.202443, 0.000000, 0.000000, 0.000000, 1.000000, -0.996955, 0.017404, 0.076010, -0.024408, 0.075308, -0.037963, 0.996437, -0.098586, 0.020227, 0.999128, 0.036536, 0.015806, 0.000000, 0.000000, 0.000000, 1.000000
24.7689, 39.3736, -2.3607, 212.1603, 234.1603, -39.3736, 202.4341, -24.5200, -98.5715, 15.8024, 0.998233, 0.055685, 0.020744, 0.039374, -0.054251, 0.996459, -0.064239, -0.002361, -0.024248, 0.063000, 0.997719, 0.212160, 0.000000, 0.000000, 0.000000, 1.000000, -0.024248, 0.063000, 0.997719, 0.234160, -0.998233, -0.055685, -0.020744, -0.039374, 0.054251, -0.996459, 0.064239, 0.202434, 0.000000, 0.000000, 0.000000, 1.000000, -0.996678, 0.017630, 0.079508, -0.024520, 0.078797, -0.037896, 0.996170, -0.098571, 0.020576, 0.999126, 0.036381, 0.015802, 0.000000, 0.000000, 0.000000, 1.000000
24.9139, 39.2197, -2.3488, 212.2145, 234.2145, -39.2197, 202.4223, -24.6101, -98.4721, 15.8076, 0.998098, 0.056126, 0.025509, 0.039220, -0.054396, 0.996461, -0.064084, -0.002349, -0.029015, 0.062574, 0.997618, 0.212215, 0.000000, 0.000000, 0.000000, 1.000000, -0.029015, 0.062574, 0.997618, 0.234215, -0.998098, -0.056126, -0.025509, -0.039220, 0.054396, -0.996461, 0.064084, 0.202422, 0.000000, 0.000000, 0.000000, 1.000000, -0.996862, 0.017052, 0.077302, -0.024610, 0.076605, -0.038317, 0.996325, -0.098472, 0.019951, 0.999120, 0.036891, 0.015808, 0.000000, 0.000000, 0.000000, 1.000000
25.0778, 39.0659, -2.3329, 212.1975, 234.1975, -39.0659, 202.4064, -24.7400, -98.4356, 15.8099, 0.998053, 0.056322, 0.026795, 0.039066, -0.054427, 0.996277, -0.066858, -0.002333, -0.030461, 0.065269, 0.997403, 0.212198, 0.000000, 0.000000, 0.000000, 1.000000, -0.030461, 0.065269, 0.997403, 0.234198, -0.998053, -0.056322, -0.026795, -0.039066, 0.054427, -0.996277, 0.066858, 0.202406, 0.000000, 0.000000, 0.000000, 1.000000, -0.996755, 0.017032, 0.078669, -0.024740, 0.078025, -0.035661, 0.996313, -0.098436, 0.019774, 0.999219, 0.034216, 0.015810, 0.000000, 0.000000, 0.000000, 1.000000
25.2220, 38.9528, -2.3297, 212.2144, 234.2144, -38.9528, 202.4032, -24.8733, -98.3685, 15.8060, 0.998012, 0.056266, 0.028406, 0.038953, -0.054293, 0.996339, -0.066031, -0.002330, -0.032018, 0.064358, 0.997413, 0.212214, 0.000000, 0.000000, 0.000000, 1.000000, -0.032018, 0.064358, 0.997413, 0.234214, -0.998012, -0.056266, -0.028406, -0.038953, 0.054293, -0.996339, 0.066031, 0.202403, 0.000000, 0.000000, 0.000000, 1.000000, -0.996681, 0.016899, 0.079633, -0.024873, 0.078974, -0.036617, 0.996204, -0.098369, 0.019751, 0.999186, 0.035161, 0.015806, 0.000000, 0.000000, 0.000000, 1.000000
25.3648, 38.7927, -2.3147, 212.2139, 234.2139, -38.7927, 202.3882, -24.9588, -98.3256, 15.8085, 0.997922, 0.056283, 0.031361, 0.038793, -0.054105, 0.996323, -0.066438, -0.002315, -0.034985, 0.064603, 0.997298, 0.212214, 0.000000, 0.000000, 0.000000, 1.000000, -0.034985, 0.064603, 0.997298, 0.234214, -0.997922, -0.056283, -0.031361, -0.038793, 0.054105, -0.996323, 0.066438, 0.202388, 0.000000, 0.000000, 0.000000, 1.000000, -0.996721, 0.016818, 0.079148, -0.024959, 0.078496, -0.036413, 0.996249, -0.098326, 0.019637, 0.999195, 0.034973, 0.015809, 0.000000, 0.000000, 0.000000, 1.000000
25.5186, 38.6769, -2.3025, 212.2465, 234.2465, -38.6769, 202.3760, -25.1033, -98.2401, 15.8150, 0.997826, 0.056417, 0.034055, 0.038677, -0.054058, 0.996314, -0.066598, -0.002303, -0.037687, 0.064613, 0.997199, 0.212246, 0.000000, 0.000000, 0.000000, 1.000000, -0.037687, 0.064613, 0.997199, 0.234246, -0.997826, -0.056417, -0.034055, -0.038677, 0.054058, -0.996314, 0.066598, 0.202376, 0.000000, 0.000000, 0.000000, 1.000000, -0.996726, 0.016588, 0.079130, -0.025103, 0.078486, -0.036433, 0.996249, -0.098240, 0.019409, 0.999198, 0.035012, 0.015815, 0.000000, 0.000000, 0.000000, 1.000000
25.6878, 38.5228, -2.2949, 212.2183, 234.2183, -38.5228, 202.3684, -25.2435, -98.2116, 15.8078, 0.997819, 0.056272, 0.034495, 0.038523, -0.053885, 0.996323, -0.066603, -0.002295, -0.038116, 0.064599, 0.997183, 0.212218, 0.000000, 0.000000, 0.000000, 1.000000, -0.038116, 0.064599, 0.997183, 0.234218, -0.997819, -0.056272, -0.034495, -0.038523, 0.053885, -0.996323, 0.066603, 0.202368, 0.000000, 0.000000, 0.000000, 1.000000, -0.996524, 0.016623, 0.081634, -0.025244, 0.080986, -0.036513, 0.996046, -0.098212, 0.019538, 0.999195, 0.035040, 0.015808, 0.000000, 0.000000, 0.000000, 1.000000
25.8157, 38.4086, -2.2816, 212.2267, 234.2267, -38.4086, 202.3551, -25.3477, -98.1613, 15.8131, 0.997717, 0.056243, 0.037396, 0.038409, -0.053622, 0.996261, -0.067739, -0.002282, -0.041066, 0.065579, 0.997002, 0.212227, 0.000000, 0.000000, 0.000000, 1.000000, -0.041066, 0.065579, 0.997002, 0.234227, -0.997717, -0.056243, -0.037396, -0.038409, 0.053622, -0.996261, 0.067739, 0.202355, 0.000000, 0.000000, 0.000000, 1.000000, -0.996583, 0.016686, 0.080888, -0.025348, 0.080256, -0.035579, 0.996139, -0.098161, 0.019500, 0.999228, 0.034118, 0.015813, 0.000000, 0.000000, 0.000000, 1.000000
25.9862, 38.2607, -2.2937, 212.2487, 234.2487, -38.2607, 202.3672, -25.4913, -98.0799, 15.7919, 0.997748, 0.055963, 0.036980, 0.038261, -0.053517, 0.996506, -0.064123, -0.002294, -0.040440, 0.061999, 0.997257, 0.212249, 0.000000, 0.000000, 0.000000, 1.000000, -0.040440, 0.061999, 0.997257, 0.234249, -0.997748, -0.055963, -0.036980, -0.038261, 0.053517, -0.996506, 0.064123, 0.202367, 0.000000, 0.000000, 0.000000, 1.000000, -0.996286, 0.016424, 0.084528, -0.025491, 0.083833, -0.039222, 0.995708, -0.098080, 0.019669, 0.999096, 0.037699, 0.015792, 0.000000, 0.000000, 0.000000, 1.000000
26.1286, 38.1026, -2.2734, 212.2297, 234.2297, -38.1026, 202.3468, -25.5796, -98.0563, 15.7980, 0.997556, 0.056256, 0.041450, 0.038103, -0.053383, 0.996295, -0.067435, -0.002273, -0.045090, 0.065058, 0.996862, 0.212230, 0.000000, 0.000000, 0.000000, 1.000000, -0.045090, 0.065058, 0.996862, 0.234230, -0.997556, -0.056256, -0.041450, -0.038103, 0.053383, -0.996295, 0.067435, 0.202347, 0.000000, 0.000000, 0.000000, 1.000000, -0.996471, 0.016414, 0.082316, -0.025580, 0.081681, -0.036186, 0.996001, -0.098056, 0.019327, 0.999210, 0.034717, 0.015798, 0.000000, 0.000000, 0.000000, 1.000000
26.2898, 37.9792, -2.2781, 212.3006, 234.3006, -37.9792, 202.3516, -25.7245, -97.9287, 15.7908, 0.997469, 0.055948, 0.043876, 0.037979, -0.053028, 0.996468, -0.065113, -0.002278, -0.047364, 0.062622, 0.996913, 0.212301, 0.000000, 0.000000, 0.000000, 1.000000, -0.047364, 0.062622, 0.996913, 0.234301, -0.997469, -0.055948, -0.043876, -0.037979, 0.053028, -0.996468, 0.065113, 0.202352, 0.000000, 0.000000, 0.000000, 1.000000, -0.996427, 0.016310, 0.082874, -0.025724, 0.082194, -0.038692, 0.995865, -0.097929, 0.019449, 0.999118, 0.037213, 0.015791, 0.000000, 0.000000, 0.000000, 1.000000
26.4261, 37.8335, -2.2661, 212.2657, 234.2657, -37.8335, 202.3395, -25.8170, -97.9213, 15.7881, 0.997366, 0.056008, 0.046078, 0.037833, -0.052976, 0.996504, -0.064595, -0.002266, -0.049535, 0.061984, 0.996847, 0.212266, 0.000000, 0.000000, 0.000000, 1.000000, -0.049535, 0.061984, 0.996847, 0.234266, -0.997366, -0.056008, -0.046078, -0.037833, 0.052976, -0.996504, 0.064595, 0.202340, 0.000000, 0.000000, 0.000000, 1.000000, -0.996413, 0.016075, 0.083088, -0.025817, 0.082403, -0.039356, 0.995822, -0.097921, 0.019278, 0.999096, 0.037890, 0.015788, 0.000000, 0.000000, 0.000000, 1.000000
26.5799, 37.6891, -2.2600, 212.2904, 234.2904, -37.6891, 202.3334, -25.9332, -97.8466, 15.7855, 0.997296, 0.055905, 0.047695, 0.037689, -0.052674, 0.996395, -0.066500, -0.002260, -0.051241, 0.063807, 0.996646, 0.212290, 0.000000, 0.000000, 0.000000, 1.000000, -0.051241, 0.063807, 0.996646, 0.234290, -0.997296, -0.055905, -0.047695, -0.037689, 0.052674, -0.996395, 0.066500, 0.202333, 0.000000, 0.000000, 0.000000, 1.000000, -0.996331, 0.016313, 0.084014, -0.025933, 0.083355, -0.037602, 0.995810, -0.097847, 0.019403, 0.999160, 0.036105, 0.015785, 0.000000, 0.000000, 0.000000, 1.000000
26.7078, 37.5663, -2.2716, 212.3253, 234.3253, -37.5663, 202.3450, -26.0261, -97.7688, 15.7680, 0.997328, 0.055415, 0.047594, 0.037566, -0.052402, 0.996676, -0.062369, -0.002272, -0.050892, 0.059709, 0.996918, 0.212325, 0.000000, 0.000000, 0.000000, 1.000000, -0.050892, 0.059709, 0.996918, 0.234325, -0.997328, -0.055415, -0.047594, -0.037566, 0.052402, -0.996676, 0.062369, 0.202345, 0.000000, 0.000000, 0.000000, 1.000000, -0.996109, 0.016165, 0.086633, -0.026026, 0.085896, -0.041773, 0.995428, -0.097769, 0.019710, 0.998996, 0.040222, 0.015768, 0.000000, 0.000000, 0.000000, 1.000000
26.8774, 37.4075, -2.2586, 212.3311, 234.3311, -37.4075, 202.3320, -26.1570, -97.7083, 15.7692, 0.996960, 0.055857, 0.054325, 0.037408, -0.052319, 0.996545, -0.064504, -0.002259, -0.057740, 0.061466, 0.996438, 0.212331, 0.000000, 0.000000, 0.000000, 1.000000, -0.057740, 0.061466, 0.996438, 0.234331, -0.996960, -0.055857, -0.054325, -0.037408, 0.052319, -0.996545, 0.064504, 0.202332, 0.000000, 0.000000, 0.000000, 1.000000, -0.996446, 0.015843, 0.082728, -0.026157, 0.082041, -0.040016, 0.995825, -0.097708, 0.019088, 0.999073, 0.038574, 0.015769, 0.000000, 0.000000, 0.000000, 1.000000
27.0316, 37.2917, -2.2666, 212.3162, 234.3162, -37.2917, 202.3401, -26.3082, -97.6671, 15.7509, 0.997167, 0.055263, 0.051038, 0.037292, -0.052063, 0.996714, -0.062050, -0.002267, -0.054299, 0.059217, 0.996767, 0.212316, 0.000000, 0.000000, 0.000000, 1.000000, -0.054299, 0.059217, 0.996767, 0.234316, -0.997167, -0.055263, -0.051038, -0.037292, 0.052063, -0.996714, 0.062050, 0.202340, 0.000000, 0.000000, 0.000000, 1.000000, -0.995916, 0.016010, 0.088856, -0.026308, 0.088112, -0.042373, 0.995209, -0.097667, 0.019698, 0.998974, 0.040789, 0.015751, 0.000000, 0.000000, 0.000000, 1.000000
27.2004, 37.1372, -2.2456, 212.3447, 234.3447, -37.1372, 202.3190, -26.4377, -97.5849, 15.7627, 0.996854, 0.055293, 0.056783, 0.037137, -0.051729, 0.996708, -0.062427, -0.002246, -0.060048, 0.059293, 0.996433, 0.212345, 0.000000, 0.000000, 0.000000, 1.000000, -0.060048, 0.059293, 0.996433, 0.234345, -0.996854, -0.055293, -0.056783, -0.037137, 0.051729, -0.996708, 0.062427, 0.202319, 0.000000, 0.000000, 0.000000, 1.000000, -0.996165, 0.015866, 0.086042, -0.026438, 0.085306, -0.042340, 0.995455, -0.097585, 0.019437, 0.998977, 0.040824, 0.015763, 0.000000, 0.000000, 0.000000, 1.000000
27.3371, 37.0279, -2.2537, 212.3480, 234.3480, -37.0279, 202.3271, -26.5625, -97.5329, 15.7466, 0.997097, 0.054798, 0.052870, 0.037028, -0.051641, 0.996902, -0.059321, -0.002254, -0.055957, 0.056419, 0.996838, 0.212348, 0.000000, 0.000000, 0.000000, 1.000000, -0.055957, 0.056419, 0.996838, 0.234348, -0.997097, -0.054798, -0.052870, -0.037028, 0.051641, -0.996902, 0.059321, 0.202327, 0.000000, 0.000000, 0.000000, 1.000000, -0.995584, 0.015839, 0.092530, -0.026562, 0.091732, -0.045297, 0.994753, -0.097533, 0.019947, 0.998848, 0.043644, 0.015747, 0.000000, 0.000000, 0.000000, 1.000000
27.4724, 36.8747, -2.2231, 212.4027, 234.4027, -36.8747, 202.2966, -26.6315, -97.4415, 15.7705, 0.996466, 0.055568, 0.062995, 0.036875, -0.051536, 0.996624, -0.063913, -0.002223, -0.066334, 0.060440, 0.995965, 0.212403, 0.000000, 0.000000, 0.000000, 1.000000, -0.066334, 0.060440, 0.995965, 0.234403, -0.996466, -0.055568, -0.062995, -0.036875, 0.051536, -0.996624, 0.063913, 0.202297, 0.000000, 0.000000, 0.000000, 1.000000, -0.996304, 0.015563, 0.084477, -0.026632, 0.083776, -0.041237, 0.995631, -0.097441, 0.018978, 0.999028, 0.039781, 0.015770, 0.000000, 0.000000, 0.000000, 1.000000
27.6262, 36.7201, -2.2303, 212.4662, 234.4662, -36.7201, 202.3037, -26.7312, -97.3290, 15.7578, 0.996294, 0.055352, 0.065841, 0.036720, -0.051240, 0.996723, -0.062593, -0.002230, -0.069090, 0.058988, 0.995865, 0.212466, 0.000000, 0.000000, 0.000000, 1.000000, -0.069090, 0.058988, 0.995865, 0.234466, -0.996294, -0.055352, -0.065841, -0.036720, 0.051240, -0.996723, 0.062593, 0.202304, 0.000000, 0.000000, 0.000000, 1.000000, -0.996312, 0.015447, 0.084408, -0.026731, 0.083683, -0.042749, 0.995575, -0.097329, 0.018987, 0.998966, 0.041299, 0.015758, 0.000000, 0.000000, 0.000000, 1.000000
27.7682, 36.6093, -2.2317, 212.4594, 234.4594, -36.6093, 202.3051, -26.8641, -97.2855, 15.7472, 0.996451, 0.055111, 0.063626, 0.036609, -0.051245, 0.996829, -0.060875, -0.002232, -0.066779, 0.057398, 0.996115, 0.212459, 0.000000, 0.000000, 0.000000, 1.000000, -0.066779, 0.057398, 0.996115, 0.234459, -0.996451, -0.055111, -0.063626, -0.036609, 0.051245, -0.996829, 0.060875, 0.202305, 0.000000, 0.000000, 0.000000, 1.000000, -0.995896, 0.015337, 0.089201, -0.026864, 0.088446, -0.044397, 0.995091, -0.097286, 0.019222, 0.998896, 0.042858, 0.015747, 0.000000, 0.000000, 0.000000, 1.000000
27.9207, 36.4553, -2.2168, 212.4467, 234.4467, -36.4553, 202.2902, -26.9724, -97.2512, 15.7489, 0.996252, 0.055348, 0.066478, 0.036455, -0.051193, 0.996721, -0.062660, -0.002217, -0.069728, 0.059022, 0.995818, 0.212447, 0.000000, 0.000000, 0.000000, 1.000000, -0.069728, 0.059022, 0.995818, 0.234447, -0.996252, -0.055348, -0.066478, -0.036455, 0.051193, -0.996721, 0.062660, 0.202290, 0.000000, 0.000000, 0.000000, 1.000000, -0.995925, 0.015236, 0.088884, -0.026972, 0.088163, -0.042795, 0.995186, -0.097251, 0.018967, 0.998968, 0.041278, 0.015749, 0.000000, 0.000000, 0.000000, 1.000000
28.0912, 36.3391, -2.2163, 212.4777, 234.4777, -36.3391, 202.2898, -27.1422, -97.1581, 15.7434, 0.996269, 0.055277, 0.066272, 0.036339, -0.051235, 0.996809, -0.061213, -0.002216, -0.069444, 0.057589, 0.995922, 0.212478, 0.000000, 0.000000, 0.000000, 1.000000, -0.069444, 0.057589, 0.995922, 0.234478, -0.996269, -0.055277, -0.066272, -0.036339, 0.051235, -0.996809, 0.061213, 0.202290, 0.000000, 0.000000, 0.000000, 1.000000, -0.995633, 0.014953, 0.092152, -0.027142, 0.091413, -0.044267, 0.994829, -0.097158, 0.018955, 0.998908, 0.042707, 0.015743, 0.000000, 0.000000, 0.000000, 1.000000
28.2182, 36.1930, -2.2072, 212.5283, 234.5283, -36.1930, 202.2806, -27.2047, -97.0718, 15.7463, 0.995923, 0.055125, 0.071406, 0.036193, -0.050701, 0.996766, -0.062352, -0.002207, -0.074612, 0.058478, 0.995497, 0.212528, 0.000000, 0.000000, 0.000000, 1.000000, -0.074612, 0.058478, 0.995497, 0.234528, -0.995923, -0.055125, -0.071406, -0.036193, 0.050701, -0.996766, 0.062352, 0.202281, 0.000000, 0.000000, 0.000000, 1.000000, -0.995902, 0.015147, 0.089164, -0.027205, 0.088434, -0.043448, 0.995134, -0.097072, 0.018947, 0.998941, 0.041930, 0.015746, 0.000000, 0.000000, 0.000000, 1.000000
28.3724, 36.0702, -2.2156, 212.5479, 234.5479, -36.0702, 202.2890, -27.3424, -96.9977, 15.7304, 0.996092, 0.054829, 0.069245, 0.036070, -0.050776, 0.996966, -0.058995, -0.002216, -0.072270, 0.055248, 0.995854, 0.212548, 0.000000, 0.000000, 0.000000, 1.000000, -0.072270, 0.055248, 0.995854, 0.234548, -0.996092, -0.054829, -0.069245, -0.036070, 0.050776, -0.996966, 0.058995, 0.202289, 0.000000, 0.000000, 0.000000, 1.000000, -0.995441, 0.014795, 0.094229, -0.027342, 0.093448, -0.046726, 0.994527, -0.096998, 0.019117, 0.998798, 0.045130, 0.015730, 0.000000, 0.000000, 0.000000, 1.000000
28.5456, 35.9205, -2.2000, 212.5513, 234.5513, -35.9205, 202.2735, -27.4866, -96.9373, 15.7347, 0.995618, 0.055168, 0.075509, 0.035921, -0.050528, 0.996794, -0.062040, -0.002200, -0.078690, 0.057953, 0.995213, 0.212551, 0.000000, 0.000000, 0.000000, 1.000000, -0.078690, 0.057953, 0.995213, 0.234551, -0.995618, -0.055168, -0.075509, -0.035921, 0.050528, -0.996794, 0.062040, 0.202273, 0.000000, 0.000000, 0.000000, 1.000000, -0.995761, 0.014769, 0.090782, -0.027487, 0.090056, -0.044044, 0.994962, -0.096937, 0.018693, 0.998920, 0.042528, 0.015735, 0.000000, 0.000000, 0.000000, 1.000000
28.6708, 35.7680, -2.1911, 212.5335, 234.5335, -35.7680, 202.2645, -27.5510, -96.9205, 15.7301, 0.995702, 0.054817, 0.074654, 0.035768, -0.050292, 0.996857, -0.061212, -0.002191, -0.077775, 0.057194, 0.995329, 0.212534, 0.000000, 0.000000, 0.000000, 1.000000, -0.077775, 0.057194, 0.995329, 0.234534, -0.995702, -0.054817, -0.074654, -0.035768, 0.050292, -0.996857, 0.061212, 0.202265, 0.000000, 0.000000, 0.000000, 1.000000, -0.995473, 0.014891, 0.093866, -0.027551, 0.093116, -0.044885, 0.994643, -0.096920, 0.019024, 0.998881, 0.043295, 0.015730, 0.000000, 0.000000, 0.000000, 1.000000
28.8510, 35.6633, -2.2056, 212.5765, 234.5765, -35.6633, 202.2791, -27.7461, -96.8073, 15.7118, 0.995850, 0.054384, 0.072968, 0.035663, -0.050257, 0.997094, -0.057246, -0.002206, -0.075869, 0.053342, 0.995690, 0.212576, 0.000000, 0.000000, 0.000000, 1.000000, -0.075869, 0.053342, 0.995690, 0.234576, -0.995850, -0.054384, -0.072968, -0.035663, 0.050257, -0.997094, 0.057246, 0.202279, 0.000000, 0.000000, 0.000000, 1.000000, -0.994987, 0.014517, 0.098947, -0.027746, 0.098135, -0.048804, 0.993976, -0.096807, 0.019258, 0.998703, 0.047135, 0.015712, 0.000000, 0.000000, 0.000000, 1.000000
28.9951, 35.5046, -2.1945, 212.6033, 234.6033, -35.5046, 202.2679, -27.8283, -96.7392, 15.7133, 0.995330, 0.054335, 0.079793, 0.035505, -0.049848, 0.997118, -0.057187, -0.002194, -0.082670, 0.052943, 0.995170, 0.212603, 0.000000, 0.000000, 0.000000, 1.000000, -0.082670, 0.052943, 0.995170, 0.234603, -0.995330, -0.054335, -0.079793, -0.035505, 0.049848, -0.997118, 0.057187, 0.202268, 0.000000, 0.000000, 0.000000, 1.000000, -0.995406, 0.014372, 0.094654, -0.027828, 0.093844, -0.049242, 0.994368, -0.096739, 0.018952, 0.998683, 0.047667, 0.015713, 0.000000, 0.000000, 0.000000, 1.000000
29.1125, 35.4135, -2.2249, 212.5994, 234.5994, -35.4135, 202.2983, -27.9393, -96.6981, 15.6758, 0.995875, 0.053531, 0.073263, 0.035413, -0.049870, 0.997457, -0.050915, -0.002225, -0.075803, 0.047051, 0.996012, 0.212599, 0.000000, 0.000000, 0.000000, 1.000000, -0.075803, 0.047051, 0.996012, 0.234599, -0.995875, -0.053531, -0.073263, -0.035413, 0.049870, -0.997457, 0.050915, 0.202298, 0.000000, 0.000000, 0.000000, 1.000000, -0.994518, 0.014025, 0.103619, -0.027939, 0.102701, -0.055214, 0.993179, -0.096698, 0.019651, 0.998376, 0.053471, 0.015676, 0.000000, 0.000000, 0.000000, 1.000000
29.2997, 35.2510, -2.1862, 212.6352, 234.6352, -35.2510, 202.2596, -28.0868, -96.6040, 15.7052, 0.995249, 0.054105, 0.080944, 0.035251, -0.049557, 0.997133, -0.057175, -0.002186, -0.083805, 0.052892, 0.995077, 0.212635, 0.000000, 0.000000, 0.000000, 1.000000, -0.083805, 0.052892, 0.995077, 0.234635, -0.995249, -0.054105, -0.080944, -0.035251, 0.049557, -0.997133, 0.057175, 0.202260, 0.000000, 0.000000, 0.000000, 1.000000, -0.995005, 0.014328, 0.098792, -0.028087, 0.097977, -0.049410, 0.993961, -0.096604, 0.019123, 0.998676, 0.047759, 0.015705, 0.000000, 0.000000, 0.000000, 1.000000
29.4289, 35.1299, -2.1818, 212.6730, 234.6730, -35.1299, 202.2553, -28.1785, -96.5255, 15.7039, 0.995385, 0.053966, 0.079352, 0.035130, -0.049545, 0.997163, -0.056666, -0.002182, -0.082184, 0.052473, 0.995235, 0.212673, 0.000000, 0.000000, 0.000000, 1.000000, -0.082184, 0.052473, 0.995235, 0.234673, -0.995385, -0.053966, -0.079352, -0.035130, 0.049545, -0.997163, 0.056666, 0.202255, 0.000000, 0.000000, 0.000000, 1.000000, -0.994615, 0.014277, 0.102654, -0.028178, 0.101828, -0.049880, 0.993551, -0.096525, 0.019305, 0.998653, 0.048157, 0.015704, 0.000000, 0.000000, 0.000000, 1.000000
29.5695, 34.9736, -2.1653, 212.7347, 234.7347, -34.9736, 202.2388, -28.2496, -96.4256, 15.7144, 0.994525, 0.054515, 0.089147, 0.034974, -0.049424, 0.997072, -0.058351, -0.002165, -0.092067, 0.053626, 0.994308, 0.212735, 0.000000, 0.000000, 0.000000, 1.000000, -0.092067, 0.053626, 0.994308, 0.234735, -0.994525, -0.054515, -0.089147, -0.034974, 0.049424, -0.997072, 0.058351, 0.202239, 0.000000, 0.000000, 0.000000, 1.000000, -0.995361, 0.013827, 0.095215, -0.028250, 0.094441, -0.048679, 0.994340, -0.096426, 0.018384, 0.998719, 0.047147, 0.015714, 0.000000, 0.000000, 0.000000, 1.000000
29.7303, 34.8427, -2.1768, 212.7395, 234.7395, -34.8427, 202.2503, -28.3916, -96.3639, 15.6934, 0.994973, 0.053828, 0.084449, 0.034843, -0.049287, 0.997271, -0.054966, -0.002177, -0.087177, 0.050528, 0.994911, 0.212739, 0.000000, 0.000000, 0.000000, 1.000000, -0.087177, 0.050528, 0.994911, 0.234739, -0.994973, -0.053828, -0.084449, -0.034843, 0.049287, -0.997271, 0.054966, 0.202250, 0.000000, 0.000000, 0.000000, 1.000000, -0.994594, 0.013787, 0.102919, -0.028392, 0.102078, -0.051892, 0.993422, -0.096364, 0.019037, 0.998558, 0.050204, 0.015693, 0.000000, 0.000000, 0.000000, 1.000000
29.8578, 34.7206, -2.1859, 212.7851, 234.7851, -34.7206, 202.2594, -28.4780, -96.2775, 15.6795, 0.994678, 0.053541, 0.088034, 0.034721, -0.049017, 0.997403, -0.052772, -0.002186, -0.090630, 0.048176, 0.994719, 0.212785, 0.000000, 0.000000, 0.000000, 1.000000, -0.090630, 0.048176, 0.994719, 0.234785, -0.994678, -0.053541, -0.088034, -0.034721, 0.049017, -0.997403, 0.052772, 0.202259, 0.000000, 0.000000, 0.000000, 1.000000, -0.994723, 0.013509, 0.101705, -0.028478, 0.100834, -0.054286, 0.993421, -0.096278, 0.018941, 0.998434, 0.052638, 0.015679, 0.000000, 0.000000, 0.000000, 1.000000
30.0186, 34.5620, -2.1636, 212.8019, 234.8019, -34.5620, 202.2370, -28.5883, -96.2131, 15.6911, 0.994213, 0.054037, 0.092851, 0.034562, -0.049008, 0.997249, -0.055614, -0.002164, -0.095600, 0.050742, 0.994126, 0.212802, 0.000000, 0.000000, 0.000000, 1.000000, -0.095600, 0.050742, 0.994126, 0.234802, -0.994213, -0.054037, -0.092851, -0.034562, 0.049008, -0.997249, 0.055614, 0.202237, 0.000000, 0.000000, 0.000000, 1.000000, -0.994948, 0.013361, 0.099500, -0.028588, 0.098688, -0.051710, 0.993774, -0.096213, 0.018423, 0.998573, 0.050130, 0.015691, 0.000000, 0.000000, 0.000000, 1.000000
30.1997, 34.4556, -2.1947, 212.8858, 234.8858, -34.4556, 202.2682, -28.7732, -96.0572, 15.6603, 0.994397, 0.052717, 0.091622, 0.034456, -0.048534, 0.997701, -0.047304, -0.002195, -0.093905, 0.042592, 0.994670, 0.212886, 0.000000, 0.000000, 0.000000, 1.000000, -0.093905, 0.042592, 0.994670, 0.234886, -0.994397, -0.052717, -0.091622, -0.034456, 0.048534, -0.997701, 0.047304, 0.202268, 0.000000, 0.000000, 0.000000, 1.000000, -0.994450, 0.012902, 0.104416, -0.028773, 0.103467, -0.060001, 0.992821, -0.096057, 0.019075, 0.998115, 0.058333, 0.015660, 0.000000, 0.000000, 0.000000, 1.000000
30.3289, 34.2917, -2.1705, 212.8693, 234.8693, -34.2917, 202.2439, -28.8314, -96.0425, 15.6701, 0.994063, 0.052995, 0.095033, 0.034292, -0.048321, 0.997538, -0.050830, -0.002170, -0.097493, 0.045936, 0.994176, 0.212869, 0.000000, 0.000000, 0.000000, 1.000000, -0.097493, 0.045936, 0.994176, 0.234869, -0.994063, -0.052995, -0.095033, -0.034292, 0.048321, -0.997538, 0.050830, 0.202244, 0.000000, 0.000000, 0.000000, 1.000000, -0.994592, 0.013155, 0.103022, -0.028831, 0.102124, -0.056699, 0.993155, -0.096043, 0.018907, 0.998305, 0.055049, 0.015670, 0.000000, 0.000000, 0.000000, 1.000000
30.4888, 34.2149, -2.1929, 212.8759, 234.8759, -34.2149, 202.2664, -29.0242, -95.9677, 15.6426, 0.994817, 0.052071, 0.087341, 0.034215, -0.048327, 0.997842, -0.044449, -0.002193, -0.089467, 0.039997, 0.995186, 0.212876, 0.000000, 0.000000, 0.000000, 1.000000, -0.089467, 0.039997, 0.995186, 0.234876, -0.994817, -0.052071, -0.087341, -0.034215, 0.048327, -0.997842, 0.044449, 0.202266, 0.000000, 0.000000, 0.000000, 1.000000, -0.993414, 0.012713, 0.113875, -0.029024, 0.112867, -0.062736, 0.991628, -0.095968, 0.019751, 0.997949, 0.060888, 0.015643, 0.000000, 0.000000, 0.000000, 1.000000
30.6593, 34.0344, -2.2010, 212.9329, 234.9329, -34.0344, 202.2744, -29.1221, -95.8604, 15.6263, 0.993911, 0.052176, 0.097050, 0.034034, -0.048322, 0.997963, -0.041656, -0.002201, -0.099026, 0.036712, 0.994407, 0.212933, 0.000000, 0.000000, 0.000000, 1.000000, -0.099026, 0.036712, 0.994407, 0.234933, -0.993911, -0.052176, -0.097050, -0.034034, 0.048322, -0.997963, 0.041656, 0.202274, 0.000000, 0.000000, 0.000000, 1.000000, -0.994154, 0.011755, 0.107333, -0.029122, 0.106336, -0.065965, 0.992140, -0.095860, 0.018743, 0.997753, 0.064329, 0.015626, 0.000000, 0.000000, 0.000000, 1.000000
30.7960, 33.9582, -2.2108, 212.9238, 234.9238, -33.9582, 202.2843, -29.2786, -95.8137, 15.6098, 0.994825, 0.051226, 0.087739, 0.033958, -0.048108, 0.998146, -0.037296, -0.002211, -0.089487, 0.032882, 0.995445, 0.212924, 0.000000, 0.000000, 0.000000, 1.000000, -0.089487, 0.032882, 0.995445, 0.234924, -0.994825, -0.051226, -0.087739, -0.033958, 0.048108, -0.998146, 0.037296, 0.202284, 0.000000, 0.000000, 0.000000, 1.000000, -0.992795, 0.011739, 0.119248, -0.029279, 0.118149, -0.069931, 0.990530, -0.095814, 0.019967, 0.997483, 0.068041, 0.015610, 0.000000, 0.000000, 0.000000, 1.000000
30.9397, 33.8103, -2.1971, 212.9904, 234.9904, -33.8103, 202.2706, -29.3597, -95.7068, 15.6186, 0.994375, 0.051209, 0.092720, 0.033810, -0.047872, 0.998136, -0.037864, -0.002197, -0.094486, 0.033213, 0.994972, 0.212990, 0.000000, 0.000000, 0.000000, 1.000000, -0.094486, 0.033213, 0.994972, 0.234990, -0.994375, -0.051209, -0.092720, -0.033810, 0.047872, -0.998136, 0.037864, 0.202271, 0.000000, 0.000000, 0.000000, 1.000000, -0.993094, 0.011649, 0.116740, -0.029360, 0.115658, -0.069641, 0.990845, -0.095707, 0.019673, 0.997504, 0.067813, 0.015619, 0.000000, 0.000000, 0.000000, 1.000000
31.0733, 33.7019, -2.2085, 213.0258, 235.0258, -33.7019, 202.2819, -29.4702, -95.6247, 15.6025, 0.994354, 0.050938, 0.093084, 0.033702, -0.047807, 0.998224, -0.035554, -0.002208, -0.094730, 0.030903, 0.995023, 0.213026, 0.000000, 0.000000, 0.000000, 1.000000, -0.094730, 0.030903, 0.995023, 0.235026, -0.994354, -0.050938, -0.093084, -0.033702, 0.047807, -0.998224, 0.035554, 0.202282, 0.000000, 0.000000, 0.000000, 1.000000, -0.992851, 0.011265, 0.118831, -0.029470, 0.117725, -0.071980, 0.990434, -0.095625, 0.019711, 0.997342, 0.070139, 0.015602, 0.000000, 0.000000, 0.000000, 1.000000
31.2570, 33.5448, -2.2122, 213.0842, 235.0842, -33.5448, 202.2856, -29.6110, -95.5053, 15.5925, 0.993964, 0.050741, 0.097264, 0.033545, -0.047806, 0.998335, -0.032277, -0.002212, -0.098740, 0.027433, 0.994735, 0.213084, 0.000000, 0.000000, 0.000000, 1.000000, -0.098740, 0.027433, 0.994735, 0.235084, -0.993964, -0.050741, -0.097264, -0.033545, 0.047806, -0.998335, 0.032277, 0.202286, 0.000000, 0.000000, 0.000000, 1.000000, -0.992953, 0.010483, 0.118046, -0.029611, 0.116930, -0.075440, 0.990271, -0.095505, 0.019287, 0.997095, 0.073683, 0.015593, 0.000000, 0.000000, 0.000000, 1.000000
31.3879, 33.4131, -2.2045, 213.0890, 235.0890, -33.4131, 202.2780, -29.6994, -95.4614, 15.5904, 0.994137, 0.050787, 0.095459, 0.033413, -0.047919, 0.998335, -0.032095, -0.002205, -0.096930, 0.027332, 0.994916, 0.213089, 0.000000, 0.000000, 0.000000, 1.000000, -0.096930, 0.027332, 0.994916, 0.235089, -0.994137, -0.050787, -0.095459, -0.033413, 0.047919, -0.998335, 0.032095, 0.202278, 0.000000, 0.000000, 0.000000, 1.000000, -0.992463, 0.010245, 0.122117, -0.029699, 0.121006, -0.075552, 0.989772, -0.095461, 0.019366, 0.997089, 0.073742, 0.015590, 0.000000, 0.000000, 0.000000, 1.000000
31.5220, 33.3152, -2.1920, 213.0763, 235.0763, -33.3152, 202.2655, -29.8295, -95.4262, 15.5940, 0.994516, 0.050812, 0.091415, 0.033315, -0.047770, 0.998239, -0.035164, -0.002192, -0.093041, 0.030605, 0.995192, 0.213076, 0.000000, 0.000000, 0.000000, 1.000000, -0.093041, 0.030605, 0.995192, 0.235076, -0.994516, -0.050812, -0.091415, -0.033315, 0.047770, -0.998239, 0.035164, 0.202265, 0.000000, 0.000000, 0.000000, 1.000000, -0.991681, 0.010759, 0.128267, -0.029829, 0.127166, -0.072384, 0.989237, -0.095426, 0.019927, 0.997319, 0.070413, 0.015594, 0.000000, 0.000000, 0.000000, 1.000000
31.6868, 33.1670, -2.2496, 213.1536, 235.1536, -33.1670, 202.3230, -29.9454, -95.2906, 15.5332, 0.994107, 0.048957, 0.096718, 0.033167, -0.047335, 0.998698, -0.018997, -0.002250, -0.097522, 0.014307, 0.995131, 0.213154, 0.000000, 0.000000, 0.000000, 1.000000, -0.097522, 0.014307, 0.995131, 0.235154, -0.994107, -0.048957, -0.096718, -0.033167, 0.047335, -0.998698, 0.018997, 0.202323, 0.000000, 0.000000, 0.000000, 1.000000, -0.991890, 0.008746, 0.126798, -0.029945, 0.125534, -0.088672, 0.988119, -0.095291, 0.019885, 0.996022, 0.086855, 0.015533, 0.000000, 0.000000, 0.000000, 1.000000
31.8234, 33.0707, -2.2140, 213.1797, 235.1797, -33.0707, 202.2874, -30.0711, -95.2186, 15.5636, 0.994579, 0.049657, 0.091357, 0.033071, -0.047492, 0.998541, -0.025716, -0.002214, -0.092500, 0.021238, 0.995486, 0.213180, 0.000000, 0.000000, 0.000000, 1.000000, -0.092500, 0.021238, 0.995486, 0.235180, -0.994579, -0.049657, -0.091357, -0.033071, 0.047492, -0.998541, 0.025716, 0.202287, 0.000000, 0.000000, 0.000000, 1.000000, -0.990924, 0.009407, 0.134094, -0.030071, 0.132888, -0.081804, 0.987749, -0.095219, 0.020261, 0.996604, 0.079812, 0.015564, 0.000000, 0.000000, 0.000000, 1.000000
32.1324, 32.2754, -2.3075, 213.3875, 235.3875, -32.2754, 202.3810, -29.7683, -95.0211, 15.4302, 0.977179, 0.046027, 0.207372, 0.032275, -0.045780, 0.998934, -0.005991, -0.002308, -0.207426, -0.003639, 0.978244, 0.213388, 0.000000, 0.000000, 0.000000, 1.000000, -0.207426, -0.003639, 0.978244, 0.235388, -0.977179, -0.046027, -0.207372, -0.032275, 0.045780, -0.998934, 0.005991, 0.202381, 0.000000, 0.000000, 0.000000, 1.000000, -0.999695, 0.006777, 0.023751, -0.029768, 0.022892, -0.106792, 0.994018, -0.095021, 0.009273, 0.994258, 0.106604, 0.015430, 0.000000, 0.000000, 0.000000, 1.000000
32.2919, 32.1879, -2.2882, 213.4553, 235.4553, -32.1879, 202.3617, -29.9310, -94.8943, 15.4493, 0.979084, 0.046301, 0.198119, 0.032188, -0.045641, 0.998927, -0.007899, -0.002288, -0.198272, -0.001308, 0.980146, 0.213455, 0.000000, 0.000000, 0.000000, 1.000000, -0.198272, -0.001308, 0.980146, 0.235455, -0.979084, -0.046301, -0.198119, -0.032188, 0.045641, -0.998927, 0.007899, 0.202362, 0.000000, 0.000000, 0.000000, 1.000000, -0.999334, 0.006757, 0.035847, -0.029931, 0.034946, -0.104493, 0.993911, -0.094894, 0.010462, 0.994503, 0.104187, 0.015449, 0.000000, 0.000000, 0.000000, 1.000000
32.4171, 31.9927, -2.2531, 213.4075, 235.4075, -31.9927, 202.3266, -29.9584, -94.9235, 15.4644, 0.976513, 0.047154, 0.210237, 0.031993, -0.045153, 0.998878, -0.014309, -0.002253, -0.210675, 0.004480, 0.977546, 0.213407, 0.000000, 0.000000, 0.000000, 1.000000, -0.210675, 0.004480, 0.977546, 0.235407, -0.976513, -0.047154, -0.210237, -0.031993, 0.045153, -0.998878, 0.014309, 0.202327, 0.000000, 0.000000, 0.000000, 1.000000, -0.999655, 0.007061, 0.025315, -0.029958, 0.024495, -0.098710, 0.994815, -0.094923, 0.009523, 0.995091, 0.098503, 0.015464, 0.000000, 0.000000, 0.000000, 1.000000
32.5797, 31.8989, -2.2365, 213.4702, 235.4702, -31.8989, 202.3099, -30.1208, -94.8011, 15.4799, 0.977652, 0.047781, 0.204726, 0.031899, -0.045104, 0.998825, -0.017726, -0.002236, -0.205333, 0.008096, 0.978659, 0.213470, 0.000000, 0.000000, 0.000000, 1.000000, -0.205333, 0.008096, 0.978659, 0.235470, -0.977652, -0.047781, -0.204726, -0.031899, 0.045104, -0.998825, 0.017726, 0.202310, 0.000000, 0.000000, 0.000000, 1.000000, -0.999412, 0.007031, 0.033571, -0.030121, 0.032752, -0.095085, 0.994930, -0.094801, 0.010188, 0.995444, 0.094799, 0.015480, 0.000000, 0.000000, 0.000000, 1.000000
32.7432, 31.7203, -2.2395, 213.4539, 235.4539, -31.7203, 202.3129, -30.2222, -94.7719, 15.4616, 0.975111, 0.047116, 0.216654, 0.031720, -0.044830, 0.998875, -0.015456, -0.002239, -0.217139, 0.005359, 0.976126, 0.213454, 0.000000, 0.000000, 0.000000, 1.000000, -0.217139, 0.005359, 0.976126, 0.235454, -0.975111, -0.047116, -0.216654, -0.031720, 0.044830, -0.998875, 0.015456, 0.202313, 0.000000, 0.000000, 0.000000, 1.000000, -0.999681, 0.006747, 0.024355, -0.030222, 0.023578, -0.097909, 0.994916, -0.094772, 0.009098, 0.995172, 0.097719, 0.015462, 0.000000, 0.000000, 0.000000, 1.000000
32.9106, 31.6414, -2.2010, 213.5022, 235.5022, -31.6414, 202.2744, -30.4088, -94.6596, 15.4984, 0.977379, 0.048862, 0.205773, 0.031641, -0.044807, 0.998699, -0.024324, -0.002201, -0.206694, 0.014554, 0.978297, 0.213502, 0.000000, 0.000000, 0.000000, 1.000000, -0.206694, 0.014554, 0.978297, 0.235502, -0.977379, -0.048862, -0.205773, -0.031641, 0.044807, -0.998699, 0.024324, 0.202274, 0.000000, 0.000000, 0.000000, 1.000000, -0.999258, 0.007002, 0.037879, -0.030409, 0.037111, -0.088623, 0.995374, -0.094660, 0.010327, 0.996041, 0.088298, 0.015498, 0.000000, 0.000000, 0.000000, 1.000000
33.0315, 31.4768, -2.1767, 213.5175, 235.5175, -31.4768, 202.2501, -30.4441, -94.6226, 15.5114, 0.975245, 0.049354, 0.215549, 0.031477, -0.044666, 0.998649, -0.026572, -0.002177, -0.216569, 0.016287, 0.976131, 0.213518, 0.000000, 0.000000, 0.000000, 1.000000, -0.216569, 0.016287, 0.976131, 0.235518, -0.975245, -0.049354, -0.215549, -0.031477, 0.044666, -0.998649, 0.026572, 0.202250, 0.000000, 0.000000, 0.000000, 1.000000, -0.999531, 0.006762, 0.029869, -0.030444, 0.029170, -0.086843, 0.995795, -0.094623, 0.009327, 0.996199, 0.086605, 0.015511, 0.000000, 0.000000, 0.000000, 1.000000
33.1906, 31.3537, -2.1832, 213.5671, 235.5671, -31.3537, 202.2566, -30.5756, -94.5190, 15.5004, 0.975921, 0.048685, 0.212623, 0.031354, -0.044562, 0.998715, -0.024144, -0.002183, -0.213525, 0.014088, 0.976836, 0.213567, 0.000000, 0.000000, 0.000000, 1.000000, -0.213525, 0.014088, 0.976836, 0.235567, -0.975921, -0.048685, -0.212623, -0.031354, 0.044562, -0.998715, 0.024144, 0.202257, 0.000000, 0.000000, 0.000000, 1.000000, -0.999338, 0.006625, 0.035762, -0.030576, 0.035030, -0.089150, 0.995402, -0.094519, 0.009783, 0.995996, 0.088859, 0.015500, 0.000000, 0.000000, 0.000000, 1.000000
33.3149, 31.1995, -2.1604, 213.5793, 235.5793, -31.1995, 202.2338, -30.6274, -94.4809, 15.5123, 0.974245, 0.049407, 0.220012, 0.031199, -0.044363, 0.998628, -0.027813, -0.002160, -0.221085, 0.017336, 0.975101, 0.213579, 0.000000, 0.000000, 0.000000, 1.000000, -0.221085, 0.017336, 0.975101, 0.235579, -0.974245, -0.049407, -0.220012, -0.031199, 0.044363, -0.998628, 0.027813, 0.202234, 0.000000, 0.000000, 0.000000, 1.000000, -0.999524, 0.006543, 0.030160, -0.030627, 0.029488, -0.085850, 0.995872, -0.094481, 0.009105, 0.996287, 0.085616, 0.015512, 0.000000, 0.000000, 0.000000, 1.000000
33.4859, 31.1196, -2.1433, 213.6348, 235.6348, -31.1196, 202.2167, -30.8171, -94.3572, 15.5286, 0.976304, 0.049406, 0.210690, 0.031120, -0.044372, 0.998607, -0.028558, -0.002143, -0.211807, 0.018533, 0.977136, 0.213635, 0.000000, 0.000000, 0.000000, 1.000000, -0.211807, 0.018533, 0.977136, 0.235635, -0.976304, -0.049406, -0.210690, -0.031120, 0.044372, -0.998607, 0.028558, 0.202217, 0.000000, 0.000000, 0.000000, 1.000000, -0.999070, 0.006589, 0.042616, -0.030817, 0.041906, -0.084715, 0.995524, -0.094357, 0.010170, 0.996383, 0.084360, 0.015529, 0.000000, 0.000000, 0.000000, 1.000000
33.6494, 30.9391, -2.1349, 213.6554, 235.6554, -30.9391, 202.2084, -30.9062, -94.2950, 15.5251, 0.973973, 0.049799, 0.221125, 0.030939, -0.044303, 0.998575, -0.029748, -0.002135, -0.222291, 0.019177, 0.974792, 0.213655, 0.000000, 0.000000, 0.000000, 1.000000, -0.222291, 0.019177, 0.974792, 0.235655, -0.973973, -0.049799, -0.221125, -0.030939, 0.044303, -0.998575, 0.029748, 0.202208, 0.000000, 0.000000, 0.000000, 1.000000, -0.999378, 0.006133, 0.034723, -0.030906, 0.034086, -0.084013, 0.995882, -0.094295, 0.009025, 0.996446, 0.083751, 0.015525, 0.000000, 0.000000, 0.000000, 1.000000
33.7922, 30.8110, -2.1095, 213.7069, 235.7069, -30.8110, 202.1830, -31.0030, -94.2035, 15.5455, 0.974400, 0.050226, 0.219139, 0.030811, -0.044063, 0.998486, -0.032922, -0.002110, -0.220461, 0.022423, 0.975138, 0.213707, 0.000000, 0.000000, 0.000000, 1.000000, -0.220461, 0.022423, 0.975138, 0.235707, -0.974400, -0.050226, -0.219139, -0.030811, 0.044063, -0.998486, 0.032922, 0.202183, 0.000000, 0.000000, 0.000000, 1.000000, -0.999217, 0.006346, 0.039055, -0.031003, 0.038416, -0.080791, 0.995990, -0.094203, 0.009476, 0.996711, 0.080484, 0.015545, 0.000000, 0.000000, 0.000000, 1.000000
33.9592, 30.6467, -2.0953, 213.6870, 235.6870, -30.6467, 202.1688, -31.1236, -94.1752, 15.5450, 0.973003, 0.049941, 0.225323, 0.030647, -0.043665, 0.998509, -0.032756, -0.002095, -0.226623, 0.022033, 0.973733, 0.213687, 0.000000, 0.000000, 0.000000, 1.000000, -0.226623, 0.022033, 0.973733, 0.235687, -0.973003, -0.049941, -0.225323, -0.030647, 0.043665, -0.998509, 0.032756, 0.202169, 0.000000, 0.000000, 0.000000, 1.000000, -0.999345, 0.006284, 0.035637, -0.031124, 0.035010, -0.081259, 0.996078, -0.094175, 0.009155, 0.996673, 0.080986, 0.015545, 0.000000, 0.000000, 0.000000, 1.000000
34.0840, 30.5153, -2.0636, 213.6758, 235.6758, -30.5153, 202.1370, -31.2034, -94.1553, 15.5653, 0.973003, 0.051066, 0.225072, 0.030515, -0.043709, 0.998338, -0.037553, -0.002064, -0.226616, 0.026702, 0.973618, 0.213676, 0.000000, 0.000000, 0.000000, 1.000000, -0.226616, 0.026702, 0.973618, 0.235676, -0.973003, -0.051066, -0.225072, -0.030515, 0.043709, -0.998338, 0.037553, 0.202137, 0.000000, 0.000000, 0.000000, 1.000000, -0.999266, 0.006245, 0.037786, -0.031203, 0.037198, -0.076484, 0.996377, -0.094155, 0.009112, 0.997051, 0.076196, 0.015565, 0.000000, 0.000000, 0.000000, 1.000000
34.2435, 30.3677, -2.0337, 213.7040, 235.7040, -30.3677, 202.1071, -31.3145, -94.0828, 15.5864, 0.971642, 0.051847, 0.230702, 0.030368, -0.043160, 0.998162, -0.042546, -0.002034, -0.232484, 0.031382, 0.972094, 0.213704, 0.000000, 0.000000, 0.000000, 1.000000, -0.232484, 0.031382, 0.972094, 0.235704, -0.971642, -0.051847, -0.230702, -0.030368, 0.043160, -0.998162, 0.042546, 0.202107, 0.000000, 0.000000, 0.000000, 1.000000, -0.999384, 0.006517, 0.034493, -0.031314, 0.033938, -0.071790, 0.996842, -0.094083, 0.008972, 0.997398, 0.071525, 0.015586, 0.000000, 0.000000, 0.000000, 1.000000
34.3978, 30.2550, -2.0632, 213.7676, 235.7676, -30.2550, 202.1366, -31.4435, -93.9632, 15.5547, 0.972213, 0.050229, 0.228647, 0.030255, -0.043180, 0.998428, -0.035728, -0.002063, -0.230083, 0.024862, 0.972853, 0.213768, 0.000000, 0.000000, 0.000000, 1.000000, -0.230083, 0.024862, 0.972853, 0.235768, -0.972213, -0.050229, -0.228647, -0.030255, 0.043180, -0.998428, 0.035728, 0.202137, 0.000000, 0.000000, 0.000000, 1.000000, -0.999193, 0.006141, 0.039684, -0.031443, 0.039081, -0.078509, 0.996147, -0.093963, 0.009233, 0.996894, 0.078206, 0.015555, 0.000000, 0.000000, 0.000000, 1.000000
34.5450, 30.1233, -2.0294, 213.7975, 235.7975, -30.1233, 202.1029, -31.5486, -93.8922, 15.5810, 0.971346, 0.051500, 0.232021, 0.030123, -0.042907, 0.998199, -0.041935, -0.002029, -0.233763, 0.030778, 0.971806, 0.213798, 0.000000, 0.000000, 0.000000, 1.000000, -0.233763, 0.030778, 0.971806, 0.235798, -0.971346, -0.051500, -0.232021, -0.030123, 0.042907, -0.998199, 0.041935, 0.202103, 0.000000, 0.000000, 0.000000, 1.000000, -0.999242, 0.006310, 0.038421, -0.031549, 0.037863, -0.072498, 0.996650, -0.093892, 0.009075, 0.997349, 0.072204, 0.015581, 0.000000, 0.000000, 0.000000, 1.000000
34.6944, 29.9708, -2.0238, 213.7931, 235.7931, -29.9708, 202.0973, -31.6477, -93.8552, 15.5744, 0.970840, 0.051766, 0.234071, 0.029971, -0.042849, 0.998155, -0.043021, -0.002024, -0.235866, 0.031737, 0.971267, 0.213793, 0.000000, 0.000000, 0.000000, 1.000000, -0.235866, 0.031737, 0.971267, 0.235793, -0.970840, -0.051766, -0.234071, -0.029971, 0.042849, -0.998155, 0.043021, 0.202097, 0.000000, 0.000000, 0.000000, 1.000000, -0.999226, 0.006127, 0.038852, -0.031648, 0.038315, -0.071520, 0.996703, -0.093855, 0.008885, 0.997420, 0.071230, 0.015574, 0.000000, 0.000000, 0.000000, 1.000000
34.8311, 29.8463, -1.9970, 213.8049, 235.8049, -29.8463, 202.0704, -31.7475, -93.8047, 15.5926, 0.970296, 0.052283, 0.236205, 0.029846, -0.042427, 0.998011, -0.046623, -0.001997, -0.238173, 0.035216, 0.970584, 0.213805, 0.000000, 0.000000, 0.000000, 1.000000, -0.238173, 0.035216, 0.970584, 0.235805, -0.970296, -0.052283, -0.236205, -0.029846, 0.042427, -0.998011, 0.046623, 0.202070, 0.000000, 0.000000, 0.000000, 1.000000, -0.999226, 0.006412, 0.038822, -0.031747, 0.038297, -0.068053, 0.996946, -0.093805, 0.009034, 0.997661, 0.067754, 0.015593, 0.000000, 0.000000, 0.000000, 1.000000
34.9840, 29.6978, -1.9918, 213.8384, 235.8384, -29.6978, 202.0653, -31.8457, -93.7287, 15.5896, 0.969950, 0.052443, 0.237585, 0.029698, -0.042229, 0.997960, -0.047880, -0.001992, -0.239612, 0.036408, 0.970186, 0.213838, 0.000000, 0.000000, 0.000000, 1.000000, -0.239612, 0.036408, 0.970186, 0.235838, -0.969950, -0.052443, -0.237585, -0.029698, 0.042229, -0.997960, 0.047880, 0.202065, 0.000000, 0.000000, 0.000000, 1.000000, -0.999180, 0.006407, 0.039990, -0.031846, 0.039473, -0.066882, 0.996980, -0.093729, 0.009062, 0.997740, 0.066574, 0.015590, 0.000000, 0.000000, 0.000000, 1.000000
35.1690, 29.5576, -1.9785, 213.8875, 235.8875, -29.5576, 202.0519, -31.9994, -93.6185, 15.5969, 0.968950, 0.052548, 0.241607, 0.029558, -0.042036, 0.997940, -0.048464, -0.001978, -0.243656, 0.036804, 0.969163, 0.213887, 0.000000, 0.000000, 0.000000, 1.000000, -0.243656, 0.036804, 0.969163, 0.235887, -0.968950, -0.052548, -0.241607, -0.029558, 0.042036, -0.997940, 0.048464, 0.202052, 0.000000, 0.000000, 0.000000, 1.000000, -0.999218, 0.006200, 0.039040, -0.031999, 0.038542, -0.066493, 0.997042, -0.093619, 0.008778, 0.997768, 0.066202, 0.015597, 0.000000, 0.000000, 0.000000, 1.000000
35.2701, 29.4547, -1.9774, 213.9533, 235.9533, -29.4547, 202.0508, -32.0472, -93.5277, 15.5966, 0.969758, 0.052090, 0.238445, 0.029455, -0.042054, 0.998010, -0.046990, -0.001977, -0.240418, 0.035541, 0.970019, 0.213953, 0.000000, 0.000000, 0.000000, 1.000000, -0.240418, 0.035541, 0.970019, 0.235953, -0.969758, -0.052090, -0.238445, -0.029455, 0.042054, -0.998010, 0.046990, 0.202051, 0.000000, 0.000000, 0.000000, 1.000000, -0.999006, 0.006167, 0.044137, -0.032047, 0.043619, -0.067843, 0.996742, -0.093528, 0.009142, 0.997677, 0.067507, 0.015597, 0.000000, 0.000000, 0.000000, 1.000000
35.4432, 29.3124, -1.9741, 213.9868, 235.9868, -29.3124, 202.0475, -32.1838, -93.4386, 15.5922, 0.968414, 0.052560, 0.243747, 0.029312, -0.041899, 0.997933, -0.048725, -0.001974, -0.245804, 0.036973, 0.968614, 0.213987, 0.000000, 0.000000, 0.000000, 1.000000, -0.245804, 0.036973, 0.968614, 0.235987, -0.968414, -0.052560, -0.243747, -0.029312, 0.041899, -0.997933, 0.048725, 0.202048, 0.000000, 0.000000, 0.000000, 1.000000, -0.999117, 0.005918, 0.041593, -0.032184, 0.041110, -0.066356, 0.996949, -0.093439, 0.008660, 0.997778, 0.066054, 0.015592, 0.000000, 0.000000, 0.000000, 1.000000
35.5790, 29.1456, -1.9625, 213.9875, 235.9875, -29.1456, 202.0360, -32.2449, -93.4098, 15.5909, 0.967493, 0.052357, 0.247418, 0.029146, -0.041602, 0.997956, -0.048503, -0.001963, -0.249452, 0.036634, 0.967694, 0.213988, 0.000000, 0.000000, 0.000000, 1.000000, -0.249452, 0.036634, 0.967694, 0.235988, -0.967493, -0.052357, -0.247418, -0.029146, 0.041602, -0.997956, 0.048503, 0.202036, 0.000000, 0.000000, 0.000000, 1.000000, -0.999175, 0.005858, 0.040190, -0.032245, 0.039710, -0.066753, 0.996979, -0.093410, 0.008524, 0.997752, 0.066466, 0.015591, 0.000000, 0.000000, 0.000000, 1.000000
35.7526, 29.0092, -1.9421, 213.9760, 235.9760, -29.0092, 202.0155, -32.3998, -93.3638, 15.5996, 0.966268, 0.052427, 0.252145, 0.029009, -0.041147, 0.997911, -0.049805, -0.001942, -0.254230, 0.037750, 0.966407, 0.213976, 0.000000, 0.000000, 0.000000, 1.000000, -0.254230, 0.037750, 0.966407, 0.235976, -0.966268, -0.052427, -0.252145, -0.029009, 0.041147, -0.997911, 0.049805, 0.202016, 0.000000, 0.000000, 0.000000, 1.000000, -0.999250, 0.005913, 0.038259, -0.032400, 0.037789, -0.065683, 0.997125, -0.093364, 0.008409, 0.997823, 0.065410, 0.015600, 0.000000, 0.000000, 0.000000, 1.000000
35.9134, 28.8765, -1.9253, 214.0082, 236.0082, -28.8765, 201.9987, -32.5248, -93.2819, 15.6092, 0.966520, 0.053229, 0.251009, 0.028876, -0.041235, 0.997753, -0.052805, -0.001925, -0.253256, 0.040686, 0.966543, 0.214008, 0.000000, 0.000000, 0.000000, 1.000000, -0.253256, 0.040686, 0.966543, 0.236008, -0.966520, -0.053229, -0.251009, -0.028876, 0.041235, -0.997753, 0.052805, 0.201999, 0.000000, 0.000000, 0.000000, 1.000000, -0.999099, 0.005819, 0.042048, -0.032525, 0.041602, -0.062659, 0.997168, -0.093282, 0.008437, 0.998018, 0.062361, 0.015609, 0.000000, 0.000000, 0.000000, 1.000000
36.0378, 28.7320, -1.9190, 214.0518, 236.0518, -28.7320, 201.9925, -32.5762, -93.2122, 15.6086, 0.965296, 0.052968, 0.255730, 0.028732, -0.040978, 0.997807, -0.051989, -0.001919, -0.257923, 0.039705, 0.965349, 0.214052, 0.000000, 0.000000, 0.000000, 1.000000, -0.257923, 0.039705, 0.965349, 0.236052, -0.965296, -0.052968, -0.255730, -0.028732, 0.040978, -0.997807, 0.051989, 0.201992, 0.000000, 0.000000, 0.000000, 1.000000, -0.999208, 0.005644, 0.039391, -0.032576, 0.038953, -0.063686, 0.997209, -0.093212, 0.008137, 0.997954, 0.063416, 0.015609, 0.000000, 0.000000, 0.000000, 1.000000
36.1907, 28.5967, -1.9230, 214.0682, 236.0682, -28.5967, 201.9965, -32.6912, -93.1484, 15.5959, 0.965261, 0.052440, 0.255969, 0.028597, -0.040891, 0.997900, -0.050236, -0.001923, -0.258066, 0.038024, 0.965379, 0.214068, 0.000000, 0.000000, 0.000000, 1.000000, -0.258066, 0.038024, 0.965379, 0.236068, -0.965261, -0.052440, -0.255969, -0.028597, 0.040891, -0.997900, 0.050236, 0.201996, 0.000000, 0.000000, 0.000000, 1.000000, -0.999106, 0.005479, 0.041911, -0.032691, 0.041463, -0.065461, 0.996993, -0.093148, 0.008206, 0.997840, 0.065176, 0.015596, 0.000000, 0.000000, 0.000000, 1.000000
36.3476, 28.4538, -1.9104, 214.1000, 236.1000, -28.4538, 201.9838, -32.7998, -93.0720, 15.6006, 0.963365, 0.052894, 0.262924, 0.028454, -0.040647, 0.997830, -0.051805, -0.001910, -0.265094, 0.039220, 0.963425, 0.214100, 0.000000, 0.000000, 0.000000, 1.000000, -0.265094, 0.039220, 0.963425, 0.236100, -0.963365, -0.052894, -0.262924, -0.028454, 0.040647, -0.997830, 0.051805, 0.201984, 0.000000, 0.000000, 0.000000, 1.000000, -0.999288, 0.005225, 0.037358, -0.032800, 0.036947, -0.064200, 0.997253, -0.093072, 0.007609, 0.997923, 0.063961, 0.015601, 0.000000, 0.000000, 0.000000, 1.000000
36.4975, 28.3161, -1.8972, 214.0959, 236.0959, -28.3161, 201.9707, -32.9128, -93.0321, 15.6026, 0.963443, 0.053246, 0.262567, 0.028316, -0.040715, 0.997767, -0.052941, -0.001897, -0.264800, 0.040315, 0.963460, 0.214096, 0.000000, 0.000000, 0.000000, 1.000000, -0.264800, 0.040315, 0.963460, 0.236096, -0.963443, -0.053246, -0.262567, -0.028316, 0.040715, -0.997767, 0.052941, 0.201971, 0.000000, 0.000000, 0.000000, 1.000000, -0.999176, 0.005052, 0.040267, -0.032913, 0.039870, -0.063064, 0.997213, -0.093032, 0.007577, 0.997997, 0.062810, 0.015603, 0.000000, 0.000000, 0.000000, 1.000000
36.6341, 28.1948, -1.8904, 214.1569, 236.1569, -28.1948, 201.9638, -33.0002, -92.9326, 15.6061, 0.962960, 0.053097, 0.264367, 0.028195, -0.040417, 0.997767, -0.053176, -0.001890, -0.266600, 0.040522, 0.962955, 0.214157, 0.000000, 0.000000, 0.000000, 1.000000, -0.266600, 0.040522, 0.962955, 0.236157, -0.962960, -0.053097, -0.264367, -0.028195, 0.040417, -0.997767, 0.053176, 0.201964, 0.000000, 0.000000, 0.000000, 1.000000, -0.999156, 0.005106, 0.040770, -0.033000, 0.040369, -0.062925, 0.997202, -0.092933, 0.007657, 0.998005, 0.062665, 0.015606, 0.000000, 0.000000, 0.000000, 1.000000
36.8038, 28.0482, -1.8825, 214.1899, 236.1899, -28.0482, 201.9559, -33.1254, -92.8485, 15.6059, 0.962765, 0.053149, 0.265065, 0.028048, -0.040073, 0.997709, -0.054499, -0.001882, -0.267354, 0.041847, 0.962689, 0.214190, 0.000000, 0.000000, 0.000000, 1.000000, -0.267354, 0.041847, 0.962689, 0.236190, -0.962765, -0.053149, -0.265065, -0.028048, 0.040073, -0.997709, 0.054499, 0.201956, 0.000000, 0.000000, 0.000000, 1.000000, -0.999065, 0.005277, 0.042920, -0.033125, 0.042514, -0.061663, 0.997191, -0.092849, 0.007909, 0.998083, 0.061381, 0.015606, 0.000000, 0.000000, 0.000000, 1.000000
36.9527, 27.9233, -1.8865, 214.2153, 236.2153, -27.9233, 201.9600, -33.2404, -92.7756, 15.5948, 0.961821, 0.053086, 0.268482, 0.027923, -0.039986, 0.997738, -0.054032, -0.001887, -0.270743, 0.041233, 0.961768, 0.214215, 0.000000, 0.000000, 0.000000, 1.000000, -0.270743, 0.041233, 0.961768, 0.236215, -0.961821, -0.053086, -0.268482, -0.027923, 0.039986, -0.997738, 0.054032, 0.201960, 0.000000, 0.000000, 0.000000, 1.000000, -0.999105, 0.004987, 0.042002, -0.033240, 0.041610, -0.062279, 0.997191, -0.092776, 0.007588, 0.998046, 0.062016, 0.015595, 0.000000, 0.000000, 0.000000, 1.000000
37.1153, 27.7913, -1.8706, 214.2775, 236.2775, -27.7913, 201.9440, -33.3582, -92.6647, 15.6066, 0.961657, 0.053769, 0.268933, 0.027791, -0.039698, 0.997556, -0.057492, -0.001871, -0.271367, 0.044612, 0.961441, 0.214277, 0.000000, 0.000000, 0.000000, 1.000000, -0.271367, 0.044612, 0.961441, 0.236277, -0.961657, -0.053769, -0.268933, -0.027791, 0.039698, -0.997556, 0.057492, 0.201944, 0.000000, 0.000000, 0.000000, 1.000000, -0.999011, 0.005214, 0.044154, -0.033358, 0.043772, -0.058872, 0.997305, -0.092665, 0.007799, 0.998252, 0.058585, 0.015607, 0.000000, 0.000000, 0.000000, 1.000000
37.2625, 27.6397, -1.8594, 214.3085, 236.3085, -27.6397, 201.9328, -33.4422, -92.5976, 15.6091, 0.960004, 0.053786, 0.274770, 0.027640, -0.039362, 0.997555, -0.057748, -0.001859, -0.277204, 0.044623, 0.959774, 0.214309, 0.000000, 0.000000, 0.000000, 1.000000, -0.277204, 0.044623, 0.959774, 0.236309, -0.960004, -0.053786, -0.274770, -0.027640, 0.039362, -0.997555, 0.057748, 0.201933, 0.000000, 0.000000, 0.000000, 1.000000, -0.999161, 0.005050, 0.040647, -0.033442, 0.040280, -0.058869, 0.997453, -0.092598, 0.007430, 0.998253, 0.058616, 0.015609, 0.000000, 0.000000, 0.000000, 1.000000
37.3966, 27.4990, -1.8530, 214.3091, 236.3091, -27.4990, 201.9264, -33.5250, -92.5632, 15.6047, 0.959959, 0.053580, 0.274968, 0.027499, -0.039013, 0.997544, -0.058178, -0.001853, -0.277409, 0.045121, 0.959692, 0.214309, 0.000000, 0.000000, 0.000000, 1.000000, -0.277409, 0.045121, 0.959692, 0.236309, -0.959959, -0.053580, -0.274968, -0.027499, 0.039013, -0.997544, 0.058178, 0.201926, 0.000000, 0.000000, 0.000000, 1.000000, -0.999072, 0.005266, 0.042749, -0.033525, 0.042369, -0.058474, 0.997389, -0.092563, 0.007752, 0.998275, 0.058196, 0.015605, 0.000000, 0.000000, 0.000000, 1.000000
37.5425, 27.3829, -1.8575, 214.3797, 236.3797, -27.3829, 201.9309, -33.6282, -92.4469, 15.5983, 0.959370, 0.053451, 0.277043, 0.027383, -0.039028, 0.997593, -0.057318, -0.001857, -0.279440, 0.044176, 0.959146, 0.214380, 0.000000, 0.000000, 0.000000, 1.000000, -0.279440, 0.044176, 0.959146, 0.236380, -0.959370, -0.053451, -0.277043, -0.027383, 0.039028, -0.997593, 0.057318, 0.201931, 0.000000, 0.000000, 0.000000, 1.000000, -0.999055, 0.004938, 0.043185, -0.033628, 0.042816, -0.059423, 0.997314, -0.092447, 0.007491, 0.998221, 0.059156, 0.015598, 0.000000, 0.000000, 0.000000, 1.000000
37.7042, 27.2158, -1.8260, 214.3936, 236.3936, -27.2158, 201.8995, -33.7253, -92.3953, 15.6180, 0.958252, 0.054353, 0.280710, 0.027216, -0.038887, 0.997418, -0.060381, -0.001826, -0.283267, 0.046944, 0.957892, 0.214394, 0.000000, 0.000000, 0.000000, 1.000000, -0.283267, 0.046944, 0.957892, 0.236394, -0.958252, -0.054353, -0.280710, -0.027216, 0.038887, -0.997418, 0.060381, 0.201899, 0.000000, 0.000000, 0.000000, 1.000000, -0.999106, 0.004805, 0.042002, -0.033725, 0.041664, -0.056525, 0.997531, -0.092395, 0.007168, 0.998390, 0.056275, 0.015618, 0.000000, 0.000000, 0.000000, 1.000000
37.8479, 27.0922, -1.8156, 214.3963, 236.3963, -27.0922, 201.8891, -33.8388, -92.3485, 15.6191, 0.957422, 0.054327, 0.283533, 0.027092, -0.038589, 0.997404, -0.060804, -0.001816, -0.286100, 0.047274, 0.957033, 0.214396, 0.000000, 0.000000, 0.000000, 1.000000, -0.286100, 0.047274, 0.957033, 0.236396, -0.957422, -0.054327, -0.283533, -0.027092, 0.038589, -0.997404, 0.060804, 0.201889, 0.000000, 0.000000, 0.000000, 1.000000, -0.999125, 0.004795, 0.041540, -0.033839, 0.041205, -0.056234, 0.997567, -0.092349, 0.007120, 0.998406, 0.055987, 0.015619, 0.000000, 0.000000, 0.000000, 1.000000
37.9907, 26.9551, -1.8173, 214.4393, 236.4393, -26.9551, 201.8907, -33.9255, -92.2674, 15.6111, 0.956469, 0.053747, 0.286843, 0.026955, -0.038352, 0.997519, -0.059025, -0.001817, -0.289304, 0.045455, 0.956158, 0.214439, 0.000000, 0.000000, 0.000000, 1.000000, -0.289304, 0.045455, 0.956158, 0.236439, -0.956469, -0.053747, -0.286843, -0.026955, 0.038352, -0.997519, 0.059025, 0.201891, 0.000000, 0.000000, 0.000000, 1.000000, -0.999161, 0.004610, 0.040688, -0.033926, 0.040352, -0.058155, 0.997492, -0.092267, 0.006965, 0.998297, 0.057920, 0.015611, 0.000000, 0.000000, 0.000000, 1.000000
38.1375, 26.8376, -1.8192, 214.5373, 236.5373, -26.8376, 201.8927, -34.0187, -92.1260, 15.6098, 0.956669, 0.053685, 0.286185, 0.026838, -0.038416, 0.997536, -0.058709, -0.001819, -0.288631, 0.045171, 0.956374, 0.214537, 0.000000, 0.000000, 0.000000, 1.000000, -0.288631, 0.045171, 0.956374, 0.236537, -0.956669, -0.053685, -0.286185, -0.026838, 0.038416, -0.997536, 0.058709, 0.201893, 0.000000, 0.000000, 0.000000, 1.000000, -0.999024, 0.004426, 0.043948, -0.034019, 0.043615, -0.058455, 0.997337, -0.092126, 0.006983, 0.998280, 0.058205, 0.015610, 0.000000, 0.000000, 0.000000, 1.000000
38.2997, 26.7131, -1.8044, 214.5783, 236.5783, -26.7131, 201.8778, -34.1477, -92.0334, 15.6191, 0.955715, 0.054263, 0.289248, 0.026713, -0.038096, 0.997396, -0.061240, -0.001804, -0.291818, 0.047509, 0.955293, 0.214578, 0.000000, 0.000000, 0.000000, 1.000000, -0.291818, 0.047509, 0.955293, 0.236578, -0.955715, -0.054263, -0.289248, -0.026713, 0.038096, -0.997396, 0.061240, 0.201878, 0.000000, 0.000000, 0.000000, 1.000000, -0.999047, 0.004489, 0.043423, -0.034148, 0.043104, -0.056070, 0.997496, -0.092033, 0.006913, 0.998417, 0.055823, 0.015619, 0.000000, 0.000000, 0.000000, 1.000000
38.4521, 26.5687, -1.7954, 214.6036, 236.6036, -26.5687, 201.8689, -34.2478, -91.9670, 15.6193, 0.955464, 0.054265, 0.290076, 0.026569, -0.037901, 0.997372, -0.061742, -0.001795, -0.292664, 0.047998, 0.955010, 0.214604, 0.000000, 0.000000, 0.000000, 1.000000, -0.292664, 0.047998, 0.955010, 0.236604, -0.955464, -0.054265, -0.290076, -0.026569, 0.037901, -0.997372, 0.061742, 0.201869, 0.000000, 0.000000, 0.000000, 1.000000, -0.998969, 0.004502, 0.045184, -0.034248, 0.044864, -0.055620, 0.997444, -0.091967, 0.007003, 0.998442, 0.055360, 0.015619, 0.000000, 0.000000, 0.000000, 1.000000
38.5849, 26.4156, -1.7954, 214.6385, 236.6385, -26.4156, 201.8689, -34.3050, -91.9056, 15.6110, 0.953883, 0.054083, 0.295266, 0.026416, -0.037884, 0.997460, -0.060316, -0.001795, -0.297778, 0.046348, 0.953509, 0.214638, 0.000000, 0.000000, 0.000000, 1.000000, -0.297778, 0.046348, 0.953509, 0.236638, -0.953883, -0.054083, -0.295266, -0.026416, 0.037884, -0.997460, 0.060316, 0.201869, 0.000000, 0.000000, 0.000000, 1.000000, -0.999103, 0.003990, 0.042163, -0.034305, 0.041866, -0.057245, 0.997482, -0.091906, 0.006394, 0.998352, 0.057026, 0.015611, 0.000000, 0.000000, 0.000000, 1.000000
38.7475, 26.2868, -1.7810, 214.6401, 236.6401, -26.2868, 201.8545, -34.4436, -91.8511, 15.6155, 0.953706, 0.054613, 0.295740, 0.026287, -0.037729, 0.997331, -0.062504, -0.001781, -0.298365, 0.048453, 0.953221, 0.214640, 0.000000, 0.000000, 0.000000, 1.000000, -0.298365, 0.048453, 0.953221, 0.236640, -0.953706, -0.054613, -0.295740, -0.026287, 0.037729, -0.997331, 0.062504, 0.201854, 0.000000, 0.000000, 0.000000, 1.000000, -0.999007, 0.004042, 0.044364, -0.034444, 0.044075, -0.055096, 0.997508, -0.091851, 0.006476, 0.998473, 0.054863, 0.015616, 0.000000, 0.000000, 0.000000, 1.000000
38.8912, 26.1727, -1.7866, 214.7067, 236.7067, -26.1727, 201.8600, -34.5442, -91.7399, 15.6078, 0.952977, 0.053877, 0.298215, 0.026173, -0.037561, 0.997481, -0.060180, -0.001787, -0.300706, 0.046149, 0.952600, 0.214707, 0.000000, 0.000000, 0.000000, 1.000000, -0.300706, 0.046149, 0.952600, 0.236707, -0.952977, -0.053877, -0.298215, -0.026173, 0.037561, -0.997481, 0.060180, 0.201860, 0.000000, 0.000000, 0.000000, 1.000000, -0.999006, 0.003810, 0.044420, -0.034544, 0.044128, -0.057524, 0.997368, -0.091740, 0.006355, 0.998337, 0.057298, 0.015608, 0.000000, 0.000000, 0.000000, 1.000000
39.0454, 26.0019, -1.7763, 214.7311, 236.7311, -26.0019, 201.8497, -34.6220, -91.6829, 15.6073, 0.951910, 0.054395, 0.301510, 0.026002, -0.037493, 0.997398, -0.061569, -0.001776, -0.304075, 0.047304, 0.951473, 0.214731, 0.000000, 0.000000, 0.000000, 1.000000, -0.304075, 0.047304, 0.951473, 0.236731, -0.951910, -0.054395, -0.301510, -0.026002, 0.037493, -0.997398, 0.061569, 0.201850, 0.000000, 0.000000, 0.000000, 1.000000, -0.999044, 0.003565, 0.043573, -0.034622, 0.043304, -0.056270, 0.997476, -0.091683, 0.006008, 0.998409, 0.056062, 0.015607, 0.000000, 0.000000, 0.000000, 1.000000
39.2005, 25.8879, -1.7810, 214.8329, 236.8329, -25.8879, 201.8545, -34.7281, -91.5323, 15.6039, 0.951344, 0.054115, 0.303341, 0.025888, -0.037105, 0.997413, -0.061567, -0.001781, -0.305888, 0.047316, 0.950891, 0.214833, 0.000000, 0.000000, 0.000000, 1.000000, -0.305888, 0.047316, 0.950891, 0.236833, -0.951344, -0.054115, -0.303341, -0.025888, 0.037105, -0.997413, 0.061567, 0.201854, 0.000000, 0.000000, 0.000000, 1.000000, -0.999009, 0.003679, 0.044356, -0.034728, 0.044079, -0.056366, 0.997437, -0.091532, 0.006170, 0.998403, 0.056148, 0.015604, 0.000000, 0.000000, 0.000000, 1.000000
39.3469, 25.7589, -1.7729, 214.8568, 236.8568, -25.7589, 201.8463, -34.8323, -91.4663, 15.6044, 0.950989, 0.054363, 0.304407, 0.025759, -0.037247, 0.997396, -0.061759, -0.001773, -0.306972, 0.047394, 0.950538, 0.214857, 0.000000, 0.000000, 0.000000, 1.000000, -0.306972, 0.047394, 0.950538, 0.236857, -0.950989, -0.054363, -0.304407, -0.025759, 0.037247, -0.997396, 0.061759, 0.201846, 0.000000, 0.000000, 0.000000, 1.000000, -0.998946, 0.003331, 0.045774, -0.034832, 0.045515, -0.056215, 0.997381, -0.091466, 0.005895, 0.998413, 0.056004, 0.015604, 0.000000, 0.000000, 0.000000, 1.000000
39.4901, 25.6087, -1.7683, 214.8846, 236.8846, -25.6087, 201.8417, -34.9105, -91.4057, 15.6001, 0.949786, 0.054013, 0.308203, 0.025609, -0.036624, 0.997408, -0.061934, -0.001768, -0.310749, 0.047537, 0.949302, 0.214885, 0.000000, 0.000000, 0.000000, 1.000000, -0.310749, 0.047537, 0.949302, 0.236885, -0.949786, -0.054013, -0.308203, -0.025609, 0.036624, -0.997408, 0.061934, 0.201842, 0.000000, 0.000000, 0.000000, 1.000000, -0.999013, 0.003568, 0.044277, -0.034910, 0.044007, -0.056213, 0.997449, -0.091406, 0.006047, 0.998412, 0.056000, 0.015600, 0.000000, 0.000000, 0.000000, 1.000000
39.6505, 25.4586, -1.7435, 214.8568, 236.8568, -25.4586, 201.8170, -35.0350, -91.3887, 15.6104, 0.948409, 0.054640, 0.312306, 0.025459, -0.036505, 0.997306, -0.063627, -0.001744, -0.314941, 0.048944, 0.947848, 0.214857, 0.000000, 0.000000, 0.000000, 1.000000, -0.314941, 0.048944, 0.947848, 0.236857, -0.948409, -0.054640, -0.312306, -0.025459, 0.036505, -0.997306, 0.063627, 0.201817, 0.000000, 0.000000, 0.000000, 1.000000, -0.999084, 0.003321, 0.042657, -0.035035, 0.042412, -0.054684, 0.997603, -0.091389, 0.005645, 0.998498, 0.054493, 0.015610, 0.000000, 0.000000, 0.000000, 1.000000
39.8123, 25.3356, -1.7384, 214.8895, 236.8895, -25.3356, 201.8118, -35.1662, -91.3029, 15.6093, 0.948269, 0.054533, 0.312749, 0.025336, -0.036058, 0.997262, -0.064561, -0.001738, -0.315414, 0.049945, 0.947639, 0.214889, 0.000000, 0.000000, 0.000000, 1.000000, -0.315414, 0.049945, 0.947639, 0.236889, -0.948269, -0.054533, -0.312749, -0.025336, 0.036058, -0.997262, 0.064561, 0.201812, 0.000000, 0.000000, 0.000000, 1.000000, -0.998983, 0.003623, 0.044950, -0.035166, 0.044691, -0.053796, 0.997551, -0.091303, 0.006032, 0.998545, 0.053579, 0.015609, 0.000000, 0.000000, 0.000000, 1.000000
39.9480, 25.1929, -1.7312, 214.9128, 236.9128, -25.1929, 201.8046, -35.2408, -91.2491, 15.6078, 0.946634, 0.054825, 0.317612, 0.025193, -0.035994, 0.997245, -0.064863, -0.001731, -0.320293, 0.049970, 0.946000, 0.214913, 0.000000, 0.000000, 0.000000, 1.000000, -0.320293, 0.049970, 0.946000, 0.236913, -0.946634, -0.054825, -0.317612, -0.025193, 0.035994, -0.997245, 0.064863, 0.201805, 0.000000, 0.000000, 0.000000, 1.000000, -0.999105, 0.003231, 0.042179, -0.035241, 0.041945, -0.053676, 0.997677, -0.091249, 0.005488, 0.998553, 0.053492, 0.015608, 0.000000, 0.000000, 0.000000, 1.000000
40.1098, 25.0730, -1.7191, 214.9804, 236.9804, -25.0730, 201.7926, -35.3616, -91.1308, 15.6172, 0.947006, 0.054343, 0.316586, 0.025073, -0.035671, 0.997281, -0.064485, -0.001719, -0.319230, 0.049775, 0.946369, 0.214980, 0.000000, 0.000000, 0.000000, 1.000000, -0.319230, 0.049775, 0.946369, 0.236980, -0.947006, -0.054343, -0.316586, -0.025073, 0.035671, -0.997281, 0.064485, 0.201793, 0.000000, 0.000000, 0.000000, 1.000000, -0.998931, 0.003459, 0.046098, -0.035362, 0.045844, -0.054042, 0.997486, -0.091131, 0.005942, 0.998533, 0.053825, 0.015617, 0.000000, 0.000000, 0.000000, 1.000000
40.2464, 24.9405, -1.7359, 215.0175, 237.0175, -24.9405, 201.8093, -35.4427, -91.0572, 15.5940, 0.945731, 0.054055, 0.320425, 0.024941, -0.035764, 0.997391, -0.062700, -0.001736, -0.322978, 0.047837, 0.945197, 0.215018, 0.000000, 0.000000, 0.000000, 1.000000, -0.322978, 0.047837, 0.945197, 0.237018, -0.945731, -0.054055, -0.320425, -0.024941, 0.035764, -0.997391, 0.062700, 0.201809, 0.000000, 0.000000, 0.000000, 1.000000, -0.999003, 0.002896, 0.044543, -0.035443, 0.044311, -0.055960, 0.997449, -0.091057, 0.005381, 0.998429, 0.055776, 0.015594, 0.000000, 0.000000, 0.000000, 1.000000
40.4130, 24.8000, -1.6993, 215.0675, 237.0675, -24.8000, 201.7728, -35.5569, -90.9628, 15.6244, 0.945318, 0.054758, 0.321520, 0.024800, -0.035427, 0.997212, -0.065674, -0.001699, -0.324220, 0.050692, 0.944623, 0.215067, 0.000000, 0.000000, 0.000000, 1.000000, -0.324220, 0.050692, 0.944623, 0.237067, -0.945318, -0.054758, -0.321520, -0.024800, 0.035427, -0.997212, 0.065674, 0.201773, 0.000000, 0.000000, 0.000000, 1.000000, -0.998932, 0.003122, 0.046107, -0.035557, 0.045877, -0.053053, 0.997537, -0.090963, 0.005561, 0.998587, 0.052853, 0.015624, 0.000000, 0.000000, 0.000000, 1.000000
40.5378, 24.6576, -1.7138, 215.1088, 237.1088, -24.6576, 201.7872, -35.6081, -90.8969, 15.6032, 0.943720, 0.054521, 0.326220, 0.024658, -0.035430, 0.997309, -0.064183, -0.001714, -0.328842, 0.049013, 0.943112, 0.215109, 0.000000, 0.000000, 0.000000, 1.000000, -0.328842, 0.049013, 0.943112, 0.237109, -0.943720, -0.054521, -0.326220, -0.024658, 0.035430, -0.997309, 0.064183, 0.201787, 0.000000, 0.000000, 0.000000, 1.000000, -0.999054, 0.002610, 0.043410, -0.035608, 0.043202, -0.054709, 0.997567, -0.090897, 0.004979, 0.998499, 0.054544, 0.015603, 0.000000, 0.000000, 0.000000, 1.000000
40.7087, 24.5384, -1.6983, 215.1429, 237.1429, -24.5384, 201.7718, -35.7553, -90.8043, 15.6127, 0.943196, 0.054914, 0.327668, 0.024538, -0.035364, 0.997237, -0.065331, -0.001698, -0.330350, 0.050032, 0.942531, 0.215143, 0.000000, 0.000000, 0.000000, 1.000000, -0.330350, 0.050032, 0.942531, 0.237143, -0.943196, -0.054914, -0.327668, -0.024538, 0.035364, -0.997237, 0.065331, 0.201772, 0.000000, 0.000000, 0.000000, 1.000000, -0.998994, 0.002459, 0.044787, -0.035755, 0.044591, -0.053623, 0.997565, -0.090804, 0.004855, 0.998558, 0.053459, 0.015613, 0.000000, 0.000000, 0.000000, 1.000000
40.8454, 24.4133, -1.6949, 215.2189, 237.2189, -24.4133, 201.7683, -35.8273, -90.6952, 15.6140, 0.942937, 0.054289, 0.328514, 0.024413, -0.035040, 0.997319, -0.064236, -0.001695, -0.331121, 0.049060, 0.942312, 0.215219, 0.000000, 0.000000, 0.000000, 1.000000, -0.331121, 0.049060, 0.942312, 0.237219, -0.942937, -0.054289, -0.328514, -0.024413, 0.035040, -0.997319, 0.064236, 0.201768, 0.000000, 0.000000, 0.000000, 1.000000, -0.998923, 0.002549, 0.046338, -0.035827, 0.046129, -0.054765, 0.997433, -0.090695, 0.005080, 0.998496, 0.054589, 0.015614, 0.000000, 0.000000, 0.000000, 1.000000
41.0186, 24.2685, -1.6896, 215.2580, 237.2580, -24.2685, 201.7631, -35.9522, -90.6048, 15.6119, 0.941233, 0.054416, 0.333346, 0.024268, -0.034850, 0.997315, -0.064404, -0.001690, -0.335956, 0.049002, 0.940602, 0.215258, 0.000000, 0.000000, 0.000000, 1.000000, -0.335956, 0.049002, 0.940602, 0.237258, -0.941233, -0.054416, -0.333346, -0.024268, 0.034850, -0.997315, 0.064404, 0.201763, 0.000000, 0.000000, 0.000000, 1.000000, -0.999019, 0.002244, 0.044229, -0.035952, 0.044040, -0.054778, 0.997527, -0.090605, 0.004661, 0.998496, 0.054625, 0.015612, 0.000000, 0.000000, 0.000000, 1.000000
41.1557, 24.1282, -1.6818, 215.3235, 237.3235, -24.1282, 201.7553, -36.0141, -90.5116, 15.6153, 0.940989, 0.054835, 0.333967, 0.024128, -0.034622, 0.997207, -0.066185, -0.001682, -0.336663, 0.050717, 0.940258, 0.215323, 0.000000, 0.000000, 0.000000, 1.000000, -0.336663, 0.050717, 0.940258, 0.237323, -0.940989, -0.054835, -0.333967, -0.024128, 0.034622, -0.997207, 0.066185, 0.201755, 0.000000, 0.000000, 0.000000, 1.000000, -0.998945, 0.002372, 0.045852, -0.036014, 0.045662, -0.053036, 0.997548, -0.090512, 0.004798, 0.998590, 0.052872, 0.015615, 0.000000, 0.000000, 0.000000, 1.000000
41.3161, 24.0163, -1.6766, 215.3916, 237.3916, -24.0163, 201.7500, -36.1378, -90.3905, 15.6187, 0.940283, 0.054795, 0.335956, 0.024016, -0.034088, 0.997155, -0.067232, -0.001677, -0.338684, 0.051765, 0.939475, 0.215392, 0.000000, 0.000000, 0.000000, 1.000000, -0.338684, 0.051765, 0.939475, 0.237392, -0.940283, -0.054795, -0.335956, -0.024016, 0.034088, -0.997155, 0.067232, 0.201750, 0.000000, 0.000000, 0.000000, 1.000000, -0.998916, 0.002660, 0.046473, -0.036138, 0.046272, -0.052089, 0.997570, -0.090390, 0.005074, 0.998639, 0.051909, 0.015619, 0.000000, 0.000000, 0.000000, 1.000000
41.4690, 23.8710, -1.6738, 215.4343, 237.4343, -23.8710, 201.7473, -36.2284, -90.3098, 15.6145, 0.939701, 0.054652, 0.337603, 0.023871, -0.033745, 0.997149, -0.067493, -0.001674, -0.340329, 0.052031, 0.938866, 0.215434, 0.000000, 0.000000, 0.000000, 1.000000, -0.340329, 0.052031, 0.938866, 0.237434, -0.939701, -0.054652, -0.337603, -0.023871, 0.033745, -0.997149, 0.067493, 0.201747, 0.000000, 0.000000, 0.000000, 1.000000, -0.998873, 0.002755, 0.047373, -0.036228, 0.047167, -0.051905, 0.997538, -0.090310, 0.005207, 0.998648, 0.051716, 0.015614, 0.000000, 0.000000, 0.000000, 1.000000
41.6048, 23.7444, -1.6674, 215.4781, 237.4781, -23.7444, 201.7408, -36.3085, -90.2325, 15.6154, 0.938700, 0.054718, 0.340365, 0.023744, -0.033765, 0.997169, -0.067187, -0.001667, -0.343078, 0.051576, 0.937890, 0.215478, 0.000000, 0.000000, 0.000000, 1.000000, -0.343078, 0.051576, 0.937890, 0.237478, -0.938700, -0.054718, -0.340365, -0.023744, 0.033765, -0.997169, 0.067187, 0.201741, 0.000000, 0.000000, 0.000000, 1.000000, -0.998900, 0.002396, 0.046824, -0.036309, 0.046635, -0.052306, 0.997542, -0.090233, 0.004839, 0.998628, 0.052137, 0.015615, 0.000000, 0.000000, 0.000000, 1.000000
41.7318, 23.6184, -1.6535, 215.5208, 237.5208, -23.6184, 201.7269, -36.3753, -90.1626, 15.6237, 0.937970, 0.054851, 0.342350, 0.023618, -0.033594, 0.997139, -0.067721, -0.001653, -0.345085, 0.052019, 0.937129, 0.215521, 0.000000, 0.000000, 0.000000, 1.000000, -0.345085, 0.052019, 0.937129, 0.237521, -0.937970, -0.054851, -0.342350, -0.023618, 0.033594, -0.997139, 0.067721, 0.201727, 0.000000, 0.000000, 0.000000, 1.000000, -0.998897, 0.002328, 0.046894, -0.036375, 0.046711, -0.051850, 0.997562, -0.090163, 0.004754, 0.998652, 0.051684, 0.015624, 0.000000, 0.000000, 0.000000, 1.000000
41.9027, 23.4820, -1.6466, 215.5987, 237.5987, -23.4820, 201.7200, -36.4881, -90.0358, 15.6278, 0.937373, 0.054671, 0.344011, 0.023482, -0.033547, 0.997185, -0.067064, -0.001647, -0.346709, 0.051323, 0.936568, 0.215599, 0.000000, 0.000000, 0.000000, 1.000000, -0.346709, 0.051323, 0.936568, 0.237599, -0.937373, -0.054671, -0.344011, -0.023482, 0.033547, -0.997185, 0.067064, 0.201720, 0.000000, 0.000000, 0.000000, 1.000000, -0.998838, 0.002069, 0.048145, -0.036488, 0.047969, -0.052569, 0.997465, -0.090036, 0.004594, 0.998615, 0.052408, 0.015628, 0.000000, 0.000000, 0.000000, 1.000000
42.0557, 23.3446, -1.6312, 215.5736, 237.5736, -23.3446, 201.7047, -36.6114, -90.0161, 15.6300, 0.935547, 0.055509, 0.348814, 0.023345, -0.033107, 0.997007, -0.069865, -0.001631, -0.351648, 0.053814, 0.934584, 0.215574, 0.000000, 0.000000, 0.000000, 1.000000, -0.351648, 0.053814, 0.934584, 0.237574, -0.935547, -0.055509, -0.348814, -0.023345, 0.033107, -0.997007, 0.069865, 0.201705, 0.000000, 0.000000, 0.000000, 1.000000, -0.998961, 0.002134, 0.045523, -0.036611, 0.045360, -0.049952, 0.997721, -0.090016, 0.004403, 0.998749, 0.049803, 0.015630, 0.000000, 0.000000, 0.000000, 1.000000
42.1958, 23.2093, -1.6389, 215.6551, 237.6551, -23.2093, 201.7123, -36.6753, -89.9036, 15.6200, 0.935715, 0.054802, 0.348475, 0.023209, -0.033248, 0.997162, -0.067540, -0.001639, -0.351188, 0.051612, 0.934881, 0.215655, 0.000000, 0.000000, 0.000000, 1.000000, -0.351188, 0.051612, 0.934881, 0.237655, -0.935715, -0.054802, -0.348475, -0.023209, 0.033248, -0.997162, 0.067540, 0.201712, 0.000000, 0.000000, 0.000000, 1.000000, -0.998823, 0.001793, 0.048467, -0.036675, 0.048307, -0.052261, 0.997464, -0.089904, 0.004322, 0.998632, 0.052113, 0.015620, 0.000000, 0.000000, 0.000000, 1.000000
42.3677, 23.0949, -1.6333, 215.7590, 237.7590, -23.0949, 201.7067, -36.7983, -89.7442, 15.6270, 0.934568, 0.054299, 0.351615, 0.023095, -0.032819, 0.997229, -0.066768, -0.001633, -0.354266, 0.050859, 0.933761, 0.215759, 0.000000, 0.000000, 0.000000, 1.000000, -0.354266, 0.050859, 0.933761, 0.237759, -0.934568, -0.054299, -0.351615, -0.023095, 0.032819, -0.997229, 0.066768, 0.201707, 0.000000, 0.000000, 0.000000, 1.000000, -0.998838, 0.001799, 0.048157, -0.036798, 0.047994, -0.053158, 0.997432, -0.089744, 0.004355, 0.998584, 0.053010, 0.015627, 0.000000, 0.000000, 0.000000, 1.000000
42.5048, 22.9342, -1.6227, 215.7339, 237.7339, -22.9342, 201.6961, -36.8756, -89.7435, 15.6227, 0.932940, 0.054733, 0.355848, 0.022934, -0.032822, 0.997191, -0.067328, -0.001623, -0.358534, 0.051134, 0.932115, 0.215734, 0.000000, 0.000000, 0.000000, 1.000000, -0.358534, 0.051134, 0.932115, 0.237734, -0.932940, -0.054733, -0.355848, -0.022934, 0.032822, -0.997191, 0.067328, 0.201696, 0.000000, 0.000000, 0.000000, 1.000000, -0.998941, 0.001383, 0.045991, -0.036876, 0.045855, -0.052736, 0.997555, -0.089743, 0.003805, 0.998608, 0.052617, 0.015623, 0.000000, 0.000000, 0.000000, 1.000000
42.6656, 22.8137, -1.6146, 215.8003, 237.8003, -22.8137, 201.6881, -36.9902, -89.6280, 15.6280, 0.932615, 0.055357, 0.356603, 0.022814, -0.032591, 0.997046, -0.069542, -0.001615, -0.359399, 0.053234, 0.931664, 0.215800, 0.000000, 0.000000, 0.000000, 1.000000, -0.359399, 0.053234, 0.931664, 0.237800, -0.932615, -0.055357, -0.356603, -0.022814, 0.032591, -0.997046, 0.069542, 0.201688, 0.000000, 0.000000, 0.000000, 1.000000, -0.998853, 0.001508, 0.047852, -0.036990, 0.047714, -0.050564, 0.997580, -0.089628, 0.003924, 0.998720, 0.050434, 0.015628, 0.000000, 0.000000, 0.000000, 1.000000
42.8124, 22.6696, -1.6140, 215.8192, 237.8192, -22.6696, 201.6874, -37.0803, -89.5735, 15.6194, 0.930817, 0.055220, 0.361290, 0.022670, -0.032287, 0.997079, -0.069212, -0.001614, -0.364057, 0.052759, 0.929881, 0.215819, 0.000000, 0.000000, 0.000000, 1.000000, -0.364057, 0.052759, 0.929881, 0.237819, -0.930817, -0.055220, -0.361290, -0.022670, 0.032287, -0.997079, 0.069212, 0.201687, 0.000000, 0.000000, 0.000000, 1.000000, -0.998967, 0.001312, 0.045412, -0.037080, 0.045286, -0.051058, 0.997668, -0.089573, 0.003628, 0.998695, 0.050946, 0.015619, 0.000000, 0.000000, 0.000000, 1.000000
42.9693, 22.5355, -1.6183, 215.9217, 237.9217, -22.5355, 201.6918, -37.1614, -89.4320, 15.6149, 0.930761, 0.054654, 0.361521, 0.022536, -0.032096, 0.997161, -0.068115, -0.001618, -0.364217, 0.051795, 0.929873, 0.215922, 0.000000, 0.000000, 0.000000, 1.000000, -0.364217, 0.051795, 0.929873, 0.237922, -0.930761, -0.054654, -0.361521, -0.022536, 0.032096, -0.997161, 0.068115, 0.201692, 0.000000, 0.000000, 0.000000, 1.000000, -0.998848, 0.001297, 0.047963, -0.037161, 0.047830, -0.052174, 0.997492, -0.089432, 0.003796, 0.998637, 0.052051, 0.015615, 0.000000, 0.000000, 0.000000, 1.000000
43.1016, 22.4119, -1.6070, 215.9623, 237.9623, -22.4119, 201.6805, -37.2381, -89.3605, 15.6206, 0.929469, 0.054995, 0.364779, 0.022412, -0.032230, 0.997150, -0.068210, -0.001607, -0.367491, 0.051642, 0.928592, 0.215962, 0.000000, 0.000000, 0.000000, 1.000000, -0.367491, 0.051642, 0.928592, 0.237962, -0.929469, -0.054995, -0.364779, -0.022412, 0.032230, -0.997150, 0.068210, 0.201680, 0.000000, 0.000000, 0.000000, 1.000000, -0.998905, 0.000803, 0.046767, -0.037238, 0.046662, -0.052177, 0.997547, -0.089361, 0.003241, 0.998638, 0.052082, 0.015621, 0.000000, 0.000000, 0.000000, 1.000000
43.2615, 22.2792, -1.6043, 216.0170, 238.0170, -22.2792, 201.6778, -37.3440, -89.2611, 15.6185, 0.928749, 0.055148, 0.366583, 0.022279, -0.032014, 0.997110, -0.068896, -0.001604, -0.369323, 0.052251, 0.927831, 0.216017, 0.000000, 0.000000, 0.000000, 1.000000, -0.369323, 0.052251, 0.927831, 0.238017, -0.928749, -0.055148, -0.366583, -0.022279, 0.032014, -0.997110, 0.068896, 0.201678, 0.000000, 0.000000, 0.000000, 1.000000, -0.998867, 0.000768, 0.047576, -0.037344, 0.047473, -0.051560, 0.997541, -0.089261, 0.003219, 0.998670, 0.051465, 0.015618, 0.000000, 0.000000, 0.000000, 1.000000
43.4268, 22.1500, -1.5980, 216.0622, 238.0622, -22.1500, 201.6715, -37.4648, -89.1658, 15.6193, 0.927876, 0.055150, 0.368787, 0.022150, -0.031530, 0.997064, -0.069776, -0.001598, -0.371552, 0.053116, 0.926891, 0.216062, 0.000000, 0.000000, 0.000000, 1.000000, -0.371552, 0.053116, 0.926891, 0.238062, -0.927876, -0.055150, -0.368787, -0.022150, 0.031530, -0.997064, 0.069776, 0.201671, 0.000000, 0.000000, 0.000000, 1.000000, -0.998845, 0.000976, 0.048032, -0.037465, 0.047921, -0.050773, 0.997560, -0.089166, 0.003412, 0.998710, 0.050668, 0.015619, 0.000000, 0.000000, 0.000000, 1.000000
43.5524, 22.0272, -1.6010, 216.1014, 238.1014, -22.0272, 201.6744, -37.5325, -89.0982, 15.6108, 0.926588, 0.055026, 0.372030, 0.022027, -0.031437, 0.997109, -0.069183, -0.001601, -0.374761, 0.052408, 0.925639, 0.216101, 0.000000, 0.000000, 0.000000, 1.000000, -0.374761, 0.052408, 0.925639, 0.238101, -0.926588, -0.055026, -0.372030, -0.022027, 0.031437, -0.997109, 0.069183, 0.201674, 0.000000, 0.000000, 0.000000, 1.000000, -0.998905, 0.000683, 0.046770, -0.037533, 0.046673, -0.051471, 0.997583, -0.089098, 0.003088, 0.998674, 0.051383, 0.015611, 0.000000, 0.000000, 0.000000, 1.000000
43.7225, 21.8861, -1.5898, 216.1874, 238.1874, -21.8861, 201.6632, -37.6324, -88.9686, 15.6195, 0.926569, 0.055087, 0.372068, 0.021886, -0.031172, 0.997060, -0.069994, -0.001590, -0.374830, 0.053256, 0.925563, 0.216187, 0.000000, 0.000000, 0.000000, 1.000000, -0.374830, 0.053256, 0.925563, 0.238187, -0.926569, -0.055087, -0.372068, -0.021886, 0.031172, -0.997060, 0.069994, 0.201663, 0.000000, 0.000000, 0.000000, 1.000000, -0.998767, 0.000829, 0.049641, -0.037632, 0.049535, -0.050677, 0.997486, -0.088969, 0.003343, 0.998715, 0.050573, 0.015620, 0.000000, 0.000000, 0.000000, 1.000000
43.8587, 21.7466, -1.5913, 216.1666, 238.1666, -21.7466, 201.6647, -37.7263, -88.9556, 15.6052, 0.924554, 0.055066, 0.377051, 0.021747, -0.030903, 0.997079, -0.069841, -0.001591, -0.379796, 0.052920, 0.923555, 0.216167, 0.000000, 0.000000, 0.000000, 1.000000, -0.379796, 0.052920, 0.923555, 0.238167, -0.924554, -0.055066, -0.377051, -0.021747, 0.030903, -0.997079, 0.069841, 0.201665, 0.000000, 0.000000, 0.000000, 1.000000, -0.998911, 0.000587, 0.046654, -0.037726, 0.046563, -0.050993, 0.997613, -0.088956, 0.002965, 0.998699, 0.050910, 0.015605, 0.000000, 0.000000, 0.000000, 1.000000
43.9985, 21.6359, -1.5833, 216.2654, 238.2654, -21.6359, 201.6568, -37.8008, -88.8216, 15.6143, 0.924257, 0.055111, 0.377772, 0.021636, -0.030666, 0.997046, -0.070426, -0.001583, -0.380537, 0.053507, 0.923217, 0.216265, 0.000000, 0.000000, 0.000000, 1.000000, -0.380537, 0.053507, 0.923217, 0.238265, -0.924257, -0.055111, -0.377772, -0.021636, 0.030666, -0.997046, 0.070426, 0.201657, 0.000000, 0.000000, 0.000000, 1.000000, -0.998834, 0.000670, 0.048275, -0.037801, 0.048180, -0.050443, 0.997564, -0.088822, 0.003103, 0.998727, 0.050352, 0.015614, 0.000000, 0.000000, 0.000000, 1.000000
44.1396, 21.5021, -1.5723, 216.3353, 238.3353, -21.5021, 201.6457, -37.8682, -88.7231, 15.6219, 0.923709, 0.055575, 0.379044, 0.021502, -0.030652, 0.996971, -0.071477, -0.001572, -0.381868, 0.054405, 0.922614, 0.216335, 0.000000, 0.000000, 0.000000, 1.000000, -0.381868, 0.054405, 0.922614, 0.238335, -0.923709, -0.055575, -0.379044, -0.021502, 0.030652, -0.996971, 0.071477, 0.201646, 0.000000, 0.000000, 0.000000, 1.000000, -0.998784, 0.000508, 0.049295, -0.037868, 0.049210, -0.049433, 0.997564, -0.088723, 0.002944, 0.998777, 0.049348, 0.015622, 0.000000, 0.000000, 0.000000, 1.000000
44.3131, 21.3750, -1.5683, 216.3795, 238.3795, -21.3750, 201.6418, -38.0031, -88.6227, 15.6204, 0.922021, 0.055232, 0.383179, 0.021375, -0.030488, 0.997056, -0.070355, -0.001568, -0.385937, 0.053186, 0.920991, 0.216379, 0.000000, 0.000000, 0.000000, 1.000000, -0.385937, 0.053186, 0.920991, 0.238379, -0.922021, -0.055232, -0.383179, -0.021375, 0.030488, -0.997056, 0.070355, 0.201642, 0.000000, 0.000000, 0.000000, 1.000000, -0.998851, 0.000147, 0.047917, -0.038003, 0.047848, -0.050684, 0.997568, -0.088623, 0.002575, 0.998715, 0.050619, 0.015620, 0.000000, 0.000000, 0.000000, 1.000000
44.4489, 21.2312, -1.5595, 216.3921, 238.3921, -21.2312, 201.6329, -38.0776, -88.5833, 15.6194, 0.921098, 0.055074, 0.385415, 0.021231, -0.030307, 0.997083, -0.070047, -0.001559, -0.388148, 0.052839, 0.920081, 0.216392, 0.000000, 0.000000, 0.000000, 1.000000, -0.388148, 0.052839, 0.920081, 0.238392, -0.921098, -0.055074, -0.385415, -0.021231, 0.030307, -0.997083, 0.070047, 0.201633, 0.000000, 0.000000, 0.000000, 1.000000, -0.998853, 0.000020, 0.047881, -0.038078, 0.047818, -0.051065, 0.997550, -0.088583, 0.002465, 0.998695, 0.051006, 0.015619, 0.000000, 0.000000, 0.000000, 1.000000
44.5926, 21.1064, -1.5574, 216.4701, 238.4701, -21.1064, 201.6308, -38.1534, -88.4714, 15.6196, 0.920168, 0.055345, 0.387591, 0.021106, -0.030079, 0.997026, -0.070959, -0.001557, -0.390366, 0.053636, 0.919096, 0.216470, 0.000000, 0.000000, 0.000000, 1.000000, -0.390366, 0.053636, 0.919096, 0.238470, -0.920168, -0.055345, -0.387591, -0.021106, 0.030079, -0.997026, 0.070959, 0.201631, 0.000000, 0.000000, 0.000000, 1.000000, -0.998849, -0.000008, 0.047971, -0.038153, 0.047911, -0.050229, 0.997588, -0.088471, 0.002401, 0.998738, 0.050172, 0.015620, 0.000000, 0.000000, 0.000000, 1.000000
44.7680, 20.9680, -1.5539, 216.4714, 238.4714, -20.9680, 201.6274, -38.2989, -88.4131, 15.6125, 0.918602, 0.055109, 0.391323, 0.020968, -0.030033, 0.997101, -0.069917, -0.001554, -0.394042, 0.052474, 0.917593, 0.216471, 0.000000, 0.000000, 0.000000, 1.000000, -0.394042, 0.052474, 0.917593, 0.238471, -0.918602, -0.055109, -0.391323, -0.020968, 0.030033, -0.997101, 0.069917, 0.201627, 0.000000, 0.000000, 0.000000, 1.000000, -0.998893, -0.000455, 0.047039, -0.038299, 0.047000, -0.051379, 0.997573, -0.088413, 0.001963, 0.998679, 0.051343, 0.015612, 0.000000, 0.000000, 0.000000, 1.000000
44.8668, 20.8352, -1.5320, 216.5525, 238.5525, -20.8352, 201.6055, -38.2960, -88.3345, 15.6320, 0.918450, 0.055149, 0.391673, 0.020835, -0.029366, 0.997007, -0.071522, -0.001532, -0.394445, 0.054187, 0.917320, 0.216552, 0.000000, 0.000000, 0.000000, 1.000000, -0.394445, 0.054187, 0.917320, 0.238552, -0.918450, -0.055149, -0.391673, -0.020835, 0.029366, -0.997007, 0.071522, 0.201605, 0.000000, 0.000000, 0.000000, 1.000000, -0.998834, 0.000168, 0.048285, -0.038296, 0.048216, -0.049818, 0.997594, -0.088335, 0.002573, 0.998758, 0.049752, 0.015632, 0.000000, 0.000000, 0.000000, 1.000000
44.9183, 20.7242, -1.5324, 216.5994, 238.5994, -20.7242, 201.6059, -38.2549, -88.3062, 15.6277, 0.917003, 0.055563, 0.394991, 0.020724, -0.029402, 0.996972, -0.071984, -0.001532, -0.397795, 0.054396, 0.915861, 0.216599, 0.000000, 0.000000, 0.000000, 1.000000, -0.397795, 0.054396, 0.915861, 0.238599, -0.917003, -0.055563, -0.394991, -0.020724, 0.029402, -0.996972, 0.071984, 0.201606, 0.000000, 0.000000, 0.000000, 1.000000, -0.998962, -0.000157, 0.045548, -0.038255, 0.045500, -0.049448, 0.997740, -0.088306, 0.002096, 0.998777, 0.049404, 0.015628, 0.000000, 0.000000, 0.000000, 1.000000
44.9530, 20.6446, -1.5275, 216.6003, 238.6003, -20.6446, 201.6010, -38.2365, -88.3174, 15.6265, 0.915856, 0.055944, 0.397591, 0.020645, -0.029450, 0.996938, -0.072439, -0.001528, -0.400426, 0.054635, 0.914699, 0.216600, 0.000000, 0.000000, 0.000000, 1.000000, -0.400426, 0.054635, 0.914699, 0.238600, -0.915856, -0.055944, -0.397591, -0.020645, 0.029450, -0.996938, 0.072439, 0.201601, 0.000000, 0.000000, 0.000000, 1.000000, -0.999062, -0.000425, 0.043296, -0.038237, 0.043264, -0.049065, 0.997858, -0.088317, 0.001700, 0.998795, 0.049038, 0.015626, 0.000000, 0.000000, 0.000000, 1.000000
44.9684, 20.6092, -1.5062, 216.6296, 238.6296, -20.6092, 201.5797, -38.2149, -88.2989, 15.6478, 0.916268, 0.056657, 0.396538, 0.020609, -0.029190, 0.996759, -0.074967, -0.001506, -0.399500, 0.057115, 0.914952, 0.216630, 0.000000, 0.000000, 0.000000, 1.000000, -0.399500, 0.057115, 0.914952, 0.238630, -0.916268, -0.056657, -0.396538, -0.020609, 0.029190, -0.996759, 0.074967, 0.201580, 0.000000, 0.000000, 0.000000, 1.000000, -0.999007, 0.000009, 0.044555, -0.038215, 0.044506, -0.046520, 0.997925, -0.088299, 0.002081, 0.998917, 0.046474, 0.015648, 0.000000, 0.000000, 0.000000, 1.000000
44.9785, 20.5897, -1.5121, 216.6166, 238.6166, -20.5897, 201.5855, -38.2189, -88.3115, 15.6393, 0.915919, 0.056435, 0.397375, 0.020590, -0.029058, 0.996791, -0.074587, -0.001512, -0.400309, 0.056769, 0.914620, 0.216617, 0.000000, 0.000000, 0.000000, 1.000000, -0.400309, 0.056769, 0.914620, 0.238617, -0.915919, -0.056435, -0.397375, -0.020590, 0.029058, -0.996791, 0.074587, 0.201586, 0.000000, 0.000000, 0.000000, 1.000000, -0.999038, 0.000048, 0.043843, -0.038219, 0.043792, -0.046930, 0.997938, -0.088312, 0.002105, 0.998898, 0.046883, 0.015639, 0.000000, 0.000000, 0.000000, 1.000000
44.9829, 20.5882, -1.5146, 216.6957, 238.6957, -20.5882, 201.5881, -38.1896, -88.2383, 15.6444, 0.916068, 0.056302, 0.397051, 0.020588, -0.029116, 0.996820, -0.074173, -0.001515, -0.399965, 0.056387, 0.914794, 0.216696, 0.000000, 0.000000, 0.000000, 1.000000, -0.399965, 0.056387, 0.914794, 0.238696, -0.916068, -0.056302, -0.397051, -0.020588, 0.029116, -0.996820, 0.074173, 0.201588, 0.000000, 0.000000, 0.000000, 1.000000, -0.999018, -0.000004, 0.044298, -0.038190, 0.044248, -0.047332, 0.997899, -0.088238, 0.002093, 0.998879, 0.047286, 0.015644, 0.000000, 0.000000, 0.000000, 1.000000
44.9859, 20.5729, -1.5119, 216.6414, 238.6414, -20.5729, 201.5854, -38.2044, -88.2917, 15.6406, 0.915770, 0.056371, 0.397728, 0.020573, -0.029061, 0.996808, -0.074365, -0.001512, -0.400650, 0.056543, 0.914485, 0.216641, 0.000000, 0.000000, 0.000000, 1.000000, -0.400650, 0.056543, 0.914485, 0.238641, -0.915770, -0.056371, -0.397728, -0.020573, 0.029061, -0.996808, 0.074365, 0.201585, 0.000000, 0.000000, 0.000000, 1.000000, -0.999049, 0.000000, 0.043602, -0.038204, 0.043554, -0.047162, 0.997937, -0.088292, 0.002057, 0.998887, 0.047117, 0.015641, 0.000000, 0.000000, 0.000000, 1.000000
44.9873, 20.5779, -1.5181, 216.6847, 238.6847, -20.5779, 201.5916, -38.1921, -88.2492, 15.6391, 0.916064, 0.056461, 0.397037, 0.020578, -0.029023, 0.996777, -0.074783, -0.001518, -0.399980, 0.056983, 0.914751, 0.216685, 0.000000, 0.000000, 0.000000, 1.000000, -0.399980, 0.056983, 0.914751, 0.238685, -0.916064, -0.056461, -0.397037, -0.020578, 0.029023, -0.996777, 0.074783, 0.201592, 0.000000, 0.000000, 0.000000, 1.000000, -0.999016, 0.000111, 0.044351, -0.038192, 0.044298, -0.046726, 0.997925, -0.088249, 0.002183, 0.998908, 0.046675, 0.015639, 0.000000, 0.000000, 0.000000, 1.000000
44.9881, 20.5706, -1.5165, 216.6435, 238.6435, -20.5706, 201.5899, -38.2049, -88.2888, 15.6361, 0.915897, 0.056490, 0.397418, 0.020571, -0.029236, 0.996807, -0.074310, -0.001516, -0.400346, 0.056442, 0.914624, 0.216643, 0.000000, 0.000000, 0.000000, 1.000000, -0.400346, 0.056442, 0.914624, 0.238643, -0.915897, -0.056490, -0.397418, -0.020571, 0.029236, -0.996807, 0.074310, 0.201590, 0.000000, 0.000000, 0.000000, 1.000000, -0.999032, -0.000153, 0.043982, -0.038205, 0.043940, -0.047200, 0.997919, -0.088289, 0.001923, 0.998885, 0.047161, 0.015636, 0.000000, 0.000000, 0.000000, 1.000000
44.9895, 20.5732, -1.5120, 216.6577, 238.6577, -20.5732, 201.5854, -38.2029, -88.2747, 15.6421, 0.915747, 0.056400, 0.397777, 0.020573, -0.029125, 0.996812, -0.074286, -0.001512, -0.400698, 0.056442, 0.914470, 0.216658, 0.000000, 0.000000, 0.000000, 1.000000, -0.400698, 0.056442, 0.914470, 0.238658, -0.915747, -0.056400, -0.397777, -0.020573, 0.029125, -0.996812, 0.074286, 0.201585, 0.000000, 0.000000, 0.000000, 1.000000, -0.999048, -0.000073, 0.043615, -0.038203, 0.043570, -0.047240, 0.997933, -0.088275, 0.001987, 0.998884, 0.047198, 0.015642, 0.000000, 0.000000, 0.000000, 1.000000
