# Joint_4_Angle(deg), Cam_X(mm), Cam_Y(mm), Cam_Z(mm), Torso_X(mm), Torso_Y(mm), Torso_Z(mm), EE_X(mm), EE_Y(mm), EE_Z(mm), T_cam2marker_flat(16), T_torso2marker_flat(16), T_ee2marker_flat(16)
0.0000, 31.7687, 20.4897, 197.7757, 219.7757, -31.7687, 179.5837, 53.2860, 109.1660, 9.6967, 0.994447, -0.105202, 0.002668, 0.031769, 0.103549, 0.973671, -0.203083, 0.020490, 0.018767, 0.202231, 0.979158, 0.197776, 0.000000, 0.000000, 0.000000, 1.000000, 0.018767, 0.202231, 0.979158, 0.219776, -0.994447, 0.105202, -0.002668, -0.031769, -0.103549, -0.973671, 0.203083, 0.179584, 0.000000, 0.000000, 0.000000, 1.000000, 0.999646, 0.003040, 0.026444, 0.053286, 0.026187, 0.065691, -0.997496, 0.109166, -0.004769, 0.997835, 0.065588, 0.009697, 0.000000, 0.000000, 0.000000, 1.000000
0.0000, 31.7676, 20.4934, 197.8073, 219.8073, -31.7676, 179.5800, 53.2867, 109.1366, 9.7087, 0.994469, -0.104994, 0.002650, 0.031768, 0.103332, 0.973587, -0.203594, 0.020493, 0.018796, 0.202742, 0.979052, 0.197807, 0.000000, 0.000000, 0.000000, 1.000000, 0.018796, 0.202742, 0.979052, 0.219807, -0.994469, 0.104994, -0.002650, -0.031768, -0.103332, -0.973587, 0.203594, 0.179580, 0.000000, 0.000000, 0.000000, 1.000000, 0.999647, 0.003262, 0.026371, 0.053287, 0.026102, 0.065180, -0.997532, 0.109137, -0.004973, 0.997868, 0.065072, 0.009709, 0.000000, 0.000000, 0.000000, 1.000000
0.0141, 31.7650, 20.4901, 197.8006, 219.8006, -31.7650, 179.5833, 53.2886, 109.1702, 9.7327, 0.994454, -0.105141, 0.002534, 0.031765, 0.103480, 0.973869, -0.202168, 0.020490, 0.018789, 0.201309, 0.979348, 0.197801, 0.000000, 0.000000, 0.000000, 1.000000, 0.018789, 0.201309, 0.979348, 0.219801, -0.994454, 0.105141, -0.002534, -0.031765, -0.103480, -0.973869, 0.202168, 0.179583, 0.000000, 0.000000, 0.000000, 1.000000, 0.999647, 0.003036, 0.026408, 0.053289, 0.026148, 0.066392, -0.997451, 0.109170, -0.004782, 0.997789, 0.066289, 0.009733, 0.000000, 0.000000, 0.000000, 1.000000
0.0567, 31.7662, 20.4898, 197.8073, 219.8073, -31.7662, 179.5837, 53.3060, 109.2486, 9.8211, 0.994448, -0.105185, 0.002936, 0.031766, 0.103593, 0.973738, -0.202740, 0.020490, 0.018466, 0.201919, 0.979228, 0.197807, 0.000000, 0.000000, 0.000000, 1.000000, 0.018466, 0.201919, 0.979228, 0.219807, -0.994448, 0.105185, -0.002936, -0.031766, -0.103593, -0.973738, 0.202740, 0.179584, 0.000000, 0.000000, 0.000000, 1.000000, 0.999639, 0.002875, 0.026731, 0.053306, 0.026487, 0.065039, -0.997531, 0.109249, -0.004606, 0.997879, 0.064939, 0.009821, 0.000000, 0.000000, 0.000000, 1.000000
0.1551, 31.7627, 20.4550, 197.8488, 219.8488, -31.7627, 179.6185, 53.3369, 109.3952, 9.9999, 0.994482, -0.104873, 0.002676, 0.031763, 0.103189, 0.973280, -0.205129, 0.020455, 0.018908, 0.204273, 0.978731, 0.197849, 0.000000, 0.000000, 0.000000, 1.000000, 0.018908, 0.204273, 0.978731, 0.219849, -0.994482, 0.104873, -0.002676, -0.031763, -0.103189, -0.973280, 0.205129, 0.179618, 0.000000, 0.000000, 0.000000, 1.000000, 0.999653, 0.002948, 0.026180, 0.053337, 0.025951, 0.060965, -0.997802, 0.109395, -0.004538, 0.998136, 0.060867, 0.010000, 0.000000, 0.000000, 0.000000, 1.000000
0.2744, 31.7257, 20.3499, 198.0432, 220.0432, -31.7257, 179.7236, 53.3417, 109.4164, 10.1979, 0.994489, -0.104769, 0.003788, 0.031726, 0.103305, 0.973167, -0.205606, 0.020350, 0.017855, 0.204865, 0.978627, 0.198043, 0.000000, 0.000000, 0.000000, 1.000000, 0.017855, 0.204865, 0.978627, 0.220043, -0.994489, 0.104769, -0.003788, -0.031726, -0.103305, -0.973167, 0.205606, 0.179724, 0.000000, 0.000000, 0.000000, 1.000000, 0.999626, 0.002707, 0.027197, 0.053342, 0.026993, 0.058319, -0.997933, 0.109416, -0.004288, 0.998294, 0.058224, 0.010198, 0.000000, 0.000000, 0.000000, 1.000000
0.4076, 31.6689, 20.1964, 198.2909, 220.2909, -31.6689, 179.8770, 53.3293, 109.4004, 10.3932, 0.994522, -0.104486, 0.003070, 0.031669, 0.102886, 0.973259, -0.205383, 0.020196, 0.018472, 0.204574, 0.978677, 0.198291, 0.000000, 0.000000, 0.000000, 1.000000, 0.018472, 0.204574, 0.978677, 0.220291, -0.994522, 0.104486, -0.003070, -0.031669, -0.102886, -0.973259, 0.205383, 0.179877, 0.000000, 0.000000, 0.000000, 1.000000, 0.999646, 0.002582, 0.026470, 0.053329, 0.026283, 0.056344, -0.998065, 0.109400, -0.004068, 0.998408, 0.056256, 0.010393, 0.000000, 0.000000, 0.000000, 1.000000
0.5410, 31.6313, 20.0029, 198.6403, 220.6403, -31.6313, 180.0706, 53.3367, 109.2761, 10.5738, 0.994600, -0.103742, 0.003001, 0.031631, 0.102158, 0.973494, -0.204629, 0.020003, 0.018308, 0.203831, 0.978835, 0.198640, 0.000000, 0.000000, 0.000000, 1.000000, 0.018308, 0.203831, 0.978835, 0.220640, -0.994600, 0.103742, -0.003001, -0.031631, -0.102158, -0.973494, 0.204629, 0.180071, 0.000000, 0.000000, 0.000000, 1.000000, 0.999646, 0.002908, 0.026446, 0.053337, 0.026247, 0.054846, -0.998150, 0.109276, -0.004353, 0.998491, 0.054750, 0.010574, 0.000000, 0.000000, 0.000000, 1.000000
0.6513, 31.5682, 19.8037, 198.9576, 220.9576, -31.5682, 180.2697, 53.3088, 109.1351, 10.6956, 0.994622, -0.103525, 0.002947, 0.031568, 0.101975, 0.973967, -0.202460, 0.019804, 0.018089, 0.201671, 0.979286, 0.198958, 0.000000, 0.000000, 0.000000, 1.000000, 0.018089, 0.201671, 0.979286, 0.220958, -0.994622, 0.103525, -0.002947, -0.031568, -0.101975, -0.973967, 0.202460, 0.180270, 0.000000, 0.000000, 0.000000, 1.000000, 0.999642, 0.002738, 0.026598, 0.053309, 0.026407, 0.055165, -0.998128, 0.109135, -0.004200, 0.998473, 0.055073, 0.010696, 0.000000, 0.000000, 0.000000, 1.000000
0.7932, 31.5052, 19.5914, 199.3424, 221.3424, -31.5052, 180.4821, 53.2937, 108.9881, 10.8850, 0.994697, -0.102776, 0.003827, 0.031505, 0.101463, 0.974545, -0.199917, 0.019591, 0.016817, 0.199245, 0.979805, 0.199342, 0.000000, 0.000000, 0.000000, 1.000000, 0.016817, 0.199245, 0.979805, 0.221342, -0.994697, 0.102776, -0.003827, -0.031505, -0.101463, -0.974545, 0.199917, 0.180482, 0.000000, 0.000000, 0.000000, 1.000000, 0.999612, 0.003003, 0.027708, 0.053294, 0.027500, 0.055236, -0.998095, 0.108988, -0.004528, 0.998469, 0.055132, 0.010885, 0.000000, 0.000000, 0.000000, 1.000000
0.9404, 31.4656, 19.3919, 199.7512, 221.7512, -31.4656, 180.6816, 53.3059, 108.8317, 11.0996, 0.994697, -0.102816, 0.002569, 0.031466, 0.101315, 0.975262, -0.196469, 0.019392, 0.017695, 0.195688, 0.980507, 0.199751, 0.000000, 0.000000, 0.000000, 1.000000, 0.017695, 0.195688, 0.980507, 0.221751, -0.994697, 0.102816, -0.002569, -0.031466, -0.101315, -0.975262, 0.196469, 0.180682, 0.000000, 0.000000, 0.000000, 1.000000, 0.999638, 0.002430, 0.026787, 0.053306, 0.026608, 0.056330, -0.998058, 0.108832, -0.003935, 0.998409, 0.056245, 0.011100, 0.000000, 0.000000, 0.000000, 1.000000
1.0507, 31.4255, 19.1883, 200.1150, 222.1150, -31.4255, 180.8852, 53.3011, 108.6452, 11.2226, 0.994726, -0.102566, 0.000820, 0.031425, 0.100763, 0.975681, -0.194661, 0.019188, 0.019166, 0.193717, 0.980870, 0.200115, 0.000000, 0.000000, 0.000000, 1.000000, 0.019166, 0.193717, 0.980870, 0.222115, -0.994726, 0.102566, -0.000820, -0.031425, -0.100763, -0.975681, 0.194661, 0.180885, 0.000000, 0.000000, 0.000000, 1.000000, 0.999679, 0.002299, 0.025218, 0.053301, 0.025048, 0.056455, -0.998091, 0.108645, -0.003718, 0.998403, 0.056379, 0.011223, 0.000000, 0.000000, 0.000000, 1.000000
1.1971, 31.3702, 18.9699, 200.5150, 222.5150, -31.3702, 181.1036, 53.2965, 108.4897, 11.4139, 0.994785, -0.101974, 0.001884, 0.031370, 0.100448, 0.976370, -0.191341, 0.018970, 0.017673, 0.190533, 0.981522, 0.200515, 0.000000, 0.000000, 0.000000, 1.000000, 0.017673, 0.190533, 0.981522, 0.222515, -0.994785, 0.101974, -0.001884, -0.031370, -0.100448, -0.976370, 0.191341, 0.181104, 0.000000, 0.000000, 0.000000, 1.000000, 0.999644, 0.002369, 0.026581, 0.053297, 0.026402, 0.057210, -0.998013, 0.108490, -0.003885, 0.998359, 0.057127, 0.011414, 0.000000, 0.000000, 0.000000, 1.000000
1.3403, 31.3095, 18.7616, 200.8928, 222.8928, -31.3095, 181.3118, 53.2840, 108.3522, 11.6023, 0.994818, -0.101666, 0.001393, 0.031310, 0.100076, 0.976658, -0.190065, 0.018762, 0.017962, 0.189219, 0.981771, 0.200893, 0.000000, 0.000000, 0.000000, 1.000000, 0.017962, 0.189219, 0.981771, 0.222893, -0.994818, 0.101666, -0.001393, -0.031310, -0.100076, -0.976658, 0.190065, 0.181312, 0.000000, 0.000000, 0.000000, 1.000000, 0.999655, 0.002213, 0.026188, 0.053284, 0.026023, 0.056101, -0.998086, 0.108352, -0.003678, 0.998423, 0.056024, 0.011602, 0.000000, 0.000000, 0.000000, 1.000000
1.4629, 31.2382, 18.5653, 201.2559, 223.2559, -31.2382, 181.5082, 53.2540, 108.1911, 11.7566, 0.994920, -0.100622, 0.002991, 0.031238, 0.099371, 0.976932, -0.189023, 0.018565, 0.016098, 0.188360, 0.981968, 0.201256, 0.000000, 0.000000, 0.000000, 1.000000, 0.016098, 0.188360, 0.981968, 0.223256, -0.994920, 0.100622, -0.002991, -0.031238, -0.099371, -0.976932, 0.189023, 0.181508, 0.000000, 0.000000, 0.000000, 1.000000, 0.999608, 0.002869, 0.027852, 0.053254, 0.027652, 0.054916, -0.998108, 0.108191, -0.004393, 0.998487, 0.054816, 0.011757, 0.000000, 0.000000, 0.000000, 1.000000
1.6216, 31.1906, 18.3535, 201.6489, 223.6489, -31.1906, 181.7200, 53.2612, 108.0676, 11.9721, 0.994929, -0.100562, 0.001640, 0.031191, 0.099126, 0.977703, -0.185124, 0.018353, 0.017013, 0.184348, 0.982714, 0.201649, 0.000000, 0.000000, 0.000000, 1.000000, 0.017013, 0.184348, 0.982714, 0.223649, -0.994929, 0.100562, -0.001640, -0.031191, -0.099126, -0.977703, 0.185124, 0.181720, 0.000000, 0.000000, 0.000000, 1.000000, 0.999636, 0.002348, 0.026867, 0.053261, 0.026692, 0.056273, -0.998059, 0.108068, -0.003855, 0.998413, 0.056190, 0.011972, 0.000000, 0.000000, 0.000000, 1.000000
1.7356, 31.1488, 18.1540, 202.0226, 224.0226, -31.1488, 181.9195, 53.2576, 107.8790, 12.1029, 0.994944, -0.100432, 0.000256, 0.031149, 0.098793, 0.978237, -0.182462, 0.018154, 0.018074, 0.181565, 0.983213, 0.202023, 0.000000, 0.000000, 0.000000, 1.000000, 0.018074, 0.181565, 0.983213, 0.224023, -0.994944, 0.100432, -0.000256, -0.031149, -0.098793, -0.978237, 0.182462, 0.181919, 0.000000, 0.000000, 0.000000, 1.000000, 0.999667, 0.002062, 0.025736, 0.053258, 0.025576, 0.057148, -0.998038, 0.107879, -0.003529, 0.998364, 0.057076, 0.012103, 0.000000, 0.000000, 0.000000, 1.000000
1.8639, 31.0907, 17.9557, 202.3610, 224.3610, -31.0907, 182.1178, 53.2415, 107.7523, 12.2558, 0.994987, -0.100007, 0.000171, 0.031091, 0.098401, 0.978697, -0.180193, 0.017956, 0.017853, 0.179306, 0.983631, 0.202361, 0.000000, 0.000000, 0.000000, 1.000000, 0.017853, 0.179306, 0.983631, 0.224361, -0.994987, 0.100007, -0.000171, -0.031091, -0.098401, -0.978697, 0.180193, 0.182118, 0.000000, 0.000000, 0.000000, 1.000000, 0.999664, 0.002043, 0.025851, 0.053242, 0.025692, 0.057257, -0.998029, 0.107752, -0.003519, 0.998357, 0.057185, 0.012256, 0.000000, 0.000000, 0.000000, 1.000000
2.0072, 31.0234, 17.7291, 202.7499, 224.7499, -31.0234, 182.3444, 53.2206, 107.5992, 12.4231, 0.995019, -0.099683, -0.000939, 0.031023, 0.097933, 0.979231, -0.177524, 0.017729, 0.018616, 0.176548, 0.984116, 0.202750, 0.000000, 0.000000, 0.000000, 1.000000, 0.018616, 0.176548, 0.984116, 0.224750, -0.995019, 0.099683, 0.000939, -0.031023, -0.097933, -0.979231, 0.177524, 0.182344, 0.000000, 0.000000, 0.000000, 1.000000, 0.999686, 0.001860, 0.024989, 0.053221, 0.024841, 0.057612, -0.998030, 0.107599, -0.003296, 0.998337, 0.057547, 0.012423, 0.000000, 0.000000, 0.000000, 1.000000
2.1373, 30.9609, 17.5404, 203.0941, 225.0941, -30.9609, 182.5331, 53.2018, 107.4722, 12.5881, 0.995091, -0.098960, 0.000212, 0.030961, 0.097449, 0.979516, -0.176213, 0.017540, 0.017230, 0.175369, 0.984352, 0.203094, 0.000000, 0.000000, 0.000000, 1.000000, 0.017230, 0.175369, 0.984352, 0.225094, -0.995091, 0.098960, -0.000212, -0.030961, -0.097449, -0.979516, 0.176213, 0.182533, 0.000000, 0.000000, 0.000000, 1.000000, 0.999654, 0.002161, 0.026232, 0.053202, 0.026068, 0.056606, -0.998056, 0.107472, -0.003642, 0.998394, 0.056531, 0.012588, 0.000000, 0.000000, 0.000000, 1.000000
2.2625, 30.8935, 17.3420, 203.5007, 225.5007, -30.8935, 182.7314, 53.1782, 107.2728, 12.7477, 0.995131, -0.098558, -0.000216, 0.030894, 0.097030, 0.980086, -0.173255, 0.017342, 0.017287, 0.172391, 0.984877, 0.203501, 0.000000, 0.000000, 0.000000, 1.000000, 0.017287, 0.172391, 0.984877, 0.225501, -0.995131, 0.098558, 0.000216, -0.030894, -0.097030, -0.980086, 0.173255, 0.182731, 0.000000, 0.000000, 0.000000, 1.000000, 0.999658, 0.002108, 0.026074, 0.053178, 0.025910, 0.057494, -0.998010, 0.107273, -0.003603, 0.998344, 0.057420, 0.012748, 0.000000, 0.000000, 0.000000, 1.000000
2.3941, 30.8430, 17.1375, 203.8394, 225.8394, -30.8430, 182.9359, 53.1701, 107.1506, 12.8956, 0.995141, -0.098450, -0.001640, 0.030843, 0.096741, 0.980688, -0.169976, 0.017138, 0.018343, 0.168991, 0.985447, 0.203839, 0.000000, 0.000000, 0.000000, 1.000000, 0.018343, 0.168991, 0.985447, 0.225839, -0.995141, 0.098450, 0.001640, -0.030843, -0.096741, -0.980688, 0.169976, 0.182936, 0.000000, 0.000000, 0.000000, 1.000000, 0.999687, 0.001727, 0.024954, 0.053170, 0.024809, 0.058684, -0.997968, 0.107151, -0.003188, 0.998275, 0.058623, 0.012896, 0.000000, 0.000000, 0.000000, 1.000000
2.5550, 30.7905, 16.9480, 204.2628, 226.2628, -30.7905, 183.1255, 53.1753, 107.0058, 13.1344, 0.995190, -0.097959, -0.000711, 0.030790, 0.096445, 0.981028, -0.168174, 0.016948, 0.017172, 0.167297, 0.985757, 0.204263, 0.000000, 0.000000, 0.000000, 1.000000, 0.017172, 0.167297, 0.985757, 0.226263, -0.995190, 0.097959, 0.000711, -0.030790, -0.096445, -0.981028, 0.168174, 0.183125, 0.000000, 0.000000, 0.000000, 1.000000, 0.999660, 0.001689, 0.026014, 0.053175, 0.025874, 0.057661, -0.998001, 0.107006, -0.003185, 0.998335, 0.057598, 0.013134, 0.000000, 0.000000, 0.000000, 1.000000
2.6760, 30.7350, 16.7329, 204.6250, 226.6250, -30.7350, 183.3406, 53.1585, 106.8374, 13.2542, 0.995208, -0.097749, -0.002322, 0.030735, 0.096035, 0.981671, -0.164616, 0.016733, 0.018370, 0.163605, 0.986355, 0.204625, 0.000000, 0.000000, 0.000000, 1.000000, 0.018370, 0.163605, 0.986355, 0.226625, -0.995208, 0.097749, 0.002322, -0.030735, -0.096035, -0.981671, 0.164616, 0.183341, 0.000000, 0.000000, 0.000000, 1.000000, 0.999693, 0.001434, 0.024736, 0.053158, 0.024607, 0.059329, -0.997935, 0.106837, -0.002898, 0.998237, 0.059276, 0.013254, 0.000000, 0.000000, 0.000000, 1.000000
2.7965, 30.6695, 16.5438, 204.9755, 226.9755, -30.6695, 183.5297, 53.1338, 106.6848, 13.3951, 0.995257, -0.097262, -0.002014, 0.030669, 0.095614, 0.981791, -0.164146, 0.016544, 0.017943, 0.163175, 0.986434, 0.204976, 0.000000, 0.000000, 0.000000, 1.000000, 0.017943, 0.163175, 0.986434, 0.226976, -0.995257, 0.097262, 0.002014, -0.030669, -0.095614, -0.981791, 0.164146, 0.183530, 0.000000, 0.000000, 0.000000, 1.000000, 0.999685, 0.001543, 0.025054, 0.053134, 0.024923, 0.057720, -0.998022, 0.106685, -0.002986, 0.998332, 0.057664, 0.013395, 0.000000, 0.000000, 0.000000, 1.000000
2.9351, 30.6131, 16.3374, 205.2940, 227.2940, -30.6131, 183.7360, 53.1212, 106.5949, 13.5465, 0.995271, -0.097060, -0.003764, 0.030613, 0.095194, 0.982375, -0.160865, 0.016337, 0.019311, 0.159746, 0.986969, 0.205294, 0.000000, 0.000000, 0.000000, 1.000000, 0.019311, 0.159746, 0.986969, 0.227294, -0.995271, 0.097060, 0.003764, -0.030613, -0.095194, -0.982375, 0.160865, 0.183736, 0.000000, 0.000000, 0.000000, 1.000000, 0.999721, 0.001232, 0.023601, 0.053121, 0.023488, 0.058818, -0.997992, 0.106595, -0.002618, 0.998268, 0.058772, 0.013547, 0.000000, 0.000000, 0.000000, 1.000000
3.0790, 30.5569, 16.1453, 205.7250, 227.7250, -30.5569, 183.9282, 53.1167, 106.4085, 13.7453, 0.995364, -0.096162, -0.001647, 0.030557, 0.094675, 0.982695, -0.159208, 0.016145, 0.016928, 0.158314, 0.987244, 0.205725, 0.000000, 0.000000, 0.000000, 1.000000, 0.016928, 0.158314, 0.987244, 0.227725, -0.995364, 0.096162, 0.001647, -0.030557, -0.094675, -0.982695, 0.159208, 0.183928, 0.000000, 0.000000, 0.000000, 1.000000, 0.999665, 0.001659, 0.025830, 0.053117, 0.025691, 0.057834, -0.997996, 0.106409, -0.003150, 0.998325, 0.057772, 0.013745, 0.000000, 0.000000, 0.000000, 1.000000
3.2251, 30.5074, 15.9562, 206.1226, 228.1226, -30.5074, 184.1172, 53.1193, 106.2590, 13.9421, 0.995379, -0.095977, -0.002967, 0.030507, 0.094339, 0.983222, -0.156122, 0.015956, 0.017902, 0.155121, 0.987733, 0.206123, 0.000000, 0.000000, 0.000000, 1.000000, 0.017902, 0.155121, 0.987733, 0.228123, -0.995379, 0.095977, 0.002967, -0.030507, -0.094339, -0.983222, 0.156122, 0.184117, 0.000000, 0.000000, 0.000000, 1.000000, 0.999692, 0.001316, 0.024771, 0.053119, 0.024652, 0.058562, -0.997979, 0.106259, -0.002764, 0.998283, 0.058511, 0.013942, 0.000000, 0.000000, 0.000000, 1.000000
3.3365, 30.4631, 15.7567, 206.5581, 228.5581, -30.4631, 184.3167, 53.1147, 106.0040, 14.0658, 0.995416, -0.095597, -0.002987, 0.030463, 0.094012, 0.983699, -0.153293, 0.015757, 0.017592, 0.152310, 0.988176, 0.206558, 0.000000, 0.000000, 0.000000, 1.000000, 0.017592, 0.152310, 0.988176, 0.228558, -0.995416, 0.095597, 0.002987, -0.030463, -0.094012, -0.983699, 0.153293, 0.184317, 0.000000, 0.000000, 0.000000, 1.000000, 0.999687, 0.001281, 0.024998, 0.053115, 0.024877, 0.059506, -0.997918, 0.106004, -0.002766, 0.998227, 0.059455, 0.014066, 0.000000, 0.000000, 0.000000, 1.000000
3.4783, 30.3998, 15.5586, 206.9125, 228.9125, -30.3998, 184.5148, 53.0985, 105.8861, 14.2344, 0.995429, -0.095402, -0.004324, 0.030400, 0.093688, 0.984320, -0.149454, 0.015559, 0.018515, 0.148366, 0.988759, 0.206912, 0.000000, 0.000000, 0.000000, 1.000000, 0.018515, 0.148366, 0.988759, 0.228912, -0.995429, 0.095402, 0.004324, -0.030400, -0.093688, -0.984320, 0.149454, 0.184515, 0.000000, 0.000000, 0.000000, 1.000000, 0.999712, 0.000936, 0.024000, 0.053098, 0.023898, 0.061064, -0.997848, 0.105886, -0.002400, 0.998133, 0.061024, 0.014234, 0.000000, 0.000000, 0.000000, 1.000000
3.6165, 30.3400, 15.3856, 207.2688, 229.2688, -30.3400, 184.6879, 53.0872, 105.7647, 14.4194, 0.995487, -0.094822, -0.003787, 0.030340, 0.093219, 0.984565, -0.148132, 0.015386, 0.017775, 0.147110, 0.988960, 0.207269, 0.000000, 0.000000, 0.000000, 1.000000, 0.017775, 0.147110, 0.988960, 0.229269, -0.995487, 0.094822, 0.003787, -0.030340, -0.093219, -0.984565, 0.148132, 0.184688, 0.000000, 0.000000, 0.000000, 1.000000, 0.999696, 0.001061, 0.024622, 0.053087, 0.024514, 0.059985, -0.997898, 0.105765, -0.002536, 0.998199, 0.059940, 0.014419, 0.000000, 0.000000, 0.000000, 1.000000
3.7494, 30.2666, 15.1858, 207.6177, 229.6177, -30.2666, 184.8877, 53.0566, 105.6350, 14.5664, 0.995534, -0.094331, -0.003674, 0.030267, 0.092761, 0.984714, -0.147421, 0.015186, 0.017524, 0.146422, 0.989067, 0.207618, 0.000000, 0.000000, 0.000000, 1.000000, 0.017524, 0.146422, 0.989067, 0.229618, -0.995534, 0.094331, 0.003674, -0.030267, -0.092761, -0.984714, 0.147421, 0.184888, 0.000000, 0.000000, 0.000000, 1.000000, 0.999692, 0.001133, 0.024773, 0.053057, 0.024664, 0.058419, -0.997987, 0.105635, -0.002578, 0.998292, 0.058373, 0.014566, 0.000000, 0.000000, 0.000000, 1.000000
3.8887, 30.2030, 14.9899, 208.0032, 230.0032, -30.2030, 185.0836, 53.0406, 105.4821, 14.7349, 0.995526, -0.094363, -0.004859, 0.030203, 0.092701, 0.985356, -0.143110, 0.014990, 0.018292, 0.142019, 0.989695, 0.208003, 0.000000, 0.000000, 0.000000, 1.000000, 0.018292, 0.142019, 0.989695, 0.230003, -0.995526, 0.094363, 0.004859, -0.030203, -0.092701, -0.985356, 0.143110, 0.185084, 0.000000, 0.000000, 0.000000, 1.000000, 0.999713, 0.000552, 0.023967, 0.053041, 0.023890, 0.060468, -0.997884, 0.105482, -0.002000, 0.998170, 0.060437, 0.014735, 0.000000, 0.000000, 0.000000, 1.000000
4.0159, 30.1583, 14.8155, 208.3413, 230.3413, -30.1583, 185.2580, 53.0391, 105.3572, 14.8879, 0.995597, -0.093573, -0.005496, 0.030158, 0.091835, 0.985486, -0.142770, 0.014815, 0.018776, 0.141636, 0.989741, 0.208341, 0.000000, 0.000000, 0.000000, 1.000000, 0.018776, 0.141636, 0.989741, 0.230341, -0.995597, 0.093573, 0.005496, -0.030158, -0.091835, -0.985486, 0.142770, 0.185258, 0.000000, 0.000000, 0.000000, 1.000000, 0.999727, 0.000950, 0.023329, 0.053039, 0.023233, 0.058704, -0.998005, 0.105357, -0.002317, 0.998275, 0.058666, 0.014888, 0.000000, 0.000000, 0.000000, 1.000000
4.1379, 30.1043, 14.6165, 208.7433, 230.7433, -30.1043, 185.4570, 53.0270, 105.1544, 15.0190, 0.995589, -0.093599, -0.006513, 0.030104, 0.091789, 0.986019, -0.139075, 0.014616, 0.019439, 0.137864, 0.990260, 0.208743, 0.000000, 0.000000, 0.000000, 1.000000, 0.019439, 0.137864, 0.990260, 0.230743, -0.995589, 0.093599, 0.006513, -0.030104, -0.091789, -0.986019, 0.139075, 0.185457, 0.000000, 0.000000, 0.000000, 1.000000, 0.999744, 0.000445, 0.022632, 0.053027, 0.022564, 0.060413, -0.997918, 0.105154, -0.001812, 0.998173, 0.060387, 0.015019, 0.000000, 0.000000, 0.000000, 1.000000
4.2820, 30.0469, 14.4446, 209.1907, 231.1907, -30.0469, 185.6289, 53.0235, 104.9547, 15.2279, 0.995640, -0.093116, -0.005472, 0.030047, 0.091490, 0.986311, -0.137186, 0.014445, 0.018171, 0.136088, 0.990530, 0.209191, 0.000000, 0.000000, 0.000000, 1.000000, 0.018171, 0.136088, 0.990530, 0.231191, -0.995640, 0.093116, 0.005472, -0.030047, -0.091490, -0.986311, 0.137186, 0.185629, 0.000000, 0.000000, 0.000000, 1.000000, 0.999717, 0.000442, 0.023805, 0.053024, 0.023736, 0.059750, -0.997931, 0.104955, -0.001864, 0.998213, 0.059722, 0.015228, 0.000000, 0.000000, 0.000000, 1.000000
4.4180, 29.9887, 14.2571, 209.5532, 231.5532, -29.9887, 185.8164, 53.0115, 104.8192, 15.3876, 0.995694, -0.092479, -0.006383, 0.029989, 0.090768, 0.986623, -0.135408, 0.014257, 0.018820, 0.134246, 0.990769, 0.209553, 0.000000, 0.000000, 0.000000, 1.000000, 0.018820, 0.134246, 0.990769, 0.231553, -0.995694, 0.092479, 0.006383, -0.029989, -0.090768, -0.986623, 0.135408, 0.185816, 0.000000, 0.000000, 0.000000, 1.000000, 0.999735, 0.000617, 0.023026, 0.053011, 0.022949, 0.059298, -0.997977, 0.104819, -0.001981, 0.998240, 0.059268, 0.015388, 0.000000, 0.000000, 0.000000, 1.000000
4.5486, 29.9189, 14.0532, 209.8699, 231.8699, -29.9189, 186.0202, 52.9825, 104.7148, 15.5118, 0.995783, -0.091597, -0.005187, 0.029919, 0.090094, 0.986984, -0.133210, 0.014053, 0.017321, 0.132181, 0.991074, 0.209870, 0.000000, 0.000000, 0.000000, 1.000000, 0.017321, 0.132181, 0.991074, 0.231870, -0.995783, 0.091597, 0.005187, -0.029919, -0.090094, -0.986984, 0.133210, 0.186020, 0.000000, 0.000000, 0.000000, 1.000000, 0.999702, 0.001046, 0.024385, 0.052982, 0.024281, 0.059174, -0.997952, 0.104715, -0.002487, 0.998247, 0.059131, 0.015512, 0.000000, 0.000000, 0.000000, 1.000000
4.6835, 29.8541, 13.8794, 210.2564, 232.2564, -29.8541, 186.1940, 52.9660, 104.5560, 15.6856, 0.995798, -0.091390, -0.005867, 0.029854, 0.089823, 0.987189, -0.131871, 0.013879, 0.017844, 0.130790, 0.991249, 0.210256, 0.000000, 0.000000, 0.000000, 1.000000, 0.017844, 0.130790, 0.991249, 0.232256, -0.995798, 0.091390, 0.005867, -0.029854, -0.089823, -0.987189, 0.131871, 0.186194, 0.000000, 0.000000, 0.000000, 1.000000, 0.999717, 0.000801, 0.023794, 0.052966, 0.023706, 0.058269, -0.998019, 0.104556, -0.002186, 0.998301, 0.058233, 0.015686, 0.000000, 0.000000, 0.000000, 1.000000
4.8045, 29.8046, 13.6865, 210.6308, 232.6308, -29.8046, 186.3870, 52.9573, 104.3796, 15.8085, 0.995800, -0.091198, -0.008104, 0.029805, 0.089413, 0.987704, -0.128240, 0.013686, 0.019699, 0.126977, 0.991710, 0.210631, 0.000000, 0.000000, 0.000000, 1.000000, 0.019699, 0.126977, 0.991710, 0.232631, -0.995800, 0.091198, 0.008104, -0.029805, -0.089413, -0.987704, 0.128240, 0.186387, 0.000000, 0.000000, 0.000000, 1.000000, 0.999761, 0.000514, 0.021868, 0.052957, 0.021798, 0.060037, -0.997958, 0.104380, -0.001825, 0.998196, 0.060011, 0.015809, 0.000000, 0.000000, 0.000000, 1.000000
4.9553, 29.7561, 13.5027, 211.0907, 233.0907, -29.7561, 186.5708, 52.9642, 104.1769, 16.0126, 0.995856, -0.090679, -0.006927, 0.029756, 0.089107, 0.988141, -0.125053, 0.013503, 0.018184, 0.123918, 0.992126, 0.211091, 0.000000, 0.000000, 0.000000, 1.000000, 0.018184, 0.123918, 0.992126, 0.233091, -0.995856, 0.090679, 0.006927, -0.029756, -0.089107, -0.988141, 0.125053, 0.186571, 0.000000, 0.000000, 0.000000, 1.000000, 0.999729, 0.000486, 0.023290, 0.052964, 0.023217, 0.060549, -0.997895, 0.104177, -0.001895, 0.998165, 0.060521, 0.016013, 0.000000, 0.000000, 0.000000, 1.000000
5.0702, 29.6866, 13.3220, 211.3985, 233.3985, -29.6866, 186.7514, 52.9318, 104.0559, 16.1226, 0.995823, -0.090813, -0.009484, 0.029687, 0.088982, 0.988505, -0.122226, 0.013322, 0.020475, 0.120871, 0.992457, 0.211399, 0.000000, 0.000000, 0.000000, 1.000000, 0.020475, 0.120871, 0.992457, 0.233399, -0.995823, 0.090813, 0.009484, -0.029687, -0.088982, -0.988505, 0.122226, 0.186751, 0.000000, 0.000000, 0.000000, 1.000000, 0.999780, -0.000089, 0.020968, 0.052932, 0.020934, 0.061635, -0.997879, 0.104056, -0.001203, 0.998099, 0.061623, 0.016123, 0.000000, 0.000000, 0.000000, 1.000000
5.2121, 29.6107, 13.1436, 211.7260, 233.7260, -29.6107, 186.9298, 52.9042, 103.9663, 16.2905, 0.995896, -0.090184, -0.007592, 0.029611, 0.088564, 0.988397, -0.123403, 0.013144, 0.018633, 0.122224, 0.992328, 0.211726, 0.000000, 0.000000, 0.000000, 1.000000, 0.018633, 0.122224, 0.992328, 0.233726, -0.995896, 0.090184, 0.007592, -0.029611, -0.088564, -0.988397, 0.123403, 0.186930, 0.000000, 0.000000, 0.000000, 1.000000, 0.999742, 0.000156, 0.022695, 0.052904, 0.022648, 0.057865, -0.998067, 0.103966, -0.001469, 0.998324, 0.057847, 0.016291, 0.000000, 0.000000, 0.000000, 1.000000
5.3497, 29.5416, 12.9725, 212.0857, 234.0857, -29.5416, 187.1010, 52.8820, 103.8389, 16.4610, 0.995933, -0.089654, -0.008932, 0.029542, 0.087945, 0.988885, -0.119886, 0.012972, 0.019581, 0.118613, 0.992747, 0.212086, 0.000000, 0.000000, 0.000000, 1.000000, 0.019581, 0.118613, 0.992747, 0.234086, -0.995933, 0.089654, 0.008932, -0.029542, -0.087945, -0.988885, 0.119886, 0.187101, 0.000000, 0.000000, 0.000000, 1.000000, 0.999766, 0.000161, 0.021649, 0.052882, 0.021601, 0.059157, -0.998015, 0.103839, -0.001441, 0.998249, 0.059140, 0.016461, 0.000000, 0.000000, 0.000000, 1.000000
5.4694, 29.4952, 12.7946, 212.5073, 234.5073, -29.4952, 187.2789, 52.8791, 103.6161, 16.5978, 0.995965, -0.089373, -0.008151, 0.029495, 0.087803, 0.989187, -0.117469, 0.012795, 0.018561, 0.116280, 0.993043, 0.212507, 0.000000, 0.000000, 0.000000, 1.000000, 0.018561, 0.116280, 0.993043, 0.234507, -0.995965, 0.089373, 0.008151, -0.029495, -0.087803, -0.989187, 0.117469, 0.187279, 0.000000, 0.000000, 0.000000, 1.000000, 0.999744, 0.000009, 0.022609, 0.052879, 0.022569, 0.059459, -0.997976, 0.103616, -0.001353, 0.998231, 0.059443, 0.016598, 0.000000, 0.000000, 0.000000, 1.000000
5.6129, 29.4410, 12.6137, 212.9171, 234.9171, -29.4410, 187.4598, 52.8758, 103.4485, 16.7749, 0.995995, -0.088919, -0.009395, 0.029441, 0.087269, 0.989597, -0.114380, 0.012614, 0.019468, 0.113102, 0.993393, 0.212917, 0.000000, 0.000000, 0.000000, 1.000000, 0.019468, 0.113102, 0.993393, 0.234917, -0.995995, 0.088919, 0.009395, -0.029441, -0.087269, -0.989597, 0.114380, 0.187460, 0.000000, 0.000000, 0.000000, 1.000000, 0.999767, -0.000068, 0.021605, 0.052876, 0.021570, 0.060208, -0.997953, 0.103449, -0.001233, 0.998186, 0.060196, 0.016775, 0.000000, 0.000000, 0.000000, 1.000000
5.7665, 29.3776, 12.4320, 213.2727, 235.2727, -29.3776, 187.6415, 52.8645, 103.3526, 16.9609, 0.996016, -0.088536, -0.010643, 0.029378, 0.086804, 0.989952, -0.111628, 0.012432, 0.020419, 0.110259, 0.993693, 0.213273, 0.000000, 0.000000, 0.000000, 1.000000, 0.020419, 0.110259, 0.993693, 0.235273, -0.996016, 0.088536, 0.010643, -0.029378, -0.086804, -0.989952, 0.111628, 0.187641, 0.000000, 0.000000, 0.000000, 1.000000, 0.999789, -0.000236, 0.020563, 0.052865, 0.020540, 0.060443, -0.997960, 0.103353, -0.001007, 0.998172, 0.060435, 0.016961, 0.000000, 0.000000, 0.000000, 1.000000
5.8843, 29.3290, 12.2468, 213.6658, 235.6658, -29.3290, 187.8267, 52.8573, 103.1524, 17.0779, 0.996033, -0.088144, -0.012197, 0.029329, 0.086295, 0.990255, -0.109305, 0.012247, 0.021713, 0.107819, 0.993933, 0.213666, 0.000000, 0.000000, 0.000000, 1.000000, 0.021713, 0.107819, 0.993933, 0.235666, -0.996033, 0.088144, 0.012197, -0.029329, -0.086295, -0.990255, 0.109305, 0.187827, 0.000000, 0.000000, 0.000000, 1.000000, 0.999816, -0.000280, 0.019186, 0.052857, 0.019167, 0.060888, -0.997961, 0.103152, -0.000889, 0.998145, 0.060882, 0.017078, 0.000000, 0.000000, 0.000000, 1.000000
6.0148, 29.2585, 12.0828, 214.0476, 236.0476, -29.2585, 187.9906, 52.8335, 102.9902, 17.2392, 0.996070, -0.087906, -0.010792, 0.029259, 0.086238, 0.990415, -0.107898, 0.012083, 0.020174, 0.106543, 0.994103, 0.214048, 0.000000, 0.000000, 0.000000, 1.000000, 0.020174, 0.106543, 0.994103, 0.236048, -0.996070, 0.087906, 0.010792, -0.029259, -0.086238, -0.990415, 0.107898, 0.187991, 0.000000, 0.000000, 0.000000, 1.000000, 0.999786, -0.000475, 0.020671, 0.052834, 0.020662, 0.059939, -0.997988, 0.102990, -0.000765, 0.998202, 0.059936, 0.017239, 0.000000, 0.000000, 0.000000, 1.000000
6.1673, 29.1927, 11.8966, 214.4933, 236.4933, -29.1927, 188.1768, 52.8226, 102.8023, 17.4296, 0.996131, -0.087239, -0.010574, 0.029193, 0.085675, 0.990882, -0.103988, 0.011897, 0.019549, 0.102680, 0.994522, 0.214493, 0.000000, 0.000000, 0.000000, 1.000000, 0.019549, 0.102680, 0.994522, 0.236493, -0.996131, 0.087239, 0.010574, -0.029193, -0.085675, -0.990882, 0.103988, 0.188177, 0.000000, 0.000000, 0.000000, 1.000000, 0.999775, -0.000389, 0.021186, 0.052823, 0.021170, 0.061226, -0.997899, 0.102802, -0.000909, 0.998124, 0.061220, 0.017430, 0.000000, 0.000000, 0.000000, 1.000000
6.2969, 29.1404, 11.7312, 214.8317, 236.8317, -29.1404, 188.3423, 52.8147, 102.6812, 17.5762, 0.996156, -0.086716, -0.012370, 0.029140, 0.084991, 0.991041, -0.103022, 0.011731, 0.021193, 0.101575, 0.994602, 0.214832, 0.000000, 0.000000, 0.000000, 1.000000, 0.021193, 0.101575, 0.994602, 0.236832, -0.996156, 0.086716, 0.012370, -0.029140, -0.084991, -0.991041, 0.103022, 0.188342, 0.000000, 0.000000, 0.000000, 1.000000, 0.999811, -0.000291, 0.019442, 0.052815, 0.019425, 0.060132, -0.998001, 0.102681, -0.000879, 0.998190, 0.060126, 0.017576, 0.000000, 0.000000, 0.000000, 1.000000
6.4092, 29.0845, 11.5429, 215.2687, 237.2687, -29.0845, 188.5306, 52.7994, 102.4266, 17.6819, 0.996203, -0.086379, -0.010849, 0.029085, 0.084927, 0.991650, -0.097041, 0.011543, 0.019141, 0.095751, 0.995221, 0.215269, 0.000000, 0.000000, 0.000000, 1.000000, 0.019141, 0.095751, 0.995221, 0.237269, -0.996203, 0.086379, 0.010849, -0.029085, -0.084927, -0.991650, 0.097041, 0.188531, 0.000000, 0.000000, 0.000000, 1.000000, 0.999770, -0.000480, 0.021442, 0.052799, 0.021429, 0.064058, -0.997716, 0.102427, -0.000894, 0.997946, 0.064053, 0.017682, 0.000000, 0.000000, 0.000000, 1.000000
6.5544, 29.0253, 11.3948, 215.6113, 237.6113, -29.0253, 188.6786, 52.7915, 102.3328, 17.8745, 0.996204, -0.086013, -0.013367, 0.029025, 0.084315, 0.991669, -0.097382, 0.011395, 0.021632, 0.095885, 0.995157, 0.215611, 0.000000, 0.000000, 0.000000, 1.000000, 0.021632, 0.095885, 0.995157, 0.237611, -0.996204, 0.086013, 0.013367, -0.029025, -0.084315, -0.991669, 0.097382, 0.188679, 0.000000, 0.000000, 0.000000, 1.000000, 0.999822, -0.000547, 0.018860, 0.052791, 0.018858, 0.061446, -0.997932, 0.102333, -0.000613, 0.998110, 0.061446, 0.017874, 0.000000, 0.000000, 0.000000, 1.000000
6.6909, 28.9646, 11.1986, 215.9917, 237.9917, -28.9646, 188.8749, 52.7766, 102.1774, 18.0075, 0.996189, -0.085801, -0.015677, 0.028965, 0.083971, 0.992056, -0.093671, 0.011199, 0.023589, 0.091997, 0.995480, 0.215992, 0.000000, 0.000000, 0.000000, 1.000000, 0.023589, 0.091997, 0.995480, 0.237992, -0.996189, 0.085801, 0.015677, -0.028965, -0.083971, -0.992056, 0.093671, 0.188875, 0.000000, 0.000000, 0.000000, 1.000000, 0.999858, -0.000873, 0.016836, 0.052777, 0.016857, 0.063010, -0.997871, 0.102177, -0.000190, 0.998013, 0.063016, 0.018008, 0.000000, 0.000000, 0.000000, 1.000000
6.8447, 28.8822, 11.0483, 216.3110, 238.3110, -28.8822, 189.0252, 52.7481, 102.1207, 18.2102, 0.996304, -0.084786, -0.013749, 0.028882, 0.083112, 0.992015, -0.094857, 0.011048, 0.021682, 0.093364, 0.995396, 0.216311, 0.000000, 0.000000, 0.000000, 1.000000, 0.021682, 0.093364, 0.995396, 0.238311, -0.996304, 0.084786, 0.013749, -0.028882, -0.083112, -0.992015, 0.094857, 0.189025, 0.000000, 0.000000, 0.000000, 1.000000, 0.999827, -0.000274, 0.018602, 0.052748, 0.018586, 0.059044, -0.998082, 0.102121, -0.000825, 0.998255, 0.059039, 0.018210, 0.000000, 0.000000, 0.000000, 1.000000
6.9631, 28.8157, 10.8628, 216.7267, 238.7267, -28.8157, 189.2107, 52.7228, 101.8989, 18.3226, 0.996312, -0.084700, -0.013723, 0.028816, 0.083150, 0.992535, -0.089223, 0.010863, 0.021177, 0.087753, 0.995917, 0.216727, 0.000000, 0.000000, 0.000000, 1.000000, 0.021177, 0.087753, 0.995917, 0.238727, -0.996312, 0.084700, 0.013723, -0.028816, -0.083150, -0.992535, 0.089223, 0.189211, 0.000000, 0.000000, 0.000000, 1.000000, 0.999818, -0.000730, 0.019078, 0.052723, 0.019086, 0.062636, -0.997854, 0.101899, -0.000466, 0.998036, 0.062639, 0.018323, 0.000000, 0.000000, 0.000000, 1.000000
7.0813, 28.7642, 10.7126, 217.0319, 239.0319, -28.7642, 189.3609, 52.7115, 101.7913, 18.4504, 0.996330, -0.084266, -0.015039, 0.028764, 0.082579, 0.992490, -0.090245, 0.010713, 0.022531, 0.088671, 0.995806, 0.217032, 0.000000, 0.000000, 0.000000, 1.000000, 0.022531, 0.088671, 0.995806, 0.239032, -0.996330, 0.084266, 0.015039, -0.028764, -0.082579, -0.992490, 0.090245, 0.189361, 0.000000, 0.000000, 0.000000, 1.000000, 0.999844, -0.000621, 0.017645, 0.052712, 0.017650, 0.059706, -0.998060, 0.101791, -0.000434, 0.998216, 0.059707, 0.018450, 0.000000, 0.000000, 0.000000, 1.000000
7.2193, 28.7146, 10.5524, 217.4973, 239.4973, -28.7146, 189.5211, 52.7149, 101.5602, 18.6284, 0.996350, -0.084086, -0.014700, 0.028715, 0.082485, 0.992718, -0.087795, 0.010552, 0.021975, 0.086262, 0.996030, 0.217497, 0.000000, 0.000000, 0.000000, 1.000000, 0.021975, 0.086262, 0.996030, 0.239497, -0.996350, 0.084086, 0.014700, -0.028715, -0.082485, -0.992718, 0.087795, 0.189521, 0.000000, 0.000000, 0.000000, 1.000000, 0.999835, -0.000941, 0.018148, 0.052715, 0.018172, 0.059759, -0.998047, 0.101560, -0.000145, 0.998212, 0.059767, 0.018628, 0.000000, 0.000000, 0.000000, 1.000000
7.3523, 28.6568, 10.3860, 217.8837, 239.8837, -28.6568, 189.6875, 52.7043, 101.3967, 18.7781, 0.996447, -0.083077, -0.013835, 0.028657, 0.081591, 0.992947, -0.086020, 0.010386, 0.020884, 0.084585, 0.996197, 0.217884, 0.000000, 0.000000, 0.000000, 1.000000, 0.020884, 0.084585, 0.996197, 0.239884, -0.996447, 0.083077, 0.013835, -0.028657, -0.081591, -0.992947, 0.086020, 0.189687, 0.000000, 0.000000, 0.000000, 1.000000, 0.999817, -0.000386, 0.019118, 0.052704, 0.019108, 0.059198, -0.998063, 0.101397, -0.000747, 0.998246, 0.059195, 0.018778, 0.000000, 0.000000, 0.000000, 1.000000
7.4916, 28.5878, 10.2048, 218.1474, 240.1474, -28.5878, 189.8686, 52.6793, 101.3632, 18.9078, 0.996363, -0.083087, -0.018884, 0.028588, 0.081249, 0.993220, -0.083141, 0.010205, 0.025664, 0.081304, 0.996359, 0.218147, 0.000000, 0.000000, 0.000000, 1.000000, 0.025664, 0.081304, 0.996359, 0.240147, -0.996363, 0.083087, 0.018884, -0.028588, -0.081249, -0.993220, 0.083141, 0.189869, 0.000000, 0.000000, 0.000000, 1.000000, 0.999898, -0.000925, 0.014276, 0.052679, 0.014306, 0.060092, -0.998090, 0.101363, 0.000066, 0.998192, 0.060099, 0.018908, 0.000000, 0.000000, 0.000000, 1.000000
7.6491, 28.5246, 10.0568, 218.6063, 240.6063, -28.5246, 190.0167, 52.6750, 101.1758, 19.1305, 0.996422, -0.082666, -0.017616, 0.028525, 0.080986, 0.993421, -0.080972, 0.010057, 0.024193, 0.079255, 0.996561, 0.218606, 0.000000, 0.000000, 0.000000, 1.000000, 0.024193, 0.079255, 0.996561, 0.240606, -0.996422, 0.082666, 0.017616, -0.028525, -0.080986, -0.993421, 0.080972, 0.190017, 0.000000, 0.000000, 0.000000, 1.000000, 0.999877, -0.001048, 0.015680, 0.052675, 0.015715, 0.059457, -0.998107, 0.101176, 0.000113, 0.998230, 0.059466, 0.019131, 0.000000, 0.000000, 0.000000, 1.000000
7.7715, 28.4494, 9.8882, 218.9635, 240.9635, -28.4494, 190.1852, 52.6421, 101.0206, 19.2517, 0.996493, -0.082003, -0.016650, 0.028449, 0.080484, 0.993745, -0.077411, 0.009888, 0.022894, 0.075799, 0.996860, 0.218964, 0.000000, 0.000000, 0.000000, 1.000000, 0.022894, 0.075799, 0.996860, 0.240964, -0.996493, 0.082003, 0.016650, -0.028449, -0.080484, -0.993745, 0.077411, 0.190185, 0.000000, 0.000000, 0.000000, 1.000000, 0.999857, -0.000869, 0.016897, 0.052642, 0.016919, 0.060843, -0.998004, 0.101021, -0.000161, 0.998147, 0.060849, 0.019252, 0.000000, 0.000000, 0.000000, 1.000000
7.8924, 28.3971, 9.7195, 219.3838, 241.3838, -28.3971, 190.3539, 52.6347, 100.8004, 19.3752, 0.996528, -0.081544, -0.016783, 0.028397, 0.080086, 0.994011, -0.074349, 0.009720, 0.022745, 0.072747, 0.997091, 0.219384, 0.000000, 0.000000, 0.000000, 1.000000, 0.022745, 0.072747, 0.997091, 0.241384, -0.996528, 0.081544, 0.016783, -0.028397, -0.080086, -0.994011, 0.074349, 0.190354, 0.000000, 0.000000, 0.000000, 1.000000, 0.999856, -0.000875, 0.016970, 0.052635, 0.016991, 0.061841, -0.997941, 0.100800, -0.000176, 0.998086, 0.061847, 0.019375, 0.000000, 0.000000, 0.000000, 1.000000
8.0198, 28.3447, 9.5627, 219.7883, 241.7883, -28.3447, 190.5107, 52.6291, 100.6099, 19.5194, 0.996487, -0.081397, -0.019724, 0.028345, 0.079770, 0.994166, -0.072600, 0.009563, 0.025518, 0.070771, 0.997166, 0.219788, 0.000000, 0.000000, 0.000000, 1.000000, 0.025518, 0.070771, 0.997166, 0.241788, -0.996487, 0.081397, 0.019724, -0.028345, -0.079770, -0.994166, 0.072600, 0.190511, 0.000000, 0.000000, 0.000000, 1.000000, 0.999899, -0.001180, 0.014141, 0.052629, 0.014187, 0.061636, -0.997998, 0.100610, 0.000306, 0.998098, 0.061647, 0.019519, 0.000000, 0.000000, 0.000000, 1.000000
8.1576, 28.2901, 9.3882, 220.1284, 242.1284, -28.2901, 190.6852, 52.6198, 100.4999, 19.6561, 0.996446, -0.081046, -0.022932, 0.028290, 0.079302, 0.994471, -0.068834, 0.009388, 0.028384, 0.066771, 0.997365, 0.220128, 0.000000, 0.000000, 0.000000, 1.000000, 0.028384, 0.066771, 0.997365, 0.242128, -0.996446, 0.081046, 0.022932, -0.028290, -0.079302, -0.994471, 0.068834, 0.190685, 0.000000, 0.000000, 0.000000, 1.000000, 0.999936, -0.001381, 0.011211, 0.052620, 0.011275, 0.063287, -0.997932, 0.100500, 0.000669, 0.997994, 0.063298, 0.019656, 0.000000, 0.000000, 0.000000, 1.000000
8.3019, 28.2096, 9.2364, 220.5627, 242.5627, -28.2096, 190.8370, 52.5940, 100.3100, 19.8406, 0.996544, -0.080834, -0.019133, 0.028210, 0.079422, 0.994677, -0.065654, 0.009236, 0.024338, 0.063907, 0.997659, 0.220563, 0.000000, 0.000000, 0.000000, 1.000000, 0.024338, 0.063907, 0.997659, 0.242563, -0.996544, 0.080834, 0.019133, -0.028210, -0.079422, -0.994677, 0.065654, 0.190837, 0.000000, 0.000000, 0.000000, 1.000000, 0.999883, -0.001702, 0.015200, 0.052594, 0.015278, 0.063681, -0.997853, 0.100310, 0.000730, 0.997969, 0.063700, 0.019841, 0.000000, 0.000000, 0.000000, 1.000000
8.4146, 28.1512, 9.0896, 220.8281, 242.8281, -28.1512, 190.9839, 52.5718, 100.2317, 19.9459, 0.996499, -0.080398, -0.022951, 0.028151, 0.078701, 0.994633, -0.067168, 0.009090, 0.028228, 0.065127, 0.997478, 0.220828, 0.000000, 0.000000, 0.000000, 1.000000, 0.028228, 0.065127, 0.997478, 0.242828, -0.996499, 0.080398, 0.022951, -0.028151, -0.078701, -0.994633, 0.067168, 0.190984, 0.000000, 0.000000, 0.000000, 1.000000, 0.999936, -0.001564, 0.011248, 0.052572, 0.011322, 0.060546, -0.998101, 0.100232, 0.000880, 0.998164, 0.060560, 0.019946, 0.000000, 0.000000, 0.000000, 1.000000
8.5562, 28.0870, 8.9277, 221.3058, 243.3058, -28.0870, 191.1457, 52.5613, 99.9928, 20.1164, 0.996546, -0.080188, -0.021579, 0.028087, 0.078681, 0.994881, -0.063412, 0.008928, 0.026554, 0.061495, 0.997754, 0.221306, 0.000000, 0.000000, 0.000000, 1.000000, 0.026554, 0.061495, 0.997754, 0.243306, -0.996546, 0.080188, 0.021579, -0.028087, -0.078681, -0.994881, 0.063412, 0.191146, 0.000000, 0.000000, 0.000000, 1.000000, 0.999915, -0.001906, 0.012869, 0.052561, 0.012962, 0.061757, -0.998007, 0.099993, 0.001107, 0.998089, 0.061776, 0.020116, 0.000000, 0.000000, 0.000000, 1.000000
8.6790, 28.0198, 8.7681, 221.7000, 243.7000, -28.0198, 191.3054, 52.5386, 99.8028, 20.2425, 0.996647, -0.079346, -0.019988, 0.028020, 0.077960, 0.994993, -0.062538, 0.008768, 0.024850, 0.060770, 0.997842, 0.221700, 0.000000, 0.000000, 0.000000, 1.000000, 0.024850, 0.060770, 0.997842, 0.243700, -0.996647, 0.079346, 0.019988, -0.028020, -0.077960, -0.994993, 0.062538, 0.191305, 0.000000, 0.000000, 0.000000, 1.000000, 0.999894, -0.001458, 0.014488, 0.052539, 0.014549, 0.060408, -0.998068, 0.099803, 0.000580, 0.998173, 0.060422, 0.020242, 0.000000, 0.000000, 0.000000, 1.000000
8.8211, 27.9657, 8.6020, 222.0581, 244.0581, -27.9657, 191.4715, 52.5337, 99.6832, 20.3917, 0.996594, -0.079182, -0.023046, 0.027966, 0.077787, 0.995386, -0.056180, 0.008602, 0.027389, 0.054196, 0.998155, 0.222058, 0.000000, 0.000000, 0.000000, 1.000000, 0.027389, 0.054196, 0.998155, 0.244058, -0.996594, 0.079182, 0.023046, -0.027966, -0.077787, -0.995386, 0.056180, 0.191471, 0.000000, 0.000000, 0.000000, 1.000000, 0.999927, -0.001955, 0.011889, 0.052534, 0.011990, 0.064544, -0.997843, 0.099683, 0.001183, 0.997913, 0.064563, 0.020392, 0.000000, 0.000000, 0.000000, 1.000000
8.9664, 27.8964, 8.4613, 222.4033, 244.4033, -27.8964, 191.6122, 52.5158, 99.5845, 20.5703, 0.996663, -0.078470, -0.022463, 0.027896, 0.077051, 0.995321, -0.058306, 0.008461, 0.026934, 0.056381, 0.998046, 0.222403, 0.000000, 0.000000, 0.000000, 1.000000, 0.026934, 0.056381, 0.998046, 0.244403, -0.996663, 0.078470, 0.022463, -0.027896, -0.077051, -0.995321, 0.058306, 0.191612, 0.000000, 0.000000, 0.000000, 1.000000, 0.999924, -0.001604, 0.012263, 0.052516, 0.012337, 0.059898, -0.998128, 0.099584, 0.000866, 0.998203, 0.059914, 0.020570, 0.000000, 0.000000, 0.000000, 1.000000
9.1092, 27.8276, 8.2985, 222.8383, 244.8383, -27.8276, 191.7749, 52.5000, 99.3892, 20.7315, 0.996685, -0.078078, -0.022853, 0.027828, 0.076759, 0.995597, -0.053804, 0.008299, 0.026953, 0.051871, 0.998290, 0.222838, 0.000000, 0.000000, 0.000000, 1.000000, 0.026953, 0.051871, 0.998290, 0.244838, -0.996685, 0.078078, 0.022853, -0.027828, -0.076759, -0.995597, 0.053804, 0.191775, 0.000000, 0.000000, 0.000000, 1.000000, 0.999924, -0.001799, 0.012170, 0.052500, 0.012258, 0.061968, -0.998003, 0.099389, 0.001042, 0.998076, 0.061986, 0.020731, 0.000000, 0.000000, 0.000000, 1.000000
9.2224, 27.7781, 8.1505, 223.2428, 245.2428, -27.7781, 191.9229, 52.4922, 99.1735, 20.8454, 0.996678, -0.077662, -0.024519, 0.027778, 0.076291, 0.995697, -0.052595, 0.008151, 0.028498, 0.050549, 0.998315, 0.223243, 0.000000, 0.000000, 0.000000, 1.000000, 0.028498, 0.050549, 0.998315, 0.245243, -0.996678, 0.077662, 0.024519, -0.027778, -0.076291, -0.995697, 0.052595, 0.191923, 0.000000, 0.000000, 0.000000, 1.000000, 0.999943, -0.001770, 0.010574, 0.052492, 0.010663, 0.061364, -0.998058, 0.099174, 0.001118, 0.998114, 0.061379, 0.020845, 0.000000, 0.000000, 0.000000, 1.000000
9.3834, 27.7241, 7.9910, 223.6513, 245.6513, -27.7241, 192.0825, 52.4963, 99.0379, 21.0366, 0.996711, -0.077241, -0.024520, 0.027724, 0.075980, 0.995917, -0.048750, 0.007991, 0.028186, 0.046726, 0.998510, 0.223651, 0.000000, 0.000000, 0.000000, 1.000000, 0.028186, 0.046726, 0.998510, 0.245651, -0.996711, 0.077241, 0.024520, -0.027724, -0.075980, -0.995917, 0.048750, 0.192082, 0.000000, 0.000000, 0.000000, 1.000000, 0.999940, -0.001969, 0.010808, 0.052496, 0.010910, 0.062435, -0.997989, 0.099038, 0.001290, 0.998047, 0.062453, 0.021037, 0.000000, 0.000000, 0.000000, 1.000000
9.5019, 27.6413, 7.8373, 223.9708, 245.9708, -27.6413, 192.2361, 52.4532, 98.9145, 21.1455, 0.996735, -0.076569, -0.025616, 0.027641, 0.075320, 0.996068, -0.046634, 0.007837, 0.029086, 0.044552, 0.998584, 0.223971, 0.000000, 0.000000, 0.000000, 1.000000, 0.029086, 0.044552, 0.998584, 0.245971, -0.996735, 0.076569, 0.025616, -0.027641, -0.075320, -0.996068, 0.046634, 0.192236, 0.000000, 0.000000, 0.000000, 1.000000, 0.999950, -0.001732, 0.009846, 0.052453, 0.009935, 0.062601, -0.997989, 0.098914, 0.001112, 0.998037, 0.062615, 0.021146, 0.000000, 0.000000, 0.000000, 1.000000
9.6398, 27.5825, 7.6966, 224.4106, 246.4106, -27.5825, 192.3769, 52.4476, 98.7079, 21.3133, 0.996816, -0.076179, -0.023569, 0.027583, 0.075056, 0.996149, -0.045318, 0.007697, 0.026931, 0.043405, 0.998695, 0.224411, 0.000000, 0.000000, 0.000000, 1.000000, 0.026931, 0.043405, 0.998695, 0.246411, -0.996816, 0.076179, 0.023569, -0.027583, -0.075056, -0.996149, 0.045318, 0.192377, 0.000000, 0.000000, 0.000000, 1.000000, 0.999927, -0.001797, 0.011937, 0.052448, 0.012025, 0.061395, -0.998041, 0.098708, 0.001061, 0.998112, 0.061412, 0.021313, 0.000000, 0.000000, 0.000000, 1.000000
9.7596, 27.5284, 7.5422, 224.8481, 246.8481, -27.5284, 192.5313, 52.4387, 98.4699, 21.4316, 0.996872, -0.075452, -0.023520, 0.027528, 0.074380, 0.996279, -0.043550, 0.007542, 0.026719, 0.041665, 0.998774, 0.224848, 0.000000, 0.000000, 0.000000, 1.000000, 0.026719, 0.041665, 0.998774, 0.246848, -0.996872, 0.075452, 0.023520, -0.027528, -0.074380, -0.996279, 0.043550, 0.192531, 0.000000, 0.000000, 0.000000, 1.000000, 0.999926, -0.001492, 0.012082, 0.052439, 0.012151, 0.061106, -0.998057, 0.098470, 0.000751, 0.998130, 0.061120, 0.021432, 0.000000, 0.000000, 0.000000, 1.000000
9.9292, 27.4517, 7.4031, 225.1621, 247.1621, -27.4517, 192.6703, 52.4200, 98.4448, 21.6453, 0.996856, -0.075179, -0.025008, 0.027452, 0.074033, 0.996286, -0.043963, 0.007403, 0.028220, 0.041973, 0.998720, 0.225162, 0.000000, 0.000000, 0.000000, 1.000000, 0.028220, 0.041973, 0.998720, 0.247162, -0.996856, 0.075179, 0.025008, -0.027452, -0.074033, -0.996286, 0.043963, 0.192670, 0.000000, 0.000000, 0.000000, 1.000000, 0.999943, -0.001720, 0.010518, 0.052420, 0.010600, 0.057898, -0.998266, 0.098445, 0.001108, 0.998321, 0.057913, 0.021645, 0.000000, 0.000000, 0.000000, 1.000000
10.0169, 27.3785, 7.2652, 225.5489, 247.5489, -27.3785, 192.8082, 52.3801, 98.2011, 21.7144, 0.996900, -0.074650, -0.024842, 0.027379, 0.073547, 0.996377, -0.042694, 0.007265, 0.027939, 0.040735, 0.998779, 0.225549, 0.000000, 0.000000, 0.000000, 1.000000, 0.027939, 0.040735, 0.998779, 0.247549, -0.996900, 0.074650, 0.024842, -0.027379, -0.073547, -0.996377, 0.042694, 0.192808, 0.000000, 0.000000, 0.000000, 1.000000, 0.999941, -0.001500, 0.010759, 0.052380, 0.010828, 0.057651, -0.998278, 0.098201, 0.000877, 0.998336, 0.057664, 0.021714, 0.000000, 0.000000, 0.000000, 1.000000
10.1615, 27.3274, 7.1099, 225.8256, 247.8256, -27.3274, 192.9635, 52.3760, 98.1672, 21.8579, 0.996725, -0.074558, -0.031318, 0.027327, 0.073361, 0.996590, -0.037782, 0.007110, 0.034028, 0.035360, 0.998795, 0.225826, 0.000000, 0.000000, 0.000000, 1.000000, 0.034028, 0.035360, 0.998795, 0.247826, -0.996725, 0.074558, 0.031318, -0.027327, -0.073361, -0.996590, 0.037782, 0.192964, 0.000000, 0.000000, 0.000000, 1.000000, 0.999987, -0.002036, 0.004614, 0.052376, 0.004729, 0.060540, -0.998155, 0.098167, 0.001753, 0.998164, 0.060548, 0.021858, 0.000000, 0.000000, 0.000000, 1.000000
10.2979, 27.2604, 6.9511, 226.3205, 248.3205, -27.2604, 193.1223, 52.3617, 97.9009, 22.0036, 0.996914, -0.073989, -0.026219, 0.027260, 0.073116, 0.996784, -0.032809, 0.006951, 0.028562, 0.030790, 0.999118, 0.226320, 0.000000, 0.000000, 0.000000, 1.000000, 0.028562, 0.030790, 0.999118, 0.248320, -0.996914, 0.073989, 0.026219, -0.027260, -0.073116, -0.996784, 0.032809, 0.193122, 0.000000, 0.000000, 0.000000, 1.000000, 0.999948, -0.002043, 0.010021, 0.052362, 0.010130, 0.062782, -0.997976, 0.097901, 0.001410, 0.998025, 0.062799, 0.022004, 0.000000, 0.000000, 0.000000, 1.000000
10.4434, 27.1911, 6.8114, 226.7081, 248.7081, -27.1911, 193.2621, 52.3455, 97.7588, 22.1736, 0.996860, -0.073470, -0.029530, 0.027191, 0.072510, 0.996842, -0.032368, 0.006811, 0.031815, 0.030125, 0.999040, 0.226708, 0.000000, 0.000000, 0.000000, 1.000000, 0.031815, 0.030125, 0.999040, 0.248708, -0.996860, 0.073470, 0.029530, -0.027191, -0.072510, -0.996842, 0.032368, 0.193262, 0.000000, 0.000000, 0.000000, 1.000000, 0.999976, -0.001990, 0.006705, 0.052346, 0.006814, 0.060971, -0.998116, 0.097759, 0.001578, 0.998138, 0.060983, 0.022174, 0.000000, 0.000000, 0.000000, 1.000000
10.5695, 27.1417, 6.6771, 227.0073, 249.0073, -27.1417, 193.3964, 52.3393, 97.6715, 22.3025, 0.996858, -0.072994, -0.030749, 0.027142, 0.072012, 0.996893, -0.031900, 0.006677, 0.032982, 0.029586, 0.999018, 0.227007, 0.000000, 0.000000, 0.000000, 1.000000, 0.032982, 0.029586, 0.999018, 0.249007, -0.996858, 0.072994, 0.030749, -0.027142, -0.072012, -0.996893, 0.031900, 0.193396, 0.000000, 0.000000, 0.000000, 1.000000, 0.999983, -0.001914, 0.005485, 0.052339, 0.005589, 0.059364, -0.998221, 0.097671, 0.001585, 0.998235, 0.059374, 0.022303, 0.000000, 0.000000, 0.000000, 1.000000
10.7378, 27.0716, 6.5355, 227.4475, 249.4475, -27.0716, 193.5380, 52.3312, 97.5174, 22.5145, 0.996900, -0.072646, -0.030226, 0.027072, 0.071750, 0.996979, -0.029751, 0.006535, 0.032296, 0.027490, 0.999100, 0.227447, 0.000000, 0.000000, 0.000000, 1.000000, 0.032296, 0.027490, 0.999100, 0.249447, -0.996900, 0.072646, 0.030226, -0.027072, -0.071750, -0.996979, 0.029751, 0.193538, 0.000000, 0.000000, 0.000000, 1.000000, 0.999979, -0.002150, 0.006111, 0.052331, 0.006226, 0.058581, -0.998263, 0.097517, 0.001788, 0.998280, 0.058593, 0.022515, 0.000000, 0.000000, 0.000000, 1.000000
10.8338, 26.9932, 6.4082, 227.9039, 249.9039, -26.9932, 193.6653, 52.2929, 97.2195, 22.6085, 0.997059, -0.071887, -0.026557, 0.026993, 0.071161, 0.997090, -0.027338, 0.006408, 0.028445, 0.025368, 0.999273, 0.227904, 0.000000, 0.000000, 0.000000, 1.000000, 0.028445, 0.025368, 0.999273, 0.249904, -0.997059, 0.071887, 0.026557, -0.026993, -0.071161, -0.997090, 0.027338, 0.193665, 0.000000, 0.000000, 0.000000, 1.000000, 0.999949, -0.001756, 0.009914, 0.052293, 0.010000, 0.059080, -0.998203, 0.097220, 0.001167, 0.998252, 0.059095, 0.022609, 0.000000, 0.000000, 0.000000, 1.000000
10.9670, 26.9430, 6.2760, 228.2038, 250.2038, -26.9430, 193.7975, 52.2892, 97.1435, 22.7492, 0.996895, -0.071477, -0.033046, 0.026943, 0.070613, 0.997149, -0.026598, 0.006276, 0.034853, 0.024182, 0.999100, 0.228204, 0.000000, 0.000000, 0.000000, 1.000000, 0.034853, 0.024182, 0.999100, 0.250204, -0.996895, 0.071477, 0.033046, -0.026943, -0.070613, -0.997149, 0.026598, 0.193797, 0.000000, 0.000000, 0.000000, 1.000000, 0.999992, -0.001791, 0.003444, 0.052289, 0.003542, 0.057995, -0.998311, 0.097143, 0.001588, 0.998315, 0.058001, 0.022749, 0.000000, 0.000000, 0.000000, 1.000000
11.1223, 26.8886, 6.1066, 228.5192, 250.5192, -26.8886, 193.9668, 52.2850, 97.0887, 22.8941, 0.996743, -0.071330, -0.037608, 0.026889, 0.070513, 0.997254, -0.022625, 0.006107, 0.039119, 0.019899, 0.999036, 0.228519, 0.000000, 0.000000, 0.000000, 1.000000, 0.039119, 0.019899, 0.999036, 0.250519, -0.996743, 0.071330, 0.037608, -0.026889, -0.070513, -0.997254, 0.022625, 0.193967, 0.000000, 0.000000, 0.000000, 1.000000, 0.999997, -0.002271, -0.000872, 0.052285, -0.000736, 0.059609, -0.998222, 0.097089, 0.002319, 0.998219, 0.059607, 0.022894, 0.000000, 0.000000, 0.000000, 1.000000
11.2324, 26.8132, 5.9862, 229.0543, 251.0543, -26.8132, 194.0872, 52.2576, 96.7380, 23.0226, 0.997075, -0.070880, -0.028606, 0.026813, 0.070324, 0.997324, -0.019996, 0.005986, 0.029947, 0.017926, 0.999391, 0.229054, 0.000000, 0.000000, 0.000000, 1.000000, 0.029947, 0.017926, 0.999391, 0.251054, -0.997075, 0.070880, 0.028606, -0.026813, -0.070324, -0.997324, 0.019996, 0.194087, 0.000000, 0.000000, 0.000000, 1.000000, 0.999963, -0.002225, 0.008263, 0.052258, 0.008381, 0.059706, -0.998181, 0.096738, 0.001727, 0.998214, 0.059723, 0.023023, 0.000000, 0.000000, 0.000000, 1.000000
11.3698, 26.7383, 5.8468, 229.4241, 251.4241, -26.7383, 194.2266, 52.2320, 96.5984, 23.1675, 0.997082, -0.070074, -0.030289, 0.026738, 0.069490, 0.997384, -0.019912, 0.005847, 0.031605, 0.017749, 0.999343, 0.229424, 0.000000, 0.000000, 0.000000, 1.000000, 0.031605, 0.017749, 0.999343, 0.251424, -0.997082, 0.070074, 0.030289, -0.026738, -0.069490, -0.997384, 0.019912, 0.194227, 0.000000, 0.000000, 0.000000, 1.000000, 0.999977, -0.001838, 0.006549, 0.052232, 0.006644, 0.057558, -0.998320, 0.096598, 0.001458, 0.998340, 0.057569, 0.023167, 0.000000, 0.000000, 0.000000, 1.000000
11.4985, 26.6596, 5.7143, 229.7521, 251.7521, -26.6596, 194.3592, 52.1987, 96.4857, 23.2995, 0.997097, -0.069710, -0.030634, 0.026660, 0.069110, 0.997404, -0.020226, 0.005714, 0.031964, 0.018050, 0.999326, 0.229752, 0.000000, 0.000000, 0.000000, 1.000000, 0.031964, 0.018050, 0.999326, 0.251752, -0.997097, 0.069710, 0.030634, -0.026660, -0.069110, -0.997404, 0.020226, 0.194359, 0.000000, 0.000000, 0.000000, 1.000000, 0.999979, -0.001852, 0.006148, 0.052199, 0.006240, 0.055062, -0.998463, 0.096486, 0.001510, 0.998481, 0.055072, 0.023299, 0.000000, 0.000000, 0.000000, 1.000000
11.6178, 26.5991, 5.5844, 230.2187, 252.2187, -26.5991, 194.4891, 52.1858, 96.2190, 23.4246, 0.997083, -0.069356, -0.031850, 0.026599, 0.068838, 0.997482, -0.017076, 0.005584, 0.032954, 0.014834, 0.999347, 0.230219, 0.000000, 0.000000, 0.000000, 1.000000, 0.032954, 0.014834, 0.999347, 0.252219, -0.997083, 0.069356, 0.031850, -0.026599, -0.068838, -0.997482, 0.017076, 0.194489, 0.000000, 0.000000, 0.000000, 1.000000, 0.999985, -0.001976, 0.005113, 0.052186, 0.005216, 0.056237, -0.998404, 0.096219, 0.001685, 0.998415, 0.056247, 0.023425, 0.000000, 0.000000, 0.000000, 1.000000
11.7560, 26.5300, 5.4448, 230.5925, 252.5925, -26.5300, 194.6286, 52.1663, 96.0769, 23.5668, 0.997178, -0.068414, -0.030927, 0.026530, 0.067982, 0.997576, -0.014824, 0.005445, 0.031866, 0.012679, 0.999412, 0.230593, 0.000000, 0.000000, 0.000000, 1.000000, 0.031866, 0.012679, 0.999412, 0.252593, -0.997178, 0.068414, 0.030927, -0.026530, -0.067982, -0.997576, 0.014824, 0.194629, 0.000000, 0.000000, 0.000000, 1.000000, 0.999980, -0.001530, 0.006147, 0.052166, 0.006223, 0.056051, -0.998409, 0.096077, 0.001183, 0.998427, 0.056059, 0.023567, 0.000000, 0.000000, 0.000000, 1.000000
11.8993, 26.4854, 5.3267, 230.9606, 252.9606, -26.4854, 194.7468, 52.1740, 95.9516, 23.7362, 0.997060, -0.068296, -0.034733, 0.026485, 0.067855, 0.997601, -0.013713, 0.005327, 0.035587, 0.011316, 0.999303, 0.230961, 0.000000, 0.000000, 0.000000, 1.000000, 0.035587, 0.011316, 0.999303, 0.252961, -0.997060, 0.068296, 0.034733, -0.026485, -0.067855, -0.997601, 0.013713, 0.194747, 0.000000, 0.000000, 0.000000, 1.000000, 0.999995, -0.001895, 0.002381, 0.052174, 0.002482, 0.054957, -0.998486, 0.095952, 0.001761, 0.998487, 0.054962, 0.023736, 0.000000, 0.000000, 0.000000, 1.000000
12.0527, 26.4224, 5.1711, 231.3344, 253.3344, -26.4224, 194.9024, 52.1644, 95.8350, 23.8869, 0.997069, -0.067972, -0.035125, 0.026422, 0.067692, 0.997665, -0.009086, 0.005171, 0.035661, 0.006681, 0.999342, 0.231334, 0.000000, 0.000000, 0.000000, 1.000000, 0.035661, 0.006681, 0.999342, 0.253334, -0.997069, 0.067972, 0.035125, -0.026422, -0.067692, -0.997665, 0.009086, 0.194902, 0.000000, 0.000000, 0.000000, 1.000000, 0.999995, -0.002207, 0.002253, 0.052164, 0.002375, 0.056962, -0.998373, 0.095835, 0.002075, 0.998374, 0.056967, 0.023887, 0.000000, 0.000000, 0.000000, 1.000000
12.1614, 26.3358, 5.0389, 231.7711, 253.7711, -26.3358, 195.0345, 52.1207, 95.5783, 23.9847, 0.997166, -0.067419, -0.033397, 0.026336, 0.067179, 0.997707, -0.008278, 0.005039, 0.033879, 0.006011, 0.999408, 0.231771, 0.000000, 0.000000, 0.000000, 1.000000, 0.033879, 0.006011, 0.999408, 0.253771, -0.997166, 0.067419, 0.033397, -0.026336, -0.067179, -0.997707, 0.008278, 0.195035, 0.000000, 0.000000, 0.000000, 1.000000, 0.999990, -0.002007, 0.004000, 0.052121, 0.004106, 0.055786, -0.998434, 0.095578, 0.001781, 0.998441, 0.055793, 0.023985, 0.000000, 0.000000, 0.000000, 1.000000
12.3001, 26.2721, 4.9141, 232.2334, 254.2334, -26.2721, 195.1594, 52.1109, 95.3495, 24.1420, 0.997319, -0.066728, -0.030042, 0.026272, 0.066607, 0.997767, -0.004985, 0.004914, 0.030307, 0.002970, 0.999536, 0.232233, 0.000000, 0.000000, 0.000000, 1.000000, 0.030307, 0.002970, 0.999536, 0.254233, -0.997319, 0.066728, 0.030042, -0.026272, -0.066607, -0.997767, 0.004985, 0.195159, 0.000000, 0.000000, 0.000000, 1.000000, 0.999970, -0.001847, 0.007526, 0.052111, 0.007618, 0.056467, -0.998375, 0.095350, 0.001419, 0.998403, 0.056479, 0.024142, 0.000000, 0.000000, 0.000000, 1.000000
12.4185, 26.2081, 4.7889, 232.4575, 254.4575, -26.2081, 195.2845, 52.0864, 95.3225, 24.2477, 0.997042, -0.066534, -0.038471, 0.026208, 0.066375, 0.997780, -0.005387, 0.004789, 0.038744, 0.002818, 0.999245, 0.232458, 0.000000, 0.000000, 0.000000, 1.000000, 0.038744, 0.002818, 0.999245, 0.254458, -0.997042, 0.066534, 0.038471, -0.026208, -0.066375, -0.997780, 0.005387, 0.195285, 0.000000, 0.000000, 0.000000, 1.000000, 0.999998, -0.002020, -0.000957, 0.052086, -0.000846, 0.054595, -0.998508, 0.095322, 0.002069, 0.998507, 0.054593, 0.024248, 0.000000, 0.000000, 0.000000, 1.000000
12.5714, 26.1541, 4.6652, 232.8557, 254.8557, -26.1541, 195.4082, 52.0885, 95.1828, 24.4249, 0.996991, -0.066135, -0.040424, 0.026154, 0.066071, 0.997811, -0.002903, 0.004665, 0.040528, 0.000223, 0.999178, 0.232856, 0.000000, 0.000000, 0.000000, 1.000000, 0.040528, 0.000223, 0.999178, 0.254856, -0.996991, 0.066135, 0.040424, -0.026154, -0.066071, -0.997811, 0.002903, 0.195408, 0.000000, 0.000000, 0.000000, 1.000000, 0.999994, -0.002180, -0.002791, 0.052088, -0.002668, 0.054574, -0.998506, 0.095183, 0.002329, 0.998507, 0.054568, 0.024425, 0.000000, 0.000000, 0.000000, 1.000000
12.7136, 26.0851, 4.5278, 233.3800, 255.3800, -26.0851, 195.5457, 52.0761, 94.8969, 24.5752, 0.997222, -0.065537, -0.035391, 0.026085, 0.065591, 0.997847, 0.000364, 0.004528, 0.035291, -0.002684, 0.999373, 0.233380, 0.000000, 0.000000, 0.000000, 1.000000, 0.035291, -0.002684, 0.999373, 0.255380, -0.997222, 0.065537, 0.035391, -0.026085, -0.065591, -0.997847, -0.000364, 0.195546, 0.000000, 0.000000, 0.000000, 1.000000, 0.999995, -0.002121, 0.002405, 0.052076, 0.002519, 0.055057, -0.998480, 0.094897, 0.001985, 0.998481, 0.055063, 0.024575, 0.000000, 0.000000, 0.000000, 1.000000
12.8428, 26.0354, 4.4130, 233.7357, 255.7357, -26.0354, 195.6604, 52.0738, 94.7586, 24.7134, 0.997167, -0.064862, -0.038080, 0.026035, 0.064871, 0.997893, -0.000995, 0.004413, 0.038065, -0.001478, 0.999274, 0.233736, 0.000000, 0.000000, 0.000000, 1.000000, 0.038065, -0.001478, 0.999274, 0.255736, -0.997167, 0.064862, 0.038080, -0.026035, -0.064871, -0.997893, 0.000995, 0.195660, 0.000000, 0.000000, 0.000000, 1.000000, 0.999998, -0.001789, -0.000402, 0.052074, -0.000309, 0.051662, -0.998665, 0.094759, 0.001807, 0.998663, 0.051661, 0.024713, 0.000000, 0.000000, 0.000000, 1.000000
12.9797, 25.9517, 4.2924, 234.1610, 256.1610, -25.9517, 195.7811, 52.0422, 94.5626, 24.8637, 0.997258, -0.064551, -0.036186, 0.025952, 0.064724, 0.997897, 0.003606, 0.004292, 0.035877, -0.005938, 0.999339, 0.234161, 0.000000, 0.000000, 0.000000, 1.000000, 0.035877, -0.005938, 0.999339, 0.256161, -0.997258, 0.064551, 0.036186, -0.025952, -0.064724, -0.997897, -0.003606, 0.195781, 0.000000, 0.000000, 0.000000, 1.000000, 0.999996, -0.002061, 0.001742, 0.052042, 0.001850, 0.053775, -0.998551, 0.094563, 0.001964, 0.998551, 0.053778, 0.024864, 0.000000, 0.000000, 0.000000, 1.000000
13.1227, 25.8613, 4.1661, 234.5009, 256.5009, -25.8613, 195.9073, 52.0022, 94.4620, 25.0145, 0.997236, -0.064099, -0.037563, 0.025861, 0.064295, 0.997923, 0.004029, 0.004166, 0.037227, -0.006433, 0.999286, 0.234501, 0.000000, 0.000000, 0.000000, 1.000000, 0.037227, -0.006433, 0.999286, 0.256501, -0.997236, 0.064099, 0.037563, -0.025861, -0.064295, -0.997923, -0.004029, 0.195907, 0.000000, 0.000000, 0.000000, 1.000000, 0.999998, -0.002059, 0.000354, 0.052002, 0.000460, 0.051831, -0.998656, 0.094462, 0.002038, 0.998654, 0.051832, 0.025014, 0.000000, 0.000000, 0.000000, 1.000000
13.2361, 25.8056, 4.0303, 234.8907, 256.8907, -25.8056, 196.0432, 51.9880, 94.2612, 25.1016, 0.997255, -0.063573, -0.037970, 0.025806, 0.063871, 0.997936, 0.006704, 0.004030, 0.037466, -0.009110, 0.999256, 0.234891, 0.000000, 0.000000, 0.000000, 1.000000, 0.037466, -0.009110, 0.999256, 0.256891, -0.997255, 0.063573, 0.037970, -0.025806, -0.063871, -0.997936, -0.006704, 0.196043, 0.000000, 0.000000, 0.000000, 1.000000, 0.999998, -0.001977, 0.000090, 0.051988, 0.000194, 0.052577, -0.998617, 0.094261, 0.001969, 0.998615, 0.052577, 0.025102, 0.000000, 0.000000, 0.000000, 1.000000
13.3721, 25.7419, 3.9218, 235.2679, 257.2679, -25.7419, 196.1516, 51.9750, 94.1127, 25.2551, 0.997254, -0.063137, -0.038712, 0.025742, 0.063402, 0.997972, 0.005653, 0.003922, 0.038277, -0.008092, 0.999234, 0.235268, 0.000000, 0.000000, 0.000000, 1.000000, 0.038277, -0.008092, 0.999234, 0.257268, -0.997254, 0.063137, 0.038712, -0.025742, -0.063402, -0.997972, -0.005653, 0.196152, 0.000000, 0.000000, 0.000000, 1.000000, 0.999998, -0.001913, -0.000752, 0.051975, -0.000656, 0.049242, -0.998787, 0.094113, 0.001947, 0.998785, 0.049241, 0.025255, 0.000000, 0.000000, 0.000000, 1.000000
13.5334, 25.6883, 3.8004, 235.7776, 257.7776, -25.6883, 196.2730, 51.9843, 93.8751, 25.4437, 0.997354, -0.062673, -0.036837, 0.025688, 0.063018, 0.997978, 0.008286, 0.003800, 0.036243, -0.010585, 0.999287, 0.235778, 0.000000, 0.000000, 0.000000, 1.000000, 0.036243, -0.010585, 0.999287, 0.257778, -0.997354, 0.062673, 0.036837, -0.025688, -0.063018, -0.997978, -0.008286, 0.196273, 0.000000, 0.000000, 0.000000, 1.000000, 0.999997, -0.002030, 0.001240, 0.051984, 0.001338, 0.048979, -0.998799, 0.093875, 0.001967, 0.998798, 0.048982, 0.025444, 0.000000, 0.000000, 0.000000, 1.000000
13.6369, 25.6153, 3.6782, 236.0992, 258.0992, -25.6153, 196.3953, 51.9494, 93.7245, 25.5215, 0.997224, -0.062283, -0.040798, 0.025615, 0.062828, 0.997950, 0.012194, 0.003678, 0.039955, -0.014724, 0.999093, 0.236099, 0.000000, 0.000000, 0.000000, 1.000000, 0.039955, -0.014724, 0.999093, 0.258099, -0.997224, 0.062283, 0.040798, -0.025615, -0.062828, -0.997950, -0.012194, 0.196395, 0.000000, 0.000000, 0.000000, 1.000000, 0.999995, -0.002111, -0.002515, 0.051949, -0.002403, 0.051348, -0.998678, 0.093725, 0.002237, 0.998679, 0.051343, 0.025522, 0.000000, 0.000000, 0.000000, 1.000000
13.7656, 25.5564, 3.5769, 236.5954, 258.5954, -25.5564, 196.4966, 51.9436, 93.4447, 25.6692, 0.997413, -0.061224, -0.037666, 0.025556, 0.061723, 0.998019, 0.012216, 0.003577, 0.036843, -0.014510, 0.999216, 0.236595, 0.000000, 0.000000, 0.000000, 1.000000, 0.036843, -0.014510, 0.999216, 0.258595, -0.997413, 0.061224, 0.037666, -0.025556, -0.061723, -0.998019, -0.012216, 0.196497, 0.000000, 0.000000, 0.000000, 1.000000, 0.999999, -0.001432, 0.000581, 0.051944, 0.000651, 0.048964, -0.998800, 0.093445, 0.001401, 0.998800, 0.048965, 0.025669, 0.000000, 0.000000, 0.000000, 1.000000
13.9410, 25.4763, 3.4402, 237.0165, 259.0165, -25.4763, 196.6333, 51.9257, 93.3183, 25.8606, 0.997447, -0.061167, -0.036845, 0.025476, 0.061783, 0.997964, 0.015818, 0.003440, 0.035802, -0.018054, 0.999196, 0.237017, 0.000000, 0.000000, 0.000000, 1.000000, 0.035802, -0.018054, 0.999196, 0.259017, -0.997447, 0.061167, 0.036845, -0.025476, -0.061783, -0.997964, -0.015818, 0.196633, 0.000000, 0.000000, 0.000000, 1.000000, 0.999997, -0.002041, 0.001578, 0.051926, 0.001677, 0.049494, -0.998773, 0.093318, 0.001960, 0.998772, 0.049497, 0.025861, 0.000000, 0.000000, 0.000000, 1.000000
14.0317, 25.3993, 3.3151, 237.3291, 259.3291, -25.3993, 196.7584, 51.8824, 93.1546, 25.9098, 0.997472, -0.060346, -0.037519, 0.025399, 0.061064, 0.997966, 0.018315, 0.003315, 0.036338, -0.020560, 0.999128, 0.237329, 0.000000, 0.000000, 0.000000, 1.000000, 0.036338, -0.020560, 0.999128, 0.259329, -0.997472, 0.060346, 0.037519, -0.025399, -0.061064, -0.997966, -0.018315, 0.196758, 0.000000, 0.000000, 0.000000, 1.000000, 0.999998, -0.001589, 0.001020, 0.051882, 0.001099, 0.050468, -0.998725, 0.093155, 0.001535, 0.998724, 0.050470, 0.025910, 0.000000, 0.000000, 0.000000, 1.000000
14.1809, 25.3375, 3.2238, 237.7707, 259.7707, -25.3375, 196.8496, 51.8787, 92.9642, 26.0972, 0.997496, -0.060108, -0.037254, 0.025337, 0.060763, 0.998012, 0.016706, 0.003224, 0.036176, -0.018928, 0.999166, 0.237771, 0.000000, 0.000000, 0.000000, 1.000000, 0.036176, -0.018928, 0.999166, 0.259771, -0.997496, 0.060108, 0.037254, -0.025337, -0.060763, -0.998012, -0.016706, 0.196850, 0.000000, 0.000000, 0.000000, 1.000000, 0.999998, -0.001740, 0.001152, 0.051879, 0.001232, 0.046287, -0.998927, 0.092964, 0.001684, 0.998927, 0.046289, 0.026097, 0.000000, 0.000000, 0.000000, 1.000000
14.2998, 25.2805, 3.0930, 238.2020, 260.2020, -25.2805, 196.9805, 51.8674, 92.7312, 26.1899, 0.997508, -0.059529, -0.037871, 0.025280, 0.060381, 0.997938, 0.021772, 0.003093, 0.036497, -0.024004, 0.999045, 0.238202, 0.000000, 0.000000, 0.000000, 1.000000, 0.036497, -0.024004, 0.999045, 0.260202, -0.997508, 0.059529, 0.037871, -0.025280, -0.060381, -0.997938, -0.021772, 0.196980, 0.000000, 0.000000, 0.000000, 1.000000, 0.999998, -0.001715, 0.000800, 0.051867, 0.000883, 0.049335, -0.998782, 0.092731, 0.001673, 0.998781, 0.049337, 0.026190, 0.000000, 0.000000, 0.000000, 1.000000
14.4448, 25.2167, 2.9863, 238.5268, 260.5268, -25.2167, 197.0871, 51.8551, 92.6497, 26.3489, 0.997351, -0.058918, -0.042666, 0.025217, 0.059876, 0.997973, 0.021547, 0.002986, 0.041310, -0.024044, 0.998857, 0.238527, 0.000000, 0.000000, 0.000000, 1.000000, 0.041310, -0.024044, 0.998857, 0.260527, -0.997351, 0.058918, 0.042666, -0.025217, -0.059876, -0.997973, -0.021547, 0.197087, 0.000000, 0.000000, 0.000000, 1.000000, 0.999991, -0.001543, -0.004040, 0.051855, -0.003964, 0.046909, -0.998891, 0.092650, 0.001731, 0.998898, 0.046902, 0.026349, 0.000000, 0.000000, 0.000000, 1.000000
14.5703, 25.1252, 2.8717, 238.9686, 260.9686, -25.1252, 197.2017, 51.8121, 92.4169, 26.4688, 0.997561, -0.058565, -0.037963, 0.025125, 0.059443, 0.997980, 0.022413, 0.002872, 0.036573, -0.024615, 0.999028, 0.238969, 0.000000, 0.000000, 0.000000, 1.000000, 0.036573, -0.024615, 0.999028, 0.260969, -0.997561, 0.058565, 0.037963, -0.025125, -0.059443, -0.997980, -0.022413, 0.197202, 0.000000, 0.000000, 0.000000, 1.000000, 0.999998, -0.001592, 0.000684, 0.051812, 0.000756, 0.045338, -0.998971, 0.092417, 0.001559, 0.998970, 0.045339, 0.026469, 0.000000, 0.000000, 0.000000, 1.000000
14.7017, 25.0746, 2.7742, 239.3016, 261.3016, -25.0746, 197.2993, 51.8095, 92.3043, 26.6102, 0.997466, -0.058280, -0.040814, 0.025075, 0.059216, 0.998000, 0.022114, 0.002774, 0.039444, -0.024475, 0.998922, 0.239302, 0.000000, 0.000000, 0.000000, 1.000000, 0.039444, -0.024475, 0.998922, 0.261302, -0.997466, 0.058280, 0.040814, -0.025075, -0.059216, -0.998000, -0.022114, 0.197299, 0.000000, 0.000000, 0.000000, 1.000000, 0.999996, -0.001698, -0.002214, 0.051809, -0.002139, 0.042952, -0.999075, 0.092304, 0.001792, 0.999076, 0.042949, 0.026610, 0.000000, 0.000000, 0.000000, 1.000000
14.8436, 25.0013, 2.6425, 239.7940, 261.7940, -25.0013, 197.4310, 51.7917, 92.0488, 26.7388, 0.997600, -0.058013, -0.037796, 0.025001, 0.059068, 0.997878, 0.027408, 0.002642, 0.036126, -0.029574, 0.998910, 0.239794, 0.000000, 0.000000, 0.000000, 1.000000, 0.036126, -0.029574, 0.998910, 0.261794, -0.997600, 0.058013, 0.037796, -0.025001, -0.059068, -0.997878, -0.027408, 0.197431, 0.000000, 0.000000, 0.000000, 1.000000, 0.999997, -0.002062, 0.001065, 0.051792, 0.001158, 0.045618, -0.998958, 0.092049, 0.002011, 0.998957, 0.045620, 0.026739, 0.000000, 0.000000, 0.000000, 1.000000
14.9654, 24.9194, 2.5284, 240.1293, 262.1293, -24.9194, 197.5450, 51.7539, 91.9159, 26.8463, 0.997470, -0.057148, -0.042277, 0.024919, 0.058392, 0.997878, 0.028808, 0.002528, 0.040541, -0.031203, 0.998691, 0.240129, 0.000000, 0.000000, 0.000000, 1.000000, 0.040541, -0.031203, 0.998691, 0.262129, -0.997470, 0.057148, 0.042277, -0.024919, -0.058392, -0.997878, -0.028808, 0.197545, 0.000000, 0.000000, 0.000000, 1.000000, 0.999993, -0.001627, -0.003364, 0.051754, -0.003287, 0.045187, -0.998973, 0.091916, 0.001778, 0.998977, 0.045182, 0.026846, 0.000000, 0.000000, 0.000000, 1.000000
15.1330, 24.8609, 2.4204, 240.5414, 262.5414, -24.8609, 197.6531, 51.7569, 91.7851, 27.0379, 0.997562, -0.056430, -0.041064, 0.024861, 0.057764, 0.997815, 0.032059, 0.002420, 0.039165, -0.034353, 0.998642, 0.240541, 0.000000, 0.000000, 0.000000, 1.000000, 0.039165, -0.034353, 0.998642, 0.262541, -0.997562, 0.056430, 0.041064, -0.024861, -0.057764, -0.997815, -0.032059, 0.197653, 0.000000, 0.000000, 0.000000, 1.000000, 0.999997, -0.001539, -0.002014, 0.051757, -0.001942, 0.045481, -0.998963, 0.091785, 0.001629, 0.998964, 0.045478, 0.027038, 0.000000, 0.000000, 0.000000, 1.000000
15.2541, 24.7952, 2.3147, 241.1265, 263.1265, -24.7952, 197.7588, 51.7448, 91.4021, 27.1516, 0.997813, -0.056362, -0.034533, 0.024795, 0.057498, 0.997805, 0.032836, 0.002315, 0.032606, -0.034750, 0.998864, 0.241127, 0.000000, 0.000000, 0.000000, 1.000000, 0.032606, -0.034750, 0.998864, 0.263127, -0.997813, 0.056362, 0.034533, -0.024795, -0.057498, -0.997805, -0.032836, 0.197759, 0.000000, 0.000000, 0.000000, 1.000000, 0.999988, -0.001852, 0.004524, 0.051745, 0.004601, 0.043801, -0.999030, 0.091402, 0.001652, 0.999039, 0.043809, 0.027152, 0.000000, 0.000000, 0.000000, 1.000000
15.3837, 24.7313, 2.2196, 241.4561, 263.4561, -24.7313, 197.8538, 51.7288, 91.2887, 27.2868, 0.997730, -0.055608, -0.037970, 0.024731, 0.056924, 0.997782, 0.034505, 0.002220, 0.035967, -0.036588, 0.998683, 0.241456, 0.000000, 0.000000, 0.000000, 1.000000, 0.035967, -0.036588, 0.998683, 0.263456, -0.997730, 0.055608, 0.037970, -0.024731, -0.056924, -0.997782, -0.034505, 0.197854, 0.000000, 0.000000, 0.000000, 1.000000, 0.999998, -0.001562, 0.001141, 0.051729, 0.001208, 0.043439, -0.999055, 0.091289, 0.001510, 0.999055, 0.043441, 0.027287, 0.000000, 0.000000, 0.000000, 1.000000
15.4953, 24.6375, 2.1121, 241.8921, 263.8921, -24.6375, 197.9613, 51.6801, 91.0375, 27.3796, 0.997784, -0.055103, -0.037289, 0.024638, 0.056416, 0.997789, 0.035124, 0.002112, 0.035271, -0.037150, 0.998687, 0.241892, 0.000000, 0.000000, 0.000000, 1.000000, 0.035271, -0.037150, 0.998687, 0.263892, -0.997784, 0.055103, 0.037289, -0.024638, -0.056416, -0.997789, -0.035124, 0.197961, 0.000000, 0.000000, 0.000000, 1.000000, 0.999997, -0.001415, 0.001828, 0.051680, 0.001886, 0.042103, -0.999111, 0.091037, 0.001337, 0.999112, 0.042106, 0.027380, 0.000000, 0.000000, 0.000000, 1.000000
15.6324, 24.5938, 2.0186, 242.2786, 264.2786, -24.5938, 198.0548, 51.6880, 90.8808, 27.5260, 0.997748, -0.054592, -0.038968, 0.024594, 0.055989, 0.997792, 0.035716, 0.002019, 0.036932, -0.037817, 0.998602, 0.242279, 0.000000, 0.000000, 0.000000, 1.000000, 0.036932, -0.037817, 0.998602, 0.264279, -0.997748, 0.054592, 0.038968, -0.024594, -0.055989, -0.997792, -0.035716, 0.198055, 0.000000, 0.000000, 0.000000, 1.000000, 0.999999, -0.001344, 0.000150, 0.051688, 0.000205, 0.040434, -0.999182, 0.090881, 0.001337, 0.999181, 0.040434, 0.027526, 0.000000, 0.000000, 0.000000, 1.000000
15.7994, 24.5307, 1.8916, 242.7101, 264.7101, -24.5307, 198.1819, 51.6857, 90.7285, 27.6899, 0.997757, -0.054433, -0.038958, 0.024531, 0.055993, 0.997625, 0.040120, 0.001892, 0.036682, -0.042211, 0.998435, 0.242710, 0.000000, 0.000000, 0.000000, 1.000000, 0.036682, -0.042211, 0.998435, 0.264710, -0.997757, 0.054433, 0.038958, -0.024531, -0.055993, -0.997625, -0.040120, 0.198182, 0.000000, 0.000000, 0.000000, 1.000000, 0.999998, -0.001864, 0.000354, 0.051686, 0.000431, 0.041962, -0.999119, 0.090729, 0.001847, 0.999117, 0.041963, 0.027690, 0.000000, 0.000000, 0.000000, 1.000000
15.9190, 24.4342, 1.7726, 243.0907, 265.0907, -24.4342, 198.3009, 51.6340, 90.5460, 27.7807, 0.997865, -0.053970, -0.036776, 0.024434, 0.055664, 0.997356, 0.046712, 0.001773, 0.034157, -0.048659, 0.998231, 0.243091, 0.000000, 0.000000, 0.000000, 1.000000, 0.034157, -0.048659, 0.998231, 0.265091, -0.997865, 0.053970, 0.036776, -0.024434, -0.055664, -0.997356, -0.046712, 0.198301, 0.000000, 0.000000, 0.000000, 1.000000, 0.999994, -0.002017, 0.002851, 0.051634, 0.002941, 0.046371, -0.998920, 0.090546, 0.001882, 0.998922, 0.046376, 0.027781, 0.000000, 0.000000, 0.000000, 1.000000
16.0374, 24.3798, 1.6861, 243.5781, 265.5781, -24.3798, 198.3874, 51.6296, 90.2563, 27.8982, 0.997810, -0.053292, -0.039181, 0.024380, 0.054998, 0.997523, 0.043847, 0.001686, 0.036747, -0.045906, 0.998270, 0.243578, 0.000000, 0.000000, 0.000000, 1.000000, 0.036747, -0.045906, 0.998270, 0.265578, -0.997810, 0.053292, 0.039181, -0.024380, -0.054998, -0.997523, -0.043847, 0.198387, 0.000000, 0.000000, 0.000000, 1.000000, 0.999999, -0.001587, 0.000269, 0.051630, 0.000335, 0.041611, -0.999134, 0.090256, 0.001574, 0.999133, 0.041612, 0.027898, 0.000000, 0.000000, 0.000000, 1.000000
16.1829, 24.3210, 1.5974, 243.8318, 265.8318, -24.3210, 198.4761, 51.6197, 90.2458, 28.0597, 0.997710, -0.052426, -0.042742, 0.024321, 0.054277, 0.997585, 0.043346, 0.001597, 0.040367, -0.045567, 0.998145, 0.243832, 0.000000, 0.000000, 0.000000, 1.000000, 0.040367, -0.045567, 0.998145, 0.265832, -0.997710, 0.052426, 0.042742, -0.024321, -0.054277, -0.997585, -0.043346, 0.198476, 0.000000, 0.000000, 0.000000, 1.000000, 0.999994, -0.001147, -0.003342, 0.051620, -0.003295, 0.038806, -0.999241, 0.090246, 0.001276, 0.999246, 0.038802, 0.028060, 0.000000, 0.000000, 0.000000, 1.000000
16.3173, 24.2376, 1.4967, 244.3966, 266.3966, -24.2376, 198.5768, 51.5934, 89.9046, 28.1883, 0.997961, -0.052426, -0.036394, 0.024238, 0.054047, 0.997520, 0.045084, 0.001497, 0.033940, -0.046959, 0.998320, 0.244397, 0.000000, 0.000000, 0.000000, 1.000000, 0.033940, -0.046959, 0.998320, 0.266397, -0.997961, 0.052426, 0.036394, -0.024238, -0.054047, -0.997520, -0.045084, 0.198577, 0.000000, 0.000000, 0.000000, 1.000000, 0.999994, -0.001609, 0.003061, 0.051593, 0.003119, 0.037888, -0.999277, 0.089905, 0.001492, 0.999281, 0.037892, 0.028188, 0.000000, 0.000000, 0.000000, 1.000000
16.4384, 24.1438, 1.3688, 244.8555, 266.8555, -24.1438, 198.7046, 51.5472, 89.6465, 28.2667, 0.998143, -0.052127, -0.031511, 0.024144, 0.053766, 0.997114, 0.053598, 0.001369, 0.028626, -0.055193, 0.998065, 0.244856, 0.000000, 0.000000, 0.000000, 1.000000, 0.028626, -0.055193, 0.998065, 0.266856, -0.998143, 0.052127, 0.031511, -0.024144, -0.053766, -0.997114, -0.053598, 0.198705, 0.000000, 0.000000, 0.000000, 1.000000, 0.999963, -0.002004, 0.008342, 0.051547, 0.008422, 0.044051, -0.998994, 0.089646, 0.001634, 0.999027, 0.044066, 0.028267, 0.000000, 0.000000, 0.000000, 1.000000
16.5676, 24.0926, 1.2957, 245.2213, 267.2213, -24.0926, 198.7778, 51.5454, 89.4961, 28.4109, 0.997960, -0.051283, -0.038015, 0.024093, 0.053136, 0.997362, 0.049447, 0.001296, 0.035379, -0.051366, 0.998053, 0.245221, 0.000000, 0.000000, 0.000000, 1.000000, 0.035379, -0.051366, 0.998053, 0.267221, -0.997960, 0.051283, 0.038015, -0.024093, -0.053136, -0.997362, -0.049447, 0.198778, 0.000000, 0.000000, 0.000000, 1.000000, 0.999998, -0.001397, 0.001604, 0.051545, 0.001656, 0.038038, -0.999275, 0.089496, 0.001335, 0.999275, 0.038040, 0.028411, 0.000000, 0.000000, 0.000000, 1.000000
16.7102, 24.0360, 1.2110, 245.6830, 267.6830, -24.0360, 198.8625, 51.5453, 89.2722, 28.5638, 0.998046, -0.050924, -0.036208, 0.024036, 0.052687, 0.997382, 0.049525, 0.001211, 0.033591, -0.051336, 0.998116, 0.245683, 0.000000, 0.000000, 0.000000, 1.000000, 0.033591, -0.051336, 0.998116, 0.267683, -0.998046, 0.050924, 0.036208, -0.024036, -0.052687, -0.997382, -0.049525, 0.198862, 0.000000, 0.000000, 0.000000, 1.000000, 0.999993, -0.001468, 0.003383, 0.051545, 0.003433, 0.035572, -0.999361, 0.089272, 0.001347, 0.999366, 0.035576, 0.028564, 0.000000, 0.000000, 0.000000, 1.000000
16.8324, 23.9565, 1.1002, 246.0615, 268.0615, -23.9565, 198.9733, 51.5123, 89.0962, 28.6573, 0.998068, -0.050392, -0.036344, 0.023956, 0.052333, 0.997135, 0.054608, 0.001100, 0.033488, -0.056404, 0.997846, 0.246062, 0.000000, 0.000000, 0.000000, 1.000000, 0.033488, -0.056404, 0.997846, 0.268062, -0.998068, 0.050392, 0.036344, -0.023956, -0.052333, -0.997135, -0.054608, 0.198973, 0.000000, 0.000000, 0.000000, 1.000000, 0.999993, -0.001507, 0.003462, 0.051512, 0.003518, 0.038561, -0.999250, 0.089096, 0.001372, 0.999255, 0.038566, 0.028657, 0.000000, 0.000000, 0.000000, 1.000000
16.9677, 23.8674, 0.9883, 246.5294, 268.5294, -23.8674, 199.0851, 51.4763, 88.8531, 28.7693, 0.998248, -0.050134, -0.031431, 0.023867, 0.051934, 0.996888, 0.059314, 0.000988, 0.028359, -0.060842, 0.997744, 0.246529, 0.000000, 0.000000, 0.000000, 1.000000, 0.028359, -0.060842, 0.997744, 0.268529, -0.998248, 0.050134, 0.031431, -0.023867, -0.051934, -0.996888, -0.059314, 0.199085, 0.000000, 0.000000, 0.000000, 1.000000, 0.999962, -0.001836, 0.008570, 0.051476, 0.008637, 0.040685, -0.999135, 0.088853, 0.001485, 0.999170, 0.040699, 0.028769, 0.000000, 0.000000, 0.000000, 1.000000
17.1211, 23.8094, 0.9085, 246.9613, 268.9613, -23.8094, 199.1649, 51.4771, 88.6763, 28.9411, 0.998111, -0.049374, -0.036547, 0.023809, 0.051431, 0.997010, 0.057672, 0.000909, 0.033591, -0.059443, 0.997666, 0.246961, 0.000000, 0.000000, 0.000000, 1.000000, 0.033591, -0.059443, 0.997666, 0.268961, -0.998111, 0.049374, 0.036547, -0.023809, -0.051431, -0.997010, -0.057672, 0.199165, 0.000000, 0.000000, 0.000000, 1.000000, 0.999993, -0.001483, 0.003343, 0.051477, 0.003395, 0.036680, -0.999321, 0.088676, 0.001359, 0.999326, 0.036684, 0.028941, 0.000000, 0.000000, 0.000000, 1.000000
17.2567, 23.7427, 0.8152, 247.3478, 269.3478, -23.7427, 199.2583, 51.4614, 88.5152, 29.0695, 0.998219, -0.049057, -0.033948, 0.023743, 0.051040, 0.996879, 0.060229, 0.000815, 0.030887, -0.061855, 0.997607, 0.247348, 0.000000, 0.000000, 0.000000, 1.000000, 0.030887, -0.061855, 0.997607, 0.269348, -0.998219, 0.049057, 0.033948, -0.023743, -0.051040, -0.996879, -0.060229, 0.199258, 0.000000, 0.000000, 0.000000, 1.000000, 0.999980, -0.001673, 0.006032, 0.051461, 0.006090, 0.036775, -0.999305, 0.088515, 0.001450, 0.999322, 0.036785, 0.029070, 0.000000, 0.000000, 0.000000, 1.000000
17.3617, 23.6774, 0.7205, 247.8189, 269.8189, -23.6774, 199.3529, 51.4409, 88.2189, 29.1418, 0.998238, -0.048898, -0.033618, 0.023677, 0.050929, 0.996747, 0.062458, 0.000721, 0.030454, -0.064060, 0.997481, 0.247819, 0.000000, 0.000000, 0.000000, 1.000000, 0.030454, -0.064060, 0.997481, 0.269819, -0.998238, 0.048898, 0.033618, -0.023677, -0.050929, -0.996747, -0.062458, 0.199353, 0.000000, 0.000000, 0.000000, 1.000000, 0.999977, -0.001920, 0.006444, 0.051441, 0.006511, 0.037184, -0.999287, 0.088219, 0.001679, 0.999307, 0.037196, 0.029142, 0.000000, 0.000000, 0.000000, 1.000000
17.5050, 23.6026, 0.5992, 248.1196, 270.1196, -23.6026, 199.4743, 51.4142, 88.1570, 29.2554, 0.998245, -0.047897, -0.034814, 0.023603, 0.050167, 0.996452, 0.067574, 0.000599, 0.031453, -0.069202, 0.997107, 0.248120, 0.000000, 0.000000, 0.000000, 1.000000, 0.031453, -0.069202, 0.997107, 0.270120, -0.998245, 0.047897, 0.034814, -0.023603, -0.050167, -0.996452, -0.067574, 0.199474, 0.000000, 0.000000, 0.000000, 1.000000, 0.999984, -0.001559, 0.005464, 0.051414, 0.005521, 0.039905, -0.999188, 0.088157, 0.001339, 0.999202, 0.039913, 0.029255, 0.000000, 0.000000, 0.000000, 1.000000
17.6429, 23.5513, 0.5372, 248.5452, 270.5452, -23.5513, 199.5363, 51.4179, 87.9603, 29.4134, 0.998009, -0.047291, -0.041734, 0.023551, 0.049860, 0.996778, 0.062828, 0.000537, 0.038628, -0.064784, 0.997151, 0.248545, 0.000000, 0.000000, 0.000000, 1.000000, 0.038628, -0.064784, 0.997151, 0.270545, -0.998009, 0.047291, 0.041734, -0.023551, -0.049860, -0.996778, -0.062828, 0.199536, 0.000000, 0.000000, 0.000000, 1.000000, 0.999998, -0.001196, -0.001704, 0.051418, -0.001664, 0.033137, -0.999449, 0.087960, 0.001252, 0.999450, 0.033135, 0.029413, 0.000000, 0.000000, 0.000000, 1.000000
17.7691, 23.4878, 0.4428, 249.0130, 271.0130, -23.4878, 199.6306, 51.4054, 87.7023, 29.5169, 0.998224, -0.046900, -0.036722, 0.023488, 0.049207, 0.996693, 0.064661, 0.000443, 0.033568, -0.066354, 0.997231, 0.249013, 0.000000, 0.000000, 0.000000, 1.000000, 0.033568, -0.066354, 0.997231, 0.271013, -0.998224, 0.046900, 0.036722, -0.023488, -0.049207, -0.996693, -0.064661, 0.199631, 0.000000, 0.000000, 0.000000, 1.000000, 0.999994, -0.001250, 0.003363, 0.051405, 0.003402, 0.032556, -0.999464, 0.087702, 0.001139, 0.999469, 0.032560, 0.029517, 0.000000, 0.000000, 0.000000, 1.000000
17.9286, 23.3686, 0.3291, 249.3878, 271.3878, -23.3686, 199.7443, 51.3431, 87.5909, 29.6610, 0.998346, -0.046810, -0.033367, 0.023369, 0.049135, 0.996147, 0.072646, 0.000329, 0.029838, -0.074166, 0.996799, 0.249388, 0.000000, 0.000000, 0.000000, 1.000000, 0.029838, -0.074166, 0.996799, 0.271388, -0.998346, 0.046810, 0.033367, -0.023369, -0.049135, -0.996147, -0.072646, 0.199744, 0.000000, 0.000000, 0.000000, 1.000000, 0.999973, -0.001957, 0.007044, 0.051343, 0.007113, 0.037640, -0.999266, 0.087591, 0.001691, 0.999289, 0.037652, 0.029661, 0.000000, 0.000000, 0.000000, 1.000000
18.0409, 23.3100, 0.2447, 249.7677, 271.7677, -23.3100, 199.8288, 51.3285, 87.3977, 29.7514, 0.998327, -0.046225, -0.034746, 0.023310, 0.048698, 0.996063, 0.074073, 0.000245, 0.031186, -0.075641, 0.996647, 0.249768, 0.000000, 0.000000, 0.000000, 1.000000, 0.031186, -0.075641, 0.996647, 0.271768, -0.998327, 0.046225, 0.034746, -0.023310, -0.048698, -0.996063, -0.074073, 0.199829, 0.000000, 0.000000, 0.000000, 1.000000, 0.999982, -0.001772, 0.005704, 0.051329, 0.005766, 0.037210, -0.999291, 0.087398, 0.001558, 0.999306, 0.037219, 0.029751, 0.000000, 0.000000, 0.000000, 1.000000
18.1920, 23.2435, 0.1688, 250.3031, 272.3031, -23.2435, 199.9047, 51.3239, 87.1127, 29.9077, 0.998421, -0.046314, -0.031785, 0.023243, 0.048530, 0.996156, 0.072921, 0.000169, 0.028285, -0.074348, 0.996831, 0.250303, 0.000000, 0.000000, 0.000000, 1.000000, 0.028285, -0.074348, 0.996831, 0.272303, -0.998421, 0.046314, 0.031785, -0.023243, -0.048530, -0.996156, -0.072921, 0.199905, 0.000000, 0.000000, 0.000000, 1.000000, 0.999961, -0.002266, 0.008580, 0.051324, 0.008651, 0.033315, -0.999407, 0.087113, 0.001978, 0.999442, 0.033334, 0.029908, 0.000000, 0.000000, 0.000000, 1.000000
18.3142, 23.1826, 0.0773, 250.6401, 272.6401, -23.1826, 199.9961, 51.3088, 86.9783, 30.0068, 0.998331, -0.045448, -0.035631, 0.023183, 0.048084, 0.995870, 0.077007, 0.000077, 0.031984, -0.078592, 0.996394, 0.250640, 0.000000, 0.000000, 0.000000, 1.000000, 0.031984, -0.078592, 0.996394, 0.272640, -0.998331, 0.045448, 0.035631, -0.023183, -0.048084, -0.995870, -0.077007, 0.199996, 0.000000, 0.000000, 0.000000, 1.000000, 0.999986, -0.001941, 0.004881, 0.051309, 0.004947, 0.035500, -0.999357, 0.086978, 0.001766, 0.999368, 0.035509, 0.030007, 0.000000, 0.000000, 0.000000, 1.000000
18.4469, 23.1135, -0.0102, 251.0931, 273.0931, -23.1135, 200.0836, 51.2924, 86.7454, 30.1213, 0.998319, -0.044634, -0.036986, 0.023113, 0.047347, 0.995977, 0.076081, -0.000010, 0.033441, -0.077704, 0.996415, 0.251093, 0.000000, 0.000000, 0.000000, 1.000000, 0.033441, -0.077704, 0.996415, 0.273093, -0.998319, 0.044634, 0.036986, -0.023113, -0.047347, -0.995977, -0.076081, 0.200084, 0.000000, 0.000000, 0.000000, 1.000000, 0.999993, -0.001492, 0.003459, 0.051292, 0.003505, 0.032361, -0.999470, 0.086745, 0.001379, 0.999475, 0.032366, 0.030121, 0.000000, 0.000000, 0.000000, 1.000000
18.5691, 23.0350, -0.1033, 251.4909, 273.4909, -23.0350, 200.1768, 51.2613, 86.5502, 30.2142, 0.998490, -0.044673, -0.031983, 0.023035, 0.047243, 0.995283, 0.084730, -0.000103, 0.028047, -0.086113, 0.995891, 0.251491, 0.000000, 0.000000, 0.000000, 1.000000, 0.028047, -0.086113, 0.995891, 0.273491, -0.998490, 0.044673, 0.031983, -0.023035, -0.047243, -0.995283, -0.084730, 0.200177, 0.000000, 0.000000, 0.000000, 1.000000, 0.999959, -0.002244, 0.008804, 0.051261, 0.008885, 0.038685, -0.999212, 0.086550, 0.001902, 0.999249, 0.038704, 0.030214, 0.000000, 0.000000, 0.000000, 1.000000
18.7135, 22.9623, -0.1914, 251.9740, 273.9740, -22.9623, 200.2648, 51.2459, 86.3062, 30.3429, 0.998486, -0.044354, -0.032529, 0.022962, 0.046954, 0.995351, 0.084089, -0.000191, 0.028648, -0.085489, 0.995927, 0.251974, 0.000000, 0.000000, 0.000000, 1.000000, 0.028648, -0.085489, 0.995927, 0.273974, -0.998486, 0.044354, 0.032529, -0.022962, -0.046954, -0.995351, -0.084089, 0.200265, 0.000000, 0.000000, 0.000000, 1.000000, 0.999964, -0.002336, 0.008199, 0.051246, 0.008277, 0.035593, -0.999332, 0.086306, 0.002043, 0.999364, 0.035611, 0.030343, 0.000000, 0.000000, 0.000000, 1.000000
18.8580, 22.8935, -0.2655, 252.4165, 274.4165, -22.8935, 200.3389, 51.2336, 86.1024, 30.4860, 0.998528, -0.043566, -0.032322, 0.022894, 0.046149, 0.995396, 0.084011, -0.000265, 0.028513, -0.085379, 0.995941, 0.252417, 0.000000, 0.000000, 0.000000, 1.000000, 0.028513, -0.085379, 0.995941, 0.274417, -0.998528, 0.043566, 0.032322, -0.022894, -0.046149, -0.995396, -0.084011, 0.200339, 0.000000, 0.000000, 0.000000, 1.000000, 0.999963, -0.001981, 0.008372, 0.051234, 0.008433, 0.033028, -0.999419, 0.086102, 0.001703, 0.999452, 0.033043, 0.030486, 0.000000, 0.000000, 0.000000, 1.000000
18.9719, 22.8022, -0.3569, 252.8324, 274.8324, -22.8022, 200.4304, 51.1878, 85.8749, 30.5624, 0.998557, -0.043114, -0.032018, 0.022802, 0.045836, 0.994904, 0.089811, -0.000357, 0.027983, -0.091149, 0.995444, 0.252832, 0.000000, 0.000000, 0.000000, 1.000000, 0.027983, -0.091149, 0.995444, 0.274832, -0.998557, 0.043114, 0.032018, -0.022802, -0.045836, -0.994904, -0.089811, 0.200430, 0.000000, 0.000000, 0.000000, 1.000000, 0.999958, -0.002110, 0.008891, 0.051188, 0.008963, 0.036874, -0.999280, 0.085875, 0.001780, 0.999318, 0.036891, 0.030562, 0.000000, 0.000000, 0.000000, 1.000000
19.1151, 22.7514, -0.4481, 253.1542, 275.1542, -22.7514, 200.5215, 51.1877, 85.7910, 30.6893, 0.998523, -0.042831, -0.033439, 0.022751, 0.045793, 0.994565, 0.093509, -0.000448, 0.029252, -0.094902, 0.995057, 0.253154, 0.000000, 0.000000, 0.000000, 1.000000, 0.029252, -0.094902, 0.995057, 0.275154, -0.998523, 0.042831, 0.033439, -0.022751, -0.045793, -0.994565, -0.093509, 0.200522, 0.000000, 0.000000, 0.000000, 1.000000, 0.999968, -0.002414, 0.007591, 0.051188, 0.007677, 0.038187, -0.999241, 0.085791, 0.002123, 0.999268, 0.038205, 0.030689, 0.000000, 0.000000, 0.000000, 1.000000
19.2432, 22.6818, -0.5057, 253.6963, 275.6963, -22.6818, 200.5791, 51.1734, 85.4603, 30.8118, 0.998562, -0.042162, -0.033103, 0.022682, 0.045028, 0.994810, 0.091242, -0.000506, 0.029084, -0.092601, 0.995278, 0.253696, 0.000000, 0.000000, 0.000000, 1.000000, 0.029084, -0.092601, 0.995278, 0.275696, -0.998562, 0.042162, 0.033103, -0.022682, -0.045028, -0.994810, -0.091242, 0.200579, 0.000000, 0.000000, 0.000000, 1.000000, 0.999967, -0.002038, 0.007814, 0.051173, 0.007878, 0.033704, -0.999401, 0.085460, 0.001774, 0.999430, 0.033719, 0.030812, 0.000000, 0.000000, 0.000000, 1.000000
19.4023, 22.6267, -0.6015, 254.1128, 276.1128, -22.6267, 200.6750, 51.1771, 85.3077, 30.9515, 0.998484, -0.041409, -0.036265, 0.022627, 0.044656, 0.994586, 0.093837, -0.000602, 0.032183, -0.095314, 0.994927, 0.254113, 0.000000, 0.000000, 0.000000, 1.000000, 0.032183, -0.095314, 0.994927, 0.276113, -0.998484, 0.041409, 0.036265, -0.022627, -0.044656, -0.994586, -0.093837, 0.200675, 0.000000, 0.000000, 0.000000, 1.000000, 0.999987, -0.001879, 0.004722, 0.051177, 0.004783, 0.033721, -0.999420, 0.085308, 0.001718, 0.999430, 0.033729, 0.030951, 0.000000, 0.000000, 0.000000, 1.000000
19.5218, 22.5210, -0.6688, 254.4996, 276.4996, -22.5210, 200.7422, 51.1186, 85.1166, 31.0581, 0.998588, -0.041204, -0.033529, 0.022521, 0.044216, 0.994521, 0.094721, -0.000669, 0.029442, -0.096070, 0.994939, 0.254500, 0.000000, 0.000000, 0.000000, 1.000000, 0.029442, -0.096070, 0.994939, 0.276500, -0.998588, 0.041204, 0.033529, -0.022521, -0.044216, -0.994521, -0.094721, 0.200742, 0.000000, 0.000000, 0.000000, 1.000000, 0.999970, -0.002066, 0.007468, 0.051119, 0.007531, 0.032433, -0.999446, 0.085117, 0.001823, 0.999472, 0.032448, 0.031058, 0.000000, 0.000000, 0.000000, 1.000000
19.6559, 22.4388, -0.7676, 254.9462, 276.9462, -22.4388, 200.8410, 51.0887, 84.8923, 31.1505, 0.998775, -0.041335, -0.027217, 0.022439, 0.043887, 0.993916, 0.101023, -0.000768, 0.022876, -0.102094, 0.994512, 0.254946, 0.000000, 0.000000, 0.000000, 1.000000, 0.022876, -0.102094, 0.994512, 0.276946, -0.998775, 0.041335, 0.027217, -0.022439, -0.043887, -0.993916, -0.101023, 0.200841, 0.000000, 0.000000, 0.000000, 1.000000, 0.999898, -0.002852, 0.013994, 0.051089, 0.014088, 0.036171, -0.999246, 0.084892, 0.002344, 0.999342, 0.036208, 0.031151, 0.000000, 0.000000, 0.000000, 1.000000
19.7699, 22.3820, -0.8304, 255.3699, 277.3699, -22.3820, 200.9038, 51.0796, 84.6566, 31.2456, 0.998681, -0.040371, -0.031733, 0.022382, 0.043299, 0.994266, 0.097773, -0.000830, 0.027604, -0.099018, 0.994703, 0.255370, 0.000000, 0.000000, 0.000000, 1.000000, 0.027604, -0.099018, 0.994703, 0.277370, -0.998681, 0.040371, 0.031733, -0.022382, -0.043299, -0.994266, -0.097773, 0.200904, 0.000000, 0.000000, 0.000000, 1.000000, 0.999954, -0.002105, 0.009322, 0.051080, 0.009383, 0.031161, -0.999470, 0.084657, 0.001813, 0.999512, 0.031179, 0.031246, 0.000000, 0.000000, 0.000000, 1.000000
19.9123, 22.2954, -0.9401, 255.7733, 277.7733, -22.2954, 201.0135, 51.0458, 84.4897, 31.3408, 0.998776, -0.039988, -0.029109, 0.022295, 0.042817, 0.993642, 0.104128, -0.000940, 0.024760, -0.105247, 0.994138, 0.255773, 0.000000, 0.000000, 0.000000, 1.000000, 0.024760, -0.105247, 0.994138, 0.277773, -0.998776, 0.039988, 0.029109, -0.022295, -0.042817, -0.993642, -0.104128, 0.201014, 0.000000, 0.000000, 0.000000, 1.000000, 0.999923, -0.002410, 0.012158, 0.051046, 0.012235, 0.034982, -0.999313, 0.084490, 0.001983, 0.999385, 0.035009, 0.031341, 0.000000, 0.000000, 0.000000, 1.000000
20.0413, 22.2193, -0.9855, 256.1863, 278.1863, -22.2193, 201.0590, 51.0214, 84.2874, 31.4760, 0.998772, -0.039663, -0.029691, 0.022219, 0.042564, 0.993617, 0.104464, -0.000986, 0.025358, -0.105599, 0.994085, 0.256186, 0.000000, 0.000000, 0.000000, 1.000000, 0.025358, -0.105599, 0.994085, 0.278186, -0.998772, 0.039663, 0.029691, -0.022219, -0.042564, -0.993617, -0.104464, 0.201059, 0.000000, 0.000000, 0.000000, 1.000000, 0.999930, -0.002491, 0.011561, 0.051021, 0.011637, 0.033133, -0.999383, 0.084287, 0.002106, 0.999448, 0.033160, 0.031476, 0.000000, 0.000000, 0.000000, 1.000000
20.1863, 22.1656, -1.0641, 256.6615, 278.6615, -22.1656, 201.1376, 51.0252, 84.0521, 31.5969, 0.998764, -0.038675, -0.031227, 0.022166, 0.041808, 0.993393, 0.106878, -0.001064, 0.026888, -0.108051, 0.993782, 0.256662, 0.000000, 0.000000, 0.000000, 1.000000, 0.026888, -0.108051, 0.993782, 0.278662, -0.998764, 0.038675, 0.031227, -0.022166, -0.041808, -0.993393, -0.106878, 0.201138, 0.000000, 0.000000, 0.000000, 1.000000, 0.999947, -0.002043, 0.010084, 0.051025, 0.010146, 0.033141, -0.999399, 0.084052, 0.001708, 0.999449, 0.033160, 0.031597, 0.000000, 0.000000, 0.000000, 1.000000
20.3047, 22.0863, -1.1390, 257.0636, 279.0636, -22.0863, 201.2124, 50.9929, 83.8455, 31.6839, 0.998802, -0.038955, -0.029616, 0.022086, 0.041978, 0.993106, 0.109449, -0.001139, 0.025149, -0.110562, 0.993551, 0.257064, 0.000000, 0.000000, 0.000000, 1.000000, 0.025149, -0.110562, 0.993551, 0.279064, -0.998802, 0.038955, 0.029616, -0.022086, -0.041978, -0.993106, -0.109449, 0.201212, 0.000000, 0.000000, 0.000000, 1.000000, 0.999927, -0.002786, 0.011764, 0.050993, 0.011851, 0.033618, -0.999364, 0.083846, 0.002389, 0.999431, 0.033649, 0.031684, 0.000000, 0.000000, 0.000000, 1.000000
20.4506, 22.0143, -1.2170, 257.5200, 279.5200, -22.0143, 201.2905, 50.9779, 83.6297, 31.8057, 0.998901, -0.038577, -0.026636, 0.022014, 0.041356, 0.992712, 0.113196, -0.001217, 0.022075, -0.114174, 0.993216, 0.257520, 0.000000, 0.000000, 0.000000, 1.000000, 0.022075, -0.114174, 0.993216, 0.279520, -0.998901, 0.038577, 0.026636, -0.022014, -0.041356, -0.992712, -0.113196, 0.201290, 0.000000, 0.000000, 0.000000, 1.000000, 0.999885, -0.003000, 0.014847, 0.050978, 0.014942, 0.034756, -0.999284, 0.083630, 0.002482, 0.999391, 0.034797, 0.031806, 0.000000, 0.000000, 0.000000, 1.000000
20.6194, 21.9325, -1.2872, 257.8782, 279.8782, -21.9325, 201.3606, 50.9565, 83.5475, 31.9783, 0.998807, -0.037803, -0.030897, 0.021933, 0.041133, 0.992463, 0.115434, -0.001287, 0.026300, -0.116567, 0.992834, 0.257878, 0.000000, 0.000000, 0.000000, 1.000000, 0.026300, -0.116567, 0.992834, 0.279878, -0.998807, 0.037803, 0.030897, -0.021933, -0.041133, -0.992463, -0.115434, 0.201361, 0.000000, 0.000000, 0.000000, 1.000000, 0.999939, -0.002837, 0.010631, 0.050956, 0.010722, 0.034293, -0.999354, 0.083548, 0.002470, 0.999408, 0.034321, 0.031978, 0.000000, 0.000000, 0.000000, 1.000000
20.7154, 21.8755, -1.3585, 258.4069, 280.4069, -21.8755, 201.4319, 50.9447, 83.1793, 32.0178, 0.998888, -0.037283, -0.028872, 0.021875, 0.040425, 0.992282, 0.117231, -0.001358, 0.024278, -0.118268, 0.992685, 0.258407, 0.000000, 0.000000, 0.000000, 1.000000, 0.024278, -0.118268, 0.992685, 0.280407, -0.998888, 0.037283, 0.028872, -0.021875, -0.040425, -0.992282, -0.117231, 0.201432, 0.000000, 0.000000, 0.000000, 1.000000, 0.999916, -0.002678, 0.012697, 0.050945, 0.012782, 0.034372, -0.999327, 0.083179, 0.002240, 0.999406, 0.034403, 0.032018, 0.000000, 0.000000, 0.000000, 1.000000
20.8433, 21.8064, -1.4116, 258.7650, 280.7650, -21.8064, 201.4851, 50.9239, 83.0307, 32.1393, 0.998945, -0.036931, -0.027311, 0.021806, 0.039960, 0.991934, 0.120293, -0.001412, 0.022648, -0.121257, 0.992363, 0.258765, 0.000000, 0.000000, 0.000000, 1.000000, 0.022648, -0.121257, 0.992363, 0.280765, -0.998945, 0.036931, 0.027311, -0.021806, -0.039960, -0.991934, -0.120293, 0.201485, 0.000000, 0.000000, 0.000000, 1.000000, 0.999893, -0.002839, 0.014344, 0.050924, 0.014435, 0.035195, -0.999276, 0.083031, 0.002332, 0.999376, 0.035233, 0.032139, 0.000000, 0.000000, 0.000000, 1.000000
20.9949, 21.7147, -1.4993, 259.2303, 281.2303, -21.7147, 201.5727, 50.8915, 82.8147, 32.2541, 0.998909, -0.036209, -0.029482, 0.021715, 0.039586, 0.991561, 0.123446, -0.001499, 0.024763, -0.124479, 0.991913, 0.259230, 0.000000, 0.000000, 0.000000, 1.000000, 0.024763, -0.124479, 0.991913, 0.281230, -0.998909, 0.036209, 0.029482, -0.021715, -0.039586, -0.991561, -0.123446, 0.201573, 0.000000, 0.000000, 0.000000, 1.000000, 0.999921, -0.002711, 0.012240, 0.050892, 0.012329, 0.035859, -0.999281, 0.082815, 0.002270, 0.999353, 0.035890, 0.032254, 0.000000, 0.000000, 0.000000, 1.000000
21.1153, 21.6471, -1.5614, 259.5468, 281.5468, -21.6471, 201.6349, 50.8681, 82.6964, 32.3560, 0.998866, -0.035767, -0.031429, 0.021647, 0.039473, 0.991179, 0.126519, -0.001561, 0.026626, -0.127616, 0.991466, 0.259547, 0.000000, 0.000000, 0.000000, 1.000000, 0.026626, -0.127616, 0.991466, 0.281547, -0.998866, 0.035767, 0.031429, -0.021647, -0.039473, -0.991179, -0.126519, 0.201635, 0.000000, 0.000000, 0.000000, 1.000000, 0.999942, -0.002766, 0.010378, 0.050868, 0.010473, 0.036966, -0.999262, 0.082696, 0.002380, 0.999313, 0.036992, 0.032356, 0.000000, 0.000000, 0.000000, 1.000000
21.2526, 21.5449, -1.6344, 260.0691, 282.0691, -21.5449, 201.7078, 50.8234, 82.3995, 32.4550, 0.999089, -0.036301, -0.022441, 0.021545, 0.038920, 0.990733, 0.130129, -0.001634, 0.017510, -0.130883, 0.991243, 0.260069, 0.000000, 0.000000, 0.000000, 1.000000, 0.017510, -0.130883, 0.991243, 0.282069, -0.999089, 0.036301, 0.022441, -0.021545, -0.038920, -0.990733, -0.130129, 0.201708, 0.000000, 0.000000, 0.000000, 1.000000, 0.999803, -0.003857, 0.019450, 0.050823, 0.019582, 0.037877, -0.999091, 0.082399, 0.003117, 0.999275, 0.037946, 0.032455, 0.000000, 0.000000, 0.000000, 1.000000
21.4018, 21.4830, -1.7170, 260.4009, 282.4009, -21.4830, 201.7904, 50.8146, 82.3136, 32.5778, 0.999021, -0.035306, -0.026645, 0.021483, 0.038559, 0.990289, 0.133569, -0.001717, 0.021670, -0.134466, 0.990681, 0.260401, 0.000000, 0.000000, 0.000000, 1.000000, 0.021670, -0.134466, 0.990681, 0.282401, -0.999021, 0.035306, 0.026645, -0.021483, -0.038559, -0.990289, -0.133569, 0.201790, 0.000000, 0.000000, 0.000000, 1.000000, 0.999877, -0.003464, 0.015326, 0.050815, 0.015449, 0.038961, -0.999121, 0.082314, 0.002864, 0.999235, 0.039009, 0.032578, 0.000000, 0.000000, 0.000000, 1.000000
21.5143, 21.4160, -1.7520, 260.9490, 282.9490, -21.4160, 201.8255, 50.8004, 81.9488, 32.6684, 0.999039, -0.034959, -0.026421, 0.021416, 0.038101, 0.990820, 0.129711, -0.001752, 0.021644, -0.130593, 0.991200, 0.260949, 0.000000, 0.000000, 0.000000, 1.000000, 0.021644, -0.130593, 0.991200, 0.282949, -0.999039, 0.034959, 0.026421, -0.021416, -0.038101, -0.990820, -0.129711, 0.201825, 0.000000, 0.000000, 0.000000, 1.000000, 0.999876, -0.003294, 0.015393, 0.050800, 0.015494, 0.033140, -0.999331, 0.081949, 0.002781, 0.999445, 0.033187, 0.032668, 0.000000, 0.000000, 0.000000, 1.000000
21.6666, 21.3501, -1.8166, 261.2316, 283.2316, -21.3501, 201.8900, 50.7872, 81.9149, 32.8162, 0.999035, -0.034433, -0.027279, 0.021350, 0.037815, 0.990104, 0.135146, -0.001817, 0.022355, -0.136047, 0.990450, 0.261232, 0.000000, 0.000000, 0.000000, 1.000000, 0.022355, -0.136047, 0.990450, 0.283232, -0.999035, 0.034433, 0.027279, -0.021350, -0.037815, -0.990104, -0.135146, 0.201890, 0.000000, 0.000000, 0.000000, 1.000000, 0.999886, -0.003459, 0.014675, 0.050787, 0.014791, 0.036040, -0.999241, 0.081915, 0.002928, 0.999344, 0.036087, 0.032816, 0.000000, 0.000000, 0.000000, 1.000000
21.7938, 21.2788, -1.8881, 261.7231, 283.7231, -21.2788, 201.9615, 50.7689, 81.6337, 32.8961, 0.998962, -0.033842, -0.030483, 0.021279, 0.037686, 0.990001, 0.135936, -0.001888, 0.025578, -0.136944, 0.990249, 0.261723, 0.000000, 0.000000, 0.000000, 1.000000, 0.025578, -0.136944, 0.990249, 0.283723, -0.998962, 0.033842, 0.030483, -0.021279, -0.037686, -0.990001, -0.135936, 0.201962, 0.000000, 0.000000, 0.000000, 1.000000, 0.999929, -0.003292, 0.011469, 0.050769, 0.011577, 0.034780, -0.999328, 0.081634, 0.002890, 0.999390, 0.034816, 0.032896, 0.000000, 0.000000, 0.000000, 1.000000
21.9164, 21.2234, -1.9555, 262.0837, 284.0837, -21.2234, 202.0289, 50.7604, 81.4754, 32.9843, 0.999035, -0.033463, -0.028443, 0.021223, 0.037119, 0.989513, 0.139591, -0.001955, 0.023473, -0.140512, 0.989801, 0.262084, 0.000000, 0.000000, 0.000000, 1.000000, 0.023473, -0.140512, 0.989801, 0.284084, -0.999035, 0.033463, 0.028443, -0.021223, -0.037119, -0.989513, -0.139591, 0.202029, 0.000000, 0.000000, 0.000000, 1.000000, 0.999902, -0.003435, 0.013593, 0.050760, 0.013709, 0.036286, -0.999247, 0.081475, 0.002939, 0.999336, 0.036329, 0.032984, 0.000000, 0.000000, 0.000000, 1.000000
22.0417, 21.1280, -2.0095, 262.5806, 284.5806, -21.1280, 202.0830, 50.7183, 81.1831, 33.0755, 0.999111, -0.033580, -0.025504, 0.021128, 0.036838, 0.989404, 0.140434, -0.002010, 0.020518, -0.141249, 0.989761, 0.262581, 0.000000, 0.000000, 0.000000, 1.000000, 0.020518, -0.141249, 0.989761, 0.284581, -0.999111, 0.033580, 0.025504, -0.021128, -0.036838, -0.989404, -0.140434, 0.202083, 0.000000, 0.000000, 0.000000, 1.000000, 0.999856, -0.003962, 0.016529, 0.050718, 0.016658, 0.034874, -0.999253, 0.081183, 0.003382, 0.999384, 0.034935, 0.033075, 0.000000, 0.000000, 0.000000, 1.000000
22.2036, 21.0382, -2.0828, 262.9040, 284.9040, -21.0382, 202.1563, 50.6852, 81.1237, 33.2213, 0.999093, -0.032473, -0.027544, 0.021038, 0.036152, 0.988664, 0.145725, -0.002083, 0.022499, -0.146589, 0.988942, 0.262904, 0.000000, 0.000000, 0.000000, 1.000000, 0.022499, -0.146589, 0.988942, 0.284904, -0.999093, 0.032473, 0.027544, -0.021038, -0.036152, -0.988664, -0.145725, 0.202156, 0.000000, 0.000000, 0.000000, 1.000000, 0.999887, -0.003573, 0.014611, 0.050685, 0.014735, 0.037521, -0.999187, 0.081124, 0.003022, 0.999289, 0.037570, 0.033221, 0.000000, 0.000000, 0.000000, 1.000000
22.3165, 20.9719, -2.1208, 263.3510, 285.3510, -20.9719, 202.1942, 50.6672, 80.8607, 33.3109, 0.999144, -0.032411, -0.025712, 0.020972, 0.035838, 0.988558, 0.146525, -0.002121, 0.020669, -0.147321, 0.988873, 0.263351, 0.000000, 0.000000, 0.000000, 1.000000, 0.020669, -0.147321, 0.988873, 0.285351, -0.999144, 0.032411, 0.025712, -0.020972, -0.035838, -0.988558, -0.146525, 0.202194, 0.000000, 0.000000, 0.000000, 1.000000, 0.999857, -0.003883, 0.016440, 0.050667, 0.016570, 0.036323, -0.999203, 0.080861, 0.003283, 0.999333, 0.036382, 0.033311, 0.000000, 0.000000, 0.000000, 1.000000
22.4440, 20.9044, -2.1971, 263.8079, 285.8079, -20.9044, 202.2705, 50.6507, 80.6156, 33.3822, 0.999167, -0.031804, -0.025576, 0.020904, 0.035282, 0.988114, 0.149619, -0.002197, 0.020513, -0.150396, 0.988413, 0.263808, 0.000000, 0.000000, 0.000000, 1.000000, 0.020513, -0.150396, 0.988413, 0.285808, -0.999167, 0.031804, 0.025576, -0.020904, -0.035282, -0.988114, -0.149619, 0.202271, 0.000000, 0.000000, 0.000000, 1.000000, 0.999854, -0.003793, 0.016644, 0.050651, 0.016774, 0.037262, -0.999165, 0.080616, 0.003170, 0.999298, 0.037320, 0.033382, 0.000000, 0.000000, 0.000000, 1.000000
22.6127, 20.8404, -2.2468, 264.2809, 286.2809, -20.8404, 202.3203, 50.6518, 80.4168, 33.5399, 0.999123, -0.031029, -0.028109, 0.020840, 0.034906, 0.988069, 0.150007, -0.002247, 0.023119, -0.150857, 0.988285, 0.264281, 0.000000, 0.000000, 0.000000, 1.000000, 0.023119, -0.150857, 0.988285, 0.286281, -0.999123, 0.031029, 0.028109, -0.020840, -0.034906, -0.988069, -0.150007, 0.202320, 0.000000, 0.000000, 0.000000, 1.000000, 0.999894, -0.003549, 0.014086, 0.050652, 0.014201, 0.034857, -0.999291, 0.080417, 0.003055, 0.999386, 0.034904, 0.033540, 0.000000, 0.000000, 0.000000, 1.000000
22.7338, 20.7657, -2.3157, 264.6939, 286.6939, -20.7657, 202.3892, 50.6254, 80.2037, 33.6110, 0.999184, -0.030764, -0.026155, 0.020766, 0.034446, 0.987385, 0.154544, -0.002316, 0.021071, -0.155319, 0.987640, 0.264694, 0.000000, 0.000000, 0.000000, 1.000000, 0.021071, -0.155319, 0.987640, 0.286694, -0.999184, 0.030764, 0.026155, -0.020766, -0.034446, -0.987385, -0.154544, 0.202389, 0.000000, 0.000000, 0.000000, 1.000000, 0.999862, -0.003841, 0.016137, 0.050625, 0.016269, 0.037296, -0.999172, 0.080204, 0.003236, 0.999297, 0.037354, 0.033611, 0.000000, 0.000000, 0.000000, 1.000000
22.8452, 20.6982, -2.3592, 265.0996, 287.0996, -20.6982, 202.4327, 50.6040, 79.9800, 33.6918, 0.999122, -0.030263, -0.028956, 0.020698, 0.034399, 0.987307, 0.155053, -0.002359, 0.023896, -0.155913, 0.987482, 0.265100, 0.000000, 0.000000, 0.000000, 1.000000, 0.023896, -0.155913, 0.987482, 0.287100, -0.999122, 0.030263, 0.028956, -0.020698, -0.034399, -0.987307, -0.155053, 0.202433, 0.000000, 0.000000, 0.000000, 1.000000, 0.999904, -0.003702, 0.013326, 0.050604, 0.013450, 0.036003, -0.999261, 0.079980, 0.003220, 0.999345, 0.036049, 0.033692, 0.000000, 0.000000, 0.000000, 1.000000
22.9707, 20.6004, -2.4359, 265.5543, 287.5543, -20.6004, 202.5094, 50.5578, 79.7322, 33.7547, 0.999192, -0.030089, -0.026647, 0.020600, 0.033930, 0.986870, 0.157914, -0.002436, 0.021545, -0.158690, 0.987093, 0.265554, 0.000000, 0.000000, 0.000000, 1.000000, 0.021545, -0.158690, 0.987093, 0.287554, -0.999192, 0.030089, 0.026647, -0.020600, -0.033930, -0.986870, -0.157914, 0.202509, 0.000000, 0.000000, 0.000000, 1.000000, 0.999869, -0.004027, 0.015675, 0.050558, 0.015813, 0.036662, -0.999203, 0.079732, 0.003449, 0.999320, 0.036721, 0.033755, 0.000000, 0.000000, 0.000000, 1.000000
23.1240, 20.5259, -2.4867, 265.8357, 287.8357, -20.5259, 202.5602, 50.5361, 79.6990, 33.9052, 0.999227, -0.029737, -0.025708, 0.020526, 0.033523, 0.986179, 0.162254, -0.002487, 0.020528, -0.162991, 0.986414, 0.265836, 0.000000, 0.000000, 0.000000, 1.000000, 0.020528, -0.162991, 0.986414, 0.287836, -0.999227, 0.029737, 0.025708, -0.020526, -0.033523, -0.986179, -0.162254, 0.202560, 0.000000, 0.000000, 0.000000, 1.000000, 0.999851, -0.004324, 0.016700, 0.050536, 0.016854, 0.038391, -0.999121, 0.079699, 0.003679, 0.999253, 0.038458, 0.033905, 0.000000, 0.000000, 0.000000, 1.000000
23.2418, 20.4321, -2.5430, 266.2506, 288.2506, -20.4321, 202.6164, 50.4908, 79.4764, 33.9789, 0.999199, -0.029170, -0.027376, 0.020432, 0.033311, 0.985631, 0.165593, -0.002543, 0.022152, -0.166373, 0.985814, 0.266251, 0.000000, 0.000000, 0.000000, 1.000000, 0.022152, -0.166373, 0.985814, 0.288251, -0.999199, 0.029170, 0.027376, -0.020432, -0.033311, -0.985631, -0.165593, 0.202616, 0.000000, 0.000000, 0.000000, 1.000000, 0.999877, -0.004259, 0.015083, 0.050491, 0.015241, 0.039813, -0.999091, 0.079476, 0.003654, 0.999198, 0.039873, 0.033979, 0.000000, 0.000000, 0.000000, 1.000000
23.3958, 20.3793, -2.6032, 266.6615, 288.6615, -20.3793, 202.6766, 50.4959, 79.3175, 34.1017, 0.999265, -0.029219, -0.024809, 0.020379, 0.033005, 0.985012, 0.169297, -0.002603, 0.019490, -0.169991, 0.985253, 0.266662, 0.000000, 0.000000, 0.000000, 1.000000, 0.019490, -0.169991, 0.985253, 0.288662, -0.999265, 0.029219, 0.024809, -0.020379, -0.033005, -0.985012, -0.169297, 0.202677, 0.000000, 0.000000, 0.000000, 1.000000, 0.999831, -0.004929, 0.017706, 0.050496, 0.017893, 0.040831, -0.999006, 0.079317, 0.004201, 0.999154, 0.040912, 0.034102, 0.000000, 0.000000, 0.000000, 1.000000
23.4995, 20.3053, -2.6246, 267.1780, 289.1780, -20.3053, 202.6981, 50.4707, 78.9688, 34.1720, 0.999232, -0.028376, -0.027031, 0.020305, 0.032503, 0.985405, 0.167092, -0.002625, 0.021895, -0.167842, 0.985571, 0.267178, 0.000000, 0.000000, 0.000000, 1.000000, 0.021895, -0.167842, 0.985571, 0.289178, -0.999232, 0.028376, 0.027031, -0.020305, -0.032503, -0.985405, -0.167092, 0.202698, 0.000000, 0.000000, 0.000000, 1.000000, 0.999872, -0.004307, 0.015407, 0.050471, 0.015556, 0.036905, -0.999198, 0.078969, 0.003735, 0.999310, 0.036967, 0.034172, 0.000000, 0.000000, 0.000000, 1.000000
23.6674, 20.2329, -2.6886, 267.5898, 289.5898, -20.2329, 202.7620, 50.4603, 78.8305, 34.3092, 0.999300, -0.027538, -0.025313, 0.020233, 0.031479, 0.984686, 0.171472, -0.002689, 0.020203, -0.172149, 0.984864, 0.267590, 0.000000, 0.000000, 0.000000, 1.000000, 0.020203, -0.172149, 0.984864, 0.289590, -0.999300, 0.027538, 0.025313, -0.020233, -0.031479, -0.984686, -0.171472, 0.202762, 0.000000, 0.000000, 0.000000, 1.000000, 0.999844, -0.004163, 0.017192, 0.050460, 0.017340, 0.038417, -0.999111, 0.078830, 0.003499, 0.999253, 0.038483, 0.034309, 0.000000, 0.000000, 0.000000, 1.000000
23.7959, 20.1444, -2.7403, 267.9867, 289.9867, -20.1444, 202.8138, 50.4222, 78.6427, 34.4001, 0.999362, -0.027994, -0.022157, 0.020144, 0.031431, 0.984217, 0.174149, -0.002740, 0.016933, -0.174735, 0.984470, 0.267987, 0.000000, 0.000000, 0.000000, 1.000000, 0.016933, -0.174735, 0.984470, 0.289987, -0.999362, 0.027994, 0.022157, -0.020144, -0.031431, -0.984217, -0.174149, 0.202814, 0.000000, 0.000000, 0.000000, 1.000000, 0.999779, -0.005120, 0.020381, 0.050422, 0.020564, 0.038813, -0.999035, 0.078643, 0.004324, 0.999233, 0.038910, 0.034400, 0.000000, 0.000000, 0.000000, 1.000000
23.9403, 20.0739, -2.7891, 268.3656, 290.3656, -20.0739, 202.8626, 50.4061, 78.4980, 34.5184, 0.999330, -0.026905, -0.024829, 0.020074, 0.030880, 0.983753, 0.176853, -0.002789, 0.019667, -0.177501, 0.983924, 0.268366, 0.000000, 0.000000, 0.000000, 1.000000, 0.019667, -0.177501, 0.983924, 0.290366, -0.999330, 0.026905, 0.024829, -0.020074, -0.030880, -0.983753, -0.176853, 0.202863, 0.000000, 0.000000, 0.000000, 1.000000, 0.999832, -0.004588, 0.017739, 0.050406, 0.017905, 0.039180, -0.999072, 0.078498, 0.003888, 0.999222, 0.039256, 0.034518, 0.000000, 0.000000, 0.000000, 1.000000
24.0530, 20.0033, -2.8192, 268.9762, 290.9762, -20.0033, 202.8927, 50.3895, 78.0722, 34.5739, 0.999351, -0.026332, -0.024600, 0.020003, 0.030217, 0.984293, 0.173937, -0.002819, 0.019633, -0.174567, 0.984449, 0.268976, 0.000000, 0.000000, 0.000000, 1.000000, 0.019633, -0.174567, 0.984449, 0.290976, -0.999351, 0.026332, 0.024600, -0.020003, -0.030217, -0.984293, -0.173937, 0.202893, 0.000000, 0.000000, 0.000000, 1.000000, 0.999831, -0.004229, 0.017885, 0.050389, 0.018019, 0.034291, -0.999249, 0.078072, 0.003612, 0.999403, 0.034361, 0.034574, 0.000000, 0.000000, 0.000000, 1.000000
24.2057, 19.9467, -2.8745, 269.2959, 291.2959, -19.9467, 202.9480, 50.3878, 78.0002, 34.7033, 0.999323, -0.026325, -0.025704, 0.019947, 0.030487, 0.983572, 0.177922, -0.002875, 0.020598, -0.178585, 0.983709, 0.269296, 0.000000, 0.000000, 0.000000, 1.000000, 0.020598, -0.178585, 0.983709, 0.291296, -0.999323, 0.026325, 0.025704, -0.019947, -0.030487, -0.983572, -0.177922, 0.202948, 0.000000, 0.000000, 0.000000, 1.000000, 0.999847, -0.004857, 0.016828, 0.050388, 0.016991, 0.035744, -0.999217, 0.078000, 0.004252, 0.999349, 0.035821, 0.034703, 0.000000, 0.000000, 0.000000, 1.000000
24.3178, 19.8462, -2.9393, 269.6010, 291.6010, -19.8462, 203.0127, 50.3286, 77.8793, 34.7648, 0.999328, -0.024834, -0.026950, 0.019846, 0.029388, 0.982405, 0.184437, -0.002939, 0.021895, -0.185105, 0.982475, 0.269601, 0.000000, 0.000000, 0.000000, 1.000000, 0.021895, -0.185105, 0.982475, 0.291601, -0.999328, 0.024834, 0.026950, -0.019846, -0.029388, -0.982405, -0.184437, 0.203013, 0.000000, 0.000000, 0.000000, 1.000000, 0.999869, -0.003989, 0.015705, 0.050329, 0.015854, 0.040495, -0.999054, 0.077879, 0.003349, 0.999172, 0.040553, 0.034765, 0.000000, 0.000000, 0.000000, 1.000000
24.4538, 19.7714, -2.9706, 270.1154, 292.1154, -19.7714, 203.0440, 50.3113, 77.5848, 34.8628, 0.999389, -0.024881, -0.024561, 0.019771, 0.028993, 0.982394, 0.184556, -0.002971, 0.019536, -0.185155, 0.982515, 0.270115, 0.000000, 0.000000, 0.000000, 1.000000, 0.019536, -0.185155, 0.982515, 0.292115, -0.999389, 0.024881, 0.024561, -0.019771, -0.028993, -0.982394, -0.184556, 0.203044, 0.000000, 0.000000, 0.000000, 1.000000, 0.999827, -0.004449, 0.018065, 0.050311, 0.018222, 0.038209, -0.999104, 0.077585, 0.003754, 0.999260, 0.038283, 0.034863, 0.000000, 0.000000, 0.000000, 1.000000
24.5969, 19.6824, -3.0232, 270.4820, 292.4820, -19.6824, 203.0966, 50.2763, 77.4497, 34.9706, 0.999430, -0.025042, -0.022635, 0.019682, 0.028865, 0.981659, 0.188448, -0.003023, 0.017500, -0.188994, 0.981822, 0.270482, 0.000000, 0.000000, 0.000000, 1.000000, 0.017500, -0.188994, 0.981822, 0.292482, -0.999430, 0.025042, 0.022635, -0.019682, -0.028865, -0.981659, -0.188448, 0.203097, 0.000000, 0.000000, 0.000000, 1.000000, 0.999786, -0.005209, 0.020030, 0.050276, 0.020221, 0.039648, -0.999009, 0.077450, 0.004410, 0.999200, 0.039744, 0.034971, 0.000000, 0.000000, 0.000000, 1.000000
24.7098, 19.5986, -3.0687, 271.0356, 293.0356, -19.5986, 203.1422, 50.2447, 77.0823, 35.0112, 0.999468, -0.024489, -0.021535, 0.019599, 0.028122, 0.981579, 0.188977, -0.003069, 0.016510, -0.189482, 0.981745, 0.271036, 0.000000, 0.000000, 0.000000, 1.000000, 0.016510, -0.189482, 0.981745, 0.293036, -0.999468, 0.024489, 0.021535, -0.019599, -0.028122, -0.981579, -0.188977, 0.203142, 0.000000, 0.000000, 0.000000, 1.000000, 0.999764, -0.005019, 0.021114, 0.050245, 0.021291, 0.038225, -0.999042, 0.077082, 0.004207, 0.999257, 0.038323, 0.035011, 0.000000, 0.000000, 0.000000, 1.000000
24.8544, 19.5418, -3.1017, 271.3097, 293.3097, -19.5418, 203.1752, 50.2381, 77.0400, 35.1514, 0.999412, -0.023772, -0.024711, 0.019542, 0.028078, 0.981022, 0.191851, -0.003102, 0.019681, -0.192432, 0.981113, 0.271310, 0.000000, 0.000000, 0.000000, 1.000000, 0.019681, -0.192432, 0.981113, 0.293310, -0.999412, 0.023772, 0.024711, -0.019542, -0.028078, -0.981022, -0.191851, 0.203175, 0.000000, 0.000000, 0.000000, 1.000000, 0.999827, -0.004868, 0.017970, 0.050238, 0.018145, 0.038770, -0.999083, 0.077040, 0.004167, 0.999236, 0.038852, 0.035151, 0.000000, 0.000000, 0.000000, 1.000000
25.0040, 19.4617, -3.1226, 271.7956, 293.7956, -19.4617, 203.1961, 50.2192, 76.7928, 35.2775, 0.999399, -0.023040, -0.025901, 0.019462, 0.027578, 0.981132, 0.191364, -0.003123, 0.021004, -0.191963, 0.981177, 0.271796, 0.000000, 0.000000, 0.000000, 1.000000, 0.021004, -0.191963, 0.981177, 0.293796, -0.999399, 0.023040, 0.025901, -0.019462, -0.027578, -0.981132, -0.191364, 0.203196, 0.000000, 0.000000, 0.000000, 1.000000, 0.999850, -0.004568, 0.016729, 0.050219, 0.016882, 0.035751, -0.999218, 0.076793, 0.003966, 0.999350, 0.035823, 0.035277, 0.000000, 0.000000, 0.000000, 1.000000
25.1255, 19.3989, -3.1875, 272.2019, 294.2019, -19.3989, 203.2610, 50.2048, 76.5884, 35.3293, 0.999449, -0.023104, -0.023815, 0.019399, 0.027383, 0.979664, 0.198766, -0.003188, 0.018739, -0.199309, 0.979758, 0.272202, 0.000000, 0.000000, 0.000000, 1.000000, 0.018739, -0.199309, 0.979758, 0.294202, -0.999449, 0.023104, 0.023815, -0.019399, -0.027383, -0.979664, -0.198766, 0.203261, 0.000000, 0.000000, 0.000000, 1.000000, 0.999807, -0.005319, 0.018924, 0.050205, 0.019127, 0.041139, -0.998970, 0.076588, 0.004535, 0.999139, 0.041233, 0.035329, 0.000000, 0.000000, 0.000000, 1.000000
25.2536, 19.3279, -3.2118, 272.7099, 294.7099, -19.3279, 203.2853, 50.1890, 76.2871, 35.4133, 0.999471, -0.022986, -0.022996, 0.019328, 0.027108, 0.979619, 0.199028, -0.003212, 0.017953, -0.199546, 0.979724, 0.272710, 0.000000, 0.000000, 0.000000, 1.000000, 0.017953, -0.199546, 0.979724, 0.294710, -0.999471, 0.022986, 0.022996, -0.019328, -0.027108, -0.979619, -0.199028, 0.203285, 0.000000, 0.000000, 0.000000, 1.000000, 0.999790, -0.005599, 0.019718, 0.050189, 0.019923, 0.039186, -0.999033, 0.076287, 0.004821, 0.999216, 0.039289, 0.035413, 0.000000, 0.000000, 0.000000, 1.000000
25.4221, 19.2384, -3.2550, 273.0489, 295.0489, -19.2384, 203.3285, 50.1593, 76.2177, 35.5639, 0.999464, -0.022199, -0.024051, 0.019238, 0.026636, 0.978703, 0.203546, -0.003255, 0.019020, -0.204078, 0.978770, 0.273049, 0.000000, 0.000000, 0.000000, 1.000000, 0.019020, -0.204078, 0.978770, 0.295049, -0.999464, 0.022199, 0.024051, -0.019238, -0.026636, -0.978703, -0.203546, 0.203328, 0.000000, 0.000000, 0.000000, 1.000000, 0.999810, -0.005520, 0.018703, 0.050159, 0.018913, 0.040941, -0.998983, 0.076218, 0.004749, 0.999146, 0.041037, 0.035564, 0.000000, 0.000000, 0.000000, 1.000000
25.5109, 19.1529, -3.2881, 273.2093, 295.2093, -19.1529, 203.3616, 50.1037, 76.1994, 35.6362, 0.999486, -0.021714, -0.023583, 0.019153, 0.026168, 0.977576, 0.208952, -0.003288, 0.018517, -0.209462, 0.977641, 0.273209, 0.000000, 0.000000, 0.000000, 1.000000, 0.018517, -0.209462, 0.977641, 0.295209, -0.999486, 0.021714, 0.023583, -0.019153, -0.026168, -0.977576, -0.208952, 0.203362, 0.000000, 0.000000, 0.000000, 1.000000, 0.999799, -0.005540, 0.019248, 0.050104, 0.019478, 0.044928, -0.998800, 0.076199, 0.004668, 0.998975, 0.045027, 0.035636, 0.000000, 0.000000, 0.000000, 1.000000
25.6522, 19.0799, -3.3175, 273.8490, 295.8490, -19.0799, 203.3909, 50.0946, 75.7897, 35.7081, 0.999441, -0.021005, -0.026027, 0.019080, 0.025922, 0.978224, 0.205927, -0.003317, 0.021134, -0.206486, 0.978221, 0.273849, 0.000000, 0.000000, 0.000000, 1.000000, 0.021134, -0.206486, 0.978221, 0.295849, -0.999441, 0.021005, 0.026027, -0.019080, -0.025922, -0.978224, -0.205927, 0.203391, 0.000000, 0.000000, 0.000000, 1.000000, 0.999847, -0.005128, 0.016721, 0.050095, 0.016910, 0.039493, -0.999077, 0.075790, 0.004463, 0.999207, 0.039573, 0.035708, 0.000000, 0.000000, 0.000000, 1.000000
25.8064, 19.0196, -3.3731, 274.1967, 296.1967, -19.0196, 203.4465, 50.0905, 75.6922, 35.8199, 0.999473, -0.020968, -0.024798, 0.019020, 0.025716, 0.977351, 0.210055, -0.003373, 0.019832, -0.210582, 0.977375, 0.274197, 0.000000, 0.000000, 0.000000, 1.000000, 0.019832, -0.210582, 0.977375, 0.296197, -0.999473, 0.020968, 0.024798, -0.019020, -0.025716, -0.977351, -0.210055, 0.203447, 0.000000, 0.000000, 0.000000, 1.000000, 0.999822, -0.005737, 0.017971, 0.050091, 0.018192, 0.041026, -0.998992, 0.075692, 0.004994, 0.999142, 0.041123, 0.035820, 0.000000, 0.000000, 0.000000, 1.000000
25.9115, 18.9404, -3.3876, 274.6808, 296.6808, -18.9404, 203.4611, 50.0598, 75.3770, 35.8765, 0.999489, -0.020310, -0.024670, 0.018940, 0.025080, 0.976998, 0.211767, -0.003388, 0.019801, -0.212277, 0.977009, 0.274681, 0.000000, 0.000000, 0.000000, 1.000000, 0.019801, -0.212277, 0.977009, 0.296681, -0.999489, 0.020310, 0.024670, -0.018940, -0.025080, -0.976998, -0.211767, 0.203461, 0.000000, 0.000000, 0.000000, 1.000000, 0.999821, -0.005475, 0.018101, 0.050060, 0.018310, 0.040980, -0.998992, 0.075377, 0.004727, 0.999145, 0.041073, 0.035877, 0.000000, 0.000000, 0.000000, 1.000000
26.0550, 18.8691, -3.4141, 275.1590, 297.1590, -18.8691, 203.4876, 50.0468, 75.1296, 35.9762, 0.999493, -0.019199, -0.025392, 0.018869, 0.024149, 0.977000, 0.211867, -0.003414, 0.020740, -0.212372, 0.976969, 0.275159, 0.000000, 0.000000, 0.000000, 1.000000, 0.020740, -0.212372, 0.976969, 0.297159, -0.999493, 0.019199, 0.025392, -0.018869, -0.024149, -0.977000, -0.211867, 0.203488, 0.000000, 0.000000, 0.000000, 1.000000, 0.999838, -0.004802, 0.017347, 0.050047, 0.017520, 0.038656, -0.999099, 0.075130, 0.004127, 0.999241, 0.038734, 0.035976, 0.000000, 0.000000, 0.000000, 1.000000
26.1923, 18.7938, -3.4541, 275.5749, 297.5749, -18.7938, 203.5275, 50.0255, 74.9362, 36.0630, 0.999517, -0.019306, -0.024344, 0.018794, 0.024112, 0.976128, 0.215855, -0.003454, 0.019596, -0.216337, 0.976122, 0.275575, 0.000000, 0.000000, 0.000000, 1.000000, 0.019596, -0.216337, 0.976122, 0.297575, -0.999517, 0.019306, 0.024344, -0.018794, -0.024112, -0.976128, -0.215855, 0.203528, 0.000000, 0.000000, 0.000000, 1.000000, 0.999815, -0.005498, 0.018421, 0.050025, 0.018628, 0.040346, -0.999012, 0.074936, 0.004750, 0.999171, 0.040441, 0.036063, 0.000000, 0.000000, 0.000000, 1.000000
26.3531, 18.7102, -3.5014, 275.9052, 297.9052, -18.7102, 203.5748, 49.9989, 74.8640, 36.1905, 0.999516, -0.018875, -0.024748, 0.018710, 0.023844, 0.975424, 0.219041, -0.003501, 0.020005, -0.219525, 0.975402, 0.275905, 0.000000, 0.000000, 0.000000, 1.000000, 0.020005, -0.219525, 0.975402, 0.297905, -0.999516, 0.018875, 0.024748, -0.018710, -0.023844, -0.975424, -0.219041, 0.203575, 0.000000, 0.000000, 0.000000, 1.000000, 0.999821, -0.005694, 0.018024, 0.049999, 0.018242, 0.040861, -0.998998, 0.074864, 0.004952, 0.999149, 0.040957, 0.036190, 0.000000, 0.000000, 0.000000, 1.000000
26.4566, 18.6335, -3.5151, 276.3365, 298.3365, -18.6335, 203.5885, 49.9678, 74.5987, 36.2490, 0.999553, -0.019512, -0.022647, 0.018634, 0.024037, 0.975006, 0.220873, -0.003515, 0.017771, -0.221319, 0.975040, 0.276336, 0.000000, 0.000000, 0.000000, 1.000000, 0.017771, -0.221319, 0.975040, 0.298336, -0.999553, 0.019512, 0.022647, -0.018634, -0.024037, -0.975006, -0.220873, 0.203589, 0.000000, 0.000000, 0.000000, 1.000000, 0.999775, -0.006721, 0.020125, 0.049968, 0.020383, 0.040895, -0.998956, 0.074599, 0.005891, 0.999141, 0.041022, 0.036249, 0.000000, 0.000000, 0.000000, 1.000000
26.6076, 18.5266, -3.5478, 276.6992, 298.6992, -18.5266, 203.6213, 49.9167, 74.4758, 36.3685, 0.999545, -0.018194, -0.024066, 0.018527, 0.023160, 0.973941, 0.225615, -0.003548, 0.019334, -0.226069, 0.973919, 0.276699, 0.000000, 0.000000, 0.000000, 1.000000, 0.019334, -0.226069, 0.973919, 0.298699, -0.999545, 0.018194, 0.024066, -0.018527, -0.023160, -0.973941, -0.225615, 0.203621, 0.000000, 0.000000, 0.000000, 1.000000, 0.999806, -0.006069, 0.018730, 0.049917, 0.018976, 0.043219, -0.998885, 0.074476, 0.005253, 0.999047, 0.043326, 0.036368, 0.000000, 0.000000, 0.000000, 1.000000
26.7264, 18.4492, -3.5837, 277.1145, 299.1145, -18.4492, 203.6571, 49.8882, 74.2539, 36.4276, 0.999558, -0.017335, -0.024171, 0.018449, 0.022434, 0.972940, 0.229968, -0.003584, 0.019531, -0.230408, 0.972898, 0.277115, 0.000000, 0.000000, 0.000000, 1.000000, 0.019531, -0.230408, 0.972898, 0.299115, -0.999558, 0.017335, 0.024171, -0.018449, -0.022434, -0.972940, -0.229968, 0.203657, 0.000000, 0.000000, 0.000000, 1.000000, 0.999810, -0.005761, 0.018649, 0.049888, 0.018892, 0.045660, -0.998778, 0.074254, 0.004902, 0.998940, 0.045760, 0.036428, 0.000000, 0.000000, 0.000000, 1.000000
26.8449, 18.3879, -3.5945, 277.6652, 299.6652, -18.3879, 203.6680, 49.8813, 73.8946, 36.4837, 0.999576, -0.017351, -0.023381, 0.018388, 0.022248, 0.973180, 0.228968, -0.003595, 0.018781, -0.229391, 0.973153, 0.277665, 0.000000, 0.000000, 0.000000, 1.000000, 0.018781, -0.229391, 0.973153, 0.299665, -0.999576, 0.017351, 0.023381, -0.018388, -0.022248, -0.973180, -0.228968, 0.203668, 0.000000, 0.000000, 0.000000, 1.000000, 0.999793, -0.006090, 0.019398, 0.049881, 0.019640, 0.042582, -0.998900, 0.073895, 0.005258, 0.999074, 0.042693, 0.036484, 0.000000, 0.000000, 0.000000, 1.000000
26.9908, 18.3154, -3.6241, 278.1273, 300.1273, -18.3154, 203.6975, 49.8672, 73.6674, 36.5755, 0.999582, -0.016688, -0.023624, 0.018315, 0.021666, 0.973112, 0.229310, -0.003624, 0.019162, -0.229726, 0.973067, 0.278127, 0.000000, 0.000000, 0.000000, 1.000000, 0.019162, -0.229726, 0.973067, 0.300127, -0.999582, 0.016688, 0.023624, -0.018315, -0.021666, -0.973112, -0.229310, 0.203698, 0.000000, 0.000000, 0.000000, 1.000000, 0.999800, -0.005884, 0.019125, 0.049867, 0.019347, 0.040446, -0.998994, 0.073667, 0.005105, 0.999164, 0.040552, 0.036575, 0.000000, 0.000000, 0.000000, 1.000000
27.1252, 18.2345, -3.6450, 278.4778, 300.4778, -18.2345, 203.7184, 49.8372, 73.5304, 36.6794, 0.999608, -0.016452, -0.022633, 0.018235, 0.021246, 0.972639, 0.231348, -0.003645, 0.018207, -0.231738, 0.972608, 0.278478, 0.000000, 0.000000, 0.000000, 1.000000, 0.018207, -0.231738, 0.972608, 0.300478, -0.999608, 0.016452, 0.022633, -0.018235, -0.021246, -0.972639, -0.231348, 0.203718, 0.000000, 0.000000, 0.000000, 1.000000, 0.999779, -0.006143, 0.020107, 0.049837, 0.020338, 0.040210, -0.998984, 0.073530, 0.005329, 0.999172, 0.040326, 0.036679, 0.000000, 0.000000, 0.000000, 1.000000
27.2540, 18.1588, -3.6619, 278.8555, 300.8555, -18.1588, 203.7354, 49.8114, 73.3575, 36.7726, 0.999578, -0.015553, -0.024552, 0.018159, 0.020828, 0.972518, 0.231892, -0.003662, 0.020270, -0.232306, 0.972432, 0.278856, 0.000000, 0.000000, 0.000000, 1.000000, 0.020270, -0.232306, 0.972432, 0.300856, -0.999578, 0.015553, 0.024552, -0.018159, -0.020828, -0.972518, -0.231892, 0.203735, 0.000000, 0.000000, 0.000000, 1.000000, 0.999819, -0.005660, 0.018171, 0.049811, 0.018377, 0.038617, -0.999085, 0.073358, 0.004953, 0.999238, 0.038714, 0.036773, 0.000000, 0.000000, 0.000000, 1.000000
27.3911, 18.0848, -3.6903, 279.2668, 301.2668, -18.0848, 203.7637, 49.7919, 73.1662, 36.8586, 0.999606, -0.015809, -0.023184, 0.018085, 0.020859, 0.971272, 0.237056, -0.003690, 0.018771, -0.237446, 0.971219, 0.279267, 0.000000, 0.000000, 0.000000, 1.000000, 0.018771, -0.237446, 0.971219, 0.301267, -0.999606, 0.015809, 0.023184, -0.018085, -0.020859, -0.971272, -0.237056, 0.203764, 0.000000, 0.000000, 0.000000, 1.000000, 0.999787, -0.006556, 0.019550, 0.049792, 0.019806, 0.041532, -0.998941, 0.073166, 0.005737, 0.999116, 0.041653, 0.036859, 0.000000, 0.000000, 0.000000, 1.000000
27.5265, 18.0093, -3.7252, 279.7273, 301.7273, -18.0093, 203.7986, 49.7711, 72.9260, 36.9244, 0.999608, -0.015221, -0.023503, 0.018009, 0.020421, 0.970558, 0.239998, -0.003725, 0.019158, -0.240384, 0.970489, 0.279727, 0.000000, 0.000000, 0.000000, 1.000000, 0.019158, -0.240384, 0.970489, 0.301727, -0.999608, 0.015221, 0.023503, -0.018009, -0.020421, -0.970558, -0.239998, 0.203799, 0.000000, 0.000000, 0.000000, 1.000000, 0.999794, -0.006507, 0.019234, 0.049771, 0.019492, 0.042251, -0.998917, 0.072926, 0.005687, 0.999086, 0.042369, 0.036924, 0.000000, 0.000000, 0.000000, 1.000000
27.6563, 17.9465, -3.7326, 280.2044, 302.2044, -17.9465, 203.8061, 49.7640, 72.6552, 37.0056, 0.999577, -0.014514, -0.025193, 0.017946, 0.020156, 0.970399, 0.240663, -0.003733, 0.020954, -0.241069, 0.970282, 0.280204, 0.000000, 0.000000, 0.000000, 1.000000, 0.020954, -0.241069, 0.970282, 0.302204, -0.999577, 0.014514, 0.025193, -0.017946, -0.020156, -0.970399, -0.240663, 0.203806, 0.000000, 0.000000, 0.000000, 1.000000, 0.999827, -0.006226, 0.017510, 0.049764, 0.017750, 0.040754, -0.999012, 0.072655, 0.005506, 0.999150, 0.040858, 0.037006, 0.000000, 0.000000, 0.000000, 1.000000
27.8082, 17.8597, -3.7437, 280.5309, 302.5309, -17.8597, 203.8172, 49.7321, 72.5657, 37.1418, 0.999606, -0.014255, -0.024164, 0.017860, 0.019717, 0.969667, 0.243634, -0.003744, 0.019958, -0.244014, 0.969566, 0.280531, 0.000000, 0.000000, 0.000000, 1.000000, 0.019958, -0.244014, 0.969566, 0.302531, -0.999606, 0.014255, 0.024164, -0.017860, -0.019717, -0.969667, -0.243634, 0.203817, 0.000000, 0.000000, 0.000000, 1.000000, 0.999807, -0.006556, 0.018528, 0.049732, 0.018783, 0.041187, -0.998975, 0.072566, 0.005786, 0.999130, 0.041303, 0.037142, 0.000000, 0.000000, 0.000000, 1.000000
27.9125, 17.7709, -3.7867, 280.8529, 302.8529, -17.7709, 203.8602, 49.6844, 72.4147, 37.1805, 0.999621, -0.012911, -0.024294, 0.017771, 0.018596, 0.967861, 0.250798, -0.003787, 0.020276, -0.251155, 0.967735, 0.280853, 0.000000, 0.000000, 0.000000, 1.000000, 0.020276, -0.251155, 0.967735, 0.302853, -0.999621, 0.012911, 0.024294, -0.017771, -0.018596, -0.967861, -0.250798, 0.203860, 0.000000, 0.000000, 0.000000, 1.000000, 0.999813, -0.005843, 0.018427, 0.049684, 0.018680, 0.046805, -0.998729, 0.072415, 0.004974, 0.998887, 0.046905, 0.037181, 0.000000, 0.000000, 0.000000, 1.000000
28.0562, 17.6922, -3.7847, 281.4224, 303.4224, -17.6922, 203.8581, 49.6682, 72.0730, 37.2656, 0.999647, -0.013284, -0.022997, 0.017692, 0.018600, 0.968282, 0.249167, -0.003785, 0.018958, -0.249506, 0.968188, 0.281422, 0.000000, 0.000000, 0.000000, 1.000000, 0.018958, -0.249506, 0.968188, 0.303422, -0.999647, 0.013284, 0.022997, -0.017692, -0.018600, -0.968282, -0.249167, 0.203858, 0.000000, 0.000000, 0.000000, 1.000000, 0.999785, -0.006579, 0.019677, 0.049668, 0.019940, 0.042623, -0.998892, 0.072073, 0.005733, 0.999070, 0.042745, 0.037266, 0.000000, 0.000000, 0.000000, 1.000000
28.2076, 17.6043, -3.8094, 281.7561, 303.7561, -17.6043, 203.8829, 49.6352, 71.9785, 37.3826, 0.999629, -0.013173, -0.023852, 0.017604, 0.018763, 0.967557, 0.251957, -0.003809, 0.019759, -0.252311, 0.967445, 0.281756, 0.000000, 0.000000, 0.000000, 1.000000, 0.019759, -0.252311, 0.967445, 0.303756, -0.999629, 0.013173, 0.023852, -0.017604, -0.018763, -0.967557, -0.251957, 0.203883, 0.000000, 0.000000, 0.000000, 1.000000, 0.999798, -0.007049, 0.018804, 0.049635, 0.019090, 0.042920, -0.998896, 0.071979, 0.006234, 0.999054, 0.043045, 0.037383, 0.000000, 0.000000, 0.000000, 1.000000
28.3118, 17.5304, -3.8222, 282.1679, 304.1679, -17.5304, 203.8956, 49.6063, 71.7340, 37.4280, 0.999660, -0.012961, -0.022620, 0.017530, 0.018275, 0.967177, 0.253445, -0.003822, 0.018593, -0.253772, 0.967085, 0.282168, 0.000000, 0.000000, 0.000000, 1.000000, 0.018593, -0.253772, 0.967085, 0.304168, -0.999660, 0.012961, 0.022620, -0.017530, -0.018275, -0.967177, -0.253445, 0.203896, 0.000000, 0.000000, 0.000000, 1.000000, 0.999774, -0.007216, 0.020020, 0.049606, 0.020310, 0.042648, -0.998884, 0.071734, 0.006354, 0.999064, 0.042784, 0.037428, 0.000000, 0.000000, 0.000000, 1.000000
28.4651, 17.4523, -3.8434, 282.6458, 304.6458, -17.4523, 203.9168, 49.5889, 71.5019, 37.5178, 0.999672, -0.011871, -0.022699, 0.017452, 0.017318, 0.966156, 0.257377, -0.003843, 0.018876, -0.257685, 0.966044, 0.282646, 0.000000, 0.000000, 0.000000, 1.000000, 0.018876, -0.257685, 0.966044, 0.304646, -0.999672, 0.011871, 0.022699, -0.017452, -0.017318, -0.966156, -0.257377, 0.203917, 0.000000, 0.000000, 0.000000, 1.000000, 0.999778, -0.006764, 0.019933, 0.049589, 0.020213, 0.044098, -0.998823, 0.071502, 0.005877, 0.999004, 0.044225, 0.037518, 0.000000, 0.000000, 0.000000, 1.000000
28.5906, 17.3839, -3.8390, 283.0859, 305.0859, -17.3839, 203.9124, 49.5728, 71.2589, 37.6005, 0.999652, -0.010742, -0.024104, 0.017384, 0.016599, 0.966030, 0.257896, -0.003839, 0.020515, -0.258207, 0.965872, 0.283086, 0.000000, 0.000000, 0.000000, 1.000000, 0.020515, -0.258207, 0.965872, 0.305086, -0.999652, 0.010742, 0.024104, -0.017384, -0.016599, -0.966030, -0.257896, 0.203912, 0.000000, 0.000000, 0.000000, 1.000000, 0.999811, -0.006037, 0.018501, 0.049573, 0.018741, 0.042527, -0.998920, 0.071259, 0.005244, 0.999077, 0.042632, 0.037600, 0.000000, 0.000000, 0.000000, 1.000000
28.7110, 17.3124, -3.8548, 283.5561, 305.5561, -17.3124, 203.9282, 49.5532, 70.9832, 37.6484, 0.999658, -0.010817, -0.023800, 0.017312, 0.016615, 0.965749, 0.258944, -0.003855, 0.020184, -0.259251, 0.965599, 0.283556, 0.000000, 0.000000, 0.000000, 1.000000, 0.020184, -0.259251, 0.965599, 0.305556, -0.999658, 0.010817, 0.023800, -0.017312, -0.016615, -0.965749, -0.258944, 0.203928, 0.000000, 0.000000, 0.000000, 1.000000, 0.999802, -0.006522, 0.018781, 0.049553, 0.019036, 0.041536, -0.998956, 0.070983, 0.005736, 0.999116, 0.041652, 0.037648, 0.000000, 0.000000, 0.000000, 1.000000
28.8789, 17.2361, -3.8883, 283.9256, 305.9256, -17.2361, 203.9618, 49.5376, 70.8814, 37.7647, 0.999666, -0.010273, -0.023729, 0.017236, 0.016146, 0.964793, 0.262514, -0.003888, 0.020197, -0.262809, 0.964636, 0.283926, 0.000000, 0.000000, 0.000000, 1.000000, 0.020197, -0.262809, 0.964636, 0.305926, -0.999666, 0.010273, 0.023729, -0.017236, -0.016146, -0.964793, -0.262514, 0.203962, 0.000000, 0.000000, 0.000000, 1.000000, 0.999801, -0.006643, 0.018826, 0.049538, 0.019091, 0.042354, -0.998920, 0.070881, 0.005839, 0.999081, 0.042472, 0.037765, 0.000000, 0.000000, 0.000000, 1.000000
28.9907, 17.1343, -3.8954, 284.2873, 306.2873, -17.1343, 203.9689, 49.4817, 70.6950, 37.8307, 0.999713, -0.010254, -0.021656, 0.017134, 0.015654, 0.963763, 0.266302, -0.003895, 0.018141, -0.266564, 0.963646, 0.284287, 0.000000, 0.000000, 0.000000, 1.000000, 0.018141, -0.266564, 0.963646, 0.306287, -0.999713, 0.010254, 0.021656, -0.017134, -0.015654, -0.963763, -0.266302, 0.203969, 0.000000, 0.000000, 0.000000, 1.000000, 0.999757, -0.007128, 0.020878, 0.049482, 0.021174, 0.044321, -0.998793, 0.070695, 0.006194, 0.998992, 0.044461, 0.037831, 0.000000, 0.000000, 0.000000, 1.000000
29.1366, 17.0553, -3.8964, 284.5717, 306.5717, -17.0553, 203.9699, 49.4543, 70.6354, 37.9653, 0.999680, -0.009127, -0.023591, 0.017055, 0.015133, 0.963118, 0.268652, -0.003896, 0.020269, -0.268923, 0.962948, 0.284572, 0.000000, 0.000000, 0.000000, 1.000000, 0.020269, -0.268923, 0.962948, 0.306572, -0.999680, 0.009127, 0.023591, -0.017055, -0.015133, -0.963118, -0.268652, 0.203970, 0.000000, 0.000000, 0.000000, 1.000000, 0.999800, -0.006548, 0.018914, 0.049454, 0.019186, 0.044305, -0.998834, 0.070635, 0.005702, 0.998997, 0.044422, 0.037965, 0.000000, 0.000000, 0.000000, 1.000000
29.2621, 17.0027, -3.9040, 284.9195, 306.9195, -17.0027, 203.9774, 49.4502, 70.4857, 38.0502, 0.999679, -0.009366, -0.023555, 0.017003, 0.015420, 0.962223, 0.271827, -0.003904, 0.020120, -0.272102, 0.962058, 0.284920, 0.000000, 0.000000, 0.000000, 1.000000, 0.020120, -0.272102, 0.962058, 0.306920, -0.999679, 0.009366, 0.023555, -0.017003, -0.015420, -0.962223, -0.271827, 0.203977, 0.000000, 0.000000, 0.000000, 1.000000, 0.999794, -0.007305, 0.018927, 0.049450, 0.019240, 0.045437, -0.998782, 0.070486, 0.006436, 0.998940, 0.045569, 0.038050, 0.000000, 0.000000, 0.000000, 1.000000
29.4086, 16.9245, -3.9228, 285.5187, 307.5187, -16.9245, 203.9963, 49.4362, 70.1249, 38.0940, 0.999666, -0.008529, -0.024393, 0.016924, 0.014867, 0.961916, 0.272940, -0.003923, 0.021136, -0.273211, 0.961722, 0.285519, 0.000000, 0.000000, 0.000000, 1.000000, 0.021136, -0.273211, 0.961722, 0.307519, -0.999666, 0.008529, 0.024393, -0.016924, -0.014867, -0.961916, -0.272940, 0.203996, 0.000000, 0.000000, 0.000000, 1.000000, 0.999813, -0.006961, 0.018055, 0.049436, 0.018345, 0.044105, -0.998858, 0.070125, 0.006157, 0.999003, 0.044224, 0.038094, 0.000000, 0.000000, 0.000000, 1.000000
29.5284, 16.8550, -3.9210, 286.0045, 308.0045, -16.8550, 203.9944, 49.4193, 69.8297, 38.1457, 0.999683, -0.008077, -0.023856, 0.016855, 0.014325, 0.961388, 0.274822, -0.003921, 0.020715, -0.275077, 0.961199, 0.286004, 0.000000, 0.000000, 0.000000, 1.000000, 0.020715, -0.275077, 0.961199, 0.308004, -0.999683, 0.008077, 0.023856, -0.016855, -0.014325, -0.961388, -0.274822, 0.203994, 0.000000, 0.000000, 0.000000, 1.000000, 0.999803, -0.006954, 0.018566, 0.049419, 0.018854, 0.044003, -0.998853, 0.069830, 0.006129, 0.999007, 0.044126, 0.038146, 0.000000, 0.000000, 0.000000, 1.000000
29.6734, 16.7762, -3.9208, 286.4955, 308.4955, -16.7762, 203.9943, 49.4007, 69.5673, 38.2268, 0.999666, -0.007433, -0.024751, 0.016776, 0.013969, 0.961188, 0.275539, -0.003921, 0.021743, -0.275793, 0.960971, 0.286495, 0.000000, 0.000000, 0.000000, 1.000000, 0.021743, -0.275793, 0.960971, 0.308495, -0.999666, 0.007433, 0.024751, -0.016776, -0.013969, -0.961188, -0.275539, 0.203994, 0.000000, 0.000000, 0.000000, 1.000000, 0.999822, -0.006781, 0.017628, 0.049401, 0.017899, 0.042283, -0.998945, 0.069567, 0.006028, 0.999083, 0.042397, 0.038227, 0.000000, 0.000000, 0.000000, 1.000000
29.8094, 16.7014, -3.9357, 286.7153, 308.7153, -16.7014, 204.0092, 49.3715, 69.5591, 38.3437, 0.999676, -0.007220, -0.024421, 0.016701, 0.013768, 0.959964, 0.279784, -0.003936, 0.021423, -0.280030, 0.959752, 0.286715, 0.000000, 0.000000, 0.000000, 1.000000, 0.021423, -0.280030, 0.959752, 0.308715, -0.999676, 0.007220, 0.024421, -0.016701, -0.013768, -0.959964, -0.279784, 0.204009, 0.000000, 0.000000, 0.000000, 1.000000, 0.999813, -0.007166, 0.017934, 0.049371, 0.018235, 0.044359, -0.998849, 0.069559, 0.006362, 0.998990, 0.044481, 0.038344, 0.000000, 0.000000, 0.000000, 1.000000
29.9305, 16.5857, -3.9382, 287.1714, 309.1714, -16.5857, 204.0116, 49.3075, 69.2941, 38.3956, 0.999730, -0.007274, -0.022052, 0.016586, 0.013227, 0.958938, 0.283308, -0.003938, 0.019086, -0.283524, 0.958775, 0.287171, 0.000000, 0.000000, 0.000000, 1.000000, 0.019086, -0.283524, 0.958775, 0.309171, -0.999730, 0.007274, 0.022052, -0.016586, -0.013227, -0.958938, -0.283308, 0.204012, 0.000000, 0.000000, 0.000000, 1.000000, 0.999765, -0.007740, 0.020273, 0.049307, 0.020607, 0.045912, -0.998733, 0.069294, 0.006800, 0.998915, 0.046061, 0.038396, 0.000000, 0.000000, 0.000000, 1.000000
30.0744, 16.5141, -3.9360, 287.6907, 309.6907, -16.5141, 204.0094, 49.2960, 69.0034, 38.4657, 0.999748, -0.006759, -0.021421, 0.016514, 0.012567, 0.958740, 0.284008, -0.003936, 0.018617, -0.284205, 0.958583, 0.287691, 0.000000, 0.000000, 0.000000, 1.000000, 0.018617, -0.284205, 0.958583, 0.309691, -0.999748, 0.006759, 0.021421, -0.016514, -0.012567, -0.958740, -0.284008, 0.204009, 0.000000, 0.000000, 0.000000, 1.000000, 0.999752, -0.007691, 0.020876, 0.049296, 0.021196, 0.044171, -0.998799, 0.069003, 0.006760, 0.998994, 0.044324, 0.038466, 0.000000, 0.000000, 0.000000, 1.000000
30.2089, 16.4434, -3.9293, 288.1273, 310.1273, -16.4434, 204.0028, 49.2805, 68.7769, 38.5456, 0.999749, -0.006525, -0.021438, 0.016443, 0.012358, 0.958587, 0.284531, -0.003929, 0.018694, -0.284724, 0.958427, 0.288127, 0.000000, 0.000000, 0.000000, 1.000000, 0.018694, -0.284724, 0.958427, 0.310127, -0.999749, 0.006525, 0.021438, -0.016443, -0.012358, -0.958587, -0.284531, 0.204003, 0.000000, 0.000000, 0.000000, 1.000000, 0.999752, -0.007887, 0.020818, 0.049281, 0.021134, 0.042413, -0.998877, 0.068777, 0.006995, 0.999069, 0.042569, 0.038546, 0.000000, 0.000000, 0.000000, 1.000000
30.3359, 16.3443, -3.9162, 288.5090, 310.5090, -16.3443, 203.9896, 49.2320, 68.5901, 38.6340, 0.999711, -0.005047, -0.023517, 0.016344, 0.011574, 0.958045, 0.286385, -0.003916, 0.021085, -0.286574, 0.957826, 0.288509, 0.000000, 0.000000, 0.000000, 1.000000, 0.021085, -0.286574, 0.957826, 0.310509, -0.999711, 0.005047, 0.023517, -0.016344, -0.011574, -0.958045, -0.286385, 0.203990, 0.000000, 0.000000, 0.000000, 1.000000, 0.999801, -0.006875, 0.018705, 0.049232, 0.018979, 0.042219, -0.998928, 0.068590, 0.006078, 0.999085, 0.042341, 0.038634, 0.000000, 0.000000, 0.000000, 1.000000
30.4868, 16.2816, -3.9460, 288.7325, 310.7325, -16.2816, 204.0195, 49.2188, 68.6047, 38.7503, 0.999713, -0.004651, -0.023513, 0.016282, 0.011344, 0.955970, 0.293245, -0.003946, 0.021114, -0.293427, 0.955748, 0.288732, 0.000000, 0.000000, 0.000000, 1.000000, 0.021114, -0.293427, 0.955748, 0.310732, -0.999713, 0.004651, 0.023513, -0.016282, -0.011344, -0.955970, -0.293245, 0.204019, 0.000000, 0.000000, 0.000000, 1.000000, 0.999800, -0.007238, 0.018664, 0.049219, 0.018983, 0.046791, -0.998724, 0.068605, 0.006355, 0.998878, 0.046919, 0.038750, 0.000000, 0.000000, 0.000000, 1.000000
30.6088, 16.1989, -3.9374, 289.3795, 311.3795, -16.1989, 204.0109, 49.1965, 68.1551, 38.7589, 0.999723, -0.004667, -0.023086, 0.016199, 0.011237, 0.955927, 0.293388, -0.003937, 0.020700, -0.293566, 0.955715, 0.289380, 0.000000, 0.000000, 0.000000, 1.000000, 0.020700, -0.293566, 0.955715, 0.311380, -0.999723, 0.004667, 0.023086, -0.016199, -0.011237, -0.955927, -0.293388, 0.204011, 0.000000, 0.000000, 0.000000, 1.000000, 0.999789, -0.007629, 0.019052, 0.049197, 0.019375, 0.044841, -0.998806, 0.068155, 0.006765, 0.998965, 0.044980, 0.038759, 0.000000, 0.000000, 0.000000, 1.000000
30.7347, 16.1275, -3.9474, 289.6132, 311.6132, -16.1275, 204.0209, 49.1685, 68.1171, 38.8567, 0.999724, -0.004675, -0.023023, 0.016127, 0.011303, 0.954846, 0.296887, -0.003947, 0.020595, -0.297065, 0.954635, 0.289613, 0.000000, 0.000000, 0.000000, 1.000000, 0.020595, -0.297065, 0.954635, 0.311613, -0.999724, 0.004675, 0.023023, -0.016127, -0.011303, -0.954846, -0.296887, 0.204021, 0.000000, 0.000000, 0.000000, 1.000000, 0.999785, -0.008172, 0.019080, 0.049168, 0.019439, 0.046335, -0.998737, 0.068117, 0.007278, 0.998893, 0.046483, 0.038857, 0.000000, 0.000000, 0.000000, 1.000000
30.8874, 16.0478, -3.9414, 290.1404, 312.1404, -16.0478, 204.0148, 49.1528, 67.8305, 38.9299, 0.999697, -0.003756, -0.024330, 0.016048, 0.010806, 0.954938, 0.296610, -0.003941, 0.022120, -0.296783, 0.954689, 0.290140, 0.000000, 0.000000, 0.000000, 1.000000, 0.022120, -0.296783, 0.954689, 0.312140, -0.999697, 0.003756, 0.024330, -0.016048, -0.010806, -0.954938, -0.296610, 0.204015, 0.000000, 0.000000, 0.000000, 1.000000, 0.999813, -0.007702, 0.017728, 0.049153, 0.018047, 0.043456, -0.998892, 0.067830, 0.006923, 0.999026, 0.043587, 0.038930, 0.000000, 0.000000, 0.000000, 1.000000
31.0162, 15.9658, -3.9288, 290.4944, 312.4944, -15.9658, 204.0023, 49.1206, 67.6739, 39.0204, 0.999733, -0.003327, -0.022863, 0.015966, 0.010035, 0.953890, 0.299990, -0.003929, 0.020811, -0.300139, 0.953668, 0.290494, 0.000000, 0.000000, 0.000000, 1.000000, 0.020811, -0.300139, 0.953668, 0.312494, -0.999733, 0.003327, 0.022863, -0.015966, -0.010035, -0.953890, -0.299990, 0.204002, 0.000000, 0.000000, 0.000000, 1.000000, 0.999786, -0.007811, 0.019149, 0.049121, 0.019480, 0.044773, -0.998807, 0.067674, 0.006944, 0.998967, 0.044916, 0.039020, 0.000000, 0.000000, 0.000000, 1.000000
31.1282, 15.9003, -3.9318, 290.9457, 312.9457, -15.9003, 204.0052, 49.1042, 67.4034, 39.0478, 0.999750, -0.002443, -0.022236, 0.015900, 0.009042, 0.953319, 0.301829, -0.003932, 0.020461, -0.301955, 0.953103, 0.290946, 0.000000, 0.000000, 0.000000, 1.000000, 0.020461, -0.301955, 0.953103, 0.312946, -0.999750, 0.002443, 0.022236, -0.015900, -0.009042, -0.953319, -0.301829, 0.204005, 0.000000, 0.000000, 0.000000, 1.000000, 0.999778, -0.007346, 0.019740, 0.049104, 0.020049, 0.044786, -0.998795, 0.067403, 0.006453, 0.998970, 0.044923, 0.039048, 0.000000, 0.000000, 0.000000, 1.000000
31.2743, 15.8322, -3.9178, 291.4221, 313.4221, -15.8322, 203.9913, 49.0957, 67.1550, 39.1280, 0.999754, -0.002787, -0.021996, 0.015832, 0.009343, 0.952635, 0.303972, -0.003918, 0.020107, -0.304103, 0.952427, 0.291422, 0.000000, 0.000000, 0.000000, 1.000000, 0.020107, -0.304103, 0.952427, 0.313422, -0.999754, 0.002787, 0.021996, -0.015832, -0.009343, -0.952635, -0.303972, 0.203991, 0.000000, 0.000000, 0.000000, 1.000000, 0.999767, -0.008226, 0.019932, 0.049096, 0.020279, 0.044512, -0.998803, 0.067155, 0.007329, 0.998975, 0.044669, 0.039128, 0.000000, 0.000000, 0.000000, 1.000000
31.3776, 15.7495, -3.9041, 291.8822, 313.8822, -15.7495, 203.9775, 49.0603, 66.8581, 39.1547, 0.999716, -0.001927, -0.023758, 0.015750, 0.009085, 0.952304, 0.305017, -0.003904, 0.022037, -0.305146, 0.952050, 0.291882, 0.000000, 0.000000, 0.000000, 1.000000, 0.022037, -0.305146, 0.952050, 0.313882, -0.999716, 0.001927, 0.023758, -0.015750, -0.009085, -0.952304, -0.305017, 0.203978, 0.000000, 0.000000, 0.000000, 1.000000, 0.999806, -0.007726, 0.018138, 0.049060, 0.018460, 0.043868, -0.998867, 0.066858, 0.006921, 0.999007, 0.044002, 0.039155, 0.000000, 0.000000, 0.000000, 1.000000
31.5308, 15.6542, -3.9024, 292.2418, 314.2418, -15.6542, 203.9759, 49.0215, 66.7351, 39.2595, 0.999687, -0.001138, -0.024992, 0.015654, 0.008780, 0.951395, 0.307849, -0.003902, 0.023427, -0.307972, 0.951107, 0.292242, 0.000000, 0.000000, 0.000000, 1.000000, 0.023427, -0.307972, 0.951107, 0.314242, -0.999687, 0.001138, 0.024992, -0.015654, -0.008780, -0.951395, -0.307849, 0.203976, 0.000000, 0.000000, 0.000000, 1.000000, 0.999830, -0.007525, 0.016848, 0.049022, 0.017165, 0.044235, -0.998874, 0.066735, 0.006771, 0.998993, 0.044357, 0.039260, 0.000000, 0.000000, 0.000000, 1.000000
31.6747, 15.5648, -3.8904, 292.5483, 314.5483, -15.5648, 203.9638, 48.9841, 66.6468, 39.3754, 0.999714, -0.000645, -0.023903, 0.015565, 0.008024, 0.950716, 0.309958, -0.003890, 0.022525, -0.310061, 0.950450, 0.292548, 0.000000, 0.000000, 0.000000, 1.000000, 0.022525, -0.310061, 0.950450, 0.314548, -0.999714, 0.000645, 0.023903, -0.015565, -0.008024, -0.950716, -0.309958, 0.203964, 0.000000, 0.000000, 0.000000, 1.000000, 0.999811, -0.007559, 0.017888, 0.048984, 0.018203, 0.043977, -0.998867, 0.066647, 0.006764, 0.999004, 0.044107, 0.039375, 0.000000, 0.000000, 0.000000, 1.000000
31.8186, 15.4806, -3.8844, 292.8641, 314.8641, -15.4806, 203.9579, 48.9521, 66.5514, 39.4819, 0.999762, -0.000664, -0.021797, 0.015481, 0.007535, 0.948487, 0.316727, -0.003884, 0.020464, -0.316816, 0.948266, 0.292864, 0.000000, 0.000000, 0.000000, 1.000000, 0.020464, -0.316816, 0.948266, 0.314864, -0.999762, 0.000664, 0.021797, -0.015481, -0.007535, -0.948487, -0.316727, 0.203958, 0.000000, 0.000000, 0.000000, 1.000000, 0.999767, -0.008310, 0.019906, 0.048952, 0.020287, 0.048604, -0.998612, 0.066551, 0.007331, 0.998784, 0.048762, 0.039482, 0.000000, 0.000000, 0.000000, 1.000000
31.9304, 15.3970, -3.8743, 293.4574, 315.4574, -15.3970, 203.9477, 48.9238, 66.1405, 39.4745, 0.999759, -0.000675, -0.021920, 0.015397, 0.007587, 0.948441, 0.316864, -0.003874, 0.020576, -0.316955, 0.948218, 0.293457, 0.000000, 0.000000, 0.000000, 1.000000, 0.020576, -0.316955, 0.948218, 0.315457, -0.999759, 0.000675, 0.021920, -0.015397, -0.007587, -0.948441, -0.316864, 0.203948, 0.000000, 0.000000, 0.000000, 1.000000, 0.999767, -0.008665, 0.019753, 0.048924, 0.020137, 0.046830, -0.998700, 0.066141, 0.007728, 0.998865, 0.046994, 0.039475, 0.000000, 0.000000, 0.000000, 1.000000
32.0517, 15.3273, -3.8608, 293.9297, 315.9297, -15.3273, 203.9342, 48.9063, 65.8602, 39.5138, 0.999737, 0.000306, -0.022941, 0.015327, 0.007005, 0.948092, 0.317919, -0.003861, 0.021848, -0.317996, 0.947840, 0.293930, 0.000000, 0.000000, 0.000000, 1.000000, 0.021848, -0.317996, 0.947840, 0.315930, -0.999737, -0.000306, 0.022941, -0.015327, -0.007005, -0.948092, -0.317919, 0.203934, 0.000000, 0.000000, 0.000000, 1.000000, 0.999792, -0.008098, 0.018700, 0.048906, 0.019052, 0.045885, -0.998765, 0.065860, 0.007230, 0.998914, 0.046030, 0.039514, 0.000000, 0.000000, 0.000000, 1.000000
32.1932, 15.2423, -3.8387, 294.3180, 316.3180, -15.2423, 203.9121, 48.8765, 65.6870, 39.6086, 0.999741, 0.000863, -0.022723, 0.015242, 0.006440, 0.947618, 0.319340, -0.003839, 0.021808, -0.319404, 0.947368, 0.294318, 0.000000, 0.000000, 0.000000, 1.000000, 0.021808, -0.319404, 0.947368, 0.316318, -0.999741, -0.000863, 0.022723, -0.015242, -0.006440, -0.947618, -0.319340, 0.203912, 0.000000, 0.000000, 0.000000, 1.000000, 0.999790, -0.008031, 0.018863, 0.048876, 0.019205, 0.044962, -0.998804, 0.065687, 0.007173, 0.998956, 0.045107, 0.039609, 0.000000, 0.000000, 0.000000, 1.000000
32.3389, 15.1686, -3.8224, 294.7399, 316.7399, -15.1686, 203.8958, 48.8600, 65.4901, 39.6925, 0.999734, 0.001429, -0.023034, 0.015169, 0.006082, 0.946486, 0.322689, -0.003822, 0.022263, -0.322743, 0.946225, 0.294740, 0.000000, 0.000000, 0.000000, 1.000000, 0.022263, -0.322743, 0.946225, 0.316740, -0.999734, -0.001429, 0.023034, -0.015169, -0.006082, -0.946486, -0.322689, 0.203896, 0.000000, 0.000000, 0.000000, 1.000000, 0.999797, -0.008052, 0.018482, 0.048860, 0.018833, 0.046003, -0.998764, 0.065490, 0.007192, 0.998909, 0.046146, 0.039693, 0.000000, 0.000000, 0.000000, 1.000000
32.4971, 15.1069, -3.8106, 295.0246, 317.0246, -15.1069, 203.8841, 48.8526, 65.4454, 39.8250, 0.999714, 0.002002, -0.023844, 0.015107, 0.005854, 0.945751, 0.324840, -0.003811, 0.023201, -0.324887, 0.945468, 0.295025, 0.000000, 0.000000, 0.000000, 1.000000, 0.023201, -0.324887, 0.945468, 0.317025, -0.999714, -0.002002, 0.023844, -0.015107, -0.005854, -0.945751, -0.324840, 0.203884, 0.000000, 0.000000, 0.000000, 1.000000, 0.999812, -0.008053, 0.017618, 0.048853, 0.017967, 0.045573, -0.998799, 0.065445, 0.007240, 0.998929, 0.045709, 0.039825, 0.000000, 0.000000, 0.000000, 1.000000
32.5938, 15.0043, -3.7900, 295.6920, 317.6920, -15.0043, 203.8634, 48.8050, 64.9381, 39.7785, 0.999780, 0.001860, -0.020902, 0.015004, 0.005034, 0.945719, 0.324945, -0.003790, 0.020371, -0.324979, 0.945502, 0.295692, 0.000000, 0.000000, 0.000000, 1.000000, 0.020371, -0.324979, 0.945502, 0.317692, -0.999780, -0.001860, 0.020902, -0.015004, -0.005034, -0.945719, -0.324945, 0.203863, 0.000000, 0.000000, 0.000000, 1.000000, 0.999753, -0.008490, 0.020528, 0.048805, 0.020882, 0.044005, -0.998813, 0.064938, 0.007577, 0.998995, 0.044171, 0.039778, 0.000000, 0.000000, 0.000000, 1.000000
32.7797, 14.9372, -3.7765, 296.0215, 318.0215, -14.9372, 203.8499, 48.8020, 64.8904, 39.9321, 0.999796, 0.002374, -0.020077, 0.014937, 0.004332, 0.944868, 0.327423, -0.003776, 0.019747, -0.327443, 0.944664, 0.296022, 0.000000, 0.000000, 0.000000, 1.000000, 0.019747, -0.327443, 0.944664, 0.318022, -0.999796, -0.002374, 0.020077, -0.014937, -0.004332, -0.944868, -0.327423, 0.203850, 0.000000, 0.000000, 0.000000, 1.000000, 0.999736, -0.008647, 0.021280, 0.048802, 0.021636, 0.043437, -0.998822, 0.064890, 0.007712, 0.999019, 0.043613, 0.039932, 0.000000, 0.000000, 0.000000, 1.000000
32.8733, 14.8505, -3.7558, 296.3375, 318.3375, -14.8505, 203.8293, 48.7540, 64.7165, 39.9786, 0.999750, 0.002988, -0.022164, 0.014850, 0.004507, 0.943791, 0.330512, -0.003756, 0.021905, -0.330529, 0.943542, 0.296338, 0.000000, 0.000000, 0.000000, 1.000000, 0.021905, -0.330529, 0.943542, 0.318338, -0.999750, -0.002988, 0.022164, -0.014850, -0.004507, -0.943791, -0.330512, 0.203829, 0.000000, 0.000000, 0.000000, 1.000000, 0.999781, -0.008451, 0.019133, 0.048754, 0.019496, 0.045118, -0.998791, 0.064716, 0.007578, 0.998946, 0.045273, 0.039979, 0.000000, 0.000000, 0.000000, 1.000000
32.9952, 14.7706, -3.7332, 296.6430, 318.6430, -14.7706, 203.8066, 48.7196, 64.5946, 40.0650, 0.999732, 0.003503, -0.022904, 0.014771, 0.004361, 0.942401, 0.334457, -0.003733, 0.022756, -0.334467, 0.942133, 0.296643, 0.000000, 0.000000, 0.000000, 1.000000, 0.022756, -0.334467, 0.942133, 0.318643, -0.999732, -0.003503, 0.022904, -0.014771, -0.004361, -0.942401, -0.334457, 0.203807, 0.000000, 0.000000, 0.000000, 1.000000, 0.999796, -0.008478, 0.018321, 0.048720, 0.018702, 0.047213, -0.998710, 0.064595, 0.007602, 0.998849, 0.047362, 0.040065, 0.000000, 0.000000, 0.000000, 1.000000
33.1385, 14.7029, -3.7223, 297.0736, 319.0736, -14.7029, 203.7957, 48.7093, 64.3875, 40.1296, 0.999708, 0.004497, -0.023760, 0.014703, 0.003760, 0.941708, 0.336410, -0.003722, 0.023887, -0.336401, 0.941416, 0.297074, 0.000000, 0.000000, 0.000000, 1.000000, 0.023887, -0.336401, 0.941416, 0.319074, -0.999708, -0.004497, 0.023760, -0.014703, -0.003760, -0.941708, -0.336410, 0.203796, 0.000000, 0.000000, 0.000000, 1.000000, 0.999817, -0.008002, 0.017396, 0.048709, 0.017752, 0.046845, -0.998744, 0.064388, 0.007177, 0.998870, 0.046979, 0.040130, 0.000000, 0.000000, 0.000000, 1.000000
33.2679, 14.6372, -3.6966, 297.6771, 319.6771, -14.6372, 203.7701, 48.7042, 63.9913, 40.1387, 0.999716, 0.004420, -0.023438, 0.014637, 0.003700, 0.942039, 0.335484, -0.003697, 0.023563, -0.335475, 0.941754, 0.297677, 0.000000, 0.000000, 0.000000, 1.000000, 0.023563, -0.335475, 0.941754, 0.319677, -0.999716, -0.004420, 0.023438, -0.014637, -0.003700, -0.942039, -0.335484, 0.203770, 0.000000, 0.000000, 0.000000, 1.000000, 0.999808, -0.008429, 0.017697, 0.048704, 0.018049, 0.043639, -0.998884, 0.063991, 0.007648, 0.999012, 0.043783, 0.040139, 0.000000, 0.000000, 0.000000, 1.000000
33.4129, 14.5580, -3.6782, 298.1164, 320.1164, -14.5580, 203.7517, 48.6829, 63.7767, 40.2064, 0.999706, 0.005206, -0.023691, 0.014558, 0.003156, 0.940474, 0.339850, -0.003678, 0.024050, -0.339825, 0.940181, 0.298116, 0.000000, 0.000000, 0.000000, 1.000000, 0.024050, -0.339825, 0.940181, 0.320116, -0.999706, -0.005206, 0.023691, -0.014558, -0.003156, -0.940474, -0.339850, 0.203752, 0.000000, 0.000000, 0.000000, 1.000000, 0.999815, -0.008273, 0.017348, 0.048683, 0.017709, 0.045796, -0.998794, 0.063777, 0.007468, 0.998917, 0.045934, 0.040206, 0.000000, 0.000000, 0.000000, 1.000000
33.5336, 14.4594, -3.6605, 298.3614, 320.3614, -14.4594, 203.7339, 48.6272, 63.7109, 40.2994, 0.999724, 0.005385, -0.022848, 0.014459, 0.002795, 0.939111, 0.343601, -0.003660, 0.023307, -0.343571, 0.938838, 0.298361, 0.000000, 0.000000, 0.000000, 1.000000, 0.023307, -0.343571, 0.938838, 0.320361, -0.999724, -0.005385, 0.022848, -0.014459, -0.002795, -0.939111, -0.343601, 0.203734, 0.000000, 0.000000, 0.000000, 1.000000, 0.999799, -0.008622, 0.018105, 0.048627, 0.018497, 0.047711, -0.998690, 0.063711, 0.007747, 0.998824, 0.047861, 0.040299, 0.000000, 0.000000, 0.000000, 1.000000
33.6689, 14.3648, -3.6443, 298.8717, 320.8717, -14.3648, 203.7177, 48.5905, 63.4149, 40.3288, 0.999733, 0.005926, -0.022334, 0.014365, 0.002117, 0.938994, 0.343928, -0.003644, 0.023009, -0.343883, 0.938731, 0.298872, 0.000000, 0.000000, 0.000000, 1.000000, 0.023009, -0.343883, 0.938731, 0.320872, -0.999733, -0.005926, 0.022334, -0.014365, -0.002117, -0.938994, -0.343928, 0.203718, 0.000000, 0.000000, 0.000000, 1.000000, 0.999791, -0.008505, 0.018588, 0.048591, 0.018959, 0.045743, -0.998773, 0.063415, 0.007644, 0.998917, 0.045894, 0.040329, 0.000000, 0.000000, 0.000000, 1.000000
33.8120, 14.2853, -3.6071, 299.1789, 321.1789, -14.2853, 203.6806, 48.5634, 63.3173, 40.4476, 0.999749, 0.006145, -0.021567, 0.014285, 0.001750, 0.937407, 0.348232, -0.003607, 0.022357, -0.348182, 0.937160, 0.299179, 0.000000, 0.000000, 0.000000, 1.000000, 0.022357, -0.348182, 0.937160, 0.321179, -0.999749, -0.006145, 0.021567, -0.014285, -0.001750, -0.937407, -0.348232, 0.203681, 0.000000, 0.000000, 0.000000, 1.000000, 0.999775, -0.008909, 0.019244, 0.048563, 0.019649, 0.047871, -0.998660, 0.063317, 0.007976, 0.998814, 0.048035, 0.040448, 0.000000, 0.000000, 0.000000, 1.000000
33.9304, 14.2068, -3.5783, 299.7797, 321.7797, -14.2068, 203.6517, 48.5427, 62.9072, 40.4376, 0.999736, 0.006488, -0.022045, 0.014207, 0.001631, 0.936864, 0.349691, -0.003578, 0.022922, -0.349635, 0.936606, 0.299780, 0.000000, 0.000000, 0.000000, 1.000000, 0.022922, -0.349635, 0.936606, 0.321780, -0.999736, -0.006488, 0.022045, -0.014207, -0.001631, -0.936864, -0.349691, 0.203652, 0.000000, 0.000000, 0.000000, 1.000000, 0.999785, -0.008987, 0.018711, 0.048543, 0.019117, 0.047400, -0.998693, 0.062907, 0.008088, 0.998836, 0.047561, 0.040438, 0.000000, 0.000000, 0.000000, 1.000000
34.0653, 14.1442, -3.5539, 300.1709, 322.1709, -14.1442, 203.6274, 48.5332, 62.7229, 40.5059, 0.999712, 0.006980, -0.022952, 0.014144, 0.001538, 0.936120, 0.351676, -0.003554, 0.023940, -0.351610, 0.935840, 0.300171, 0.000000, 0.000000, 0.000000, 1.000000, 0.023940, -0.351610, 0.935840, 0.322171, -0.999712, -0.006980, 0.022952, -0.014144, -0.001538, -0.936120, -0.351676, 0.203627, 0.000000, 0.000000, 0.000000, 1.000000, 0.999802, -0.008989, 0.017737, 0.048533, 0.018142, 0.047210, -0.998720, 0.062723, 0.008140, 0.998845, 0.047364, 0.040506, 0.000000, 0.000000, 0.000000, 1.000000
34.2193, 14.0256, -3.5347, 300.5235, 322.5235, -14.0256, 203.6082, 48.4712, 62.6026, 40.6024, 0.999704, 0.008198, -0.022925, 0.014026, 0.000481, 0.934776, 0.355238, -0.003535, 0.024341, -0.355144, 0.934495, 0.300523, 0.000000, 0.000000, 0.000000, 1.000000, 0.024341, -0.355144, 0.934495, 0.322523, -0.999704, -0.008198, 0.022925, -0.014026, -0.000481, -0.934776, -0.355238, 0.203608, 0.000000, 0.000000, 0.000000, 1.000000, 0.999809, -0.008392, 0.017663, 0.048471, 0.018049, 0.048389, -0.998665, 0.062603, 0.007526, 0.998793, 0.048532, 0.040602, 0.000000, 0.000000, 0.000000, 1.000000
34.3296, 13.9510, -3.4986, 300.7656, 322.7656, -13.9510, 203.5721, 48.4365, 62.5198, 40.6954, 0.999728, 0.008202, -0.021816, 0.013951, 0.000163, 0.933554, 0.358436, -0.003499, 0.023306, -0.358342, 0.933299, 0.300766, 0.000000, 0.000000, 0.000000, 1.000000, 0.023306, -0.358342, 0.933299, 0.322766, -0.999728, -0.008202, 0.021816, -0.013951, -0.000163, -0.933554, -0.358436, 0.203572, 0.000000, 0.000000, 0.000000, 1.000000, 0.999786, -0.008860, 0.018685, 0.048437, 0.019105, 0.049913, -0.998571, 0.062520, 0.007915, 0.998714, 0.050072, 0.040695, 0.000000, 0.000000, 0.000000, 1.000000
34.4747, 13.8925, -3.4726, 301.1500, 323.1500, -13.8925, 203.5461, 48.4335, 62.3564, 40.7761, 0.999698, 0.008824, -0.022940, 0.013893, 0.000031, 0.932868, 0.360218, -0.003473, 0.024579, -0.360110, 0.932586, 0.301150, 0.000000, 0.000000, 0.000000, 1.000000, 0.024579, -0.360110, 0.932586, 0.323150, -0.999698, -0.008824, 0.022940, -0.013893, -0.000031, -0.932868, -0.360218, 0.203546, 0.000000, 0.000000, 0.000000, 1.000000, 0.999809, -0.008753, 0.017490, 0.048434, 0.017901, 0.049341, -0.998622, 0.062356, 0.007878, 0.998744, 0.049488, 0.040776, 0.000000, 0.000000, 0.000000, 1.000000
34.6036, 13.8188, -3.4423, 301.7587, 323.7587, -13.8188, 203.5158, 48.4209, 61.9551, 40.7691, 0.999723, 0.008874, -0.021788, 0.013819, -0.000434, 0.932925, 0.360069, -0.003442, 0.023522, -0.359960, 0.932671, 0.301759, 0.000000, 0.000000, 0.000000, 1.000000, 0.023522, -0.359960, 0.932671, 0.323759, -0.999723, -0.008874, 0.021788, -0.013819, 0.000434, -0.932925, -0.360069, 0.203516, 0.000000, 0.000000, 0.000000, 1.000000, 0.999785, -0.009086, 0.018612, 0.048421, 0.019019, 0.046969, -0.998715, 0.061955, 0.008200, 0.998855, 0.047132, 0.040769, 0.000000, 0.000000, 0.000000, 1.000000
34.7311, 13.7390, -3.4114, 302.1868, 324.1868, -13.7390, 203.4849, 48.3934, 61.7229, 40.8158, 0.999702, 0.009427, -0.022531, 0.013739, -0.000639, 0.932280, 0.361736, -0.003411, 0.024416, -0.361614, 0.932008, 0.302187, 0.000000, 0.000000, 0.000000, 1.000000, 0.024416, -0.361614, 0.932008, 0.324187, -0.999702, -0.009427, 0.022531, -0.013739, 0.000639, -0.932280, -0.361736, 0.203485, 0.000000, 0.000000, 0.000000, 1.000000, 0.999801, -0.008991, 0.017812, 0.048393, 0.018212, 0.046575, -0.998749, 0.061723, 0.008150, 0.998874, 0.046730, 0.040816, 0.000000, 0.000000, 0.000000, 1.000000
34.8761, 13.6661, -3.3723, 302.5455, 324.5455, -13.6661, 203.4457, 48.3748, 61.5795, 40.9124, 0.999679, 0.009851, -0.023344, 0.013666, -0.000651, 0.931012, 0.364989, -0.003372, 0.025329, -0.364857, 0.930719, 0.302545, 0.000000, 0.000000, 0.000000, 1.000000, 0.025329, -0.364857, 0.930719, 0.324545, -0.999679, -0.009851, 0.023344, -0.013666, 0.000651, -0.931012, -0.364989, 0.203446, 0.000000, 0.000000, 0.000000, 1.000000, 0.999815, -0.009147, 0.016896, 0.048375, 0.017313, 0.047579, -0.998717, 0.061580, 0.008331, 0.998826, 0.047728, 0.040912, 0.000000, 0.000000, 0.000000, 1.000000
35.0125, 13.5782, -3.3343, 302.9012, 324.9012, -13.5782, 203.4077, 48.3393, 61.4257, 40.9969, 0.999707, 0.010170, -0.021985, 0.013578, -0.001372, 0.929914, 0.367774, -0.003334, 0.024184, -0.367636, 0.929655, 0.302901, 0.000000, 0.000000, 0.000000, 1.000000, 0.024184, -0.367636, 0.929655, 0.324901, -0.999707, -0.010170, 0.021985, -0.013578, 0.001372, -0.929914, -0.367774, 0.203408, 0.000000, 0.000000, 0.000000, 1.000000, 0.999791, -0.009360, 0.018156, 0.048339, 0.018587, 0.048231, -0.998663, 0.061426, 0.008472, 0.998792, 0.048395, 0.040997, 0.000000, 0.000000, 0.000000, 1.000000
35.1330, 13.5023, -3.3014, 303.3716, 325.3716, -13.5023, 203.3749, 48.3161, 61.1428, 41.0192, 0.999675, 0.011141, -0.022922, 0.013502, -0.001909, 0.929604, 0.368555, -0.003301, 0.025415, -0.368392, 0.929323, 0.303372, 0.000000, 0.000000, 0.000000, 1.000000, 0.025415, -0.368392, 0.929323, 0.325372, -0.999675, -0.011141, 0.022922, -0.013502, 0.001909, -0.929604, -0.368555, 0.203375, 0.000000, 0.000000, 0.000000, 1.000000, 0.999814, -0.008786, 0.017171, 0.048316, 0.017565, 0.047019, -0.998740, 0.061143, 0.007967, 0.998855, 0.047165, 0.041019, 0.000000, 0.000000, 0.000000, 1.000000
35.2685, 13.4260, -3.2608, 304.0168, 326.0168, -13.4260, 203.3342, 48.3040, 60.7148, 41.0083, 0.999669, 0.011359, -0.023081, 0.013426, -0.002046, 0.929494, 0.368830, -0.003261, 0.025644, -0.368661, 0.929210, 0.304017, 0.000000, 0.000000, 0.000000, 1.000000, 0.025644, -0.368661, 0.929210, 0.326017, -0.999669, -0.011359, 0.023081, -0.013426, 0.002046, -0.929494, -0.368830, 0.203334, 0.000000, 0.000000, 0.000000, 1.000000, 0.999815, -0.008990, 0.016979, 0.048304, 0.017367, 0.044991, -0.998836, 0.060715, 0.008215, 0.998947, 0.045138, 0.041008, 0.000000, 0.000000, 0.000000, 1.000000
35.4116, 13.3326, -3.2360, 304.2528, 326.2528, -13.3326, 203.3095, 48.2595, 60.6880, 41.1229, 0.999714, 0.011212, -0.021117, 0.013333, -0.002508, 0.927542, 0.373711, -0.003236, 0.023777, -0.373551, 0.927305, 0.304253, 0.000000, 0.000000, 0.000000, 1.000000, 0.023777, -0.373551, 0.927305, 0.326253, -0.999714, -0.011212, 0.021117, -0.013333, 0.002508, -0.927542, -0.373711, 0.203309, 0.000000, 0.000000, 0.000000, 1.000000, 0.999776, -0.009780, 0.018792, 0.048259, 0.019238, 0.047785, -0.998672, 0.060688, 0.008869, 0.998810, 0.047962, 0.041123, 0.000000, 0.000000, 0.000000, 1.000000
35.5555, 13.2508, -3.2117, 304.5190, 326.5190, -13.2508, 203.2851, 48.2276, 60.6350, 41.2277, 0.999740, 0.011338, -0.019808, 0.013251, -0.003038, 0.926273, 0.376840, -0.003212, 0.022620, -0.376682, 0.926067, 0.304519, 0.000000, 0.000000, 0.000000, 1.000000, 0.022620, -0.376682, 0.926067, 0.326519, -0.999740, -0.011338, 0.019808, -0.013251, 0.003038, -0.926273, -0.376840, 0.203285, 0.000000, 0.000000, 0.000000, 1.000000, 0.999748, -0.010224, 0.019991, 0.048228, 0.020466, 0.048690, -0.998604, 0.060635, 0.009236, 0.998762, 0.048887, 0.041228, 0.000000, 0.000000, 0.000000, 1.000000
35.6849, 13.1391, -3.1504, 304.9999, 326.9999, -13.1391, 203.2238, 48.1715, 60.3449, 41.2772, 0.999705, 0.012453, -0.020830, 0.013139, -0.003611, 0.925080, 0.379756, -0.003150, 0.023998, -0.379569, 0.924852, 0.305000, 0.000000, 0.000000, 0.000000, 1.000000, 0.023998, -0.379569, 0.924852, 0.327000, -0.999705, -0.012453, 0.020830, -0.013139, 0.003611, -0.925080, -0.379756, 0.203224, 0.000000, 0.000000, 0.000000, 1.000000, 0.999776, -0.009624, 0.018868, 0.048172, 0.019323, 0.049632, -0.998581, 0.060345, 0.008674, 0.998721, 0.049807, 0.041277, 0.000000, 0.000000, 0.000000, 1.000000
35.8110, 13.0717, -3.1166, 305.4283, 327.4283, -13.0717, 203.1901, 48.1566, 60.1107, 41.3136, 0.999675, 0.013260, -0.021782, 0.013072, -0.003942, 0.924261, 0.381742, -0.003117, 0.025194, -0.381532, 0.924012, 0.305428, 0.000000, 0.000000, 0.000000, 1.000000, 0.025194, -0.381532, 0.924012, 0.327428, -0.999675, -0.013260, 0.021782, -0.013072, 0.003942, -0.924261, -0.381742, 0.203190, 0.000000, 0.000000, 0.000000, 1.000000, 0.999798, -0.009283, 0.017834, 0.048157, 0.018274, 0.049621, -0.998601, 0.060111, 0.008385, 0.998725, 0.049781, 0.041314, 0.000000, 0.000000, 0.000000, 1.000000
35.9328, 12.9892, -3.0685, 305.9236, 327.9236, -12.9892, 203.1419, 48.1285, 59.8019, 41.3341, 0.999689, 0.013365, -0.021040, 0.012989, -0.004301, 0.923925, 0.382551, -0.003068, 0.024552, -0.382341, 0.923695, 0.305924, 0.000000, 0.000000, 0.000000, 1.000000, 0.024552, -0.382341, 0.923695, 0.327924, -0.999689, -0.013365, 0.021040, -0.012989, 0.004301, -0.923925, -0.382551, 0.203142, 0.000000, 0.000000, 0.000000, 1.000000, 0.999782, -0.009581, 0.018525, 0.048128, 0.018968, 0.048411, -0.998647, 0.059802, 0.008671, 0.998782, 0.048582, 0.041334, 0.000000, 0.000000, 0.000000, 1.000000
36.0837, 12.9173, -3.0203, 306.2699, 328.2699, -12.9173, 203.0937, 48.1119, 59.6761, 41.4379, 0.999702, 0.013419, -0.020398, 0.012917, -0.004508, 0.922508, 0.385951, -0.003020, 0.023997, -0.385744, 0.922294, 0.306270, 0.000000, 0.000000, 0.000000, 1.000000, 0.023997, -0.385744, 0.922294, 0.328270, -0.999702, -0.013419, 0.020398, -0.012917, 0.004508, -0.922508, -0.385951, 0.203094, 0.000000, 0.000000, 0.000000, 1.000000, 0.999767, -0.010129, 0.019042, 0.048112, 0.019521, 0.049500, -0.998583, 0.059676, 0.009172, 0.998723, 0.049687, 0.041438, 0.000000, 0.000000, 0.000000, 1.000000
36.2043, 12.8320, -2.9881, 306.7943, 328.7943, -12.8320, 203.0616, 48.0820, 59.3441, 41.4289, 0.999643, 0.014565, -0.022379, 0.012832, -0.004797, 0.922447, 0.386093, -0.002988, 0.026267, -0.385848, 0.922188, 0.306794, 0.000000, 0.000000, 0.000000, 1.000000, 0.026267, -0.385848, 0.922188, 0.328794, -0.999643, -0.014565, 0.022379, -0.012832, 0.004797, -0.922447, -0.386093, 0.203062, 0.000000, 0.000000, 0.000000, 1.000000, 0.999811, -0.009353, 0.017026, 0.048082, 0.017453, 0.047595, -0.998714, 0.059344, 0.008530, 0.998823, 0.047749, 0.041429, 0.000000, 0.000000, 0.000000, 1.000000
36.3340, 12.7524, -2.9482, 307.0989, 329.0989, -12.7524, 203.0217, 48.0502, 59.2291, 41.5113, 0.999674, 0.014908, -0.020722, 0.012752, -0.005672, 0.921175, 0.389107, -0.002948, 0.024889, -0.388863, 0.920960, 0.307099, 0.000000, 0.000000, 0.000000, 1.000000, 0.024889, -0.388863, 0.920960, 0.329099, -0.999674, -0.014908, 0.020722, -0.012752, 0.005672, -0.921175, -0.389107, 0.203022, 0.000000, 0.000000, 0.000000, 1.000000, 0.999782, -0.009531, 0.018571, 0.048050, 0.019014, 0.048648, -0.998635, 0.059229, 0.008615, 0.998770, 0.048819, 0.041511, 0.000000, 0.000000, 0.000000, 1.000000
36.4511, 12.6682, -2.9145, 307.4860, 329.4860, -12.6682, 202.9879, 48.0139, 59.0210, 41.5440, 0.999671, 0.015301, -0.020588, 0.012668, -0.006044, 0.920515, 0.390661, -0.002914, 0.024929, -0.390408, 0.920304, 0.307486, 0.000000, 0.000000, 0.000000, 1.000000, 0.024929, -0.390408, 0.920304, 0.329486, -0.999671, -0.015301, 0.020588, -0.012668, 0.006044, -0.920515, -0.390661, 0.202988, 0.000000, 0.000000, 0.000000, 1.000000, 0.999781, -0.009559, 0.018641, 0.048014, 0.019082, 0.048331, -0.998649, 0.059021, 0.008645, 0.998786, 0.048503, 0.041544, 0.000000, 0.000000, 0.000000, 1.000000
36.6139, 12.6133, -2.8621, 307.7248, 329.7248, -12.6133, 202.9356, 48.0124, 59.0125, 41.6979, 0.999659, 0.015638, -0.020901, 0.012613, -0.006122, 0.918804, 0.394667, -0.002862, 0.025375, -0.394404, 0.918587, 0.307725, 0.000000, 0.000000, 0.000000, 1.000000, 0.025375, -0.394404, 0.918587, 0.329725, -0.999659, -0.015638, 0.020901, -0.012613, 0.006122, -0.918804, -0.394667, 0.202936, 0.000000, 0.000000, 0.000000, 1.000000, 0.999786, -0.009884, 0.018176, 0.048012, 0.018648, 0.049888, -0.998581, 0.059012, 0.008963, 0.998706, 0.050061, 0.041698, 0.000000, 0.000000, 0.000000, 1.000000
36.7567, 12.5213, -2.8048, 308.3669, 330.3669, -12.5213, 202.8783, 47.9875, 58.5938, 41.6906, 0.999652, 0.016052, -0.020942, 0.012521, -0.006486, 0.918806, 0.394655, -0.002805, 0.025576, -0.394382, 0.918591, 0.308367, 0.000000, 0.000000, 0.000000, 1.000000, 0.025576, -0.394382, 0.918591, 0.330367, -0.999652, -0.016052, 0.020942, -0.012521, 0.006486, -0.918806, -0.394655, 0.202878, 0.000000, 0.000000, 0.000000, 1.000000, 0.999787, -0.009901, 0.018091, 0.047987, 0.018541, 0.047431, -0.998702, 0.058594, 0.009030, 0.998825, 0.047605, 0.041691, 0.000000, 0.000000, 0.000000, 1.000000
36.8947, 12.4437, -2.7611, 308.7270, 330.7270, -12.4437, 202.8346, 47.9624, 58.4379, 41.7620, 0.999640, 0.016603, -0.021087, 0.012444, -0.006869, 0.917780, 0.397029, -0.002761, 0.025945, -0.396741, 0.917564, 0.308727, 0.000000, 0.000000, 0.000000, 1.000000, 0.025945, -0.396741, 0.917564, 0.330727, -0.999640, -0.016603, 0.021087, -0.012444, 0.006869, -0.917780, -0.397029, 0.202835, 0.000000, 0.000000, 0.000000, 1.000000, 0.999792, -0.009867, 0.017843, 0.047962, 0.018293, 0.047652, -0.998696, 0.058438, 0.009004, 0.998815, 0.047823, 0.041762, 0.000000, 0.000000, 0.000000, 1.000000
37.0072, 12.3562, -2.7199, 309.0377, 331.0377, -12.3562, 202.7934, 47.9185, 58.2919, 41.8179, 0.999581, 0.017624, -0.022942, 0.012356, -0.006975, 0.916440, 0.400112, -0.002720, 0.028076, -0.399785, 0.916179, 0.309038, 0.000000, 0.000000, 0.000000, 1.000000, 0.028076, -0.399785, 0.916179, 0.331038, -0.999581, -0.017624, 0.022942, -0.012356, 0.006975, -0.916440, -0.400112, 0.202793, 0.000000, 0.000000, 0.000000, 1.000000, 0.999831, -0.009317, 0.015869, 0.047918, 0.016308, 0.049080, -0.998662, 0.058292, 0.008525, 0.998751, 0.049224, 0.041818, 0.000000, 0.000000, 0.000000, 1.000000
37.1360, 12.2817, -2.6607, 309.5799, 331.5799, -12.2817, 202.7342, 47.9024, 57.9474, 41.8262, 0.999625, 0.017896, -0.020750, 0.012282, -0.008047, 0.915594, 0.402024, -0.002661, 0.026193, -0.401706, 0.915394, 0.309580, 0.000000, 0.000000, 0.000000, 1.000000, 0.026193, -0.401706, 0.915394, 0.331580, -0.999625, -0.017896, 0.020750, -0.012282, 0.008047, -0.915594, -0.402024, 0.202734, 0.000000, 0.000000, 0.000000, 1.000000, 0.999793, -0.009515, 0.017971, 0.047902, 0.018416, 0.048976, -0.998630, 0.057947, 0.008622, 0.998755, 0.049141, 0.041826, 0.000000, 0.000000, 0.000000, 1.000000
37.2786, 12.2144, -2.6175, 309.8597, 331.8597, -12.2144, 202.6909, 47.8852, 57.8738, 41.9276, 0.999608, 0.018212, -0.021268, 0.012214, -0.008048, 0.914396, 0.404740, -0.002617, 0.026818, -0.404410, 0.914184, 0.309860, 0.000000, 0.000000, 0.000000, 1.000000, 0.026818, -0.404410, 0.914184, 0.331860, -0.999608, -0.018212, 0.021268, -0.012214, 0.008048, -0.914396, -0.404740, 0.202691, 0.000000, 0.000000, 0.000000, 1.000000, 0.999802, -0.009745, 0.017334, 0.047885, 0.017796, 0.049492, -0.998616, 0.057874, 0.008873, 0.998727, 0.049656, 0.041928, 0.000000, 0.000000, 0.000000, 1.000000
37.4054, 12.1051, -2.5501, 310.4354, 332.4354, -12.1051, 202.6236, 47.8357, 57.4910, 41.9247, 0.999617, 0.018203, -0.020852, 0.012105, -0.008147, 0.913472, 0.406820, -0.002550, 0.026453, -0.406494, 0.913270, 0.310435, 0.000000, 0.000000, 0.000000, 1.000000, 0.026453, -0.406494, 0.913270, 0.332435, -0.999617, -0.018203, 0.020852, -0.012105, 0.008147, -0.913472, -0.406820, 0.202624, 0.000000, 0.000000, 0.000000, 1.000000, 0.999792, -0.010225, 0.017644, 0.047836, 0.018130, 0.049591, -0.998605, 0.057491, 0.009336, 0.998717, 0.049766, 0.041925, 0.000000, 0.000000, 0.000000, 1.000000
37.5482, 12.0121, -2.5072, 310.8976, 332.8976, -12.0121, 202.5807, 47.8014, 57.2473, 41.9568, 0.999593, 0.018984, -0.021310, 0.012012, -0.008627, 0.912745, 0.408438, -0.002507, 0.027204, -0.408088, 0.912537, 0.310898, 0.000000, 0.000000, 0.000000, 1.000000, 0.027204, -0.408088, 0.912537, 0.332898, -0.999593, -0.018984, 0.021310, -0.012012, 0.008627, -0.912745, -0.408438, 0.202581, 0.000000, 0.000000, 0.000000, 1.000000, 0.999804, -0.009943, 0.017099, 0.047801, 0.017565, 0.048918, -0.998648, 0.057247, 0.009093, 0.998753, 0.049083, 0.041957, 0.000000, 0.000000, 0.000000, 1.000000
37.6912, 11.9292, -2.4430, 311.2000, 333.2000, -11.9292, 202.5164, 47.7689, 57.1455, 42.0657, 0.999602, 0.019547, -0.020317, 0.011929, -0.009456, 0.911339, 0.411548, -0.002443, 0.026560, -0.411192, 0.911162, 0.311200, 0.000000, 0.000000, 0.000000, 1.000000, 0.026560, -0.411192, 0.911162, 0.333200, -0.999602, -0.019547, 0.020317, -0.011929, 0.009456, -0.911339, -0.411548, 0.202516, 0.000000, 0.000000, 0.000000, 1.000000, 0.999789, -0.009943, 0.017962, 0.047769, 0.018437, 0.049886, -0.998585, 0.057146, 0.009033, 0.998705, 0.050059, 0.042066, 0.000000, 0.000000, 0.000000, 1.000000
37.8055, 11.8570, -2.3877, 311.6152, 333.6152, -11.8570, 202.4611, 47.7456, 56.9008, 42.0918, 0.999621, 0.019255, -0.019652, 0.011857, -0.009400, 0.910325, 0.413787, -0.002388, 0.025857, -0.413446, 0.910161, 0.311615, 0.000000, 0.000000, 0.000000, 1.000000, 0.025857, -0.413446, 0.910161, 0.333615, -0.999621, -0.019255, 0.019652, -0.011857, 0.009400, -0.910325, -0.413787, 0.202461, 0.000000, 0.000000, 0.000000, 1.000000, 0.999771, -0.010676, 0.018524, 0.047746, 0.019039, 0.050379, -0.998549, 0.056901, 0.009727, 0.998673, 0.050571, 0.042092, 0.000000, 0.000000, 0.000000, 1.000000
37.9551, 11.7807, -2.3407, 312.1546, 334.1546, -11.7807, 202.4141, 47.7333, 56.5948, 42.1026, 0.999555, 0.020688, -0.021502, 0.011781, -0.009937, 0.910271, 0.413894, -0.002341, 0.028135, -0.413496, 0.910071, 0.312155, 0.000000, 0.000000, 0.000000, 1.000000, 0.028135, -0.413496, 0.910071, 0.334155, -0.999555, -0.020688, 0.021502, -0.011781, 0.009937, -0.910271, -0.413894, 0.202414, 0.000000, 0.000000, 0.000000, 1.000000, 0.999815, -0.009697, 0.016632, 0.047733, 0.017078, 0.047934, -0.998704, 0.056595, 0.008888, 0.998803, 0.048091, 0.042103, 0.000000, 0.000000, 0.000000, 1.000000
38.0760, 11.7142, -2.2647, 312.4423, 334.4423, -11.7142, 202.3382, 47.7111, 56.4708, 42.1996, 0.999577, 0.020461, -0.020658, 0.011714, -0.009955, 0.908377, 0.418033, -0.002265, 0.027318, -0.417651, 0.908197, 0.312442, 0.000000, 0.000000, 0.000000, 1.000000, 0.027318, -0.417651, 0.908197, 0.334442, -0.999577, -0.020461, 0.020658, -0.011714, 0.009955, -0.908377, -0.418033, 0.202338, 0.000000, 0.000000, 0.000000, 1.000000, 0.999796, -0.010464, 0.017305, 0.047711, 0.017811, 0.050408, -0.998570, 0.056471, 0.009577, 0.998674, 0.050585, 0.042200, 0.000000, 0.000000, 0.000000, 1.000000
38.2133, 11.6333, -2.2188, 312.9418, 334.9418, -11.6333, 202.2922, 47.6892, 56.1847, 42.2069, 0.999552, 0.020992, -0.021313, 0.011633, -0.010162, 0.908354, 0.418079, -0.002219, 0.028136, -0.417676, 0.908160, 0.312942, 0.000000, 0.000000, 0.000000, 1.000000, 0.028136, -0.417676, 0.908160, 0.334942, -0.999552, -0.020992, 0.021313, -0.011633, 0.010162, -0.908354, -0.418079, 0.202292, 0.000000, 0.000000, 0.000000, 1.000000, 0.999808, -0.010349, 0.016612, 0.047689, 0.017092, 0.048104, -0.998696, 0.056185, 0.009537, 0.998789, 0.048271, 0.042207, 0.000000, 0.000000, 0.000000, 1.000000
38.3339, 11.5526, -2.1552, 313.2395, 335.2395, -11.5526, 202.2287, 47.6530, 56.0556, 42.2859, 0.999568, 0.021177, -0.020364, 0.011553, -0.010639, 0.907001, 0.420993, -0.002155, 0.027386, -0.420595, 0.906835, 0.313239, 0.000000, 0.000000, 0.000000, 1.000000, 0.027386, -0.420595, 0.906835, 0.335239, -0.999568, -0.021177, 0.020364, -0.011553, 0.010639, -0.907001, -0.420993, 0.202229, 0.000000, 0.000000, 0.000000, 1.000000, 0.999791, -0.010651, 0.017436, 0.047653, 0.017941, 0.049251, -0.998625, 0.056056, 0.009778, 0.998730, 0.049432, 0.042286, 0.000000, 0.000000, 0.000000, 1.000000
38.5029, 11.4550, -2.1014, 313.6223, 335.6223, -11.4550, 202.1749, 47.6171, 55.9197, 42.3757, 0.999553, 0.021895, -0.020337, 0.011455, -0.011228, 0.905860, 0.423429, -0.002101, 0.027693, -0.423012, 0.905701, 0.313622, 0.000000, 0.000000, 0.000000, 1.000000, 0.027693, -0.423012, 0.905701, 0.335622, -0.999553, -0.021895, 0.020337, -0.011455, 0.011228, -0.905860, -0.423429, 0.202175, 0.000000, 0.000000, 0.000000, 1.000000, 0.999794, -0.010545, 0.017334, 0.047617, 0.017831, 0.049046, -0.998637, 0.055920, 0.009681, 0.998741, 0.049224, 0.042376, 0.000000, 0.000000, 0.000000, 1.000000
38.6158, 11.3768, -2.0305, 314.0042, 336.0042, -11.3768, 202.1039, 47.5865, 55.6978, 42.4190, 0.999515, 0.022583, -0.021452, 0.011377, -0.011309, 0.904831, 0.425620, -0.002030, 0.029022, -0.425171, 0.904648, 0.314004, 0.000000, 0.000000, 0.000000, 1.000000, 0.029022, -0.425171, 0.904648, 0.336004, -0.999515, -0.022583, 0.021452, -0.011377, 0.011309, -0.904831, -0.425620, 0.202104, 0.000000, 0.000000, 0.000000, 1.000000, 0.999818, -0.010288, 0.016095, 0.047586, 0.016585, 0.049520, -0.998635, 0.055698, 0.009477, 0.998720, 0.049682, 0.042419, 0.000000, 0.000000, 0.000000, 1.000000
38.7514, 11.3085, -1.9751, 314.4898, 336.4898, -11.3085, 202.0486, 47.5756, 55.4202, 42.4323, 0.999501, 0.023444, -0.021157, 0.011308, -0.012190, 0.904469, 0.426364, -0.001975, 0.029131, -0.425894, 0.904304, 0.314490, 0.000000, 0.000000, 0.000000, 1.000000, 0.029131, -0.425894, 0.904304, 0.336490, -0.999501, -0.023444, 0.021157, -0.011308, 0.012190, -0.904469, -0.426364, 0.202049, 0.000000, 0.000000, 0.000000, 1.000000, 0.999818, -0.009867, 0.016335, 0.047576, 0.016791, 0.048033, -0.998705, 0.055420, 0.009070, 0.998797, 0.048190, 0.042432, 0.000000, 0.000000, 0.000000, 1.000000
38.8797, 11.2370, -1.9138, 314.9575, 336.9575, -11.2370, 201.9873, 47.5592, 55.1462, 42.4481, 0.999518, 0.023133, -0.020720, 0.011237, -0.012005, 0.903118, 0.429225, -0.001914, 0.028642, -0.428769, 0.902960, 0.314957, 0.000000, 0.000000, 0.000000, 1.000000, 0.028642, -0.428769, 0.902960, 0.336957, -0.999518, -0.023133, 0.020720, -0.011237, 0.012005, -0.903118, -0.429225, 0.201987, 0.000000, 0.000000, 0.000000, 1.000000, 0.999805, -0.010685, 0.016633, 0.047559, 0.017137, 0.048990, -0.998652, 0.055146, 0.009856, 0.998742, 0.049163, 0.042448, 0.000000, 0.000000, 0.000000, 1.000000
39.0146, 11.1578, -1.8387, 315.2936, 337.2936, -11.1578, 201.9121, 47.5303, 54.9975, 42.5328, 0.999536, 0.023417, -0.019480, 0.011158, -0.012703, 0.901709, 0.432158, -0.001839, 0.027685, -0.431710, 0.901588, 0.315294, 0.000000, 0.000000, 0.000000, 1.000000, 0.027685, -0.431710, 0.901588, 0.337294, -0.999536, -0.023417, 0.019480, -0.011158, 0.012703, -0.901709, -0.432158, 0.201912, 0.000000, 0.000000, 0.000000, 1.000000, 0.999783, -0.010931, 0.017726, 0.047530, 0.018251, 0.049939, -0.998585, 0.054997, 0.010030, 0.998692, 0.050128, 0.042533, 0.000000, 0.000000, 0.000000, 1.000000
39.1423, 11.0588, -1.7916, 315.7767, 337.7767, -11.0588, 201.8650, 47.4872, 54.7131, 42.5249, 0.999480, 0.024809, -0.020588, 0.011059, -0.013420, 0.900813, 0.434000, -0.001792, 0.029313, -0.433498, 0.900678, 0.315777, 0.000000, 0.000000, 0.000000, 1.000000, 0.029313, -0.433498, 0.900678, 0.337777, -0.999480, -0.024809, 0.020588, -0.011059, 0.013420, -0.900813, -0.434000, 0.201865, 0.000000, 0.000000, 0.000000, 1.000000, 0.999814, -0.009999, 0.016514, 0.047487, 0.016992, 0.049796, -0.998615, 0.054713, 0.009163, 0.998709, 0.049957, 0.042525, 0.000000, 0.000000, 0.000000, 1.000000
39.2950, 10.9639, -1.7149, 316.1636, 338.1636, -10.9639, 201.7883, 47.4500, 54.5417, 42.6073, 0.999518, 0.024594, -0.018948, 0.010964, -0.013857, 0.899554, 0.436590, -0.001715, 0.027782, -0.436117, 0.899461, 0.316164, 0.000000, 0.000000, 0.000000, 1.000000, 0.027782, -0.436117, 0.899461, 0.338164, -0.999518, -0.024594, 0.018948, -0.010964, 0.013857, -0.899554, -0.436590, 0.201788, 0.000000, 0.000000, 0.000000, 1.000000, 0.999780, -0.010783, 0.018005, 0.047450, 0.018523, 0.050067, -0.998574, 0.054542, 0.009866, 0.998688, 0.050255, 0.042607, 0.000000, 0.000000, 0.000000, 1.000000
39.4128, 10.8774, -1.6668, 316.5148, 338.5148, -10.8774, 201.7402, 47.4101, 54.3654, 42.6385, 0.999501, 0.025176, -0.019100, 0.010877, -0.014248, 0.898492, 0.438759, -0.001667, 0.028208, -0.438267, 0.898402, 0.316515, 0.000000, 0.000000, 0.000000, 1.000000, 0.028208, -0.438267, 0.898402, 0.338515, -0.999501, -0.025176, 0.019100, -0.010877, 0.014248, -0.898492, -0.438759, 0.201740, 0.000000, 0.000000, 0.000000, 1.000000, 0.999786, -0.010646, 0.017744, 0.047410, 0.018259, 0.050461, -0.998559, 0.054365, 0.009735, 0.998669, 0.050645, 0.042638, 0.000000, 0.000000, 0.000000, 1.000000
39.5429, 10.7922, -1.5819, 317.0336, 339.0336, -10.7922, 201.6554, 47.3826, 54.0382, 42.6496, 0.999509, 0.025148, -0.018684, 0.010792, -0.014338, 0.897439, 0.440906, -0.001582, 0.027856, -0.440421, 0.897359, 0.317034, 0.000000, 0.000000, 0.000000, 1.000000, 0.027856, -0.440421, 0.897359, 0.339034, -0.999509, -0.025148, 0.018684, -0.010792, 0.014338, -0.897439, -0.440906, 0.201655, 0.000000, 0.000000, 0.000000, 1.000000, 0.999775, -0.011155, 0.018040, 0.047383, 0.018582, 0.050620, -0.998545, 0.054038, 0.010226, 0.998656, 0.050816, 0.042650, 0.000000, 0.000000, 0.000000, 1.000000
39.6857, 10.7203, -1.5133, 317.5552, 339.5552, -10.7203, 201.5867, 47.3723, 53.7338, 42.6568, 0.999489, 0.025851, -0.018793, 0.010720, -0.014852, 0.896352, 0.443095, -0.001513, 0.028299, -0.442590, 0.896278, 0.317555, 0.000000, 0.000000, 0.000000, 1.000000, 0.028299, -0.442590, 0.896278, 0.339555, -0.999489, -0.025851, 0.018793, -0.010720, 0.014852, -0.896352, -0.443095, 0.201587, 0.000000, 0.000000, 0.000000, 1.000000, 0.999781, -0.010973, 0.017804, 0.047372, 0.018337, 0.050616, -0.998550, 0.053734, 0.010056, 0.998658, 0.050806, 0.042657, 0.000000, 0.000000, 0.000000, 1.000000
39.7980, 10.6439, -1.4600, 317.8864, 339.8864, -10.6439, 201.5334, 47.3405, 53.5665, 42.6912, 0.999458, 0.026659, -0.019315, 0.010644, -0.015298, 0.895626, 0.444545, -0.001460, 0.029151, -0.444008, 0.895548, 0.317886, 0.000000, 0.000000, 0.000000, 1.000000, 0.029151, -0.444008, 0.895548, 0.339886, -0.999458, -0.026659, 0.019315, -0.010644, 0.015298, -0.895626, -0.444545, 0.201533, 0.000000, 0.000000, 0.000000, 1.000000, 0.999796, -0.010563, 0.017192, 0.047340, 0.017702, 0.050309, -0.998577, 0.053567, 0.009683, 0.998678, 0.050486, 0.042691, 0.000000, 0.000000, 0.000000, 1.000000
39.8993, 10.5431, -1.3866, 318.3040, 340.3040, -10.5431, 201.4601, 47.2852, 53.2956, 42.6958, 0.999404, 0.027783, -0.020470, 0.010543, -0.015734, 0.894771, 0.446248, -0.001387, 0.030714, -0.445660, 0.894675, 0.318304, 0.000000, 0.000000, 0.000000, 1.000000, 0.030714, -0.445660, 0.894675, 0.340304, -0.999404, -0.027783, 0.020470, -0.010543, 0.015734, -0.894771, -0.446248, 0.201460, 0.000000, 0.000000, 0.000000, 1.000000, 0.999825, -0.009813, 0.015939, 0.047285, 0.016415, 0.050468, -0.998591, 0.053296, 0.008995, 0.998677, 0.050620, 0.042696, 0.000000, 0.000000, 0.000000, 1.000000
39.9485, 10.4888, -1.3257, 318.6070, 340.6070, -10.4888, 201.3992, 47.2581, 53.0618, 42.6805, 0.999420, 0.027624, -0.019903, 0.010489, -0.015757, 0.893475, 0.448837, -0.001326, 0.030182, -0.448263, 0.893392, 0.318607, 0.000000, 0.000000, 0.000000, 1.000000, 0.030182, -0.448263, 0.893392, 0.340607, -0.999420, -0.027624, 0.019903, -0.010489, 0.015757, -0.893475, -0.448837, 0.201399, 0.000000, 0.000000, 0.000000, 1.000000, 0.999814, -0.010227, 0.016376, 0.047258, 0.016891, 0.052519, -0.998477, 0.053062, 0.009351, 0.998568, 0.052682, 0.042681, 0.000000, 0.000000, 0.000000, 1.000000
39.9733, 10.4523, -1.2927, 318.7414, 340.7414, -10.4523, 201.3661, 47.2337, 52.9600, 42.6818, 0.999403, 0.028187, -0.019954, 0.010452, -0.016215, 0.893130, 0.449507, -0.001293, 0.030492, -0.448915, 0.893054, 0.318741, 0.000000, 0.000000, 0.000000, 1.000000, 0.030492, -0.448915, 0.893054, 0.340741, -0.999403, -0.028187, 0.019954, -0.010452, 0.016215, -0.893130, -0.449507, 0.201366, 0.000000, 0.000000, 0.000000, 1.000000, 0.999819, -0.009766, 0.016298, 0.047234, 0.016792, 0.052850, -0.998461, 0.052960, 0.008889, 0.998555, 0.053004, 0.042682, 0.000000, 0.000000, 0.000000, 1.000000
39.9847, 10.4302, -1.2703, 318.8261, 340.8261, -10.4302, 201.3438, 47.2184, 52.8889, 42.6796, 0.999406, 0.028458, -0.019422, 0.010430, -0.016656, 0.892522, 0.450697, -0.001270, 0.030161, -0.450106, 0.892466, 0.318826, 0.000000, 0.000000, 0.000000, 1.000000, 0.030161, -0.450106, 0.892466, 0.340826, -0.999406, -0.028458, 0.019422, -0.010430, 0.016656, -0.892522, -0.450697, 0.201344, 0.000000, 0.000000, 0.000000, 1.000000, 0.999813, -0.009577, 0.016776, 0.047218, 0.017269, 0.053998, -0.998392, 0.052889, 0.008656, 0.998495, 0.054153, 0.042680, 0.000000, 0.000000, 0.000000, 1.000000
39.9931, 10.4290, -1.2581, 318.8423, 340.8423, -10.4290, 201.3316, 47.2203, 52.8808, 42.6930, 0.999407, 0.028534, -0.019292, 0.010429, -0.016752, 0.892069, 0.451588, -0.001258, 0.030095, -0.450997, 0.892018, 0.318842, 0.000000, 0.000000, 0.000000, 1.000000, 0.030095, -0.450997, 0.892018, 0.340842, -0.999407, -0.028534, 0.019292, -0.010429, 0.016752, -0.892069, -0.451588, 0.201332, 0.000000, 0.000000, 0.000000, 1.000000, 0.999812, -0.009563, 0.016858, 0.047220, 0.017358, 0.054854, -0.998343, 0.052881, 0.008622, 0.998449, 0.055010, 0.042693, 0.000000, 0.000000, 0.000000, 1.000000
39.9977, 10.4125, -1.2557, 318.8300, 340.8300, -10.4125, 201.3292, 47.2040, 52.8973, 42.7044, 0.999424, 0.028364, -0.018619, 0.010412, -0.016887, 0.891798, 0.452119, -0.001256, 0.029428, -0.451544, 0.891763, 0.318830, 0.000000, 0.000000, 0.000000, 1.000000, 0.029428, -0.451544, 0.891763, 0.340830, -0.999424, -0.028364, 0.018619, -0.010412, 0.016887, -0.891798, -0.452119, 0.201329, 0.000000, 0.000000, 0.000000, 1.000000, 0.999799, -0.009769, 0.017514, 0.047204, 0.018029, 0.055379, -0.998303, 0.052897, 0.008783, 0.998418, 0.055544, 0.042704, 0.000000, 0.000000, 0.000000, 1.000000
39.9997, 10.4155, -1.2445, 318.8771, 340.8771, -10.4155, 201.3179, 47.2097, 52.8527, 42.6980, 0.999405, 0.028459, -0.019471, 0.010416, -0.016599, 0.891989, 0.451752, -0.001244, 0.030224, -0.451161, 0.891931, 0.318877, 0.000000, 0.000000, 0.000000, 1.000000, 0.030224, -0.451161, 0.891931, 0.340877, -0.999405, -0.028459, 0.019471, -0.010416, 0.016599, -0.891989, -0.451752, 0.201318, 0.000000, 0.000000, 0.000000, 1.000000, 0.999814, -0.009665, 0.016678, 0.047210, 0.017184, 0.054921, -0.998343, 0.052853, 0.008733, 0.998444, 0.055077, 0.042698, 0.000000, 0.000000, 0.000000, 1.000000
40.0010, 10.4106, -1.2471, 318.8570, 340.8570, -10.4106, 201.3206, 47.2050, 52.8746, 42.7040, 0.999424, 0.028332, -0.018680, 0.010411, -0.016828, 0.891760, 0.452196, -0.001247, 0.029469, -0.451621, 0.891723, 0.318857, 0.000000, 0.000000, 0.000000, 1.000000, 0.029469, -0.451621, 0.891723, 0.340857, -0.999424, -0.028332, 0.018680, -0.010411, 0.016828, -0.891760, -0.452196, 0.201321, 0.000000, 0.000000, 0.000000, 1.000000, 0.999800, -0.009814, 0.017443, 0.047205, 0.017961, 0.055403, -0.998303, 0.052875, 0.008831, 0.998416, 0.055568, 0.042704, 0.000000, 0.000000, 0.000000, 1.000000
40.0014, 10.4101, -1.2457, 318.8766, 340.8766, -10.4101, 201.3192, 47.2051, 52.8571, 42.6979, 0.999420, 0.028406, -0.018768, 0.010410, -0.016859, 0.891828, 0.452061, -0.001246, 0.029580, -0.451482, 0.891790, 0.318877, 0.000000, 0.000000, 0.000000, 1.000000, 0.029580, -0.451482, 0.891790, 0.340877, -0.999420, -0.028406, 0.018768, -0.010410, 0.016859, -0.891828, -0.452061, 0.201319, 0.000000, 0.000000, 0.000000, 1.000000, 0.999802, -0.009736, 0.017368, 0.047205, 0.017880, 0.055244, -0.998313, 0.052857, 0.008760, 0.998425, 0.055407, 0.042698, 0.000000, 0.000000, 0.000000, 1.000000
40.0017, 10.4103, -1.2449, 318.8719, 340.8719, -10.4103, 201.3184, 47.2051, 52.8615, 42.7008, 0.999417, 0.028357, -0.019030, 0.010410, -0.016687, 0.891689, 0.452340, -0.001245, 0.029795, -0.451759, 0.891642, 0.318872, 0.000000, 0.000000, 0.000000, 1.000000, 0.029795, -0.451759, 0.891642, 0.340872, -0.999417, -0.028357, 0.019030, -0.010410, 0.016687, -0.891689, -0.452340, 0.201318, 0.000000, 0.000000, 0.000000, 1.000000, 0.999806, -0.009797, 0.017095, 0.047205, 0.017613, 0.055547, -0.998301, 0.052861, 0.008831, 0.998408, 0.055709, 0.042701, 0.000000, 0.000000, 0.000000, 1.000000

=== NEW ITERATION ===
# Joint_4_Angle(deg), Cam_X(mm), Cam_Y(mm), Cam_Z(mm), Torso_X(mm), Torso_Y(mm), Torso_Z(mm), EE_X(mm), EE_Y(mm), EE_Z(mm), T_cam2marker_flat(16), T_torso2marker_flat(16), T_ee2marker_flat(16)
0.0000, 30.8172, 20.8369, 186.5664, 208.5664, -30.8172, 179.2366, 55.2297, 106.3844, 9.2623, 0.993739, -0.097435, 0.054667, 0.030817, 0.106511, 0.973928, -0.200299, 0.020837, -0.033726, 0.204868, 0.978208, 0.186566, 0.000000, 0.000000, 0.000000, 1.000000, -0.033726, 0.204868, 0.978208, 0.208566, -0.993739, 0.097435, -0.054667, -0.030817, -0.106511, -0.973928, 0.200299, 0.179237, 0.000000, 0.000000, 0.000000, 1.000000, 0.999609, 0.006882, 0.027091, 0.055230, 0.026589, 0.064885, -0.997538, 0.106384, -0.008623, 0.997869, 0.064677, 0.009262, 0.000000, 0.000000, 0.000000, 1.000000
0.0000, 30.8081, 20.8423, 186.5359, 208.5359, -30.8081, 179.2311, 55.2206, 106.4160, 9.2603, 0.993704, -0.097224, 0.055668, 0.030808, 0.106543, 0.973734, -0.201221, 0.020842, -0.034642, 0.205886, 0.977963, 0.186536, 0.000000, 0.000000, 0.000000, 1.000000, -0.034642, 0.205886, 0.977963, 0.208536, -0.993704, 0.097224, -0.055668, -0.030808, -0.106543, -0.973734, 0.201221, 0.179231, 0.000000, 0.000000, 0.000000, 1.000000, 0.999583, 0.007065, 0.027996, 0.055221, 0.027489, 0.063846, -0.997581, 0.106416, -0.008835, 0.997935, 0.063625, 0.009260, 0.000000, 0.000000, 0.000000, 1.000000
0.0165, 30.8067, 20.8457, 186.5414, 208.5414, -30.8067, 179.2278, 55.2260, 106.4434, 9.2983, 0.993702, -0.097245, 0.055678, 0.030807, 0.106553, 0.973806, -0.200867, 0.020846, -0.034686, 0.205534, 0.978035, 0.186541, 0.000000, 0.000000, 0.000000, 1.000000, -0.034686, 0.205534, 0.978035, 0.208541, -0.993702, 0.097245, -0.055678, -0.030807, -0.106553, -0.973806, 0.200867, 0.179228, 0.000000, 0.000000, 0.000000, 1.000000, 0.999582, 0.007001, 0.028035, 0.055226, 0.027531, 0.063922, -0.997575, 0.106443, -0.008776, 0.997930, 0.063702, 0.009298, 0.000000, 0.000000, 0.000000, 1.000000
0.0670, 30.8097, 20.8362, 186.5461, 208.5461, -30.8097, 179.2373, 55.2480, 106.5368, 9.3914, 0.993699, -0.097348, 0.055545, 0.030810, 0.106603, 0.973940, -0.200190, 0.020836, -0.034609, 0.204850, 0.978181, 0.186546, 0.000000, 0.000000, 0.000000, 1.000000, -0.034609, 0.204850, 0.978181, 0.208546, -0.993699, 0.097348, -0.055545, -0.030810, -0.106603, -0.973940, 0.200190, 0.179237, 0.000000, 0.000000, 0.000000, 1.000000, 0.999586, 0.006758, 0.027951, 0.055248, 0.027464, 0.063755, -0.997588, 0.106537, -0.008524, 0.997943, 0.063543, 0.009391, 0.000000, 0.000000, 0.000000, 1.000000
0.1485, 30.8133, 20.8235, 186.6036, 208.6036, -30.8133, 179.2500, 55.2810, 106.6405, 9.5575, 0.993749, -0.097227, 0.054865, 0.030813, 0.106406, 0.973597, -0.201959, 0.020823, -0.033781, 0.206534, 0.977856, 0.186604, 0.000000, 0.000000, 0.000000, 1.000000, -0.033781, 0.206534, 0.977856, 0.208604, -0.993749, 0.097227, -0.054865, -0.030813, -0.106406, -0.973597, 0.201959, 0.179250, 0.000000, 0.000000, 0.000000, 1.000000, 0.999612, 0.006575, 0.027062, 0.055281, 0.026614, 0.060640, -0.997805, 0.106641, -0.008202, 0.998138, 0.060441, 0.009557, 0.000000, 0.000000, 0.000000, 1.000000
0.2608, 30.7777, 20.7100, 186.7923, 208.7923, -30.7777, 179.3634, 55.2742, 106.6542, 9.7274, 0.993761, -0.096847, 0.055317, 0.030778, 0.106120, 0.973663, -0.201789, 0.020710, -0.034318, 0.206400, 0.977866, 0.186792, 0.000000, 0.000000, 0.000000, 1.000000, -0.034318, 0.206400, 0.977866, 0.208792, -0.993761, 0.096847, -0.055317, -0.030778, -0.106120, -0.973663, 0.201789, 0.179363, 0.000000, 0.000000, 0.000000, 1.000000, 0.999600, 0.006607, 0.027503, 0.055274, 0.027067, 0.058850, -0.997900, 0.106654, -0.008212, 0.998245, 0.058647, 0.009727, 0.000000, 0.000000, 0.000000, 1.000000
0.3863, 30.7546, 20.5577, 187.0675, 209.0675, -30.7546, 179.5158, 55.2817, 106.5990, 9.9074, 0.993797, -0.096457, 0.055342, 0.030755, 0.105743, 0.973714, -0.201741, 0.020558, -0.034428, 0.206342, 0.977874, 0.187067, 0.000000, 0.000000, 0.000000, 1.000000, -0.034428, 0.206342, 0.977874, 0.209067, -0.993797, 0.096457, -0.055342, -0.030755, -0.105743, -0.973714, 0.201741, 0.179516, 0.000000, 0.000000, 0.000000, 1.000000, 0.999600, 0.006605, 0.027489, 0.055282, 0.027070, 0.056756, -0.998021, 0.106599, -0.008152, 0.998366, 0.056555, 0.009907, 0.000000, 0.000000, 0.000000, 1.000000
0.4988, 30.7268, 20.3721, 187.3762, 209.3762, -30.7268, 179.7014, 55.2743, 106.4778, 10.0378, 0.993826, -0.096286, 0.055130, 0.030727, 0.105473, 0.974085, -0.200083, 0.020372, -0.034436, 0.204662, 0.978227, 0.187376, 0.000000, 0.000000, 0.000000, 1.000000, -0.034436, 0.204662, 0.978227, 0.209376, -0.993826, 0.096286, -0.055130, -0.030727, -0.105473, -0.974085, 0.200083, 0.179701, 0.000000, 0.000000, 0.000000, 1.000000, 0.999603, 0.006470, 0.027427, 0.055274, 0.027018, 0.056540, -0.998035, 0.106478, -0.008008, 0.998379, 0.056343, 0.010038, 0.000000, 0.000000, 0.000000, 1.000000
0.6587, 30.6997, 20.1779, 187.7460, 209.7460, -30.6997, 179.8955, 55.2850, 106.3890, 10.2698, 0.993901, -0.095982, 0.054300, 0.030700, 0.104922, 0.974632, -0.197696, 0.020178, -0.033947, 0.202187, 0.978758, 0.187746, 0.000000, 0.000000, 0.000000, 1.000000, -0.033947, 0.202187, 0.978758, 0.209746, -0.993901, 0.095982, -0.054300, -0.030700, -0.104922, -0.974632, 0.197696, 0.179896, 0.000000, 0.000000, 0.000000, 1.000000, 0.999621, 0.006342, 0.026804, 0.055285, 0.026405, 0.056320, -0.998064, 0.106389, -0.007839, 0.998393, 0.056131, 0.010270, 0.000000, 0.000000, 0.000000, 1.000000
0.7697, 30.6283, 19.9740, 188.0617, 210.0617, -30.6283, 180.0995, 55.2323, 106.2543, 10.3836, 0.993928, -0.095868, 0.054004, 0.030628, 0.104735, 0.974744, -0.197242, 0.019974, -0.033730, 0.201700, 0.978866, 0.188062, 0.000000, 0.000000, 0.000000, 1.000000, -0.033730, 0.201700, 0.978866, 0.210062, -0.993928, 0.095868, -0.054004, -0.030628, -0.104735, -0.974744, 0.197242, 0.180099, 0.000000, 0.000000, 0.000000, 1.000000, 0.999629, 0.006121, 0.026525, 0.055232, 0.026149, 0.054914, -0.998149, 0.106254, -0.007566, 0.998472, 0.054733, 0.010384, 0.000000, 0.000000, 0.000000, 1.000000
0.9149, 30.5950, 19.7668, 188.4248, 210.4248, -30.5950, 180.3066, 55.2300, 106.1393, 10.5700, 0.993992, -0.095308, 0.053812, 0.030595, 0.104043, 0.975425, -0.194222, 0.019767, -0.033979, 0.198653, 0.979481, 0.188425, 0.000000, 0.000000, 0.000000, 1.000000, -0.033979, 0.198653, 0.979481, 0.210425, -0.993992, 0.095308, -0.053812, -0.030595, -0.104043, -0.975425, 0.194222, 0.180307, 0.000000, 0.000000, 0.000000, 1.000000, 0.999626, 0.006311, 0.026606, 0.055230, 0.026216, 0.055524, -0.998113, 0.106139, -0.007777, 0.998437, 0.055338, 0.010570, 0.000000, 0.000000, 0.000000, 1.000000
1.0283, 30.5718, 19.5685, 188.8592, 210.8592, -30.5718, 180.5049, 55.2268, 105.8937, 10.7170, 0.994037, -0.095253, 0.053085, 0.030572, 0.103773, 0.975865, -0.192141, 0.019569, -0.033502, 0.196504, 0.979931, 0.188859, 0.000000, 0.000000, 0.000000, 1.000000, -0.033502, 0.196504, 0.979931, 0.210859, -0.994037, 0.095253, -0.053085, -0.030572, -0.103773, -0.975865, 0.192141, 0.180505, 0.000000, 0.000000, 0.000000, 1.000000, 0.999642, 0.006070, 0.026059, 0.055227, 0.025680, 0.055770, -0.998113, 0.105894, -0.007512, 0.998425, 0.055594, 0.010717, 0.000000, 0.000000, 0.000000, 1.000000
1.1982, 30.5319, 19.3583, 189.2271, 211.2271, -30.5319, 180.7151, 55.2258, 105.8221, 10.9485, 0.994052, -0.094717, 0.053753, 0.030532, 0.103307, 0.976316, -0.190091, 0.019358, -0.034475, 0.194513, 0.980294, 0.189227, 0.000000, 0.000000, 0.000000, 1.000000, -0.034475, 0.194513, 0.980294, 0.211227, -0.994052, 0.094717, -0.053753, -0.030532, -0.103307, -0.976316, 0.190091, 0.180715, 0.000000, 0.000000, 0.000000, 1.000000, 0.999620, 0.006128, 0.026893, 0.055226, 0.026516, 0.054880, -0.998141, 0.105822, -0.007592, 0.998474, 0.054697, 0.010949, 0.000000, 0.000000, 0.000000, 1.000000
1.3036, 30.4840, 19.1575, 189.5717, 211.5717, -30.4840, 180.9159, 55.1953, 105.6478, 11.0548, 0.994089, -0.094456, 0.053522, 0.030484, 0.102928, 0.976780, -0.187903, 0.019158, -0.034530, 0.192301, 0.980728, 0.189572, 0.000000, 0.000000, 0.000000, 1.000000, -0.034530, 0.192301, 0.980728, 0.211572, -0.994089, 0.094456, -0.053522, -0.030484, -0.102928, -0.976780, 0.187903, 0.180916, 0.000000, 0.000000, 0.000000, 1.000000, 0.999621, 0.006119, 0.026849, 0.055195, 0.026470, 0.055321, -0.998118, 0.105648, -0.007593, 0.998450, 0.055138, 0.011055, 0.000000, 0.000000, 0.000000, 1.000000
1.4566, 30.4423, 18.9499, 190.0235, 212.0235, -30.4423, 181.1235, 55.1867, 105.4603, 11.2733, 0.994050, -0.094456, 0.054252, 0.030442, 0.102913, 0.977602, -0.183586, 0.018950, -0.035696, 0.188077, 0.981505, 0.190024, 0.000000, 0.000000, 0.000000, 1.000000, -0.035696, 0.188077, 0.981505, 0.212024, -0.994050, 0.094456, -0.054252, -0.030442, -0.102913, -0.977602, 0.183586, 0.181124, 0.000000, 0.000000, 0.000000, 1.000000, 0.999592, 0.005752, 0.027970, 0.055187, 0.027597, 0.056996, -0.997993, 0.105460, -0.007334, 0.998358, 0.056814, 0.011273, 0.000000, 0.000000, 0.000000, 1.000000
1.5759, 30.4184, 18.7427, 190.3746, 212.3746, -30.4184, 181.3307, 55.1838, 105.3049, 11.3976, 0.994148, -0.093979, 0.053276, 0.030418, 0.102197, 0.978008, -0.181812, 0.018743, -0.035018, 0.186192, 0.981889, 0.190375, 0.000000, 0.000000, 0.000000, 1.000000, -0.035018, 0.186192, 0.981889, 0.212375, -0.994148, 0.093979, -0.053276, -0.030418, -0.102197, -0.978008, 0.181812, 0.181331, 0.000000, 0.000000, 0.000000, 1.000000, 0.999614, 0.005906, 0.027144, 0.055184, 0.026765, 0.056862, -0.998023, 0.105305, -0.007437, 0.998365, 0.056682, 0.011398, 0.000000, 0.000000, 0.000000, 1.000000
1.7108, 30.3779, 18.5376, 190.7909, 212.7909, -30.3779, 181.5359, 55.1699, 105.1177, 11.5708, 0.994141, -0.093750, 0.053809, 0.030378, 0.101999, 0.978391, -0.179855, 0.018538, -0.035785, 0.184289, 0.982220, 0.190791, 0.000000, 0.000000, 0.000000, 1.000000, -0.035785, 0.184289, 0.982220, 0.212791, -0.994141, 0.093750, -0.053809, -0.030378, -0.101999, -0.978391, 0.179855, 0.181536, 0.000000, 0.000000, 0.000000, 1.000000, 0.999596, 0.005762, 0.027833, 0.055170, 0.027464, 0.056481, -0.998026, 0.105118, -0.007323, 0.998387, 0.056300, 0.011571, 0.000000, 0.000000, 0.000000, 1.000000
1.8409, 30.3336, 18.3418, 191.0954, 213.0954, -30.3336, 181.7316, 55.1522, 105.0318, 11.7159, 0.994231, -0.093380, 0.052773, 0.030334, 0.101378, 0.978795, -0.177999, 0.018342, -0.035033, 0.182323, 0.982614, 0.191095, 0.000000, 0.000000, 0.000000, 1.000000, -0.035033, 0.182323, 0.982614, 0.213095, -0.994231, 0.093380, -0.052773, -0.030334, -0.101378, -0.978795, 0.177999, 0.181732, 0.000000, 0.000000, 0.000000, 1.000000, 0.999620, 0.005776, 0.026953, 0.055152, 0.026586, 0.056246, -0.998063, 0.105032, -0.007281, 0.998400, 0.056071, 0.011716, 0.000000, 0.000000, 0.000000, 1.000000
1.9591, 30.2886, 18.1497, 191.4647, 213.4647, -30.2886, 181.9238, 55.1284, 104.8610, 11.8554, 0.994282, -0.093022, 0.052446, 0.030289, 0.100937, 0.978991, -0.177166, 0.018150, -0.034864, 0.181446, 0.982783, 0.191465, 0.000000, 0.000000, 0.000000, 1.000000, -0.034864, 0.181446, 0.982783, 0.213465, -0.994282, 0.093022, -0.052446, -0.030289, -0.100937, -0.978991, 0.177166, 0.181924, 0.000000, 0.000000, 0.000000, 1.000000, 0.999627, 0.005785, 0.026684, 0.055128, 0.026325, 0.055106, -0.998133, 0.104861, -0.007245, 0.998464, 0.054933, 0.011855, 0.000000, 0.000000, 0.000000, 1.000000
2.1050, 30.2580, 17.9318, 191.8662, 213.8662, -30.2580, 182.1417, 55.1279, 104.7056, 12.0294, 0.994336, -0.092883, 0.051661, 0.030258, 0.100493, 0.979872, -0.172490, 0.017932, -0.034600, 0.176705, 0.983656, 0.191866, 0.000000, 0.000000, 0.000000, 1.000000, -0.034600, 0.176705, 0.983656, 0.213866, -0.994336, 0.092883, -0.051661, -0.030258, -0.100493, -0.979872, 0.172490, 0.182142, 0.000000, 0.000000, 0.000000, 1.000000, 0.999638, 0.005590, 0.026322, 0.055128, 0.025958, 0.057415, -0.998013, 0.104706, -0.007091, 0.998335, 0.057250, 0.012029, 0.000000, 0.000000, 0.000000, 1.000000
2.2414, 30.2084, 17.7360, 192.2282, 214.2282, -30.2084, 182.3375, 55.1068, 104.5761, 12.1975, 0.994332, -0.092735, 0.052010, 0.030208, 0.100326, 0.980297, -0.170154, 0.017736, -0.035206, 0.174408, 0.984044, 0.192228, 0.000000, 0.000000, 0.000000, 1.000000, -0.035206, 0.174408, 0.984044, 0.214228, -0.994332, 0.092735, -0.052010, -0.030208, -0.100326, -0.980297, 0.170154, 0.182337, 0.000000, 0.000000, 0.000000, 1.000000, 0.999625, 0.005368, 0.026863, 0.055107, 0.026511, 0.057405, -0.997999, 0.104576, -0.006900, 0.998337, 0.057241, 0.012197, 0.000000, 0.000000, 0.000000, 1.000000
2.3878, 30.1711, 17.5215, 192.5699, 214.5699, -30.1711, 182.5520, 55.0998, 104.4808, 12.3598, 0.994429, -0.092159, 0.051158, 0.030171, 0.099528, 0.980777, -0.167843, 0.017521, -0.034706, 0.172000, 0.984485, 0.192570, 0.000000, 0.000000, 0.000000, 1.000000, -0.034706, 0.172000, 0.984485, 0.214570, -0.994429, 0.092159, -0.051158, -0.030171, -0.099528, -0.980777, 0.167843, 0.182552, 0.000000, 0.000000, 0.000000, 1.000000, 0.999641, 0.005548, 0.026201, 0.055100, 0.025840, 0.057332, -0.998021, 0.104481, -0.007039, 0.998340, 0.057168, 0.012360, 0.000000, 0.000000, 0.000000, 1.000000
2.5247, 30.1316, 17.3338, 192.9511, 214.9511, -30.1316, 182.7397, 55.0887, 104.3351, 12.5374, 0.994464, -0.091761, 0.051190, 0.030132, 0.099092, 0.981058, -0.166449, 0.017334, -0.034947, 0.170600, 0.984720, 0.192951, 0.000000, 0.000000, 0.000000, 1.000000, -0.034947, 0.170600, 0.984720, 0.214951, -0.994464, 0.091761, -0.051190, -0.030132, -0.099092, -0.981058, 0.166449, 0.182740, 0.000000, 0.000000, 0.000000, 1.000000, 0.999638, 0.005551, 0.026338, 0.055089, 0.025984, 0.056401, -0.998070, 0.104335, -0.007026, 0.998393, 0.056236, 0.012537, 0.000000, 0.000000, 0.000000, 1.000000
2.6462, 30.0985, 17.1341, 193.4219, 215.4219, -30.0985, 182.9393, 55.0777, 104.0684, 12.6913, 0.994453, -0.091964, 0.051044, 0.030098, 0.099113, 0.981782, -0.162115, 0.017134, -0.035206, 0.166275, 0.985451, 0.193422, 0.000000, 0.000000, 0.000000, 1.000000, -0.035206, 0.166275, 0.985451, 0.215422, -0.994453, 0.091964, -0.051044, -0.030098, -0.099113, -0.981782, 0.162115, 0.182939, 0.000000, 0.000000, 0.000000, 1.000000, 0.999634, 0.005075, 0.026577, 0.055078, 0.026234, 0.058700, -0.997931, 0.104068, -0.006624, 0.998263, 0.058546, 0.012691, 0.000000, 0.000000, 0.000000, 1.000000
2.7747, 30.0613, 16.9326, 193.7893, 215.7893, -30.0613, 183.1408, 55.0653, 103.9161, 12.8331, 0.994497, -0.091501, 0.051027, 0.030061, 0.098587, 0.982138, -0.160265, 0.016933, -0.035451, 0.164414, 0.985754, 0.193789, 0.000000, 0.000000, 0.000000, 1.000000, -0.035451, 0.164414, 0.985754, 0.215789, -0.994497, 0.091501, -0.051027, -0.030061, -0.098587, -0.982138, 0.160265, 0.183141, 0.000000, 0.000000, 0.000000, 1.000000, 0.999630, 0.005180, 0.026703, 0.055065, 0.026356, 0.058377, -0.997947, 0.103916, -0.006729, 0.998281, 0.058219, 0.012833, 0.000000, 0.000000, 0.000000, 1.000000
2.9202, 30.0127, 16.7384, 194.1339, 216.1339, -30.0127, 183.3350, 55.0485, 103.8206, 13.0098, 0.994568, -0.091420, 0.049771, 0.030013, 0.098204, 0.982624, -0.157499, 0.016738, -0.034508, 0.161531, 0.986264, 0.194134, 0.000000, 0.000000, 0.000000, 1.000000, -0.034508, 0.161531, 0.986264, 0.216134, -0.994568, 0.091420, -0.049771, -0.030013, -0.098204, -0.982624, 0.157499, 0.183335, 0.000000, 0.000000, 0.000000, 1.000000, 0.999658, 0.004875, 0.025680, 0.055049, 0.025350, 0.058800, -0.997948, 0.103821, -0.006375, 0.998258, 0.058656, 0.013010, 0.000000, 0.000000, 0.000000, 1.000000
3.0643, 29.9691, 16.5547, 194.5040, 216.5040, -29.9691, 183.5188, 55.0371, 103.6997, 13.1980, 0.994593, -0.090802, 0.050388, 0.029969, 0.097641, 0.982913, -0.156040, 0.016555, -0.035358, 0.160116, 0.986465, 0.194504, 0.000000, 0.000000, 0.000000, 1.000000, -0.035358, 0.160116, 0.986465, 0.216504, -0.994593, 0.090802, -0.050388, -0.029969, -0.097641, -0.982913, 0.156040, 0.183519, 0.000000, 0.000000, 0.000000, 1.000000, 0.999639, 0.005076, 0.026393, 0.055037, 0.026056, 0.057755, -0.997991, 0.103700, -0.006590, 0.998318, 0.057602, 0.013198, 0.000000, 0.000000, 0.000000, 1.000000
3.1766, 29.9301, 16.3472, 194.9012, 216.9012, -29.9301, 183.7263, 55.0159, 103.4853, 13.3050, 0.994675, -0.090614, 0.049100, 0.029930, 0.097189, 0.983230, -0.154316, 0.016347, -0.034293, 0.158266, 0.986801, 0.194901, 0.000000, 0.000000, 0.000000, 1.000000, -0.034293, 0.158266, 0.986801, 0.216901, -0.994675, 0.090614, -0.049100, -0.029930, -0.097189, -0.983230, 0.154316, 0.183726, 0.000000, 0.000000, 0.000000, 1.000000, 0.999669, 0.004956, 0.025245, 0.055016, 0.024918, 0.057699, -0.998023, 0.103485, -0.006403, 0.998322, 0.057557, 0.013305, 0.000000, 0.000000, 0.000000, 1.000000
3.3229, 29.8797, 16.1636, 195.2650, 217.2650, -29.8797, 183.9098, 54.9985, 103.3748, 13.4942, 0.994616, -0.089795, 0.051720, 0.029880, 0.096717, 0.983601, -0.152236, 0.016164, -0.037202, 0.156419, 0.986990, 0.195265, 0.000000, 0.000000, 0.000000, 1.000000, -0.037202, 0.156419, 0.986990, 0.217265, -0.994616, 0.089795, -0.051720, -0.029880, -0.096717, -0.983601, 0.152236, 0.183910, 0.000000, 0.000000, 0.000000, 1.000000, 0.999593, 0.005363, 0.028012, 0.054999, 0.027661, 0.057051, -0.997988, 0.103375, -0.006950, 0.998357, 0.056880, 0.013494, 0.000000, 0.000000, 0.000000, 1.000000
3.4642, 29.8389, 15.9746, 195.6309, 217.6309, -29.8389, 184.0989, 54.9874, 103.2511, 13.6665, 0.994752, -0.089814, 0.049003, 0.029839, 0.096223, 0.984029, -0.149757, 0.015975, -0.034770, 0.153686, 0.987508, 0.195631, 0.000000, 0.000000, 0.000000, 1.000000, -0.034770, 0.153686, 0.987508, 0.217631, -0.994752, 0.089814, -0.049003, -0.029839, -0.096223, -0.984029, 0.149757, 0.184099, 0.000000, 0.000000, 0.000000, 1.000000, 0.999662, 0.004963, 0.025511, 0.054987, 0.025184, 0.057391, -0.998034, 0.103251, -0.006418, 0.998339, 0.057247, 0.013667, 0.000000, 0.000000, 0.000000, 1.000000
3.5789, 29.8032, 15.7775, 196.0167, 218.0167, -29.8032, 184.2959, 54.9723, 103.0541, 13.7818, 0.994760, -0.089723, 0.049006, 0.029803, 0.096002, 0.984608, -0.146049, 0.015778, -0.035148, 0.149989, 0.988063, 0.196017, 0.000000, 0.000000, 0.000000, 1.000000, -0.035148, 0.149989, 0.988063, 0.218017, -0.994760, 0.089723, -0.049006, -0.029803, -0.096002, -0.984608, 0.146049, 0.184296, 0.000000, 0.000000, 0.000000, 1.000000, 0.999655, 0.004782, 0.025828, 0.054972, 0.025500, 0.059159, -0.997923, 0.103054, -0.006300, 0.998237, 0.059016, 0.013782, 0.000000, 0.000000, 0.000000, 1.000000
3.7283, 29.7774, 15.5918, 196.4340, 218.4340, -29.7774, 184.4816, 54.9798, 102.8942, 13.9799, 0.994819, -0.089377, 0.048454, 0.029777, 0.095481, 0.985058, -0.143334, 0.015592, -0.034919, 0.147218, 0.988487, 0.196434, 0.000000, 0.000000, 0.000000, 1.000000, -0.034919, 0.147218, 0.988487, 0.218434, -0.994819, 0.089377, -0.048454, -0.029777, -0.095481, -0.985058, 0.143334, 0.184482, 0.000000, 0.000000, 0.000000, 1.000000, 0.999664, 0.004724, 0.025488, 0.054980, 0.025163, 0.059391, -0.997918, 0.102894, -0.006228, 0.998224, 0.059253, 0.013980, 0.000000, 0.000000, 0.000000, 1.000000
3.8509, 29.7304, 15.3943, 196.7694, 218.7694, -29.7304, 184.6791, 54.9550, 102.7627, 14.0982, 0.994869, -0.089034, 0.048050, 0.029730, 0.095030, 0.985319, -0.141831, 0.015394, -0.034717, 0.145669, 0.988724, 0.196769, 0.000000, 0.000000, 0.000000, 1.000000, -0.034717, 0.145669, 0.988724, 0.218769, -0.994869, 0.089034, -0.048050, -0.029730, -0.095030, -0.985319, 0.141831, 0.184679, 0.000000, 0.000000, 0.000000, 1.000000, 0.999671, 0.004717, 0.025199, 0.054955, 0.024878, 0.058850, -0.997957, 0.102763, -0.006191, 0.998256, 0.058713, 0.014098, 0.000000, 0.000000, 0.000000, 1.000000
3.9806, 29.6886, 15.2146, 197.1409, 219.1409, -29.6886, 184.8588, 54.9411, 102.6118, 14.2531, 0.994961, -0.088589, 0.046948, 0.029689, 0.094331, 0.985788, -0.139008, 0.015215, -0.033967, 0.142736, 0.989178, 0.197141, 0.000000, 0.000000, 0.000000, 1.000000, -0.033967, 0.142736, 0.989178, 0.219141, -0.994961, 0.088589, -0.046948, -0.029689, -0.094331, -0.985788, 0.139008, 0.184859, 0.000000, 0.000000, 0.000000, 1.000000, 0.999693, 0.004825, 0.024323, 0.054941, 0.023993, 0.059582, -0.997935, 0.102612, -0.006264, 0.998212, 0.059448, 0.014253, 0.000000, 0.000000, 0.000000, 1.000000
4.1309, 29.6491, 15.0214, 197.5679, 219.5679, -29.6491, 185.0521, 54.9334, 102.4440, 14.4443, 0.994963, -0.088522, 0.047029, 0.029649, 0.094156, 0.986293, -0.135500, 0.015021, -0.034390, 0.139246, 0.989661, 0.197568, 0.000000, 0.000000, 0.000000, 1.000000, -0.034390, 0.139246, 0.989661, 0.219568, -0.994963, 0.088522, -0.047029, -0.029649, -0.094156, -0.986293, 0.135500, 0.185052, 0.000000, 0.000000, 0.000000, 1.000000, 0.999685, 0.004498, 0.024696, 0.054933, 0.024379, 0.060525, -0.997869, 0.102444, -0.005983, 0.998157, 0.060397, 0.014444, 0.000000, 0.000000, 0.000000, 1.000000
4.2686, 29.6063, 14.8438, 197.9341, 219.9341, -29.6063, 185.2296, 54.9215, 102.3140, 14.6134, 0.994951, -0.088103, 0.048072, 0.029606, 0.093813, 0.986598, -0.133502, 0.014844, -0.035666, 0.137337, 0.989882, 0.197934, 0.000000, 0.000000, 0.000000, 1.000000, -0.035666, 0.137337, 0.989882, 0.219934, -0.994951, 0.088103, -0.048072, -0.029606, -0.093813, -0.986598, 0.133502, 0.185230, 0.000000, 0.000000, 0.000000, 1.000000, 0.999655, 0.004529, 0.025872, 0.054922, 0.025554, 0.060083, -0.997866, 0.102314, -0.006073, 0.998183, 0.059947, 0.014613, 0.000000, 0.000000, 0.000000, 1.000000
4.3796, 29.5426, 14.6448, 198.3126, 220.3126, -29.5426, 185.4286, 54.8761, 102.1175, 14.7129, 0.994960, -0.087421, 0.049114, 0.029543, 0.093266, 0.986702, -0.133116, 0.014645, -0.036824, 0.137025, 0.989883, 0.198313, 0.000000, 0.000000, 0.000000, 1.000000, -0.036824, 0.137025, 0.989883, 0.220313, -0.994960, 0.087421, -0.049114, -0.029543, -0.093266, -0.986702, 0.133116, 0.185429, 0.000000, 0.000000, 0.000000, 1.000000, 0.999626, 0.004871, 0.026913, 0.054876, 0.026582, 0.058490, -0.997934, 0.102117, -0.006435, 0.998276, 0.058338, 0.014713, 0.000000, 0.000000, 0.000000, 1.000000
4.5259, 29.5131, 14.4567, 198.6889, 220.6889, -29.5131, 185.6167, 54.8793, 101.9913, 14.8864, 0.995104, -0.087672, 0.045634, 0.029513, 0.092890, 0.987317, -0.128747, 0.014457, -0.033767, 0.132356, 0.990627, 0.198689, 0.000000, 0.000000, 0.000000, 1.000000, -0.033767, 0.132356, 0.990627, 0.220689, -0.995104, 0.087672, -0.045634, -0.029513, -0.092890, -0.987317, 0.128747, 0.185617, 0.000000, 0.000000, 0.000000, 1.000000, 0.999708, 0.004262, 0.023801, 0.054879, 0.023499, 0.060688, -0.997880, 0.101991, -0.005698, 0.998148, 0.060570, 0.014886, 0.000000, 0.000000, 0.000000, 1.000000
4.6622, 29.4761, 14.2737, 199.0942, 221.0942, -29.4761, 185.7998, 54.8701, 101.8193, 15.0502, 0.995063, -0.087403, 0.047013, 0.029476, 0.092743, 0.987560, -0.126983, 0.014274, -0.035330, 0.130716, 0.990790, 0.199094, 0.000000, 0.000000, 0.000000, 1.000000, -0.035330, 0.130716, 0.990790, 0.221094, -0.995063, 0.087403, -0.047013, -0.029476, -0.092743, -0.987560, 0.126983, 0.185800, 0.000000, 0.000000, 0.000000, 1.000000, 0.999671, 0.004139, 0.025305, 0.054870, 0.025011, 0.060002, -0.997885, 0.101819, -0.005649, 0.998190, 0.059879, 0.015050, 0.000000, 0.000000, 0.000000, 1.000000
4.7850, 29.4345, 14.0899, 199.4592, 221.4592, -29.4345, 185.9836, 54.8525, 101.6608, 15.1790, 0.995163, -0.087185, 0.045276, 0.029435, 0.092155, 0.988149, -0.122753, 0.014090, -0.034038, 0.126332, 0.991404, 0.199459, 0.000000, 0.000000, 0.000000, 1.000000, -0.034038, 0.126332, 0.991404, 0.221459, -0.995163, 0.087185, -0.045276, -0.029435, -0.092155, -0.988149, 0.122753, 0.185984, 0.000000, 0.000000, 0.000000, 1.000000, 0.999705, 0.004067, 0.023927, 0.054853, 0.023627, 0.062307, -0.997777, 0.101661, -0.005549, 0.998049, 0.062192, 0.015179, 0.000000, 0.000000, 0.000000, 1.000000
4.9282, 29.3947, 13.9150, 199.8639, 221.8639, -29.3947, 186.1584, 54.8445, 101.5036, 15.3617, 0.995142, -0.086516, 0.046989, 0.029395, 0.091703, 0.988209, -0.122614, 0.013915, -0.035827, 0.126328, 0.991341, 0.199864, 0.000000, 0.000000, 0.000000, 1.000000, -0.035827, 0.126328, 0.991341, 0.221864, -0.995142, 0.086516, -0.046989, -0.029395, -0.091703, -0.988209, 0.122614, 0.186158, 0.000000, 0.000000, 0.000000, 1.000000, 0.999663, 0.004287, 0.025602, 0.054845, 0.025299, 0.059850, -0.997887, 0.101504, -0.005810, 0.998198, 0.059721, 0.015362, 0.000000, 0.000000, 0.000000, 1.000000
5.0662, 29.3529, 13.7290, 200.2508, 222.2508, -29.3529, 186.3445, 54.8317, 101.3517, 15.5188, 0.995285, -0.086458, 0.043955, 0.029353, 0.091167, 0.988607, -0.119766, 0.013729, -0.033099, 0.123209, 0.991829, 0.200251, 0.000000, 0.000000, 0.000000, 1.000000, -0.033099, 0.123209, 0.991829, 0.222251, -0.995285, 0.086458, -0.043955, -0.029353, -0.091167, -0.988607, 0.119766, 0.186344, 0.000000, 0.000000, 0.000000, 1.000000, 0.999732, 0.003978, 0.022797, 0.054832, 0.022515, 0.060622, -0.997907, 0.101352, -0.005352, 0.998153, 0.060516, 0.015519, 0.000000, 0.000000, 0.000000, 1.000000
5.2161, 29.3210, 13.5411, 200.6702, 222.6702, -29.3210, 186.5324, 54.8325, 101.1896, 15.7004, 0.995259, -0.086218, 0.045008, 0.029321, 0.090909, 0.989146, -0.115435, 0.013541, -0.034567, 0.118979, 0.992295, 0.200670, 0.000000, 0.000000, 0.000000, 1.000000, -0.034567, 0.118979, 0.992295, 0.222670, -0.995259, 0.086218, -0.045008, -0.029321, -0.090909, -0.989146, 0.115435, 0.186532, 0.000000, 0.000000, 0.000000, 1.000000, 0.999700, 0.003838, 0.024195, 0.054833, 0.023909, 0.062304, -0.997771, 0.101190, -0.005336, 0.998050, 0.062194, 0.015700, 0.000000, 0.000000, 0.000000, 1.000000
5.3284, 29.2792, 13.3712, 200.9927, 222.9927, -29.2792, 186.7022, 54.8125, 101.0551, 15.8100, 0.995318, -0.085988, 0.044143, 0.029279, 0.090577, 0.989176, -0.115442, 0.013371, -0.033738, 0.118900, 0.992333, 0.200993, 0.000000, 0.000000, 0.000000, 1.000000, -0.033738, 0.118900, 0.992333, 0.222993, -0.995318, 0.085988, -0.044143, -0.029279, -0.090577, -0.989176, 0.115442, 0.186702, 0.000000, 0.000000, 0.000000, 1.000000, 0.999722, 0.003716, 0.023298, 0.054813, 0.023031, 0.060458, -0.997905, 0.101055, -0.005117, 0.998164, 0.060356, 0.015810, 0.000000, 0.000000, 0.000000, 1.000000
5.4653, 29.2099, 13.1935, 201.4076, 223.4076, -29.2099, 186.8799, 54.7724, 100.8755, 15.9765, 0.995318, -0.085619, 0.044840, 0.029210, 0.090183, 0.989576, -0.112281, 0.013194, -0.034759, 0.115799, 0.992664, 0.201408, 0.000000, 0.000000, 0.000000, 1.000000, -0.034759, 0.115799, 0.992664, 0.223408, -0.995318, 0.085619, -0.044840, -0.029210, -0.090183, -0.989576, 0.112281, 0.186880, 0.000000, 0.000000, 0.000000, 1.000000, 0.999699, 0.003721, 0.024235, 0.054772, 0.023962, 0.061225, -0.997836, 0.100876, -0.005196, 0.998117, 0.061118, 0.015977, 0.000000, 0.000000, 0.000000, 1.000000
5.6076, 29.1670, 13.0051, 201.7551, 223.7551, -29.1670, 187.0683, 54.7601, 100.7699, 16.1275, 0.995359, -0.085246, 0.044646, 0.029167, 0.089755, 0.989729, -0.111266, 0.013005, -0.034702, 0.114757, 0.992787, 0.201755, 0.000000, 0.000000, 0.000000, 1.000000, -0.034702, 0.114757, 0.992787, 0.223755, -0.995359, 0.085246, -0.044646, -0.029167, -0.089755, -0.989729, 0.111266, 0.187068, 0.000000, 0.000000, 0.000000, 1.000000, 0.999703, 0.003668, 0.024090, 0.054760, 0.023827, 0.059828, -0.997924, 0.100770, -0.005102, 0.998202, 0.059723, 0.016128, 0.000000, 0.000000, 0.000000, 1.000000
5.7289, 29.1363, 12.8371, 202.1629, 224.1629, -29.1363, 187.2364, 54.7537, 100.5683, 16.2664, 0.995490, -0.085257, 0.041611, 0.029136, 0.089288, 0.990216, -0.107236, 0.012837, -0.032062, 0.110467, 0.993362, 0.202163, 0.000000, 0.000000, 0.000000, 1.000000, -0.032062, 0.110467, 0.993362, 0.224163, -0.995490, 0.085257, -0.041611, -0.029136, -0.089288, -0.990216, 0.107236, 0.187236, 0.000000, 0.000000, 0.000000, 1.000000, 0.999766, 0.003364, 0.021389, 0.054754, 0.021140, 0.062059, -0.997849, 0.100568, -0.004684, 0.998067, 0.061973, 0.016266, 0.000000, 0.000000, 0.000000, 1.000000
5.8874, 29.0982, 12.6605, 202.5168, 224.5168, -29.0982, 187.4130, 54.7529, 100.4882, 16.4576, 0.995498, -0.084901, 0.042148, 0.029098, 0.088921, 0.990484, -0.105041, 0.012660, -0.032828, 0.108316, 0.993574, 0.202517, 0.000000, 0.000000, 0.000000, 1.000000, -0.032828, 0.108316, 0.993574, 0.224517, -0.995498, 0.084901, -0.042148, -0.029098, -0.088921, -0.990484, 0.105041, 0.187413, 0.000000, 0.000000, 0.000000, 1.000000, 0.999751, 0.003266, 0.022070, 0.054753, 0.021828, 0.061501, -0.997868, 0.100488, -0.004616, 0.998102, 0.061414, 0.016458, 0.000000, 0.000000, 0.000000, 1.000000
6.0097, 29.0474, 12.4964, 202.9466, 224.9466, -29.0474, 187.5770, 54.7276, 100.2674, 16.6053, 0.995523, -0.084347, 0.042650, 0.029047, 0.088398, 0.990613, -0.104266, 0.012496, -0.033456, 0.107570, 0.993634, 0.202947, 0.000000, 0.000000, 0.000000, 1.000000, -0.033456, 0.107570, 0.993634, 0.224947, -0.995523, 0.084347, -0.042650, -0.029047, -0.088398, -0.990613, 0.104266, 0.187577, 0.000000, 0.000000, 0.000000, 1.000000, 0.999739, 0.003453, 0.022595, 0.054728, 0.022346, 0.060147, -0.997939, 0.100267, -0.004804, 0.998184, 0.060054, 0.016605, 0.000000, 0.000000, 0.000000, 1.000000
6.1231, 29.0131, 12.3103, 203.2731, 225.2731, -29.0131, 187.7631, 54.7140, 100.1268, 16.6944, 0.995602, -0.084301, 0.040857, 0.029013, 0.088025, 0.991076, -0.100097, 0.012310, -0.032054, 0.103253, 0.994139, 0.203273, 0.000000, 0.000000, 0.000000, 1.000000, -0.032054, 0.103253, 0.994139, 0.225273, -0.995602, 0.084301, -0.040857, -0.029013, -0.088025, -0.991076, 0.100097, 0.187763, 0.000000, 0.000000, 0.000000, 1.000000, 0.999771, 0.003229, 0.021137, 0.054714, 0.020894, 0.062536, -0.997824, 0.100127, -0.004543, 0.998037, 0.062454, 0.016694, 0.000000, 0.000000, 0.000000, 1.000000
6.2842, 28.9703, 12.1442, 203.7354, 225.7354, -28.9703, 187.9293, 54.7091, 99.9461, 16.9150, 0.995609, -0.083920, 0.041479, 0.028970, 0.087636, 0.991336, -0.097843, 0.012144, -0.032909, 0.101048, 0.994337, 0.203735, 0.000000, 0.000000, 0.000000, 1.000000, -0.032909, 0.101048, 0.994337, 0.225735, -0.995609, 0.083920, -0.041479, -0.028970, -0.087636, -0.991336, 0.097843, 0.187929, 0.000000, 0.000000, 0.000000, 1.000000, 0.999755, 0.003147, 0.021904, 0.054709, 0.021667, 0.061984, -0.997842, 0.099946, -0.004498, 0.998072, 0.061901, 0.016915, 0.000000, 0.000000, 0.000000, 1.000000
6.4125, 28.9343, 11.9695, 204.0845, 226.0845, -28.9343, 188.1040, 54.6991, 99.8146, 17.0448, 0.995734, -0.084039, 0.038096, 0.028934, 0.087302, 0.991722, -0.094156, 0.011969, -0.029868, 0.097080, 0.994828, 0.204084, 0.000000, 0.000000, 0.000000, 1.000000, -0.029868, 0.097080, 0.994828, 0.226084, -0.995734, 0.084039, -0.038096, -0.028934, -0.087302, -0.991722, 0.094156, 0.188104, 0.000000, 0.000000, 0.000000, 1.000000, 0.999819, 0.002701, 0.018824, 0.054699, 0.018613, 0.063767, -0.997791, 0.099815, -0.003896, 0.997961, 0.063705, 0.017045, 0.000000, 0.000000, 0.000000, 1.000000
6.5259, 28.8789, 11.7909, 204.4743, 226.4743, -28.8789, 188.2825, 54.6643, 99.6143, 17.1498, 0.995729, -0.083444, 0.039519, 0.028879, 0.086764, 0.992020, -0.091480, 0.011791, -0.031570, 0.094518, 0.995022, 0.204474, 0.000000, 0.000000, 0.000000, 1.000000, -0.031570, 0.094518, 0.995022, 0.226474, -0.995729, 0.083444, -0.039519, -0.028879, -0.086764, -0.992020, 0.091480, 0.188283, 0.000000, 0.000000, 0.000000, 1.000000, 0.999787, 0.002991, 0.020438, 0.054664, 0.020203, 0.064386, -0.997721, 0.099614, -0.004300, 0.997921, 0.064312, 0.017150, 0.000000, 0.000000, 0.000000, 1.000000
6.6696, 28.8300, 11.6306, 204.8563, 226.8563, -28.8300, 188.4428, 54.6484, 99.4810, 17.3266, 0.995724, -0.083231, 0.040081, 0.028830, 0.086561, 0.992162, -0.090121, 0.011631, -0.032266, 0.093206, 0.995124, 0.204856, 0.000000, 0.000000, 0.000000, 1.000000, -0.032266, 0.093206, 0.995124, 0.226856, -0.995724, 0.083231, -0.040081, -0.028830, -0.086561, -0.992162, 0.090121, 0.188443, 0.000000, 0.000000, 0.000000, 1.000000, 0.999774, 0.002778, 0.021071, 0.054648, 0.020853, 0.063238, -0.997781, 0.099481, -0.004104, 0.997995, 0.063165, 0.017327, 0.000000, 0.000000, 0.000000, 1.000000
6.8225, 28.7886, 11.4569, 205.2973, 227.2973, -28.7886, 188.6166, 54.6414, 99.3040, 17.5146, 0.995748, -0.082663, 0.040650, 0.028789, 0.085972, 0.992418, -0.087835, 0.011457, -0.033081, 0.090957, 0.995305, 0.205297, 0.000000, 0.000000, 0.000000, 1.000000, -0.033081, 0.090957, 0.995305, 0.227297, -0.995748, 0.082663, -0.040650, -0.028789, -0.085972, -0.992418, 0.087835, 0.188617, 0.000000, 0.000000, 0.000000, 1.000000, 0.999758, 0.002909, 0.021787, 0.054641, 0.021561, 0.062865, -0.997789, 0.099304, -0.004272, 0.998018, 0.062787, 0.017515, 0.000000, 0.000000, 0.000000, 1.000000
6.9431, 28.7491, 11.2843, 205.6275, 227.6275, -28.7491, 188.7891, 54.6262, 99.1766, 17.6247, 0.995886, -0.082519, 0.037431, 0.028749, 0.085473, 0.992646, -0.085717, 0.011284, -0.030083, 0.088564, 0.995616, 0.205628, 0.000000, 0.000000, 0.000000, 1.000000, -0.030083, 0.088564, 0.995616, 0.227628, -0.995886, 0.082519, -0.037431, -0.028749, -0.085473, -0.992646, 0.085717, 0.188789, 0.000000, 0.000000, 0.000000, 1.000000, 0.999821, 0.002718, 0.018723, 0.054626, 0.018514, 0.063194, -0.997830, 0.099177, -0.003896, 0.997998, 0.063133, 0.017625, 0.000000, 0.000000, 0.000000, 1.000000
7.0684, 28.7072, 11.1244, 206.0408, 228.0408, -28.7072, 188.9490, 54.6104, 98.9775, 17.7674, 0.995885, -0.081852, 0.038892, 0.028707, 0.084875, 0.992864, -0.083773, 0.011124, -0.031758, 0.086729, 0.995726, 0.206041, 0.000000, 0.000000, 0.000000, 1.000000, -0.031758, 0.086729, 0.995726, 0.228041, -0.995885, 0.081852, -0.038892, -0.028707, -0.084875, -0.992864, 0.083773, 0.188949, 0.000000, 0.000000, 0.000000, 1.000000, 0.999789, 0.003028, 0.020306, 0.054610, 0.020076, 0.062879, -0.997819, 0.098978, -0.004299, 0.998017, 0.062805, 0.017767, 0.000000, 0.000000, 0.000000, 1.000000
7.2068, 28.6613, 10.9412, 206.4406, 228.4406, -28.6613, 189.1323, 54.5933, 98.8127, 17.9087, 0.995888, -0.081796, 0.038952, 0.028661, 0.084695, 0.993212, -0.079725, 0.010941, -0.032167, 0.082697, 0.996056, 0.206441, 0.000000, 0.000000, 0.000000, 1.000000, -0.032167, 0.082697, 0.996056, 0.228441, -0.995888, 0.081796, -0.038952, -0.028661, -0.084695, -0.993212, 0.079725, 0.189132, 0.000000, 0.000000, 0.000000, 1.000000, 0.999783, 0.002723, 0.020667, 0.054593, 0.020448, 0.064545, -0.997705, 0.098813, -0.004051, 0.997911, 0.064476, 0.017909, 0.000000, 0.000000, 0.000000, 1.000000
7.3397, 28.6269, 10.7942, 206.8033, 228.8033, -28.6269, 189.2792, 54.5900, 98.6790, 18.0678, 0.995924, -0.081659, 0.038306, 0.028627, 0.084483, 0.993283, -0.079063, 0.010794, -0.031593, 0.081977, 0.996133, 0.206803, 0.000000, 0.000000, 0.000000, 1.000000, -0.031593, 0.081977, 0.996133, 0.228803, -0.995924, 0.081659, -0.038306, -0.028627, -0.084483, -0.993283, 0.079063, 0.189279, 0.000000, 0.000000, 0.000000, 1.000000, 0.999796, 0.002456, 0.020029, 0.054590, 0.019835, 0.062987, -0.997817, 0.098679, -0.003713, 0.998011, 0.062926, 0.018068, 0.000000, 0.000000, 0.000000, 1.000000
7.4870, 28.5952, 10.6205, 207.2148, 229.2148, -28.5952, 189.4529, 54.5901, 98.5201, 18.2327, 0.996076, -0.081579, 0.034304, 0.028595, 0.083950, 0.993677, -0.074551, 0.010621, -0.028006, 0.077139, 0.996627, 0.207215, 0.000000, 0.000000, 0.000000, 1.000000, -0.028006, 0.077139, 0.996627, 0.229215, -0.996076, 0.081579, -0.034304, -0.028595, -0.083950, -0.993677, 0.074551, 0.189453, 0.000000, 0.000000, 0.000000, 1.000000, 0.999863, 0.002160, 0.016382, 0.054590, 0.016206, 0.065308, -0.997734, 0.098520, -0.003225, 0.997863, 0.065264, 0.018233, 0.000000, 0.000000, 0.000000, 1.000000
7.6072, 28.5251, 10.4856, 207.5336, 229.5336, -28.5251, 189.5878, 54.5482, 98.4086, 18.3742, 0.996027, -0.080810, 0.037419, 0.028525, 0.083440, 0.993681, -0.075067, 0.010486, -0.031117, 0.077891, 0.996476, 0.207534, 0.000000, 0.000000, 0.000000, 1.000000, -0.031117, 0.077891, 0.996476, 0.229534, -0.996027, 0.080810, -0.037419, -0.028525, -0.083440, -0.993681, 0.075067, 0.189588, 0.000000, 0.000000, 0.000000, 1.000000, 0.999809, 0.002540, 0.019398, 0.054548, 0.019201, 0.062486, -0.997861, 0.098409, -0.003747, 0.998043, 0.062426, 0.018374, 0.000000, 0.000000, 0.000000, 1.000000
7.7592, 28.4851, 10.2898, 207.9305, 229.9305, -28.4851, 189.7836, 54.5407, 98.2695, 18.5222, 0.996128, -0.080705, 0.034855, 0.028485, 0.083019, 0.994013, -0.071036, 0.010290, -0.028914, 0.073655, 0.996865, 0.207931, 0.000000, 0.000000, 0.000000, 1.000000, -0.028914, 0.073655, 0.996865, 0.229931, -0.996128, 0.080705, -0.034855, -0.028485, -0.083019, -0.994013, 0.071036, 0.189784, 0.000000, 0.000000, 0.000000, 1.000000, 0.999851, 0.002244, 0.017131, 0.054541, 0.016952, 0.064120, -0.997798, 0.098270, -0.003337, 0.997940, 0.064073, 0.018522, 0.000000, 0.000000, 0.000000, 1.000000
7.8715, 28.4354, 10.1549, 208.3145, 230.3145, -28.4354, 189.9185, 54.5141, 98.0791, 18.6540, 0.996133, -0.080464, 0.035276, 0.028435, 0.082771, 0.994126, -0.069726, 0.010155, -0.029459, 0.072376, 0.996942, 0.208314, 0.000000, 0.000000, 0.000000, 1.000000, -0.029459, 0.072376, 0.996942, 0.230314, -0.996133, 0.080464, -0.035276, -0.028435, -0.082771, -0.994126, 0.069726, 0.189919, 0.000000, 0.000000, 0.000000, 1.000000, 0.999842, 0.002154, 0.017631, 0.054514, 0.017459, 0.063473, -0.997831, 0.098079, -0.003269, 0.997981, 0.063426, 0.018654, 0.000000, 0.000000, 0.000000, 1.000000
8.0227, 28.3987, 9.9724, 208.7321, 230.7321, -28.3987, 190.1011, 54.5104, 97.9195, 18.8132, 0.996171, -0.080321, 0.034522, 0.028399, 0.082472, 0.994391, -0.066213, 0.009972, -0.029010, 0.068806, 0.997208, 0.208732, 0.000000, 0.000000, 0.000000, 1.000000, -0.029010, 0.068806, 0.997208, 0.230732, -0.996171, 0.080321, -0.034522, -0.028399, -0.082472, -0.994391, 0.066213, 0.190101, 0.000000, 0.000000, 0.000000, 1.000000, 0.999852, 0.001884, 0.017122, 0.054510, 0.016965, 0.064453, -0.997777, 0.097919, -0.002984, 0.997919, 0.064412, 0.018813, 0.000000, 0.000000, 0.000000, 1.000000
8.1286, 28.3514, 9.8172, 209.0717, 231.0717, -28.3514, 190.2563, 54.4835, 97.7579, 18.9046, 0.996208, -0.079411, 0.035536, 0.028351, 0.081578, 0.994585, -0.064381, 0.009817, -0.030231, 0.067035, 0.997293, 0.209072, 0.000000, 0.000000, 0.000000, 1.000000, -0.030231, 0.067035, 0.997293, 0.231072, -0.996208, 0.079411, -0.035536, -0.028351, -0.081578, -0.994585, 0.064381, 0.190256, 0.000000, 0.000000, 0.000000, 1.000000, 0.999830, 0.002495, 0.018250, 0.054483, 0.018051, 0.064399, -0.997761, 0.097758, -0.003665, 0.997921, 0.064343, 0.018905, 0.000000, 0.000000, 0.000000, 1.000000
8.2962, 28.2996, 9.6690, 209.5220, 231.5220, -28.2996, 190.4045, 54.4737, 97.6004, 19.1307, 0.996253, -0.079127, 0.034906, 0.028300, 0.081217, 0.994693, -0.063171, 0.009669, -0.029722, 0.065770, 0.997392, 0.209522, 0.000000, 0.000000, 0.000000, 1.000000, -0.029722, 0.065770, 0.997392, 0.231522, -0.996253, 0.079127, -0.034906, -0.028300, -0.081217, -0.994693, 0.063171, 0.190404, 0.000000, 0.000000, 0.000000, 1.000000, 0.999841, 0.002274, 0.017661, 0.054474, 0.017483, 0.062789, -0.997874, 0.097600, -0.003378, 0.998024, 0.062740, 0.019131, 0.000000, 0.000000, 0.000000, 1.000000
8.4179, 28.2796, 9.4897, 209.8531, 231.8531, -28.2796, 190.5837, 54.4767, 97.4729, 19.2220, 0.996404, -0.079652, 0.028895, 0.028280, 0.081218, 0.995018, -0.057818, 0.009490, -0.024145, 0.059956, 0.997909, 0.209853, 0.000000, 0.000000, 0.000000, 1.000000, -0.024145, 0.059956, 0.997909, 0.231853, -0.996404, 0.079652, -0.028895, -0.028280, -0.081218, -0.995018, 0.057818, 0.190584, 0.000000, 0.000000, 0.000000, 1.000000, 0.999926, 0.001464, 0.012073, 0.054477, 0.011949, 0.066523, -0.997713, 0.097473, -0.002263, 0.997784, 0.066500, 0.019222, 0.000000, 0.000000, 0.000000, 1.000000
8.5298, 28.2268, 9.3543, 210.2256, 232.2256, -28.2268, 190.7191, 54.4476, 97.2922, 19.3452, 0.996467, -0.078738, 0.029226, 0.028227, 0.080321, 0.995102, -0.057629, 0.009354, -0.024545, 0.059773, 0.997910, 0.210226, 0.000000, 0.000000, 0.000000, 1.000000, -0.024545, 0.059773, 0.997910, 0.232226, -0.996467, 0.078738, -0.029226, -0.028227, -0.080321, -0.995102, 0.057629, 0.190719, 0.000000, 0.000000, 0.000000, 1.000000, 0.999921, 0.002031, 0.012382, 0.054448, 0.012225, 0.064780, -0.997825, 0.097292, -0.002829, 0.997898, 0.064750, 0.019345, 0.000000, 0.000000, 0.000000, 1.000000
8.6755, 28.1675, 9.1816, 210.6650, 232.6650, -28.1675, 190.8918, 54.4199, 97.1023, 19.5012, 0.996450, -0.078258, 0.031045, 0.028168, 0.079872, 0.995304, -0.054685, 0.009182, -0.026619, 0.056971, 0.998021, 0.210665, 0.000000, 0.000000, 0.000000, 1.000000, -0.026619, 0.056971, 0.998021, 0.232665, -0.996450, 0.078258, -0.031045, -0.028168, -0.079872, -0.995304, 0.054685, 0.190892, 0.000000, 0.000000, 0.000000, 1.000000, 0.999894, 0.002101, 0.014387, 0.054420, 0.014220, 0.065079, -0.997779, 0.097102, -0.003033, 0.997878, 0.065042, 0.019501, 0.000000, 0.000000, 0.000000, 1.000000
8.8251, 28.1239, 9.0404, 211.0284, 233.0284, -28.1239, 191.0330, 54.4127, 96.9982, 19.6837, 0.996450, -0.078131, 0.031341, 0.028124, 0.079707, 0.995426, -0.052670, 0.009040, -0.027082, 0.054981, 0.998120, 0.211028, 0.000000, 0.000000, 0.000000, 1.000000, -0.027082, 0.054981, 0.998120, 0.233028, -0.996450, 0.078131, -0.031341, -0.028124, -0.079707, -0.995426, 0.052670, 0.191033, 0.000000, 0.000000, 0.000000, 1.000000, 0.999889, 0.001791, 0.014797, 0.054413, 0.014650, 0.064503, -0.997810, 0.096998, -0.002741, 0.997916, 0.064470, 0.019684, 0.000000, 0.000000, 0.000000, 1.000000
8.9541, 28.0867, 8.8703, 211.4318, 233.4318, -28.0867, 191.2032, 54.4017, 96.8132, 19.8026, 0.996535, -0.078178, 0.028407, 0.028087, 0.079479, 0.995680, -0.048002, 0.008870, -0.024532, 0.050093, 0.998443, 0.211432, 0.000000, 0.000000, 0.000000, 1.000000, -0.024532, 0.050093, 0.998443, 0.233432, -0.996535, 0.078178, -0.028407, -0.028087, -0.079479, -0.995680, 0.048002, 0.191203, 0.000000, 0.000000, 0.000000, 1.000000, 0.999925, 0.001419, 0.012203, 0.054402, 0.012080, 0.067178, -0.997668, 0.096813, -0.002235, 0.997740, 0.067156, 0.019803, 0.000000, 0.000000, 0.000000, 1.000000
9.0740, 28.0418, 8.7280, 211.7723, 233.7723, -28.0418, 191.3455, 54.3830, 96.6778, 19.9246, 0.996575, -0.077515, 0.028808, 0.028042, 0.078864, 0.995675, -0.049114, 0.008728, -0.024876, 0.051218, 0.998378, 0.211772, 0.000000, 0.000000, 0.000000, 1.000000, -0.024876, 0.051218, 0.998378, 0.233772, -0.996575, 0.077515, -0.028808, -0.028042, -0.078864, -0.995675, 0.049114, 0.191346, 0.000000, 0.000000, 0.000000, 1.000000, 0.999921, 0.001687, 0.012476, 0.054383, 0.012342, 0.063991, -0.997874, 0.096678, -0.002482, 0.997949, 0.063965, 0.019925, 0.000000, 0.000000, 0.000000, 1.000000
9.2162, 28.0006, 8.5735, 212.2178, 234.2178, -28.0006, 191.4999, 54.3734, 96.4767, 20.0857, 0.996648, -0.077352, 0.026642, 0.028001, 0.078508, 0.995875, -0.045497, 0.008574, -0.023013, 0.047436, 0.998609, 0.212218, 0.000000, 0.000000, 0.000000, 1.000000, -0.023013, 0.047436, 0.998609, 0.234218, -0.996648, 0.077352, -0.026642, -0.028001, -0.078508, -0.995875, 0.045497, 0.191500, 0.000000, 0.000000, 0.000000, 1.000000, 0.999943, 0.001464, 0.010557, 0.054373, 0.010439, 0.065332, -0.997809, 0.096477, -0.002151, 0.997863, 0.065313, 0.020086, 0.000000, 0.000000, 0.000000, 1.000000
9.3294, 27.9534, 8.4106, 212.5719, 234.5719, -27.9534, 191.6628, 54.3482, 96.3130, 20.1741, 0.996722, -0.077103, 0.024496, 0.027953, 0.078091, 0.996046, -0.042368, 0.008411, -0.021132, 0.044142, 0.998802, 0.212572, 0.000000, 0.000000, 0.000000, 1.000000, -0.021132, 0.044142, 0.998802, 0.234572, -0.996722, 0.077103, -0.024496, -0.027953, -0.078091, -0.996046, 0.042368, 0.191663, 0.000000, 0.000000, 0.000000, 1.000000, 0.999962, 0.001411, 0.008627, 0.054348, 0.008514, 0.066681, -0.997738, 0.096313, -0.001983, 0.997773, 0.066666, 0.020174, 0.000000, 0.000000, 0.000000, 1.000000
9.4720, 27.9146, 8.2861, 212.9736, 234.9736, -27.9146, 191.7873, 54.3440, 96.1593, 20.3578, 0.996740, -0.076698, 0.025052, 0.027915, 0.077678, 0.996142, -0.040838, 0.008286, -0.021823, 0.042651, 0.998852, 0.212974, 0.000000, 0.000000, 0.000000, 1.000000, -0.021823, 0.042651, 0.998852, 0.234974, -0.996740, 0.076698, -0.025052, -0.027915, -0.077678, -0.996142, 0.040838, 0.191787, 0.000000, 0.000000, 0.000000, 1.000000, 0.999956, 0.001392, 0.009256, 0.054344, 0.009145, 0.065722, -0.997796, 0.096159, -0.001997, 0.997837, 0.065707, 0.020358, 0.000000, 0.000000, 0.000000, 1.000000
9.6021, 27.8866, 8.1265, 213.3679, 235.3679, -27.8866, 191.9470, 54.3435, 95.9849, 20.4808, 0.996849, -0.076309, 0.021648, 0.027887, 0.077104, 0.996274, -0.038652, 0.008126, -0.018618, 0.040200, 0.999018, 0.213368, 0.000000, 0.000000, 0.000000, 1.000000, -0.018618, 0.040200, 0.999018, 0.235368, -0.996849, 0.076309, -0.021648, -0.027887, -0.077104, -0.996274, 0.038652, 0.191947, 0.000000, 0.000000, 0.000000, 1.000000, 0.999981, 0.001411, 0.005987, 0.054344, 0.005881, 0.065938, -0.997806, 0.095985, -0.001803, 0.997823, 0.065928, 0.020481, 0.000000, 0.000000, 0.000000, 1.000000
9.7471, 27.8477, 7.9577, 213.7248, 235.7248, -27.8477, 192.1158, 54.3370, 95.8752, 20.6175, 0.996880, -0.076377, 0.019905, 0.027848, 0.077023, 0.996451, -0.033967, 0.007958, -0.017240, 0.035394, 0.999225, 0.213725, 0.000000, 0.000000, 0.000000, 1.000000, -0.017240, 0.035394, 0.999225, 0.235725, -0.996880, 0.076377, -0.019905, -0.027848, -0.077023, -0.996451, 0.033967, 0.192116, 0.000000, 0.000000, 0.000000, 1.000000, 0.999989, 0.000961, 0.004564, 0.054337, 0.004488, 0.068252, -0.997658, 0.095875, -0.001270, 0.997668, 0.068247, 0.020617, 0.000000, 0.000000, 0.000000, 1.000000
9.8921, 27.7733, 7.8106, 214.1748, 236.1748, -27.7733, 192.2628, 54.2958, 95.6757, 20.7866, 0.996877, -0.075790, 0.022162, 0.027773, 0.076480, 0.996553, -0.032127, 0.007811, -0.019650, 0.033722, 0.999238, 0.214175, 0.000000, 0.000000, 0.000000, 1.000000, -0.019650, 0.033722, 0.999238, 0.236175, -0.996877, 0.075790, -0.022162, -0.027773, -0.076480, -0.996553, 0.032127, 0.192263, 0.000000, 0.000000, 0.000000, 1.000000, 0.999976, 0.001119, 0.006910, 0.054296, 0.006818, 0.067431, -0.997701, 0.095676, -0.001582, 0.997723, 0.067421, 0.020787, 0.000000, 0.000000, 0.000000, 1.000000
9.9967, 27.7164, 7.6836, 214.5365, 236.5365, -27.7164, 192.3899, 54.2606, 95.4928, 20.8906, 0.996819, -0.075136, 0.026571, 0.027716, 0.075997, 0.996560, -0.033043, 0.007684, -0.023997, 0.034957, 0.999101, 0.214536, 0.000000, 0.000000, 0.000000, 1.000000, -0.023997, 0.034957, 0.999101, 0.236536, -0.996819, 0.075136, -0.026571, -0.027716, -0.075997, -0.996560, 0.033043, 0.192390, 0.000000, 0.000000, 0.000000, 1.000000, 0.999936, 0.001427, 0.011202, 0.054261, 0.011087, 0.064398, -0.997863, 0.095493, -0.002145, 0.997923, 0.064378, 0.020891, 0.000000, 0.000000, 0.000000, 1.000000
10.1336, 27.6621, 7.5404, 214.8798, 236.8798, -27.6621, 192.5331, 54.2380, 95.3846, 21.0340, 0.996933, -0.074647, 0.023493, 0.027662, 0.075373, 0.996651, -0.031720, 0.007540, -0.021046, 0.033393, 0.999221, 0.214880, 0.000000, 0.000000, 0.000000, 1.000000, -0.021046, 0.033393, 0.999221, 0.236880, -0.996933, 0.074647, -0.023493, -0.027662, -0.075373, -0.996651, 0.031720, 0.192533, 0.000000, 0.000000, 0.000000, 1.000000, 0.999965, 0.001510, 0.008191, 0.054238, 0.008078, 0.063608, -0.997942, 0.095385, -0.002028, 0.997974, 0.063594, 0.021034, 0.000000, 0.000000, 0.000000, 1.000000
10.2775, 27.6338, 7.4006, 215.3112, 237.3112, -27.6338, 192.6729, 54.2429, 95.2010, 21.1987, 0.996964, -0.074595, 0.022320, 0.027634, 0.075220, 0.996756, -0.028626, 0.007401, -0.020112, 0.030218, 0.999341, 0.215311, 0.000000, 0.000000, 0.000000, 1.000000, -0.020112, 0.030218, 0.999341, 0.237311, -0.996964, 0.074595, -0.022320, -0.027634, -0.075220, -0.996756, 0.028626, 0.192673, 0.000000, 0.000000, 0.000000, 1.000000, 0.999973, 0.001157, 0.007211, 0.054243, 0.007122, 0.064312, -0.997904, 0.095201, -0.001619, 0.997929, 0.064302, 0.021199, 0.000000, 0.000000, 0.000000, 1.000000
10.4133, 27.5808, 7.2504, 215.6832, 237.6832, -27.5808, 192.8230, 54.2204, 95.0615, 21.3333, 0.997047, -0.074144, 0.019992, 0.027581, 0.074688, 0.996814, -0.028004, 0.007250, -0.017851, 0.029415, 0.999408, 0.215683, 0.000000, 0.000000, 0.000000, 1.000000, -0.017851, 0.029415, 0.999408, 0.237683, -0.997047, 0.074144, -0.019992, -0.027581, -0.074688, -0.996814, 0.028004, 0.192823, 0.000000, 0.000000, 0.000000, 1.000000, 0.999987, 0.001194, 0.004893, 0.054220, 0.004809, 0.062782, -0.998016, 0.095061, -0.001499, 0.998027, 0.062776, 0.021333, 0.000000, 0.000000, 0.000000, 1.000000
10.5337, 27.5425, 7.1071, 216.0582, 238.0582, -27.5425, 192.9663, 54.2084, 94.8911, 21.4449, 0.997103, -0.073576, 0.019297, 0.027543, 0.074028, 0.996970, -0.023897, 0.007107, -0.017480, 0.025256, 0.999528, 0.216058, 0.000000, 0.000000, 0.000000, 1.000000, -0.017480, 0.025256, 0.999528, 0.238058, -0.997103, 0.073576, -0.019297, -0.027543, -0.074028, -0.996970, 0.023897, 0.192966, 0.000000, 0.000000, 0.000000, 1.000000, 0.999989, 0.001448, 0.004464, 0.054208, 0.004361, 0.064864, -0.997885, 0.094891, -0.001734, 0.997893, 0.064857, 0.021445, 0.000000, 0.000000, 0.000000, 1.000000
10.6754, 27.5057, 6.9904, 216.4196, 238.4196, -27.5057, 193.0831, 54.2059, 94.7756, 21.6188, 0.997163, -0.073171, 0.017660, 0.027506, 0.073636, 0.996912, -0.027299, 0.006990, -0.015608, 0.028522, 0.999471, 0.216420, 0.000000, 0.000000, 0.000000, 1.000000, -0.015608, 0.028522, 0.999471, 0.238420, -0.997163, 0.073171, -0.017660, -0.027506, -0.073636, -0.996912, 0.027299, 0.193083, 0.000000, 0.000000, 0.000000, 1.000000, 0.999996, 0.001358, 0.002541, 0.054206, 0.002456, 0.059170, -0.998245, 0.094776, -0.001506, 0.998247, 0.059167, 0.021619, 0.000000, 0.000000, 0.000000, 1.000000
10.8290, 27.4659, 6.8276, 216.8075, 238.8075, -27.4659, 193.2459, 54.2021, 94.6500, 21.7694, 0.997200, -0.073146, 0.015529, 0.027466, 0.073439, 0.997115, -0.019200, 0.006828, -0.014080, 0.020286, 0.999695, 0.216808, 0.000000, 0.000000, 0.000000, 1.000000, -0.014080, 0.020286, 0.999695, 0.238808, -0.997200, 0.073146, -0.015529, -0.027466, -0.073439, -0.997115, 0.019200, 0.193246, 0.000000, 0.000000, 0.000000, 1.000000, 0.999999, 0.001022, 0.000963, 0.054202, 0.000895, 0.064760, -0.997900, 0.094650, -0.001082, 0.997900, 0.064759, 0.021769, 0.000000, 0.000000, 0.000000, 1.000000
10.9305, 27.3998, 6.7104, 217.2620, 239.2620, -27.3998, 193.3631, 54.1561, 94.3697, 21.8781, 0.997156, -0.072594, 0.020255, 0.027400, 0.073019, 0.997107, -0.021102, 0.006710, -0.018664, 0.022521, 0.999572, 0.217262, 0.000000, 0.000000, 0.000000, 1.000000, -0.018664, 0.022521, 0.999572, 0.239262, -0.997156, 0.072594, -0.020255, -0.027400, -0.073019, -0.997107, 0.021102, 0.193363, 0.000000, 0.000000, 0.000000, 1.000000, 0.999984, 0.001223, 0.005504, 0.054156, 0.005419, 0.060783, -0.998136, 0.094370, -0.001555, 0.998150, 0.060775, 0.021878, 0.000000, 0.000000, 0.000000, 1.000000
11.0777, 27.3464, 6.5438, 217.6811, 239.6811, -27.3464, 193.5297, 54.1351, 94.2020, 22.0142, 0.997180, -0.072256, 0.020272, 0.027346, 0.072525, 0.997284, -0.012858, 0.006544, -0.019288, 0.014292, 0.999712, 0.217681, 0.000000, 0.000000, 0.000000, 1.000000, -0.019288, 0.014292, 0.999712, 0.239681, -0.997180, 0.072256, -0.020272, -0.027346, -0.072525, -0.997284, 0.012858, 0.193530, 0.000000, 0.000000, 0.000000, 1.000000, 0.999981, 0.001218, 0.006082, 0.054135, 0.005987, 0.066470, -0.997770, 0.094202, -0.001619, 0.997788, 0.066461, 0.022014, 0.000000, 0.000000, 0.000000, 1.000000
11.2056, 27.3197, 6.4259, 217.9440, 239.9440, -27.3197, 193.6476, 54.1391, 94.1591, 22.1485, 0.997364, -0.071690, 0.011169, 0.027320, 0.071854, 0.997301, -0.015074, 0.006426, -0.010058, 0.015837, 0.999824, 0.217944, 0.000000, 0.000000, 0.000000, 1.000000, -0.010058, 0.015837, 0.999824, 0.239944, -0.997364, 0.071690, -0.011169, -0.027320, -0.071854, -0.997301, 0.015074, 0.193648, 0.000000, 0.000000, 0.000000, 1.000000, 0.999994, 0.001360, -0.003193, 0.054139, -0.003272, 0.062731, -0.998025, 0.094159, -0.001157, 0.998030, 0.062735, 0.022148, 0.000000, 0.000000, 0.000000, 1.000000
11.3568, 27.2655, 6.2964, 218.4018, 240.4018, -27.2655, 193.7771, 54.1207, 93.9624, 22.3289, 0.997353, -0.071444, 0.013528, 0.027266, 0.071620, 0.997348, -0.012961, 0.006296, -0.012566, 0.013895, 0.999824, 0.218402, 0.000000, 0.000000, 0.000000, 1.000000, -0.012566, 0.013895, 0.999824, 0.240402, -0.997353, 0.071444, -0.013528, -0.027266, -0.071620, -0.997348, 0.012961, 0.193777, 0.000000, 0.000000, 0.000000, 1.000000, 0.999999, 0.001158, -0.000733, 0.054121, -0.000804, 0.062075, -0.998071, 0.093962, -0.001110, 0.998071, 0.062076, 0.022329, 0.000000, 0.000000, 0.000000, 1.000000
11.4776, 27.2208, 6.1561, 218.7908, 240.7908, -27.2208, 193.9174, 54.1017, 93.7794, 22.4371, 0.997342, -0.071437, 0.014362, 0.027221, 0.071593, 0.997377, -0.010687, 0.006156, -0.013561, 0.011687, 0.999840, 0.218791, 0.000000, 0.000000, 0.000000, 1.000000, -0.013561, 0.011687, 0.999840, 0.240791, -0.997342, 0.071437, -0.014362, -0.027221, -0.071593, -0.997377, 0.010687, 0.193917, 0.000000, 0.000000, 0.000000, 1.000000, 1.000000, 0.000816, 0.000226, 0.054102, 0.000175, 0.062209, -0.998063, 0.093779, -0.000828, 0.998063, 0.062209, 0.022437, 0.000000, 0.000000, 0.000000, 1.000000
11.6209, 27.1705, 6.0252, 219.1383, 241.1383, -27.1705, 194.0483, 54.0859, 93.6783, 22.5906, 0.997435, -0.070450, 0.012694, 0.027170, 0.070578, 0.997456, -0.009972, 0.006025, -0.011959, 0.010842, 0.999870, 0.219138, 0.000000, 0.000000, 0.000000, 1.000000, -0.011959, 0.010842, 0.999870, 0.241138, -0.997435, 0.070450, -0.012694, -0.027170, -0.070578, -0.997456, 0.009972, 0.194048, 0.000000, 0.000000, 0.000000, 1.000000, 0.999998, 0.001366, -0.001430, 0.054086, -0.001510, 0.060585, -0.998162, 0.093678, -0.001277, 0.998162, 0.060587, 0.022591, 0.000000, 0.000000, 0.000000, 1.000000
11.7595, 27.1192, 5.8887, 219.5994, 241.5994, -27.1192, 194.1847, 54.0656, 93.4552, 22.7372, 0.997431, -0.070372, 0.013401, 0.027119, 0.070455, 0.997498, -0.005832, 0.005889, -0.012957, 0.006762, 0.999893, 0.219599, 0.000000, 0.000000, 0.000000, 1.000000, -0.012957, 0.006762, 0.999893, 0.241599, -0.997431, 0.070372, -0.013401, -0.027119, -0.070455, -0.997498, 0.005832, 0.194185, 0.000000, 0.000000, 0.000000, 1.000000, 0.999999, 0.001065, -0.000471, 0.054066, -0.000536, 0.062281, -0.998059, 0.093455, -0.001033, 0.998058, 0.062281, 0.022737, 0.000000, 0.000000, 0.000000, 1.000000
11.8938, 27.0982, 5.7504, 219.9254, 241.9254, -27.0982, 194.3231, 54.0757, 93.3583, 22.8613, 0.997517, -0.070023, 0.007455, 0.027098, 0.070071, 0.997522, -0.006338, 0.005750, -0.006993, 0.006844, 0.999952, 0.219925, 0.000000, 0.000000, 0.000000, 1.000000, -0.006993, 0.006844, 0.999952, 0.241925, -0.997517, 0.070023, -0.007455, -0.027098, -0.070071, -0.997522, 0.006338, 0.194323, 0.000000, 0.000000, 0.000000, 1.000000, 0.999979, 0.000990, -0.006479, 0.054076, -0.006527, 0.059893, -0.998183, 0.093358, -0.000600, 0.998204, 0.059898, 0.022861, 0.000000, 0.000000, 0.000000, 1.000000
12.0155, 27.0607, 5.6292, 220.3091, 242.3091, -27.0607, 194.4442, 54.0663, 93.1828, 22.9842, 0.997577, -0.069371, 0.005326, 0.027061, 0.069396, 0.997579, -0.004571, 0.005629, -0.004996, 0.004930, 0.999975, 0.220309, 0.000000, 0.000000, 0.000000, 1.000000, -0.004996, 0.004930, 0.999975, 0.242309, -0.997577, 0.069371, -0.005326, -0.027061, -0.069396, -0.997579, 0.004571, 0.194444, 0.000000, 0.000000, 0.000000, 1.000000, 0.999963, 0.001287, -0.008522, 0.054066, -0.008584, 0.059710, -0.998179, 0.093183, -0.000776, 0.998215, 0.059719, 0.022984, 0.000000, 0.000000, 0.000000, 1.000000
12.1658, 27.0031, 5.4990, 220.7791, 242.7791, -27.0031, 194.5745, 54.0431, 92.9720, 23.1542, 0.997588, -0.068987, 0.007690, 0.027003, 0.069007, 0.997613, -0.002448, 0.005499, -0.007503, 0.002972, 0.999967, 0.220779, 0.000000, 0.000000, 0.000000, 1.000000, -0.007503, 0.002972, 0.999967, 0.242779, -0.997588, 0.068987, -0.007690, -0.027003, -0.069007, -0.997613, 0.002448, 0.194574, 0.000000, 0.000000, 0.000000, 1.000000, 0.999981, 0.001226, -0.006052, 0.054043, -0.006114, 0.059083, -0.998234, 0.092972, -0.000866, 0.998252, 0.059090, 0.023154, 0.000000, 0.000000, 0.000000, 1.000000
12.3040, 26.9306, 5.3712, 221.1483, 243.1483, -26.9306, 194.7023, 54.0040, 92.8398, 23.2984, 0.997591, -0.068622, 0.010153, 0.026931, 0.068626, 0.997642, -0.000017, 0.005371, -0.010128, 0.000713, 0.999948, 0.221148, 0.000000, 0.000000, 0.000000, 1.000000, -0.010128, 0.000713, 0.999948, 0.243148, -0.997591, 0.068622, -0.010153, -0.026931, -0.068626, -0.997642, 0.000017, 0.194702, 0.000000, 0.000000, 0.000000, 1.000000, 0.999993, 0.001187, -0.003474, 0.054004, -0.003538, 0.058965, -0.998254, 0.092840, -0.000980, 0.998259, 0.058969, 0.023298, 0.000000, 0.000000, 0.000000, 1.000000
12.4141, 26.8806, 5.2554, 221.5021, 243.5021, -26.8806, 194.8180, 53.9781, 92.6744, 23.4014, 0.997626, -0.068417, 0.007883, 0.026881, 0.068420, 0.997657, -0.000085, 0.005255, -0.007859, 0.000624, 0.999969, 0.221502, 0.000000, 0.000000, 0.000000, 1.000000, -0.007859, 0.000624, 0.999969, 0.243502, -0.997626, 0.068417, -0.007883, -0.026881, -0.068420, -0.997657, 0.000085, 0.194818, 0.000000, 0.000000, 0.000000, 1.000000, 0.999983, 0.001047, -0.005776, 0.053978, -0.005826, 0.057165, -0.998348, 0.092674, -0.000715, 0.998364, 0.057170, 0.023401, 0.000000, 0.000000, 0.000000, 1.000000
12.5341, 26.8348, 5.1070, 221.8884, 243.8884, -26.8348, 194.9664, 53.9565, 92.4924, 23.4898, 0.997658, -0.067903, 0.008229, 0.026835, 0.067881, 0.997689, 0.003028, 0.005107, -0.008416, -0.002462, 0.999962, 0.221888, 0.000000, 0.000000, 0.000000, 1.000000, -0.008416, -0.002462, 0.999962, 0.243888, -0.997658, 0.067903, -0.008229, -0.026835, -0.067881, -0.997689, -0.003028, 0.194966, 0.000000, 0.000000, 0.000000, 1.000000, 0.999986, 0.001225, -0.005243, 0.053956, -0.005305, 0.058183, -0.998292, 0.092492, -0.000918, 0.998305, 0.058189, 0.023490, 0.000000, 0.000000, 0.000000, 1.000000
12.6712, 26.7937, 4.9956, 222.3107, 244.3107, -26.7937, 195.0778, 53.9487, 92.3056, 23.6455, 0.997698, -0.067574, 0.005694, 0.026794, 0.067560, 0.997712, 0.002607, 0.004996, -0.005857, -0.002217, 0.999980, 0.222311, 0.000000, 0.000000, 0.000000, 1.000000, -0.005857, -0.002217, 0.999980, 0.244311, -0.997698, 0.067574, -0.005694, -0.026794, -0.067560, -0.997712, -0.002607, 0.195078, 0.000000, 0.000000, 0.000000, 1.000000, 0.999969, 0.001120, -0.007849, 0.053949, -0.007899, 0.055584, -0.998423, 0.092306, -0.000682, 0.998453, 0.055591, 0.023646, 0.000000, 0.000000, 0.000000, 1.000000
12.8129, 26.7389, 4.8718, 222.7240, 244.7240, -26.7389, 195.2017, 53.9271, 92.1357, 23.7959, 0.997726, -0.067047, 0.006851, 0.026739, 0.067014, 0.997740, 0.004949, 0.004872, -0.007167, -0.004479, 0.999964, 0.222724, 0.000000, 0.000000, 0.000000, 1.000000, -0.007167, -0.004479, 0.999964, 0.244724, -0.997726, 0.067047, -0.006851, -0.026739, -0.067014, -0.997740, -0.004949, 0.195202, 0.000000, 0.000000, 0.000000, 1.000000, 0.999978, 0.001232, -0.006575, 0.053927, -0.006633, 0.055406, -0.998442, 0.092136, -0.000866, 0.998463, 0.055413, 0.023796, 0.000000, 0.000000, 0.000000, 1.000000
12.9593, 26.6917, 4.7746, 223.1099, 245.1099, -26.6917, 195.2988, 53.9163, 92.0025, 23.9776, 0.997767, -0.066441, 0.006762, 0.026692, 0.066419, 0.997786, 0.003470, 0.004775, -0.006978, -0.003013, 0.999971, 0.223110, 0.000000, 0.000000, 0.000000, 1.000000, -0.006978, -0.003013, 0.999971, 0.245110, -0.997767, 0.066441, -0.006762, -0.026692, -0.066419, -0.997786, -0.003470, 0.195299, 0.000000, 0.000000, 0.000000, 1.000000, 0.999976, 0.001357, -0.006798, 0.053916, -0.006859, 0.051426, -0.998653, 0.092003, -0.001006, 0.998676, 0.051434, 0.023978, 0.000000, 0.000000, 0.000000, 1.000000
13.0922, 26.6485, 4.6334, 223.4505, 245.4505, -26.6485, 195.4400, 53.9033, 91.8887, 24.0883, 0.997792, -0.066284, 0.004155, 0.026649, 0.066249, 0.997770, 0.008090, 0.004633, -0.004682, -0.007797, 0.999959, 0.223450, 0.000000, 0.000000, 0.000000, 1.000000, -0.004682, -0.007797, 0.999959, 0.245450, -0.997792, 0.066284, -0.004155, -0.026649, -0.066249, -0.997770, -0.008090, 0.195440, 0.000000, 0.000000, 0.000000, 1.000000, 0.999958, 0.001160, -0.009124, 0.053903, -0.009173, 0.053922, -0.998503, 0.091889, -0.000666, 0.998544, 0.053931, 0.024088, 0.000000, 0.000000, 0.000000, 1.000000
13.2067, 26.6143, 4.5218, 223.8567, 245.8567, -26.6143, 195.5517, 53.8942, 91.6771, 24.1975, 0.997836, -0.065737, 0.001065, 0.026614, 0.065726, 0.997804, 0.008259, 0.004522, -0.001606, -0.008171, 0.999965, 0.223857, 0.000000, 0.000000, 0.000000, 1.000000, -0.001606, -0.008171, 0.999965, 0.245857, -0.997836, 0.065737, -0.001065, -0.026614, -0.065726, -0.997804, -0.008259, 0.195552, 0.000000, 0.000000, 0.000000, 1.000000, 0.999924, 0.001353, -0.012231, 0.053894, -0.012285, 0.052326, -0.998554, 0.091677, -0.000711, 0.998629, 0.052339, 0.024197, 0.000000, 0.000000, 0.000000, 1.000000
13.3512, 26.5517, 4.3891, 224.2906, 246.2906, -26.5517, 195.6844, 53.8649, 91.4909, 24.3399, 0.997876, -0.065084, 0.002894, 0.026552, 0.065050, 0.997824, 0.010777, 0.004389, -0.003589, -0.010566, 0.999938, 0.224291, 0.000000, 0.000000, 0.000000, 1.000000, -0.003589, -0.010566, 0.999938, 0.246291, -0.997876, 0.065084, -0.002894, -0.026552, -0.065050, -0.997824, -0.010777, 0.195684, 0.000000, 0.000000, 0.000000, 1.000000, 0.999946, 0.001583, -0.010278, 0.053865, -0.010347, 0.052230, -0.998581, 0.091491, -0.001044, 0.998634, 0.052244, 0.024340, 0.000000, 0.000000, 0.000000, 1.000000
13.4965, 26.4932, 4.2803, 224.7673, 246.7673, -26.4932, 195.7931, 53.8416, 91.2635, 24.5071, 0.997902, -0.064469, 0.005909, 0.026493, 0.064404, 0.997867, 0.010683, 0.004280, -0.006585, -0.010280, 0.999925, 0.224767, 0.000000, 0.000000, 0.000000, 1.000000, -0.006585, -0.010280, 0.999925, 0.246767, -0.997902, 0.064469, -0.005909, -0.026493, -0.064404, -0.997867, -0.010683, 0.195793, 0.000000, 0.000000, 0.000000, 1.000000, 0.999972, 0.001738, -0.007324, 0.053842, -0.007401, 0.049447, -0.998749, 0.091264, -0.001373, 0.998775, 0.049459, 0.024507, 0.000000, 0.000000, 0.000000, 1.000000
13.6167, 26.4285, 4.1736, 225.2048, 247.2048, -26.4285, 195.8998, 53.8031, 91.0326, 24.6301, 0.997870, -0.064107, 0.012097, 0.026428, 0.063965, 0.997883, 0.011769, 0.004174, -0.012826, -0.010970, 0.999858, 0.225205, 0.000000, 0.000000, 0.000000, 1.000000, -0.012826, -0.010970, 0.999858, 0.247205, -0.997870, 0.064107, -0.012097, -0.026428, -0.063965, -0.997883, -0.011769, 0.195900, 0.000000, 0.000000, 0.000000, 1.000000, 0.999998, 0.001731, -0.001102, 0.053803, -0.001184, 0.048071, -0.998843, 0.091033, -0.001676, 0.998842, 0.048073, 0.024630, 0.000000, 0.000000, 0.000000, 1.000000
13.7624, 26.3967, 4.0518, 225.4734, 247.4734, -26.3967, 196.0216, 53.8085, 91.0126, 24.7727, 0.997933, -0.064189, 0.002942, 0.026397, 0.064140, 0.997834, 0.014576, 0.004052, -0.003871, -0.014357, 0.999889, 0.225473, 0.000000, 0.000000, 0.000000, 1.000000, -0.003871, -0.014357, 0.999889, 0.247473, -0.997933, 0.064189, -0.002942, -0.026397, -0.064140, -0.997834, -0.014576, 0.196022, 0.000000, 0.000000, 0.000000, 1.000000, 0.999948, 0.001234, -0.010099, 0.053809, -0.010148, 0.048957, -0.998749, 0.091013, -0.000738, 0.998800, 0.048967, 0.024773, 0.000000, 0.000000, 0.000000, 1.000000
13.8729, 26.3498, 3.9227, 225.9643, 247.9643, -26.3498, 196.1507, 53.7830, 90.7101, 24.8547, 0.997957, -0.063654, 0.005507, 0.026350, 0.063553, 0.997835, 0.016946, 0.003923, -0.006574, -0.016562, 0.999841, 0.225964, 0.000000, 0.000000, 0.000000, 1.000000, -0.006574, -0.016562, 0.999841, 0.247964, -0.997957, 0.063654, -0.005507, -0.026350, -0.063553, -0.997835, -0.016946, 0.196151, 0.000000, 0.000000, 0.000000, 1.000000, 0.999971, 0.001450, -0.007415, 0.053783, -0.007478, 0.049257, -0.998758, 0.090710, -0.001083, 0.998785, 0.049266, 0.024855, 0.000000, 0.000000, 0.000000, 1.000000
14.0181, 26.3146, 3.8281, 226.2664, 248.2664, -26.3146, 196.2454, 53.7855, 90.6572, 25.0228, 0.998019, -0.062858, -0.002505, 0.026315, 0.062888, 0.997909, 0.014946, 0.003828, 0.001560, -0.015074, 0.999885, 0.226266, 0.000000, 0.000000, 0.000000, 1.000000, 0.001560, -0.015074, 0.999885, 0.248266, -0.998019, 0.062858, 0.002505, -0.026315, -0.062888, -0.997909, -0.014946, 0.196245, 0.000000, 0.000000, 0.000000, 1.000000, 0.999877, 0.001770, -0.015578, 0.053785, -0.015642, 0.045270, -0.998852, 0.090657, -0.001063, 0.998973, 0.045292, 0.025023, 0.000000, 0.000000, 0.000000, 1.000000
14.1695, 26.2564, 3.6981, 226.7338, 248.7338, -26.2564, 196.3754, 53.7618, 90.4492, 25.1714, 0.998050, -0.062249, 0.004506, 0.026256, 0.062156, 0.997896, 0.018440, 0.003698, -0.005645, -0.018124, 0.999820, 0.226734, 0.000000, 0.000000, 0.000000, 1.000000, -0.005645, -0.018124, 0.999820, 0.248734, -0.998050, 0.062249, -0.004506, -0.026256, -0.062156, -0.997896, -0.018440, 0.196375, 0.000000, 0.000000, 0.000000, 1.000000, 0.999963, 0.001942, -0.008388, 0.053762, -0.008468, 0.045712, -0.998919, 0.090449, -0.001556, 0.998953, 0.045726, 0.025171, 0.000000, 0.000000, 0.000000, 1.000000
14.2871, 26.2183, 3.5942, 227.1789, 249.1789, -26.2183, 196.4793, 53.7496, 90.2051, 25.2843, 0.998053, -0.062349, 0.001748, 0.026218, 0.062303, 0.997863, 0.019707, 0.003594, -0.002973, -0.019559, 0.999804, 0.227179, 0.000000, 0.000000, 0.000000, 1.000000, -0.002973, -0.019559, 0.999804, 0.249179, -0.998053, 0.062349, -0.001748, -0.026218, -0.062303, -0.997863, -0.019707, 0.196479, 0.000000, 0.000000, 0.000000, 1.000000, 0.999937, 0.001489, -0.011089, 0.053750, -0.011145, 0.045132, -0.998919, 0.090205, -0.000987, 0.998980, 0.045146, 0.025284, 0.000000, 0.000000, 0.000000, 1.000000
14.4336, 26.1799, 3.5012, 227.5213, 249.5213, -26.1799, 196.5723, 53.7494, 90.1133, 25.4540, 0.998100, -0.061589, -0.001956, 0.026180, 0.061617, 0.997881, 0.020912, 0.003501, 0.000664, -0.020992, 0.999779, 0.227521, 0.000000, 0.000000, 0.000000, 1.000000, 0.000664, -0.020992, 0.999779, 0.249521, -0.998100, 0.061589, 0.001956, -0.026180, -0.061617, -0.997881, -0.020912, 0.196572, 0.000000, 0.000000, 0.000000, 1.000000, 0.999890, 0.001807, -0.014754, 0.053749, -0.014819, 0.044040, -0.998920, 0.090113, -0.001155, 0.999028, 0.044062, 0.025454, 0.000000, 0.000000, 0.000000, 1.000000
14.5505, 26.1168, 3.3686, 228.0128, 250.0128, -26.1168, 196.7049, 53.7096, 89.8213, 25.5368, 0.998114, -0.061352, 0.002210, 0.026117, 0.061284, 0.997845, 0.023436, 0.003369, -0.003643, -0.023257, 0.999723, 0.228013, 0.000000, 0.000000, 0.000000, 1.000000, -0.003643, -0.023257, 0.999723, 0.250013, -0.998114, 0.061352, -0.002210, -0.026117, -0.061284, -0.997845, -0.023436, 0.196705, 0.000000, 0.000000, 0.000000, 1.000000, 0.999944, 0.001704, -0.010466, 0.053710, -0.010532, 0.044295, -0.998963, 0.089821, -0.001239, 0.999017, 0.044310, 0.025537, 0.000000, 0.000000, 0.000000, 1.000000
14.6977, 26.0256, 3.2449, 228.4501, 250.4501, -26.0256, 196.8285, 53.6529, 89.6363, 25.6795, 0.998066, -0.061096, 0.011472, 0.026026, 0.060768, 0.997785, 0.027060, 0.003245, -0.013100, -0.026311, 0.999568, 0.228450, 0.000000, 0.000000, 0.000000, 1.000000, -0.013100, -0.026311, 0.999568, 0.250450, -0.998066, 0.061096, -0.011472, -0.026026, -0.060768, -0.997785, -0.027060, 0.196829, 0.000000, 0.000000, 0.000000, 1.000000, 0.999998, 0.001535, -0.001031, 0.053653, -0.001099, 0.044818, -0.998995, 0.089636, -0.001487, 0.998994, 0.044820, 0.025679, 0.000000, 0.000000, 0.000000, 1.000000
14.8177, 25.9766, 3.1708, 228.7721, 250.7721, -25.9766, 196.9026, 53.6335, 89.5202, 25.8190, 0.998153, -0.060537, 0.005093, 0.025977, 0.060403, 0.997903, 0.023271, 0.003171, -0.006491, -0.022920, 0.999716, 0.228772, 0.000000, 0.000000, 0.000000, 1.000000, -0.006491, -0.022920, 0.999716, 0.250772, -0.998153, 0.060537, -0.005093, -0.025977, -0.060403, -0.997903, -0.023271, 0.196903, 0.000000, 0.000000, 0.000000, 1.000000, 0.999969, 0.001673, -0.007657, 0.053633, -0.007717, 0.039365, -0.999195, 0.089520, -0.001370, 0.999224, 0.039376, 0.025819, 0.000000, 0.000000, 0.000000, 1.000000
14.9618, 25.9347, 3.0425, 229.2782, 251.2782, -25.9347, 197.0309, 53.6237, 89.2600, 25.9469, 0.998148, -0.060206, 0.008751, 0.025935, 0.059933, 0.997789, 0.028725, 0.003043, -0.010461, -0.028148, 0.999549, 0.229278, 0.000000, 0.000000, 0.000000, 1.000000, -0.010461, -0.028148, 0.999549, 0.251278, -0.998148, 0.060206, -0.008751, -0.025935, -0.059933, -0.997789, -0.028725, 0.197031, 0.000000, 0.000000, 0.000000, 1.000000, 0.999992, 0.001616, -0.003703, 0.053624, -0.003767, 0.042112, -0.999106, 0.089260, -0.001458, 0.999112, 0.042118, 0.025947, 0.000000, 0.000000, 0.000000, 1.000000
15.0985, 25.8917, 2.9542, 229.6725, 251.6725, -25.8917, 197.1193, 53.6142, 89.0982, 26.0985, 0.998218, -0.059459, 0.004993, 0.025892, 0.059310, 0.997902, 0.025947, 0.002954, -0.006525, -0.025605, 0.999651, 0.229672, 0.000000, 0.000000, 0.000000, 1.000000, -0.006525, -0.025605, 0.999651, 0.251672, -0.998218, 0.059459, -0.004993, -0.025892, -0.059310, -0.997902, -0.025947, 0.197119, 0.000000, 0.000000, 0.000000, 1.000000, 0.999969, 0.001902, -0.007669, 0.053614, -0.007734, 0.037215, -0.999277, 0.089098, -0.001615, 0.999305, 0.037229, 0.026098, 0.000000, 0.000000, 0.000000, 1.000000
15.2341, 25.8427, 2.8405, 230.1416, 252.1416, -25.8427, 197.2329, 53.5959, 88.8605, 26.2230, 0.998239, -0.058765, 0.008135, 0.025843, 0.058528, 0.997927, 0.026755, 0.002841, -0.009690, -0.026231, 0.999609, 0.230142, 0.000000, 0.000000, 0.000000, 1.000000, -0.009690, -0.026231, 0.999609, 0.252142, -0.998239, 0.058765, -0.008135, -0.025843, -0.058528, -0.997927, -0.026755, 0.197233, 0.000000, 0.000000, 0.000000, 1.000000, 0.999987, 0.002176, -0.004514, 0.053596, -0.004589, 0.035506, -0.999359, 0.088861, -0.002015, 0.999367, 0.035516, 0.026223, 0.000000, 0.000000, 0.000000, 1.000000
15.3562, 25.7817, 2.7518, 230.5146, 252.5146, -25.7817, 197.3217, 53.5641, 88.6964, 26.3480, 0.998240, -0.058591, 0.009111, 0.025782, 0.058318, 0.997911, 0.027779, 0.002752, -0.010720, -0.027199, 0.999573, 0.230515, 0.000000, 0.000000, 0.000000, 1.000000, -0.010720, -0.027199, 0.999573, 0.252515, -0.998240, 0.058591, -0.009111, -0.025782, -0.058318, -0.997911, -0.027779, 0.197322, 0.000000, 0.000000, 0.000000, 1.000000, 0.999992, 0.001977, -0.003505, 0.053564, -0.003571, 0.034375, -0.999403, 0.088696, -0.001855, 0.999407, 0.034382, 0.026348, 0.000000, 0.000000, 0.000000, 1.000000
15.4749, 25.7523, 2.6313, 230.9255, 252.9255, -25.7523, 197.4421, 53.5609, 88.4873, 26.4326, 0.998282, -0.058532, 0.002623, 0.025752, 0.058409, 0.997710, 0.034113, 0.002631, -0.004613, -0.033901, 0.999415, 0.230925, 0.000000, 0.000000, 0.000000, 1.000000, -0.004613, -0.033901, 0.999415, 0.252925, -0.998282, 0.058532, -0.002623, -0.025752, -0.058409, -0.997710, -0.034113, 0.197442, 0.000000, 0.000000, 0.000000, 1.000000, 0.999952, 0.001745, -0.009634, 0.053561, -0.009694, 0.039039, -0.999191, 0.088487, -0.001367, 0.999236, 0.039054, 0.026433, 0.000000, 0.000000, 0.000000, 1.000000
15.6276, 25.7090, 2.5325, 231.4213, 253.4213, -25.7090, 197.5409, 53.5544, 88.2519, 26.5960, 0.998323, -0.057744, 0.004168, 0.025709, 0.057576, 0.997796, 0.032975, 0.002533, -0.006063, -0.032679, 0.999447, 0.231421, 0.000000, 0.000000, 0.000000, 1.000000, -0.006063, -0.032679, 0.999447, 0.253421, -0.998323, 0.057744, -0.004168, -0.025709, -0.057576, -0.997796, -0.032975, 0.197541, 0.000000, 0.000000, 0.000000, 1.000000, 0.999964, 0.002037, -0.008194, 0.053554, -0.008261, 0.035187, -0.999347, 0.088252, -0.001748, 0.999379, 0.035203, 0.026596, 0.000000, 0.000000, 0.000000, 1.000000
15.7621, 25.6429, 2.4221, 231.7755, 253.7755, -25.6429, 197.6513, 53.5198, 88.1278, 26.7165, 0.998348, -0.057206, 0.005296, 0.025643, 0.056994, 0.997796, 0.033977, 0.002422, -0.007228, -0.033619, 0.999409, 0.231775, 0.000000, 0.000000, 0.000000, 1.000000, -0.007228, -0.033619, 0.999409, 0.253775, -0.998348, 0.057206, -0.005296, -0.025643, -0.056994, -0.997796, -0.033977, 0.197651, 0.000000, 0.000000, 0.000000, 1.000000, 0.999973, 0.002163, -0.007031, 0.053520, -0.007100, 0.033812, -0.999403, 0.088128, -0.001924, 0.999426, 0.033827, 0.026716, 0.000000, 0.000000, 0.000000, 1.000000
15.8768, 25.5655, 2.3055, 232.1800, 254.1800, -25.5655, 197.7680, 53.4671, 87.9195, 26.7970, 0.998324, -0.057393, 0.007391, 0.025566, 0.057059, 0.997591, 0.039440, 0.002305, -0.009637, -0.038952, 0.999195, 0.232180, 0.000000, 0.000000, 0.000000, 1.000000, -0.009637, -0.038952, 0.999195, 0.254180, -0.998324, 0.057393, -0.007391, -0.025566, -0.057059, -0.997591, -0.039440, 0.197768, 0.000000, 0.000000, 0.000000, 1.000000, 0.999988, 0.001678, -0.004641, 0.053467, -0.004701, 0.037181, -0.999297, 0.087919, -0.001504, 0.999307, 0.037188, 0.026797, 0.000000, 0.000000, 0.000000, 1.000000
16.0185, 25.5249, 2.2111, 232.6171, 254.6171, -25.5249, 197.8624, 53.4606, 87.7239, 26.9414, 0.998354, -0.056935, 0.006944, 0.025525, 0.056611, 0.997585, 0.040235, 0.002211, -0.009218, -0.039776, 0.999166, 0.232617, 0.000000, 0.000000, 0.000000, 1.000000, -0.009218, -0.039776, 0.999166, 0.254617, -0.998354, 0.056935, -0.006944, -0.025525, -0.056611, -0.997585, -0.040235, 0.197862, 0.000000, 0.000000, 0.000000, 1.000000, 0.999986, 0.001700, -0.005074, 0.053461, -0.005131, 0.035567, -0.999354, 0.087724, -0.001518, 0.999366, 0.035575, 0.026941, 0.000000, 0.000000, 0.000000, 1.000000
16.1787, 25.4809, 2.1108, 233.0607, 255.0607, -25.4809, 197.9626, 53.4563, 87.5530, 27.1094, 0.998406, -0.056181, 0.005349, 0.025481, 0.055921, 0.997621, 0.040310, 0.002111, -0.007601, -0.039947, 0.999173, 0.233061, 0.000000, 0.000000, 0.000000, 1.000000, -0.007601, -0.039947, 0.999173, 0.255061, -0.998406, 0.056181, -0.005349, -0.025481, -0.055921, -0.997621, -0.040310, 0.197963, 0.000000, 0.000000, 0.000000, 1.000000, 0.999976, 0.001951, -0.006697, 0.053456, -0.006758, 0.032979, -0.999433, 0.087553, -0.001729, 0.999454, 0.032992, 0.027109, 0.000000, 0.000000, 0.000000, 1.000000
16.3145, 25.4446, 2.0302, 233.3739, 255.3739, -25.4446, 198.0433, 53.4548, 87.4708, 27.2554, 0.998453, -0.055438, 0.004367, 0.025445, 0.055229, 0.997729, 0.038544, 0.002030, -0.006494, -0.038243, 0.999247, 0.233374, 0.000000, 0.000000, 0.000000, 1.000000, -0.006494, -0.038243, 0.999247, 0.255374, -0.998453, 0.055438, -0.004367, -0.025445, -0.055229, -0.997729, -0.038544, 0.198043, 0.000000, 0.000000, 0.000000, 1.000000, 0.999967, 0.002246, -0.007808, 0.053455, -0.007870, 0.028935, -0.999550, 0.087471, -0.002019, 0.999579, 0.028951, 0.027255, 0.000000, 0.000000, 0.000000, 1.000000
16.4342, 25.3880, 1.9266, 233.9112, 255.9112, -25.3880, 198.1469, 53.4233, 87.1379, 27.3493, 0.998438, -0.055454, 0.006872, 0.025388, 0.055120, 0.997607, 0.041749, 0.001927, -0.009170, -0.041305, 0.999105, 0.233911, 0.000000, 0.000000, 0.000000, 1.000000, -0.009170, -0.041305, 0.999105, 0.255911, -0.998438, 0.055454, -0.006872, -0.025388, -0.055120, -0.997607, -0.041749, 0.198147, 0.000000, 0.000000, 0.000000, 1.000000, 0.999985, 0.001889, -0.005148, 0.053423, -0.005203, 0.029943, -0.999538, 0.087138, -0.001734, 0.999550, 0.029952, 0.027349, 0.000000, 0.000000, 0.000000, 1.000000
16.5555, 25.3235, 1.8049, 234.3466, 256.3466, -25.3235, 198.2686, 53.3848, 86.9098, 27.4278, 0.998438, -0.055125, 0.009131, 0.025324, 0.054612, 0.997296, 0.049178, 0.001805, -0.011818, -0.048602, 0.998748, 0.234347, 0.000000, 0.000000, 0.000000, 1.000000, -0.011818, -0.048602, 0.998748, 0.256347, -0.998438, 0.055125, -0.009131, -0.025324, -0.054612, -0.997296, -0.049178, 0.198269, 0.000000, 0.000000, 0.000000, 1.000000, 0.999995, 0.001922, -0.002493, 0.053385, -0.002559, 0.035158, -0.999378, 0.086910, -0.001833, 0.999380, 0.035163, 0.027428, 0.000000, 0.000000, 0.000000, 1.000000
16.6882, 25.2820, 1.7230, 234.7343, 256.7343, -25.2820, 198.3505, 53.3759, 86.7478, 27.5629, 0.998488, -0.054702, 0.005372, 0.025282, 0.054364, 0.997256, 0.050252, 0.001723, -0.008106, -0.049884, 0.998722, 0.234734, 0.000000, 0.000000, 0.000000, 1.000000, -0.008106, -0.049884, 0.998722, 0.256734, -0.998488, 0.054702, -0.005372, -0.025282, -0.054364, -0.997256, -0.050252, 0.198350, 0.000000, 0.000000, 0.000000, 1.000000, 0.999979, 0.001941, -0.006215, 0.053376, -0.006278, 0.034158, -0.999397, 0.086748, -0.001728, 0.999415, 0.034170, 0.027563, 0.000000, 0.000000, 0.000000, 1.000000
16.8352, 25.2397, 1.6454, 235.2316, 257.2316, -25.2397, 198.4280, 53.3700, 86.4997, 27.7228, 0.998486, -0.054201, 0.009404, 0.025240, 0.053682, 0.997373, 0.048624, 0.001645, -0.012015, -0.048046, 0.998773, 0.235232, 0.000000, 0.000000, 0.000000, 1.000000, -0.012015, -0.048046, 0.998773, 0.257232, -0.998486, 0.054201, -0.009404, -0.025240, -0.053682, -0.997373, -0.048624, 0.198428, 0.000000, 0.000000, 0.000000, 1.000000, 0.999995, 0.001958, -0.002320, 0.053370, -0.002377, 0.029789, -0.999553, 0.086500, -0.001888, 0.999554, 0.029794, 0.027723, 0.000000, 0.000000, 0.000000, 1.000000
16.9477, 25.1615, 1.5548, 235.6931, 257.6931, -25.1615, 198.5186, 53.3157, 86.2308, 27.8135, 0.998488, -0.053835, 0.011108, 0.025161, 0.053257, 0.997474, 0.047011, 0.001555, -0.013611, -0.046348, 0.998833, 0.235693, 0.000000, 0.000000, 0.000000, 1.000000, -0.013611, -0.046348, 0.998833, 0.257693, -0.998488, 0.053835, -0.011108, -0.025161, -0.053257, -0.997474, -0.047011, 0.198519, 0.000000, 0.000000, 0.000000, 1.000000, 0.999998, 0.001949, -0.000724, 0.053316, -0.000775, 0.026155, -0.999658, 0.086231, -0.001929, 0.999656, 0.026157, 0.027814, 0.000000, 0.000000, 0.000000, 1.000000
17.0925, 25.1003, 1.4384, 236.1245, 258.1245, -25.1003, 198.6350, 53.2884, 86.0462, 27.9300, 0.998464, -0.053486, 0.014433, 0.025100, 0.052674, 0.997271, 0.051726, 0.001438, -0.017160, -0.050886, 0.998557, 0.236124, 0.000000, 0.000000, 0.000000, 1.000000, -0.017160, -0.050886, 0.998557, 0.258124, -0.998464, 0.053486, -0.014433, -0.025100, -0.052674, -0.997271, -0.051726, 0.198635, 0.000000, 0.000000, 0.000000, 1.000000, 0.999994, 0.001894, 0.002830, 0.053288, 0.002775, 0.028207, -0.999598, 0.086046, -0.001973, 0.999600, 0.028202, 0.027930, 0.000000, 0.000000, 0.000000, 1.000000
17.2444, 25.0049, 1.3409, 236.5068, 258.5068, -25.0049, 198.7325, 53.2309, 85.9224, 28.0784, 0.998416, -0.053286, 0.018038, 0.025005, 0.052164, 0.996964, 0.057799, 0.001341, -0.021063, -0.056766, 0.998165, 0.236507, 0.000000, 0.000000, 0.000000, 1.000000, -0.021063, -0.056766, 0.998165, 0.258507, -0.998416, 0.053286, -0.018038, -0.025005, -0.052164, -0.996964, -0.057799, 0.198733, 0.000000, 0.000000, 0.000000, 1.000000, 0.999976, 0.001682, 0.006734, 0.053231, 0.006678, 0.031485, -0.999482, 0.085922, -0.001893, 0.999503, 0.031473, 0.028078, 0.000000, 0.000000, 0.000000, 1.000000
17.3586, 24.9714, 1.2385, 236.9202, 258.9202, -24.9714, 198.8349, 53.2225, 85.7038, 28.1547, 0.998407, -0.053215, 0.018725, 0.024971, 0.051971, 0.996745, 0.061630, 0.001239, -0.021944, -0.060559, 0.997923, 0.236920, 0.000000, 0.000000, 0.000000, 1.000000, -0.021944, -0.060559, 0.997923, 0.258920, -0.998407, 0.053215, -0.018725, -0.024971, -0.051971, -0.996745, -0.061630, 0.198835, 0.000000, 0.000000, 0.000000, 1.000000, 0.999970, 0.001435, 0.007606, 0.053222, 0.007554, 0.033321, -0.999416, 0.085704, -0.001687, 0.999444, 0.033309, 0.028155, 0.000000, 0.000000, 0.000000, 1.000000
17.4933, 24.9370, 1.1730, 237.3651, 259.3651, -24.9370, 198.9004, 53.2212, 85.4870, 28.2990, 0.998513, -0.052657, 0.014141, 0.024937, 0.051727, 0.996880, 0.059628, 0.001173, -0.017237, -0.058808, 0.998121, 0.237365, 0.000000, 0.000000, 0.000000, 1.000000, -0.017237, -0.058808, 0.998121, 0.259365, -0.998513, 0.052657, -0.014141, -0.024937, -0.051727, -0.996880, -0.059628, 0.198900, 0.000000, 0.000000, 0.000000, 1.000000, 0.999995, 0.001548, 0.002890, 0.053221, 0.002844, 0.029249, -0.999568, 0.085487, -0.001632, 0.999571, 0.029244, 0.028299, 0.000000, 0.000000, 0.000000, 1.000000
17.6383, 24.8885, 1.0732, 237.8422, 259.8422, -24.8885, 199.0002, 53.2068, 85.2563, 28.4243, 0.998528, -0.052084, 0.015122, 0.024888, 0.051045, 0.996740, 0.062481, 0.001073, -0.018327, -0.061617, 0.997932, 0.237842, 0.000000, 0.000000, 0.000000, 1.000000, -0.018327, -0.061617, 0.997932, 0.259842, -0.998528, 0.052084, -0.015122, -0.024888, -0.051045, -0.996740, -0.062481, 0.199000, 0.000000, 0.000000, 0.000000, 1.000000, 0.999991, 0.001696, 0.003994, 0.053207, 0.003942, 0.029566, -0.999555, 0.085256, -0.001813, 0.999561, 0.029559, 0.028424, 0.000000, 0.000000, 0.000000, 1.000000
17.7497, 24.8461, 1.0114, 238.2701, 260.2701, -24.8461, 199.0621, 53.1899, 85.0178, 28.5322, 0.998571, -0.051325, 0.014874, 0.024846, 0.050411, 0.997135, 0.056390, 0.001011, -0.017726, -0.055559, 0.998298, 0.238270, 0.000000, 0.000000, 0.000000, 1.000000, -0.017726, -0.055559, 0.998298, 0.260270, -0.998571, 0.051325, -0.014874, -0.024846, -0.050411, -0.997135, -0.056390, 0.199062, 0.000000, 0.000000, 0.000000, 1.000000, 0.999992, 0.002035, 0.003406, 0.053190, 0.003361, 0.021577, -0.999762, 0.085018, -0.002108, 0.999765, 0.021570, 0.028532, 0.000000, 0.000000, 0.000000, 1.000000
17.8906, 24.7813, 0.8934, 238.6620, 260.6620, -24.7813, 199.1800, 53.1587, 84.8656, 28.6332, 0.998542, -0.051352, 0.016642, 0.024781, 0.050170, 0.996623, 0.065006, 0.000893, -0.019924, -0.064076, 0.997746, 0.238662, 0.000000, 0.000000, 0.000000, 1.000000, -0.019924, -0.064076, 0.997746, 0.260662, -0.998542, 0.051352, -0.016642, -0.024781, -0.050170, -0.996623, -0.065006, 0.199180, 0.000000, 0.000000, 0.000000, 1.000000, 0.999983, 0.001659, 0.005596, 0.053159, 0.005548, 0.027690, -0.999601, 0.084866, -0.001814, 0.999615, 0.027681, 0.028633, 0.000000, 0.000000, 0.000000, 1.000000
18.0369, 24.7273, 0.8307, 239.1473, 261.1473, -24.7273, 199.2428, 53.1410, 84.6264, 28.7924, 0.998595, -0.050418, 0.016334, 0.024727, 0.049330, 0.996899, 0.061308, 0.000831, -0.019374, -0.060416, 0.997985, 0.239147, 0.000000, 0.000000, 0.000000, 1.000000, -0.019374, -0.060416, 0.997985, 0.261147, -0.998595, 0.050418, -0.016334, -0.024727, -0.049330, -0.996899, -0.061308, 0.199243, 0.000000, 0.000000, 0.000000, 1.000000, 0.999985, 0.002092, 0.005061, 0.053141, 0.005015, 0.021500, -0.999756, 0.084626, -0.002200, 0.999767, 0.021489, 0.028792, 0.000000, 0.000000, 0.000000, 1.000000
18.1538, 24.6818, 0.7149, 239.5719, 261.5719, -24.6818, 199.3586, 53.1206, 84.4020, 28.8515, 0.998563, -0.050604, 0.017655, 0.024682, 0.049290, 0.996450, 0.068242, 0.000715, -0.021046, -0.067274, 0.997513, 0.239572, 0.000000, 0.000000, 0.000000, 1.000000, -0.021046, -0.067274, 0.997513, 0.261572, -0.998563, 0.050604, -0.017655, -0.024682, -0.049290, -0.996450, -0.068242, 0.199359, 0.000000, 0.000000, 0.000000, 1.000000, 0.999976, 0.001613, 0.006723, 0.053121, 0.006678, 0.026366, -0.999630, 0.084402, -0.001790, 0.999651, 0.026354, 0.028851, 0.000000, 0.000000, 0.000000, 1.000000
18.3010, 24.6292, 0.6630, 239.9842, 261.9842, -24.6292, 199.4105, 53.1055, 84.2380, 29.0228, 0.998564, -0.050396, 0.018184, 0.024629, 0.049103, 0.996633, 0.065664, 0.000663, -0.021432, -0.064676, 0.997676, 0.239984, 0.000000, 0.000000, 0.000000, 1.000000, -0.021432, -0.064676, 0.997676, 0.261984, -0.998564, 0.050396, -0.018184, -0.024629, -0.049103, -0.996633, -0.065664, 0.199410, 0.000000, 0.000000, 0.000000, 1.000000, 0.999974, 0.001327, 0.007096, 0.053105, 0.007066, 0.021235, -0.999750, 0.084238, -0.001477, 0.999774, 0.021225, 0.029023, 0.000000, 0.000000, 0.000000, 1.000000
18.4206, 24.5783, 0.5436, 240.3687, 262.3687, -24.5783, 199.5298, 53.0822, 84.0575, 29.0819, 0.998614, -0.049862, 0.016836, 0.024578, 0.048494, 0.996103, 0.073665, 0.000544, -0.020444, -0.072747, 0.997141, 0.240369, 0.000000, 0.000000, 0.000000, 1.000000, -0.020444, -0.072747, 0.997141, 0.262369, -0.998614, 0.049862, -0.016836, -0.024578, -0.048494, -0.996103, -0.073665, 0.199530, 0.000000, 0.000000, 0.000000, 1.000000, 0.999980, 0.001573, 0.006126, 0.053082, 0.006081, 0.027262, -0.999610, 0.084057, -0.001739, 0.999627, 0.027252, 0.029082, 0.000000, 0.000000, 0.000000, 1.000000
18.5572, 24.5019, 0.4551, 240.7913, 262.7913, -24.5019, 199.6183, 53.0379, 83.8675, 29.1977, 0.998589, -0.049620, 0.018909, 0.024502, 0.048014, 0.995831, 0.077564, 0.000455, -0.022679, -0.076546, 0.996808, 0.240791, 0.000000, 0.000000, 0.000000, 1.000000, -0.022679, -0.076546, 0.996808, 0.262791, -0.998589, 0.049620, -0.018909, -0.024502, -0.048014, -0.995831, -0.077564, 0.199618, 0.000000, 0.000000, 0.000000, 1.000000, 0.999964, 0.001424, 0.008377, 0.053038, 0.008333, 0.028723, -0.999553, 0.083867, -0.001664, 0.999586, 0.028710, 0.029198, 0.000000, 0.000000, 0.000000, 1.000000
18.7176, 24.4479, 0.3654, 241.1783, 263.1783, -24.4479, 199.7081, 53.0245, 83.7517, 29.3495, 0.998544, -0.049740, 0.020870, 0.024448, 0.047870, 0.995472, 0.082121, 0.000365, -0.024860, -0.081002, 0.996404, 0.241178, 0.000000, 0.000000, 0.000000, 1.000000, -0.024860, -0.081002, 0.996404, 0.263178, -0.998544, 0.049740, -0.020870, -0.024448, -0.047870, -0.995472, -0.082121, 0.199708, 0.000000, 0.000000, 0.000000, 1.000000, 0.999944, 0.000844, 0.010535, 0.053024, 0.010504, 0.030440, -0.999481, 0.083752, -0.001164, 0.999536, 0.030429, 0.029350, 0.000000, 0.000000, 0.000000, 1.000000
18.8288, 24.3990, 0.2779, 241.7212, 263.7212, -24.3990, 199.7955, 52.9993, 83.3983, 29.4149, 0.998594, -0.048872, 0.020539, 0.024399, 0.047080, 0.995669, 0.080162, 0.000278, -0.024367, -0.079082, 0.996570, 0.241721, 0.000000, 0.000000, 0.000000, 1.000000, -0.024367, -0.079082, 0.996570, 0.263721, -0.998594, 0.048872, -0.020539, -0.024399, -0.047080, -0.995669, -0.080162, 0.199796, 0.000000, 0.000000, 0.000000, 1.000000, 0.999948, 0.001342, 0.010074, 0.052999, 0.010035, 0.026595, -0.999596, 0.083398, -0.001609, 0.999645, 0.026580, 0.029415, 0.000000, 0.000000, 0.000000, 1.000000
18.9837, 24.3646, 0.2158, 242.1059, 264.1059, -24.3646, 199.8577, 53.0051, 83.2739, 29.5814, 0.998685, -0.048104, 0.017734, 0.024365, 0.046524, 0.995651, 0.080717, 0.000216, -0.021540, -0.079785, 0.996579, 0.242106, 0.000000, 0.000000, 0.000000, 1.000000, -0.021540, -0.079785, 0.996579, 0.264106, -0.998685, 0.048104, -0.017734, -0.024365, -0.046524, -0.995651, -0.080717, 0.199858, 0.000000, 0.000000, 0.000000, 1.000000, 0.999972, 0.001628, 0.007271, 0.053005, 0.007229, 0.024631, -0.999670, 0.083274, -0.001807, 0.999695, 0.024619, 0.029581, 0.000000, 0.000000, 0.000000, 1.000000
19.1098, 24.3101, 0.1409, 242.5859, 264.5859, -24.3101, 199.9326, 52.9792, 83.0081, 29.6835, 0.998574, -0.048251, 0.022825, 0.024310, 0.046249, 0.995615, 0.081315, 0.000141, -0.026649, -0.080144, 0.996427, 0.242586, 0.000000, 0.000000, 0.000000, 1.000000, -0.026649, -0.080144, 0.996427, 0.264586, -0.998574, 0.048251, -0.022825, -0.024310, -0.046249, -0.995615, -0.081315, 0.199933, 0.000000, 0.000000, 0.000000, 1.000000, 0.999923, 0.001086, 0.012370, 0.052979, 0.012342, 0.022828, -0.999663, 0.083008, -0.001368, 0.999739, 0.022813, 0.029684, 0.000000, 0.000000, 0.000000, 1.000000
19.2390, 24.2413, 0.0551, 242.9479, 264.9479, -24.2413, 200.0183, 52.9417, 82.8656, 29.7858, 0.998650, -0.047854, 0.020218, 0.024241, 0.045935, 0.995183, 0.086605, 0.000055, -0.024265, -0.085560, 0.996038, 0.242948, 0.000000, 0.000000, 0.000000, 1.000000, -0.024265, -0.085560, 0.996038, 0.264948, -0.998650, 0.047854, -0.020218, -0.024241, -0.045935, -0.995183, -0.086605, 0.200018, 0.000000, 0.000000, 0.000000, 1.000000, 0.999949, 0.001132, 0.010002, 0.052942, 0.009969, 0.026038, -0.999611, 0.082866, -0.001392, 0.999660, 0.026026, 0.029786, 0.000000, 0.000000, 0.000000, 1.000000
19.3810, 24.1544, -0.0460, 243.4402, 265.4402, -24.1544, 200.1195, 52.8875, 82.6150, 29.8846, 0.998520, -0.048124, 0.025339, 0.024154, 0.045617, 0.994747, 0.091633, -0.000046, -0.029615, -0.090341, 0.995470, 0.243440, 0.000000, 0.000000, 0.000000, 1.000000, -0.029615, -0.090341, 0.995470, 0.265440, -0.998520, 0.048124, -0.025339, -0.024154, -0.045617, -0.994747, -0.091633, 0.200119, 0.000000, 0.000000, 0.000000, 1.000000, 0.999882, 0.000462, 0.015336, 0.052888, 0.015317, 0.028405, -0.999479, 0.082615, -0.000897, 0.999596, 0.028395, 0.029885, 0.000000, 0.000000, 0.000000, 1.000000
19.5027, 24.1081, -0.1105, 243.8642, 265.8642, -24.1081, 200.1839, 52.8703, 82.3968, 29.9886, 0.998437, -0.047671, 0.029167, 0.024108, 0.044802, 0.994736, 0.092162, -0.000110, -0.033407, -0.090712, 0.995317, 0.243864, 0.000000, 0.000000, 0.000000, 1.000000, -0.033407, -0.090712, 0.995317, 0.265864, -0.998437, 0.047671, -0.029167, -0.024108, -0.044802, -0.994736, -0.092162, 0.200184, 0.000000, 0.000000, 0.000000, 1.000000, 0.999816, 0.000535, 0.019162, 0.052870, 0.019141, 0.026682, -0.999461, 0.082397, -0.001046, 0.999644, 0.026667, 0.029989, 0.000000, 0.000000, 0.000000, 1.000000
19.6209, 24.0671, -0.2101, 244.2195, 266.2195, -24.0671, 200.2836, 52.8566, 82.2436, 30.0549, 0.998543, -0.047617, 0.025380, 0.024067, 0.044904, 0.994127, 0.098469, -0.000210, -0.029920, -0.097186, 0.994816, 0.244219, 0.000000, 0.000000, 0.000000, 1.000000, -0.029920, -0.097186, 0.994816, 0.266219, -0.998543, 0.047617, -0.025380, -0.024067, -0.044904, -0.994127, -0.098469, 0.200284, 0.000000, 0.000000, 0.000000, 1.000000, 0.999877, 0.000279, 0.015659, 0.052857, 0.015643, 0.031153, -0.999392, 0.082244, -0.000767, 0.999515, 0.031145, 0.030055, 0.000000, 0.000000, 0.000000, 1.000000
19.7580, 24.0036, -0.2775, 244.7364, 266.7364, -24.0036, 200.3509, 52.8256, 81.9582, 30.1721, 0.998564, -0.046922, 0.025861, 0.024004, 0.044171, 0.994180, 0.098262, -0.000277, -0.030321, -0.096979, 0.994824, 0.244736, 0.000000, 0.000000, 0.000000, 1.000000, -0.030321, -0.096979, 0.994824, 0.266736, -0.998564, 0.046922, -0.025861, -0.024004, -0.044171, -0.994180, -0.098262, 0.200351, 0.000000, 0.000000, 0.000000, 1.000000, 0.999870, 0.000540, 0.016101, 0.052826, 0.016079, 0.028583, -0.999462, 0.081958, -0.001000, 0.999591, 0.028570, 0.030172, 0.000000, 0.000000, 0.000000, 1.000000
19.9096, 23.9383, -0.3559, 245.0546, 267.0546, -23.9383, 200.4294, 52.7995, 81.8956, 30.3133, 0.998536, -0.046809, 0.027125, 0.023938, 0.043782, 0.993706, 0.103110, -0.000356, -0.031781, -0.101771, 0.994300, 0.245055, 0.000000, 0.000000, 0.000000, 1.000000, -0.031781, -0.101771, 0.994300, 0.267055, -0.998536, 0.046809, -0.027125, -0.023938, -0.043782, -0.993706, -0.103110, 0.200429, 0.000000, 0.000000, 0.000000, 1.000000, 0.999846, 0.000221, 0.017563, 0.052799, 0.017548, 0.030794, -0.999372, 0.081896, -0.000762, 0.999526, 0.030785, 0.030313, 0.000000, 0.000000, 0.000000, 1.000000
20.0287, 23.8998, -0.4390, 245.5197, 267.5197, -23.8998, 200.5125, 52.7878, 81.6333, 30.3857, 0.998656, -0.046201, 0.023499, 0.023900, 0.043475, 0.993456, 0.105615, -0.000439, -0.028225, -0.104451, 0.994129, 0.245520, 0.000000, 0.000000, 0.000000, 1.000000, -0.028225, -0.104451, 0.994129, 0.267520, -0.998656, 0.046201, -0.023499, -0.023900, -0.043475, -0.993456, -0.105615, 0.200512, 0.000000, 0.000000, 0.000000, 1.000000, 0.999901, 0.000479, 0.014033, 0.052788, 0.014011, 0.031435, -0.999408, 0.081633, -0.000920, 0.999506, 0.031425, 0.030386, 0.000000, 0.000000, 0.000000, 1.000000
20.1582, 23.8534, -0.4872, 245.8351, 267.8351, -23.8534, 200.5606, 52.7751, 81.5345, 30.5193, 0.998747, -0.045376, 0.021093, 0.023853, 0.042941, 0.993623, 0.104252, -0.000487, -0.025689, -0.103215, 0.994327, 0.245835, 0.000000, 0.000000, 0.000000, 1.000000, -0.025689, -0.103215, 0.994327, 0.267835, -0.998747, 0.045376, -0.021093, -0.023853, -0.042941, -0.993623, -0.104252, 0.200561, 0.000000, 0.000000, 0.000000, 1.000000, 0.999933, 0.000885, 0.011538, 0.052775, 0.011509, 0.027961, -0.999543, 0.081535, -0.001207, 0.999609, 0.027949, 0.030519, 0.000000, 0.000000, 0.000000, 1.000000
20.2832, 23.7935, -0.5719, 246.3581, 268.3581, -23.7935, 200.6453, 52.7435, 81.2242, 30.5933, 0.998623, -0.045708, 0.025755, 0.023793, 0.042709, 0.993349, 0.106928, -0.000572, -0.030472, -0.105681, 0.993933, 0.246358, 0.000000, 0.000000, 0.000000, 1.000000, -0.030472, -0.105681, 0.993933, 0.268358, -0.998623, 0.045708, -0.025755, -0.023793, -0.042709, -0.993349, -0.106928, 0.200645, 0.000000, 0.000000, 0.000000, 1.000000, 0.999867, 0.000181, 0.016288, 0.052743, 0.016276, 0.028298, -0.999467, 0.081224, -0.000642, 0.999600, 0.028292, 0.030593, 0.000000, 0.000000, 0.000000, 1.000000
20.4460, 23.7288, -0.6527, 246.7858, 268.7858, -23.7288, 200.7262, 52.7192, 81.0711, 30.7359, 0.998603, -0.045494, 0.026867, 0.023729, 0.042282, 0.993037, 0.109953, -0.000653, -0.031682, -0.108663, 0.993574, 0.246786, 0.000000, 0.000000, 0.000000, 1.000000, -0.031682, -0.108663, 0.993574, 0.268786, -0.998603, 0.045494, -0.026867, -0.023729, -0.042282, -0.993037, -0.109953, 0.200726, 0.000000, 0.000000, 0.000000, 1.000000, 0.999847, -0.000091, 0.017512, 0.052719, 0.017508, 0.028500, -0.999440, 0.081071, -0.000408, 0.999594, 0.028498, 0.030736, 0.000000, 0.000000, 0.000000, 1.000000
20.5666, 23.6830, -0.7165, 247.2735, 269.2735, -23.6830, 200.7900, 52.7012, 80.7874, 30.8224, 0.998730, -0.044601, 0.023452, 0.023683, 0.041785, 0.993136, 0.109251, -0.000717, -0.028164, -0.108132, 0.993738, 0.247274, 0.000000, 0.000000, 0.000000, 1.000000, -0.028164, -0.108132, 0.993738, 0.269274, -0.998730, 0.044601, -0.023452, -0.023683, -0.041785, -0.993136, -0.109251, 0.200790, 0.000000, 0.000000, 0.000000, 1.000000, 0.999901, 0.000417, 0.014044, 0.052701, 0.014029, 0.025883, -0.999567, 0.080787, -0.000780, 0.999665, 0.025875, 0.030822, 0.000000, 0.000000, 0.000000, 1.000000
20.6796, 23.6180, -0.8186, 247.5963, 269.5963, -23.6180, 200.8920, 52.6623, 80.6590, 30.8721, 0.998582, -0.044801, 0.028768, 0.023618, 0.041124, 0.992197, 0.117703, -0.000819, -0.033816, -0.116353, 0.992632, 0.247596, 0.000000, 0.000000, 0.000000, 1.000000, -0.033816, -0.116353, 0.992632, 0.269596, -0.998582, 0.044801, -0.028768, -0.023618, -0.041124, -0.992197, -0.117703, 0.200892, 0.000000, 0.000000, 0.000000, 1.000000, 0.999806, -0.000063, 0.019715, 0.052662, 0.019706, 0.032218, -0.999287, 0.080659, -0.000572, 0.999481, 0.032213, 0.030872, 0.000000, 0.000000, 0.000000, 1.000000
20.8312, 23.5752, -0.8502, 248.1189, 270.1189, -23.5752, 200.9236, 52.6577, 80.3882, 31.0326, 0.998716, -0.043774, 0.025482, 0.023575, 0.040658, 0.992867, 0.112078, -0.000850, -0.030206, -0.110898, 0.993373, 0.248119, 0.000000, 0.000000, 0.000000, 1.000000, -0.030206, -0.110898, 0.993373, 0.270119, -0.998716, 0.043774, -0.025482, -0.023575, -0.040658, -0.992867, -0.112078, 0.200924, 0.000000, 0.000000, 0.000000, 1.000000, 0.999870, 0.000435, 0.016148, 0.052658, 0.016133, 0.024115, -0.999579, 0.080388, -0.000824, 0.999709, 0.024104, 0.031033, 0.000000, 0.000000, 0.000000, 1.000000
20.9762, 23.5248, -0.9437, 248.5182, 270.5182, -23.5248, 201.0172, 52.6427, 80.2350, 31.1306, 0.998718, -0.043671, 0.025581, 0.023525, 0.040379, 0.992252, 0.117496, -0.000944, -0.030514, -0.116312, 0.992744, 0.248518, 0.000000, 0.000000, 0.000000, 1.000000, -0.030514, -0.116312, 0.992744, 0.270518, -0.998718, 0.043671, -0.025581, -0.023525, -0.040379, -0.992252, -0.117496, 0.201017, 0.000000, 0.000000, 0.000000, 1.000000, 0.999865, 0.000130, 0.016460, 0.052643, 0.016450, 0.027072, -0.999498, 0.080235, -0.000576, 0.999633, 0.027066, 0.031131, 0.000000, 0.000000, 0.000000, 1.000000
21.0878, 23.4786, -0.9835, 248.9920, 270.9920, -23.4786, 201.0569, 52.6227, 79.9484, 31.2222, 0.998757, -0.043214, 0.024821, 0.023479, 0.040059, 0.992444, 0.115971, -0.000983, -0.029645, -0.114833, 0.992942, 0.248992, 0.000000, 0.000000, 0.000000, 1.000000, -0.029645, -0.114833, 0.992942, 0.270992, -0.998757, 0.043214, -0.024821, -0.023479, -0.040059, -0.992444, -0.115971, 0.201057, 0.000000, 0.000000, 0.000000, 1.000000, 0.999878, 0.000221, 0.015611, 0.052623, 0.015602, 0.023661, -0.999598, 0.079948, -0.000590, 0.999720, 0.023655, 0.031222, 0.000000, 0.000000, 0.000000, 1.000000
21.2320, 23.4032, -1.0800, 249.2838, 271.2838, -23.4032, 201.1535, 52.5837, 79.9014, 31.3242, 0.998787, -0.042789, 0.024366, 0.023403, 0.039377, 0.991182, 0.126525, -0.001080, -0.029565, -0.125412, 0.991664, 0.249284, 0.000000, 0.000000, 0.000000, 1.000000, -0.029565, -0.125412, 0.991664, 0.271284, -0.998787, 0.042789, -0.024366, -0.023403, -0.039377, -0.991182, -0.126525, 0.201153, 0.000000, 0.000000, 0.000000, 1.000000, 0.999878, 0.000287, 0.015588, 0.052584, 0.015571, 0.031835, -0.999372, 0.079901, -0.000783, 0.999493, 0.031826, 0.031324, 0.000000, 0.000000, 0.000000, 1.000000
21.3680, 23.3471, -1.1339, 249.8132, 271.8132, -23.3471, 201.2074, 52.5599, 79.6004, 31.4315, 0.998813, -0.042355, 0.024074, 0.023347, 0.039023, 0.991370, 0.125152, -0.001134, -0.029168, -0.124064, 0.991845, 0.249813, 0.000000, 0.000000, 0.000000, 1.000000, -0.029168, -0.124064, 0.991845, 0.271813, -0.998813, 0.042355, -0.024074, -0.023347, -0.039023, -0.991370, -0.125152, 0.201207, 0.000000, 0.000000, 0.000000, 1.000000, 0.999884, 0.000280, 0.015209, 0.052560, 0.015195, 0.028137, -0.999489, 0.079600, -0.000708, 0.999604, 0.028129, 0.031432, 0.000000, 0.000000, 0.000000, 1.000000
21.5178, 23.2835, -1.1962, 250.2103, 272.2103, -23.2835, 201.2697, 52.5344, 79.4544, 31.5630, 0.998639, -0.042622, 0.030058, 0.023284, 0.038385, 0.990814, 0.129666, -0.001196, -0.035309, -0.128336, 0.991102, 0.250210, 0.000000, 0.000000, 0.000000, 1.000000, -0.035309, -0.128336, 0.991102, 0.272210, -0.998639, 0.042622, -0.030058, -0.023284, -0.038385, -0.990814, -0.129666, 0.201270, 0.000000, 0.000000, 0.000000, 1.000000, 0.999772, -0.000422, 0.021351, 0.052534, 0.021354, 0.029874, -0.999326, 0.079454, -0.000216, 0.999554, 0.029876, 0.031563, 0.000000, 0.000000, 0.000000, 1.000000
21.6319, 23.2233, -1.2640, 250.6271, 272.6271, -23.2233, 201.3374, 52.5007, 79.2315, 31.6309, 0.998704, -0.042525, 0.027973, 0.023223, 0.038454, 0.990405, 0.132740, -0.001264, -0.033349, -0.131492, 0.990756, 0.250627, 0.000000, 0.000000, 0.000000, 1.000000, -0.033349, -0.131492, 0.990756, 0.272627, -0.998704, 0.042525, -0.027973, -0.023223, -0.038454, -0.990405, -0.132740, 0.201337, 0.000000, 0.000000, 0.000000, 1.000000, 0.999812, -0.000658, 0.019374, 0.052501, 0.019385, 0.031098, -0.999328, 0.079231, 0.000055, 0.999516, 0.031105, 0.031631, 0.000000, 0.000000, 0.000000, 1.000000
21.7804, 23.1618, -1.3423, 251.0356, 273.0356, -23.1618, 201.4158, 52.4768, 79.0731, 31.7404, 0.998640, -0.042141, 0.030703, 0.023162, 0.037539, 0.989785, 0.137536, -0.001342, -0.036185, -0.136197, 0.990021, 0.251036, 0.000000, 0.000000, 0.000000, 1.000000, -0.036185, -0.136197, 0.990021, 0.273036, -0.998640, 0.042141, -0.030703, -0.023162, -0.037539, -0.989785, -0.137536, 0.201416, 0.000000, 0.000000, 0.000000, 1.000000, 0.999752, -0.000701, 0.022264, 0.052477, 0.022275, 0.033289, -0.999198, 0.079073, -0.000040, 0.999446, 0.033296, 0.031740, 0.000000, 0.000000, 0.000000, 1.000000
21.9034, 23.1148, -1.4101, 251.3273, 273.3273, -23.1148, 201.4836, 52.4608, 78.9892, 31.8319, 0.998646, -0.042299, 0.030284, 0.023115, 0.037576, 0.989095, 0.142403, -0.001410, -0.035977, -0.141072, 0.989345, 0.251327, 0.000000, 0.000000, 0.000000, 1.000000, -0.035977, -0.141072, 0.989345, 0.273327, -0.998646, 0.042299, -0.030284, -0.023115, -0.037576, -0.989095, -0.142403, 0.201484, 0.000000, 0.000000, 0.000000, 1.000000, 0.999757, -0.001207, 0.022021, 0.052461, 0.022050, 0.036100, -0.999105, 0.078989, 0.000411, 0.999347, 0.036118, 0.031832, 0.000000, 0.000000, 0.000000, 1.000000
22.0381, 23.0552, -1.4607, 251.8782, 273.8782, -23.0552, 201.5342, 52.4329, 78.6644, 31.9300, 0.998716, -0.041466, 0.029098, 0.023055, 0.036948, 0.989239, 0.141566, -0.001461, -0.034655, -0.140309, 0.989501, 0.251878, 0.000000, 0.000000, 0.000000, 1.000000, -0.034655, -0.140309, 0.989501, 0.273878, -0.998716, 0.041466, -0.029098, -0.023055, -0.036948, -0.989239, -0.141566, 0.201534, 0.000000, 0.000000, 0.000000, 1.000000, 0.999784, -0.000805, 0.020771, 0.052433, 0.020787, 0.033007, -0.999239, 0.078664, 0.000119, 0.999455, 0.033017, 0.031930, 0.000000, 0.000000, 0.000000, 1.000000
22.1599, 23.0043, -1.5052, 252.2346, 274.2346, -23.0043, 201.5787, 52.4127, 78.5115, 32.0335, 0.998772, -0.040937, 0.027911, 0.023004, 0.036533, 0.989010, 0.143262, -0.001505, -0.033469, -0.142066, 0.989291, 0.252235, 0.000000, 0.000000, 0.000000, 1.000000, -0.033469, -0.142066, 0.989291, 0.274235, -0.998772, 0.040937, -0.027911, -0.023004, -0.036533, -0.989010, -0.143262, 0.201579, 0.000000, 0.000000, 0.000000, 1.000000, 0.999807, -0.000645, 0.019628, 0.052413, 0.019639, 0.032686, -0.999273, 0.078511, 0.000003, 0.999465, 0.032692, 0.032033, 0.000000, 0.000000, 0.000000, 1.000000
22.3124, 22.9605, -1.5752, 252.7503, 274.7503, -22.9605, 201.6486, 52.4048, 78.2517, 32.1386, 0.998730, -0.040895, 0.029427, 0.022961, 0.036251, 0.988917, 0.143974, -0.001575, -0.034989, -0.142725, 0.989144, 0.252750, 0.000000, 0.000000, 0.000000, 1.000000, -0.034989, -0.142725, 0.989144, 0.274750, -0.998730, 0.040895, -0.029427, -0.022961, -0.036251, -0.988917, -0.143974, 0.201649, 0.000000, 0.000000, 0.000000, 1.000000, 0.999776, -0.001079, 0.021136, 0.052405, 0.021159, 0.030733, -0.999304, 0.078252, 0.000429, 0.999527, 0.030749, 0.032139, 0.000000, 0.000000, 0.000000, 1.000000
22.4229, 22.9150, -1.6362, 253.2288, 275.2288, -22.9150, 201.7096, 52.3829, 77.9620, 32.1921, 0.998802, -0.040126, 0.028011, 0.022915, 0.035662, 0.988807, 0.144875, -0.001636, -0.033511, -0.143703, 0.989053, 0.253229, 0.000000, 0.000000, 0.000000, 1.000000, -0.033511, -0.143703, 0.989053, 0.275229, -0.998802, 0.040126, -0.028011, -0.022915, -0.035662, -0.988807, -0.144875, 0.201710, 0.000000, 0.000000, 0.000000, 1.000000, 0.999805, -0.000651, 0.019749, 0.052383, 0.019759, 0.029814, -0.999360, 0.077962, 0.000062, 0.999555, 0.029821, 0.032192, 0.000000, 0.000000, 0.000000, 1.000000
22.5782, 22.8478, -1.6807, 253.6145, 275.6145, -22.8478, 201.7541, 52.3568, 77.8336, 32.3395, 0.998762, -0.039815, 0.029820, 0.022848, 0.035030, 0.988568, 0.146650, -0.001681, -0.035318, -0.145424, 0.988739, 0.253614, 0.000000, 0.000000, 0.000000, 1.000000, -0.035318, -0.145424, 0.988739, 0.275614, -0.998762, 0.039815, -0.029820, -0.022848, -0.035030, -0.988568, -0.146650, 0.201754, 0.000000, 0.000000, 0.000000, 1.000000, 0.999767, -0.000816, 0.021587, 0.052357, 0.021602, 0.028883, -0.999349, 0.077834, 0.000191, 0.999582, 0.028894, 0.032340, 0.000000, 0.000000, 0.000000, 1.000000
22.6879, 22.7628, -1.7499, 253.8425, 275.8425, -22.7628, 201.8234, 52.2996, 77.7918, 32.4118, 0.998809, -0.039586, 0.028536, 0.022763, 0.034699, 0.987292, 0.155084, -0.001750, -0.034313, -0.153909, 0.987489, 0.253843, 0.000000, 0.000000, 0.000000, 1.000000, -0.034313, -0.153909, 0.987489, 0.275843, -0.998809, 0.039586, -0.028536, -0.022763, -0.034699, -0.987292, -0.155084, 0.201823, 0.000000, 0.000000, 0.000000, 1.000000, 0.999787, -0.000863, 0.020612, 0.052300, 0.020630, 0.035576, -0.999154, 0.077792, 0.000129, 0.999367, 0.035587, 0.032412, 0.000000, 0.000000, 0.000000, 1.000000
22.8415, 22.7094, -1.7971, 254.3864, 276.3864, -22.7094, 201.8706, 52.2839, 77.5041, 32.5319, 0.998807, -0.039389, 0.028849, 0.022709, 0.034448, 0.987261, 0.155332, -0.001797, -0.034599, -0.154153, 0.987441, 0.254386, 0.000000, 0.000000, 0.000000, 1.000000, -0.034599, -0.154153, 0.987441, 0.276386, -0.998807, 0.039389, -0.028849, -0.022709, -0.034448, -0.987261, -0.155332, 0.201871, 0.000000, 0.000000, 0.000000, 1.000000, 0.999781, -0.001149, 0.020900, 0.052284, 0.020927, 0.033186, -0.999230, 0.077504, 0.000455, 0.999449, 0.033203, 0.032532, 0.000000, 0.000000, 0.000000, 1.000000
22.9671, 22.6609, -1.8588, 254.8005, 276.8005, -22.6609, 201.9323, 52.2663, 77.3017, 32.6096, 0.998761, -0.039242, 0.030590, 0.022661, 0.033933, 0.986849, 0.158043, -0.001859, -0.036389, -0.156809, 0.986958, 0.254801, 0.000000, 0.000000, 0.000000, 1.000000, -0.036389, -0.156809, 0.986958, 0.276801, -0.998761, 0.039242, -0.030590, -0.022661, -0.033933, -0.986849, -0.158043, 0.201932, 0.000000, 0.000000, 0.000000, 1.000000, 0.999741, -0.001377, 0.022710, 0.052266, 0.022744, 0.033715, -0.999173, 0.077302, 0.000610, 0.999431, 0.033738, 0.032610, 0.000000, 0.000000, 0.000000, 1.000000
23.0891, 22.6156, -1.9261, 255.1952, 277.1952, -22.6156, 201.9996, 52.2503, 77.1138, 32.6772, 0.998887, -0.038678, 0.026991, 0.022616, 0.033847, 0.986394, 0.160878, -0.001926, -0.032846, -0.159785, 0.986605, 0.255195, 0.000000, 0.000000, 0.000000, 1.000000, -0.032846, -0.159785, 0.986605, 0.277195, -0.998887, 0.038678, -0.026991, -0.022616, -0.033847, -0.986394, -0.160878, 0.202000, 0.000000, 0.000000, 0.000000, 1.000000, 0.999815, -0.001174, 0.019194, 0.052250, 0.019223, 0.034627, -0.999215, 0.077114, 0.000508, 0.999400, 0.034643, 0.032677, 0.000000, 0.000000, 0.000000, 1.000000
23.2383, 22.5601, -1.9698, 255.6759, 277.6759, -22.5601, 202.0433, 52.2321, 76.8814, 32.7968, 0.998811, -0.038504, 0.029914, 0.022560, 0.033159, 0.986196, 0.162230, -0.001970, -0.035747, -0.161045, 0.986299, 0.255676, 0.000000, 0.000000, 0.000000, 1.000000, -0.035747, -0.161045, 0.986299, 0.277676, -0.998811, 0.038504, -0.029914, -0.022560, -0.033159, -0.986196, -0.162230, 0.202043, 0.000000, 0.000000, 0.000000, 1.000000, 0.999754, -0.001461, 0.022134, 0.052232, 0.022170, 0.033341, -0.999198, 0.076881, 0.000722, 0.999443, 0.033365, 0.032797, 0.000000, 0.000000, 0.000000, 1.000000
23.3602, 22.5174, -2.0083, 256.0604, 278.0604, -22.5174, 202.0818, 52.2193, 76.7003, 32.8914, 0.998957, -0.037771, 0.025651, 0.022517, 0.033092, 0.986035, 0.163216, -0.002008, -0.031458, -0.162197, 0.986257, 0.256060, 0.000000, 0.000000, 0.000000, 1.000000, -0.031458, -0.162197, 0.986257, 0.278060, -0.998957, 0.037771, -0.025651, -0.022517, -0.033092, -0.986035, -0.163216, 0.202082, 0.000000, 0.000000, 0.000000, 1.000000, 0.999839, -0.001104, 0.017890, 0.052219, 0.017917, 0.032406, -0.999314, 0.076700, 0.000523, 0.999474, 0.032420, 0.032891, 0.000000, 0.000000, 0.000000, 1.000000
23.5042, 22.4495, -2.0752, 256.5081, 278.5081, -22.4495, 202.1486, 52.1873, 76.4949, 32.9818, 0.998924, -0.037460, 0.027325, 0.022450, 0.032388, 0.985439, 0.166915, -0.002075, -0.033180, -0.165850, 0.985593, 0.256508, 0.000000, 0.000000, 0.000000, 1.000000, -0.033180, -0.165850, 0.985593, 0.278508, -0.998924, 0.037460, -0.027325, -0.022450, -0.032388, -0.985439, -0.166915, 0.202149, 0.000000, 0.000000, 0.000000, 1.000000, 0.999806, -0.001218, 0.019661, 0.052187, 0.019691, 0.033634, -0.999240, 0.076495, 0.000555, 0.999433, 0.033651, 0.032982, 0.000000, 0.000000, 0.000000, 1.000000
23.6307, 22.4030, -2.1154, 256.8488, 278.8488, -22.4030, 202.1889, 52.1731, 76.3645, 33.0850, 0.998905, -0.037533, 0.027944, 0.022403, 0.032158, 0.984445, 0.172725, -0.002115, -0.033993, -0.171637, 0.984574, 0.256849, 0.000000, 0.000000, 0.000000, 1.000000, -0.033993, -0.171637, 0.984574, 0.278849, -0.998905, 0.037533, -0.027944, -0.022403, -0.032158, -0.984445, -0.172725, 0.202189, 0.000000, 0.000000, 0.000000, 1.000000, 0.999789, -0.001646, 0.020465, 0.052173, 0.020512, 0.037331, -0.999092, 0.076365, 0.000881, 0.999302, 0.037357, 0.033085, 0.000000, 0.000000, 0.000000, 1.000000
23.7850, 22.3409, -2.1479, 257.4393, 279.4393, -22.3409, 202.2214, 52.1487, 76.0297, 33.2018, 0.998875, -0.036938, 0.029752, 0.022341, 0.031293, 0.984631, 0.171822, -0.002148, -0.035642, -0.170698, 0.984679, 0.257439, 0.000000, 0.000000, 0.000000, 1.000000, -0.035642, -0.170698, 0.984679, 0.279439, -0.998875, 0.036938, -0.029752, -0.022341, -0.031293, -0.984631, -0.171822, 0.202221, 0.000000, 0.000000, 0.000000, 1.000000, 0.999752, -0.001544, 0.022205, 0.052149, 0.022244, 0.033724, -0.999184, 0.076030, 0.000794, 0.999430, 0.033750, 0.033202, 0.000000, 0.000000, 0.000000, 1.000000
23.9016, 22.2890, -2.2041, 257.7831, 279.7831, -22.2890, 202.2776, 52.1250, 75.8832, 33.2718, 0.998969, -0.036741, 0.026654, 0.022289, 0.031505, 0.983964, 0.175561, -0.002204, -0.032676, -0.174540, 0.984108, 0.257783, 0.000000, 0.000000, 0.000000, 1.000000, -0.032676, -0.174540, 0.984108, 0.279783, -0.998969, 0.036741, -0.026654, -0.022289, -0.031505, -0.983964, -0.175561, 0.202278, 0.000000, 0.000000, 0.000000, 1.000000, 0.999814, -0.001687, 0.019222, 0.052125, 0.019270, 0.035619, -0.999180, 0.075883, 0.001001, 0.999364, 0.035645, 0.033272, 0.000000, 0.000000, 0.000000, 1.000000
24.0242, 22.2013, -2.2636, 258.0618, 280.0618, -22.2013, 202.3370, 52.0687, 75.8110, 33.3567, 0.998930, -0.037055, 0.027680, 0.022201, 0.031434, 0.982902, 0.181424, -0.002264, -0.033929, -0.180360, 0.983015, 0.258062, 0.000000, 0.000000, 0.000000, 1.000000, -0.033929, -0.180360, 0.983015, 0.280062, -0.998930, 0.037055, -0.027680, -0.022201, -0.031434, -0.982902, -0.181424, 0.202337, 0.000000, 0.000000, 0.000000, 1.000000, 0.999789, -0.002345, 0.020428, 0.052069, 0.020504, 0.039430, -0.999012, 0.075811, 0.001537, 0.999220, 0.039470, 0.033357, 0.000000, 0.000000, 0.000000, 1.000000
24.1686, 22.1362, -2.3184, 258.4743, 280.4743, -22.1362, 202.3918, 52.0405, 75.6395, 33.4573, 0.998972, -0.036199, 0.027290, 0.022136, 0.030558, 0.982366, 0.184455, -0.002318, -0.033486, -0.183431, 0.982462, 0.258474, 0.000000, 0.000000, 0.000000, 1.000000, -0.033486, -0.183431, 0.982462, 0.280474, -0.998972, 0.036199, -0.027290, -0.022136, -0.030558, -0.982366, -0.184455, 0.202392, 0.000000, 0.000000, 0.000000, 1.000000, 0.999796, -0.001921, 0.020103, 0.052040, 0.020163, 0.040063, -0.998994, 0.075640, 0.001114, 0.999195, 0.040094, 0.033457, 0.000000, 0.000000, 0.000000, 1.000000
24.3132, 22.0856, -2.3745, 258.8244, 280.8244, -22.0856, 202.4479, 52.0263, 75.5300, 33.5638, 0.998992, -0.036085, 0.026681, 0.022086, 0.030432, 0.981655, 0.188221, -0.002374, -0.032984, -0.187220, 0.981764, 0.258824, 0.000000, 0.000000, 0.000000, 1.000000, -0.032984, -0.187220, 0.981764, 0.280824, -0.998992, 0.036085, -0.026681, -0.022086, -0.030432, -0.981655, -0.188221, 0.202448, 0.000000, 0.000000, 0.000000, 1.000000, 0.999806, -0.002235, 0.019593, 0.052026, 0.019669, 0.041434, -0.998948, 0.075530, 0.001420, 0.999139, 0.041470, 0.033564, 0.000000, 0.000000, 0.000000, 1.000000
24.4255, 22.0339, -2.4083, 259.4197, 281.4197, -22.0339, 202.4817, 52.0000, 75.1239, 33.6080, 0.998951, -0.035767, 0.028590, 0.022034, 0.029792, 0.981838, 0.187366, -0.002408, -0.034773, -0.186318, 0.981874, 0.259420, 0.000000, 0.000000, 0.000000, 1.000000, -0.034773, -0.186318, 0.981874, 0.281420, -0.998951, 0.035767, -0.028590, -0.022034, -0.029792, -0.981838, -0.187366, 0.202482, 0.000000, 0.000000, 0.000000, 1.000000, 0.999768, -0.002278, 0.021438, 0.052000, 0.021510, 0.038587, -0.999024, 0.075124, 0.001448, 0.999253, 0.038627, 0.033608, 0.000000, 0.000000, 0.000000, 1.000000
24.5859, 21.9855, -2.4280, 259.8846, 281.8846, -21.9855, 202.5015, 51.9925, 74.9216, 33.7534, 0.999022, -0.034963, 0.027082, 0.021985, 0.029299, 0.981941, 0.186907, -0.002428, -0.033127, -0.185931, 0.982004, 0.259885, 0.000000, 0.000000, 0.000000, 1.000000, -0.033127, -0.185931, 0.982004, 0.281885, -0.999022, 0.034963, -0.027082, -0.021985, -0.029299, -0.981941, -0.186907, 0.202501, 0.000000, 0.000000, 0.000000, 1.000000, 0.999800, -0.001983, 0.019885, 0.051993, 0.019943, 0.035430, -0.999173, 0.074922, 0.001276, 0.999370, 0.035463, 0.033753, 0.000000, 0.000000, 0.000000, 1.000000
24.7135, 21.9229, -2.4716, 260.2783, 282.2783, -21.9229, 202.5450, 51.9624, 74.7407, 33.8375, 0.998947, -0.034913, 0.029762, 0.021923, 0.028620, 0.981273, 0.190485, -0.002472, -0.035855, -0.189433, 0.981239, 0.260278, 0.000000, 0.000000, 0.000000, 1.000000, -0.035855, -0.189433, 0.981239, 0.282278, -0.998947, 0.034913, -0.029762, -0.021923, -0.028620, -0.981273, -0.190485, 0.202545, 0.000000, 0.000000, 0.000000, 1.000000, 0.999741, -0.002310, 0.022648, 0.051962, 0.022717, 0.036803, -0.999064, 0.074741, 0.001474, 0.999320, 0.036846, 0.033837, 0.000000, 0.000000, 0.000000, 1.000000
24.8660, 21.8733, -2.5201, 260.6582, 282.6582, -21.8733, 202.5935, 51.9521, 74.6138, 33.9530, 0.999054, -0.034259, 0.026797, 0.021873, 0.028443, 0.980711, 0.193381, -0.002520, -0.032906, -0.192436, 0.980758, 0.260658, 0.000000, 0.000000, 0.000000, 1.000000, -0.032906, -0.192436, 0.980758, 0.282658, -0.999054, 0.034259, -0.026797, -0.021873, -0.028443, -0.980711, -0.193381, 0.202594, 0.000000, 0.000000, 0.000000, 1.000000, 0.999803, -0.002114, 0.019744, 0.051952, 0.019809, 0.037236, -0.999110, 0.074614, 0.001377, 0.999304, 0.037271, 0.033953, 0.000000, 0.000000, 0.000000, 1.000000
24.9691, 21.8120, -2.5647, 261.0827, 283.0827, -21.8120, 202.6382, 51.9148, 74.3644, 33.9931, 0.998994, -0.034379, 0.028802, 0.021812, 0.028090, 0.980254, 0.195737, -0.002565, -0.034963, -0.194731, 0.980233, 0.261083, 0.000000, 0.000000, 0.000000, 1.000000, -0.034963, -0.194731, 0.980233, 0.283083, -0.998994, 0.034379, -0.028802, -0.021812, -0.028090, -0.980254, -0.195737, 0.202638, 0.000000, 0.000000, 0.000000, 1.000000, 0.999759, -0.002543, 0.021801, 0.051915, 0.021882, 0.037808, -0.999045, 0.074364, 0.001716, 0.999282, 0.037854, 0.033993, 0.000000, 0.000000, 0.000000, 1.000000
25.1029, 21.7480, -2.6007, 261.4939, 283.4939, -21.7480, 202.6742, 51.8845, 74.1754, 34.0868, 0.999039, -0.033676, 0.028038, 0.021748, 0.027469, 0.979802, 0.198073, -0.002601, -0.034142, -0.197113, 0.979786, 0.261494, 0.000000, 0.000000, 0.000000, 1.000000, -0.034142, -0.197113, 0.979786, 0.283494, -0.999039, 0.033676, -0.028038, -0.021748, -0.027469, -0.979802, -0.198073, 0.202674, 0.000000, 0.000000, 0.000000, 1.000000, 0.999775, -0.002246, 0.021082, 0.051885, 0.021152, 0.037931, -0.999056, 0.074175, 0.001444, 0.999278, 0.037970, 0.034087, 0.000000, 0.000000, 0.000000, 1.000000
25.2411, 21.6986, -2.6291, 262.0215, 284.0215, -21.6986, 202.7026, 51.8688, 73.8770, 34.1737, 0.999033, -0.033522, 0.028442, 0.021699, 0.027221, 0.979712, 0.198556, -0.002629, -0.034521, -0.197590, 0.979677, 0.262022, 0.000000, 0.000000, 0.000000, 1.000000, -0.034521, -0.197590, 0.979677, 0.284022, -0.999033, 0.033522, -0.028442, -0.021699, -0.027221, -0.979712, -0.198556, 0.202703, 0.000000, 0.000000, 0.000000, 1.000000, 0.999766, -0.002524, 0.021469, 0.051869, 0.021546, 0.036044, -0.999118, 0.073877, 0.001748, 0.999347, 0.036090, 0.034174, 0.000000, 0.000000, 0.000000, 1.000000
25.3822, 21.6409, -2.6725, 262.3647, 284.3647, -21.6409, 202.7460, 51.8476, 73.7677, 34.2784, 0.998946, -0.033654, 0.031222, 0.021641, 0.026574, 0.978508, 0.204488, -0.002673, -0.037433, -0.203443, 0.978371, 0.262365, 0.000000, 0.000000, 0.000000, 1.000000, -0.037433, -0.203443, 0.978371, 0.284365, -0.998946, 0.033654, -0.031222, -0.021641, -0.026574, -0.978508, -0.204488, 0.202746, 0.000000, 0.000000, 0.000000, 1.000000, 0.999698, -0.003061, 0.024403, 0.051848, 0.024505, 0.039596, -0.998915, 0.073768, 0.002091, 0.999211, 0.039659, 0.034278, 0.000000, 0.000000, 0.000000, 1.000000
25.5061, 21.5960, -2.6986, 262.8173, 284.8173, -21.5960, 202.7721, 51.8332, 73.5205, 34.3561, 0.999055, -0.032632, 0.028708, 0.021596, 0.026085, 0.978519, 0.204500, -0.002699, -0.034765, -0.203558, 0.978445, 0.262817, 0.000000, 0.000000, 0.000000, 1.000000, -0.034765, -0.203558, 0.978445, 0.284817, -0.999055, 0.032632, -0.028708, -0.021596, -0.026085, -0.978519, -0.204500, 0.202772, 0.000000, 0.000000, 0.000000, 1.000000, 0.999758, -0.002429, 0.021860, 0.051833, 0.021935, 0.037575, -0.999053, 0.073520, 0.001605, 0.999291, 0.037619, 0.034356, 0.000000, 0.000000, 0.000000, 1.000000
25.6410, 21.5191, -2.7301, 263.1884, 285.1884, -21.5191, 202.8035, 51.7909, 73.3722, 34.4573, 0.999083, -0.032050, 0.028394, 0.021519, 0.025523, 0.978199, 0.206094, -0.002730, -0.034380, -0.205181, 0.978120, 0.263188, 0.000000, 0.000000, 0.000000, 1.000000, -0.034380, -0.205181, 0.978120, 0.285188, -0.999083, 0.032050, -0.028394, -0.021519, -0.025523, -0.978199, -0.206094, 0.202804, 0.000000, 0.000000, 0.000000, 1.000000, 0.999765, -0.002261, 0.021563, 0.051791, 0.021632, 0.036909, -0.999084, 0.073372, 0.001463, 0.999316, 0.036949, 0.034457, 0.000000, 0.000000, 0.000000, 1.000000
25.7627, 21.4623, -2.7863, 263.5097, 285.5097, -21.4623, 202.8598, 51.7643, 73.2567, 34.5221, 0.999126, -0.031863, 0.027065, 0.021462, 0.025430, 0.977052, 0.211478, -0.002786, -0.033182, -0.210605, 0.977008, 0.263510, 0.000000, 0.000000, 0.000000, 1.000000, -0.033182, -0.210605, 0.977008, 0.285510, -0.999126, 0.031863, -0.027065, -0.021462, -0.025430, -0.977052, -0.211478, 0.202860, 0.000000, 0.000000, 0.000000, 1.000000, 0.999789, -0.002420, 0.020377, 0.051764, 0.020458, 0.040361, -0.998976, 0.073257, 0.001595, 0.999182, 0.040402, 0.034522, 0.000000, 0.000000, 0.000000, 1.000000
25.9156, 21.4129, -2.8038, 264.0733, 286.0733, -21.4129, 202.8773, 51.7528, 72.9443, 34.6261, 0.999116, -0.031589, 0.027725, 0.021413, 0.025024, 0.977063, 0.211477, -0.002804, -0.033770, -0.210596, 0.976990, 0.264073, 0.000000, 0.000000, 0.000000, 1.000000, -0.033770, -0.210596, 0.976990, 0.286073, -0.999116, 0.031589, -0.027725, -0.021413, -0.025024, -0.977063, -0.211477, 0.202877, 0.000000, 0.000000, 0.000000, 1.000000, 0.999776, -0.002630, 0.021001, 0.051753, 0.021085, 0.037725, -0.999066, 0.072944, 0.001835, 0.999285, 0.037772, 0.034626, 0.000000, 0.000000, 0.000000, 1.000000
26.0347, 21.3568, -2.8327, 264.4668, 286.4668, -21.3568, 202.9061, 51.7269, 72.7482, 34.6990, 0.999168, -0.031030, 0.026476, 0.021357, 0.024661, 0.976559, 0.213832, -0.002833, -0.032490, -0.213001, 0.976512, 0.264467, 0.000000, 0.000000, 0.000000, 1.000000, -0.032490, -0.213001, 0.976512, 0.286467, -0.999168, 0.031030, -0.026476, -0.021357, -0.024661, -0.976559, -0.213832, 0.202906, 0.000000, 0.000000, 0.000000, 1.000000, 0.999801, -0.002429, 0.019785, 0.051727, 0.019863, 0.038134, -0.999075, 0.072748, 0.001672, 0.999270, 0.038175, 0.034699, 0.000000, 0.000000, 0.000000, 1.000000
26.1732, 21.2890, -2.8734, 264.9203, 286.9203, -21.2890, 202.9468, 51.6930, 72.5262, 34.7759, 0.999113, -0.030984, 0.028506, 0.021289, 0.024087, 0.975965, 0.216594, -0.002873, -0.034531, -0.215715, 0.975846, 0.264920, 0.000000, 0.000000, 0.000000, 1.000000, -0.034531, -0.215715, 0.975846, 0.286920, -0.999113, 0.030984, -0.028506, -0.021289, -0.024087, -0.975965, -0.216594, 0.202947, 0.000000, 0.000000, 0.000000, 1.000000, 0.999757, -0.002802, 0.021870, 0.051693, 0.021962, 0.038536, -0.999016, 0.072526, 0.001956, 0.999253, 0.038588, 0.034776, 0.000000, 0.000000, 0.000000, 1.000000
26.2993, 21.2427, -2.8956, 265.3394, 287.3394, -21.2427, 202.9690, 51.6788, 72.3147, 34.8577, 0.999129, -0.030696, 0.028281, 0.021243, 0.023809, 0.975690, 0.217857, -0.002896, -0.034281, -0.216994, 0.975571, 0.265339, 0.000000, 0.000000, 0.000000, 1.000000, -0.034281, -0.216994, 0.975571, 0.287339, -0.999129, 0.030696, -0.028281, -0.021243, -0.023809, -0.975690, -0.217857, 0.202969, 0.000000, 0.000000, 0.000000, 1.000000, 0.999762, -0.002902, 0.021645, 0.051679, 0.021739, 0.037677, -0.999053, 0.072315, 0.002084, 0.999286, 0.037731, 0.034858, 0.000000, 0.000000, 0.000000, 1.000000
26.4278, 21.1671, -2.9314, 265.7489, 287.7489, -21.1671, 203.0049, 51.6353, 72.1196, 34.9307, 0.999136, -0.030456, 0.028291, 0.021167, 0.023448, 0.974897, 0.221416, -0.002931, -0.034324, -0.220561, 0.974769, 0.265749, 0.000000, 0.000000, 0.000000, 1.000000, -0.034324, -0.220561, 0.974769, 0.287749, -0.999136, 0.030456, -0.028291, -0.021167, -0.023448, -0.974897, -0.221416, 0.203005, 0.000000, 0.000000, 0.000000, 1.000000, 0.999759, -0.003045, 0.021725, 0.051635, 0.021828, 0.039123, -0.998996, 0.072120, 0.002192, 0.999230, 0.039180, 0.034931, 0.000000, 0.000000, 0.000000, 1.000000
26.5856, 21.0937, -2.9538, 266.1811, 288.1811, -21.0937, 203.0272, 51.6028, 71.9453, 35.0521, 0.999074, -0.030540, 0.030303, 0.021094, 0.022911, 0.973839, 0.226082, -0.002954, -0.036415, -0.225178, 0.973637, 0.266181, 0.000000, 0.000000, 0.000000, 1.000000, -0.036415, -0.225178, 0.973637, 0.288181, -0.999074, 0.030540, -0.030303, -0.021094, -0.022911, -0.973839, -0.226082, 0.203027, 0.000000, 0.000000, 0.000000, 1.000000, 0.999710, -0.003596, 0.023830, 0.051603, 0.023958, 0.041151, -0.998866, 0.071945, 0.002611, 0.999146, 0.041225, 0.035052, 0.000000, 0.000000, 0.000000, 1.000000
26.7073, 21.0505, -2.9697, 266.5164, 288.5164, -21.0505, 203.0432, 51.5911, 71.8085, 35.1453, 0.999146, -0.029767, 0.028666, 0.021051, 0.022471, 0.973480, 0.227665, -0.002970, -0.034683, -0.226827, 0.973317, 0.266516, 0.000000, 0.000000, 0.000000, 1.000000, -0.034683, -0.226827, 0.973317, 0.288516, -0.999146, 0.029767, -0.028666, -0.021051, -0.022471, -0.973480, -0.227665, 0.203043, 0.000000, 0.000000, 0.000000, 1.000000, 0.999748, -0.003196, 0.022207, 0.051591, 0.022319, 0.040744, -0.998920, 0.071809, 0.002287, 0.999165, 0.040805, 0.035145, 0.000000, 0.000000, 0.000000, 1.000000
26.8651, 20.9931, -3.0049, 267.0907, 289.0907, -20.9931, 203.0784, 51.5725, 71.4969, 35.2238, 0.999126, -0.029611, 0.029509, 0.020993, 0.022101, 0.973316, 0.228401, -0.003005, -0.035485, -0.227549, 0.973120, 0.267091, 0.000000, 0.000000, 0.000000, 1.000000, -0.035485, -0.227549, 0.973120, 0.289091, -0.999126, 0.029611, -0.029509, -0.020993, -0.022101, -0.973316, -0.228401, 0.203078, 0.000000, 0.000000, 0.000000, 1.000000, 0.999728, -0.003533, 0.023032, 0.051573, 0.023152, 0.038777, -0.998980, 0.071497, 0.002636, 0.999242, 0.038848, 0.035224, 0.000000, 0.000000, 0.000000, 1.000000
26.9708, 20.9422, -3.0417, 267.4496, 289.4496, -20.9422, 203.1151, 51.5475, 71.3162, 35.2674, 0.999177, -0.029136, 0.028206, 0.020942, 0.021808, 0.972474, 0.231990, -0.003042, -0.034189, -0.231184, 0.972309, 0.267450, 0.000000, 0.000000, 0.000000, 1.000000, -0.034189, -0.231184, 0.972309, 0.289450, -0.999177, 0.029136, -0.028206, -0.020942, -0.021808, -0.972474, -0.231990, 0.203115, 0.000000, 0.000000, 0.000000, 1.000000, 0.999757, -0.003366, 0.021799, 0.051548, 0.021918, 0.040690, -0.998931, 0.071316, 0.002475, 0.999166, 0.040754, 0.035267, 0.000000, 0.000000, 0.000000, 1.000000
27.1228, 20.8591, -3.0528, 267.7936, 289.7936, -20.8591, 203.1262, 51.5049, 71.2175, 35.4031, 0.999212, -0.028330, 0.027805, 0.020859, 0.021005, 0.971716, 0.235215, -0.003053, -0.033682, -0.234445, 0.971546, 0.267794, 0.000000, 0.000000, 0.000000, 1.000000, -0.033682, -0.234445, 0.971546, 0.289794, -0.999212, 0.028330, -0.027805, -0.020859, -0.021005, -0.971716, -0.235215, 0.203126, 0.000000, 0.000000, 0.000000, 1.000000, 0.999765, -0.003019, 0.021446, 0.051505, 0.021553, 0.041422, -0.998909, 0.071217, 0.002127, 0.999137, 0.041478, 0.035403, 0.000000, 0.000000, 0.000000, 1.000000
27.2505, 20.8128, -3.0884, 268.1436, 290.1436, -20.8128, 203.1619, 51.4912, 71.0794, 35.4777, 0.999179, -0.028481, 0.028802, 0.020813, 0.020775, 0.970747, 0.239206, -0.003088, -0.034772, -0.238411, 0.970542, 0.268144, 0.000000, 0.000000, 0.000000, 1.000000, -0.034772, -0.238411, 0.970542, 0.290144, -0.999179, 0.028481, -0.028802, -0.020813, -0.020775, -0.970747, -0.239206, 0.203162, 0.000000, 0.000000, 0.000000, 1.000000, 0.999740, -0.003547, 0.022514, 0.051491, 0.022647, 0.043314, -0.998805, 0.071079, 0.002567, 0.999055, 0.043383, 0.035478, 0.000000, 0.000000, 0.000000, 1.000000
27.3720, 20.7565, -3.1140, 268.5868, 290.5868, -20.7565, 203.1875, 51.4648, 70.8386, 35.5344, 0.999245, -0.027713, 0.027211, 0.020757, 0.020412, 0.970777, 0.239113, -0.003114, -0.033042, -0.238377, 0.970610, 0.268587, 0.000000, 0.000000, 0.000000, 1.000000, -0.033042, -0.238377, 0.970610, 0.290587, -0.999245, 0.027713, -0.027211, -0.020757, -0.020412, -0.970777, -0.239113, 0.203187, 0.000000, 0.000000, 0.000000, 1.000000, 0.999777, -0.003162, 0.020891, 0.051465, 0.021004, 0.041184, -0.998931, 0.070839, 0.002298, 0.999147, 0.041242, 0.035534, 0.000000, 0.000000, 0.000000, 1.000000
27.5133, 20.7057, -3.1213, 269.0660, 291.0660, -20.7057, 203.1947, 51.4497, 70.5896, 35.6274, 0.999241, -0.028047, 0.027019, 0.020706, 0.020748, 0.970518, 0.240133, -0.003121, -0.032957, -0.239390, 0.970364, 0.269066, 0.000000, 0.000000, 0.000000, 1.000000, -0.032957, -0.239390, 0.970364, 0.291066, -0.999241, 0.028047, -0.027019, -0.020706, -0.020748, -0.970518, -0.240133, 0.203195, 0.000000, 0.000000, 0.000000, 1.000000, 0.999778, -0.003936, 0.020690, 0.051450, 0.020831, 0.039809, -0.998990, 0.070590, 0.003108, 0.999200, 0.039882, 0.035627, 0.000000, 0.000000, 0.000000, 1.000000
27.6275, 20.6387, -3.1409, 269.4534, 291.4534, -20.6387, 203.2143, 51.4113, 70.3913, 35.6886, 0.999199, -0.027592, 0.028996, 0.020639, 0.019657, 0.969320, 0.245015, -0.003141, -0.034867, -0.244248, 0.969086, 0.269453, 0.000000, 0.000000, 0.000000, 1.000000, -0.034867, -0.244248, 0.969086, 0.291453, -0.999199, 0.027592, -0.028996, -0.020639, -0.019657, -0.969320, -0.245015, 0.203214, 0.000000, 0.000000, 0.000000, 1.000000, 0.999734, -0.003809, 0.022761, 0.051411, 0.022903, 0.042846, -0.998819, 0.070391, 0.002829, 0.999074, 0.042921, 0.035689, 0.000000, 0.000000, 0.000000, 1.000000
27.7717, 20.5750, -3.1593, 269.9697, 291.9697, -20.5750, 203.2328, 51.3835, 70.1129, 35.7640, 0.999187, -0.027320, 0.029659, 0.020575, 0.019218, 0.969243, 0.245353, -0.003159, -0.035450, -0.244583, 0.968980, 0.269970, 0.000000, 0.000000, 0.000000, 1.000000, -0.035450, -0.244583, 0.968980, 0.291970, -0.999187, 0.027320, -0.029659, -0.020575, -0.019218, -0.969243, -0.245353, 0.203233, 0.000000, 0.000000, 0.000000, 1.000000, 0.999718, -0.003990, 0.023396, 0.051383, 0.023539, 0.040715, -0.998893, 0.070113, 0.003033, 0.999163, 0.040798, 0.035764, 0.000000, 0.000000, 0.000000, 1.000000
27.9086, 20.5196, -3.1738, 270.3588, 292.3588, -20.5196, 203.2472, 51.3634, 69.9468, 35.8578, 0.999233, -0.026421, 0.028892, 0.020520, 0.018454, 0.968689, 0.247589, -0.003174, -0.034529, -0.246866, 0.968434, 0.270359, 0.000000, 0.000000, 0.000000, 1.000000, -0.034529, -0.246866, 0.968434, 0.292359, -0.999233, 0.026421, -0.028892, -0.020520, -0.018454, -0.968689, -0.247589, 0.203247, 0.000000, 0.000000, 0.000000, 1.000000, 0.999737, -0.003508, 0.022649, 0.051363, 0.022774, 0.040709, -0.998911, 0.069947, 0.002582, 0.999165, 0.040778, 0.035858, 0.000000, 0.000000, 0.000000, 1.000000
28.0687, 20.4714, -3.2027, 270.7162, 292.7162, -20.4714, 203.2761, 51.3574, 69.8507, 35.9742, 0.999295, -0.025651, 0.027398, 0.020471, 0.018007, 0.968167, 0.249657, -0.003203, -0.032930, -0.248988, 0.967947, 0.270716, 0.000000, 0.000000, 0.000000, 1.000000, -0.032930, -0.248988, 0.967947, 0.292716, -0.999295, 0.025651, -0.027398, -0.020471, -0.018007, -0.968167, -0.249657, 0.203276, 0.000000, 0.000000, 0.000000, 1.000000, 0.999771, -0.003230, 0.021165, 0.051357, 0.021277, 0.040141, -0.998967, 0.069851, 0.002377, 0.999189, 0.040200, 0.035974, 0.000000, 0.000000, 0.000000, 1.000000
28.1738, 20.4038, -3.2202, 271.1935, 293.1935, -20.4038, 203.2936, 51.3153, 69.5498, 36.0007, 0.999232, -0.026024, 0.029286, 0.020404, 0.017756, 0.967148, 0.253595, -0.003220, -0.034923, -0.252880, 0.966867, 0.271193, 0.000000, 0.000000, 0.000000, 1.000000, -0.034923, -0.252880, 0.966867, 0.293193, -0.999232, 0.026024, -0.029286, -0.020404, -0.017756, -0.967148, -0.253595, 0.203294, 0.000000, 0.000000, 0.000000, 1.000000, 0.999725, -0.003909, 0.023110, 0.051315, 0.023255, 0.042362, -0.998832, 0.069550, 0.002925, 0.999095, 0.042441, 0.036001, 0.000000, 0.000000, 0.000000, 1.000000
28.3089, 20.3669, -3.2151, 271.7219, 293.7219, -20.3669, 203.2886, 51.3114, 69.2413, 36.0768, 0.999341, -0.025311, 0.026037, 0.020367, 0.017855, 0.966875, 0.254626, -0.003215, -0.031619, -0.253993, 0.966689, 0.271722, 0.000000, 0.000000, 0.000000, 1.000000, -0.031619, -0.253993, 0.966689, 0.293722, -0.999341, 0.025311, -0.026037, -0.020367, -0.017855, -0.966875, -0.254626, 0.203289, 0.000000, 0.000000, 0.000000, 1.000000, 0.999796, -0.003615, 0.019859, 0.051311, 0.019991, 0.041185, -0.998952, 0.069241, 0.002794, 0.999145, 0.041249, 0.036077, 0.000000, 0.000000, 0.000000, 1.000000
28.4539, 20.3102, -3.2223, 272.1859, 294.1859, -20.3102, 203.2957, 51.2917, 69.0132, 36.1668, 0.999331, -0.025287, 0.026432, 0.020310, 0.017699, 0.966624, 0.255586, -0.003222, -0.032013, -0.254947, 0.966425, 0.272186, 0.000000, 0.000000, 0.000000, 1.000000, -0.032013, -0.254947, 0.966425, 0.294186, -0.999331, 0.025287, -0.026432, -0.020310, -0.017699, -0.966624, -0.255586, 0.203296, 0.000000, 0.000000, 0.000000, 1.000000, 0.999787, -0.004043, 0.020241, 0.051292, 0.020385, 0.039684, -0.999004, 0.069013, 0.003235, 0.999204, 0.039758, 0.036167, 0.000000, 0.000000, 0.000000, 1.000000
28.5726, 20.2290, -3.2588, 272.4258, 294.4258, -20.2290, 203.3322, 51.2417, 68.9700, 36.2405, 0.999359, -0.024370, 0.026237, 0.020229, 0.016660, 0.964991, 0.261755, -0.003259, -0.031697, -0.261150, 0.964778, 0.272426, 0.000000, 0.000000, 0.000000, 1.000000, -0.031697, -0.261150, 0.964778, 0.294426, -0.999359, 0.024370, -0.026237, -0.020229, -0.016660, -0.964991, -0.261755, 0.203332, 0.000000, 0.000000, 0.000000, 1.000000, 0.999791, -0.003461, 0.020150, 0.051242, 0.020283, 0.044052, -0.998823, 0.068970, 0.002569, 0.999023, 0.044113, 0.036240, 0.000000, 0.000000, 0.000000, 1.000000
28.7062, 20.1507, -3.2574, 272.8253, 294.8253, -20.1507, 203.3308, 51.1974, 68.7860, 36.3353, 0.999299, -0.024390, 0.028395, 0.020151, 0.016004, 0.964135, 0.264931, -0.003257, -0.033839, -0.264291, 0.963849, 0.272825, 0.000000, 0.000000, 0.000000, 1.000000, -0.033839, -0.264291, 0.963849, 0.294825, -0.999299, 0.024390, -0.028395, -0.020151, -0.016004, -0.964135, -0.264931, 0.203331, 0.000000, 0.000000, 0.000000, 1.000000, 0.999743, -0.003883, 0.022351, 0.051197, 0.022504, 0.045014, -0.998733, 0.068786, 0.002872, 0.998979, 0.045090, 0.036335, 0.000000, 0.000000, 0.000000, 1.000000
28.8525, 20.0879, -3.2824, 273.2754, 295.2754, -20.0879, 203.3558, 51.1723, 68.5773, 36.4085, 0.999354, -0.023894, 0.026844, 0.020088, 0.015904, 0.963873, 0.265886, -0.003282, -0.032227, -0.265287, 0.963631, 0.273275, 0.000000, 0.000000, 0.000000, 1.000000, -0.032227, -0.265287, 0.963631, 0.295275, -0.999354, 0.023894, -0.026844, -0.020088, -0.015904, -0.963873, -0.265886, 0.203356, 0.000000, 0.000000, 0.000000, 1.000000, 0.999777, -0.003842, 0.020775, 0.051172, 0.020922, 0.043530, -0.998833, 0.068577, 0.002933, 0.999045, 0.043601, 0.036409, 0.000000, 0.000000, 0.000000, 1.000000
28.9611, 20.0310, -3.2894, 273.5948, 295.5948, -20.0310, 203.3628, 51.1434, 68.4344, 36.4765, 0.999319, -0.023925, 0.028087, 0.020031, 0.015512, 0.963148, 0.268524, -0.003289, -0.033476, -0.267906, 0.962863, 0.273595, 0.000000, 0.000000, 0.000000, 1.000000, -0.033476, -0.267906, 0.962863, 0.295595, -0.999319, 0.023925, -0.028087, -0.020031, -0.015512, -0.963148, -0.268524, 0.203363, 0.000000, 0.000000, 0.000000, 1.000000, 0.999748, -0.004199, 0.022045, 0.051143, 0.022210, 0.044384, -0.998768, 0.068434, 0.003216, 0.999006, 0.044466, 0.036476, 0.000000, 0.000000, 0.000000, 1.000000
29.1248, 19.9826, -3.2967, 274.1209, 296.1209, -19.9826, 203.3702, 51.1367, 68.1747, 36.5696, 0.999311, -0.023855, 0.028440, 0.019983, 0.015317, 0.962888, 0.269466, -0.003297, -0.033813, -0.268845, 0.962590, 0.274121, 0.000000, 0.000000, 0.000000, 1.000000, -0.033813, -0.268845, 0.962590, 0.296121, -0.999311, 0.023855, -0.028440, -0.019983, -0.015317, -0.962888, -0.269466, 0.203370, 0.000000, 0.000000, 0.000000, 1.000000, 0.999739, -0.004640, 0.022377, 0.051137, 0.022554, 0.042550, -0.998840, 0.068175, 0.003682, 0.999084, 0.042644, 0.036570, 0.000000, 0.000000, 0.000000, 1.000000
29.2355, 19.9325, -3.2977, 274.3779, 296.3779, -19.9325, 203.3712, 51.1160, 68.0945, 36.6582, 0.999325, -0.023331, 0.028388, 0.019933, 0.014683, 0.961748, 0.273544, -0.003298, -0.033684, -0.272942, 0.961441, 0.274378, 0.000000, 0.000000, 0.000000, 1.000000, -0.033684, -0.272942, 0.961441, 0.296378, -0.999325, 0.023331, -0.028388, -0.019933, -0.014683, -0.961748, -0.273544, 0.203371, 0.000000, 0.000000, 0.000000, 1.000000, 0.999740, -0.004439, 0.022377, 0.051116, 0.022554, 0.044897, -0.998737, 0.068095, 0.003428, 0.998982, 0.044986, 0.036658, 0.000000, 0.000000, 0.000000, 1.000000
29.3886, 19.8778, -3.2913, 274.9079, 296.9079, -19.8778, 203.3647, 51.1001, 67.8119, 36.7465, 0.999354, -0.022566, 0.027974, 0.019878, 0.014096, 0.962055, 0.272493, -0.003291, -0.033061, -0.271923, 0.961751, 0.274908, 0.000000, 0.000000, 0.000000, 1.000000, -0.033061, -0.271923, 0.961751, 0.296908, -0.999354, 0.022566, -0.027974, -0.019878, -0.014096, -0.962055, -0.272493, 0.203365, 0.000000, 0.000000, 0.000000, 1.000000, 0.999751, -0.004163, 0.021904, 0.051100, 0.022057, 0.041203, -0.998907, 0.067812, 0.003256, 0.999142, 0.041285, 0.036747, 0.000000, 0.000000, 0.000000, 1.000000
29.5099, 19.8150, -3.3046, 275.4487, 297.4487, -19.8150, 203.3780, 51.0659, 67.4753, 36.7691, 0.999385, -0.021890, 0.027390, 0.019815, 0.013604, 0.962055, 0.272515, -0.003305, -0.032316, -0.271975, 0.961762, 0.275449, 0.000000, 0.000000, 0.000000, 1.000000, -0.032316, -0.271975, 0.961762, 0.297449, -0.999385, 0.021890, -0.027390, -0.019815, -0.013604, -0.962055, -0.272515, 0.203378, 0.000000, 0.000000, 0.000000, 1.000000, 0.999766, -0.003870, 0.021299, 0.051066, 0.021435, 0.039169, -0.999003, 0.067475, 0.003032, 0.999225, 0.039243, 0.036769, 0.000000, 0.000000, 0.000000, 1.000000
29.6532, 19.7504, -3.3104, 275.7521, 297.7521, -19.7504, 203.3839, 51.0401, 67.4005, 36.8821, 0.999357, -0.022242, 0.028121, 0.019750, 0.013500, 0.960026, 0.279584, -0.003310, -0.033215, -0.279025, 0.959709, 0.275752, 0.000000, 0.000000, 0.000000, 1.000000, -0.033215, -0.279025, 0.959709, 0.297752, -0.999357, 0.022242, -0.028121, -0.019750, -0.013500, -0.960026, -0.279584, 0.203384, 0.000000, 0.000000, 0.000000, 1.000000, 0.999745, -0.004630, 0.022119, 0.051040, 0.022301, 0.044044, -0.998781, 0.067400, 0.003650, 0.999019, 0.044136, 0.036882, 0.000000, 0.000000, 0.000000, 1.000000
29.7831, 19.6745, -3.3174, 276.1863, 298.1863, -19.6745, 203.3909, 50.9971, 67.1790, 36.9444, 0.999363, -0.022012, 0.028095, 0.019675, 0.013184, 0.959171, 0.282518, -0.003317, -0.033167, -0.281967, 0.958851, 0.276186, 0.000000, 0.000000, 0.000000, 1.000000, -0.033167, -0.281967, 0.958851, 0.298186, -0.999363, 0.022012, -0.028095, -0.019675, -0.013184, -0.959171, -0.282518, 0.203391, 0.000000, 0.000000, 0.000000, 1.000000, 0.999744, -0.004791, 0.022114, 0.050997, 0.022306, 0.044877, -0.998743, 0.067179, 0.003792, 0.998981, 0.044973, 0.036944, 0.000000, 0.000000, 0.000000, 1.000000
29.9087, 19.6340, -3.3259, 276.5466, 298.5466, -19.6340, 203.3993, 50.9890, 67.0230, 37.0155, 0.999391, -0.021524, 0.027453, 0.019634, 0.012829, 0.958582, 0.284528, -0.003326, -0.032440, -0.284002, 0.958275, 0.276547, 0.000000, 0.000000, 0.000000, 1.000000, -0.032440, -0.284002, 0.958275, 0.298547, -0.999391, 0.021524, -0.027453, -0.019634, -0.012829, -0.958582, -0.284528, 0.203399, 0.000000, 0.000000, 0.000000, 1.000000, 0.999758, -0.004687, 0.021475, 0.050989, 0.021663, 0.044836, -0.998759, 0.067023, 0.003718, 0.998983, 0.044927, 0.037015, 0.000000, 0.000000, 0.000000, 1.000000
30.0461, 19.5692, -3.3310, 277.1125, 299.1125, -19.5692, 203.4045, 50.9580, 66.6847, 37.0544, 0.999400, -0.020979, 0.027544, 0.019569, 0.012282, 0.958600, 0.284491, -0.003331, -0.032372, -0.283982, 0.958283, 0.277113, 0.000000, 0.000000, 0.000000, 1.000000, -0.032372, -0.283982, 0.958283, 0.299113, -0.999400, 0.020979, -0.027544, -0.019569, -0.012282, -0.958600, -0.284491, 0.203404, 0.000000, 0.000000, 0.000000, 1.000000, 0.999758, -0.004575, 0.021530, 0.050958, 0.021705, 0.042454, -0.998863, 0.066685, 0.003655, 0.999088, 0.042543, 0.037054, 0.000000, 0.000000, 0.000000, 1.000000
30.1711, 19.4915, -3.3216, 277.3632, 299.3632, -19.4915, 203.3950, 50.9139, 66.6301, 37.1667, 0.999409, -0.020704, 0.027458, 0.019491, 0.011872, 0.957090, 0.289546, -0.003322, -0.032275, -0.289049, 0.956770, 0.277363, 0.000000, 0.000000, 0.000000, 1.000000, -0.032275, -0.289049, 0.956770, 0.299363, -0.999409, 0.020704, -0.027458, -0.019491, -0.011872, -0.957090, -0.289546, 0.203395, 0.000000, 0.000000, 0.000000, 1.000000, 0.999758, -0.004663, 0.021499, 0.050914, 0.021689, 0.045590, -0.998725, 0.066630, 0.003677, 0.998949, 0.045680, 0.037167, 0.000000, 0.000000, 0.000000, 1.000000
30.3089, 19.4280, -3.3185, 277.9245, 299.9245, -19.4280, 203.3920, 50.8845, 66.2953, 37.2118, 0.999469, -0.020103, 0.025643, 0.019428, 0.011832, 0.957195, 0.289202, -0.003319, -0.030359, -0.288745, 0.956924, 0.277924, 0.000000, 0.000000, 0.000000, 1.000000, -0.030359, -0.288745, 0.956924, 0.299924, -0.999469, 0.020103, -0.025643, -0.019428, -0.011832, -0.957195, -0.289202, 0.203392, 0.000000, 0.000000, 0.000000, 1.000000, 0.999797, -0.004498, 0.019643, 0.050885, 0.019818, 0.042904, -0.998883, 0.066295, 0.003650, 0.999069, 0.042984, 0.037212, 0.000000, 0.000000, 0.000000, 1.000000
30.4431, 19.3801, -3.3127, 278.2873, 300.2873, -19.3801, 203.3862, 50.8717, 66.1467, 37.3021, 0.999480, -0.019915, 0.025372, 0.019380, 0.011628, 0.956202, 0.292478, -0.003313, -0.030086, -0.292031, 0.955936, 0.278287, 0.000000, 0.000000, 0.000000, 1.000000, -0.030086, -0.292031, 0.955936, 0.300287, -0.999480, 0.019915, -0.025372, -0.019380, -0.011628, -0.956202, -0.292478, 0.203386, 0.000000, 0.000000, 0.000000, 1.000000, 0.999801, -0.004713, 0.019391, 0.050872, 0.019580, 0.044029, -0.998838, 0.066147, 0.003854, 0.999019, 0.044113, 0.037302, 0.000000, 0.000000, 0.000000, 1.000000
30.6042, 19.3284, -3.3211, 278.7214, 300.7214, -19.3284, 203.3946, 50.8620, 65.9734, 37.3944, 0.999454, -0.019225, 0.026868, 0.019328, 0.010449, 0.955453, 0.294958, -0.003321, -0.031341, -0.294517, 0.955132, 0.278721, 0.000000, 0.000000, 0.000000, 1.000000, -0.031341, -0.294517, 0.955132, 0.300721, -0.999454, 0.019225, -0.026868, -0.019328, -0.010449, -0.955453, -0.294958, 0.203395, 0.000000, 0.000000, 0.000000, 1.000000, 0.999772, -0.004515, 0.020885, 0.050862, 0.021063, 0.043858, -0.998816, 0.065973, 0.003594, 0.999028, 0.043943, 0.037394, 0.000000, 0.000000, 0.000000, 1.000000
30.7241, 19.2727, -3.3189, 279.1906, 301.1906, -19.2727, 203.3924, 50.8361, 65.7013, 37.4332, 0.999378, -0.019665, 0.029256, 0.019273, 0.010109, 0.954965, 0.296546, -0.003319, -0.033770, -0.296066, 0.954570, 0.279191, 0.000000, 0.000000, 0.000000, 1.000000, -0.033770, -0.296066, 0.954570, 0.301191, -0.999378, 0.019665, -0.029256, -0.019273, -0.010109, -0.954965, -0.296546, 0.203392, 0.000000, 0.000000, 0.000000, 1.000000, 0.999715, -0.005324, 0.023268, 0.050836, 0.023477, 0.043426, -0.998781, 0.065701, 0.004307, 0.999042, 0.043538, 0.037433, 0.000000, 0.000000, 0.000000, 1.000000
30.8439, 19.2229, -3.3082, 279.7185, 301.7185, -19.2229, 203.3817, 50.8157, 65.3700, 37.4634, 0.999491, -0.018474, 0.026010, 0.019223, 0.009923, 0.954858, 0.296898, -0.003308, -0.030320, -0.296489, 0.954555, 0.279719, 0.000000, 0.000000, 0.000000, 1.000000, -0.030320, -0.296489, 0.954555, 0.301719, -0.999491, 0.018474, -0.026010, -0.019223, -0.009923, -0.954858, -0.296898, 0.203382, 0.000000, 0.000000, 0.000000, 1.000000, 0.999790, -0.004508, 0.019996, 0.050816, 0.020167, 0.041801, -0.998922, 0.065370, 0.003668, 0.999116, 0.041883, 0.037463, 0.000000, 0.000000, 0.000000, 1.000000
30.9891, 19.1518, -3.2998, 279.9304, 301.9304, -19.1518, 203.3733, 50.7844, 65.3835, 37.6042, 0.999477, -0.018232, 0.026717, 0.019152, 0.009336, 0.953447, 0.301417, -0.003300, -0.030968, -0.301010, 0.953118, 0.279930, 0.000000, 0.000000, 0.000000, 1.000000, -0.030968, -0.301010, 0.953118, 0.301930, -0.999477, 0.018232, -0.026717, -0.019152, -0.009336, -0.953447, -0.301417, 0.203373, 0.000000, 0.000000, 0.000000, 1.000000, 0.999774, -0.004697, 0.020732, 0.050784, 0.020919, 0.044041, -0.998811, 0.065383, 0.003778, 0.999019, 0.044129, 0.037604, 0.000000, 0.000000, 0.000000, 1.000000
31.1065, 19.0873, -3.2913, 280.3792, 302.3792, -19.0873, 203.3647, 50.7493, 65.1258, 37.6470, 0.999491, -0.017900, 0.026424, 0.019087, 0.009038, 0.952773, 0.303550, -0.003291, -0.030610, -0.303157, 0.952449, 0.280379, 0.000000, 0.000000, 0.000000, 1.000000, -0.030610, -0.303157, 0.952449, 0.302379, -0.999491, 0.017900, -0.026424, -0.019087, -0.009038, -0.952773, -0.303550, 0.203365, 0.000000, 0.000000, 0.000000, 1.000000, 0.999780, -0.004721, 0.020440, 0.050749, 0.020629, 0.044274, -0.998806, 0.065126, 0.003811, 0.999008, 0.044362, 0.037647, 0.000000, 0.000000, 0.000000, 1.000000
31.2458, 19.0221, -3.2986, 280.6461, 302.6461, -19.0221, 203.3720, 50.7215, 65.0812, 37.7489, 0.999459, -0.018135, 0.027421, 0.019022, 0.008847, 0.951688, 0.306939, -0.003299, -0.031663, -0.306530, 0.951334, 0.280646, 0.000000, 0.000000, 0.000000, 1.000000, -0.031663, -0.306530, 0.951334, 0.302646, -0.999459, 0.018135, -0.027421, -0.019022, -0.008847, -0.951688, -0.306939, 0.203372, 0.000000, 0.000000, 0.000000, 1.000000, 0.999756, -0.005375, 0.021447, 0.050721, 0.021669, 0.045427, -0.998733, 0.065081, 0.004394, 0.998953, 0.045533, 0.037749, 0.000000, 0.000000, 0.000000, 1.000000
31.3978, 18.9452, -3.2749, 281.2792, 303.2792, -18.9452, 203.3484, 50.6829, 64.6942, 37.7991, 0.999425, -0.017527, 0.029020, 0.018945, 0.007765, 0.951583, 0.307295, -0.003275, -0.033000, -0.306893, 0.951172, 0.281279, 0.000000, 0.000000, 0.000000, 1.000000, -0.033000, -0.306893, 0.951172, 0.303279, -0.999425, 0.017527, -0.029020, -0.018945, -0.007765, -0.951583, -0.307295, 0.203348, 0.000000, 0.000000, 0.000000, 1.000000, 0.999722, -0.005243, 0.023005, 0.050683, 0.023210, 0.043194, -0.998797, 0.064694, 0.004243, 0.999053, 0.043303, 0.037799, 0.000000, 0.000000, 0.000000, 1.000000
31.5108, 18.9026, -3.2715, 281.6644, 303.6644, -18.9026, 203.3449, 50.6685, 64.4931, 37.8436, 0.999493, -0.017444, 0.026654, 0.018903, 0.008280, 0.950244, 0.311396, -0.003271, -0.030760, -0.311018, 0.949906, 0.281664, 0.000000, 0.000000, 0.000000, 1.000000, -0.030760, -0.311018, 0.949906, 0.303664, -0.999493, 0.017444, -0.026654, -0.018903, -0.008280, -0.950244, -0.311396, 0.203345, 0.000000, 0.000000, 0.000000, 1.000000, 0.999771, -0.005491, 0.020670, 0.050669, 0.020899, 0.045589, -0.998742, 0.064493, 0.004541, 0.998945, 0.045694, 0.037844, 0.000000, 0.000000, 0.000000, 1.000000
31.6551, 18.8511, -3.2682, 282.1136, 304.1136, -18.8511, 203.3417, 50.6547, 64.2773, 37.9093, 0.999512, -0.016867, 0.026291, 0.018851, 0.007821, 0.950008, 0.312127, -0.003268, -0.030241, -0.311769, 0.949677, 0.282114, 0.000000, 0.000000, 0.000000, 1.000000, -0.030241, -0.311769, 0.949677, 0.304114, -0.999512, 0.016867, -0.026291, -0.018851, -0.007821, -0.950008, -0.312127, 0.203342, 0.000000, 0.000000, 0.000000, 1.000000, 0.999780, -0.005364, 0.020271, 0.050655, 0.020487, 0.043897, -0.998826, 0.064277, 0.004468, 0.999022, 0.043997, 0.037909, 0.000000, 0.000000, 0.000000, 1.000000
31.7911, 18.7708, -3.2579, 282.4367, 304.4367, -18.7708, 203.3314, 50.6104, 64.1690, 38.0043, 0.999458, -0.016891, 0.028248, 0.018771, 0.007089, 0.948599, 0.316400, -0.003258, -0.032140, -0.316028, 0.948205, 0.282437, 0.000000, 0.000000, 0.000000, 1.000000, -0.032140, -0.316028, 0.948205, 0.304437, -0.999458, 0.016891, -0.028248, -0.018771, -0.007089, -0.948599, -0.316400, 0.203331, 0.000000, 0.000000, 0.000000, 1.000000, 0.999736, -0.005791, 0.022245, 0.050610, 0.022488, 0.046047, -0.998686, 0.064169, 0.004759, 0.998922, 0.046165, 0.038004, 0.000000, 0.000000, 0.000000, 1.000000
31.9267, 18.7170, -3.2422, 282.7916, 304.7916, -18.7170, 203.3157, 50.5918, 64.0282, 38.0938, 0.999553, -0.015648, 0.025474, 0.018717, 0.006660, 0.947218, 0.320522, -0.003242, -0.029145, -0.320209, 0.946898, 0.282792, 0.000000, 0.000000, 0.000000, 1.000000, -0.029145, -0.320209, 0.946898, 0.304792, -0.999553, 0.015648, -0.025474, -0.018717, -0.006660, -0.947218, -0.320522, 0.203316, 0.000000, 0.000000, 0.000000, 1.000000, 0.999798, -0.004949, 0.019490, 0.050592, 0.019705, 0.048114, -0.998647, 0.064028, 0.004005, 0.998830, 0.048202, 0.038094, 0.000000, 0.000000, 0.000000, 1.000000
32.0561, 18.6486, -3.2238, 283.4138, 305.4138, -18.6486, 203.2973, 50.5548, 63.6202, 38.1034, 0.999552, -0.015053, 0.025876, 0.018649, 0.006000, 0.947582, 0.319457, -0.003224, -0.029328, -0.319158, 0.947247, 0.283414, 0.000000, 0.000000, 0.000000, 1.000000, -0.029328, -0.319158, 0.947247, 0.305414, -0.999552, 0.015053, -0.025876, -0.018649, -0.006000, -0.947582, -0.319457, 0.203297, 0.000000, 0.000000, 0.000000, 1.000000, 0.999792, -0.004768, 0.019847, 0.050555, 0.020041, 0.044781, -0.998796, 0.063620, 0.003874, 0.998985, 0.044867, 0.038103, 0.000000, 0.000000, 0.000000, 1.000000
32.1904, 18.5880, -3.2072, 283.8308, 305.8308, -18.5880, 203.2807, 50.5289, 63.4173, 38.1720, 0.999511, -0.015177, 0.027341, 0.018588, 0.005539, 0.946419, 0.322894, -0.003207, -0.030776, -0.322585, 0.946040, 0.283831, 0.000000, 0.000000, 0.000000, 1.000000, -0.030776, -0.322585, 0.946040, 0.305831, -0.999511, 0.015177, -0.027341, -0.018588, -0.005539, -0.946419, -0.322894, 0.203281, 0.000000, 0.000000, 0.000000, 1.000000, 0.999759, -0.005295, 0.021314, 0.050529, 0.021535, 0.046094, -0.998705, 0.063417, 0.004305, 0.998923, 0.046197, 0.038172, 0.000000, 0.000000, 0.000000, 1.000000
32.3334, 18.5217, -3.1981, 284.1070, 306.1070, -18.5217, 203.2715, 50.5010, 63.3649, 38.2826, 0.999474, -0.015250, 0.028615, 0.018522, 0.005112, 0.945577, 0.325359, -0.003198, -0.032019, -0.325042, 0.945157, 0.284107, 0.000000, 0.000000, 0.000000, 1.000000, -0.032019, -0.325042, 0.945157, 0.306107, -0.999474, 0.015250, -0.028615, -0.018522, -0.005112, -0.945577, -0.325359, 0.203272, 0.000000, 0.000000, 0.000000, 1.000000, 0.999728, -0.005803, 0.022576, 0.050501, 0.022821, 0.046237, -0.998670, 0.063365, 0.004751, 0.998914, 0.046357, 0.038283, 0.000000, 0.000000, 0.000000, 1.000000
32.4554, 18.4552, -3.1855, 284.6189, 306.6189, -18.4552, 203.2589, 50.4649, 63.0538, 38.3027, 0.999495, -0.014984, 0.028027, 0.018455, 0.005012, 0.945161, 0.326567, -0.003185, -0.031383, -0.326262, 0.944758, 0.284619, 0.000000, 0.000000, 0.000000, 1.000000, -0.031383, -0.326262, 0.944758, 0.306619, -0.999495, 0.014984, -0.028027, -0.018455, -0.005012, -0.945161, -0.326567, 0.203259, 0.000000, 0.000000, 0.000000, 1.000000, 0.999741, -0.005914, 0.021969, 0.050465, 0.022215, 0.045432, -0.998720, 0.063054, 0.004908, 0.998950, 0.045552, 0.038303, 0.000000, 0.000000, 0.000000, 1.000000
32.5802, 18.3955, -3.1741, 284.8877, 306.8877, -18.3955, 203.2475, 50.4390, 62.9801, 38.3927, 0.999556, -0.013951, 0.026326, 0.018396, 0.004442, 0.943508, 0.331320, -0.003174, -0.029461, -0.331056, 0.943151, 0.284888, 0.000000, 0.000000, 0.000000, 1.000000, -0.029461, -0.331056, 0.943151, 0.306888, -0.999556, 0.013951, -0.026326, -0.018396, -0.004442, -0.943508, -0.331320, 0.203248, 0.000000, 0.000000, 0.000000, 1.000000, 0.999781, -0.005243, 0.020271, 0.050439, 0.020501, 0.048352, -0.998620, 0.062980, 0.004256, 0.998817, 0.048449, 0.038393, 0.000000, 0.000000, 0.000000, 1.000000
32.7111, 18.3421, -3.1420, 285.4601, 307.4601, -18.3421, 203.2155, 50.4176, 62.6195, 38.4221, 0.999541, -0.013749, 0.027011, 0.018342, 0.004051, 0.943803, 0.330483, -0.003142, -0.030036, -0.330222, 0.943425, 0.285460, 0.000000, 0.000000, 0.000000, 1.000000, -0.030036, -0.330222, 0.943425, 0.307460, -0.999541, 0.013749, -0.027011, -0.018342, -0.004051, -0.943803, -0.330483, 0.203215, 0.000000, 0.000000, 0.000000, 1.000000, 0.999766, -0.005460, 0.020922, 0.050418, 0.021148, 0.045222, -0.998753, 0.062620, 0.004507, 0.998962, 0.045327, 0.038422, 0.000000, 0.000000, 0.000000, 1.000000
32.8460, 18.2918, -3.1273, 285.7584, 307.7584, -18.2918, 203.2007, 50.4033, 62.5322, 38.5170, 0.999536, -0.013737, 0.027176, 0.018292, 0.003927, 0.943164, 0.332304, -0.003127, -0.030196, -0.332043, 0.942781, 0.285758, 0.000000, 0.000000, 0.000000, 1.000000, -0.030196, -0.332043, 0.942781, 0.307758, -0.999536, 0.013737, -0.027176, -0.018292, -0.003927, -0.943164, -0.332304, 0.203201, 0.000000, 0.000000, 0.000000, 1.000000, 0.999761, -0.005862, 0.021068, 0.050403, 0.021310, 0.044837, -0.998767, 0.062532, 0.004910, 0.998977, 0.044951, 0.038517, 0.000000, 0.000000, 0.000000, 1.000000
32.9832, 18.2412, -3.1002, 286.2434, 308.2434, -18.2412, 203.1736, 50.3883, 62.2654, 38.5710, 0.999599, -0.012895, 0.025220, 0.018241, 0.003713, 0.942341, 0.334634, -0.003100, -0.028081, -0.334406, 0.942011, 0.286243, 0.000000, 0.000000, 0.000000, 1.000000, -0.028081, -0.334406, 0.942011, 0.308243, -0.999599, 0.012895, -0.025220, -0.018241, -0.003713, -0.942341, -0.334634, 0.203174, 0.000000, 0.000000, 0.000000, 1.000000, 0.999803, -0.005437, 0.019088, 0.050388, 0.019314, 0.044981, -0.998801, 0.062265, 0.004572, 0.998973, 0.045077, 0.038571, 0.000000, 0.000000, 0.000000, 1.000000
33.1124, 18.1865, -3.0788, 286.7138, 308.7138, -18.1865, 203.1523, 50.3662, 62.0036, 38.6112, 0.999567, -0.012864, 0.026461, 0.018186, 0.003203, 0.941582, 0.336769, -0.003079, -0.029247, -0.336538, 0.941216, 0.286714, 0.000000, 0.000000, 0.000000, 1.000000, -0.029247, -0.336538, 0.941216, 0.308714, -0.999567, 0.012864, -0.026461, -0.018186, -0.003203, -0.941582, -0.336769, 0.203152, 0.000000, 0.000000, 0.000000, 1.000000, 0.999777, -0.005799, 0.020319, 0.050366, 0.020559, 0.045022, -0.998774, 0.062004, 0.004877, 0.998969, 0.045131, 0.038611, 0.000000, 0.000000, 0.000000, 1.000000
33.2396, 18.1331, -3.0750, 287.1903, 309.1903, -18.1331, 203.1485, 50.3450, 61.7378, 38.6300, 0.999584, -0.012215, 0.026139, 0.018133, 0.002625, 0.940697, 0.339237, -0.003075, -0.028733, -0.339027, 0.940338, 0.287190, 0.000000, 0.000000, 0.000000, 1.000000, -0.028733, -0.339027, 0.940338, 0.309190, -0.999584, 0.012215, -0.026139, -0.018133, -0.002625, -0.940697, -0.339237, 0.203148, 0.000000, 0.000000, 0.000000, 1.000000, 0.999785, -0.005535, 0.019982, 0.050345, 0.020213, 0.045476, -0.998761, 0.061738, 0.004620, 0.998950, 0.045578, 0.038630, 0.000000, 0.000000, 0.000000, 1.000000
33.3938, 18.0699, -3.0529, 287.4793, 309.4793, -18.0699, 203.1263, 50.3233, 61.6862, 38.7537, 0.999572, -0.012008, 0.026679, 0.018070, 0.002160, 0.939692, 0.342014, -0.003053, -0.029177, -0.341810, 0.939316, 0.287479, 0.000000, 0.000000, 0.000000, 1.000000, -0.029177, -0.341810, 0.939316, 0.309479, -0.999572, 0.012008, -0.026679, -0.018070, -0.002160, -0.939692, -0.342014, 0.203126, 0.000000, 0.000000, 0.000000, 1.000000, 0.999773, -0.005796, 0.020502, 0.050323, 0.020746, 0.045786, -0.998736, 0.061686, 0.004850, 0.998934, 0.045896, 0.038754, 0.000000, 0.000000, 0.000000, 1.000000
33.5118, 17.9880, -3.0194, 288.0042, 310.0042, -17.9880, 203.0928, 50.2708, 61.3521, 38.7723, 0.999611, -0.011382, 0.025452, 0.017988, 0.001941, 0.939066, 0.343732, -0.003019, -0.027814, -0.343549, 0.938723, 0.288004, 0.000000, 0.000000, 0.000000, 1.000000, -0.027814, -0.343549, 0.938723, 0.310004, -0.999611, 0.011382, -0.025452, -0.017988, -0.001941, -0.939066, -0.343732, 0.203093, 0.000000, 0.000000, 0.000000, 1.000000, 0.999799, -0.005532, 0.019255, 0.050271, 0.019488, 0.045606, -0.998769, 0.061352, 0.004647, 0.998944, 0.045704, 0.038772, 0.000000, 0.000000, 0.000000, 1.000000
33.6729, 17.9074, -2.9898, 288.2873, 310.2873, -17.9074, 203.0633, 50.2342, 61.3137, 38.9106, 0.999620, -0.010801, 0.025366, 0.017907, 0.001352, 0.938155, 0.346213, -0.002990, -0.027537, -0.346048, 0.937813, 0.288287, 0.000000, 0.000000, 0.000000, 1.000000, -0.027537, -0.346048, 0.937813, 0.310287, -0.999620, 0.010801, -0.025366, -0.017907, -0.001352, -0.938155, -0.346213, 0.203063, 0.000000, 0.000000, 0.000000, 1.000000, 0.999802, -0.005442, 0.019134, 0.050234, 0.019362, 0.045497, -0.998777, 0.061314, 0.004565, 0.998950, 0.045594, 0.038911, 0.000000, 0.000000, 0.000000, 1.000000
33.7900, 17.8414, -2.9555, 288.7487, 310.7487, -17.8414, 203.0289, 50.1973, 61.0391, 38.9449, 0.999560, -0.011013, 0.027536, 0.017841, 0.000710, 0.937109, 0.349037, -0.002955, -0.029649, -0.348864, 0.936704, 0.288749, 0.000000, 0.000000, 0.000000, 1.000000, -0.029649, -0.348864, 0.936704, 0.310749, -0.999560, 0.011013, -0.027536, -0.017841, -0.000710, -0.937109, -0.349037, 0.203029, 0.000000, 0.000000, 0.000000, 1.000000, 0.999755, -0.006005, 0.021298, 0.050197, 0.021555, 0.046491, -0.998686, 0.061039, 0.005007, 0.998901, 0.046609, 0.038945, 0.000000, 0.000000, 0.000000, 1.000000
33.9115, 17.7857, -2.9219, 289.0789, 311.0789, -17.7857, 202.9953, 50.1736, 60.8959, 39.0226, 0.999564, -0.011129, 0.027347, 0.017786, 0.000774, 0.935801, 0.352529, -0.002922, -0.029515, -0.352354, 0.935401, 0.289079, 0.000000, 0.000000, 0.000000, 1.000000, -0.029515, -0.352354, 0.935401, 0.311079, -0.999564, 0.011129, -0.027347, -0.017786, -0.000774, -0.935801, -0.352529, 0.202995, 0.000000, 0.000000, 0.000000, 1.000000, 0.999756, -0.006480, 0.021095, 0.050174, 0.021383, 0.048132, -0.998612, 0.060896, 0.005456, 0.998820, 0.048259, 0.039023, 0.000000, 0.000000, 0.000000, 1.000000
34.0460, 17.7220, -2.8993, 289.6074, 311.6074, -17.7220, 202.9727, 50.1439, 60.5867, 39.0431, 0.999594, -0.010160, 0.026625, 0.017722, 0.000085, 0.935353, 0.353716, -0.002899, -0.028497, -0.353570, 0.934974, 0.289607, 0.000000, 0.000000, 0.000000, 1.000000, -0.028497, -0.353570, 0.934974, 0.311607, -0.999594, 0.010160, -0.026625, -0.017722, -0.000085, -0.935353, -0.353716, 0.202973, 0.000000, 0.000000, 0.000000, 1.000000, 0.999775, -0.005927, 0.020343, 0.050144, 0.020600, 0.047115, -0.998677, 0.060587, 0.004961, 0.998872, 0.047227, 0.039043, 0.000000, 0.000000, 0.000000, 1.000000
34.2149, 17.6501, -2.8697, 290.1552, 312.1552, -17.6501, 202.9431, 50.1158, 60.3087, 39.1035, 0.999553, -0.009914, 0.028217, 0.017650, -0.000742, 0.934948, 0.354783, -0.002870, -0.029899, -0.354645, 0.934523, 0.290155, 0.000000, 0.000000, 0.000000, 1.000000, -0.029899, -0.354645, 0.934523, 0.312155, -0.999553, 0.009914, -0.028217, -0.017650, 0.000742, -0.934948, -0.354783, 0.202943, 0.000000, 0.000000, 0.000000, 1.000000, 0.999741, -0.006207, 0.021896, 0.050116, 0.022155, 0.045364, -0.998725, 0.060309, 0.005206, 0.998951, 0.045490, 0.039103, 0.000000, 0.000000, 0.000000, 1.000000
34.3116, 17.5931, -2.8339, 290.4652, 312.4652, -17.5931, 202.9074, 50.0843, 60.1468, 39.1559, 0.999607, -0.009385, 0.026422, 0.017593, -0.000692, 0.933785, 0.357835, -0.002834, -0.028031, -0.357712, 0.933411, 0.290465, 0.000000, 0.000000, 0.000000, 1.000000, -0.028031, -0.357712, 0.933411, 0.312465, -0.999607, 0.009385, -0.026422, -0.017593, 0.000692, -0.933785, -0.357835, 0.202907, 0.000000, 0.000000, 0.000000, 1.000000, 0.999781, -0.005962, 0.020080, 0.050084, 0.020338, 0.046981, -0.998689, 0.060147, 0.005011, 0.998878, 0.047092, 0.039156, 0.000000, 0.000000, 0.000000, 1.000000
34.4479, 17.5401, -2.7960, 290.8444, 312.8444, -17.5401, 202.8695, 50.0670, 59.9777, 39.2348, 0.999570, -0.009460, 0.027754, 0.017540, -0.001184, 0.932742, 0.360541, -0.002796, -0.029298, -0.360419, 0.932330, 0.290844, 0.000000, 0.000000, 0.000000, 1.000000, -0.029298, -0.360419, 0.932330, 0.312844, -0.999570, 0.009460, -0.027754, -0.017540, 0.001184, -0.932742, -0.360541, 0.202869, 0.000000, 0.000000, 0.000000, 1.000000, 0.999751, -0.006448, 0.021385, 0.050067, 0.021668, 0.047543, -0.998634, 0.059978, 0.005423, 0.998848, 0.047671, 0.039235, 0.000000, 0.000000, 0.000000, 1.000000
34.5931, 17.4801, -2.7686, 291.3272, 313.3272, -17.4801, 202.8421, 50.0446, 59.7272, 39.2801, 0.999586, -0.008689, 0.027443, 0.017480, -0.001781, 0.932856, 0.360244, -0.002769, -0.028731, -0.360144, 0.932454, 0.291327, 0.000000, 0.000000, 0.000000, 1.000000, -0.028731, -0.360144, 0.932454, 0.313327, -0.999586, 0.008689, -0.027443, -0.017480, 0.001781, -0.932856, -0.360244, 0.202842, 0.000000, 0.000000, 0.000000, 1.000000, 0.999760, -0.006138, 0.021036, 0.050045, 0.021290, 0.044750, -0.998771, 0.059727, 0.005189, 0.998979, 0.044870, 0.039280, 0.000000, 0.000000, 0.000000, 1.000000
34.7102, 17.4281, -2.7507, 291.5699, 313.5699, -17.4281, 202.8241, 50.0234, 59.6659, 39.3583, 0.999602, -0.008587, 0.026866, 0.017428, -0.001783, 0.931378, 0.364049, -0.002751, -0.028148, -0.363952, 0.930992, 0.291570, 0.000000, 0.000000, 0.000000, 1.000000, -0.028148, -0.363952, 0.930992, 0.313570, -0.999602, 0.008587, -0.026866, -0.017428, 0.001783, -0.931378, -0.364049, 0.202824, 0.000000, 0.000000, 0.000000, 1.000000, 0.999771, -0.006379, 0.020445, 0.050023, 0.020722, 0.046823, -0.998688, 0.059666, 0.005414, 0.998883, 0.046944, 0.039358, 0.000000, 0.000000, 0.000000, 1.000000
34.8574, 17.3534, -2.6973, 292.1782, 314.1782, -17.3534, 202.7708, 49.9859, 59.2915, 39.3872, 0.999608, -0.008234, 0.026741, 0.017353, -0.002092, 0.931055, 0.364872, -0.002697, -0.027902, -0.364785, 0.930674, 0.292178, 0.000000, 0.000000, 0.000000, 1.000000, -0.027902, -0.364785, 0.930674, 0.314178, -0.999608, 0.008234, -0.026741, -0.017353, 0.002092, -0.931055, -0.364872, 0.202771, 0.000000, 0.000000, 0.000000, 1.000000, 0.999773, -0.006484, 0.020284, 0.049986, 0.020557, 0.045189, -0.998767, 0.059292, 0.005560, 0.998957, 0.045312, 0.039387, 0.000000, 0.000000, 0.000000, 1.000000
34.9770, 17.3051, -2.6874, 292.5415, 314.5415, -17.3051, 202.7609, 49.9688, 59.1221, 39.4195, 0.999596, -0.008369, 0.027168, 0.017305, -0.002220, 0.929779, 0.368112, -0.002687, -0.028341, -0.368023, 0.929385, 0.292542, 0.000000, 0.000000, 0.000000, 1.000000, -0.028341, -0.368023, 0.929385, 0.314542, -0.999596, 0.008369, -0.027168, -0.017305, 0.002220, -0.929779, -0.368112, 0.202761, 0.000000, 0.000000, 0.000000, 1.000000, 0.999762, -0.006975, 0.020685, 0.049969, 0.020988, 0.046617, -0.998692, 0.059122, 0.006001, 0.998888, 0.046753, 0.039419, 0.000000, 0.000000, 0.000000, 1.000000
35.1136, 17.2400, -2.6567, 293.0178, 315.0178, -17.2400, 202.7302, 49.9389, 58.8647, 39.4536, 0.999597, -0.007461, 0.027380, 0.017240, -0.003226, 0.928682, 0.370863, -0.002657, -0.028194, -0.370802, 0.928284, 0.293018, 0.000000, 0.000000, 0.000000, 1.000000, -0.028194, -0.370802, 0.928284, 0.315018, -0.999597, 0.007461, -0.027380, -0.017240, 0.003226, -0.928682, -0.370863, 0.202730, 0.000000, 0.000000, 0.000000, 1.000000, 0.999761, -0.006478, 0.020865, 0.049939, 0.021148, 0.047253, -0.998659, 0.058865, 0.005484, 0.998862, 0.047379, 0.039454, 0.000000, 0.000000, 0.000000, 1.000000
35.2496, 17.1693, -2.6109, 293.3597, 315.3597, -17.1693, 202.6843, 49.9046, 58.7281, 39.5437, 0.999629, -0.006983, 0.026309, 0.017169, -0.003346, 0.927682, 0.373356, -0.002611, -0.027014, -0.373305, 0.927315, 0.293360, 0.000000, 0.000000, 0.000000, 1.000000, -0.027014, -0.373305, 0.927315, 0.315360, -0.999629, 0.006983, -0.026309, -0.017169, 0.003346, -0.927682, -0.373356, 0.202684, 0.000000, 0.000000, 0.000000, 1.000000, 0.999784, -0.006411, 0.019753, 0.049905, 0.020036, 0.047611, -0.998665, 0.058728, 0.005462, 0.998845, 0.047729, 0.039544, 0.000000, 0.000000, 0.000000, 1.000000
35.3933, 17.1028, -2.5815, 293.7325, 315.7325, -17.1028, 202.6549, 49.8756, 58.5799, 39.6158, 0.999654, -0.006111, 0.025591, 0.017103, -0.003953, 0.926726, 0.375717, -0.002581, -0.026012, -0.375688, 0.926381, 0.293732, 0.000000, 0.000000, 0.000000, 1.000000, -0.026012, -0.375688, 0.926381, 0.315732, -0.999654, 0.006111, -0.025591, -0.017103, 0.003953, -0.926726, -0.375717, 0.202655, 0.000000, 0.000000, 0.000000, 1.000000, 0.999802, -0.005976, 0.019005, 0.049876, 0.019269, 0.047707, -0.998676, 0.058580, 0.005061, 0.998844, 0.047812, 0.039616, 0.000000, 0.000000, 0.000000, 1.000000
35.5212, 17.0386, -2.5323, 294.2427, 316.2427, -17.0386, 202.6058, 49.8440, 58.2719, 39.6411, 0.999605, -0.006105, 0.027442, 0.017039, -0.004685, 0.926314, 0.376722, -0.002532, -0.027720, -0.376702, 0.925920, 0.294243, 0.000000, 0.000000, 0.000000, 1.000000, -0.027720, -0.376702, 0.925920, 0.316243, -0.999605, 0.006105, -0.027442, -0.017039, 0.004685, -0.926314, -0.376722, 0.202606, 0.000000, 0.000000, 0.000000, 1.000000, 0.999763, -0.006366, 0.020823, 0.049844, 0.021097, 0.046607, -0.998691, 0.058272, 0.005387, 0.998893, 0.046730, 0.039641, 0.000000, 0.000000, 0.000000, 1.000000
35.6585, 16.9930, -2.4875, 294.5662, 316.5662, -16.9930, 202.5609, 49.8336, 58.1547, 39.7333, 0.999620, -0.006372, 0.026811, 0.016993, -0.004313, 0.924736, 0.380585, -0.002487, -0.027218, -0.380556, 0.924357, 0.294566, 0.000000, 0.000000, 0.000000, 1.000000, -0.027218, -0.380556, 0.924357, 0.316566, -0.999620, 0.006372, -0.026811, -0.016993, 0.004313, -0.924736, -0.380585, 0.202561, 0.000000, 0.000000, 0.000000, 1.000000, 0.999772, -0.007037, 0.020150, 0.049834, 0.020468, 0.048413, -0.998618, 0.058155, 0.006052, 0.998803, 0.048546, 0.039733, 0.000000, 0.000000, 0.000000, 1.000000
35.7772, 16.9348, -2.4486, 295.1258, 317.1258, -16.9348, 202.5221, 49.8057, 57.7899, 39.7184, 0.999647, -0.005544, 0.025978, 0.016935, -0.004772, 0.924574, 0.380973, -0.002449, -0.026131, -0.380963, 0.924221, 0.295126, 0.000000, 0.000000, 0.000000, 1.000000, -0.026131, -0.380963, 0.924221, 0.317126, -0.999647, 0.005544, -0.025978, -0.016935, 0.004772, -0.924574, -0.380973, 0.202522, 0.000000, 0.000000, 0.000000, 1.000000, 0.999793, -0.006581, 0.019278, 0.049806, 0.019565, 0.046811, -0.998712, 0.057790, 0.005670, 0.998882, 0.046930, 0.039718, 0.000000, 0.000000, 0.000000, 1.000000
35.9358, 16.8567, -2.3979, 295.6632, 317.6632, -16.8567, 202.4714, 49.7682, 57.5022, 39.7660, 0.999624, -0.004971, 0.026979, 0.016857, -0.005740, 0.923777, 0.382887, -0.002398, -0.026826, -0.382898, 0.923401, 0.295663, 0.000000, 0.000000, 0.000000, 1.000000, -0.026826, -0.382898, 0.923401, 0.317663, -0.999624, 0.004971, -0.026979, -0.016857, 0.005740, -0.923777, -0.382887, 0.202471, 0.000000, 0.000000, 0.000000, 1.000000, 0.999774, -0.006494, 0.020243, 0.049768, 0.020522, 0.046178, -0.998722, 0.057502, 0.005551, 0.998912, 0.046301, 0.039766, 0.000000, 0.000000, 0.000000, 1.000000
36.0655, 16.7971, -2.3636, 295.9230, 317.9230, -16.7971, 202.4371, 49.7438, 57.4376, 39.8579, 0.999645, -0.004677, 0.026225, 0.016797, -0.005842, 0.922008, 0.387127, -0.002364, -0.025990, -0.387143, 0.921653, 0.295923, 0.000000, 0.000000, 0.000000, 1.000000, -0.025990, -0.387143, 0.921653, 0.317923, -0.999645, 0.004677, -0.026225, -0.016797, 0.005842, -0.922008, -0.387127, 0.202437, 0.000000, 0.000000, 0.000000, 1.000000, 0.999789, -0.006578, 0.019439, 0.049744, 0.019735, 0.048547, -0.998626, 0.057438, 0.005625, 0.998799, 0.048667, 0.039858, 0.000000, 0.000000, 0.000000, 1.000000
36.1901, 16.7251, -2.3238, 296.1708, 318.1708, -16.7251, 202.3972, 49.7050, 57.3752, 39.9525, 0.999597, -0.004661, 0.028016, 0.016725, -0.006660, 0.920469, 0.390759, -0.002324, -0.027609, -0.390788, 0.920066, 0.296171, 0.000000, 0.000000, 0.000000, 1.000000, -0.027609, -0.390788, 0.920066, 0.318171, -0.999597, 0.004661, -0.028016, -0.016725, 0.006660, -0.920469, -0.390759, 0.202397, 0.000000, 0.000000, 0.000000, 1.000000, 0.999751, -0.006927, 0.021188, 0.049705, 0.021511, 0.050364, -0.998499, 0.057375, 0.005850, 0.998707, 0.050500, 0.039952, 0.000000, 0.000000, 0.000000, 1.000000
36.3215, 16.6557, -2.2845, 296.7326, 318.7326, -16.6557, 202.3579, 49.6690, 57.0284, 39.9450, 0.999610, -0.004244, 0.027615, 0.016656, -0.006884, 0.920506, 0.390669, -0.002284, -0.027078, -0.390706, 0.920117, 0.296733, 0.000000, 0.000000, 0.000000, 1.000000, -0.027078, -0.390706, 0.920117, 0.318733, -0.999610, 0.004244, -0.027615, -0.016656, 0.006884, -0.920506, -0.390669, 0.202358, 0.000000, 0.000000, 0.000000, 1.000000, 0.999761, -0.006925, 0.020752, 0.049669, 0.021061, 0.048019, -0.998624, 0.057028, 0.005919, 0.998822, 0.048153, 0.039945, 0.000000, 0.000000, 0.000000, 1.000000
36.4485, 16.5982, -2.2299, 297.0745, 319.0745, -16.5982, 202.3034, 49.6449, 56.8762, 40.0214, 0.999598, -0.004355, 0.028013, 0.016598, -0.007025, 0.919247, 0.393619, -0.002230, -0.027465, -0.393657, 0.918847, 0.297075, 0.000000, 0.000000, 0.000000, 1.000000, -0.027465, -0.393657, 0.918847, 0.319075, -0.999598, 0.004355, -0.028013, -0.016598, 0.007025, -0.919247, -0.393619, 0.202303, 0.000000, 0.000000, 0.000000, 1.000000, 0.999750, -0.007415, 0.021107, 0.049645, 0.021446, 0.049047, -0.998566, 0.056876, 0.006370, 0.998769, 0.049194, 0.040021, 0.000000, 0.000000, 0.000000, 1.000000
36.5858, 16.5364, -2.1843, 297.5235, 319.5235, -16.5364, 202.2577, 49.6188, 56.6421, 40.0625, 0.999617, -0.003646, 0.027445, 0.016536, -0.007498, 0.918610, 0.395094, -0.002184, -0.026652, -0.395148, 0.918231, 0.297523, 0.000000, 0.000000, 0.000000, 1.000000, -0.026652, -0.395148, 0.918231, 0.319523, -0.999617, 0.003646, -0.027445, -0.016536, 0.007498, -0.918610, -0.395094, 0.202258, 0.000000, 0.000000, 0.000000, 1.000000, 0.999765, -0.007127, 0.020497, 0.049619, 0.020818, 0.048307, -0.998616, 0.056642, 0.006127, 0.998807, 0.048444, 0.040062, 0.000000, 0.000000, 0.000000, 1.000000
36.7302, 16.4864, -2.1381, 297.9747, 319.9747, -16.4864, 202.2115, 49.6061, 56.4165, 40.1096, 0.999614, -0.003515, 0.027549, 0.016486, -0.007682, 0.918256, 0.395914, -0.002138, -0.026688, -0.395973, 0.917874, 0.297975, 0.000000, 0.000000, 0.000000, 1.000000, -0.026688, -0.395973, 0.917874, 0.319975, -0.999614, 0.003515, -0.027549, -0.016486, 0.007682, -0.918256, -0.395914, 0.202212, 0.000000, 0.000000, 0.000000, 1.000000, 0.999761, -0.007446, 0.020567, 0.049606, 0.020893, 0.046728, -0.998689, 0.056416, 0.006475, 0.998880, 0.046872, 0.040110, 0.000000, 0.000000, 0.000000, 1.000000
36.8739, 16.4287, -2.0842, 298.3174, 320.3174, -16.4287, 202.1576, 49.5868, 56.2881, 40.2001, 0.999639, -0.002732, 0.026729, 0.016429, -0.008164, 0.916895, 0.399045, -0.002084, -0.025598, -0.399119, 0.916542, 0.298317, 0.000000, 0.000000, 0.000000, 1.000000, -0.025598, -0.399119, 0.916542, 0.320317, -0.999639, 0.002732, -0.026729, -0.016429, 0.008164, -0.916895, -0.399045, 0.202158, 0.000000, 0.000000, 0.000000, 1.000000, 0.999781, -0.007092, 0.019688, 0.049587, 0.020004, 0.047684, -0.998662, 0.056288, 0.006144, 0.998837, 0.047815, 0.040200, 0.000000, 0.000000, 0.000000, 1.000000
36.9960, 16.3597, -2.0318, 298.7830, 320.7830, -16.3597, 202.1053, 49.5492, 56.0142, 40.2198, 0.999664, -0.002137, 0.025829, 0.016360, -0.008381, 0.916391, 0.400197, -0.002032, -0.024524, -0.400279, 0.916065, 0.298783, 0.000000, 0.000000, 0.000000, 1.000000, -0.024524, -0.400279, 0.916065, 0.320783, -0.999664, 0.002137, -0.025829, -0.016360, 0.008381, -0.916391, -0.400197, 0.202105, 0.000000, 0.000000, 0.000000, 1.000000, 0.999801, -0.006874, 0.018749, 0.049549, 0.019051, 0.046848, -0.998720, 0.056014, 0.005986, 0.998878, 0.046970, 0.040220, 0.000000, 0.000000, 0.000000, 1.000000
37.1307, 16.2861, -1.9770, 299.1929, 321.1929, -16.2861, 202.0505, 49.5103, 55.8105, 40.2742, 0.999677, -0.001303, 0.025398, 0.016286, -0.009013, 0.915716, 0.401724, -0.001977, -0.023781, -0.401823, 0.915409, 0.299193, 0.000000, 0.000000, 0.000000, 1.000000, -0.023781, -0.401823, 0.915409, 0.321193, -0.999677, 0.001303, -0.025398, -0.016286, 0.009013, -0.915716, -0.401724, 0.202050, 0.000000, 0.000000, 0.000000, 1.000000, 0.999812, -0.006453, 0.018283, 0.049510, 0.018562, 0.046216, -0.998759, 0.055811, 0.005600, 0.998911, 0.046327, 0.040274, 0.000000, 0.000000, 0.000000, 1.000000
37.2505, 16.2337, -1.9190, 299.5429, 321.5429, -16.2337, 201.9924, 49.4897, 55.6387, 40.3353, 0.999661, -0.001587, 0.025998, 0.016234, -0.009107, 0.913848, 0.405955, -0.001919, -0.024402, -0.406054, 0.913523, 0.299543, 0.000000, 0.000000, 0.000000, 1.000000, -0.024402, -0.406054, 0.913523, 0.321543, -0.999661, 0.001587, -0.025998, -0.016234, 0.009107, -0.913848, -0.405955, 0.201992, 0.000000, 0.000000, 0.000000, 1.000000, 0.999798, -0.007081, 0.018819, 0.049490, 0.019142, 0.048785, -0.998626, 0.055639, 0.006153, 0.998784, 0.048911, 0.040335, 0.000000, 0.000000, 0.000000, 1.000000
37.3757, 16.1596, -1.8706, 299.9483, 321.9483, -16.1596, 201.9441, 49.4478, 55.4278, 40.3721, 0.999602, -0.002077, 0.028131, 0.016160, -0.009594, 0.912794, 0.408307, -0.001871, -0.026526, -0.408415, 0.912411, 0.299948, 0.000000, 0.000000, 0.000000, 1.000000, -0.026526, -0.408415, 0.912411, 0.321948, -0.999602, 0.002077, -0.028131, -0.016160, 0.009594, -0.912794, -0.408307, 0.201944, 0.000000, 0.000000, 0.000000, 1.000000, 0.999750, -0.007948, 0.020912, 0.049448, 0.021279, 0.049224, -0.998561, 0.055428, 0.006908, 0.998756, 0.049381, 0.040372, 0.000000, 0.000000, 0.000000, 1.000000
37.5286, 16.0937, -1.8232, 300.4725, 322.4725, -16.0937, 201.8967, 49.4222, 55.1466, 40.3939, 0.999631, -0.000947, 0.027129, 0.016094, -0.010284, 0.911677, 0.410780, -0.001823, -0.025122, -0.410908, 0.911331, 0.300472, 0.000000, 0.000000, 0.000000, 1.000000, -0.025122, -0.410908, 0.911331, 0.322472, -0.999631, 0.000947, -0.027129, -0.016094, 0.010284, -0.911677, -0.410780, 0.201897, 0.000000, 0.000000, 0.000000, 1.000000, 0.999777, -0.007281, 0.019844, 0.049422, 0.020180, 0.049323, -0.998579, 0.055147, 0.006291, 0.998756, 0.049459, 0.040394, 0.000000, 0.000000, 0.000000, 1.000000
37.6475, 16.0393, -1.7682, 300.8898, 322.8898, -16.0393, 201.8417, 49.3986, 54.9127, 40.4227, 0.999633, -0.000548, 0.027070, 0.016039, -0.010688, 0.910611, 0.413126, -0.001768, -0.024876, -0.413264, 0.910271, 0.300890, 0.000000, 0.000000, 0.000000, 1.000000, -0.024876, -0.413264, 0.910271, 0.322890, -0.999633, 0.000548, -0.027070, -0.016039, 0.010688, -0.910611, -0.413126, 0.201842, 0.000000, 0.000000, 0.000000, 1.000000, 0.999779, -0.007237, 0.019736, 0.049399, 0.020073, 0.049866, -0.998554, 0.054913, 0.006242, 0.998730, 0.050000, 0.040423, 0.000000, 0.000000, 0.000000, 1.000000
37.8013, 15.9463, -1.7129, 301.3419, 323.3419, -15.9463, 201.7864, 49.3460, 54.6980, 40.4755, 0.999613, -0.000112, 0.027803, 0.015946, -0.011442, 0.909725, 0.415053, -0.001713, -0.025339, -0.415211, 0.909372, 0.301342, 0.000000, 0.000000, 0.000000, 1.000000, -0.025339, -0.415211, 0.909372, 0.323342, -0.999613, 0.000112, -0.027803, -0.015946, 0.011442, -0.909725, -0.415053, 0.201786, 0.000000, 0.000000, 0.000000, 1.000000, 0.999765, -0.007271, 0.020413, 0.049346, 0.020747, 0.049362, -0.998565, 0.054698, 0.006253, 0.998754, 0.049502, 0.040475, 0.000000, 0.000000, 0.000000, 1.000000
37.9132, 15.9103, -1.6470, 301.7792, 323.7792, -15.9103, 201.7204, 49.3383, 54.4318, 40.4965, 0.999631, -0.000003, 0.027179, 0.015910, -0.011335, 0.908847, 0.416976, -0.001647, -0.024703, -0.417130, 0.908511, 0.301779, 0.000000, 0.000000, 0.000000, 1.000000, -0.024703, -0.417130, 0.908511, 0.323779, -0.999631, 0.000003, -0.027179, -0.015910, 0.011335, -0.908847, -0.416976, 0.201720, 0.000000, 0.000000, 0.000000, 1.000000, 0.999777, -0.007499, 0.019751, 0.049338, 0.020099, 0.049552, -0.998569, 0.054432, 0.006509, 0.998743, 0.049692, 0.040496, 0.000000, 0.000000, 0.000000, 1.000000
38.0487, 15.8445, -1.5930, 302.1900, 324.1900, -15.8445, 201.6665, 49.3085, 54.2289, 40.5405, 0.999645, 0.000737, 0.026618, 0.015845, -0.011832, 0.907800, 0.419237, -0.001593, -0.023855, -0.419403, 0.907487, 0.302190, 0.000000, 0.000000, 0.000000, 1.000000, -0.023855, -0.419403, 0.907487, 0.324190, -0.999645, -0.000737, -0.026618, -0.015845, 0.011832, -0.907800, -0.419237, 0.201666, 0.000000, 0.000000, 0.000000, 1.000000, 0.999791, -0.007168, 0.019126, 0.049308, 0.019460, 0.049723, -0.998573, 0.054229, 0.006207, 0.998737, 0.049852, 0.040540, 0.000000, 0.000000, 0.000000, 1.000000
38.2025, 15.7941, -1.5407, 302.6761, 324.6761, -15.7941, 201.6141, 49.2984, 53.9840, 40.5732, 0.999640, 0.001030, 0.026800, 0.015794, -0.012178, 0.907736, 0.419365, -0.001541, -0.023896, -0.419541, 0.907422, 0.302676, 0.000000, 0.000000, 0.000000, 1.000000, -0.023896, -0.419541, 0.907422, 0.324676, -0.999640, -0.001030, -0.026800, -0.015794, 0.012178, -0.907736, -0.419365, 0.201614, 0.000000, 0.000000, 0.000000, 1.000000, 0.999787, -0.007359, 0.019267, 0.049298, 0.019593, 0.047236, -0.998692, 0.053984, 0.006439, 0.998857, 0.047370, 0.040573, 0.000000, 0.000000, 0.000000, 1.000000
38.3115, 15.7458, -1.4921, 303.0556, 325.0556, -15.7458, 201.5656, 49.2781, 53.7743, 40.5923, 0.999672, 0.001560, 0.025578, 0.015746, -0.012198, 0.906780, 0.421428, -0.001492, -0.022536, -0.421602, 0.906501, 0.303056, 0.000000, 0.000000, 0.000000, 1.000000, -0.022536, -0.421602, 0.906501, 0.325056, -0.999672, -0.001560, -0.025578, -0.015746, 0.012198, -0.906780, -0.421428, 0.201566, 0.000000, 0.000000, 0.000000, 1.000000, 0.999812, -0.007155, 0.018004, 0.049278, 0.018324, 0.047633, -0.998697, 0.053774, 0.006289, 0.998839, 0.047755, 0.040592, 0.000000, 0.000000, 0.000000, 1.000000
38.4590, 15.6818, -1.4199, 303.4485, 325.4485, -15.6818, 201.4934, 49.2528, 53.5993, 40.6684, 0.999633, 0.001801, 0.027041, 0.015682, -0.013096, 0.905666, 0.423789, -0.001420, -0.023727, -0.423987, 0.905357, 0.303449, 0.000000, 0.000000, 0.000000, 1.000000, -0.023727, -0.423987, 0.905357, 0.325449, -0.999633, -0.001801, -0.027041, -0.015682, 0.013096, -0.905666, -0.423789, 0.201493, 0.000000, 0.000000, 0.000000, 1.000000, 0.999785, -0.007360, 0.019405, 0.049253, 0.019734, 0.047733, -0.998665, 0.053599, 0.006424, 0.998833, 0.047868, 0.040668, 0.000000, 0.000000, 0.000000, 1.000000
38.6029, 15.6214, -1.3620, 303.7900, 325.7900, -15.6214, 201.4355, 49.2304, 53.4721, 40.7458, 0.999609, 0.001612, 0.027922, 0.015621, -0.013357, 0.904648, 0.425951, -0.001362, -0.024573, -0.426157, 0.904315, 0.303790, 0.000000, 0.000000, 0.000000, 1.000000, -0.024573, -0.426157, 0.904315, 0.325790, -0.999609, -0.001612, -0.027922, -0.015621, 0.013357, -0.904648, -0.425951, 0.201435, 0.000000, 0.000000, 0.000000, 1.000000, 0.999764, -0.007985, 0.020225, 0.049230, 0.020583, 0.047662, -0.998651, 0.053472, 0.007010, 0.998832, 0.047815, 0.040746, 0.000000, 0.000000, 0.000000, 1.000000
38.7319, 15.5376, -1.2907, 304.1823, 326.1823, -15.5376, 201.3641, 49.1803, 53.2712, 40.7985, 0.999663, 0.002586, 0.025843, 0.015538, -0.013421, 0.903311, 0.428777, -0.001291, -0.022235, -0.428979, 0.903041, 0.304182, 0.000000, 0.000000, 0.000000, 1.000000, -0.022235, -0.428979, 0.903041, 0.326182, -0.999663, -0.002586, -0.025843, -0.015538, 0.013421, -0.903311, -0.428777, 0.201364, 0.000000, 0.000000, 0.000000, 1.000000, 0.999809, -0.007393, 0.018081, 0.049180, 0.018419, 0.048562, -0.998650, 0.053271, 0.006505, 0.998793, 0.048689, 0.040799, 0.000000, 0.000000, 0.000000, 1.000000
38.8677, 15.4585, -1.2365, 304.5592, 326.5592, -15.4585, 201.3100, 49.1370, 53.1012, 40.8474, 0.999630, 0.002571, 0.027074, 0.015458, -0.013991, 0.902291, 0.430901, -0.001237, -0.023321, -0.431120, 0.901993, 0.304559, 0.000000, 0.000000, 0.000000, 1.000000, -0.023321, -0.431120, 0.901993, 0.326559, -0.999630, -0.002571, -0.027074, -0.015458, 0.013991, -0.902291, -0.430901, 0.201310, 0.000000, 0.000000, 0.000000, 1.000000, 0.999784, -0.007818, 0.019252, 0.049137, 0.019610, 0.048603, -0.998626, 0.053101, 0.006872, 0.998788, 0.048746, 0.040847, 0.000000, 0.000000, 0.000000, 1.000000
38.9802, 15.3880, -1.1646, 304.9678, 326.9678, -15.3880, 201.2380, 49.0960, 52.8608, 40.8743, 0.999629, 0.003017, 0.027055, 0.015388, -0.014469, 0.900714, 0.434171, -0.001165, -0.023059, -0.434401, 0.900424, 0.304968, 0.000000, 0.000000, 0.000000, 1.000000, -0.023059, -0.434401, 0.900424, 0.326968, -0.999629, -0.003017, -0.027055, -0.015388, 0.014469, -0.900714, -0.434171, 0.201238, 0.000000, 0.000000, 0.000000, 1.000000, 0.999787, -0.007698, 0.019156, 0.049096, 0.019520, 0.050307, -0.998543, 0.052861, 0.006723, 0.998704, 0.050447, 0.040874, 0.000000, 0.000000, 0.000000, 1.000000
39.1307, 15.3296, -1.1038, 305.2904, 327.2904, -15.3296, 201.1772, 49.0774, 52.7597, 40.9637, 0.999629, 0.003447, 0.027000, 0.015330, -0.014897, 0.899489, 0.436689, -0.001104, -0.022781, -0.436929, 0.899207, 0.305290, 0.000000, 0.000000, 0.000000, 1.000000, -0.022781, -0.436929, 0.899207, 0.327290, -0.999629, -0.003447, -0.027000, -0.015330, 0.014897, -0.899489, -0.436689, 0.201177, 0.000000, 0.000000, 0.000000, 1.000000, 0.999789, -0.007720, 0.019030, 0.049077, 0.019396, 0.050530, -0.998534, 0.052760, 0.006747, 0.998693, 0.050669, 0.040964, 0.000000, 0.000000, 0.000000, 1.000000
39.2601, 15.2706, -1.0327, 305.8046, 327.8046, -15.2706, 201.1062, 49.0520, 52.4476, 40.9637, 0.999585, 0.003171, 0.028647, 0.015271, -0.015397, 0.898960, 0.437759, -0.001033, -0.024364, -0.438018, 0.898636, 0.305805, 0.000000, 0.000000, 0.000000, 1.000000, -0.024364, -0.438018, 0.898636, 0.327805, -0.999585, -0.003171, -0.028647, -0.015271, 0.015397, -0.898960, -0.437759, 0.201106, 0.000000, 0.000000, 0.000000, 1.000000, 0.999752, -0.008395, 0.020628, 0.049052, 0.021019, 0.049523, -0.998552, 0.052448, 0.007361, 0.998738, 0.049687, 0.040964, 0.000000, 0.000000, 0.000000, 1.000000
39.4018, 15.2055, -0.9492, 306.3260, 328.3260, -15.2055, 201.0226, 49.0244, 52.1430, 40.9827, 0.999627, 0.004144, 0.026984, 0.015205, -0.015584, 0.898156, 0.439401, -0.000949, -0.022415, -0.439658, 0.897886, 0.306326, 0.000000, 0.000000, 0.000000, 1.000000, -0.022415, -0.439658, 0.897886, 0.328326, -0.999627, -0.004144, -0.026984, -0.015205, 0.015584, -0.898156, -0.439401, 0.201023, 0.000000, 0.000000, 0.000000, 1.000000, 0.999791, -0.007854, 0.018899, 0.049024, 0.019261, 0.048906, -0.998618, 0.052143, 0.006919, 0.998772, 0.049047, 0.040983, 0.000000, 0.000000, 0.000000, 1.000000
39.5128, 15.1429, -0.8910, 306.7897, 328.7897, -15.1429, 200.9645, 48.9898, 51.8569, 40.9678, 0.999649, 0.005033, 0.026016, 0.015143, -0.015988, 0.897498, 0.440728, -0.000891, -0.021131, -0.440989, 0.897264, 0.306790, 0.000000, 0.000000, 0.000000, 1.000000, -0.021131, -0.440989, 0.897264, 0.328790, -0.999649, -0.005033, -0.026016, -0.015143, 0.015988, -0.897498, -0.440728, 0.200964, 0.000000, 0.000000, 0.000000, 1.000000, 0.999813, -0.007304, 0.017899, 0.048990, 0.018232, 0.048480, -0.998658, 0.051857, 0.006427, 0.998797, 0.048604, 0.040968, 0.000000, 0.000000, 0.000000, 1.000000
39.6593, 15.0666, -0.8053, 307.1685, 329.1685, -15.0666, 200.8787, 48.9528, 51.6883, 41.0476, 0.999591, 0.004890, 0.028178, 0.015067, -0.016895, 0.895941, 0.443852, -0.000805, -0.023075, -0.444146, 0.895657, 0.307169, 0.000000, 0.000000, 0.000000, 1.000000, -0.023075, -0.444146, 0.895657, 0.329169, -0.999591, -0.004890, -0.028178, -0.015067, 0.016895, -0.895941, -0.443852, 0.200879, 0.000000, 0.000000, 0.000000, 1.000000, 0.999770, -0.007879, 0.019962, 0.048953, 0.020328, 0.049485, -0.998568, 0.051688, 0.006880, 0.998744, 0.049634, 0.041048, 0.000000, 0.000000, 0.000000, 1.000000
39.7925, 15.0168, -0.7516, 307.4341, 329.4341, -15.0168, 200.8251, 48.9374, 51.6182, 41.1284, 0.999600, 0.005208, 0.027808, 0.015017, -0.017083, 0.894600, 0.446542, -0.000752, -0.022551, -0.446838, 0.894330, 0.307434, 0.000000, 0.000000, 0.000000, 1.000000, -0.022551, -0.446838, 0.894330, 0.329434, -0.999600, -0.005208, -0.027808, -0.015017, 0.017083, -0.894600, -0.446542, 0.200825, 0.000000, 0.000000, 0.000000, 1.000000, 0.999778, -0.007958, 0.019532, 0.048937, 0.019908, 0.050204, -0.998541, 0.051618, 0.006966, 0.998707, 0.050351, 0.041128, 0.000000, 0.000000, 0.000000, 1.000000
39.9026, 14.9516, -0.6851, 307.8631, 329.8631, -14.9516, 200.7585, 48.9012, 51.3587, 41.1302, 0.999603, 0.005728, 0.027570, 0.014952, -0.017490, 0.893627, 0.448470, -0.000685, -0.022069, -0.448774, 0.893373, 0.307863, 0.000000, 0.000000, 0.000000, 1.000000, -0.022069, -0.448774, 0.893373, 0.329863, -0.999603, -0.005728, -0.027570, -0.014952, 0.017490, -0.893627, -0.448470, 0.200759, 0.000000, 0.000000, 0.000000, 1.000000, 0.999785, -0.007767, 0.019228, 0.048901, 0.019596, 0.050477, -0.998533, 0.051359, 0.006785, 0.998695, 0.050618, 0.041130, 0.000000, 0.000000, 0.000000, 1.000000
39.9450, 14.8931, -0.6066, 308.3090, 330.3090, -14.8931, 200.6800, 48.8522, 50.9815, 41.0651, 0.999624, 0.005678, 0.026814, 0.014893, -0.017133, 0.893065, 0.449602, -0.000607, -0.021394, -0.449893, 0.892826, 0.308309, 0.000000, 0.000000, 0.000000, 1.000000, -0.021394, -0.449893, 0.892826, 0.330309, -0.999624, -0.005678, -0.026814, -0.014893, 0.017133, -0.893065, -0.449602, 0.200680, 0.000000, 0.000000, 0.000000, 1.000000, 0.999798, -0.007939, 0.018451, 0.048852, 0.018832, 0.051000, -0.998521, 0.050982, 0.006987, 0.998667, 0.051139, 0.041065, 0.000000, 0.000000, 0.000000, 1.000000
39.9713, 14.8594, -0.5637, 308.5251, 330.5251, -14.8594, 200.6371, 48.8251, 50.8048, 41.0437, 0.999593, 0.005948, 0.027888, 0.014859, -0.017906, 0.892053, 0.451575, -0.000564, -0.022192, -0.451891, 0.891797, 0.308525, 0.000000, 0.000000, 0.000000, 1.000000, -0.022192, -0.451891, 0.891797, 0.330525, -0.999593, -0.005948, -0.027888, -0.014859, 0.017906, -0.892053, -0.451575, 0.200637, 0.000000, 0.000000, 0.000000, 1.000000, 0.999780, -0.007734, 0.019480, 0.048825, 0.019861, 0.052783, -0.998408, 0.050805, 0.006694, 0.998576, 0.052925, 0.041044, 0.000000, 0.000000, 0.000000, 1.000000
39.9894, 14.8398, -0.5317, 308.8154, 330.8154, -14.8398, 200.6052, 48.8096, 50.5527, 40.9737, 0.999596, 0.006359, 0.027703, 0.014840, -0.018186, 0.892136, 0.451401, -0.000532, -0.021845, -0.451722, 0.891891, 0.308815, 0.000000, 0.000000, 0.000000, 1.000000, -0.021845, -0.451722, 0.891891, 0.330815, -0.999596, -0.006359, -0.027703, -0.014840, 0.018186, -0.892136, -0.451401, 0.200605, 0.000000, 0.000000, 0.000000, 1.000000, 0.999787, -0.007381, 0.019293, 0.048810, 0.019653, 0.052283, -0.998439, 0.050553, 0.006361, 0.998605, 0.052417, 0.040974, 0.000000, 0.000000, 0.000000, 1.000000
39.9964, 14.8304, -0.5213, 308.9213, 330.9213, -14.8304, 200.5948, 48.8018, 50.4620, 40.9474, 0.999604, 0.006544, 0.027372, 0.014830, -0.018205, 0.892062, 0.451545, -0.000521, -0.021462, -0.451865, 0.891828, 0.308921, 0.000000, 0.000000, 0.000000, 1.000000, -0.021462, -0.451865, 0.891828, 0.330921, -0.999604, -0.006544, -0.027372, -0.014830, 0.018205, -0.892062, -0.451545, 0.200595, 0.000000, 0.000000, 0.000000, 1.000000, 0.999794, -0.007217, 0.018957, 0.048802, 0.019309, 0.052322, -0.998444, 0.050462, 0.006214, 0.998604, 0.052450, 0.040947, 0.000000, 0.000000, 0.000000, 1.000000
40.0010, 14.8247, -0.5149, 308.9461, 330.9461, -14.8247, 200.5883, 48.7972, 50.4434, 40.9479, 0.999604, 0.006695, 0.027339, 0.014825, -0.018332, 0.891914, 0.451834, -0.000515, -0.021359, -0.452156, 0.891683, 0.308946, 0.000000, 0.000000, 0.000000, 1.000000, -0.021359, -0.452156, 0.891683, 0.330946, -0.999604, -0.006695, -0.027339, -0.014825, 0.018332, -0.891914, -0.451834, 0.200588, 0.000000, 0.000000, 0.000000, 1.000000, 0.999796, -0.007078, 0.018918, 0.048797, 0.019265, 0.052568, -0.998432, 0.050443, 0.006072, 0.998592, 0.052694, 0.040948, 0.000000, 0.000000, 0.000000, 1.000000
40.0030, 14.8265, -0.5094, 308.9671, 330.9671, -14.8265, 200.5829, 48.7995, 50.4249, 40.9465, 0.999607, 0.006676, 0.027231, 0.014827, -0.018265, 0.891910, 0.451843, -0.000509, -0.021271, -0.452163, 0.891682, 0.308967, 0.000000, 0.000000, 0.000000, 1.000000, -0.021271, -0.452163, 0.891682, 0.330967, -0.999607, -0.006676, -0.027231, -0.014827, 0.018265, -0.891910, -0.451843, 0.200583, 0.000000, 0.000000, 0.000000, 1.000000, 0.999798, -0.007103, 0.018810, 0.048799, 0.019157, 0.052542, -0.998435, 0.050425, 0.006104, 0.998593, 0.052667, 0.040946, 0.000000, 0.000000, 0.000000, 1.000000
40.0047, 14.8217, -0.5127, 308.9826, 330.9826, -14.8217, 200.5862, 48.7951, 50.4146, 40.9389, 0.999599, 0.006702, 0.027499, 0.014822, -0.018413, 0.891854, 0.451949, -0.000513, -0.021496, -0.452274, 0.891620, 0.308983, 0.000000, 0.000000, 0.000000, 1.000000, -0.021496, -0.452274, 0.891620, 0.330983, -0.999599, -0.006702, -0.027499, -0.014822, 0.018413, -0.891854, -0.451949, 0.200586, 0.000000, 0.000000, 0.000000, 1.000000, 0.999793, -0.007081, 0.019076, 0.048795, 0.019423, 0.052636, -0.998425, 0.050415, 0.006066, 0.998589, 0.052762, 0.040939, 0.000000, 0.000000, 0.000000, 1.000000
40.0056, 14.8206, -0.5130, 308.9730, 330.9730, -14.8206, 200.5864, 48.7943, 50.4248, 40.9434, 0.999593, 0.006672, 0.027748, 0.014821, -0.018500, 0.891808, 0.452035, -0.000513, -0.021730, -0.452365, 0.891568, 0.308973, 0.000000, 0.000000, 0.000000, 1.000000, -0.021730, -0.452365, 0.891568, 0.330973, -0.999593, -0.006672, -0.027748, -0.014821, 0.018500, -0.891808, -0.452035, 0.200586, 0.000000, 0.000000, 0.000000, 1.000000, 0.999788, -0.007114, 0.019323, 0.048794, 0.019672, 0.052722, -0.998415, 0.050425, 0.006084, 0.998584, 0.052851, 0.040943, 0.000000, 0.000000, 0.000000, 1.000000
40.0061, 14.8204, -0.5195, 308.9522, 330.9522, -14.8204, 200.5930, 48.7944, 50.4471, 40.9463, 0.999598, 0.006551, 0.027586, 0.014820, -0.018327, 0.891665, 0.452325, -0.000520, -0.021634, -0.452649, 0.891426, 0.308952, 0.000000, 0.000000, 0.000000, 1.000000, -0.021634, -0.452649, 0.891426, 0.330952, -0.999598, -0.006551, -0.027586, -0.014820, 0.018327, -0.891665, -0.452325, 0.200593, 0.000000, 0.000000, 0.000000, 1.000000, 0.999790, -0.007233, 0.019157, 0.048794, 0.019514, 0.053033, -0.998402, 0.050447, 0.006205, 0.998567, 0.053163, 0.040946, 0.000000, 0.000000, 0.000000, 1.000000
